human_selector_action;human_selector_location;robot_action;robot_location;robot_executing_cp;world_nr;tick_nr
;(3, 4);;(4, 4);False;1;0
;(3, 4);;(4, 4);False;1;1
;(3, 4);MoveEast;(4, 4);False;1;2
;(3, 4);MoveEast;(4, 4);False;1;3
;(3, 4);MoveEast;(4, 4);False;1;4
;(3, 4);MoveEast;(4, 4);False;1;5
;(3, 4);MoveEast;(4, 4);False;1;6
;(3, 4);MoveEast;(4, 4);False;1;7
MoveEast;(4, 4);MoveEast;(4, 4);False;1;8
;(4, 4);MoveEast;(4, 4);False;1;9
;(4, 4);MoveEast;(4, 4);False;1;10
;(4, 4);MoveEast;(4, 4);False;1;11
;(4, 4);MoveEast;(5, 4);False;1;12
;(4, 4);MoveEast;(5, 4);False;1;13
;(4, 4);MoveEast;(5, 4);False;1;14
;(4, 4);MoveEast;(5, 4);False;1;15
;(4, 4);MoveEast;(5, 4);False;1;16
;(4, 4);MoveEast;(5, 4);False;1;17
;(4, 4);MoveEast;(5, 4);False;1;18
;(4, 4);MoveEast;(5, 4);False;1;19
;(4, 4);MoveEast;(5, 4);False;1;20
;(4, 4);MoveEast;(5, 4);False;1;21
MoveEast;(5, 4);MoveEast;(5, 4);False;1;22
;(5, 4);MoveEast;(6, 4);False;1;23
;(5, 4);MoveNorthEast;(6, 4);False;1;24
;(5, 4);MoveNorthEast;(6, 4);False;1;25
;(5, 4);MoveNorthEast;(6, 4);False;1;26
;(5, 4);MoveNorthEast;(6, 4);False;1;27
;(5, 4);MoveNorthEast;(6, 4);False;1;28
;(5, 4);MoveNorthEast;(6, 4);False;1;29
;(5, 4);MoveNorthEast;(6, 4);False;1;30
;(5, 4);MoveNorthEast;(6, 4);False;1;31
;(5, 4);MoveNorthEast;(6, 4);False;1;32
;(5, 4);MoveNorthEast;(6, 4);False;1;33
;(5, 4);MoveNorthEast;(7, 3);False;1;34
;(5, 4);MoveEast;(7, 3);False;1;35
;(5, 4);MoveEast;(7, 3);False;1;36
;(5, 4);MoveEast;(7, 3);False;1;37
;(5, 4);MoveEast;(7, 3);False;1;38
;(5, 4);MoveEast;(7, 3);False;1;39
;(5, 4);MoveEast;(7, 3);False;1;40
;(5, 4);MoveEast;(7, 3);False;1;41
MoveEast;(6, 4);MoveEast;(7, 3);False;1;42
;(6, 4);MoveEast;(7, 3);False;1;43
;(6, 4);MoveEast;(7, 3);False;1;44
;(6, 4);MoveEast;(8, 3);False;1;45
;(6, 4);GrabObject;(8, 3);False;1;46
;(6, 4);GrabObject;(8, 3);False;1;47
;(6, 4);GrabObject;(8, 3);False;1;48
;(6, 4);GrabObject;(8, 3);False;1;49
;(6, 4);GrabObject;(8, 3);False;1;50
;(6, 4);GrabObject;(8, 3);False;1;51
;(6, 4);GrabObject;(8, 3);False;1;52
;(6, 4);GrabObject;(8, 3);False;1;53
;(6, 4);GrabObject;(8, 3);False;1;54
;(6, 4);GrabObject;(8, 3);False;1;55
;(6, 4);GrabObject;(8, 3);False;1;56
;(6, 4);;(8, 3);False;1;57
;(6, 4);MoveWest;(8, 3);False;1;58
;(6, 4);MoveWest;(8, 3);False;1;59
;(6, 4);MoveWest;(8, 3);False;1;60
;(6, 4);MoveWest;(8, 3);False;1;61
;(6, 4);MoveWest;(8, 3);False;1;62
;(6, 4);MoveWest;(8, 3);False;1;63
;(6, 4);MoveWest;(8, 3);False;1;64
;(6, 4);MoveWest;(8, 3);False;1;65
;(6, 4);MoveWest;(8, 3);False;1;66
;(6, 4);MoveWest;(8, 3);False;1;67
;(6, 4);MoveWest;(7, 3);False;1;68
MoveEast;(7, 4);MoveWest;(7, 3);False;1;69
;(7, 4);MoveWest;(7, 3);False;1;70
;(7, 4);MoveWest;(7, 3);False;1;71
;(7, 4);MoveWest;(7, 3);False;1;72
;(7, 4);MoveWest;(7, 3);False;1;73
;(7, 4);MoveWest;(7, 3);False;1;74
;(7, 4);MoveWest;(7, 3);False;1;75
;(7, 4);MoveWest;(7, 3);False;1;76
;(7, 4);MoveWest;(7, 3);False;1;77
;(7, 4);MoveWest;(7, 3);False;1;78
;(7, 4);MoveWest;(6, 3);False;1;79
;(7, 4);MoveWest;(6, 3);False;1;80
;(7, 4);MoveWest;(6, 3);False;1;81
;(7, 4);MoveWest;(6, 3);False;1;82
;(7, 4);MoveWest;(6, 3);False;1;83
;(7, 4);MoveWest;(6, 3);False;1;84
;(7, 4);MoveWest;(6, 3);False;1;85
;(7, 4);MoveWest;(6, 3);False;1;86
MoveEast;(8, 4);MoveWest;(6, 3);False;1;87
;(8, 4);MoveWest;(6, 3);False;1;88
;(8, 4);MoveWest;(6, 3);False;1;89
;(8, 4);MoveWest;(5, 3);False;1;90
;(8, 4);MoveWest;(5, 3);False;1;91
;(8, 4);MoveWest;(5, 3);False;1;92
;(8, 4);MoveWest;(5, 3);False;1;93
;(8, 4);MoveWest;(5, 3);False;1;94
;(8, 4);MoveWest;(5, 3);False;1;95
;(8, 4);MoveWest;(5, 3);False;1;96
;(8, 4);MoveWest;(5, 3);False;1;97
;(8, 4);MoveWest;(5, 3);False;1;98
;(8, 4);MoveWest;(5, 3);False;1;99
;(8, 4);MoveWest;(5, 3);False;1;100
;(8, 4);MoveWest;(4, 3);False;1;101
MoveEast;(9, 4);MoveNorthWest;(4, 3);False;1;102
;(9, 4);MoveNorthWest;(4, 3);False;1;103
;(9, 4);MoveNorthWest;(4, 3);False;1;104
;(9, 4);MoveNorthWest;(4, 3);False;1;105
;(9, 4);MoveNorthWest;(4, 3);False;1;106
;(9, 4);MoveNorthWest;(4, 3);False;1;107
;(9, 4);MoveNorthWest;(4, 3);False;1;108
;(9, 4);MoveNorthWest;(4, 3);False;1;109
;(9, 4);MoveNorthWest;(4, 3);False;1;110
;(9, 4);MoveNorthWest;(4, 3);False;1;111
;(9, 4);MoveNorthWest;(3, 2);False;1;112
;(9, 4);MoveWest;(3, 2);False;1;113
;(9, 4);MoveWest;(3, 2);False;1;114
;(9, 4);MoveWest;(3, 2);False;1;115
;(9, 4);MoveWest;(3, 2);False;1;116
;(9, 4);MoveWest;(3, 2);False;1;117
;(9, 4);MoveWest;(3, 2);False;1;118
;(9, 4);MoveWest;(3, 2);False;1;119
;(9, 4);MoveWest;(3, 2);False;1;120
;(9, 4);MoveWest;(3, 2);False;1;121
;(9, 4);MoveWest;(3, 2);False;1;122
;(9, 4);MoveWest;(2, 2);False;1;123
;(9, 4);MoveNorthWest;(2, 2);False;1;124
;(9, 4);MoveNorthWest;(2, 2);False;1;125
;(9, 4);MoveNorthWest;(2, 2);False;1;126
;(9, 4);MoveNorthWest;(2, 2);False;1;127
;(9, 4);MoveNorthWest;(2, 2);False;1;128
;(9, 4);MoveNorthWest;(2, 2);False;1;129
;(9, 4);MoveNorthWest;(2, 2);False;1;130
;(9, 4);MoveNorthWest;(2, 2);False;1;131
;(9, 4);MoveNorthWest;(2, 2);False;1;132
;(9, 4);MoveNorthWest;(2, 2);False;1;133
;(9, 4);MoveNorthWest;(1, 1);False;1;134
;(9, 4);MoveWest;(1, 1);False;1;135
;(9, 4);MoveWest;(1, 1);False;1;136
;(9, 4);MoveWest;(1, 1);False;1;137
MoveEast;(10, 4);MoveWest;(1, 1);False;1;138
;(10, 4);MoveWest;(1, 1);False;1;139
;(10, 4);MoveWest;(1, 1);False;1;140
;(10, 4);MoveWest;(1, 1);False;1;141
;(10, 4);MoveWest;(1, 1);False;1;142
;(10, 4);MoveWest;(1, 1);False;1;143
;(10, 4);MoveWest;(1, 1);False;1;144
MoveEast;(11, 4);MoveWest;(0, 1);False;1;145
;(11, 4);DropObject;(0, 1);False;1;146
;(11, 4);DropObject;(0, 1);False;1;147
;(11, 4);DropObject;(0, 1);False;1;148
;(11, 4);DropObject;(0, 1);False;1;149
;(11, 4);DropObject;(0, 1);False;1;150
MoveEast;(12, 4);DropObject;(0, 1);False;1;151
;(12, 4);DropObject;(0, 1);False;1;152
;(12, 4);DropObject;(0, 1);False;1;153
;(12, 4);DropObject;(0, 1);False;1;154
;(12, 4);DropObject;(0, 1);False;1;155
;(12, 4);DropObject;(0, 1);False;1;156
;(12, 4);;(0, 1);False;1;157
;(12, 4);MoveEast;(0, 1);False;1;158
MoveEast;(13, 4);MoveEast;(0, 1);False;1;159
;(13, 4);MoveEast;(0, 1);False;1;160
;(13, 4);MoveEast;(0, 1);False;1;161
;(13, 4);MoveEast;(0, 1);False;1;162
;(13, 4);MoveEast;(0, 1);False;1;163
;(13, 4);MoveEast;(0, 1);False;1;164
;(13, 4);MoveEast;(0, 1);False;1;165
;(13, 4);MoveEast;(0, 1);False;1;166
;(13, 4);MoveEast;(0, 1);False;1;167
;(13, 4);MoveEast;(1, 1);False;1;168
;(13, 4);MoveEast;(1, 1);False;1;169
;(13, 4);MoveEast;(1, 1);False;1;170
;(13, 4);MoveEast;(1, 1);False;1;171
;(13, 4);MoveEast;(1, 1);False;1;172
;(13, 4);MoveEast;(1, 1);False;1;173
;(13, 4);MoveEast;(1, 1);False;1;174
;(13, 4);MoveEast;(1, 1);False;1;175
;(13, 4);MoveEast;(1, 1);False;1;176
;(13, 4);MoveEast;(1, 1);False;1;177
;(13, 4);MoveEast;(1, 1);False;1;178
;(13, 4);MoveEast;(2, 1);False;1;179
;(13, 4);MoveEast;(2, 1);False;1;180
;(13, 4);MoveEast;(2, 1);False;1;181
;(13, 4);MoveEast;(2, 1);False;1;182
;(13, 4);MoveEast;(2, 1);False;1;183
;(13, 4);MoveEast;(2, 1);False;1;184
;(13, 4);MoveEast;(2, 1);False;1;185
;(13, 4);MoveEast;(2, 1);False;1;186
;(13, 4);MoveEast;(2, 1);False;1;187
;(13, 4);MoveEast;(2, 1);False;1;188
;(13, 4);MoveEast;(2, 1);False;1;189
;(13, 4);MoveEast;(3, 1);False;1;190
;(13, 4);MoveSouthEast;(3, 1);False;1;191
;(13, 4);MoveSouthEast;(3, 1);False;1;192
;(13, 4);MoveSouthEast;(3, 1);False;1;193
;(13, 4);MoveSouthEast;(3, 1);False;1;194
;(13, 4);MoveSouthEast;(3, 1);False;1;195
;(13, 4);MoveSouthEast;(3, 1);False;1;196
;(13, 4);MoveSouthEast;(3, 1);False;1;197
;(13, 4);MoveSouthEast;(3, 1);False;1;198
;(13, 4);MoveSouthEast;(3, 1);False;1;199
;(13, 4);MoveSouthEast;(3, 1);False;1;200
;(13, 4);MoveSouthEast;(4, 2);False;1;201
;(13, 4);MoveSouthEast;(4, 2);False;1;202
;(13, 4);MoveSouthEast;(4, 2);False;1;203
;(13, 4);MoveSouthEast;(4, 2);False;1;204
;(13, 4);MoveSouthEast;(4, 2);False;1;205
;(13, 4);MoveSouthEast;(4, 2);False;1;206
;(13, 4);MoveSouthEast;(4, 2);False;1;207
;(13, 4);MoveSouthEast;(4, 2);False;1;208
;(13, 4);MoveSouthEast;(4, 2);False;1;209
MoveWest;(12, 4);MoveSouthEast;(4, 2);False;1;210
;(12, 4);MoveSouthEast;(4, 2);False;1;211
;(12, 4);MoveSouthEast;(5, 3);False;1;212
;(12, 4);MoveSouthEast;(5, 3);False;1;213
;(12, 4);MoveSouthEast;(5, 3);False;1;214
;(12, 4);MoveSouthEast;(5, 3);False;1;215
;(12, 4);MoveSouthEast;(5, 3);False;1;216
;(12, 4);MoveSouthEast;(5, 3);False;1;217
;(12, 4);MoveSouthEast;(5, 3);False;1;218
;(12, 4);MoveSouthEast;(5, 3);False;1;219
;(12, 4);MoveSouthEast;(5, 3);False;1;220
;(12, 4);MoveSouthEast;(5, 3);False;1;221
;(12, 4);MoveSouthEast;(5, 3);False;1;222
;(12, 4);MoveSouthEast;(6, 4);False;1;223
;(12, 4);MoveEast;(6, 4);False;1;224
;(12, 4);MoveEast;(6, 4);False;1;225
;(12, 4);MoveEast;(6, 4);False;1;226
;(12, 4);MoveEast;(6, 4);False;1;227
;(12, 4);MoveEast;(6, 4);False;1;228
;(12, 4);MoveEast;(6, 4);False;1;229
;(12, 4);MoveEast;(6, 4);False;1;230
;(12, 4);MoveEast;(6, 4);False;1;231
;(12, 4);MoveEast;(6, 4);False;1;232
;(12, 4);MoveEast;(6, 4);False;1;233
;(12, 4);MoveEast;(7, 4);False;1;234
MoveWest;(11, 4);MoveEast;(7, 4);False;1;235
;(11, 4);MoveEast;(7, 4);False;1;236
;(11, 4);MoveEast;(7, 4);False;1;237
;(11, 4);MoveEast;(7, 4);False;1;238
;(11, 4);MoveEast;(7, 4);False;1;239
;(11, 4);MoveEast;(7, 4);False;1;240
;(11, 4);MoveEast;(7, 4);False;1;241
;(11, 4);MoveEast;(7, 4);False;1;242
;(11, 4);MoveEast;(7, 4);False;1;243
;(11, 4);MoveEast;(7, 4);False;1;244
;(11, 4);MoveEast;(8, 4);False;1;245
;(11, 4);MoveEast;(8, 4);False;1;246
;(11, 4);MoveEast;(8, 4);False;1;247
;(11, 4);MoveEast;(8, 4);False;1;248
;(11, 4);MoveEast;(8, 4);False;1;249
;(11, 4);MoveEast;(8, 4);False;1;250
;(11, 4);MoveEast;(8, 4);False;1;251
;(11, 4);MoveEast;(8, 4);False;1;252
;(11, 4);MoveEast;(8, 4);False;1;253
;(11, 4);MoveEast;(8, 4);False;1;254
;(11, 4);MoveEast;(8, 4);False;1;255
;(11, 4);MoveEast;(9, 4);False;1;256
;(11, 4);MoveEast;(9, 4);False;1;257
;(11, 4);MoveEast;(9, 4);False;1;258
;(11, 4);MoveEast;(9, 4);False;1;259
;(11, 4);MoveEast;(9, 4);False;1;260
;(11, 4);MoveEast;(9, 4);False;1;261
;(11, 4);MoveEast;(9, 4);False;1;262
;(11, 4);MoveEast;(9, 4);False;1;263
;(11, 4);MoveEast;(9, 4);False;1;264
;(11, 4);MoveEast;(9, 4);False;1;265
;(11, 4);MoveEast;(9, 4);False;1;266
;(11, 4);MoveEast;(10, 4);False;1;267
;(11, 4);MoveEast;(10, 4);False;1;268
;(11, 4);MoveEast;(10, 4);False;1;269
;(11, 4);MoveEast;(10, 4);False;1;270
;(11, 4);MoveEast;(10, 4);False;1;271
;(11, 4);MoveEast;(10, 4);False;1;272
MoveWest;(10, 4);MoveEast;(10, 4);False;1;273
;(10, 4);MoveEast;(10, 4);False;1;274
;(10, 4);MoveEast;(10, 4);False;1;275
;(10, 4);MoveEast;(10, 4);False;1;276
;(10, 4);MoveEast;(10, 4);False;1;277
;(10, 4);MoveEast;(11, 4);False;1;278
;(10, 4);MoveEast;(11, 4);False;1;279
;(10, 4);MoveEast;(11, 4);False;1;280
;(10, 4);MoveEast;(11, 4);False;1;281
;(10, 4);MoveEast;(11, 4);False;1;282
;(10, 4);MoveEast;(11, 4);False;1;283
;(10, 4);MoveEast;(11, 4);False;1;284
;(10, 4);MoveEast;(11, 4);False;1;285
;(10, 4);MoveEast;(11, 4);False;1;286
;(10, 4);MoveEast;(11, 4);False;1;287
;(10, 4);MoveEast;(11, 4);False;1;288
;(10, 4);MoveEast;(12, 4);False;1;289
;(10, 4);Idle;(12, 4);False;1;290
;(10, 4);Idle;(12, 4);False;1;291
;(10, 4);Idle;(12, 4);False;1;292
;(10, 4);Idle;(12, 4);False;1;293
;(10, 4);Idle;(12, 4);False;1;294
;(10, 4);Idle;(12, 4);False;1;295
;(10, 4);Idle;(12, 4);False;1;296
;(10, 4);Idle;(12, 4);False;1;297
;(10, 4);Idle;(12, 4);False;1;298
;(10, 4);Idle;(12, 4);False;1;299
;(10, 4);Idle;(12, 4);False;1;300
;(10, 4);Idle;(12, 4);False;1;301
;(10, 4);Idle;(12, 4);False;1;302
;(10, 4);Idle;(12, 4);False;1;303
;(10, 4);Idle;(12, 4);False;1;304
;(10, 4);Idle;(12, 4);False;1;305
;(10, 4);Idle;(12, 4);False;1;306
;(10, 4);Idle;(12, 4);False;1;307
;(10, 4);Idle;(12, 4);False;1;308
;(10, 4);Idle;(12, 4);False;1;309
;(10, 4);Idle;(12, 4);False;1;310
;(10, 4);Idle;(12, 4);False;1;311
;(10, 4);Idle;(12, 4);False;1;312
;(10, 4);Idle;(12, 4);False;1;313
;(10, 4);Idle;(12, 4);False;1;314
;(10, 4);Idle;(12, 4);False;1;315
;(10, 4);Idle;(12, 4);False;1;316
;(10, 4);Idle;(12, 4);False;1;317
;(10, 4);Idle;(12, 4);False;1;318
;(10, 4);Idle;(12, 4);False;1;319
;(10, 4);Idle;(12, 4);False;1;320
;(10, 4);Idle;(12, 4);False;1;321
;(10, 4);Idle;(12, 4);False;1;322
;(10, 4);Idle;(12, 4);False;1;323
;(10, 4);Idle;(12, 4);False;1;324
;(10, 4);Idle;(12, 4);False;1;325
;(10, 4);Idle;(12, 4);False;1;326
;(10, 4);Idle;(12, 4);False;1;327
;(10, 4);Idle;(12, 4);False;1;328
;(10, 4);Idle;(12, 4);False;1;329
;(10, 4);Idle;(12, 4);False;1;330
;(10, 4);Idle;(12, 4);False;1;331
;(10, 4);Idle;(12, 4);False;1;332
;(10, 4);Idle;(12, 4);False;1;333
;(10, 4);Idle;(12, 4);False;1;334
GrabObject;(10, 4);Idle;(12, 4);False;1;335
;(10, 4);Idle;(12, 4);False;1;336
;(10, 4);Idle;(12, 4);False;1;337
;(10, 4);Idle;(12, 4);False;1;338
;(10, 4);Idle;(12, 4);False;1;339
;(10, 4);Idle;(12, 4);False;1;340
;(10, 4);Idle;(12, 4);False;1;341
;(10, 4);Idle;(12, 4);False;1;342
;(10, 4);Idle;(12, 4);False;1;343
;(10, 4);Idle;(12, 4);False;1;344
;(10, 4);;(12, 4);False;1;345
;(10, 4);MoveWest;(12, 4);False;1;346
;(10, 4);MoveWest;(12, 4);False;1;347
;(10, 4);MoveWest;(12, 4);False;1;348
;(10, 4);MoveWest;(12, 4);False;1;349
;(10, 4);MoveWest;(12, 4);False;1;350
;(10, 4);MoveWest;(12, 4);False;1;351
;(10, 4);MoveWest;(12, 4);False;1;352
;(10, 4);MoveWest;(12, 4);False;1;353
;(10, 4);MoveWest;(12, 4);False;1;354
;(10, 4);MoveWest;(12, 4);False;1;355
;(10, 4);MoveWest;(11, 4);False;1;356
;(10, 4);MoveWest;(11, 4);False;1;357
;(10, 4);MoveWest;(11, 4);False;1;358
;(10, 4);MoveWest;(11, 4);False;1;359
;(10, 4);MoveWest;(11, 4);False;1;360
;(10, 4);MoveWest;(11, 4);False;1;361
;(10, 4);MoveWest;(11, 4);False;1;362
;(10, 4);MoveWest;(11, 4);False;1;363
;(10, 4);MoveWest;(11, 4);False;1;364
;(10, 4);MoveWest;(11, 4);False;1;365
;(10, 4);MoveWest;(11, 4);False;1;366
;(10, 4);MoveWest;(10, 4);False;1;367
;(10, 4);MoveWest;(10, 4);False;1;368
;(10, 4);MoveWest;(10, 4);False;1;369
;(10, 4);MoveWest;(10, 4);False;1;370
;(10, 4);MoveWest;(10, 4);False;1;371
;(10, 4);MoveWest;(10, 4);False;1;372
;(10, 4);MoveWest;(10, 4);False;1;373
;(10, 4);MoveWest;(10, 4);False;1;374
;(10, 4);MoveWest;(10, 4);False;1;375
;(10, 4);MoveWest;(10, 4);False;1;376
;(10, 4);MoveWest;(10, 4);False;1;377
;(10, 4);MoveWest;(9, 4);False;1;378
;(10, 4);MoveWest;(9, 4);False;1;379
;(10, 4);MoveWest;(9, 4);False;1;380
;(10, 4);MoveWest;(9, 4);False;1;381
;(10, 4);MoveWest;(9, 4);False;1;382
;(10, 4);MoveWest;(9, 4);False;1;383
;(10, 4);MoveWest;(9, 4);False;1;384
;(10, 4);MoveWest;(9, 4);False;1;385
;(10, 4);MoveWest;(9, 4);False;1;386
;(10, 4);MoveWest;(9, 4);False;1;387
;(10, 4);MoveWest;(9, 4);False;1;388
;(10, 4);MoveWest;(8, 4);False;1;389
;(10, 4);GrabLargeObject;(8, 4);False;1;390
;(10, 4);GrabLargeObject;(8, 4);False;1;391
;(10, 4);GrabLargeObject;(8, 4);False;1;392
MoveEast;(11, 4);GrabLargeObject;(8, 4);False;1;393
;(11, 4);GrabLargeObject;(8, 4);False;1;394
MoveEast;(12, 4);GrabLargeObject;(8, 4);False;1;395
;(12, 4);GrabLargeObject;(8, 4);False;1;396
;(12, 4);GrabLargeObject;(8, 4);False;1;397
;(12, 4);GrabLargeObject;(8, 4);False;1;398
;(12, 4);GrabLargeObject;(8, 4);False;1;399
;(12, 4);GrabLargeObject;(8, 4);False;1;400
MoveEast;(13, 4);;(8, 4);False;1;401
;(13, 4);MoveEast;(8, 4);False;1;402
;(13, 4);MoveEast;(8, 4);False;1;403
;(13, 4);MoveEast;(8, 4);False;1;404
;(13, 4);MoveEast;(8, 4);False;1;405
;(13, 4);MoveEast;(8, 4);False;1;406
;(13, 4);MoveEast;(8, 4);False;1;407
;(13, 4);MoveEast;(8, 4);False;1;408
;(13, 4);MoveEast;(8, 4);False;1;409
;(13, 4);MoveEast;(8, 4);False;1;410
;(13, 4);MoveEast;(8, 4);False;1;411
;(13, 4);MoveEast;(9, 4);False;1;412
;(13, 4);MoveEast;(9, 4);False;1;413
;(13, 4);MoveEast;(9, 4);False;1;414
;(13, 4);MoveEast;(9, 4);False;1;415
;(13, 4);MoveEast;(9, 4);False;1;416
;(13, 4);MoveEast;(9, 4);False;1;417
;(13, 4);MoveEast;(9, 4);False;1;418
;(13, 4);MoveEast;(9, 4);False;1;419
;(13, 4);MoveEast;(9, 4);False;1;420
;(13, 4);MoveEast;(9, 4);False;1;421
;(13, 4);MoveEast;(9, 4);False;1;422
;(13, 4);MoveEast;(10, 4);False;1;423
;(13, 4);MoveEast;(10, 4);False;1;424
;(13, 4);MoveEast;(10, 4);False;1;425
MoveEast;(14, 4);MoveEast;(10, 4);False;1;426
;(14, 4);MoveEast;(10, 4);False;1;427
;(14, 4);MoveEast;(10, 4);False;1;428
;(14, 4);MoveEast;(10, 4);False;1;429
;(14, 4);MoveEast;(10, 4);False;1;430
;(14, 4);MoveEast;(10, 4);False;1;431
;(14, 4);MoveEast;(10, 4);False;1;432
;(14, 4);MoveEast;(10, 4);False;1;433
;(14, 4);MoveEast;(11, 4);False;1;434
;(14, 4);MoveEast;(11, 4);False;1;435
;(14, 4);MoveEast;(11, 4);False;1;436
;(14, 4);MoveEast;(11, 4);False;1;437
;(14, 4);MoveEast;(11, 4);False;1;438
;(14, 4);MoveEast;(11, 4);False;1;439
;(14, 4);MoveEast;(11, 4);False;1;440
;(14, 4);MoveEast;(11, 4);False;1;441
;(14, 4);MoveEast;(11, 4);False;1;442
;(14, 4);MoveEast;(11, 4);False;1;443
;(14, 4);MoveEast;(11, 4);False;1;444
;(14, 4);MoveEast;(12, 4);False;1;445
;(14, 4);Idle;(12, 4);False;1;446
;(14, 4);Idle;(12, 4);False;1;447
;(14, 4);Idle;(12, 4);False;1;448
;(14, 4);Idle;(12, 4);False;1;449
;(14, 4);Idle;(12, 4);False;1;450
;(14, 4);Idle;(12, 4);False;1;451
;(14, 4);Idle;(12, 4);False;1;452
;(14, 4);Idle;(12, 4);False;1;453
;(14, 4);Idle;(12, 4);False;1;454
MoveEast;(15, 4);Idle;(12, 4);False;1;455
;(15, 4);Idle;(12, 4);False;1;456
;(15, 4);Idle;(12, 4);False;1;457
;(15, 4);Idle;(12, 4);False;1;458
;(15, 4);Idle;(12, 4);False;1;459
;(15, 4);Idle;(12, 4);False;1;460
;(15, 4);Idle;(12, 4);False;1;461
;(15, 4);Idle;(12, 4);False;1;462
;(15, 4);Idle;(12, 4);False;1;463
;(15, 4);Idle;(12, 4);False;1;464
;(15, 4);Idle;(12, 4);False;1;465
;(15, 4);Idle;(12, 4);False;1;466
;(15, 4);Idle;(12, 4);False;1;467
;(15, 4);Idle;(12, 4);False;1;468
;(15, 4);Idle;(12, 4);False;1;469
;(15, 4);Idle;(12, 4);False;1;470
;(15, 4);Idle;(12, 4);False;1;471
;(15, 4);Idle;(12, 4);False;1;472
;(15, 4);Idle;(12, 4);False;1;473
;(15, 4);Idle;(12, 4);False;1;474
;(15, 4);Idle;(12, 4);False;1;475
;(15, 4);Idle;(12, 4);False;1;476
;(15, 4);Idle;(12, 4);False;1;477
DropObject;(15, 4);Idle;(12, 4);False;1;478
;(15, 4);Idle;(12, 4);False;1;479
;(15, 4);Idle;(12, 4);False;1;480
;(15, 4);Idle;(12, 4);False;1;481
;(15, 4);Idle;(12, 4);False;1;482
;(15, 4);Idle;(12, 4);False;1;483
;(15, 4);Idle;(12, 4);False;1;484
;(15, 4);Idle;(12, 4);False;1;485
;(15, 4);Idle;(12, 4);False;1;486
;(15, 4);Idle;(12, 4);False;1;487
;(15, 4);Idle;(12, 4);False;1;488
;(15, 4);Idle;(12, 4);False;1;489
;(15, 4);Idle;(12, 4);False;1;490
;(15, 4);Idle;(12, 4);False;1;491
;(15, 4);Idle;(12, 4);False;1;492
;(15, 4);Idle;(12, 4);False;1;493
;(15, 4);Idle;(12, 4);False;1;494
;(15, 4);Idle;(12, 4);False;1;495
;(15, 4);Idle;(12, 4);False;1;496
;(15, 4);Idle;(12, 4);False;1;497
;(15, 4);Idle;(12, 4);False;1;498
;(15, 4);Idle;(12, 4);False;1;499
;(15, 4);Idle;(12, 4);False;1;500
;(15, 4);;(12, 4);False;1;501
;(15, 4);Idle;(12, 4);False;1;502
;(15, 4);Idle;(12, 4);False;1;503
;(15, 4);Idle;(12, 4);False;1;504
;(15, 4);Idle;(12, 4);False;1;505
;(15, 4);Idle;(12, 4);False;1;506
;(15, 4);Idle;(12, 4);False;1;507
;(15, 4);Idle;(12, 4);False;1;508
;(15, 4);Idle;(12, 4);False;1;509
;(15, 4);Idle;(12, 4);False;1;510
;(15, 4);Idle;(12, 4);False;1;511
;(15, 4);Idle;(12, 4);False;1;512
;(15, 4);Idle;(12, 4);False;1;513
;(15, 4);Idle;(12, 4);False;1;514
;(15, 4);Idle;(12, 4);False;1;515
;(15, 4);Idle;(12, 4);False;1;516
;(15, 4);Idle;(12, 4);False;1;517
;(15, 4);Idle;(12, 4);False;1;518
;(15, 4);Idle;(12, 4);False;1;519
;(15, 4);Idle;(12, 4);False;1;520
;(15, 4);Idle;(12, 4);False;1;521
;(15, 4);Idle;(12, 4);False;1;522
;(15, 4);Idle;(12, 4);False;1;523
;(15, 4);Idle;(12, 4);False;1;524
;(15, 4);Idle;(12, 4);False;1;525
;(15, 4);Idle;(12, 4);False;1;526
;(15, 4);Idle;(12, 4);False;1;527
;(15, 4);Idle;(12, 4);False;1;528
;(15, 4);Idle;(12, 4);False;1;529
;(15, 4);Idle;(12, 4);False;1;530
;(15, 4);Idle;(12, 4);False;1;531
;(15, 4);Idle;(12, 4);False;1;532
;(15, 4);Idle;(12, 4);False;1;533
;(15, 4);Idle;(12, 4);False;1;534
;(15, 4);Idle;(12, 4);False;1;535
;(15, 4);Idle;(12, 4);False;1;536
;(15, 4);Idle;(12, 4);False;1;537
;(15, 4);Idle;(12, 4);False;1;538
;(15, 4);Idle;(12, 4);False;1;539
;(15, 4);Idle;(12, 4);False;1;540
;(15, 4);Idle;(12, 4);False;1;541
;(15, 4);Idle;(12, 4);False;1;542
;(15, 4);Idle;(12, 4);False;1;543
;(15, 4);Idle;(12, 4);False;1;544
;(15, 4);Idle;(12, 4);False;1;545
;(15, 4);Idle;(12, 4);False;1;546
;(15, 4);Idle;(12, 4);False;1;547
;(15, 4);Idle;(12, 4);False;1;548
;(15, 4);Idle;(12, 4);False;1;549
;(15, 4);Idle;(12, 4);False;1;550
;(15, 4);Idle;(12, 4);False;1;551
;(15, 4);Idle;(12, 4);False;1;552
;(15, 4);Idle;(12, 4);False;1;553
;(15, 4);Idle;(12, 4);False;1;554
;(15, 4);Idle;(12, 4);False;1;555
;(15, 4);Idle;(12, 4);False;1;556
;(15, 4);;(12, 4);False;1;557
;(15, 4);MoveEast;(12, 4);False;1;558
;(15, 4);MoveEast;(12, 4);False;1;559
;(15, 4);MoveEast;(12, 4);False;1;560
;(15, 4);MoveEast;(12, 4);False;1;561
;(15, 4);MoveEast;(12, 4);False;1;562
;(15, 4);MoveEast;(12, 4);False;1;563
;(15, 4);MoveEast;(12, 4);False;1;564
;(15, 4);MoveEast;(12, 4);False;1;565
;(15, 4);MoveEast;(12, 4);False;1;566
;(15, 4);MoveEast;(12, 4);False;1;567
;(15, 4);MoveEast;(13, 4);False;1;568
;(15, 4);MoveEast;(13, 4);False;1;569
;(15, 4);MoveEast;(13, 4);False;1;570
;(15, 4);MoveEast;(13, 4);False;1;571
;(15, 4);MoveEast;(13, 4);False;1;572
;(15, 4);MoveEast;(13, 4);False;1;573
MoveWest;(14, 4);MoveEast;(13, 4);False;1;574
;(14, 4);MoveEast;(13, 4);False;1;575
MoveWest;(13, 4);MoveEast;(13, 4);False;1;576
;(13, 4);MoveEast;(13, 4);False;1;577
;(13, 4);MoveEast;(13, 4);False;1;578
;(13, 4);MoveEast;(14, 4);False;1;579
;(13, 4);MoveWest;(14, 4);False;1;580
;(13, 4);MoveWest;(14, 4);False;1;581
;(13, 4);MoveWest;(14, 4);False;1;582
;(13, 4);MoveWest;(14, 4);False;1;583
;(13, 4);MoveWest;(14, 4);False;1;584
;(13, 4);MoveWest;(14, 4);False;1;585
;(13, 4);MoveWest;(14, 4);False;1;586
;(13, 4);MoveWest;(14, 4);False;1;587
;(13, 4);MoveWest;(14, 4);False;1;588
;(13, 4);MoveWest;(14, 4);False;1;589
;(13, 4);MoveWest;(13, 4);False;1;590
;(13, 4);MoveWest;(13, 4);False;1;591
;(13, 4);MoveWest;(13, 4);False;1;592
;(13, 4);MoveWest;(13, 4);False;1;593
;(13, 4);MoveWest;(13, 4);False;1;594
;(13, 4);MoveWest;(13, 4);False;1;595
;(13, 4);MoveWest;(13, 4);False;1;596
;(13, 4);MoveWest;(13, 4);False;1;597
;(13, 4);MoveWest;(13, 4);False;1;598
;(13, 4);MoveWest;(13, 4);False;1;599
;(13, 4);MoveWest;(13, 4);False;1;600
;(13, 4);MoveWest;(12, 4);False;1;601
;(13, 4);MoveEast;(12, 4);False;1;602
;(13, 4);MoveEast;(12, 4);False;1;603
;(13, 4);MoveEast;(12, 4);False;1;604
;(13, 4);MoveEast;(12, 4);False;1;605
;(13, 4);MoveEast;(12, 4);False;1;606
;(13, 4);MoveEast;(12, 4);False;1;607
;(13, 4);MoveEast;(12, 4);False;1;608
;(13, 4);MoveEast;(12, 4);False;1;609
;(13, 4);MoveEast;(12, 4);False;1;610
;(13, 4);MoveEast;(12, 4);False;1;611
;(13, 4);MoveEast;(13, 4);False;1;612
MoveWest;(12, 4);MoveEast;(13, 4);False;1;613
;(12, 4);MoveEast;(13, 4);False;1;614
;(12, 4);MoveEast;(13, 4);False;1;615
;(12, 4);MoveEast;(13, 4);False;1;616
;(12, 4);MoveEast;(13, 4);False;1;617
;(12, 4);MoveEast;(13, 4);False;1;618
;(12, 4);MoveEast;(13, 4);False;1;619
;(12, 4);MoveEast;(13, 4);False;1;620
;(12, 4);MoveEast;(13, 4);False;1;621
;(12, 4);MoveEast;(13, 4);False;1;622
;(12, 4);MoveEast;(14, 4);False;1;623
;(12, 4);MoveWest;(14, 4);False;1;624
;(12, 4);MoveWest;(14, 4);False;1;625
;(12, 4);MoveWest;(14, 4);False;1;626
;(12, 4);MoveWest;(14, 4);False;1;627
;(12, 4);MoveWest;(14, 4);False;1;628
;(12, 4);MoveWest;(14, 4);False;1;629
;(12, 4);MoveWest;(14, 4);False;1;630
;(12, 4);MoveWest;(14, 4);False;1;631
;(12, 4);MoveWest;(14, 4);False;1;632
;(12, 4);MoveWest;(14, 4);False;1;633
;(12, 4);MoveWest;(13, 4);False;1;634
;(12, 4);MoveWest;(13, 4);False;1;635
;(12, 4);MoveWest;(13, 4);False;1;636
;(12, 4);MoveWest;(13, 4);False;1;637
;(12, 4);MoveWest;(13, 4);False;1;638
;(12, 4);MoveWest;(13, 4);False;1;639
;(12, 4);MoveWest;(13, 4);False;1;640
;(12, 4);MoveWest;(13, 4);False;1;641
;(12, 4);MoveWest;(13, 4);False;1;642
MoveWest;(11, 4);MoveWest;(13, 4);False;1;643
;(11, 4);MoveWest;(13, 4);False;1;644
;(11, 4);MoveWest;(12, 4);False;1;645
;(11, 4);MoveEast;(12, 4);False;1;646
;(11, 4);MoveEast;(12, 4);False;1;647
;(11, 4);MoveEast;(12, 4);False;1;648
;(11, 4);MoveEast;(12, 4);False;1;649
;(11, 4);MoveEast;(12, 4);False;1;650
;(11, 4);MoveEast;(12, 4);False;1;651
;(11, 4);MoveEast;(12, 4);False;1;652
;(11, 4);MoveEast;(12, 4);False;1;653
;(11, 4);MoveEast;(12, 4);False;1;654
;(11, 4);MoveEast;(12, 4);False;1;655
;(11, 4);MoveEast;(13, 4);False;1;656
;(11, 4);MoveEast;(13, 4);False;1;657
;(11, 4);MoveEast;(13, 4);False;1;658
;(11, 4);MoveEast;(13, 4);False;1;659
;(11, 4);MoveEast;(13, 4);False;1;660
;(11, 4);MoveEast;(13, 4);False;1;661
;(11, 4);MoveEast;(13, 4);False;1;662
;(11, 4);MoveEast;(13, 4);False;1;663
;(11, 4);MoveEast;(13, 4);False;1;664
MoveWest;(10, 4);MoveEast;(13, 4);False;1;665
;(10, 4);MoveEast;(13, 4);False;1;666
;(10, 4);MoveEast;(14, 4);False;1;667
;(10, 4);MoveWest;(14, 4);False;1;668
;(10, 4);MoveWest;(14, 4);False;1;669
;(10, 4);MoveWest;(14, 4);False;1;670
;(10, 4);MoveWest;(14, 4);False;1;671
;(10, 4);MoveWest;(14, 4);False;1;672
;(10, 4);MoveWest;(14, 4);False;1;673
;(10, 4);MoveWest;(14, 4);False;1;674
;(10, 4);MoveWest;(14, 4);False;1;675
;(10, 4);MoveWest;(14, 4);False;1;676
;(10, 4);MoveWest;(14, 4);False;1;677
;(10, 4);MoveWest;(13, 4);False;1;678
;(10, 4);MoveWest;(13, 4);False;1;679
;(10, 4);MoveWest;(13, 4);False;1;680
;(10, 4);MoveWest;(13, 4);False;1;681
;(10, 4);MoveWest;(13, 4);False;1;682
;(10, 4);MoveWest;(13, 4);False;1;683
;(10, 4);MoveWest;(13, 4);False;1;684
;(10, 4);MoveWest;(13, 4);False;1;685
;(10, 4);MoveWest;(13, 4);False;1;686
;(10, 4);MoveWest;(13, 4);False;1;687
;(10, 4);MoveWest;(13, 4);False;1;688
;(10, 4);MoveWest;(12, 4);False;1;689
;(10, 4);;(12, 4);False;1;690
;(10, 4);MoveEast;(12, 4);False;1;691
;(10, 4);MoveEast;(12, 4);False;1;692
;(10, 4);MoveEast;(12, 4);False;1;693
MoveWest;(9, 4);MoveEast;(12, 4);False;1;694
;(9, 4);MoveEast;(12, 4);False;1;695
;(9, 4);MoveEast;(12, 4);False;1;696
;(9, 4);MoveEast;(12, 4);False;1;697
;(9, 4);MoveEast;(12, 4);False;1;698
;(9, 4);MoveEast;(12, 4);False;1;699
;(9, 4);MoveEast;(12, 4);False;1;700
;(9, 4);MoveEast;(13, 4);False;1;701
;(9, 4);MoveNorthEast;(13, 4);False;1;702
;(9, 4);MoveNorthEast;(13, 4);False;1;703
;(9, 4);MoveNorthEast;(13, 4);False;1;704
;(9, 4);MoveNorthEast;(13, 4);False;1;705
;(9, 4);MoveNorthEast;(13, 4);False;1;706
;(9, 4);MoveNorthEast;(13, 4);False;1;707
;(9, 4);MoveNorthEast;(13, 4);False;1;708
;(9, 4);MoveNorthEast;(13, 4);False;1;709
;(9, 4);MoveNorthEast;(13, 4);False;1;710
;(9, 4);MoveNorthEast;(13, 4);False;1;711
;(9, 4);MoveNorthEast;(14, 3);False;1;712
;(9, 4);MoveEast;(14, 3);False;1;713
;(9, 4);MoveEast;(14, 3);False;1;714
;(9, 4);MoveEast;(14, 3);False;1;715
;(9, 4);MoveEast;(14, 3);False;1;716
MoveNorth;(9, 3);MoveEast;(14, 3);False;1;717
;(9, 3);MoveEast;(14, 3);False;1;718
;(9, 3);MoveEast;(14, 3);False;1;719
;(9, 3);MoveEast;(14, 3);False;1;720
;(9, 3);MoveEast;(14, 3);False;1;721
;(9, 3);MoveEast;(14, 3);False;1;722
;(9, 3);MoveEast;(15, 3);False;1;723
;(9, 3);MoveNorthEast;(15, 3);False;1;724
;(9, 3);MoveNorthEast;(15, 3);False;1;725
;(9, 3);MoveNorthEast;(15, 3);False;1;726
;(9, 3);MoveNorthEast;(15, 3);False;1;727
;(9, 3);MoveNorthEast;(15, 3);False;1;728
;(9, 3);MoveNorthEast;(15, 3);False;1;729
;(9, 3);MoveNorthEast;(15, 3);False;1;730
;(9, 3);MoveNorthEast;(15, 3);False;1;731
;(9, 3);MoveNorthEast;(15, 3);False;1;732
;(9, 3);MoveNorthEast;(15, 3);False;1;733
;(9, 3);MoveNorthEast;(16, 2);False;1;734
;(9, 3);MoveEast;(16, 2);False;1;735
;(9, 3);MoveEast;(16, 2);False;1;736
;(9, 3);MoveEast;(16, 2);False;1;737
;(9, 3);MoveEast;(16, 2);False;1;738
;(9, 3);MoveEast;(16, 2);False;1;739
;(9, 3);MoveEast;(16, 2);False;1;740
;(9, 3);MoveEast;(16, 2);False;1;741
;(9, 3);MoveEast;(16, 2);False;1;742
;(9, 3);MoveEast;(16, 2);False;1;743
;(9, 3);MoveEast;(16, 2);False;1;744
;(9, 3);MoveEast;(17, 2);False;1;745
;(9, 3);DropLargeObject;(17, 2);False;1;746
;(9, 3);DropLargeObject;(17, 2);False;1;747
;(9, 3);DropLargeObject;(17, 2);False;1;748
;(9, 3);DropLargeObject;(17, 2);False;1;749
;(9, 3);DropLargeObject;(17, 2);False;1;750
;(9, 3);DropLargeObject;(17, 2);False;1;751
;(9, 3);DropLargeObject;(17, 2);False;1;752
;(9, 3);DropLargeObject;(17, 2);False;1;753
;(9, 3);DropLargeObject;(17, 2);False;1;754
;(9, 3);DropLargeObject;(17, 2);False;1;755
;(9, 3);DropLargeObject;(17, 2);False;1;756
;(9, 3);;(17, 2);False;1;757
;(9, 3);MoveSouthWest;(17, 2);False;1;758
;(9, 3);MoveSouthWest;(17, 2);False;1;759
;(9, 3);MoveSouthWest;(17, 2);False;1;760
;(9, 3);MoveSouthWest;(17, 2);False;1;761
;(9, 3);MoveSouthWest;(17, 2);False;1;762
;(9, 3);MoveSouthWest;(17, 2);False;1;763
;(9, 3);MoveSouthWest;(17, 2);False;1;764
;(9, 3);MoveSouthWest;(17, 2);False;1;765
;(9, 3);MoveSouthWest;(17, 2);False;1;766
;(9, 3);MoveSouthWest;(17, 2);False;1;767
;(9, 3);MoveSouthWest;(16, 3);False;1;768
;(9, 3);MoveWest;(16, 3);False;1;769
;(9, 3);MoveWest;(16, 3);False;1;770
;(9, 3);MoveWest;(16, 3);False;1;771
;(9, 3);MoveWest;(16, 3);False;1;772
;(9, 3);MoveWest;(16, 3);False;1;773
;(9, 3);MoveWest;(16, 3);False;1;774
;(9, 3);MoveWest;(16, 3);False;1;775
;(9, 3);MoveWest;(16, 3);False;1;776
;(9, 3);MoveWest;(16, 3);False;1;777
;(9, 3);MoveWest;(16, 3);False;1;778
;(9, 3);MoveWest;(15, 3);False;1;779
;(9, 3);MoveSouthWest;(15, 3);False;1;780
;(9, 3);MoveSouthWest;(15, 3);False;1;781
;(9, 3);MoveSouthWest;(15, 3);False;1;782
;(9, 3);MoveSouthWest;(15, 3);False;1;783
;(9, 3);MoveSouthWest;(15, 3);False;1;784
;(9, 3);MoveSouthWest;(15, 3);False;1;785
;(9, 3);MoveSouthWest;(15, 3);False;1;786
;(9, 3);MoveSouthWest;(15, 3);False;1;787
;(9, 3);MoveSouthWest;(15, 3);False;1;788
;(9, 3);MoveSouthWest;(15, 3);False;1;789
;(9, 3);MoveSouthWest;(14, 4);False;1;790
;(9, 3);MoveWest;(14, 4);False;1;791
;(9, 3);MoveWest;(14, 4);False;1;792
;(9, 3);MoveWest;(14, 4);False;1;793
;(9, 3);MoveWest;(14, 4);False;1;794
;(9, 3);MoveWest;(14, 4);False;1;795
;(9, 3);MoveWest;(14, 4);False;1;796
;(9, 3);MoveWest;(14, 4);False;1;797
;(9, 3);MoveWest;(14, 4);False;1;798
;(9, 3);MoveWest;(14, 4);False;1;799
;(9, 3);MoveWest;(14, 4);False;1;800
;(9, 3);MoveWest;(13, 4);False;1;801
;(9, 3);MoveSouthWest;(13, 4);False;1;802
;(9, 3);MoveSouthWest;(13, 4);False;1;803
;(9, 3);MoveSouthWest;(13, 4);False;1;804
;(9, 3);MoveSouthWest;(13, 4);False;1;805
;(9, 3);MoveSouthWest;(13, 4);False;1;806
;(9, 3);MoveSouthWest;(13, 4);False;1;807
;(9, 3);MoveSouthWest;(13, 4);False;1;808
;(9, 3);MoveSouthWest;(13, 4);False;1;809
;(9, 3);MoveSouthWest;(13, 4);False;1;810
;(9, 3);MoveSouthWest;(13, 4);False;1;811
;(9, 3);MoveSouthWest;(12, 5);False;1;812
;(9, 3);MoveWest;(12, 5);False;1;813
;(9, 3);MoveWest;(12, 5);False;1;814
;(9, 3);MoveWest;(12, 5);False;1;815
;(9, 3);MoveWest;(12, 5);False;1;816
;(9, 3);MoveWest;(12, 5);False;1;817
;(9, 3);MoveWest;(12, 5);False;1;818
;(9, 3);MoveWest;(12, 5);False;1;819
;(9, 3);MoveWest;(12, 5);False;1;820
;(9, 3);MoveWest;(12, 5);False;1;821
;(9, 3);MoveWest;(12, 5);False;1;822
;(9, 3);MoveWest;(11, 5);False;1;823
;(9, 3);MoveWest;(11, 5);False;1;824
;(9, 3);MoveWest;(11, 5);False;1;825
;(9, 3);MoveWest;(11, 5);False;1;826
;(9, 3);MoveWest;(11, 5);False;1;827
;(9, 3);MoveWest;(11, 5);False;1;828
;(9, 3);MoveWest;(11, 5);False;1;829
;(9, 3);MoveWest;(11, 5);False;1;830
;(9, 3);MoveWest;(11, 5);False;1;831
;(9, 3);MoveWest;(11, 5);False;1;832
;(9, 3);MoveWest;(11, 5);False;1;833
;(9, 3);MoveWest;(10, 5);False;1;834
;(9, 3);MoveSouthWest;(10, 5);False;1;835
;(9, 3);MoveSouthWest;(10, 5);False;1;836
;(9, 3);MoveSouthWest;(10, 5);False;1;837
;(9, 3);MoveSouthWest;(10, 5);False;1;838
;(9, 3);MoveSouthWest;(10, 5);False;1;839
;(9, 3);MoveSouthWest;(10, 5);False;1;840
;(9, 3);MoveSouthWest;(10, 5);False;1;841
;(9, 3);MoveSouthWest;(10, 5);False;1;842
;(9, 3);MoveSouthWest;(10, 5);False;1;843
;(9, 3);MoveSouthWest;(10, 5);False;1;844
;(9, 3);MoveSouthWest;(9, 6);False;1;845
;(9, 3);GrabLargeObject;(9, 6);False;1;846
;(9, 3);GrabLargeObject;(9, 6);False;1;847
;(9, 3);GrabLargeObject;(9, 6);False;1;848
;(9, 3);GrabLargeObject;(9, 6);False;1;849
;(9, 3);GrabLargeObject;(9, 6);False;1;850
;(9, 3);GrabLargeObject;(9, 6);False;1;851
;(9, 3);GrabLargeObject;(9, 6);False;1;852
;(9, 3);GrabLargeObject;(9, 6);False;1;853
;(9, 3);GrabLargeObject;(9, 6);False;1;854
;(9, 3);GrabLargeObject;(9, 6);False;1;855
;(9, 3);GrabLargeObject;(9, 6);False;1;856
;(9, 3);;(9, 6);False;1;857
;(9, 3);MoveWest;(9, 6);False;1;858
;(9, 3);MoveWest;(9, 6);False;1;859
;(9, 3);MoveWest;(9, 6);False;1;860
;(9, 3);MoveWest;(9, 6);False;1;861
;(9, 3);MoveWest;(9, 6);False;1;862
;(9, 3);MoveWest;(9, 6);False;1;863
;(9, 3);MoveWest;(9, 6);False;1;864
;(9, 3);MoveWest;(9, 6);False;1;865
;(9, 3);MoveWest;(9, 6);False;1;866
;(9, 3);MoveWest;(9, 6);False;1;867
;(9, 3);MoveWest;(8, 6);False;1;868
;(9, 3);MoveWest;(8, 6);False;1;869
;(9, 3);MoveWest;(8, 6);False;1;870
;(9, 3);MoveWest;(8, 6);False;1;871
;(9, 3);MoveWest;(8, 6);False;1;872
;(9, 3);MoveWest;(8, 6);False;1;873
;(9, 3);MoveWest;(8, 6);False;1;874
;(9, 3);MoveWest;(8, 6);False;1;875
;(9, 3);MoveWest;(8, 6);False;1;876
;(9, 3);MoveWest;(8, 6);False;1;877
;(9, 3);MoveWest;(8, 6);False;1;878
;(9, 3);MoveWest;(7, 6);False;1;879
;(9, 3);MoveWest;(7, 6);False;1;880
;(9, 3);MoveWest;(7, 6);False;1;881
;(9, 3);MoveWest;(7, 6);False;1;882
;(9, 3);MoveWest;(7, 6);False;1;883
;(9, 3);MoveWest;(7, 6);False;1;884
;(9, 3);MoveWest;(7, 6);False;1;885
;(9, 3);MoveWest;(7, 6);False;1;886
;(9, 3);MoveWest;(7, 6);False;1;887
;(9, 3);MoveWest;(7, 6);False;1;888
;(9, 3);MoveWest;(7, 6);False;1;889
;(9, 3);MoveWest;(6, 6);False;1;890
;(9, 3);MoveWest;(6, 6);False;1;891
;(9, 3);MoveWest;(6, 6);False;1;892
;(9, 3);MoveWest;(6, 6);False;1;893
;(9, 3);MoveWest;(6, 6);False;1;894
;(9, 3);MoveWest;(6, 6);False;1;895
;(9, 3);MoveWest;(6, 6);False;1;896
;(9, 3);MoveWest;(6, 6);False;1;897
;(9, 3);MoveWest;(6, 6);False;1;898
;(9, 3);MoveWest;(6, 6);False;1;899
;(9, 3);MoveWest;(6, 6);False;1;900
;(9, 3);MoveWest;(5, 6);False;1;901
;(9, 3);MoveNorthWest;(5, 6);False;1;902
;(9, 3);MoveNorthWest;(5, 6);False;1;903
;(9, 3);MoveNorthWest;(5, 6);False;1;904
;(9, 3);MoveNorthWest;(5, 6);False;1;905
;(9, 3);MoveNorthWest;(5, 6);False;1;906
;(9, 3);MoveNorthWest;(5, 6);False;1;907
;(9, 3);MoveNorthWest;(5, 6);False;1;908
;(9, 3);MoveNorthWest;(5, 6);False;1;909
;(9, 3);MoveNorthWest;(5, 6);False;1;910
;(9, 3);MoveNorthWest;(5, 6);False;1;911
;(9, 3);MoveNorthWest;(4, 5);False;1;912
;(9, 3);MoveWest;(4, 5);False;1;913
;(9, 3);MoveWest;(4, 5);False;1;914
;(9, 3);MoveWest;(4, 5);False;1;915
;(9, 3);MoveWest;(4, 5);False;1;916
;(9, 3);MoveWest;(4, 5);False;1;917
;(9, 3);MoveWest;(4, 5);False;1;918
;(9, 3);MoveWest;(4, 5);False;1;919
;(9, 3);MoveWest;(4, 5);False;1;920
;(9, 3);MoveWest;(4, 5);False;1;921
;(9, 3);MoveWest;(4, 5);False;1;922
;(9, 3);MoveWest;(3, 5);False;1;923
;(9, 3);MoveNorthWest;(3, 5);False;1;924
;(9, 3);MoveNorthWest;(3, 5);False;1;925
;(9, 3);MoveNorthWest;(3, 5);False;1;926
;(9, 3);MoveNorthWest;(3, 5);False;1;927
;(9, 3);MoveNorthWest;(3, 5);False;1;928
;(9, 3);MoveNorthWest;(3, 5);False;1;929
;(9, 3);MoveNorthWest;(3, 5);False;1;930
;(9, 3);MoveNorthWest;(3, 5);False;1;931
;(9, 3);MoveNorthWest;(3, 5);False;1;932
;(9, 3);MoveNorthWest;(3, 5);False;1;933
;(9, 3);MoveNorthWest;(2, 4);False;1;934
;(9, 3);MoveWest;(2, 4);False;1;935
;(9, 3);MoveWest;(2, 4);False;1;936
;(9, 3);MoveWest;(2, 4);False;1;937
;(9, 3);MoveWest;(2, 4);False;1;938
;(9, 3);MoveWest;(2, 4);False;1;939
;(9, 3);MoveWest;(2, 4);False;1;940
;(9, 3);MoveWest;(2, 4);False;1;941
;(9, 3);MoveWest;(2, 4);False;1;942
;(9, 3);MoveWest;(2, 4);False;1;943
;(9, 3);MoveWest;(2, 4);False;1;944
;(9, 3);MoveWest;(1, 4);False;1;945
;(9, 3);DropLargeObject;(1, 4);False;1;946
;(9, 3);DropLargeObject;(1, 4);False;1;947
;(9, 3);DropLargeObject;(1, 4);False;1;948
;(9, 3);DropLargeObject;(1, 4);False;1;949
;(9, 3);DropLargeObject;(1, 4);False;1;950
;(9, 3);DropLargeObject;(1, 4);False;1;951
;(9, 3);DropLargeObject;(1, 4);False;1;952
;(9, 3);DropLargeObject;(1, 4);False;1;953
;(9, 3);DropLargeObject;(1, 4);False;1;954
;(9, 3);DropLargeObject;(1, 4);False;1;955
;(9, 3);DropLargeObject;(1, 4);False;1;956
;(9, 3);;(1, 4);False;1;957
;(9, 3);MoveSouthEast;(1, 4);False;1;958
;(9, 3);MoveSouthEast;(1, 4);False;1;959
;(9, 3);MoveSouthEast;(1, 4);False;1;960
;(9, 3);MoveSouthEast;(1, 4);False;1;961
;(9, 3);MoveSouthEast;(1, 4);False;1;962
;(9, 3);MoveSouthEast;(1, 4);False;1;963
;(9, 3);MoveSouthEast;(1, 4);False;1;964
;(9, 3);MoveSouthEast;(1, 4);False;1;965
;(9, 3);MoveSouthEast;(1, 4);False;1;966
;(9, 3);MoveSouthEast;(1, 4);False;1;967
;(9, 3);MoveSouthEast;(2, 5);False;1;968
;(9, 3);MoveEast;(2, 5);False;1;969
;(9, 3);MoveEast;(2, 5);False;1;970
;(9, 3);MoveEast;(2, 5);False;1;971
;(9, 3);MoveEast;(2, 5);False;1;972
;(9, 3);MoveEast;(2, 5);False;1;973
;(9, 3);MoveEast;(2, 5);False;1;974
;(9, 3);MoveEast;(2, 5);False;1;975
;(9, 3);MoveEast;(2, 5);False;1;976
;(9, 3);MoveEast;(2, 5);False;1;977
;(9, 3);MoveEast;(2, 5);False;1;978
;(9, 3);MoveEast;(3, 5);False;1;979
;(9, 3);MoveSouthEast;(3, 5);False;1;980
;(9, 3);MoveSouthEast;(3, 5);False;1;981
;(9, 3);MoveSouthEast;(3, 5);False;1;982
;(9, 3);MoveSouthEast;(3, 5);False;1;983
;(9, 3);MoveSouthEast;(3, 5);False;1;984
;(9, 3);MoveSouthEast;(3, 5);False;1;985
;(9, 3);MoveSouthEast;(3, 5);False;1;986
;(9, 3);MoveSouthEast;(3, 5);False;1;987
;(9, 3);MoveSouthEast;(3, 5);False;1;988
;(9, 3);MoveSouthEast;(3, 5);False;1;989
;(9, 3);MoveSouthEast;(4, 6);False;1;990
;(9, 3);MoveEast;(4, 6);False;1;991
;(9, 3);MoveEast;(4, 6);False;1;992
;(9, 3);MoveEast;(4, 6);False;1;993
;(9, 3);MoveEast;(4, 6);False;1;994
;(9, 3);MoveEast;(4, 6);False;1;995
;(9, 3);MoveEast;(4, 6);False;1;996
;(9, 3);MoveEast;(4, 6);False;1;997
;(9, 3);MoveEast;(4, 6);False;1;998
;(9, 3);MoveEast;(4, 6);False;1;999
;(9, 3);MoveEast;(4, 6);False;1;1000
;(9, 3);MoveEast;(5, 6);False;1;1001
;(9, 3);MoveEast;(5, 6);False;1;1002
;(9, 3);MoveEast;(5, 6);False;1;1003
;(9, 3);MoveEast;(5, 6);False;1;1004
;(9, 3);MoveEast;(5, 6);False;1;1005
;(9, 3);MoveEast;(5, 6);False;1;1006
;(9, 3);MoveEast;(5, 6);False;1;1007
;(9, 3);MoveEast;(5, 6);False;1;1008
;(9, 3);MoveEast;(5, 6);False;1;1009
;(9, 3);MoveEast;(5, 6);False;1;1010
;(9, 3);MoveEast;(5, 6);False;1;1011
;(9, 3);MoveEast;(6, 6);False;1;1012
;(9, 3);MoveSouthEast;(6, 6);False;1;1013
;(9, 3);MoveSouthEast;(6, 6);False;1;1014
;(9, 3);MoveSouthEast;(6, 6);False;1;1015
;(9, 3);MoveSouthEast;(6, 6);False;1;1016
;(9, 3);MoveSouthEast;(6, 6);False;1;1017
;(9, 3);MoveSouthEast;(6, 6);False;1;1018
;(9, 3);MoveSouthEast;(6, 6);False;1;1019
;(9, 3);MoveSouthEast;(6, 6);False;1;1020
;(9, 3);MoveSouthEast;(6, 6);False;1;1021
;(9, 3);MoveSouthEast;(6, 6);False;1;1022
;(9, 3);MoveSouthEast;(7, 7);False;1;1023
;(9, 3);GrabLargeObject;(7, 7);False;1;1024
;(9, 3);GrabLargeObject;(7, 7);False;1;1025
;(9, 3);GrabLargeObject;(7, 7);False;1;1026
;(9, 3);GrabLargeObject;(7, 7);False;1;1027
;(9, 3);GrabLargeObject;(7, 7);False;1;1028
;(9, 3);GrabLargeObject;(7, 7);False;1;1029
;(9, 3);GrabLargeObject;(7, 7);False;1;1030
;(9, 3);GrabLargeObject;(7, 7);False;1;1031
;(9, 3);GrabLargeObject;(7, 7);False;1;1032
;(9, 3);GrabLargeObject;(7, 7);False;1;1033
;(9, 3);GrabLargeObject;(7, 7);False;1;1034
;(9, 3);;(7, 7);False;1;1035
;(9, 3);MoveNorthWest;(7, 7);False;1;1036
;(9, 3);MoveNorthWest;(7, 7);False;1;1037
;(9, 3);MoveNorthWest;(7, 7);False;1;1038
;(9, 3);MoveNorthWest;(7, 7);False;1;1039
;(9, 3);MoveNorthWest;(7, 7);False;1;1040
;(9, 3);MoveNorthWest;(7, 7);False;1;1041
;(9, 3);MoveNorthWest;(7, 7);False;1;1042
;(9, 3);MoveNorthWest;(7, 7);False;1;1043
;(9, 3);MoveNorthWest;(7, 7);False;1;1044
;(9, 3);MoveNorthWest;(7, 7);False;1;1045
;(9, 3);MoveNorthWest;(6, 6);False;1;1046
;(9, 3);MoveWest;(6, 6);False;1;1047
;(9, 3);MoveWest;(6, 6);False;1;1048
;(9, 3);MoveWest;(6, 6);False;1;1049
;(9, 3);MoveWest;(6, 6);False;1;1050
;(9, 3);MoveWest;(6, 6);False;1;1051
;(9, 3);MoveWest;(6, 6);False;1;1052
;(9, 3);MoveWest;(6, 6);False;1;1053
;(9, 3);MoveWest;(6, 6);False;1;1054
;(9, 3);MoveWest;(6, 6);False;1;1055
;(9, 3);MoveWest;(6, 6);False;1;1056
;(9, 3);MoveWest;(5, 6);False;1;1057
;(9, 3);BreakObject;(5, 6);False;1;1058
;(9, 3);BreakObject;(5, 6);False;1;1059
;(9, 3);BreakObject;(5, 6);False;1;1060
;(9, 3);BreakObject;(5, 6);False;1;1061
;(9, 3);BreakObject;(5, 6);False;1;1062
;(9, 3);BreakObject;(5, 6);False;1;1063
;(9, 3);BreakObject;(5, 6);False;1;1064
;(9, 3);BreakObject;(5, 6);False;1;1065
;(9, 3);BreakObject;(5, 6);False;1;1066
;(9, 3);BreakObject;(5, 6);False;1;1067
;(9, 3);BreakObject;(5, 6);False;1;1068
;(9, 3);;(5, 6);False;1;1069
;(9, 3);MoveWest;(5, 6);False;1;1070
;(9, 3);MoveWest;(5, 6);False;1;1071
;(9, 3);MoveWest;(5, 6);False;1;1072
;(9, 3);MoveWest;(5, 6);False;1;1073
;(9, 3);MoveWest;(5, 6);False;1;1074
;(9, 3);MoveWest;(5, 6);False;1;1075
;(9, 3);MoveWest;(5, 6);False;1;1076
;(9, 3);MoveWest;(5, 6);False;1;1077
;(9, 3);MoveWest;(5, 6);False;1;1078
;(9, 3);MoveWest;(5, 6);False;1;1079
;(9, 3);MoveWest;(4, 6);False;1;1080
;(9, 3);MoveNorthWest;(4, 6);False;1;1081
;(9, 3);MoveNorthWest;(4, 6);False;1;1082
;(9, 3);MoveNorthWest;(4, 6);False;1;1083
;(9, 3);MoveNorthWest;(4, 6);False;1;1084
;(9, 3);MoveNorthWest;(4, 6);False;1;1085
;(9, 3);MoveNorthWest;(4, 6);False;1;1086
;(9, 3);MoveNorthWest;(4, 6);False;1;1087
;(9, 3);MoveNorthWest;(4, 6);False;1;1088
;(9, 3);MoveNorthWest;(4, 6);False;1;1089
;(9, 3);MoveNorthWest;(4, 6);False;1;1090
;(9, 3);MoveNorthWest;(3, 5);False;1;1091
;(9, 3);MoveWest;(3, 5);False;1;1092
;(9, 3);MoveWest;(3, 5);False;1;1093
;(9, 3);MoveWest;(3, 5);False;1;1094
;(9, 3);MoveWest;(3, 5);False;1;1095
;(9, 3);MoveWest;(3, 5);False;1;1096
;(9, 3);MoveWest;(3, 5);False;1;1097
;(9, 3);MoveWest;(3, 5);False;1;1098
;(9, 3);MoveWest;(3, 5);False;1;1099
;(9, 3);MoveWest;(3, 5);False;1;1100
;(9, 3);MoveWest;(3, 5);False;1;1101
;(9, 3);MoveWest;(2, 5);False;1;1102
;(9, 3);MoveNorthWest;(2, 5);False;1;1103
;(9, 3);MoveNorthWest;(2, 5);False;1;1104
;(9, 3);MoveNorthWest;(2, 5);False;1;1105
;(9, 3);MoveNorthWest;(2, 5);False;1;1106
;(9, 3);MoveNorthWest;(2, 5);False;1;1107
;(9, 3);MoveNorthWest;(2, 5);False;1;1108
;(9, 3);MoveNorthWest;(2, 5);False;1;1109
;(9, 3);MoveNorthWest;(2, 5);False;1;1110
;(9, 3);MoveNorthWest;(2, 5);False;1;1111
;(9, 3);MoveNorthWest;(2, 5);False;1;1112
;(9, 3);MoveNorthWest;(1, 4);False;1;1113
;(9, 3);MoveWest;(1, 4);False;1;1114
;(9, 3);MoveWest;(1, 4);False;1;1115
;(9, 3);MoveWest;(1, 4);False;1;1116
;(9, 3);MoveWest;(1, 4);False;1;1117
;(9, 3);MoveWest;(1, 4);False;1;1118
;(9, 3);MoveWest;(1, 4);False;1;1119
;(9, 3);MoveWest;(1, 4);False;1;1120
;(9, 3);MoveWest;(1, 4);False;1;1121
;(9, 3);MoveWest;(1, 4);False;1;1122
;(9, 3);MoveWest;(1, 4);False;1;1123
;(9, 3);MoveWest;(0, 4);False;1;1124
;(9, 3);DropLargeObject;(0, 4);False;1;1125
;(9, 3);DropLargeObject;(0, 4);False;1;1126
;(9, 3);DropLargeObject;(0, 4);False;1;1127
;(9, 3);DropLargeObject;(0, 4);False;1;1128
;(9, 3);DropLargeObject;(0, 4);False;1;1129
;(9, 3);DropLargeObject;(0, 4);False;1;1130
;(9, 3);DropLargeObject;(0, 4);False;1;1131
;(9, 3);DropLargeObject;(0, 4);False;1;1132
;(9, 3);DropLargeObject;(0, 4);False;1;1133
;(9, 3);DropLargeObject;(0, 4);False;1;1134
;(9, 3);DropLargeObject;(0, 4);False;1;1135
;(9, 3);;(0, 4);False;1;1136
;(9, 3);MoveEast;(0, 4);False;1;1137
;(9, 3);MoveEast;(0, 4);False;1;1138
;(9, 3);MoveEast;(0, 4);False;1;1139
;(9, 3);MoveEast;(0, 4);False;1;1140
;(9, 3);MoveEast;(0, 4);False;1;1141
;(9, 3);MoveEast;(0, 4);False;1;1142
;(9, 3);MoveEast;(0, 4);False;1;1143
;(9, 3);MoveEast;(0, 4);False;1;1144
;(9, 3);MoveEast;(0, 4);False;1;1145
;(9, 3);MoveEast;(0, 4);False;1;1146
;(9, 3);MoveEast;(1, 4);False;1;1147
;(9, 3);MoveEast;(1, 4);False;1;1148
;(9, 3);MoveEast;(1, 4);False;1;1149
;(9, 3);MoveEast;(1, 4);False;1;1150
;(9, 3);MoveEast;(1, 4);False;1;1151
;(9, 3);MoveEast;(1, 4);False;1;1152
;(9, 3);MoveEast;(1, 4);False;1;1153
;(9, 3);MoveEast;(1, 4);False;1;1154
;(9, 3);MoveEast;(1, 4);False;1;1155
;(9, 3);MoveEast;(1, 4);False;1;1156
;(9, 3);MoveEast;(1, 4);False;1;1157
;(9, 3);MoveEast;(2, 4);False;1;1158
;(9, 3);MoveSouthEast;(2, 4);False;1;1159
;(9, 3);MoveSouthEast;(2, 4);False;1;1160
;(9, 3);MoveSouthEast;(2, 4);False;1;1161
;(9, 3);MoveSouthEast;(2, 4);False;1;1162
;(9, 3);MoveSouthEast;(2, 4);False;1;1163
;(9, 3);MoveSouthEast;(2, 4);False;1;1164
;(9, 3);MoveSouthEast;(2, 4);False;1;1165
;(9, 3);MoveSouthEast;(2, 4);False;1;1166
;(9, 3);MoveSouthEast;(2, 4);False;1;1167
;(9, 3);MoveSouthEast;(2, 4);False;1;1168
;(9, 3);MoveSouthEast;(3, 5);False;1;1169
;(9, 3);MoveEast;(3, 5);False;1;1170
;(9, 3);MoveEast;(3, 5);False;1;1171
;(9, 3);MoveEast;(3, 5);False;1;1172
;(9, 3);MoveEast;(3, 5);False;1;1173
;(9, 3);MoveEast;(3, 5);False;1;1174
;(9, 3);MoveEast;(3, 5);False;1;1175
;(9, 3);MoveEast;(3, 5);False;1;1176
;(9, 3);MoveEast;(3, 5);False;1;1177
;(9, 3);MoveEast;(3, 5);False;1;1178
;(9, 3);MoveEast;(3, 5);False;1;1179
;(9, 3);MoveEast;(4, 5);False;1;1180
;(9, 3);MoveSouthEast;(4, 5);False;1;1181
;(9, 3);MoveSouthEast;(4, 5);False;1;1182
;(9, 3);MoveSouthEast;(4, 5);False;1;1183
;(9, 3);MoveSouthEast;(4, 5);False;1;1184
;(9, 3);MoveSouthEast;(4, 5);False;1;1185
;(9, 3);MoveSouthEast;(4, 5);False;1;1186
;(9, 3);MoveSouthEast;(4, 5);False;1;1187
;(9, 3);MoveSouthEast;(4, 5);False;1;1188
;(9, 3);MoveSouthEast;(4, 5);False;1;1189
;(9, 3);MoveSouthEast;(4, 5);False;1;1190
;(9, 3);MoveSouthEast;(5, 6);False;1;1191
;(9, 3);MoveSouthEast;(5, 6);False;1;1192
;(9, 3);MoveSouthEast;(5, 6);False;1;1193
;(9, 3);MoveSouthEast;(5, 6);False;1;1194
;(9, 3);MoveSouthEast;(5, 6);False;1;1195
;(9, 3);MoveSouthEast;(5, 6);False;1;1196
;(9, 3);MoveSouthEast;(5, 6);False;1;1197
;(9, 3);MoveSouthEast;(5, 6);False;1;1198
;(9, 3);MoveSouthEast;(5, 6);False;1;1199
;(9, 3);MoveSouthEast;(5, 6);False;1;1200
;(9, 3);MoveSouthEast;(5, 6);False;1;1201
;(9, 3);MoveSouthEast;(6, 7);False;1;1202
;(9, 3);MoveEast;(6, 7);False;1;1203
;(9, 3);MoveEast;(6, 7);False;1;1204
;(9, 3);MoveEast;(6, 7);False;1;1205
;(9, 3);MoveEast;(6, 7);False;1;1206
;(9, 3);MoveEast;(6, 7);False;1;1207
;(9, 3);MoveEast;(6, 7);False;1;1208
;(9, 3);MoveEast;(6, 7);False;1;1209
;(9, 3);MoveEast;(6, 7);False;1;1210
;(9, 3);MoveEast;(6, 7);False;1;1211
;(9, 3);MoveEast;(6, 7);False;1;1212
;(9, 3);MoveEast;(7, 7);False;1;1213
;(9, 3);MoveEast;(7, 7);False;1;1214
;(9, 3);MoveEast;(7, 7);False;1;1215
;(9, 3);MoveEast;(7, 7);False;1;1216
;(9, 3);MoveEast;(7, 7);False;1;1217
;(9, 3);MoveEast;(7, 7);False;1;1218
;(9, 3);MoveEast;(7, 7);False;1;1219
;(9, 3);MoveEast;(7, 7);False;1;1220
;(9, 3);MoveEast;(7, 7);False;1;1221
;(9, 3);MoveEast;(7, 7);False;1;1222
;(9, 3);MoveEast;(7, 7);False;1;1223
;(9, 3);MoveEast;(8, 7);False;1;1224
;(9, 3);MoveEast;(8, 7);False;1;1225
;(9, 3);MoveEast;(8, 7);False;1;1226
;(9, 3);MoveEast;(8, 7);False;1;1227
;(9, 3);MoveEast;(8, 7);False;1;1228
;(9, 3);MoveEast;(8, 7);False;1;1229
;(9, 3);MoveEast;(8, 7);False;1;1230
;(9, 3);MoveEast;(8, 7);False;1;1231
;(9, 3);MoveEast;(8, 7);False;1;1232
;(9, 3);MoveEast;(8, 7);False;1;1233
;(9, 3);MoveEast;(8, 7);False;1;1234
;(9, 3);MoveEast;(9, 7);False;1;1235
;(9, 3);MoveSouthEast;(9, 7);False;1;1236
;(9, 3);MoveSouthEast;(9, 7);False;1;1237
;(9, 3);MoveSouthEast;(9, 7);False;1;1238
;(9, 3);MoveSouthEast;(9, 7);False;1;1239
;(9, 3);MoveSouthEast;(9, 7);False;1;1240
;(9, 3);MoveSouthEast;(9, 7);False;1;1241
;(9, 3);MoveSouthEast;(9, 7);False;1;1242
;(9, 3);MoveSouthEast;(9, 7);False;1;1243
;(9, 3);MoveSouthEast;(9, 7);False;1;1244
;(9, 3);MoveSouthEast;(9, 7);False;1;1245
;(9, 3);MoveSouthEast;(10, 8);False;1;1246
;(9, 3);BreakObject;(10, 8);False;1;1247
;(9, 3);BreakObject;(10, 8);False;1;1248
;(9, 3);BreakObject;(10, 8);False;1;1249
;(9, 3);BreakObject;(10, 8);False;1;1250
;(9, 3);BreakObject;(10, 8);False;1;1251
;(9, 3);BreakObject;(10, 8);False;1;1252
;(9, 3);BreakObject;(10, 8);False;1;1253
;(9, 3);BreakObject;(10, 8);False;1;1254
;(9, 3);BreakObject;(10, 8);False;1;1255
;(9, 3);BreakObject;(10, 8);False;1;1256
;(9, 3);BreakObject;(10, 8);False;1;1257
;(9, 3);;(10, 8);False;1;1258
;(9, 3);MoveSouthEast;(10, 8);False;1;1259
;(9, 3);MoveSouthEast;(10, 8);False;1;1260
;(9, 3);MoveSouthEast;(10, 8);False;1;1261
;(9, 3);MoveSouthEast;(10, 8);False;1;1262
;(9, 3);MoveSouthEast;(10, 8);False;1;1263
;(9, 3);MoveSouthEast;(10, 8);False;1;1264
;(9, 3);MoveSouthEast;(10, 8);False;1;1265
;(9, 3);MoveSouthEast;(10, 8);False;1;1266
;(9, 3);MoveSouthEast;(10, 8);False;1;1267
;(9, 3);MoveSouthEast;(10, 8);False;1;1268
;(9, 3);MoveSouthEast;(11, 9);False;1;1269
;(9, 3);BreakObject;(11, 9);False;1;1270
;(9, 3);BreakObject;(11, 9);False;1;1271
;(9, 3);BreakObject;(11, 9);False;1;1272
;(9, 3);BreakObject;(11, 9);False;1;1273
;(9, 3);BreakObject;(11, 9);False;1;1274
;(9, 3);BreakObject;(11, 9);False;1;1275
;(9, 3);BreakObject;(11, 9);False;1;1276
;(9, 3);BreakObject;(11, 9);False;1;1277
;(9, 3);BreakObject;(11, 9);False;1;1278
;(9, 3);BreakObject;(11, 9);False;1;1279
;(9, 3);BreakObject;(11, 9);False;1;1280
;(9, 3);;(11, 9);False;1;1281
;(9, 3);MoveEast;(11, 9);False;1;1282
;(9, 3);MoveEast;(11, 9);False;1;1283
;(9, 3);MoveEast;(11, 9);False;1;1284
;(9, 3);MoveEast;(11, 9);False;1;1285
;(9, 3);MoveEast;(11, 9);False;1;1286
;(9, 3);MoveEast;(11, 9);False;1;1287
;(9, 3);MoveEast;(11, 9);False;1;1288
;(9, 3);MoveEast;(11, 9);False;1;1289
;(9, 3);MoveEast;(11, 9);False;1;1290
;(9, 3);MoveEast;(11, 9);False;1;1291
;(9, 3);MoveEast;(12, 9);False;1;1292
;(9, 3);MoveEast;(12, 9);False;1;1293
;(9, 3);MoveEast;(12, 9);False;1;1294
;(9, 3);MoveEast;(12, 9);False;1;1295
;(9, 3);MoveEast;(12, 9);False;1;1296
;(9, 3);MoveEast;(12, 9);False;1;1297
;(9, 3);MoveEast;(12, 9);False;1;1298
;(9, 3);MoveEast;(12, 9);False;1;1299
;(9, 3);MoveEast;(12, 9);False;1;1300
;(9, 3);MoveEast;(12, 9);False;1;1301
;(9, 3);MoveEast;(12, 9);False;1;1302
;(9, 3);MoveEast;(13, 9);False;1;1303
;(9, 3);MoveWest;(13, 9);False;1;1304
;(9, 3);MoveWest;(13, 9);False;1;1305
;(9, 3);MoveWest;(13, 9);False;1;1306
;(9, 3);MoveWest;(13, 9);False;1;1307
;(9, 3);MoveWest;(13, 9);False;1;1308
;(9, 3);MoveWest;(13, 9);False;1;1309
;(9, 3);MoveWest;(13, 9);False;1;1310
;(9, 3);MoveWest;(13, 9);False;1;1311
;(9, 3);MoveWest;(13, 9);False;1;1312
;(9, 3);MoveWest;(13, 9);False;1;1313
;(9, 3);MoveWest;(12, 9);False;1;1314
;(9, 3);MoveWest;(12, 9);False;1;1315
;(9, 3);MoveWest;(12, 9);False;1;1316
;(9, 3);MoveWest;(12, 9);False;1;1317
;(9, 3);MoveWest;(12, 9);False;1;1318
;(9, 3);MoveWest;(12, 9);False;1;1319
;(9, 3);MoveWest;(12, 9);False;1;1320
;(9, 3);MoveWest;(12, 9);False;1;1321
;(9, 3);MoveWest;(12, 9);False;1;1322
;(9, 3);MoveWest;(12, 9);False;1;1323
;(9, 3);MoveWest;(12, 9);False;1;1324
;(9, 3);MoveWest;(11, 9);False;1;1325
;(9, 3);MoveEast;(11, 9);False;1;1326
;(9, 3);MoveEast;(11, 9);False;1;1327
;(9, 3);MoveEast;(11, 9);False;1;1328
;(9, 3);MoveEast;(11, 9);False;1;1329
;(9, 3);MoveEast;(11, 9);False;1;1330
;(9, 3);MoveEast;(11, 9);False;1;1331
;(9, 3);MoveEast;(11, 9);False;1;1332
;(9, 3);MoveEast;(11, 9);False;1;1333
;(9, 3);MoveEast;(11, 9);False;1;1334
;(9, 3);MoveEast;(11, 9);False;1;1335
;(9, 3);MoveEast;(12, 9);False;1;1336
;(9, 3);MoveEast;(12, 9);False;1;1337
;(9, 3);MoveEast;(12, 9);False;1;1338
;(9, 3);MoveEast;(12, 9);False;1;1339
;(9, 3);MoveEast;(12, 9);False;1;1340
;(9, 3);MoveEast;(12, 9);False;1;1341
;(9, 3);MoveEast;(12, 9);False;1;1342
;(9, 3);MoveEast;(12, 9);False;1;1343
;(9, 3);MoveEast;(12, 9);False;1;1344
;(9, 3);MoveEast;(12, 9);False;1;1345
;(9, 3);MoveEast;(12, 9);False;1;1346
;(9, 3);MoveEast;(13, 9);False;1;1347
;(9, 3);MoveWest;(13, 9);False;1;1348
;(9, 3);MoveWest;(13, 9);False;1;1349
;(9, 3);MoveWest;(13, 9);False;1;1350
;(9, 3);MoveWest;(13, 9);False;1;1351
;(9, 3);MoveWest;(13, 9);False;1;1352
;(9, 3);MoveWest;(13, 9);False;1;1353
;(9, 3);MoveWest;(13, 9);False;1;1354
;(9, 3);MoveWest;(13, 9);False;1;1355
;(9, 3);MoveWest;(13, 9);False;1;1356
;(9, 3);MoveWest;(13, 9);False;1;1357
;(9, 3);MoveWest;(12, 9);False;1;1358
;(9, 3);MoveWest;(12, 9);False;1;1359
;(9, 3);MoveWest;(12, 9);False;1;1360
;(9, 3);MoveWest;(12, 9);False;1;1361
;(9, 3);MoveWest;(12, 9);False;1;1362
;(9, 3);MoveWest;(12, 9);False;1;1363
;(9, 3);MoveWest;(12, 9);False;1;1364
;(9, 3);MoveWest;(12, 9);False;1;1365
;(9, 3);MoveWest;(12, 9);False;1;1366
;(9, 3);MoveWest;(12, 9);False;1;1367
;(9, 3);MoveWest;(12, 9);False;1;1368
;(9, 3);MoveWest;(11, 9);False;1;1369
;(9, 3);MoveEast;(11, 9);False;1;1370
;(9, 3);MoveEast;(11, 9);False;1;1371
;(9, 3);MoveEast;(11, 9);False;1;1372
;(9, 3);MoveEast;(11, 9);False;1;1373
;(9, 3);MoveEast;(11, 9);False;1;1374
;(9, 3);MoveEast;(11, 9);False;1;1375
;(9, 3);MoveEast;(11, 9);False;1;1376
;(9, 3);MoveEast;(11, 9);False;1;1377
;(9, 3);MoveEast;(11, 9);False;1;1378
;(9, 3);MoveEast;(11, 9);False;1;1379
;(9, 3);MoveEast;(12, 9);False;1;1380
;(9, 3);MoveEast;(12, 9);False;1;1381
;(9, 3);MoveEast;(12, 9);False;1;1382
;(9, 3);MoveEast;(12, 9);False;1;1383
;(9, 3);MoveEast;(12, 9);False;1;1384
;(9, 3);MoveEast;(12, 9);False;1;1385
;(9, 3);MoveEast;(12, 9);False;1;1386
;(9, 3);MoveEast;(12, 9);False;1;1387
;(9, 3);MoveEast;(12, 9);False;1;1388
;(9, 3);MoveEast;(12, 9);False;1;1389
;(9, 3);MoveEast;(12, 9);False;1;1390
;(9, 3);MoveEast;(13, 9);False;1;1391
;(9, 3);MoveWest;(13, 9);False;1;1392
;(9, 3);MoveWest;(13, 9);False;1;1393
;(9, 3);MoveWest;(13, 9);False;1;1394
;(9, 3);MoveWest;(13, 9);False;1;1395
;(9, 3);MoveWest;(13, 9);False;1;1396
;(9, 3);MoveWest;(13, 9);False;1;1397
;(9, 3);MoveWest;(13, 9);False;1;1398
;(9, 3);MoveWest;(13, 9);False;1;1399
;(9, 3);MoveWest;(13, 9);False;1;1400
;(9, 3);MoveWest;(13, 9);False;1;1401
;(9, 3);MoveWest;(12, 9);False;1;1402
;(9, 3);MoveWest;(12, 9);False;1;1403
;(9, 3);MoveWest;(12, 9);False;1;1404
;(9, 3);MoveWest;(12, 9);False;1;1405
;(9, 3);MoveWest;(12, 9);False;1;1406
;(9, 3);MoveWest;(12, 9);False;1;1407
;(9, 3);MoveWest;(12, 9);False;1;1408
;(9, 3);MoveWest;(12, 9);False;1;1409
;(9, 3);MoveWest;(12, 9);False;1;1410
;(9, 3);MoveWest;(12, 9);False;1;1411
;(9, 3);MoveWest;(12, 9);False;1;1412
;(9, 3);MoveWest;(11, 9);False;1;1413
;(9, 3);;(11, 9);False;1;1414
;(9, 3);MoveEast;(11, 9);False;1;1415
;(9, 3);MoveEast;(11, 9);False;1;1416
;(9, 3);MoveEast;(11, 9);False;1;1417
;(9, 3);MoveEast;(11, 9);False;1;1418
;(9, 3);MoveEast;(11, 9);False;1;1419
;(9, 3);MoveEast;(11, 9);False;1;1420
;(9, 3);MoveEast;(11, 9);False;1;1421
;(9, 3);MoveEast;(11, 9);False;1;1422
;(9, 3);MoveEast;(11, 9);False;1;1423
;(9, 3);MoveEast;(11, 9);False;1;1424
;(9, 3);MoveEast;(12, 9);False;1;1425
;(9, 3);MoveEast;(12, 9);False;1;1426
;(9, 3);MoveEast;(12, 9);False;1;1427
;(9, 3);MoveEast;(12, 9);False;1;1428
;(9, 3);MoveEast;(12, 9);False;1;1429
;(9, 3);MoveEast;(12, 9);False;1;1430
;(9, 3);MoveEast;(12, 9);False;1;1431
;(9, 3);MoveEast;(12, 9);False;1;1432
;(9, 3);MoveEast;(12, 9);False;1;1433
;(9, 3);MoveEast;(12, 9);False;1;1434
;(9, 3);MoveEast;(12, 9);False;1;1435
;(9, 3);MoveEast;(13, 9);False;1;1436
;(9, 3);MoveWest;(13, 9);False;1;1437
;(9, 3);MoveWest;(13, 9);False;1;1438
;(9, 3);MoveWest;(13, 9);False;1;1439
;(9, 3);MoveWest;(13, 9);False;1;1440
;(9, 3);MoveWest;(13, 9);False;1;1441
;(9, 3);MoveWest;(13, 9);False;1;1442
;(9, 3);MoveWest;(13, 9);False;1;1443
;(9, 3);MoveWest;(13, 9);False;1;1444
;(9, 3);MoveWest;(13, 9);False;1;1445
;(9, 3);MoveWest;(13, 9);False;1;1446
;(9, 3);MoveWest;(12, 9);False;1;1447
;(9, 3);MoveWest;(12, 9);False;1;1448
;(9, 3);MoveWest;(12, 9);False;1;1449
;(9, 3);MoveWest;(12, 9);False;1;1450
;(9, 3);MoveWest;(12, 9);False;1;1451
;(9, 3);MoveWest;(12, 9);False;1;1452
;(9, 3);MoveWest;(12, 9);False;1;1453
;(9, 3);MoveWest;(12, 9);False;1;1454
;(9, 3);MoveWest;(12, 9);False;1;1455
;(9, 3);MoveWest;(12, 9);False;1;1456
;(9, 3);MoveWest;(12, 9);False;1;1457
;(9, 3);MoveWest;(11, 9);False;1;1458
;(9, 3);MoveEast;(11, 9);False;1;1459
;(9, 3);MoveEast;(11, 9);False;1;1460
;(9, 3);MoveEast;(11, 9);False;1;1461
;(9, 3);MoveEast;(11, 9);False;1;1462
;(9, 3);MoveEast;(11, 9);False;1;1463
;(9, 3);MoveEast;(11, 9);False;1;1464
;(9, 3);MoveEast;(11, 9);False;1;1465
;(9, 3);MoveEast;(11, 9);False;1;1466
;(9, 3);MoveEast;(11, 9);False;1;1467
;(9, 3);MoveEast;(11, 9);False;1;1468
;(9, 3);MoveEast;(12, 9);False;1;1469
;(9, 3);MoveEast;(12, 9);False;1;1470
;(9, 3);MoveEast;(12, 9);False;1;1471
;(9, 3);MoveEast;(12, 9);False;1;1472
;(9, 3);MoveEast;(12, 9);False;1;1473
;(9, 3);MoveEast;(12, 9);False;1;1474
;(9, 3);MoveEast;(12, 9);False;1;1475
;(9, 3);MoveEast;(12, 9);False;1;1476
;(9, 3);MoveEast;(12, 9);False;1;1477
;(9, 3);MoveEast;(12, 9);False;1;1478
;(9, 3);MoveEast;(12, 9);False;1;1479
;(9, 3);MoveEast;(13, 9);False;1;1480
;(9, 3);MoveWest;(13, 9);False;1;1481
;(9, 3);MoveWest;(13, 9);False;1;1482
;(9, 3);MoveWest;(13, 9);False;1;1483
;(9, 3);MoveWest;(13, 9);False;1;1484
;(9, 3);MoveWest;(13, 9);False;1;1485
;(9, 3);MoveWest;(13, 9);False;1;1486
;(9, 3);MoveWest;(13, 9);False;1;1487
;(9, 3);MoveWest;(13, 9);False;1;1488
;(9, 3);MoveWest;(13, 9);False;1;1489
;(9, 3);MoveWest;(13, 9);False;1;1490
;(9, 3);MoveWest;(12, 9);False;1;1491
;(9, 3);MoveWest;(12, 9);False;1;1492
;(9, 3);MoveWest;(12, 9);False;1;1493
;(9, 3);MoveWest;(12, 9);False;1;1494
;(9, 3);MoveWest;(12, 9);False;1;1495
;(9, 3);MoveWest;(12, 9);False;1;1496
;(9, 3);MoveWest;(12, 9);False;1;1497
;(9, 3);MoveWest;(12, 9);False;1;1498
;(9, 3);MoveWest;(12, 9);False;1;1499
;(9, 3);MoveWest;(12, 9);False;1;1500
;(9, 3);MoveWest;(12, 9);False;1;1501
;(9, 3);MoveWest;(11, 9);False;1;1502
;(9, 3);MoveEast;(11, 9);False;1;1503
;(9, 3);MoveEast;(11, 9);False;1;1504
;(9, 3);MoveEast;(11, 9);False;1;1505
;(9, 3);MoveEast;(11, 9);False;1;1506
;(9, 3);MoveEast;(11, 9);False;1;1507
;(9, 3);MoveEast;(11, 9);False;1;1508
;(9, 3);MoveEast;(11, 9);False;1;1509
;(9, 3);MoveEast;(11, 9);False;1;1510
;(9, 3);MoveEast;(11, 9);False;1;1511
;(9, 3);MoveEast;(11, 9);False;1;1512
;(9, 3);MoveEast;(12, 9);False;1;1513
;(9, 3);MoveEast;(12, 9);False;1;1514
;(9, 3);MoveEast;(12, 9);False;1;1515
;(9, 3);MoveEast;(12, 9);False;1;1516
;(9, 3);MoveEast;(12, 9);False;1;1517
;(9, 3);MoveEast;(12, 9);False;1;1518
;(9, 3);MoveEast;(12, 9);False;1;1519
;(9, 3);MoveEast;(12, 9);False;1;1520
;(9, 3);MoveEast;(12, 9);False;1;1521
;(9, 3);MoveEast;(12, 9);False;1;1522
;(9, 3);MoveEast;(12, 9);False;1;1523
;(9, 3);MoveEast;(13, 9);False;1;1524
;(9, 3);MoveWest;(13, 9);False;1;1525
;(9, 3);MoveWest;(13, 9);False;1;1526
;(9, 3);MoveWest;(13, 9);False;1;1527
;(9, 3);MoveWest;(13, 9);False;1;1528
;(9, 3);MoveWest;(13, 9);False;1;1529
;(9, 3);MoveWest;(13, 9);False;1;1530
;(9, 3);MoveWest;(13, 9);False;1;1531
;(9, 3);MoveWest;(13, 9);False;1;1532
;(9, 3);MoveWest;(13, 9);False;1;1533
;(9, 3);MoveWest;(13, 9);False;1;1534
;(9, 3);MoveWest;(12, 9);False;1;1535
;(9, 3);MoveWest;(12, 9);False;1;1536
;(9, 3);MoveWest;(12, 9);False;1;1537
;(9, 3);MoveWest;(12, 9);False;1;1538
;(9, 3);MoveWest;(12, 9);False;1;1539
;(9, 3);MoveWest;(12, 9);False;1;1540
;(9, 3);MoveWest;(12, 9);False;1;1541
;(9, 3);MoveWest;(12, 9);False;1;1542
;(9, 3);MoveWest;(12, 9);False;1;1543
;(9, 3);MoveWest;(12, 9);False;1;1544
;(9, 3);MoveWest;(12, 9);False;1;1545
;(9, 3);MoveWest;(11, 9);False;1;1546
;(9, 3);;(11, 9);False;1;1547
;(9, 3);MoveEast;(11, 9);False;1;1548
;(9, 3);MoveEast;(11, 9);False;1;1549
;(9, 3);MoveEast;(11, 9);False;1;1550
;(9, 3);MoveEast;(11, 9);False;1;1551
;(9, 3);MoveEast;(11, 9);False;1;1552
;(9, 3);MoveEast;(11, 9);False;1;1553
;(9, 3);MoveEast;(11, 9);False;1;1554
;(9, 3);MoveEast;(11, 9);False;1;1555
;(9, 3);MoveEast;(11, 9);False;1;1556
;(9, 3);MoveEast;(11, 9);False;1;1557
;(9, 3);MoveEast;(12, 9);False;1;1558
;(9, 3);MoveEast;(12, 9);False;1;1559
;(9, 3);MoveEast;(12, 9);False;1;1560
;(9, 3);MoveEast;(12, 9);False;1;1561
;(9, 3);MoveEast;(12, 9);False;1;1562
;(9, 3);MoveEast;(12, 9);False;1;1563
;(9, 3);MoveEast;(12, 9);False;1;1564
;(9, 3);MoveEast;(12, 9);False;1;1565
;(9, 3);MoveEast;(12, 9);False;1;1566
;(9, 3);MoveEast;(12, 9);False;1;1567
;(9, 3);MoveEast;(12, 9);False;1;1568
;(9, 3);MoveEast;(13, 9);False;1;1569
;(9, 3);MoveWest;(13, 9);False;1;1570
;(9, 3);MoveWest;(13, 9);False;1;1571
;(9, 3);MoveWest;(13, 9);False;1;1572
;(9, 3);MoveWest;(13, 9);False;1;1573
;(9, 3);MoveWest;(13, 9);False;1;1574
;(9, 3);MoveWest;(13, 9);False;1;1575
;(9, 3);MoveWest;(13, 9);False;1;1576
;(9, 3);MoveWest;(13, 9);False;1;1577
;(9, 3);MoveWest;(13, 9);False;1;1578
;(9, 3);MoveWest;(13, 9);False;1;1579
;(9, 3);MoveWest;(12, 9);False;1;1580
;(9, 3);MoveWest;(12, 9);False;1;1581
;(9, 3);MoveWest;(12, 9);False;1;1582
;(9, 3);MoveWest;(12, 9);False;1;1583
;(9, 3);MoveWest;(12, 9);False;1;1584
;(9, 3);MoveWest;(12, 9);False;1;1585
;(9, 3);MoveWest;(12, 9);False;1;1586
;(9, 3);MoveWest;(12, 9);False;1;1587
;(9, 3);MoveWest;(12, 9);False;1;1588
;(9, 3);MoveWest;(12, 9);False;1;1589
;(9, 3);MoveWest;(12, 9);False;1;1590
;(9, 3);MoveWest;(11, 9);False;1;1591
;(9, 3);MoveEast;(11, 9);False;1;1592
;(9, 3);MoveEast;(11, 9);False;1;1593
;(9, 3);MoveEast;(11, 9);False;1;1594
;(9, 3);MoveEast;(11, 9);False;1;1595
;(9, 3);MoveEast;(11, 9);False;1;1596
;(9, 3);MoveEast;(11, 9);False;1;1597
;(9, 3);MoveEast;(11, 9);False;1;1598
;(9, 3);MoveEast;(11, 9);False;1;1599
;(9, 3);MoveEast;(11, 9);False;1;1600
;(9, 3);MoveEast;(11, 9);False;1;1601
;(9, 3);MoveEast;(12, 9);False;1;1602
;(9, 3);MoveEast;(12, 9);False;1;1603
;(9, 3);MoveEast;(12, 9);False;1;1604
;(9, 3);MoveEast;(12, 9);False;1;1605
;(9, 3);MoveEast;(12, 9);False;1;1606
;(9, 3);MoveEast;(12, 9);False;1;1607
;(9, 3);MoveEast;(12, 9);False;1;1608
;(9, 3);MoveEast;(12, 9);False;1;1609
;(9, 3);MoveEast;(12, 9);False;1;1610
;(9, 3);MoveEast;(12, 9);False;1;1611
;(9, 3);MoveEast;(12, 9);False;1;1612
;(9, 3);MoveEast;(13, 9);False;1;1613
;(9, 3);MoveWest;(13, 9);False;1;1614
;(9, 3);MoveWest;(13, 9);False;1;1615
;(9, 3);MoveWest;(13, 9);False;1;1616
;(9, 3);MoveWest;(13, 9);False;1;1617
;(9, 3);MoveWest;(13, 9);False;1;1618
;(9, 3);MoveWest;(13, 9);False;1;1619
;(9, 3);MoveWest;(13, 9);False;1;1620
;(9, 3);MoveWest;(13, 9);False;1;1621
;(9, 3);MoveWest;(13, 9);False;1;1622
;(9, 3);MoveWest;(13, 9);False;1;1623
;(9, 3);MoveWest;(12, 9);False;1;1624
;(9, 3);MoveWest;(12, 9);False;1;1625
;(9, 3);MoveWest;(12, 9);False;1;1626
;(9, 3);MoveWest;(12, 9);False;1;1627
;(9, 3);MoveWest;(12, 9);False;1;1628
;(9, 3);MoveWest;(12, 9);False;1;1629
;(9, 3);MoveWest;(12, 9);False;1;1630
;(9, 3);MoveWest;(12, 9);False;1;1631
;(9, 3);MoveWest;(12, 9);False;1;1632
;(9, 3);MoveWest;(12, 9);False;1;1633
;(9, 3);MoveWest;(12, 9);False;1;1634
;(9, 3);MoveWest;(11, 9);False;1;1635
;(9, 3);MoveEast;(11, 9);False;1;1636
;(9, 3);MoveEast;(11, 9);False;1;1637
;(9, 3);MoveEast;(11, 9);False;1;1638
;(9, 3);MoveEast;(11, 9);False;1;1639
;(9, 3);MoveEast;(11, 9);False;1;1640
;(9, 3);MoveEast;(11, 9);False;1;1641
;(9, 3);MoveEast;(11, 9);False;1;1642
;(9, 3);MoveEast;(11, 9);False;1;1643
;(9, 3);MoveEast;(11, 9);False;1;1644
;(9, 3);MoveEast;(11, 9);False;1;1645
;(9, 3);MoveEast;(12, 9);False;1;1646
;(9, 3);MoveEast;(12, 9);False;1;1647
;(9, 3);MoveEast;(12, 9);False;1;1648
;(9, 3);MoveEast;(12, 9);False;1;1649
;(9, 3);MoveEast;(12, 9);False;1;1650
;(9, 3);MoveEast;(12, 9);False;1;1651
;(9, 3);MoveEast;(12, 9);False;1;1652
;(9, 3);MoveEast;(12, 9);False;1;1653
;(9, 3);MoveEast;(12, 9);False;1;1654
;(9, 3);MoveEast;(12, 9);False;1;1655
;(9, 3);MoveEast;(12, 9);False;1;1656
;(9, 3);MoveEast;(13, 9);False;1;1657
;(9, 3);MoveWest;(13, 9);False;1;1658
;(9, 3);MoveWest;(13, 9);False;1;1659
;(9, 3);MoveWest;(13, 9);False;1;1660
;(9, 3);MoveWest;(13, 9);False;1;1661
;(9, 3);MoveWest;(13, 9);False;1;1662
;(9, 3);MoveWest;(13, 9);False;1;1663
;(9, 3);MoveWest;(13, 9);False;1;1664
;(9, 3);MoveWest;(13, 9);False;1;1665
;(9, 3);MoveWest;(13, 9);False;1;1666
;(9, 3);MoveWest;(13, 9);False;1;1667
;(9, 3);MoveWest;(12, 9);False;1;1668
;(9, 3);MoveWest;(12, 9);False;1;1669
;(9, 3);MoveWest;(12, 9);False;1;1670
;(9, 3);MoveWest;(12, 9);False;1;1671
;(9, 3);MoveWest;(12, 9);False;1;1672
;(9, 3);MoveWest;(12, 9);False;1;1673
;(9, 3);MoveWest;(12, 9);False;1;1674
;(9, 3);MoveWest;(12, 9);False;1;1675
;(9, 3);MoveWest;(12, 9);False;1;1676
;(9, 3);MoveWest;(12, 9);False;1;1677
;(9, 3);MoveWest;(12, 9);False;1;1678
;(9, 3);MoveWest;(11, 9);False;1;1679
;(9, 3);;(11, 9);False;1;1680
;(9, 3);MoveEast;(11, 9);False;1;1681
;(9, 3);MoveEast;(11, 9);False;1;1682
;(9, 3);MoveEast;(11, 9);False;1;1683
;(9, 3);MoveEast;(11, 9);False;1;1684
;(9, 3);MoveEast;(11, 9);False;1;1685
;(9, 3);MoveEast;(11, 9);False;1;1686
;(9, 3);MoveEast;(11, 9);False;1;1687
;(9, 3);MoveEast;(11, 9);False;1;1688
;(9, 3);MoveEast;(11, 9);False;1;1689
;(9, 3);MoveEast;(11, 9);False;1;1690
;(9, 3);MoveEast;(12, 9);False;1;1691
;(9, 3);MoveEast;(12, 9);False;1;1692
;(9, 3);MoveEast;(12, 9);False;1;1693
;(9, 3);MoveEast;(12, 9);False;1;1694
;(9, 3);MoveEast;(12, 9);False;1;1695
;(9, 3);MoveEast;(12, 9);False;1;1696
;(9, 3);MoveEast;(12, 9);False;1;1697
;(9, 3);MoveEast;(12, 9);False;1;1698
;(9, 3);MoveEast;(12, 9);False;1;1699
;(9, 3);MoveEast;(12, 9);False;1;1700
;(9, 3);MoveEast;(12, 9);False;1;1701
;(9, 3);MoveEast;(13, 9);False;1;1702
;(9, 3);MoveWest;(13, 9);False;1;1703
;(9, 3);MoveWest;(13, 9);False;1;1704
;(9, 3);MoveWest;(13, 9);False;1;1705
;(9, 3);MoveWest;(13, 9);False;1;1706
;(9, 3);MoveWest;(13, 9);False;1;1707
;(9, 3);MoveWest;(13, 9);False;1;1708
;(9, 3);MoveWest;(13, 9);False;1;1709
;(9, 3);MoveWest;(13, 9);False;1;1710
;(9, 3);MoveWest;(13, 9);False;1;1711
;(9, 3);MoveWest;(13, 9);False;1;1712
;(9, 3);MoveWest;(12, 9);False;1;1713
;(9, 3);MoveWest;(12, 9);False;1;1714
;(9, 3);MoveWest;(12, 9);False;1;1715
;(9, 3);MoveWest;(12, 9);False;1;1716
;(9, 3);MoveWest;(12, 9);False;1;1717
;(9, 3);MoveWest;(12, 9);False;1;1718
;(9, 3);MoveWest;(12, 9);False;1;1719
;(9, 3);MoveWest;(12, 9);False;1;1720
;(9, 3);MoveWest;(12, 9);False;1;1721
;(9, 3);MoveWest;(12, 9);False;1;1722
;(9, 3);MoveWest;(12, 9);False;1;1723
;(9, 3);MoveWest;(11, 9);False;1;1724
;(9, 3);MoveEast;(11, 9);False;1;1725
;(9, 3);MoveEast;(11, 9);False;1;1726
;(9, 3);MoveEast;(11, 9);False;1;1727
;(9, 3);MoveEast;(11, 9);False;1;1728
;(9, 3);MoveEast;(11, 9);False;1;1729
;(9, 3);MoveEast;(11, 9);False;1;1730
;(9, 3);MoveEast;(11, 9);False;1;1731
;(9, 3);MoveEast;(11, 9);False;1;1732
;(9, 3);MoveEast;(11, 9);False;1;1733
;(9, 3);MoveEast;(11, 9);False;1;1734
;(9, 3);MoveEast;(12, 9);False;1;1735
;(9, 3);MoveEast;(12, 9);False;1;1736
;(9, 3);MoveEast;(12, 9);False;1;1737
;(9, 3);MoveEast;(12, 9);False;1;1738
;(9, 3);MoveEast;(12, 9);False;1;1739
;(9, 3);MoveEast;(12, 9);False;1;1740
;(9, 3);MoveEast;(12, 9);False;1;1741
;(9, 3);MoveEast;(12, 9);False;1;1742
;(9, 3);MoveEast;(12, 9);False;1;1743
;(9, 3);MoveEast;(12, 9);False;1;1744
;(9, 3);MoveEast;(12, 9);False;1;1745
;(9, 3);MoveEast;(13, 9);False;1;1746
;(9, 3);MoveWest;(13, 9);False;1;1747
;(9, 3);MoveWest;(13, 9);False;1;1748
;(9, 3);MoveWest;(13, 9);False;1;1749
;(9, 3);MoveWest;(13, 9);False;1;1750
;(9, 3);MoveWest;(13, 9);False;1;1751
;(9, 3);MoveWest;(13, 9);False;1;1752
;(9, 3);MoveWest;(13, 9);False;1;1753
;(9, 3);MoveWest;(13, 9);False;1;1754
;(9, 3);MoveWest;(13, 9);False;1;1755
;(9, 3);MoveWest;(13, 9);False;1;1756
;(9, 3);MoveWest;(12, 9);False;1;1757
;(9, 3);MoveWest;(12, 9);False;1;1758
;(9, 3);MoveWest;(12, 9);False;1;1759
;(9, 3);MoveWest;(12, 9);False;1;1760
;(9, 3);MoveWest;(12, 9);False;1;1761
;(9, 3);MoveWest;(12, 9);False;1;1762
;(9, 3);MoveWest;(12, 9);False;1;1763
;(9, 3);MoveWest;(12, 9);False;1;1764
;(9, 3);MoveWest;(12, 9);False;1;1765
;(9, 3);MoveWest;(12, 9);False;1;1766
;(9, 3);MoveWest;(12, 9);False;1;1767
;(9, 3);MoveWest;(11, 9);False;1;1768
;(9, 3);MoveEast;(11, 9);False;1;1769
;(9, 3);MoveEast;(11, 9);False;1;1770
;(9, 3);MoveEast;(11, 9);False;1;1771
;(9, 3);MoveEast;(11, 9);False;1;1772
;(9, 3);MoveEast;(11, 9);False;1;1773
;(9, 3);MoveEast;(11, 9);False;1;1774
;(9, 3);MoveEast;(11, 9);False;1;1775
;(9, 3);MoveEast;(11, 9);False;1;1776
;(9, 3);MoveEast;(11, 9);False;1;1777
;(9, 3);MoveEast;(11, 9);False;1;1778
;(9, 3);MoveEast;(12, 9);False;1;1779
;(9, 3);MoveEast;(12, 9);False;1;1780
;(9, 3);MoveEast;(12, 9);False;1;1781
;(9, 3);MoveEast;(12, 9);False;1;1782
;(9, 3);MoveEast;(12, 9);False;1;1783
;(9, 3);MoveEast;(12, 9);False;1;1784
;(9, 3);MoveEast;(12, 9);False;1;1785
;(9, 3);MoveEast;(12, 9);False;1;1786
;(9, 3);MoveEast;(12, 9);False;1;1787
;(9, 3);MoveEast;(12, 9);False;1;1788
;(9, 3);MoveEast;(12, 9);False;1;1789
;(9, 3);MoveEast;(13, 9);False;1;1790
;(9, 3);MoveWest;(13, 9);False;1;1791
;(9, 3);MoveWest;(13, 9);False;1;1792
;(9, 3);MoveWest;(13, 9);False;1;1793
;(9, 3);MoveWest;(13, 9);False;1;1794
;(9, 3);MoveWest;(13, 9);False;1;1795
;(9, 3);MoveWest;(13, 9);False;1;1796
;(9, 3);MoveWest;(13, 9);False;1;1797
;(9, 3);MoveWest;(13, 9);False;1;1798
;(9, 3);MoveWest;(13, 9);False;1;1799
;(9, 3);MoveWest;(13, 9);False;1;1800
;(9, 3);MoveWest;(12, 9);False;1;1801
;(9, 3);MoveWest;(12, 9);False;1;1802
;(9, 3);MoveWest;(12, 9);False;1;1803
;(9, 3);MoveWest;(12, 9);False;1;1804
;(9, 3);MoveWest;(12, 9);False;1;1805
;(9, 3);MoveWest;(12, 9);False;1;1806
;(9, 3);MoveWest;(12, 9);False;1;1807
;(9, 3);MoveWest;(12, 9);False;1;1808
;(9, 3);MoveWest;(12, 9);False;1;1809
;(9, 3);MoveWest;(12, 9);False;1;1810
;(9, 3);MoveWest;(12, 9);False;1;1811
;(9, 3);MoveWest;(11, 9);False;1;1812
;(9, 3);;(11, 9);False;1;1813
;(9, 3);MoveEast;(11, 9);False;1;1814
;(9, 3);MoveEast;(11, 9);False;1;1815
;(9, 3);MoveEast;(11, 9);False;1;1816
;(9, 3);MoveEast;(11, 9);False;1;1817
;(9, 3);MoveEast;(11, 9);False;1;1818
;(9, 3);MoveEast;(11, 9);False;1;1819
;(9, 3);MoveEast;(11, 9);False;1;1820
;(9, 3);MoveEast;(11, 9);False;1;1821
;(9, 3);MoveEast;(11, 9);False;1;1822
;(9, 3);MoveEast;(11, 9);False;1;1823
;(9, 3);MoveEast;(12, 9);False;1;1824
;(9, 3);MoveEast;(12, 9);False;1;1825
;(9, 3);MoveEast;(12, 9);False;1;1826
;(9, 3);MoveEast;(12, 9);False;1;1827
;(9, 3);MoveEast;(12, 9);False;1;1828
;(9, 3);MoveEast;(12, 9);False;1;1829
;(9, 3);MoveEast;(12, 9);False;1;1830
;(9, 3);MoveEast;(12, 9);False;1;1831
;(9, 3);MoveEast;(12, 9);False;1;1832
;(9, 3);MoveEast;(12, 9);False;1;1833
;(9, 3);MoveEast;(12, 9);False;1;1834
;(9, 3);MoveEast;(13, 9);False;1;1835
;(9, 3);MoveWest;(13, 9);False;1;1836
;(9, 3);MoveWest;(13, 9);False;1;1837
;(9, 3);MoveWest;(13, 9);False;1;1838
;(9, 3);MoveWest;(13, 9);False;1;1839
;(9, 3);MoveWest;(13, 9);False;1;1840
;(9, 3);MoveWest;(13, 9);False;1;1841
;(9, 3);MoveWest;(13, 9);False;1;1842
;(9, 3);MoveWest;(13, 9);False;1;1843
;(9, 3);MoveWest;(13, 9);False;1;1844
;(9, 3);MoveWest;(13, 9);False;1;1845
;(9, 3);MoveWest;(12, 9);False;1;1846
;(9, 3);MoveWest;(12, 9);False;1;1847
;(9, 3);MoveWest;(12, 9);False;1;1848
;(9, 3);MoveWest;(12, 9);False;1;1849
;(9, 3);MoveWest;(12, 9);False;1;1850
;(9, 3);MoveWest;(12, 9);False;1;1851
;(9, 3);MoveWest;(12, 9);False;1;1852
;(9, 3);MoveWest;(12, 9);False;1;1853
;(9, 3);MoveWest;(12, 9);False;1;1854
;(9, 3);MoveWest;(12, 9);False;1;1855
;(9, 3);MoveWest;(12, 9);False;1;1856
;(9, 3);MoveWest;(11, 9);False;1;1857
;(9, 3);MoveEast;(11, 9);False;1;1858
;(9, 3);MoveEast;(11, 9);False;1;1859
;(9, 3);MoveEast;(11, 9);False;1;1860
;(9, 3);MoveEast;(11, 9);False;1;1861
;(9, 3);MoveEast;(11, 9);False;1;1862
;(9, 3);MoveEast;(11, 9);False;1;1863
;(9, 3);MoveEast;(11, 9);False;1;1864
;(9, 3);MoveEast;(11, 9);False;1;1865
;(9, 3);MoveEast;(11, 9);False;1;1866
;(9, 3);MoveEast;(11, 9);False;1;1867
;(9, 3);MoveEast;(12, 9);False;1;1868
;(9, 3);MoveEast;(12, 9);False;1;1869
;(9, 3);MoveEast;(12, 9);False;1;1870
;(9, 3);MoveEast;(12, 9);False;1;1871
;(9, 3);MoveEast;(12, 9);False;1;1872
;(9, 3);MoveEast;(12, 9);False;1;1873
;(9, 3);MoveEast;(12, 9);False;1;1874
;(9, 3);MoveEast;(12, 9);False;1;1875
;(9, 3);MoveEast;(12, 9);False;1;1876
;(9, 3);MoveEast;(12, 9);False;1;1877
;(9, 3);MoveEast;(12, 9);False;1;1878
;(9, 3);MoveEast;(13, 9);False;1;1879
;(9, 3);MoveWest;(13, 9);False;1;1880
;(9, 3);MoveWest;(13, 9);False;1;1881
;(9, 3);MoveWest;(13, 9);False;1;1882
;(9, 3);MoveWest;(13, 9);False;1;1883
;(9, 3);MoveWest;(13, 9);False;1;1884
;(9, 3);MoveWest;(13, 9);False;1;1885
;(9, 3);MoveWest;(13, 9);False;1;1886
;(9, 3);MoveWest;(13, 9);False;1;1887
;(9, 3);MoveWest;(13, 9);False;1;1888
;(9, 3);MoveWest;(13, 9);False;1;1889
;(9, 3);MoveWest;(12, 9);False;1;1890
;(9, 3);MoveWest;(12, 9);False;1;1891
;(9, 3);MoveWest;(12, 9);False;1;1892
;(9, 3);MoveWest;(12, 9);False;1;1893
;(9, 3);MoveWest;(12, 9);False;1;1894
;(9, 3);MoveWest;(12, 9);False;1;1895
;(9, 3);MoveWest;(12, 9);False;1;1896
;(9, 3);MoveWest;(12, 9);False;1;1897
;(9, 3);MoveWest;(12, 9);False;1;1898
;(9, 3);MoveWest;(12, 9);False;1;1899
;(9, 3);MoveWest;(12, 9);False;1;1900
;(9, 3);MoveWest;(11, 9);False;1;1901
;(9, 3);MoveEast;(11, 9);False;1;1902
;(9, 3);MoveEast;(11, 9);False;1;1903
;(9, 3);MoveEast;(11, 9);False;1;1904
;(9, 3);MoveEast;(11, 9);False;1;1905
;(9, 3);MoveEast;(11, 9);False;1;1906
;(9, 3);MoveEast;(11, 9);False;1;1907
;(9, 3);MoveEast;(11, 9);False;1;1908
;(9, 3);MoveEast;(11, 9);False;1;1909
;(9, 3);MoveEast;(11, 9);False;1;1910
;(9, 3);MoveEast;(11, 9);False;1;1911
;(9, 3);MoveEast;(12, 9);False;1;1912
;(9, 3);MoveEast;(12, 9);False;1;1913
;(9, 3);MoveEast;(12, 9);False;1;1914
;(9, 3);MoveEast;(12, 9);False;1;1915
;(9, 3);MoveEast;(12, 9);False;1;1916
;(9, 3);MoveEast;(12, 9);False;1;1917
;(9, 3);MoveEast;(12, 9);False;1;1918
;(9, 3);MoveEast;(12, 9);False;1;1919
;(9, 3);MoveEast;(12, 9);False;1;1920
;(9, 3);MoveEast;(12, 9);False;1;1921
;(9, 3);MoveEast;(12, 9);False;1;1922
;(9, 3);MoveEast;(13, 9);False;1;1923
;(9, 3);MoveWest;(13, 9);False;1;1924
;(9, 3);MoveWest;(13, 9);False;1;1925
;(9, 3);MoveWest;(13, 9);False;1;1926
;(9, 3);MoveWest;(13, 9);False;1;1927
;(9, 3);MoveWest;(13, 9);False;1;1928
;(9, 3);MoveWest;(13, 9);False;1;1929
;(9, 3);MoveWest;(13, 9);False;1;1930
;(9, 3);MoveWest;(13, 9);False;1;1931
;(9, 3);MoveWest;(13, 9);False;1;1932
;(9, 3);MoveWest;(13, 9);False;1;1933
;(9, 3);MoveWest;(12, 9);False;1;1934
;(9, 3);MoveWest;(12, 9);False;1;1935
;(9, 3);MoveWest;(12, 9);False;1;1936
;(9, 3);MoveWest;(12, 9);False;1;1937
;(9, 3);MoveWest;(12, 9);False;1;1938
;(9, 3);MoveWest;(12, 9);False;1;1939
;(9, 3);MoveWest;(12, 9);False;1;1940
;(9, 3);MoveWest;(12, 9);False;1;1941
;(9, 3);MoveWest;(12, 9);False;1;1942
;(9, 3);MoveWest;(12, 9);False;1;1943
;(9, 3);MoveWest;(12, 9);False;1;1944
;(9, 3);MoveWest;(11, 9);False;1;1945
;(9, 3);;(11, 9);False;1;1946
;(9, 3);MoveEast;(11, 9);False;1;1947
;(9, 3);MoveEast;(11, 9);False;1;1948
;(9, 3);MoveEast;(11, 9);False;1;1949
;(9, 3);MoveEast;(11, 9);False;1;1950
;(9, 3);MoveEast;(11, 9);False;1;1951
;(9, 3);MoveEast;(11, 9);False;1;1952
;(9, 3);MoveEast;(11, 9);False;1;1953
;(9, 3);MoveEast;(11, 9);False;1;1954
;(9, 3);MoveEast;(11, 9);False;1;1955
;(9, 3);MoveEast;(11, 9);False;1;1956
;(9, 3);MoveEast;(12, 9);False;1;1957
;(9, 3);MoveEast;(12, 9);False;1;1958
;(9, 3);MoveEast;(12, 9);False;1;1959
;(9, 3);MoveEast;(12, 9);False;1;1960
;(9, 3);MoveEast;(12, 9);False;1;1961
;(9, 3);MoveEast;(12, 9);False;1;1962
;(9, 3);MoveEast;(12, 9);False;1;1963
;(9, 3);MoveEast;(12, 9);False;1;1964
;(9, 3);MoveEast;(12, 9);False;1;1965
;(9, 3);MoveEast;(12, 9);False;1;1966
;(9, 3);MoveEast;(12, 9);False;1;1967
;(9, 3);MoveEast;(13, 9);False;1;1968
;(9, 3);MoveWest;(13, 9);False;1;1969
;(9, 3);MoveWest;(13, 9);False;1;1970
;(9, 3);MoveWest;(13, 9);False;1;1971
;(9, 3);MoveWest;(13, 9);False;1;1972
;(9, 3);MoveWest;(13, 9);False;1;1973
;(9, 3);MoveWest;(13, 9);False;1;1974
;(9, 3);MoveWest;(13, 9);False;1;1975
;(9, 3);MoveWest;(13, 9);False;1;1976
;(9, 3);MoveWest;(13, 9);False;1;1977
;(9, 3);MoveWest;(13, 9);False;1;1978
;(9, 3);MoveWest;(12, 9);False;1;1979
;(9, 3);MoveWest;(12, 9);False;1;1980
;(9, 3);MoveWest;(12, 9);False;1;1981
;(9, 3);MoveWest;(12, 9);False;1;1982
;(9, 3);MoveWest;(12, 9);False;1;1983
;(9, 3);MoveWest;(12, 9);False;1;1984
;(9, 3);MoveWest;(12, 9);False;1;1985
;(9, 3);MoveWest;(12, 9);False;1;1986
;(9, 3);MoveWest;(12, 9);False;1;1987
;(9, 3);MoveWest;(12, 9);False;1;1988
;(9, 3);MoveWest;(12, 9);False;1;1989
;(9, 3);MoveWest;(11, 9);False;1;1990
;(9, 3);MoveEast;(11, 9);False;1;1991
;(9, 3);MoveEast;(11, 9);False;1;1992
;(9, 3);MoveEast;(11, 9);False;1;1993
;(9, 3);MoveEast;(11, 9);False;1;1994
;(9, 3);MoveEast;(11, 9);False;1;1995
;(9, 3);MoveEast;(11, 9);False;1;1996
;(9, 3);MoveEast;(11, 9);False;1;1997
;(9, 3);MoveEast;(11, 9);False;1;1998
;(9, 3);MoveEast;(11, 9);False;1;1999
;(9, 3);MoveEast;(11, 9);False;1;2000
;(9, 3);MoveEast;(12, 9);False;1;2001
;(9, 3);MoveEast;(12, 9);False;1;2002
;(9, 3);MoveEast;(12, 9);False;1;2003
;(9, 3);MoveEast;(12, 9);False;1;2004
;(9, 3);MoveEast;(12, 9);False;1;2005
;(9, 3);MoveEast;(12, 9);False;1;2006
;(9, 3);MoveEast;(12, 9);False;1;2007
;(9, 3);MoveEast;(12, 9);False;1;2008
;(9, 3);MoveEast;(12, 9);False;1;2009
;(9, 3);MoveEast;(12, 9);False;1;2010
;(9, 3);MoveEast;(12, 9);False;1;2011
;(9, 3);MoveEast;(13, 9);False;1;2012
;(9, 3);MoveWest;(13, 9);False;1;2013
;(9, 3);MoveWest;(13, 9);False;1;2014
;(9, 3);MoveWest;(13, 9);False;1;2015
;(9, 3);MoveWest;(13, 9);False;1;2016
;(9, 3);MoveWest;(13, 9);False;1;2017
;(9, 3);MoveWest;(13, 9);False;1;2018
;(9, 3);MoveWest;(13, 9);False;1;2019
;(9, 3);MoveWest;(13, 9);False;1;2020
;(9, 3);MoveWest;(13, 9);False;1;2021
;(9, 3);MoveWest;(13, 9);False;1;2022
;(9, 3);MoveWest;(12, 9);False;1;2023
;(9, 3);MoveWest;(12, 9);False;1;2024
;(9, 3);MoveWest;(12, 9);False;1;2025
;(9, 3);MoveWest;(12, 9);False;1;2026
;(9, 3);MoveWest;(12, 9);False;1;2027
;(9, 3);MoveWest;(12, 9);False;1;2028
;(9, 3);MoveWest;(12, 9);False;1;2029
;(9, 3);MoveWest;(12, 9);False;1;2030
;(9, 3);MoveWest;(12, 9);False;1;2031
;(9, 3);MoveWest;(12, 9);False;1;2032
;(9, 3);MoveWest;(12, 9);False;1;2033
;(9, 3);MoveWest;(11, 9);False;1;2034
;(9, 3);MoveEast;(11, 9);False;1;2035
;(9, 3);MoveEast;(11, 9);False;1;2036
;(9, 3);MoveEast;(11, 9);False;1;2037
;(9, 3);MoveEast;(11, 9);False;1;2038
;(9, 3);MoveEast;(11, 9);False;1;2039
;(9, 3);MoveEast;(11, 9);False;1;2040
;(9, 3);MoveEast;(11, 9);False;1;2041
;(9, 3);MoveEast;(11, 9);False;1;2042
;(9, 3);MoveEast;(11, 9);False;1;2043
;(9, 3);MoveEast;(11, 9);False;1;2044
;(9, 3);MoveEast;(12, 9);False;1;2045
;(9, 3);MoveEast;(12, 9);False;1;2046
;(9, 3);MoveEast;(12, 9);False;1;2047
;(9, 3);MoveEast;(12, 9);False;1;2048
;(9, 3);MoveEast;(12, 9);False;1;2049
;(9, 3);MoveEast;(12, 9);False;1;2050
;(9, 3);MoveEast;(12, 9);False;1;2051
;(9, 3);MoveEast;(12, 9);False;1;2052
;(9, 3);MoveEast;(12, 9);False;1;2053
;(9, 3);MoveEast;(12, 9);False;1;2054
;(9, 3);MoveEast;(12, 9);False;1;2055
;(9, 3);MoveEast;(13, 9);False;1;2056
;(9, 3);MoveWest;(13, 9);False;1;2057
;(9, 3);MoveWest;(13, 9);False;1;2058
;(9, 3);MoveWest;(13, 9);False;1;2059
;(9, 3);MoveWest;(13, 9);False;1;2060
;(9, 3);MoveWest;(13, 9);False;1;2061
;(9, 3);MoveWest;(13, 9);False;1;2062
;(9, 3);MoveWest;(13, 9);False;1;2063
;(9, 3);MoveWest;(13, 9);False;1;2064
;(9, 3);MoveWest;(13, 9);False;1;2065
;(9, 3);MoveWest;(13, 9);False;1;2066
;(9, 3);MoveWest;(12, 9);False;1;2067
;(9, 3);MoveWest;(12, 9);False;1;2068
;(9, 3);MoveWest;(12, 9);False;1;2069
;(9, 3);MoveWest;(12, 9);False;1;2070
;(9, 3);MoveWest;(12, 9);False;1;2071
;(9, 3);MoveWest;(12, 9);False;1;2072
;(9, 3);MoveWest;(12, 9);False;1;2073
;(9, 3);MoveWest;(12, 9);False;1;2074
;(9, 3);MoveWest;(12, 9);False;1;2075
;(9, 3);MoveWest;(12, 9);False;1;2076
;(9, 3);MoveWest;(12, 9);False;1;2077
;(9, 3);MoveWest;(11, 9);False;1;2078
;(9, 3);;(11, 9);False;1;2079
;(9, 3);MoveEast;(11, 9);False;1;2080
;(9, 3);MoveEast;(11, 9);False;1;2081
;(9, 3);MoveEast;(11, 9);False;1;2082
;(9, 3);MoveEast;(11, 9);False;1;2083
;(9, 3);MoveEast;(11, 9);False;1;2084
;(9, 3);MoveEast;(11, 9);False;1;2085
;(9, 3);MoveEast;(11, 9);False;1;2086
;(9, 3);MoveEast;(11, 9);False;1;2087
;(9, 3);MoveEast;(11, 9);False;1;2088
;(9, 3);MoveEast;(11, 9);False;1;2089
;(9, 3);MoveEast;(12, 9);False;1;2090
;(9, 3);MoveEast;(12, 9);False;1;2091
;(9, 3);MoveEast;(12, 9);False;1;2092
;(9, 3);MoveEast;(12, 9);False;1;2093
;(9, 3);MoveEast;(12, 9);False;1;2094
;(9, 3);MoveEast;(12, 9);False;1;2095
;(9, 3);MoveEast;(12, 9);False;1;2096
;(9, 3);MoveEast;(12, 9);False;1;2097
;(9, 3);MoveEast;(12, 9);False;1;2098
;(9, 3);MoveEast;(12, 9);False;1;2099
;(9, 3);MoveEast;(12, 9);False;1;2100
;(9, 3);MoveEast;(13, 9);False;1;2101
;(9, 3);MoveWest;(13, 9);False;1;2102
;(9, 3);MoveWest;(13, 9);False;1;2103
;(9, 3);MoveWest;(13, 9);False;1;2104
;(9, 3);MoveWest;(13, 9);False;1;2105
;(9, 3);MoveWest;(13, 9);False;1;2106
;(9, 3);MoveWest;(13, 9);False;1;2107
;(9, 3);MoveWest;(13, 9);False;1;2108
;(9, 3);MoveWest;(13, 9);False;1;2109
;(9, 3);MoveWest;(13, 9);False;1;2110
;(9, 3);MoveWest;(13, 9);False;1;2111
;(9, 3);MoveWest;(12, 9);False;1;2112
;(9, 3);MoveWest;(12, 9);False;1;2113
;(9, 3);MoveWest;(12, 9);False;1;2114
;(9, 3);MoveWest;(12, 9);False;1;2115
;(9, 3);MoveWest;(12, 9);False;1;2116
;(9, 3);MoveWest;(12, 9);False;1;2117
;(9, 3);MoveWest;(12, 9);False;1;2118
;(9, 3);MoveWest;(12, 9);False;1;2119
;(9, 3);MoveWest;(12, 9);False;1;2120
;(9, 3);MoveWest;(12, 9);False;1;2121
;(9, 3);MoveWest;(12, 9);False;1;2122
;(9, 3);MoveWest;(11, 9);False;1;2123
;(9, 3);MoveEast;(11, 9);False;1;2124
;(9, 3);MoveEast;(11, 9);False;1;2125
;(9, 3);MoveEast;(11, 9);False;1;2126
;(9, 3);MoveEast;(11, 9);False;1;2127
;(9, 3);MoveEast;(11, 9);False;1;2128
;(9, 3);MoveEast;(11, 9);False;1;2129
;(9, 3);MoveEast;(11, 9);False;1;2130
;(9, 3);MoveEast;(11, 9);False;1;2131
;(9, 3);MoveEast;(11, 9);False;1;2132
;(9, 3);MoveEast;(11, 9);False;1;2133
;(9, 3);MoveEast;(12, 9);False;1;2134
;(9, 3);MoveEast;(12, 9);False;1;2135
;(9, 3);MoveEast;(12, 9);False;1;2136
;(9, 3);MoveEast;(12, 9);False;1;2137
;(9, 3);MoveEast;(12, 9);False;1;2138
;(9, 3);MoveEast;(12, 9);False;1;2139
;(9, 3);MoveEast;(12, 9);False;1;2140
;(9, 3);MoveEast;(12, 9);False;1;2141
;(9, 3);MoveEast;(12, 9);False;1;2142
;(9, 3);MoveEast;(12, 9);False;1;2143
;(9, 3);MoveEast;(12, 9);False;1;2144
;(9, 3);MoveEast;(13, 9);False;1;2145
;(9, 3);MoveWest;(13, 9);False;1;2146
;(9, 3);MoveWest;(13, 9);False;1;2147
;(9, 3);MoveWest;(13, 9);False;1;2148
;(9, 3);MoveWest;(13, 9);False;1;2149
;(9, 3);MoveWest;(13, 9);False;1;2150
;(9, 3);MoveWest;(13, 9);False;1;2151
;(9, 3);MoveWest;(13, 9);False;1;2152
;(9, 3);MoveWest;(13, 9);False;1;2153
;(9, 3);MoveWest;(13, 9);False;1;2154
;(9, 3);MoveWest;(13, 9);False;1;2155
;(9, 3);MoveWest;(12, 9);False;1;2156
;(9, 3);MoveWest;(12, 9);False;1;2157
;(9, 3);MoveWest;(12, 9);False;1;2158
;(9, 3);MoveWest;(12, 9);False;1;2159
;(9, 3);MoveWest;(12, 9);False;1;2160
;(9, 3);MoveWest;(12, 9);False;1;2161
;(9, 3);MoveWest;(12, 9);False;1;2162
;(9, 3);MoveWest;(12, 9);False;1;2163
;(9, 3);MoveWest;(12, 9);False;1;2164
;(9, 3);MoveWest;(12, 9);False;1;2165
;(9, 3);MoveWest;(12, 9);False;1;2166
;(9, 3);MoveWest;(11, 9);False;1;2167
;(9, 3);MoveEast;(11, 9);False;1;2168
;(9, 3);MoveEast;(11, 9);False;1;2169
;(9, 3);MoveEast;(11, 9);False;1;2170
;(9, 3);MoveEast;(11, 9);False;1;2171
;(9, 3);MoveEast;(11, 9);False;1;2172
;(9, 3);MoveEast;(11, 9);False;1;2173
;(9, 3);MoveEast;(11, 9);False;1;2174
;(9, 3);MoveEast;(11, 9);False;1;2175
;(9, 3);MoveEast;(11, 9);False;1;2176
;(9, 3);MoveEast;(11, 9);False;1;2177
;(9, 3);MoveEast;(12, 9);False;1;2178
;(9, 3);MoveEast;(12, 9);False;1;2179
;(9, 3);MoveEast;(12, 9);False;1;2180
;(9, 3);MoveEast;(12, 9);False;1;2181
;(9, 3);MoveEast;(12, 9);False;1;2182
;(9, 3);MoveEast;(12, 9);False;1;2183
;(9, 3);MoveEast;(12, 9);False;1;2184
;(9, 3);MoveEast;(12, 9);False;1;2185
;(9, 3);MoveEast;(12, 9);False;1;2186
;(9, 3);MoveEast;(12, 9);False;1;2187
;(9, 3);MoveEast;(12, 9);False;1;2188
;(9, 3);MoveEast;(13, 9);False;1;2189
;(9, 3);MoveWest;(13, 9);False;1;2190
;(9, 3);MoveWest;(13, 9);False;1;2191
;(9, 3);MoveWest;(13, 9);False;1;2192
;(9, 3);MoveWest;(13, 9);False;1;2193
;(9, 3);MoveWest;(13, 9);False;1;2194
;(9, 3);MoveWest;(13, 9);False;1;2195
;(9, 3);MoveWest;(13, 9);False;1;2196
;(9, 3);MoveWest;(13, 9);False;1;2197
;(9, 3);MoveWest;(13, 9);False;1;2198
;(9, 3);MoveWest;(13, 9);False;1;2199
;(9, 3);MoveWest;(12, 9);False;1;2200
;(9, 3);MoveWest;(12, 9);False;1;2201
;(9, 3);MoveWest;(12, 9);False;1;2202
;(9, 3);MoveWest;(12, 9);False;1;2203
;(9, 3);MoveWest;(12, 9);False;1;2204
;(9, 3);MoveWest;(12, 9);False;1;2205
;(9, 3);MoveWest;(12, 9);False;1;2206
;(9, 3);MoveWest;(12, 9);False;1;2207
;(9, 3);MoveWest;(12, 9);False;1;2208
;(9, 3);MoveWest;(12, 9);False;1;2209
;(9, 3);MoveWest;(12, 9);False;1;2210
;(9, 3);MoveWest;(11, 9);False;1;2211
;(9, 3);;(11, 9);False;1;2212
;(9, 3);MoveEast;(11, 9);False;1;2213
;(9, 3);MoveEast;(11, 9);False;1;2214
;(9, 3);MoveEast;(11, 9);False;1;2215
;(9, 3);MoveEast;(11, 9);False;1;2216
;(9, 3);MoveEast;(11, 9);False;1;2217
;(9, 3);MoveEast;(11, 9);False;1;2218
;(9, 3);MoveEast;(11, 9);False;1;2219
;(9, 3);MoveEast;(11, 9);False;1;2220
;(9, 3);MoveEast;(11, 9);False;1;2221
;(9, 3);MoveEast;(11, 9);False;1;2222
;(9, 3);MoveEast;(12, 9);False;1;2223
;(9, 3);MoveEast;(12, 9);False;1;2224
;(9, 3);MoveEast;(12, 9);False;1;2225
;(9, 3);MoveEast;(12, 9);False;1;2226
;(9, 3);MoveEast;(12, 9);False;1;2227
;(9, 3);MoveEast;(12, 9);False;1;2228
;(9, 3);MoveEast;(12, 9);False;1;2229
;(9, 3);MoveEast;(12, 9);False;1;2230
;(9, 3);MoveEast;(12, 9);False;1;2231
;(9, 3);MoveEast;(12, 9);False;1;2232
;(9, 3);MoveEast;(12, 9);False;1;2233
;(9, 3);MoveEast;(13, 9);False;1;2234
;(9, 3);MoveWest;(13, 9);False;1;2235
;(9, 3);MoveWest;(13, 9);False;1;2236
;(9, 3);MoveWest;(13, 9);False;1;2237
;(9, 3);MoveWest;(13, 9);False;1;2238
;(9, 3);MoveWest;(13, 9);False;1;2239
;(9, 3);MoveWest;(13, 9);False;1;2240
;(9, 3);MoveWest;(13, 9);False;1;2241
;(9, 3);MoveWest;(13, 9);False;1;2242
;(9, 3);MoveWest;(13, 9);False;1;2243
;(9, 3);MoveWest;(13, 9);False;1;2244
;(9, 3);MoveWest;(12, 9);False;1;2245
;(9, 3);MoveWest;(12, 9);False;1;2246
;(9, 3);MoveWest;(12, 9);False;1;2247
;(9, 3);MoveWest;(12, 9);False;1;2248
;(9, 3);MoveWest;(12, 9);False;1;2249
;(9, 3);MoveWest;(12, 9);False;1;2250
;(9, 3);MoveWest;(12, 9);False;1;2251
;(9, 3);MoveWest;(12, 9);False;1;2252
;(9, 3);MoveWest;(12, 9);False;1;2253
;(9, 3);MoveWest;(12, 9);False;1;2254
;(9, 3);MoveWest;(12, 9);False;1;2255
;(9, 3);MoveWest;(11, 9);False;1;2256
;(9, 3);MoveEast;(11, 9);False;1;2257
;(9, 3);MoveEast;(11, 9);False;1;2258
;(9, 3);MoveEast;(11, 9);False;1;2259
;(9, 3);MoveEast;(11, 9);False;1;2260
;(9, 3);MoveEast;(11, 9);False;1;2261
;(9, 3);MoveEast;(11, 9);False;1;2262
;(9, 3);MoveEast;(11, 9);False;1;2263
;(9, 3);MoveEast;(11, 9);False;1;2264
;(9, 3);MoveEast;(11, 9);False;1;2265
;(9, 3);MoveEast;(11, 9);False;1;2266
;(9, 3);MoveEast;(12, 9);False;1;2267
;(9, 3);MoveEast;(12, 9);False;1;2268
;(9, 3);MoveEast;(12, 9);False;1;2269
;(9, 3);MoveEast;(12, 9);False;1;2270
;(9, 3);MoveEast;(12, 9);False;1;2271
;(9, 3);MoveEast;(12, 9);False;1;2272
;(9, 3);MoveEast;(12, 9);False;1;2273
;(9, 3);MoveEast;(12, 9);False;1;2274
;(9, 3);MoveEast;(12, 9);False;1;2275
;(9, 3);MoveEast;(12, 9);False;1;2276
;(9, 3);MoveEast;(12, 9);False;1;2277
;(9, 3);MoveEast;(13, 9);False;1;2278
;(9, 3);MoveWest;(13, 9);False;1;2279
;(9, 3);MoveWest;(13, 9);False;1;2280
;(9, 3);MoveWest;(13, 9);False;1;2281
;(9, 3);MoveWest;(13, 9);False;1;2282
;(9, 3);MoveWest;(13, 9);False;1;2283
;(9, 3);MoveWest;(13, 9);False;1;2284
;(9, 3);MoveWest;(13, 9);False;1;2285
;(9, 3);MoveWest;(13, 9);False;1;2286
;(9, 3);MoveWest;(13, 9);False;1;2287
;(9, 3);MoveWest;(13, 9);False;1;2288
;(9, 3);MoveWest;(12, 9);False;1;2289
;(9, 3);MoveWest;(12, 9);False;1;2290
;(9, 3);MoveWest;(12, 9);False;1;2291
;(9, 3);MoveWest;(12, 9);False;1;2292
;(9, 3);MoveWest;(12, 9);False;1;2293
;(9, 3);MoveWest;(12, 9);False;1;2294
;(9, 3);MoveWest;(12, 9);False;1;2295
;(9, 3);MoveWest;(12, 9);False;1;2296
;(9, 3);MoveWest;(12, 9);False;1;2297
;(9, 3);MoveWest;(12, 9);False;1;2298
;(9, 3);MoveWest;(12, 9);False;1;2299
;(9, 3);MoveWest;(11, 9);False;1;2300
;(9, 3);MoveEast;(11, 9);False;1;2301
;(9, 3);MoveEast;(11, 9);False;1;2302
;(9, 3);MoveEast;(11, 9);False;1;2303
;(9, 3);MoveEast;(11, 9);False;1;2304
;(9, 3);MoveEast;(11, 9);False;1;2305
;(9, 3);MoveEast;(11, 9);False;1;2306
;(9, 3);MoveEast;(11, 9);False;1;2307
;(9, 3);MoveEast;(11, 9);False;1;2308
;(9, 3);MoveEast;(11, 9);False;1;2309
;(9, 3);MoveEast;(11, 9);False;1;2310
;(9, 3);MoveEast;(12, 9);False;1;2311
;(9, 3);MoveEast;(12, 9);False;1;2312
;(9, 3);MoveEast;(12, 9);False;1;2313
;(9, 3);MoveEast;(12, 9);False;1;2314
;(9, 3);MoveEast;(12, 9);False;1;2315
;(9, 3);MoveEast;(12, 9);False;1;2316
;(9, 3);MoveEast;(12, 9);False;1;2317
;(9, 3);MoveEast;(12, 9);False;1;2318
;(9, 3);MoveEast;(12, 9);False;1;2319
;(9, 3);MoveEast;(12, 9);False;1;2320
;(9, 3);MoveEast;(12, 9);False;1;2321
;(9, 3);MoveEast;(13, 9);False;1;2322
;(9, 3);MoveWest;(13, 9);False;1;2323
;(9, 3);MoveWest;(13, 9);False;1;2324
;(9, 3);MoveWest;(13, 9);False;1;2325
;(9, 3);MoveWest;(13, 9);False;1;2326
;(9, 3);MoveWest;(13, 9);False;1;2327
;(9, 3);MoveWest;(13, 9);False;1;2328
;(9, 3);MoveWest;(13, 9);False;1;2329
;(9, 3);MoveWest;(13, 9);False;1;2330
;(9, 3);MoveWest;(13, 9);False;1;2331
;(9, 3);MoveWest;(13, 9);False;1;2332
;(9, 3);MoveWest;(12, 9);False;1;2333
;(9, 3);MoveWest;(12, 9);False;1;2334
;(9, 3);MoveWest;(12, 9);False;1;2335
;(9, 3);MoveWest;(12, 9);False;1;2336
;(9, 3);MoveWest;(12, 9);False;1;2337
;(9, 3);MoveWest;(12, 9);False;1;2338
;(9, 3);MoveWest;(12, 9);False;1;2339
;(9, 3);MoveWest;(12, 9);False;1;2340
;(9, 3);MoveWest;(12, 9);False;1;2341
;(9, 3);MoveWest;(12, 9);False;1;2342
;(9, 3);MoveWest;(12, 9);False;1;2343
;(9, 3);MoveWest;(11, 9);False;1;2344
;(9, 3);;(11, 9);False;1;2345
;(9, 3);MoveEast;(11, 9);False;1;2346
;(9, 3);MoveEast;(11, 9);False;1;2347
;(9, 3);MoveEast;(11, 9);False;1;2348
;(9, 3);MoveEast;(11, 9);False;1;2349
;(9, 3);MoveEast;(11, 9);False;1;2350
;(9, 3);MoveEast;(11, 9);False;1;2351
;(9, 3);MoveEast;(11, 9);False;1;2352
;(9, 3);MoveEast;(11, 9);False;1;2353
;(9, 3);MoveEast;(11, 9);False;1;2354
;(9, 3);MoveEast;(11, 9);False;1;2355
;(9, 3);MoveEast;(12, 9);False;1;2356
;(9, 3);MoveEast;(12, 9);False;1;2357
;(9, 3);MoveEast;(12, 9);False;1;2358
;(9, 3);MoveEast;(12, 9);False;1;2359
;(9, 3);MoveEast;(12, 9);False;1;2360
;(9, 3);MoveEast;(12, 9);False;1;2361
;(9, 3);MoveEast;(12, 9);False;1;2362
;(9, 3);MoveEast;(12, 9);False;1;2363
;(9, 3);MoveEast;(12, 9);False;1;2364
;(9, 3);MoveEast;(12, 9);False;1;2365
;(9, 3);MoveEast;(12, 9);False;1;2366
;(9, 3);MoveEast;(13, 9);False;1;2367
;(9, 3);MoveWest;(13, 9);False;1;2368
;(9, 3);MoveWest;(13, 9);False;1;2369
;(9, 3);MoveWest;(13, 9);False;1;2370
;(9, 3);MoveWest;(13, 9);False;1;2371
;(9, 3);MoveWest;(13, 9);False;1;2372
;(9, 3);MoveWest;(13, 9);False;1;2373
;(9, 3);MoveWest;(13, 9);False;1;2374
;(9, 3);MoveWest;(13, 9);False;1;2375
;(9, 3);MoveWest;(13, 9);False;1;2376
;(9, 3);MoveWest;(13, 9);False;1;2377
;(9, 3);MoveWest;(12, 9);False;1;2378
;(9, 3);MoveWest;(12, 9);False;1;2379
;(9, 3);MoveWest;(12, 9);False;1;2380
;(9, 3);MoveWest;(12, 9);False;1;2381
;(9, 3);MoveWest;(12, 9);False;1;2382
;(9, 3);MoveWest;(12, 9);False;1;2383
;(9, 3);MoveWest;(12, 9);False;1;2384
;(9, 3);MoveWest;(12, 9);False;1;2385
;(9, 3);MoveWest;(12, 9);False;1;2386
;(9, 3);MoveWest;(12, 9);False;1;2387
;(9, 3);MoveWest;(12, 9);False;1;2388
;(9, 3);MoveWest;(11, 9);False;1;2389
;(9, 3);MoveEast;(11, 9);False;1;2390
;(9, 3);MoveEast;(11, 9);False;1;2391
;(9, 3);MoveEast;(11, 9);False;1;2392
;(9, 3);MoveEast;(11, 9);False;1;2393
;(9, 3);MoveEast;(11, 9);False;1;2394
;(9, 3);MoveEast;(11, 9);False;1;2395
;(9, 3);MoveEast;(11, 9);False;1;2396
;(9, 3);MoveEast;(11, 9);False;1;2397
;(9, 3);MoveEast;(11, 9);False;1;2398
;(9, 3);MoveEast;(11, 9);False;1;2399
;(9, 3);MoveEast;(12, 9);False;1;2400
;(9, 3);MoveEast;(12, 9);False;1;2401
;(9, 3);MoveEast;(12, 9);False;1;2402
;(9, 3);MoveEast;(12, 9);False;1;2403
;(9, 3);MoveEast;(12, 9);False;1;2404
;(9, 3);MoveEast;(12, 9);False;1;2405
;(9, 3);MoveEast;(12, 9);False;1;2406
;(9, 3);MoveEast;(12, 9);False;1;2407
;(9, 3);MoveEast;(12, 9);False;1;2408
;(9, 3);MoveEast;(12, 9);False;1;2409
;(9, 3);MoveEast;(12, 9);False;1;2410
;(9, 3);MoveEast;(13, 9);False;1;2411
;(9, 3);MoveWest;(13, 9);False;1;2412
;(9, 3);MoveWest;(13, 9);False;1;2413
;(9, 3);MoveWest;(13, 9);False;1;2414
;(9, 3);MoveWest;(13, 9);False;1;2415
;(9, 3);MoveWest;(13, 9);False;1;2416
;(9, 3);MoveWest;(13, 9);False;1;2417
;(9, 3);MoveWest;(13, 9);False;1;2418
;(9, 3);MoveWest;(13, 9);False;1;2419
;(9, 3);MoveWest;(13, 9);False;1;2420
;(9, 3);MoveWest;(13, 9);False;1;2421
;(9, 3);MoveWest;(12, 9);False;1;2422
;(9, 3);MoveWest;(12, 9);False;1;2423
;(9, 3);MoveWest;(12, 9);False;1;2424
;(9, 3);MoveWest;(12, 9);False;1;2425
;(9, 3);MoveWest;(12, 9);False;1;2426
;(9, 3);MoveWest;(12, 9);False;1;2427
;(9, 3);MoveWest;(12, 9);False;1;2428
;(9, 3);MoveWest;(12, 9);False;1;2429
;(9, 3);MoveWest;(12, 9);False;1;2430
;(9, 3);MoveWest;(12, 9);False;1;2431
;(9, 3);MoveWest;(12, 9);False;1;2432
;(9, 3);MoveWest;(11, 9);False;1;2433
;(9, 3);MoveEast;(11, 9);False;1;2434
;(9, 3);MoveEast;(11, 9);False;1;2435
;(9, 3);MoveEast;(11, 9);False;1;2436
;(9, 3);MoveEast;(11, 9);False;1;2437
;(9, 3);MoveEast;(11, 9);False;1;2438
;(9, 3);MoveEast;(11, 9);False;1;2439
;(9, 3);MoveEast;(11, 9);False;1;2440
;(9, 3);MoveEast;(11, 9);False;1;2441
;(9, 3);MoveEast;(11, 9);False;1;2442
;(9, 3);MoveEast;(11, 9);False;1;2443
;(9, 3);MoveEast;(12, 9);False;1;2444
;(9, 3);MoveEast;(12, 9);False;1;2445
;(9, 3);MoveEast;(12, 9);False;1;2446
;(9, 3);MoveEast;(12, 9);False;1;2447
;(9, 3);MoveEast;(12, 9);False;1;2448
;(9, 3);MoveEast;(12, 9);False;1;2449
;(9, 3);MoveEast;(12, 9);False;1;2450
;(9, 3);MoveEast;(12, 9);False;1;2451
;(9, 3);MoveEast;(12, 9);False;1;2452
;(9, 3);MoveEast;(12, 9);False;1;2453
;(9, 3);MoveEast;(12, 9);False;1;2454
;(9, 3);MoveEast;(13, 9);False;1;2455
;(9, 3);MoveWest;(13, 9);False;1;2456
;(9, 3);MoveWest;(13, 9);False;1;2457
;(9, 3);MoveWest;(13, 9);False;1;2458
;(9, 3);MoveWest;(13, 9);False;1;2459
;(9, 3);MoveWest;(13, 9);False;1;2460
;(9, 3);MoveWest;(13, 9);False;1;2461
;(9, 3);MoveWest;(13, 9);False;1;2462
;(9, 3);MoveWest;(13, 9);False;1;2463
;(9, 3);MoveWest;(13, 9);False;1;2464
;(9, 3);MoveWest;(13, 9);False;1;2465
;(9, 3);MoveWest;(12, 9);False;1;2466
;(9, 3);MoveWest;(12, 9);False;1;2467
;(9, 3);MoveWest;(12, 9);False;1;2468
;(9, 3);MoveWest;(12, 9);False;1;2469
;(9, 3);MoveWest;(12, 9);False;1;2470
;(9, 3);MoveWest;(12, 9);False;1;2471
;(9, 3);MoveWest;(12, 9);False;1;2472
;(9, 3);MoveWest;(12, 9);False;1;2473
;(9, 3);MoveWest;(12, 9);False;1;2474
;(9, 3);MoveWest;(12, 9);False;1;2475
;(9, 3);MoveWest;(12, 9);False;1;2476
;(9, 3);MoveWest;(11, 9);False;1;2477
;(9, 3);;(11, 9);False;1;2478
;(9, 3);MoveEast;(11, 9);False;1;2479
;(9, 3);MoveEast;(11, 9);False;1;2480
;(9, 3);MoveEast;(11, 9);False;1;2481
;(9, 3);MoveEast;(11, 9);False;1;2482
;(9, 3);MoveEast;(11, 9);False;1;2483
;(9, 3);MoveEast;(11, 9);False;1;2484
;(9, 3);MoveEast;(11, 9);False;1;2485
;(9, 3);MoveEast;(11, 9);False;1;2486
;(9, 3);MoveEast;(11, 9);False;1;2487
;(9, 3);MoveEast;(11, 9);False;1;2488
;(9, 3);MoveEast;(12, 9);False;1;2489
;(9, 3);MoveEast;(12, 9);False;1;2490
;(9, 3);MoveEast;(12, 9);False;1;2491
;(9, 3);MoveEast;(12, 9);False;1;2492
;(9, 3);MoveEast;(12, 9);False;1;2493
;(9, 3);MoveEast;(12, 9);False;1;2494
;(9, 3);MoveEast;(12, 9);False;1;2495
;(9, 3);MoveEast;(12, 9);False;1;2496
;(9, 3);MoveEast;(12, 9);False;1;2497
;(9, 3);MoveEast;(12, 9);False;1;2498
;(9, 3);MoveEast;(12, 9);False;1;2499
;(9, 3);MoveEast;(13, 9);False;1;2500
;(9, 3);MoveWest;(13, 9);False;1;2501
;(9, 3);MoveWest;(13, 9);False;1;2502
;(9, 3);MoveWest;(13, 9);False;1;2503
;(9, 3);MoveWest;(13, 9);False;1;2504
;(9, 3);MoveWest;(13, 9);False;1;2505
;(9, 3);MoveWest;(13, 9);False;1;2506
;(9, 3);MoveWest;(13, 9);False;1;2507
;(9, 3);MoveWest;(13, 9);False;1;2508
;(9, 3);MoveWest;(13, 9);False;1;2509
;(9, 3);MoveWest;(13, 9);False;1;2510
;(9, 3);MoveWest;(12, 9);False;1;2511
;(9, 3);MoveWest;(12, 9);False;1;2512
;(9, 3);MoveWest;(12, 9);False;1;2513
;(9, 3);MoveWest;(12, 9);False;1;2514
;(9, 3);MoveWest;(12, 9);False;1;2515
;(9, 3);MoveWest;(12, 9);False;1;2516
;(9, 3);MoveWest;(12, 9);False;1;2517
;(9, 3);MoveWest;(12, 9);False;1;2518
;(9, 3);MoveWest;(12, 9);False;1;2519
;(9, 3);MoveWest;(12, 9);False;1;2520
;(9, 3);MoveWest;(12, 9);False;1;2521
;(9, 3);MoveWest;(11, 9);False;1;2522
;(9, 3);MoveEast;(11, 9);False;1;2523
;(9, 3);MoveEast;(11, 9);False;1;2524
;(9, 3);MoveEast;(11, 9);False;1;2525
;(9, 3);MoveEast;(11, 9);False;1;2526
;(9, 3);MoveEast;(11, 9);False;1;2527
;(9, 3);MoveEast;(11, 9);False;1;2528
;(9, 3);MoveEast;(11, 9);False;1;2529
;(9, 3);MoveEast;(11, 9);False;1;2530
;(9, 3);MoveEast;(11, 9);False;1;2531
;(9, 3);MoveEast;(11, 9);False;1;2532
;(9, 3);MoveEast;(12, 9);False;1;2533
;(9, 3);MoveEast;(12, 9);False;1;2534
;(9, 3);MoveEast;(12, 9);False;1;2535
;(9, 3);MoveEast;(12, 9);False;1;2536
;(9, 3);MoveEast;(12, 9);False;1;2537
;(9, 3);MoveEast;(12, 9);False;1;2538
;(9, 3);MoveEast;(12, 9);False;1;2539
;(9, 3);MoveEast;(12, 9);False;1;2540
;(9, 3);MoveEast;(12, 9);False;1;2541
;(9, 3);MoveEast;(12, 9);False;1;2542
;(9, 3);MoveEast;(12, 9);False;1;2543
;(9, 3);MoveEast;(13, 9);False;1;2544
;(9, 3);MoveWest;(13, 9);False;1;2545
;(9, 3);MoveWest;(13, 9);False;1;2546
;(9, 3);MoveWest;(13, 9);False;1;2547
;(9, 3);MoveWest;(13, 9);False;1;2548
;(9, 3);MoveWest;(13, 9);False;1;2549
;(9, 3);MoveWest;(13, 9);False;1;2550
;(9, 3);MoveWest;(13, 9);False;1;2551
;(9, 3);MoveWest;(13, 9);False;1;2552
;(9, 3);MoveWest;(13, 9);False;1;2553
;(9, 3);MoveWest;(13, 9);False;1;2554
;(9, 3);MoveWest;(12, 9);False;1;2555
;(9, 3);MoveWest;(12, 9);False;1;2556
;(9, 3);MoveWest;(12, 9);False;1;2557
;(9, 3);MoveWest;(12, 9);False;1;2558
;(9, 3);MoveWest;(12, 9);False;1;2559
;(9, 3);MoveWest;(12, 9);False;1;2560
;(9, 3);MoveWest;(12, 9);False;1;2561
;(9, 3);MoveWest;(12, 9);False;1;2562
;(9, 3);MoveWest;(12, 9);False;1;2563
;(9, 3);MoveWest;(12, 9);False;1;2564
;(9, 3);MoveWest;(12, 9);False;1;2565
;(9, 3);MoveWest;(11, 9);False;1;2566
;(9, 3);MoveEast;(11, 9);False;1;2567
;(9, 3);MoveEast;(11, 9);False;1;2568
;(9, 3);MoveEast;(11, 9);False;1;2569
;(9, 3);MoveEast;(11, 9);False;1;2570
;(9, 3);MoveEast;(11, 9);False;1;2571
;(9, 3);MoveEast;(11, 9);False;1;2572
;(9, 3);MoveEast;(11, 9);False;1;2573
;(9, 3);MoveEast;(11, 9);False;1;2574
;(9, 3);MoveEast;(11, 9);False;1;2575
;(9, 3);MoveEast;(11, 9);False;1;2576
;(9, 3);MoveEast;(12, 9);False;1;2577
;(9, 3);MoveEast;(12, 9);False;1;2578
;(9, 3);MoveEast;(12, 9);False;1;2579
;(9, 3);MoveEast;(12, 9);False;1;2580
;(9, 3);MoveEast;(12, 9);False;1;2581
;(9, 3);MoveEast;(12, 9);False;1;2582
;(9, 3);MoveEast;(12, 9);False;1;2583
;(9, 3);MoveEast;(12, 9);False;1;2584
;(9, 3);MoveEast;(12, 9);False;1;2585
;(9, 3);MoveEast;(12, 9);False;1;2586
;(9, 3);MoveEast;(12, 9);False;1;2587
;(9, 3);MoveEast;(13, 9);False;1;2588
;(9, 3);MoveWest;(13, 9);False;1;2589
;(9, 3);MoveWest;(13, 9);False;1;2590
;(9, 3);MoveWest;(13, 9);False;1;2591
;(9, 3);MoveWest;(13, 9);False;1;2592
;(9, 3);MoveWest;(13, 9);False;1;2593
;(9, 3);MoveWest;(13, 9);False;1;2594
;(9, 3);MoveWest;(13, 9);False;1;2595
;(9, 3);MoveWest;(13, 9);False;1;2596
;(9, 3);MoveWest;(13, 9);False;1;2597
;(9, 3);MoveWest;(13, 9);False;1;2598
;(9, 3);MoveWest;(12, 9);False;1;2599
;(9, 3);MoveWest;(12, 9);False;1;2600
;(9, 3);MoveWest;(12, 9);False;1;2601
;(9, 3);MoveWest;(12, 9);False;1;2602
;(9, 3);MoveWest;(12, 9);False;1;2603
;(9, 3);MoveWest;(12, 9);False;1;2604
;(9, 3);MoveWest;(12, 9);False;1;2605
;(9, 3);MoveWest;(12, 9);False;1;2606
;(9, 3);MoveWest;(12, 9);False;1;2607
;(9, 3);MoveWest;(12, 9);False;1;2608
;(9, 3);MoveWest;(12, 9);False;1;2609
;(9, 3);MoveWest;(11, 9);False;1;2610
;(9, 3);;(11, 9);False;1;2611
;(9, 3);MoveEast;(11, 9);False;1;2612
;(9, 3);MoveEast;(11, 9);False;1;2613
;(9, 3);MoveEast;(11, 9);False;1;2614
;(9, 3);MoveEast;(11, 9);False;1;2615
;(9, 3);MoveEast;(11, 9);False;1;2616
;(9, 3);MoveEast;(11, 9);False;1;2617
;(9, 3);MoveEast;(11, 9);False;1;2618
;(9, 3);MoveEast;(11, 9);False;1;2619
;(9, 3);MoveEast;(11, 9);False;1;2620
;(9, 3);MoveEast;(11, 9);False;1;2621
;(9, 3);MoveEast;(12, 9);False;1;2622
;(9, 3);MoveEast;(12, 9);False;1;2623
;(9, 3);MoveEast;(12, 9);False;1;2624
;(9, 3);MoveEast;(12, 9);False;1;2625
;(9, 3);MoveEast;(12, 9);False;1;2626
;(9, 3);MoveEast;(12, 9);False;1;2627
;(9, 3);MoveEast;(12, 9);False;1;2628
;(9, 3);MoveEast;(12, 9);False;1;2629
;(9, 3);MoveEast;(12, 9);False;1;2630
;(9, 3);MoveEast;(12, 9);False;1;2631
;(9, 3);MoveEast;(12, 9);False;1;2632
;(9, 3);MoveEast;(13, 9);False;1;2633
;(9, 3);MoveWest;(13, 9);False;1;2634
;(9, 3);MoveWest;(13, 9);False;1;2635
;(9, 3);MoveWest;(13, 9);False;1;2636
;(9, 3);MoveWest;(13, 9);False;1;2637
;(9, 3);MoveWest;(13, 9);False;1;2638
;(9, 3);MoveWest;(13, 9);False;1;2639
;(9, 3);MoveWest;(13, 9);False;1;2640
;(9, 3);MoveWest;(13, 9);False;1;2641
;(9, 3);MoveWest;(13, 9);False;1;2642
;(9, 3);MoveWest;(13, 9);False;1;2643
;(9, 3);MoveWest;(12, 9);False;1;2644
;(9, 3);MoveWest;(12, 9);False;1;2645
;(9, 3);MoveWest;(12, 9);False;1;2646
;(9, 3);MoveWest;(12, 9);False;1;2647
;(9, 3);MoveWest;(12, 9);False;1;2648
;(9, 3);MoveWest;(12, 9);False;1;2649
;(9, 3);MoveWest;(12, 9);False;1;2650
;(9, 3);MoveWest;(12, 9);False;1;2651
;(9, 3);MoveWest;(12, 9);False;1;2652
;(9, 3);MoveWest;(12, 9);False;1;2653
;(9, 3);MoveWest;(12, 9);False;1;2654
;(9, 3);MoveWest;(11, 9);False;1;2655
;(9, 3);MoveEast;(11, 9);False;1;2656
;(9, 3);MoveEast;(11, 9);False;1;2657
;(9, 3);MoveEast;(11, 9);False;1;2658
;(9, 3);MoveEast;(11, 9);False;1;2659
;(9, 3);MoveEast;(11, 9);False;1;2660
;(9, 3);MoveEast;(11, 9);False;1;2661
;(9, 3);MoveEast;(11, 9);False;1;2662
;(9, 3);MoveEast;(11, 9);False;1;2663
;(9, 3);MoveEast;(11, 9);False;1;2664
;(9, 3);MoveEast;(11, 9);False;1;2665
;(9, 3);MoveEast;(12, 9);False;1;2666
;(9, 3);MoveEast;(12, 9);False;1;2667
;(9, 3);MoveEast;(12, 9);False;1;2668
;(9, 3);MoveEast;(12, 9);False;1;2669
;(9, 3);MoveEast;(12, 9);False;1;2670
;(9, 3);MoveEast;(12, 9);False;1;2671
;(9, 3);MoveEast;(12, 9);False;1;2672
;(9, 3);MoveEast;(12, 9);False;1;2673
;(9, 3);MoveEast;(12, 9);False;1;2674
;(9, 3);MoveEast;(12, 9);False;1;2675
;(9, 3);MoveEast;(12, 9);False;1;2676
;(9, 3);MoveEast;(13, 9);False;1;2677
;(9, 3);MoveWest;(13, 9);False;1;2678
;(9, 3);MoveWest;(13, 9);False;1;2679
;(9, 3);MoveWest;(13, 9);False;1;2680
;(9, 3);MoveWest;(13, 9);False;1;2681
;(9, 3);MoveWest;(13, 9);False;1;2682
;(9, 3);MoveWest;(13, 9);False;1;2683
;(9, 3);MoveWest;(13, 9);False;1;2684
;(9, 3);MoveWest;(13, 9);False;1;2685
;(9, 3);MoveWest;(13, 9);False;1;2686
;(9, 3);MoveWest;(13, 9);False;1;2687
;(9, 3);MoveWest;(12, 9);False;1;2688
;(9, 3);MoveWest;(12, 9);False;1;2689
;(9, 3);MoveWest;(12, 9);False;1;2690
;(9, 3);MoveWest;(12, 9);False;1;2691
;(9, 3);MoveWest;(12, 9);False;1;2692
;(9, 3);MoveWest;(12, 9);False;1;2693
;(9, 3);MoveWest;(12, 9);False;1;2694
;(9, 3);MoveWest;(12, 9);False;1;2695
;(9, 3);MoveWest;(12, 9);False;1;2696
;(9, 3);MoveWest;(12, 9);False;1;2697
;(9, 3);MoveWest;(12, 9);False;1;2698
;(9, 3);MoveWest;(11, 9);False;1;2699
;(9, 3);MoveEast;(11, 9);False;1;2700
;(9, 3);MoveEast;(11, 9);False;1;2701
;(9, 3);MoveEast;(11, 9);False;1;2702
;(9, 3);MoveEast;(11, 9);False;1;2703
;(9, 3);MoveEast;(11, 9);False;1;2704
;(9, 3);MoveEast;(11, 9);False;1;2705
;(9, 3);MoveEast;(11, 9);False;1;2706
;(9, 3);MoveEast;(11, 9);False;1;2707
;(9, 3);MoveEast;(11, 9);False;1;2708
;(9, 3);MoveEast;(11, 9);False;1;2709
;(9, 3);MoveEast;(12, 9);False;1;2710
;(9, 3);MoveEast;(12, 9);False;1;2711
;(9, 3);MoveEast;(12, 9);False;1;2712
;(9, 3);MoveEast;(12, 9);False;1;2713
;(9, 3);MoveEast;(12, 9);False;1;2714
;(9, 3);MoveEast;(12, 9);False;1;2715
;(9, 3);MoveEast;(12, 9);False;1;2716
;(9, 3);MoveEast;(12, 9);False;1;2717
;(9, 3);MoveEast;(12, 9);False;1;2718
;(9, 3);MoveEast;(12, 9);False;1;2719
;(9, 3);MoveEast;(12, 9);False;1;2720
;(9, 3);MoveEast;(13, 9);False;1;2721
;(9, 3);MoveWest;(13, 9);False;1;2722
;(9, 3);MoveWest;(13, 9);False;1;2723
;(9, 3);MoveWest;(13, 9);False;1;2724
;(9, 3);MoveWest;(13, 9);False;1;2725
;(9, 3);MoveWest;(13, 9);False;1;2726
;(9, 3);MoveWest;(13, 9);False;1;2727
;(9, 3);MoveWest;(13, 9);False;1;2728
;(9, 3);MoveWest;(13, 9);False;1;2729
;(9, 3);MoveWest;(13, 9);False;1;2730
;(9, 3);MoveWest;(13, 9);False;1;2731
;(9, 3);MoveWest;(12, 9);False;1;2732
;(9, 3);MoveWest;(12, 9);False;1;2733
;(9, 3);MoveWest;(12, 9);False;1;2734
;(9, 3);MoveWest;(12, 9);False;1;2735
;(9, 3);MoveWest;(12, 9);False;1;2736
;(9, 3);MoveWest;(12, 9);False;1;2737
;(9, 3);MoveWest;(12, 9);False;1;2738
;(9, 3);MoveWest;(12, 9);False;1;2739
;(9, 3);MoveWest;(12, 9);False;1;2740
;(9, 3);MoveWest;(12, 9);False;1;2741
;(9, 3);MoveWest;(12, 9);False;1;2742
;(9, 3);MoveWest;(11, 9);False;1;2743
;(9, 3);;(11, 9);False;1;2744
;(9, 3);MoveEast;(11, 9);False;1;2745
;(9, 3);MoveEast;(11, 9);False;1;2746
;(9, 3);MoveEast;(11, 9);False;1;2747
;(9, 3);MoveEast;(11, 9);False;1;2748
;(9, 3);MoveEast;(11, 9);False;1;2749
;(9, 3);MoveEast;(11, 9);False;1;2750
;(9, 3);MoveEast;(11, 9);False;1;2751
;(9, 3);MoveEast;(11, 9);False;1;2752
;(9, 3);MoveEast;(11, 9);False;1;2753
;(9, 3);MoveEast;(11, 9);False;1;2754
;(9, 3);MoveEast;(12, 9);False;1;2755
;(9, 3);MoveEast;(12, 9);False;1;2756
;(9, 3);MoveEast;(12, 9);False;1;2757
;(9, 3);MoveEast;(12, 9);False;1;2758
;(9, 3);MoveEast;(12, 9);False;1;2759
;(9, 3);MoveEast;(12, 9);False;1;2760
;(9, 3);MoveEast;(12, 9);False;1;2761
;(9, 3);MoveEast;(12, 9);False;1;2762
;(9, 3);MoveEast;(12, 9);False;1;2763
;(9, 3);MoveEast;(12, 9);False;1;2764
;(9, 3);MoveEast;(12, 9);False;1;2765
;(9, 3);MoveEast;(13, 9);False;1;2766
;(9, 3);MoveWest;(13, 9);False;1;2767
;(9, 3);MoveWest;(13, 9);False;1;2768
;(9, 3);MoveWest;(13, 9);False;1;2769
;(9, 3);MoveWest;(13, 9);False;1;2770
;(9, 3);MoveWest;(13, 9);False;1;2771
;(9, 3);MoveWest;(13, 9);False;1;2772
;(9, 3);MoveWest;(13, 9);False;1;2773
;(9, 3);MoveWest;(13, 9);False;1;2774
;(9, 3);MoveWest;(13, 9);False;1;2775
;(9, 3);MoveWest;(13, 9);False;1;2776
;(9, 3);MoveWest;(12, 9);False;1;2777
;(9, 3);MoveWest;(12, 9);False;1;2778
;(9, 3);MoveWest;(12, 9);False;1;2779
;(9, 3);MoveWest;(12, 9);False;1;2780
;(9, 3);MoveWest;(12, 9);False;1;2781
;(9, 3);MoveWest;(12, 9);False;1;2782
;(9, 3);MoveWest;(12, 9);False;1;2783
;(9, 3);MoveWest;(12, 9);False;1;2784
;(9, 3);MoveWest;(12, 9);False;1;2785
;(9, 3);MoveWest;(12, 9);False;1;2786
;(9, 3);MoveWest;(12, 9);False;1;2787
;(9, 3);MoveWest;(11, 9);False;1;2788
;(9, 3);MoveEast;(11, 9);False;1;2789
;(9, 3);MoveEast;(11, 9);False;1;2790
;(9, 3);MoveEast;(11, 9);False;1;2791
;(9, 3);MoveEast;(11, 9);False;1;2792
;(9, 3);MoveEast;(11, 9);False;1;2793
;(9, 3);MoveEast;(11, 9);False;1;2794
;(9, 3);MoveEast;(11, 9);False;1;2795
;(9, 3);MoveEast;(11, 9);False;1;2796
;(9, 3);MoveEast;(11, 9);False;1;2797
;(9, 3);MoveEast;(11, 9);False;1;2798
;(9, 3);MoveEast;(12, 9);False;1;2799
;(9, 3);MoveEast;(12, 9);False;1;2800
;(9, 3);MoveEast;(12, 9);False;1;2801
;(9, 3);MoveEast;(12, 9);False;1;2802
;(9, 3);MoveEast;(12, 9);False;1;2803
;(9, 3);MoveEast;(12, 9);False;1;2804
;(9, 3);MoveEast;(12, 9);False;1;2805
;(9, 3);MoveEast;(12, 9);False;1;2806
;(9, 3);MoveEast;(12, 9);False;1;2807
;(9, 3);MoveEast;(12, 9);False;1;2808
;(9, 3);MoveEast;(12, 9);False;1;2809
;(9, 3);MoveEast;(13, 9);False;1;2810
;(9, 3);MoveWest;(13, 9);False;1;2811
;(9, 3);MoveWest;(13, 9);False;1;2812
;(9, 3);MoveWest;(13, 9);False;1;2813
;(9, 3);MoveWest;(13, 9);False;1;2814
;(9, 3);MoveWest;(13, 9);False;1;2815
;(9, 3);MoveWest;(13, 9);False;1;2816
;(9, 3);MoveWest;(13, 9);False;1;2817
;(9, 3);MoveWest;(13, 9);False;1;2818
;(9, 3);MoveWest;(13, 9);False;1;2819
;(9, 3);MoveWest;(13, 9);False;1;2820
;(9, 3);MoveWest;(12, 9);False;1;2821
;(9, 3);MoveWest;(12, 9);False;1;2822
;(9, 3);MoveWest;(12, 9);False;1;2823
;(9, 3);MoveWest;(12, 9);False;1;2824
;(9, 3);MoveWest;(12, 9);False;1;2825
;(9, 3);MoveWest;(12, 9);False;1;2826
;(9, 3);MoveWest;(12, 9);False;1;2827
;(9, 3);MoveWest;(12, 9);False;1;2828
;(9, 3);MoveWest;(12, 9);False;1;2829
;(9, 3);MoveWest;(12, 9);False;1;2830
;(9, 3);MoveWest;(12, 9);False;1;2831
;(9, 3);MoveWest;(11, 9);False;1;2832
;(9, 3);MoveEast;(11, 9);False;1;2833
;(9, 3);MoveEast;(11, 9);False;1;2834
;(9, 3);MoveEast;(11, 9);False;1;2835
;(9, 3);MoveEast;(11, 9);False;1;2836
;(9, 3);MoveEast;(11, 9);False;1;2837
;(9, 3);MoveEast;(11, 9);False;1;2838
;(9, 3);MoveEast;(11, 9);False;1;2839
;(9, 3);MoveEast;(11, 9);False;1;2840
;(9, 3);MoveEast;(11, 9);False;1;2841
;(9, 3);MoveEast;(11, 9);False;1;2842
;(9, 3);MoveEast;(12, 9);False;1;2843
;(9, 3);MoveEast;(12, 9);False;1;2844
;(9, 3);MoveEast;(12, 9);False;1;2845
;(9, 3);MoveEast;(12, 9);False;1;2846
;(9, 3);MoveEast;(12, 9);False;1;2847
;(9, 3);MoveEast;(12, 9);False;1;2848
;(9, 3);MoveEast;(12, 9);False;1;2849
;(9, 3);MoveEast;(12, 9);False;1;2850
;(9, 3);MoveEast;(12, 9);False;1;2851
;(9, 3);MoveEast;(12, 9);False;1;2852
;(9, 3);MoveEast;(12, 9);False;1;2853
;(9, 3);MoveEast;(13, 9);False;1;2854
;(9, 3);MoveWest;(13, 9);False;1;2855
;(9, 3);MoveWest;(13, 9);False;1;2856
;(9, 3);MoveWest;(13, 9);False;1;2857
;(9, 3);MoveWest;(13, 9);False;1;2858
;(9, 3);MoveWest;(13, 9);False;1;2859
;(9, 3);MoveWest;(13, 9);False;1;2860
;(9, 3);MoveWest;(13, 9);False;1;2861
;(9, 3);MoveWest;(13, 9);False;1;2862
;(9, 3);MoveWest;(13, 9);False;1;2863
;(9, 3);MoveWest;(13, 9);False;1;2864
;(9, 3);MoveWest;(12, 9);False;1;2865
;(9, 3);MoveWest;(12, 9);False;1;2866
;(9, 3);MoveWest;(12, 9);False;1;2867
;(9, 3);MoveWest;(12, 9);False;1;2868
;(9, 3);MoveWest;(12, 9);False;1;2869
;(9, 3);MoveWest;(12, 9);False;1;2870
;(9, 3);MoveWest;(12, 9);False;1;2871
;(9, 3);MoveWest;(12, 9);False;1;2872
;(9, 3);MoveWest;(12, 9);False;1;2873
;(9, 3);MoveWest;(12, 9);False;1;2874
;(9, 3);MoveWest;(12, 9);False;1;2875
;(9, 3);MoveWest;(11, 9);False;1;2876
;(9, 3);;(11, 9);False;1;2877
;(9, 3);MoveEast;(11, 9);False;1;2878
;(9, 3);MoveEast;(11, 9);False;1;2879
;(9, 3);MoveEast;(11, 9);False;1;2880
;(9, 3);MoveEast;(11, 9);False;1;2881
;(9, 3);MoveEast;(11, 9);False;1;2882
;(9, 3);MoveEast;(11, 9);False;1;2883
;(9, 3);MoveEast;(11, 9);False;1;2884
;(9, 3);MoveEast;(11, 9);False;1;2885
;(9, 3);MoveEast;(11, 9);False;1;2886
;(9, 3);MoveEast;(11, 9);False;1;2887
;(9, 3);MoveEast;(12, 9);False;1;2888
;(9, 3);MoveEast;(12, 9);False;1;2889
;(9, 3);MoveEast;(12, 9);False;1;2890
;(9, 3);MoveEast;(12, 9);False;1;2891
;(9, 3);MoveEast;(12, 9);False;1;2892
;(9, 3);MoveEast;(12, 9);False;1;2893
;(9, 3);MoveEast;(12, 9);False;1;2894
;(9, 3);MoveEast;(12, 9);False;1;2895
;(9, 3);MoveEast;(12, 9);False;1;2896
;(9, 3);MoveEast;(12, 9);False;1;2897
;(9, 3);MoveEast;(12, 9);False;1;2898
;(9, 3);MoveEast;(13, 9);False;1;2899
;(9, 3);MoveWest;(13, 9);False;1;2900
;(9, 3);MoveWest;(13, 9);False;1;2901
;(9, 3);MoveWest;(13, 9);False;1;2902
;(9, 3);MoveWest;(13, 9);False;1;2903
;(9, 3);MoveWest;(13, 9);False;1;2904
;(9, 3);MoveWest;(13, 9);False;1;2905
;(9, 3);MoveWest;(13, 9);False;1;2906
;(9, 3);MoveWest;(13, 9);False;1;2907
;(9, 3);MoveWest;(13, 9);False;1;2908
;(9, 3);MoveWest;(13, 9);False;1;2909
;(9, 3);MoveWest;(12, 9);False;1;2910
;(9, 3);MoveWest;(12, 9);False;1;2911
;(9, 3);MoveWest;(12, 9);False;1;2912
;(9, 3);MoveWest;(12, 9);False;1;2913
;(9, 3);MoveWest;(12, 9);False;1;2914
;(9, 3);MoveWest;(12, 9);False;1;2915
;(9, 3);MoveWest;(12, 9);False;1;2916
;(9, 3);MoveWest;(12, 9);False;1;2917
;(9, 3);MoveWest;(12, 9);False;1;2918
;(9, 3);MoveWest;(12, 9);False;1;2919
;(9, 3);MoveWest;(12, 9);False;1;2920
;(9, 3);MoveWest;(11, 9);False;1;2921
;(9, 3);MoveEast;(11, 9);False;1;2922
;(9, 3);MoveEast;(11, 9);False;1;2923
;(9, 3);MoveEast;(11, 9);False;1;2924
;(9, 3);MoveEast;(11, 9);False;1;2925
;(9, 3);MoveEast;(11, 9);False;1;2926
;(9, 3);MoveEast;(11, 9);False;1;2927
;(9, 3);MoveEast;(11, 9);False;1;2928
;(9, 3);MoveEast;(11, 9);False;1;2929
;(9, 3);MoveEast;(11, 9);False;1;2930
;(9, 3);MoveEast;(11, 9);False;1;2931
;(9, 3);MoveEast;(12, 9);False;1;2932
;(9, 3);MoveEast;(12, 9);False;1;2933
;(9, 3);MoveEast;(12, 9);False;1;2934
;(9, 3);MoveEast;(12, 9);False;1;2935
;(9, 3);MoveEast;(12, 9);False;1;2936
;(9, 3);MoveEast;(12, 9);False;1;2937
;(9, 3);MoveEast;(12, 9);False;1;2938
;(9, 3);MoveEast;(12, 9);False;1;2939
;(9, 3);MoveEast;(12, 9);False;1;2940
;(9, 3);MoveEast;(12, 9);False;1;2941
;(9, 3);MoveEast;(12, 9);False;1;2942
;(9, 3);MoveEast;(13, 9);False;1;2943
;(9, 3);MoveWest;(13, 9);False;1;2944
;(9, 3);MoveWest;(13, 9);False;1;2945
;(9, 3);MoveWest;(13, 9);False;1;2946
;(9, 3);MoveWest;(13, 9);False;1;2947
;(9, 3);MoveWest;(13, 9);False;1;2948
;(9, 3);MoveWest;(13, 9);False;1;2949
;(9, 3);MoveWest;(13, 9);False;1;2950
;(9, 3);MoveWest;(13, 9);False;1;2951
;(9, 3);MoveWest;(13, 9);False;1;2952
;(9, 3);MoveWest;(13, 9);False;1;2953
;(9, 3);MoveWest;(12, 9);False;1;2954
;(9, 3);MoveWest;(12, 9);False;1;2955
;(9, 3);MoveWest;(12, 9);False;1;2956
;(9, 3);MoveWest;(12, 9);False;1;2957
;(9, 3);MoveWest;(12, 9);False;1;2958
;(9, 3);MoveWest;(12, 9);False;1;2959
;(9, 3);MoveWest;(12, 9);False;1;2960
;(9, 3);MoveWest;(12, 9);False;1;2961
;(9, 3);MoveWest;(12, 9);False;1;2962
;(9, 3);MoveWest;(12, 9);False;1;2963
;(9, 3);MoveWest;(12, 9);False;1;2964
;(9, 3);MoveWest;(11, 9);False;1;2965
;(9, 3);MoveEast;(11, 9);False;1;2966
;(9, 3);MoveEast;(11, 9);False;1;2967
;(9, 3);MoveEast;(11, 9);False;1;2968
;(9, 3);MoveEast;(11, 9);False;1;2969
;(9, 3);MoveEast;(11, 9);False;1;2970
;(9, 3);MoveEast;(11, 9);False;1;2971
;(9, 3);MoveEast;(11, 9);False;1;2972
;(9, 3);MoveEast;(11, 9);False;1;2973
;(9, 3);MoveEast;(11, 9);False;1;2974
;(9, 3);MoveEast;(11, 9);False;1;2975
;(9, 3);MoveEast;(12, 9);False;1;2976
;(9, 3);MoveEast;(12, 9);False;1;2977
;(9, 3);MoveEast;(12, 9);False;1;2978
;(9, 3);MoveEast;(12, 9);False;1;2979
;(9, 3);MoveEast;(12, 9);False;1;2980
;(9, 3);MoveEast;(12, 9);False;1;2981
;(9, 3);MoveEast;(12, 9);False;1;2982
;(9, 3);MoveEast;(12, 9);False;1;2983
;(9, 3);MoveEast;(12, 9);False;1;2984
;(9, 3);MoveEast;(12, 9);False;1;2985
;(9, 3);MoveEast;(12, 9);False;1;2986
;(9, 3);MoveEast;(13, 9);False;1;2987
;(9, 3);MoveWest;(13, 9);False;1;2988
;(9, 3);MoveWest;(13, 9);False;1;2989
;(9, 3);MoveWest;(13, 9);False;1;2990
;(9, 3);MoveWest;(13, 9);False;1;2991
;(9, 3);MoveWest;(13, 9);False;1;2992
;(9, 3);MoveWest;(13, 9);False;1;2993
;(9, 3);MoveWest;(13, 9);False;1;2994
;(9, 3);MoveWest;(13, 9);False;1;2995
;(9, 3);MoveWest;(13, 9);False;1;2996
;(9, 3);MoveWest;(13, 9);False;1;2997
;(9, 3);MoveWest;(12, 9);False;1;2998
;(9, 3);MoveWest;(12, 9);False;1;2999
;(9, 3);MoveWest;(12, 9);False;1;3000
;(9, 3);MoveWest;(12, 9);False;1;3001
;(9, 3);MoveWest;(12, 9);False;1;3002
;(9, 3);MoveWest;(12, 9);False;1;3003
;(9, 3);MoveWest;(12, 9);False;1;3004
;(9, 3);MoveWest;(12, 9);False;1;3005
;(9, 3);MoveWest;(12, 9);False;1;3006
;(9, 3);MoveWest;(12, 9);False;1;3007
;(9, 3);MoveWest;(12, 9);False;1;3008
;(9, 3);MoveWest;(11, 9);False;1;3009
;(9, 3);;(11, 9);False;1;3010
;(9, 3);;(11, 9);False;1;3011
;(9, 3);;(11, 9);False;1;3012
;(9, 3);;(11, 9);False;1;3013
;(9, 3);;(11, 9);False;1;3014
;(9, 3);;(11, 9);False;1;3015
;(9, 3);;(11, 9);False;1;3016
;(9, 3);;(11, 9);False;1;3017
;(9, 3);;(11, 9);False;1;3018
;(9, 3);;(11, 9);False;1;3019
