tick;corrected_tick;remaining_distance;victim_harm;idle_time_robot;q_table_cps;q_table_cps_runs;q_table_basic;world_nr;tick_nr
3019;3000;9;700;1;;;"                     Move back and forth  Stand Still   Pick up    Drop    Break
[4, 'equal', False]             -10.4976   -12.854072 -11.85865  -5.828 -10.0359
[4, 'human', False]              -7.0000    -2.656250  -5.78350   0.000  -7.5000
[3, 'human', False]              -4.0000    -3.350000  -8.00000   0.000 -12.5000
[3, 'human', True]               -7.0000    -3.500000  -1.10000  -2.500  -1.0000
[3, 'equal', True]                0.0000     0.000000   0.00000  -8.500   0.0000
[3, 'equal', False]              -7.0000    -3.500000  -5.50000  -2.500   0.0000
[3, 'robot', False]              -7.0000    -0.500000   0.00000  -2.650   0.0000
[2, 'equal', False]              -4.0000    -2.250000  -4.00000  -1.000  -6.0000
[2, 'equal', True]               -7.0000    -3.500000  -1.50000  -1.700  -9.8000
[2, 'human', False]              -4.0000   -15.500000  -1.00000   0.000   0.0000
[1, 'human', False]               0.0000     0.000000   0.00000 -27.000   0.0000";1;3019
