tick;corrected_tick;remaining_distance;victim_harm;idle_time_robot;q_table_cps;q_table_cps_runs;q_table_basic;world_nr;tick_nr
2427;2408;10;2000;1;;;"                     Move back and forth  Stand Still    Pick up       Drop      Break
[4, 'equal', False]            -14.24725   -12.854072 -10.290766  -5.391000 -13.881575
[4, 'human', False]             -7.00000    -8.268055  -8.651735  -2.500000  -7.500000
[3, 'human', False]             -6.33000    -6.607359  -8.000000   0.000000 -12.500000
[3, 'human', True]              -7.00000    -3.500000  -5.140000  -4.250000  -5.330000
[3, 'equal', True]              -2.00000    -4.250000   1.000000  -8.500000   0.000000
[3, 'equal', False]             -7.00000    -6.875000  -7.250000  -2.500000 -10.000000
[3, 'robot', False]             -7.00000    -3.938000 -12.170000  -8.660000  -9.020000
[2, 'equal', False]             -4.00000    -3.350000  -4.000000 -39.500000  -6.000000
[2, 'equal', True]              -7.00000    -3.500000   0.125000  -4.350000  -9.800000
[2, 'human', False]             -9.00000   -15.500000  -8.850000   0.000000  -6.000000
[1, 'human', False]              0.00000     0.000000   0.000000 -27.000000   0.000000
[4, 'equal', True]              -4.00000    -2.278798  -1.750000  -3.339399  -4.000000
[2, 'human', True]               0.00000    -0.500000   0.000000   0.000000   0.000000
[4, 'robot', True]              -4.00000    -3.500000  -0.500000   0.000000 -15.000000
[3, 'robot', True]              -4.65000    -1.175000 -10.313750  -5.237500 -25.150000
[2, 'robot', False]             -3.17500   -23.500000  -0.250000 -50.500000  -4.000000
[4, 'robot', False]             -4.00000    -3.500000  -4.000000  -2.250000   0.000000
[2, 'robot', True]             -19.67500    -4.250000   3.925000 -25.000000  -0.500000";1;2427
