tick;corrected_tick;remaining_distance;victim_harm;idle_time_robot;q_table_cps;q_table_cps_runs;q_table_basic;world_nr;tick_nr
1805;1406;;1000;1;;;"                     Move back and forth  Stand Still   Pick up   Drop     Break
[4, 'equal', False]              -12.125   -16.562500 -7.906250 -5.750 -8.083008
[4, 'human', False]               -4.000    -1.687500 -5.500000 -3.000 -4.500000
[4, 'human', True]               -12.000    -3.500000  0.500000  0.000  0.000000
[3, 'human', False]              -16.500    -3.539062 -6.375000 -3.125 -9.437500
[3, 'human', True]                -9.000    -3.500000 -0.500000 -3.000  0.000000
[2, 'human', False]               -9.000    -3.437500  0.296875 -3.750 -4.375000
[2, 'human', True]                 0.000     0.000000  0.000000  0.000 -3.500000
[4, 'equal', True]                 0.000     0.000000  0.000000  0.000 -1.000000
[3, 'equal', False]               -4.000    -3.500000  1.750000  0.000  0.000000
[2, 'equal', False]              -14.000     0.000000  0.000000  0.000  0.500000
[1, 'human', False]               -4.000    -3.500000  0.000000 -5.000  0.000000";1;1805
