human_selector_action;human_selector_location;robot_action;robot_location;robot_executing_cp;world_nr;tick_nr
;(3, 4);;(4, 4);False;1;0
;(3, 4);;(4, 4);False;1;1
;(3, 4);;(4, 4);Remove big rock;1;2
;(3, 4);;(4, 4);Remove big rock;1;3
;(3, 4);;(4, 4);Remove big rock;1;4
;(3, 4);;(4, 4);Remove big rock;1;5
;(3, 4);;(4, 4);Remove big rock;1;6
MoveEast;(4, 4);;(4, 4);Remove big rock;1;7
;(4, 4);;(4, 4);Remove big rock;1;8
MoveEast;(5, 4);;(4, 4);Remove big rock;1;9
;(5, 4);;(4, 4);Remove big rock;1;10
;(5, 4);;(4, 4);Remove big rock;1;11
MoveEast;(6, 4);;(4, 4);Remove big rock;1;12
;(6, 4);;(4, 4);Remove big rock;1;13
;(6, 4);;(4, 4);Remove big rock;1;14
MoveEast;(7, 4);;(4, 4);Remove big rock;1;15
;(7, 4);;(4, 4);Remove big rock;1;16
MoveEast;(8, 4);;(4, 4);Remove big rock;1;17
;(8, 4);;(4, 4);Remove big rock;1;18
;(8, 4);;(4, 4);Remove big rock;1;19
MoveEast;(9, 4);;(4, 4);Remove big rock;1;20
;(9, 4);;(4, 4);Remove big rock;1;21
;(9, 4);;(4, 4);Remove big rock;1;22
MoveEast;(10, 4);;(4, 4);Remove big rock;1;23
;(10, 4);;(4, 4);Remove big rock;1;24
;(10, 4);;(4, 4);Remove big rock;1;25
;(10, 4);;(4, 4);Remove big rock;1;26
;(10, 4);;(4, 4);Remove big rock;1;27
;(10, 4);;(4, 4);Remove big rock;1;28
;(10, 4);;(4, 4);Remove big rock;1;29
;(10, 4);;(4, 4);Remove big rock;1;30
;(10, 4);;(4, 4);Remove big rock;1;31
;(10, 4);;(4, 4);Remove big rock;1;32
MoveNorth;(10, 3);;(4, 4);Remove big rock;1;33
;(10, 3);;(4, 4);Remove big rock;1;34
;(10, 3);;(4, 4);Remove big rock;1;35
;(10, 3);;(4, 4);Remove big rock;1;36
;(10, 3);;(4, 4);Remove big rock;1;37
;(10, 3);;(4, 4);Remove big rock;1;38
;(10, 3);;(4, 4);Remove big rock;1;39
;(10, 3);;(4, 4);Remove big rock;1;40
;(10, 3);;(4, 4);Remove big rock;1;41
;(10, 3);;(4, 4);Remove big rock;1;42
;(10, 3);;(4, 4);Remove big rock;1;43
;(10, 3);;(4, 4);Remove big rock;1;44
;(10, 3);;(4, 4);Remove big rock;1;45
;(10, 3);;(4, 4);Remove big rock;1;46
;(10, 3);;(4, 4);Remove big rock;1;47
;(10, 3);;(4, 4);Remove big rock;1;48
;(10, 3);;(4, 4);Remove big rock;1;49
;(10, 3);;(4, 4);Remove big rock;1;50
;(10, 3);;(4, 4);Remove big rock;1;51
GrabObject;(10, 3);;(4, 4);Remove big rock;1;52
;(10, 3);;(4, 4);Remove big rock;1;53
;(10, 3);;(4, 4);Remove big rock;1;54
MoveEast;(11, 3);;(4, 4);Remove big rock;1;55
;(11, 3);;(4, 4);Remove big rock;1;56
;(11, 3);;(4, 4);Remove big rock;1;57
;(11, 3);;(4, 4);Remove big rock;1;58
MoveEast;(12, 3);;(4, 4);Remove big rock;1;59
;(12, 3);;(4, 4);Remove big rock;1;60
;(12, 3);;(4, 4);Remove big rock;1;61
;(12, 3);;(4, 4);Remove big rock;1;62
;(12, 3);;(4, 4);Remove big rock;1;63
;(12, 3);;(4, 4);Remove big rock;1;64
;(12, 3);;(4, 4);Remove big rock;1;65
MoveEast;(13, 3);;(4, 4);Remove big rock;1;66
;(13, 3);;(4, 4);Remove big rock;1;67
;(13, 3);;(4, 4);Remove big rock;1;68
;(13, 3);;(4, 4);Remove big rock;1;69
MoveEast;(14, 3);;(4, 4);Remove big rock;1;70
;(14, 3);;(4, 4);Remove big rock;1;71
;(14, 3);;(4, 4);Remove big rock;1;72
MoveEast;(15, 3);;(4, 4);Remove big rock;1;73
;(15, 3);;(4, 4);Remove big rock;1;74
;(15, 3);;(4, 4);Remove big rock;1;75
;(15, 3);;(4, 4);Remove big rock;1;76
;(15, 3);;(4, 4);Remove big rock;1;77
;(15, 3);;(4, 4);Remove big rock;1;78
;(15, 3);;(4, 4);Remove big rock;1;79
;(15, 3);;(4, 4);Remove big rock;1;80
;(15, 3);;(4, 4);Remove big rock;1;81
;(15, 3);;(4, 4);Remove big rock;1;82
;(15, 3);;(4, 4);Remove big rock;1;83
;(15, 3);;(4, 4);Remove big rock;1;84
;(15, 3);;(4, 4);Remove big rock;1;85
;(15, 3);;(4, 4);Remove big rock;1;86
;(15, 3);;(4, 4);Remove big rock;1;87
;(15, 3);;(4, 4);Remove big rock;1;88
;(15, 3);;(4, 4);Remove big rock;1;89
;(15, 3);;(4, 4);Remove big rock;1;90
;(15, 3);;(4, 4);Remove big rock;1;91
;(15, 3);;(4, 4);Remove big rock;1;92
;(15, 3);;(4, 4);Remove big rock;1;93
DropObject;(15, 3);;(4, 4);Remove big rock;1;94
;(15, 3);;(4, 4);Remove big rock;1;95
;(15, 3);;(4, 4);Remove big rock;1;96
;(15, 3);;(4, 4);Remove big rock;1;97
;(15, 3);;(4, 4);Remove big rock;1;98
MoveWest;(14, 3);;(4, 4);Remove big rock;1;99
;(14, 3);;(4, 4);Remove big rock;1;100
;(14, 3);;(4, 4);Remove big rock;1;101
MoveWest;(13, 3);;(4, 4);Remove big rock;1;102
;(13, 3);;(4, 4);Remove big rock;1;103
;(13, 3);;(4, 4);Remove big rock;1;104
;(13, 3);;(4, 4);Remove big rock;1;105
;(13, 3);;(4, 4);Remove big rock;1;106
;(13, 3);;(4, 4);Remove big rock;1;107
;(13, 3);;(4, 4);Remove big rock;1;108
;(13, 3);;(4, 4);Remove big rock;1;109
;(13, 3);;(4, 4);Remove big rock;1;110
;(13, 3);;(4, 4);Remove big rock;1;111
;(13, 3);;(4, 4);Remove big rock;1;112
MoveWest;(12, 3);;(4, 4);Remove big rock;1;113
MoveWest;(11, 3);;(4, 4);Remove big rock;1;114
MoveWest;(10, 3);;(4, 4);Remove big rock;1;115
MoveWest;(9, 3);;(4, 4);Remove big rock;1;116
MoveWest;(8, 3);;(4, 4);Remove big rock;1;117
MoveWest;(7, 3);;(4, 4);Remove big rock;1;118
MoveWest;(6, 3);;(4, 4);Remove big rock;1;119
MoveWest;(5, 3);;(4, 4);Remove big rock;1;120
MoveWest;(4, 3);;(4, 4);Remove big rock;1;121
MoveWest;(3, 3);;(4, 4);Remove big rock;1;122
MoveWest;(2, 3);;(4, 4);Remove big rock;1;123
MoveWest;(1, 3);;(4, 4);Remove big rock;1;124
MoveWest;(0, 3);;(4, 4);Remove big rock;1;125
MoveWest;(0, 3);;(4, 4);Remove big rock;1;126
MoveWest;(0, 3);;(4, 4);Remove big rock;1;127
MoveWest;(0, 3);;(4, 4);Remove big rock;1;128
;(0, 3);;(4, 4);Remove big rock;1;129
;(0, 3);;(4, 4);Remove big rock;1;130
;(0, 3);;(4, 4);Remove big rock;1;131
;(0, 3);;(4, 4);Remove big rock;1;132
;(0, 3);;(4, 4);Remove big rock;1;133
;(0, 3);;(4, 4);Remove big rock;1;134
;(0, 3);;(4, 4);Remove big rock;1;135
;(0, 3);;(4, 4);Remove big rock;1;136
MoveEast;(1, 3);;(4, 4);Remove big rock;1;137
;(1, 3);;(4, 4);Remove big rock;1;138
;(1, 3);;(4, 4);Remove big rock;1;139
;(1, 3);;(4, 4);Remove big rock;1;140
;(1, 3);;(4, 4);Remove big rock;1;141
;(1, 3);;(4, 4);Remove big rock;1;142
;(1, 3);;(4, 4);Remove big rock;1;143
;(1, 3);;(4, 4);Remove big rock;1;144
;(1, 3);;(4, 4);Remove big rock;1;145
;(1, 3);;(4, 4);Remove big rock;1;146
;(1, 3);;(4, 4);Remove big rock;1;147
;(1, 3);;(4, 4);Remove big rock;1;148
;(1, 3);;(4, 4);Remove big rock;1;149
;(1, 3);;(4, 4);Remove big rock;1;150
;(1, 3);;(4, 4);Remove big rock;1;151
;(1, 3);;(4, 4);Remove big rock;1;152
;(1, 3);;(4, 4);Remove big rock;1;153
;(1, 3);;(4, 4);Remove big rock;1;154
;(1, 3);;(4, 4);Remove big rock;1;155
;(1, 3);;(4, 4);Remove big rock;1;156
;(1, 3);;(4, 4);Remove big rock;1;157
;(1, 3);;(4, 4);Remove big rock;1;158
;(1, 3);;(4, 4);Remove big rock;1;159
;(1, 3);;(4, 4);Remove big rock;1;160
;(1, 3);MoveEast;(4, 4);Remove big rock;1;161
;(1, 3);MoveEast;(4, 4);Remove big rock;1;162
;(1, 3);MoveEast;(4, 4);Remove big rock;1;163
;(1, 3);MoveEast;(4, 4);Remove big rock;1;164
;(1, 3);MoveEast;(4, 4);Remove big rock;1;165
;(1, 3);MoveEast;(4, 4);Remove big rock;1;166
;(1, 3);MoveEast;(4, 4);Remove big rock;1;167
;(1, 3);MoveEast;(4, 4);Remove big rock;1;168
;(1, 3);MoveEast;(4, 4);Remove big rock;1;169
;(1, 3);MoveEast;(4, 4);Remove big rock;1;170
;(1, 3);MoveEast;(5, 4);Remove big rock;1;171
;(1, 3);MoveEast;(5, 4);Remove big rock;1;172
;(1, 3);MoveEast;(5, 4);Remove big rock;1;173
;(1, 3);MoveEast;(5, 4);Remove big rock;1;174
;(1, 3);MoveEast;(5, 4);Remove big rock;1;175
;(1, 3);MoveEast;(5, 4);Remove big rock;1;176
;(1, 3);MoveEast;(5, 4);Remove big rock;1;177
;(1, 3);MoveEast;(5, 4);Remove big rock;1;178
;(1, 3);MoveEast;(5, 4);Remove big rock;1;179
;(1, 3);MoveEast;(5, 4);Remove big rock;1;180
;(1, 3);MoveEast;(5, 4);Remove big rock;1;181
;(1, 3);MoveEast;(6, 4);Remove big rock;1;182
;(1, 3);MoveEast;(6, 4);Remove big rock;1;183
;(1, 3);MoveEast;(6, 4);Remove big rock;1;184
;(1, 3);MoveEast;(6, 4);Remove big rock;1;185
;(1, 3);MoveEast;(6, 4);Remove big rock;1;186
;(1, 3);MoveEast;(6, 4);Remove big rock;1;187
;(1, 3);MoveEast;(6, 4);Remove big rock;1;188
;(1, 3);MoveEast;(6, 4);Remove big rock;1;189
;(1, 3);MoveEast;(6, 4);Remove big rock;1;190
;(1, 3);MoveEast;(6, 4);Remove big rock;1;191
;(1, 3);MoveEast;(6, 4);Remove big rock;1;192
;(1, 3);MoveEast;(7, 4);Remove big rock;1;193
;(1, 3);MoveEast;(7, 4);Remove big rock;1;194
;(1, 3);MoveEast;(7, 4);Remove big rock;1;195
;(1, 3);MoveEast;(7, 4);Remove big rock;1;196
;(1, 3);MoveEast;(7, 4);Remove big rock;1;197
;(1, 3);MoveEast;(7, 4);Remove big rock;1;198
;(1, 3);MoveEast;(7, 4);Remove big rock;1;199
;(1, 3);MoveEast;(7, 4);Remove big rock;1;200
;(1, 3);MoveEast;(7, 4);Remove big rock;1;201
;(1, 3);MoveEast;(7, 4);Remove big rock;1;202
;(1, 3);MoveEast;(7, 4);Remove big rock;1;203
;(1, 3);MoveEast;(8, 4);Remove big rock;1;204
;(1, 3);MoveEast;(8, 4);Remove big rock;1;205
;(1, 3);MoveEast;(8, 4);Remove big rock;1;206
;(1, 3);MoveEast;(8, 4);Remove big rock;1;207
;(1, 3);MoveEast;(8, 4);Remove big rock;1;208
;(1, 3);MoveEast;(8, 4);Remove big rock;1;209
;(1, 3);MoveEast;(8, 4);Remove big rock;1;210
;(1, 3);MoveEast;(8, 4);Remove big rock;1;211
;(1, 3);MoveEast;(8, 4);Remove big rock;1;212
;(1, 3);MoveEast;(8, 4);Remove big rock;1;213
;(1, 3);MoveEast;(8, 4);Remove big rock;1;214
;(1, 3);MoveEast;(9, 4);Remove big rock;1;215
;(1, 3);MoveEast;(9, 4);Remove big rock;1;216
;(1, 3);MoveEast;(9, 4);Remove big rock;1;217
;(1, 3);MoveEast;(9, 4);Remove big rock;1;218
;(1, 3);MoveEast;(9, 4);Remove big rock;1;219
;(1, 3);MoveEast;(9, 4);Remove big rock;1;220
;(1, 3);MoveEast;(9, 4);Remove big rock;1;221
;(1, 3);MoveEast;(9, 4);Remove big rock;1;222
;(1, 3);MoveEast;(9, 4);Remove big rock;1;223
;(1, 3);MoveEast;(9, 4);Remove big rock;1;224
;(1, 3);MoveEast;(9, 4);Remove big rock;1;225
;(1, 3);MoveEast;(10, 4);Remove big rock;1;226
;(1, 3);MoveSouthEast;(10, 4);Remove big rock;1;227
;(1, 3);MoveSouthEast;(10, 4);Remove big rock;1;228
;(1, 3);MoveSouthEast;(10, 4);Remove big rock;1;229
;(1, 3);MoveSouthEast;(10, 4);Remove big rock;1;230
;(1, 3);MoveSouthEast;(10, 4);Remove big rock;1;231
;(1, 3);MoveSouthEast;(10, 4);Remove big rock;1;232
;(1, 3);MoveSouthEast;(10, 4);Remove big rock;1;233
;(1, 3);MoveSouthEast;(10, 4);Remove big rock;1;234
;(1, 3);MoveSouthEast;(10, 4);Remove big rock;1;235
;(1, 3);MoveSouthEast;(10, 4);Remove big rock;1;236
;(1, 3);MoveSouthEast;(11, 5);Remove big rock;1;237
;(1, 3);GrabLargeObject;(11, 5);Remove big rock;1;238
;(1, 3);GrabLargeObject;(11, 5);Remove big rock;1;239
;(1, 3);GrabLargeObject;(11, 5);Remove big rock;1;240
;(1, 3);GrabLargeObject;(11, 5);Remove big rock;1;241
;(1, 3);GrabLargeObject;(11, 5);Remove big rock;1;242
;(1, 3);GrabLargeObject;(11, 5);Remove big rock;1;243
;(1, 3);GrabLargeObject;(11, 5);Remove big rock;1;244
;(1, 3);GrabLargeObject;(11, 5);Remove big rock;1;245
;(1, 3);GrabLargeObject;(11, 5);Remove big rock;1;246
;(1, 3);GrabLargeObject;(11, 5);Remove big rock;1;247
;(1, 3);GrabLargeObject;(11, 5);Remove big rock;1;248
;(1, 3);;(11, 5);Remove big rock;1;249
;(1, 3);;(11, 5);Remove big rock;1;250
;(1, 3);;(11, 5);Remove big rock;1;251
;(1, 3);;(11, 5);Remove big rock;1;252
;(1, 3);;(11, 5);Remove big rock;1;253
;(1, 3);MoveEast;(11, 5);Remove big rock;1;254
;(1, 3);MoveEast;(11, 5);Remove big rock;1;255
;(1, 3);MoveEast;(11, 5);Remove big rock;1;256
;(1, 3);MoveEast;(11, 5);Remove big rock;1;257
;(1, 3);MoveEast;(11, 5);Remove big rock;1;258
;(1, 3);MoveEast;(11, 5);Remove big rock;1;259
;(1, 3);MoveEast;(11, 5);Remove big rock;1;260
;(1, 3);MoveEast;(11, 5);Remove big rock;1;261
;(1, 3);MoveEast;(11, 5);Remove big rock;1;262
;(1, 3);MoveEast;(11, 5);Remove big rock;1;263
;(1, 3);MoveEast;(12, 5);Remove big rock;1;264
;(1, 3);MoveEast;(12, 5);Remove big rock;1;265
;(1, 3);MoveEast;(12, 5);Remove big rock;1;266
;(1, 3);MoveEast;(12, 5);Remove big rock;1;267
;(1, 3);MoveEast;(12, 5);Remove big rock;1;268
;(1, 3);MoveEast;(12, 5);Remove big rock;1;269
;(1, 3);MoveEast;(12, 5);Remove big rock;1;270
;(1, 3);MoveEast;(12, 5);Remove big rock;1;271
;(1, 3);MoveEast;(12, 5);Remove big rock;1;272
;(1, 3);MoveEast;(12, 5);Remove big rock;1;273
;(1, 3);MoveEast;(12, 5);Remove big rock;1;274
;(1, 3);MoveEast;(13, 5);Remove big rock;1;275
;(1, 3);MoveEast;(13, 5);Remove big rock;1;276
;(1, 3);MoveEast;(13, 5);Remove big rock;1;277
;(1, 3);MoveEast;(13, 5);Remove big rock;1;278
;(1, 3);MoveEast;(13, 5);Remove big rock;1;279
;(1, 3);MoveEast;(13, 5);Remove big rock;1;280
;(1, 3);MoveEast;(13, 5);Remove big rock;1;281
;(1, 3);MoveEast;(13, 5);Remove big rock;1;282
;(1, 3);MoveEast;(13, 5);Remove big rock;1;283
;(1, 3);MoveEast;(13, 5);Remove big rock;1;284
;(1, 3);MoveEast;(13, 5);Remove big rock;1;285
;(1, 3);MoveEast;(14, 5);Remove big rock;1;286
;(1, 3);MoveNorthEast;(14, 5);Remove big rock;1;287
;(1, 3);MoveNorthEast;(14, 5);Remove big rock;1;288
;(1, 3);MoveNorthEast;(14, 5);Remove big rock;1;289
;(1, 3);MoveNorthEast;(14, 5);Remove big rock;1;290
;(1, 3);MoveNorthEast;(14, 5);Remove big rock;1;291
;(1, 3);MoveNorthEast;(14, 5);Remove big rock;1;292
;(1, 3);MoveNorthEast;(14, 5);Remove big rock;1;293
;(1, 3);MoveNorthEast;(14, 5);Remove big rock;1;294
;(1, 3);MoveNorthEast;(14, 5);Remove big rock;1;295
;(1, 3);MoveNorthEast;(14, 5);Remove big rock;1;296
;(1, 3);MoveNorthEast;(15, 4);Remove big rock;1;297
;(1, 3);MoveEast;(15, 4);Remove big rock;1;298
;(1, 3);MoveEast;(15, 4);Remove big rock;1;299
;(1, 3);MoveEast;(15, 4);Remove big rock;1;300
;(1, 3);MoveEast;(15, 4);Remove big rock;1;301
;(1, 3);MoveEast;(15, 4);Remove big rock;1;302
;(1, 3);MoveEast;(15, 4);Remove big rock;1;303
;(1, 3);MoveEast;(15, 4);Remove big rock;1;304
;(1, 3);MoveEast;(15, 4);Remove big rock;1;305
;(1, 3);MoveEast;(15, 4);Remove big rock;1;306
;(1, 3);MoveEast;(15, 4);Remove big rock;1;307
;(1, 3);MoveEast;(16, 4);Remove big rock;1;308
;(1, 3);MoveNorthEast;(16, 4);Remove big rock;1;309
;(1, 3);MoveNorthEast;(16, 4);Remove big rock;1;310
;(1, 3);MoveNorthEast;(16, 4);Remove big rock;1;311
;(1, 3);MoveNorthEast;(16, 4);Remove big rock;1;312
;(1, 3);MoveNorthEast;(16, 4);Remove big rock;1;313
;(1, 3);MoveNorthEast;(16, 4);Remove big rock;1;314
;(1, 3);MoveNorthEast;(16, 4);Remove big rock;1;315
;(1, 3);MoveNorthEast;(16, 4);Remove big rock;1;316
;(1, 3);MoveNorthEast;(16, 4);Remove big rock;1;317
;(1, 3);MoveNorthEast;(16, 4);Remove big rock;1;318
;(1, 3);MoveNorthEast;(17, 3);Remove big rock;1;319
;(1, 3);MoveEast;(17, 3);Remove big rock;1;320
;(1, 3);MoveEast;(17, 3);Remove big rock;1;321
;(1, 3);MoveEast;(17, 3);Remove big rock;1;322
;(1, 3);MoveEast;(17, 3);Remove big rock;1;323
;(1, 3);MoveEast;(17, 3);Remove big rock;1;324
;(1, 3);MoveEast;(17, 3);Remove big rock;1;325
;(1, 3);MoveEast;(17, 3);Remove big rock;1;326
;(1, 3);MoveEast;(17, 3);Remove big rock;1;327
;(1, 3);MoveEast;(17, 3);Remove big rock;1;328
;(1, 3);MoveEast;(17, 3);Remove big rock;1;329
;(1, 3);MoveEast;(18, 3);Remove big rock;1;330
;(1, 3);DropLargeObject;(18, 3);Remove big rock;1;331
;(1, 3);DropLargeObject;(18, 3);Remove big rock;1;332
;(1, 3);DropLargeObject;(18, 3);Remove big rock;1;333
;(1, 3);DropLargeObject;(18, 3);Remove big rock;1;334
;(1, 3);DropLargeObject;(18, 3);Remove big rock;1;335
;(1, 3);DropLargeObject;(18, 3);Remove big rock;1;336
;(1, 3);DropLargeObject;(18, 3);Remove big rock;1;337
;(1, 3);DropLargeObject;(18, 3);Remove big rock;1;338
;(1, 3);DropLargeObject;(18, 3);Remove big rock;1;339
;(1, 3);DropLargeObject;(18, 3);Remove big rock;1;340
;(1, 3);DropLargeObject;(18, 3);Remove big rock;1;341
;(1, 3);;(18, 3);Remove big rock;1;342
;(1, 3);;(18, 3);Remove big rock;1;343
;(1, 3);MoveSouthWest;(18, 3);Remove big rock;1;344
;(1, 3);MoveSouthWest;(18, 3);Remove big rock;1;345
;(1, 3);MoveSouthWest;(18, 3);Remove big rock;1;346
;(1, 3);MoveSouthWest;(18, 3);Remove big rock;1;347
;(1, 3);MoveSouthWest;(18, 3);Remove big rock;1;348
;(1, 3);MoveSouthWest;(18, 3);Remove big rock;1;349
;(1, 3);MoveSouthWest;(18, 3);Remove big rock;1;350
;(1, 3);MoveSouthWest;(18, 3);Remove big rock;1;351
;(1, 3);MoveSouthWest;(18, 3);Remove big rock;1;352
;(1, 3);MoveSouthWest;(18, 3);Remove big rock;1;353
;(1, 3);MoveSouthWest;(17, 4);Remove big rock;1;354
;(1, 3);MoveSouthWest;(17, 4);Remove big rock;1;355
;(1, 3);MoveSouthWest;(17, 4);Remove big rock;1;356
;(1, 3);MoveSouthWest;(17, 4);Remove big rock;1;357
;(1, 3);MoveSouthWest;(17, 4);Remove big rock;1;358
;(1, 3);MoveSouthWest;(17, 4);Remove big rock;1;359
;(1, 3);MoveSouthWest;(17, 4);Remove big rock;1;360
;(1, 3);MoveSouthWest;(17, 4);Remove big rock;1;361
;(1, 3);MoveSouthWest;(17, 4);Remove big rock;1;362
;(1, 3);MoveSouthWest;(17, 4);Remove big rock;1;363
;(1, 3);MoveSouthWest;(17, 4);Remove big rock;1;364
;(1, 3);MoveSouthWest;(16, 5);Remove big rock;1;365
;(1, 3);MoveSouthWest;(16, 5);Remove big rock;1;366
;(1, 3);MoveSouthWest;(16, 5);Remove big rock;1;367
;(1, 3);MoveSouthWest;(16, 5);Remove big rock;1;368
;(1, 3);MoveSouthWest;(16, 5);Remove big rock;1;369
;(1, 3);MoveSouthWest;(16, 5);Remove big rock;1;370
;(1, 3);MoveSouthWest;(16, 5);Remove big rock;1;371
;(1, 3);MoveSouthWest;(16, 5);Remove big rock;1;372
;(1, 3);MoveSouthWest;(16, 5);Remove big rock;1;373
;(1, 3);MoveSouthWest;(16, 5);Remove big rock;1;374
;(1, 3);MoveSouthWest;(16, 5);Remove big rock;1;375
;(1, 3);MoveSouthWest;(15, 6);Remove big rock;1;376
;(1, 3);MoveSouthWest;(15, 6);Remove big rock;1;377
;(1, 3);MoveSouthWest;(15, 6);Remove big rock;1;378
;(1, 3);MoveSouthWest;(15, 6);Remove big rock;1;379
;(1, 3);MoveSouthWest;(15, 6);Remove big rock;1;380
;(1, 3);MoveSouthWest;(15, 6);Remove big rock;1;381
;(1, 3);MoveSouthWest;(15, 6);Remove big rock;1;382
;(1, 3);MoveSouthWest;(15, 6);Remove big rock;1;383
;(1, 3);MoveSouthWest;(15, 6);Remove big rock;1;384
;(1, 3);MoveSouthWest;(15, 6);Remove big rock;1;385
;(1, 3);MoveSouthWest;(15, 6);Remove big rock;1;386
;(1, 3);MoveSouthWest;(14, 7);Remove big rock;1;387
;(1, 3);MoveSouthWest;(14, 7);Remove big rock;1;388
;(1, 3);MoveSouthWest;(14, 7);Remove big rock;1;389
;(1, 3);MoveSouthWest;(14, 7);Remove big rock;1;390
;(1, 3);MoveSouthWest;(14, 7);Remove big rock;1;391
;(1, 3);MoveSouthWest;(14, 7);Remove big rock;1;392
;(1, 3);MoveSouthWest;(14, 7);Remove big rock;1;393
;(1, 3);MoveSouthWest;(14, 7);Remove big rock;1;394
;(1, 3);MoveSouthWest;(14, 7);Remove big rock;1;395
;(1, 3);MoveSouthWest;(14, 7);Remove big rock;1;396
;(1, 3);MoveSouthWest;(14, 7);Remove big rock;1;397
;(1, 3);MoveSouthWest;(13, 8);Remove big rock;1;398
;(1, 3);MoveSouthWest;(13, 8);Remove big rock;1;399
;(1, 3);MoveSouthWest;(13, 8);Remove big rock;1;400
;(1, 3);MoveSouthWest;(13, 8);Remove big rock;1;401
;(1, 3);MoveSouthWest;(13, 8);Remove big rock;1;402
;(1, 3);MoveSouthWest;(13, 8);Remove big rock;1;403
;(1, 3);MoveSouthWest;(13, 8);Remove big rock;1;404
;(1, 3);MoveSouthWest;(13, 8);Remove big rock;1;405
;(1, 3);MoveSouthWest;(13, 8);Remove big rock;1;406
;(1, 3);MoveSouthWest;(13, 8);Remove big rock;1;407
;(1, 3);MoveSouthWest;(13, 8);Remove big rock;1;408
;(1, 3);MoveSouthWest;(12, 9);Remove big rock;1;409
;(1, 3);GrabLargeObject;(12, 9);Remove big rock;1;410
;(1, 3);GrabLargeObject;(12, 9);Remove big rock;1;411
;(1, 3);GrabLargeObject;(12, 9);Remove big rock;1;412
;(1, 3);GrabLargeObject;(12, 9);Remove big rock;1;413
;(1, 3);GrabLargeObject;(12, 9);Remove big rock;1;414
;(1, 3);GrabLargeObject;(12, 9);Remove big rock;1;415
;(1, 3);GrabLargeObject;(12, 9);Remove big rock;1;416
;(1, 3);GrabLargeObject;(12, 9);Remove big rock;1;417
;(1, 3);GrabLargeObject;(12, 9);Remove big rock;1;418
;(1, 3);GrabLargeObject;(12, 9);Remove big rock;1;419
;(1, 3);GrabLargeObject;(12, 9);Remove big rock;1;420
;(1, 3);;(12, 9);Remove big rock;1;421
;(1, 3);;(12, 9);False;1;422
;(1, 3);;(12, 9);Remove large rock top;1;423
;(1, 3);;(12, 9);Remove large rock top;1;424
;(1, 3);MoveEast;(12, 9);Remove large rock top;1;425
;(1, 3);MoveEast;(12, 9);Remove large rock top;1;426
;(1, 3);MoveEast;(12, 9);Remove large rock top;1;427
;(1, 3);MoveEast;(12, 9);Remove large rock top;1;428
;(1, 3);MoveEast;(12, 9);Remove large rock top;1;429
;(1, 3);MoveEast;(12, 9);Remove large rock top;1;430
;(1, 3);MoveEast;(12, 9);Remove large rock top;1;431
;(1, 3);MoveEast;(12, 9);Remove large rock top;1;432
;(1, 3);MoveEast;(12, 9);Remove large rock top;1;433
;(1, 3);MoveEast;(12, 9);Remove large rock top;1;434
;(1, 3);MoveEast;(13, 9);Remove large rock top;1;435
;(1, 3);MoveEast;(13, 9);Remove large rock top;1;436
;(1, 3);MoveEast;(13, 9);Remove large rock top;1;437
;(1, 3);MoveEast;(13, 9);Remove large rock top;1;438
;(1, 3);MoveEast;(13, 9);Remove large rock top;1;439
;(1, 3);MoveEast;(13, 9);Remove large rock top;1;440
;(1, 3);MoveEast;(13, 9);Remove large rock top;1;441
;(1, 3);MoveEast;(13, 9);Remove large rock top;1;442
;(1, 3);MoveEast;(13, 9);Remove large rock top;1;443
;(1, 3);MoveEast;(13, 9);Remove large rock top;1;444
;(1, 3);MoveEast;(13, 9);Remove large rock top;1;445
;(1, 3);MoveEast;(14, 9);Remove large rock top;1;446
;(1, 3);MoveNorthEast;(14, 9);Remove large rock top;1;447
;(1, 3);MoveNorthEast;(14, 9);Remove large rock top;1;448
;(1, 3);MoveNorthEast;(14, 9);Remove large rock top;1;449
;(1, 3);MoveNorthEast;(14, 9);Remove large rock top;1;450
;(1, 3);MoveNorthEast;(14, 9);Remove large rock top;1;451
;(1, 3);MoveNorthEast;(14, 9);Remove large rock top;1;452
;(1, 3);MoveNorthEast;(14, 9);Remove large rock top;1;453
;(1, 3);MoveNorthEast;(14, 9);Remove large rock top;1;454
;(1, 3);MoveNorthEast;(14, 9);Remove large rock top;1;455
MoveEast;(2, 3);MoveNorthEast;(14, 9);Remove large rock top;1;456
;(2, 3);MoveNorthEast;(15, 8);Remove large rock top;1;457
;(2, 3);MoveEast;(15, 8);Remove large rock top;1;458
;(2, 3);MoveEast;(15, 8);Remove large rock top;1;459
MoveEast;(3, 3);MoveEast;(15, 8);Remove large rock top;1;460
;(3, 3);MoveEast;(15, 8);Remove large rock top;1;461
;(3, 3);MoveEast;(15, 8);Remove large rock top;1;462
;(3, 3);MoveEast;(15, 8);Remove large rock top;1;463
MoveEast;(4, 3);MoveEast;(15, 8);Remove large rock top;1;464
;(4, 3);MoveEast;(15, 8);Remove large rock top;1;465
;(4, 3);MoveEast;(15, 8);Remove large rock top;1;466
;(4, 3);MoveEast;(15, 8);Remove large rock top;1;467
MoveEast;(5, 3);MoveEast;(16, 8);Remove large rock top;1;468
;(5, 3);MoveNorthEast;(16, 8);Remove large rock top;1;469
;(5, 3);MoveNorthEast;(16, 8);Remove large rock top;1;470
MoveEast;(6, 3);MoveNorthEast;(16, 8);Remove large rock top;1;471
;(6, 3);MoveNorthEast;(16, 8);Remove large rock top;1;472
;(6, 3);MoveNorthEast;(16, 8);Remove large rock top;1;473
;(6, 3);MoveNorthEast;(16, 8);Remove large rock top;1;474
MoveEast;(7, 3);MoveNorthEast;(16, 8);Remove large rock top;1;475
;(7, 3);MoveNorthEast;(16, 8);Remove large rock top;1;476
;(7, 3);MoveNorthEast;(16, 8);Remove large rock top;1;477
;(7, 3);MoveNorthEast;(16, 8);Remove large rock top;1;478
MoveEast;(8, 3);MoveNorthEast;(17, 7);Remove large rock top;1;479
;(8, 3);MoveEast;(17, 7);Remove large rock top;1;480
;(8, 3);MoveEast;(17, 7);Remove large rock top;1;481
;(8, 3);MoveEast;(17, 7);Remove large rock top;1;482
;(8, 3);MoveEast;(17, 7);Remove large rock top;1;483
;(8, 3);MoveEast;(17, 7);Remove large rock top;1;484
;(8, 3);MoveEast;(17, 7);Remove large rock top;1;485
;(8, 3);MoveEast;(17, 7);Remove large rock top;1;486
;(8, 3);MoveEast;(17, 7);Remove large rock top;1;487
;(8, 3);MoveEast;(17, 7);Remove large rock top;1;488
;(8, 3);MoveEast;(17, 7);Remove large rock top;1;489
;(8, 3);MoveEast;(18, 7);Remove large rock top;1;490
;(8, 3);DropLargeObject;(18, 7);Remove large rock top;1;491
;(8, 3);DropLargeObject;(18, 7);Remove large rock top;1;492
;(8, 3);DropLargeObject;(18, 7);Remove large rock top;1;493
MoveEast;(9, 3);DropLargeObject;(18, 7);Remove large rock top;1;494
;(9, 3);DropLargeObject;(18, 7);Remove large rock top;1;495
;(9, 3);DropLargeObject;(18, 7);Remove large rock top;1;496
;(9, 3);DropLargeObject;(18, 7);Remove large rock top;1;497
;(9, 3);DropLargeObject;(18, 7);Remove large rock top;1;498
;(9, 3);DropLargeObject;(18, 7);Remove large rock top;1;499
;(9, 3);DropLargeObject;(18, 7);Remove large rock top;1;500
;(9, 3);DropLargeObject;(18, 7);Remove large rock top;1;501
;(9, 3);;(18, 7);Remove large rock top;1;502
MoveSouth;(9, 4);;(18, 7);Remove large rock top;1;503
;(9, 4);;(18, 7);Remove large rock top;1;504
;(9, 4);MoveWest;(18, 7);Remove large rock top;1;505
;(9, 4);MoveWest;(18, 7);Remove large rock top;1;506
;(9, 4);MoveWest;(18, 7);Remove large rock top;1;507
;(9, 4);MoveWest;(18, 7);Remove large rock top;1;508
;(9, 4);MoveWest;(18, 7);Remove large rock top;1;509
;(9, 4);MoveWest;(18, 7);Remove large rock top;1;510
;(9, 4);MoveWest;(18, 7);Remove large rock top;1;511
;(9, 4);MoveWest;(18, 7);Remove large rock top;1;512
;(9, 4);MoveWest;(18, 7);Remove large rock top;1;513
;(9, 4);MoveWest;(18, 7);Remove large rock top;1;514
;(9, 4);MoveWest;(17, 7);Remove large rock top;1;515
;(9, 4);MoveWest;(17, 7);Remove large rock top;1;516
;(9, 4);MoveWest;(17, 7);Remove large rock top;1;517
;(9, 4);MoveWest;(17, 7);Remove large rock top;1;518
;(9, 4);MoveWest;(17, 7);Remove large rock top;1;519
;(9, 4);MoveWest;(17, 7);Remove large rock top;1;520
;(9, 4);MoveWest;(17, 7);Remove large rock top;1;521
;(9, 4);MoveWest;(17, 7);Remove large rock top;1;522
;(9, 4);MoveWest;(17, 7);Remove large rock top;1;523
GrabObject;(9, 4);MoveWest;(17, 7);Remove large rock top;1;524
;(9, 4);MoveWest;(17, 7);Remove large rock top;1;525
;(9, 4);MoveWest;(16, 7);Remove large rock top;1;526
;(9, 4);MoveWest;(16, 7);Remove large rock top;1;527
;(9, 4);MoveWest;(16, 7);Remove large rock top;1;528
;(9, 4);MoveWest;(16, 7);Remove large rock top;1;529
MoveWest;(8, 4);MoveWest;(16, 7);Remove large rock top;1;530
;(8, 4);MoveWest;(16, 7);Remove large rock top;1;531
;(8, 4);MoveWest;(16, 7);Remove large rock top;1;532
;(8, 4);MoveWest;(16, 7);Remove large rock top;1;533
MoveWest;(7, 4);MoveWest;(16, 7);Remove large rock top;1;534
;(7, 4);MoveWest;(16, 7);Remove large rock top;1;535
;(7, 4);MoveWest;(16, 7);Remove large rock top;1;536
;(7, 4);MoveWest;(15, 7);Remove large rock top;1;537
MoveWest;(6, 4);MoveNorthWest;(15, 7);Remove large rock top;1;538
;(6, 4);MoveNorthWest;(15, 7);Remove large rock top;1;539
;(6, 4);MoveNorthWest;(15, 7);Remove large rock top;1;540
MoveWest;(5, 4);MoveNorthWest;(15, 7);Remove large rock top;1;541
;(5, 4);MoveNorthWest;(15, 7);Remove large rock top;1;542
;(5, 4);MoveNorthWest;(15, 7);Remove large rock top;1;543
MoveWest;(4, 4);MoveNorthWest;(15, 7);Remove large rock top;1;544
;(4, 4);MoveNorthWest;(15, 7);Remove large rock top;1;545
;(4, 4);MoveNorthWest;(15, 7);Remove large rock top;1;546
MoveWest;(3, 4);MoveNorthWest;(15, 7);Remove large rock top;1;547
;(3, 4);MoveNorthWest;(14, 6);Remove large rock top;1;548
;(3, 4);MoveNorthWest;(14, 6);Remove large rock top;1;549
;(3, 4);MoveNorthWest;(14, 6);Remove large rock top;1;550
MoveWest;(2, 4);MoveNorthWest;(14, 6);Remove large rock top;1;551
;(2, 4);MoveNorthWest;(14, 6);Remove large rock top;1;552
;(2, 4);MoveNorthWest;(14, 6);Remove large rock top;1;553
MoveWest;(1, 4);MoveNorthWest;(14, 6);Remove large rock top;1;554
;(1, 4);MoveNorthWest;(14, 6);Remove large rock top;1;555
;(1, 4);MoveNorthWest;(14, 6);Remove large rock top;1;556
;(1, 4);MoveNorthWest;(14, 6);Remove large rock top;1;557
;(1, 4);MoveNorthWest;(14, 6);Remove large rock top;1;558
MoveWest;(0, 4);MoveNorthWest;(13, 5);Remove large rock top;1;559
;(0, 4);MoveNorthWest;(13, 5);Remove large rock top;1;560
MoveWest;(0, 4);MoveNorthWest;(13, 5);Remove large rock top;1;561
;(0, 4);MoveNorthWest;(13, 5);Remove large rock top;1;562
;(0, 4);MoveNorthWest;(13, 5);Remove large rock top;1;563
;(0, 4);MoveNorthWest;(13, 5);Remove large rock top;1;564
;(0, 4);MoveNorthWest;(13, 5);Remove large rock top;1;565
;(0, 4);MoveNorthWest;(13, 5);Remove large rock top;1;566
;(0, 4);MoveNorthWest;(13, 5);Remove large rock top;1;567
;(0, 4);MoveNorthWest;(13, 5);Remove large rock top;1;568
DropObject;(0, 4);MoveNorthWest;(13, 5);Remove large rock top;1;569
;(0, 4);MoveNorthWest;(12, 4);Remove large rock top;1;570
;(0, 4);MoveWest;(12, 4);Remove large rock top;1;571
;(0, 4);MoveWest;(12, 4);Remove large rock top;1;572
;(0, 4);MoveWest;(12, 4);Remove large rock top;1;573
;(0, 4);MoveWest;(12, 4);Remove large rock top;1;574
;(0, 4);MoveWest;(12, 4);Remove large rock top;1;575
;(0, 4);MoveWest;(12, 4);Remove large rock top;1;576
;(0, 4);MoveWest;(12, 4);Remove large rock top;1;577
;(0, 4);MoveWest;(12, 4);Remove large rock top;1;578
;(0, 4);MoveWest;(12, 4);Remove large rock top;1;579
;(0, 4);MoveWest;(12, 4);Remove large rock top;1;580
;(0, 4);MoveWest;(11, 4);Remove large rock top;1;581
;(0, 4);MoveWest;(11, 4);Remove large rock top;1;582
;(0, 4);MoveWest;(11, 4);Remove large rock top;1;583
;(0, 4);MoveWest;(11, 4);Remove large rock top;1;584
;(0, 4);MoveWest;(11, 4);Remove large rock top;1;585
;(0, 4);MoveWest;(11, 4);Remove large rock top;1;586
;(0, 4);MoveWest;(11, 4);Remove large rock top;1;587
;(0, 4);MoveWest;(11, 4);Remove large rock top;1;588
;(0, 4);MoveWest;(11, 4);Remove large rock top;1;589
;(0, 4);MoveWest;(11, 4);Remove large rock top;1;590
;(0, 4);MoveWest;(11, 4);Remove large rock top;1;591
;(0, 4);MoveWest;(10, 4);Remove large rock top;1;592
;(0, 4);MoveWest;(10, 4);Remove large rock top;1;593
;(0, 4);MoveWest;(10, 4);Remove large rock top;1;594
;(0, 4);MoveWest;(10, 4);Remove large rock top;1;595
;(0, 4);MoveWest;(10, 4);Remove large rock top;1;596
;(0, 4);MoveWest;(10, 4);Remove large rock top;1;597
;(0, 4);MoveWest;(10, 4);Remove large rock top;1;598
;(0, 4);MoveWest;(10, 4);Remove large rock top;1;599
;(0, 4);MoveWest;(10, 4);Remove large rock top;1;600
;(0, 4);MoveWest;(10, 4);Remove large rock top;1;601
;(0, 4);MoveWest;(10, 4);Remove large rock top;1;602
;(0, 4);MoveWest;(9, 4);Remove large rock top;1;603
;(0, 4);MoveWest;(9, 4);Remove large rock top;1;604
;(0, 4);MoveWest;(9, 4);Remove large rock top;1;605
;(0, 4);MoveWest;(9, 4);Remove large rock top;1;606
;(0, 4);MoveWest;(9, 4);Remove large rock top;1;607
;(0, 4);MoveWest;(9, 4);Remove large rock top;1;608
;(0, 4);MoveWest;(9, 4);Remove large rock top;1;609
;(0, 4);MoveWest;(9, 4);Remove large rock top;1;610
;(0, 4);MoveWest;(9, 4);Remove large rock top;1;611
;(0, 4);MoveWest;(9, 4);Remove large rock top;1;612
;(0, 4);MoveWest;(9, 4);Remove large rock top;1;613
;(0, 4);MoveWest;(8, 4);Remove large rock top;1;614
;(0, 4);GrabLargeObject;(8, 4);Remove large rock top;1;615
;(0, 4);GrabLargeObject;(8, 4);Remove large rock top;1;616
;(0, 4);GrabLargeObject;(8, 4);Remove large rock top;1;617
;(0, 4);GrabLargeObject;(8, 4);Remove large rock top;1;618
;(0, 4);GrabLargeObject;(8, 4);Remove large rock top;1;619
;(0, 4);GrabLargeObject;(8, 4);Remove large rock top;1;620
;(0, 4);GrabLargeObject;(8, 4);Remove large rock top;1;621
;(0, 4);GrabLargeObject;(8, 4);Remove large rock top;1;622
;(0, 4);GrabLargeObject;(8, 4);Remove large rock top;1;623
;(0, 4);GrabLargeObject;(8, 4);Remove large rock top;1;624
;(0, 4);GrabLargeObject;(8, 4);Remove large rock top;1;625
;(0, 4);;(8, 4);Remove large rock top;1;626
;(0, 4);;(8, 4);Remove large rock top;1;627
;(0, 4);;(8, 4);Remove large rock top;1;628
;(0, 4);MoveWest;(8, 4);Remove large rock top;1;629
;(0, 4);MoveWest;(8, 4);Remove large rock top;1;630
;(0, 4);MoveWest;(8, 4);Remove large rock top;1;631
;(0, 4);MoveWest;(8, 4);Remove large rock top;1;632
;(0, 4);MoveWest;(8, 4);Remove large rock top;1;633
;(0, 4);MoveWest;(8, 4);Remove large rock top;1;634
;(0, 4);MoveWest;(8, 4);Remove large rock top;1;635
;(0, 4);MoveWest;(8, 4);Remove large rock top;1;636
;(0, 4);MoveWest;(8, 4);Remove large rock top;1;637
;(0, 4);MoveWest;(8, 4);Remove large rock top;1;638
;(0, 4);MoveWest;(7, 4);Remove large rock top;1;639
;(0, 4);MoveWest;(7, 4);Remove large rock top;1;640
;(0, 4);MoveWest;(7, 4);Remove large rock top;1;641
;(0, 4);MoveWest;(7, 4);Remove large rock top;1;642
;(0, 4);MoveWest;(7, 4);Remove large rock top;1;643
;(0, 4);MoveWest;(7, 4);Remove large rock top;1;644
;(0, 4);MoveWest;(7, 4);Remove large rock top;1;645
;(0, 4);MoveWest;(7, 4);Remove large rock top;1;646
;(0, 4);MoveWest;(7, 4);Remove large rock top;1;647
;(0, 4);MoveWest;(7, 4);Remove large rock top;1;648
;(0, 4);MoveWest;(7, 4);Remove large rock top;1;649
;(0, 4);MoveWest;(6, 4);Remove large rock top;1;650
;(0, 4);MoveWest;(6, 4);Remove large rock top;1;651
;(0, 4);MoveWest;(6, 4);Remove large rock top;1;652
;(0, 4);MoveWest;(6, 4);Remove large rock top;1;653
;(0, 4);MoveWest;(6, 4);Remove large rock top;1;654
;(0, 4);MoveWest;(6, 4);Remove large rock top;1;655
;(0, 4);MoveWest;(6, 4);Remove large rock top;1;656
;(0, 4);MoveWest;(6, 4);Remove large rock top;1;657
;(0, 4);MoveWest;(6, 4);Remove large rock top;1;658
;(0, 4);MoveWest;(6, 4);Remove large rock top;1;659
;(0, 4);MoveWest;(6, 4);Remove large rock top;1;660
;(0, 4);MoveWest;(5, 4);Remove large rock top;1;661
;(0, 4);MoveNorthWest;(5, 4);Remove large rock top;1;662
;(0, 4);MoveNorthWest;(5, 4);Remove large rock top;1;663
;(0, 4);MoveNorthWest;(5, 4);Remove large rock top;1;664
;(0, 4);MoveNorthWest;(5, 4);Remove large rock top;1;665
;(0, 4);MoveNorthWest;(5, 4);Remove large rock top;1;666
;(0, 4);MoveNorthWest;(5, 4);Remove large rock top;1;667
;(0, 4);MoveNorthWest;(5, 4);Remove large rock top;1;668
;(0, 4);MoveNorthWest;(5, 4);Remove large rock top;1;669
;(0, 4);MoveNorthWest;(5, 4);Remove large rock top;1;670
;(0, 4);MoveNorthWest;(5, 4);Remove large rock top;1;671
;(0, 4);MoveNorthWest;(4, 3);Remove large rock top;1;672
;(0, 4);MoveWest;(4, 3);Remove large rock top;1;673
;(0, 4);MoveWest;(4, 3);Remove large rock top;1;674
;(0, 4);MoveWest;(4, 3);Remove large rock top;1;675
MoveEast;(1, 4);MoveWest;(4, 3);Remove large rock top;1;676
;(1, 4);MoveWest;(4, 3);Remove large rock top;1;677
;(1, 4);MoveWest;(4, 3);Remove large rock top;1;678
;(1, 4);MoveWest;(4, 3);Remove large rock top;1;679
;(1, 4);MoveWest;(4, 3);Remove large rock top;1;680
;(1, 4);MoveWest;(4, 3);Remove large rock top;1;681
;(1, 4);MoveWest;(4, 3);Remove large rock top;1;682
;(1, 4);MoveWest;(3, 3);Remove large rock top;1;683
;(1, 4);MoveNorthWest;(3, 3);Remove large rock top;1;684
;(1, 4);MoveNorthWest;(3, 3);Remove large rock top;1;685
;(1, 4);MoveNorthWest;(3, 3);Remove large rock top;1;686
;(1, 4);MoveNorthWest;(3, 3);Remove large rock top;1;687
;(1, 4);MoveNorthWest;(3, 3);Remove large rock top;1;688
;(1, 4);MoveNorthWest;(3, 3);Remove large rock top;1;689
MoveNorth;(1, 3);MoveNorthWest;(3, 3);Remove large rock top;1;690
;(1, 3);MoveNorthWest;(3, 3);Remove large rock top;1;691
;(1, 3);MoveNorthWest;(3, 3);Remove large rock top;1;692
;(1, 3);MoveNorthWest;(3, 3);Remove large rock top;1;693
;(1, 3);MoveNorthWest;(2, 2);Remove large rock top;1;694
;(1, 3);MoveWest;(2, 2);Remove large rock top;1;695
;(1, 3);MoveWest;(2, 2);Remove large rock top;1;696
;(1, 3);MoveWest;(2, 2);Remove large rock top;1;697
;(1, 3);MoveWest;(2, 2);Remove large rock top;1;698
;(1, 3);MoveWest;(2, 2);Remove large rock top;1;699
;(1, 3);MoveWest;(2, 2);Remove large rock top;1;700
;(1, 3);MoveWest;(2, 2);Remove large rock top;1;701
;(1, 3);MoveWest;(2, 2);Remove large rock top;1;702
MoveNorth;(1, 2);MoveWest;(2, 2);Remove large rock top;1;703
;(1, 2);MoveWest;(2, 2);Remove large rock top;1;704
;(1, 2);MoveWest;(1, 2);Remove large rock top;1;705
;(1, 2);DropLargeObject;(1, 2);Remove large rock top;1;706
;(1, 2);DropLargeObject;(1, 2);Remove large rock top;1;707
;(1, 2);DropLargeObject;(1, 2);Remove large rock top;1;708
;(1, 2);DropLargeObject;(1, 2);Remove large rock top;1;709
;(1, 2);DropLargeObject;(1, 2);Remove large rock top;1;710
;(1, 2);DropLargeObject;(1, 2);Remove large rock top;1;711
;(1, 2);DropLargeObject;(1, 2);Remove large rock top;1;712
;(1, 2);DropLargeObject;(1, 2);Remove large rock top;1;713
;(1, 2);DropLargeObject;(1, 2);Remove large rock top;1;714
;(1, 2);DropLargeObject;(1, 2);Remove large rock top;1;715
;(1, 2);DropLargeObject;(1, 2);Remove large rock top;1;716
;(1, 2);;(1, 2);Remove large rock top;1;717
;(1, 2);;(1, 2);Remove large rock top;1;718
;(1, 2);;(1, 2);Remove large rock top;1;719
;(1, 2);MoveEast;(1, 2);Remove large rock top;1;720
;(1, 2);MoveEast;(1, 2);Remove large rock top;1;721
;(1, 2);MoveEast;(1, 2);Remove large rock top;1;722
;(1, 2);MoveEast;(1, 2);Remove large rock top;1;723
;(1, 2);MoveEast;(1, 2);Remove large rock top;1;724
;(1, 2);MoveEast;(1, 2);Remove large rock top;1;725
;(1, 2);MoveEast;(1, 2);Remove large rock top;1;726
MoveEast;(2, 2);MoveEast;(1, 2);Remove large rock top;1;727
;(2, 2);MoveEast;(1, 2);Remove large rock top;1;728
;(2, 2);MoveEast;(1, 2);Remove large rock top;1;729
;(2, 2);MoveEast;(2, 2);Remove large rock top;1;730
;(2, 2);MoveEast;(2, 2);Remove large rock top;1;731
MoveEast;(3, 2);MoveEast;(2, 2);Remove large rock top;1;732
;(3, 2);MoveEast;(2, 2);Remove large rock top;1;733
;(3, 2);MoveEast;(2, 2);Remove large rock top;1;734
;(3, 2);MoveEast;(2, 2);Remove large rock top;1;735
;(3, 2);MoveEast;(2, 2);Remove large rock top;1;736
MoveEast;(4, 2);MoveEast;(2, 2);Remove large rock top;1;737
;(4, 2);MoveEast;(2, 2);Remove large rock top;1;738
;(4, 2);MoveEast;(2, 2);Remove large rock top;1;739
;(4, 2);MoveEast;(2, 2);Remove large rock top;1;740
;(4, 2);MoveEast;(3, 2);Remove large rock top;1;741
MoveEast;(5, 2);MoveSouthEast;(3, 2);Remove large rock top;1;742
;(5, 2);MoveSouthEast;(3, 2);Remove large rock top;1;743
;(5, 2);MoveSouthEast;(3, 2);Remove large rock top;1;744
;(5, 2);MoveSouthEast;(3, 2);Remove large rock top;1;745
MoveEast;(6, 2);MoveSouthEast;(3, 2);Remove large rock top;1;746
;(6, 2);MoveSouthEast;(3, 2);Remove large rock top;1;747
;(6, 2);MoveSouthEast;(3, 2);Remove large rock top;1;748
;(6, 2);MoveSouthEast;(3, 2);Remove large rock top;1;749
;(6, 2);MoveSouthEast;(3, 2);Remove large rock top;1;750
;(6, 2);MoveSouthEast;(3, 2);Remove large rock top;1;751
MoveEast;(7, 2);MoveSouthEast;(4, 3);Remove large rock top;1;752
;(7, 2);MoveEast;(4, 3);Remove large rock top;1;753
;(7, 2);MoveEast;(4, 3);Remove large rock top;1;754
;(7, 2);MoveEast;(4, 3);Remove large rock top;1;755
;(7, 2);MoveEast;(4, 3);Remove large rock top;1;756
;(7, 2);MoveEast;(4, 3);Remove large rock top;1;757
;(7, 2);MoveEast;(4, 3);Remove large rock top;1;758
;(7, 2);MoveEast;(4, 3);Remove large rock top;1;759
;(7, 2);MoveEast;(4, 3);Remove large rock top;1;760
;(7, 2);MoveEast;(4, 3);Remove large rock top;1;761
;(7, 2);MoveEast;(4, 3);Remove large rock top;1;762
;(7, 2);MoveEast;(5, 3);Remove large rock top;1;763
;(7, 2);MoveSouthEast;(5, 3);Remove large rock top;1;764
;(7, 2);MoveSouthEast;(5, 3);Remove large rock top;1;765
;(7, 2);MoveSouthEast;(5, 3);Remove large rock top;1;766
;(7, 2);MoveSouthEast;(5, 3);Remove large rock top;1;767
;(7, 2);MoveSouthEast;(5, 3);Remove large rock top;1;768
;(7, 2);MoveSouthEast;(5, 3);Remove large rock top;1;769
;(7, 2);MoveSouthEast;(5, 3);Remove large rock top;1;770
;(7, 2);MoveSouthEast;(5, 3);Remove large rock top;1;771
;(7, 2);MoveSouthEast;(5, 3);Remove large rock top;1;772
;(7, 2);MoveSouthEast;(5, 3);Remove large rock top;1;773
;(7, 2);MoveSouthEast;(6, 4);Remove large rock top;1;774
;(7, 2);MoveSouthEast;(6, 4);Remove large rock top;1;775
;(7, 2);MoveSouthEast;(6, 4);Remove large rock top;1;776
;(7, 2);MoveSouthEast;(6, 4);Remove large rock top;1;777
;(7, 2);MoveSouthEast;(6, 4);Remove large rock top;1;778
;(7, 2);MoveSouthEast;(6, 4);Remove large rock top;1;779
;(7, 2);MoveSouthEast;(6, 4);Remove large rock top;1;780
;(7, 2);MoveSouthEast;(6, 4);Remove large rock top;1;781
;(7, 2);MoveSouthEast;(6, 4);Remove large rock top;1;782
;(7, 2);MoveSouthEast;(6, 4);Remove large rock top;1;783
;(7, 2);MoveSouthEast;(6, 4);Remove large rock top;1;784
;(7, 2);MoveSouthEast;(7, 5);Remove large rock top;1;785
;(7, 2);MoveEast;(7, 5);Remove large rock top;1;786
;(7, 2);MoveEast;(7, 5);Remove large rock top;1;787
;(7, 2);MoveEast;(7, 5);Remove large rock top;1;788
;(7, 2);MoveEast;(7, 5);Remove large rock top;1;789
;(7, 2);MoveEast;(7, 5);Remove large rock top;1;790
;(7, 2);MoveEast;(7, 5);Remove large rock top;1;791
;(7, 2);MoveEast;(7, 5);Remove large rock top;1;792
;(7, 2);MoveEast;(7, 5);Remove large rock top;1;793
;(7, 2);MoveEast;(7, 5);Remove large rock top;1;794
;(7, 2);MoveEast;(7, 5);Remove large rock top;1;795
;(7, 2);MoveEast;(8, 5);Remove large rock top;1;796
;(7, 2);MoveEast;(8, 5);Remove large rock top;1;797
;(7, 2);MoveEast;(8, 5);Remove large rock top;1;798
;(7, 2);MoveEast;(8, 5);Remove large rock top;1;799
;(7, 2);MoveEast;(8, 5);Remove large rock top;1;800
;(7, 2);MoveEast;(8, 5);Remove large rock top;1;801
;(7, 2);MoveEast;(8, 5);Remove large rock top;1;802
;(7, 2);MoveEast;(8, 5);Remove large rock top;1;803
;(7, 2);MoveEast;(8, 5);Remove large rock top;1;804
;(7, 2);MoveEast;(8, 5);Remove large rock top;1;805
;(7, 2);MoveEast;(8, 5);Remove large rock top;1;806
;(7, 2);MoveEast;(9, 5);Remove large rock top;1;807
;(7, 2);GrabLargeObject;(9, 5);Remove large rock top;1;808
;(7, 2);GrabLargeObject;(9, 5);Remove large rock top;1;809
;(7, 2);GrabLargeObject;(9, 5);Remove large rock top;1;810
;(7, 2);GrabLargeObject;(9, 5);Remove large rock top;1;811
;(7, 2);GrabLargeObject;(9, 5);Remove large rock top;1;812
;(7, 2);GrabLargeObject;(9, 5);Remove large rock top;1;813
;(7, 2);GrabLargeObject;(9, 5);Remove large rock top;1;814
;(7, 2);GrabLargeObject;(9, 5);Remove large rock top;1;815
;(7, 2);GrabLargeObject;(9, 5);Remove large rock top;1;816
;(7, 2);GrabLargeObject;(9, 5);Remove large rock top;1;817
;(7, 2);GrabLargeObject;(9, 5);Remove large rock top;1;818
;(7, 2);;(9, 5);Remove large rock top;1;819
;(7, 2);;(9, 5);False;1;820
;(7, 2);MoveWest;(9, 5);False;1;821
;(7, 2);MoveWest;(9, 5);False;1;822
;(7, 2);MoveWest;(9, 5);False;1;823
;(7, 2);MoveWest;(9, 5);False;1;824
;(7, 2);MoveWest;(9, 5);False;1;825
;(7, 2);MoveWest;(9, 5);False;1;826
;(7, 2);MoveWest;(9, 5);False;1;827
;(7, 2);MoveWest;(9, 5);False;1;828
;(7, 2);MoveWest;(9, 5);False;1;829
;(7, 2);MoveWest;(9, 5);False;1;830
;(7, 2);MoveWest;(8, 5);False;1;831
;(7, 2);MoveWest;(8, 5);False;1;832
;(7, 2);MoveWest;(8, 5);False;1;833
;(7, 2);MoveWest;(8, 5);False;1;834
;(7, 2);MoveWest;(8, 5);False;1;835
;(7, 2);MoveWest;(8, 5);False;1;836
;(7, 2);MoveWest;(8, 5);False;1;837
;(7, 2);MoveWest;(8, 5);False;1;838
;(7, 2);MoveWest;(8, 5);False;1;839
;(7, 2);MoveWest;(8, 5);False;1;840
;(7, 2);MoveWest;(8, 5);False;1;841
;(7, 2);MoveWest;(7, 5);False;1;842
;(7, 2);GrabObject;(7, 5);False;1;843
;(7, 2);GrabObject;(7, 5);False;1;844
;(7, 2);GrabObject;(7, 5);False;1;845
;(7, 2);GrabObject;(7, 5);False;1;846
MoveEast;(8, 2);GrabObject;(7, 5);False;1;847
;(8, 2);GrabObject;(7, 5);False;1;848
;(8, 2);GrabObject;(7, 5);False;1;849
;(8, 2);GrabObject;(7, 5);False;1;850
;(8, 2);GrabObject;(7, 5);False;1;851
;(8, 2);GrabObject;(7, 5);False;1;852
;(8, 2);GrabObject;(7, 5);False;1;853
;(8, 2);;(7, 5);False;1;854
;(8, 2);MoveEast;(7, 5);False;1;855
MoveSouth;(8, 3);MoveEast;(7, 5);False;1;856
;(8, 3);MoveEast;(7, 5);False;1;857
;(8, 3);MoveEast;(7, 5);False;1;858
;(8, 3);MoveEast;(7, 5);False;1;859
MoveSouth;(8, 4);MoveEast;(7, 5);False;1;860
;(8, 4);MoveEast;(7, 5);False;1;861
;(8, 4);MoveEast;(7, 5);False;1;862
MoveSouth;(8, 5);MoveEast;(7, 5);False;1;863
;(8, 5);MoveEast;(7, 5);False;1;864
;(8, 5);MoveEast;(8, 5);False;1;865
MoveSouth;(8, 6);MoveEast;(8, 5);False;1;866
;(8, 6);MoveEast;(8, 5);False;1;867
;(8, 6);MoveEast;(8, 5);False;1;868
MoveSouth;(8, 7);MoveEast;(8, 5);False;1;869
;(8, 7);MoveEast;(8, 5);False;1;870
;(8, 7);MoveEast;(8, 5);False;1;871
;(8, 7);MoveEast;(8, 5);False;1;872
;(8, 7);MoveEast;(8, 5);False;1;873
;(8, 7);MoveEast;(8, 5);False;1;874
;(8, 7);MoveEast;(8, 5);False;1;875
;(8, 7);MoveEast;(9, 5);False;1;876
;(8, 7);MoveWest;(9, 5);False;1;877
MoveEast;(9, 7);MoveWest;(9, 5);False;1;878
;(9, 7);MoveWest;(9, 5);False;1;879
;(9, 7);MoveWest;(9, 5);False;1;880
;(9, 7);MoveWest;(9, 5);False;1;881
;(9, 7);MoveWest;(9, 5);False;1;882
;(9, 7);MoveWest;(9, 5);False;1;883
;(9, 7);MoveWest;(9, 5);False;1;884
;(9, 7);MoveWest;(9, 5);False;1;885
;(9, 7);MoveWest;(9, 5);False;1;886
;(9, 7);MoveWest;(8, 5);False;1;887
;(9, 7);MoveWest;(8, 5);False;1;888
;(9, 7);MoveWest;(8, 5);False;1;889
;(9, 7);MoveWest;(8, 5);False;1;890
;(9, 7);MoveWest;(8, 5);False;1;891
;(9, 7);MoveWest;(8, 5);False;1;892
;(9, 7);MoveWest;(8, 5);False;1;893
;(9, 7);MoveWest;(8, 5);False;1;894
;(9, 7);MoveWest;(8, 5);False;1;895
;(9, 7);MoveWest;(8, 5);False;1;896
;(9, 7);MoveWest;(8, 5);False;1;897
;(9, 7);MoveWest;(7, 5);False;1;898
;(9, 7);MoveEast;(7, 5);False;1;899
;(9, 7);MoveEast;(7, 5);False;1;900
;(9, 7);MoveEast;(7, 5);False;1;901
;(9, 7);MoveEast;(7, 5);False;1;902
;(9, 7);MoveEast;(7, 5);False;1;903
GrabObject;(9, 7);MoveEast;(7, 5);False;1;904
;(9, 7);MoveEast;(7, 5);False;1;905
;(9, 7);MoveEast;(7, 5);False;1;906
;(9, 7);MoveEast;(7, 5);False;1;907
;(9, 7);MoveEast;(7, 5);False;1;908
;(9, 7);MoveEast;(8, 5);False;1;909
MoveEast;(10, 7);MoveEast;(8, 5);False;1;910
;(10, 7);MoveEast;(8, 5);False;1;911
;(10, 7);MoveEast;(8, 5);False;1;912
;(10, 7);MoveEast;(8, 5);False;1;913
;(10, 7);MoveEast;(8, 5);False;1;914
;(10, 7);MoveEast;(8, 5);False;1;915
;(10, 7);MoveEast;(8, 5);False;1;916
MoveEast;(11, 7);MoveEast;(8, 5);False;1;917
;(11, 7);MoveEast;(8, 5);False;1;918
;(11, 7);MoveEast;(8, 5);False;1;919
MoveEast;(12, 7);MoveEast;(9, 5);False;1;920
;(12, 7);MoveWest;(9, 5);False;1;921
;(12, 7);MoveWest;(9, 5);False;1;922
MoveEast;(13, 7);MoveWest;(9, 5);False;1;923
;(13, 7);MoveWest;(9, 5);False;1;924
;(13, 7);MoveWest;(9, 5);False;1;925
MoveEast;(14, 7);MoveWest;(9, 5);False;1;926
;(14, 7);MoveWest;(9, 5);False;1;927
;(14, 7);MoveWest;(9, 5);False;1;928
MoveEast;(15, 7);MoveWest;(9, 5);False;1;929
;(15, 7);MoveWest;(9, 5);False;1;930
;(15, 7);MoveWest;(8, 5);False;1;931
;(15, 7);MoveWest;(8, 5);False;1;932
MoveEast;(16, 7);MoveWest;(8, 5);False;1;933
;(16, 7);MoveWest;(8, 5);False;1;934
;(16, 7);MoveWest;(8, 5);False;1;935
;(16, 7);MoveWest;(8, 5);False;1;936
;(16, 7);MoveWest;(8, 5);False;1;937
;(16, 7);MoveWest;(8, 5);False;1;938
;(16, 7);MoveWest;(8, 5);False;1;939
;(16, 7);MoveWest;(8, 5);False;1;940
;(16, 7);MoveWest;(8, 5);False;1;941
MoveEast;(17, 7);MoveWest;(7, 5);False;1;942
;(17, 7);MoveEast;(7, 5);False;1;943
;(17, 7);MoveEast;(7, 5);False;1;944
;(17, 7);MoveEast;(7, 5);False;1;945
;(17, 7);MoveEast;(7, 5);False;1;946
;(17, 7);MoveEast;(7, 5);False;1;947
;(17, 7);MoveEast;(7, 5);False;1;948
;(17, 7);MoveEast;(7, 5);False;1;949
;(17, 7);MoveEast;(7, 5);False;1;950
;(17, 7);MoveEast;(7, 5);False;1;951
;(17, 7);MoveEast;(7, 5);False;1;952
DropObject;(17, 7);MoveEast;(8, 5);False;1;953
;(17, 7);MoveEast;(8, 5);False;1;954
;(17, 7);MoveEast;(8, 5);False;1;955
;(17, 7);MoveEast;(8, 5);False;1;956
;(17, 7);MoveEast;(8, 5);False;1;957
;(17, 7);MoveEast;(8, 5);False;1;958
;(17, 7);MoveEast;(8, 5);False;1;959
;(17, 7);MoveEast;(8, 5);False;1;960
;(17, 7);MoveEast;(8, 5);False;1;961
;(17, 7);MoveEast;(8, 5);False;1;962
;(17, 7);MoveEast;(8, 5);False;1;963
MoveWest;(16, 7);MoveEast;(9, 5);False;1;964
;(16, 7);MoveWest;(9, 5);False;1;965
;(16, 7);MoveWest;(9, 5);False;1;966
;(16, 7);MoveWest;(9, 5);False;1;967
MoveWest;(15, 7);MoveWest;(9, 5);False;1;968
;(15, 7);MoveWest;(9, 5);False;1;969
;(15, 7);MoveWest;(9, 5);False;1;970
MoveWest;(14, 7);MoveWest;(9, 5);False;1;971
;(14, 7);MoveWest;(9, 5);False;1;972
;(14, 7);MoveWest;(9, 5);False;1;973
MoveWest;(13, 7);MoveWest;(9, 5);False;1;974
;(13, 7);MoveWest;(8, 5);False;1;975
;(13, 7);MoveWest;(8, 5);False;1;976
MoveWest;(12, 7);MoveWest;(8, 5);False;1;977
;(12, 7);MoveWest;(8, 5);False;1;978
;(12, 7);MoveWest;(8, 5);False;1;979
;(12, 7);MoveWest;(8, 5);False;1;980
MoveWest;(11, 7);MoveWest;(8, 5);False;1;981
;(11, 7);MoveWest;(8, 5);False;1;982
;(11, 7);MoveWest;(8, 5);False;1;983
MoveWest;(10, 7);MoveWest;(8, 5);False;1;984
;(10, 7);MoveWest;(8, 5);False;1;985
;(10, 7);MoveWest;(7, 5);False;1;986
;(10, 7);;(7, 5);False;1;987
;(10, 7);Idle;(7, 5);False;1;988
;(10, 7);Idle;(7, 5);False;1;989
;(10, 7);Idle;(7, 5);False;1;990
;(10, 7);Idle;(7, 5);False;1;991
;(10, 7);Idle;(7, 5);False;1;992
;(10, 7);Idle;(7, 5);False;1;993
MoveWest;(9, 7);Idle;(7, 5);False;1;994
;(9, 7);Idle;(7, 5);False;1;995
;(9, 7);Idle;(7, 5);False;1;996
;(9, 7);Idle;(7, 5);False;1;997
;(9, 7);Idle;(7, 5);False;1;998
;(9, 7);Idle;(7, 5);False;1;999
;(9, 7);Idle;(7, 5);False;1;1000
;(9, 7);Idle;(7, 5);False;1;1001
;(9, 7);Idle;(7, 5);False;1;1002
;(9, 7);Idle;(7, 5);False;1;1003
;(9, 7);Idle;(7, 5);False;1;1004
;(9, 7);Idle;(7, 5);False;1;1005
;(9, 7);Idle;(7, 5);False;1;1006
;(9, 7);Idle;(7, 5);False;1;1007
;(9, 7);Idle;(7, 5);False;1;1008
GrabObject;(9, 7);Idle;(7, 5);False;1;1009
;(9, 7);Idle;(7, 5);False;1;1010
;(9, 7);Idle;(7, 5);False;1;1011
;(9, 7);Idle;(7, 5);False;1;1012
;(9, 7);Idle;(7, 5);False;1;1013
;(9, 7);Idle;(7, 5);False;1;1014
;(9, 7);Idle;(7, 5);False;1;1015
MoveEast;(10, 7);Idle;(7, 5);False;1;1016
;(10, 7);Idle;(7, 5);False;1;1017
;(10, 7);Idle;(7, 5);False;1;1018
MoveEast;(11, 7);Idle;(7, 5);False;1;1019
;(11, 7);Idle;(7, 5);False;1;1020
;(11, 7);Idle;(7, 5);False;1;1021
;(11, 7);Idle;(7, 5);False;1;1022
MoveEast;(12, 7);Idle;(7, 5);False;1;1023
;(12, 7);Idle;(7, 5);False;1;1024
;(12, 7);Idle;(7, 5);False;1;1025
MoveEast;(13, 7);Idle;(7, 5);False;1;1026
;(13, 7);Idle;(7, 5);False;1;1027
;(13, 7);Idle;(7, 5);False;1;1028
MoveEast;(14, 7);Idle;(7, 5);False;1;1029
;(14, 7);Idle;(7, 5);False;1;1030
;(14, 7);Idle;(7, 5);False;1;1031
;(14, 7);Idle;(7, 5);False;1;1032
MoveEast;(15, 7);Idle;(7, 5);False;1;1033
;(15, 7);Idle;(7, 5);False;1;1034
;(15, 7);Idle;(7, 5);False;1;1035
MoveEast;(16, 7);Idle;(7, 5);False;1;1036
;(16, 7);Idle;(7, 5);False;1;1037
;(16, 7);Idle;(7, 5);False;1;1038
MoveEast;(17, 7);Idle;(7, 5);False;1;1039
;(17, 7);Idle;(7, 5);False;1;1040
;(17, 7);Idle;(7, 5);False;1;1041
;(17, 7);Idle;(7, 5);False;1;1042
;(17, 7);;(7, 5);False;1;1043
;(17, 7);MoveWest;(7, 5);False;1;1044
;(17, 7);MoveWest;(7, 5);False;1;1045
;(17, 7);MoveWest;(7, 5);False;1;1046
;(17, 7);MoveWest;(7, 5);False;1;1047
;(17, 7);MoveWest;(7, 5);False;1;1048
;(17, 7);MoveWest;(7, 5);False;1;1049
;(17, 7);MoveWest;(7, 5);False;1;1050
;(17, 7);MoveWest;(7, 5);False;1;1051
;(17, 7);MoveWest;(7, 5);False;1;1052
;(17, 7);MoveWest;(7, 5);False;1;1053
DropObject;(17, 7);MoveWest;(6, 5);False;1;1054
;(17, 7);MoveWest;(6, 5);False;1;1055
;(17, 7);MoveWest;(6, 5);False;1;1056
;(17, 7);MoveWest;(6, 5);False;1;1057
;(17, 7);MoveWest;(6, 5);False;1;1058
;(17, 7);MoveWest;(6, 5);False;1;1059
;(17, 7);MoveWest;(6, 5);False;1;1060
MoveWest;(16, 7);MoveWest;(6, 5);False;1;1061
;(16, 7);MoveWest;(6, 5);False;1;1062
;(16, 7);MoveWest;(6, 5);False;1;1063
;(16, 7);MoveWest;(6, 5);False;1;1064
MoveWest;(15, 7);MoveWest;(5, 5);False;1;1065
;(15, 7);MoveNorthWest;(5, 5);False;1;1066
;(15, 7);MoveNorthWest;(5, 5);False;1;1067
MoveWest;(14, 7);MoveNorthWest;(5, 5);False;1;1068
;(14, 7);MoveNorthWest;(5, 5);False;1;1069
;(14, 7);MoveNorthWest;(5, 5);False;1;1070
;(14, 7);MoveNorthWest;(5, 5);False;1;1071
MoveWest;(13, 7);MoveNorthWest;(5, 5);False;1;1072
;(13, 7);MoveNorthWest;(5, 5);False;1;1073
;(13, 7);MoveNorthWest;(5, 5);False;1;1074
;(13, 7);MoveNorthWest;(5, 5);False;1;1075
;(13, 7);MoveNorthWest;(4, 4);False;1;1076
;(13, 7);MoveWest;(4, 4);False;1;1077
;(13, 7);MoveWest;(4, 4);False;1;1078
;(13, 7);MoveWest;(4, 4);False;1;1079
;(13, 7);MoveWest;(4, 4);False;1;1080
;(13, 7);MoveWest;(4, 4);False;1;1081
MoveSouth;(13, 8);MoveWest;(4, 4);False;1;1082
;(13, 8);MoveWest;(4, 4);False;1;1083
;(13, 8);MoveWest;(4, 4);False;1;1084
MoveSouth;(13, 9);MoveWest;(4, 4);False;1;1085
;(13, 9);MoveWest;(4, 4);False;1;1086
;(13, 9);MoveWest;(3, 4);False;1;1087
;(13, 9);MoveNorthWest;(3, 4);False;1;1088
;(13, 9);MoveNorthWest;(3, 4);False;1;1089
;(13, 9);MoveNorthWest;(3, 4);False;1;1090
;(13, 9);MoveNorthWest;(3, 4);False;1;1091
;(13, 9);MoveNorthWest;(3, 4);False;1;1092
MoveWest;(12, 9);MoveNorthWest;(3, 4);False;1;1093
;(12, 9);MoveNorthWest;(3, 4);False;1;1094
;(12, 9);MoveNorthWest;(3, 4);False;1;1095
;(12, 9);MoveNorthWest;(3, 4);False;1;1096
;(12, 9);MoveNorthWest;(3, 4);False;1;1097
;(12, 9);MoveNorthWest;(2, 3);False;1;1098
;(12, 9);MoveWest;(2, 3);False;1;1099
;(12, 9);MoveWest;(2, 3);False;1;1100
;(12, 9);MoveWest;(2, 3);False;1;1101
;(12, 9);MoveWest;(2, 3);False;1;1102
;(12, 9);MoveWest;(2, 3);False;1;1103
;(12, 9);MoveWest;(2, 3);False;1;1104
;(12, 9);MoveWest;(2, 3);False;1;1105
;(12, 9);MoveWest;(2, 3);False;1;1106
;(12, 9);MoveWest;(2, 3);False;1;1107
;(12, 9);MoveWest;(2, 3);False;1;1108
GrabObject;(12, 9);MoveWest;(1, 3);False;1;1109
;(12, 9);DropLargeObject;(1, 3);False;1;1110
;(12, 9);DropLargeObject;(1, 3);False;1;1111
;(12, 9);DropLargeObject;(1, 3);False;1;1112
MoveEast;(13, 9);DropLargeObject;(1, 3);False;1;1113
;(13, 9);DropLargeObject;(1, 3);False;1;1114
;(13, 9);DropLargeObject;(1, 3);False;1;1115
;(13, 9);DropLargeObject;(1, 3);False;1;1116
MoveEast;(14, 9);DropLargeObject;(1, 3);False;1;1117
;(14, 9);DropLargeObject;(1, 3);False;1;1118
MoveEast;(15, 9);DropLargeObject;(1, 3);False;1;1119
;(15, 9);DropLargeObject;(1, 3);False;1;1120
;(15, 9);;(1, 3);False;1;1121
;(15, 9);MoveEast;(1, 3);False;1;1122
MoveEast;(16, 9);MoveEast;(1, 3);False;1;1123
;(16, 9);MoveEast;(1, 3);False;1;1124
;(16, 9);MoveEast;(1, 3);False;1;1125
;(16, 9);MoveEast;(1, 3);False;1;1126
;(16, 9);MoveEast;(1, 3);False;1;1127
;(16, 9);MoveEast;(1, 3);False;1;1128
;(16, 9);MoveEast;(1, 3);False;1;1129
;(16, 9);MoveEast;(1, 3);False;1;1130
DropObject;(16, 9);MoveEast;(1, 3);False;1;1131
;(16, 9);MoveEast;(2, 3);False;1;1132
;(16, 9);MoveSouthEast;(2, 3);False;1;1133
;(16, 9);MoveSouthEast;(2, 3);False;1;1134
;(16, 9);MoveSouthEast;(2, 3);False;1;1135
MoveWest;(15, 9);MoveSouthEast;(2, 3);False;1;1136
;(15, 9);MoveSouthEast;(2, 3);False;1;1137
;(15, 9);MoveSouthEast;(2, 3);False;1;1138
MoveWest;(14, 9);MoveSouthEast;(2, 3);False;1;1139
;(14, 9);MoveSouthEast;(2, 3);False;1;1140
;(14, 9);MoveSouthEast;(2, 3);False;1;1141
;(14, 9);MoveSouthEast;(2, 3);False;1;1142
MoveWest;(13, 9);MoveSouthEast;(3, 4);False;1;1143
;(13, 9);MoveEast;(3, 4);False;1;1144
;(13, 9);MoveEast;(3, 4);False;1;1145
MoveWest;(12, 9);MoveEast;(3, 4);False;1;1146
;(12, 9);MoveEast;(3, 4);False;1;1147
;(12, 9);MoveEast;(3, 4);False;1;1148
;(12, 9);MoveEast;(3, 4);False;1;1149
;(12, 9);MoveEast;(3, 4);False;1;1150
;(12, 9);MoveEast;(3, 4);False;1;1151
;(12, 9);MoveEast;(3, 4);False;1;1152
;(12, 9);MoveEast;(3, 4);False;1;1153
;(12, 9);MoveEast;(4, 4);False;1;1154
;(12, 9);MoveEast;(4, 4);False;1;1155
;(12, 9);MoveEast;(4, 4);False;1;1156
;(12, 9);MoveEast;(4, 4);False;1;1157
;(12, 9);MoveEast;(4, 4);False;1;1158
;(12, 9);MoveEast;(4, 4);False;1;1159
;(12, 9);MoveEast;(4, 4);False;1;1160
MoveSouth;(12, 10);MoveEast;(4, 4);False;1;1161
;(12, 10);MoveEast;(4, 4);False;1;1162
;(12, 10);MoveEast;(4, 4);False;1;1163
;(12, 10);MoveEast;(4, 4);False;1;1164
;(12, 10);MoveEast;(5, 4);False;1;1165
;(12, 10);MoveSouthEast;(5, 4);False;1;1166
;(12, 10);MoveSouthEast;(5, 4);False;1;1167
GrabObject;(12, 10);MoveSouthEast;(5, 4);False;1;1168
;(12, 10);MoveSouthEast;(5, 4);False;1;1169
;(12, 10);MoveSouthEast;(5, 4);False;1;1170
;(12, 10);MoveSouthEast;(5, 4);False;1;1171
MoveEast;(13, 10);MoveSouthEast;(5, 4);False;1;1172
;(13, 10);MoveSouthEast;(5, 4);False;1;1173
;(13, 10);MoveSouthEast;(5, 4);False;1;1174
;(13, 10);MoveSouthEast;(5, 4);False;1;1175
MoveEast;(14, 10);MoveSouthEast;(6, 5);False;1;1176
;(14, 10);MoveSouthEast;(6, 5);False;1;1177
;(14, 10);MoveSouthEast;(6, 5);False;1;1178
;(14, 10);MoveSouthEast;(6, 5);False;1;1179
MoveEast;(15, 10);MoveSouthEast;(6, 5);False;1;1180
;(15, 10);MoveSouthEast;(6, 5);False;1;1181
;(15, 10);MoveSouthEast;(6, 5);False;1;1182
MoveEast;(16, 10);MoveSouthEast;(6, 5);False;1;1183
;(16, 10);MoveSouthEast;(6, 5);False;1;1184
;(16, 10);MoveSouthEast;(6, 5);False;1;1185
;(16, 10);MoveSouthEast;(6, 5);False;1;1186
;(16, 10);MoveSouthEast;(7, 6);False;1;1187
;(16, 10);MoveEast;(7, 6);False;1;1188
;(16, 10);MoveEast;(7, 6);False;1;1189
;(16, 10);MoveEast;(7, 6);False;1;1190
DropObject;(16, 10);MoveEast;(7, 6);False;1;1191
;(16, 10);MoveEast;(7, 6);False;1;1192
;(16, 10);MoveEast;(7, 6);False;1;1193
;(16, 10);MoveEast;(7, 6);False;1;1194
;(16, 10);MoveEast;(7, 6);False;1;1195
MoveWest;(15, 10);MoveEast;(7, 6);False;1;1196
;(15, 10);MoveEast;(7, 6);False;1;1197
;(15, 10);MoveEast;(8, 6);False;1;1198
;(15, 10);MoveEast;(8, 6);False;1;1199
MoveWest;(14, 10);MoveEast;(8, 6);False;1;1200
;(14, 10);MoveEast;(8, 6);False;1;1201
;(14, 10);MoveEast;(8, 6);False;1;1202
MoveWest;(13, 10);MoveEast;(8, 6);False;1;1203
;(13, 10);MoveEast;(8, 6);False;1;1204
;(13, 10);MoveEast;(8, 6);False;1;1205
MoveWest;(12, 10);MoveEast;(8, 6);False;1;1206
;(12, 10);MoveEast;(8, 6);False;1;1207
;(12, 10);MoveEast;(8, 6);False;1;1208
MoveWest;(11, 10);MoveEast;(9, 6);False;1;1209
;(11, 10);MoveSouthEast;(9, 6);False;1;1210
;(11, 10);MoveSouthEast;(9, 6);False;1;1211
;(11, 10);MoveSouthEast;(9, 6);False;1;1212
MoveWest;(10, 10);MoveSouthEast;(9, 6);False;1;1213
;(10, 10);MoveSouthEast;(9, 6);False;1;1214
;(10, 10);MoveSouthEast;(9, 6);False;1;1215
MoveWest;(9, 10);MoveSouthEast;(9, 6);False;1;1216
;(9, 10);MoveSouthEast;(9, 6);False;1;1217
;(9, 10);MoveSouthEast;(9, 6);False;1;1218
;(9, 10);MoveSouthEast;(9, 6);False;1;1219
;(9, 10);MoveSouthEast;(10, 7);False;1;1220
;(9, 10);MoveEast;(10, 7);False;1;1221
;(9, 10);MoveEast;(10, 7);False;1;1222
;(9, 10);MoveEast;(10, 7);False;1;1223
;(9, 10);MoveEast;(10, 7);False;1;1224
;(9, 10);MoveEast;(10, 7);False;1;1225
MoveEast;(10, 10);MoveEast;(10, 7);False;1;1226
;(10, 10);MoveEast;(10, 7);False;1;1227
;(10, 10);MoveEast;(10, 7);False;1;1228
;(10, 10);MoveEast;(10, 7);False;1;1229
;(10, 10);MoveEast;(10, 7);False;1;1230
;(10, 10);MoveEast;(11, 7);False;1;1231
;(10, 10);MoveSouthEast;(11, 7);False;1;1232
;(10, 10);MoveSouthEast;(11, 7);False;1;1233
;(10, 10);MoveSouthEast;(11, 7);False;1;1234
;(10, 10);MoveSouthEast;(11, 7);False;1;1235
;(10, 10);MoveSouthEast;(11, 7);False;1;1236
;(10, 10);MoveSouthEast;(11, 7);False;1;1237
;(10, 10);MoveSouthEast;(11, 7);False;1;1238
;(10, 10);MoveSouthEast;(11, 7);False;1;1239
;(10, 10);MoveSouthEast;(11, 7);False;1;1240
;(10, 10);MoveSouthEast;(11, 7);False;1;1241
;(10, 10);MoveSouthEast;(12, 8);False;1;1242
GrabObject;(10, 10);MoveEast;(12, 8);False;1;1243
;(10, 10);MoveEast;(12, 8);False;1;1244
;(10, 10);MoveEast;(12, 8);False;1;1245
;(10, 10);MoveEast;(12, 8);False;1;1246
;(10, 10);MoveEast;(12, 8);False;1;1247
;(10, 10);MoveEast;(12, 8);False;1;1248
MoveEast;(11, 10);MoveEast;(12, 8);False;1;1249
;(11, 10);MoveEast;(12, 8);False;1;1250
;(11, 10);MoveEast;(12, 8);False;1;1251
;(11, 10);MoveEast;(12, 8);False;1;1252
MoveEast;(12, 10);MoveEast;(13, 8);False;1;1253
;(12, 10);MoveEast;(13, 8);False;1;1254
;(12, 10);MoveEast;(13, 8);False;1;1255
;(12, 10);MoveEast;(13, 8);False;1;1256
MoveEast;(13, 10);MoveEast;(13, 8);False;1;1257
;(13, 10);MoveEast;(13, 8);False;1;1258
;(13, 10);MoveEast;(13, 8);False;1;1259
;(13, 10);MoveEast;(13, 8);False;1;1260
MoveEast;(14, 10);MoveEast;(13, 8);False;1;1261
;(14, 10);MoveEast;(13, 8);False;1;1262
MoveEast;(15, 10);MoveEast;(13, 8);False;1;1263
;(15, 10);MoveEast;(14, 8);False;1;1264
;(15, 10);MoveSouthEast;(14, 8);False;1;1265
MoveEast;(16, 10);MoveSouthEast;(14, 8);False;1;1266
;(16, 10);MoveSouthEast;(14, 8);False;1;1267
;(16, 10);MoveSouthEast;(14, 8);False;1;1268
MoveEast;(17, 10);MoveSouthEast;(14, 8);False;1;1269
;(17, 10);MoveSouthEast;(14, 8);False;1;1270
;(17, 10);MoveSouthEast;(14, 8);False;1;1271
;(17, 10);MoveSouthEast;(14, 8);False;1;1272
;(17, 10);MoveSouthEast;(14, 8);False;1;1273
;(17, 10);MoveSouthEast;(14, 8);False;1;1274
;(17, 10);MoveSouthEast;(15, 9);False;1;1275
;(17, 10);Idle;(15, 9);False;1;1276
;(17, 10);Idle;(15, 9);False;1;1277
;(17, 10);Idle;(15, 9);False;1;1278
DropObject;(17, 10);Idle;(15, 9);False;1;1279
;(17, 10);Idle;(15, 9);False;1;1280
;(17, 10);Idle;(15, 9);False;1;1281
;(17, 10);Idle;(15, 9);False;1;1282
;(17, 10);Idle;(15, 9);False;1;1283
;(17, 10);Idle;(15, 9);False;1;1284
MoveWest;(16, 10);Idle;(15, 9);False;1;1285
;(16, 10);Idle;(15, 9);False;1;1286
;(16, 10);Idle;(15, 9);False;1;1287
;(16, 10);Idle;(15, 9);False;1;1288
MoveWest;(15, 10);Idle;(15, 9);False;1;1289
;(15, 10);Idle;(15, 9);False;1;1290
;(15, 10);Idle;(15, 9);False;1;1291
;(15, 10);Idle;(15, 9);False;1;1292
MoveWest;(14, 10);Idle;(15, 9);False;1;1293
;(14, 10);Idle;(15, 9);False;1;1294
;(14, 10);Idle;(15, 9);False;1;1295
MoveWest;(13, 10);Idle;(15, 9);False;1;1296
;(13, 10);Idle;(15, 9);False;1;1297
;(13, 10);Idle;(15, 9);False;1;1298
MoveWest;(12, 10);Idle;(15, 9);False;1;1299
;(12, 10);Idle;(15, 9);False;1;1300
;(12, 10);Idle;(15, 9);False;1;1301
MoveWest;(11, 10);Idle;(15, 9);False;1;1302
;(11, 10);Idle;(15, 9);False;1;1303
;(11, 10);Idle;(15, 9);False;1;1304
;(11, 10);Idle;(15, 9);False;1;1305
MoveWest;(10, 10);Idle;(15, 9);False;1;1306
;(10, 10);Idle;(15, 9);False;1;1307
;(10, 10);Idle;(15, 9);False;1;1308
;(10, 10);Idle;(15, 9);False;1;1309
;(10, 10);Idle;(15, 9);False;1;1310
;(10, 10);Idle;(15, 9);False;1;1311
;(10, 10);Idle;(15, 9);False;1;1312
;(10, 10);Idle;(15, 9);False;1;1313
MoveWest;(9, 10);Idle;(15, 9);False;1;1314
;(9, 10);Idle;(15, 9);False;1;1315
;(9, 10);Idle;(15, 9);False;1;1316
;(9, 10);Idle;(15, 9);False;1;1317
;(9, 10);Idle;(15, 9);False;1;1318
;(9, 10);Idle;(15, 9);False;1;1319
;(9, 10);Idle;(15, 9);False;1;1320
;(9, 10);Idle;(15, 9);False;1;1321
;(9, 10);Idle;(15, 9);False;1;1322
;(9, 10);Idle;(15, 9);False;1;1323
;(9, 10);Idle;(15, 9);False;1;1324
;(9, 10);Idle;(15, 9);False;1;1325
;(9, 10);Idle;(15, 9);False;1;1326
;(9, 10);Idle;(15, 9);False;1;1327
MoveNorth;(9, 9);Idle;(15, 9);False;1;1328
;(9, 9);Idle;(15, 9);False;1;1329
;(9, 9);Idle;(15, 9);False;1;1330
;(9, 9);;(15, 9);False;1;1331
;(9, 9);MoveEast;(15, 9);False;1;1332
MoveNorth;(9, 8);MoveEast;(15, 9);False;1;1333
;(9, 8);MoveEast;(15, 9);False;1;1334
;(9, 8);MoveEast;(15, 9);False;1;1335
;(9, 8);MoveEast;(15, 9);False;1;1336
;(9, 8);MoveEast;(15, 9);False;1;1337
;(9, 8);MoveEast;(15, 9);False;1;1338
;(9, 8);MoveEast;(15, 9);False;1;1339
;(9, 8);MoveEast;(15, 9);False;1;1340
;(9, 8);MoveEast;(15, 9);False;1;1341
;(9, 8);MoveEast;(16, 9);False;1;1342
;(9, 8);MoveEast;(16, 9);False;1;1343
;(9, 8);MoveEast;(16, 9);False;1;1344
;(9, 8);MoveEast;(16, 9);False;1;1345
;(9, 8);MoveEast;(16, 9);False;1;1346
;(9, 8);MoveEast;(16, 9);False;1;1347
;(9, 8);MoveEast;(16, 9);False;1;1348
MoveNorth;(9, 7);MoveEast;(16, 9);False;1;1349
;(9, 7);MoveEast;(16, 9);False;1;1350
;(9, 7);MoveEast;(16, 9);False;1;1351
;(9, 7);MoveEast;(16, 9);False;1;1352
MoveNorth;(9, 6);MoveEast;(17, 9);False;1;1353
;(9, 6);MoveWest;(17, 9);False;1;1354
;(9, 6);MoveWest;(17, 9);False;1;1355
;(9, 6);MoveWest;(17, 9);False;1;1356
;(9, 6);MoveWest;(17, 9);False;1;1357
;(9, 6);MoveWest;(17, 9);False;1;1358
;(9, 6);MoveWest;(17, 9);False;1;1359
;(9, 6);MoveWest;(17, 9);False;1;1360
MoveWest;(8, 6);MoveWest;(17, 9);False;1;1361
;(8, 6);MoveWest;(17, 9);False;1;1362
;(8, 6);MoveWest;(17, 9);False;1;1363
;(8, 6);MoveWest;(16, 9);False;1;1364
;(8, 6);MoveWest;(16, 9);False;1;1365
;(8, 6);MoveWest;(16, 9);False;1;1366
;(8, 6);MoveWest;(16, 9);False;1;1367
;(8, 6);MoveWest;(16, 9);False;1;1368
;(8, 6);MoveWest;(16, 9);False;1;1369
MoveNorth;(8, 5);MoveWest;(16, 9);False;1;1370
;(8, 5);MoveWest;(16, 9);False;1;1371
;(8, 5);MoveWest;(16, 9);False;1;1372
;(8, 5);MoveWest;(16, 9);False;1;1373
;(8, 5);MoveWest;(16, 9);False;1;1374
;(8, 5);MoveWest;(15, 9);False;1;1375
;(8, 5);MoveEast;(15, 9);False;1;1376
;(8, 5);MoveEast;(15, 9);False;1;1377
MoveWest;(7, 5);MoveEast;(15, 9);False;1;1378
;(7, 5);MoveEast;(15, 9);False;1;1379
;(7, 5);MoveEast;(15, 9);False;1;1380
;(7, 5);MoveEast;(15, 9);False;1;1381
;(7, 5);MoveEast;(15, 9);False;1;1382
;(7, 5);MoveEast;(15, 9);False;1;1383
;(7, 5);MoveEast;(15, 9);False;1;1384
;(7, 5);MoveEast;(15, 9);False;1;1385
;(7, 5);MoveEast;(16, 9);False;1;1386
;(7, 5);MoveEast;(16, 9);False;1;1387
;(7, 5);MoveEast;(16, 9);False;1;1388
;(7, 5);MoveEast;(16, 9);False;1;1389
;(7, 5);MoveEast;(16, 9);False;1;1390
;(7, 5);MoveEast;(16, 9);False;1;1391
;(7, 5);MoveEast;(16, 9);False;1;1392
;(7, 5);MoveEast;(16, 9);False;1;1393
;(7, 5);MoveEast;(16, 9);False;1;1394
;(7, 5);MoveEast;(16, 9);False;1;1395
;(7, 5);MoveEast;(16, 9);False;1;1396
GrabObject;(7, 5);MoveEast;(17, 9);False;1;1397
;(7, 5);;(17, 9);False;1;1398
;(7, 5);;(17, 9);Remove large rock top;1;1399
;(7, 5);;(17, 9);Remove large rock top;1;1400
MoveEast;(8, 5);MoveWest;(17, 9);Remove large rock top;1;1401
;(8, 5);MoveWest;(17, 9);Remove large rock top;1;1402
;(8, 5);MoveWest;(17, 9);Remove large rock top;1;1403
;(8, 5);MoveWest;(17, 9);Remove large rock top;1;1404
;(8, 5);MoveWest;(17, 9);Remove large rock top;1;1405
MoveEast;(9, 5);MoveWest;(17, 9);Remove large rock top;1;1406
;(9, 5);MoveWest;(17, 9);Remove large rock top;1;1407
MoveEast;(10, 5);MoveWest;(17, 9);Remove large rock top;1;1408
;(10, 5);MoveWest;(17, 9);Remove large rock top;1;1409
;(10, 5);MoveWest;(17, 9);Remove large rock top;1;1410
;(10, 5);MoveWest;(16, 9);Remove large rock top;1;1411
MoveEast;(11, 5);MoveWest;(16, 9);Remove large rock top;1;1412
;(11, 5);MoveWest;(16, 9);Remove large rock top;1;1413
;(11, 5);MoveWest;(16, 9);Remove large rock top;1;1414
MoveEast;(12, 5);MoveWest;(16, 9);Remove large rock top;1;1415
;(12, 5);MoveWest;(16, 9);Remove large rock top;1;1416
;(12, 5);MoveWest;(16, 9);Remove large rock top;1;1417
MoveEast;(13, 5);MoveWest;(16, 9);Remove large rock top;1;1418
;(13, 5);MoveWest;(16, 9);Remove large rock top;1;1419
;(13, 5);MoveWest;(16, 9);Remove large rock top;1;1420
MoveEast;(14, 5);MoveWest;(16, 9);Remove large rock top;1;1421
;(14, 5);MoveWest;(15, 9);Remove large rock top;1;1422
;(14, 5);MoveWest;(15, 9);Remove large rock top;1;1423
MoveEast;(15, 5);MoveWest;(15, 9);Remove large rock top;1;1424
;(15, 5);MoveWest;(15, 9);Remove large rock top;1;1425
;(15, 5);MoveWest;(15, 9);Remove large rock top;1;1426
;(15, 5);MoveWest;(15, 9);Remove large rock top;1;1427
MoveEast;(16, 5);MoveWest;(15, 9);Remove large rock top;1;1428
;(16, 5);MoveWest;(15, 9);Remove large rock top;1;1429
;(16, 5);MoveWest;(15, 9);Remove large rock top;1;1430
MoveEast;(17, 5);MoveWest;(15, 9);Remove large rock top;1;1431
;(17, 5);MoveWest;(15, 9);Remove large rock top;1;1432
;(17, 5);MoveWest;(14, 9);Remove large rock top;1;1433
;(17, 5);MoveNorthWest;(14, 9);Remove large rock top;1;1434
;(17, 5);MoveNorthWest;(14, 9);Remove large rock top;1;1435
;(17, 5);MoveNorthWest;(14, 9);Remove large rock top;1;1436
;(17, 5);MoveNorthWest;(14, 9);Remove large rock top;1;1437
;(17, 5);MoveNorthWest;(14, 9);Remove large rock top;1;1438
;(17, 5);MoveNorthWest;(14, 9);Remove large rock top;1;1439
;(17, 5);MoveNorthWest;(14, 9);Remove large rock top;1;1440
;(17, 5);MoveNorthWest;(14, 9);Remove large rock top;1;1441
;(17, 5);MoveNorthWest;(14, 9);Remove large rock top;1;1442
DropObject;(17, 5);MoveNorthWest;(14, 9);Remove large rock top;1;1443
;(17, 5);MoveNorthWest;(13, 8);Remove large rock top;1;1444
;(17, 5);MoveNorthWest;(13, 8);Remove large rock top;1;1445
;(17, 5);MoveNorthWest;(13, 8);Remove large rock top;1;1446
;(17, 5);MoveNorthWest;(13, 8);Remove large rock top;1;1447
;(17, 5);MoveNorthWest;(13, 8);Remove large rock top;1;1448
;(17, 5);MoveNorthWest;(13, 8);Remove large rock top;1;1449
;(17, 5);MoveNorthWest;(13, 8);Remove large rock top;1;1450
;(17, 5);MoveNorthWest;(13, 8);Remove large rock top;1;1451
;(17, 5);MoveNorthWest;(13, 8);Remove large rock top;1;1452
;(17, 5);MoveNorthWest;(13, 8);Remove large rock top;1;1453
;(17, 5);MoveNorthWest;(13, 8);Remove large rock top;1;1454
;(17, 5);MoveNorthWest;(12, 7);Remove large rock top;1;1455
;(17, 5);MoveNorthWest;(12, 7);Remove large rock top;1;1456
;(17, 5);MoveNorthWest;(12, 7);Remove large rock top;1;1457
;(17, 5);MoveNorthWest;(12, 7);Remove large rock top;1;1458
;(17, 5);MoveNorthWest;(12, 7);Remove large rock top;1;1459
;(17, 5);MoveNorthWest;(12, 7);Remove large rock top;1;1460
;(17, 5);MoveNorthWest;(12, 7);Remove large rock top;1;1461
;(17, 5);MoveNorthWest;(12, 7);Remove large rock top;1;1462
;(17, 5);MoveNorthWest;(12, 7);Remove large rock top;1;1463
;(17, 5);MoveNorthWest;(12, 7);Remove large rock top;1;1464
;(17, 5);MoveNorthWest;(12, 7);Remove large rock top;1;1465
;(17, 5);MoveNorthWest;(11, 6);Remove large rock top;1;1466
;(17, 5);MoveWest;(11, 6);Remove large rock top;1;1467
;(17, 5);MoveWest;(11, 6);Remove large rock top;1;1468
;(17, 5);MoveWest;(11, 6);Remove large rock top;1;1469
;(17, 5);MoveWest;(11, 6);Remove large rock top;1;1470
;(17, 5);MoveWest;(11, 6);Remove large rock top;1;1471
;(17, 5);MoveWest;(11, 6);Remove large rock top;1;1472
;(17, 5);MoveWest;(11, 6);Remove large rock top;1;1473
;(17, 5);MoveWest;(11, 6);Remove large rock top;1;1474
;(17, 5);MoveWest;(11, 6);Remove large rock top;1;1475
;(17, 5);MoveWest;(11, 6);Remove large rock top;1;1476
;(17, 5);MoveWest;(10, 6);Remove large rock top;1;1477
;(17, 5);MoveWest;(10, 6);Remove large rock top;1;1478
;(17, 5);MoveWest;(10, 6);Remove large rock top;1;1479
;(17, 5);MoveWest;(10, 6);Remove large rock top;1;1480
;(17, 5);MoveWest;(10, 6);Remove large rock top;1;1481
;(17, 5);MoveWest;(10, 6);Remove large rock top;1;1482
;(17, 5);MoveWest;(10, 6);Remove large rock top;1;1483
;(17, 5);MoveWest;(10, 6);Remove large rock top;1;1484
;(17, 5);MoveWest;(10, 6);Remove large rock top;1;1485
;(17, 5);MoveWest;(10, 6);Remove large rock top;1;1486
;(17, 5);MoveWest;(10, 6);Remove large rock top;1;1487
;(17, 5);MoveWest;(9, 6);Remove large rock top;1;1488
;(17, 5);MoveWest;(9, 6);Remove large rock top;1;1489
;(17, 5);MoveWest;(9, 6);Remove large rock top;1;1490
;(17, 5);MoveWest;(9, 6);Remove large rock top;1;1491
;(17, 5);MoveWest;(9, 6);Remove large rock top;1;1492
;(17, 5);MoveWest;(9, 6);Remove large rock top;1;1493
;(17, 5);MoveWest;(9, 6);Remove large rock top;1;1494
;(17, 5);MoveWest;(9, 6);Remove large rock top;1;1495
;(17, 5);MoveWest;(9, 6);Remove large rock top;1;1496
;(17, 5);MoveWest;(9, 6);Remove large rock top;1;1497
;(17, 5);MoveWest;(9, 6);Remove large rock top;1;1498
;(17, 5);MoveWest;(8, 6);Remove large rock top;1;1499
;(17, 5);MoveWest;(8, 6);Remove large rock top;1;1500
;(17, 5);MoveWest;(8, 6);Remove large rock top;1;1501
;(17, 5);MoveWest;(8, 6);Remove large rock top;1;1502
;(17, 5);MoveWest;(8, 6);Remove large rock top;1;1503
;(17, 5);MoveWest;(8, 6);Remove large rock top;1;1504
;(17, 5);MoveWest;(8, 6);Remove large rock top;1;1505
;(17, 5);MoveWest;(8, 6);Remove large rock top;1;1506
;(17, 5);MoveWest;(8, 6);Remove large rock top;1;1507
;(17, 5);MoveWest;(8, 6);Remove large rock top;1;1508
;(17, 5);MoveWest;(8, 6);Remove large rock top;1;1509
;(17, 5);MoveWest;(7, 6);Remove large rock top;1;1510
;(17, 5);MoveWest;(7, 6);Remove large rock top;1;1511
;(17, 5);MoveWest;(7, 6);Remove large rock top;1;1512
;(17, 5);MoveWest;(7, 6);Remove large rock top;1;1513
;(17, 5);MoveWest;(7, 6);Remove large rock top;1;1514
;(17, 5);MoveWest;(7, 6);Remove large rock top;1;1515
;(17, 5);MoveWest;(7, 6);Remove large rock top;1;1516
;(17, 5);MoveWest;(7, 6);Remove large rock top;1;1517
;(17, 5);MoveWest;(7, 6);Remove large rock top;1;1518
;(17, 5);MoveWest;(7, 6);Remove large rock top;1;1519
;(17, 5);MoveWest;(7, 6);Remove large rock top;1;1520
;(17, 5);MoveWest;(6, 6);Remove large rock top;1;1521
;(17, 5);GrabLargeObject;(6, 6);Remove large rock top;1;1522
;(17, 5);GrabLargeObject;(6, 6);Remove large rock top;1;1523
;(17, 5);GrabLargeObject;(6, 6);Remove large rock top;1;1524
;(17, 5);GrabLargeObject;(6, 6);Remove large rock top;1;1525
;(17, 5);GrabLargeObject;(6, 6);Remove large rock top;1;1526
;(17, 5);GrabLargeObject;(6, 6);Remove large rock top;1;1527
;(17, 5);GrabLargeObject;(6, 6);Remove large rock top;1;1528
;(17, 5);GrabLargeObject;(6, 6);Remove large rock top;1;1529
;(17, 5);GrabLargeObject;(6, 6);Remove large rock top;1;1530
;(17, 5);GrabLargeObject;(6, 6);Remove large rock top;1;1531
;(17, 5);GrabLargeObject;(6, 6);Remove large rock top;1;1532
;(17, 5);;(6, 6);Remove large rock top;1;1533
;(17, 5);;(6, 6);Remove large rock top;1;1534
;(17, 5);;(6, 6);Remove large rock top;1;1535
;(17, 5);;(6, 6);Remove large rock top;1;1536
;(17, 5);;(6, 6);Remove large rock top;1;1537
;(17, 5);;(6, 6);Remove large rock top;1;1538
;(17, 5);;(6, 6);Remove large rock top;1;1539
;(17, 5);;(6, 6);Remove large rock top;1;1540
;(17, 5);;(6, 6);Remove large rock top;1;1541
;(17, 5);;(6, 6);Remove large rock top;1;1542
;(17, 5);;(6, 6);Remove large rock top;1;1543
;(17, 5);;(6, 6);Remove large rock top;1;1544
;(17, 5);;(6, 6);Remove large rock top;1;1545
;(17, 5);;(6, 6);Remove large rock top;1;1546
;(17, 5);;(6, 6);Remove large rock top;1;1547
;(17, 5);;(6, 6);Remove large rock top;1;1548
;(17, 5);;(6, 6);Remove large rock top;1;1549
;(17, 5);;(6, 6);Remove large rock top;1;1550
;(17, 5);;(6, 6);Remove large rock top;1;1551
;(17, 5);;(6, 6);Remove large rock top;1;1552
;(17, 5);;(6, 6);Remove large rock top;1;1553
;(17, 5);;(6, 6);Remove large rock top;1;1554
;(17, 5);;(6, 6);Remove large rock top;1;1555
;(17, 5);;(6, 6);Remove large rock top;1;1556
;(17, 5);;(6, 6);Remove large rock top;1;1557
;(17, 5);;(6, 6);Remove large rock top;1;1558
;(17, 5);;(6, 6);Remove large rock top;1;1559
;(17, 5);;(6, 6);Remove large rock top;1;1560
;(17, 5);;(6, 6);Remove large rock top;1;1561
;(17, 5);;(6, 6);Remove large rock top;1;1562
;(17, 5);;(6, 6);Remove large rock top;1;1563
;(17, 5);;(6, 6);Remove large rock top;1;1564
;(17, 5);;(6, 6);Remove large rock top;1;1565
;(17, 5);;(6, 6);Remove large rock top;1;1566
;(17, 5);;(6, 6);Remove large rock top;1;1567
;(17, 5);;(6, 6);Remove large rock top;1;1568
;(17, 5);;(6, 6);Remove large rock top;1;1569
;(17, 5);;(6, 6);Remove large rock top;1;1570
;(17, 5);;(6, 6);Remove large rock top;1;1571
;(17, 5);;(6, 6);Remove large rock top;1;1572
;(17, 5);;(6, 6);Remove large rock top;1;1573
;(17, 5);;(6, 6);Remove large rock top;1;1574
;(17, 5);;(6, 6);Remove large rock top;1;1575
;(17, 5);;(6, 6);Remove large rock top;1;1576
;(17, 5);;(6, 6);Remove large rock top;1;1577
;(17, 5);;(6, 6);Remove large rock top;1;1578
;(17, 5);;(6, 6);Remove large rock top;1;1579
;(17, 5);;(6, 6);Remove large rock top;1;1580
;(17, 5);;(6, 6);Remove large rock top;1;1581
;(17, 5);;(6, 6);Remove large rock top;1;1582
;(17, 5);;(6, 6);Remove large rock top;1;1583
;(17, 5);;(6, 6);Remove large rock top;1;1584
;(17, 5);;(6, 6);Remove large rock top;1;1585
;(17, 5);;(6, 6);Remove large rock top;1;1586
;(17, 5);;(6, 6);Remove large rock top;1;1587
;(17, 5);;(6, 6);Remove large rock top;1;1588
;(17, 5);;(6, 6);Remove large rock top;1;1589
;(17, 5);;(6, 6);Remove large rock top;1;1590
;(17, 5);;(6, 6);Remove large rock top;1;1591
;(17, 5);;(6, 6);Remove large rock top;1;1592
;(17, 5);;(6, 6);Remove large rock top;1;1593
;(17, 5);;(6, 6);Remove large rock top;1;1594
;(17, 5);;(6, 6);Remove large rock top;1;1595
;(17, 5);;(6, 6);Remove large rock top;1;1596
;(17, 5);;(6, 6);Remove large rock top;1;1597
;(17, 5);;(6, 6);Remove large rock top;1;1598
;(17, 5);;(6, 6);Remove large rock top;1;1599
;(17, 5);;(6, 6);Remove large rock top;1;1600
;(17, 5);;(6, 6);Remove large rock top;1;1601
;(17, 5);;(6, 6);Remove large rock top;1;1602
MoveWest;(16, 5);;(6, 6);Remove large rock top;1;1603
;(16, 5);;(6, 6);Remove large rock top;1;1604
;(16, 5);;(6, 6);Remove large rock top;1;1605
;(16, 5);;(6, 6);Remove large rock top;1;1606
;(16, 5);;(6, 6);Remove large rock top;1;1607
;(16, 5);;(6, 6);Remove large rock top;1;1608
;(16, 5);;(6, 6);Remove large rock top;1;1609
;(16, 5);;(6, 6);Remove large rock top;1;1610
MoveWest;(15, 5);;(6, 6);Remove large rock top;1;1611
MoveWest;(14, 5);;(6, 6);Remove large rock top;1;1612
MoveWest;(13, 5);;(6, 6);Remove large rock top;1;1613
MoveWest;(12, 5);;(6, 6);Remove large rock top;1;1614
MoveWest;(11, 5);;(6, 6);Remove large rock top;1;1615
MoveWest;(10, 5);;(6, 6);Remove large rock top;1;1616
MoveWest;(9, 5);;(6, 6);Remove large rock top;1;1617
MoveWest;(8, 5);;(6, 6);Remove large rock top;1;1618
MoveWest;(7, 5);;(6, 6);Remove large rock top;1;1619
MoveWest;(6, 5);;(6, 6);Remove large rock top;1;1620
MoveWest;(5, 5);;(6, 6);Remove large rock top;1;1621
MoveWest;(4, 5);;(6, 6);Remove large rock top;1;1622
MoveWest;(3, 5);;(6, 6);Remove large rock top;1;1623
MoveWest;(2, 5);;(6, 6);Remove large rock top;1;1624
MoveWest;(1, 5);;(6, 6);Remove large rock top;1;1625
MoveWest;(0, 5);;(6, 6);Remove large rock top;1;1626
MoveWest;(0, 5);;(6, 6);Remove large rock top;1;1627
MoveWest;(0, 5);;(6, 6);Remove large rock top;1;1628
MoveWest;(0, 5);;(6, 6);Remove large rock top;1;1629
;(0, 5);;(6, 6);Remove large rock top;1;1630
;(0, 5);;(6, 6);Remove large rock top;1;1631
;(0, 5);;(6, 6);Remove large rock top;1;1632
;(0, 5);;(6, 6);Remove large rock top;1;1633
;(0, 5);;(6, 6);Remove large rock top;1;1634
;(0, 5);;(6, 6);Remove large rock top;1;1635
;(0, 5);;(6, 6);Remove large rock top;1;1636
;(0, 5);;(6, 6);Remove large rock top;1;1637
;(0, 5);;(6, 6);Remove large rock top;1;1638
;(0, 5);;(6, 6);Remove large rock top;1;1639
;(0, 5);;(6, 6);Remove large rock top;1;1640
;(0, 5);;(6, 6);Remove large rock top;1;1641
;(0, 5);;(6, 6);Remove large rock top;1;1642
;(0, 5);;(6, 6);Remove large rock top;1;1643
;(0, 5);;(6, 6);Remove large rock top;1;1644
;(0, 5);;(6, 6);Remove large rock top;1;1645
;(0, 5);;(6, 6);Remove large rock top;1;1646
;(0, 5);;(6, 6);Remove large rock top;1;1647
;(0, 5);;(6, 6);Remove large rock top;1;1648
;(0, 5);;(6, 6);Remove large rock top;1;1649
;(0, 5);;(6, 6);Remove large rock top;1;1650
;(0, 5);;(6, 6);Remove large rock top;1;1651
;(0, 5);;(6, 6);Remove large rock top;1;1652
;(0, 5);;(6, 6);Remove large rock top;1;1653
;(0, 5);MoveWest;(6, 6);Remove large rock top;1;1654
;(0, 5);MoveWest;(6, 6);Remove large rock top;1;1655
;(0, 5);MoveWest;(6, 6);Remove large rock top;1;1656
;(0, 5);MoveWest;(6, 6);Remove large rock top;1;1657
;(0, 5);MoveWest;(6, 6);Remove large rock top;1;1658
;(0, 5);MoveWest;(6, 6);Remove large rock top;1;1659
;(0, 5);MoveWest;(6, 6);Remove large rock top;1;1660
;(0, 5);MoveWest;(6, 6);Remove large rock top;1;1661
;(0, 5);MoveWest;(6, 6);Remove large rock top;1;1662
;(0, 5);MoveWest;(6, 6);Remove large rock top;1;1663
;(0, 5);MoveWest;(5, 6);Remove large rock top;1;1664
;(0, 5);MoveNorthWest;(5, 6);Remove large rock top;1;1665
;(0, 5);MoveNorthWest;(5, 6);Remove large rock top;1;1666
;(0, 5);MoveNorthWest;(5, 6);Remove large rock top;1;1667
;(0, 5);MoveNorthWest;(5, 6);Remove large rock top;1;1668
;(0, 5);MoveNorthWest;(5, 6);Remove large rock top;1;1669
;(0, 5);MoveNorthWest;(5, 6);Remove large rock top;1;1670
;(0, 5);MoveNorthWest;(5, 6);Remove large rock top;1;1671
;(0, 5);MoveNorthWest;(5, 6);Remove large rock top;1;1672
;(0, 5);MoveNorthWest;(5, 6);Remove large rock top;1;1673
;(0, 5);MoveNorthWest;(5, 6);Remove large rock top;1;1674
;(0, 5);MoveNorthWest;(4, 5);Remove large rock top;1;1675
;(0, 5);MoveWest;(4, 5);Remove large rock top;1;1676
;(0, 5);MoveWest;(4, 5);Remove large rock top;1;1677
;(0, 5);MoveWest;(4, 5);Remove large rock top;1;1678
;(0, 5);MoveWest;(4, 5);Remove large rock top;1;1679
;(0, 5);MoveWest;(4, 5);Remove large rock top;1;1680
;(0, 5);MoveWest;(4, 5);Remove large rock top;1;1681
;(0, 5);MoveWest;(4, 5);Remove large rock top;1;1682
;(0, 5);MoveWest;(4, 5);Remove large rock top;1;1683
;(0, 5);MoveWest;(4, 5);Remove large rock top;1;1684
;(0, 5);MoveWest;(4, 5);Remove large rock top;1;1685
;(0, 5);MoveWest;(3, 5);Remove large rock top;1;1686
;(0, 5);MoveNorthWest;(3, 5);Remove large rock top;1;1687
;(0, 5);MoveNorthWest;(3, 5);Remove large rock top;1;1688
;(0, 5);MoveNorthWest;(3, 5);Remove large rock top;1;1689
;(0, 5);MoveNorthWest;(3, 5);Remove large rock top;1;1690
;(0, 5);MoveNorthWest;(3, 5);Remove large rock top;1;1691
;(0, 5);MoveNorthWest;(3, 5);Remove large rock top;1;1692
;(0, 5);MoveNorthWest;(3, 5);Remove large rock top;1;1693
;(0, 5);MoveNorthWest;(3, 5);Remove large rock top;1;1694
;(0, 5);MoveNorthWest;(3, 5);Remove large rock top;1;1695
;(0, 5);MoveNorthWest;(3, 5);Remove large rock top;1;1696
;(0, 5);MoveNorthWest;(2, 4);Remove large rock top;1;1697
;(0, 5);MoveWest;(2, 4);Remove large rock top;1;1698
;(0, 5);MoveWest;(2, 4);Remove large rock top;1;1699
;(0, 5);MoveWest;(2, 4);Remove large rock top;1;1700
;(0, 5);MoveWest;(2, 4);Remove large rock top;1;1701
;(0, 5);MoveWest;(2, 4);Remove large rock top;1;1702
;(0, 5);MoveWest;(2, 4);Remove large rock top;1;1703
;(0, 5);MoveWest;(2, 4);Remove large rock top;1;1704
;(0, 5);MoveWest;(2, 4);Remove large rock top;1;1705
;(0, 5);MoveWest;(2, 4);Remove large rock top;1;1706
;(0, 5);MoveWest;(2, 4);Remove large rock top;1;1707
;(0, 5);MoveWest;(1, 4);Remove large rock top;1;1708
;(0, 5);DropLargeObject;(1, 4);Remove large rock top;1;1709
;(0, 5);DropLargeObject;(1, 4);Remove large rock top;1;1710
;(0, 5);DropLargeObject;(1, 4);Remove large rock top;1;1711
;(0, 5);DropLargeObject;(1, 4);Remove large rock top;1;1712
;(0, 5);DropLargeObject;(1, 4);Remove large rock top;1;1713
;(0, 5);DropLargeObject;(1, 4);Remove large rock top;1;1714
;(0, 5);DropLargeObject;(1, 4);Remove large rock top;1;1715
;(0, 5);DropLargeObject;(1, 4);Remove large rock top;1;1716
;(0, 5);DropLargeObject;(1, 4);Remove large rock top;1;1717
;(0, 5);DropLargeObject;(1, 4);Remove large rock top;1;1718
;(0, 5);DropLargeObject;(1, 4);Remove large rock top;1;1719
;(0, 5);;(1, 4);Remove large rock top;1;1720
;(0, 5);;(1, 4);Remove large rock top;1;1721
;(0, 5);;(1, 4);Remove large rock top;1;1722
;(0, 5);MoveSouthEast;(1, 4);Remove large rock top;1;1723
;(0, 5);MoveSouthEast;(1, 4);Remove large rock top;1;1724
;(0, 5);MoveSouthEast;(1, 4);Remove large rock top;1;1725
;(0, 5);MoveSouthEast;(1, 4);Remove large rock top;1;1726
;(0, 5);MoveSouthEast;(1, 4);Remove large rock top;1;1727
;(0, 5);MoveSouthEast;(1, 4);Remove large rock top;1;1728
;(0, 5);MoveSouthEast;(1, 4);Remove large rock top;1;1729
;(0, 5);MoveSouthEast;(1, 4);Remove large rock top;1;1730
;(0, 5);MoveSouthEast;(1, 4);Remove large rock top;1;1731
;(0, 5);MoveSouthEast;(1, 4);Remove large rock top;1;1732
;(0, 5);MoveSouthEast;(2, 5);Remove large rock top;1;1733
;(0, 5);MoveEast;(2, 5);Remove large rock top;1;1734
;(0, 5);MoveEast;(2, 5);Remove large rock top;1;1735
;(0, 5);MoveEast;(2, 5);Remove large rock top;1;1736
;(0, 5);MoveEast;(2, 5);Remove large rock top;1;1737
;(0, 5);MoveEast;(2, 5);Remove large rock top;1;1738
;(0, 5);MoveEast;(2, 5);Remove large rock top;1;1739
;(0, 5);MoveEast;(2, 5);Remove large rock top;1;1740
;(0, 5);MoveEast;(2, 5);Remove large rock top;1;1741
;(0, 5);MoveEast;(2, 5);Remove large rock top;1;1742
;(0, 5);MoveEast;(2, 5);Remove large rock top;1;1743
;(0, 5);MoveEast;(3, 5);Remove large rock top;1;1744
;(0, 5);MoveSouthEast;(3, 5);Remove large rock top;1;1745
;(0, 5);MoveSouthEast;(3, 5);Remove large rock top;1;1746
;(0, 5);MoveSouthEast;(3, 5);Remove large rock top;1;1747
;(0, 5);MoveSouthEast;(3, 5);Remove large rock top;1;1748
;(0, 5);MoveSouthEast;(3, 5);Remove large rock top;1;1749
;(0, 5);MoveSouthEast;(3, 5);Remove large rock top;1;1750
;(0, 5);MoveSouthEast;(3, 5);Remove large rock top;1;1751
;(0, 5);MoveSouthEast;(3, 5);Remove large rock top;1;1752
;(0, 5);MoveSouthEast;(3, 5);Remove large rock top;1;1753
;(0, 5);MoveSouthEast;(3, 5);Remove large rock top;1;1754
;(0, 5);MoveSouthEast;(4, 6);Remove large rock top;1;1755
;(0, 5);MoveSouthEast;(4, 6);Remove large rock top;1;1756
;(0, 5);MoveSouthEast;(4, 6);Remove large rock top;1;1757
;(0, 5);MoveSouthEast;(4, 6);Remove large rock top;1;1758
;(0, 5);MoveSouthEast;(4, 6);Remove large rock top;1;1759
;(0, 5);MoveSouthEast;(4, 6);Remove large rock top;1;1760
;(0, 5);MoveSouthEast;(4, 6);Remove large rock top;1;1761
;(0, 5);MoveSouthEast;(4, 6);Remove large rock top;1;1762
;(0, 5);MoveSouthEast;(4, 6);Remove large rock top;1;1763
;(0, 5);MoveSouthEast;(4, 6);Remove large rock top;1;1764
;(0, 5);MoveSouthEast;(4, 6);Remove large rock top;1;1765
;(0, 5);MoveSouthEast;(5, 7);Remove large rock top;1;1766
;(0, 5);MoveSouthEast;(5, 7);Remove large rock top;1;1767
;(0, 5);MoveSouthEast;(5, 7);Remove large rock top;1;1768
;(0, 5);MoveSouthEast;(5, 7);Remove large rock top;1;1769
;(0, 5);MoveSouthEast;(5, 7);Remove large rock top;1;1770
;(0, 5);MoveSouthEast;(5, 7);Remove large rock top;1;1771
;(0, 5);MoveSouthEast;(5, 7);Remove large rock top;1;1772
;(0, 5);MoveSouthEast;(5, 7);Remove large rock top;1;1773
;(0, 5);MoveSouthEast;(5, 7);Remove large rock top;1;1774
;(0, 5);MoveSouthEast;(5, 7);Remove large rock top;1;1775
;(0, 5);MoveSouthEast;(5, 7);Remove large rock top;1;1776
;(0, 5);MoveSouthEast;(6, 8);Remove large rock top;1;1777
;(0, 5);GrabLargeObject;(6, 8);Remove large rock top;1;1778
;(0, 5);GrabLargeObject;(6, 8);Remove large rock top;1;1779
;(0, 5);GrabLargeObject;(6, 8);Remove large rock top;1;1780
;(0, 5);GrabLargeObject;(6, 8);Remove large rock top;1;1781
;(0, 5);GrabLargeObject;(6, 8);Remove large rock top;1;1782
;(0, 5);GrabLargeObject;(6, 8);Remove large rock top;1;1783
;(0, 5);GrabLargeObject;(6, 8);Remove large rock top;1;1784
;(0, 5);GrabLargeObject;(6, 8);Remove large rock top;1;1785
;(0, 5);GrabLargeObject;(6, 8);Remove large rock top;1;1786
;(0, 5);GrabLargeObject;(6, 8);Remove large rock top;1;1787
;(0, 5);GrabLargeObject;(6, 8);Remove large rock top;1;1788
;(0, 5);;(6, 8);Remove large rock top;1;1789
;(0, 5);;(6, 8);False;1;1790
;(0, 5);MoveEast;(6, 8);False;1;1791
;(0, 5);MoveEast;(6, 8);False;1;1792
;(0, 5);MoveEast;(6, 8);False;1;1793
;(0, 5);MoveEast;(6, 8);False;1;1794
;(0, 5);MoveEast;(6, 8);False;1;1795
;(0, 5);MoveEast;(6, 8);False;1;1796
;(0, 5);MoveEast;(6, 8);False;1;1797
;(0, 5);MoveEast;(6, 8);False;1;1798
;(0, 5);MoveEast;(6, 8);False;1;1799
;(0, 5);MoveEast;(6, 8);False;1;1800
MoveEast;(1, 5);MoveEast;(7, 8);False;1;1801
;(1, 5);MoveEast;(7, 8);False;1;1802
;(1, 5);MoveEast;(7, 8);False;1;1803
;(1, 5);MoveEast;(7, 8);False;1;1804
;(1, 5);MoveEast;(7, 8);False;1;1805
;(1, 5);MoveEast;(7, 8);False;1;1806
;(1, 5);MoveEast;(7, 8);False;1;1807
;(1, 5);MoveEast;(7, 8);False;1;1808
;(1, 5);MoveEast;(7, 8);False;1;1809
MoveEast;(2, 5);MoveEast;(7, 8);False;1;1810
MoveEast;(3, 5);MoveEast;(7, 8);False;1;1811
MoveEast;(4, 5);MoveEast;(8, 8);False;1;1812
MoveEast;(5, 5);MoveWest;(8, 8);False;1;1813
MoveEast;(6, 5);MoveWest;(8, 8);False;1;1814
MoveEast;(7, 5);MoveWest;(8, 8);False;1;1815
MoveEast;(8, 5);MoveWest;(8, 8);False;1;1816
MoveEast;(9, 5);MoveWest;(8, 8);False;1;1817
MoveEast;(10, 5);MoveWest;(8, 8);False;1;1818
MoveEast;(11, 5);MoveWest;(8, 8);False;1;1819
MoveEast;(12, 5);MoveWest;(8, 8);False;1;1820
MoveEast;(13, 5);MoveWest;(8, 8);False;1;1821
MoveEast;(14, 5);MoveWest;(8, 8);False;1;1822
MoveEast;(15, 5);MoveWest;(7, 8);False;1;1823
MoveEast;(16, 5);MoveWest;(7, 8);False;1;1824
;(16, 5);MoveWest;(7, 8);False;1;1825
MoveSouth;(16, 6);MoveWest;(7, 8);False;1;1826
;(16, 6);MoveWest;(7, 8);False;1;1827
;(16, 6);MoveWest;(7, 8);False;1;1828
;(16, 6);MoveWest;(7, 8);False;1;1829
;(16, 6);MoveWest;(7, 8);False;1;1830
;(16, 6);MoveWest;(7, 8);False;1;1831
;(16, 6);MoveWest;(7, 8);False;1;1832
;(16, 6);MoveWest;(7, 8);False;1;1833
;(16, 6);MoveWest;(6, 8);False;1;1834
;(16, 6);MoveEast;(6, 8);False;1;1835
;(16, 6);MoveEast;(6, 8);False;1;1836
;(16, 6);MoveEast;(6, 8);False;1;1837
MoveWest;(15, 6);MoveEast;(6, 8);False;1;1838
;(15, 6);MoveEast;(6, 8);False;1;1839
;(15, 6);MoveEast;(6, 8);False;1;1840
;(15, 6);MoveEast;(6, 8);False;1;1841
;(15, 6);MoveEast;(6, 8);False;1;1842
;(15, 6);MoveEast;(6, 8);False;1;1843
;(15, 6);MoveEast;(6, 8);False;1;1844
;(15, 6);MoveEast;(7, 8);False;1;1845
;(15, 6);MoveEast;(7, 8);False;1;1846
;(15, 6);MoveEast;(7, 8);False;1;1847
MoveWest;(14, 6);MoveEast;(7, 8);False;1;1848
MoveWest;(13, 6);MoveEast;(7, 8);False;1;1849
MoveWest;(12, 6);MoveEast;(7, 8);False;1;1850
MoveWest;(11, 6);MoveEast;(7, 8);False;1;1851
MoveWest;(10, 6);MoveEast;(7, 8);False;1;1852
MoveWest;(9, 6);MoveEast;(7, 8);False;1;1853
;(9, 6);MoveEast;(7, 8);False;1;1854
;(9, 6);MoveEast;(7, 8);False;1;1855
;(9, 6);MoveEast;(8, 8);False;1;1856
;(9, 6);MoveWest;(8, 8);False;1;1857
MoveSouth;(9, 7);MoveWest;(8, 8);False;1;1858
;(9, 7);MoveWest;(8, 8);False;1;1859
;(9, 7);MoveWest;(8, 8);False;1;1860
;(9, 7);MoveWest;(8, 8);False;1;1861
MoveSouth;(9, 8);MoveWest;(8, 8);False;1;1862
;(9, 8);MoveWest;(8, 8);False;1;1863
;(9, 8);MoveWest;(8, 8);False;1;1864
;(9, 8);MoveWest;(8, 8);False;1;1865
;(9, 8);MoveWest;(8, 8);False;1;1866
;(9, 8);MoveWest;(7, 8);False;1;1867
MoveSouth;(9, 9);MoveWest;(7, 8);False;1;1868
;(9, 9);MoveWest;(7, 8);False;1;1869
;(9, 9);MoveWest;(7, 8);False;1;1870
;(9, 9);MoveWest;(7, 8);False;1;1871
;(9, 9);MoveWest;(7, 8);False;1;1872
;(9, 9);MoveWest;(7, 8);False;1;1873
;(9, 9);MoveWest;(7, 8);False;1;1874
;(9, 9);MoveWest;(7, 8);False;1;1875
;(9, 9);MoveWest;(7, 8);False;1;1876
;(9, 9);MoveWest;(7, 8);False;1;1877
;(9, 9);MoveWest;(6, 8);False;1;1878
;(9, 9);MoveEast;(6, 8);False;1;1879
;(9, 9);MoveEast;(6, 8);False;1;1880
;(9, 9);MoveEast;(6, 8);False;1;1881
;(9, 9);MoveEast;(6, 8);False;1;1882
;(9, 9);MoveEast;(6, 8);False;1;1883
;(9, 9);MoveEast;(6, 8);False;1;1884
GrabObject;(9, 9);MoveEast;(6, 8);False;1;1885
;(9, 9);MoveEast;(6, 8);False;1;1886
;(9, 9);MoveEast;(6, 8);False;1;1887
;(9, 9);MoveEast;(6, 8);False;1;1888
MoveEast;(10, 9);MoveEast;(7, 8);False;1;1889
;(10, 9);MoveEast;(7, 8);False;1;1890
;(10, 9);MoveEast;(7, 8);False;1;1891
MoveEast;(11, 9);MoveEast;(7, 8);False;1;1892
;(11, 9);MoveEast;(7, 8);False;1;1893
;(11, 9);MoveEast;(7, 8);False;1;1894
MoveEast;(12, 9);MoveEast;(7, 8);False;1;1895
;(12, 9);MoveEast;(7, 8);False;1;1896
;(12, 9);MoveEast;(7, 8);False;1;1897
MoveEast;(13, 9);MoveEast;(7, 8);False;1;1898
;(13, 9);MoveEast;(7, 8);False;1;1899
;(13, 9);MoveEast;(8, 8);False;1;1900
;(13, 9);MoveWest;(8, 8);False;1;1901
MoveEast;(14, 9);MoveWest;(8, 8);False;1;1902
;(14, 9);MoveWest;(8, 8);False;1;1903
;(14, 9);MoveWest;(8, 8);False;1;1904
;(14, 9);MoveWest;(8, 8);False;1;1905
MoveEast;(15, 9);MoveWest;(8, 8);False;1;1906
;(15, 9);MoveWest;(8, 8);False;1;1907
;(15, 9);MoveWest;(8, 8);False;1;1908
;(15, 9);MoveWest;(8, 8);False;1;1909
;(15, 9);MoveWest;(8, 8);False;1;1910
;(15, 9);MoveWest;(7, 8);False;1;1911
;(15, 9);MoveWest;(7, 8);False;1;1912
DropObject;(15, 9);MoveWest;(7, 8);False;1;1913
;(15, 9);MoveWest;(7, 8);False;1;1914
;(15, 9);MoveWest;(7, 8);False;1;1915
;(15, 9);MoveWest;(7, 8);False;1;1916
MoveWest;(14, 9);MoveWest;(7, 8);False;1;1917
;(14, 9);MoveWest;(7, 8);False;1;1918
;(14, 9);MoveWest;(7, 8);False;1;1919
MoveWest;(13, 9);MoveWest;(7, 8);False;1;1920
;(13, 9);MoveWest;(7, 8);False;1;1921
;(13, 9);MoveWest;(6, 8);False;1;1922
MoveWest;(12, 9);;(6, 8);False;1;1923
;(12, 9);MoveWest;(6, 8);False;1;1924
;(12, 9);MoveWest;(6, 8);False;1;1925
MoveWest;(11, 9);MoveWest;(6, 8);False;1;1926
;(11, 9);MoveWest;(6, 8);False;1;1927
;(11, 9);MoveWest;(6, 8);False;1;1928
MoveWest;(10, 9);MoveWest;(6, 8);False;1;1929
;(10, 9);MoveWest;(6, 8);False;1;1930
;(10, 9);MoveWest;(6, 8);False;1;1931
MoveWest;(9, 9);MoveWest;(6, 8);False;1;1932
;(9, 9);MoveWest;(6, 8);False;1;1933
;(9, 9);MoveWest;(5, 8);False;1;1934
MoveWest;(8, 9);MoveWest;(5, 8);False;1;1935
;(8, 9);MoveWest;(5, 8);False;1;1936
;(8, 9);MoveWest;(5, 8);False;1;1937
;(8, 9);MoveWest;(5, 8);False;1;1938
;(8, 9);MoveWest;(5, 8);False;1;1939
;(8, 9);MoveWest;(5, 8);False;1;1940
;(8, 9);MoveWest;(5, 8);False;1;1941
;(8, 9);MoveWest;(5, 8);False;1;1942
;(8, 9);MoveWest;(5, 8);False;1;1943
;(8, 9);MoveWest;(5, 8);False;1;1944
GrabObject;(8, 9);MoveWest;(4, 8);False;1;1945
;(8, 9);MoveNorthWest;(4, 8);False;1;1946
;(8, 9);MoveNorthWest;(4, 8);False;1;1947
MoveEast;(9, 9);MoveNorthWest;(4, 8);False;1;1948
;(9, 9);MoveNorthWest;(4, 8);False;1;1949
;(9, 9);MoveNorthWest;(4, 8);False;1;1950
MoveEast;(10, 9);MoveNorthWest;(4, 8);False;1;1951
;(10, 9);MoveNorthWest;(4, 8);False;1;1952
;(10, 9);MoveNorthWest;(4, 8);False;1;1953
MoveEast;(11, 9);MoveNorthWest;(4, 8);False;1;1954
;(11, 9);MoveNorthWest;(4, 8);False;1;1955
;(11, 9);MoveNorthWest;(3, 7);False;1;1956
MoveEast;(12, 9);MoveWest;(3, 7);False;1;1957
;(12, 9);MoveWest;(3, 7);False;1;1958
;(12, 9);MoveWest;(3, 7);False;1;1959
MoveEast;(13, 9);MoveWest;(3, 7);False;1;1960
;(13, 9);MoveWest;(3, 7);False;1;1961
;(13, 9);MoveWest;(3, 7);False;1;1962
MoveEast;(14, 9);MoveWest;(3, 7);False;1;1963
;(14, 9);MoveWest;(3, 7);False;1;1964
;(14, 9);MoveWest;(3, 7);False;1;1965
;(14, 9);MoveWest;(3, 7);False;1;1966
GrabObject;(14, 9);MoveWest;(2, 7);False;1;1967
;(14, 9);MoveNorthWest;(2, 7);False;1;1968
;(14, 9);MoveNorthWest;(2, 7);False;1;1969
;(14, 9);MoveNorthWest;(2, 7);False;1;1970
;(14, 9);MoveNorthWest;(2, 7);False;1;1971
MoveWest;(13, 9);MoveNorthWest;(2, 7);False;1;1972
;(13, 9);MoveNorthWest;(2, 7);False;1;1973
;(13, 9);MoveNorthWest;(2, 7);False;1;1974
MoveWest;(12, 9);MoveNorthWest;(2, 7);False;1;1975
;(12, 9);MoveNorthWest;(2, 7);False;1;1976
;(12, 9);MoveNorthWest;(2, 7);False;1;1977
MoveWest;(11, 9);MoveNorthWest;(1, 6);False;1;1978
;(11, 9);MoveWest;(1, 6);False;1;1979
;(11, 9);MoveWest;(1, 6);False;1;1980
;(11, 9);MoveWest;(1, 6);False;1;1981
MoveWest;(10, 9);MoveWest;(1, 6);False;1;1982
;(10, 9);MoveWest;(1, 6);False;1;1983
;(10, 9);MoveWest;(1, 6);False;1;1984
;(10, 9);MoveWest;(1, 6);False;1;1985
;(10, 9);MoveWest;(1, 6);False;1;1986
;(10, 9);MoveWest;(1, 6);False;1;1987
MoveEast;(11, 9);MoveWest;(1, 6);False;1;1988
;(11, 9);MoveWest;(0, 6);False;1;1989
;(11, 9);DropLargeObject;(0, 6);False;1;1990
;(11, 9);DropLargeObject;(0, 6);False;1;1991
MoveEast;(12, 9);DropLargeObject;(0, 6);False;1;1992
;(12, 9);DropLargeObject;(0, 6);False;1;1993
;(12, 9);DropLargeObject;(0, 6);False;1;1994
MoveEast;(13, 9);DropLargeObject;(0, 6);False;1;1995
;(13, 9);DropLargeObject;(0, 6);False;1;1996
;(13, 9);DropLargeObject;(0, 6);False;1;1997
MoveEast;(14, 9);DropLargeObject;(0, 6);False;1;1998
;(14, 9);DropLargeObject;(0, 6);False;1;1999
;(14, 9);DropLargeObject;(0, 6);False;1;2000
;(14, 9);;(0, 6);False;1;2001
;(14, 9);MoveEast;(0, 6);False;1;2002
;(14, 9);MoveEast;(0, 6);False;1;2003
;(14, 9);MoveEast;(0, 6);False;1;2004
;(14, 9);MoveEast;(0, 6);False;1;2005
DropObject;(14, 9);MoveEast;(0, 6);False;1;2006
;(14, 9);MoveEast;(0, 6);False;1;2007
MoveWest;(13, 9);MoveEast;(0, 6);False;1;2008
;(13, 9);MoveEast;(0, 6);False;1;2009
;(13, 9);MoveEast;(0, 6);False;1;2010
;(13, 9);MoveEast;(0, 6);False;1;2011
MoveWest;(12, 9);MoveEast;(1, 6);False;1;2012
;(12, 9);MoveSouthEast;(1, 6);False;1;2013
;(12, 9);MoveSouthEast;(1, 6);False;1;2014
MoveWest;(11, 9);MoveSouthEast;(1, 6);False;1;2015
;(11, 9);MoveSouthEast;(1, 6);False;1;2016
;(11, 9);MoveSouthEast;(1, 6);False;1;2017
MoveWest;(10, 9);MoveSouthEast;(1, 6);False;1;2018
;(10, 9);MoveSouthEast;(1, 6);False;1;2019
;(10, 9);MoveSouthEast;(1, 6);False;1;2020
;(10, 9);MoveSouthEast;(1, 6);False;1;2021
MoveWest;(9, 9);MoveSouthEast;(1, 6);False;1;2022
;(9, 9);MoveSouthEast;(2, 7);False;1;2023
;(9, 9);MoveEast;(2, 7);False;1;2024
;(9, 9);MoveEast;(2, 7);False;1;2025
;(9, 9);MoveEast;(2, 7);False;1;2026
;(9, 9);MoveEast;(2, 7);False;1;2027
MoveSouth;(9, 10);MoveEast;(2, 7);False;1;2028
;(9, 10);MoveEast;(2, 7);False;1;2029
;(9, 10);MoveEast;(2, 7);False;1;2030
;(9, 10);MoveEast;(2, 7);False;1;2031
;(9, 10);MoveEast;(2, 7);False;1;2032
;(9, 10);MoveEast;(2, 7);False;1;2033
;(9, 10);MoveEast;(3, 7);False;1;2034
;(9, 10);MoveSouthEast;(3, 7);False;1;2035
;(9, 10);MoveSouthEast;(3, 7);False;1;2036
DropObject;(9, 10);MoveSouthEast;(3, 7);False;1;2037
;(9, 10);MoveSouthEast;(3, 7);False;1;2038
;(9, 10);MoveSouthEast;(3, 7);False;1;2039
;(9, 10);MoveSouthEast;(3, 7);False;1;2040
;(9, 10);MoveSouthEast;(3, 7);False;1;2041
MoveEast;(10, 10);MoveSouthEast;(3, 7);False;1;2042
;(10, 10);MoveSouthEast;(3, 7);False;1;2043
;(10, 10);MoveSouthEast;(3, 7);False;1;2044
;(10, 10);MoveSouthEast;(4, 8);False;1;2045
MoveEast;(11, 10);MoveEast;(4, 8);False;1;2046
;(11, 10);MoveEast;(4, 8);False;1;2047
;(11, 10);MoveEast;(4, 8);False;1;2048
MoveEast;(12, 10);MoveEast;(4, 8);False;1;2049
;(12, 10);MoveEast;(4, 8);False;1;2050
;(12, 10);MoveEast;(4, 8);False;1;2051
MoveEast;(13, 10);MoveEast;(4, 8);False;1;2052
;(13, 10);MoveEast;(4, 8);False;1;2053
;(13, 10);MoveEast;(4, 8);False;1;2054
;(13, 10);MoveEast;(4, 8);False;1;2055
;(13, 10);MoveEast;(5, 8);False;1;2056
;(13, 10);MoveSouthEast;(5, 8);False;1;2057
MoveWest;(12, 10);MoveSouthEast;(5, 8);False;1;2058
;(12, 10);MoveSouthEast;(5, 8);False;1;2059
;(12, 10);MoveSouthEast;(5, 8);False;1;2060
;(12, 10);MoveSouthEast;(5, 8);False;1;2061
MoveWest;(11, 10);MoveSouthEast;(5, 8);False;1;2062
;(11, 10);MoveSouthEast;(5, 8);False;1;2063
;(11, 10);MoveSouthEast;(5, 8);False;1;2064
MoveWest;(10, 10);MoveSouthEast;(5, 8);False;1;2065
;(10, 10);MoveSouthEast;(5, 8);False;1;2066
;(10, 10);MoveSouthEast;(6, 9);False;1;2067
MoveWest;(9, 10);MoveEast;(6, 9);False;1;2068
;(9, 10);MoveEast;(6, 9);False;1;2069
;(9, 10);MoveEast;(6, 9);False;1;2070
;(9, 10);MoveEast;(6, 9);False;1;2071
;(9, 10);MoveEast;(6, 9);False;1;2072
;(9, 10);MoveEast;(6, 9);False;1;2073
;(9, 10);MoveEast;(6, 9);False;1;2074
;(9, 10);MoveEast;(6, 9);False;1;2075
;(9, 10);MoveEast;(6, 9);False;1;2076
;(9, 10);MoveEast;(6, 9);False;1;2077
;(9, 10);MoveEast;(7, 9);False;1;2078
;(9, 10);GrabObject;(7, 9);False;1;2079
;(9, 10);GrabObject;(7, 9);False;1;2080
;(9, 10);GrabObject;(7, 9);False;1;2081
;(9, 10);GrabObject;(7, 9);False;1;2082
;(9, 10);GrabObject;(7, 9);False;1;2083
GrabObject;(9, 10);GrabObject;(7, 9);False;1;2084
;(9, 10);GrabObject;(7, 9);False;1;2085
;(9, 10);GrabObject;(7, 9);False;1;2086
;(9, 10);GrabObject;(7, 9);False;1;2087
;(9, 10);GrabObject;(7, 9);False;1;2088
;(9, 10);GrabObject;(7, 9);False;1;2089
MoveEast;(10, 10);;(7, 9);False;1;2090
;(10, 10);MoveWest;(7, 9);False;1;2091
;(10, 10);MoveWest;(7, 9);False;1;2092
MoveEast;(11, 10);MoveWest;(7, 9);False;1;2093
;(11, 10);MoveWest;(7, 9);False;1;2094
;(11, 10);MoveWest;(7, 9);False;1;2095
MoveEast;(12, 10);MoveWest;(7, 9);False;1;2096
;(12, 10);MoveWest;(7, 9);False;1;2097
;(12, 10);MoveWest;(7, 9);False;1;2098
MoveEast;(13, 10);MoveWest;(7, 9);False;1;2099
;(13, 10);MoveWest;(7, 9);False;1;2100
;(13, 10);MoveWest;(6, 9);False;1;2101
MoveEast;(14, 10);MoveWest;(6, 9);False;1;2102
;(14, 10);MoveWest;(6, 9);False;1;2103
;(14, 10);MoveWest;(6, 9);False;1;2104
;(14, 10);MoveWest;(6, 9);False;1;2105
MoveEast;(15, 10);MoveWest;(6, 9);False;1;2106
;(15, 10);MoveWest;(6, 9);False;1;2107
;(15, 10);MoveWest;(6, 9);False;1;2108
;(15, 10);MoveWest;(6, 9);False;1;2109
;(15, 10);MoveWest;(6, 9);False;1;2110
;(15, 10);MoveWest;(6, 9);False;1;2111
;(15, 10);MoveWest;(5, 9);False;1;2112
;(15, 10);MoveNorthWest;(5, 9);False;1;2113
DropObject;(15, 10);MoveNorthWest;(5, 9);False;1;2114
;(15, 10);MoveNorthWest;(5, 9);False;1;2115
;(15, 10);MoveNorthWest;(5, 9);False;1;2116
;(15, 10);MoveNorthWest;(5, 9);False;1;2117
;(15, 10);MoveNorthWest;(5, 9);False;1;2118
MoveWest;(14, 10);MoveNorthWest;(5, 9);False;1;2119
;(14, 10);MoveNorthWest;(5, 9);False;1;2120
;(14, 10);MoveNorthWest;(5, 9);False;1;2121
;(14, 10);MoveNorthWest;(5, 9);False;1;2122
MoveWest;(13, 10);MoveNorthWest;(4, 8);False;1;2123
;(13, 10);MoveWest;(4, 8);False;1;2124
;(13, 10);MoveWest;(4, 8);False;1;2125
;(13, 10);MoveWest;(4, 8);False;1;2126
MoveWest;(12, 10);MoveWest;(4, 8);False;1;2127
;(12, 10);MoveWest;(4, 8);False;1;2128
;(12, 10);MoveWest;(4, 8);False;1;2129
MoveWest;(11, 10);MoveWest;(4, 8);False;1;2130
;(11, 10);MoveWest;(4, 8);False;1;2131
;(11, 10);MoveWest;(4, 8);False;1;2132
MoveWest;(10, 10);MoveWest;(4, 8);False;1;2133
;(10, 10);MoveWest;(3, 8);False;1;2134
;(10, 10);MoveNorthWest;(3, 8);False;1;2135
;(10, 10);MoveNorthWest;(3, 8);False;1;2136
MoveWest;(9, 10);MoveNorthWest;(3, 8);False;1;2137
;(9, 10);MoveNorthWest;(3, 8);False;1;2138
;(9, 10);MoveNorthWest;(3, 8);False;1;2139
MoveWest;(8, 10);MoveNorthWest;(3, 8);False;1;2140
;(8, 10);MoveNorthWest;(3, 8);False;1;2141
;(8, 10);MoveNorthWest;(3, 8);False;1;2142
;(8, 10);MoveNorthWest;(3, 8);False;1;2143
;(8, 10);MoveNorthWest;(3, 8);False;1;2144
;(8, 10);MoveNorthWest;(2, 7);False;1;2145
;(8, 10);MoveWest;(2, 7);False;1;2146
;(8, 10);MoveWest;(2, 7);False;1;2147
;(8, 10);MoveWest;(2, 7);False;1;2148
;(8, 10);MoveWest;(2, 7);False;1;2149
;(8, 10);MoveWest;(2, 7);False;1;2150
;(8, 10);MoveWest;(2, 7);False;1;2151
GrabObject;(8, 10);MoveWest;(2, 7);False;1;2152
;(8, 10);MoveWest;(2, 7);False;1;2153
;(8, 10);MoveWest;(2, 7);False;1;2154
;(8, 10);MoveWest;(2, 7);False;1;2155
;(8, 10);MoveWest;(1, 7);False;1;2156
;(8, 10);DropObject;(1, 7);False;1;2157
;(8, 10);DropObject;(1, 7);False;1;2158
;(8, 10);DropObject;(1, 7);False;1;2159
;(8, 10);DropObject;(1, 7);False;1;2160
;(8, 10);DropObject;(1, 7);False;1;2161
MoveEast;(9, 10);DropObject;(1, 7);False;1;2162
;(9, 10);DropObject;(1, 7);False;1;2163
;(9, 10);DropObject;(1, 7);False;1;2164
MoveEast;(10, 10);DropObject;(1, 7);False;1;2165
;(10, 10);DropObject;(1, 7);False;1;2166
;(10, 10);DropObject;(1, 7);False;1;2167
MoveEast;(11, 10);;(1, 7);False;1;2168
;(11, 10);Idle;(1, 7);False;1;2169
;(11, 10);Idle;(1, 7);False;1;2170
MoveEast;(12, 10);Idle;(1, 7);False;1;2171
;(12, 10);Idle;(1, 7);False;1;2172
;(12, 10);Idle;(1, 7);False;1;2173
;(12, 10);Idle;(1, 7);False;1;2174
;(12, 10);Idle;(1, 7);False;1;2175
;(12, 10);Idle;(1, 7);False;1;2176
;(12, 10);Idle;(1, 7);False;1;2177
MoveEast;(13, 10);Idle;(1, 7);False;1;2178
;(13, 10);Idle;(1, 7);False;1;2179
;(13, 10);Idle;(1, 7);False;1;2180
;(13, 10);Idle;(1, 7);False;1;2181
;(13, 10);Idle;(1, 7);False;1;2182
MoveEast;(14, 10);Idle;(1, 7);False;1;2183
;(14, 10);Idle;(1, 7);False;1;2184
;(14, 10);Idle;(1, 7);False;1;2185
;(14, 10);Idle;(1, 7);False;1;2186
;(14, 10);Idle;(1, 7);False;1;2187
;(14, 10);Idle;(1, 7);False;1;2188
;(14, 10);Idle;(1, 7);False;1;2189
GrabObject;(14, 10);Idle;(1, 7);False;1;2190
;(14, 10);Idle;(1, 7);False;1;2191
;(14, 10);Idle;(1, 7);False;1;2192
;(14, 10);Idle;(1, 7);False;1;2193
;(14, 10);Idle;(1, 7);False;1;2194
;(14, 10);Idle;(1, 7);False;1;2195
;(14, 10);Idle;(1, 7);False;1;2196
;(14, 10);Idle;(1, 7);False;1;2197
;(14, 10);Idle;(1, 7);False;1;2198
;(14, 10);Idle;(1, 7);False;1;2199
;(14, 10);Idle;(1, 7);False;1;2200
;(14, 10);Idle;(1, 7);False;1;2201
;(14, 10);Idle;(1, 7);False;1;2202
;(14, 10);Idle;(1, 7);False;1;2203
;(14, 10);Idle;(1, 7);False;1;2204
;(14, 10);Idle;(1, 7);False;1;2205
;(14, 10);Idle;(1, 7);False;1;2206
;(14, 10);Idle;(1, 7);False;1;2207
;(14, 10);Idle;(1, 7);False;1;2208
;(14, 10);Idle;(1, 7);False;1;2209
;(14, 10);Idle;(1, 7);False;1;2210
;(14, 10);Idle;(1, 7);False;1;2211
;(14, 10);Idle;(1, 7);False;1;2212
;(14, 10);Idle;(1, 7);False;1;2213
;(14, 10);Idle;(1, 7);False;1;2214
;(14, 10);Idle;(1, 7);False;1;2215
;(14, 10);Idle;(1, 7);False;1;2216
;(14, 10);Idle;(1, 7);False;1;2217
;(14, 10);Idle;(1, 7);False;1;2218
;(14, 10);Idle;(1, 7);False;1;2219
;(14, 10);Idle;(1, 7);False;1;2220
DropObject;(14, 10);Idle;(1, 7);False;1;2221
;(14, 10);Idle;(1, 7);False;1;2222
;(14, 10);Idle;(1, 7);False;1;2223
;(14, 10);;(1, 7);False;1;2224
;(14, 10);MoveEast;(1, 7);False;1;2225
;(14, 10);MoveEast;(1, 7);False;1;2226
;(14, 10);MoveEast;(1, 7);False;1;2227
MoveWest;(13, 10);MoveEast;(1, 7);False;1;2228
;(13, 10);MoveEast;(1, 7);False;1;2229
;(13, 10);MoveEast;(1, 7);False;1;2230
;(13, 10);MoveEast;(1, 7);False;1;2231
;(13, 10);MoveEast;(1, 7);False;1;2232
MoveWest;(12, 10);MoveEast;(1, 7);False;1;2233
;(12, 10);MoveEast;(1, 7);False;1;2234
;(12, 10);MoveEast;(2, 7);False;1;2235
;(12, 10);MoveEast;(2, 7);False;1;2236
MoveWest;(11, 10);MoveEast;(2, 7);False;1;2237
;(11, 10);MoveEast;(2, 7);False;1;2238
;(11, 10);MoveEast;(2, 7);False;1;2239
MoveWest;(10, 10);MoveEast;(2, 7);False;1;2240
;(10, 10);MoveEast;(2, 7);False;1;2241
;(10, 10);MoveEast;(2, 7);False;1;2242
;(10, 10);MoveEast;(2, 7);False;1;2243
MoveWest;(9, 10);MoveEast;(2, 7);False;1;2244
;(9, 10);MoveEast;(2, 7);False;1;2245
;(9, 10);MoveEast;(3, 7);False;1;2246
;(9, 10);MoveEast;(3, 7);False;1;2247
MoveWest;(8, 10);MoveEast;(3, 7);False;1;2248
;(8, 10);MoveEast;(3, 7);False;1;2249
;(8, 10);MoveEast;(3, 7);False;1;2250
;(8, 10);MoveEast;(3, 7);False;1;2251
;(8, 10);MoveEast;(3, 7);False;1;2252
;(8, 10);MoveEast;(3, 7);False;1;2253
;(8, 10);MoveEast;(3, 7);False;1;2254
;(8, 10);MoveEast;(3, 7);False;1;2255
;(8, 10);MoveEast;(3, 7);False;1;2256
;(8, 10);MoveEast;(4, 7);False;1;2257
;(8, 10);MoveEast;(4, 7);False;1;2258
;(8, 10);MoveEast;(4, 7);False;1;2259
MoveWest;(7, 10);MoveEast;(4, 7);False;1;2260
;(7, 10);MoveEast;(4, 7);False;1;2261
;(7, 10);MoveEast;(4, 7);False;1;2262
;(7, 10);MoveEast;(4, 7);False;1;2263
;(7, 10);MoveEast;(4, 7);False;1;2264
;(7, 10);MoveEast;(4, 7);False;1;2265
;(7, 10);MoveEast;(4, 7);False;1;2266
;(7, 10);MoveEast;(4, 7);False;1;2267
;(7, 10);MoveEast;(5, 7);False;1;2268
;(7, 10);MoveEast;(5, 7);False;1;2269
;(7, 10);MoveEast;(5, 7);False;1;2270
;(7, 10);MoveEast;(5, 7);False;1;2271
;(7, 10);MoveEast;(5, 7);False;1;2272
;(7, 10);MoveEast;(5, 7);False;1;2273
;(7, 10);MoveEast;(5, 7);False;1;2274
;(7, 10);MoveEast;(5, 7);False;1;2275
;(7, 10);MoveEast;(5, 7);False;1;2276
GrabObject;(7, 10);MoveEast;(5, 7);False;1;2277
;(7, 10);MoveEast;(5, 7);False;1;2278
;(7, 10);MoveEast;(6, 7);False;1;2279
;(7, 10);MoveEast;(6, 7);False;1;2280
;(7, 10);MoveEast;(6, 7);False;1;2281
;(7, 10);MoveEast;(6, 7);False;1;2282
;(7, 10);MoveEast;(6, 7);False;1;2283
;(7, 10);MoveEast;(6, 7);False;1;2284
;(7, 10);MoveEast;(6, 7);False;1;2285
;(7, 10);MoveEast;(6, 7);False;1;2286
MoveWest;(6, 10);MoveEast;(6, 7);False;1;2287
;(6, 10);MoveEast;(6, 7);False;1;2288
;(6, 10);MoveEast;(6, 7);False;1;2289
;(6, 10);MoveEast;(7, 7);False;1;2290
MoveWest;(5, 10);MoveSouthEast;(7, 7);False;1;2291
;(5, 10);MoveSouthEast;(7, 7);False;1;2292
;(5, 10);MoveSouthEast;(7, 7);False;1;2293
MoveWest;(4, 10);MoveSouthEast;(7, 7);False;1;2294
;(4, 10);MoveSouthEast;(7, 7);False;1;2295
;(4, 10);MoveSouthEast;(7, 7);False;1;2296
;(4, 10);MoveSouthEast;(7, 7);False;1;2297
;(4, 10);MoveSouthEast;(7, 7);False;1;2298
;(4, 10);MoveSouthEast;(7, 7);False;1;2299
;(4, 10);MoveSouthEast;(7, 7);False;1;2300
;(4, 10);MoveSouthEast;(8, 8);False;1;2301
MoveWest;(3, 10);MoveSouthEast;(8, 8);False;1;2302
;(3, 10);MoveSouthEast;(8, 8);False;1;2303
;(3, 10);MoveSouthEast;(8, 8);False;1;2304
;(3, 10);MoveSouthEast;(8, 8);False;1;2305
;(3, 10);MoveSouthEast;(8, 8);False;1;2306
;(3, 10);MoveSouthEast;(8, 8);False;1;2307
;(3, 10);MoveSouthEast;(8, 8);False;1;2308
;(3, 10);MoveSouthEast;(8, 8);False;1;2309
;(3, 10);MoveSouthEast;(8, 8);False;1;2310
;(3, 10);MoveSouthEast;(8, 8);False;1;2311
;(3, 10);MoveSouthEast;(9, 9);False;1;2312
;(3, 10);MoveEast;(9, 9);False;1;2313
;(3, 10);MoveEast;(9, 9);False;1;2314
;(3, 10);MoveEast;(9, 9);False;1;2315
;(3, 10);MoveEast;(9, 9);False;1;2316
;(3, 10);MoveEast;(9, 9);False;1;2317
DropObject;(3, 10);MoveEast;(9, 9);False;1;2318
;(3, 10);MoveEast;(9, 9);False;1;2319
;(3, 10);MoveEast;(9, 9);False;1;2320
;(3, 10);MoveEast;(9, 9);False;1;2321
;(3, 10);MoveEast;(9, 9);False;1;2322
;(3, 10);MoveEast;(10, 9);False;1;2323
;(3, 10);MoveEast;(10, 9);False;1;2324
;(3, 10);MoveEast;(10, 9);False;1;2325
;(3, 10);MoveEast;(10, 9);False;1;2326
;(3, 10);MoveEast;(10, 9);False;1;2327
;(3, 10);MoveEast;(10, 9);False;1;2328
;(3, 10);MoveEast;(10, 9);False;1;2329
;(3, 10);MoveEast;(10, 9);False;1;2330
;(3, 10);MoveEast;(10, 9);False;1;2331
MoveEast;(4, 10);MoveEast;(10, 9);False;1;2332
;(4, 10);MoveEast;(10, 9);False;1;2333
;(4, 10);MoveEast;(11, 9);False;1;2334
MoveEast;(5, 10);MoveEast;(11, 9);False;1;2335
;(5, 10);MoveEast;(11, 9);False;1;2336
;(5, 10);MoveEast;(11, 9);False;1;2337
MoveEast;(6, 10);MoveEast;(11, 9);False;1;2338
;(6, 10);MoveEast;(11, 9);False;1;2339
;(6, 10);MoveEast;(11, 9);False;1;2340
;(6, 10);MoveEast;(11, 9);False;1;2341
;(6, 10);MoveEast;(11, 9);False;1;2342
;(6, 10);MoveEast;(11, 9);False;1;2343
;(6, 10);MoveEast;(11, 9);False;1;2344
;(6, 10);MoveEast;(12, 9);False;1;2345
;(6, 10);MoveEast;(12, 9);False;1;2346
;(6, 10);MoveEast;(12, 9);False;1;2347
;(6, 10);MoveEast;(12, 9);False;1;2348
;(6, 10);MoveEast;(12, 9);False;1;2349
;(6, 10);MoveEast;(12, 9);False;1;2350
;(6, 10);MoveEast;(12, 9);False;1;2351
;(6, 10);MoveEast;(12, 9);False;1;2352
;(6, 10);MoveEast;(12, 9);False;1;2353
;(6, 10);MoveEast;(12, 9);False;1;2354
GrabObject;(6, 10);MoveEast;(12, 9);False;1;2355
;(6, 10);MoveEast;(13, 9);False;1;2356
;(6, 10);;(13, 9);False;1;2357
;(6, 10);;(13, 9);False;1;2358
;(6, 10);;(13, 9);False;1;2359
;(6, 10);;(13, 9);False;1;2360
;(6, 10);;(13, 9);False;1;2361
;(6, 10);;(13, 9);False;1;2362
;(6, 10);;(13, 9);False;1;2363
;(6, 10);;(13, 9);False;1;2364
;(6, 10);;(13, 9);False;1;2365
;(6, 10);;(13, 9);False;1;2366
;(6, 10);;(13, 9);False;1;2367
;(6, 10);;(13, 9);False;1;2368
;(6, 10);;(13, 9);False;1;2369
;(6, 10);;(13, 9);False;1;2370
;(6, 10);;(13, 9);False;1;2371
;(6, 10);;(13, 9);False;1;2372
;(6, 10);;(13, 9);False;1;2373
;(6, 10);;(13, 9);False;1;2374
;(6, 10);;(13, 9);False;1;2375
