human_selector_action;human_selector_location;robot_action;robot_location;robot_executing_cp;world_nr;tick_nr
;(3, 4);;(4, 4);False;1;0
MoveEast;(4, 4);;(4, 4);False;1;1
;(4, 4);Idle;(4, 4);False;1;2
;(4, 4);Idle;(4, 4);False;1;3
;(4, 4);Idle;(4, 4);False;1;4
;(4, 4);Idle;(4, 4);False;1;5
;(4, 4);Idle;(4, 4);False;1;6
GrabObject;(4, 4);Idle;(4, 4);False;1;7
;(4, 4);Idle;(4, 4);False;1;8
;(4, 4);Idle;(4, 4);False;1;9
;(4, 4);Idle;(4, 4);False;1;10
;(4, 4);Idle;(4, 4);False;1;11
;(4, 4);Idle;(4, 4);False;1;12
;(4, 4);Idle;(4, 4);False;1;13
;(4, 4);Idle;(4, 4);False;1;14
;(4, 4);Idle;(4, 4);False;1;15
MoveEast;(5, 4);Idle;(4, 4);False;1;16
;(5, 4);Idle;(4, 4);False;1;17
;(5, 4);Idle;(4, 4);False;1;18
;(5, 4);Idle;(4, 4);False;1;19
MoveEast;(6, 4);Idle;(4, 4);False;1;20
;(6, 4);Idle;(4, 4);False;1;21
;(6, 4);Idle;(4, 4);False;1;22
;(6, 4);Idle;(4, 4);False;1;23
MoveEast;(7, 4);Idle;(4, 4);False;1;24
;(7, 4);Idle;(4, 4);False;1;25
;(7, 4);Idle;(4, 4);False;1;26
;(7, 4);Idle;(4, 4);False;1;27
MoveEast;(8, 4);Idle;(4, 4);False;1;28
;(8, 4);Idle;(4, 4);False;1;29
;(8, 4);Idle;(4, 4);False;1;30
;(8, 4);Idle;(4, 4);False;1;31
MoveSouth;(8, 5);Idle;(4, 4);False;1;32
;(8, 5);Idle;(4, 4);False;1;33
;(8, 5);Idle;(4, 4);False;1;34
;(8, 5);Idle;(4, 4);False;1;35
;(8, 5);Idle;(4, 4);False;1;36
;(8, 5);Idle;(4, 4);False;1;37
;(8, 5);Idle;(4, 4);False;1;38
;(8, 5);Idle;(4, 4);False;1;39
GrabObject;(8, 5);Idle;(4, 4);False;1;40
MoveWest;(7, 5);Idle;(4, 4);False;1;41
;(7, 5);Idle;(4, 4);False;1;42
;(7, 5);Idle;(4, 4);False;1;43
;(7, 5);Idle;(4, 4);False;1;44
MoveWest;(6, 5);Idle;(4, 4);False;1;45
;(6, 5);Idle;(4, 4);False;1;46
;(6, 5);Idle;(4, 4);False;1;47
MoveWest;(5, 5);Idle;(4, 4);False;1;48
;(5, 5);Idle;(4, 4);False;1;49
;(5, 5);Idle;(4, 4);False;1;50
MoveWest;(4, 5);Idle;(4, 4);False;1;51
;(4, 5);Idle;(4, 4);False;1;52
;(4, 5);Idle;(4, 4);False;1;53
MoveWest;(3, 5);Idle;(4, 4);False;1;54
;(3, 5);Idle;(4, 4);False;1;55
;(3, 5);Idle;(4, 4);False;1;56
MoveWest;(2, 5);;(4, 4);False;1;57
;(2, 5);Idle;(4, 4);False;1;58
;(2, 5);Idle;(4, 4);False;1;59
DropObject;(2, 5);Idle;(4, 4);False;1;60
;(2, 5);Idle;(4, 4);False;1;61
;(2, 5);Idle;(4, 4);False;1;62
MoveEast;(3, 5);Idle;(4, 4);False;1;63
;(3, 5);Idle;(4, 4);False;1;64
;(3, 5);Idle;(4, 4);False;1;65
MoveEast;(4, 5);Idle;(4, 4);False;1;66
;(4, 5);Idle;(4, 4);False;1;67
;(4, 5);Idle;(4, 4);False;1;68
MoveEast;(5, 5);Idle;(4, 4);False;1;69
;(5, 5);Idle;(4, 4);False;1;70
;(5, 5);Idle;(4, 4);False;1;71
MoveEast;(6, 5);Idle;(4, 4);False;1;72
;(6, 5);Idle;(4, 4);False;1;73
;(6, 5);Idle;(4, 4);False;1;74
MoveEast;(7, 5);Idle;(4, 4);False;1;75
;(7, 5);Idle;(4, 4);False;1;76
;(7, 5);Idle;(4, 4);False;1;77
;(7, 5);Idle;(4, 4);False;1;78
MoveEast;(8, 5);Idle;(4, 4);False;1;79
;(8, 5);Idle;(4, 4);False;1;80
;(8, 5);Idle;(4, 4);False;1;81
;(8, 5);Idle;(4, 4);False;1;82
MoveEast;(9, 5);Idle;(4, 4);False;1;83
;(9, 5);Idle;(4, 4);False;1;84
;(9, 5);Idle;(4, 4);False;1;85
GrabObject;(9, 5);Idle;(4, 4);False;1;86
MoveWest;(8, 5);Idle;(4, 4);False;1;87
;(8, 5);Idle;(4, 4);False;1;88
;(8, 5);Idle;(4, 4);False;1;89
;(8, 5);Idle;(4, 4);False;1;90
MoveWest;(7, 5);Idle;(4, 4);False;1;91
;(7, 5);Idle;(4, 4);False;1;92
;(7, 5);Idle;(4, 4);False;1;93
MoveWest;(6, 5);Idle;(4, 4);False;1;94
;(6, 5);Idle;(4, 4);False;1;95
;(6, 5);Idle;(4, 4);False;1;96
MoveWest;(5, 5);Idle;(4, 4);False;1;97
;(5, 5);Idle;(4, 4);False;1;98
;(5, 5);Idle;(4, 4);False;1;99
MoveWest;(4, 5);Idle;(4, 4);False;1;100
;(4, 5);Idle;(4, 4);False;1;101
;(4, 5);Idle;(4, 4);False;1;102
MoveWest;(3, 5);Idle;(4, 4);False;1;103
;(3, 5);Idle;(4, 4);False;1;104
;(3, 5);Idle;(4, 4);False;1;105
;(3, 5);Idle;(4, 4);False;1;106
MoveWest;(2, 5);Idle;(4, 4);False;1;107
;(2, 5);Idle;(4, 4);False;1;108
;(2, 5);Idle;(4, 4);False;1;109
DropObject;(2, 5);Idle;(4, 4);False;1;110
;(2, 5);Idle;(4, 4);False;1;111
MoveEast;(3, 5);Idle;(4, 4);False;1;112
;(3, 5);;(4, 4);False;1;113
;(3, 5);Idle;(4, 4);False;1;114
;(3, 5);Idle;(4, 4);False;1;115
MoveEast;(4, 5);Idle;(4, 4);False;1;116
;(4, 5);Idle;(4, 4);False;1;117
;(4, 5);Idle;(4, 4);False;1;118
MoveEast;(5, 5);Idle;(4, 4);False;1;119
;(5, 5);Idle;(4, 4);False;1;120
;(5, 5);Idle;(4, 4);False;1;121
;(5, 5);Idle;(4, 4);False;1;122
MoveEast;(6, 5);Idle;(4, 4);False;1;123
;(6, 5);Idle;(4, 4);False;1;124
;(6, 5);Idle;(4, 4);False;1;125
MoveEast;(7, 5);Idle;(4, 4);False;1;126
;(7, 5);Idle;(4, 4);False;1;127
;(7, 5);Idle;(4, 4);False;1;128
MoveEast;(8, 5);Idle;(4, 4);False;1;129
;(8, 5);Idle;(4, 4);False;1;130
;(8, 5);Idle;(4, 4);False;1;131
;(8, 5);Idle;(4, 4);False;1;132
MoveEast;(9, 5);Idle;(4, 4);False;1;133
;(9, 5);Idle;(4, 4);False;1;134
;(9, 5);Idle;(4, 4);False;1;135
;(9, 5);Idle;(4, 4);False;1;136
;(9, 5);Idle;(4, 4);False;1;137
MoveEast;(10, 5);Idle;(4, 4);False;1;138
MoveNorth;(10, 4);Idle;(4, 4);False;1;139
;(10, 4);Idle;(4, 4);False;1;140
;(10, 4);Idle;(4, 4);False;1;141
;(10, 4);Idle;(4, 4);False;1;142
;(10, 4);Idle;(4, 4);False;1;143
;(10, 4);Idle;(4, 4);False;1;144
;(10, 4);Idle;(4, 4);False;1;145
MoveEast;(11, 4);Idle;(4, 4);False;1;146
;(11, 4);Idle;(4, 4);False;1;147
;(11, 4);Idle;(4, 4);False;1;148
;(11, 4);Idle;(4, 4);False;1;149
;(11, 4);Idle;(4, 4);False;1;150
;(11, 4);Idle;(4, 4);False;1;151
;(11, 4);Idle;(4, 4);False;1;152
;(11, 4);Idle;(4, 4);False;1;153
;(11, 4);Idle;(4, 4);False;1;154
;(11, 4);Idle;(4, 4);False;1;155
;(11, 4);Idle;(4, 4);False;1;156
;(11, 4);Idle;(4, 4);False;1;157
;(11, 4);Idle;(4, 4);False;1;158
MoveWest;(10, 4);Idle;(4, 4);False;1;159
;(10, 4);Idle;(4, 4);False;1;160
;(10, 4);Idle;(4, 4);False;1;161
GrabObject;(10, 4);Idle;(4, 4);False;1;162
;(10, 4);Idle;(4, 4);False;1;163
;(10, 4);Idle;(4, 4);False;1;164
MoveWest;(9, 4);Idle;(4, 4);False;1;165
;(9, 4);Idle;(4, 4);False;1;166
;(9, 4);Idle;(4, 4);False;1;167
MoveWest;(8, 4);Idle;(4, 4);False;1;168
;(8, 4);;(4, 4);False;1;169
;(8, 4);Idle;(4, 4);False;1;170
;(8, 4);Idle;(4, 4);False;1;171
MoveWest;(7, 4);Idle;(4, 4);False;1;172
;(7, 4);Idle;(4, 4);False;1;173
MoveWest;(6, 4);Idle;(4, 4);False;1;174
;(6, 4);Idle;(4, 4);False;1;175
;(6, 4);Idle;(4, 4);False;1;176
;(6, 4);Idle;(4, 4);False;1;177
MoveWest;(5, 4);Idle;(4, 4);False;1;178
;(5, 4);Idle;(4, 4);False;1;179
;(5, 4);Idle;(4, 4);False;1;180
;(5, 4);Idle;(4, 4);False;1;181
MoveWest;(4, 4);Idle;(4, 4);False;1;182
;(4, 4);Idle;(4, 4);False;1;183
;(4, 4);Idle;(4, 4);False;1;184
;(4, 4);Idle;(4, 4);False;1;185
MoveWest;(3, 4);Idle;(4, 4);False;1;186
;(3, 4);Idle;(4, 4);False;1;187
;(3, 4);Idle;(4, 4);False;1;188
MoveWest;(2, 4);Idle;(4, 4);False;1;189
;(2, 4);Idle;(4, 4);False;1;190
;(2, 4);Idle;(4, 4);False;1;191
DropObject;(2, 4);Idle;(4, 4);False;1;192
;(2, 4);Idle;(4, 4);False;1;193
MoveEast;(3, 4);Idle;(4, 4);False;1;194
;(3, 4);Idle;(4, 4);False;1;195
;(3, 4);Idle;(4, 4);False;1;196
;(3, 4);Idle;(4, 4);False;1;197
MoveEast;(4, 4);Idle;(4, 4);False;1;198
;(4, 4);Idle;(4, 4);False;1;199
;(4, 4);Idle;(4, 4);False;1;200
MoveEast;(5, 4);Idle;(4, 4);False;1;201
;(5, 4);Idle;(4, 4);False;1;202
;(5, 4);Idle;(4, 4);False;1;203
MoveEast;(6, 4);Idle;(4, 4);False;1;204
;(6, 4);Idle;(4, 4);False;1;205
;(6, 4);Idle;(4, 4);False;1;206
;(6, 4);Idle;(4, 4);False;1;207
MoveEast;(7, 4);Idle;(4, 4);False;1;208
;(7, 4);Idle;(4, 4);False;1;209
;(7, 4);Idle;(4, 4);False;1;210
MoveEast;(8, 4);Idle;(4, 4);False;1;211
;(8, 4);Idle;(4, 4);False;1;212
;(8, 4);Idle;(4, 4);False;1;213
MoveEast;(9, 4);Idle;(4, 4);False;1;214
;(9, 4);Idle;(4, 4);False;1;215
;(9, 4);Idle;(4, 4);False;1;216
;(9, 4);Idle;(4, 4);False;1;217
MoveEast;(10, 4);Idle;(4, 4);False;1;218
;(10, 4);Idle;(4, 4);False;1;219
;(10, 4);Idle;(4, 4);False;1;220
;(10, 4);Idle;(4, 4);False;1;221
GrabObject;(10, 4);Idle;(4, 4);False;1;222
;(10, 4);Idle;(4, 4);False;1;223
MoveWest;(9, 4);Idle;(4, 4);False;1;224
;(9, 4);;(4, 4);False;1;225
;(9, 4);MoveEast;(4, 4);False;1;226
;(9, 4);MoveEast;(4, 4);False;1;227
MoveWest;(8, 4);MoveEast;(4, 4);False;1;228
;(8, 4);MoveEast;(4, 4);False;1;229
;(8, 4);MoveEast;(4, 4);False;1;230
MoveWest;(7, 4);MoveEast;(4, 4);False;1;231
;(7, 4);MoveEast;(4, 4);False;1;232
;(7, 4);MoveEast;(4, 4);False;1;233
MoveWest;(6, 4);MoveEast;(4, 4);False;1;234
;(6, 4);MoveEast;(4, 4);False;1;235
;(6, 4);MoveEast;(5, 4);False;1;236
MoveWest;(5, 4);MoveEast;(5, 4);False;1;237
;(5, 4);MoveEast;(5, 4);False;1;238
;(5, 4);MoveEast;(5, 4);False;1;239
;(5, 4);MoveEast;(5, 4);False;1;240
MoveWest;(4, 4);MoveEast;(5, 4);False;1;241
;(4, 4);MoveEast;(5, 4);False;1;242
;(4, 4);MoveEast;(5, 4);False;1;243
;(4, 4);MoveEast;(5, 4);False;1;244
MoveWest;(3, 4);MoveEast;(5, 4);False;1;245
;(3, 4);MoveEast;(5, 4);False;1;246
;(3, 4);MoveEast;(6, 4);False;1;247
;(3, 4);MoveEast;(6, 4);False;1;248
MoveWest;(2, 4);MoveEast;(6, 4);False;1;249
;(2, 4);MoveEast;(6, 4);False;1;250
;(2, 4);MoveEast;(6, 4);False;1;251
DropObject;(2, 4);MoveEast;(6, 4);False;1;252
;(2, 4);MoveEast;(6, 4);False;1;253
MoveEast;(3, 4);MoveEast;(6, 4);False;1;254
;(3, 4);MoveEast;(6, 4);False;1;255
;(3, 4);MoveEast;(6, 4);False;1;256
MoveEast;(4, 4);MoveEast;(6, 4);False;1;257
;(4, 4);MoveEast;(7, 4);False;1;258
;(4, 4);MoveEast;(7, 4);False;1;259
MoveEast;(5, 4);MoveEast;(7, 4);False;1;260
;(5, 4);MoveEast;(7, 4);False;1;261
;(5, 4);MoveEast;(7, 4);False;1;262
;(5, 4);MoveEast;(7, 4);False;1;263
MoveEast;(6, 4);MoveEast;(7, 4);False;1;264
;(6, 4);MoveEast;(7, 4);False;1;265
;(6, 4);MoveEast;(7, 4);False;1;266
;(6, 4);MoveEast;(7, 4);False;1;267
MoveEast;(7, 4);MoveEast;(7, 4);False;1;268
;(7, 4);MoveEast;(8, 4);False;1;269
;(7, 4);MoveEast;(8, 4);False;1;270
;(7, 4);MoveEast;(8, 4);False;1;271
MoveEast;(8, 4);MoveEast;(8, 4);False;1;272
;(8, 4);MoveEast;(8, 4);False;1;273
;(8, 4);MoveEast;(8, 4);False;1;274
MoveEast;(9, 4);MoveEast;(8, 4);False;1;275
;(9, 4);MoveEast;(8, 4);False;1;276
;(9, 4);MoveEast;(8, 4);False;1;277
;(9, 4);MoveEast;(8, 4);False;1;278
MoveEast;(10, 4);MoveEast;(8, 4);False;1;279
;(10, 4);MoveEast;(9, 4);False;1;280
;(10, 4);MoveEast;(9, 4);False;1;281
MoveEast;(11, 4);MoveEast;(9, 4);False;1;282
;(11, 4);MoveEast;(9, 4);False;1;283
;(11, 4);MoveEast;(9, 4);False;1;284
;(11, 4);MoveEast;(9, 4);False;1;285
;(11, 4);MoveEast;(9, 4);False;1;286
;(11, 4);MoveEast;(9, 4);False;1;287
;(11, 4);MoveEast;(9, 4);False;1;288
;(11, 4);MoveEast;(9, 4);False;1;289
;(11, 4);MoveEast;(9, 4);False;1;290
;(11, 4);MoveEast;(10, 4);False;1;291
GrabObject;(11, 4);GrabObject;(10, 4);False;1;292
MoveWest;(10, 4);GrabObject;(10, 4);False;1;293
;(10, 4);GrabObject;(10, 4);False;1;294
;(10, 4);GrabObject;(10, 4);False;1;295
;(10, 4);GrabObject;(10, 4);False;1;296
MoveWest;(9, 4);GrabObject;(10, 4);False;1;297
;(9, 4);GrabObject;(10, 4);False;1;298
;(9, 4);GrabObject;(10, 4);False;1;299
MoveWest;(8, 4);GrabObject;(10, 4);False;1;300
;(8, 4);GrabObject;(10, 4);False;1;301
;(8, 4);GrabObject;(10, 4);False;1;302
;(8, 4);;(10, 4);False;1;303
MoveWest;(7, 4);Idle;(10, 4);False;1;304
;(7, 4);Idle;(10, 4);False;1;305
;(7, 4);Idle;(10, 4);False;1;306
MoveWest;(6, 4);Idle;(10, 4);False;1;307
;(6, 4);Idle;(10, 4);False;1;308
;(6, 4);Idle;(10, 4);False;1;309
MoveWest;(5, 4);Idle;(10, 4);False;1;310
;(5, 4);Idle;(10, 4);False;1;311
;(5, 4);Idle;(10, 4);False;1;312
;(5, 4);Idle;(10, 4);False;1;313
MoveWest;(4, 4);Idle;(10, 4);False;1;314
;(4, 4);Idle;(10, 4);False;1;315
;(4, 4);Idle;(10, 4);False;1;316
MoveWest;(3, 4);Idle;(10, 4);False;1;317
;(3, 4);Idle;(10, 4);False;1;318
;(3, 4);Idle;(10, 4);False;1;319
;(3, 4);Idle;(10, 4);False;1;320
;(3, 4);Idle;(10, 4);False;1;321
;(3, 4);Idle;(10, 4);False;1;322
DropObject;(3, 4);Idle;(10, 4);False;1;323
;(3, 4);Idle;(10, 4);False;1;324
MoveEast;(4, 4);Idle;(10, 4);False;1;325
;(4, 4);Idle;(10, 4);False;1;326
;(4, 4);Idle;(10, 4);False;1;327
;(4, 4);Idle;(10, 4);False;1;328
;(4, 4);Idle;(10, 4);False;1;329
MoveSouth;(4, 5);Idle;(10, 4);False;1;330
;(4, 5);Idle;(10, 4);False;1;331
;(4, 5);Idle;(10, 4);False;1;332
;(4, 5);Idle;(10, 4);False;1;333
MoveSouth;(4, 6);Idle;(10, 4);False;1;334
;(4, 6);Idle;(10, 4);False;1;335
;(4, 6);Idle;(10, 4);False;1;336
;(4, 6);Idle;(10, 4);False;1;337
MoveSouth;(4, 7);Idle;(10, 4);False;1;338
;(4, 7);Idle;(10, 4);False;1;339
;(4, 7);Idle;(10, 4);False;1;340
MoveSouth;(4, 8);Idle;(10, 4);False;1;341
;(4, 8);Idle;(10, 4);False;1;342
;(4, 8);Idle;(10, 4);False;1;343
;(4, 8);Idle;(10, 4);False;1;344
MoveSouth;(4, 9);Idle;(10, 4);False;1;345
;(4, 9);Idle;(10, 4);False;1;346
;(4, 9);Idle;(10, 4);False;1;347
MoveEast;(5, 9);Idle;(10, 4);False;1;348
;(5, 9);Idle;(10, 4);False;1;349
;(5, 9);Idle;(10, 4);False;1;350
;(5, 9);Idle;(10, 4);False;1;351
MoveEast;(6, 9);Idle;(10, 4);False;1;352
;(6, 9);Idle;(10, 4);False;1;353
;(6, 9);Idle;(10, 4);False;1;354
;(6, 9);Idle;(10, 4);False;1;355
;(6, 9);Idle;(10, 4);False;1;356
;(6, 9);Idle;(10, 4);False;1;357
;(6, 9);Idle;(10, 4);False;1;358
;(6, 9);;(10, 4);False;1;359
;(6, 9);Idle;(10, 4);False;1;360
MoveEast;(7, 9);Idle;(10, 4);False;1;361
;(7, 9);Idle;(10, 4);False;1;362
;(7, 9);Idle;(10, 4);False;1;363
;(7, 9);Idle;(10, 4);False;1;364
GrabObject;(7, 9);Idle;(10, 4);False;1;365
;(7, 9);Idle;(10, 4);False;1;366
;(7, 9);Idle;(10, 4);False;1;367
MoveWest;(6, 9);Idle;(10, 4);False;1;368
;(6, 9);Idle;(10, 4);False;1;369
;(6, 9);Idle;(10, 4);False;1;370
;(6, 9);Idle;(10, 4);False;1;371
MoveWest;(5, 9);Idle;(10, 4);False;1;372
;(5, 9);Idle;(10, 4);False;1;373
;(5, 9);Idle;(10, 4);False;1;374
MoveWest;(4, 9);Idle;(10, 4);False;1;375
;(4, 9);Idle;(10, 4);False;1;376
;(4, 9);Idle;(10, 4);False;1;377
;(4, 9);Idle;(10, 4);False;1;378
MoveWest;(3, 9);Idle;(10, 4);False;1;379
;(3, 9);Idle;(10, 4);False;1;380
;(3, 9);Idle;(10, 4);False;1;381
MoveWest;(2, 9);Idle;(10, 4);False;1;382
;(2, 9);Idle;(10, 4);False;1;383
;(2, 9);Idle;(10, 4);False;1;384
MoveWest;(1, 9);Idle;(10, 4);False;1;385
;(1, 9);Idle;(10, 4);False;1;386
;(1, 9);Idle;(10, 4);False;1;387
DropObject;(1, 9);Idle;(10, 4);False;1;388
;(1, 9);Idle;(10, 4);False;1;389
;(1, 9);Idle;(10, 4);False;1;390
MoveEast;(2, 9);Idle;(10, 4);False;1;391
;(2, 9);Idle;(10, 4);False;1;392
;(2, 9);Idle;(10, 4);False;1;393
MoveEast;(3, 9);Idle;(10, 4);False;1;394
;(3, 9);Idle;(10, 4);False;1;395
;(3, 9);Idle;(10, 4);False;1;396
;(3, 9);Idle;(10, 4);False;1;397
;(3, 9);Idle;(10, 4);False;1;398
MoveEast;(4, 9);Idle;(10, 4);False;1;399
;(4, 9);Idle;(10, 4);False;1;400
;(4, 9);Idle;(10, 4);False;1;401
MoveSouth;(4, 10);Idle;(10, 4);False;1;402
;(4, 10);Idle;(10, 4);False;1;403
;(4, 10);Idle;(10, 4);False;1;404
;(4, 10);Idle;(10, 4);False;1;405
MoveEast;(5, 10);Idle;(10, 4);False;1;406
;(5, 10);Idle;(10, 4);False;1;407
;(5, 10);Idle;(10, 4);False;1;408
;(5, 10);Idle;(10, 4);False;1;409
MoveEast;(6, 10);Idle;(10, 4);False;1;410
;(6, 10);Idle;(10, 4);False;1;411
;(6, 10);Idle;(10, 4);False;1;412
;(6, 10);Idle;(10, 4);False;1;413
;(6, 10);Idle;(10, 4);False;1;414
GrabObject;(6, 10);;(10, 4);False;1;415
;(6, 10);MoveSouthEast;(10, 4);False;1;416
;(6, 10);MoveSouthEast;(10, 4);False;1;417
MoveWest;(5, 10);MoveSouthEast;(10, 4);False;1;418
;(5, 10);MoveSouthEast;(10, 4);False;1;419
;(5, 10);MoveSouthEast;(10, 4);False;1;420
;(5, 10);MoveSouthEast;(10, 4);False;1;421
MoveWest;(4, 10);MoveSouthEast;(10, 4);False;1;422
;(4, 10);MoveSouthEast;(10, 4);False;1;423
;(4, 10);MoveSouthEast;(10, 4);False;1;424
MoveWest;(3, 10);MoveSouthEast;(10, 4);False;1;425
;(3, 10);MoveSouthEast;(11, 5);False;1;426
;(3, 10);MoveEast;(11, 5);False;1;427
;(3, 10);MoveEast;(11, 5);False;1;428
MoveWest;(2, 10);MoveEast;(11, 5);False;1;429
;(2, 10);MoveEast;(11, 5);False;1;430
;(2, 10);MoveEast;(11, 5);False;1;431
;(2, 10);MoveEast;(11, 5);False;1;432
MoveWest;(1, 10);MoveEast;(11, 5);False;1;433
;(1, 10);MoveEast;(11, 5);False;1;434
;(1, 10);MoveEast;(11, 5);False;1;435
DropObject;(1, 10);MoveEast;(11, 5);False;1;436
;(1, 10);MoveEast;(12, 5);False;1;437
MoveEast;(2, 10);MoveSouthEast;(12, 5);False;1;438
;(2, 10);MoveSouthEast;(12, 5);False;1;439
;(2, 10);MoveSouthEast;(12, 5);False;1;440
;(2, 10);MoveSouthEast;(12, 5);False;1;441
;(2, 10);MoveSouthEast;(12, 5);False;1;442
MoveEast;(3, 10);MoveSouthEast;(12, 5);False;1;443
;(3, 10);MoveSouthEast;(12, 5);False;1;444
;(3, 10);MoveSouthEast;(12, 5);False;1;445
MoveEast;(4, 10);MoveSouthEast;(12, 5);False;1;446
;(4, 10);MoveSouthEast;(12, 5);False;1;447
;(4, 10);MoveSouthEast;(13, 6);False;1;448
;(4, 10);GrabObject;(13, 6);False;1;449
MoveEast;(5, 10);GrabObject;(13, 6);False;1;450
;(5, 10);GrabObject;(13, 6);False;1;451
;(5, 10);GrabObject;(13, 6);False;1;452
MoveEast;(6, 10);GrabObject;(13, 6);False;1;453
;(6, 10);GrabObject;(13, 6);False;1;454
;(6, 10);GrabObject;(13, 6);False;1;455
;(6, 10);GrabObject;(13, 6);False;1;456
MoveEast;(7, 10);GrabObject;(13, 6);False;1;457
;(7, 10);GrabObject;(13, 6);False;1;458
;(7, 10);GrabObject;(13, 6);False;1;459
;(7, 10);;(13, 6);False;1;460
;(7, 10);MoveSouth;(13, 6);False;1;461
;(7, 10);MoveSouth;(13, 6);False;1;462
GrabObject;(7, 10);MoveSouth;(13, 6);False;1;463
;(7, 10);MoveSouth;(13, 6);False;1;464
;(7, 10);MoveSouth;(13, 6);False;1;465
MoveWest;(6, 10);MoveSouth;(13, 6);False;1;466
;(6, 10);MoveSouth;(13, 6);False;1;467
;(6, 10);MoveSouth;(13, 6);False;1;468
MoveWest;(5, 10);MoveSouth;(13, 6);False;1;469
;(5, 10);MoveSouth;(13, 6);False;1;470
;(5, 10);MoveSouth;(13, 7);False;1;471
;(5, 10);GrabObject;(13, 7);False;1;472
MoveWest;(4, 10);GrabObject;(13, 7);False;1;473
;(4, 10);GrabObject;(13, 7);False;1;474
;(4, 10);GrabObject;(13, 7);False;1;475
;(4, 10);GrabObject;(13, 7);False;1;476
MoveWest;(3, 10);GrabObject;(13, 7);False;1;477
;(3, 10);GrabObject;(13, 7);False;1;478
;(3, 10);GrabObject;(13, 7);False;1;479
;(3, 10);GrabObject;(13, 7);False;1;480
MoveWest;(2, 10);GrabObject;(13, 7);False;1;481
;(2, 10);GrabObject;(13, 7);False;1;482
;(2, 10);;(13, 7);False;1;483
;(2, 10);MoveWest;(13, 7);False;1;484
DropObject;(2, 10);MoveWest;(13, 7);False;1;485
;(2, 10);MoveWest;(13, 7);False;1;486
;(2, 10);MoveWest;(13, 7);False;1;487
MoveEast;(3, 10);MoveWest;(13, 7);False;1;488
;(3, 10);MoveWest;(13, 7);False;1;489
;(3, 10);MoveWest;(13, 7);False;1;490
;(3, 10);MoveWest;(13, 7);False;1;491
MoveEast;(4, 10);MoveWest;(13, 7);False;1;492
;(4, 10);MoveWest;(13, 7);False;1;493
;(4, 10);MoveWest;(12, 7);False;1;494
;(4, 10);MoveSouthWest;(12, 7);False;1;495
MoveEast;(5, 10);MoveSouthWest;(12, 7);False;1;496
;(5, 10);MoveSouthWest;(12, 7);False;1;497
;(5, 10);MoveSouthWest;(12, 7);False;1;498
MoveEast;(6, 10);MoveSouthWest;(12, 7);False;1;499
;(6, 10);MoveSouthWest;(12, 7);False;1;500
;(6, 10);MoveSouthWest;(12, 7);False;1;501
;(6, 10);MoveSouthWest;(12, 7);False;1;502
MoveEast;(7, 10);MoveSouthWest;(12, 7);False;1;503
;(7, 10);MoveSouthWest;(12, 7);False;1;504
;(7, 10);MoveSouthWest;(11, 8);False;1;505
MoveEast;(8, 10);MoveWest;(11, 8);False;1;506
;(8, 10);MoveWest;(11, 8);False;1;507
;(8, 10);MoveWest;(11, 8);False;1;508
;(8, 10);MoveWest;(11, 8);False;1;509
;(8, 10);MoveWest;(11, 8);False;1;510
MoveEast;(9, 10);MoveWest;(11, 8);False;1;511
;(9, 10);MoveWest;(11, 8);False;1;512
;(9, 10);MoveWest;(11, 8);False;1;513
MoveEast;(10, 10);MoveWest;(11, 8);False;1;514
;(10, 10);MoveWest;(11, 8);False;1;515
;(10, 10);MoveWest;(10, 8);False;1;516
;(10, 10);MoveWest;(10, 8);False;1;517
MoveEast;(11, 10);MoveWest;(10, 8);False;1;518
;(11, 10);MoveWest;(10, 8);False;1;519
;(11, 10);MoveWest;(10, 8);False;1;520
;(11, 10);MoveWest;(10, 8);False;1;521
MoveEast;(12, 10);MoveWest;(10, 8);False;1;522
;(12, 10);MoveWest;(10, 8);False;1;523
;(12, 10);MoveWest;(10, 8);False;1;524
;(12, 10);MoveWest;(10, 8);False;1;525
MoveEast;(13, 10);MoveWest;(10, 8);False;1;526
;(13, 10);MoveWest;(9, 8);False;1;527
;(13, 10);MoveSouthWest;(9, 8);False;1;528
;(13, 10);MoveSouthWest;(9, 8);False;1;529
MoveEast;(14, 10);MoveSouthWest;(9, 8);False;1;530
;(14, 10);MoveSouthWest;(9, 8);False;1;531
;(14, 10);MoveSouthWest;(9, 8);False;1;532
;(14, 10);MoveSouthWest;(9, 8);False;1;533
;(14, 10);MoveSouthWest;(9, 8);False;1;534
GrabObject;(14, 10);MoveSouthWest;(9, 8);False;1;535
;(14, 10);MoveSouthWest;(9, 8);False;1;536
;(14, 10);MoveSouthWest;(9, 8);False;1;537
MoveEast;(15, 10);MoveSouthWest;(8, 9);False;1;538
;(15, 10);GrabObject;(8, 9);False;1;539
;(15, 10);GrabObject;(8, 9);False;1;540
;(15, 10);GrabObject;(8, 9);False;1;541
MoveEast;(16, 10);GrabObject;(8, 9);False;1;542
;(16, 10);GrabObject;(8, 9);False;1;543
;(16, 10);GrabObject;(8, 9);False;1;544
MoveEast;(17, 10);GrabObject;(8, 9);False;1;545
;(17, 10);GrabObject;(8, 9);False;1;546
DropObject;(17, 10);GrabObject;(8, 9);False;1;547
;(17, 10);GrabObject;(8, 9);False;1;548
;(17, 10);GrabObject;(8, 9);False;1;549
MoveWest;(16, 10);;(8, 9);False;1;550
;(16, 10);MoveEast;(8, 9);False;1;551
;(16, 10);MoveEast;(8, 9);False;1;552
;(16, 10);MoveEast;(8, 9);False;1;553
MoveWest;(15, 10);MoveEast;(8, 9);False;1;554
;(15, 10);MoveEast;(8, 9);False;1;555
;(15, 10);MoveEast;(8, 9);False;1;556
MoveWest;(14, 10);MoveEast;(8, 9);False;1;557
;(14, 10);MoveEast;(8, 9);False;1;558
;(14, 10);MoveEast;(8, 9);False;1;559
;(14, 10);MoveEast;(8, 9);False;1;560
MoveWest;(13, 10);MoveEast;(9, 9);False;1;561
;(13, 10);MoveEast;(9, 9);False;1;562
;(13, 10);MoveEast;(9, 9);False;1;563
;(13, 10);MoveEast;(9, 9);False;1;564
;(13, 10);MoveEast;(9, 9);False;1;565
;(13, 10);MoveEast;(9, 9);False;1;566
;(13, 10);MoveEast;(9, 9);False;1;567
;(13, 10);MoveEast;(9, 9);False;1;568
;(13, 10);MoveEast;(9, 9);False;1;569
;(13, 10);MoveEast;(9, 9);False;1;570
;(13, 10);MoveEast;(9, 9);False;1;571
GrabObject;(13, 10);MoveEast;(10, 9);False;1;572
;(13, 10);GrabObject;(10, 9);False;1;573
;(13, 10);GrabObject;(10, 9);False;1;574
;(13, 10);GrabObject;(10, 9);False;1;575
;(13, 10);GrabObject;(10, 9);False;1;576
;(13, 10);GrabObject;(10, 9);False;1;577
MoveEast;(14, 10);GrabObject;(10, 9);False;1;578
;(14, 10);GrabObject;(10, 9);False;1;579
MoveEast;(15, 10);GrabObject;(10, 9);False;1;580
;(15, 10);GrabObject;(10, 9);False;1;581
;(15, 10);GrabObject;(10, 9);False;1;582
;(15, 10);GrabObject;(10, 9);False;1;583
MoveEast;(16, 10);;(10, 9);False;1;584
;(16, 10);MoveWest;(10, 9);False;1;585
;(16, 10);MoveWest;(10, 9);False;1;586
MoveEast;(17, 10);MoveWest;(10, 9);False;1;587
;(17, 10);MoveWest;(10, 9);False;1;588
DropObject;(17, 10);MoveWest;(10, 9);False;1;589
;(17, 10);MoveWest;(10, 9);False;1;590
;(17, 10);MoveWest;(10, 9);False;1;591
MoveWest;(16, 10);MoveWest;(10, 9);False;1;592
;(16, 10);MoveWest;(10, 9);False;1;593
;(16, 10);MoveWest;(10, 9);False;1;594
MoveWest;(15, 10);MoveWest;(9, 9);False;1;595
;(15, 10);MoveWest;(9, 9);False;1;596
;(15, 10);MoveWest;(9, 9);False;1;597
;(15, 10);MoveWest;(9, 9);False;1;598
;(15, 10);MoveWest;(9, 9);False;1;599
MoveWest;(14, 10);MoveWest;(9, 9);False;1;600
;(14, 10);MoveWest;(9, 9);False;1;601
;(14, 10);MoveWest;(9, 9);False;1;602
MoveWest;(13, 10);MoveWest;(9, 9);False;1;603
;(13, 10);MoveWest;(9, 9);False;1;604
;(13, 10);MoveWest;(9, 9);False;1;605
;(13, 10);MoveWest;(8, 9);False;1;606
MoveWest;(12, 10);MoveWest;(8, 9);False;1;607
;(12, 10);MoveWest;(8, 9);False;1;608
;(12, 10);MoveWest;(8, 9);False;1;609
MoveWest;(11, 10);MoveWest;(8, 9);False;1;610
;(11, 10);MoveWest;(8, 9);False;1;611
;(11, 10);MoveWest;(8, 9);False;1;612
;(11, 10);MoveWest;(8, 9);False;1;613
MoveWest;(10, 10);MoveWest;(8, 9);False;1;614
;(10, 10);MoveWest;(8, 9);False;1;615
;(10, 10);MoveWest;(8, 9);False;1;616
MoveNorth;(10, 9);MoveWest;(7, 9);False;1;617
;(10, 9);MoveWest;(7, 9);False;1;618
;(10, 9);MoveWest;(7, 9);False;1;619
;(10, 9);MoveWest;(7, 9);False;1;620
;(10, 9);MoveWest;(7, 9);False;1;621
;(10, 9);MoveWest;(7, 9);False;1;622
;(10, 9);MoveWest;(7, 9);False;1;623
;(10, 9);MoveWest;(7, 9);False;1;624
;(10, 9);MoveWest;(7, 9);False;1;625
MoveWest;(9, 9);MoveWest;(7, 9);False;1;626
;(9, 9);MoveWest;(7, 9);False;1;627
;(9, 9);MoveWest;(6, 9);False;1;628
MoveWest;(8, 9);MoveWest;(6, 9);False;1;629
;(8, 9);MoveWest;(6, 9);False;1;630
;(8, 9);MoveWest;(6, 9);False;1;631
;(8, 9);MoveWest;(6, 9);False;1;632
;(8, 9);MoveWest;(6, 9);False;1;633
MoveSouth;(8, 10);MoveWest;(6, 9);False;1;634
;(8, 10);MoveWest;(6, 9);False;1;635
;(8, 10);MoveWest;(6, 9);False;1;636
;(8, 10);MoveWest;(6, 9);False;1;637
;(8, 10);MoveWest;(6, 9);False;1;638
;(8, 10);MoveWest;(5, 9);False;1;639
;(8, 10);MoveNorthWest;(5, 9);False;1;640
;(8, 10);MoveNorthWest;(5, 9);False;1;641
;(8, 10);MoveNorthWest;(5, 9);False;1;642
;(8, 10);MoveNorthWest;(5, 9);False;1;643
;(8, 10);MoveNorthWest;(5, 9);False;1;644
;(8, 10);MoveNorthWest;(5, 9);False;1;645
MoveNorth;(8, 9);MoveNorthWest;(5, 9);False;1;646
;(8, 9);MoveNorthWest;(5, 9);False;1;647
;(8, 9);MoveNorthWest;(5, 9);False;1;648
;(8, 9);MoveNorthWest;(5, 9);False;1;649
;(8, 9);MoveNorthWest;(4, 8);False;1;650
;(8, 9);MoveWest;(4, 8);False;1;651
;(8, 9);MoveWest;(4, 8);False;1;652
;(8, 9);MoveWest;(4, 8);False;1;653
;(8, 9);MoveWest;(4, 8);False;1;654
;(8, 9);MoveWest;(4, 8);False;1;655
;(8, 9);MoveWest;(4, 8);False;1;656
;(8, 9);MoveWest;(4, 8);False;1;657
;(8, 9);MoveWest;(4, 8);False;1;658
;(8, 9);MoveWest;(4, 8);False;1;659
;(8, 9);MoveWest;(4, 8);False;1;660
;(8, 9);MoveWest;(3, 8);False;1;661
;(8, 9);MoveNorthWest;(3, 8);False;1;662
;(8, 9);MoveNorthWest;(3, 8);False;1;663
;(8, 9);MoveNorthWest;(3, 8);False;1;664
;(8, 9);MoveNorthWest;(3, 8);False;1;665
;(8, 9);MoveNorthWest;(3, 8);False;1;666
;(8, 9);MoveNorthWest;(3, 8);False;1;667
;(8, 9);MoveNorthWest;(3, 8);False;1;668
;(8, 9);MoveNorthWest;(3, 8);False;1;669
;(8, 9);MoveNorthWest;(3, 8);False;1;670
;(8, 9);MoveNorthWest;(3, 8);False;1;671
;(8, 9);MoveNorthWest;(2, 7);False;1;672
;(8, 9);MoveWest;(2, 7);False;1;673
;(8, 9);MoveWest;(2, 7);False;1;674
;(8, 9);MoveWest;(2, 7);False;1;675
;(8, 9);MoveWest;(2, 7);False;1;676
;(8, 9);MoveWest;(2, 7);False;1;677
;(8, 9);MoveWest;(2, 7);False;1;678
;(8, 9);MoveWest;(2, 7);False;1;679
;(8, 9);MoveWest;(2, 7);False;1;680
;(8, 9);MoveWest;(2, 7);False;1;681
;(8, 9);MoveWest;(2, 7);False;1;682
;(8, 9);MoveWest;(1, 7);False;1;683
;(8, 9);DropObject;(1, 7);False;1;684
;(8, 9);DropObject;(1, 7);False;1;685
;(8, 9);DropObject;(1, 7);False;1;686
;(8, 9);DropObject;(1, 7);False;1;687
;(8, 9);DropObject;(1, 7);False;1;688
;(8, 9);DropObject;(1, 7);False;1;689
;(8, 9);DropObject;(1, 7);False;1;690
;(8, 9);DropObject;(1, 7);False;1;691
;(8, 9);DropObject;(1, 7);False;1;692
;(8, 9);DropObject;(1, 7);False;1;693
;(8, 9);DropObject;(1, 7);False;1;694
;(8, 9);DropObject;(1, 7);False;1;695
;(8, 9);DropObject;(1, 7);False;1;696
;(8, 9);DropObject;(1, 7);False;1;697
;(8, 9);DropObject;(1, 7);False;1;698
;(8, 9);DropObject;(1, 7);False;1;699
MoveNorth;(8, 8);DropObject;(1, 7);False;1;700
;(8, 8);DropObject;(1, 7);False;1;701
;(8, 8);DropObject;(1, 7);False;1;702
;(8, 8);DropObject;(1, 7);False;1;703
;(8, 8);DropObject;(1, 7);False;1;704
;(8, 8);DropObject;(1, 7);False;1;705
;(8, 8);DropObject;(1, 7);False;1;706
;(8, 8);DropObject;(1, 7);False;1;707
;(8, 8);DropObject;(1, 7);False;1;708
;(8, 8);DropObject;(1, 7);False;1;709
;(8, 8);DropObject;(1, 7);False;1;710
;(8, 8);DropObject;(1, 7);False;1;711
;(8, 8);DropObject;(1, 7);False;1;712
;(8, 8);DropObject;(1, 7);False;1;713
;(8, 8);DropObject;(1, 7);False;1;714
;(8, 8);DropObject;(1, 7);False;1;715
;(8, 8);DropObject;(1, 7);False;1;716
;(8, 8);DropObject;(1, 7);False;1;717
;(8, 8);DropObject;(1, 7);False;1;718
;(8, 8);DropObject;(1, 7);False;1;719
;(8, 8);DropObject;(1, 7);False;1;720
;(8, 8);DropObject;(1, 7);False;1;721
;(8, 8);DropObject;(1, 7);False;1;722
;(8, 8);DropObject;(1, 7);False;1;723
;(8, 8);DropObject;(1, 7);False;1;724
;(8, 8);DropObject;(1, 7);False;1;725
;(8, 8);DropObject;(1, 7);False;1;726
;(8, 8);DropObject;(1, 7);False;1;727
;(8, 8);DropObject;(1, 7);False;1;728
;(8, 8);DropObject;(1, 7);False;1;729
;(8, 8);DropObject;(1, 7);False;1;730
;(8, 8);DropObject;(1, 7);False;1;731
;(8, 8);DropObject;(1, 7);False;1;732
;(8, 8);DropObject;(1, 7);False;1;733
;(8, 8);DropObject;(1, 7);False;1;734
;(8, 8);DropObject;(1, 7);False;1;735
;(8, 8);DropObject;(1, 7);False;1;736
;(8, 8);DropObject;(1, 7);False;1;737
;(8, 8);DropObject;(1, 7);False;1;738
;(8, 8);;(1, 7);False;1;739
;(8, 8);MoveEast;(1, 7);False;1;740
;(8, 8);MoveEast;(1, 7);False;1;741
;(8, 8);MoveEast;(1, 7);False;1;742
;(8, 8);MoveEast;(1, 7);False;1;743
;(8, 8);MoveEast;(1, 7);False;1;744
;(8, 8);MoveEast;(1, 7);False;1;745
;(8, 8);MoveEast;(1, 7);False;1;746
;(8, 8);MoveEast;(1, 7);False;1;747
;(8, 8);MoveEast;(1, 7);False;1;748
;(8, 8);MoveEast;(1, 7);False;1;749
;(8, 8);MoveEast;(2, 7);False;1;750
;(8, 8);MoveEast;(2, 7);False;1;751
;(8, 8);MoveEast;(2, 7);False;1;752
;(8, 8);MoveEast;(2, 7);False;1;753
;(8, 8);MoveEast;(2, 7);False;1;754
;(8, 8);MoveEast;(2, 7);False;1;755
;(8, 8);MoveEast;(2, 7);False;1;756
;(8, 8);MoveEast;(2, 7);False;1;757
;(8, 8);MoveEast;(2, 7);False;1;758
;(8, 8);MoveEast;(2, 7);False;1;759
;(8, 8);MoveEast;(2, 7);False;1;760
;(8, 8);MoveEast;(3, 7);False;1;761
;(8, 8);MoveEast;(3, 7);False;1;762
;(8, 8);MoveEast;(3, 7);False;1;763
;(8, 8);MoveEast;(3, 7);False;1;764
;(8, 8);MoveEast;(3, 7);False;1;765
;(8, 8);MoveEast;(3, 7);False;1;766
;(8, 8);MoveEast;(3, 7);False;1;767
;(8, 8);MoveEast;(3, 7);False;1;768
;(8, 8);MoveEast;(3, 7);False;1;769
;(8, 8);MoveEast;(3, 7);False;1;770
;(8, 8);MoveEast;(3, 7);False;1;771
;(8, 8);MoveEast;(4, 7);False;1;772
;(8, 8);MoveEast;(4, 7);False;1;773
;(8, 8);MoveEast;(4, 7);False;1;774
;(8, 8);MoveEast;(4, 7);False;1;775
;(8, 8);MoveEast;(4, 7);False;1;776
;(8, 8);MoveEast;(4, 7);False;1;777
;(8, 8);MoveEast;(4, 7);False;1;778
;(8, 8);MoveEast;(4, 7);False;1;779
;(8, 8);MoveEast;(4, 7);False;1;780
;(8, 8);MoveEast;(4, 7);False;1;781
;(8, 8);MoveEast;(4, 7);False;1;782
;(8, 8);MoveEast;(5, 7);False;1;783
;(8, 8);MoveEast;(5, 7);False;1;784
;(8, 8);MoveEast;(5, 7);False;1;785
;(8, 8);MoveEast;(5, 7);False;1;786
;(8, 8);MoveEast;(5, 7);False;1;787
;(8, 8);MoveEast;(5, 7);False;1;788
;(8, 8);MoveEast;(5, 7);False;1;789
;(8, 8);MoveEast;(5, 7);False;1;790
;(8, 8);MoveEast;(5, 7);False;1;791
;(8, 8);MoveEast;(5, 7);False;1;792
;(8, 8);MoveEast;(5, 7);False;1;793
;(8, 8);MoveEast;(6, 7);False;1;794
;(8, 8);MoveEast;(6, 7);False;1;795
;(8, 8);MoveEast;(6, 7);False;1;796
;(8, 8);MoveEast;(6, 7);False;1;797
;(8, 8);MoveEast;(6, 7);False;1;798
;(8, 8);MoveEast;(6, 7);False;1;799
;(8, 8);MoveEast;(6, 7);False;1;800
;(8, 8);MoveEast;(6, 7);False;1;801
;(8, 8);MoveEast;(6, 7);False;1;802
;(8, 8);MoveEast;(6, 7);False;1;803
;(8, 8);MoveEast;(6, 7);False;1;804
;(8, 8);MoveEast;(7, 7);False;1;805
;(8, 8);BreakObject;(7, 7);False;1;806
;(8, 8);BreakObject;(7, 7);False;1;807
;(8, 8);BreakObject;(7, 7);False;1;808
;(8, 8);BreakObject;(7, 7);False;1;809
;(8, 8);BreakObject;(7, 7);False;1;810
;(8, 8);BreakObject;(7, 7);False;1;811
;(8, 8);BreakObject;(7, 7);False;1;812
;(8, 8);BreakObject;(7, 7);False;1;813
;(8, 8);BreakObject;(7, 7);False;1;814
;(8, 8);BreakObject;(7, 7);False;1;815
;(8, 8);BreakObject;(7, 7);False;1;816
;(8, 8);;(7, 7);False;1;817
;(8, 8);MoveSouth;(7, 7);False;1;818
;(8, 8);MoveSouth;(7, 7);False;1;819
;(8, 8);MoveSouth;(7, 7);False;1;820
;(8, 8);MoveSouth;(7, 7);False;1;821
;(8, 8);MoveSouth;(7, 7);False;1;822
;(8, 8);MoveSouth;(7, 7);False;1;823
;(8, 8);MoveSouth;(7, 7);False;1;824
;(8, 8);MoveSouth;(7, 7);False;1;825
;(8, 8);MoveSouth;(7, 7);False;1;826
;(8, 8);MoveSouth;(7, 7);False;1;827
;(8, 8);MoveSouth;(7, 8);False;1;828
;(8, 8);BreakObject;(7, 8);False;1;829
;(8, 8);BreakObject;(7, 8);False;1;830
;(8, 8);BreakObject;(7, 8);False;1;831
;(8, 8);BreakObject;(7, 8);False;1;832
;(8, 8);BreakObject;(7, 8);False;1;833
;(8, 8);BreakObject;(7, 8);False;1;834
;(8, 8);BreakObject;(7, 8);False;1;835
;(8, 8);BreakObject;(7, 8);False;1;836
MoveEast;(9, 8);BreakObject;(7, 8);False;1;837
;(9, 8);BreakObject;(7, 8);False;1;838
MoveSouth;(9, 9);BreakObject;(7, 8);False;1;839
;(9, 9);;(7, 8);False;1;840
;(9, 9);MoveNorth;(7, 8);False;1;841
;(9, 9);MoveNorth;(7, 8);False;1;842
MoveEast;(10, 9);MoveNorth;(7, 8);False;1;843
;(10, 9);MoveNorth;(7, 8);False;1;844
;(10, 9);MoveNorth;(7, 8);False;1;845
;(10, 9);MoveNorth;(7, 8);False;1;846
;(10, 9);MoveNorth;(7, 8);False;1;847
;(10, 9);MoveNorth;(7, 8);False;1;848
;(10, 9);MoveNorth;(7, 8);False;1;849
;(10, 9);MoveNorth;(7, 8);False;1;850
;(10, 9);MoveNorth;(7, 7);False;1;851
;(10, 9);GrabObject;(7, 7);False;1;852
;(10, 9);GrabObject;(7, 7);False;1;853
;(10, 9);GrabObject;(7, 7);False;1;854
GrabObject;(10, 9);GrabObject;(7, 7);False;1;855
;(10, 9);GrabObject;(7, 7);False;1;856
;(10, 9);GrabObject;(7, 7);False;1;857
;(10, 9);GrabObject;(7, 7);False;1;858
;(10, 9);GrabObject;(7, 7);False;1;859
;(10, 9);GrabObject;(7, 7);False;1;860
MoveWest;(9, 9);GrabObject;(7, 7);False;1;861
;(9, 9);GrabObject;(7, 7);False;1;862
;(9, 9);;(7, 7);False;1;863
MoveWest;(8, 9);MoveEast;(7, 7);False;1;864
;(8, 9);MoveEast;(7, 7);False;1;865
;(8, 9);MoveEast;(7, 7);False;1;866
MoveWest;(7, 9);MoveEast;(7, 7);False;1;867
;(7, 9);MoveEast;(7, 7);False;1;868
;(7, 9);MoveEast;(7, 7);False;1;869
MoveWest;(6, 9);MoveEast;(7, 7);False;1;870
;(6, 9);MoveEast;(7, 7);False;1;871
;(6, 9);MoveEast;(7, 7);False;1;872
MoveWest;(5, 9);MoveEast;(7, 7);False;1;873
;(5, 9);MoveEast;(8, 7);False;1;874
;(5, 9);GrabObject;(8, 7);False;1;875
;(5, 9);GrabObject;(8, 7);False;1;876
DropObject;(5, 9);GrabObject;(8, 7);False;1;877
;(5, 9);GrabObject;(8, 7);False;1;878
MoveEast;(6, 9);GrabObject;(8, 7);False;1;879
;(6, 9);GrabObject;(8, 7);False;1;880
;(6, 9);GrabObject;(8, 7);False;1;881
MoveEast;(7, 9);GrabObject;(8, 7);False;1;882
;(7, 9);GrabObject;(8, 7);False;1;883
;(7, 9);GrabObject;(8, 7);False;1;884
MoveEast;(8, 9);GrabObject;(8, 7);False;1;885
;(8, 9);;(8, 7);False;1;886
;(8, 9);MoveSouth;(8, 7);False;1;887
;(8, 9);MoveSouth;(8, 7);False;1;888
GrabObject;(8, 9);MoveSouth;(8, 7);False;1;889
MoveWest;(7, 9);MoveSouth;(8, 7);False;1;890
;(7, 9);MoveSouth;(8, 7);False;1;891
;(7, 9);MoveSouth;(8, 7);False;1;892
;(7, 9);MoveSouth;(8, 7);False;1;893
MoveWest;(6, 9);MoveSouth;(8, 7);False;1;894
;(6, 9);MoveSouth;(8, 7);False;1;895
;(6, 9);MoveSouth;(8, 7);False;1;896
MoveWest;(5, 9);MoveSouth;(8, 8);False;1;897
;(5, 9);GrabObject;(8, 8);False;1;898
;(5, 9);GrabObject;(8, 8);False;1;899
MoveWest;(4, 9);GrabObject;(8, 8);False;1;900
;(4, 9);GrabObject;(8, 8);False;1;901
;(4, 9);GrabObject;(8, 8);False;1;902
;(4, 9);GrabObject;(8, 8);False;1;903
MoveWest;(3, 9);GrabObject;(8, 8);False;1;904
;(3, 9);GrabObject;(8, 8);False;1;905
;(3, 9);GrabObject;(8, 8);False;1;906
MoveWest;(2, 9);GrabObject;(8, 8);False;1;907
;(2, 9);GrabObject;(8, 8);False;1;908
;(2, 9);;(8, 8);False;1;909
DropObject;(2, 9);MoveSouthEast;(8, 8);False;1;910
;(2, 9);MoveSouthEast;(8, 8);False;1;911
;(2, 9);MoveSouthEast;(8, 8);False;1;912
MoveEast;(3, 9);MoveSouthEast;(8, 8);False;1;913
;(3, 9);MoveSouthEast;(8, 8);False;1;914
;(3, 9);MoveSouthEast;(8, 8);False;1;915
MoveEast;(4, 9);MoveSouthEast;(8, 8);False;1;916
;(4, 9);MoveSouthEast;(8, 8);False;1;917
;(4, 9);MoveSouthEast;(8, 8);False;1;918
MoveEast;(5, 9);MoveSouthEast;(8, 8);False;1;919
;(5, 9);MoveSouthEast;(9, 9);False;1;920
;(5, 9);GrabObject;(9, 9);False;1;921
MoveSouth;(5, 10);GrabObject;(9, 9);False;1;922
;(5, 10);GrabObject;(9, 9);False;1;923
;(5, 10);GrabObject;(9, 9);False;1;924
;(5, 10);GrabObject;(9, 9);False;1;925
MoveEast;(6, 10);GrabObject;(9, 9);False;1;926
;(6, 10);GrabObject;(9, 9);False;1;927
;(6, 10);GrabObject;(9, 9);False;1;928
;(6, 10);GrabObject;(9, 9);False;1;929
;(6, 10);GrabObject;(9, 9);False;1;930
;(6, 10);GrabObject;(9, 9);False;1;931
;(6, 10);;(9, 9);False;1;932
;(6, 10);MoveWest;(9, 9);False;1;933
;(6, 10);MoveWest;(9, 9);False;1;934
;(6, 10);MoveWest;(9, 9);False;1;935
MoveEast;(7, 10);MoveWest;(9, 9);False;1;936
;(7, 10);MoveWest;(9, 9);False;1;937
;(7, 10);MoveWest;(9, 9);False;1;938
;(7, 10);MoveWest;(9, 9);False;1;939
;(7, 10);MoveWest;(9, 9);False;1;940
GrabObject;(7, 10);MoveWest;(9, 9);False;1;941
;(7, 10);MoveWest;(9, 9);False;1;942
;(7, 10);MoveWest;(8, 9);False;1;943
MoveWest;(6, 10);MoveWest;(8, 9);False;1;944
;(6, 10);MoveWest;(8, 9);False;1;945
;(6, 10);MoveWest;(8, 9);False;1;946
MoveWest;(5, 10);MoveWest;(8, 9);False;1;947
;(5, 10);MoveWest;(8, 9);False;1;948
;(5, 10);MoveWest;(8, 9);False;1;949
MoveWest;(4, 10);MoveWest;(8, 9);False;1;950
;(4, 10);MoveWest;(8, 9);False;1;951
;(4, 10);MoveWest;(8, 9);False;1;952
;(4, 10);MoveWest;(8, 9);False;1;953
MoveWest;(3, 10);MoveWest;(7, 9);False;1;954
;(3, 10);GrabObject;(7, 9);False;1;955
;(3, 10);GrabObject;(7, 9);False;1;956
MoveWest;(2, 10);GrabObject;(7, 9);False;1;957
;(2, 10);GrabObject;(7, 9);False;1;958
DropObject;(2, 10);GrabObject;(7, 9);False;1;959
;(2, 10);GrabObject;(7, 9);False;1;960
;(2, 10);GrabObject;(7, 9);False;1;961
MoveEast;(3, 10);GrabObject;(7, 9);False;1;962
;(3, 10);GrabObject;(7, 9);False;1;963
;(3, 10);GrabObject;(7, 9);False;1;964
;(3, 10);GrabObject;(7, 9);False;1;965
MoveEast;(4, 10);;(7, 9);False;1;966
;(4, 10);Idle;(7, 9);False;1;967
;(4, 10);Idle;(7, 9);False;1;968
MoveEast;(5, 10);Idle;(7, 9);False;1;969
;(5, 10);Idle;(7, 9);False;1;970
;(5, 10);Idle;(7, 9);False;1;971
MoveEast;(6, 10);Idle;(7, 9);False;1;972
;(6, 10);Idle;(7, 9);False;1;973
;(6, 10);Idle;(7, 9);False;1;974
;(6, 10);Idle;(7, 9);False;1;975
MoveEast;(7, 10);Idle;(7, 9);False;1;976
;(7, 10);Idle;(7, 9);False;1;977
;(7, 10);Idle;(7, 9);False;1;978
;(7, 10);Idle;(7, 9);False;1;979
MoveEast;(8, 10);Idle;(7, 9);False;1;980
;(8, 10);Idle;(7, 9);False;1;981
;(8, 10);Idle;(7, 9);False;1;982
;(8, 10);Idle;(7, 9);False;1;983
;(8, 10);Idle;(7, 9);False;1;984
GrabObject;(8, 10);Idle;(7, 9);False;1;985
MoveWest;(7, 10);Idle;(7, 9);False;1;986
;(7, 10);Idle;(7, 9);False;1;987
;(7, 10);Idle;(7, 9);False;1;988
;(7, 10);Idle;(7, 9);False;1;989
;(7, 10);Idle;(7, 9);False;1;990
MoveWest;(6, 10);Idle;(7, 9);False;1;991
;(6, 10);Idle;(7, 9);False;1;992
;(6, 10);Idle;(7, 9);False;1;993
MoveWest;(5, 10);Idle;(7, 9);False;1;994
;(5, 10);Idle;(7, 9);False;1;995
;(5, 10);Idle;(7, 9);False;1;996
MoveWest;(4, 10);Idle;(7, 9);False;1;997
;(4, 10);Idle;(7, 9);False;1;998
;(4, 10);Idle;(7, 9);False;1;999
MoveWest;(3, 10);Idle;(7, 9);False;1;1000
;(3, 10);Idle;(7, 9);False;1;1001
;(3, 10);Idle;(7, 9);False;1;1002
;(3, 10);Idle;(7, 9);False;1;1003
MoveWest;(2, 10);Idle;(7, 9);False;1;1004
;(2, 10);Idle;(7, 9);False;1;1005
;(2, 10);Idle;(7, 9);False;1;1006
MoveWest;(1, 10);Idle;(7, 9);False;1;1007
;(1, 10);Idle;(7, 9);False;1;1008
DropObject;(1, 10);Idle;(7, 9);False;1;1009
;(1, 10);Idle;(7, 9);False;1;1010
;(1, 10);Idle;(7, 9);False;1;1011
MoveEast;(2, 10);Idle;(7, 9);False;1;1012
;(2, 10);Idle;(7, 9);False;1;1013
;(2, 10);Idle;(7, 9);False;1;1014
MoveEast;(3, 10);Idle;(7, 9);False;1;1015
;(3, 10);Idle;(7, 9);False;1;1016
;(3, 10);Idle;(7, 9);False;1;1017
MoveEast;(4, 10);Idle;(7, 9);False;1;1018
;(4, 10);Idle;(7, 9);False;1;1019
;(4, 10);Idle;(7, 9);False;1;1020
;(4, 10);Idle;(7, 9);False;1;1021
MoveEast;(5, 10);;(7, 9);False;1;1022
;(5, 10);Idle;(7, 9);False;1;1023
;(5, 10);Idle;(7, 9);False;1;1024
;(5, 10);Idle;(7, 9);False;1;1025
;(5, 10);Idle;(7, 9);False;1;1026
;(5, 10);Idle;(7, 9);False;1;1027
GrabObject;(5, 10);Idle;(7, 9);False;1;1028
;(5, 10);Idle;(7, 9);False;1;1029
;(5, 10);Idle;(7, 9);False;1;1030
MoveWest;(4, 10);Idle;(7, 9);False;1;1031
;(4, 10);Idle;(7, 9);False;1;1032
;(4, 10);Idle;(7, 9);False;1;1033
;(4, 10);Idle;(7, 9);False;1;1034
MoveWest;(3, 10);Idle;(7, 9);False;1;1035
;(3, 10);Idle;(7, 9);False;1;1036
;(3, 10);Idle;(7, 9);False;1;1037
MoveWest;(2, 10);Idle;(7, 9);False;1;1038
;(2, 10);Idle;(7, 9);False;1;1039
;(2, 10);Idle;(7, 9);False;1;1040
MoveWest;(1, 10);Idle;(7, 9);False;1;1041
;(1, 10);Idle;(7, 9);False;1;1042
;(1, 10);Idle;(7, 9);False;1;1043
MoveWest;(0, 10);Idle;(7, 9);False;1;1044
;(0, 10);Idle;(7, 9);False;1;1045
;(0, 10);Idle;(7, 9);False;1;1046
DropObject;(0, 10);Idle;(7, 9);False;1;1047
;(0, 10);Idle;(7, 9);False;1;1048
MoveEast;(1, 10);Idle;(7, 9);False;1;1049
;(1, 10);Idle;(7, 9);False;1;1050
;(1, 10);Idle;(7, 9);False;1;1051
;(1, 10);Idle;(7, 9);False;1;1052
MoveEast;(2, 10);Idle;(7, 9);False;1;1053
;(2, 10);Idle;(7, 9);False;1;1054
;(2, 10);Idle;(7, 9);False;1;1055
MoveEast;(3, 10);Idle;(7, 9);False;1;1056
;(3, 10);Idle;(7, 9);False;1;1057
;(3, 10);Idle;(7, 9);False;1;1058
;(3, 10);Idle;(7, 9);False;1;1059
;(3, 10);Idle;(7, 9);False;1;1060
;(3, 10);Idle;(7, 9);False;1;1061
;(3, 10);Idle;(7, 9);False;1;1062
;(3, 10);Idle;(7, 9);False;1;1063
;(3, 10);Idle;(7, 9);False;1;1064
;(3, 10);Idle;(7, 9);False;1;1065
MoveWest;(2, 10);Idle;(7, 9);False;1;1066
;(2, 10);Idle;(7, 9);False;1;1067
;(2, 10);Idle;(7, 9);False;1;1068
;(2, 10);Idle;(7, 9);False;1;1069
;(2, 10);Idle;(7, 9);False;1;1070
;(2, 10);Idle;(7, 9);False;1;1071
;(2, 10);Idle;(7, 9);False;1;1072
;(2, 10);Idle;(7, 9);False;1;1073
MoveWest;(1, 10);Idle;(7, 9);False;1;1074
;(1, 10);Idle;(7, 9);False;1;1075
;(1, 10);Idle;(7, 9);False;1;1076
;(1, 10);Idle;(7, 9);False;1;1077
;(1, 10);;(7, 9);False;1;1078
;(1, 10);Idle;(7, 9);False;1;1079
MoveEast;(2, 10);Idle;(7, 9);False;1;1080
;(2, 10);Idle;(7, 9);False;1;1081
;(2, 10);Idle;(7, 9);False;1;1082
;(2, 10);Idle;(7, 9);False;1;1083
;(2, 10);Idle;(7, 9);False;1;1084
MoveEast;(3, 10);Idle;(7, 9);False;1;1085
;(3, 10);Idle;(7, 9);False;1;1086
;(3, 10);Idle;(7, 9);False;1;1087
MoveEast;(4, 10);Idle;(7, 9);False;1;1088
;(4, 10);Idle;(7, 9);False;1;1089
;(4, 10);Idle;(7, 9);False;1;1090
;(4, 10);Idle;(7, 9);False;1;1091
;(4, 10);Idle;(7, 9);False;1;1092
MoveEast;(5, 10);Idle;(7, 9);False;1;1093
;(5, 10);Idle;(7, 9);False;1;1094
;(5, 10);Idle;(7, 9);False;1;1095
;(5, 10);Idle;(7, 9);False;1;1096
MoveEast;(6, 10);Idle;(7, 9);False;1;1097
;(6, 10);Idle;(7, 9);False;1;1098
;(6, 10);Idle;(7, 9);False;1;1099
;(6, 10);Idle;(7, 9);False;1;1100
;(6, 10);Idle;(7, 9);False;1;1101
;(6, 10);Idle;(7, 9);False;1;1102
;(6, 10);Idle;(7, 9);False;1;1103
;(6, 10);Idle;(7, 9);False;1;1104
;(6, 10);Idle;(7, 9);False;1;1105
;(6, 10);Idle;(7, 9);False;1;1106
;(6, 10);Idle;(7, 9);False;1;1107
;(6, 10);Idle;(7, 9);False;1;1108
;(6, 10);Idle;(7, 9);False;1;1109
;(6, 10);Idle;(7, 9);False;1;1110
;(6, 10);Idle;(7, 9);False;1;1111
;(6, 10);Idle;(7, 9);False;1;1112
;(6, 10);Idle;(7, 9);False;1;1113
;(6, 10);Idle;(7, 9);False;1;1114
;(6, 10);Idle;(7, 9);False;1;1115
;(6, 10);Idle;(7, 9);False;1;1116
;(6, 10);Idle;(7, 9);False;1;1117
;(6, 10);Idle;(7, 9);False;1;1118
;(6, 10);Idle;(7, 9);False;1;1119
;(6, 10);Idle;(7, 9);False;1;1120
;(6, 10);Idle;(7, 9);False;1;1121
;(6, 10);Idle;(7, 9);False;1;1122
;(6, 10);Idle;(7, 9);False;1;1123
;(6, 10);Idle;(7, 9);False;1;1124
;(6, 10);Idle;(7, 9);False;1;1125
;(6, 10);Idle;(7, 9);False;1;1126
;(6, 10);Idle;(7, 9);False;1;1127
;(6, 10);Idle;(7, 9);False;1;1128
;(6, 10);Idle;(7, 9);False;1;1129
;(6, 10);Idle;(7, 9);False;1;1130
;(6, 10);Idle;(7, 9);False;1;1131
;(6, 10);Idle;(7, 9);False;1;1132
;(6, 10);Idle;(7, 9);False;1;1133
;(6, 10);;(7, 9);False;1;1134
;(6, 10);MoveWest;(7, 9);False;1;1135
;(6, 10);MoveWest;(7, 9);False;1;1136
;(6, 10);MoveWest;(7, 9);False;1;1137
;(6, 10);MoveWest;(7, 9);False;1;1138
;(6, 10);MoveWest;(7, 9);False;1;1139
;(6, 10);MoveWest;(7, 9);False;1;1140
;(6, 10);MoveWest;(7, 9);False;1;1141
;(6, 10);MoveWest;(7, 9);False;1;1142
;(6, 10);MoveWest;(7, 9);False;1;1143
;(6, 10);MoveWest;(7, 9);False;1;1144
;(6, 10);MoveWest;(6, 9);False;1;1145
;(6, 10);MoveWest;(6, 9);False;1;1146
;(6, 10);MoveWest;(6, 9);False;1;1147
;(6, 10);MoveWest;(6, 9);False;1;1148
;(6, 10);MoveWest;(6, 9);False;1;1149
;(6, 10);MoveWest;(6, 9);False;1;1150
;(6, 10);MoveWest;(6, 9);False;1;1151
;(6, 10);MoveWest;(6, 9);False;1;1152
;(6, 10);MoveWest;(6, 9);False;1;1153
;(6, 10);MoveWest;(6, 9);False;1;1154
;(6, 10);MoveWest;(6, 9);False;1;1155
;(6, 10);MoveWest;(5, 9);False;1;1156
;(6, 10);MoveWest;(5, 9);False;1;1157
;(6, 10);MoveWest;(5, 9);False;1;1158
;(6, 10);MoveWest;(5, 9);False;1;1159
;(6, 10);MoveWest;(5, 9);False;1;1160
;(6, 10);MoveWest;(5, 9);False;1;1161
;(6, 10);MoveWest;(5, 9);False;1;1162
;(6, 10);MoveWest;(5, 9);False;1;1163
;(6, 10);MoveWest;(5, 9);False;1;1164
;(6, 10);MoveWest;(5, 9);False;1;1165
;(6, 10);MoveWest;(5, 9);False;1;1166
;(6, 10);MoveWest;(4, 9);False;1;1167
;(6, 10);MoveNorthWest;(4, 9);False;1;1168
;(6, 10);MoveNorthWest;(4, 9);False;1;1169
;(6, 10);MoveNorthWest;(4, 9);False;1;1170
;(6, 10);MoveNorthWest;(4, 9);False;1;1171
;(6, 10);MoveNorthWest;(4, 9);False;1;1172
;(6, 10);MoveNorthWest;(4, 9);False;1;1173
;(6, 10);MoveNorthWest;(4, 9);False;1;1174
;(6, 10);MoveNorthWest;(4, 9);False;1;1175
;(6, 10);MoveNorthWest;(4, 9);False;1;1176
;(6, 10);MoveNorthWest;(4, 9);False;1;1177
;(6, 10);MoveNorthWest;(3, 8);False;1;1178
;(6, 10);MoveWest;(3, 8);False;1;1179
;(6, 10);MoveWest;(3, 8);False;1;1180
;(6, 10);MoveWest;(3, 8);False;1;1181
;(6, 10);MoveWest;(3, 8);False;1;1182
;(6, 10);MoveWest;(3, 8);False;1;1183
;(6, 10);MoveWest;(3, 8);False;1;1184
;(6, 10);MoveWest;(3, 8);False;1;1185
;(6, 10);MoveWest;(3, 8);False;1;1186
;(6, 10);MoveWest;(3, 8);False;1;1187
;(6, 10);MoveWest;(3, 8);False;1;1188
;(6, 10);MoveWest;(2, 8);False;1;1189
;(6, 10);MoveNorthWest;(2, 8);False;1;1190
;(6, 10);MoveNorthWest;(2, 8);False;1;1191
;(6, 10);MoveNorthWest;(2, 8);False;1;1192
;(6, 10);MoveNorthWest;(2, 8);False;1;1193
;(6, 10);MoveNorthWest;(2, 8);False;1;1194
;(6, 10);MoveNorthWest;(2, 8);False;1;1195
;(6, 10);MoveNorthWest;(2, 8);False;1;1196
;(6, 10);MoveNorthWest;(2, 8);False;1;1197
;(6, 10);MoveNorthWest;(2, 8);False;1;1198
;(6, 10);MoveNorthWest;(2, 8);False;1;1199
;(6, 10);MoveNorthWest;(1, 7);False;1;1200
;(6, 10);MoveWest;(1, 7);False;1;1201
;(6, 10);MoveWest;(1, 7);False;1;1202
;(6, 10);MoveWest;(1, 7);False;1;1203
;(6, 10);MoveWest;(1, 7);False;1;1204
;(6, 10);MoveWest;(1, 7);False;1;1205
;(6, 10);MoveWest;(1, 7);False;1;1206
;(6, 10);MoveWest;(1, 7);False;1;1207
;(6, 10);MoveWest;(1, 7);False;1;1208
;(6, 10);MoveWest;(1, 7);False;1;1209
;(6, 10);MoveWest;(1, 7);False;1;1210
;(6, 10);MoveWest;(0, 7);False;1;1211
;(6, 10);DropObject;(0, 7);False;1;1212
;(6, 10);DropObject;(0, 7);False;1;1213
;(6, 10);DropObject;(0, 7);False;1;1214
;(6, 10);DropObject;(0, 7);False;1;1215
;(6, 10);DropObject;(0, 7);False;1;1216
;(6, 10);DropObject;(0, 7);False;1;1217
;(6, 10);DropObject;(0, 7);False;1;1218
;(6, 10);DropObject;(0, 7);False;1;1219
;(6, 10);DropObject;(0, 7);False;1;1220
;(6, 10);DropObject;(0, 7);False;1;1221
;(6, 10);DropObject;(0, 7);False;1;1222
;(6, 10);DropObject;(0, 7);False;1;1223
;(6, 10);DropObject;(0, 7);False;1;1224
;(6, 10);DropObject;(0, 7);False;1;1225
;(6, 10);DropObject;(0, 7);False;1;1226
;(6, 10);DropObject;(0, 7);False;1;1227
;(6, 10);DropObject;(0, 7);False;1;1228
;(6, 10);DropObject;(0, 7);False;1;1229
;(6, 10);DropObject;(0, 7);False;1;1230
;(6, 10);DropObject;(0, 7);False;1;1231
;(6, 10);DropObject;(0, 7);False;1;1232
;(6, 10);DropObject;(0, 7);False;1;1233
;(6, 10);DropObject;(0, 7);False;1;1234
;(6, 10);DropObject;(0, 7);False;1;1235
;(6, 10);DropObject;(0, 7);False;1;1236
;(6, 10);DropObject;(0, 7);False;1;1237
;(6, 10);DropObject;(0, 7);False;1;1238
;(6, 10);DropObject;(0, 7);False;1;1239
;(6, 10);DropObject;(0, 7);False;1;1240
;(6, 10);DropObject;(0, 7);False;1;1241
;(6, 10);DropObject;(0, 7);False;1;1242
;(6, 10);DropObject;(0, 7);False;1;1243
;(6, 10);DropObject;(0, 7);False;1;1244
;(6, 10);DropObject;(0, 7);False;1;1245
;(6, 10);DropObject;(0, 7);False;1;1246
;(6, 10);DropObject;(0, 7);False;1;1247
;(6, 10);DropObject;(0, 7);False;1;1248
;(6, 10);DropObject;(0, 7);False;1;1249
;(6, 10);DropObject;(0, 7);False;1;1250
;(6, 10);DropObject;(0, 7);False;1;1251
;(6, 10);DropObject;(0, 7);False;1;1252
;(6, 10);DropObject;(0, 7);False;1;1253
;(6, 10);DropObject;(0, 7);False;1;1254
;(6, 10);DropObject;(0, 7);False;1;1255
;(6, 10);DropObject;(0, 7);False;1;1256
;(6, 10);DropObject;(0, 7);False;1;1257
;(6, 10);DropObject;(0, 7);False;1;1258
;(6, 10);DropObject;(0, 7);False;1;1259
;(6, 10);DropObject;(0, 7);False;1;1260
;(6, 10);DropObject;(0, 7);False;1;1261
;(6, 10);DropObject;(0, 7);False;1;1262
;(6, 10);DropObject;(0, 7);False;1;1263
;(6, 10);DropObject;(0, 7);False;1;1264
;(6, 10);DropObject;(0, 7);False;1;1265
;(6, 10);DropObject;(0, 7);False;1;1266
;(6, 10);;(0, 7);False;1;1267
;(6, 10);Idle;(0, 7);False;1;1268
;(6, 10);Idle;(0, 7);False;1;1269
;(6, 10);Idle;(0, 7);False;1;1270
;(6, 10);Idle;(0, 7);False;1;1271
;(6, 10);Idle;(0, 7);False;1;1272
;(6, 10);Idle;(0, 7);False;1;1273
;(6, 10);Idle;(0, 7);False;1;1274
;(6, 10);Idle;(0, 7);False;1;1275
;(6, 10);Idle;(0, 7);False;1;1276
;(6, 10);Idle;(0, 7);False;1;1277
;(6, 10);Idle;(0, 7);False;1;1278
;(6, 10);Idle;(0, 7);False;1;1279
;(6, 10);Idle;(0, 7);False;1;1280
;(6, 10);Idle;(0, 7);False;1;1281
;(6, 10);Idle;(0, 7);False;1;1282
;(6, 10);Idle;(0, 7);False;1;1283
;(6, 10);Idle;(0, 7);False;1;1284
;(6, 10);Idle;(0, 7);False;1;1285
;(6, 10);Idle;(0, 7);False;1;1286
;(6, 10);Idle;(0, 7);False;1;1287
;(6, 10);Idle;(0, 7);False;1;1288
;(6, 10);Idle;(0, 7);False;1;1289
;(6, 10);Idle;(0, 7);False;1;1290
;(6, 10);Idle;(0, 7);False;1;1291
;(6, 10);Idle;(0, 7);False;1;1292
;(6, 10);Idle;(0, 7);False;1;1293
;(6, 10);Idle;(0, 7);False;1;1294
;(6, 10);Idle;(0, 7);False;1;1295
;(6, 10);Idle;(0, 7);False;1;1296
;(6, 10);Idle;(0, 7);False;1;1297
;(6, 10);Idle;(0, 7);False;1;1298
;(6, 10);Idle;(0, 7);False;1;1299
;(6, 10);Idle;(0, 7);False;1;1300
;(6, 10);Idle;(0, 7);False;1;1301
;(6, 10);Idle;(0, 7);False;1;1302
;(6, 10);Idle;(0, 7);False;1;1303
;(6, 10);Idle;(0, 7);False;1;1304
;(6, 10);Idle;(0, 7);False;1;1305
;(6, 10);Idle;(0, 7);False;1;1306
;(6, 10);Idle;(0, 7);False;1;1307
;(6, 10);Idle;(0, 7);False;1;1308
;(6, 10);Idle;(0, 7);False;1;1309
;(6, 10);Idle;(0, 7);False;1;1310
;(6, 10);Idle;(0, 7);False;1;1311
;(6, 10);Idle;(0, 7);False;1;1312
;(6, 10);Idle;(0, 7);False;1;1313
;(6, 10);Idle;(0, 7);False;1;1314
;(6, 10);Idle;(0, 7);False;1;1315
;(6, 10);Idle;(0, 7);False;1;1316
;(6, 10);Idle;(0, 7);False;1;1317
;(6, 10);Idle;(0, 7);False;1;1318
;(6, 10);Idle;(0, 7);False;1;1319
;(6, 10);Idle;(0, 7);False;1;1320
;(6, 10);Idle;(0, 7);False;1;1321
;(6, 10);Idle;(0, 7);False;1;1322
;(6, 10);;(0, 7);False;1;1323
;(6, 10);MoveEast;(0, 7);False;1;1324
;(6, 10);MoveEast;(0, 7);False;1;1325
;(6, 10);MoveEast;(0, 7);False;1;1326
;(6, 10);MoveEast;(0, 7);False;1;1327
;(6, 10);MoveEast;(0, 7);False;1;1328
;(6, 10);MoveEast;(0, 7);False;1;1329
;(6, 10);MoveEast;(0, 7);False;1;1330
;(6, 10);MoveEast;(0, 7);False;1;1331
;(6, 10);MoveEast;(0, 7);False;1;1332
;(6, 10);MoveEast;(0, 7);False;1;1333
;(6, 10);MoveEast;(1, 7);False;1;1334
;(6, 10);MoveEast;(1, 7);False;1;1335
;(6, 10);MoveEast;(1, 7);False;1;1336
;(6, 10);MoveEast;(1, 7);False;1;1337
;(6, 10);MoveEast;(1, 7);False;1;1338
;(6, 10);MoveEast;(1, 7);False;1;1339
;(6, 10);MoveEast;(1, 7);False;1;1340
;(6, 10);MoveEast;(1, 7);False;1;1341
;(6, 10);MoveEast;(1, 7);False;1;1342
;(6, 10);MoveEast;(1, 7);False;1;1343
;(6, 10);MoveEast;(1, 7);False;1;1344
;(6, 10);MoveEast;(2, 7);False;1;1345
;(6, 10);MoveWest;(2, 7);False;1;1346
;(6, 10);MoveWest;(2, 7);False;1;1347
;(6, 10);MoveWest;(2, 7);False;1;1348
;(6, 10);MoveWest;(2, 7);False;1;1349
;(6, 10);MoveWest;(2, 7);False;1;1350
;(6, 10);MoveWest;(2, 7);False;1;1351
;(6, 10);MoveWest;(2, 7);False;1;1352
;(6, 10);MoveWest;(2, 7);False;1;1353
;(6, 10);MoveWest;(2, 7);False;1;1354
;(6, 10);MoveWest;(2, 7);False;1;1355
;(6, 10);MoveWest;(1, 7);False;1;1356
;(6, 10);MoveWest;(1, 7);False;1;1357
;(6, 10);MoveWest;(1, 7);False;1;1358
;(6, 10);MoveWest;(1, 7);False;1;1359
;(6, 10);MoveWest;(1, 7);False;1;1360
;(6, 10);MoveWest;(1, 7);False;1;1361
;(6, 10);MoveWest;(1, 7);False;1;1362
;(6, 10);MoveWest;(1, 7);False;1;1363
;(6, 10);MoveWest;(1, 7);False;1;1364
;(6, 10);MoveWest;(1, 7);False;1;1365
;(6, 10);MoveWest;(1, 7);False;1;1366
;(6, 10);MoveWest;(0, 7);False;1;1367
;(6, 10);MoveEast;(0, 7);False;1;1368
;(6, 10);MoveEast;(0, 7);False;1;1369
;(6, 10);MoveEast;(0, 7);False;1;1370
;(6, 10);MoveEast;(0, 7);False;1;1371
;(6, 10);MoveEast;(0, 7);False;1;1372
;(6, 10);MoveEast;(0, 7);False;1;1373
;(6, 10);MoveEast;(0, 7);False;1;1374
;(6, 10);MoveEast;(0, 7);False;1;1375
;(6, 10);MoveEast;(0, 7);False;1;1376
;(6, 10);MoveEast;(0, 7);False;1;1377
;(6, 10);MoveEast;(1, 7);False;1;1378
;(6, 10);MoveEast;(1, 7);False;1;1379
MoveEast;(7, 10);MoveEast;(1, 7);False;1;1380
;(7, 10);MoveEast;(1, 7);False;1;1381
;(7, 10);MoveEast;(1, 7);False;1;1382
;(7, 10);MoveEast;(1, 7);False;1;1383
;(7, 10);MoveEast;(1, 7);False;1;1384
;(7, 10);MoveEast;(1, 7);False;1;1385
;(7, 10);MoveEast;(1, 7);False;1;1386
;(7, 10);MoveEast;(1, 7);False;1;1387
MoveEast;(8, 10);MoveEast;(1, 7);False;1;1388
;(8, 10);MoveEast;(2, 7);False;1;1389
;(8, 10);MoveWest;(2, 7);False;1;1390
;(8, 10);MoveWest;(2, 7);False;1;1391
;(8, 10);MoveWest;(2, 7);False;1;1392
;(8, 10);MoveWest;(2, 7);False;1;1393
;(8, 10);MoveWest;(2, 7);False;1;1394
;(8, 10);MoveWest;(2, 7);False;1;1395
;(8, 10);MoveWest;(2, 7);False;1;1396
;(8, 10);MoveWest;(2, 7);False;1;1397
;(8, 10);MoveWest;(2, 7);False;1;1398
MoveEast;(9, 10);MoveWest;(2, 7);False;1;1399
;(9, 10);MoveWest;(1, 7);False;1;1400
;(9, 10);MoveWest;(1, 7);False;1;1401
;(9, 10);MoveWest;(1, 7);False;1;1402
;(9, 10);MoveWest;(1, 7);False;1;1403
;(9, 10);MoveWest;(1, 7);False;1;1404
;(9, 10);MoveWest;(1, 7);False;1;1405
;(9, 10);MoveWest;(1, 7);False;1;1406
MoveEast;(10, 10);MoveWest;(1, 7);False;1;1407
;(10, 10);MoveWest;(1, 7);False;1;1408
;(10, 10);MoveWest;(1, 7);False;1;1409
;(10, 10);MoveWest;(1, 7);False;1;1410
;(10, 10);MoveWest;(0, 7);False;1;1411
;(10, 10);MoveEast;(0, 7);False;1;1412
;(10, 10);MoveEast;(0, 7);False;1;1413
;(10, 10);MoveEast;(0, 7);False;1;1414
;(10, 10);MoveEast;(0, 7);False;1;1415
;(10, 10);MoveEast;(0, 7);False;1;1416
;(10, 10);MoveEast;(0, 7);False;1;1417
MoveWest;(9, 10);MoveEast;(0, 7);False;1;1418
;(9, 10);MoveEast;(0, 7);False;1;1419
;(9, 10);MoveEast;(0, 7);False;1;1420
;(9, 10);MoveEast;(0, 7);False;1;1421
MoveWest;(8, 10);MoveEast;(1, 7);False;1;1422
;(8, 10);MoveEast;(1, 7);False;1;1423
;(8, 10);MoveEast;(1, 7);False;1;1424
;(8, 10);MoveEast;(1, 7);False;1;1425
;(8, 10);MoveEast;(1, 7);False;1;1426
;(8, 10);MoveEast;(1, 7);False;1;1427
;(8, 10);MoveEast;(1, 7);False;1;1428
;(8, 10);MoveEast;(1, 7);False;1;1429
;(8, 10);MoveEast;(1, 7);False;1;1430
;(8, 10);MoveEast;(1, 7);False;1;1431
MoveWest;(7, 10);MoveEast;(1, 7);False;1;1432
;(7, 10);MoveEast;(2, 7);False;1;1433
;(7, 10);MoveWest;(2, 7);False;1;1434
;(7, 10);MoveWest;(2, 7);False;1;1435
;(7, 10);MoveWest;(2, 7);False;1;1436
MoveWest;(6, 10);MoveWest;(2, 7);False;1;1437
;(6, 10);MoveWest;(2, 7);False;1;1438
;(6, 10);MoveWest;(2, 7);False;1;1439
;(6, 10);MoveWest;(2, 7);False;1;1440
MoveWest;(5, 10);MoveWest;(2, 7);False;1;1441
;(5, 10);MoveWest;(2, 7);False;1;1442
;(5, 10);MoveWest;(2, 7);False;1;1443
;(5, 10);MoveWest;(1, 7);False;1;1444
;(5, 10);MoveWest;(1, 7);False;1;1445
;(5, 10);MoveWest;(1, 7);False;1;1446
;(5, 10);MoveWest;(1, 7);False;1;1447
;(5, 10);MoveWest;(1, 7);False;1;1448
;(5, 10);MoveWest;(1, 7);False;1;1449
;(5, 10);MoveWest;(1, 7);False;1;1450
;(5, 10);MoveWest;(1, 7);False;1;1451
;(5, 10);MoveWest;(1, 7);False;1;1452
;(5, 10);MoveWest;(1, 7);False;1;1453
;(5, 10);MoveWest;(1, 7);False;1;1454
;(5, 10);MoveWest;(0, 7);False;1;1455
;(5, 10);;(0, 7);False;1;1456
;(5, 10);;(0, 7);False;1;1457
;(5, 10);MoveEast;(0, 7);False;1;1458
;(5, 10);MoveEast;(0, 7);False;1;1459
;(5, 10);MoveEast;(0, 7);False;1;1460
;(5, 10);MoveEast;(0, 7);False;1;1461
;(5, 10);MoveEast;(0, 7);False;1;1462
;(5, 10);MoveEast;(0, 7);False;1;1463
;(5, 10);MoveEast;(0, 7);False;1;1464
;(5, 10);MoveEast;(0, 7);False;1;1465
;(5, 10);MoveEast;(0, 7);False;1;1466
;(5, 10);MoveEast;(0, 7);False;1;1467
;(5, 10);MoveEast;(1, 7);False;1;1468
;(5, 10);MoveEast;(1, 7);False;1;1469
;(5, 10);MoveEast;(1, 7);False;1;1470
;(5, 10);MoveEast;(1, 7);False;1;1471
;(5, 10);MoveEast;(1, 7);False;1;1472
;(5, 10);MoveEast;(1, 7);False;1;1473
;(5, 10);MoveEast;(1, 7);False;1;1474
;(5, 10);MoveEast;(1, 7);False;1;1475
;(5, 10);MoveEast;(1, 7);False;1;1476
;(5, 10);MoveEast;(1, 7);False;1;1477
;(5, 10);MoveEast;(1, 7);False;1;1478
;(5, 10);MoveEast;(2, 7);False;1;1479
;(5, 10);MoveEast;(2, 7);False;1;1480
;(5, 10);MoveEast;(2, 7);False;1;1481
;(5, 10);MoveEast;(2, 7);False;1;1482
;(5, 10);MoveEast;(2, 7);False;1;1483
;(5, 10);MoveEast;(2, 7);False;1;1484
;(5, 10);MoveEast;(2, 7);False;1;1485
;(5, 10);MoveEast;(2, 7);False;1;1486
;(5, 10);MoveEast;(2, 7);False;1;1487
;(5, 10);MoveEast;(2, 7);False;1;1488
;(5, 10);MoveEast;(2, 7);False;1;1489
;(5, 10);MoveEast;(3, 7);False;1;1490
;(5, 10);MoveSouthEast;(3, 7);False;1;1491
;(5, 10);MoveSouthEast;(3, 7);False;1;1492
;(5, 10);MoveSouthEast;(3, 7);False;1;1493
;(5, 10);MoveSouthEast;(3, 7);False;1;1494
;(5, 10);MoveSouthEast;(3, 7);False;1;1495
;(5, 10);MoveSouthEast;(3, 7);False;1;1496
;(5, 10);MoveSouthEast;(3, 7);False;1;1497
;(5, 10);MoveSouthEast;(3, 7);False;1;1498
;(5, 10);MoveSouthEast;(3, 7);False;1;1499
;(5, 10);MoveSouthEast;(3, 7);False;1;1500
;(5, 10);MoveSouthEast;(4, 8);False;1;1501
;(5, 10);MoveSouthEast;(4, 8);False;1;1502
;(5, 10);MoveSouthEast;(4, 8);False;1;1503
;(5, 10);MoveSouthEast;(4, 8);False;1;1504
;(5, 10);MoveSouthEast;(4, 8);False;1;1505
;(5, 10);MoveSouthEast;(4, 8);False;1;1506
;(5, 10);MoveSouthEast;(4, 8);False;1;1507
;(5, 10);MoveSouthEast;(4, 8);False;1;1508
;(5, 10);MoveSouthEast;(4, 8);False;1;1509
;(5, 10);MoveSouthEast;(4, 8);False;1;1510
;(5, 10);MoveSouthEast;(4, 8);False;1;1511
;(5, 10);MoveSouthEast;(5, 9);False;1;1512
;(5, 10);MoveSouthEast;(5, 9);False;1;1513
;(5, 10);MoveSouthEast;(5, 9);False;1;1514
;(5, 10);MoveSouthEast;(5, 9);False;1;1515
;(5, 10);MoveSouthEast;(5, 9);False;1;1516
;(5, 10);MoveSouthEast;(5, 9);False;1;1517
;(5, 10);MoveSouthEast;(5, 9);False;1;1518
;(5, 10);MoveSouthEast;(5, 9);False;1;1519
;(5, 10);MoveSouthEast;(5, 9);False;1;1520
;(5, 10);MoveSouthEast;(5, 9);False;1;1521
;(5, 10);MoveSouthEast;(5, 9);False;1;1522
;(5, 10);MoveSouthEast;(6, 10);False;1;1523
;(5, 10);MoveEast;(6, 10);False;1;1524
;(5, 10);MoveEast;(6, 10);False;1;1525
;(5, 10);MoveEast;(6, 10);False;1;1526
;(5, 10);MoveEast;(6, 10);False;1;1527
;(5, 10);MoveEast;(6, 10);False;1;1528
;(5, 10);MoveEast;(6, 10);False;1;1529
;(5, 10);MoveEast;(6, 10);False;1;1530
;(5, 10);MoveEast;(6, 10);False;1;1531
;(5, 10);MoveEast;(6, 10);False;1;1532
;(5, 10);MoveEast;(6, 10);False;1;1533
;(5, 10);MoveEast;(7, 10);False;1;1534
;(5, 10);MoveEast;(7, 10);False;1;1535
;(5, 10);MoveEast;(7, 10);False;1;1536
;(5, 10);MoveEast;(7, 10);False;1;1537
;(5, 10);MoveEast;(7, 10);False;1;1538
;(5, 10);MoveEast;(7, 10);False;1;1539
;(5, 10);MoveEast;(7, 10);False;1;1540
;(5, 10);MoveEast;(7, 10);False;1;1541
;(5, 10);MoveEast;(7, 10);False;1;1542
;(5, 10);MoveEast;(7, 10);False;1;1543
;(5, 10);MoveEast;(7, 10);False;1;1544
;(5, 10);MoveEast;(8, 10);False;1;1545
;(5, 10);MoveEast;(8, 10);False;1;1546
;(5, 10);MoveEast;(8, 10);False;1;1547
;(5, 10);MoveEast;(8, 10);False;1;1548
;(5, 10);MoveEast;(8, 10);False;1;1549
;(5, 10);MoveEast;(8, 10);False;1;1550
;(5, 10);MoveEast;(8, 10);False;1;1551
;(5, 10);MoveEast;(8, 10);False;1;1552
;(5, 10);MoveEast;(8, 10);False;1;1553
;(5, 10);MoveEast;(8, 10);False;1;1554
;(5, 10);MoveEast;(8, 10);False;1;1555
;(5, 10);MoveEast;(9, 10);False;1;1556
;(5, 10);BreakObject;(9, 10);False;1;1557
;(5, 10);BreakObject;(9, 10);False;1;1558
;(5, 10);BreakObject;(9, 10);False;1;1559
;(5, 10);BreakObject;(9, 10);False;1;1560
;(5, 10);BreakObject;(9, 10);False;1;1561
;(5, 10);BreakObject;(9, 10);False;1;1562
;(5, 10);BreakObject;(9, 10);False;1;1563
;(5, 10);BreakObject;(9, 10);False;1;1564
;(5, 10);BreakObject;(9, 10);False;1;1565
;(5, 10);BreakObject;(9, 10);False;1;1566
;(5, 10);BreakObject;(9, 10);False;1;1567
;(5, 10);;(9, 10);False;1;1568
;(5, 10);Idle;(9, 10);False;1;1569
;(5, 10);Idle;(9, 10);False;1;1570
;(5, 10);Idle;(9, 10);False;1;1571
;(5, 10);Idle;(9, 10);False;1;1572
;(5, 10);Idle;(9, 10);False;1;1573
;(5, 10);Idle;(9, 10);False;1;1574
;(5, 10);Idle;(9, 10);False;1;1575
;(5, 10);Idle;(9, 10);False;1;1576
;(5, 10);Idle;(9, 10);False;1;1577
;(5, 10);Idle;(9, 10);False;1;1578
;(5, 10);Idle;(9, 10);False;1;1579
;(5, 10);Idle;(9, 10);False;1;1580
;(5, 10);Idle;(9, 10);False;1;1581
;(5, 10);Idle;(9, 10);False;1;1582
;(5, 10);Idle;(9, 10);False;1;1583
;(5, 10);Idle;(9, 10);False;1;1584
;(5, 10);Idle;(9, 10);False;1;1585
;(5, 10);Idle;(9, 10);False;1;1586
MoveEast;(6, 10);Idle;(9, 10);False;1;1587
;(6, 10);Idle;(9, 10);False;1;1588
;(6, 10);Idle;(9, 10);False;1;1589
;(6, 10);Idle;(9, 10);False;1;1590
MoveEast;(7, 10);Idle;(9, 10);False;1;1591
;(7, 10);Idle;(9, 10);False;1;1592
;(7, 10);Idle;(9, 10);False;1;1593
MoveEast;(8, 10);Idle;(9, 10);False;1;1594
;(8, 10);Idle;(9, 10);False;1;1595
;(8, 10);Idle;(9, 10);False;1;1596
MoveEast;(9, 10);Idle;(9, 10);False;1;1597
;(9, 10);Idle;(9, 10);False;1;1598
;(9, 10);Idle;(9, 10);False;1;1599
MoveEast;(10, 10);Idle;(9, 10);False;1;1600
;(10, 10);Idle;(9, 10);False;1;1601
;(10, 10);Idle;(9, 10);False;1;1602
;(10, 10);Idle;(9, 10);False;1;1603
MoveEast;(11, 10);Idle;(9, 10);False;1;1604
;(11, 10);Idle;(9, 10);False;1;1605
;(11, 10);Idle;(9, 10);False;1;1606
;(11, 10);Idle;(9, 10);False;1;1607
;(11, 10);Idle;(9, 10);False;1;1608
;(11, 10);Idle;(9, 10);False;1;1609
;(11, 10);Idle;(9, 10);False;1;1610
;(11, 10);Idle;(9, 10);False;1;1611
;(11, 10);Idle;(9, 10);False;1;1612
GrabObject;(11, 10);Idle;(9, 10);False;1;1613
;(11, 10);Idle;(9, 10);False;1;1614
;(11, 10);Idle;(9, 10);False;1;1615
MoveEast;(12, 10);Idle;(9, 10);False;1;1616
;(12, 10);Idle;(9, 10);False;1;1617
;(12, 10);Idle;(9, 10);False;1;1618
;(12, 10);Idle;(9, 10);False;1;1619
MoveEast;(13, 10);Idle;(9, 10);False;1;1620
;(13, 10);Idle;(9, 10);False;1;1621
;(13, 10);Idle;(9, 10);False;1;1622
MoveEast;(14, 10);Idle;(9, 10);False;1;1623
;(14, 10);;(9, 10);False;1;1624
;(14, 10);GrabObject;(9, 10);False;1;1625
;(14, 10);GrabObject;(9, 10);False;1;1626
MoveEast;(15, 10);GrabObject;(9, 10);False;1;1627
;(15, 10);GrabObject;(9, 10);False;1;1628
;(15, 10);GrabObject;(9, 10);False;1;1629
;(15, 10);GrabObject;(9, 10);False;1;1630
DropObject;(15, 10);GrabObject;(9, 10);False;1;1631
;(15, 10);GrabObject;(9, 10);False;1;1632
;(15, 10);GrabObject;(9, 10);False;1;1633
;(15, 10);GrabObject;(9, 10);False;1;1634
;(15, 10);GrabObject;(9, 10);False;1;1635
;(15, 10);;(9, 10);False;1;1636
;(15, 10);MoveEast;(9, 10);False;1;1637
;(15, 10);MoveEast;(9, 10);False;1;1638
;(15, 10);MoveEast;(9, 10);False;1;1639
;(15, 10);MoveEast;(9, 10);False;1;1640
;(15, 10);MoveEast;(9, 10);False;1;1641
;(15, 10);MoveEast;(9, 10);False;1;1642
;(15, 10);MoveEast;(9, 10);False;1;1643
;(15, 10);MoveEast;(9, 10);False;1;1644
;(15, 10);MoveEast;(9, 10);False;1;1645
;(15, 10);MoveEast;(9, 10);False;1;1646
;(15, 10);MoveEast;(10, 10);False;1;1647
;(15, 10);MoveEast;(10, 10);False;1;1648
;(15, 10);MoveEast;(10, 10);False;1;1649
;(15, 10);MoveEast;(10, 10);False;1;1650
;(15, 10);MoveEast;(10, 10);False;1;1651
;(15, 10);MoveEast;(10, 10);False;1;1652
;(15, 10);MoveEast;(10, 10);False;1;1653
;(15, 10);MoveEast;(10, 10);False;1;1654
MoveWest;(14, 10);MoveEast;(10, 10);False;1;1655
;(14, 10);MoveEast;(10, 10);False;1;1656
;(14, 10);MoveEast;(10, 10);False;1;1657
MoveWest;(13, 10);MoveEast;(11, 10);False;1;1658
;(13, 10);MoveEast;(11, 10);False;1;1659
;(13, 10);MoveEast;(11, 10);False;1;1660
MoveWest;(12, 10);MoveEast;(11, 10);False;1;1661
;(12, 10);MoveEast;(11, 10);False;1;1662
;(12, 10);MoveEast;(11, 10);False;1;1663
;(12, 10);MoveEast;(11, 10);False;1;1664
;(12, 10);MoveEast;(11, 10);False;1;1665
;(12, 10);MoveEast;(11, 10);False;1;1666
GrabObject;(12, 10);MoveEast;(11, 10);False;1;1667
MoveEast;(13, 10);MoveEast;(11, 10);False;1;1668
;(13, 10);MoveEast;(12, 10);False;1;1669
;(13, 10);MoveEast;(12, 10);False;1;1670
MoveEast;(14, 10);MoveEast;(12, 10);False;1;1671
;(14, 10);MoveEast;(12, 10);False;1;1672
;(14, 10);MoveEast;(12, 10);False;1;1673
MoveEast;(15, 10);MoveEast;(12, 10);False;1;1674
;(15, 10);MoveEast;(12, 10);False;1;1675
;(15, 10);MoveEast;(12, 10);False;1;1676
;(15, 10);MoveEast;(12, 10);False;1;1677
MoveEast;(16, 10);MoveEast;(12, 10);False;1;1678
;(16, 10);MoveEast;(12, 10);False;1;1679
;(16, 10);MoveEast;(13, 10);False;1;1680
;(16, 10);MoveEast;(13, 10);False;1;1681
;(16, 10);MoveEast;(13, 10);False;1;1682
DropObject;(16, 10);MoveEast;(13, 10);False;1;1683
MoveWest;(15, 10);MoveEast;(13, 10);False;1;1684
;(15, 10);MoveEast;(13, 10);False;1;1685
;(15, 10);MoveEast;(13, 10);False;1;1686
;(15, 10);MoveEast;(13, 10);False;1;1687
;(15, 10);MoveEast;(13, 10);False;1;1688
MoveWest;(14, 10);MoveEast;(13, 10);False;1;1689
;(14, 10);MoveEast;(13, 10);False;1;1690
MoveWest;(13, 10);MoveEast;(14, 10);False;1;1691
;(13, 10);MoveEast;(14, 10);False;1;1692
;(13, 10);MoveEast;(14, 10);False;1;1693
MoveWest;(12, 10);MoveEast;(14, 10);False;1;1694
;(12, 10);MoveEast;(14, 10);False;1;1695
;(12, 10);MoveEast;(14, 10);False;1;1696
MoveWest;(11, 10);MoveEast;(14, 10);False;1;1697
;(11, 10);MoveEast;(14, 10);False;1;1698
;(11, 10);MoveEast;(14, 10);False;1;1699
MoveWest;(10, 10);MoveEast;(14, 10);False;1;1700
;(10, 10);MoveEast;(14, 10);False;1;1701
;(10, 10);MoveEast;(15, 10);False;1;1702
MoveWest;(9, 10);Idle;(15, 10);False;1;1703
;(9, 10);Idle;(15, 10);False;1;1704
;(9, 10);Idle;(15, 10);False;1;1705
;(9, 10);Idle;(15, 10);False;1;1706
;(9, 10);Idle;(15, 10);False;1;1707
;(9, 10);Idle;(15, 10);False;1;1708
;(9, 10);Idle;(15, 10);False;1;1709
;(9, 10);Idle;(15, 10);False;1;1710
MoveEast;(10, 10);Idle;(15, 10);False;1;1711
;(10, 10);Idle;(15, 10);False;1;1712
;(10, 10);Idle;(15, 10);False;1;1713
;(10, 10);Idle;(15, 10);False;1;1714
;(10, 10);Idle;(15, 10);False;1;1715
;(10, 10);Idle;(15, 10);False;1;1716
GrabObject;(10, 10);Idle;(15, 10);False;1;1717
;(10, 10);Idle;(15, 10);False;1;1718
MoveWest;(9, 10);Idle;(15, 10);False;1;1719
;(9, 10);Idle;(15, 10);False;1;1720
;(9, 10);Idle;(15, 10);False;1;1721
MoveWest;(8, 10);Idle;(15, 10);False;1;1722
;(8, 10);Idle;(15, 10);False;1;1723
;(8, 10);Idle;(15, 10);False;1;1724
MoveWest;(7, 10);Idle;(15, 10);False;1;1725
;(7, 10);Idle;(15, 10);False;1;1726
;(7, 10);Idle;(15, 10);False;1;1727
MoveWest;(6, 10);Idle;(15, 10);False;1;1728
;(6, 10);Idle;(15, 10);False;1;1729
;(6, 10);Idle;(15, 10);False;1;1730
;(6, 10);Idle;(15, 10);False;1;1731
MoveWest;(5, 10);Idle;(15, 10);False;1;1732
;(5, 10);Idle;(15, 10);False;1;1733
;(5, 10);Idle;(15, 10);False;1;1734
MoveWest;(4, 10);Idle;(15, 10);False;1;1735
;(4, 10);Idle;(15, 10);False;1;1736
;(4, 10);Idle;(15, 10);False;1;1737
;(4, 10);Idle;(15, 10);False;1;1738
MoveWest;(3, 10);Idle;(15, 10);False;1;1739
;(3, 10);Idle;(15, 10);False;1;1740
;(3, 10);Idle;(15, 10);False;1;1741
;(3, 10);Idle;(15, 10);False;1;1742
;(3, 10);Idle;(15, 10);False;1;1743
;(3, 10);Idle;(15, 10);False;1;1744
;(3, 10);Idle;(15, 10);False;1;1745
;(3, 10);Idle;(15, 10);False;1;1746
;(3, 10);Idle;(15, 10);False;1;1747
MoveWest;(2, 10);Idle;(15, 10);False;1;1748
;(2, 10);Idle;(15, 10);False;1;1749
DropObject;(2, 10);Idle;(15, 10);False;1;1750
;(2, 10);Idle;(15, 10);False;1;1751
;(2, 10);Idle;(15, 10);False;1;1752
MoveEast;(3, 10);Idle;(15, 10);False;1;1753
;(3, 10);Idle;(15, 10);False;1;1754
;(3, 10);Idle;(15, 10);False;1;1755
;(3, 10);Idle;(15, 10);False;1;1756
MoveEast;(4, 10);Idle;(15, 10);False;1;1757
;(4, 10);;(15, 10);False;1;1758
;(4, 10);;(15, 10);False;1;1759
;(4, 10);;(15, 10);False;1;1760
;(4, 10);Idle;(15, 10);False;1;1761
MoveEast;(5, 10);Idle;(15, 10);False;1;1762
;(5, 10);Idle;(15, 10);False;1;1763
;(5, 10);Idle;(15, 10);False;1;1764
;(5, 10);Idle;(15, 10);False;1;1765
MoveEast;(6, 10);Idle;(15, 10);False;1;1766
;(6, 10);Idle;(15, 10);False;1;1767
;(6, 10);Idle;(15, 10);False;1;1768
;(6, 10);Idle;(15, 10);False;1;1769
MoveEast;(7, 10);Idle;(15, 10);False;1;1770
;(7, 10);Idle;(15, 10);False;1;1771
;(7, 10);Idle;(15, 10);False;1;1772
MoveEast;(8, 10);Idle;(15, 10);False;1;1773
;(8, 10);Idle;(15, 10);False;1;1774
;(8, 10);Idle;(15, 10);False;1;1775
;(8, 10);Idle;(15, 10);False;1;1776
;(8, 10);Idle;(15, 10);False;1;1777
;(8, 10);Idle;(15, 10);False;1;1778
MoveEast;(9, 10);Idle;(15, 10);False;1;1779
;(9, 10);Idle;(15, 10);False;1;1780
;(9, 10);Idle;(15, 10);False;1;1781
;(9, 10);Idle;(15, 10);False;1;1782
;(9, 10);Idle;(15, 10);False;1;1783
;(9, 10);Idle;(15, 10);False;1;1784
;(9, 10);Idle;(15, 10);False;1;1785
;(9, 10);Idle;(15, 10);False;1;1786
;(9, 10);Idle;(15, 10);False;1;1787
;(9, 10);Idle;(15, 10);False;1;1788
;(9, 10);Idle;(15, 10);False;1;1789
;(9, 10);Idle;(15, 10);False;1;1790
;(9, 10);Idle;(15, 10);False;1;1791
;(9, 10);Idle;(15, 10);False;1;1792
;(9, 10);Idle;(15, 10);False;1;1793
;(9, 10);Idle;(15, 10);False;1;1794
;(9, 10);Idle;(15, 10);False;1;1795
;(9, 10);Idle;(15, 10);False;1;1796
;(9, 10);Idle;(15, 10);False;1;1797
;(9, 10);Idle;(15, 10);False;1;1798
;(9, 10);Idle;(15, 10);False;1;1799
;(9, 10);Idle;(15, 10);False;1;1800
;(9, 10);Idle;(15, 10);False;1;1801
;(9, 10);Idle;(15, 10);False;1;1802
MoveEast;(10, 10);Idle;(15, 10);False;1;1803
;(10, 10);Idle;(15, 10);False;1;1804
;(10, 10);Idle;(15, 10);False;1;1805
;(10, 10);Idle;(15, 10);False;1;1806
;(10, 10);Idle;(15, 10);False;1;1807
;(10, 10);Idle;(15, 10);False;1;1808
MoveWest;(9, 10);Idle;(15, 10);False;1;1809
;(9, 10);Idle;(15, 10);False;1;1810
;(9, 10);Idle;(15, 10);False;1;1811
;(9, 10);Idle;(15, 10);False;1;1812
;(9, 10);Idle;(15, 10);False;1;1813
;(9, 10);Idle;(15, 10);False;1;1814
;(9, 10);Idle;(15, 10);False;1;1815
;(9, 10);;(15, 10);False;1;1816
;(9, 10);;(15, 10);False;1;1817
;(9, 10);;(15, 10);False;1;1818
;(9, 10);;(15, 10);False;1;1819
;(9, 10);;(15, 10);False;1;1820
;(9, 10);;(15, 10);False;1;1821
;(9, 10);;(15, 10);False;1;1822
;(9, 10);;(15, 10);False;1;1823
;(9, 10);;(15, 10);False;1;1824
;(9, 10);;(15, 10);False;1;1825
;(9, 10);;(15, 10);False;1;1826
;(9, 10);;(15, 10);False;1;1827
;(9, 10);;(15, 10);False;1;1828
;(9, 10);;(15, 10);False;1;1829
;(9, 10);;(15, 10);False;1;1830
;(9, 10);;(15, 10);False;1;1831
;(9, 10);;(15, 10);False;1;1832
;(9, 10);;(15, 10);False;1;1833
;(9, 10);;(15, 10);False;1;1834
;(9, 10);;(15, 10);False;1;1835
;(9, 10);;(15, 10);False;1;1836
;(9, 10);;(15, 10);False;1;1837
;(9, 10);;(15, 10);False;1;1838
;(9, 10);;(15, 10);False;1;1839
;(9, 10);;(15, 10);False;1;1840
;(9, 10);;(15, 10);False;1;1841
;(9, 10);;(15, 10);False;1;1842
;(9, 10);;(15, 10);False;1;1843
;(9, 10);;(15, 10);False;1;1844
;(9, 10);;(15, 10);False;1;1845
;(9, 10);;(15, 10);False;1;1846
;(9, 10);;(15, 10);False;1;1847
;(9, 10);;(15, 10);False;1;1848
;(9, 10);;(15, 10);False;1;1849
;(9, 10);;(15, 10);False;1;1850
MoveWest;(8, 10);;(15, 10);False;1;1851
;(8, 10);;(15, 10);False;1;1852
;(8, 10);;(15, 10);False;1;1853
;(8, 10);;(15, 10);False;1;1854
MoveWest;(7, 10);;(15, 10);False;1;1855
;(7, 10);;(15, 10);False;1;1856
;(7, 10);;(15, 10);False;1;1857
;(7, 10);;(15, 10);False;1;1858
;(7, 10);;(15, 10);False;1;1859
;(7, 10);;(15, 10);False;1;1860
;(7, 10);;(15, 10);False;1;1861
MoveWest;(6, 10);;(15, 10);False;1;1862
;(6, 10);;(15, 10);False;1;1863
;(6, 10);;(15, 10);False;1;1864
;(6, 10);;(15, 10);False;1;1865
;(6, 10);;(15, 10);False;1;1866
;(6, 10);;(15, 10);False;1;1867
;(6, 10);;(15, 10);False;1;1868
;(6, 10);;(15, 10);False;1;1869
;(6, 10);;(15, 10);False;1;1870
;(6, 10);;(15, 10);False;1;1871
;(6, 10);;(15, 10);False;1;1872
;(6, 10);;(15, 10);False;1;1873
;(6, 10);;(15, 10);False;1;1874
;(6, 10);;(15, 10);False;1;1875
;(6, 10);;(15, 10);False;1;1876
;(6, 10);;(15, 10);False;1;1877
;(6, 10);;(15, 10);False;1;1878
;(6, 10);;(15, 10);False;1;1879
;(6, 10);;(15, 10);False;1;1880
;(6, 10);;(15, 10);False;1;1881
;(6, 10);;(15, 10);False;1;1882
;(6, 10);;(15, 10);False;1;1883
;(6, 10);;(15, 10);False;1;1884
;(6, 10);;(15, 10);False;1;1885
;(6, 10);;(15, 10);False;1;1886
;(6, 10);;(15, 10);False;1;1887
;(6, 10);;(15, 10);False;1;1888
;(6, 10);;(15, 10);False;1;1889
;(6, 10);;(15, 10);False;1;1890
;(6, 10);;(15, 10);False;1;1891
;(6, 10);;(15, 10);False;1;1892
;(6, 10);;(15, 10);False;1;1893
;(6, 10);;(15, 10);False;1;1894
;(6, 10);;(15, 10);False;1;1895
;(6, 10);;(15, 10);False;1;1896
;(6, 10);;(15, 10);False;1;1897
;(6, 10);;(15, 10);False;1;1898
;(6, 10);;(15, 10);False;1;1899
;(6, 10);;(15, 10);False;1;1900
;(6, 10);;(15, 10);False;1;1901
;(6, 10);;(15, 10);False;1;1902
;(6, 10);;(15, 10);False;1;1903
;(6, 10);;(15, 10);False;1;1904
;(6, 10);;(15, 10);False;1;1905
;(6, 10);;(15, 10);False;1;1906
;(6, 10);;(15, 10);False;1;1907
;(6, 10);;(15, 10);False;1;1908
;(6, 10);;(15, 10);False;1;1909
;(6, 10);;(15, 10);False;1;1910
;(6, 10);;(15, 10);False;1;1911
;(6, 10);;(15, 10);False;1;1912
;(6, 10);;(15, 10);False;1;1913
;(6, 10);;(15, 10);False;1;1914
;(6, 10);;(15, 10);False;1;1915
;(6, 10);;(15, 10);False;1;1916
;(6, 10);;(15, 10);False;1;1917
;(6, 10);;(15, 10);False;1;1918
;(6, 10);;(15, 10);False;1;1919
;(6, 10);;(15, 10);False;1;1920
;(6, 10);;(15, 10);False;1;1921
;(6, 10);;(15, 10);False;1;1922
;(6, 10);;(15, 10);False;1;1923
;(6, 10);;(15, 10);False;1;1924
;(6, 10);;(15, 10);False;1;1925
;(6, 10);;(15, 10);False;1;1926
;(6, 10);;(15, 10);False;1;1927
;(6, 10);;(15, 10);False;1;1928
;(6, 10);;(15, 10);False;1;1929
;(6, 10);;(15, 10);False;1;1930
;(6, 10);;(15, 10);False;1;1931
;(6, 10);;(15, 10);False;1;1932
;(6, 10);;(15, 10);False;1;1933
;(6, 10);;(15, 10);False;1;1934
;(6, 10);;(15, 10);False;1;1935
;(6, 10);;(15, 10);False;1;1936
;(6, 10);;(15, 10);False;1;1937
;(6, 10);;(15, 10);False;1;1938
;(6, 10);;(15, 10);False;1;1939
;(6, 10);;(15, 10);False;1;1940
;(6, 10);;(15, 10);False;1;1941
;(6, 10);;(15, 10);False;1;1942
;(6, 10);;(15, 10);False;1;1943
;(6, 10);;(15, 10);False;1;1944
;(6, 10);;(15, 10);False;1;1945
MoveEast;(7, 10);;(15, 10);False;1;1946
;(7, 10);;(15, 10);False;1;1947
;(7, 10);;(15, 10);False;1;1948
;(7, 10);;(15, 10);False;1;1949
;(7, 10);;(15, 10);False;1;1950
;(7, 10);;(15, 10);False;1;1951
;(7, 10);;(15, 10);False;1;1952
;(7, 10);;(15, 10);False;1;1953
;(7, 10);;(15, 10);False;1;1954
MoveEast;(8, 10);;(15, 10);False;1;1955
;(8, 10);;(15, 10);False;1;1956
MoveEast;(9, 10);;(15, 10);False;1;1957
MoveEast;(10, 10);;(15, 10);False;1;1958
;(10, 10);;(15, 10);False;1;1959
MoveEast;(11, 10);;(15, 10);False;1;1960
MoveEast;(12, 10);;(15, 10);False;1;1961
;(12, 10);;(15, 10);False;1;1962
MoveEast;(13, 10);;(15, 10);False;1;1963
;(13, 10);;(15, 10);False;1;1964
MoveEast;(14, 10);;(15, 10);False;1;1965
;(14, 10);;(15, 10);False;1;1966
;(14, 10);;(15, 10);False;1;1967
;(14, 10);;(15, 10);False;1;1968
;(14, 10);;(15, 10);False;1;1969
;(14, 10);;(15, 10);False;1;1970
;(14, 10);;(15, 10);False;1;1971
MoveEast;(15, 10);;(15, 10);False;1;1972
;(15, 10);;(15, 10);False;1;1973
;(15, 10);;(15, 10);False;1;1974
;(15, 10);;(15, 10);False;1;1975
;(15, 10);;(15, 10);False;1;1976
;(15, 10);;(15, 10);False;1;1977
;(15, 10);;(15, 10);False;1;1978
;(15, 10);;(15, 10);False;1;1979
;(15, 10);;(15, 10);False;1;1980
;(15, 10);;(15, 10);False;1;1981
;(15, 10);;(15, 10);False;1;1982
;(15, 10);;(15, 10);False;1;1983
;(15, 10);;(15, 10);False;1;1984
;(15, 10);;(15, 10);False;1;1985
;(15, 10);;(15, 10);False;1;1986
;(15, 10);;(15, 10);False;1;1987
;(15, 10);;(15, 10);False;1;1988
;(15, 10);;(15, 10);False;1;1989
;(15, 10);;(15, 10);False;1;1990
;(15, 10);;(15, 10);False;1;1991
;(15, 10);;(15, 10);False;1;1992
;(15, 10);;(15, 10);False;1;1993
;(15, 10);;(15, 10);False;1;1994
;(15, 10);;(15, 10);False;1;1995
;(15, 10);;(15, 10);False;1;1996
;(15, 10);;(15, 10);False;1;1997
;(15, 10);;(15, 10);False;1;1998
MoveWest;(14, 10);;(15, 10);False;1;1999
;(14, 10);;(15, 10);False;1;2000
;(14, 10);;(15, 10);False;1;2001
;(14, 10);;(15, 10);False;1;2002
;(14, 10);;(15, 10);False;1;2003
;(14, 10);;(15, 10);False;1;2004
;(14, 10);;(15, 10);False;1;2005
;(14, 10);;(15, 10);False;1;2006
MoveWest;(13, 10);;(15, 10);False;1;2007
;(13, 10);;(15, 10);False;1;2008
;(13, 10);;(15, 10);False;1;2009
;(13, 10);;(15, 10);False;1;2010
;(13, 10);;(15, 10);False;1;2011
;(13, 10);;(15, 10);False;1;2012
;(13, 10);;(15, 10);False;1;2013
;(13, 10);;(15, 10);False;1;2014
;(13, 10);;(15, 10);False;1;2015
;(13, 10);;(15, 10);False;1;2016
;(13, 10);;(15, 10);False;1;2017
;(13, 10);;(15, 10);False;1;2018
;(13, 10);;(15, 10);False;1;2019
;(13, 10);;(15, 10);False;1;2020
;(13, 10);;(15, 10);False;1;2021
;(13, 10);;(15, 10);False;1;2022
;(13, 10);;(15, 10);False;1;2023
;(13, 10);;(15, 10);False;1;2024
;(13, 10);;(15, 10);False;1;2025
;(13, 10);;(15, 10);False;1;2026
;(13, 10);;(15, 10);False;1;2027
;(13, 10);;(15, 10);False;1;2028
;(13, 10);;(15, 10);False;1;2029
;(13, 10);;(15, 10);False;1;2030
;(13, 10);;(15, 10);False;1;2031
;(13, 10);;(15, 10);False;1;2032
;(13, 10);;(15, 10);False;1;2033
;(13, 10);;(15, 10);False;1;2034
;(13, 10);;(15, 10);False;1;2035
;(13, 10);;(15, 10);False;1;2036
;(13, 10);;(15, 10);False;1;2037
;(13, 10);;(15, 10);False;1;2038
;(13, 10);;(15, 10);False;1;2039
;(13, 10);;(15, 10);False;1;2040
;(13, 10);;(15, 10);False;1;2041
;(13, 10);;(15, 10);False;1;2042
;(13, 10);;(15, 10);False;1;2043
;(13, 10);;(15, 10);False;1;2044
;(13, 10);;(15, 10);False;1;2045
;(13, 10);;(15, 10);False;1;2046
;(13, 10);;(15, 10);False;1;2047
;(13, 10);;(15, 10);False;1;2048
;(13, 10);;(15, 10);False;1;2049
;(13, 10);;(15, 10);False;1;2050
;(13, 10);;(15, 10);False;1;2051
;(13, 10);;(15, 10);False;1;2052
;(13, 10);;(15, 10);False;1;2053
;(13, 10);;(15, 10);False;1;2054
;(13, 10);;(15, 10);False;1;2055
;(13, 10);;(15, 10);False;1;2056
;(13, 10);;(15, 10);False;1;2057
;(13, 10);;(15, 10);False;1;2058
;(13, 10);;(15, 10);False;1;2059
;(13, 10);;(15, 10);False;1;2060
;(13, 10);;(15, 10);False;1;2061
;(13, 10);;(15, 10);False;1;2062
;(13, 10);;(15, 10);False;1;2063
;(13, 10);;(15, 10);False;1;2064
;(13, 10);;(15, 10);False;1;2065
;(13, 10);;(15, 10);False;1;2066
;(13, 10);;(15, 10);False;1;2067
;(13, 10);;(15, 10);False;1;2068
;(13, 10);;(15, 10);False;1;2069
;(13, 10);;(15, 10);False;1;2070
;(13, 10);;(15, 10);False;1;2071
;(13, 10);;(15, 10);False;1;2072
;(13, 10);;(15, 10);False;1;2073
;(13, 10);;(15, 10);False;1;2074
;(13, 10);;(15, 10);False;1;2075
;(13, 10);;(15, 10);False;1;2076
;(13, 10);;(15, 10);False;1;2077
;(13, 10);;(15, 10);False;1;2078
;(13, 10);;(15, 10);False;1;2079
;(13, 10);;(15, 10);False;1;2080
;(13, 10);;(15, 10);False;1;2081
;(13, 10);;(15, 10);False;1;2082
;(13, 10);;(15, 10);False;1;2083
;(13, 10);;(15, 10);False;1;2084
;(13, 10);;(15, 10);False;1;2085
;(13, 10);;(15, 10);False;1;2086
;(13, 10);;(15, 10);False;1;2087
;(13, 10);;(15, 10);False;1;2088
;(13, 10);;(15, 10);False;1;2089
;(13, 10);;(15, 10);False;1;2090
;(13, 10);;(15, 10);False;1;2091
;(13, 10);;(15, 10);False;1;2092
;(13, 10);;(15, 10);False;1;2093
;(13, 10);;(15, 10);False;1;2094
MoveEast;(14, 10);;(15, 10);False;1;2095
;(14, 10);;(15, 10);False;1;2096
;(14, 10);;(15, 10);False;1;2097
;(14, 10);;(15, 10);False;1;2098
;(14, 10);;(15, 10);False;1;2099
;(14, 10);;(15, 10);False;1;2100
;(14, 10);;(15, 10);False;1;2101
MoveWest;(13, 10);;(15, 10);False;1;2102
;(13, 10);;(15, 10);False;1;2103
;(13, 10);;(15, 10);False;1;2104
;(13, 10);;(15, 10);False;1;2105
;(13, 10);;(15, 10);False;1;2106
MoveWest;(12, 10);;(15, 10);False;1;2107
;(12, 10);;(15, 10);False;1;2108
;(12, 10);;(15, 10);False;1;2109
;(12, 10);;(15, 10);False;1;2110
;(12, 10);;(15, 10);False;1;2111
;(12, 10);;(15, 10);False;1;2112
;(12, 10);;(15, 10);False;1;2113
;(12, 10);;(15, 10);False;1;2114
;(12, 10);;(15, 10);False;1;2115
;(12, 10);;(15, 10);False;1;2116
;(12, 10);;(15, 10);False;1;2117
;(12, 10);;(15, 10);False;1;2118
;(12, 10);;(15, 10);False;1;2119
;(12, 10);;(15, 10);False;1;2120
;(12, 10);;(15, 10);False;1;2121
;(12, 10);;(15, 10);False;1;2122
;(12, 10);;(15, 10);False;1;2123
;(12, 10);;(15, 10);False;1;2124
;(12, 10);;(15, 10);False;1;2125
;(12, 10);;(15, 10);False;1;2126
;(12, 10);;(15, 10);False;1;2127
;(12, 10);;(15, 10);False;1;2128
;(12, 10);;(15, 10);False;1;2129
;(12, 10);;(15, 10);False;1;2130
;(12, 10);;(15, 10);False;1;2131
;(12, 10);;(15, 10);False;1;2132
;(12, 10);;(15, 10);False;1;2133
;(12, 10);;(15, 10);False;1;2134
;(12, 10);;(15, 10);False;1;2135
;(12, 10);;(15, 10);False;1;2136
;(12, 10);;(15, 10);False;1;2137
;(12, 10);;(15, 10);False;1;2138
;(12, 10);;(15, 10);False;1;2139
;(12, 10);;(15, 10);False;1;2140
;(12, 10);;(15, 10);False;1;2141
;(12, 10);;(15, 10);False;1;2142
;(12, 10);;(15, 10);False;1;2143
;(12, 10);;(15, 10);False;1;2144
;(12, 10);;(15, 10);False;1;2145
;(12, 10);;(15, 10);False;1;2146
;(12, 10);;(15, 10);False;1;2147
;(12, 10);;(15, 10);False;1;2148
;(12, 10);;(15, 10);False;1;2149
;(12, 10);;(15, 10);False;1;2150
;(12, 10);;(15, 10);False;1;2151
;(12, 10);;(15, 10);False;1;2152
;(12, 10);;(15, 10);False;1;2153
;(12, 10);;(15, 10);False;1;2154
;(12, 10);;(15, 10);False;1;2155
;(12, 10);;(15, 10);False;1;2156
;(12, 10);;(15, 10);False;1;2157
MoveEast;(13, 10);;(15, 10);False;1;2158
;(13, 10);;(15, 10);False;1;2159
;(13, 10);;(15, 10);False;1;2160
;(13, 10);;(15, 10);False;1;2161
MoveEast;(14, 10);;(15, 10);False;1;2162
;(14, 10);;(15, 10);False;1;2163
;(14, 10);;(15, 10);False;1;2164
MoveEast;(15, 10);;(15, 10);False;1;2165
;(15, 10);;(15, 10);False;1;2166
;(15, 10);;(15, 10);False;1;2167
;(15, 10);;(15, 10);False;1;2168
;(15, 10);;(15, 10);False;1;2169
;(15, 10);;(15, 10);False;1;2170
;(15, 10);;(15, 10);False;1;2171
;(15, 10);;(15, 10);False;1;2172
;(15, 10);;(15, 10);False;1;2173
;(15, 10);;(15, 10);False;1;2174
;(15, 10);;(15, 10);False;1;2175
;(15, 10);;(15, 10);False;1;2176
;(15, 10);;(15, 10);False;1;2177
;(15, 10);;(15, 10);False;1;2178
;(15, 10);;(15, 10);False;1;2179
;(15, 10);;(15, 10);False;1;2180
;(15, 10);;(15, 10);False;1;2181
;(15, 10);;(15, 10);False;1;2182
;(15, 10);;(15, 10);False;1;2183
;(15, 10);;(15, 10);False;1;2184
;(15, 10);;(15, 10);False;1;2185
;(15, 10);;(15, 10);False;1;2186
;(15, 10);;(15, 10);False;1;2187
;(15, 10);;(15, 10);False;1;2188
;(15, 10);;(15, 10);False;1;2189
;(15, 10);;(15, 10);False;1;2190
;(15, 10);;(15, 10);False;1;2191
;(15, 10);;(15, 10);False;1;2192
;(15, 10);;(15, 10);False;1;2193
;(15, 10);;(15, 10);False;1;2194
;(15, 10);;(15, 10);False;1;2195
;(15, 10);;(15, 10);False;1;2196
;(15, 10);;(15, 10);False;1;2197
;(15, 10);;(15, 10);False;1;2198
;(15, 10);;(15, 10);False;1;2199
;(15, 10);;(15, 10);False;1;2200
;(15, 10);;(15, 10);False;1;2201
;(15, 10);;(15, 10);False;1;2202
;(15, 10);;(15, 10);False;1;2203
;(15, 10);;(15, 10);False;1;2204
;(15, 10);;(15, 10);False;1;2205
;(15, 10);;(15, 10);False;1;2206
;(15, 10);;(15, 10);False;1;2207
;(15, 10);;(15, 10);False;1;2208
;(15, 10);;(15, 10);False;1;2209
;(15, 10);;(15, 10);False;1;2210
;(15, 10);;(15, 10);False;1;2211
;(15, 10);;(15, 10);False;1;2212
;(15, 10);;(15, 10);False;1;2213
;(15, 10);;(15, 10);False;1;2214
;(15, 10);;(15, 10);False;1;2215
;(15, 10);;(15, 10);False;1;2216
;(15, 10);;(15, 10);False;1;2217
;(15, 10);;(15, 10);False;1;2218
;(15, 10);;(15, 10);False;1;2219
;(15, 10);;(15, 10);False;1;2220
;(15, 10);;(15, 10);False;1;2221
;(15, 10);;(15, 10);False;1;2222
;(15, 10);;(15, 10);False;1;2223
;(15, 10);;(15, 10);False;1;2224
;(15, 10);;(15, 10);False;1;2225
;(15, 10);;(15, 10);False;1;2226
;(15, 10);;(15, 10);False;1;2227
;(15, 10);;(15, 10);False;1;2228
;(15, 10);;(15, 10);False;1;2229
;(15, 10);;(15, 10);False;1;2230
;(15, 10);;(15, 10);False;1;2231
;(15, 10);;(15, 10);False;1;2232
;(15, 10);;(15, 10);False;1;2233
;(15, 10);;(15, 10);False;1;2234
;(15, 10);;(15, 10);False;1;2235
;(15, 10);;(15, 10);False;1;2236
;(15, 10);;(15, 10);False;1;2237
;(15, 10);;(15, 10);False;1;2238
;(15, 10);;(15, 10);False;1;2239
;(15, 10);;(15, 10);False;1;2240
;(15, 10);;(15, 10);False;1;2241
;(15, 10);;(15, 10);False;1;2242
;(15, 10);;(15, 10);False;1;2243
;(15, 10);;(15, 10);False;1;2244
;(15, 10);;(15, 10);False;1;2245
;(15, 10);;(15, 10);False;1;2246
;(15, 10);;(15, 10);False;1;2247
;(15, 10);;(15, 10);False;1;2248
;(15, 10);;(15, 10);False;1;2249
;(15, 10);;(15, 10);False;1;2250
;(15, 10);;(15, 10);False;1;2251
;(15, 10);;(15, 10);False;1;2252
;(15, 10);;(15, 10);False;1;2253
;(15, 10);;(15, 10);False;1;2254
;(15, 10);;(15, 10);False;1;2255
;(15, 10);;(15, 10);False;1;2256
;(15, 10);;(15, 10);False;1;2257
;(15, 10);;(15, 10);False;1;2258
;(15, 10);;(15, 10);False;1;2259
;(15, 10);;(15, 10);False;1;2260
;(15, 10);;(15, 10);False;1;2261
;(15, 10);;(15, 10);False;1;2262
;(15, 10);;(15, 10);False;1;2263
;(15, 10);;(15, 10);False;1;2264
;(15, 10);;(15, 10);False;1;2265
;(15, 10);;(15, 10);False;1;2266
;(15, 10);;(15, 10);False;1;2267
;(15, 10);;(15, 10);False;1;2268
;(15, 10);;(15, 10);False;1;2269
;(15, 10);;(15, 10);False;1;2270
;(15, 10);;(15, 10);False;1;2271
;(15, 10);;(15, 10);False;1;2272
;(15, 10);;(15, 10);False;1;2273
;(15, 10);;(15, 10);False;1;2274
;(15, 10);;(15, 10);False;1;2275
;(15, 10);;(15, 10);False;1;2276
;(15, 10);;(15, 10);False;1;2277
;(15, 10);;(15, 10);False;1;2278
;(15, 10);;(15, 10);False;1;2279
;(15, 10);;(15, 10);False;1;2280
;(15, 10);;(15, 10);False;1;2281
;(15, 10);;(15, 10);False;1;2282
;(15, 10);;(15, 10);False;1;2283
;(15, 10);;(15, 10);False;1;2284
;(15, 10);;(15, 10);False;1;2285
;(15, 10);;(15, 10);False;1;2286
;(15, 10);;(15, 10);False;1;2287
;(15, 10);;(15, 10);False;1;2288
;(15, 10);;(15, 10);False;1;2289
;(15, 10);;(15, 10);False;1;2290
;(15, 10);;(15, 10);False;1;2291
;(15, 10);;(15, 10);False;1;2292
;(15, 10);;(15, 10);False;1;2293
;(15, 10);;(15, 10);False;1;2294
;(15, 10);;(15, 10);False;1;2295
;(15, 10);;(15, 10);False;1;2296
;(15, 10);;(15, 10);False;1;2297
;(15, 10);;(15, 10);False;1;2298
;(15, 10);;(15, 10);False;1;2299
;(15, 10);;(15, 10);False;1;2300
;(15, 10);;(15, 10);False;1;2301
;(15, 10);;(15, 10);False;1;2302
;(15, 10);;(15, 10);False;1;2303
;(15, 10);;(15, 10);False;1;2304
;(15, 10);;(15, 10);False;1;2305
;(15, 10);;(15, 10);False;1;2306
;(15, 10);;(15, 10);False;1;2307
;(15, 10);;(15, 10);False;1;2308
;(15, 10);;(15, 10);False;1;2309
;(15, 10);;(15, 10);False;1;2310
;(15, 10);;(15, 10);False;1;2311
;(15, 10);;(15, 10);False;1;2312
;(15, 10);;(15, 10);False;1;2313
;(15, 10);;(15, 10);False;1;2314
;(15, 10);;(15, 10);False;1;2315
;(15, 10);;(15, 10);False;1;2316
;(15, 10);;(15, 10);False;1;2317
;(15, 10);;(15, 10);False;1;2318
;(15, 10);;(15, 10);False;1;2319
;(15, 10);;(15, 10);False;1;2320
;(15, 10);;(15, 10);False;1;2321
;(15, 10);;(15, 10);False;1;2322
;(15, 10);;(15, 10);False;1;2323
;(15, 10);;(15, 10);False;1;2324
;(15, 10);;(15, 10);False;1;2325
;(15, 10);;(15, 10);False;1;2326
;(15, 10);;(15, 10);False;1;2327
;(15, 10);;(15, 10);False;1;2328
;(15, 10);;(15, 10);False;1;2329
;(15, 10);;(15, 10);False;1;2330
;(15, 10);;(15, 10);False;1;2331
;(15, 10);;(15, 10);False;1;2332
;(15, 10);;(15, 10);False;1;2333
;(15, 10);;(15, 10);False;1;2334
;(15, 10);;(15, 10);False;1;2335
;(15, 10);;(15, 10);False;1;2336
;(15, 10);;(15, 10);False;1;2337
;(15, 10);;(15, 10);False;1;2338
;(15, 10);;(15, 10);False;1;2339
;(15, 10);;(15, 10);False;1;2340
;(15, 10);;(15, 10);False;1;2341
;(15, 10);;(15, 10);False;1;2342
;(15, 10);;(15, 10);False;1;2343
;(15, 10);;(15, 10);False;1;2344
;(15, 10);;(15, 10);False;1;2345
;(15, 10);;(15, 10);False;1;2346
;(15, 10);;(15, 10);False;1;2347
;(15, 10);;(15, 10);False;1;2348
;(15, 10);;(15, 10);False;1;2349
;(15, 10);;(15, 10);False;1;2350
;(15, 10);;(15, 10);False;1;2351
;(15, 10);;(15, 10);False;1;2352
;(15, 10);;(15, 10);False;1;2353
;(15, 10);;(15, 10);False;1;2354
;(15, 10);;(15, 10);False;1;2355
;(15, 10);;(15, 10);False;1;2356
;(15, 10);;(15, 10);False;1;2357
;(15, 10);;(15, 10);False;1;2358
;(15, 10);;(15, 10);False;1;2359
;(15, 10);;(15, 10);False;1;2360
;(15, 10);;(15, 10);False;1;2361
;(15, 10);;(15, 10);False;1;2362
;(15, 10);;(15, 10);False;1;2363
;(15, 10);;(15, 10);False;1;2364
;(15, 10);;(15, 10);False;1;2365
;(15, 10);;(15, 10);False;1;2366
;(15, 10);;(15, 10);False;1;2367
;(15, 10);;(15, 10);False;1;2368
;(15, 10);;(15, 10);False;1;2369
;(15, 10);;(15, 10);False;1;2370
;(15, 10);;(15, 10);False;1;2371
;(15, 10);;(15, 10);False;1;2372
;(15, 10);;(15, 10);False;1;2373
;(15, 10);;(15, 10);False;1;2374
;(15, 10);;(15, 10);False;1;2375
;(15, 10);;(15, 10);False;1;2376
;(15, 10);;(15, 10);False;1;2377
;(15, 10);;(15, 10);False;1;2378
;(15, 10);;(15, 10);False;1;2379
;(15, 10);;(15, 10);False;1;2380
;(15, 10);;(15, 10);False;1;2381
;(15, 10);;(15, 10);False;1;2382
;(15, 10);;(15, 10);False;1;2383
;(15, 10);;(15, 10);False;1;2384
;(15, 10);;(15, 10);False;1;2385
;(15, 10);;(15, 10);False;1;2386
;(15, 10);;(15, 10);False;1;2387
;(15, 10);;(15, 10);False;1;2388
;(15, 10);;(15, 10);False;1;2389
;(15, 10);;(15, 10);False;1;2390
;(15, 10);;(15, 10);False;1;2391
;(15, 10);;(15, 10);False;1;2392
;(15, 10);;(15, 10);False;1;2393
;(15, 10);;(15, 10);False;1;2394
;(15, 10);;(15, 10);False;1;2395
;(15, 10);;(15, 10);False;1;2396
;(15, 10);;(15, 10);False;1;2397
;(15, 10);;(15, 10);False;1;2398
;(15, 10);;(15, 10);False;1;2399
;(15, 10);;(15, 10);False;1;2400
;(15, 10);;(15, 10);False;1;2401
;(15, 10);;(15, 10);False;1;2402
;(15, 10);;(15, 10);False;1;2403
MoveEast;(16, 10);;(15, 10);False;1;2404
;(16, 10);;(15, 10);False;1;2405
;(16, 10);;(15, 10);False;1;2406
;(16, 10);;(15, 10);False;1;2407
;(16, 10);;(15, 10);False;1;2408
MoveEast;(17, 10);;(15, 10);False;1;2409
;(17, 10);;(15, 10);False;1;2410
;(17, 10);;(15, 10);False;1;2411
;(17, 10);;(15, 10);False;1;2412
;(17, 10);;(15, 10);False;1;2413
;(17, 10);;(15, 10);False;1;2414
MoveEast;(18, 10);;(15, 10);False;1;2415
;(18, 10);;(15, 10);False;1;2416
;(18, 10);;(15, 10);False;1;2417
;(18, 10);;(15, 10);False;1;2418
MoveWest;(17, 10);;(15, 10);False;1;2419
;(17, 10);;(15, 10);False;1;2420
;(17, 10);;(15, 10);False;1;2421
;(17, 10);;(15, 10);False;1;2422
MoveWest;(16, 10);;(15, 10);False;1;2423
;(16, 10);;(15, 10);False;1;2424
;(16, 10);;(15, 10);False;1;2425
;(16, 10);;(15, 10);False;1;2426
MoveWest;(15, 10);;(15, 10);False;1;2427
;(15, 10);;(15, 10);False;1;2428
;(15, 10);;(15, 10);False;1;2429
;(15, 10);;(15, 10);False;1;2430
;(15, 10);;(15, 10);False;1;2431
DropObject;(15, 10);;(15, 10);False;1;2432
;(15, 10);;(15, 10);False;1;2433
;(15, 10);;(15, 10);False;1;2434
;(15, 10);;(15, 10);False;1;2435
;(15, 10);;(15, 10);False;1;2436
;(15, 10);;(15, 10);False;1;2437
DropObject;(15, 10);;(15, 10);False;1;2438
;(15, 10);;(15, 10);False;1;2439
;(15, 10);;(15, 10);False;1;2440
;(15, 10);;(15, 10);False;1;2441
DropObject;(15, 10);;(15, 10);False;1;2442
;(15, 10);;(15, 10);False;1;2443
;(15, 10);;(15, 10);False;1;2444
;(15, 10);;(15, 10);False;1;2445
DropObject;(15, 10);;(15, 10);False;1;2446
;(15, 10);;(15, 10);False;1;2447
;(15, 10);;(15, 10);False;1;2448
;(15, 10);;(15, 10);False;1;2449
;(15, 10);;(15, 10);False;1;2450
MoveEast;(16, 10);;(15, 10);False;1;2451
;(16, 10);;(15, 10);False;1;2452
;(16, 10);;(15, 10);False;1;2453
;(16, 10);;(15, 10);False;1;2454
;(16, 10);;(15, 10);False;1;2455
;(16, 10);;(15, 10);False;1;2456
;(16, 10);;(15, 10);False;1;2457
;(16, 10);;(15, 10);False;1;2458
MoveEast;(17, 10);;(15, 10);False;1;2459
;(17, 10);;(15, 10);False;1;2460
;(17, 10);;(15, 10);False;1;2461
MoveWest;(16, 10);;(15, 10);False;1;2462
;(16, 10);;(15, 10);False;1;2463
;(16, 10);;(15, 10);False;1;2464
;(16, 10);;(15, 10);False;1;2465
;(16, 10);;(15, 10);False;1;2466
MoveWest;(15, 10);;(15, 10);False;1;2467
;(15, 10);;(15, 10);False;1;2468
;(15, 10);;(15, 10);False;1;2469
MoveWest;(14, 10);;(15, 10);False;1;2470
;(14, 10);;(15, 10);False;1;2471
;(14, 10);;(15, 10);False;1;2472
DropObject;(14, 10);;(15, 10);False;1;2473
;(14, 10);;(15, 10);False;1;2474
;(14, 10);;(15, 10);False;1;2475
;(14, 10);;(15, 10);False;1;2476
;(14, 10);;(15, 10);False;1;2477
DropObject;(14, 10);;(15, 10);False;1;2478
;(14, 10);;(15, 10);False;1;2479
;(14, 10);;(15, 10);False;1;2480
;(14, 10);;(15, 10);False;1;2481
MoveEast;(15, 10);;(15, 10);False;1;2482
;(15, 10);;(15, 10);False;1;2483
;(15, 10);;(15, 10);False;1;2484
;(15, 10);;(15, 10);False;1;2485
MoveEast;(16, 10);;(15, 10);False;1;2486
;(16, 10);;(15, 10);False;1;2487
;(16, 10);;(15, 10);False;1;2488
;(16, 10);;(15, 10);False;1;2489
DropObject;(16, 10);;(15, 10);False;1;2490
;(16, 10);;(15, 10);False;1;2491
;(16, 10);;(15, 10);False;1;2492
;(16, 10);;(15, 10);False;1;2493
DropObject;(16, 10);;(15, 10);False;1;2494
;(16, 10);;(15, 10);False;1;2495
;(16, 10);;(15, 10);False;1;2496
MoveWest;(15, 10);;(15, 10);False;1;2497
;(15, 10);;(15, 10);False;1;2498
;(15, 10);;(15, 10);False;1;2499
;(15, 10);;(15, 10);False;1;2500
MoveWest;(14, 10);;(15, 10);False;1;2501
;(14, 10);;(15, 10);False;1;2502
;(14, 10);;(15, 10);False;1;2503
MoveWest;(13, 10);;(15, 10);False;1;2504
;(13, 10);;(15, 10);False;1;2505
;(13, 10);;(15, 10);False;1;2506
;(13, 10);;(15, 10);False;1;2507
;(13, 10);;(15, 10);False;1;2508
;(13, 10);;(15, 10);False;1;2509
MoveWest;(12, 10);;(15, 10);False;1;2510
;(12, 10);;(15, 10);False;1;2511
;(12, 10);;(15, 10);False;1;2512
;(12, 10);;(15, 10);False;1;2513
;(12, 10);;(15, 10);False;1;2514
;(12, 10);;(15, 10);False;1;2515
;(12, 10);;(15, 10);False;1;2516
;(12, 10);;(15, 10);False;1;2517
;(12, 10);;(15, 10);False;1;2518
;(12, 10);;(15, 10);False;1;2519
;(12, 10);;(15, 10);False;1;2520
;(12, 10);;(15, 10);False;1;2521
;(12, 10);;(15, 10);False;1;2522
;(12, 10);;(15, 10);False;1;2523
GrabObject;(12, 10);;(15, 10);False;1;2524
;(12, 10);;(15, 10);False;1;2525
;(12, 10);;(15, 10);False;1;2526
GrabObject;(12, 10);;(15, 10);False;1;2527
;(12, 10);;(15, 10);False;1;2528
;(12, 10);;(15, 10);False;1;2529
;(12, 10);;(15, 10);False;1;2530
GrabObject;(12, 10);;(15, 10);False;1;2531
;(12, 10);;(15, 10);False;1;2532
;(12, 10);;(15, 10);False;1;2533
MoveNorth;(12, 9);;(15, 10);False;1;2534
;(12, 9);;(15, 10);False;1;2535
;(12, 9);;(15, 10);False;1;2536
MoveNorth;(12, 8);;(15, 10);False;1;2537
;(12, 8);;(15, 10);False;1;2538
;(12, 8);;(15, 10);False;1;2539
;(12, 8);;(15, 10);False;1;2540
MoveNorth;(12, 7);;(15, 10);False;1;2541
;(12, 7);;(15, 10);False;1;2542
;(12, 7);;(15, 10);False;1;2543
;(12, 7);;(15, 10);False;1;2544
MoveNorth;(12, 6);;(15, 10);False;1;2545
;(12, 6);;(15, 10);False;1;2546
MoveWest;(11, 6);;(15, 10);False;1;2547
;(11, 6);;(15, 10);False;1;2548
;(11, 6);;(15, 10);False;1;2549
;(11, 6);;(15, 10);False;1;2550
;(11, 6);;(15, 10);False;1;2551
;(11, 6);;(15, 10);False;1;2552
;(11, 6);;(15, 10);False;1;2553
;(11, 6);;(15, 10);False;1;2554
;(11, 6);;(15, 10);False;1;2555
;(11, 6);;(15, 10);False;1;2556
;(11, 6);;(15, 10);False;1;2557
MoveSouth;(11, 7);;(15, 10);False;1;2558
;(11, 7);;(15, 10);False;1;2559
;(11, 7);;(15, 10);False;1;2560
;(11, 7);;(15, 10);False;1;2561
;(11, 7);;(15, 10);False;1;2562
;(11, 7);;(15, 10);False;1;2563
;(11, 7);;(15, 10);False;1;2564
;(11, 7);;(15, 10);False;1;2565
;(11, 7);;(15, 10);False;1;2566
MoveSouth;(11, 8);;(15, 10);False;1;2567
;(11, 8);;(15, 10);False;1;2568
;(11, 8);;(15, 10);False;1;2569
GrabObject;(11, 8);;(15, 10);False;1;2570
;(11, 8);;(15, 10);False;1;2571
;(11, 8);;(15, 10);False;1;2572
;(11, 8);;(15, 10);False;1;2573
GrabObject;(11, 8);;(15, 10);False;1;2574
;(11, 8);;(15, 10);False;1;2575
;(11, 8);;(15, 10);False;1;2576
;(11, 8);;(15, 10);False;1;2577
GrabObject;(11, 8);;(15, 10);False;1;2578
;(11, 8);;(15, 10);False;1;2579
;(11, 8);;(15, 10);False;1;2580
;(11, 8);;(15, 10);False;1;2581
;(11, 8);;(15, 10);False;1;2582
;(11, 8);;(15, 10);False;1;2583
;(11, 8);;(15, 10);False;1;2584
MoveEast;(12, 8);;(15, 10);False;1;2585
;(12, 8);;(15, 10);False;1;2586
;(12, 8);;(15, 10);False;1;2587
;(12, 8);;(15, 10);False;1;2588
MoveEast;(13, 8);;(15, 10);False;1;2589
;(13, 8);;(15, 10);False;1;2590
;(13, 8);;(15, 10);False;1;2591
MoveSouth;(13, 9);;(15, 10);False;1;2592
;(13, 9);;(15, 10);False;1;2593
;(13, 9);;(15, 10);False;1;2594
;(13, 9);;(15, 10);False;1;2595
MoveSouth;(13, 10);;(15, 10);False;1;2596
;(13, 10);;(15, 10);False;1;2597
;(13, 10);;(15, 10);False;1;2598
;(13, 10);;(15, 10);False;1;2599
;(13, 10);;(15, 10);False;1;2600
GrabObject;(13, 10);;(15, 10);False;1;2601
;(13, 10);;(15, 10);False;1;2602
;(13, 10);;(15, 10);False;1;2603
;(13, 10);;(15, 10);False;1;2604
GrabObject;(13, 10);;(15, 10);False;1;2605
;(13, 10);;(15, 10);False;1;2606
;(13, 10);;(15, 10);False;1;2607
;(13, 10);;(15, 10);False;1;2608
GrabObject;(13, 10);;(15, 10);False;1;2609
;(13, 10);;(15, 10);False;1;2610
;(13, 10);;(15, 10);False;1;2611
;(13, 10);;(15, 10);False;1;2612
;(13, 10);;(15, 10);False;1;2613
MoveWest;(12, 10);;(15, 10);False;1;2614
;(12, 10);;(15, 10);False;1;2615
;(12, 10);;(15, 10);False;1;2616
;(12, 10);;(15, 10);False;1;2617
MoveWest;(11, 10);;(15, 10);False;1;2618
;(11, 10);;(15, 10);False;1;2619
;(11, 10);;(15, 10);False;1;2620
;(11, 10);;(15, 10);False;1;2621
;(11, 10);;(15, 10);False;1;2622
MoveWest;(10, 10);;(15, 10);False;1;2623
;(10, 10);;(15, 10);False;1;2624
;(10, 10);;(15, 10);False;1;2625
;(10, 10);;(15, 10);False;1;2626
;(10, 10);;(15, 10);False;1;2627
;(10, 10);;(15, 10);False;1;2628
;(10, 10);;(15, 10);False;1;2629
MoveEast;(11, 10);;(15, 10);False;1;2630
;(11, 10);;(15, 10);False;1;2631
;(11, 10);;(15, 10);False;1;2632
;(11, 10);;(15, 10);False;1;2633
;(11, 10);;(15, 10);False;1;2634
;(11, 10);;(15, 10);False;1;2635
;(11, 10);;(15, 10);False;1;2636
;(11, 10);;(15, 10);False;1;2637
;(11, 10);;(15, 10);False;1;2638
;(11, 10);;(15, 10);False;1;2639
MoveEast;(12, 10);;(15, 10);False;1;2640
;(12, 10);;(15, 10);False;1;2641
MoveEast;(13, 10);;(15, 10);False;1;2642
MoveEast;(14, 10);;(15, 10);False;1;2643
;(14, 10);;(15, 10);False;1;2644
MoveEast;(15, 10);;(15, 10);False;1;2645
;(15, 10);;(15, 10);False;1;2646
MoveEast;(16, 10);;(15, 10);False;1;2647
MoveEast;(17, 10);;(15, 10);False;1;2648
;(17, 10);;(15, 10);False;1;2649
;(17, 10);;(15, 10);False;1;2650
;(17, 10);;(15, 10);False;1;2651
GrabObject;(17, 10);;(15, 10);False;1;2652
;(17, 10);;(15, 10);False;1;2653
;(17, 10);;(15, 10);False;1;2654
;(17, 10);;(15, 10);False;1;2655
GrabObject;(17, 10);;(15, 10);False;1;2656
;(17, 10);;(15, 10);False;1;2657
;(17, 10);;(15, 10);False;1;2658
;(17, 10);;(15, 10);False;1;2659
GrabObject;(17, 10);;(15, 10);False;1;2660
MoveWest;(16, 10);;(15, 10);False;1;2661
;(16, 10);;(15, 10);False;1;2662
;(16, 10);;(15, 10);False;1;2663
;(16, 10);;(15, 10);False;1;2664
;(16, 10);;(15, 10);False;1;2665
;(16, 10);;(15, 10);False;1;2666
;(16, 10);;(15, 10);False;1;2667
;(16, 10);;(15, 10);False;1;2668
;(16, 10);;(15, 10);False;1;2669
;(16, 10);;(15, 10);False;1;2670
;(16, 10);;(15, 10);False;1;2671
;(16, 10);;(15, 10);False;1;2672
;(16, 10);;(15, 10);False;1;2673
;(16, 10);;(15, 10);False;1;2674
;(16, 10);;(15, 10);False;1;2675
;(16, 10);;(15, 10);False;1;2676
;(16, 10);;(15, 10);False;1;2677
MoveWest;(15, 10);;(15, 10);False;1;2678
;(15, 10);;(15, 10);False;1;2679
;(15, 10);;(15, 10);False;1;2680
;(15, 10);;(15, 10);False;1;2681
;(15, 10);;(15, 10);False;1;2682
;(15, 10);;(15, 10);False;1;2683
;(15, 10);;(15, 10);False;1;2684
;(15, 10);;(15, 10);False;1;2685
;(15, 10);;(15, 10);False;1;2686
;(15, 10);;(15, 10);False;1;2687
MoveWest;(14, 10);;(15, 10);False;1;2688
;(14, 10);;(15, 10);False;1;2689
MoveWest;(13, 10);;(15, 10);False;1;2690
MoveWest;(12, 10);;(15, 10);False;1;2691
;(12, 10);;(15, 10);False;1;2692
MoveWest;(11, 10);;(15, 10);False;1;2693
;(11, 10);;(15, 10);False;1;2694
MoveEast;(12, 10);;(15, 10);False;1;2695
;(12, 10);;(15, 10);False;1;2696
;(12, 10);;(15, 10);False;1;2697
;(12, 10);;(15, 10);False;1;2698
;(12, 10);;(15, 10);False;1;2699
MoveEast;(13, 10);;(15, 10);False;1;2700
;(13, 10);;(15, 10);False;1;2701
;(13, 10);;(15, 10);False;1;2702
;(13, 10);;(15, 10);False;1;2703
MoveEast;(14, 10);;(15, 10);False;1;2704
;(14, 10);;(15, 10);False;1;2705
;(14, 10);;(15, 10);False;1;2706
;(14, 10);;(15, 10);False;1;2707
;(14, 10);;(15, 10);False;1;2708
;(14, 10);;(15, 10);False;1;2709
;(14, 10);;(15, 10);False;1;2710
;(14, 10);;(15, 10);False;1;2711
MoveEast;(15, 10);;(15, 10);False;1;2712
;(15, 10);;(15, 10);False;1;2713
;(15, 10);;(15, 10);False;1;2714
;(15, 10);;(15, 10);False;1;2715
;(15, 10);;(15, 10);False;1;2716
;(15, 10);;(15, 10);False;1;2717
;(15, 10);;(15, 10);False;1;2718
;(15, 10);;(15, 10);False;1;2719
;(15, 10);;(15, 10);False;1;2720
GrabObject;(15, 10);;(15, 10);False;1;2721
;(15, 10);;(15, 10);False;1;2722
;(15, 10);;(15, 10);False;1;2723
;(15, 10);;(15, 10);False;1;2724
;(15, 10);;(15, 10);False;1;2725
;(15, 10);;(15, 10);False;1;2726
;(15, 10);;(15, 10);False;1;2727
MoveEast;(16, 10);;(15, 10);False;1;2728
;(16, 10);;(15, 10);False;1;2729
;(16, 10);;(15, 10);False;1;2730
;(16, 10);;(15, 10);False;1;2731
MoveEast;(17, 10);;(15, 10);False;1;2732
;(17, 10);;(15, 10);False;1;2733
;(17, 10);;(15, 10);False;1;2734
;(17, 10);;(15, 10);False;1;2735
;(17, 10);;(15, 10);False;1;2736
;(17, 10);;(15, 10);False;1;2737
MoveWest;(16, 10);;(15, 10);False;1;2738
;(16, 10);;(15, 10);False;1;2739
;(16, 10);;(15, 10);False;1;2740
;(16, 10);;(15, 10);False;1;2741
;(16, 10);;(15, 10);False;1;2742
;(16, 10);;(15, 10);False;1;2743
;(16, 10);;(15, 10);False;1;2744
MoveWest;(15, 10);;(15, 10);False;1;2745
;(15, 10);;(15, 10);False;1;2746
;(15, 10);;(15, 10);False;1;2747
;(15, 10);;(15, 10);False;1;2748
;(15, 10);;(15, 10);False;1;2749
;(15, 10);;(15, 10);False;1;2750
;(15, 10);;(15, 10);False;1;2751
;(15, 10);;(15, 10);False;1;2752
;(15, 10);;(15, 10);False;1;2753
DropObject;(15, 10);;(15, 10);False;1;2754
;(15, 10);;(15, 10);False;1;2755
;(15, 10);;(15, 10);False;1;2756
;(15, 10);;(15, 10);False;1;2757
;(15, 10);;(15, 10);False;1;2758
;(15, 10);;(15, 10);False;1;2759
;(15, 10);;(15, 10);False;1;2760
MoveEast;(16, 10);;(15, 10);False;1;2761
;(16, 10);;(15, 10);False;1;2762
;(16, 10);;(15, 10);False;1;2763
;(16, 10);;(15, 10);False;1;2764
;(16, 10);;(15, 10);False;1;2765
;(16, 10);;(15, 10);False;1;2766
;(16, 10);;(15, 10);False;1;2767
;(16, 10);;(15, 10);False;1;2768
;(16, 10);;(15, 10);False;1;2769
;(16, 10);;(15, 10);False;1;2770
;(16, 10);;(15, 10);False;1;2771
GrabObject;(16, 10);;(15, 10);False;1;2772
;(16, 10);;(15, 10);False;1;2773
;(16, 10);;(15, 10);False;1;2774
;(16, 10);;(15, 10);False;1;2775
;(16, 10);;(15, 10);False;1;2776
;(16, 10);;(15, 10);False;1;2777
;(16, 10);;(15, 10);False;1;2778
MoveWest;(15, 10);;(15, 10);False;1;2779
;(15, 10);;(15, 10);False;1;2780
;(15, 10);;(15, 10);False;1;2781
;(15, 10);;(15, 10);False;1;2782
MoveWest;(14, 10);;(15, 10);False;1;2783
;(14, 10);;(15, 10);False;1;2784
;(14, 10);;(15, 10);False;1;2785
;(14, 10);;(15, 10);False;1;2786
;(14, 10);;(15, 10);False;1;2787
;(14, 10);;(15, 10);False;1;2788
;(14, 10);;(15, 10);False;1;2789
;(14, 10);;(15, 10);False;1;2790
;(14, 10);;(15, 10);False;1;2791
MoveEast;(15, 10);;(15, 10);False;1;2792
;(15, 10);;(15, 10);False;1;2793
;(15, 10);;(15, 10);False;1;2794
;(15, 10);;(15, 10);False;1;2795
;(15, 10);;(15, 10);False;1;2796
;(15, 10);;(15, 10);False;1;2797
;(15, 10);;(15, 10);False;1;2798
;(15, 10);;(15, 10);False;1;2799
DropObject;(15, 10);;(15, 10);False;1;2800
;(15, 10);;(15, 10);False;1;2801
;(15, 10);;(15, 10);False;1;2802
;(15, 10);;(15, 10);False;1;2803
;(15, 10);;(15, 10);False;1;2804
;(15, 10);;(15, 10);False;1;2805
;(15, 10);;(15, 10);False;1;2806
;(15, 10);;(15, 10);False;1;2807
MoveEast;(16, 10);;(15, 10);False;1;2808
;(16, 10);;(15, 10);False;1;2809
;(16, 10);;(15, 10);False;1;2810
;(16, 10);;(15, 10);False;1;2811
MoveEast;(17, 10);;(15, 10);False;1;2812
;(17, 10);;(15, 10);False;1;2813
;(17, 10);;(15, 10);False;1;2814
;(17, 10);;(15, 10);False;1;2815
MoveWest;(16, 10);;(15, 10);False;1;2816
;(16, 10);;(15, 10);False;1;2817
;(16, 10);;(15, 10);False;1;2818
;(16, 10);;(15, 10);False;1;2819
MoveWest;(15, 10);;(15, 10);False;1;2820
;(15, 10);;(15, 10);False;1;2821
;(15, 10);;(15, 10);False;1;2822
;(15, 10);;(15, 10);False;1;2823
MoveWest;(14, 10);;(15, 10);False;1;2824
;(14, 10);;(15, 10);False;1;2825
;(14, 10);;(15, 10);False;1;2826
;(14, 10);;(15, 10);False;1;2827
;(14, 10);;(15, 10);False;1;2828
MoveWest;(13, 10);;(15, 10);False;1;2829
;(13, 10);;(15, 10);False;1;2830
;(13, 10);;(15, 10);False;1;2831
;(13, 10);;(15, 10);False;1;2832
;(13, 10);;(15, 10);False;1;2833
;(13, 10);;(15, 10);False;1;2834
MoveWest;(12, 10);;(15, 10);False;1;2835
;(12, 10);;(15, 10);False;1;2836
;(12, 10);;(15, 10);False;1;2837
GrabObject;(12, 10);;(15, 10);False;1;2838
;(12, 10);;(15, 10);False;1;2839
;(12, 10);;(15, 10);False;1;2840
;(12, 10);;(15, 10);False;1;2841
;(12, 10);;(15, 10);False;1;2842
GrabObject;(12, 10);;(15, 10);False;1;2843
;(12, 10);;(15, 10);False;1;2844
;(12, 10);;(15, 10);False;1;2845
;(12, 10);;(15, 10);False;1;2846
;(12, 10);;(15, 10);False;1;2847
;(12, 10);;(15, 10);False;1;2848
MoveEast;(13, 10);;(15, 10);False;1;2849
;(13, 10);;(15, 10);False;1;2850
;(13, 10);;(15, 10);False;1;2851
MoveEast;(14, 10);;(15, 10);False;1;2852
;(14, 10);;(15, 10);False;1;2853
;(14, 10);;(15, 10);False;1;2854
;(14, 10);;(15, 10);False;1;2855
;(14, 10);;(15, 10);False;1;2856
;(14, 10);;(15, 10);False;1;2857
;(14, 10);;(15, 10);False;1;2858
;(14, 10);;(15, 10);False;1;2859
;(14, 10);;(15, 10);False;1;2860
;(14, 10);;(15, 10);False;1;2861
;(14, 10);;(15, 10);False;1;2862
;(14, 10);;(15, 10);False;1;2863
;(14, 10);;(15, 10);False;1;2864
;(14, 10);;(15, 10);False;1;2865
;(14, 10);;(15, 10);False;1;2866
;(14, 10);;(15, 10);False;1;2867
;(14, 10);;(15, 10);False;1;2868
;(14, 10);;(15, 10);False;1;2869
;(14, 10);;(15, 10);False;1;2870
;(14, 10);;(15, 10);False;1;2871
;(14, 10);;(15, 10);False;1;2872
;(14, 10);;(15, 10);False;1;2873
;(14, 10);;(15, 10);False;1;2874
;(14, 10);;(15, 10);False;1;2875
;(14, 10);;(15, 10);False;1;2876
;(14, 10);;(15, 10);False;1;2877
;(14, 10);;(15, 10);False;1;2878
;(14, 10);;(15, 10);False;1;2879
;(14, 10);;(15, 10);False;1;2880
;(14, 10);;(15, 10);False;1;2881
;(14, 10);;(15, 10);False;1;2882
;(14, 10);;(15, 10);False;1;2883
;(14, 10);;(15, 10);False;1;2884
;(14, 10);;(15, 10);False;1;2885
;(14, 10);;(15, 10);False;1;2886
;(14, 10);;(15, 10);False;1;2887
;(14, 10);;(15, 10);False;1;2888
;(14, 10);;(15, 10);False;1;2889
;(14, 10);;(15, 10);False;1;2890
;(14, 10);;(15, 10);False;1;2891
;(14, 10);;(15, 10);False;1;2892
;(14, 10);;(15, 10);False;1;2893
;(14, 10);;(15, 10);False;1;2894
;(14, 10);;(15, 10);False;1;2895
;(14, 10);;(15, 10);False;1;2896
;(14, 10);;(15, 10);False;1;2897
;(14, 10);;(15, 10);False;1;2898
;(14, 10);;(15, 10);False;1;2899
;(14, 10);;(15, 10);False;1;2900
;(14, 10);;(15, 10);False;1;2901
;(14, 10);;(15, 10);False;1;2902
;(14, 10);;(15, 10);False;1;2903
;(14, 10);;(15, 10);False;1;2904
;(14, 10);;(15, 10);False;1;2905
;(14, 10);;(15, 10);False;1;2906
;(14, 10);;(15, 10);False;1;2907
;(14, 10);;(15, 10);False;1;2908
;(14, 10);;(15, 10);False;1;2909
;(14, 10);;(15, 10);False;1;2910
;(14, 10);;(15, 10);False;1;2911
;(14, 10);;(15, 10);False;1;2912
;(14, 10);;(15, 10);False;1;2913
;(14, 10);;(15, 10);False;1;2914
;(14, 10);;(15, 10);False;1;2915
;(14, 10);;(15, 10);False;1;2916
;(14, 10);;(15, 10);False;1;2917
;(14, 10);;(15, 10);False;1;2918
;(14, 10);;(15, 10);False;1;2919
;(14, 10);;(15, 10);False;1;2920
;(14, 10);;(15, 10);False;1;2921
;(14, 10);;(15, 10);False;1;2922
;(14, 10);;(15, 10);False;1;2923
;(14, 10);;(15, 10);False;1;2924
;(14, 10);;(15, 10);False;1;2925
;(14, 10);;(15, 10);False;1;2926
;(14, 10);;(15, 10);False;1;2927
;(14, 10);;(15, 10);False;1;2928
;(14, 10);;(15, 10);False;1;2929
;(14, 10);;(15, 10);False;1;2930
;(14, 10);;(15, 10);False;1;2931
;(14, 10);;(15, 10);False;1;2932
;(14, 10);;(15, 10);False;1;2933
;(14, 10);;(15, 10);False;1;2934
;(14, 10);;(15, 10);False;1;2935
;(14, 10);;(15, 10);False;1;2936
;(14, 10);;(15, 10);False;1;2937
;(14, 10);;(15, 10);False;1;2938
;(14, 10);;(15, 10);False;1;2939
;(14, 10);;(15, 10);False;1;2940
;(14, 10);;(15, 10);False;1;2941
;(14, 10);;(15, 10);False;1;2942
;(14, 10);;(15, 10);False;1;2943
;(14, 10);;(15, 10);False;1;2944
;(14, 10);;(15, 10);False;1;2945
;(14, 10);;(15, 10);False;1;2946
;(14, 10);;(15, 10);False;1;2947
;(14, 10);;(15, 10);False;1;2948
;(14, 10);;(15, 10);False;1;2949
;(14, 10);;(15, 10);False;1;2950
;(14, 10);;(15, 10);False;1;2951
;(14, 10);;(15, 10);False;1;2952
;(14, 10);;(15, 10);False;1;2953
;(14, 10);;(15, 10);False;1;2954
;(14, 10);;(15, 10);False;1;2955
;(14, 10);;(15, 10);False;1;2956
;(14, 10);;(15, 10);False;1;2957
;(14, 10);;(15, 10);False;1;2958
;(14, 10);;(15, 10);False;1;2959
;(14, 10);;(15, 10);False;1;2960
;(14, 10);;(15, 10);False;1;2961
;(14, 10);;(15, 10);False;1;2962
;(14, 10);;(15, 10);False;1;2963
;(14, 10);;(15, 10);False;1;2964
;(14, 10);;(15, 10);False;1;2965
;(14, 10);;(15, 10);False;1;2966
;(14, 10);;(15, 10);False;1;2967
;(14, 10);;(15, 10);False;1;2968
;(14, 10);;(15, 10);False;1;2969
;(14, 10);;(15, 10);False;1;2970
;(14, 10);;(15, 10);False;1;2971
;(14, 10);;(15, 10);False;1;2972
;(14, 10);;(15, 10);False;1;2973
;(14, 10);;(15, 10);False;1;2974
;(14, 10);;(15, 10);False;1;2975
;(14, 10);;(15, 10);False;1;2976
;(14, 10);;(15, 10);False;1;2977
;(14, 10);;(15, 10);False;1;2978
;(14, 10);;(15, 10);False;1;2979
;(14, 10);;(15, 10);False;1;2980
;(14, 10);;(15, 10);False;1;2981
;(14, 10);;(15, 10);False;1;2982
;(14, 10);;(15, 10);False;1;2983
;(14, 10);;(15, 10);False;1;2984
;(14, 10);;(15, 10);False;1;2985
;(14, 10);;(15, 10);False;1;2986
;(14, 10);;(15, 10);False;1;2987
;(14, 10);;(15, 10);False;1;2988
;(14, 10);;(15, 10);False;1;2989
;(14, 10);;(15, 10);False;1;2990
;(14, 10);;(15, 10);False;1;2991
;(14, 10);;(15, 10);False;1;2992
;(14, 10);;(15, 10);False;1;2993
;(14, 10);;(15, 10);False;1;2994
;(14, 10);;(15, 10);False;1;2995
;(14, 10);;(15, 10);False;1;2996
;(14, 10);;(15, 10);False;1;2997
;(14, 10);;(15, 10);False;1;2998
;(14, 10);;(15, 10);False;1;2999
;(14, 10);;(15, 10);False;1;3000
;(14, 10);;(15, 10);False;1;3001
;(14, 10);;(15, 10);False;1;3002
;(14, 10);;(15, 10);False;1;3003
;(14, 10);;(15, 10);False;1;3004
;(14, 10);;(15, 10);False;1;3005
;(14, 10);;(15, 10);False;1;3006
;(14, 10);;(15, 10);False;1;3007
;(14, 10);;(15, 10);False;1;3008
;(14, 10);;(15, 10);False;1;3009
;(14, 10);;(15, 10);False;1;3010
;(14, 10);;(15, 10);False;1;3011
;(14, 10);;(15, 10);False;1;3012
;(14, 10);;(15, 10);False;1;3013
;(14, 10);;(15, 10);False;1;3014
;(14, 10);;(15, 10);False;1;3015
;(14, 10);;(15, 10);False;1;3016
;(14, 10);;(15, 10);False;1;3017
;(14, 10);;(15, 10);False;1;3018
;(14, 10);;(15, 10);False;1;3019
