tick;corrected_tick;remaining_distance;victim_harm;idle_time_robot;q_table_cps;q_table_cps_runs;q_table_basic;world_nr;tick_nr
3019;3000;10;1400;1;;;"                     Move back and forth  Stand Still  Pick up     Drop   Break
[4, 'equal', False]                -4.50     -4.60000  -2.6625  -8.4475  -4.500
[4, 'human', False]                -7.00     -2.65625  -5.7500  -2.5000  -6.500
[4, 'human', True]                 -7.75     -3.50000   0.5000  -0.5000   0.000
[3, 'human', False]               -10.20     -8.07000  -3.0000 -29.0500  -9.500
[3, 'human', True]                 -7.00     -3.50000   0.0000   0.0000   0.000
[3, 'equal', False]                -7.00     -7.74768  -6.5450  -6.5000  -7.050
[2, 'equal', False]               -14.50     -6.62000 -30.4680  -3.1200 -40.500
[2, 'equal', True]                  0.00     -0.65000   0.0000   0.0000   0.000
[4, 'equal', True]                 -4.15      0.00000   0.0000  -1.0000   0.000
[3, 'equal', True]                 -7.00     -0.50000  -3.0000   0.0000   0.000
[3, 'robot', True]                 -4.15     -3.50000  -4.0000  -3.0000  -0.554
[3, 'robot', False]                -7.00     -7.64400  -0.1900  -6.5500 -58.320
[2, 'robot', False]                -8.00    -48.30000  -7.2600 -34.3800  -7.500
[4, 'robot', False]                -4.00     -1.19750   1.7500   0.0000   0.000
[2, 'robot', True]                 -7.00     -3.50000  -1.0500  -6.5000  -4.500";1;3019
