human_selector_action;human_selector_location;robot_action;robot_location;robot_executing_cp;world_nr;tick_nr
;(3, 4);;(4, 4);False;1;0
;(3, 4);;(4, 4);False;1;1
;(3, 4);;(4, 4);Label1;1;2
;(3, 4);;(4, 4);Label1;1;3
;(3, 4);MoveSouth;(4, 4);Label1;1;4
;(3, 4);MoveSouth;(4, 4);Label1;1;5
;(3, 4);MoveSouth;(4, 4);Label1;1;6
;(3, 4);MoveSouth;(4, 4);Label1;1;7
;(3, 4);MoveSouth;(4, 4);Label1;1;8
;(3, 4);MoveSouth;(4, 4);Label1;1;9
;(3, 4);MoveSouth;(4, 4);Label1;1;10
;(3, 4);MoveSouth;(4, 4);Label1;1;11
;(3, 4);MoveSouth;(4, 4);Label1;1;12
;(3, 4);MoveSouth;(4, 4);Label1;1;13
;(3, 4);MoveSouth;(4, 5);Label1;1;14
;(3, 4);MoveSouthEast;(4, 5);Label1;1;15
;(3, 4);MoveSouthEast;(4, 5);Label1;1;16
;(3, 4);MoveSouthEast;(4, 5);Label1;1;17
;(3, 4);MoveSouthEast;(4, 5);Label1;1;18
;(3, 4);MoveSouthEast;(4, 5);Label1;1;19
;(3, 4);MoveSouthEast;(4, 5);Label1;1;20
;(3, 4);MoveSouthEast;(4, 5);Label1;1;21
;(3, 4);MoveSouthEast;(4, 5);Label1;1;22
;(3, 4);MoveSouthEast;(4, 5);Label1;1;23
;(3, 4);MoveSouthEast;(4, 5);Label1;1;24
;(3, 4);MoveSouthEast;(5, 6);Label1;1;25
;(3, 4);Idle;(5, 6);Label1;1;26
;(3, 4);Idle;(5, 6);Label1;1;27
;(3, 4);Idle;(5, 6);Label1;1;28
;(3, 4);Idle;(5, 6);Label1;1;29
;(3, 4);Idle;(5, 6);Label1;1;30
;(3, 4);Idle;(5, 6);Label1;1;31
;(3, 4);Idle;(5, 6);Label1;1;32
;(3, 4);Idle;(5, 6);Label1;1;33
;(3, 4);Idle;(5, 6);Label1;1;34
;(3, 4);Idle;(5, 6);Label1;1;35
;(3, 4);Idle;(5, 6);Label1;1;36
;(3, 4);Idle;(5, 6);Label1;1;37
;(3, 4);Idle;(5, 6);Label1;1;38
;(3, 4);Idle;(5, 6);Label1;1;39
;(3, 4);Idle;(5, 6);Label1;1;40
;(3, 4);Idle;(5, 6);Label1;1;41
;(3, 4);Idle;(5, 6);Label1;1;42
;(3, 4);Idle;(5, 6);Label1;1;43
;(3, 4);Idle;(5, 6);Label1;1;44
;(3, 4);Idle;(5, 6);Label1;1;45
MoveSouth;(3, 5);Idle;(5, 6);Label1;1;46
;(3, 5);Idle;(5, 6);Label1;1;47
;(3, 5);Idle;(5, 6);Label1;1;48
;(3, 5);Idle;(5, 6);Label1;1;49
;(3, 5);Idle;(5, 6);Label1;1;50
;(3, 5);Idle;(5, 6);Label1;1;51
;(3, 5);Idle;(5, 6);Label1;1;52
;(3, 5);Idle;(5, 6);Label1;1;53
;(3, 5);Idle;(5, 6);Label1;1;54
MoveSouth;(3, 6);Idle;(5, 6);Label1;1;55
;(3, 6);Idle;(5, 6);Label1;1;56
;(3, 6);Idle;(5, 6);Label1;1;57
;(3, 6);Idle;(5, 6);Label1;1;58
;(3, 6);Idle;(5, 6);Label1;1;59
MoveSouth;(3, 7);Idle;(5, 6);Label1;1;60
;(3, 7);Idle;(5, 6);Label1;1;61
;(3, 7);Idle;(5, 6);Label1;1;62
;(3, 7);Idle;(5, 6);Label1;1;63
;(3, 7);Idle;(5, 6);Label1;1;64
;(3, 7);Idle;(5, 6);Label1;1;65
;(3, 7);Idle;(5, 6);Label1;1;66
;(3, 7);Idle;(5, 6);Label1;1;67
;(3, 7);Idle;(5, 6);Label1;1;68
;(3, 7);Idle;(5, 6);Label1;1;69
MoveSouth;(3, 8);Idle;(5, 6);Label1;1;70
;(3, 8);Idle;(5, 6);Label1;1;71
;(3, 8);Idle;(5, 6);Label1;1;72
;(3, 8);Idle;(5, 6);Label1;1;73
;(3, 8);Idle;(5, 6);Label1;1;74
MoveSouth;(3, 9);Idle;(5, 6);Label1;1;75
;(3, 9);Idle;(5, 6);Label1;1;76
;(3, 9);Idle;(5, 6);Label1;1;77
;(3, 9);Idle;(5, 6);Label1;1;78
;(3, 9);Idle;(5, 6);Label1;1;79
;(3, 9);Idle;(5, 6);Label1;1;80
;(3, 9);;(5, 6);Label1;1;81
;(3, 9);;(5, 6);Label1;1;82
;(3, 9);;(5, 6);Label1;1;83
;(3, 9);Idle;(5, 6);Label1;1;84
;(3, 9);Idle;(5, 6);Label1;1;85
;(3, 9);Idle;(5, 6);Label1;1;86
;(3, 9);Idle;(5, 6);Label1;1;87
;(3, 9);Idle;(5, 6);Label1;1;88
;(3, 9);Idle;(5, 6);Label1;1;89
;(3, 9);Idle;(5, 6);Label1;1;90
;(3, 9);Idle;(5, 6);Label1;1;91
;(3, 9);Idle;(5, 6);Label1;1;92
;(3, 9);Idle;(5, 6);Label1;1;93
;(3, 9);Idle;(5, 6);Label1;1;94
MoveEast;(4, 9);Idle;(5, 6);Label1;1;95
;(4, 9);Idle;(5, 6);Label1;1;96
;(4, 9);Idle;(5, 6);Label1;1;97
;(4, 9);Idle;(5, 6);Label1;1;98
;(4, 9);Idle;(5, 6);Label1;1;99
;(4, 9);Idle;(5, 6);Label1;1;100
MoveEast;(5, 9);Idle;(5, 6);Label1;1;101
;(5, 9);Idle;(5, 6);Label1;1;102
;(5, 9);Idle;(5, 6);Label1;1;103
;(5, 9);Idle;(5, 6);Label1;1;104
;(5, 9);Idle;(5, 6);Label1;1;105
MoveEast;(6, 9);Idle;(5, 6);Label1;1;106
;(6, 9);Idle;(5, 6);Label1;1;107
;(6, 9);Idle;(5, 6);Label1;1;108
;(6, 9);Idle;(5, 6);Label1;1;109
;(6, 9);Idle;(5, 6);Label1;1;110
;(6, 9);Idle;(5, 6);Label1;1;111
;(6, 9);Idle;(5, 6);Label1;1;112
;(6, 9);Idle;(5, 6);Label1;1;113
;(6, 9);Idle;(5, 6);Label1;1;114
;(6, 9);Idle;(5, 6);Label1;1;115
;(6, 9);Idle;(5, 6);Label1;1;116
;(6, 9);Idle;(5, 6);Label1;1;117
;(6, 9);Idle;(5, 6);Label1;1;118
;(6, 9);Idle;(5, 6);Label1;1;119
;(6, 9);Idle;(5, 6);Label1;1;120
;(6, 9);Idle;(5, 6);Label1;1;121
;(6, 9);Idle;(5, 6);Label1;1;122
;(6, 9);Idle;(5, 6);Label1;1;123
;(6, 9);Idle;(5, 6);Label1;1;124
;(6, 9);Idle;(5, 6);Label1;1;125
;(6, 9);Idle;(5, 6);Label1;1;126
;(6, 9);Idle;(5, 6);Label1;1;127
;(6, 9);Idle;(5, 6);Label1;1;128
;(6, 9);Idle;(5, 6);Label1;1;129
;(6, 9);Idle;(5, 6);Label1;1;130
;(6, 9);Idle;(5, 6);Label1;1;131
;(6, 9);Idle;(5, 6);Label1;1;132
GrabObject;(6, 9);Idle;(5, 6);Label1;1;133
;(6, 9);Idle;(5, 6);Label1;1;134
;(6, 9);Idle;(5, 6);Label1;1;135
;(6, 9);Idle;(5, 6);Label1;1;136
;(6, 9);Idle;(5, 6);Label1;1;137
;(6, 9);Idle;(5, 6);Label1;1;138
;(6, 9);;(5, 6);Label1;1;139
;(6, 9);;(5, 6);Label1;1;140
;(6, 9);;(5, 6);Label1;1;141
;(6, 9);Idle;(5, 6);Label1;1;142
;(6, 9);Idle;(5, 6);Label1;1;143
;(6, 9);Idle;(5, 6);Label1;1;144
MoveWest;(5, 9);Idle;(5, 6);Label1;1;145
;(5, 9);Idle;(5, 6);Label1;1;146
;(5, 9);Idle;(5, 6);Label1;1;147
MoveWest;(4, 9);Idle;(5, 6);Label1;1;148
;(4, 9);Idle;(5, 6);Label1;1;149
;(4, 9);Idle;(5, 6);Label1;1;150
;(4, 9);Idle;(5, 6);Label1;1;151
MoveWest;(3, 9);Idle;(5, 6);Label1;1;152
;(3, 9);Idle;(5, 6);Label1;1;153
;(3, 9);Idle;(5, 6);Label1;1;154
;(3, 9);Idle;(5, 6);Label1;1;155
;(3, 9);Idle;(5, 6);Label1;1;156
;(3, 9);Idle;(5, 6);Label1;1;157
MoveWest;(2, 9);Idle;(5, 6);Label1;1;158
;(2, 9);Idle;(5, 6);Label1;1;159
;(2, 9);Idle;(5, 6);Label1;1;160
;(2, 9);Idle;(5, 6);Label1;1;161
;(2, 9);Idle;(5, 6);Label1;1;162
;(2, 9);Idle;(5, 6);Label1;1;163
;(2, 9);Idle;(5, 6);Label1;1;164
;(2, 9);Idle;(5, 6);Label1;1;165
;(2, 9);Idle;(5, 6);Label1;1;166
;(2, 9);Idle;(5, 6);Label1;1;167
;(2, 9);Idle;(5, 6);Label1;1;168
;(2, 9);Idle;(5, 6);Label1;1;169
;(2, 9);Idle;(5, 6);Label1;1;170
;(2, 9);Idle;(5, 6);Label1;1;171
;(2, 9);Idle;(5, 6);Label1;1;172
MoveWest;(1, 9);Idle;(5, 6);Label1;1;173
;(1, 9);Idle;(5, 6);Label1;1;174
;(1, 9);Idle;(5, 6);Label1;1;175
;(1, 9);Idle;(5, 6);Label1;1;176
;(1, 9);Idle;(5, 6);Label1;1;177
;(1, 9);Idle;(5, 6);Label1;1;178
;(1, 9);Idle;(5, 6);Label1;1;179
;(1, 9);Idle;(5, 6);Label1;1;180
;(1, 9);Idle;(5, 6);Label1;1;181
;(1, 9);Idle;(5, 6);Label1;1;182
;(1, 9);Idle;(5, 6);Label1;1;183
;(1, 9);Idle;(5, 6);Label1;1;184
;(1, 9);Idle;(5, 6);Label1;1;185
;(1, 9);Idle;(5, 6);Label1;1;186
;(1, 9);Idle;(5, 6);Label1;1;187
;(1, 9);Idle;(5, 6);Label1;1;188
;(1, 9);Idle;(5, 6);Label1;1;189
;(1, 9);Idle;(5, 6);Label1;1;190
;(1, 9);Idle;(5, 6);Label1;1;191
DropObject;(1, 9);Idle;(5, 6);Label1;1;192
;(1, 9);Idle;(5, 6);Label1;1;193
;(1, 9);Idle;(5, 6);Label1;1;194
;(1, 9);Idle;(5, 6);Label1;1;195
;(1, 9);Idle;(5, 6);Label1;1;196
;(1, 9);;(5, 6);Label1;1;197
;(1, 9);;(5, 6);Label1;1;198
;(1, 9);;(5, 6);Label1;1;199
;(1, 9);Idle;(5, 6);Label1;1;200
;(1, 9);Idle;(5, 6);Label1;1;201
;(1, 9);Idle;(5, 6);Label1;1;202
;(1, 9);Idle;(5, 6);Label1;1;203
;(1, 9);Idle;(5, 6);Label1;1;204
;(1, 9);Idle;(5, 6);Label1;1;205
;(1, 9);Idle;(5, 6);Label1;1;206
;(1, 9);Idle;(5, 6);Label1;1;207
;(1, 9);Idle;(5, 6);Label1;1;208
MoveSouth;(1, 10);Idle;(5, 6);Label1;1;209
;(1, 10);Idle;(5, 6);Label1;1;210
;(1, 10);Idle;(5, 6);Label1;1;211
;(1, 10);Idle;(5, 6);Label1;1;212
;(1, 10);Idle;(5, 6);Label1;1;213
;(1, 10);Idle;(5, 6);Label1;1;214
;(1, 10);Idle;(5, 6);Label1;1;215
MoveSouth;(1, 11);Idle;(5, 6);Label1;1;216
;(1, 11);Idle;(5, 6);Label1;1;217
;(1, 11);Idle;(5, 6);Label1;1;218
;(1, 11);Idle;(5, 6);Label1;1;219
;(1, 11);Idle;(5, 6);Label1;1;220
;(1, 11);Idle;(5, 6);Label1;1;221
;(1, 11);Idle;(5, 6);Label1;1;222
;(1, 11);Idle;(5, 6);Label1;1;223
;(1, 11);Idle;(5, 6);Label1;1;224
;(1, 11);Idle;(5, 6);Label1;1;225
;(1, 11);Idle;(5, 6);Label1;1;226
;(1, 11);Idle;(5, 6);Label1;1;227
MoveNorth;(1, 10);Idle;(5, 6);Label1;1;228
;(1, 10);Idle;(5, 6);Label1;1;229
;(1, 10);Idle;(5, 6);Label1;1;230
;(1, 10);Idle;(5, 6);Label1;1;231
;(1, 10);Idle;(5, 6);Label1;1;232
;(1, 10);Idle;(5, 6);Label1;1;233
;(1, 10);Idle;(5, 6);Label1;1;234
;(1, 10);Idle;(5, 6);Label1;1;235
;(1, 10);Idle;(5, 6);Label1;1;236
;(1, 10);Idle;(5, 6);Label1;1;237
MoveEast;(2, 10);Idle;(5, 6);Label1;1;238
;(2, 10);Idle;(5, 6);Label1;1;239
;(2, 10);Idle;(5, 6);Label1;1;240
;(2, 10);Idle;(5, 6);Label1;1;241
;(2, 10);Idle;(5, 6);Label1;1;242
;(2, 10);Idle;(5, 6);Label1;1;243
;(2, 10);Idle;(5, 6);Label1;1;244
;(2, 10);Idle;(5, 6);Label1;1;245
;(2, 10);Idle;(5, 6);Label1;1;246
MoveEast;(3, 10);Idle;(5, 6);Label1;1;247
;(3, 10);Idle;(5, 6);Label1;1;248
;(3, 10);Idle;(5, 6);Label1;1;249
;(3, 10);Idle;(5, 6);Label1;1;250
;(3, 10);Idle;(5, 6);Label1;1;251
MoveEast;(4, 10);Idle;(5, 6);Label1;1;252
;(4, 10);Idle;(5, 6);Label1;1;253
;(4, 10);Idle;(5, 6);Label1;1;254
;(4, 10);;(5, 6);Label1;1;255
;(4, 10);;(5, 6);Label1;1;256
;(4, 10);;(5, 6);Label1;1;257
MoveEast;(5, 10);Idle;(5, 6);Label1;1;258
;(5, 10);Idle;(5, 6);Label1;1;259
;(5, 10);Idle;(5, 6);Label1;1;260
;(5, 10);Idle;(5, 6);Label1;1;261
;(5, 10);Idle;(5, 6);Label1;1;262
;(5, 10);Idle;(5, 6);Label1;1;263
;(5, 10);Idle;(5, 6);Label1;1;264
;(5, 10);Idle;(5, 6);Label1;1;265
;(5, 10);Idle;(5, 6);Label1;1;266
;(5, 10);Idle;(5, 6);Label1;1;267
;(5, 10);Idle;(5, 6);Label1;1;268
;(5, 10);Idle;(5, 6);Label1;1;269
;(5, 10);Idle;(5, 6);Label1;1;270
;(5, 10);Idle;(5, 6);Label1;1;271
;(5, 10);Idle;(5, 6);Label1;1;272
;(5, 10);Idle;(5, 6);Label1;1;273
MoveEast;(6, 10);Idle;(5, 6);Label1;1;274
;(6, 10);Idle;(5, 6);Label1;1;275
;(6, 10);Idle;(5, 6);Label1;1;276
;(6, 10);Idle;(5, 6);Label1;1;277
;(6, 10);Idle;(5, 6);Label1;1;278
;(6, 10);Idle;(5, 6);Label1;1;279
;(6, 10);Idle;(5, 6);Label1;1;280
;(6, 10);Idle;(5, 6);Label1;1;281
;(6, 10);Idle;(5, 6);Label1;1;282
;(6, 10);Idle;(5, 6);Label1;1;283
;(6, 10);Idle;(5, 6);Label1;1;284
;(6, 10);Idle;(5, 6);Label1;1;285
;(6, 10);Idle;(5, 6);Label1;1;286
;(6, 10);Idle;(5, 6);Label1;1;287
;(6, 10);Idle;(5, 6);Label1;1;288
;(6, 10);Idle;(5, 6);Label1;1;289
;(6, 10);Idle;(5, 6);Label1;1;290
;(6, 10);Idle;(5, 6);Label1;1;291
;(6, 10);Idle;(5, 6);Label1;1;292
;(6, 10);Idle;(5, 6);Label1;1;293
;(6, 10);Idle;(5, 6);Label1;1;294
;(6, 10);Idle;(5, 6);Label1;1;295
GrabObject;(6, 10);Idle;(5, 6);Label1;1;296
;(6, 10);Idle;(5, 6);Label1;1;297
;(6, 10);Idle;(5, 6);Label1;1;298
;(6, 10);Idle;(5, 6);Label1;1;299
;(6, 10);Idle;(5, 6);Label1;1;300
;(6, 10);Idle;(5, 6);Label1;1;301
;(6, 10);Idle;(5, 6);Label1;1;302
;(6, 10);Idle;(5, 6);Label1;1;303
;(6, 10);Idle;(5, 6);Label1;1;304
;(6, 10);Idle;(5, 6);Label1;1;305
;(6, 10);Idle;(5, 6);Label1;1;306
;(6, 10);Idle;(5, 6);Label1;1;307
MoveWest;(5, 10);Idle;(5, 6);Label1;1;308
;(5, 10);Idle;(5, 6);Label1;1;309
;(5, 10);Idle;(5, 6);Label1;1;310
;(5, 10);Idle;(5, 6);Label1;1;311
;(5, 10);Idle;(5, 6);Label1;1;312
;(5, 10);;(5, 6);Label1;1;313
MoveWest;(4, 10);;(5, 6);Label1;1;314
;(4, 10);;(5, 6);Label1;1;315
;(4, 10);Idle;(5, 6);Label1;1;316
MoveWest;(3, 10);Idle;(5, 6);Label1;1;317
;(3, 10);Idle;(5, 6);Label1;1;318
;(3, 10);Idle;(5, 6);Label1;1;319
;(3, 10);Idle;(5, 6);Label1;1;320
;(3, 10);Idle;(5, 6);Label1;1;321
;(3, 10);Idle;(5, 6);Label1;1;322
;(3, 10);Idle;(5, 6);Label1;1;323
;(3, 10);Idle;(5, 6);Label1;1;324
MoveWest;(2, 10);Idle;(5, 6);Label1;1;325
;(2, 10);Idle;(5, 6);Label1;1;326
;(2, 10);Idle;(5, 6);Label1;1;327
;(2, 10);Idle;(5, 6);Label1;1;328
;(2, 10);Idle;(5, 6);Label1;1;329
;(2, 10);Idle;(5, 6);Label1;1;330
;(2, 10);Idle;(5, 6);Label1;1;331
;(2, 10);Idle;(5, 6);Label1;1;332
;(2, 10);Idle;(5, 6);Label1;1;333
MoveWest;(1, 10);Idle;(5, 6);Label1;1;334
;(1, 10);Idle;(5, 6);Label1;1;335
;(1, 10);Idle;(5, 6);Label1;1;336
;(1, 10);Idle;(5, 6);Label1;1;337
;(1, 10);Idle;(5, 6);Label1;1;338
;(1, 10);Idle;(5, 6);Label1;1;339
;(1, 10);Idle;(5, 6);Label1;1;340
;(1, 10);Idle;(5, 6);Label1;1;341
;(1, 10);Idle;(5, 6);Label1;1;342
;(1, 10);Idle;(5, 6);Label1;1;343
;(1, 10);Idle;(5, 6);Label1;1;344
;(1, 10);Idle;(5, 6);Label1;1;345
;(1, 10);Idle;(5, 6);Label1;1;346
;(1, 10);Idle;(5, 6);Label1;1;347
;(1, 10);Idle;(5, 6);Label1;1;348
;(1, 10);Idle;(5, 6);Label1;1;349
;(1, 10);Idle;(5, 6);Label1;1;350
;(1, 10);Idle;(5, 6);Label1;1;351
;(1, 10);Idle;(5, 6);Label1;1;352
;(1, 10);Idle;(5, 6);Label1;1;353
;(1, 10);Idle;(5, 6);Label1;1;354
;(1, 10);Idle;(5, 6);Label1;1;355
;(1, 10);Idle;(5, 6);Label1;1;356
;(1, 10);Idle;(5, 6);Label1;1;357
;(1, 10);Idle;(5, 6);Label1;1;358
;(1, 10);Idle;(5, 6);Label1;1;359
;(1, 10);Idle;(5, 6);Label1;1;360
;(1, 10);Idle;(5, 6);Label1;1;361
;(1, 10);Idle;(5, 6);Label1;1;362
;(1, 10);Idle;(5, 6);Label1;1;363
;(1, 10);Idle;(5, 6);Label1;1;364
;(1, 10);Idle;(5, 6);Label1;1;365
;(1, 10);Idle;(5, 6);Label1;1;366
;(1, 10);Idle;(5, 6);Label1;1;367
;(1, 10);Idle;(5, 6);Label1;1;368
;(1, 10);Idle;(5, 6);Label1;1;369
;(1, 10);Idle;(5, 6);Label1;1;370
GrabObject;(1, 10);;(5, 6);Label1;1;371
;(1, 10);;(5, 6);Label1;1;372
;(1, 10);;(5, 6);Label1;1;373
;(1, 10);Idle;(5, 6);Label1;1;374
;(1, 10);Idle;(5, 6);Label1;1;375
;(1, 10);Idle;(5, 6);Label1;1;376
;(1, 10);Idle;(5, 6);Label1;1;377
;(1, 10);Idle;(5, 6);Label1;1;378
;(1, 10);Idle;(5, 6);Label1;1;379
;(1, 10);Idle;(5, 6);Label1;1;380
;(1, 10);Idle;(5, 6);Label1;1;381
;(1, 10);Idle;(5, 6);Label1;1;382
;(1, 10);Idle;(5, 6);Label1;1;383
;(1, 10);Idle;(5, 6);Label1;1;384
;(1, 10);Idle;(5, 6);Label1;1;385
;(1, 10);Idle;(5, 6);Label1;1;386
;(1, 10);Idle;(5, 6);Label1;1;387
;(1, 10);Idle;(5, 6);Label1;1;388
;(1, 10);Idle;(5, 6);Label1;1;389
;(1, 10);Idle;(5, 6);Label1;1;390
;(1, 10);Idle;(5, 6);Label1;1;391
;(1, 10);Idle;(5, 6);Label1;1;392
;(1, 10);Idle;(5, 6);Label1;1;393
;(1, 10);Idle;(5, 6);Label1;1;394
;(1, 10);Idle;(5, 6);Label1;1;395
;(1, 10);Idle;(5, 6);Label1;1;396
;(1, 10);Idle;(5, 6);Label1;1;397
;(1, 10);Idle;(5, 6);Label1;1;398
;(1, 10);Idle;(5, 6);Label1;1;399
;(1, 10);Idle;(5, 6);Label1;1;400
;(1, 10);Idle;(5, 6);Label1;1;401
DropObject;(1, 10);Idle;(5, 6);Label1;1;402
;(1, 10);Idle;(5, 6);Label1;1;403
;(1, 10);Idle;(5, 6);Label1;1;404
;(1, 10);Idle;(5, 6);Label1;1;405
;(1, 10);Idle;(5, 6);Label1;1;406
;(1, 10);Idle;(5, 6);Label1;1;407
;(1, 10);Idle;(5, 6);Label1;1;408
;(1, 10);Idle;(5, 6);Label1;1;409
;(1, 10);Idle;(5, 6);Label1;1;410
;(1, 10);Idle;(5, 6);Label1;1;411
;(1, 10);Idle;(5, 6);Label1;1;412
;(1, 10);Idle;(5, 6);Label1;1;413
;(1, 10);Idle;(5, 6);Label1;1;414
MoveEast;(2, 10);Idle;(5, 6);Label1;1;415
;(2, 10);Idle;(5, 6);Label1;1;416
;(2, 10);Idle;(5, 6);Label1;1;417
;(2, 10);Idle;(5, 6);Label1;1;418
;(2, 10);Idle;(5, 6);Label1;1;419
;(2, 10);Idle;(5, 6);Label1;1;420
;(2, 10);Idle;(5, 6);Label1;1;421
;(2, 10);Idle;(5, 6);Label1;1;422
;(2, 10);Idle;(5, 6);Label1;1;423
;(2, 10);Idle;(5, 6);Label1;1;424
MoveEast;(3, 10);Idle;(5, 6);Label1;1;425
;(3, 10);Idle;(5, 6);Label1;1;426
;(3, 10);Idle;(5, 6);Label1;1;427
;(3, 10);Idle;(5, 6);Label1;1;428
;(3, 10);;(5, 6);Label1;1;429
;(3, 10);;(5, 6);Label1;1;430
;(3, 10);;(5, 6);Label1;1;431
MoveEast;(4, 10);Idle;(5, 6);Label1;1;432
;(4, 10);Idle;(5, 6);Label1;1;433
;(4, 10);Idle;(5, 6);Label1;1;434
;(4, 10);Idle;(5, 6);Label1;1;435
;(4, 10);Idle;(5, 6);Label1;1;436
;(4, 10);Idle;(5, 6);Label1;1;437
;(4, 10);Idle;(5, 6);Label1;1;438
;(4, 10);Idle;(5, 6);Label1;1;439
;(4, 10);Idle;(5, 6);Label1;1;440
MoveEast;(5, 10);Idle;(5, 6);Label1;1;441
;(5, 10);Idle;(5, 6);Label1;1;442
;(5, 10);Idle;(5, 6);Label1;1;443
;(5, 10);Idle;(5, 6);Label1;1;444
;(5, 10);Idle;(5, 6);Label1;1;445
;(5, 10);Idle;(5, 6);Label1;1;446
;(5, 10);Idle;(5, 6);Label1;1;447
;(5, 10);Idle;(5, 6);Label1;1;448
;(5, 10);Idle;(5, 6);Label1;1;449
;(5, 10);Idle;(5, 6);Label1;1;450
;(5, 10);Idle;(5, 6);Label1;1;451
;(5, 10);Idle;(5, 6);Label1;1;452
;(5, 10);Idle;(5, 6);Label1;1;453
;(5, 10);Idle;(5, 6);Label1;1;454
;(5, 10);Idle;(5, 6);Label1;1;455
;(5, 10);Idle;(5, 6);Label1;1;456
;(5, 10);Idle;(5, 6);Label1;1;457
;(5, 10);Idle;(5, 6);Label1;1;458
;(5, 10);Idle;(5, 6);Label1;1;459
;(5, 10);Idle;(5, 6);Label1;1;460
;(5, 10);Idle;(5, 6);Label1;1;461
;(5, 10);Idle;(5, 6);Label1;1;462
;(5, 10);Idle;(5, 6);Label1;1;463
;(5, 10);Idle;(5, 6);Label1;1;464
;(5, 10);Idle;(5, 6);Label1;1;465
;(5, 10);Idle;(5, 6);Label1;1;466
;(5, 10);Idle;(5, 6);Label1;1;467
;(5, 10);Idle;(5, 6);Label1;1;468
;(5, 10);Idle;(5, 6);Label1;1;469
GrabObject;(5, 10);Idle;(5, 6);Label1;1;470
;(5, 10);Idle;(5, 6);Label1;1;471
;(5, 10);Idle;(5, 6);Label1;1;472
;(5, 10);Idle;(5, 6);Label1;1;473
;(5, 10);Idle;(5, 6);Label1;1;474
;(5, 10);Idle;(5, 6);Label1;1;475
;(5, 10);Idle;(5, 6);Label1;1;476
;(5, 10);Idle;(5, 6);Label1;1;477
;(5, 10);Idle;(5, 6);Label1;1;478
;(5, 10);Idle;(5, 6);Label1;1;479
;(5, 10);Idle;(5, 6);Label1;1;480
;(5, 10);Idle;(5, 6);Label1;1;481
;(5, 10);Idle;(5, 6);Label1;1;482
;(5, 10);Idle;(5, 6);Label1;1;483
;(5, 10);Idle;(5, 6);Label1;1;484
;(5, 10);Idle;(5, 6);Label1;1;485
;(5, 10);Idle;(5, 6);Label1;1;486
;(5, 10);;(5, 6);Label1;1;487
;(5, 10);;(5, 6);Label1;1;488
;(5, 10);;(5, 6);Label1;1;489
;(5, 10);Idle;(5, 6);Label1;1;490
;(5, 10);Idle;(5, 6);Label1;1;491
;(5, 10);Idle;(5, 6);Label1;1;492
;(5, 10);Idle;(5, 6);Label1;1;493
;(5, 10);Idle;(5, 6);Label1;1;494
;(5, 10);Idle;(5, 6);Label1;1;495
;(5, 10);Idle;(5, 6);Label1;1;496
;(5, 10);Idle;(5, 6);Label1;1;497
MoveWest;(4, 10);Idle;(5, 6);Label1;1;498
;(4, 10);Idle;(5, 6);Label1;1;499
;(4, 10);Idle;(5, 6);Label1;1;500
;(4, 10);Idle;(5, 6);Label1;1;501
;(4, 10);Idle;(5, 6);Label1;1;502
;(4, 10);Idle;(5, 6);Label1;1;503
MoveWest;(3, 10);Idle;(5, 6);Label1;1;504
;(3, 10);Idle;(5, 6);Label1;1;505
;(3, 10);Idle;(5, 6);Label1;1;506
;(3, 10);Idle;(5, 6);Label1;1;507
MoveWest;(2, 10);Idle;(5, 6);Label1;1;508
;(2, 10);Idle;(5, 6);Label1;1;509
;(2, 10);Idle;(5, 6);Label1;1;510
;(2, 10);Idle;(5, 6);Label1;1;511
;(2, 10);Idle;(5, 6);Label1;1;512
;(2, 10);Idle;(5, 6);Label1;1;513
;(2, 10);Idle;(5, 6);Label1;1;514
;(2, 10);Idle;(5, 6);Label1;1;515
;(2, 10);Idle;(5, 6);Label1;1;516
;(2, 10);Idle;(5, 6);Label1;1;517
MoveWest;(1, 10);Idle;(5, 6);Label1;1;518
;(1, 10);Idle;(5, 6);Label1;1;519
;(1, 10);Idle;(5, 6);Label1;1;520
;(1, 10);Idle;(5, 6);Label1;1;521
;(1, 10);Idle;(5, 6);Label1;1;522
;(1, 10);Idle;(5, 6);Label1;1;523
;(1, 10);Idle;(5, 6);Label1;1;524
;(1, 10);Idle;(5, 6);Label1;1;525
;(1, 10);Idle;(5, 6);Label1;1;526
;(1, 10);Idle;(5, 6);Label1;1;527
;(1, 10);Idle;(5, 6);Label1;1;528
;(1, 10);Idle;(5, 6);Label1;1;529
;(1, 10);Idle;(5, 6);Label1;1;530
;(1, 10);Idle;(5, 6);Label1;1;531
;(1, 10);Idle;(5, 6);Label1;1;532
;(1, 10);Idle;(5, 6);Label1;1;533
;(1, 10);Idle;(5, 6);Label1;1;534
;(1, 10);Idle;(5, 6);Label1;1;535
;(1, 10);Idle;(5, 6);Label1;1;536
;(1, 10);Idle;(5, 6);Label1;1;537
;(1, 10);Idle;(5, 6);Label1;1;538
;(1, 10);Idle;(5, 6);Label1;1;539
DropObject;(1, 10);Idle;(5, 6);Label1;1;540
;(1, 10);Idle;(5, 6);Label1;1;541
;(1, 10);Idle;(5, 6);Label1;1;542
;(1, 10);Idle;(5, 6);Label1;1;543
;(1, 10);Idle;(5, 6);Label1;1;544
;(1, 10);;(5, 6);Label1;1;545
;(1, 10);;(5, 6);Label1;1;546
;(1, 10);;(5, 6);Label1;1;547
;(1, 10);Idle;(5, 6);Label1;1;548
;(1, 10);Idle;(5, 6);Label1;1;549
;(1, 10);Idle;(5, 6);Label1;1;550
;(1, 10);Idle;(5, 6);Label1;1;551
;(1, 10);Idle;(5, 6);Label1;1;552
;(1, 10);Idle;(5, 6);Label1;1;553
;(1, 10);Idle;(5, 6);Label1;1;554
;(1, 10);Idle;(5, 6);Label1;1;555
;(1, 10);Idle;(5, 6);Label1;1;556
;(1, 10);Idle;(5, 6);Label1;1;557
;(1, 10);Idle;(5, 6);Label1;1;558
;(1, 10);Idle;(5, 6);Label1;1;559
;(1, 10);Idle;(5, 6);Label1;1;560
;(1, 10);Idle;(5, 6);Label1;1;561
;(1, 10);Idle;(5, 6);Label1;1;562
;(1, 10);Idle;(5, 6);Label1;1;563
;(1, 10);Idle;(5, 6);Label1;1;564
;(1, 10);Idle;(5, 6);Label1;1;565
;(1, 10);Idle;(5, 6);Label1;1;566
;(1, 10);Idle;(5, 6);Label1;1;567
;(1, 10);Idle;(5, 6);Label1;1;568
;(1, 10);Idle;(5, 6);Label1;1;569
;(1, 10);Idle;(5, 6);Label1;1;570
;(1, 10);Idle;(5, 6);Label1;1;571
;(1, 10);Idle;(5, 6);Label1;1;572
;(1, 10);Idle;(5, 6);Label1;1;573
;(1, 10);Idle;(5, 6);Label1;1;574
;(1, 10);Idle;(5, 6);Label1;1;575
;(1, 10);Idle;(5, 6);Label1;1;576
;(1, 10);Idle;(5, 6);Label1;1;577
;(1, 10);Idle;(5, 6);Label1;1;578
;(1, 10);Idle;(5, 6);Label1;1;579
;(1, 10);Idle;(5, 6);Label1;1;580
;(1, 10);Idle;(5, 6);Label1;1;581
;(1, 10);Idle;(5, 6);Label1;1;582
;(1, 10);Idle;(5, 6);Label1;1;583
;(1, 10);Idle;(5, 6);Label1;1;584
;(1, 10);Idle;(5, 6);Label1;1;585
;(1, 10);Idle;(5, 6);Label1;1;586
;(1, 10);Idle;(5, 6);Label1;1;587
;(1, 10);Idle;(5, 6);Label1;1;588
;(1, 10);Idle;(5, 6);Label1;1;589
;(1, 10);Idle;(5, 6);Label1;1;590
;(1, 10);Idle;(5, 6);Label1;1;591
;(1, 10);Idle;(5, 6);Label1;1;592
;(1, 10);Idle;(5, 6);Label1;1;593
;(1, 10);Idle;(5, 6);Label1;1;594
;(1, 10);Idle;(5, 6);Label1;1;595
;(1, 10);Idle;(5, 6);Label1;1;596
;(1, 10);Idle;(5, 6);Label1;1;597
;(1, 10);Idle;(5, 6);Label1;1;598
;(1, 10);Idle;(5, 6);Label1;1;599
;(1, 10);Idle;(5, 6);Label1;1;600
;(1, 10);Idle;(5, 6);Label1;1;601
;(1, 10);Idle;(5, 6);Label1;1;602
;(1, 10);;(5, 6);Label1;1;603
;(1, 10);;(5, 6);Label1;1;604
;(1, 10);;(5, 6);Label1;1;605
;(1, 10);Idle;(5, 6);Label1;1;606
;(1, 10);Idle;(5, 6);Label1;1;607
;(1, 10);Idle;(5, 6);Label1;1;608
;(1, 10);Idle;(5, 6);Label1;1;609
;(1, 10);Idle;(5, 6);Label1;1;610
;(1, 10);Idle;(5, 6);Label1;1;611
;(1, 10);Idle;(5, 6);Label1;1;612
;(1, 10);Idle;(5, 6);Label1;1;613
;(1, 10);Idle;(5, 6);Label1;1;614
;(1, 10);Idle;(5, 6);Label1;1;615
;(1, 10);Idle;(5, 6);Label1;1;616
;(1, 10);Idle;(5, 6);Label1;1;617
;(1, 10);Idle;(5, 6);Label1;1;618
;(1, 10);Idle;(5, 6);Label1;1;619
;(1, 10);Idle;(5, 6);Label1;1;620
;(1, 10);Idle;(5, 6);Label1;1;621
;(1, 10);Idle;(5, 6);Label1;1;622
;(1, 10);Idle;(5, 6);Label1;1;623
;(1, 10);Idle;(5, 6);Label1;1;624
;(1, 10);Idle;(5, 6);Label1;1;625
;(1, 10);Idle;(5, 6);Label1;1;626
;(1, 10);Idle;(5, 6);Label1;1;627
;(1, 10);Idle;(5, 6);Label1;1;628
;(1, 10);Idle;(5, 6);Label1;1;629
;(1, 10);Idle;(5, 6);Label1;1;630
;(1, 10);Idle;(5, 6);Label1;1;631
;(1, 10);Idle;(5, 6);Label1;1;632
;(1, 10);Idle;(5, 6);Label1;1;633
;(1, 10);Idle;(5, 6);Label1;1;634
;(1, 10);Idle;(5, 6);Label1;1;635
;(1, 10);Idle;(5, 6);Label1;1;636
;(1, 10);Idle;(5, 6);Label1;1;637
;(1, 10);Idle;(5, 6);Label1;1;638
;(1, 10);Idle;(5, 6);Label1;1;639
;(1, 10);Idle;(5, 6);Label1;1;640
;(1, 10);Idle;(5, 6);Label1;1;641
;(1, 10);Idle;(5, 6);Label1;1;642
;(1, 10);Idle;(5, 6);Label1;1;643
;(1, 10);Idle;(5, 6);Label1;1;644
;(1, 10);Idle;(5, 6);Label1;1;645
;(1, 10);Idle;(5, 6);Label1;1;646
;(1, 10);Idle;(5, 6);Label1;1;647
;(1, 10);Idle;(5, 6);Label1;1;648
;(1, 10);Idle;(5, 6);Label1;1;649
;(1, 10);Idle;(5, 6);Label1;1;650
;(1, 10);Idle;(5, 6);Label1;1;651
;(1, 10);Idle;(5, 6);Label1;1;652
;(1, 10);Idle;(5, 6);Label1;1;653
;(1, 10);Idle;(5, 6);Label1;1;654
;(1, 10);Idle;(5, 6);Label1;1;655
;(1, 10);Idle;(5, 6);Label1;1;656
;(1, 10);Idle;(5, 6);Label1;1;657
;(1, 10);Idle;(5, 6);Label1;1;658
;(1, 10);Idle;(5, 6);Label1;1;659
;(1, 10);Idle;(5, 6);Label1;1;660
;(1, 10);;(5, 6);Label1;1;661
;(1, 10);;(5, 6);Label1;1;662
;(1, 10);;(5, 6);Label1;1;663
;(1, 10);Idle;(5, 6);Label1;1;664
;(1, 10);Idle;(5, 6);Label1;1;665
;(1, 10);Idle;(5, 6);Label1;1;666
;(1, 10);Idle;(5, 6);Label1;1;667
;(1, 10);Idle;(5, 6);Label1;1;668
;(1, 10);Idle;(5, 6);Label1;1;669
;(1, 10);Idle;(5, 6);Label1;1;670
;(1, 10);Idle;(5, 6);Label1;1;671
;(1, 10);Idle;(5, 6);Label1;1;672
;(1, 10);Idle;(5, 6);Label1;1;673
;(1, 10);Idle;(5, 6);Label1;1;674
;(1, 10);Idle;(5, 6);Label1;1;675
;(1, 10);Idle;(5, 6);Label1;1;676
;(1, 10);Idle;(5, 6);Label1;1;677
;(1, 10);Idle;(5, 6);Label1;1;678
;(1, 10);Idle;(5, 6);Label1;1;679
;(1, 10);Idle;(5, 6);Label1;1;680
;(1, 10);Idle;(5, 6);Label1;1;681
;(1, 10);Idle;(5, 6);Label1;1;682
MoveNorth;(1, 9);Idle;(5, 6);Label1;1;683
;(1, 9);Idle;(5, 6);Label1;1;684
;(1, 9);Idle;(5, 6);Label1;1;685
;(1, 9);Idle;(5, 6);Label1;1;686
MoveNorth;(1, 8);Idle;(5, 6);Label1;1;687
MoveNorth;(1, 7);Idle;(5, 6);Label1;1;688
MoveNorth;(1, 6);Idle;(5, 6);Label1;1;689
MoveNorth;(1, 5);Idle;(5, 6);Label1;1;690
;(1, 5);Idle;(5, 6);Label1;1;691
;(1, 5);Idle;(5, 6);Label1;1;692
;(1, 5);Idle;(5, 6);Label1;1;693
;(1, 5);Idle;(5, 6);Label1;1;694
;(1, 5);Idle;(5, 6);Label1;1;695
;(1, 5);Idle;(5, 6);Label1;1;696
;(1, 5);Idle;(5, 6);Label1;1;697
;(1, 5);Idle;(5, 6);Label1;1;698
;(1, 5);Idle;(5, 6);Label1;1;699
;(1, 5);Idle;(5, 6);Label1;1;700
;(1, 5);Idle;(5, 6);Label1;1;701
;(1, 5);Idle;(5, 6);Label1;1;702
;(1, 5);Idle;(5, 6);Label1;1;703
;(1, 5);Idle;(5, 6);Label1;1;704
;(1, 5);Idle;(5, 6);Label1;1;705
;(1, 5);Idle;(5, 6);Label1;1;706
;(1, 5);Idle;(5, 6);Label1;1;707
;(1, 5);Idle;(5, 6);Label1;1;708
;(1, 5);Idle;(5, 6);Label1;1;709
;(1, 5);Idle;(5, 6);Label1;1;710
;(1, 5);Idle;(5, 6);Label1;1;711
;(1, 5);Idle;(5, 6);Label1;1;712
;(1, 5);Idle;(5, 6);Label1;1;713
;(1, 5);Idle;(5, 6);Label1;1;714
;(1, 5);Idle;(5, 6);Label1;1;715
;(1, 5);Idle;(5, 6);Label1;1;716
;(1, 5);Idle;(5, 6);Label1;1;717
;(1, 5);Idle;(5, 6);Label1;1;718
;(1, 5);;(5, 6);Label1;1;719
;(1, 5);;(5, 6);Label1;1;720
;(1, 5);;(5, 6);Label1;1;721
;(1, 5);Idle;(5, 6);Label1;1;722
;(1, 5);Idle;(5, 6);Label1;1;723
;(1, 5);Idle;(5, 6);Label1;1;724
;(1, 5);Idle;(5, 6);Label1;1;725
;(1, 5);Idle;(5, 6);Label1;1;726
;(1, 5);Idle;(5, 6);Label1;1;727
;(1, 5);Idle;(5, 6);Label1;1;728
;(1, 5);Idle;(5, 6);Label1;1;729
;(1, 5);Idle;(5, 6);Label1;1;730
;(1, 5);Idle;(5, 6);Label1;1;731
;(1, 5);Idle;(5, 6);Label1;1;732
MoveNorth;(1, 4);Idle;(5, 6);Label1;1;733
;(1, 4);Idle;(5, 6);Label1;1;734
;(1, 4);Idle;(5, 6);Label1;1;735
;(1, 4);Idle;(5, 6);Label1;1;736
MoveNorth;(1, 3);Idle;(5, 6);Label1;1;737
MoveNorth;(1, 2);Idle;(5, 6);Label1;1;738
;(1, 2);Idle;(5, 6);Label1;1;739
;(1, 2);Idle;(5, 6);Label1;1;740
;(1, 2);Idle;(5, 6);Label1;1;741
;(1, 2);Idle;(5, 6);Label1;1;742
;(1, 2);Idle;(5, 6);Label1;1;743
;(1, 2);Idle;(5, 6);Label1;1;744
;(1, 2);Idle;(5, 6);Label1;1;745
;(1, 2);Idle;(5, 6);Label1;1;746
;(1, 2);Idle;(5, 6);Label1;1;747
;(1, 2);Idle;(5, 6);Label1;1;748
;(1, 2);Idle;(5, 6);Label1;1;749
;(1, 2);Idle;(5, 6);Label1;1;750
MoveEast;(2, 2);Idle;(5, 6);Label1;1;751
;(2, 2);Idle;(5, 6);Label1;1;752
;(2, 2);Idle;(5, 6);Label1;1;753
;(2, 2);Idle;(5, 6);Label1;1;754
;(2, 2);Idle;(5, 6);Label1;1;755
MoveEast;(3, 2);Idle;(5, 6);Label1;1;756
MoveEast;(4, 2);Idle;(5, 6);Label1;1;757
MoveEast;(5, 2);Idle;(5, 6);Label1;1;758
MoveEast;(6, 2);Idle;(5, 6);Label1;1;759
MoveEast;(7, 2);Idle;(5, 6);Label1;1;760
MoveEast;(8, 2);Idle;(5, 6);Label1;1;761
MoveEast;(9, 2);Idle;(5, 6);Label1;1;762
;(9, 2);Idle;(5, 6);Label1;1;763
;(9, 2);Idle;(5, 6);Label1;1;764
;(9, 2);Idle;(5, 6);Label1;1;765
;(9, 2);Idle;(5, 6);Label1;1;766
;(9, 2);Idle;(5, 6);Label1;1;767
;(9, 2);Idle;(5, 6);Label1;1;768
;(9, 2);Idle;(5, 6);Label1;1;769
MoveSouth;(9, 3);Idle;(5, 6);Label1;1;770
;(9, 3);Idle;(5, 6);Label1;1;771
;(9, 3);Idle;(5, 6);Label1;1;772
;(9, 3);Idle;(5, 6);Label1;1;773
;(9, 3);Idle;(5, 6);Label1;1;774
;(9, 3);Idle;(5, 6);Label1;1;775
;(9, 3);Idle;(5, 6);Label1;1;776
;(9, 3);;(5, 6);Label1;1;777
;(9, 3);;(5, 6);Label1;1;778
;(9, 3);;(5, 6);Label1;1;779
;(9, 3);Idle;(5, 6);Label1;1;780
;(9, 3);Idle;(5, 6);Label1;1;781
MoveWest;(8, 3);Idle;(5, 6);Label1;1;782
;(8, 3);Idle;(5, 6);Label1;1;783
;(8, 3);Idle;(5, 6);Label1;1;784
;(8, 3);Idle;(5, 6);Label1;1;785
;(8, 3);Idle;(5, 6);Label1;1;786
;(8, 3);Idle;(5, 6);Label1;1;787
;(8, 3);Idle;(5, 6);Label1;1;788
;(8, 3);Idle;(5, 6);Label1;1;789
;(8, 3);Idle;(5, 6);Label1;1;790
;(8, 3);Idle;(5, 6);Label1;1;791
;(8, 3);Idle;(5, 6);Label1;1;792
;(8, 3);Idle;(5, 6);Label1;1;793
;(8, 3);Idle;(5, 6);Label1;1;794
;(8, 3);Idle;(5, 6);Label1;1;795
;(8, 3);Idle;(5, 6);Label1;1;796
;(8, 3);Idle;(5, 6);Label1;1;797
;(8, 3);Idle;(5, 6);Label1;1;798
;(8, 3);Idle;(5, 6);Label1;1;799
;(8, 3);Idle;(5, 6);Label1;1;800
;(8, 3);Idle;(5, 6);Label1;1;801
;(8, 3);Idle;(5, 6);Label1;1;802
;(8, 3);Idle;(5, 6);Label1;1;803
;(8, 3);Idle;(5, 6);Label1;1;804
;(8, 3);Idle;(5, 6);Label1;1;805
;(8, 3);Idle;(5, 6);Label1;1;806
;(8, 3);Idle;(5, 6);Label1;1;807
;(8, 3);Idle;(5, 6);Label1;1;808
GrabObject;(8, 3);Idle;(5, 6);Label1;1;809
;(8, 3);Idle;(5, 6);Label1;1;810
;(8, 3);Idle;(5, 6);Label1;1;811
;(8, 3);Idle;(5, 6);Label1;1;812
;(8, 3);Idle;(5, 6);Label1;1;813
;(8, 3);Idle;(5, 6);Label1;1;814
;(8, 3);Idle;(5, 6);Label1;1;815
;(8, 3);Idle;(5, 6);Label1;1;816
;(8, 3);Idle;(5, 6);Label1;1;817
;(8, 3);Idle;(5, 6);Label1;1;818
MoveWest;(7, 3);Idle;(5, 6);Label1;1;819
;(7, 3);Idle;(5, 6);Label1;1;820
;(7, 3);Idle;(5, 6);Label1;1;821
;(7, 3);Idle;(5, 6);Label1;1;822
;(7, 3);Idle;(5, 6);Label1;1;823
MoveWest;(6, 3);Idle;(5, 6);Label1;1;824
MoveWest;(5, 3);Idle;(5, 6);Label1;1;825
MoveWest;(4, 3);Idle;(5, 6);Label1;1;826
MoveWest;(3, 3);Idle;(5, 6);Label1;1;827
MoveWest;(2, 3);Idle;(5, 6);Label1;1;828
;(2, 3);Idle;(5, 6);Label1;1;829
;(2, 3);Idle;(5, 6);Label1;1;830
;(2, 3);Idle;(5, 6);Label1;1;831
;(2, 3);Idle;(5, 6);Label1;1;832
;(2, 3);Idle;(5, 6);Label1;1;833
;(2, 3);Idle;(5, 6);Label1;1;834
;(2, 3);;(5, 6);Label1;1;835
;(2, 3);;(5, 6);Label1;1;836
;(2, 3);;(5, 6);Label1;1;837
;(2, 3);Idle;(5, 6);Label1;1;838
;(2, 3);Idle;(5, 6);Label1;1;839
;(2, 3);Idle;(5, 6);Label1;1;840
;(2, 3);Idle;(5, 6);Label1;1;841
;(2, 3);Idle;(5, 6);Label1;1;842
;(2, 3);Idle;(5, 6);Label1;1;843
;(2, 3);Idle;(5, 6);Label1;1;844
;(2, 3);Idle;(5, 6);Label1;1;845
;(2, 3);Idle;(5, 6);Label1;1;846
;(2, 3);Idle;(5, 6);Label1;1;847
;(2, 3);Idle;(5, 6);Label1;1;848
DropObject;(2, 3);Idle;(5, 6);Label1;1;849
;(2, 3);Idle;(5, 6);Label1;1;850
;(2, 3);Idle;(5, 6);Label1;1;851
;(2, 3);Idle;(5, 6);Label1;1;852
;(2, 3);Idle;(5, 6);Label1;1;853
;(2, 3);Idle;(5, 6);Label1;1;854
;(2, 3);Idle;(5, 6);Label1;1;855
;(2, 3);Idle;(5, 6);Label1;1;856
;(2, 3);Idle;(5, 6);Label1;1;857
;(2, 3);Idle;(5, 6);Label1;1;858
;(2, 3);Idle;(5, 6);Label1;1;859
;(2, 3);Idle;(5, 6);Label1;1;860
;(2, 3);Idle;(5, 6);Label1;1;861
;(2, 3);Idle;(5, 6);Label1;1;862
;(2, 3);Idle;(5, 6);Label1;1;863
;(2, 3);Idle;(5, 6);Label1;1;864
;(2, 3);Idle;(5, 6);Label1;1;865
;(2, 3);Idle;(5, 6);Label1;1;866
;(2, 3);Idle;(5, 6);Label1;1;867
;(2, 3);Idle;(5, 6);Label1;1;868
;(2, 3);Idle;(5, 6);Label1;1;869
;(2, 3);Idle;(5, 6);Label1;1;870
;(2, 3);Idle;(5, 6);Label1;1;871
;(2, 3);Idle;(5, 6);Label1;1;872
;(2, 3);Idle;(5, 6);Label1;1;873
;(2, 3);Idle;(5, 6);Label1;1;874
;(2, 3);Idle;(5, 6);Label1;1;875
;(2, 3);Idle;(5, 6);Label1;1;876
;(2, 3);Idle;(5, 6);Label1;1;877
;(2, 3);Idle;(5, 6);Label1;1;878
;(2, 3);Idle;(5, 6);Label1;1;879
;(2, 3);Idle;(5, 6);Label1;1;880
;(2, 3);Idle;(5, 6);Label1;1;881
;(2, 3);Idle;(5, 6);Label1;1;882
;(2, 3);Idle;(5, 6);Label1;1;883
;(2, 3);Idle;(5, 6);Label1;1;884
;(2, 3);Idle;(5, 6);Label1;1;885
;(2, 3);Idle;(5, 6);Label1;1;886
;(2, 3);Idle;(5, 6);Label1;1;887
;(2, 3);Idle;(5, 6);Label1;1;888
;(2, 3);Idle;(5, 6);Label1;1;889
;(2, 3);Idle;(5, 6);Label1;1;890
;(2, 3);Idle;(5, 6);Label1;1;891
;(2, 3);Idle;(5, 6);Label1;1;892
;(2, 3);;(5, 6);Label1;1;893
;(2, 3);;(5, 6);Label1;1;894
;(2, 3);;(5, 6);Label1;1;895
;(2, 3);Idle;(5, 6);Label1;1;896
;(2, 3);Idle;(5, 6);Label1;1;897
;(2, 3);Idle;(5, 6);Label1;1;898
;(2, 3);Idle;(5, 6);Label1;1;899
;(2, 3);Idle;(5, 6);Label1;1;900
;(2, 3);Idle;(5, 6);Label1;1;901
;(2, 3);Idle;(5, 6);Label1;1;902
;(2, 3);Idle;(5, 6);Label1;1;903
MoveNorth;(2, 2);Idle;(5, 6);Label1;1;904
;(2, 2);Idle;(5, 6);Label1;1;905
;(2, 2);Idle;(5, 6);Label1;1;906
;(2, 2);Idle;(5, 6);Label1;1;907
;(2, 2);Idle;(5, 6);Label1;1;908
;(2, 2);Idle;(5, 6);Label1;1;909
;(2, 2);Idle;(5, 6);Label1;1;910
;(2, 2);Idle;(5, 6);Label1;1;911
;(2, 2);Idle;(5, 6);Label1;1;912
;(2, 2);Idle;(5, 6);Label1;1;913
;(2, 2);Idle;(5, 6);Label1;1;914
;(2, 2);Idle;(5, 6);Label1;1;915
;(2, 2);Idle;(5, 6);Label1;1;916
;(2, 2);Idle;(5, 6);Label1;1;917
;(2, 2);Idle;(5, 6);Label1;1;918
;(2, 2);Idle;(5, 6);Label1;1;919
;(2, 2);Idle;(5, 6);Label1;1;920
;(2, 2);Idle;(5, 6);Label1;1;921
;(2, 2);Idle;(5, 6);Label1;1;922
;(2, 2);Idle;(5, 6);Label1;1;923
;(2, 2);Idle;(5, 6);Label1;1;924
;(2, 2);Idle;(5, 6);Label1;1;925
;(2, 2);Idle;(5, 6);Label1;1;926
MoveSouth;(2, 3);Idle;(5, 6);Label1;1;927
;(2, 3);Idle;(5, 6);Label1;1;928
;(2, 3);Idle;(5, 6);Label1;1;929
;(2, 3);Idle;(5, 6);Label1;1;930
;(2, 3);Idle;(5, 6);Label1;1;931
;(2, 3);Idle;(5, 6);Label1;1;932
;(2, 3);Idle;(5, 6);Label1;1;933
;(2, 3);Idle;(5, 6);Label1;1;934
;(2, 3);Idle;(5, 6);Label1;1;935
;(2, 3);Idle;(5, 6);Label1;1;936
MoveEast;(3, 3);Idle;(5, 6);Label1;1;937
;(3, 3);Idle;(5, 6);Label1;1;938
;(3, 3);Idle;(5, 6);Label1;1;939
;(3, 3);Idle;(5, 6);Label1;1;940
MoveEast;(4, 3);Idle;(5, 6);Label1;1;941
MoveEast;(5, 3);Idle;(5, 6);Label1;1;942
MoveEast;(6, 3);Idle;(5, 6);Label1;1;943
MoveEast;(7, 3);Idle;(5, 6);Label1;1;944
MoveEast;(8, 3);Idle;(5, 6);Label1;1;945
MoveEast;(9, 3);Idle;(5, 6);Label1;1;946
MoveEast;(10, 3);Idle;(5, 6);Label1;1;947
MoveEast;(11, 3);Idle;(5, 6);Label1;1;948
MoveEast;(12, 3);Idle;(5, 6);Label1;1;949
;(12, 3);Idle;(5, 6);Label1;1;950
;(12, 3);;(5, 6);Label1;1;951
;(12, 3);;(5, 6);Label1;1;952
;(12, 3);;(5, 6);Label1;1;953
;(12, 3);Idle;(5, 6);Label1;1;954
;(12, 3);Idle;(5, 6);Label1;1;955
;(12, 3);Idle;(5, 6);Label1;1;956
;(12, 3);Idle;(5, 6);Label1;1;957
;(12, 3);Idle;(5, 6);Label1;1;958
;(12, 3);Idle;(5, 6);Label1;1;959
;(12, 3);Idle;(5, 6);Label1;1;960
;(12, 3);Idle;(5, 6);Label1;1;961
;(12, 3);Idle;(5, 6);Label1;1;962
MoveWest;(11, 3);Idle;(5, 6);Label1;1;963
;(11, 3);Idle;(5, 6);Label1;1;964
;(11, 3);Idle;(5, 6);Label1;1;965
;(11, 3);Idle;(5, 6);Label1;1;966
;(11, 3);Idle;(5, 6);Label1;1;967
;(11, 3);Idle;(5, 6);Label1;1;968
;(11, 3);Idle;(5, 6);Label1;1;969
MoveWest;(10, 3);Idle;(5, 6);Label1;1;970
;(10, 3);Idle;(5, 6);Label1;1;971
;(10, 3);Idle;(5, 6);Label1;1;972
;(10, 3);Idle;(5, 6);Label1;1;973
;(10, 3);Idle;(5, 6);Label1;1;974
;(10, 3);Idle;(5, 6);Label1;1;975
;(10, 3);Idle;(5, 6);Label1;1;976
;(10, 3);Idle;(5, 6);Label1;1;977
;(10, 3);Idle;(5, 6);Label1;1;978
;(10, 3);Idle;(5, 6);Label1;1;979
;(10, 3);Idle;(5, 6);Label1;1;980
MoveWest;(9, 3);Idle;(5, 6);Label1;1;981
;(9, 3);Idle;(5, 6);Label1;1;982
;(9, 3);Idle;(5, 6);Label1;1;983
;(9, 3);Idle;(5, 6);Label1;1;984
;(9, 3);Idle;(5, 6);Label1;1;985
;(9, 3);Idle;(5, 6);Label1;1;986
;(9, 3);Idle;(5, 6);Label1;1;987
;(9, 3);Idle;(5, 6);Label1;1;988
;(9, 3);Idle;(5, 6);Label1;1;989
;(9, 3);Idle;(5, 6);Label1;1;990
;(9, 3);Idle;(5, 6);Label1;1;991
;(9, 3);Idle;(5, 6);Label1;1;992
;(9, 3);Idle;(5, 6);Label1;1;993
;(9, 3);Idle;(5, 6);Label1;1;994
;(9, 3);Idle;(5, 6);Label1;1;995
;(9, 3);Idle;(5, 6);Label1;1;996
;(9, 3);Idle;(5, 6);Label1;1;997
;(9, 3);Idle;(5, 6);Label1;1;998
GrabObject;(9, 3);Idle;(5, 6);Label1;1;999
;(9, 3);Idle;(5, 6);Label1;1;1000
;(9, 3);Idle;(5, 6);Label1;1;1001
;(9, 3);Idle;(5, 6);Label1;1;1002
;(9, 3);Idle;(5, 6);Label1;1;1003
;(9, 3);Idle;(5, 6);Label1;1;1004
;(9, 3);Idle;(5, 6);Label1;1;1005
;(9, 3);Idle;(5, 6);Label1;1;1006
;(9, 3);Idle;(5, 6);Label1;1;1007
;(9, 3);Idle;(5, 6);Label1;1;1008
;(9, 3);;(5, 6);Label1;1;1009
;(9, 3);;(5, 6);Label1;1;1010
MoveWest;(8, 3);;(5, 6);Label1;1;1011
;(8, 3);Idle;(5, 6);Label1;1;1012
;(8, 3);Idle;(5, 6);Label1;1;1013
;(8, 3);Idle;(5, 6);Label1;1;1014
;(8, 3);Idle;(5, 6);Label1;1;1015
MoveWest;(7, 3);Idle;(5, 6);Label1;1;1016
MoveWest;(6, 3);Idle;(5, 6);Label1;1;1017
MoveWest;(5, 3);Idle;(5, 6);Label1;1;1018
MoveWest;(4, 3);Idle;(5, 6);Label1;1;1019
MoveWest;(3, 3);Idle;(5, 6);Label1;1;1020
MoveWest;(2, 3);Idle;(5, 6);Label1;1;1021
;(2, 3);Idle;(5, 6);Label1;1;1022
;(2, 3);Idle;(5, 6);Label1;1;1023
;(2, 3);Idle;(5, 6);Label1;1;1024
;(2, 3);Idle;(5, 6);Label1;1;1025
;(2, 3);Idle;(5, 6);Label1;1;1026
;(2, 3);Idle;(5, 6);Label1;1;1027
;(2, 3);Idle;(5, 6);Label1;1;1028
;(2, 3);Idle;(5, 6);Label1;1;1029
;(2, 3);Idle;(5, 6);Label1;1;1030
;(2, 3);Idle;(5, 6);Label1;1;1031
;(2, 3);Idle;(5, 6);Label1;1;1032
MoveWest;(1, 3);Idle;(5, 6);Label1;1;1033
;(1, 3);Idle;(5, 6);Label1;1;1034
;(1, 3);Idle;(5, 6);Label1;1;1035
;(1, 3);Idle;(5, 6);Label1;1;1036
;(1, 3);Idle;(5, 6);Label1;1;1037
;(1, 3);Idle;(5, 6);Label1;1;1038
;(1, 3);Idle;(5, 6);Label1;1;1039
;(1, 3);Idle;(5, 6);Label1;1;1040
;(1, 3);Idle;(5, 6);Label1;1;1041
;(1, 3);Idle;(5, 6);Label1;1;1042
;(1, 3);Idle;(5, 6);Label1;1;1043
;(1, 3);Idle;(5, 6);Label1;1;1044
;(1, 3);Idle;(5, 6);Label1;1;1045
;(1, 3);Idle;(5, 6);Label1;1;1046
;(1, 3);Idle;(5, 6);Label1;1;1047
;(1, 3);Idle;(5, 6);Label1;1;1048
DropObject;(1, 3);Idle;(5, 6);Label1;1;1049
;(1, 3);Idle;(5, 6);Label1;1;1050
;(1, 3);Idle;(5, 6);Label1;1;1051
;(1, 3);Idle;(5, 6);Label1;1;1052
;(1, 3);Idle;(5, 6);Label1;1;1053
;(1, 3);Idle;(5, 6);Label1;1;1054
;(1, 3);Idle;(5, 6);Label1;1;1055
;(1, 3);Idle;(5, 6);Label1;1;1056
;(1, 3);Idle;(5, 6);Label1;1;1057
;(1, 3);Idle;(5, 6);Label1;1;1058
;(1, 3);Idle;(5, 6);Label1;1;1059
;(1, 3);Idle;(5, 6);Label1;1;1060
;(1, 3);Idle;(5, 6);Label1;1;1061
;(1, 3);Idle;(5, 6);Label1;1;1062
;(1, 3);Idle;(5, 6);Label1;1;1063
;(1, 3);Idle;(5, 6);Label1;1;1064
;(1, 3);Idle;(5, 6);Label1;1;1065
;(1, 3);Idle;(5, 6);Label1;1;1066
;(1, 3);;(5, 6);Label1;1;1067
;(1, 3);;(5, 6);Label1;1;1068
;(1, 3);;(5, 6);Label1;1;1069
;(1, 3);Idle;(5, 6);Label1;1;1070
;(1, 3);Idle;(5, 6);Label1;1;1071
;(1, 3);Idle;(5, 6);Label1;1;1072
;(1, 3);Idle;(5, 6);Label1;1;1073
;(1, 3);Idle;(5, 6);Label1;1;1074
;(1, 3);Idle;(5, 6);Label1;1;1075
;(1, 3);Idle;(5, 6);Label1;1;1076
;(1, 3);Idle;(5, 6);Label1;1;1077
;(1, 3);Idle;(5, 6);Label1;1;1078
;(1, 3);Idle;(5, 6);Label1;1;1079
;(1, 3);Idle;(5, 6);Label1;1;1080
;(1, 3);Idle;(5, 6);Label1;1;1081
;(1, 3);Idle;(5, 6);Label1;1;1082
;(1, 3);Idle;(5, 6);Label1;1;1083
;(1, 3);Idle;(5, 6);Label1;1;1084
;(1, 3);Idle;(5, 6);Label1;1;1085
;(1, 3);Idle;(5, 6);Label1;1;1086
;(1, 3);Idle;(5, 6);Label1;1;1087
;(1, 3);Idle;(5, 6);Label1;1;1088
;(1, 3);Idle;(5, 6);Label1;1;1089
;(1, 3);Idle;(5, 6);Label1;1;1090
;(1, 3);Idle;(5, 6);Label1;1;1091
;(1, 3);Idle;(5, 6);Label1;1;1092
;(1, 3);Idle;(5, 6);Label1;1;1093
;(1, 3);Idle;(5, 6);Label1;1;1094
;(1, 3);Idle;(5, 6);Label1;1;1095
;(1, 3);Idle;(5, 6);Label1;1;1096
;(1, 3);Idle;(5, 6);Label1;1;1097
;(1, 3);Idle;(5, 6);Label1;1;1098
;(1, 3);Idle;(5, 6);Label1;1;1099
;(1, 3);Idle;(5, 6);Label1;1;1100
;(1, 3);Idle;(5, 6);Label1;1;1101
;(1, 3);Idle;(5, 6);Label1;1;1102
;(1, 3);Idle;(5, 6);Label1;1;1103
;(1, 3);Idle;(5, 6);Label1;1;1104
;(1, 3);Idle;(5, 6);Label1;1;1105
;(1, 3);Idle;(5, 6);Label1;1;1106
;(1, 3);Idle;(5, 6);Label1;1;1107
;(1, 3);Idle;(5, 6);Label1;1;1108
;(1, 3);Idle;(5, 6);Label1;1;1109
;(1, 3);Idle;(5, 6);Label1;1;1110
;(1, 3);Idle;(5, 6);Label1;1;1111
;(1, 3);Idle;(5, 6);Label1;1;1112
;(1, 3);Idle;(5, 6);Label1;1;1113
;(1, 3);Idle;(5, 6);Label1;1;1114
;(1, 3);Idle;(5, 6);Label1;1;1115
;(1, 3);Idle;(5, 6);Label1;1;1116
;(1, 3);Idle;(5, 6);Label1;1;1117
;(1, 3);Idle;(5, 6);Label1;1;1118
;(1, 3);Idle;(5, 6);Label1;1;1119
;(1, 3);Idle;(5, 6);Label1;1;1120
;(1, 3);Idle;(5, 6);Label1;1;1121
;(1, 3);Idle;(5, 6);Label1;1;1122
;(1, 3);Idle;(5, 6);Label1;1;1123
;(1, 3);Idle;(5, 6);Label1;1;1124
;(1, 3);;(5, 6);Label1;1;1125
;(1, 3);;(5, 6);Label1;1;1126
;(1, 3);;(5, 6);Label1;1;1127
;(1, 3);Idle;(5, 6);Label1;1;1128
;(1, 3);Idle;(5, 6);Label1;1;1129
;(1, 3);Idle;(5, 6);Label1;1;1130
;(1, 3);Idle;(5, 6);Label1;1;1131
;(1, 3);Idle;(5, 6);Label1;1;1132
;(1, 3);Idle;(5, 6);Label1;1;1133
;(1, 3);Idle;(5, 6);Label1;1;1134
;(1, 3);Idle;(5, 6);Label1;1;1135
;(1, 3);Idle;(5, 6);Label1;1;1136
;(1, 3);Idle;(5, 6);Label1;1;1137
;(1, 3);Idle;(5, 6);Label1;1;1138
;(1, 3);Idle;(5, 6);Label1;1;1139
;(1, 3);Idle;(5, 6);Label1;1;1140
;(1, 3);Idle;(5, 6);Label1;1;1141
;(1, 3);Idle;(5, 6);Label1;1;1142
;(1, 3);Idle;(5, 6);Label1;1;1143
;(1, 3);Idle;(5, 6);Label1;1;1144
;(1, 3);Idle;(5, 6);Label1;1;1145
;(1, 3);Idle;(5, 6);Label1;1;1146
;(1, 3);Idle;(5, 6);Label1;1;1147
;(1, 3);Idle;(5, 6);Label1;1;1148
;(1, 3);Idle;(5, 6);Label1;1;1149
;(1, 3);Idle;(5, 6);Label1;1;1150
;(1, 3);Idle;(5, 6);Label1;1;1151
;(1, 3);Idle;(5, 6);Label1;1;1152
;(1, 3);Idle;(5, 6);Label1;1;1153
;(1, 3);Idle;(5, 6);Label1;1;1154
;(1, 3);Idle;(5, 6);Label1;1;1155
;(1, 3);Idle;(5, 6);Label1;1;1156
;(1, 3);Idle;(5, 6);Label1;1;1157
;(1, 3);Idle;(5, 6);Label1;1;1158
;(1, 3);Idle;(5, 6);Label1;1;1159
;(1, 3);Idle;(5, 6);Label1;1;1160
;(1, 3);Idle;(5, 6);Label1;1;1161
;(1, 3);Idle;(5, 6);Label1;1;1162
;(1, 3);Idle;(5, 6);Label1;1;1163
;(1, 3);Idle;(5, 6);Label1;1;1164
;(1, 3);Idle;(5, 6);Label1;1;1165
;(1, 3);Idle;(5, 6);Label1;1;1166
;(1, 3);Idle;(5, 6);Label1;1;1167
;(1, 3);Idle;(5, 6);Label1;1;1168
;(1, 3);Idle;(5, 6);Label1;1;1169
;(1, 3);Idle;(5, 6);Label1;1;1170
;(1, 3);Idle;(5, 6);Label1;1;1171
;(1, 3);Idle;(5, 6);Label1;1;1172
;(1, 3);Idle;(5, 6);Label1;1;1173
;(1, 3);Idle;(5, 6);Label1;1;1174
;(1, 3);Idle;(5, 6);Label1;1;1175
;(1, 3);Idle;(5, 6);Label1;1;1176
;(1, 3);Idle;(5, 6);Label1;1;1177
;(1, 3);Idle;(5, 6);Label1;1;1178
;(1, 3);Idle;(5, 6);Label1;1;1179
;(1, 3);Idle;(5, 6);Label1;1;1180
;(1, 3);Idle;(5, 6);Label1;1;1181
;(1, 3);Idle;(5, 6);Label1;1;1182
;(1, 3);;(5, 6);Label1;1;1183
;(1, 3);;(5, 6);Label1;1;1184
;(1, 3);;(5, 6);Label1;1;1185
;(1, 3);Idle;(5, 6);Label1;1;1186
;(1, 3);Idle;(5, 6);Label1;1;1187
MoveNorth;(1, 2);Idle;(5, 6);Label1;1;1188
;(1, 2);Idle;(5, 6);Label1;1;1189
;(1, 2);Idle;(5, 6);Label1;1;1190
;(1, 2);Idle;(5, 6);Label1;1;1191
;(1, 2);Idle;(5, 6);Label1;1;1192
;(1, 2);Idle;(5, 6);Label1;1;1193
;(1, 2);Idle;(5, 6);Label1;1;1194
;(1, 2);Idle;(5, 6);Label1;1;1195
;(1, 2);Idle;(5, 6);Label1;1;1196
;(1, 2);Idle;(5, 6);Label1;1;1197
;(1, 2);Idle;(5, 6);Label1;1;1198
;(1, 2);Idle;(5, 6);Label1;1;1199
;(1, 2);Idle;(5, 6);Label1;1;1200
MoveSouth;(1, 3);Idle;(5, 6);Label1;1;1201
;(1, 3);Idle;(5, 6);Label1;1;1202
;(1, 3);Idle;(5, 6);Label1;1;1203
;(1, 3);Idle;(5, 6);Label1;1;1204
;(1, 3);Idle;(5, 6);Label1;1;1205
MoveSouth;(1, 4);Idle;(5, 6);Label1;1;1206
;(1, 4);Idle;(5, 6);Label1;1;1207
;(1, 4);Idle;(5, 6);Label1;1;1208
;(1, 4);Idle;(5, 6);Label1;1;1209
;(1, 4);Idle;(5, 6);Label1;1;1210
;(1, 4);Idle;(5, 6);Label1;1;1211
;(1, 4);Idle;(5, 6);Label1;1;1212
;(1, 4);Idle;(5, 6);Label1;1;1213
;(1, 4);Idle;(5, 6);Label1;1;1214
;(1, 4);Idle;(5, 6);Label1;1;1215
MoveSouth;(1, 5);Idle;(5, 6);Label1;1;1216
;(1, 5);Idle;(5, 6);Label1;1;1217
;(1, 5);Idle;(5, 6);Label1;1;1218
;(1, 5);Idle;(5, 6);Label1;1;1219
;(1, 5);Idle;(5, 6);Label1;1;1220
;(1, 5);Idle;(5, 6);Label1;1;1221
;(1, 5);Idle;(5, 6);Label1;1;1222
;(1, 5);Idle;(5, 6);Label1;1;1223
;(1, 5);Idle;(5, 6);Label1;1;1224
;(1, 5);Idle;(5, 6);Label1;1;1225
MoveEast;(2, 5);Idle;(5, 6);Label1;1;1226
;(2, 5);Idle;(5, 6);Label1;1;1227
;(2, 5);Idle;(5, 6);Label1;1;1228
;(2, 5);Idle;(5, 6);Label1;1;1229
;(2, 5);Idle;(5, 6);Label1;1;1230
MoveEast;(3, 5);Idle;(5, 6);Label1;1;1231
MoveEast;(4, 5);Idle;(5, 6);Label1;1;1232
MoveEast;(5, 5);Idle;(5, 6);Label1;1;1233
;(5, 5);Idle;(5, 6);Label1;1;1234
;(5, 5);Idle;(5, 6);Label1;1;1235
;(5, 5);Idle;(5, 6);Label1;1;1236
MoveEast;(6, 5);Idle;(5, 6);Label1;1;1237
;(6, 5);Idle;(5, 6);Label1;1;1238
;(6, 5);Idle;(5, 6);Label1;1;1239
;(6, 5);Idle;(5, 6);Label1;1;1240
;(6, 5);;(5, 6);Label1;1;1241
;(6, 5);;(5, 6);Label1;1;1242
;(6, 5);;(5, 6);Label1;1;1243
;(6, 5);Idle;(5, 6);Label1;1;1244
;(6, 5);Idle;(5, 6);Label1;1;1245
;(6, 5);Idle;(5, 6);Label1;1;1246
;(6, 5);Idle;(5, 6);Label1;1;1247
;(6, 5);Idle;(5, 6);Label1;1;1248
;(6, 5);Idle;(5, 6);Label1;1;1249
;(6, 5);Idle;(5, 6);Label1;1;1250
;(6, 5);Idle;(5, 6);Label1;1;1251
;(6, 5);Idle;(5, 6);Label1;1;1252
;(6, 5);Idle;(5, 6);Label1;1;1253
;(6, 5);Idle;(5, 6);Label1;1;1254
MoveWest;(5, 5);Idle;(5, 6);Label1;1;1255
;(5, 5);Idle;(5, 6);Label1;1;1256
;(5, 5);Idle;(5, 6);Label1;1;1257
;(5, 5);Idle;(5, 6);Label1;1;1258
;(5, 5);Idle;(5, 6);Label1;1;1259
;(5, 5);Idle;(5, 6);Label1;1;1260
;(5, 5);Idle;(5, 6);Label1;1;1261
;(5, 5);Idle;(5, 6);Label1;1;1262
;(5, 5);Idle;(5, 6);Label1;1;1263
;(5, 5);Idle;(5, 6);Label1;1;1264
;(5, 5);Idle;(5, 6);Label1;1;1265
;(5, 5);Idle;(5, 6);Label1;1;1266
;(5, 5);Idle;(5, 6);Label1;1;1267
;(5, 5);Idle;(5, 6);Label1;1;1268
;(5, 5);Idle;(5, 6);Label1;1;1269
;(5, 5);Idle;(5, 6);Label1;1;1270
;(5, 5);Idle;(5, 6);Label1;1;1271
;(5, 5);Idle;(5, 6);Label1;1;1272
GrabObject;(5, 5);Idle;(5, 6);Label1;1;1273
;(5, 5);Idle;(5, 6);Label1;1;1274
;(5, 5);Idle;(5, 6);Label1;1;1275
;(5, 5);Idle;(5, 6);Label1;1;1276
;(5, 5);Idle;(5, 6);Label1;1;1277
;(5, 5);Idle;(5, 6);Label1;1;1278
;(5, 5);Idle;(5, 6);Label1;1;1279
;(5, 5);Idle;(5, 6);Label1;1;1280
;(5, 5);Idle;(5, 6);Label1;1;1281
;(5, 5);Idle;(5, 6);Label1;1;1282
;(5, 5);Idle;(5, 6);Label1;1;1283
;(5, 5);Idle;(5, 6);Label1;1;1284
MoveWest;(4, 5);Idle;(5, 6);Label1;1;1285
;(4, 5);Idle;(5, 6);Label1;1;1286
;(4, 5);Idle;(5, 6);Label1;1;1287
;(4, 5);Idle;(5, 6);Label1;1;1288
;(4, 5);Idle;(5, 6);Label1;1;1289
MoveWest;(3, 5);Idle;(5, 6);Label1;1;1290
MoveWest;(2, 5);Idle;(5, 6);Label1;1;1291
MoveWest;(1, 5);Idle;(5, 6);Label1;1;1292
;(1, 5);Idle;(5, 6);Label1;1;1293
;(1, 5);Idle;(5, 6);Label1;1;1294
;(1, 5);Idle;(5, 6);Label1;1;1295
;(1, 5);Idle;(5, 6);Label1;1;1296
;(1, 5);Idle;(5, 6);Label1;1;1297
;(1, 5);Idle;(5, 6);Label1;1;1298
;(1, 5);;(5, 6);Label1;1;1299
;(1, 5);;(5, 6);Label1;1;1300
;(1, 5);;(5, 6);Label1;1;1301
;(1, 5);Idle;(5, 6);Label1;1;1302
;(1, 5);Idle;(5, 6);Label1;1;1303
;(1, 5);Idle;(5, 6);Label1;1;1304
;(1, 5);Idle;(5, 6);Label1;1;1305
;(1, 5);Idle;(5, 6);Label1;1;1306
;(1, 5);Idle;(5, 6);Label1;1;1307
;(1, 5);Idle;(5, 6);Label1;1;1308
;(1, 5);Idle;(5, 6);Label1;1;1309
;(1, 5);Idle;(5, 6);Label1;1;1310
;(1, 5);Idle;(5, 6);Label1;1;1311
;(1, 5);Idle;(5, 6);Label1;1;1312
;(1, 5);Idle;(5, 6);Label1;1;1313
;(1, 5);Idle;(5, 6);Label1;1;1314
DropObject;(1, 5);Idle;(5, 6);Label1;1;1315
;(1, 5);Idle;(5, 6);Label1;1;1316
;(1, 5);Idle;(5, 6);Label1;1;1317
;(1, 5);Idle;(5, 6);Label1;1;1318
;(1, 5);Idle;(5, 6);Label1;1;1319
;(1, 5);Idle;(5, 6);Label1;1;1320
;(1, 5);Idle;(5, 6);Label1;1;1321
;(1, 5);Idle;(5, 6);Label1;1;1322
;(1, 5);Idle;(5, 6);Label1;1;1323
;(1, 5);Idle;(5, 6);Label1;1;1324
;(1, 5);Idle;(5, 6);Label1;1;1325
;(1, 5);Idle;(5, 6);Label1;1;1326
;(1, 5);Idle;(5, 6);Label1;1;1327
;(1, 5);Idle;(5, 6);Label1;1;1328
;(1, 5);Idle;(5, 6);Label1;1;1329
;(1, 5);Idle;(5, 6);Label1;1;1330
;(1, 5);Idle;(5, 6);Label1;1;1331
;(1, 5);Idle;(5, 6);Label1;1;1332
;(1, 5);Idle;(5, 6);Label1;1;1333
;(1, 5);Idle;(5, 6);Label1;1;1334
;(1, 5);Idle;(5, 6);Label1;1;1335
;(1, 5);Idle;(5, 6);Label1;1;1336
;(1, 5);Idle;(5, 6);Label1;1;1337
;(1, 5);Idle;(5, 6);Label1;1;1338
;(1, 5);Idle;(5, 6);Label1;1;1339
;(1, 5);Idle;(5, 6);Label1;1;1340
;(1, 5);Idle;(5, 6);Label1;1;1341
;(1, 5);Idle;(5, 6);Label1;1;1342
;(1, 5);Idle;(5, 6);Label1;1;1343
;(1, 5);Idle;(5, 6);Label1;1;1344
;(1, 5);Idle;(5, 6);Label1;1;1345
;(1, 5);Idle;(5, 6);Label1;1;1346
;(1, 5);Idle;(5, 6);Label1;1;1347
;(1, 5);Idle;(5, 6);Label1;1;1348
;(1, 5);Idle;(5, 6);Label1;1;1349
;(1, 5);Idle;(5, 6);Label1;1;1350
MoveEast;(2, 5);Idle;(5, 6);Label1;1;1351
;(2, 5);Idle;(5, 6);Label1;1;1352
;(2, 5);Idle;(5, 6);Label1;1;1353
;(2, 5);Idle;(5, 6);Label1;1;1354
;(2, 5);Idle;(5, 6);Label1;1;1355
MoveEast;(3, 5);Idle;(5, 6);Label1;1;1356
MoveEast;(4, 5);;(5, 6);Label1;1;1357
MoveEast;(5, 5);;(5, 6);Label1;1;1358
;(5, 5);;(5, 6);Label1;1;1359
;(5, 5);Idle;(5, 6);Label1;1;1360
;(5, 5);Idle;(5, 6);Label1;1;1361
;(5, 5);Idle;(5, 6);Label1;1;1362
;(5, 5);Idle;(5, 6);Label1;1;1363
;(5, 5);Idle;(5, 6);Label1;1;1364
;(5, 5);Idle;(5, 6);Label1;1;1365
;(5, 5);Idle;(5, 6);Label1;1;1366
MoveEast;(6, 5);Idle;(5, 6);Label1;1;1367
;(6, 5);Idle;(5, 6);Label1;1;1368
;(6, 5);Idle;(5, 6);Label1;1;1369
;(6, 5);Idle;(5, 6);Label1;1;1370
;(6, 5);Idle;(5, 6);Label1;1;1371
;(6, 5);Idle;(5, 6);Label1;1;1372
;(6, 5);Idle;(5, 6);Label1;1;1373
;(6, 5);Idle;(5, 6);Label1;1;1374
;(6, 5);Idle;(5, 6);Label1;1;1375
;(6, 5);Idle;(5, 6);Label1;1;1376
;(6, 5);Idle;(5, 6);Label1;1;1377
;(6, 5);Idle;(5, 6);Label1;1;1378
;(6, 5);Idle;(5, 6);Label1;1;1379
;(6, 5);Idle;(5, 6);Label1;1;1380
;(6, 5);Idle;(5, 6);Label1;1;1381
;(6, 5);Idle;(5, 6);Label1;1;1382
;(6, 5);Idle;(5, 6);Label1;1;1383
GrabObject;(6, 5);Idle;(5, 6);Label1;1;1384
;(6, 5);Idle;(5, 6);Label1;1;1385
;(6, 5);Idle;(5, 6);Label1;1;1386
;(6, 5);Idle;(5, 6);Label1;1;1387
;(6, 5);Idle;(5, 6);Label1;1;1388
;(6, 5);Idle;(5, 6);Label1;1;1389
;(6, 5);Idle;(5, 6);Label1;1;1390
;(6, 5);Idle;(5, 6);Label1;1;1391
;(6, 5);Idle;(5, 6);Label1;1;1392
;(6, 5);Idle;(5, 6);Label1;1;1393
;(6, 5);Idle;(5, 6);Label1;1;1394
MoveWest;(5, 5);Idle;(5, 6);Label1;1;1395
;(5, 5);Idle;(5, 6);Label1;1;1396
;(5, 5);Idle;(5, 6);Label1;1;1397
;(5, 5);Idle;(5, 6);Label1;1;1398
;(5, 5);Idle;(5, 6);Label1;1;1399
MoveWest;(4, 5);Idle;(5, 6);Label1;1;1400
MoveWest;(3, 5);Idle;(5, 6);Label1;1;1401
MoveWest;(2, 5);Idle;(5, 6);Label1;1;1402
MoveWest;(1, 5);Idle;(5, 6);Label1;1;1403
MoveWest;(0, 5);Idle;(5, 6);Label1;1;1404
;(0, 5);Idle;(5, 6);Label1;1;1405
;(0, 5);Idle;(5, 6);Label1;1;1406
;(0, 5);Idle;(5, 6);Label1;1;1407
;(0, 5);Idle;(5, 6);Label1;1;1408
;(0, 5);Idle;(5, 6);Label1;1;1409
;(0, 5);Idle;(5, 6);Label1;1;1410
;(0, 5);Idle;(5, 6);Label1;1;1411
;(0, 5);Idle;(5, 6);Label1;1;1412
;(0, 5);Idle;(5, 6);Label1;1;1413
;(0, 5);Idle;(5, 6);Label1;1;1414
;(0, 5);;(5, 6);Label1;1;1415
;(0, 5);;(5, 6);Label1;1;1416
;(0, 5);;(5, 6);Label1;1;1417
;(0, 5);Idle;(5, 6);Label1;1;1418
;(0, 5);Idle;(5, 6);Label1;1;1419
;(0, 5);Idle;(5, 6);Label1;1;1420
;(0, 5);Idle;(5, 6);Label1;1;1421
;(0, 5);Idle;(5, 6);Label1;1;1422
;(0, 5);Idle;(5, 6);Label1;1;1423
;(0, 5);Idle;(5, 6);Label1;1;1424
;(0, 5);Idle;(5, 6);Label1;1;1425
;(0, 5);Idle;(5, 6);Label1;1;1426
;(0, 5);Idle;(5, 6);Label1;1;1427
;(0, 5);Idle;(5, 6);Label1;1;1428
DropObject;(0, 5);Idle;(5, 6);Label1;1;1429
;(0, 5);Idle;(5, 6);Label1;1;1430
;(0, 5);Idle;(5, 6);Label1;1;1431
;(0, 5);Idle;(5, 6);Label1;1;1432
;(0, 5);Idle;(5, 6);Label1;1;1433
;(0, 5);Idle;(5, 6);Label1;1;1434
;(0, 5);Idle;(5, 6);Label1;1;1435
;(0, 5);Idle;(5, 6);Label1;1;1436
;(0, 5);Idle;(5, 6);Label1;1;1437
;(0, 5);Idle;(5, 6);Label1;1;1438
;(0, 5);Idle;(5, 6);Label1;1;1439
;(0, 5);Idle;(5, 6);Label1;1;1440
;(0, 5);Idle;(5, 6);Label1;1;1441
;(0, 5);Idle;(5, 6);Label1;1;1442
;(0, 5);Idle;(5, 6);Label1;1;1443
;(0, 5);Idle;(5, 6);Label1;1;1444
;(0, 5);Idle;(5, 6);Label1;1;1445
;(0, 5);Idle;(5, 6);Label1;1;1446
;(0, 5);Idle;(5, 6);Label1;1;1447
;(0, 5);Idle;(5, 6);Label1;1;1448
;(0, 5);Idle;(5, 6);Label1;1;1449
;(0, 5);Idle;(5, 6);Label1;1;1450
;(0, 5);Idle;(5, 6);Label1;1;1451
;(0, 5);Idle;(5, 6);Label1;1;1452
;(0, 5);Idle;(5, 6);Label1;1;1453
;(0, 5);Idle;(5, 6);Label1;1;1454
MoveNorth;(0, 4);Idle;(5, 6);Label1;1;1455
;(0, 4);Idle;(5, 6);Label1;1;1456
;(0, 4);Idle;(5, 6);Label1;1;1457
;(0, 4);Idle;(5, 6);Label1;1;1458
;(0, 4);Idle;(5, 6);Label1;1;1459
MoveNorth;(0, 3);Idle;(5, 6);Label1;1;1460
MoveNorth;(0, 2);Idle;(5, 6);Label1;1;1461
;(0, 2);Idle;(5, 6);Label1;1;1462
;(0, 2);Idle;(5, 6);Label1;1;1463
;(0, 2);Idle;(5, 6);Label1;1;1464
;(0, 2);Idle;(5, 6);Label1;1;1465
;(0, 2);Idle;(5, 6);Label1;1;1466
;(0, 2);Idle;(5, 6);Label1;1;1467
;(0, 2);Idle;(5, 6);Label1;1;1468
;(0, 2);Idle;(5, 6);Label1;1;1469
;(0, 2);Idle;(5, 6);Label1;1;1470
;(0, 2);Idle;(5, 6);Label1;1;1471
;(0, 2);Idle;(5, 6);Label1;1;1472
;(0, 2);;(5, 6);Label1;1;1473
;(0, 2);;(5, 6);Label1;1;1474
MoveSouth;(0, 3);;(5, 6);Label1;1;1475
;(0, 3);Idle;(5, 6);Label1;1;1476
;(0, 3);Idle;(5, 6);Label1;1;1477
;(0, 3);Idle;(5, 6);Label1;1;1478
;(0, 3);Idle;(5, 6);Label1;1;1479
;(0, 3);Idle;(5, 6);Label1;1;1480
;(0, 3);Idle;(5, 6);Label1;1;1481
;(0, 3);Idle;(5, 6);Label1;1;1482
;(0, 3);Idle;(5, 6);Label1;1;1483
;(0, 3);Idle;(5, 6);Label1;1;1484
;(0, 3);Idle;(5, 6);Label1;1;1485
;(0, 3);Idle;(5, 6);Label1;1;1486
;(0, 3);Idle;(5, 6);Label1;1;1487
MoveEast;(1, 3);Idle;(5, 6);Label1;1;1488
;(1, 3);Idle;(5, 6);Label1;1;1489
;(1, 3);Idle;(5, 6);Label1;1;1490
;(1, 3);Idle;(5, 6);Label1;1;1491
;(1, 3);Idle;(5, 6);Label1;1;1492
MoveEast;(2, 3);Idle;(5, 6);Label1;1;1493
MoveEast;(3, 3);Idle;(5, 6);Label1;1;1494
MoveEast;(4, 3);Idle;(5, 6);Label1;1;1495
MoveEast;(5, 3);Idle;(5, 6);Label1;1;1496
MoveEast;(6, 3);Idle;(5, 6);Label1;1;1497
;(6, 3);Idle;(5, 6);Label1;1;1498
;(6, 3);Idle;(5, 6);Label1;1;1499
;(6, 3);Idle;(5, 6);Label1;1;1500
;(6, 3);Idle;(5, 6);Label1;1;1501
;(6, 3);Idle;(5, 6);Label1;1;1502
;(6, 3);Idle;(5, 6);Label1;1;1503
MoveEast;(7, 3);Idle;(5, 6);Label1;1;1504
;(7, 3);Idle;(5, 6);Label1;1;1505
;(7, 3);Idle;(5, 6);Label1;1;1506
;(7, 3);Idle;(5, 6);Label1;1;1507
;(7, 3);Idle;(5, 6);Label1;1;1508
;(7, 3);Idle;(5, 6);Label1;1;1509
;(7, 3);Idle;(5, 6);Label1;1;1510
;(7, 3);Idle;(5, 6);Label1;1;1511
;(7, 3);Idle;(5, 6);Label1;1;1512
;(7, 3);Idle;(5, 6);Label1;1;1513
;(7, 3);Idle;(5, 6);Label1;1;1514
;(7, 3);Idle;(5, 6);Label1;1;1515
;(7, 3);Idle;(5, 6);Label1;1;1516
MoveSouth;(7, 4);Idle;(5, 6);Label1;1;1517
;(7, 4);Idle;(5, 6);Label1;1;1518
;(7, 4);Idle;(5, 6);Label1;1;1519
;(7, 4);Idle;(5, 6);Label1;1;1520
;(7, 4);Idle;(5, 6);Label1;1;1521
MoveSouth;(7, 5);Idle;(5, 6);Label1;1;1522
;(7, 5);Idle;(5, 6);Label1;1;1523
;(7, 5);Idle;(5, 6);Label1;1;1524
;(7, 5);Idle;(5, 6);Label1;1;1525
;(7, 5);Idle;(5, 6);Label1;1;1526
;(7, 5);Idle;(5, 6);Label1;1;1527
;(7, 5);Idle;(5, 6);Label1;1;1528
;(7, 5);Idle;(5, 6);Label1;1;1529
;(7, 5);Idle;(5, 6);Label1;1;1530
;(7, 5);;(5, 6);Label1;1;1531
;(7, 5);;(5, 6);Label1;1;1532
;(7, 5);;(5, 6);Label1;1;1533
;(7, 5);Idle;(5, 6);Label1;1;1534
;(7, 5);Idle;(5, 6);Label1;1;1535
;(7, 5);Idle;(5, 6);Label1;1;1536
;(7, 5);Idle;(5, 6);Label1;1;1537
;(7, 5);Idle;(5, 6);Label1;1;1538
;(7, 5);Idle;(5, 6);Label1;1;1539
;(7, 5);Idle;(5, 6);Label1;1;1540
GrabObject;(7, 5);Idle;(5, 6);Label1;1;1541
;(7, 5);Idle;(5, 6);Label1;1;1542
;(7, 5);Idle;(5, 6);Label1;1;1543
;(7, 5);Idle;(5, 6);Label1;1;1544
;(7, 5);Idle;(5, 6);Label1;1;1545
;(7, 5);Idle;(5, 6);Label1;1;1546
;(7, 5);Idle;(5, 6);Label1;1;1547
;(7, 5);Idle;(5, 6);Label1;1;1548
;(7, 5);Idle;(5, 6);Label1;1;1549
MoveWest;(6, 5);Idle;(5, 6);Label1;1;1550
;(6, 5);Idle;(5, 6);Label1;1;1551
;(6, 5);Idle;(5, 6);Label1;1;1552
;(6, 5);Idle;(5, 6);Label1;1;1553
;(6, 5);Idle;(5, 6);Label1;1;1554
MoveWest;(5, 5);Idle;(5, 6);Label1;1;1555
MoveWest;(4, 5);Idle;(5, 6);Label1;1;1556
MoveWest;(3, 5);Idle;(5, 6);Label1;1;1557
MoveWest;(2, 5);Idle;(5, 6);Label1;1;1558
MoveWest;(1, 5);Idle;(5, 6);Label1;1;1559
MoveWest;(0, 5);Idle;(5, 6);Label1;1;1560
;(0, 5);Idle;(5, 6);Label1;1;1561
;(0, 5);Idle;(5, 6);Label1;1;1562
;(0, 5);Idle;(5, 6);Label1;1;1563
;(0, 5);Idle;(5, 6);Label1;1;1564
;(0, 5);Idle;(5, 6);Label1;1;1565
;(0, 5);Idle;(5, 6);Label1;1;1566
;(0, 5);Idle;(5, 6);Label1;1;1567
;(0, 5);Idle;(5, 6);Label1;1;1568
;(0, 5);Idle;(5, 6);Label1;1;1569
;(0, 5);Idle;(5, 6);Label1;1;1570
;(0, 5);Idle;(5, 6);Label1;1;1571
;(0, 5);Idle;(5, 6);Label1;1;1572
;(0, 5);Idle;(5, 6);Label1;1;1573
;(0, 5);Idle;(5, 6);Label1;1;1574
;(0, 5);Idle;(5, 6);Label1;1;1575
;(0, 5);Idle;(5, 6);Label1;1;1576
DropObject;(0, 5);Idle;(5, 6);Label1;1;1577
;(0, 5);Idle;(5, 6);Label1;1;1578
;(0, 5);Idle;(5, 6);Label1;1;1579
;(0, 5);Idle;(5, 6);Label1;1;1580
;(0, 5);Idle;(5, 6);Label1;1;1581
;(0, 5);Idle;(5, 6);Label1;1;1582
;(0, 5);Idle;(5, 6);Label1;1;1583
;(0, 5);Idle;(5, 6);Label1;1;1584
;(0, 5);Idle;(5, 6);Label1;1;1585
;(0, 5);Idle;(5, 6);Label1;1;1586
;(0, 5);Idle;(5, 6);Label1;1;1587
;(0, 5);Idle;(5, 6);Label1;1;1588
;(0, 5);;(5, 6);Label1;1;1589
;(0, 5);;(5, 6);Label1;1;1590
;(0, 5);;(5, 6);Label1;1;1591
;(0, 5);Idle;(5, 6);Label1;1;1592
;(0, 5);Idle;(5, 6);Label1;1;1593
;(0, 5);Idle;(5, 6);Label1;1;1594
;(0, 5);Idle;(5, 6);Label1;1;1595
;(0, 5);Idle;(5, 6);Label1;1;1596
;(0, 5);Idle;(5, 6);Label1;1;1597
MoveNorth;(0, 4);Idle;(5, 6);Label1;1;1598
;(0, 4);Idle;(5, 6);Label1;1;1599
;(0, 4);Idle;(5, 6);Label1;1;1600
;(0, 4);Idle;(5, 6);Label1;1;1601
;(0, 4);Idle;(5, 6);Label1;1;1602
;(0, 4);Idle;(5, 6);Label1;1;1603
;(0, 4);Idle;(5, 6);Label1;1;1604
;(0, 4);Idle;(5, 6);Label1;1;1605
;(0, 4);Idle;(5, 6);Label1;1;1606
;(0, 4);Idle;(5, 6);Label1;1;1607
;(0, 4);Idle;(5, 6);Label1;1;1608
;(0, 4);Idle;(5, 6);Label1;1;1609
;(0, 4);Idle;(5, 6);Label1;1;1610
;(0, 4);Idle;(5, 6);Label1;1;1611
;(0, 4);Idle;(5, 6);Label1;1;1612
;(0, 4);Idle;(5, 6);Label1;1;1613
;(0, 4);Idle;(5, 6);Label1;1;1614
;(0, 4);Idle;(5, 6);Label1;1;1615
;(0, 4);Idle;(5, 6);Label1;1;1616
;(0, 4);Idle;(5, 6);Label1;1;1617
;(0, 4);Idle;(5, 6);Label1;1;1618
;(0, 4);Idle;(5, 6);Label1;1;1619
;(0, 4);Idle;(5, 6);Label1;1;1620
;(0, 4);Idle;(5, 6);Label1;1;1621
;(0, 4);Idle;(5, 6);Label1;1;1622
;(0, 4);Idle;(5, 6);Label1;1;1623
;(0, 4);Idle;(5, 6);Label1;1;1624
MoveEast;(1, 4);Idle;(5, 6);Label1;1;1625
;(1, 4);Idle;(5, 6);Label1;1;1626
;(1, 4);Idle;(5, 6);Label1;1;1627
;(1, 4);Idle;(5, 6);Label1;1;1628
;(1, 4);Idle;(5, 6);Label1;1;1629
MoveEast;(2, 4);Idle;(5, 6);Label1;1;1630
MoveEast;(3, 4);Idle;(5, 6);Label1;1;1631
MoveEast;(4, 4);Idle;(5, 6);Label1;1;1632
MoveEast;(5, 4);Idle;(5, 6);Label1;1;1633
MoveEast;(6, 4);Idle;(5, 6);Label1;1;1634
MoveEast;(7, 4);Idle;(5, 6);Label1;1;1635
MoveEast;(8, 4);Idle;(5, 6);Label1;1;1636
MoveEast;(9, 4);Idle;(5, 6);Label1;1;1637
MoveEast;(10, 4);Idle;(5, 6);Label1;1;1638
MoveEast;(11, 4);Idle;(5, 6);Label1;1;1639
MoveEast;(12, 4);Idle;(5, 6);Label1;1;1640
MoveEast;(13, 4);Idle;(5, 6);Label1;1;1641
;(13, 4);Idle;(5, 6);Label1;1;1642
;(13, 4);Idle;(5, 6);Label1;1;1643
;(13, 4);Idle;(5, 6);Label1;1;1644
;(13, 4);Idle;(5, 6);Label1;1;1645
;(13, 4);Idle;(5, 6);Label1;1;1646
;(13, 4);;(5, 6);Label1;1;1647
;(13, 4);;(5, 6);Label1;1;1648
;(13, 4);;(5, 6);Label1;1;1649
;(13, 4);Idle;(5, 6);Label1;1;1650
;(13, 4);Idle;(5, 6);Label1;1;1651
;(13, 4);Idle;(5, 6);Label1;1;1652
;(13, 4);Idle;(5, 6);Label1;1;1653
;(13, 4);Idle;(5, 6);Label1;1;1654
;(13, 4);Idle;(5, 6);Label1;1;1655
;(13, 4);Idle;(5, 6);Label1;1;1656
MoveWest;(12, 4);Idle;(5, 6);Label1;1;1657
;(12, 4);Idle;(5, 6);Label1;1;1658
;(12, 4);Idle;(5, 6);Label1;1;1659
;(12, 4);Idle;(5, 6);Label1;1;1660
;(12, 4);Idle;(5, 6);Label1;1;1661
MoveWest;(11, 4);Idle;(5, 6);Label1;1;1662
;(11, 4);Idle;(5, 6);Label1;1;1663
;(11, 4);Idle;(5, 6);Label1;1;1664
;(11, 4);Idle;(5, 6);Label1;1;1665
;(11, 4);Idle;(5, 6);Label1;1;1666
;(11, 4);Idle;(5, 6);Label1;1;1667
MoveWest;(10, 4);Idle;(5, 6);Label1;1;1668
;(10, 4);Idle;(5, 6);Label1;1;1669
;(10, 4);Idle;(5, 6);Label1;1;1670
;(10, 4);Idle;(5, 6);Label1;1;1671
;(10, 4);Idle;(5, 6);Label1;1;1672
;(10, 4);Idle;(5, 6);Label1;1;1673
;(10, 4);Idle;(5, 6);Label1;1;1674
;(10, 4);Idle;(5, 6);Label1;1;1675
;(10, 4);Idle;(5, 6);Label1;1;1676
;(10, 4);Idle;(5, 6);Label1;1;1677
;(10, 4);Idle;(5, 6);Label1;1;1678
;(10, 4);Idle;(5, 6);Label1;1;1679
;(10, 4);Idle;(5, 6);Label1;1;1680
;(10, 4);Idle;(5, 6);Label1;1;1681
;(10, 4);Idle;(5, 6);Label1;1;1682
;(10, 4);Idle;(5, 6);Label1;1;1683
;(10, 4);Idle;(5, 6);Label1;1;1684
GrabObject;(10, 4);Idle;(5, 6);Label1;1;1685
;(10, 4);Idle;(5, 6);Label1;1;1686
;(10, 4);Idle;(5, 6);Label1;1;1687
;(10, 4);Idle;(5, 6);Label1;1;1688
;(10, 4);Idle;(5, 6);Label1;1;1689
;(10, 4);Idle;(5, 6);Label1;1;1690
;(10, 4);Idle;(5, 6);Label1;1;1691
;(10, 4);Idle;(5, 6);Label1;1;1692
;(10, 4);Idle;(5, 6);Label1;1;1693
;(10, 4);Idle;(5, 6);Label1;1;1694
;(10, 4);Idle;(5, 6);Label1;1;1695
;(10, 4);Idle;(5, 6);Label1;1;1696
;(10, 4);Idle;(5, 6);Label1;1;1697
;(10, 4);Idle;(5, 6);Label1;1;1698
;(10, 4);Idle;(5, 6);Label1;1;1699
;(10, 4);Idle;(5, 6);Label1;1;1700
;(10, 4);Idle;(5, 6);Label1;1;1701
;(10, 4);Idle;(5, 6);Label1;1;1702
;(10, 4);Idle;(5, 6);Label1;1;1703
;(10, 4);Idle;(5, 6);Label1;1;1704
;(10, 4);;(5, 6);Label1;1;1705
MoveWest;(9, 4);;(5, 6);Label1;1;1706
;(9, 4);;(5, 6);Label1;1;1707
;(9, 4);Idle;(5, 6);Label1;1;1708
;(9, 4);Idle;(5, 6);Label1;1;1709
;(9, 4);Idle;(5, 6);Label1;1;1710
MoveWest;(8, 4);Idle;(5, 6);Label1;1;1711
MoveWest;(7, 4);Idle;(5, 6);Label1;1;1712
MoveWest;(6, 4);Idle;(5, 6);Label1;1;1713
MoveWest;(5, 4);Idle;(5, 6);Label1;1;1714
MoveWest;(4, 4);Idle;(5, 6);Label1;1;1715
MoveWest;(3, 4);Idle;(5, 6);Label1;1;1716
MoveWest;(2, 4);Idle;(5, 6);Label1;1;1717
MoveWest;(1, 4);Idle;(5, 6);Label1;1;1718
MoveWest;(0, 4);Idle;(5, 6);Label1;1;1719
MoveWest;(0, 4);Idle;(5, 6);Label1;1;1720
MoveWest;(0, 4);Idle;(5, 6);Label1;1;1721
MoveWest;(0, 4);Idle;(5, 6);Label1;1;1722
;(0, 4);Idle;(5, 6);Label1;1;1723
;(0, 4);Idle;(5, 6);Label1;1;1724
;(0, 4);Idle;(5, 6);Label1;1;1725
;(0, 4);Idle;(5, 6);Label1;1;1726
;(0, 4);Idle;(5, 6);Label1;1;1727
;(0, 4);Idle;(5, 6);Label1;1;1728
;(0, 4);Idle;(5, 6);Label1;1;1729
;(0, 4);Idle;(5, 6);Label1;1;1730
;(0, 4);Idle;(5, 6);Label1;1;1731
;(0, 4);Idle;(5, 6);Label1;1;1732
;(0, 4);Idle;(5, 6);Label1;1;1733
;(0, 4);Idle;(5, 6);Label1;1;1734
;(0, 4);Idle;(5, 6);Label1;1;1735
;(0, 4);Idle;(5, 6);Label1;1;1736
;(0, 4);Idle;(5, 6);Label1;1;1737
DropObject;(0, 4);Idle;(5, 6);Label1;1;1738
;(0, 4);Idle;(5, 6);Label1;1;1739
;(0, 4);Idle;(5, 6);Label1;1;1740
;(0, 4);Idle;(5, 6);Label1;1;1741
;(0, 4);Idle;(5, 6);Label1;1;1742
;(0, 4);Idle;(5, 6);Label1;1;1743
;(0, 4);Idle;(5, 6);Label1;1;1744
;(0, 4);Idle;(5, 6);Label1;1;1745
;(0, 4);Idle;(5, 6);Label1;1;1746
;(0, 4);Idle;(5, 6);Label1;1;1747
;(0, 4);Idle;(5, 6);Label1;1;1748
;(0, 4);Idle;(5, 6);Label1;1;1749
;(0, 4);Idle;(5, 6);Label1;1;1750
;(0, 4);Idle;(5, 6);Label1;1;1751
;(0, 4);Idle;(5, 6);Label1;1;1752
;(0, 4);Idle;(5, 6);Label1;1;1753
;(0, 4);Idle;(5, 6);Label1;1;1754
;(0, 4);Idle;(5, 6);Label1;1;1755
;(0, 4);Idle;(5, 6);Label1;1;1756
MoveNorth;(0, 3);Idle;(5, 6);Label1;1;1757
;(0, 3);Idle;(5, 6);Label1;1;1758
;(0, 3);Idle;(5, 6);Label1;1;1759
;(0, 3);Idle;(5, 6);Label1;1;1760
;(0, 3);Idle;(5, 6);Label1;1;1761
MoveNorth;(0, 2);Idle;(5, 6);Label1;1;1762
MoveNorth;(0, 1);;(5, 6);Label1;1;1763
MoveNorth;(0, 0);;(5, 6);Label1;1;1764
MoveNorth;(0, 0);;(5, 6);Label1;1;1765
;(0, 0);Idle;(5, 6);Label1;1;1766
;(0, 0);Idle;(5, 6);Label1;1;1767
;(0, 0);Idle;(5, 6);Label1;1;1768
;(0, 0);Idle;(5, 6);Label1;1;1769
;(0, 0);Idle;(5, 6);Label1;1;1770
;(0, 0);Idle;(5, 6);Label1;1;1771
;(0, 0);Idle;(5, 6);Label1;1;1772
;(0, 0);Idle;(5, 6);Label1;1;1773
;(0, 0);Idle;(5, 6);Label1;1;1774
;(0, 0);Idle;(5, 6);Label1;1;1775
;(0, 0);Idle;(5, 6);Label1;1;1776
;(0, 0);Idle;(5, 6);Label1;1;1777
;(0, 0);Idle;(5, 6);Label1;1;1778
;(0, 0);Idle;(5, 6);Label1;1;1779
;(0, 0);Idle;(5, 6);Label1;1;1780
;(0, 0);Idle;(5, 6);Label1;1;1781
;(0, 0);Idle;(5, 6);Label1;1;1782
;(0, 0);Idle;(5, 6);Label1;1;1783
MoveEast;(1, 0);Idle;(5, 6);Label1;1;1784
;(1, 0);Idle;(5, 6);Label1;1;1785
;(1, 0);Idle;(5, 6);Label1;1;1786
;(1, 0);Idle;(5, 6);Label1;1;1787
;(1, 0);Idle;(5, 6);Label1;1;1788
MoveEast;(2, 0);Idle;(5, 6);Label1;1;1789
MoveEast;(3, 0);Idle;(5, 6);Label1;1;1790
MoveEast;(4, 0);Idle;(5, 6);Label1;1;1791
MoveEast;(5, 0);Idle;(5, 6);Label1;1;1792
MoveEast;(6, 0);Idle;(5, 6);Label1;1;1793
MoveEast;(7, 0);Idle;(5, 6);Label1;1;1794
;(7, 0);Idle;(5, 6);Label1;1;1795
;(7, 0);Idle;(5, 6);Label1;1;1796
;(7, 0);Idle;(5, 6);Label1;1;1797
;(7, 0);Idle;(5, 6);Label1;1;1798
;(7, 0);Idle;(5, 6);Label1;1;1799
;(7, 0);Idle;(5, 6);Label1;1;1800
MoveEast;(8, 0);Idle;(5, 6);Label1;1;1801
;(8, 0);Idle;(5, 6);Label1;1;1802
;(8, 0);Idle;(5, 6);Label1;1;1803
;(8, 0);Idle;(5, 6);Label1;1;1804
MoveEast;(9, 0);Idle;(5, 6);Label1;1;1805
;(9, 0);Idle;(5, 6);Label1;1;1806
;(9, 0);Idle;(5, 6);Label1;1;1807
;(9, 0);Idle;(5, 6);Label1;1;1808
;(9, 0);Idle;(5, 6);Label1;1;1809
MoveEast;(10, 0);Idle;(5, 6);Label1;1;1810
;(10, 0);Idle;(5, 6);Label1;1;1811
;(10, 0);Idle;(5, 6);Label1;1;1812
;(10, 0);Idle;(5, 6);Label1;1;1813
;(10, 0);Idle;(5, 6);Label1;1;1814
;(10, 0);Idle;(5, 6);Label1;1;1815
;(10, 0);Idle;(5, 6);Label1;1;1816
;(10, 0);Idle;(5, 6);Label1;1;1817
;(10, 0);Idle;(5, 6);Label1;1;1818
;(10, 0);Idle;(5, 6);Label1;1;1819
;(10, 0);Idle;(5, 6);Label1;1;1820
MoveSouth;(10, 1);;(5, 6);Label1;1;1821
;(10, 1);;(5, 6);Label1;1;1822
;(10, 1);;(5, 6);Label1;1;1823
;(10, 1);Idle;(5, 6);Label1;1;1824
MoveSouth;(10, 2);Idle;(5, 6);Label1;1;1825
;(10, 2);Idle;(5, 6);Label1;1;1826
;(10, 2);Idle;(5, 6);Label1;1;1827
MoveSouth;(10, 3);Idle;(5, 6);Label1;1;1828
;(10, 3);Idle;(5, 6);Label1;1;1829
;(10, 3);Idle;(5, 6);Label1;1;1830
;(10, 3);Idle;(5, 6);Label1;1;1831
MoveSouth;(10, 4);Idle;(5, 6);Label1;1;1832
;(10, 4);Idle;(5, 6);Label1;1;1833
;(10, 4);Idle;(5, 6);Label1;1;1834
;(10, 4);Idle;(5, 6);Label1;1;1835
;(10, 4);Idle;(5, 6);Label1;1;1836
MoveSouth;(10, 5);Idle;(5, 6);Label1;1;1837
;(10, 5);Idle;(5, 6);Label1;1;1838
;(10, 5);Idle;(5, 6);Label1;1;1839
;(10, 5);Idle;(5, 6);Label1;1;1840
;(10, 5);Idle;(5, 6);Label1;1;1841
;(10, 5);Idle;(5, 6);Label1;1;1842
;(10, 5);Idle;(5, 6);Label1;1;1843
;(10, 5);Idle;(5, 6);Label1;1;1844
;(10, 5);Idle;(5, 6);Label1;1;1845
;(10, 5);Idle;(5, 6);Label1;1;1846
;(10, 5);Idle;(5, 6);Label1;1;1847
;(10, 5);Idle;(5, 6);Label1;1;1848
;(10, 5);Idle;(5, 6);Label1;1;1849
;(10, 5);Idle;(5, 6);Label1;1;1850
;(10, 5);Idle;(5, 6);Label1;1;1851
;(10, 5);Idle;(5, 6);Label1;1;1852
;(10, 5);Idle;(5, 6);Label1;1;1853
;(10, 5);Idle;(5, 6);Label1;1;1854
;(10, 5);Idle;(5, 6);Label1;1;1855
;(10, 5);Idle;(5, 6);Label1;1;1856
;(10, 5);Idle;(5, 6);Label1;1;1857
;(10, 5);Idle;(5, 6);Label1;1;1858
;(10, 5);Idle;(5, 6);Label1;1;1859
;(10, 5);Idle;(5, 6);Label1;1;1860
;(10, 5);Idle;(5, 6);Label1;1;1861
;(10, 5);Idle;(5, 6);Label1;1;1862
GrabObject;(10, 5);Idle;(5, 6);Label1;1;1863
;(10, 5);Idle;(5, 6);Label1;1;1864
;(10, 5);Idle;(5, 6);Label1;1;1865
;(10, 5);Idle;(5, 6);Label1;1;1866
;(10, 5);Idle;(5, 6);Label1;1;1867
;(10, 5);Idle;(5, 6);Label1;1;1868
;(10, 5);Idle;(5, 6);Label1;1;1869
;(10, 5);Idle;(5, 6);Label1;1;1870
;(10, 5);Idle;(5, 6);Label1;1;1871
;(10, 5);Idle;(5, 6);Label1;1;1872
;(10, 5);Idle;(5, 6);Label1;1;1873
;(10, 5);Idle;(5, 6);Label1;1;1874
;(10, 5);Idle;(5, 6);Label1;1;1875
;(10, 5);Idle;(5, 6);Label1;1;1876
;(10, 5);Idle;(5, 6);Label1;1;1877
;(10, 5);Idle;(5, 6);Label1;1;1878
MoveWest;(9, 5);;(5, 6);Label1;1;1879
;(9, 5);;(5, 6);Label1;1;1880
;(9, 5);;(5, 6);Label1;1;1881
;(9, 5);Idle;(5, 6);Label1;1;1882
;(9, 5);Idle;(5, 6);Label1;1;1883
MoveWest;(8, 5);Idle;(5, 6);Label1;1;1884
MoveWest;(7, 5);Idle;(5, 6);Label1;1;1885
MoveWest;(6, 5);Idle;(5, 6);Label1;1;1886
MoveWest;(5, 5);Idle;(5, 6);Label1;1;1887
MoveWest;(4, 5);Idle;(5, 6);Label1;1;1888
MoveWest;(3, 5);Idle;(5, 6);Label1;1;1889
MoveWest;(2, 5);Idle;(5, 6);Label1;1;1890
MoveWest;(1, 5);Idle;(5, 6);Label1;1;1891
MoveWest;(0, 5);Idle;(5, 6);Label1;1;1892
;(0, 5);Idle;(5, 6);Label1;1;1893
;(0, 5);Idle;(5, 6);Label1;1;1894
;(0, 5);Idle;(5, 6);Label1;1;1895
;(0, 5);Idle;(5, 6);Label1;1;1896
;(0, 5);Idle;(5, 6);Label1;1;1897
MoveWest;(0, 5);Idle;(5, 6);Label1;1;1898
;(0, 5);Idle;(5, 6);Label1;1;1899
;(0, 5);Idle;(5, 6);Label1;1;1900
;(0, 5);Idle;(5, 6);Label1;1;1901
;(0, 5);Idle;(5, 6);Label1;1;1902
;(0, 5);Idle;(5, 6);Label1;1;1903
;(0, 5);Idle;(5, 6);Label1;1;1904
;(0, 5);Idle;(5, 6);Label1;1;1905
;(0, 5);Idle;(5, 6);Label1;1;1906
;(0, 5);Idle;(5, 6);Label1;1;1907
;(0, 5);Idle;(5, 6);Label1;1;1908
;(0, 5);Idle;(5, 6);Label1;1;1909
;(0, 5);Idle;(5, 6);Label1;1;1910
;(0, 5);Idle;(5, 6);Label1;1;1911
;(0, 5);Idle;(5, 6);Label1;1;1912
;(0, 5);Idle;(5, 6);Label1;1;1913
DropObject;(0, 5);Idle;(5, 6);Label1;1;1914
;(0, 5);Idle;(5, 6);Label1;1;1915
;(0, 5);Idle;(5, 6);Label1;1;1916
;(0, 5);Idle;(5, 6);Label1;1;1917
;(0, 5);Idle;(5, 6);Label1;1;1918
;(0, 5);Idle;(5, 6);Label1;1;1919
;(0, 5);Idle;(5, 6);Label1;1;1920
;(0, 5);Idle;(5, 6);Label1;1;1921
;(0, 5);Idle;(5, 6);Label1;1;1922
;(0, 5);Idle;(5, 6);Label1;1;1923
;(0, 5);Idle;(5, 6);Label1;1;1924
;(0, 5);Idle;(5, 6);Label1;1;1925
;(0, 5);Idle;(5, 6);Label1;1;1926
;(0, 5);Idle;(5, 6);Label1;1;1927
;(0, 5);Idle;(5, 6);Label1;1;1928
;(0, 5);Idle;(5, 6);Label1;1;1929
;(0, 5);Idle;(5, 6);Label1;1;1930
;(0, 5);Idle;(5, 6);Label1;1;1931
;(0, 5);Idle;(5, 6);Label1;1;1932
;(0, 5);Idle;(5, 6);Label1;1;1933
;(0, 5);Idle;(5, 6);Label1;1;1934
;(0, 5);Idle;(5, 6);Label1;1;1935
;(0, 5);Idle;(5, 6);Label1;1;1936
;(0, 5);;(5, 6);Label1;1;1937
;(0, 5);;(5, 6);Label1;1;1938
;(0, 5);;(5, 6);Label1;1;1939
;(0, 5);Idle;(5, 6);Label1;1;1940
;(0, 5);Idle;(5, 6);Label1;1;1941
;(0, 5);Idle;(5, 6);Label1;1;1942
;(0, 5);Idle;(5, 6);Label1;1;1943
;(0, 5);Idle;(5, 6);Label1;1;1944
;(0, 5);Idle;(5, 6);Label1;1;1945
;(0, 5);Idle;(5, 6);Label1;1;1946
;(0, 5);Idle;(5, 6);Label1;1;1947
;(0, 5);Idle;(5, 6);Label1;1;1948
;(0, 5);Idle;(5, 6);Label1;1;1949
;(0, 5);Idle;(5, 6);Label1;1;1950
;(0, 5);Idle;(5, 6);Label1;1;1951
;(0, 5);Idle;(5, 6);Label1;1;1952
;(0, 5);Idle;(5, 6);Label1;1;1953
;(0, 5);Idle;(5, 6);Label1;1;1954
;(0, 5);Idle;(5, 6);Label1;1;1955
;(0, 5);Idle;(5, 6);Label1;1;1956
;(0, 5);Idle;(5, 6);Label1;1;1957
;(0, 5);Idle;(5, 6);Label1;1;1958
;(0, 5);Idle;(5, 6);Label1;1;1959
;(0, 5);Idle;(5, 6);Label1;1;1960
;(0, 5);Idle;(5, 6);Label1;1;1961
;(0, 5);Idle;(5, 6);Label1;1;1962
;(0, 5);Idle;(5, 6);Label1;1;1963
;(0, 5);Idle;(5, 6);Label1;1;1964
;(0, 5);Idle;(5, 6);Label1;1;1965
;(0, 5);Idle;(5, 6);Label1;1;1966
;(0, 5);Idle;(5, 6);Label1;1;1967
;(0, 5);Idle;(5, 6);Label1;1;1968
;(0, 5);Idle;(5, 6);Label1;1;1969
;(0, 5);Idle;(5, 6);Label1;1;1970
;(0, 5);Idle;(5, 6);Label1;1;1971
;(0, 5);Idle;(5, 6);Label1;1;1972
;(0, 5);Idle;(5, 6);Label1;1;1973
;(0, 5);Idle;(5, 6);Label1;1;1974
;(0, 5);Idle;(5, 6);Label1;1;1975
;(0, 5);Idle;(5, 6);Label1;1;1976
;(0, 5);Idle;(5, 6);Label1;1;1977
;(0, 5);Idle;(5, 6);Label1;1;1978
;(0, 5);Idle;(5, 6);Label1;1;1979
;(0, 5);Idle;(5, 6);Label1;1;1980
;(0, 5);Idle;(5, 6);Label1;1;1981
;(0, 5);Idle;(5, 6);Label1;1;1982
;(0, 5);Idle;(5, 6);Label1;1;1983
;(0, 5);Idle;(5, 6);Label1;1;1984
;(0, 5);Idle;(5, 6);Label1;1;1985
;(0, 5);Idle;(5, 6);Label1;1;1986
;(0, 5);Idle;(5, 6);Label1;1;1987
;(0, 5);Idle;(5, 6);Label1;1;1988
;(0, 5);Idle;(5, 6);Label1;1;1989
;(0, 5);Idle;(5, 6);Label1;1;1990
;(0, 5);Idle;(5, 6);Label1;1;1991
;(0, 5);Idle;(5, 6);Label1;1;1992
;(0, 5);Idle;(5, 6);Label1;1;1993
;(0, 5);Idle;(5, 6);Label1;1;1994
;(0, 5);;(5, 6);Label1;1;1995
;(0, 5);;(5, 6);Label1;1;1996
;(0, 5);;(5, 6);Label1;1;1997
;(0, 5);Idle;(5, 6);Label1;1;1998
;(0, 5);Idle;(5, 6);Label1;1;1999
;(0, 5);Idle;(5, 6);Label1;1;2000
;(0, 5);Idle;(5, 6);Label1;1;2001
;(0, 5);Idle;(5, 6);Label1;1;2002
;(0, 5);Idle;(5, 6);Label1;1;2003
;(0, 5);Idle;(5, 6);Label1;1;2004
;(0, 5);Idle;(5, 6);Label1;1;2005
;(0, 5);Idle;(5, 6);Label1;1;2006
;(0, 5);Idle;(5, 6);Label1;1;2007
;(0, 5);Idle;(5, 6);Label1;1;2008
;(0, 5);Idle;(5, 6);Label1;1;2009
;(0, 5);Idle;(5, 6);Label1;1;2010
;(0, 5);Idle;(5, 6);Label1;1;2011
;(0, 5);Idle;(5, 6);Label1;1;2012
;(0, 5);Idle;(5, 6);Label1;1;2013
;(0, 5);Idle;(5, 6);Label1;1;2014
;(0, 5);Idle;(5, 6);Label1;1;2015
;(0, 5);Idle;(5, 6);Label1;1;2016
;(0, 5);Idle;(5, 6);Label1;1;2017
;(0, 5);Idle;(5, 6);Label1;1;2018
;(0, 5);Idle;(5, 6);Label1;1;2019
;(0, 5);Idle;(5, 6);Label1;1;2020
;(0, 5);Idle;(5, 6);Label1;1;2021
;(0, 5);Idle;(5, 6);Label1;1;2022
;(0, 5);Idle;(5, 6);Label1;1;2023
;(0, 5);Idle;(5, 6);Label1;1;2024
;(0, 5);Idle;(5, 6);Label1;1;2025
;(0, 5);Idle;(5, 6);Label1;1;2026
;(0, 5);Idle;(5, 6);Label1;1;2027
;(0, 5);Idle;(5, 6);Label1;1;2028
;(0, 5);Idle;(5, 6);Label1;1;2029
;(0, 5);Idle;(5, 6);Label1;1;2030
;(0, 5);Idle;(5, 6);Label1;1;2031
;(0, 5);Idle;(5, 6);Label1;1;2032
;(0, 5);Idle;(5, 6);Label1;1;2033
;(0, 5);Idle;(5, 6);Label1;1;2034
;(0, 5);Idle;(5, 6);Label1;1;2035
;(0, 5);Idle;(5, 6);Label1;1;2036
;(0, 5);Idle;(5, 6);Label1;1;2037
;(0, 5);Idle;(5, 6);Label1;1;2038
;(0, 5);Idle;(5, 6);Label1;1;2039
;(0, 5);Idle;(5, 6);Label1;1;2040
;(0, 5);Idle;(5, 6);Label1;1;2041
;(0, 5);Idle;(5, 6);Label1;1;2042
;(0, 5);Idle;(5, 6);Label1;1;2043
;(0, 5);Idle;(5, 6);Label1;1;2044
;(0, 5);Idle;(5, 6);Label1;1;2045
;(0, 5);Idle;(5, 6);Label1;1;2046
;(0, 5);Idle;(5, 6);Label1;1;2047
;(0, 5);Idle;(5, 6);Label1;1;2048
;(0, 5);Idle;(5, 6);Label1;1;2049
;(0, 5);Idle;(5, 6);Label1;1;2050
;(0, 5);Idle;(5, 6);Label1;1;2051
;(0, 5);Idle;(5, 6);Label1;1;2052
;(0, 5);;(5, 6);Label1;1;2053
;(0, 5);;(5, 6);Label1;1;2054
;(0, 5);;(5, 6);Label1;1;2055
;(0, 5);Idle;(5, 6);Label1;1;2056
;(0, 5);Idle;(5, 6);Label1;1;2057
;(0, 5);Idle;(5, 6);Label1;1;2058
;(0, 5);Idle;(5, 6);Label1;1;2059
;(0, 5);Idle;(5, 6);Label1;1;2060
;(0, 5);Idle;(5, 6);Label1;1;2061
;(0, 5);Idle;(5, 6);Label1;1;2062
;(0, 5);Idle;(5, 6);Label1;1;2063
;(0, 5);Idle;(5, 6);Label1;1;2064
;(0, 5);Idle;(5, 6);Label1;1;2065
;(0, 5);Idle;(5, 6);Label1;1;2066
;(0, 5);Idle;(5, 6);Label1;1;2067
;(0, 5);Idle;(5, 6);Label1;1;2068
;(0, 5);Idle;(5, 6);Label1;1;2069
;(0, 5);Idle;(5, 6);Label1;1;2070
;(0, 5);Idle;(5, 6);Label1;1;2071
;(0, 5);Idle;(5, 6);Label1;1;2072
;(0, 5);Idle;(5, 6);Label1;1;2073
;(0, 5);Idle;(5, 6);Label1;1;2074
;(0, 5);Idle;(5, 6);Label1;1;2075
;(0, 5);Idle;(5, 6);Label1;1;2076
;(0, 5);Idle;(5, 6);Label1;1;2077
;(0, 5);Idle;(5, 6);Label1;1;2078
;(0, 5);Idle;(5, 6);Label1;1;2079
;(0, 5);Idle;(5, 6);Label1;1;2080
;(0, 5);Idle;(5, 6);Label1;1;2081
;(0, 5);Idle;(5, 6);Label1;1;2082
;(0, 5);Idle;(5, 6);Label1;1;2083
;(0, 5);Idle;(5, 6);Label1;1;2084
;(0, 5);Idle;(5, 6);Label1;1;2085
;(0, 5);Idle;(5, 6);Label1;1;2086
;(0, 5);Idle;(5, 6);Label1;1;2087
;(0, 5);Idle;(5, 6);Label1;1;2088
;(0, 5);Idle;(5, 6);Label1;1;2089
;(0, 5);Idle;(5, 6);Label1;1;2090
;(0, 5);Idle;(5, 6);Label1;1;2091
;(0, 5);Idle;(5, 6);Label1;1;2092
;(0, 5);Idle;(5, 6);Label1;1;2093
;(0, 5);Idle;(5, 6);Label1;1;2094
;(0, 5);Idle;(5, 6);Label1;1;2095
;(0, 5);Idle;(5, 6);Label1;1;2096
;(0, 5);Idle;(5, 6);Label1;1;2097
;(0, 5);Idle;(5, 6);Label1;1;2098
;(0, 5);Idle;(5, 6);Label1;1;2099
;(0, 5);Idle;(5, 6);Label1;1;2100
;(0, 5);Idle;(5, 6);Label1;1;2101
;(0, 5);Idle;(5, 6);Label1;1;2102
;(0, 5);Idle;(5, 6);Label1;1;2103
;(0, 5);Idle;(5, 6);Label1;1;2104
;(0, 5);Idle;(5, 6);Label1;1;2105
;(0, 5);Idle;(5, 6);Label1;1;2106
;(0, 5);Idle;(5, 6);Label1;1;2107
;(0, 5);Idle;(5, 6);Label1;1;2108
;(0, 5);Idle;(5, 6);Label1;1;2109
;(0, 5);Idle;(5, 6);Label1;1;2110
;(0, 5);;(5, 6);Label1;1;2111
;(0, 5);;(5, 6);Label1;1;2112
;(0, 5);;(5, 6);Label1;1;2113
;(0, 5);Idle;(5, 6);Label1;1;2114
;(0, 5);Idle;(5, 6);Label1;1;2115
;(0, 5);Idle;(5, 6);Label1;1;2116
;(0, 5);Idle;(5, 6);Label1;1;2117
;(0, 5);Idle;(5, 6);Label1;1;2118
;(0, 5);Idle;(5, 6);Label1;1;2119
;(0, 5);Idle;(5, 6);Label1;1;2120
;(0, 5);Idle;(5, 6);Label1;1;2121
;(0, 5);Idle;(5, 6);Label1;1;2122
;(0, 5);Idle;(5, 6);Label1;1;2123
;(0, 5);Idle;(5, 6);Label1;1;2124
;(0, 5);Idle;(5, 6);Label1;1;2125
;(0, 5);Idle;(5, 6);Label1;1;2126
;(0, 5);Idle;(5, 6);Label1;1;2127
;(0, 5);Idle;(5, 6);Label1;1;2128
;(0, 5);Idle;(5, 6);Label1;1;2129
;(0, 5);Idle;(5, 6);Label1;1;2130
;(0, 5);Idle;(5, 6);Label1;1;2131
;(0, 5);Idle;(5, 6);Label1;1;2132
;(0, 5);Idle;(5, 6);Label1;1;2133
;(0, 5);Idle;(5, 6);Label1;1;2134
;(0, 5);Idle;(5, 6);Label1;1;2135
;(0, 5);Idle;(5, 6);Label1;1;2136
;(0, 5);Idle;(5, 6);Label1;1;2137
;(0, 5);Idle;(5, 6);Label1;1;2138
;(0, 5);Idle;(5, 6);Label1;1;2139
;(0, 5);Idle;(5, 6);Label1;1;2140
;(0, 5);Idle;(5, 6);Label1;1;2141
;(0, 5);Idle;(5, 6);Label1;1;2142
;(0, 5);Idle;(5, 6);Label1;1;2143
;(0, 5);Idle;(5, 6);Label1;1;2144
;(0, 5);Idle;(5, 6);Label1;1;2145
;(0, 5);Idle;(5, 6);Label1;1;2146
;(0, 5);Idle;(5, 6);Label1;1;2147
;(0, 5);Idle;(5, 6);Label1;1;2148
;(0, 5);Idle;(5, 6);Label1;1;2149
;(0, 5);Idle;(5, 6);Label1;1;2150
;(0, 5);Idle;(5, 6);Label1;1;2151
;(0, 5);Idle;(5, 6);Label1;1;2152
;(0, 5);Idle;(5, 6);Label1;1;2153
;(0, 5);Idle;(5, 6);Label1;1;2154
;(0, 5);Idle;(5, 6);Label1;1;2155
;(0, 5);Idle;(5, 6);Label1;1;2156
;(0, 5);Idle;(5, 6);Label1;1;2157
;(0, 5);Idle;(5, 6);Label1;1;2158
;(0, 5);Idle;(5, 6);Label1;1;2159
;(0, 5);Idle;(5, 6);Label1;1;2160
;(0, 5);Idle;(5, 6);Label1;1;2161
;(0, 5);Idle;(5, 6);Label1;1;2162
;(0, 5);Idle;(5, 6);Label1;1;2163
;(0, 5);Idle;(5, 6);Label1;1;2164
;(0, 5);Idle;(5, 6);Label1;1;2165
;(0, 5);Idle;(5, 6);Label1;1;2166
;(0, 5);Idle;(5, 6);Label1;1;2167
;(0, 5);Idle;(5, 6);Label1;1;2168
;(0, 5);;(5, 6);Label1;1;2169
;(0, 5);;(5, 6);Label1;1;2170
;(0, 5);;(5, 6);Label1;1;2171
;(0, 5);Idle;(5, 6);Label1;1;2172
;(0, 5);Idle;(5, 6);Label1;1;2173
;(0, 5);Idle;(5, 6);Label1;1;2174
;(0, 5);Idle;(5, 6);Label1;1;2175
;(0, 5);Idle;(5, 6);Label1;1;2176
;(0, 5);Idle;(5, 6);Label1;1;2177
;(0, 5);Idle;(5, 6);Label1;1;2178
;(0, 5);Idle;(5, 6);Label1;1;2179
;(0, 5);Idle;(5, 6);Label1;1;2180
;(0, 5);Idle;(5, 6);Label1;1;2181
;(0, 5);Idle;(5, 6);Label1;1;2182
;(0, 5);Idle;(5, 6);Label1;1;2183
;(0, 5);Idle;(5, 6);Label1;1;2184
;(0, 5);Idle;(5, 6);Label1;1;2185
;(0, 5);Idle;(5, 6);Label1;1;2186
;(0, 5);Idle;(5, 6);Label1;1;2187
;(0, 5);Idle;(5, 6);Label1;1;2188
;(0, 5);Idle;(5, 6);Label1;1;2189
;(0, 5);Idle;(5, 6);Label1;1;2190
;(0, 5);Idle;(5, 6);Label1;1;2191
;(0, 5);Idle;(5, 6);Label1;1;2192
;(0, 5);Idle;(5, 6);Label1;1;2193
;(0, 5);Idle;(5, 6);Label1;1;2194
;(0, 5);Idle;(5, 6);Label1;1;2195
;(0, 5);Idle;(5, 6);Label1;1;2196
;(0, 5);Idle;(5, 6);Label1;1;2197
;(0, 5);Idle;(5, 6);Label1;1;2198
;(0, 5);Idle;(5, 6);Label1;1;2199
;(0, 5);Idle;(5, 6);Label1;1;2200
;(0, 5);Idle;(5, 6);Label1;1;2201
;(0, 5);Idle;(5, 6);Label1;1;2202
;(0, 5);Idle;(5, 6);Label1;1;2203
;(0, 5);Idle;(5, 6);Label1;1;2204
MoveEast;(1, 5);Idle;(5, 6);Label1;1;2205
;(1, 5);Idle;(5, 6);Label1;1;2206
;(1, 5);Idle;(5, 6);Label1;1;2207
;(1, 5);Idle;(5, 6);Label1;1;2208
MoveEast;(2, 5);Idle;(5, 6);Label1;1;2209
MoveEast;(3, 5);Idle;(5, 6);Label1;1;2210
MoveEast;(4, 5);Idle;(5, 6);Label1;1;2211
MoveEast;(5, 5);Idle;(5, 6);Label1;1;2212
MoveEast;(6, 5);Idle;(5, 6);Label1;1;2213
MoveEast;(7, 5);Idle;(5, 6);Label1;1;2214
MoveEast;(8, 5);Idle;(5, 6);Label1;1;2215
;(8, 5);Idle;(5, 6);Label1;1;2216
;(8, 5);Idle;(5, 6);Label1;1;2217
;(8, 5);Idle;(5, 6);Label1;1;2218
;(8, 5);Idle;(5, 6);Label1;1;2219
;(8, 5);Idle;(5, 6);Label1;1;2220
;(8, 5);Idle;(5, 6);Label1;1;2221
;(8, 5);Idle;(5, 6);Label1;1;2222
;(8, 5);Idle;(5, 6);Label1;1;2223
;(8, 5);Idle;(5, 6);Label1;1;2224
;(8, 5);Idle;(5, 6);Label1;1;2225
MoveEast;(9, 5);Idle;(5, 6);Label1;1;2226
;(9, 5);;(5, 6);Label1;1;2227
;(9, 5);;(5, 6);Label1;1;2228
;(9, 5);;(5, 6);Label1;1;2229
;(9, 5);Idle;(5, 6);Label1;1;2230
;(9, 5);Idle;(5, 6);Label1;1;2231
;(9, 5);Idle;(5, 6);Label1;1;2232
;(9, 5);Idle;(5, 6);Label1;1;2233
;(9, 5);Idle;(5, 6);Label1;1;2234
;(9, 5);Idle;(5, 6);Label1;1;2235
;(9, 5);Idle;(5, 6);Label1;1;2236
;(9, 5);Idle;(5, 6);Label1;1;2237
;(9, 5);Idle;(5, 6);Label1;1;2238
;(9, 5);Idle;(5, 6);Label1;1;2239
;(9, 5);Idle;(5, 6);Label1;1;2240
;(9, 5);Idle;(5, 6);Label1;1;2241
;(9, 5);Idle;(5, 6);Label1;1;2242
;(9, 5);Idle;(5, 6);Label1;1;2243
;(9, 5);Idle;(5, 6);Label1;1;2244
;(9, 5);Idle;(5, 6);Label1;1;2245
;(9, 5);Idle;(5, 6);Label1;1;2246
;(9, 5);Idle;(5, 6);Label1;1;2247
MoveSouth;(9, 6);Idle;(5, 6);Label1;1;2248
;(9, 6);Idle;(5, 6);Label1;1;2249
;(9, 6);Idle;(5, 6);Label1;1;2250
;(9, 6);Idle;(5, 6);Label1;1;2251
;(9, 6);Idle;(5, 6);Label1;1;2252
;(9, 6);Idle;(5, 6);Label1;1;2253
;(9, 6);Idle;(5, 6);Label1;1;2254
;(9, 6);Idle;(5, 6);Label1;1;2255
;(9, 6);Idle;(5, 6);Label1;1;2256
;(9, 6);Idle;(5, 6);Label1;1;2257
;(9, 6);Idle;(5, 6);Label1;1;2258
;(9, 6);Idle;(5, 6);Label1;1;2259
;(9, 6);Idle;(5, 6);Label1;1;2260
;(9, 6);Idle;(5, 6);Label1;1;2261
;(9, 6);Idle;(5, 6);Label1;1;2262
;(9, 6);Idle;(5, 6);Label1;1;2263
;(9, 6);Idle;(5, 6);Label1;1;2264
;(9, 6);Idle;(5, 6);Label1;1;2265
;(9, 6);Idle;(5, 6);Label1;1;2266
;(9, 6);Idle;(5, 6);Label1;1;2267
MoveSouth;(9, 7);Idle;(5, 6);Label1;1;2268
;(9, 7);Idle;(5, 6);Label1;1;2269
;(9, 7);Idle;(5, 6);Label1;1;2270
;(9, 7);Idle;(5, 6);Label1;1;2271
;(9, 7);Idle;(5, 6);Label1;1;2272
;(9, 7);Idle;(5, 6);Label1;1;2273
MoveSouth;(9, 8);Idle;(5, 6);Label1;1;2274
;(9, 8);Idle;(5, 6);Label1;1;2275
;(9, 8);Idle;(5, 6);Label1;1;2276
;(9, 8);Idle;(5, 6);Label1;1;2277
;(9, 8);Idle;(5, 6);Label1;1;2278
;(9, 8);Idle;(5, 6);Label1;1;2279
;(9, 8);Idle;(5, 6);Label1;1;2280
;(9, 8);Idle;(5, 6);Label1;1;2281
;(9, 8);Idle;(5, 6);Label1;1;2282
;(9, 8);Idle;(5, 6);Label1;1;2283
;(9, 8);Idle;(5, 6);Label1;1;2284
;(9, 8);;(5, 6);Label1;1;2285
;(9, 8);;(5, 6);Label1;1;2286
;(9, 8);;(5, 6);Label1;1;2287
;(9, 8);Idle;(5, 6);Label1;1;2288
;(9, 8);Idle;(5, 6);Label1;1;2289
;(9, 8);Idle;(5, 6);Label1;1;2290
;(9, 8);Idle;(5, 6);Label1;1;2291
;(9, 8);Idle;(5, 6);Label1;1;2292
;(9, 8);Idle;(5, 6);Label1;1;2293
;(9, 8);Idle;(5, 6);Label1;1;2294
;(9, 8);Idle;(5, 6);Label1;1;2295
;(9, 8);Idle;(5, 6);Label1;1;2296
;(9, 8);Idle;(5, 6);Label1;1;2297
;(9, 8);Idle;(5, 6);Label1;1;2298
;(9, 8);Idle;(5, 6);Label1;1;2299
;(9, 8);Idle;(5, 6);Label1;1;2300
;(9, 8);Idle;(5, 6);Label1;1;2301
;(9, 8);Idle;(5, 6);Label1;1;2302
;(9, 8);Idle;(5, 6);Label1;1;2303
;(9, 8);Idle;(5, 6);Label1;1;2304
;(9, 8);Idle;(5, 6);Label1;1;2305
;(9, 8);Idle;(5, 6);Label1;1;2306
;(9, 8);Idle;(5, 6);Label1;1;2307
;(9, 8);Idle;(5, 6);Label1;1;2308
;(9, 8);Idle;(5, 6);Label1;1;2309
;(9, 8);Idle;(5, 6);Label1;1;2310
;(9, 8);Idle;(5, 6);Label1;1;2311
;(9, 8);Idle;(5, 6);Label1;1;2312
;(9, 8);Idle;(5, 6);Label1;1;2313
;(9, 8);Idle;(5, 6);Label1;1;2314
;(9, 8);Idle;(5, 6);Label1;1;2315
;(9, 8);Idle;(5, 6);Label1;1;2316
;(9, 8);Idle;(5, 6);Label1;1;2317
;(9, 8);Idle;(5, 6);Label1;1;2318
;(9, 8);Idle;(5, 6);Label1;1;2319
;(9, 8);Idle;(5, 6);Label1;1;2320
;(9, 8);Idle;(5, 6);Label1;1;2321
;(9, 8);Idle;(5, 6);Label1;1;2322
;(9, 8);Idle;(5, 6);Label1;1;2323
;(9, 8);Idle;(5, 6);Label1;1;2324
;(9, 8);Idle;(5, 6);Label1;1;2325
;(9, 8);Idle;(5, 6);Label1;1;2326
;(9, 8);Idle;(5, 6);Label1;1;2327
;(9, 8);Idle;(5, 6);Label1;1;2328
;(9, 8);Idle;(5, 6);Label1;1;2329
;(9, 8);Idle;(5, 6);Label1;1;2330
;(9, 8);Idle;(5, 6);Label1;1;2331
;(9, 8);Idle;(5, 6);Label1;1;2332
;(9, 8);Idle;(5, 6);Label1;1;2333
;(9, 8);Idle;(5, 6);Label1;1;2334
;(9, 8);Idle;(5, 6);Label1;1;2335
;(9, 8);Idle;(5, 6);Label1;1;2336
;(9, 8);Idle;(5, 6);Label1;1;2337
;(9, 8);Idle;(5, 6);Label1;1;2338
;(9, 8);Idle;(5, 6);Label1;1;2339
;(9, 8);Idle;(5, 6);Label1;1;2340
;(9, 8);Idle;(5, 6);Label1;1;2341
;(9, 8);Idle;(5, 6);Label1;1;2342
;(9, 8);;(5, 6);Label1;1;2343
;(9, 8);;(5, 6);Label1;1;2344
;(9, 8);;(5, 6);Label1;1;2345
MoveSouth;(9, 9);Idle;(5, 6);Label1;1;2346
;(9, 9);Idle;(5, 6);Label1;1;2347
;(9, 9);Idle;(5, 6);Label1;1;2348
;(9, 9);Idle;(5, 6);Label1;1;2349
;(9, 9);Idle;(5, 6);Label1;1;2350
;(9, 9);Idle;(5, 6);Label1;1;2351
;(9, 9);Idle;(5, 6);Label1;1;2352
;(9, 9);Idle;(5, 6);Label1;1;2353
;(9, 9);Idle;(5, 6);Label1;1;2354
;(9, 9);Idle;(5, 6);Label1;1;2355
;(9, 9);Idle;(5, 6);Label1;1;2356
;(9, 9);Idle;(5, 6);Label1;1;2357
MoveEast;(10, 9);Idle;(5, 6);Label1;1;2358
;(10, 9);Idle;(5, 6);Label1;1;2359
;(10, 9);Idle;(5, 6);Label1;1;2360
;(10, 9);Idle;(5, 6);Label1;1;2361
;(10, 9);Idle;(5, 6);Label1;1;2362
;(10, 9);Idle;(5, 6);Label1;1;2363
;(10, 9);Idle;(5, 6);Label1;1;2364
;(10, 9);Idle;(5, 6);Label1;1;2365
;(10, 9);Idle;(5, 6);Label1;1;2366
;(10, 9);Idle;(5, 6);Label1;1;2367
;(10, 9);Idle;(5, 6);Label1;1;2368
;(10, 9);Idle;(5, 6);Label1;1;2369
;(10, 9);Idle;(5, 6);Label1;1;2370
;(10, 9);Idle;(5, 6);Label1;1;2371
;(10, 9);Idle;(5, 6);Label1;1;2372
;(10, 9);Idle;(5, 6);Label1;1;2373
;(10, 9);Idle;(5, 6);Label1;1;2374
;(10, 9);Idle;(5, 6);Label1;1;2375
;(10, 9);Idle;(5, 6);Label1;1;2376
;(10, 9);Idle;(5, 6);Label1;1;2377
;(10, 9);Idle;(5, 6);Label1;1;2378
;(10, 9);Idle;(5, 6);Label1;1;2379
;(10, 9);Idle;(5, 6);Label1;1;2380
;(10, 9);Idle;(5, 6);Label1;1;2381
;(10, 9);Idle;(5, 6);Label1;1;2382
;(10, 9);Idle;(5, 6);Label1;1;2383
GrabObject;(10, 9);Idle;(5, 6);Label1;1;2384
;(10, 9);Idle;(5, 6);Label1;1;2385
;(10, 9);Idle;(5, 6);Label1;1;2386
;(10, 9);Idle;(5, 6);Label1;1;2387
;(10, 9);Idle;(5, 6);Label1;1;2388
;(10, 9);Idle;(5, 6);Label1;1;2389
;(10, 9);Idle;(5, 6);Label1;1;2390
;(10, 9);Idle;(5, 6);Label1;1;2391
;(10, 9);Idle;(5, 6);Label1;1;2392
;(10, 9);Idle;(5, 6);Label1;1;2393
;(10, 9);Idle;(5, 6);Label1;1;2394
;(10, 9);Idle;(5, 6);Label1;1;2395
;(10, 9);Idle;(5, 6);Label1;1;2396
;(10, 9);Idle;(5, 6);Label1;1;2397
MoveWest;(9, 9);Idle;(5, 6);Label1;1;2398
;(9, 9);Idle;(5, 6);Label1;1;2399
;(9, 9);Idle;(5, 6);Label1;1;2400
;(9, 9);;(5, 6);Label1;1;2401
;(9, 9);;(5, 6);Label1;1;2402
MoveWest;(8, 9);;(5, 6);Label1;1;2403
MoveWest;(7, 9);Idle;(5, 6);Label1;1;2404
MoveWest;(6, 9);Idle;(5, 6);Label1;1;2405
MoveWest;(5, 9);Idle;(5, 6);Label1;1;2406
MoveWest;(4, 9);Idle;(5, 6);Label1;1;2407
MoveWest;(3, 9);Idle;(5, 6);Label1;1;2408
;(3, 9);Idle;(5, 6);Label1;1;2409
;(3, 9);Idle;(5, 6);Label1;1;2410
;(3, 9);Idle;(5, 6);Label1;1;2411
;(3, 9);Idle;(5, 6);Label1;1;2412
;(3, 9);Idle;(5, 6);Label1;1;2413
;(3, 9);Idle;(5, 6);Label1;1;2414
;(3, 9);Idle;(5, 6);Label1;1;2415
;(3, 9);Idle;(5, 6);Label1;1;2416
;(3, 9);Idle;(5, 6);Label1;1;2417
MoveWest;(2, 9);Idle;(5, 6);Label1;1;2418
;(2, 9);Idle;(5, 6);Label1;1;2419
;(2, 9);Idle;(5, 6);Label1;1;2420
;(2, 9);Idle;(5, 6);Label1;1;2421
;(2, 9);Idle;(5, 6);Label1;1;2422
MoveWest;(1, 9);Idle;(5, 6);Label1;1;2423
MoveWest;(0, 9);Idle;(5, 6);Label1;1;2424
MoveWest;(0, 9);Idle;(5, 6);Label1;1;2425
;(0, 9);Idle;(5, 6);Label1;1;2426
;(0, 9);Idle;(5, 6);Label1;1;2427
;(0, 9);Idle;(5, 6);Label1;1;2428
;(0, 9);Idle;(5, 6);Label1;1;2429
;(0, 9);Idle;(5, 6);Label1;1;2430
;(0, 9);Idle;(5, 6);Label1;1;2431
;(0, 9);Idle;(5, 6);Label1;1;2432
;(0, 9);Idle;(5, 6);Label1;1;2433
DropObject;(0, 9);Idle;(5, 6);Label1;1;2434
;(0, 9);Idle;(5, 6);Label1;1;2435
;(0, 9);Idle;(5, 6);Label1;1;2436
;(0, 9);Idle;(5, 6);Label1;1;2437
;(0, 9);Idle;(5, 6);Label1;1;2438
;(0, 9);Idle;(5, 6);Label1;1;2439
;(0, 9);Idle;(5, 6);Label1;1;2440
;(0, 9);Idle;(5, 6);Label1;1;2441
;(0, 9);Idle;(5, 6);Label1;1;2442
;(0, 9);Idle;(5, 6);Label1;1;2443
;(0, 9);Idle;(5, 6);Label1;1;2444
;(0, 9);Idle;(5, 6);Label1;1;2445
;(0, 9);Idle;(5, 6);Label1;1;2446
;(0, 9);Idle;(5, 6);Label1;1;2447
;(0, 9);Idle;(5, 6);Label1;1;2448
;(0, 9);Idle;(5, 6);Label1;1;2449
;(0, 9);Idle;(5, 6);Label1;1;2450
;(0, 9);Idle;(5, 6);Label1;1;2451
;(0, 9);Idle;(5, 6);Label1;1;2452
;(0, 9);Idle;(5, 6);Label1;1;2453
;(0, 9);Idle;(5, 6);Label1;1;2454
;(0, 9);Idle;(5, 6);Label1;1;2455
;(0, 9);Idle;(5, 6);Label1;1;2456
;(0, 9);Idle;(5, 6);Label1;1;2457
;(0, 9);Idle;(5, 6);Label1;1;2458
;(0, 9);;(5, 6);Label1;1;2459
;(0, 9);;(5, 6);Label1;1;2460
;(0, 9);;(5, 6);Label1;1;2461
;(0, 9);Idle;(5, 6);Label1;1;2462
;(0, 9);Idle;(5, 6);Label1;1;2463
;(0, 9);Idle;(5, 6);Label1;1;2464
;(0, 9);Idle;(5, 6);Label1;1;2465
;(0, 9);Idle;(5, 6);Label1;1;2466
;(0, 9);Idle;(5, 6);Label1;1;2467
;(0, 9);Idle;(5, 6);Label1;1;2468
;(0, 9);Idle;(5, 6);Label1;1;2469
;(0, 9);Idle;(5, 6);Label1;1;2470
;(0, 9);Idle;(5, 6);Label1;1;2471
;(0, 9);Idle;(5, 6);Label1;1;2472
;(0, 9);Idle;(5, 6);Label1;1;2473
;(0, 9);Idle;(5, 6);Label1;1;2474
;(0, 9);Idle;(5, 6);Label1;1;2475
;(0, 9);Idle;(5, 6);Label1;1;2476
MoveEast;(1, 9);Idle;(5, 6);Label1;1;2477
;(1, 9);Idle;(5, 6);Label1;1;2478
;(1, 9);Idle;(5, 6);Label1;1;2479
;(1, 9);Idle;(5, 6);Label1;1;2480
;(1, 9);Idle;(5, 6);Label1;1;2481
MoveEast;(2, 9);Idle;(5, 6);Label1;1;2482
MoveEast;(3, 9);Idle;(5, 6);Label1;1;2483
MoveEast;(4, 9);Idle;(5, 6);Label1;1;2484
MoveEast;(5, 9);Idle;(5, 6);Label1;1;2485
MoveEast;(6, 9);Idle;(5, 6);Label1;1;2486
;(6, 9);Idle;(5, 6);Label1;1;2487
;(6, 9);Idle;(5, 6);Label1;1;2488
;(6, 9);Idle;(5, 6);Label1;1;2489
;(6, 9);Idle;(5, 6);Label1;1;2490
;(6, 9);Idle;(5, 6);Label1;1;2491
MoveEast;(7, 9);Idle;(5, 6);Label1;1;2492
;(7, 9);Idle;(5, 6);Label1;1;2493
;(7, 9);Idle;(5, 6);Label1;1;2494
;(7, 9);Idle;(5, 6);Label1;1;2495
;(7, 9);Idle;(5, 6);Label1;1;2496
MoveEast;(8, 9);Idle;(5, 6);Label1;1;2497
;(8, 9);Idle;(5, 6);Label1;1;2498
;(8, 9);Idle;(5, 6);Label1;1;2499
;(8, 9);Idle;(5, 6);Label1;1;2500
;(8, 9);Idle;(5, 6);Label1;1;2501
;(8, 9);Idle;(5, 6);Label1;1;2502
;(8, 9);Idle;(5, 6);Label1;1;2503
;(8, 9);Idle;(5, 6);Label1;1;2504
MoveEast;(9, 9);Idle;(5, 6);Label1;1;2505
;(9, 9);Idle;(5, 6);Label1;1;2506
;(9, 9);Idle;(5, 6);Label1;1;2507
;(9, 9);Idle;(5, 6);Label1;1;2508
;(9, 9);Idle;(5, 6);Label1;1;2509
;(9, 9);Idle;(5, 6);Label1;1;2510
;(9, 9);Idle;(5, 6);Label1;1;2511
;(9, 9);Idle;(5, 6);Label1;1;2512
;(9, 9);Idle;(5, 6);Label1;1;2513
;(9, 9);Idle;(5, 6);Label1;1;2514
;(9, 9);Idle;(5, 6);Label1;1;2515
;(9, 9);Idle;(5, 6);Label1;1;2516
MoveEast;(10, 9);;(5, 6);Label1;1;2517
;(10, 9);;(5, 6);Label1;1;2518
;(10, 9);;(5, 6);Label1;1;2519
;(10, 9);Idle;(5, 6);Label1;1;2520
;(10, 9);Idle;(5, 6);Label1;1;2521
;(10, 9);Idle;(5, 6);Label1;1;2522
;(10, 9);Idle;(5, 6);Label1;1;2523
;(10, 9);Idle;(5, 6);Label1;1;2524
;(10, 9);Idle;(5, 6);Label1;1;2525
;(10, 9);Idle;(5, 6);Label1;1;2526
;(10, 9);Idle;(5, 6);Label1;1;2527
;(10, 9);Idle;(5, 6);Label1;1;2528
;(10, 9);Idle;(5, 6);Label1;1;2529
;(10, 9);Idle;(5, 6);Label1;1;2530
MoveSouth;(10, 10);Idle;(5, 6);Label1;1;2531
;(10, 10);Idle;(5, 6);Label1;1;2532
;(10, 10);Idle;(5, 6);Label1;1;2533
;(10, 10);Idle;(5, 6);Label1;1;2534
;(10, 10);Idle;(5, 6);Label1;1;2535
;(10, 10);Idle;(5, 6);Label1;1;2536
;(10, 10);Idle;(5, 6);Label1;1;2537
;(10, 10);Idle;(5, 6);Label1;1;2538
;(10, 10);Idle;(5, 6);Label1;1;2539
;(10, 10);Idle;(5, 6);Label1;1;2540
;(10, 10);Idle;(5, 6);Label1;1;2541
;(10, 10);Idle;(5, 6);Label1;1;2542
;(10, 10);Idle;(5, 6);Label1;1;2543
;(10, 10);Idle;(5, 6);Label1;1;2544
;(10, 10);Idle;(5, 6);Label1;1;2545
;(10, 10);Idle;(5, 6);Label1;1;2546
;(10, 10);Idle;(5, 6);Label1;1;2547
;(10, 10);Idle;(5, 6);Label1;1;2548
;(10, 10);Idle;(5, 6);Label1;1;2549
;(10, 10);Idle;(5, 6);Label1;1;2550
;(10, 10);Idle;(5, 6);Label1;1;2551
;(10, 10);Idle;(5, 6);Label1;1;2552
;(10, 10);Idle;(5, 6);Label1;1;2553
;(10, 10);Idle;(5, 6);Label1;1;2554
GrabObject;(10, 10);Idle;(5, 6);Label1;1;2555
;(10, 10);Idle;(5, 6);Label1;1;2556
;(10, 10);Idle;(5, 6);Label1;1;2557
;(10, 10);Idle;(5, 6);Label1;1;2558
;(10, 10);Idle;(5, 6);Label1;1;2559
;(10, 10);Idle;(5, 6);Label1;1;2560
;(10, 10);Idle;(5, 6);Label1;1;2561
;(10, 10);Idle;(5, 6);Label1;1;2562
;(10, 10);Idle;(5, 6);Label1;1;2563
;(10, 10);Idle;(5, 6);Label1;1;2564
;(10, 10);Idle;(5, 6);Label1;1;2565
;(10, 10);Idle;(5, 6);Label1;1;2566
;(10, 10);Idle;(5, 6);Label1;1;2567
MoveWest;(9, 10);Idle;(5, 6);Label1;1;2568
;(9, 10);Idle;(5, 6);Label1;1;2569
;(9, 10);Idle;(5, 6);Label1;1;2570
;(9, 10);Idle;(5, 6);Label1;1;2571
;(9, 10);Idle;(5, 6);Label1;1;2572
MoveWest;(8, 10);Idle;(5, 6);Label1;1;2573
MoveWest;(7, 10);Idle;(5, 6);Label1;1;2574
MoveWest;(6, 10);;(5, 6);Label1;1;2575
MoveWest;(5, 10);;(5, 6);Label1;1;2576
MoveWest;(4, 10);;(5, 6);Label1;1;2577
MoveWest;(3, 10);Idle;(5, 6);Label1;1;2578
MoveWest;(2, 10);Idle;(5, 6);Label1;1;2579
MoveWest;(1, 10);Idle;(5, 6);Label1;1;2580
MoveWest;(0, 10);Idle;(5, 6);Label1;1;2581
MoveWest;(0, 10);Idle;(5, 6);Label1;1;2582
MoveWest;(0, 10);Idle;(5, 6);Label1;1;2583
;(0, 10);Idle;(5, 6);Label1;1;2584
;(0, 10);Idle;(5, 6);Label1;1;2585
;(0, 10);Idle;(5, 6);Label1;1;2586
;(0, 10);Idle;(5, 6);Label1;1;2587
;(0, 10);Idle;(5, 6);Label1;1;2588
;(0, 10);Idle;(5, 6);Label1;1;2589
;(0, 10);Idle;(5, 6);Label1;1;2590
;(0, 10);Idle;(5, 6);Label1;1;2591
;(0, 10);Idle;(5, 6);Label1;1;2592
;(0, 10);Idle;(5, 6);Label1;1;2593
;(0, 10);Idle;(5, 6);Label1;1;2594
;(0, 10);Idle;(5, 6);Label1;1;2595
;(0, 10);Idle;(5, 6);Label1;1;2596
;(0, 10);Idle;(5, 6);Label1;1;2597
DropObject;(0, 10);Idle;(5, 6);Label1;1;2598
;(0, 10);Idle;(5, 6);Label1;1;2599
;(0, 10);Idle;(5, 6);Label1;1;2600
;(0, 10);Idle;(5, 6);Label1;1;2601
;(0, 10);Idle;(5, 6);Label1;1;2602
;(0, 10);Idle;(5, 6);Label1;1;2603
;(0, 10);Idle;(5, 6);Label1;1;2604
;(0, 10);Idle;(5, 6);Label1;1;2605
;(0, 10);Idle;(5, 6);Label1;1;2606
;(0, 10);Idle;(5, 6);Label1;1;2607
;(0, 10);Idle;(5, 6);Label1;1;2608
;(0, 10);Idle;(5, 6);Label1;1;2609
;(0, 10);Idle;(5, 6);Label1;1;2610
;(0, 10);Idle;(5, 6);Label1;1;2611
;(0, 10);Idle;(5, 6);Label1;1;2612
;(0, 10);Idle;(5, 6);Label1;1;2613
;(0, 10);Idle;(5, 6);Label1;1;2614
;(0, 10);Idle;(5, 6);Label1;1;2615
;(0, 10);Idle;(5, 6);Label1;1;2616
;(0, 10);Idle;(5, 6);Label1;1;2617
MoveEast;(1, 10);Idle;(5, 6);Label1;1;2618
;(1, 10);Idle;(5, 6);Label1;1;2619
;(1, 10);Idle;(5, 6);Label1;1;2620
;(1, 10);Idle;(5, 6);Label1;1;2621
;(1, 10);Idle;(5, 6);Label1;1;2622
MoveEast;(2, 10);Idle;(5, 6);Label1;1;2623
MoveEast;(3, 10);Idle;(5, 6);Label1;1;2624
MoveEast;(4, 10);Idle;(5, 6);Label1;1;2625
MoveEast;(5, 10);Idle;(5, 6);Label1;1;2626
MoveEast;(6, 10);Idle;(5, 6);Label1;1;2627
MoveEast;(7, 10);Idle;(5, 6);Label1;1;2628
MoveEast;(8, 10);Idle;(5, 6);Label1;1;2629
MoveEast;(9, 10);Idle;(5, 6);Label1;1;2630
MoveEast;(10, 10);Idle;(5, 6);Label1;1;2631
MoveEast;(11, 10);Idle;(5, 6);Label1;1;2632
MoveEast;(12, 10);;(5, 6);Label1;1;2633
MoveEast;(13, 10);;(5, 6);Label1;1;2634
;(13, 10);;(5, 6);Label1;1;2635
;(13, 10);Idle;(5, 6);Label1;1;2636
;(13, 10);Idle;(5, 6);Label1;1;2637
;(13, 10);Idle;(5, 6);Label1;1;2638
;(13, 10);Idle;(5, 6);Label1;1;2639
;(13, 10);Idle;(5, 6);Label1;1;2640
;(13, 10);Idle;(5, 6);Label1;1;2641
;(13, 10);Idle;(5, 6);Label1;1;2642
;(13, 10);Idle;(5, 6);Label1;1;2643
;(13, 10);Idle;(5, 6);Label1;1;2644
;(13, 10);Idle;(5, 6);Label1;1;2645
;(13, 10);Idle;(5, 6);Label1;1;2646
;(13, 10);Idle;(5, 6);Label1;1;2647
;(13, 10);Idle;(5, 6);Label1;1;2648
;(13, 10);Idle;(5, 6);Label1;1;2649
;(13, 10);Idle;(5, 6);Label1;1;2650
;(13, 10);Idle;(5, 6);Label1;1;2651
MoveEast;(14, 10);Idle;(5, 6);Label1;1;2652
;(14, 10);Idle;(5, 6);Label1;1;2653
;(14, 10);Idle;(5, 6);Label1;1;2654
;(14, 10);Idle;(5, 6);Label1;1;2655
;(14, 10);Idle;(5, 6);Label1;1;2656
;(14, 10);Idle;(5, 6);Label1;1;2657
;(14, 10);Idle;(5, 6);Label1;1;2658
;(14, 10);Idle;(5, 6);Label1;1;2659
;(14, 10);Idle;(5, 6);Label1;1;2660
;(14, 10);Idle;(5, 6);Label1;1;2661
;(14, 10);Idle;(5, 6);Label1;1;2662
;(14, 10);Idle;(5, 6);Label1;1;2663
;(14, 10);Idle;(5, 6);Label1;1;2664
;(14, 10);Idle;(5, 6);Label1;1;2665
;(14, 10);Idle;(5, 6);Label1;1;2666
;(14, 10);Idle;(5, 6);Label1;1;2667
;(14, 10);Idle;(5, 6);Label1;1;2668
;(14, 10);Idle;(5, 6);Label1;1;2669
;(14, 10);Idle;(5, 6);Label1;1;2670
;(14, 10);Idle;(5, 6);Label1;1;2671
;(14, 10);Idle;(5, 6);Label1;1;2672
;(14, 10);Idle;(5, 6);Label1;1;2673
;(14, 10);Idle;(5, 6);Label1;1;2674
;(14, 10);Idle;(5, 6);Label1;1;2675
;(14, 10);Idle;(5, 6);Label1;1;2676
MoveWest;(13, 10);Idle;(5, 6);Label1;1;2677
;(13, 10);Idle;(5, 6);Label1;1;2678
;(13, 10);Idle;(5, 6);Label1;1;2679
;(13, 10);Idle;(5, 6);Label1;1;2680
;(13, 10);Idle;(5, 6);Label1;1;2681
;(13, 10);Idle;(5, 6);Label1;1;2682
;(13, 10);Idle;(5, 6);Label1;1;2683
;(13, 10);Idle;(5, 6);Label1;1;2684
;(13, 10);Idle;(5, 6);Label1;1;2685
;(13, 10);Idle;(5, 6);Label1;1;2686
;(13, 10);Idle;(5, 6);Label1;1;2687
;(13, 10);Idle;(5, 6);Label1;1;2688
;(13, 10);Idle;(5, 6);Label1;1;2689
;(13, 10);Idle;(5, 6);Label1;1;2690
;(13, 10);;(5, 6);Label1;1;2691
;(13, 10);;(5, 6);Label1;1;2692
;(13, 10);;(5, 6);Label1;1;2693
;(13, 10);Idle;(5, 6);Label1;1;2694
;(13, 10);Idle;(5, 6);Label1;1;2695
;(13, 10);Idle;(5, 6);Label1;1;2696
;(13, 10);Idle;(5, 6);Label1;1;2697
;(13, 10);Idle;(5, 6);Label1;1;2698
;(13, 10);Idle;(5, 6);Label1;1;2699
;(13, 10);Idle;(5, 6);Label1;1;2700
;(13, 10);Idle;(5, 6);Label1;1;2701
;(13, 10);Idle;(5, 6);Label1;1;2702
;(13, 10);Idle;(5, 6);Label1;1;2703
;(13, 10);Idle;(5, 6);Label1;1;2704
;(13, 10);Idle;(5, 6);Label1;1;2705
;(13, 10);Idle;(5, 6);Label1;1;2706
;(13, 10);Idle;(5, 6);Label1;1;2707
;(13, 10);Idle;(5, 6);Label1;1;2708
;(13, 10);Idle;(5, 6);Label1;1;2709
;(13, 10);Idle;(5, 6);Label1;1;2710
;(13, 10);Idle;(5, 6);Label1;1;2711
;(13, 10);Idle;(5, 6);Label1;1;2712
;(13, 10);Idle;(5, 6);Label1;1;2713
;(13, 10);Idle;(5, 6);Label1;1;2714
;(13, 10);Idle;(5, 6);Label1;1;2715
;(13, 10);Idle;(5, 6);Label1;1;2716
;(13, 10);Idle;(5, 6);Label1;1;2717
;(13, 10);Idle;(5, 6);Label1;1;2718
;(13, 10);Idle;(5, 6);Label1;1;2719
;(13, 10);Idle;(5, 6);Label1;1;2720
;(13, 10);Idle;(5, 6);Label1;1;2721
;(13, 10);Idle;(5, 6);Label1;1;2722
;(13, 10);Idle;(5, 6);Label1;1;2723
;(13, 10);Idle;(5, 6);Label1;1;2724
;(13, 10);Idle;(5, 6);Label1;1;2725
;(13, 10);Idle;(5, 6);Label1;1;2726
;(13, 10);Idle;(5, 6);Label1;1;2727
;(13, 10);Idle;(5, 6);Label1;1;2728
;(13, 10);Idle;(5, 6);Label1;1;2729
;(13, 10);Idle;(5, 6);Label1;1;2730
;(13, 10);Idle;(5, 6);Label1;1;2731
;(13, 10);Idle;(5, 6);Label1;1;2732
;(13, 10);Idle;(5, 6);Label1;1;2733
;(13, 10);Idle;(5, 6);Label1;1;2734
;(13, 10);Idle;(5, 6);Label1;1;2735
;(13, 10);Idle;(5, 6);Label1;1;2736
;(13, 10);Idle;(5, 6);Label1;1;2737
;(13, 10);Idle;(5, 6);Label1;1;2738
;(13, 10);Idle;(5, 6);Label1;1;2739
;(13, 10);Idle;(5, 6);Label1;1;2740
;(13, 10);Idle;(5, 6);Label1;1;2741
;(13, 10);Idle;(5, 6);Label1;1;2742
;(13, 10);Idle;(5, 6);Label1;1;2743
;(13, 10);Idle;(5, 6);Label1;1;2744
;(13, 10);Idle;(5, 6);Label1;1;2745
;(13, 10);Idle;(5, 6);Label1;1;2746
;(13, 10);Idle;(5, 6);Label1;1;2747
MoveNorth;(13, 9);Idle;(5, 6);Label1;1;2748
;(13, 9);;(5, 6);Label1;1;2749
;(13, 9);;(5, 6);Label1;1;2750
;(13, 9);;(5, 6);Label1;1;2751
;(13, 9);Idle;(5, 6);Label1;1;2752
;(13, 9);Idle;(5, 6);Label1;1;2753
;(13, 9);Idle;(5, 6);Label1;1;2754
;(13, 9);Idle;(5, 6);Label1;1;2755
;(13, 9);Idle;(5, 6);Label1;1;2756
;(13, 9);Idle;(5, 6);Label1;1;2757
;(13, 9);Idle;(5, 6);Label1;1;2758
MoveNorth;(13, 8);Idle;(5, 6);Label1;1;2759
;(13, 8);Idle;(5, 6);Label1;1;2760
;(13, 8);Idle;(5, 6);Label1;1;2761
;(13, 8);Idle;(5, 6);Label1;1;2762
;(13, 8);Idle;(5, 6);Label1;1;2763
;(13, 8);Idle;(5, 6);Label1;1;2764
;(13, 8);Idle;(5, 6);Label1;1;2765
;(13, 8);Idle;(5, 6);Label1;1;2766
;(13, 8);Idle;(5, 6);Label1;1;2767
;(13, 8);Idle;(5, 6);Label1;1;2768
;(13, 8);Idle;(5, 6);Label1;1;2769
MoveNorth;(13, 7);Idle;(5, 6);Label1;1;2770
;(13, 7);Idle;(5, 6);Label1;1;2771
;(13, 7);Idle;(5, 6);Label1;1;2772
;(13, 7);Idle;(5, 6);Label1;1;2773
;(13, 7);Idle;(5, 6);Label1;1;2774
;(13, 7);Idle;(5, 6);Label1;1;2775
;(13, 7);Idle;(5, 6);Label1;1;2776
;(13, 7);Idle;(5, 6);Label1;1;2777
;(13, 7);Idle;(5, 6);Label1;1;2778
;(13, 7);Idle;(5, 6);Label1;1;2779
;(13, 7);Idle;(5, 6);Label1;1;2780
;(13, 7);Idle;(5, 6);Label1;1;2781
MoveWest;(12, 7);Idle;(5, 6);Label1;1;2782
;(12, 7);Idle;(5, 6);Label1;1;2783
;(12, 7);Idle;(5, 6);Label1;1;2784
;(12, 7);Idle;(5, 6);Label1;1;2785
;(12, 7);Idle;(5, 6);Label1;1;2786
;(12, 7);Idle;(5, 6);Label1;1;2787
;(12, 7);Idle;(5, 6);Label1;1;2788
;(12, 7);Idle;(5, 6);Label1;1;2789
;(12, 7);Idle;(5, 6);Label1;1;2790
;(12, 7);Idle;(5, 6);Label1;1;2791
MoveWest;(11, 7);Idle;(5, 6);Label1;1;2792
;(11, 7);Idle;(5, 6);Label1;1;2793
;(11, 7);Idle;(5, 6);Label1;1;2794
;(11, 7);Idle;(5, 6);Label1;1;2795
;(11, 7);Idle;(5, 6);Label1;1;2796
;(11, 7);Idle;(5, 6);Label1;1;2797
;(11, 7);Idle;(5, 6);Label1;1;2798
;(11, 7);Idle;(5, 6);Label1;1;2799
;(11, 7);Idle;(5, 6);Label1;1;2800
;(11, 7);Idle;(5, 6);Label1;1;2801
;(11, 7);Idle;(5, 6);Label1;1;2802
;(11, 7);Idle;(5, 6);Label1;1;2803
GrabObject;(11, 7);Idle;(5, 6);Label1;1;2804
;(11, 7);Idle;(5, 6);Label1;1;2805
;(11, 7);Idle;(5, 6);Label1;1;2806
;(11, 7);;(5, 6);Label1;1;2807
;(11, 7);;(5, 6);Label1;1;2808
;(11, 7);;(5, 6);Label1;1;2809
;(11, 7);Idle;(5, 6);Label1;1;2810
;(11, 7);Idle;(5, 6);Label1;1;2811
;(11, 7);Idle;(5, 6);Label1;1;2812
;(11, 7);Idle;(5, 6);Label1;1;2813
;(11, 7);Idle;(5, 6);Label1;1;2814
MoveWest;(10, 7);Idle;(5, 6);Label1;1;2815
;(10, 7);Idle;(5, 6);Label1;1;2816
;(10, 7);Idle;(5, 6);Label1;1;2817
;(10, 7);Idle;(5, 6);Label1;1;2818
;(10, 7);Idle;(5, 6);Label1;1;2819
MoveWest;(9, 7);Idle;(5, 6);Label1;1;2820
MoveWest;(8, 7);Idle;(5, 6);Label1;1;2821
MoveWest;(7, 7);Idle;(5, 6);Label1;1;2822
MoveWest;(6, 7);Idle;(5, 6);Label1;1;2823
MoveWest;(5, 7);Idle;(5, 6);Label1;1;2824
MoveWest;(4, 7);Idle;(5, 6);Label1;1;2825
MoveWest;(3, 7);Idle;(5, 6);Label1;1;2826
MoveWest;(2, 7);Idle;(5, 6);Label1;1;2827
MoveWest;(1, 7);Idle;(5, 6);Label1;1;2828
MoveWest;(0, 7);Idle;(5, 6);Label1;1;2829
MoveWest;(0, 7);Idle;(5, 6);Label1;1;2830
MoveWest;(0, 7);Idle;(5, 6);Label1;1;2831
MoveWest;(0, 7);Idle;(5, 6);Label1;1;2832
;(0, 7);Idle;(5, 6);Label1;1;2833
;(0, 7);Idle;(5, 6);Label1;1;2834
;(0, 7);Idle;(5, 6);Label1;1;2835
;(0, 7);Idle;(5, 6);Label1;1;2836
;(0, 7);Idle;(5, 6);Label1;1;2837
;(0, 7);Idle;(5, 6);Label1;1;2838
;(0, 7);Idle;(5, 6);Label1;1;2839
;(0, 7);Idle;(5, 6);Label1;1;2840
;(0, 7);Idle;(5, 6);Label1;1;2841
;(0, 7);Idle;(5, 6);Label1;1;2842
;(0, 7);Idle;(5, 6);Label1;1;2843
;(0, 7);Idle;(5, 6);Label1;1;2844
;(0, 7);Idle;(5, 6);Label1;1;2845
;(0, 7);Idle;(5, 6);Label1;1;2846
;(0, 7);Idle;(5, 6);Label1;1;2847
DropObject;(0, 7);Idle;(5, 6);Label1;1;2848
;(0, 7);Idle;(5, 6);Label1;1;2849
;(0, 7);Idle;(5, 6);Label1;1;2850
;(0, 7);Idle;(5, 6);Label1;1;2851
;(0, 7);Idle;(5, 6);Label1;1;2852
;(0, 7);Idle;(5, 6);Label1;1;2853
;(0, 7);Idle;(5, 6);Label1;1;2854
;(0, 7);Idle;(5, 6);Label1;1;2855
;(0, 7);Idle;(5, 6);Label1;1;2856
;(0, 7);Idle;(5, 6);Label1;1;2857
;(0, 7);Idle;(5, 6);Label1;1;2858
MoveEast;(1, 7);Idle;(5, 6);Label1;1;2859
;(1, 7);Idle;(5, 6);Label1;1;2860
;(1, 7);Idle;(5, 6);Label1;1;2861
;(1, 7);Idle;(5, 6);Label1;1;2862
;(1, 7);Idle;(5, 6);Label1;1;2863
MoveEast;(2, 7);Idle;(5, 6);Label1;1;2864
MoveEast;(3, 7);;(5, 6);Label1;1;2865
MoveEast;(4, 7);;(5, 6);Label1;1;2866
MoveEast;(5, 7);;(5, 6);Label1;1;2867
MoveEast;(6, 7);Idle;(5, 6);Label1;1;2868
MoveEast;(7, 7);Idle;(5, 6);Label1;1;2869
MoveEast;(8, 7);Idle;(5, 6);Label1;1;2870
MoveEast;(9, 7);Idle;(5, 6);Label1;1;2871
MoveEast;(10, 7);Idle;(5, 6);Label1;1;2872
MoveEast;(11, 7);Idle;(5, 6);Label1;1;2873
MoveEast;(12, 7);Idle;(5, 6);Label1;1;2874
;(12, 7);Idle;(5, 6);Label1;1;2875
;(12, 7);Idle;(5, 6);Label1;1;2876
;(12, 7);Idle;(5, 6);Label1;1;2877
;(12, 7);Idle;(5, 6);Label1;1;2878
;(12, 7);Idle;(5, 6);Label1;1;2879
;(12, 7);Idle;(5, 6);Label1;1;2880
;(12, 7);Idle;(5, 6);Label1;1;2881
;(12, 7);Idle;(5, 6);Label1;1;2882
;(12, 7);Idle;(5, 6);Label1;1;2883
;(12, 7);Idle;(5, 6);Label1;1;2884
;(12, 7);Idle;(5, 6);Label1;1;2885
;(12, 7);Idle;(5, 6);Label1;1;2886
;(12, 7);Idle;(5, 6);Label1;1;2887
;(12, 7);Idle;(5, 6);Label1;1;2888
;(12, 7);Idle;(5, 6);Label1;1;2889
;(12, 7);Idle;(5, 6);Label1;1;2890
DropObject;(12, 7);Idle;(5, 6);Label1;1;2891
;(12, 7);Idle;(5, 6);Label1;1;2892
;(12, 7);Idle;(5, 6);Label1;1;2893
;(12, 7);Idle;(5, 6);Label1;1;2894
;(12, 7);Idle;(5, 6);Label1;1;2895
;(12, 7);Idle;(5, 6);Label1;1;2896
;(12, 7);Idle;(5, 6);Label1;1;2897
;(12, 7);Idle;(5, 6);Label1;1;2898
;(12, 7);Idle;(5, 6);Label1;1;2899
;(12, 7);Idle;(5, 6);Label1;1;2900
;(12, 7);Idle;(5, 6);Label1;1;2901
;(12, 7);Idle;(5, 6);Label1;1;2902
;(12, 7);Idle;(5, 6);Label1;1;2903
;(12, 7);Idle;(5, 6);Label1;1;2904
;(12, 7);Idle;(5, 6);Label1;1;2905
;(12, 7);Idle;(5, 6);Label1;1;2906
;(12, 7);Idle;(5, 6);Label1;1;2907
;(12, 7);Idle;(5, 6);Label1;1;2908
;(12, 7);Idle;(5, 6);Label1;1;2909
;(12, 7);Idle;(5, 6);Label1;1;2910
;(12, 7);Idle;(5, 6);Label1;1;2911
;(12, 7);Idle;(5, 6);Label1;1;2912
;(12, 7);Idle;(5, 6);Label1;1;2913
;(12, 7);Idle;(5, 6);Label1;1;2914
;(12, 7);Idle;(5, 6);Label1;1;2915
;(12, 7);Idle;(5, 6);Label1;1;2916
;(12, 7);Idle;(5, 6);Label1;1;2917
;(12, 7);Idle;(5, 6);Label1;1;2918
;(12, 7);Idle;(5, 6);Label1;1;2919
GrabObject;(12, 7);Idle;(5, 6);Label1;1;2920
;(12, 7);Idle;(5, 6);Label1;1;2921
;(12, 7);Idle;(5, 6);Label1;1;2922
;(12, 7);;(5, 6);Label1;1;2923
;(12, 7);;(5, 6);Label1;1;2924
;(12, 7);;(5, 6);Label1;1;2925
;(12, 7);Idle;(5, 6);Label1;1;2926
;(12, 7);Idle;(5, 6);Label1;1;2927
;(12, 7);Idle;(5, 6);Label1;1;2928
;(12, 7);Idle;(5, 6);Label1;1;2929
;(12, 7);Idle;(5, 6);Label1;1;2930
MoveWest;(11, 7);Idle;(5, 6);Label1;1;2931
;(11, 7);Idle;(5, 6);Label1;1;2932
;(11, 7);Idle;(5, 6);Label1;1;2933
;(11, 7);Idle;(5, 6);Label1;1;2934
;(11, 7);Idle;(5, 6);Label1;1;2935
MoveWest;(10, 7);Idle;(5, 6);Label1;1;2936
MoveWest;(9, 7);Idle;(5, 6);Label1;1;2937
MoveWest;(8, 7);Idle;(5, 6);Label1;1;2938
MoveWest;(7, 7);Idle;(5, 6);Label1;1;2939
MoveWest;(6, 7);Idle;(5, 6);Label1;1;2940
MoveWest;(5, 7);Idle;(5, 6);Label1;1;2941
MoveWest;(4, 7);Idle;(5, 6);Label1;1;2942
MoveWest;(3, 7);Idle;(5, 6);Label1;1;2943
MoveWest;(2, 7);Idle;(5, 6);Label1;1;2944
MoveWest;(1, 7);Idle;(5, 6);Label1;1;2945
MoveWest;(0, 7);Idle;(5, 6);Label1;1;2946
;(0, 7);Idle;(5, 6);Label1;1;2947
;(0, 7);Idle;(5, 6);Label1;1;2948
;(0, 7);Idle;(5, 6);Label1;1;2949
;(0, 7);Idle;(5, 6);Label1;1;2950
;(0, 7);Idle;(5, 6);Label1;1;2951
;(0, 7);Idle;(5, 6);Label1;1;2952
;(0, 7);Idle;(5, 6);Label1;1;2953
;(0, 7);Idle;(5, 6);Label1;1;2954
;(0, 7);Idle;(5, 6);Label1;1;2955
;(0, 7);Idle;(5, 6);Label1;1;2956
;(0, 7);Idle;(5, 6);Label1;1;2957
;(0, 7);Idle;(5, 6);Label1;1;2958
;(0, 7);Idle;(5, 6);Label1;1;2959
;(0, 7);Idle;(5, 6);Label1;1;2960
;(0, 7);Idle;(5, 6);Label1;1;2961
;(0, 7);Idle;(5, 6);Label1;1;2962
;(0, 7);Idle;(5, 6);Label1;1;2963
;(0, 7);Idle;(5, 6);Label1;1;2964
;(0, 7);Idle;(5, 6);Label1;1;2965
DropObject;(0, 7);Idle;(5, 6);Label1;1;2966
;(0, 7);Idle;(5, 6);Label1;1;2967
;(0, 7);Idle;(5, 6);Label1;1;2968
;(0, 7);Idle;(5, 6);Label1;1;2969
;(0, 7);Idle;(5, 6);Label1;1;2970
;(0, 7);Idle;(5, 6);Label1;1;2971
;(0, 7);Idle;(5, 6);Label1;1;2972
;(0, 7);Idle;(5, 6);Label1;1;2973
;(0, 7);Idle;(5, 6);Label1;1;2974
;(0, 7);Idle;(5, 6);Label1;1;2975
MoveEast;(1, 7);Idle;(5, 6);Label1;1;2976
;(1, 7);Idle;(5, 6);Label1;1;2977
;(1, 7);Idle;(5, 6);Label1;1;2978
;(1, 7);Idle;(5, 6);Label1;1;2979
;(1, 7);Idle;(5, 6);Label1;1;2980
MoveEast;(2, 7);;(5, 6);Label1;1;2981
MoveEast;(3, 7);;(5, 6);Label1;1;2982
MoveEast;(4, 7);;(5, 6);Label1;1;2983
MoveEast;(5, 7);Idle;(5, 6);Label1;1;2984
MoveEast;(6, 7);Idle;(5, 6);Label1;1;2985
MoveEast;(7, 7);Idle;(5, 6);Label1;1;2986
MoveEast;(8, 7);Idle;(5, 6);Label1;1;2987
MoveEast;(9, 7);Idle;(5, 6);Label1;1;2988
MoveEast;(10, 7);Idle;(5, 6);Label1;1;2989
MoveEast;(11, 7);Idle;(5, 6);Label1;1;2990
MoveEast;(12, 7);Idle;(5, 6);Label1;1;2991
MoveEast;(13, 7);Idle;(5, 6);Label1;1;2992
;(13, 7);Idle;(5, 6);Label1;1;2993
;(13, 7);Idle;(5, 6);Label1;1;2994
;(13, 7);Idle;(5, 6);Label1;1;2995
;(13, 7);Idle;(5, 6);Label1;1;2996
;(13, 7);Idle;(5, 6);Label1;1;2997
;(13, 7);Idle;(5, 6);Label1;1;2998
MoveEast;(14, 7);Idle;(5, 6);Label1;1;2999
;(14, 7);Idle;(5, 6);Label1;1;3000
;(14, 7);Idle;(5, 6);Label1;1;3001
;(14, 7);Idle;(5, 6);Label1;1;3002
;(14, 7);Idle;(5, 6);Label1;1;3003
;(14, 7);Idle;(5, 6);Label1;1;3004
;(14, 7);Idle;(5, 6);Label1;1;3005
;(14, 7);;(5, 6);Label1;1;3006
;(14, 7);;(5, 6);Label1;1;3007
;(14, 7);;(5, 6);Label1;1;3008
;(14, 7);;(5, 6);Label1;1;3009
;(14, 7);;(5, 6);Label1;1;3010
;(14, 7);;(5, 6);Label1;1;3011
;(14, 7);;(5, 6);Label1;1;3012
;(14, 7);;(5, 6);Label1;1;3013
;(14, 7);;(5, 6);Label1;1;3014
;(14, 7);;(5, 6);Label1;1;3015
;(14, 7);;(5, 6);Label1;1;3016
;(14, 7);;(5, 6);Label1;1;3017
;(14, 7);;(5, 6);Label1;1;3018
;(14, 7);;(5, 6);Label1;1;3019
