tick;corrected_tick;remaining_distance;victim_harm;idle_time_robot;q_table_cps;q_table_cps_runs;q_table_basic;world_nr;tick_nr
3019;3000;17;900;1;"                     RockBetter  RockOn
[4, 'equal', True]          0.0     0.0
[4, 'equal', False]         0.0     0.0
[4, 'human', True]          0.0     0.0
[4, 'human', False]         0.0     0.0
[3, 'equal', True]          NaN   -31.0
[3, 'equal', False]         NaN  -362.0
[3, 'robot', False]         NaN    -2.0
[2, 'robot', True]          NaN     0.0";"                     RockBetter  RockOn
[4, 'equal', True]          0.0     0.0
[4, 'equal', False]         0.0     0.0
[4, 'human', True]          0.0     0.0
[4, 'human', False]         0.0     0.0
[3, 'equal', True]          NaN     1.0
[3, 'equal', False]         NaN     1.0
[3, 'robot', False]         NaN     2.0
[2, 'robot', True]          NaN     1.0";"                     Move back and forth  Stand Still   Pick up       Drop      Break
[4, 'equal', False]            -14.24725   -12.854072 -7.532331  -5.082000 -13.881575
[4, 'human', False]             -7.00000    -8.268055 -8.651735  -2.500000  -7.500000
[3, 'human', False]             -6.33000    -6.607359 -8.000000   0.000000 -12.500000
[3, 'human', True]              -7.00000    -3.500000 -5.140000  -4.250000  -5.330000
[3, 'equal', True]              -2.00000    -4.250000  1.000000  -8.500000   0.000000
[3, 'equal', False]             -7.00000    -5.250000 -5.500000  -2.500000 -10.000000
[3, 'robot', False]             -7.00000    -6.876000 -2.250000  -8.660000  -5.650000
[2, 'equal', False]             -4.00000    -2.250000 -4.000000 -39.500000  -6.000000
[2, 'equal', True]              -7.00000    -3.500000  4.250000  -4.350000  -9.800000
[2, 'human', False]             -9.00000   -15.500000 -8.850000   0.000000  -6.000000
[1, 'human', False]              0.00000     0.000000  0.000000 -27.000000   0.000000
[4, 'equal', True]              -4.00000    -2.278798  0.500000  -3.339399  -4.000000
[2, 'human', True]               0.00000    -0.500000  0.000000   0.000000   0.000000
[4, 'robot', True]               0.00000     0.000000  0.000000   0.000000 -15.000000
[3, 'robot', True]              -4.65000     0.000000  0.000000   0.000000   0.000000
[2, 'robot', False]             -3.17500   -23.500000 -2.500000 -50.500000   0.000000";1;3019
