human_selector_action;human_selector_location;robot_action;robot_location;robot_executing_cp;world_nr;tick_nr
;(3, 4);;(4, 4);False;1;0
;(3, 4);;(4, 4);False;1;1
;(3, 4);MoveEast;(4, 4);False;1;2
;(3, 4);MoveEast;(4, 4);False;1;3
;(3, 4);MoveEast;(4, 4);False;1;4
;(3, 4);MoveEast;(4, 4);False;1;5
;(3, 4);MoveEast;(4, 4);False;1;6
;(3, 4);MoveEast;(4, 4);False;1;7
;(3, 4);MoveEast;(4, 4);False;1;8
MoveEast;(4, 4);MoveEast;(4, 4);False;1;9
;(4, 4);MoveEast;(4, 4);False;1;10
;(4, 4);MoveEast;(4, 4);False;1;11
;(4, 4);MoveEast;(5, 4);False;1;12
;(4, 4);MoveEast;(5, 4);False;1;13
;(4, 4);MoveEast;(5, 4);False;1;14
;(4, 4);MoveEast;(5, 4);False;1;15
;(4, 4);MoveEast;(5, 4);False;1;16
;(4, 4);MoveEast;(5, 4);False;1;17
MoveEast;(5, 4);MoveEast;(5, 4);False;1;18
;(5, 4);MoveEast;(5, 4);False;1;19
;(5, 4);MoveEast;(5, 4);False;1;20
;(5, 4);MoveEast;(5, 4);False;1;21
;(5, 4);MoveEast;(5, 4);False;1;22
;(5, 4);MoveEast;(6, 4);False;1;23
;(5, 4);MoveEast;(6, 4);False;1;24
;(5, 4);MoveEast;(6, 4);False;1;25
;(5, 4);MoveEast;(6, 4);False;1;26
MoveEast;(6, 4);MoveEast;(6, 4);False;1;27
;(6, 4);MoveEast;(6, 4);False;1;28
;(6, 4);MoveEast;(6, 4);False;1;29
;(6, 4);MoveEast;(6, 4);False;1;30
;(6, 4);MoveEast;(6, 4);False;1;31
;(6, 4);MoveEast;(6, 4);False;1;32
MoveSouth;(6, 5);MoveEast;(6, 4);False;1;33
;(6, 5);MoveEast;(7, 4);False;1;34
;(6, 5);MoveNorthEast;(7, 4);False;1;35
;(6, 5);MoveNorthEast;(7, 4);False;1;36
;(6, 5);MoveNorthEast;(7, 4);False;1;37
;(6, 5);MoveNorthEast;(7, 4);False;1;38
;(6, 5);MoveNorthEast;(7, 4);False;1;39
;(6, 5);MoveNorthEast;(7, 4);False;1;40
;(6, 5);MoveNorthEast;(7, 4);False;1;41
MoveEast;(7, 5);MoveNorthEast;(7, 4);False;1;42
;(7, 5);MoveNorthEast;(7, 4);False;1;43
;(7, 5);MoveNorthEast;(7, 4);False;1;44
;(7, 5);MoveNorthEast;(8, 3);False;1;45
;(7, 5);MoveEast;(8, 3);False;1;46
;(7, 5);MoveEast;(8, 3);False;1;47
;(7, 5);MoveEast;(8, 3);False;1;48
;(7, 5);MoveEast;(8, 3);False;1;49
;(7, 5);MoveEast;(8, 3);False;1;50
;(7, 5);MoveEast;(8, 3);False;1;51
;(7, 5);MoveEast;(8, 3);False;1;52
;(7, 5);MoveEast;(8, 3);False;1;53
;(7, 5);MoveEast;(8, 3);False;1;54
;(7, 5);MoveEast;(8, 3);False;1;55
;(7, 5);MoveEast;(9, 3);False;1;56
;(7, 5);GrabObject;(9, 3);False;1;57
;(7, 5);GrabObject;(9, 3);False;1;58
;(7, 5);GrabObject;(9, 3);False;1;59
;(7, 5);GrabObject;(9, 3);False;1;60
;(7, 5);GrabObject;(9, 3);False;1;61
;(7, 5);GrabObject;(9, 3);False;1;62
;(7, 5);GrabObject;(9, 3);False;1;63
;(7, 5);GrabObject;(9, 3);False;1;64
;(7, 5);GrabObject;(9, 3);False;1;65
;(7, 5);GrabObject;(9, 3);False;1;66
;(7, 5);GrabObject;(9, 3);False;1;67
;(7, 5);;(9, 3);False;1;68
GrabObject;(7, 5);MoveEast;(9, 3);False;1;69
;(7, 5);MoveEast;(9, 3);False;1;70
;(7, 5);MoveEast;(9, 3);False;1;71
;(7, 5);MoveEast;(9, 3);False;1;72
MoveWest;(6, 5);MoveEast;(9, 3);False;1;73
;(6, 5);MoveEast;(9, 3);False;1;74
;(6, 5);MoveEast;(9, 3);False;1;75
;(6, 5);MoveEast;(9, 3);False;1;76
;(6, 5);MoveEast;(9, 3);False;1;77
MoveWest;(5, 5);MoveEast;(9, 3);False;1;78
;(5, 5);MoveEast;(10, 3);False;1;79
;(5, 5);MoveEast;(10, 3);False;1;80
;(5, 5);MoveEast;(10, 3);False;1;81
;(5, 5);MoveEast;(10, 3);False;1;82
;(5, 5);MoveEast;(10, 3);False;1;83
MoveWest;(4, 5);MoveEast;(10, 3);False;1;84
;(4, 5);MoveEast;(10, 3);False;1;85
;(4, 5);MoveEast;(10, 3);False;1;86
;(4, 5);MoveEast;(10, 3);False;1;87
;(4, 5);MoveEast;(10, 3);False;1;88
;(4, 5);MoveEast;(10, 3);False;1;89
;(4, 5);MoveEast;(11, 3);False;1;90
DropObject;(4, 5);MoveWest;(11, 3);False;1;91
;(4, 5);MoveWest;(11, 3);False;1;92
;(4, 5);MoveWest;(11, 3);False;1;93
;(4, 5);MoveWest;(11, 3);False;1;94
;(4, 5);MoveWest;(11, 3);False;1;95
;(4, 5);MoveWest;(11, 3);False;1;96
;(4, 5);MoveWest;(11, 3);False;1;97
;(4, 5);MoveWest;(11, 3);False;1;98
;(4, 5);MoveWest;(11, 3);False;1;99
;(4, 5);MoveWest;(11, 3);False;1;100
;(4, 5);MoveWest;(10, 3);False;1;101
;(4, 5);MoveWest;(10, 3);False;1;102
;(4, 5);MoveWest;(10, 3);False;1;103
;(4, 5);MoveWest;(10, 3);False;1;104
MoveEast;(5, 5);MoveWest;(10, 3);False;1;105
;(5, 5);MoveWest;(10, 3);False;1;106
;(5, 5);MoveWest;(10, 3);False;1;107
;(5, 5);MoveWest;(10, 3);False;1;108
;(5, 5);MoveWest;(10, 3);False;1;109
;(5, 5);MoveWest;(10, 3);False;1;110
;(5, 5);MoveWest;(10, 3);False;1;111
;(5, 5);MoveWest;(9, 3);False;1;112
;(5, 5);MoveEast;(9, 3);False;1;113
;(5, 5);MoveEast;(9, 3);False;1;114
MoveEast;(6, 5);MoveEast;(9, 3);False;1;115
;(6, 5);MoveEast;(9, 3);False;1;116
MoveEast;(7, 5);MoveEast;(9, 3);False;1;117
MoveEast;(8, 5);MoveEast;(9, 3);False;1;118
;(8, 5);MoveEast;(9, 3);False;1;119
MoveEast;(9, 5);MoveEast;(9, 3);False;1;120
MoveEast;(10, 5);MoveEast;(9, 3);False;1;121
;(10, 5);MoveEast;(9, 3);False;1;122
MoveEast;(11, 5);MoveEast;(10, 3);False;1;123
;(11, 5);MoveEast;(10, 3);False;1;124
;(11, 5);MoveEast;(10, 3);False;1;125
;(11, 5);MoveEast;(10, 3);False;1;126
;(11, 5);MoveEast;(10, 3);False;1;127
MoveSouth;(11, 6);MoveEast;(10, 3);False;1;128
;(11, 6);MoveEast;(10, 3);False;1;129
;(11, 6);MoveEast;(10, 3);False;1;130
;(11, 6);MoveEast;(10, 3);False;1;131
MoveWest;(10, 6);MoveEast;(10, 3);False;1;132
;(10, 6);MoveEast;(10, 3);False;1;133
;(10, 6);MoveEast;(11, 3);False;1;134
MoveWest;(9, 6);MoveWest;(11, 3);False;1;135
;(9, 6);MoveWest;(11, 3);False;1;136
;(9, 6);MoveWest;(11, 3);False;1;137
;(9, 6);MoveWest;(11, 3);False;1;138
;(9, 6);MoveWest;(11, 3);False;1;139
;(9, 6);MoveWest;(11, 3);False;1;140
;(9, 6);MoveWest;(11, 3);False;1;141
;(9, 6);MoveWest;(11, 3);False;1;142
;(9, 6);MoveWest;(11, 3);False;1;143
;(9, 6);MoveWest;(11, 3);False;1;144
;(9, 6);MoveWest;(10, 3);False;1;145
;(9, 6);MoveWest;(10, 3);False;1;146
;(9, 6);MoveWest;(10, 3);False;1;147
;(9, 6);MoveWest;(10, 3);False;1;148
;(9, 6);MoveWest;(10, 3);False;1;149
;(9, 6);MoveWest;(10, 3);False;1;150
;(9, 6);MoveWest;(10, 3);False;1;151
MoveWest;(8, 6);MoveWest;(10, 3);False;1;152
;(8, 6);MoveWest;(10, 3);False;1;153
;(8, 6);MoveWest;(10, 3);False;1;154
;(8, 6);MoveWest;(10, 3);False;1;155
;(8, 6);MoveWest;(9, 3);False;1;156
;(8, 6);MoveEast;(9, 3);False;1;157
;(8, 6);MoveEast;(9, 3);False;1;158
MoveWest;(7, 6);MoveEast;(9, 3);False;1;159
;(7, 6);MoveEast;(9, 3);False;1;160
;(7, 6);MoveEast;(9, 3);False;1;161
;(7, 6);MoveEast;(9, 3);False;1;162
;(7, 6);MoveEast;(9, 3);False;1;163
;(7, 6);MoveEast;(9, 3);False;1;164
;(7, 6);MoveEast;(9, 3);False;1;165
;(7, 6);MoveEast;(9, 3);False;1;166
;(7, 6);MoveEast;(10, 3);False;1;167
;(7, 6);MoveEast;(10, 3);False;1;168
MoveEast;(8, 6);MoveEast;(10, 3);False;1;169
;(8, 6);MoveEast;(10, 3);False;1;170
;(8, 6);MoveEast;(10, 3);False;1;171
;(8, 6);MoveEast;(10, 3);False;1;172
;(8, 6);MoveEast;(10, 3);False;1;173
;(8, 6);MoveEast;(10, 3);False;1;174
MoveEast;(9, 6);MoveEast;(10, 3);False;1;175
;(9, 6);MoveEast;(10, 3);False;1;176
;(9, 6);MoveEast;(10, 3);False;1;177
;(9, 6);MoveEast;(11, 3);False;1;178
;(9, 6);MoveWest;(11, 3);False;1;179
;(9, 6);MoveWest;(11, 3);False;1;180
;(9, 6);MoveWest;(11, 3);False;1;181
;(9, 6);MoveWest;(11, 3);False;1;182
;(9, 6);MoveWest;(11, 3);False;1;183
;(9, 6);MoveWest;(11, 3);False;1;184
;(9, 6);MoveWest;(11, 3);False;1;185
;(9, 6);MoveWest;(11, 3);False;1;186
;(9, 6);MoveWest;(11, 3);False;1;187
MoveEast;(10, 6);MoveWest;(11, 3);False;1;188
;(10, 6);MoveWest;(10, 3);False;1;189
;(10, 6);MoveWest;(10, 3);False;1;190
;(10, 6);MoveWest;(10, 3);False;1;191
;(10, 6);MoveWest;(10, 3);False;1;192
MoveWest;(9, 6);MoveWest;(10, 3);False;1;193
;(9, 6);MoveWest;(10, 3);False;1;194
;(9, 6);MoveWest;(10, 3);False;1;195
;(9, 6);MoveWest;(10, 3);False;1;196
;(9, 6);MoveWest;(10, 3);False;1;197
;(9, 6);MoveWest;(10, 3);False;1;198
;(9, 6);MoveWest;(10, 3);False;1;199
;(9, 6);MoveWest;(9, 3);False;1;200
;(9, 6);;(9, 3);False;1;201
;(9, 6);Idle;(9, 3);False;1;202
;(9, 6);Idle;(9, 3);False;1;203
;(9, 6);Idle;(9, 3);False;1;204
;(9, 6);Idle;(9, 3);False;1;205
GrabObject;(9, 6);Idle;(9, 3);False;1;206
;(9, 6);Idle;(9, 3);False;1;207
;(9, 6);Idle;(9, 3);False;1;208
;(9, 6);Idle;(9, 3);False;1;209
;(9, 6);Idle;(9, 3);False;1;210
;(9, 6);Idle;(9, 3);False;1;211
;(9, 6);Idle;(9, 3);False;1;212
;(9, 6);Idle;(9, 3);False;1;213
;(9, 6);Idle;(9, 3);False;1;214
;(9, 6);Idle;(9, 3);False;1;215
MoveWest;(8, 6);Idle;(9, 3);False;1;216
;(8, 6);Idle;(9, 3);False;1;217
;(8, 6);Idle;(9, 3);False;1;218
;(8, 6);Idle;(9, 3);False;1;219
;(8, 6);Idle;(9, 3);False;1;220
MoveWest;(7, 6);Idle;(9, 3);False;1;221
;(7, 6);Idle;(9, 3);False;1;222
;(7, 6);Idle;(9, 3);False;1;223
;(7, 6);Idle;(9, 3);False;1;224
MoveWest;(6, 6);Idle;(9, 3);False;1;225
;(6, 6);Idle;(9, 3);False;1;226
;(6, 6);Idle;(9, 3);False;1;227
MoveWest;(5, 6);Idle;(9, 3);False;1;228
;(5, 6);Idle;(9, 3);False;1;229
;(5, 6);Idle;(9, 3);False;1;230
;(5, 6);Idle;(9, 3);False;1;231
;(5, 6);Idle;(9, 3);False;1;232
;(5, 6);Idle;(9, 3);False;1;233
;(5, 6);Idle;(9, 3);False;1;234
;(5, 6);Idle;(9, 3);False;1;235
;(5, 6);Idle;(9, 3);False;1;236
;(5, 6);Idle;(9, 3);False;1;237
;(5, 6);Idle;(9, 3);False;1;238
MoveWest;(4, 6);Idle;(9, 3);False;1;239
;(4, 6);Idle;(9, 3);False;1;240
;(4, 6);Idle;(9, 3);False;1;241
;(4, 6);Idle;(9, 3);False;1;242
;(4, 6);Idle;(9, 3);False;1;243
;(4, 6);Idle;(9, 3);False;1;244
DropObject;(4, 6);Idle;(9, 3);False;1;245
;(4, 6);Idle;(9, 3);False;1;246
;(4, 6);Idle;(9, 3);False;1;247
;(4, 6);Idle;(9, 3);False;1;248
;(4, 6);Idle;(9, 3);False;1;249
;(4, 6);Idle;(9, 3);False;1;250
;(4, 6);Idle;(9, 3);False;1;251
;(4, 6);Idle;(9, 3);False;1;252
;(4, 6);Idle;(9, 3);False;1;253
MoveEast;(5, 6);Idle;(9, 3);False;1;254
;(5, 6);Idle;(9, 3);False;1;255
;(5, 6);Idle;(9, 3);False;1;256
;(5, 6);;(9, 3);False;1;257
;(5, 6);MoveWest;(9, 3);False;1;258
;(5, 6);MoveWest;(9, 3);False;1;259
MoveEast;(6, 6);MoveWest;(9, 3);False;1;260
;(6, 6);MoveWest;(9, 3);False;1;261
;(6, 6);MoveWest;(9, 3);False;1;262
;(6, 6);MoveWest;(9, 3);False;1;263
;(6, 6);MoveWest;(9, 3);False;1;264
;(6, 6);MoveWest;(9, 3);False;1;265
;(6, 6);MoveWest;(9, 3);False;1;266
;(6, 6);MoveWest;(9, 3);False;1;267
;(6, 6);MoveWest;(8, 3);False;1;268
MoveEast;(7, 6);MoveWest;(8, 3);False;1;269
;(7, 6);MoveWest;(8, 3);False;1;270
;(7, 6);MoveWest;(8, 3);False;1;271
;(7, 6);MoveWest;(8, 3);False;1;272
;(7, 6);MoveWest;(8, 3);False;1;273
;(7, 6);MoveWest;(8, 3);False;1;274
;(7, 6);MoveWest;(8, 3);False;1;275
;(7, 6);MoveWest;(8, 3);False;1;276
MoveEast;(8, 6);MoveWest;(8, 3);False;1;277
;(8, 6);MoveWest;(8, 3);False;1;278
;(8, 6);MoveWest;(7, 3);False;1;279
;(8, 6);MoveWest;(7, 3);False;1;280
;(8, 6);MoveWest;(7, 3);False;1;281
;(8, 6);MoveWest;(7, 3);False;1;282
;(8, 6);MoveWest;(7, 3);False;1;283
;(8, 6);MoveWest;(7, 3);False;1;284
;(8, 6);MoveWest;(7, 3);False;1;285
;(8, 6);MoveWest;(7, 3);False;1;286
MoveSouth;(8, 7);MoveWest;(7, 3);False;1;287
;(8, 7);MoveWest;(7, 3);False;1;288
;(8, 7);MoveWest;(7, 3);False;1;289
;(8, 7);MoveWest;(6, 3);False;1;290
;(8, 7);MoveWest;(6, 3);False;1;291
;(8, 7);MoveWest;(6, 3);False;1;292
;(8, 7);MoveWest;(6, 3);False;1;293
MoveEast;(9, 7);MoveWest;(6, 3);False;1;294
;(9, 7);MoveWest;(6, 3);False;1;295
;(9, 7);MoveWest;(6, 3);False;1;296
;(9, 7);MoveWest;(6, 3);False;1;297
;(9, 7);MoveWest;(6, 3);False;1;298
;(9, 7);MoveWest;(6, 3);False;1;299
;(9, 7);MoveWest;(6, 3);False;1;300
;(9, 7);MoveWest;(5, 3);False;1;301
;(9, 7);MoveWest;(5, 3);False;1;302
;(9, 7);MoveWest;(5, 3);False;1;303
GrabObject;(9, 7);MoveWest;(5, 3);False;1;304
;(9, 7);MoveWest;(5, 3);False;1;305
;(9, 7);MoveWest;(5, 3);False;1;306
;(9, 7);MoveWest;(5, 3);False;1;307
;(9, 7);MoveWest;(5, 3);False;1;308
;(9, 7);MoveWest;(5, 3);False;1;309
MoveWest;(8, 7);MoveWest;(5, 3);False;1;310
;(8, 7);MoveWest;(5, 3);False;1;311
;(8, 7);MoveWest;(4, 3);False;1;312
;(8, 7);MoveNorthWest;(4, 3);False;1;313
MoveWest;(7, 7);MoveNorthWest;(4, 3);False;1;314
;(7, 7);MoveNorthWest;(4, 3);False;1;315
;(7, 7);MoveNorthWest;(4, 3);False;1;316
;(7, 7);MoveNorthWest;(4, 3);False;1;317
;(7, 7);MoveNorthWest;(4, 3);False;1;318
MoveWest;(6, 7);MoveNorthWest;(4, 3);False;1;319
;(6, 7);MoveNorthWest;(4, 3);False;1;320
;(6, 7);MoveNorthWest;(4, 3);False;1;321
MoveWest;(5, 7);MoveNorthWest;(4, 3);False;1;322
;(5, 7);MoveNorthWest;(3, 2);False;1;323
;(5, 7);MoveWest;(3, 2);False;1;324
;(5, 7);MoveWest;(3, 2);False;1;325
MoveWest;(4, 7);MoveWest;(3, 2);False;1;326
;(4, 7);MoveWest;(3, 2);False;1;327
;(4, 7);MoveWest;(3, 2);False;1;328
;(4, 7);MoveWest;(3, 2);False;1;329
MoveWest;(3, 7);MoveWest;(3, 2);False;1;330
;(3, 7);MoveWest;(3, 2);False;1;331
;(3, 7);MoveWest;(3, 2);False;1;332
;(3, 7);MoveWest;(3, 2);False;1;333
;(3, 7);MoveWest;(2, 2);False;1;334
;(3, 7);MoveNorthWest;(2, 2);False;1;335
;(3, 7);MoveNorthWest;(2, 2);False;1;336
;(3, 7);MoveNorthWest;(2, 2);False;1;337
GrabObject;(3, 7);MoveNorthWest;(2, 2);False;1;338
;(3, 7);MoveNorthWest;(2, 2);False;1;339
;(3, 7);MoveNorthWest;(2, 2);False;1;340
;(3, 7);MoveNorthWest;(2, 2);False;1;341
;(3, 7);MoveNorthWest;(2, 2);False;1;342
;(3, 7);MoveNorthWest;(2, 2);False;1;343
;(3, 7);MoveNorthWest;(2, 2);False;1;344
;(3, 7);MoveNorthWest;(1, 1);False;1;345
;(3, 7);MoveWest;(1, 1);False;1;346
;(3, 7);MoveWest;(1, 1);False;1;347
;(3, 7);MoveWest;(1, 1);False;1;348
;(3, 7);MoveWest;(1, 1);False;1;349
;(3, 7);MoveWest;(1, 1);False;1;350
;(3, 7);MoveWest;(1, 1);False;1;351
;(3, 7);MoveWest;(1, 1);False;1;352
;(3, 7);MoveWest;(1, 1);False;1;353
;(3, 7);MoveWest;(1, 1);False;1;354
;(3, 7);MoveWest;(1, 1);False;1;355
DropObject;(3, 7);MoveWest;(0, 1);False;1;356
;(3, 7);DropObject;(0, 1);False;1;357
;(3, 7);DropObject;(0, 1);False;1;358
;(3, 7);DropObject;(0, 1);False;1;359
;(3, 7);DropObject;(0, 1);False;1;360
;(3, 7);DropObject;(0, 1);False;1;361
;(3, 7);DropObject;(0, 1);False;1;362
MoveEast;(4, 7);DropObject;(0, 1);False;1;363
;(4, 7);DropObject;(0, 1);False;1;364
;(4, 7);DropObject;(0, 1);False;1;365
;(4, 7);DropObject;(0, 1);False;1;366
;(4, 7);DropObject;(0, 1);False;1;367
;(4, 7);;(0, 1);False;1;368
;(4, 7);Idle;(0, 1);False;1;369
;(4, 7);Idle;(0, 1);False;1;370
;(4, 7);Idle;(0, 1);False;1;371
MoveEast;(5, 7);Idle;(0, 1);False;1;372
;(5, 7);Idle;(0, 1);False;1;373
MoveEast;(6, 7);Idle;(0, 1);False;1;374
;(6, 7);Idle;(0, 1);False;1;375
MoveEast;(7, 7);Idle;(0, 1);False;1;376
MoveEast;(8, 7);Idle;(0, 1);False;1;377
;(8, 7);Idle;(0, 1);False;1;378
MoveEast;(9, 7);Idle;(0, 1);False;1;379
;(9, 7);Idle;(0, 1);False;1;380
MoveEast;(10, 7);Idle;(0, 1);False;1;381
;(10, 7);Idle;(0, 1);False;1;382
;(10, 7);Idle;(0, 1);False;1;383
;(10, 7);Idle;(0, 1);False;1;384
;(10, 7);Idle;(0, 1);False;1;385
MoveSouth;(10, 8);Idle;(0, 1);False;1;386
;(10, 8);Idle;(0, 1);False;1;387
;(10, 8);Idle;(0, 1);False;1;388
;(10, 8);Idle;(0, 1);False;1;389
;(10, 8);Idle;(0, 1);False;1;390
;(10, 8);Idle;(0, 1);False;1;391
;(10, 8);Idle;(0, 1);False;1;392
;(10, 8);Idle;(0, 1);False;1;393
;(10, 8);Idle;(0, 1);False;1;394
;(10, 8);Idle;(0, 1);False;1;395
;(10, 8);Idle;(0, 1);False;1;396
MoveWest;(9, 8);Idle;(0, 1);False;1;397
;(9, 8);Idle;(0, 1);False;1;398
;(9, 8);Idle;(0, 1);False;1;399
;(9, 8);Idle;(0, 1);False;1;400
;(9, 8);Idle;(0, 1);False;1;401
;(9, 8);Idle;(0, 1);False;1;402
;(9, 8);Idle;(0, 1);False;1;403
;(9, 8);Idle;(0, 1);False;1;404
;(9, 8);Idle;(0, 1);False;1;405
MoveSouth;(9, 9);Idle;(0, 1);False;1;406
;(9, 9);Idle;(0, 1);False;1;407
;(9, 9);Idle;(0, 1);False;1;408
;(9, 9);Idle;(0, 1);False;1;409
;(9, 9);Idle;(0, 1);False;1;410
;(9, 9);Idle;(0, 1);False;1;411
;(9, 9);Idle;(0, 1);False;1;412
;(9, 9);Idle;(0, 1);False;1;413
;(9, 9);Idle;(0, 1);False;1;414
;(9, 9);Idle;(0, 1);False;1;415
;(9, 9);Idle;(0, 1);False;1;416
;(9, 9);Idle;(0, 1);False;1;417
DropObject;(9, 9);Idle;(0, 1);False;1;418
;(9, 9);Idle;(0, 1);False;1;419
;(9, 9);Idle;(0, 1);False;1;420
;(9, 9);Idle;(0, 1);False;1;421
;(9, 9);Idle;(0, 1);False;1;422
;(9, 9);Idle;(0, 1);False;1;423
;(9, 9);;(0, 1);False;1;424
;(9, 9);MoveEast;(0, 1);False;1;425
;(9, 9);MoveEast;(0, 1);False;1;426
;(9, 9);MoveEast;(0, 1);False;1;427
;(9, 9);MoveEast;(0, 1);False;1;428
;(9, 9);MoveEast;(0, 1);False;1;429
;(9, 9);MoveEast;(0, 1);False;1;430
;(9, 9);MoveEast;(0, 1);False;1;431
;(9, 9);MoveEast;(0, 1);False;1;432
GrabObject;(9, 9);MoveEast;(0, 1);False;1;433
;(9, 9);MoveEast;(0, 1);False;1;434
;(9, 9);MoveEast;(1, 1);False;1;435
;(9, 9);MoveEast;(1, 1);False;1;436
;(9, 9);MoveEast;(1, 1);False;1;437
;(9, 9);MoveEast;(1, 1);False;1;438
;(9, 9);MoveEast;(1, 1);False;1;439
;(9, 9);MoveEast;(1, 1);False;1;440
;(9, 9);MoveEast;(1, 1);False;1;441
;(9, 9);MoveEast;(1, 1);False;1;442
;(9, 9);MoveEast;(1, 1);False;1;443
;(9, 9);MoveEast;(1, 1);False;1;444
;(9, 9);MoveEast;(1, 1);False;1;445
;(9, 9);MoveEast;(2, 1);False;1;446
;(9, 9);MoveWest;(2, 1);False;1;447
MoveWest;(8, 9);MoveWest;(2, 1);False;1;448
;(8, 9);MoveWest;(2, 1);False;1;449
;(8, 9);MoveWest;(2, 1);False;1;450
MoveWest;(7, 9);MoveWest;(2, 1);False;1;451
;(7, 9);MoveWest;(2, 1);False;1;452
;(7, 9);MoveWest;(2, 1);False;1;453
;(7, 9);MoveWest;(2, 1);False;1;454
;(7, 9);MoveWest;(2, 1);False;1;455
;(7, 9);MoveWest;(2, 1);False;1;456
;(7, 9);MoveWest;(1, 1);False;1;457
;(7, 9);MoveWest;(1, 1);False;1;458
;(7, 9);MoveWest;(1, 1);False;1;459
;(7, 9);MoveWest;(1, 1);False;1;460
MoveWest;(6, 9);MoveWest;(1, 1);False;1;461
;(6, 9);MoveWest;(1, 1);False;1;462
;(6, 9);MoveWest;(1, 1);False;1;463
;(6, 9);MoveWest;(1, 1);False;1;464
;(6, 9);MoveWest;(1, 1);False;1;465
;(6, 9);MoveWest;(1, 1);False;1;466
;(6, 9);MoveWest;(1, 1);False;1;467
MoveNorth;(6, 8);MoveWest;(0, 1);False;1;468
;(6, 8);MoveEast;(0, 1);False;1;469
;(6, 8);MoveEast;(0, 1);False;1;470
;(6, 8);MoveEast;(0, 1);False;1;471
;(6, 8);MoveEast;(0, 1);False;1;472
;(6, 8);MoveEast;(0, 1);False;1;473
;(6, 8);MoveEast;(0, 1);False;1;474
;(6, 8);MoveEast;(0, 1);False;1;475
;(6, 8);MoveEast;(0, 1);False;1;476
MoveNorth;(6, 7);MoveEast;(0, 1);False;1;477
;(6, 7);MoveEast;(0, 1);False;1;478
;(6, 7);MoveEast;(1, 1);False;1;479
MoveWest;(5, 7);MoveEast;(1, 1);False;1;480
;(5, 7);MoveEast;(1, 1);False;1;481
;(5, 7);MoveEast;(1, 1);False;1;482
;(5, 7);MoveEast;(1, 1);False;1;483
;(5, 7);MoveEast;(1, 1);False;1;484
;(5, 7);MoveEast;(1, 1);False;1;485
;(5, 7);MoveEast;(1, 1);False;1;486
;(5, 7);MoveEast;(1, 1);False;1;487
;(5, 7);MoveEast;(1, 1);False;1;488
;(5, 7);MoveEast;(1, 1);False;1;489
;(5, 7);MoveEast;(2, 1);False;1;490
;(5, 7);MoveWest;(2, 1);False;1;491
MoveWest;(4, 7);MoveWest;(2, 1);False;1;492
;(4, 7);MoveWest;(2, 1);False;1;493
;(4, 7);MoveWest;(2, 1);False;1;494
;(4, 7);MoveWest;(2, 1);False;1;495
;(4, 7);MoveWest;(2, 1);False;1;496
;(4, 7);MoveWest;(2, 1);False;1;497
;(4, 7);MoveWest;(2, 1);False;1;498
;(4, 7);MoveWest;(2, 1);False;1;499
DropObject;(4, 7);MoveWest;(2, 1);False;1;500
;(4, 7);MoveWest;(1, 1);False;1;501
;(4, 7);MoveWest;(1, 1);False;1;502
;(4, 7);MoveWest;(1, 1);False;1;503
;(4, 7);MoveWest;(1, 1);False;1;504
;(4, 7);MoveWest;(1, 1);False;1;505
;(4, 7);MoveWest;(1, 1);False;1;506
;(4, 7);MoveWest;(1, 1);False;1;507
;(4, 7);MoveWest;(1, 1);False;1;508
MoveEast;(5, 7);MoveWest;(1, 1);False;1;509
;(5, 7);MoveWest;(1, 1);False;1;510
;(5, 7);MoveWest;(1, 1);False;1;511
;(5, 7);MoveWest;(0, 1);False;1;512
;(5, 7);MoveEast;(0, 1);False;1;513
;(5, 7);MoveEast;(0, 1);False;1;514
;(5, 7);MoveEast;(0, 1);False;1;515
MoveEast;(6, 7);MoveEast;(0, 1);False;1;516
;(6, 7);MoveEast;(0, 1);False;1;517
;(6, 7);MoveEast;(0, 1);False;1;518
;(6, 7);MoveEast;(0, 1);False;1;519
;(6, 7);MoveEast;(0, 1);False;1;520
MoveEast;(7, 7);MoveEast;(0, 1);False;1;521
;(7, 7);MoveEast;(0, 1);False;1;522
;(7, 7);MoveEast;(1, 1);False;1;523
;(7, 7);MoveEast;(1, 1);False;1;524
;(7, 7);MoveEast;(1, 1);False;1;525
;(7, 7);MoveEast;(1, 1);False;1;526
;(7, 7);MoveEast;(1, 1);False;1;527
;(7, 7);MoveEast;(1, 1);False;1;528
;(7, 7);MoveEast;(1, 1);False;1;529
;(7, 7);MoveEast;(1, 1);False;1;530
;(7, 7);MoveEast;(1, 1);False;1;531
;(7, 7);MoveEast;(1, 1);False;1;532
;(7, 7);MoveEast;(1, 1);False;1;533
MoveSouth;(7, 8);MoveEast;(2, 1);False;1;534
;(7, 8);MoveWest;(2, 1);False;1;535
;(7, 8);MoveWest;(2, 1);False;1;536
;(7, 8);MoveWest;(2, 1);False;1;537
;(7, 8);MoveWest;(2, 1);False;1;538
;(7, 8);MoveWest;(2, 1);False;1;539
MoveSouth;(7, 9);MoveWest;(2, 1);False;1;540
;(7, 9);MoveWest;(2, 1);False;1;541
;(7, 9);MoveWest;(2, 1);False;1;542
;(7, 9);MoveWest;(2, 1);False;1;543
;(7, 9);MoveWest;(2, 1);False;1;544
;(7, 9);MoveWest;(1, 1);False;1;545
;(7, 9);MoveWest;(1, 1);False;1;546
;(7, 9);MoveWest;(1, 1);False;1;547
;(7, 9);MoveWest;(1, 1);False;1;548
;(7, 9);MoveWest;(1, 1);False;1;549
;(7, 9);MoveWest;(1, 1);False;1;550
;(7, 9);MoveWest;(1, 1);False;1;551
MoveSouth;(7, 10);MoveWest;(1, 1);False;1;552
;(7, 10);MoveWest;(1, 1);False;1;553
;(7, 10);MoveWest;(1, 1);False;1;554
;(7, 10);MoveWest;(1, 1);False;1;555
;(7, 10);MoveWest;(0, 1);False;1;556
;(7, 10);;(0, 1);False;1;557
;(7, 10);;(0, 1);False;1;558
MoveEast;(8, 10);MoveEast;(0, 1);False;1;559
;(8, 10);MoveEast;(0, 1);False;1;560
;(8, 10);MoveEast;(0, 1);False;1;561
;(8, 10);MoveEast;(0, 1);False;1;562
;(8, 10);MoveEast;(0, 1);False;1;563
;(8, 10);MoveEast;(0, 1);False;1;564
;(8, 10);MoveEast;(0, 1);False;1;565
;(8, 10);MoveEast;(0, 1);False;1;566
;(8, 10);MoveEast;(0, 1);False;1;567
MoveEast;(9, 10);MoveEast;(0, 1);False;1;568
;(9, 10);MoveEast;(1, 1);False;1;569
;(9, 10);MoveEast;(1, 1);False;1;570
;(9, 10);MoveEast;(1, 1);False;1;571
;(9, 10);MoveEast;(1, 1);False;1;572
;(9, 10);MoveEast;(1, 1);False;1;573
;(9, 10);MoveEast;(1, 1);False;1;574
;(9, 10);MoveEast;(1, 1);False;1;575
;(9, 10);MoveEast;(1, 1);False;1;576
;(9, 10);MoveEast;(1, 1);False;1;577
;(9, 10);MoveEast;(1, 1);False;1;578
;(9, 10);MoveEast;(1, 1);False;1;579
;(9, 10);MoveEast;(2, 1);False;1;580
;(9, 10);MoveWest;(2, 1);False;1;581
;(9, 10);MoveWest;(2, 1);False;1;582
MoveEast;(10, 10);MoveWest;(2, 1);False;1;583
;(10, 10);MoveWest;(2, 1);False;1;584
;(10, 10);MoveWest;(2, 1);False;1;585
;(10, 10);MoveWest;(2, 1);False;1;586
;(10, 10);MoveWest;(2, 1);False;1;587
;(10, 10);MoveWest;(2, 1);False;1;588
;(10, 10);MoveWest;(2, 1);False;1;589
;(10, 10);MoveWest;(2, 1);False;1;590
;(10, 10);MoveWest;(1, 1);False;1;591
;(10, 10);MoveWest;(1, 1);False;1;592
GrabObject;(10, 10);MoveWest;(1, 1);False;1;593
;(10, 10);MoveWest;(1, 1);False;1;594
;(10, 10);MoveWest;(1, 1);False;1;595
;(10, 10);MoveWest;(1, 1);False;1;596
;(10, 10);MoveWest;(1, 1);False;1;597
;(10, 10);MoveWest;(1, 1);False;1;598
;(10, 10);MoveWest;(1, 1);False;1;599
;(10, 10);MoveWest;(1, 1);False;1;600
;(10, 10);MoveWest;(1, 1);False;1;601
MoveWest;(9, 10);MoveWest;(0, 1);False;1;602
;(9, 10);MoveEast;(0, 1);False;1;603
;(9, 10);MoveEast;(0, 1);False;1;604
;(9, 10);MoveEast;(0, 1);False;1;605
;(9, 10);MoveEast;(0, 1);False;1;606
MoveWest;(8, 10);MoveEast;(0, 1);False;1;607
;(8, 10);MoveEast;(0, 1);False;1;608
;(8, 10);MoveEast;(0, 1);False;1;609
MoveWest;(7, 10);MoveEast;(0, 1);False;1;610
;(7, 10);MoveEast;(0, 1);False;1;611
;(7, 10);MoveEast;(0, 1);False;1;612
;(7, 10);MoveEast;(1, 1);False;1;613
MoveWest;(6, 10);MoveEast;(1, 1);False;1;614
;(6, 10);MoveEast;(1, 1);False;1;615
;(6, 10);MoveEast;(1, 1);False;1;616
;(6, 10);MoveEast;(1, 1);False;1;617
;(6, 10);MoveEast;(1, 1);False;1;618
;(6, 10);MoveEast;(1, 1);False;1;619
;(6, 10);MoveEast;(1, 1);False;1;620
;(6, 10);MoveEast;(1, 1);False;1;621
MoveWest;(5, 10);MoveEast;(1, 1);False;1;622
;(5, 10);MoveEast;(1, 1);False;1;623
;(5, 10);MoveEast;(2, 1);False;1;624
;(5, 10);MoveWest;(2, 1);False;1;625
MoveWest;(4, 10);MoveWest;(2, 1);False;1;626
;(4, 10);MoveWest;(2, 1);False;1;627
MoveWest;(3, 10);MoveWest;(2, 1);False;1;628
;(3, 10);MoveWest;(2, 1);False;1;629
;(3, 10);MoveWest;(2, 1);False;1;630
;(3, 10);MoveWest;(2, 1);False;1;631
;(3, 10);MoveWest;(2, 1);False;1;632
;(3, 10);MoveWest;(2, 1);False;1;633
MoveWest;(2, 10);MoveWest;(2, 1);False;1;634
;(2, 10);MoveWest;(1, 1);False;1;635
;(2, 10);MoveWest;(1, 1);False;1;636
;(2, 10);MoveWest;(1, 1);False;1;637
;(2, 10);MoveWest;(1, 1);False;1;638
;(2, 10);MoveWest;(1, 1);False;1;639
;(2, 10);MoveWest;(1, 1);False;1;640
;(2, 10);MoveWest;(1, 1);False;1;641
;(2, 10);MoveWest;(1, 1);False;1;642
;(2, 10);MoveWest;(1, 1);False;1;643
;(2, 10);MoveWest;(1, 1);False;1;644
;(2, 10);MoveWest;(1, 1);False;1;645
;(2, 10);MoveWest;(0, 1);False;1;646
;(2, 10);MoveEast;(0, 1);False;1;647
;(2, 10);MoveEast;(0, 1);False;1;648
MoveNorth;(2, 9);MoveEast;(0, 1);False;1;649
;(2, 9);MoveEast;(0, 1);False;1;650
;(2, 9);MoveEast;(0, 1);False;1;651
;(2, 9);MoveEast;(0, 1);False;1;652
;(2, 9);MoveEast;(0, 1);False;1;653
;(2, 9);MoveEast;(0, 1);False;1;654
;(2, 9);MoveEast;(0, 1);False;1;655
;(2, 9);MoveEast;(0, 1);False;1;656
;(2, 9);MoveEast;(1, 1);False;1;657
;(2, 9);MoveEast;(1, 1);False;1;658
;(2, 9);MoveEast;(1, 1);False;1;659
MoveWest;(1, 9);MoveEast;(1, 1);False;1;660
;(1, 9);MoveEast;(1, 1);False;1;661
;(1, 9);MoveEast;(1, 1);False;1;662
;(1, 9);MoveEast;(1, 1);False;1;663
;(1, 9);MoveEast;(1, 1);False;1;664
;(1, 9);MoveEast;(1, 1);False;1;665
;(1, 9);MoveEast;(1, 1);False;1;666
DropObject;(1, 9);MoveEast;(1, 1);False;1;667
;(1, 9);MoveEast;(2, 1);False;1;668
;(1, 9);MoveWest;(2, 1);False;1;669
;(1, 9);MoveWest;(2, 1);False;1;670
;(1, 9);MoveWest;(2, 1);False;1;671
;(1, 9);MoveWest;(2, 1);False;1;672
;(1, 9);MoveWest;(2, 1);False;1;673
;(1, 9);MoveWest;(2, 1);False;1;674
;(1, 9);MoveWest;(2, 1);False;1;675
;(1, 9);MoveWest;(2, 1);False;1;676
;(1, 9);MoveWest;(2, 1);False;1;677
;(1, 9);MoveWest;(2, 1);False;1;678
MoveEast;(2, 9);MoveWest;(1, 1);False;1;679
;(2, 9);MoveWest;(1, 1);False;1;680
MoveNorth;(2, 8);MoveWest;(1, 1);False;1;681
;(2, 8);MoveWest;(1, 1);False;1;682
;(2, 8);MoveWest;(1, 1);False;1;683
;(2, 8);MoveWest;(1, 1);False;1;684
;(2, 8);MoveWest;(1, 1);False;1;685
;(2, 8);MoveWest;(1, 1);False;1;686
;(2, 8);MoveWest;(1, 1);False;1;687
;(2, 8);MoveWest;(1, 1);False;1;688
;(2, 8);MoveWest;(1, 1);False;1;689
MoveNorth;(2, 7);MoveWest;(0, 1);False;1;690
;(2, 7);;(0, 1);False;1;691
;(2, 7);Idle;(0, 1);False;1;692
;(2, 7);Idle;(0, 1);False;1;693
MoveNorth;(2, 6);Idle;(0, 1);False;1;694
;(2, 6);Idle;(0, 1);False;1;695
;(2, 6);Idle;(0, 1);False;1;696
;(2, 6);Idle;(0, 1);False;1;697
;(2, 6);Idle;(0, 1);False;1;698
;(2, 6);Idle;(0, 1);False;1;699
;(2, 6);Idle;(0, 1);False;1;700
;(2, 6);Idle;(0, 1);False;1;701
;(2, 6);Idle;(0, 1);False;1;702
;(2, 6);Idle;(0, 1);False;1;703
;(2, 6);Idle;(0, 1);False;1;704
;(2, 6);Idle;(0, 1);False;1;705
MoveNorth;(2, 5);Idle;(0, 1);False;1;706
;(2, 5);Idle;(0, 1);False;1;707
;(2, 5);Idle;(0, 1);False;1;708
MoveEast;(3, 5);Idle;(0, 1);False;1;709
;(3, 5);Idle;(0, 1);False;1;710
;(3, 5);Idle;(0, 1);False;1;711
;(3, 5);Idle;(0, 1);False;1;712
;(3, 5);Idle;(0, 1);False;1;713
;(3, 5);Idle;(0, 1);False;1;714
;(3, 5);Idle;(0, 1);False;1;715
;(3, 5);Idle;(0, 1);False;1;716
;(3, 5);Idle;(0, 1);False;1;717
;(3, 5);Idle;(0, 1);False;1;718
MoveEast;(4, 5);Idle;(0, 1);False;1;719
;(4, 5);Idle;(0, 1);False;1;720
;(4, 5);Idle;(0, 1);False;1;721
MoveEast;(5, 5);Idle;(0, 1);False;1;722
MoveEast;(6, 5);Idle;(0, 1);False;1;723
MoveEast;(7, 5);Idle;(0, 1);False;1;724
;(7, 5);Idle;(0, 1);False;1;725
;(7, 5);Idle;(0, 1);False;1;726
;(7, 5);Idle;(0, 1);False;1;727
MoveEast;(8, 5);Idle;(0, 1);False;1;728
;(8, 5);Idle;(0, 1);False;1;729
;(8, 5);Idle;(0, 1);False;1;730
MoveEast;(9, 5);Idle;(0, 1);False;1;731
;(9, 5);Idle;(0, 1);False;1;732
;(9, 5);Idle;(0, 1);False;1;733
MoveEast;(10, 5);Idle;(0, 1);False;1;734
;(10, 5);Idle;(0, 1);False;1;735
;(10, 5);Idle;(0, 1);False;1;736
;(10, 5);Idle;(0, 1);False;1;737
;(10, 5);Idle;(0, 1);False;1;738
;(10, 5);Idle;(0, 1);False;1;739
;(10, 5);Idle;(0, 1);False;1;740
MoveEast;(11, 5);Idle;(0, 1);False;1;741
;(11, 5);Idle;(0, 1);False;1;742
;(11, 5);Idle;(0, 1);False;1;743
;(11, 5);Idle;(0, 1);False;1;744
;(11, 5);Idle;(0, 1);False;1;745
;(11, 5);Idle;(0, 1);False;1;746
;(11, 5);;(0, 1);False;1;747
;(11, 5);MoveEast;(0, 1);False;1;748
;(11, 5);MoveEast;(0, 1);False;1;749
;(11, 5);MoveEast;(0, 1);False;1;750
;(11, 5);MoveEast;(0, 1);False;1;751
;(11, 5);MoveEast;(0, 1);False;1;752
;(11, 5);MoveEast;(0, 1);False;1;753
MoveNorth;(11, 4);MoveEast;(0, 1);False;1;754
;(11, 4);MoveEast;(0, 1);False;1;755
;(11, 4);MoveEast;(0, 1);False;1;756
;(11, 4);MoveEast;(0, 1);False;1;757
;(11, 4);MoveEast;(1, 1);False;1;758
;(11, 4);MoveEast;(1, 1);False;1;759
;(11, 4);MoveEast;(1, 1);False;1;760
;(11, 4);MoveEast;(1, 1);False;1;761
;(11, 4);MoveEast;(1, 1);False;1;762
;(11, 4);MoveEast;(1, 1);False;1;763
;(11, 4);MoveEast;(1, 1);False;1;764
;(11, 4);MoveEast;(1, 1);False;1;765
;(11, 4);MoveEast;(1, 1);False;1;766
;(11, 4);MoveEast;(1, 1);False;1;767
;(11, 4);MoveEast;(1, 1);False;1;768
;(11, 4);MoveEast;(2, 1);False;1;769
;(11, 4);MoveEast;(2, 1);False;1;770
;(11, 4);MoveEast;(2, 1);False;1;771
;(11, 4);MoveEast;(2, 1);False;1;772
MoveNorth;(11, 3);MoveEast;(2, 1);False;1;773
;(11, 3);MoveEast;(2, 1);False;1;774
;(11, 3);MoveEast;(2, 1);False;1;775
;(11, 3);MoveEast;(2, 1);False;1;776
;(11, 3);MoveEast;(2, 1);False;1;777
;(11, 3);MoveEast;(2, 1);False;1;778
;(11, 3);MoveEast;(2, 1);False;1;779
;(11, 3);MoveEast;(3, 1);False;1;780
;(11, 3);MoveEast;(3, 1);False;1;781
;(11, 3);MoveEast;(3, 1);False;1;782
;(11, 3);MoveEast;(3, 1);False;1;783
MoveWest;(10, 3);MoveEast;(3, 1);False;1;784
;(10, 3);MoveEast;(3, 1);False;1;785
;(10, 3);MoveEast;(3, 1);False;1;786
;(10, 3);MoveEast;(3, 1);False;1;787
;(10, 3);MoveEast;(3, 1);False;1;788
;(10, 3);MoveEast;(3, 1);False;1;789
;(10, 3);MoveEast;(3, 1);False;1;790
;(10, 3);MoveEast;(4, 1);False;1;791
;(10, 3);MoveEast;(4, 1);False;1;792
;(10, 3);MoveEast;(4, 1);False;1;793
GrabObject;(10, 3);MoveEast;(4, 1);False;1;794
;(10, 3);MoveEast;(4, 1);False;1;795
;(10, 3);MoveEast;(4, 1);False;1;796
;(10, 3);MoveEast;(4, 1);False;1;797
;(10, 3);MoveEast;(4, 1);False;1;798
;(10, 3);MoveEast;(4, 1);False;1;799
;(10, 3);MoveEast;(4, 1);False;1;800
;(10, 3);MoveEast;(4, 1);False;1;801
;(10, 3);MoveEast;(5, 1);False;1;802
MoveWest;(9, 3);MoveEast;(5, 1);False;1;803
;(9, 3);MoveEast;(5, 1);False;1;804
;(9, 3);MoveEast;(5, 1);False;1;805
;(9, 3);MoveEast;(5, 1);False;1;806
;(9, 3);MoveEast;(5, 1);False;1;807
MoveWest;(8, 3);MoveEast;(5, 1);False;1;808
;(8, 3);MoveEast;(5, 1);False;1;809
;(8, 3);MoveEast;(5, 1);False;1;810
;(8, 3);MoveEast;(5, 1);False;1;811
MoveWest;(7, 3);MoveEast;(5, 1);False;1;812
;(7, 3);MoveEast;(6, 1);False;1;813
;(7, 3);MoveSouthEast;(6, 1);False;1;814
;(7, 3);MoveSouthEast;(6, 1);False;1;815
MoveWest;(6, 3);MoveSouthEast;(6, 1);False;1;816
;(6, 3);MoveSouthEast;(6, 1);False;1;817
;(6, 3);MoveSouthEast;(6, 1);False;1;818
;(6, 3);MoveSouthEast;(6, 1);False;1;819
MoveWest;(5, 3);MoveSouthEast;(6, 1);False;1;820
;(5, 3);MoveSouthEast;(6, 1);False;1;821
;(5, 3);MoveSouthEast;(6, 1);False;1;822
;(5, 3);MoveSouthEast;(6, 1);False;1;823
;(5, 3);MoveSouthEast;(7, 2);False;1;824
MoveWest;(4, 3);MoveSouthEast;(7, 2);False;1;825
;(4, 3);MoveSouthEast;(7, 2);False;1;826
;(4, 3);MoveSouthEast;(7, 2);False;1;827
;(4, 3);MoveSouthEast;(7, 2);False;1;828
;(4, 3);MoveSouthEast;(7, 2);False;1;829
;(4, 3);MoveSouthEast;(7, 2);False;1;830
;(4, 3);MoveSouthEast;(7, 2);False;1;831
;(4, 3);MoveSouthEast;(7, 2);False;1;832
;(4, 3);MoveSouthEast;(7, 2);False;1;833
;(4, 3);MoveSouthEast;(7, 2);False;1;834
;(4, 3);MoveSouthEast;(8, 3);False;1;835
;(4, 3);MoveEast;(8, 3);False;1;836
DropObject;(4, 3);MoveEast;(8, 3);False;1;837
;(4, 3);MoveEast;(8, 3);False;1;838
;(4, 3);MoveEast;(8, 3);False;1;839
;(4, 3);MoveEast;(8, 3);False;1;840
;(4, 3);MoveEast;(8, 3);False;1;841
;(4, 3);MoveEast;(8, 3);False;1;842
;(4, 3);MoveEast;(8, 3);False;1;843
;(4, 3);MoveEast;(8, 3);False;1;844
;(4, 3);MoveEast;(8, 3);False;1;845
;(4, 3);MoveEast;(9, 3);False;1;846
;(4, 3);MoveEast;(9, 3);False;1;847
;(4, 3);MoveEast;(9, 3);False;1;848
;(4, 3);MoveEast;(9, 3);False;1;849
;(4, 3);MoveEast;(9, 3);False;1;850
;(4, 3);MoveEast;(9, 3);False;1;851
;(4, 3);MoveEast;(9, 3);False;1;852
;(4, 3);MoveEast;(9, 3);False;1;853
;(4, 3);MoveEast;(9, 3);False;1;854
;(4, 3);MoveEast;(9, 3);False;1;855
;(4, 3);MoveEast;(9, 3);False;1;856
;(4, 3);MoveEast;(10, 3);False;1;857
;(4, 3);GrabObject;(10, 3);False;1;858
;(4, 3);GrabObject;(10, 3);False;1;859
;(4, 3);GrabObject;(10, 3);False;1;860
;(4, 3);GrabObject;(10, 3);False;1;861
;(4, 3);GrabObject;(10, 3);False;1;862
;(4, 3);GrabObject;(10, 3);False;1;863
;(4, 3);GrabObject;(10, 3);False;1;864
;(4, 3);GrabObject;(10, 3);False;1;865
;(4, 3);GrabObject;(10, 3);False;1;866
;(4, 3);GrabObject;(10, 3);False;1;867
;(4, 3);GrabObject;(10, 3);False;1;868
;(4, 3);;(10, 3);False;1;869
;(4, 3);MoveEast;(10, 3);False;1;870
;(4, 3);MoveEast;(10, 3);False;1;871
;(4, 3);MoveEast;(10, 3);False;1;872
;(4, 3);MoveEast;(10, 3);False;1;873
;(4, 3);MoveEast;(10, 3);False;1;874
;(4, 3);MoveEast;(10, 3);False;1;875
;(4, 3);MoveEast;(10, 3);False;1;876
;(4, 3);MoveEast;(10, 3);False;1;877
;(4, 3);MoveEast;(10, 3);False;1;878
;(4, 3);MoveEast;(10, 3);False;1;879
;(4, 3);MoveEast;(11, 3);False;1;880
MoveEast;(5, 3);MoveEast;(11, 3);False;1;881
;(5, 3);MoveEast;(11, 3);False;1;882
;(5, 3);MoveEast;(11, 3);False;1;883
;(5, 3);MoveEast;(11, 3);False;1;884
;(5, 3);MoveEast;(11, 3);False;1;885
MoveEast;(6, 3);MoveEast;(11, 3);False;1;886
;(6, 3);MoveEast;(11, 3);False;1;887
;(6, 3);MoveEast;(11, 3);False;1;888
;(6, 3);MoveEast;(11, 3);False;1;889
;(6, 3);MoveEast;(11, 3);False;1;890
;(6, 3);MoveEast;(12, 3);False;1;891
;(6, 3);MoveWest;(12, 3);False;1;892
;(6, 3);MoveWest;(12, 3);False;1;893
;(6, 3);MoveWest;(12, 3);False;1;894
;(6, 3);MoveWest;(12, 3);False;1;895
;(6, 3);MoveWest;(12, 3);False;1;896
;(6, 3);MoveWest;(12, 3);False;1;897
MoveSouth;(6, 4);MoveWest;(12, 3);False;1;898
;(6, 4);MoveWest;(12, 3);False;1;899
;(6, 4);MoveWest;(12, 3);False;1;900
;(6, 4);MoveWest;(12, 3);False;1;901
;(6, 4);MoveWest;(11, 3);False;1;902
MoveEast;(7, 4);MoveWest;(11, 3);False;1;903
;(7, 4);MoveWest;(11, 3);False;1;904
;(7, 4);MoveWest;(11, 3);False;1;905
;(7, 4);MoveWest;(11, 3);False;1;906
;(7, 4);MoveWest;(11, 3);False;1;907
;(7, 4);MoveWest;(11, 3);False;1;908
;(7, 4);MoveWest;(11, 3);False;1;909
;(7, 4);MoveWest;(11, 3);False;1;910
;(7, 4);MoveWest;(11, 3);False;1;911
;(7, 4);MoveWest;(11, 3);False;1;912
MoveEast;(8, 4);MoveWest;(10, 3);False;1;913
;(8, 4);MoveEast;(10, 3);False;1;914
MoveEast;(9, 4);MoveEast;(10, 3);False;1;915
;(9, 4);MoveEast;(10, 3);False;1;916
MoveEast;(10, 4);MoveEast;(10, 3);False;1;917
;(10, 4);MoveEast;(10, 3);False;1;918
MoveEast;(11, 4);MoveEast;(10, 3);False;1;919
;(11, 4);MoveEast;(10, 3);False;1;920
;(11, 4);MoveEast;(10, 3);False;1;921
;(11, 4);MoveEast;(10, 3);False;1;922
;(11, 4);MoveEast;(10, 3);False;1;923
;(11, 4);MoveEast;(11, 3);False;1;924
;(11, 4);MoveEast;(11, 3);False;1;925
;(11, 4);MoveEast;(11, 3);False;1;926
;(11, 4);MoveEast;(11, 3);False;1;927
;(11, 4);MoveEast;(11, 3);False;1;928
;(11, 4);MoveEast;(11, 3);False;1;929
MoveWest;(10, 4);MoveEast;(11, 3);False;1;930
;(10, 4);MoveEast;(11, 3);False;1;931
;(10, 4);MoveEast;(11, 3);False;1;932
;(10, 4);MoveEast;(11, 3);False;1;933
;(10, 4);MoveEast;(11, 3);False;1;934
;(10, 4);MoveEast;(12, 3);False;1;935
;(10, 4);MoveWest;(12, 3);False;1;936
;(10, 4);MoveWest;(12, 3);False;1;937
GrabObject;(10, 4);MoveWest;(12, 3);False;1;938
;(10, 4);MoveWest;(12, 3);False;1;939
;(10, 4);MoveWest;(12, 3);False;1;940
;(10, 4);MoveWest;(12, 3);False;1;941
;(10, 4);MoveWest;(12, 3);False;1;942
GrabObject;(10, 4);MoveWest;(12, 3);False;1;943
;(10, 4);MoveWest;(12, 3);False;1;944
;(10, 4);MoveWest;(12, 3);False;1;945
;(10, 4);MoveWest;(11, 3);False;1;946
;(10, 4);MoveWest;(11, 3);False;1;947
GrabObject;(10, 4);MoveWest;(11, 3);False;1;948
;(10, 4);MoveWest;(11, 3);False;1;949
;(10, 4);MoveWest;(11, 3);False;1;950
;(10, 4);MoveWest;(11, 3);False;1;951
;(10, 4);MoveWest;(11, 3);False;1;952
GrabObject;(10, 4);MoveWest;(11, 3);False;1;953
;(10, 4);MoveWest;(11, 3);False;1;954
;(10, 4);MoveWest;(11, 3);False;1;955
;(10, 4);MoveWest;(11, 3);False;1;956
GrabObject;(10, 4);MoveWest;(10, 3);False;1;957
;(10, 4);MoveEast;(10, 3);False;1;958
;(10, 4);MoveEast;(10, 3);False;1;959
;(10, 4);MoveEast;(10, 3);False;1;960
;(10, 4);MoveEast;(10, 3);False;1;961
;(10, 4);MoveEast;(10, 3);False;1;962
GrabObject;(10, 4);MoveEast;(10, 3);False;1;963
;(10, 4);MoveEast;(10, 3);False;1;964
;(10, 4);MoveEast;(10, 3);False;1;965
;(10, 4);MoveEast;(10, 3);False;1;966
GrabObject;(10, 4);MoveEast;(10, 3);False;1;967
;(10, 4);MoveEast;(11, 3);False;1;968
;(10, 4);MoveEast;(11, 3);False;1;969
;(10, 4);MoveEast;(11, 3);False;1;970
;(10, 4);MoveEast;(11, 3);False;1;971
;(10, 4);MoveEast;(11, 3);False;1;972
;(10, 4);MoveEast;(11, 3);False;1;973
GrabObject;(10, 4);MoveEast;(11, 3);False;1;974
;(10, 4);MoveEast;(11, 3);False;1;975
;(10, 4);MoveEast;(11, 3);False;1;976
;(10, 4);MoveEast;(11, 3);False;1;977
;(10, 4);MoveEast;(11, 3);False;1;978
;(10, 4);MoveEast;(12, 3);False;1;979
;(10, 4);MoveWest;(12, 3);False;1;980
GrabObject;(10, 4);MoveWest;(12, 3);False;1;981
;(10, 4);MoveWest;(12, 3);False;1;982
;(10, 4);MoveWest;(12, 3);False;1;983
;(10, 4);MoveWest;(12, 3);False;1;984
GrabObject;(10, 4);MoveWest;(12, 3);False;1;985
;(10, 4);MoveWest;(12, 3);False;1;986
;(10, 4);MoveWest;(12, 3);False;1;987
;(10, 4);MoveWest;(12, 3);False;1;988
;(10, 4);MoveWest;(12, 3);False;1;989
GrabObject;(10, 4);MoveWest;(11, 3);False;1;990
;(10, 4);MoveWest;(11, 3);False;1;991
;(10, 4);MoveWest;(11, 3);False;1;992
;(10, 4);MoveWest;(11, 3);False;1;993
;(10, 4);MoveWest;(11, 3);False;1;994
;(10, 4);MoveWest;(11, 3);False;1;995
GrabObject;(10, 4);MoveWest;(11, 3);False;1;996
;(10, 4);MoveWest;(11, 3);False;1;997
;(10, 4);MoveWest;(11, 3);False;1;998
;(10, 4);MoveWest;(11, 3);False;1;999
;(10, 4);MoveWest;(11, 3);False;1;1000
;(10, 4);MoveWest;(10, 3);False;1;1001
;(10, 4);;(10, 3);False;1;1002
GrabObject;(10, 4);Idle;(10, 3);False;1;1003
;(10, 4);Idle;(10, 3);False;1;1004
;(10, 4);Idle;(10, 3);False;1;1005
;(10, 4);Idle;(10, 3);False;1;1006
;(10, 4);Idle;(10, 3);False;1;1007
;(10, 4);Idle;(10, 3);False;1;1008
;(10, 4);Idle;(10, 3);False;1;1009
;(10, 4);Idle;(10, 3);False;1;1010
;(10, 4);Idle;(10, 3);False;1;1011
;(10, 4);Idle;(10, 3);False;1;1012
;(10, 4);Idle;(10, 3);False;1;1013
GrabObject;(10, 4);Idle;(10, 3);False;1;1014
;(10, 4);Idle;(10, 3);False;1;1015
;(10, 4);Idle;(10, 3);False;1;1016
;(10, 4);Idle;(10, 3);False;1;1017
;(10, 4);Idle;(10, 3);False;1;1018
;(10, 4);Idle;(10, 3);False;1;1019
;(10, 4);Idle;(10, 3);False;1;1020
;(10, 4);Idle;(10, 3);False;1;1021
;(10, 4);Idle;(10, 3);False;1;1022
;(10, 4);Idle;(10, 3);False;1;1023
;(10, 4);Idle;(10, 3);False;1;1024
;(10, 4);Idle;(10, 3);False;1;1025
;(10, 4);Idle;(10, 3);False;1;1026
GrabObject;(10, 4);Idle;(10, 3);False;1;1027
;(10, 4);Idle;(10, 3);False;1;1028
;(10, 4);Idle;(10, 3);False;1;1029
;(10, 4);Idle;(10, 3);False;1;1030
;(10, 4);Idle;(10, 3);False;1;1031
;(10, 4);Idle;(10, 3);False;1;1032
;(10, 4);Idle;(10, 3);False;1;1033
GrabObject;(10, 4);Idle;(10, 3);False;1;1034
;(10, 4);Idle;(10, 3);False;1;1035
;(10, 4);Idle;(10, 3);False;1;1036
;(10, 4);Idle;(10, 3);False;1;1037
;(10, 4);Idle;(10, 3);False;1;1038
;(10, 4);Idle;(10, 3);False;1;1039
;(10, 4);Idle;(10, 3);False;1;1040
GrabObject;(10, 4);Idle;(10, 3);False;1;1041
;(10, 4);Idle;(10, 3);False;1;1042
;(10, 4);Idle;(10, 3);False;1;1043
;(10, 4);Idle;(10, 3);False;1;1044
;(10, 4);Idle;(10, 3);False;1;1045
;(10, 4);Idle;(10, 3);False;1;1046
;(10, 4);Idle;(10, 3);False;1;1047
;(10, 4);Idle;(10, 3);False;1;1048
;(10, 4);Idle;(10, 3);False;1;1049
GrabObject;(10, 4);Idle;(10, 3);False;1;1050
;(10, 4);Idle;(10, 3);False;1;1051
;(10, 4);Idle;(10, 3);False;1;1052
;(10, 4);Idle;(10, 3);False;1;1053
;(10, 4);Idle;(10, 3);False;1;1054
;(10, 4);Idle;(10, 3);False;1;1055
;(10, 4);Idle;(10, 3);False;1;1056
;(10, 4);Idle;(10, 3);False;1;1057
GrabObject;(10, 4);;(10, 3);False;1;1058
;(10, 4);MoveSouthWest;(10, 3);False;1;1059
;(10, 4);MoveSouthWest;(10, 3);False;1;1060
;(10, 4);MoveSouthWest;(10, 3);False;1;1061
;(10, 4);MoveSouthWest;(10, 3);False;1;1062
;(10, 4);MoveSouthWest;(10, 3);False;1;1063
GrabObject;(10, 4);MoveSouthWest;(10, 3);False;1;1064
;(10, 4);MoveSouthWest;(10, 3);False;1;1065
;(10, 4);MoveSouthWest;(10, 3);False;1;1066
;(10, 4);MoveSouthWest;(10, 3);False;1;1067
;(10, 4);MoveSouthWest;(10, 3);False;1;1068
GrabObject;(10, 4);MoveSouthWest;(9, 4);False;1;1069
;(10, 4);GrabLargeObject;(9, 4);False;1;1070
;(10, 4);GrabLargeObject;(9, 4);False;1;1071
;(10, 4);GrabLargeObject;(9, 4);False;1;1072
;(10, 4);GrabLargeObject;(9, 4);False;1;1073
GrabObject;(10, 4);GrabLargeObject;(9, 4);False;1;1074
;(10, 4);GrabLargeObject;(9, 4);False;1;1075
;(10, 4);GrabLargeObject;(9, 4);False;1;1076
;(10, 4);GrabLargeObject;(9, 4);False;1;1077
;(10, 4);GrabLargeObject;(9, 4);False;1;1078
GrabObject;(10, 4);GrabLargeObject;(9, 4);False;1;1079
;(10, 4);GrabLargeObject;(9, 4);False;1;1080
;(10, 4);;(9, 4);False;1;1081
;(10, 4);Idle;(9, 4);False;1;1082
;(10, 4);Idle;(9, 4);False;1;1083
;(10, 4);Idle;(9, 4);False;1;1084
;(10, 4);Idle;(9, 4);False;1;1085
GrabObject;(10, 4);Idle;(9, 4);False;1;1086
;(10, 4);Idle;(9, 4);False;1;1087
;(10, 4);Idle;(9, 4);False;1;1088
;(10, 4);Idle;(9, 4);False;1;1089
;(10, 4);Idle;(9, 4);False;1;1090
GrabObject;(10, 4);Idle;(9, 4);False;1;1091
;(10, 4);Idle;(9, 4);False;1;1092
;(10, 4);Idle;(9, 4);False;1;1093
;(10, 4);Idle;(9, 4);False;1;1094
;(10, 4);Idle;(9, 4);False;1;1095
MoveWest;(9, 4);Idle;(9, 4);False;1;1096
;(9, 4);Idle;(9, 4);False;1;1097
;(9, 4);Idle;(9, 4);False;1;1098
;(9, 4);Idle;(9, 4);False;1;1099
;(9, 4);Idle;(9, 4);False;1;1100
;(9, 4);Idle;(9, 4);False;1;1101
;(9, 4);Idle;(9, 4);False;1;1102
;(9, 4);Idle;(9, 4);False;1;1103
;(9, 4);Idle;(9, 4);False;1;1104
;(9, 4);Idle;(9, 4);False;1;1105
;(9, 4);Idle;(9, 4);False;1;1106
;(9, 4);Idle;(9, 4);False;1;1107
;(9, 4);Idle;(9, 4);False;1;1108
;(9, 4);Idle;(9, 4);False;1;1109
;(9, 4);Idle;(9, 4);False;1;1110
;(9, 4);Idle;(9, 4);False;1;1111
MoveSouth;(9, 5);Idle;(9, 4);False;1;1112
;(9, 5);Idle;(9, 4);False;1;1113
;(9, 5);Idle;(9, 4);False;1;1114
;(9, 5);Idle;(9, 4);False;1;1115
;(9, 5);Idle;(9, 4);False;1;1116
;(9, 5);Idle;(9, 4);False;1;1117
;(9, 5);Idle;(9, 4);False;1;1118
;(9, 5);Idle;(9, 4);False;1;1119
;(9, 5);Idle;(9, 4);False;1;1120
;(9, 5);Idle;(9, 4);False;1;1121
;(9, 5);Idle;(9, 4);False;1;1122
;(9, 5);Idle;(9, 4);False;1;1123
;(9, 5);Idle;(9, 4);False;1;1124
;(9, 5);Idle;(9, 4);False;1;1125
;(9, 5);Idle;(9, 4);False;1;1126
;(9, 5);Idle;(9, 4);False;1;1127
;(9, 5);Idle;(9, 4);False;1;1128
;(9, 5);Idle;(9, 4);False;1;1129
;(9, 5);Idle;(9, 4);False;1;1130
;(9, 5);Idle;(9, 4);False;1;1131
;(9, 5);Idle;(9, 4);False;1;1132
;(9, 5);Idle;(9, 4);False;1;1133
;(9, 5);Idle;(9, 4);False;1;1134
;(9, 5);Idle;(9, 4);False;1;1135
;(9, 5);Idle;(9, 4);False;1;1136
;(9, 5);;(9, 4);False;1;1137
;(9, 5);MoveWest;(9, 4);False;1;1138
;(9, 5);MoveWest;(9, 4);False;1;1139
;(9, 5);MoveWest;(9, 4);False;1;1140
;(9, 5);MoveWest;(9, 4);False;1;1141
;(9, 5);MoveWest;(9, 4);False;1;1142
;(9, 5);MoveWest;(9, 4);False;1;1143
;(9, 5);MoveWest;(9, 4);False;1;1144
MoveWest;(8, 5);MoveWest;(9, 4);False;1;1145
;(8, 5);MoveWest;(9, 4);False;1;1146
;(8, 5);MoveWest;(9, 4);False;1;1147
;(8, 5);MoveWest;(8, 4);False;1;1148
;(8, 5);BreakObject;(8, 4);False;1;1149
;(8, 5);BreakObject;(8, 4);False;1;1150
;(8, 5);BreakObject;(8, 4);False;1;1151
;(8, 5);BreakObject;(8, 4);False;1;1152
;(8, 5);BreakObject;(8, 4);False;1;1153
;(8, 5);BreakObject;(8, 4);False;1;1154
;(8, 5);BreakObject;(8, 4);False;1;1155
;(8, 5);BreakObject;(8, 4);False;1;1156
;(8, 5);BreakObject;(8, 4);False;1;1157
;(8, 5);BreakObject;(8, 4);False;1;1158
;(8, 5);BreakObject;(8, 4);False;1;1159
;(8, 5);;(8, 4);False;1;1160
;(8, 5);MoveWest;(8, 4);False;1;1161
;(8, 5);MoveWest;(8, 4);False;1;1162
;(8, 5);MoveWest;(8, 4);False;1;1163
;(8, 5);MoveWest;(8, 4);False;1;1164
;(8, 5);MoveWest;(8, 4);False;1;1165
;(8, 5);MoveWest;(8, 4);False;1;1166
;(8, 5);MoveWest;(8, 4);False;1;1167
;(8, 5);MoveWest;(8, 4);False;1;1168
;(8, 5);MoveWest;(8, 4);False;1;1169
;(8, 5);MoveWest;(8, 4);False;1;1170
;(8, 5);MoveWest;(7, 4);False;1;1171
MoveWest;(7, 5);MoveWest;(7, 4);False;1;1172
;(7, 5);MoveWest;(7, 4);False;1;1173
;(7, 5);MoveWest;(7, 4);False;1;1174
;(7, 5);MoveWest;(7, 4);False;1;1175
;(7, 5);MoveWest;(7, 4);False;1;1176
MoveWest;(6, 5);MoveWest;(7, 4);False;1;1177
;(6, 5);MoveWest;(7, 4);False;1;1178
;(6, 5);MoveWest;(7, 4);False;1;1179
;(6, 5);MoveWest;(7, 4);False;1;1180
;(6, 5);MoveWest;(7, 4);False;1;1181
MoveWest;(5, 5);MoveWest;(6, 4);False;1;1182
;(5, 5);MoveWest;(6, 4);False;1;1183
;(5, 5);MoveWest;(6, 4);False;1;1184
;(5, 5);MoveWest;(6, 4);False;1;1185
MoveWest;(4, 5);MoveWest;(6, 4);False;1;1186
;(4, 5);MoveWest;(6, 4);False;1;1187
;(4, 5);MoveWest;(6, 4);False;1;1188
;(4, 5);MoveWest;(6, 4);False;1;1189
;(4, 5);MoveWest;(6, 4);False;1;1190
;(4, 5);MoveWest;(6, 4);False;1;1191
;(4, 5);MoveWest;(6, 4);False;1;1192
MoveWest;(3, 5);MoveWest;(5, 4);False;1;1193
;(3, 5);MoveNorthWest;(5, 4);False;1;1194
;(3, 5);MoveNorthWest;(5, 4);False;1;1195
;(3, 5);MoveNorthWest;(5, 4);False;1;1196
;(3, 5);MoveNorthWest;(5, 4);False;1;1197
;(3, 5);MoveNorthWest;(5, 4);False;1;1198
;(3, 5);MoveNorthWest;(5, 4);False;1;1199
;(3, 5);MoveNorthWest;(5, 4);False;1;1200
;(3, 5);MoveNorthWest;(5, 4);False;1;1201
;(3, 5);MoveNorthWest;(5, 4);False;1;1202
;(3, 5);MoveNorthWest;(5, 4);False;1;1203
;(3, 5);MoveNorthWest;(4, 3);False;1;1204
;(3, 5);MoveWest;(4, 3);False;1;1205
MoveWest;(2, 5);MoveWest;(4, 3);False;1;1206
;(2, 5);MoveWest;(4, 3);False;1;1207
;(2, 5);MoveWest;(4, 3);False;1;1208
;(2, 5);MoveWest;(4, 3);False;1;1209
;(2, 5);MoveWest;(4, 3);False;1;1210
;(2, 5);MoveWest;(4, 3);False;1;1211
;(2, 5);MoveWest;(4, 3);False;1;1212
;(2, 5);MoveWest;(4, 3);False;1;1213
;(2, 5);MoveWest;(4, 3);False;1;1214
;(2, 5);MoveWest;(3, 3);False;1;1215
;(2, 5);MoveNorthWest;(3, 3);False;1;1216
MoveWest;(1, 5);MoveNorthWest;(3, 3);False;1;1217
;(1, 5);MoveNorthWest;(3, 3);False;1;1218
;(1, 5);MoveNorthWest;(3, 3);False;1;1219
;(1, 5);MoveNorthWest;(3, 3);False;1;1220
;(1, 5);MoveNorthWest;(3, 3);False;1;1221
;(1, 5);MoveNorthWest;(3, 3);False;1;1222
;(1, 5);MoveNorthWest;(3, 3);False;1;1223
;(1, 5);MoveNorthWest;(3, 3);False;1;1224
;(1, 5);MoveNorthWest;(3, 3);False;1;1225
;(1, 5);MoveNorthWest;(2, 2);False;1;1226
;(1, 5);MoveWest;(2, 2);False;1;1227
;(1, 5);MoveWest;(2, 2);False;1;1228
DropObject;(1, 5);MoveWest;(2, 2);False;1;1229
;(1, 5);MoveWest;(2, 2);False;1;1230
;(1, 5);MoveWest;(2, 2);False;1;1231
;(1, 5);MoveWest;(2, 2);False;1;1232
;(1, 5);MoveWest;(2, 2);False;1;1233
;(1, 5);MoveWest;(2, 2);False;1;1234
;(1, 5);MoveWest;(2, 2);False;1;1235
MoveEast;(2, 5);MoveWest;(2, 2);False;1;1236
;(2, 5);MoveWest;(1, 2);False;1;1237
;(2, 5);DropLargeObject;(1, 2);False;1;1238
;(2, 5);DropLargeObject;(1, 2);False;1;1239
;(2, 5);DropLargeObject;(1, 2);False;1;1240
;(2, 5);DropLargeObject;(1, 2);False;1;1241
;(2, 5);DropLargeObject;(1, 2);False;1;1242
;(2, 5);DropLargeObject;(1, 2);False;1;1243
;(2, 5);DropLargeObject;(1, 2);False;1;1244
;(2, 5);DropLargeObject;(1, 2);False;1;1245
;(2, 5);DropLargeObject;(1, 2);False;1;1246
;(2, 5);DropLargeObject;(1, 2);False;1;1247
;(2, 5);DropLargeObject;(1, 2);False;1;1248
;(2, 5);;(1, 2);False;1;1249
;(2, 5);MoveEast;(1, 2);False;1;1250
;(2, 5);MoveEast;(1, 2);False;1;1251
;(2, 5);MoveEast;(1, 2);False;1;1252
;(2, 5);MoveEast;(1, 2);False;1;1253
DropObject;(2, 5);MoveEast;(1, 2);False;1;1254
;(2, 5);MoveEast;(1, 2);False;1;1255
;(2, 5);MoveEast;(1, 2);False;1;1256
DropObject;(2, 5);MoveEast;(1, 2);False;1;1257
;(2, 5);MoveEast;(1, 2);False;1;1258
;(2, 5);MoveEast;(1, 2);False;1;1259
;(2, 5);MoveEast;(2, 2);False;1;1260
DropObject;(2, 5);MoveEast;(2, 2);False;1;1261
;(2, 5);MoveEast;(2, 2);False;1;1262
;(2, 5);MoveEast;(2, 2);False;1;1263
;(2, 5);MoveEast;(2, 2);False;1;1264
;(2, 5);MoveEast;(2, 2);False;1;1265
MoveEast;(3, 5);MoveEast;(2, 2);False;1;1266
;(3, 5);MoveEast;(2, 2);False;1;1267
;(3, 5);MoveEast;(2, 2);False;1;1268
;(3, 5);MoveEast;(2, 2);False;1;1269
;(3, 5);MoveEast;(2, 2);False;1;1270
;(3, 5);MoveEast;(3, 2);False;1;1271
;(3, 5);MoveEast;(3, 2);False;1;1272
;(3, 5);MoveEast;(3, 2);False;1;1273
;(3, 5);MoveEast;(3, 2);False;1;1274
;(3, 5);MoveEast;(3, 2);False;1;1275
;(3, 5);MoveEast;(3, 2);False;1;1276
MoveEast;(4, 5);MoveEast;(3, 2);False;1;1277
;(4, 5);MoveEast;(3, 2);False;1;1278
;(4, 5);MoveEast;(3, 2);False;1;1279
MoveEast;(5, 5);MoveEast;(3, 2);False;1;1280
;(5, 5);MoveEast;(3, 2);False;1;1281
;(5, 5);MoveEast;(4, 2);False;1;1282
;(5, 5);MoveSouthEast;(4, 2);False;1;1283
MoveEast;(6, 5);MoveSouthEast;(4, 2);False;1;1284
;(6, 5);MoveSouthEast;(4, 2);False;1;1285
;(6, 5);MoveSouthEast;(4, 2);False;1;1286
;(6, 5);MoveSouthEast;(4, 2);False;1;1287
;(6, 5);MoveSouthEast;(4, 2);False;1;1288
;(6, 5);MoveSouthEast;(4, 2);False;1;1289
;(6, 5);MoveSouthEast;(4, 2);False;1;1290
;(6, 5);MoveSouthEast;(4, 2);False;1;1291
;(6, 5);MoveSouthEast;(4, 2);False;1;1292
;(6, 5);MoveSouthEast;(5, 3);False;1;1293
MoveEast;(7, 5);MoveEast;(5, 3);False;1;1294
;(7, 5);MoveEast;(5, 3);False;1;1295
;(7, 5);MoveEast;(5, 3);False;1;1296
;(7, 5);MoveEast;(5, 3);False;1;1297
;(7, 5);MoveEast;(5, 3);False;1;1298
;(7, 5);MoveEast;(5, 3);False;1;1299
;(7, 5);MoveEast;(5, 3);False;1;1300
MoveNorth;(7, 4);MoveEast;(5, 3);False;1;1301
;(7, 4);MoveEast;(5, 3);False;1;1302
;(7, 4);MoveEast;(5, 3);False;1;1303
;(7, 4);MoveEast;(6, 3);False;1;1304
;(7, 4);MoveEast;(6, 3);False;1;1305
;(7, 4);MoveEast;(6, 3);False;1;1306
;(7, 4);MoveEast;(6, 3);False;1;1307
;(7, 4);MoveEast;(6, 3);False;1;1308
;(7, 4);MoveEast;(6, 3);False;1;1309
;(7, 4);MoveEast;(6, 3);False;1;1310
MoveEast;(8, 4);MoveEast;(6, 3);False;1;1311
;(8, 4);MoveEast;(6, 3);False;1;1312
;(8, 4);MoveEast;(6, 3);False;1;1313
;(8, 4);MoveEast;(6, 3);False;1;1314
;(8, 4);MoveEast;(7, 3);False;1;1315
;(8, 4);MoveSouthEast;(7, 3);False;1;1316
;(8, 4);MoveSouthEast;(7, 3);False;1;1317
;(8, 4);MoveSouthEast;(7, 3);False;1;1318
;(8, 4);MoveSouthEast;(7, 3);False;1;1319
GrabObject;(8, 4);MoveSouthEast;(7, 3);False;1;1320
;(8, 4);MoveSouthEast;(7, 3);False;1;1321
;(8, 4);MoveSouthEast;(7, 3);False;1;1322
;(8, 4);MoveSouthEast;(7, 3);False;1;1323
;(8, 4);MoveSouthEast;(7, 3);False;1;1324
MoveWest;(7, 4);MoveSouthEast;(7, 3);False;1;1325
;(7, 4);MoveSouthEast;(8, 4);False;1;1326
;(7, 4);GrabObject;(8, 4);False;1;1327
;(7, 4);GrabObject;(8, 4);False;1;1328
MoveWest;(6, 4);GrabObject;(8, 4);False;1;1329
;(6, 4);GrabObject;(8, 4);False;1;1330
;(6, 4);GrabObject;(8, 4);False;1;1331
;(6, 4);GrabObject;(8, 4);False;1;1332
MoveWest;(5, 4);GrabObject;(8, 4);False;1;1333
;(5, 4);GrabObject;(8, 4);False;1;1334
;(5, 4);GrabObject;(8, 4);False;1;1335
MoveWest;(4, 4);GrabObject;(8, 4);False;1;1336
;(4, 4);GrabObject;(8, 4);False;1;1337
;(4, 4);;(8, 4);False;1;1338
;(4, 4);Idle;(8, 4);False;1;1339
MoveWest;(3, 4);Idle;(8, 4);False;1;1340
;(3, 4);Idle;(8, 4);False;1;1341
;(3, 4);Idle;(8, 4);False;1;1342
;(3, 4);Idle;(8, 4);False;1;1343
DropObject;(3, 4);Idle;(8, 4);False;1;1344
;(3, 4);Idle;(8, 4);False;1;1345
;(3, 4);Idle;(8, 4);False;1;1346
;(3, 4);Idle;(8, 4);False;1;1347
;(3, 4);Idle;(8, 4);False;1;1348
;(3, 4);Idle;(8, 4);False;1;1349
;(3, 4);Idle;(8, 4);False;1;1350
;(3, 4);Idle;(8, 4);False;1;1351
;(3, 4);Idle;(8, 4);False;1;1352
;(3, 4);Idle;(8, 4);False;1;1353
MoveEast;(4, 4);Idle;(8, 4);False;1;1354
;(4, 4);Idle;(8, 4);False;1;1355
;(4, 4);Idle;(8, 4);False;1;1356
;(4, 4);Idle;(8, 4);False;1;1357
;(4, 4);Idle;(8, 4);False;1;1358
;(4, 4);Idle;(8, 4);False;1;1359
;(4, 4);Idle;(8, 4);False;1;1360
;(4, 4);Idle;(8, 4);False;1;1361
;(4, 4);Idle;(8, 4);False;1;1362
;(4, 4);Idle;(8, 4);False;1;1363
MoveEast;(5, 4);Idle;(8, 4);False;1;1364
MoveEast;(6, 4);Idle;(8, 4);False;1;1365
;(6, 4);Idle;(8, 4);False;1;1366
MoveEast;(7, 4);Idle;(8, 4);False;1;1367
;(7, 4);Idle;(8, 4);False;1;1368
;(7, 4);Idle;(8, 4);False;1;1369
;(7, 4);Idle;(8, 4);False;1;1370
;(7, 4);Idle;(8, 4);False;1;1371
;(7, 4);Idle;(8, 4);False;1;1372
;(7, 4);Idle;(8, 4);False;1;1373
;(7, 4);Idle;(8, 4);False;1;1374
MoveSouth;(7, 5);Idle;(8, 4);False;1;1375
;(7, 5);Idle;(8, 4);False;1;1376
;(7, 5);Idle;(8, 4);False;1;1377
;(7, 5);Idle;(8, 4);False;1;1378
;(7, 5);Idle;(8, 4);False;1;1379
;(7, 5);Idle;(8, 4);False;1;1380
;(7, 5);Idle;(8, 4);False;1;1381
MoveSouth;(7, 6);Idle;(8, 4);False;1;1382
;(7, 6);Idle;(8, 4);False;1;1383
;(7, 6);Idle;(8, 4);False;1;1384
;(7, 6);Idle;(8, 4);False;1;1385
MoveEast;(8, 6);Idle;(8, 4);False;1;1386
;(8, 6);Idle;(8, 4);False;1;1387
;(8, 6);Idle;(8, 4);False;1;1388
;(8, 6);Idle;(8, 4);False;1;1389
;(8, 6);Idle;(8, 4);False;1;1390
;(8, 6);Idle;(8, 4);False;1;1391
;(8, 6);Idle;(8, 4);False;1;1392
;(8, 6);Idle;(8, 4);False;1;1393
;(8, 6);;(8, 4);False;1;1394
;(8, 6);Idle;(8, 4);False;1;1395
;(8, 6);Idle;(8, 4);False;1;1396
;(8, 6);Idle;(8, 4);False;1;1397
;(8, 6);Idle;(8, 4);False;1;1398
;(8, 6);Idle;(8, 4);False;1;1399
;(8, 6);Idle;(8, 4);False;1;1400
GrabObject;(8, 6);Idle;(8, 4);False;1;1401
;(8, 6);Idle;(8, 4);False;1;1402
;(8, 6);Idle;(8, 4);False;1;1403
;(8, 6);Idle;(8, 4);False;1;1404
;(8, 6);Idle;(8, 4);False;1;1405
;(8, 6);Idle;(8, 4);False;1;1406
;(8, 6);Idle;(8, 4);False;1;1407
;(8, 6);Idle;(8, 4);False;1;1408
;(8, 6);Idle;(8, 4);False;1;1409
;(8, 6);Idle;(8, 4);False;1;1410
MoveWest;(7, 6);Idle;(8, 4);False;1;1411
;(7, 6);Idle;(8, 4);False;1;1412
;(7, 6);Idle;(8, 4);False;1;1413
;(7, 6);Idle;(8, 4);False;1;1414
;(7, 6);Idle;(8, 4);False;1;1415
;(7, 6);Idle;(8, 4);False;1;1416
;(7, 6);Idle;(8, 4);False;1;1417
MoveWest;(6, 6);Idle;(8, 4);False;1;1418
;(6, 6);Idle;(8, 4);False;1;1419
MoveWest;(5, 6);Idle;(8, 4);False;1;1420
;(5, 6);Idle;(8, 4);False;1;1421
;(5, 6);Idle;(8, 4);False;1;1422
;(5, 6);Idle;(8, 4);False;1;1423
;(5, 6);Idle;(8, 4);False;1;1424
MoveWest;(4, 6);Idle;(8, 4);False;1;1425
;(4, 6);Idle;(8, 4);False;1;1426
;(4, 6);Idle;(8, 4);False;1;1427
MoveWest;(3, 6);Idle;(8, 4);False;1;1428
;(3, 6);Idle;(8, 4);False;1;1429
;(3, 6);Idle;(8, 4);False;1;1430
;(3, 6);Idle;(8, 4);False;1;1431
;(3, 6);Idle;(8, 4);False;1;1432
;(3, 6);Idle;(8, 4);False;1;1433
;(3, 6);Idle;(8, 4);False;1;1434
MoveWest;(2, 6);Idle;(8, 4);False;1;1435
;(2, 6);Idle;(8, 4);False;1;1436
;(2, 6);Idle;(8, 4);False;1;1437
;(2, 6);Idle;(8, 4);False;1;1438
;(2, 6);Idle;(8, 4);False;1;1439
MoveNorth;(2, 5);Idle;(8, 4);False;1;1440
;(2, 5);Idle;(8, 4);False;1;1441
;(2, 5);Idle;(8, 4);False;1;1442
;(2, 5);Idle;(8, 4);False;1;1443
;(2, 5);Idle;(8, 4);False;1;1444
;(2, 5);Idle;(8, 4);False;1;1445
;(2, 5);Idle;(8, 4);False;1;1446
;(2, 5);Idle;(8, 4);False;1;1447
;(2, 5);Idle;(8, 4);False;1;1448
;(2, 5);Idle;(8, 4);False;1;1449
DropObject;(2, 5);;(8, 4);False;1;1450
;(2, 5);Idle;(8, 4);False;1;1451
;(2, 5);Idle;(8, 4);False;1;1452
;(2, 5);Idle;(8, 4);False;1;1453
;(2, 5);Idle;(8, 4);False;1;1454
;(2, 5);Idle;(8, 4);False;1;1455
;(2, 5);Idle;(8, 4);False;1;1456
;(2, 5);Idle;(8, 4);False;1;1457
;(2, 5);Idle;(8, 4);False;1;1458
;(2, 5);Idle;(8, 4);False;1;1459
MoveEast;(3, 5);Idle;(8, 4);False;1;1460
;(3, 5);Idle;(8, 4);False;1;1461
;(3, 5);Idle;(8, 4);False;1;1462
;(3, 5);Idle;(8, 4);False;1;1463
;(3, 5);Idle;(8, 4);False;1;1464
MoveEast;(4, 5);Idle;(8, 4);False;1;1465
;(4, 5);Idle;(8, 4);False;1;1466
;(4, 5);Idle;(8, 4);False;1;1467
;(4, 5);Idle;(8, 4);False;1;1468
;(4, 5);Idle;(8, 4);False;1;1469
MoveEast;(5, 5);Idle;(8, 4);False;1;1470
;(5, 5);Idle;(8, 4);False;1;1471
;(5, 5);Idle;(8, 4);False;1;1472
;(5, 5);Idle;(8, 4);False;1;1473
MoveEast;(6, 5);Idle;(8, 4);False;1;1474
;(6, 5);Idle;(8, 4);False;1;1475
;(6, 5);Idle;(8, 4);False;1;1476
;(6, 5);Idle;(8, 4);False;1;1477
;(6, 5);Idle;(8, 4);False;1;1478
;(6, 5);Idle;(8, 4);False;1;1479
;(6, 5);Idle;(8, 4);False;1;1480
;(6, 5);Idle;(8, 4);False;1;1481
MoveEast;(7, 5);Idle;(8, 4);False;1;1482
;(7, 5);Idle;(8, 4);False;1;1483
;(7, 5);Idle;(8, 4);False;1;1484
;(7, 5);Idle;(8, 4);False;1;1485
;(7, 5);Idle;(8, 4);False;1;1486
;(7, 5);Idle;(8, 4);False;1;1487
MoveEast;(8, 5);Idle;(8, 4);False;1;1488
;(8, 5);Idle;(8, 4);False;1;1489
;(8, 5);Idle;(8, 4);False;1;1490
;(8, 5);Idle;(8, 4);False;1;1491
;(8, 5);Idle;(8, 4);False;1;1492
;(8, 5);Idle;(8, 4);False;1;1493
;(8, 5);Idle;(8, 4);False;1;1494
;(8, 5);Idle;(8, 4);False;1;1495
;(8, 5);Idle;(8, 4);False;1;1496
;(8, 5);Idle;(8, 4);False;1;1497
MoveSouth;(8, 6);Idle;(8, 4);False;1;1498
;(8, 6);Idle;(8, 4);False;1;1499
;(8, 6);Idle;(8, 4);False;1;1500
;(8, 6);Idle;(8, 4);False;1;1501
;(8, 6);Idle;(8, 4);False;1;1502
;(8, 6);Idle;(8, 4);False;1;1503
;(8, 6);Idle;(8, 4);False;1;1504
;(8, 6);Idle;(8, 4);False;1;1505
;(8, 6);;(8, 4);False;1;1506
;(8, 6);Idle;(8, 4);False;1;1507
;(8, 6);Idle;(8, 4);False;1;1508
;(8, 6);Idle;(8, 4);False;1;1509
;(8, 6);Idle;(8, 4);False;1;1510
;(8, 6);Idle;(8, 4);False;1;1511
;(8, 6);Idle;(8, 4);False;1;1512
;(8, 6);Idle;(8, 4);False;1;1513
;(8, 6);Idle;(8, 4);False;1;1514
;(8, 6);Idle;(8, 4);False;1;1515
;(8, 6);Idle;(8, 4);False;1;1516
;(8, 6);Idle;(8, 4);False;1;1517
;(8, 6);Idle;(8, 4);False;1;1518
;(8, 6);Idle;(8, 4);False;1;1519
;(8, 6);Idle;(8, 4);False;1;1520
;(8, 6);Idle;(8, 4);False;1;1521
;(8, 6);Idle;(8, 4);False;1;1522
;(8, 6);Idle;(8, 4);False;1;1523
;(8, 6);Idle;(8, 4);False;1;1524
GrabObject;(8, 6);Idle;(8, 4);False;1;1525
;(8, 6);Idle;(8, 4);False;1;1526
;(8, 6);Idle;(8, 4);False;1;1527
;(8, 6);Idle;(8, 4);False;1;1528
;(8, 6);Idle;(8, 4);False;1;1529
;(8, 6);Idle;(8, 4);False;1;1530
;(8, 6);Idle;(8, 4);False;1;1531
;(8, 6);Idle;(8, 4);False;1;1532
;(8, 6);Idle;(8, 4);False;1;1533
MoveWest;(7, 6);Idle;(8, 4);False;1;1534
;(7, 6);Idle;(8, 4);False;1;1535
;(7, 6);Idle;(8, 4);False;1;1536
;(7, 6);Idle;(8, 4);False;1;1537
;(7, 6);Idle;(8, 4);False;1;1538
MoveWest;(6, 6);Idle;(8, 4);False;1;1539
;(6, 6);Idle;(8, 4);False;1;1540
;(6, 6);Idle;(8, 4);False;1;1541
;(6, 6);Idle;(8, 4);False;1;1542
MoveWest;(5, 6);Idle;(8, 4);False;1;1543
;(5, 6);Idle;(8, 4);False;1;1544
;(5, 6);Idle;(8, 4);False;1;1545
;(5, 6);Idle;(8, 4);False;1;1546
;(5, 6);Idle;(8, 4);False;1;1547
;(5, 6);Idle;(8, 4);False;1;1548
;(5, 6);Idle;(8, 4);False;1;1549
MoveWest;(4, 6);Idle;(8, 4);False;1;1550
;(4, 6);Idle;(8, 4);False;1;1551
;(4, 6);Idle;(8, 4);False;1;1552
;(4, 6);Idle;(8, 4);False;1;1553
;(4, 6);Idle;(8, 4);False;1;1554
;(4, 6);Idle;(8, 4);False;1;1555
;(4, 6);Idle;(8, 4);False;1;1556
MoveWest;(3, 6);Idle;(8, 4);False;1;1557
;(3, 6);Idle;(8, 4);False;1;1558
;(3, 6);Idle;(8, 4);False;1;1559
;(3, 6);Idle;(8, 4);False;1;1560
;(3, 6);Idle;(8, 4);False;1;1561
;(3, 6);;(8, 4);False;1;1562
;(3, 6);Idle;(8, 4);False;1;1563
;(3, 6);Idle;(8, 4);False;1;1564
;(3, 6);Idle;(8, 4);False;1;1565
;(3, 6);Idle;(8, 4);False;1;1566
MoveNorth;(3, 5);Idle;(8, 4);False;1;1567
;(3, 5);Idle;(8, 4);False;1;1568
;(3, 5);Idle;(8, 4);False;1;1569
;(3, 5);Idle;(8, 4);False;1;1570
;(3, 5);Idle;(8, 4);False;1;1571
;(3, 5);Idle;(8, 4);False;1;1572
;(3, 5);Idle;(8, 4);False;1;1573
;(3, 5);Idle;(8, 4);False;1;1574
;(3, 5);Idle;(8, 4);False;1;1575
;(3, 5);Idle;(8, 4);False;1;1576
;(3, 5);Idle;(8, 4);False;1;1577
;(3, 5);Idle;(8, 4);False;1;1578
MoveEast;(4, 5);Idle;(8, 4);False;1;1579
;(4, 5);Idle;(8, 4);False;1;1580
;(4, 5);Idle;(8, 4);False;1;1581
;(4, 5);Idle;(8, 4);False;1;1582
;(4, 5);Idle;(8, 4);False;1;1583
;(4, 5);Idle;(8, 4);False;1;1584
;(4, 5);Idle;(8, 4);False;1;1585
;(4, 5);Idle;(8, 4);False;1;1586
;(4, 5);Idle;(8, 4);False;1;1587
;(4, 5);Idle;(8, 4);False;1;1588
;(4, 5);Idle;(8, 4);False;1;1589
;(4, 5);Idle;(8, 4);False;1;1590
;(4, 5);Idle;(8, 4);False;1;1591
;(4, 5);Idle;(8, 4);False;1;1592
;(4, 5);Idle;(8, 4);False;1;1593
;(4, 5);Idle;(8, 4);False;1;1594
DropObject;(4, 5);Idle;(8, 4);False;1;1595
;(4, 5);Idle;(8, 4);False;1;1596
;(4, 5);Idle;(8, 4);False;1;1597
;(4, 5);Idle;(8, 4);False;1;1598
;(4, 5);Idle;(8, 4);False;1;1599
;(4, 5);Idle;(8, 4);False;1;1600
;(4, 5);Idle;(8, 4);False;1;1601
;(4, 5);Idle;(8, 4);False;1;1602
MoveEast;(5, 5);Idle;(8, 4);False;1;1603
;(5, 5);Idle;(8, 4);False;1;1604
;(5, 5);Idle;(8, 4);False;1;1605
;(5, 5);Idle;(8, 4);False;1;1606
;(5, 5);Idle;(8, 4);False;1;1607
;(5, 5);Idle;(8, 4);False;1;1608
;(5, 5);Idle;(8, 4);False;1;1609
MoveEast;(6, 5);Idle;(8, 4);False;1;1610
;(6, 5);Idle;(8, 4);False;1;1611
;(6, 5);Idle;(8, 4);False;1;1612
;(6, 5);Idle;(8, 4);False;1;1613
;(6, 5);Idle;(8, 4);False;1;1614
MoveEast;(7, 5);Idle;(8, 4);False;1;1615
;(7, 5);Idle;(8, 4);False;1;1616
;(7, 5);Idle;(8, 4);False;1;1617
;(7, 5);;(8, 4);False;1;1618
;(7, 5);MoveSouthWest;(8, 4);False;1;1619
;(7, 5);MoveSouthWest;(8, 4);False;1;1620
;(7, 5);MoveSouthWest;(8, 4);False;1;1621
;(7, 5);MoveSouthWest;(8, 4);False;1;1622
;(7, 5);MoveSouthWest;(8, 4);False;1;1623
MoveSouth;(7, 6);MoveSouthWest;(8, 4);False;1;1624
;(7, 6);MoveSouthWest;(8, 4);False;1;1625
;(7, 6);MoveSouthWest;(8, 4);False;1;1626
;(7, 6);MoveSouthWest;(8, 4);False;1;1627
;(7, 6);MoveSouthWest;(8, 4);False;1;1628
;(7, 6);MoveSouthWest;(7, 5);False;1;1629
;(7, 6);Idle;(7, 5);False;1;1630
;(7, 6);Idle;(7, 5);False;1;1631
;(7, 6);Idle;(7, 5);False;1;1632
;(7, 6);Idle;(7, 5);False;1;1633
;(7, 6);Idle;(7, 5);False;1;1634
;(7, 6);Idle;(7, 5);False;1;1635
;(7, 6);Idle;(7, 5);False;1;1636
;(7, 6);Idle;(7, 5);False;1;1637
MoveSouth;(7, 7);Idle;(7, 5);False;1;1638
;(7, 7);Idle;(7, 5);False;1;1639
;(7, 7);Idle;(7, 5);False;1;1640
;(7, 7);Idle;(7, 5);False;1;1641
;(7, 7);Idle;(7, 5);False;1;1642
;(7, 7);Idle;(7, 5);False;1;1643
;(7, 7);Idle;(7, 5);False;1;1644
;(7, 7);Idle;(7, 5);False;1;1645
;(7, 7);Idle;(7, 5);False;1;1646
;(7, 7);Idle;(7, 5);False;1;1647
;(7, 7);Idle;(7, 5);False;1;1648
;(7, 7);Idle;(7, 5);False;1;1649
;(7, 7);Idle;(7, 5);False;1;1650
GrabObject;(7, 7);Idle;(7, 5);False;1;1651
;(7, 7);Idle;(7, 5);False;1;1652
;(7, 7);Idle;(7, 5);False;1;1653
;(7, 7);Idle;(7, 5);False;1;1654
;(7, 7);Idle;(7, 5);False;1;1655
;(7, 7);Idle;(7, 5);False;1;1656
;(7, 7);Idle;(7, 5);False;1;1657
;(7, 7);Idle;(7, 5);False;1;1658
;(7, 7);Idle;(7, 5);False;1;1659
;(7, 7);Idle;(7, 5);False;1;1660
;(7, 7);Idle;(7, 5);False;1;1661
;(7, 7);Idle;(7, 5);False;1;1662
;(7, 7);Idle;(7, 5);False;1;1663
;(7, 7);Idle;(7, 5);False;1;1664
;(7, 7);Idle;(7, 5);False;1;1665
;(7, 7);Idle;(7, 5);False;1;1666
;(7, 7);Idle;(7, 5);False;1;1667
;(7, 7);Idle;(7, 5);False;1;1668
;(7, 7);Idle;(7, 5);False;1;1669
MoveWest;(6, 7);Idle;(7, 5);False;1;1670
;(6, 7);Idle;(7, 5);False;1;1671
;(6, 7);Idle;(7, 5);False;1;1672
;(6, 7);Idle;(7, 5);False;1;1673
;(6, 7);Idle;(7, 5);False;1;1674
MoveWest;(5, 7);Idle;(7, 5);False;1;1675
;(5, 7);Idle;(7, 5);False;1;1676
;(5, 7);Idle;(7, 5);False;1;1677
;(5, 7);Idle;(7, 5);False;1;1678
MoveWest;(4, 7);Idle;(7, 5);False;1;1679
;(4, 7);Idle;(7, 5);False;1;1680
;(4, 7);Idle;(7, 5);False;1;1681
;(4, 7);Idle;(7, 5);False;1;1682
;(4, 7);Idle;(7, 5);False;1;1683
MoveWest;(3, 7);Idle;(7, 5);False;1;1684
;(3, 7);;(7, 5);False;1;1685
;(3, 7);MoveSouthWest;(7, 5);False;1;1686
;(3, 7);MoveSouthWest;(7, 5);False;1;1687
;(3, 7);MoveSouthWest;(7, 5);False;1;1688
MoveWest;(2, 7);MoveSouthWest;(7, 5);False;1;1689
;(2, 7);MoveSouthWest;(7, 5);False;1;1690
;(2, 7);MoveSouthWest;(7, 5);False;1;1691
;(2, 7);MoveSouthWest;(7, 5);False;1;1692
MoveWest;(1, 7);MoveSouthWest;(7, 5);False;1;1693
;(1, 7);MoveSouthWest;(7, 5);False;1;1694
;(1, 7);MoveSouthWest;(7, 5);False;1;1695
;(1, 7);MoveSouthWest;(6, 6);False;1;1696
;(1, 7);MoveWest;(6, 6);False;1;1697
;(1, 7);MoveWest;(6, 6);False;1;1698
;(1, 7);MoveWest;(6, 6);False;1;1699
;(1, 7);MoveWest;(6, 6);False;1;1700
MoveNorth;(1, 6);MoveWest;(6, 6);False;1;1701
;(1, 6);MoveWest;(6, 6);False;1;1702
;(1, 6);MoveWest;(6, 6);False;1;1703
;(1, 6);MoveWest;(6, 6);False;1;1704
;(1, 6);MoveWest;(6, 6);False;1;1705
;(1, 6);MoveWest;(6, 6);False;1;1706
;(1, 6);MoveWest;(5, 6);False;1;1707
;(1, 6);MoveWest;(5, 6);False;1;1708
;(1, 6);MoveWest;(5, 6);False;1;1709
;(1, 6);MoveWest;(5, 6);False;1;1710
MoveNorth;(1, 5);MoveWest;(5, 6);False;1;1711
;(1, 5);MoveWest;(5, 6);False;1;1712
;(1, 5);MoveWest;(5, 6);False;1;1713
;(1, 5);MoveWest;(5, 6);False;1;1714
;(1, 5);MoveWest;(5, 6);False;1;1715
;(1, 5);MoveWest;(5, 6);False;1;1716
;(1, 5);MoveWest;(5, 6);False;1;1717
;(1, 5);MoveWest;(4, 6);False;1;1718
;(1, 5);MoveSouthWest;(4, 6);False;1;1719
;(1, 5);MoveSouthWest;(4, 6);False;1;1720
DropObject;(1, 5);MoveSouthWest;(4, 6);False;1;1721
;(1, 5);MoveSouthWest;(4, 6);False;1;1722
;(1, 5);MoveSouthWest;(4, 6);False;1;1723
;(1, 5);MoveSouthWest;(4, 6);False;1;1724
;(1, 5);MoveSouthWest;(4, 6);False;1;1725
;(1, 5);MoveSouthWest;(4, 6);False;1;1726
;(1, 5);MoveSouthWest;(4, 6);False;1;1727
;(1, 5);MoveSouthWest;(4, 6);False;1;1728
;(1, 5);MoveSouthWest;(3, 7);False;1;1729
;(1, 5);Idle;(3, 7);False;1;1730
MoveEast;(2, 5);Idle;(3, 7);False;1;1731
;(2, 5);Idle;(3, 7);False;1;1732
;(2, 5);Idle;(3, 7);False;1;1733
;(2, 5);Idle;(3, 7);False;1;1734
;(2, 5);Idle;(3, 7);False;1;1735
MoveEast;(3, 5);Idle;(3, 7);False;1;1736
;(3, 5);Idle;(3, 7);False;1;1737
;(3, 5);Idle;(3, 7);False;1;1738
MoveEast;(4, 5);Idle;(3, 7);False;1;1739
;(4, 5);Idle;(3, 7);False;1;1740
;(4, 5);Idle;(3, 7);False;1;1741
;(4, 5);Idle;(3, 7);False;1;1742
;(4, 5);Idle;(3, 7);False;1;1743
;(4, 5);Idle;(3, 7);False;1;1744
;(4, 5);Idle;(3, 7);False;1;1745
;(4, 5);Idle;(3, 7);False;1;1746
;(4, 5);Idle;(3, 7);False;1;1747
;(4, 5);Idle;(3, 7);False;1;1748
MoveEast;(5, 5);Idle;(3, 7);False;1;1749
;(5, 5);Idle;(3, 7);False;1;1750
;(5, 5);Idle;(3, 7);False;1;1751
;(5, 5);Idle;(3, 7);False;1;1752
;(5, 5);Idle;(3, 7);False;1;1753
MoveEast;(6, 5);Idle;(3, 7);False;1;1754
;(6, 5);Idle;(3, 7);False;1;1755
;(6, 5);Idle;(3, 7);False;1;1756
;(6, 5);Idle;(3, 7);False;1;1757
;(6, 5);Idle;(3, 7);False;1;1758
;(6, 5);Idle;(3, 7);False;1;1759
MoveEast;(7, 5);Idle;(3, 7);False;1;1760
;(7, 5);Idle;(3, 7);False;1;1761
;(7, 5);Idle;(3, 7);False;1;1762
;(7, 5);Idle;(3, 7);False;1;1763
;(7, 5);Idle;(3, 7);False;1;1764
;(7, 5);Idle;(3, 7);False;1;1765
MoveSouth;(7, 6);Idle;(3, 7);False;1;1766
;(7, 6);Idle;(3, 7);False;1;1767
;(7, 6);Idle;(3, 7);False;1;1768
;(7, 6);Idle;(3, 7);False;1;1769
;(7, 6);Idle;(3, 7);False;1;1770
;(7, 6);Idle;(3, 7);False;1;1771
;(7, 6);Idle;(3, 7);False;1;1772
;(7, 6);Idle;(3, 7);False;1;1773
;(7, 6);Idle;(3, 7);False;1;1774
;(7, 6);Idle;(3, 7);False;1;1775
;(7, 6);Idle;(3, 7);False;1;1776
;(7, 6);Idle;(3, 7);False;1;1777
;(7, 6);Idle;(3, 7);False;1;1778
MoveSouth;(7, 7);Idle;(3, 7);False;1;1779
;(7, 7);Idle;(3, 7);False;1;1780
;(7, 7);Idle;(3, 7);False;1;1781
;(7, 7);Idle;(3, 7);False;1;1782
;(7, 7);Idle;(3, 7);False;1;1783
;(7, 7);Idle;(3, 7);False;1;1784
;(7, 7);;(3, 7);False;1;1785
GrabObject;(7, 7);MoveEast;(3, 7);False;1;1786
;(7, 7);MoveEast;(3, 7);False;1;1787
;(7, 7);MoveEast;(3, 7);False;1;1788
;(7, 7);MoveEast;(3, 7);False;1;1789
;(7, 7);MoveEast;(3, 7);False;1;1790
;(7, 7);MoveEast;(3, 7);False;1;1791
;(7, 7);MoveEast;(3, 7);False;1;1792
;(7, 7);MoveEast;(3, 7);False;1;1793
;(7, 7);MoveEast;(3, 7);False;1;1794
;(7, 7);MoveEast;(3, 7);False;1;1795
GrabObject;(7, 7);MoveEast;(4, 7);False;1;1796
;(7, 7);MoveEast;(4, 7);False;1;1797
;(7, 7);MoveEast;(4, 7);False;1;1798
;(7, 7);MoveEast;(4, 7);False;1;1799
;(7, 7);MoveEast;(4, 7);False;1;1800
;(7, 7);MoveEast;(4, 7);False;1;1801
MoveNorth;(7, 6);MoveEast;(4, 7);False;1;1802
;(7, 6);MoveEast;(4, 7);False;1;1803
;(7, 6);MoveEast;(4, 7);False;1;1804
;(7, 6);MoveEast;(4, 7);False;1;1805
;(7, 6);MoveEast;(4, 7);False;1;1806
;(7, 6);MoveEast;(5, 7);False;1;1807
;(7, 6);MoveEast;(5, 7);False;1;1808
;(7, 6);MoveEast;(5, 7);False;1;1809
;(7, 6);MoveEast;(5, 7);False;1;1810
GrabObject;(7, 6);MoveEast;(5, 7);False;1;1811
;(7, 6);MoveEast;(5, 7);False;1;1812
;(7, 6);MoveEast;(5, 7);False;1;1813
;(7, 6);MoveEast;(5, 7);False;1;1814
;(7, 6);MoveEast;(5, 7);False;1;1815
;(7, 6);MoveEast;(5, 7);False;1;1816
;(7, 6);MoveEast;(5, 7);False;1;1817
;(7, 6);MoveEast;(6, 7);False;1;1818
;(7, 6);MoveEast;(6, 7);False;1;1819
;(7, 6);MoveEast;(6, 7);False;1;1820
GrabObject;(7, 6);MoveEast;(6, 7);False;1;1821
;(7, 6);MoveEast;(6, 7);False;1;1822
;(7, 6);MoveEast;(6, 7);False;1;1823
GrabObject;(7, 6);MoveEast;(6, 7);False;1;1824
;(7, 6);MoveEast;(6, 7);False;1;1825
;(7, 6);MoveEast;(6, 7);False;1;1826
;(7, 6);MoveEast;(6, 7);False;1;1827
;(7, 6);MoveEast;(6, 7);False;1;1828
;(7, 6);MoveEast;(7, 7);False;1;1829
;(7, 6);Idle;(7, 7);False;1;1830
;(7, 6);Idle;(7, 7);False;1;1831
GrabObject;(7, 6);Idle;(7, 7);False;1;1832
;(7, 6);Idle;(7, 7);False;1;1833
;(7, 6);Idle;(7, 7);False;1;1834
;(7, 6);Idle;(7, 7);False;1;1835
GrabObject;(7, 6);Idle;(7, 7);False;1;1836
;(7, 6);Idle;(7, 7);False;1;1837
;(7, 6);Idle;(7, 7);False;1;1838
;(7, 6);Idle;(7, 7);False;1;1839
;(7, 6);Idle;(7, 7);False;1;1840
GrabObject;(7, 6);Idle;(7, 7);False;1;1841
;(7, 6);Idle;(7, 7);False;1;1842
;(7, 6);Idle;(7, 7);False;1;1843
;(7, 6);Idle;(7, 7);False;1;1844
;(7, 6);Idle;(7, 7);False;1;1845
;(7, 6);Idle;(7, 7);False;1;1846
;(7, 6);Idle;(7, 7);False;1;1847
GrabObject;(7, 6);Idle;(7, 7);False;1;1848
;(7, 6);Idle;(7, 7);False;1;1849
;(7, 6);Idle;(7, 7);False;1;1850
;(7, 6);Idle;(7, 7);False;1;1851
GrabObject;(7, 6);Idle;(7, 7);False;1;1852
;(7, 6);Idle;(7, 7);False;1;1853
;(7, 6);Idle;(7, 7);False;1;1854
;(7, 6);Idle;(7, 7);False;1;1855
;(7, 6);Idle;(7, 7);False;1;1856
GrabObject;(7, 6);Idle;(7, 7);False;1;1857
;(7, 6);Idle;(7, 7);False;1;1858
;(7, 6);Idle;(7, 7);False;1;1859
;(7, 6);Idle;(7, 7);False;1;1860
;(7, 6);Idle;(7, 7);False;1;1861
;(7, 6);Idle;(7, 7);False;1;1862
GrabObject;(7, 6);Idle;(7, 7);False;1;1863
;(7, 6);Idle;(7, 7);False;1;1864
;(7, 6);Idle;(7, 7);False;1;1865
;(7, 6);Idle;(7, 7);False;1;1866
;(7, 6);Idle;(7, 7);False;1;1867
;(7, 6);Idle;(7, 7);False;1;1868
GrabObject;(7, 6);Idle;(7, 7);False;1;1869
;(7, 6);Idle;(7, 7);False;1;1870
;(7, 6);Idle;(7, 7);False;1;1871
;(7, 6);Idle;(7, 7);False;1;1872
;(7, 6);Idle;(7, 7);False;1;1873
;(7, 6);Idle;(7, 7);False;1;1874
GrabObject;(7, 6);Idle;(7, 7);False;1;1875
;(7, 6);Idle;(7, 7);False;1;1876
;(7, 6);Idle;(7, 7);False;1;1877
;(7, 6);Idle;(7, 7);False;1;1878
;(7, 6);Idle;(7, 7);False;1;1879
;(7, 6);Idle;(7, 7);False;1;1880
GrabObject;(7, 6);Idle;(7, 7);False;1;1881
;(7, 6);Idle;(7, 7);False;1;1882
;(7, 6);Idle;(7, 7);False;1;1883
;(7, 6);Idle;(7, 7);False;1;1884
;(7, 6);;(7, 7);False;1;1885
;(7, 6);MoveSouthWest;(7, 7);False;1;1886
GrabObject;(7, 6);MoveSouthWest;(7, 7);False;1;1887
;(7, 6);MoveSouthWest;(7, 7);False;1;1888
;(7, 6);MoveSouthWest;(7, 7);False;1;1889
;(7, 6);MoveSouthWest;(7, 7);False;1;1890
;(7, 6);MoveSouthWest;(7, 7);False;1;1891
GrabObject;(7, 6);MoveSouthWest;(7, 7);False;1;1892
;(7, 6);MoveSouthWest;(7, 7);False;1;1893
;(7, 6);MoveSouthWest;(7, 7);False;1;1894
;(7, 6);MoveSouthWest;(7, 7);False;1;1895
;(7, 6);MoveSouthWest;(6, 8);False;1;1896
;(7, 6);BreakObject;(6, 8);False;1;1897
GrabObject;(7, 6);BreakObject;(6, 8);False;1;1898
;(7, 6);BreakObject;(6, 8);False;1;1899
;(7, 6);BreakObject;(6, 8);False;1;1900
;(7, 6);BreakObject;(6, 8);False;1;1901
;(7, 6);BreakObject;(6, 8);False;1;1902
;(7, 6);BreakObject;(6, 8);False;1;1903
;(7, 6);BreakObject;(6, 8);False;1;1904
;(7, 6);BreakObject;(6, 8);False;1;1905
;(7, 6);BreakObject;(6, 8);False;1;1906
;(7, 6);BreakObject;(6, 8);False;1;1907
;(7, 6);;(6, 8);False;1;1908
GrabObject;(7, 6);MoveNorth;(6, 8);False;1;1909
;(7, 6);MoveNorth;(6, 8);False;1;1910
;(7, 6);MoveNorth;(6, 8);False;1;1911
;(7, 6);MoveNorth;(6, 8);False;1;1912
;(7, 6);MoveNorth;(6, 8);False;1;1913
;(7, 6);MoveNorth;(6, 8);False;1;1914
;(7, 6);MoveNorth;(6, 8);False;1;1915
;(7, 6);MoveNorth;(6, 8);False;1;1916
;(7, 6);MoveNorth;(6, 8);False;1;1917
GrabObject;(7, 6);MoveNorth;(6, 8);False;1;1918
;(7, 6);MoveNorth;(6, 7);False;1;1919
;(7, 6);MoveNorth;(6, 7);False;1;1920
;(7, 6);MoveNorth;(6, 7);False;1;1921
;(7, 6);MoveNorth;(6, 7);False;1;1922
;(7, 6);MoveNorth;(6, 7);False;1;1923
;(7, 6);MoveNorth;(6, 7);False;1;1924
;(7, 6);MoveNorth;(6, 7);False;1;1925
;(7, 6);MoveNorth;(6, 7);False;1;1926
;(7, 6);MoveNorth;(6, 7);False;1;1927
;(7, 6);MoveNorth;(6, 7);False;1;1928
;(7, 6);MoveNorth;(6, 7);False;1;1929
;(7, 6);MoveNorth;(6, 6);False;1;1930
;(7, 6);BreakObject;(6, 6);False;1;1931
;(7, 6);BreakObject;(6, 6);False;1;1932
;(7, 6);BreakObject;(6, 6);False;1;1933
;(7, 6);BreakObject;(6, 6);False;1;1934
;(7, 6);BreakObject;(6, 6);False;1;1935
;(7, 6);BreakObject;(6, 6);False;1;1936
;(7, 6);BreakObject;(6, 6);False;1;1937
;(7, 6);BreakObject;(6, 6);False;1;1938
;(7, 6);BreakObject;(6, 6);False;1;1939
;(7, 6);BreakObject;(6, 6);False;1;1940
;(7, 6);BreakObject;(6, 6);False;1;1941
;(7, 6);;(6, 6);False;1;1942
GrabObject;(7, 6);Idle;(6, 6);False;1;1943
;(7, 6);Idle;(6, 6);False;1;1944
;(7, 6);Idle;(6, 6);False;1;1945
;(7, 6);Idle;(6, 6);False;1;1946
;(7, 6);Idle;(6, 6);False;1;1947
;(7, 6);Idle;(6, 6);False;1;1948
;(7, 6);Idle;(6, 6);False;1;1949
;(7, 6);Idle;(6, 6);False;1;1950
;(7, 6);Idle;(6, 6);False;1;1951
;(7, 6);Idle;(6, 6);False;1;1952
;(7, 6);Idle;(6, 6);False;1;1953
;(7, 6);Idle;(6, 6);False;1;1954
;(7, 6);Idle;(6, 6);False;1;1955
;(7, 6);Idle;(6, 6);False;1;1956
;(7, 6);Idle;(6, 6);False;1;1957
;(7, 6);Idle;(6, 6);False;1;1958
;(7, 6);Idle;(6, 6);False;1;1959
;(7, 6);Idle;(6, 6);False;1;1960
;(7, 6);Idle;(6, 6);False;1;1961
;(7, 6);Idle;(6, 6);False;1;1962
;(7, 6);Idle;(6, 6);False;1;1963
;(7, 6);Idle;(6, 6);False;1;1964
;(7, 6);Idle;(6, 6);False;1;1965
;(7, 6);Idle;(6, 6);False;1;1966
MoveWest;(6, 6);Idle;(6, 6);False;1;1967
;(6, 6);Idle;(6, 6);False;1;1968
;(6, 6);Idle;(6, 6);False;1;1969
;(6, 6);Idle;(6, 6);False;1;1970
;(6, 6);Idle;(6, 6);False;1;1971
;(6, 6);Idle;(6, 6);False;1;1972
;(6, 6);Idle;(6, 6);False;1;1973
;(6, 6);Idle;(6, 6);False;1;1974
;(6, 6);Idle;(6, 6);False;1;1975
;(6, 6);Idle;(6, 6);False;1;1976
;(6, 6);Idle;(6, 6);False;1;1977
MoveWest;(5, 6);Idle;(6, 6);False;1;1978
;(5, 6);Idle;(6, 6);False;1;1979
MoveWest;(4, 6);Idle;(6, 6);False;1;1980
;(4, 6);Idle;(6, 6);False;1;1981
;(4, 6);Idle;(6, 6);False;1;1982
;(4, 6);Idle;(6, 6);False;1;1983
;(4, 6);Idle;(6, 6);False;1;1984
MoveWest;(3, 6);Idle;(6, 6);False;1;1985
;(3, 6);Idle;(6, 6);False;1;1986
;(3, 6);Idle;(6, 6);False;1;1987
;(3, 6);Idle;(6, 6);False;1;1988
;(3, 6);Idle;(6, 6);False;1;1989
;(3, 6);Idle;(6, 6);False;1;1990
;(3, 6);Idle;(6, 6);False;1;1991
;(3, 6);Idle;(6, 6);False;1;1992
;(3, 6);Idle;(6, 6);False;1;1993
;(3, 6);Idle;(6, 6);False;1;1994
;(3, 6);Idle;(6, 6);False;1;1995
;(3, 6);Idle;(6, 6);False;1;1996
;(3, 6);Idle;(6, 6);False;1;1997
;(3, 6);;(6, 6);False;1;1998
;(3, 6);Idle;(6, 6);False;1;1999
;(3, 6);Idle;(6, 6);False;1;2000
;(3, 6);Idle;(6, 6);False;1;2001
;(3, 6);Idle;(6, 6);False;1;2002
;(3, 6);Idle;(6, 6);False;1;2003
;(3, 6);Idle;(6, 6);False;1;2004
DropObject;(3, 6);Idle;(6, 6);False;1;2005
;(3, 6);Idle;(6, 6);False;1;2006
;(3, 6);Idle;(6, 6);False;1;2007
;(3, 6);Idle;(6, 6);False;1;2008
;(3, 6);Idle;(6, 6);False;1;2009
;(3, 6);Idle;(6, 6);False;1;2010
;(3, 6);Idle;(6, 6);False;1;2011
;(3, 6);Idle;(6, 6);False;1;2012
;(3, 6);Idle;(6, 6);False;1;2013
;(3, 6);Idle;(6, 6);False;1;2014
MoveSouth;(3, 7);Idle;(6, 6);False;1;2015
;(3, 7);Idle;(6, 6);False;1;2016
;(3, 7);Idle;(6, 6);False;1;2017
;(3, 7);Idle;(6, 6);False;1;2018
;(3, 7);Idle;(6, 6);False;1;2019
;(3, 7);Idle;(6, 6);False;1;2020
MoveEast;(4, 7);Idle;(6, 6);False;1;2021
;(4, 7);Idle;(6, 6);False;1;2022
;(4, 7);Idle;(6, 6);False;1;2023
;(4, 7);Idle;(6, 6);False;1;2024
;(4, 7);Idle;(6, 6);False;1;2025
;(4, 7);Idle;(6, 6);False;1;2026
;(4, 7);Idle;(6, 6);False;1;2027
MoveEast;(5, 7);Idle;(6, 6);False;1;2028
;(5, 7);Idle;(6, 6);False;1;2029
;(5, 7);Idle;(6, 6);False;1;2030
;(5, 7);Idle;(6, 6);False;1;2031
;(5, 7);Idle;(6, 6);False;1;2032
;(5, 7);Idle;(6, 6);False;1;2033
MoveEast;(6, 7);Idle;(6, 6);False;1;2034
;(6, 7);Idle;(6, 6);False;1;2035
;(6, 7);Idle;(6, 6);False;1;2036
;(6, 7);Idle;(6, 6);False;1;2037
;(6, 7);Idle;(6, 6);False;1;2038
;(6, 7);Idle;(6, 6);False;1;2039
;(6, 7);Idle;(6, 6);False;1;2040
MoveEast;(7, 7);Idle;(6, 6);False;1;2041
;(7, 7);Idle;(6, 6);False;1;2042
;(7, 7);Idle;(6, 6);False;1;2043
;(7, 7);Idle;(6, 6);False;1;2044
;(7, 7);Idle;(6, 6);False;1;2045
;(7, 7);Idle;(6, 6);False;1;2046
;(7, 7);Idle;(6, 6);False;1;2047
;(7, 7);Idle;(6, 6);False;1;2048
;(7, 7);Idle;(6, 6);False;1;2049
;(7, 7);Idle;(6, 6);False;1;2050
;(7, 7);Idle;(6, 6);False;1;2051
;(7, 7);Idle;(6, 6);False;1;2052
;(7, 7);Idle;(6, 6);False;1;2053
;(7, 7);;(6, 6);False;1;2054
GrabObject;(7, 7);MoveEast;(6, 6);False;1;2055
;(7, 7);MoveEast;(6, 6);False;1;2056
;(7, 7);MoveEast;(6, 6);False;1;2057
;(7, 7);MoveEast;(6, 6);False;1;2058
MoveWest;(6, 7);MoveEast;(6, 6);False;1;2059
;(6, 7);MoveEast;(6, 6);False;1;2060
;(6, 7);MoveEast;(6, 6);False;1;2061
;(6, 7);MoveEast;(6, 6);False;1;2062
;(6, 7);MoveEast;(6, 6);False;1;2063
MoveWest;(5, 7);MoveEast;(6, 6);False;1;2064
;(5, 7);MoveEast;(7, 6);False;1;2065
;(5, 7);MoveEast;(7, 6);False;1;2066
;(5, 7);MoveEast;(7, 6);False;1;2067
MoveWest;(4, 7);MoveEast;(7, 6);False;1;2068
;(4, 7);MoveEast;(7, 6);False;1;2069
;(4, 7);MoveEast;(7, 6);False;1;2070
;(4, 7);MoveEast;(7, 6);False;1;2071
;(4, 7);MoveEast;(7, 6);False;1;2072
MoveWest;(3, 7);MoveEast;(7, 6);False;1;2073
;(3, 7);MoveEast;(7, 6);False;1;2074
;(3, 7);MoveEast;(7, 6);False;1;2075
;(3, 7);MoveEast;(8, 6);False;1;2076
;(3, 7);MoveEast;(8, 6);False;1;2077
;(3, 7);MoveEast;(8, 6);False;1;2078
;(3, 7);MoveEast;(8, 6);False;1;2079
;(3, 7);MoveEast;(8, 6);False;1;2080
;(3, 7);MoveEast;(8, 6);False;1;2081
;(3, 7);MoveEast;(8, 6);False;1;2082
DropObject;(3, 7);MoveEast;(8, 6);False;1;2083
;(3, 7);MoveEast;(8, 6);False;1;2084
;(3, 7);MoveEast;(8, 6);False;1;2085
;(3, 7);MoveEast;(8, 6);False;1;2086
;(3, 7);MoveEast;(9, 6);False;1;2087
;(3, 7);MoveEast;(9, 6);False;1;2088
;(3, 7);MoveEast;(9, 6);False;1;2089
MoveEast;(4, 7);MoveEast;(9, 6);False;1;2090
;(4, 7);MoveEast;(9, 6);False;1;2091
;(4, 7);MoveEast;(9, 6);False;1;2092
;(4, 7);MoveEast;(9, 6);False;1;2093
;(4, 7);MoveEast;(9, 6);False;1;2094
MoveEast;(5, 7);MoveEast;(9, 6);False;1;2095
;(5, 7);MoveEast;(9, 6);False;1;2096
;(5, 7);MoveEast;(9, 6);False;1;2097
;(5, 7);MoveEast;(10, 6);False;1;2098
;(5, 7);MoveEast;(10, 6);False;1;2099
;(5, 7);MoveEast;(10, 6);False;1;2100
;(5, 7);MoveEast;(10, 6);False;1;2101
MoveEast;(6, 7);MoveEast;(10, 6);False;1;2102
;(6, 7);MoveEast;(10, 6);False;1;2103
;(6, 7);MoveEast;(10, 6);False;1;2104
;(6, 7);MoveEast;(10, 6);False;1;2105
;(6, 7);MoveEast;(10, 6);False;1;2106
;(6, 7);MoveEast;(10, 6);False;1;2107
;(6, 7);MoveEast;(10, 6);False;1;2108
;(6, 7);MoveEast;(11, 6);False;1;2109
;(6, 7);MoveSouthEast;(11, 6);False;1;2110
;(6, 7);MoveSouthEast;(11, 6);False;1;2111
MoveEast;(7, 7);MoveSouthEast;(11, 6);False;1;2112
;(7, 7);MoveSouthEast;(11, 6);False;1;2113
;(7, 7);MoveSouthEast;(11, 6);False;1;2114
;(7, 7);MoveSouthEast;(11, 6);False;1;2115
MoveSouth;(7, 8);MoveSouthEast;(11, 6);False;1;2116
;(7, 8);MoveSouthEast;(11, 6);False;1;2117
;(7, 8);MoveSouthEast;(11, 6);False;1;2118
;(7, 8);MoveSouthEast;(11, 6);False;1;2119
;(7, 8);MoveSouthEast;(12, 7);False;1;2120
;(7, 8);GrabObject;(12, 7);False;1;2121
;(7, 8);GrabObject;(12, 7);False;1;2122
;(7, 8);GrabObject;(12, 7);False;1;2123
;(7, 8);GrabObject;(12, 7);False;1;2124
;(7, 8);GrabObject;(12, 7);False;1;2125
;(7, 8);GrabObject;(12, 7);False;1;2126
;(7, 8);GrabObject;(12, 7);False;1;2127
;(7, 8);GrabObject;(12, 7);False;1;2128
;(7, 8);GrabObject;(12, 7);False;1;2129
;(7, 8);GrabObject;(12, 7);False;1;2130
GrabObject;(7, 8);GrabObject;(12, 7);False;1;2131
;(7, 8);;(12, 7);False;1;2132
;(7, 8);MoveNorthEast;(12, 7);False;1;2133
;(7, 8);MoveNorthEast;(12, 7);False;1;2134
;(7, 8);MoveNorthEast;(12, 7);False;1;2135
;(7, 8);MoveNorthEast;(12, 7);False;1;2136
;(7, 8);MoveNorthEast;(12, 7);False;1;2137
;(7, 8);MoveNorthEast;(12, 7);False;1;2138
;(7, 8);MoveNorthEast;(12, 7);False;1;2139
;(7, 8);MoveNorthEast;(12, 7);False;1;2140
;(7, 8);MoveNorthEast;(12, 7);False;1;2141
MoveWest;(6, 8);MoveNorthEast;(12, 7);False;1;2142
;(6, 8);MoveNorthEast;(13, 6);False;1;2143
;(6, 8);MoveEast;(13, 6);False;1;2144
;(6, 8);MoveEast;(13, 6);False;1;2145
MoveWest;(5, 8);MoveEast;(13, 6);False;1;2146
;(5, 8);MoveEast;(13, 6);False;1;2147
;(5, 8);MoveEast;(13, 6);False;1;2148
;(5, 8);MoveEast;(13, 6);False;1;2149
;(5, 8);MoveEast;(13, 6);False;1;2150
MoveWest;(4, 8);MoveEast;(13, 6);False;1;2151
;(4, 8);MoveEast;(13, 6);False;1;2152
;(4, 8);MoveEast;(13, 6);False;1;2153
;(4, 8);MoveEast;(14, 6);False;1;2154
MoveWest;(3, 8);MoveNorthEast;(14, 6);False;1;2155
;(3, 8);MoveNorthEast;(14, 6);False;1;2156
;(3, 8);MoveNorthEast;(14, 6);False;1;2157
;(3, 8);MoveNorthEast;(14, 6);False;1;2158
;(3, 8);MoveNorthEast;(14, 6);False;1;2159
;(3, 8);MoveNorthEast;(14, 6);False;1;2160
;(3, 8);MoveNorthEast;(14, 6);False;1;2161
;(3, 8);MoveNorthEast;(14, 6);False;1;2162
;(3, 8);MoveNorthEast;(14, 6);False;1;2163
DropObject;(3, 8);MoveNorthEast;(14, 6);False;1;2164
;(3, 8);MoveNorthEast;(15, 5);False;1;2165
;(3, 8);MoveEast;(15, 5);False;1;2166
;(3, 8);MoveEast;(15, 5);False;1;2167
;(3, 8);MoveEast;(15, 5);False;1;2168
;(3, 8);MoveEast;(15, 5);False;1;2169
;(3, 8);MoveEast;(15, 5);False;1;2170
;(3, 8);MoveEast;(15, 5);False;1;2171
;(3, 8);MoveEast;(15, 5);False;1;2172
;(3, 8);MoveEast;(15, 5);False;1;2173
MoveEast;(4, 8);MoveEast;(15, 5);False;1;2174
;(4, 8);MoveEast;(15, 5);False;1;2175
;(4, 8);MoveEast;(16, 5);False;1;2176
;(4, 8);DropObject;(16, 5);False;1;2177
;(4, 8);DropObject;(16, 5);False;1;2178
MoveEast;(5, 8);DropObject;(16, 5);False;1;2179
;(5, 8);DropObject;(16, 5);False;1;2180
;(5, 8);DropObject;(16, 5);False;1;2181
;(5, 8);DropObject;(16, 5);False;1;2182
;(5, 8);DropObject;(16, 5);False;1;2183
MoveEast;(6, 8);DropObject;(16, 5);False;1;2184
;(6, 8);DropObject;(16, 5);False;1;2185
;(6, 8);DropObject;(16, 5);False;1;2186
MoveEast;(7, 8);DropObject;(16, 5);False;1;2187
;(7, 8);;(16, 5);False;1;2188
;(7, 8);MoveWest;(16, 5);False;1;2189
;(7, 8);MoveWest;(16, 5);False;1;2190
;(7, 8);MoveWest;(16, 5);False;1;2191
MoveEast;(8, 8);MoveWest;(16, 5);False;1;2192
;(8, 8);MoveWest;(16, 5);False;1;2193
;(8, 8);MoveWest;(16, 5);False;1;2194
;(8, 8);MoveWest;(16, 5);False;1;2195
;(8, 8);MoveWest;(16, 5);False;1;2196
;(8, 8);MoveWest;(16, 5);False;1;2197
;(8, 8);MoveWest;(16, 5);False;1;2198
;(8, 8);MoveWest;(15, 5);False;1;2199
;(8, 8);MoveWest;(15, 5);False;1;2200
;(8, 8);MoveWest;(15, 5);False;1;2201
;(8, 8);MoveWest;(15, 5);False;1;2202
;(8, 8);MoveWest;(15, 5);False;1;2203
;(8, 8);MoveWest;(15, 5);False;1;2204
;(8, 8);MoveWest;(15, 5);False;1;2205
;(8, 8);MoveWest;(15, 5);False;1;2206
;(8, 8);MoveWest;(15, 5);False;1;2207
;(8, 8);MoveWest;(15, 5);False;1;2208
;(8, 8);MoveWest;(15, 5);False;1;2209
;(8, 8);MoveWest;(14, 5);False;1;2210
GrabObject;(8, 8);MoveWest;(14, 5);False;1;2211
;(8, 8);MoveWest;(14, 5);False;1;2212
;(8, 8);MoveWest;(14, 5);False;1;2213
;(8, 8);MoveWest;(14, 5);False;1;2214
;(8, 8);MoveWest;(14, 5);False;1;2215
;(8, 8);MoveWest;(14, 5);False;1;2216
;(8, 8);MoveWest;(14, 5);False;1;2217
MoveWest;(7, 8);MoveWest;(14, 5);False;1;2218
;(7, 8);MoveWest;(14, 5);False;1;2219
;(7, 8);MoveWest;(14, 5);False;1;2220
;(7, 8);MoveWest;(13, 5);False;1;2221
;(7, 8);MoveWest;(13, 5);False;1;2222
MoveWest;(6, 8);MoveWest;(13, 5);False;1;2223
;(6, 8);MoveWest;(13, 5);False;1;2224
;(6, 8);MoveWest;(13, 5);False;1;2225
MoveWest;(5, 8);MoveWest;(13, 5);False;1;2226
;(5, 8);MoveWest;(13, 5);False;1;2227
;(5, 8);MoveWest;(13, 5);False;1;2228
;(5, 8);MoveWest;(13, 5);False;1;2229
MoveWest;(4, 8);MoveWest;(13, 5);False;1;2230
;(4, 8);MoveWest;(13, 5);False;1;2231
;(4, 8);MoveWest;(12, 5);False;1;2232
;(4, 8);MoveWest;(12, 5);False;1;2233
MoveWest;(3, 8);MoveWest;(12, 5);False;1;2234
;(3, 8);MoveWest;(12, 5);False;1;2235
;(3, 8);MoveWest;(12, 5);False;1;2236
;(3, 8);MoveWest;(12, 5);False;1;2237
;(3, 8);MoveWest;(12, 5);False;1;2238
;(3, 8);MoveWest;(12, 5);False;1;2239
;(3, 8);MoveWest;(12, 5);False;1;2240
MoveWest;(2, 8);MoveWest;(12, 5);False;1;2241
;(2, 8);MoveWest;(12, 5);False;1;2242
;(2, 8);MoveWest;(11, 5);False;1;2243
;(2, 8);MoveWest;(11, 5);False;1;2244
;(2, 8);MoveWest;(11, 5);False;1;2245
;(2, 8);MoveWest;(11, 5);False;1;2246
;(2, 8);MoveWest;(11, 5);False;1;2247
;(2, 8);MoveWest;(11, 5);False;1;2248
;(2, 8);MoveWest;(11, 5);False;1;2249
;(2, 8);MoveWest;(11, 5);False;1;2250
;(2, 8);MoveWest;(11, 5);False;1;2251
;(2, 8);MoveWest;(11, 5);False;1;2252
;(2, 8);MoveWest;(11, 5);False;1;2253
;(2, 8);MoveWest;(10, 5);False;1;2254
;(2, 8);MoveSouthWest;(10, 5);False;1;2255
;(2, 8);MoveSouthWest;(10, 5);False;1;2256
;(2, 8);MoveSouthWest;(10, 5);False;1;2257
;(2, 8);MoveSouthWest;(10, 5);False;1;2258
;(2, 8);MoveSouthWest;(10, 5);False;1;2259
;(2, 8);MoveSouthWest;(10, 5);False;1;2260
;(2, 8);MoveSouthWest;(10, 5);False;1;2261
;(2, 8);MoveSouthWest;(10, 5);False;1;2262
DropObject;(2, 8);MoveSouthWest;(10, 5);False;1;2263
;(2, 8);MoveSouthWest;(10, 5);False;1;2264
;(2, 8);MoveSouthWest;(9, 6);False;1;2265
;(2, 8);MoveSouthWest;(9, 6);False;1;2266
;(2, 8);MoveSouthWest;(9, 6);False;1;2267
;(2, 8);MoveSouthWest;(9, 6);False;1;2268
MoveEast;(3, 8);MoveSouthWest;(9, 6);False;1;2269
;(3, 8);MoveSouthWest;(9, 6);False;1;2270
;(3, 8);MoveSouthWest;(9, 6);False;1;2271
;(3, 8);MoveSouthWest;(9, 6);False;1;2272
;(3, 8);MoveSouthWest;(9, 6);False;1;2273
MoveEast;(4, 8);MoveSouthWest;(9, 6);False;1;2274
;(4, 8);MoveSouthWest;(9, 6);False;1;2275
;(4, 8);MoveSouthWest;(8, 7);False;1;2276
;(4, 8);MoveWest;(8, 7);False;1;2277
;(4, 8);MoveWest;(8, 7);False;1;2278
;(4, 8);MoveWest;(8, 7);False;1;2279
;(4, 8);MoveWest;(8, 7);False;1;2280
;(4, 8);MoveWest;(8, 7);False;1;2281
;(4, 8);MoveWest;(8, 7);False;1;2282
;(4, 8);MoveWest;(8, 7);False;1;2283
MoveEast;(5, 8);MoveWest;(8, 7);False;1;2284
MoveEast;(6, 8);MoveWest;(8, 7);False;1;2285
;(6, 8);MoveWest;(8, 7);False;1;2286
MoveEast;(7, 8);MoveWest;(7, 7);False;1;2287
MoveEast;(8, 8);MoveWest;(7, 7);False;1;2288
;(8, 8);MoveWest;(7, 7);False;1;2289
;(8, 8);MoveWest;(7, 7);False;1;2290
;(8, 8);MoveWest;(7, 7);False;1;2291
;(8, 8);MoveWest;(7, 7);False;1;2292
;(8, 8);MoveWest;(7, 7);False;1;2293
;(8, 8);MoveWest;(7, 7);False;1;2294
;(8, 8);MoveWest;(7, 7);False;1;2295
MoveSouth;(8, 9);MoveWest;(7, 7);False;1;2296
;(8, 9);MoveWest;(7, 7);False;1;2297
;(8, 9);MoveWest;(6, 7);False;1;2298
;(8, 9);GrabObject;(6, 7);False;1;2299
;(8, 9);GrabObject;(6, 7);False;1;2300
;(8, 9);GrabObject;(6, 7);False;1;2301
;(8, 9);GrabObject;(6, 7);False;1;2302
;(8, 9);GrabObject;(6, 7);False;1;2303
;(8, 9);GrabObject;(6, 7);False;1;2304
;(8, 9);GrabObject;(6, 7);False;1;2305
GrabObject;(8, 9);GrabObject;(6, 7);False;1;2306
;(8, 9);GrabObject;(6, 7);False;1;2307
;(8, 9);GrabObject;(6, 7);False;1;2308
;(8, 9);GrabObject;(6, 7);False;1;2309
MoveWest;(7, 9);;(6, 7);False;1;2310
;(7, 9);MoveWest;(6, 7);False;1;2311
;(7, 9);MoveWest;(6, 7);False;1;2312
;(7, 9);MoveWest;(6, 7);False;1;2313
;(7, 9);MoveWest;(6, 7);False;1;2314
MoveWest;(6, 9);MoveWest;(6, 7);False;1;2315
;(6, 9);MoveWest;(6, 7);False;1;2316
;(6, 9);MoveWest;(6, 7);False;1;2317
MoveWest;(5, 9);MoveWest;(6, 7);False;1;2318
;(5, 9);MoveWest;(6, 7);False;1;2319
;(5, 9);MoveWest;(6, 7);False;1;2320
;(5, 9);MoveWest;(5, 7);False;1;2321
MoveWest;(4, 9);MoveNorthWest;(5, 7);False;1;2322
;(4, 9);MoveNorthWest;(5, 7);False;1;2323
;(4, 9);MoveNorthWest;(5, 7);False;1;2324
;(4, 9);MoveNorthWest;(5, 7);False;1;2325
MoveWest;(3, 9);MoveNorthWest;(5, 7);False;1;2326
;(3, 9);MoveNorthWest;(5, 7);False;1;2327
;(3, 9);MoveNorthWest;(5, 7);False;1;2328
;(3, 9);MoveNorthWest;(5, 7);False;1;2329
;(3, 9);MoveNorthWest;(5, 7);False;1;2330
;(3, 9);MoveNorthWest;(5, 7);False;1;2331
;(3, 9);MoveNorthWest;(4, 6);False;1;2332
MoveWest;(2, 9);MoveWest;(4, 6);False;1;2333
;(2, 9);MoveWest;(4, 6);False;1;2334
;(2, 9);MoveWest;(4, 6);False;1;2335
;(2, 9);MoveWest;(4, 6);False;1;2336
;(2, 9);MoveWest;(4, 6);False;1;2337
;(2, 9);MoveWest;(4, 6);False;1;2338
;(2, 9);MoveWest;(4, 6);False;1;2339
;(2, 9);MoveWest;(4, 6);False;1;2340
DropObject;(2, 9);MoveWest;(4, 6);False;1;2341
;(2, 9);MoveWest;(4, 6);False;1;2342
;(2, 9);MoveWest;(3, 6);False;1;2343
;(2, 9);MoveNorthWest;(3, 6);False;1;2344
;(2, 9);MoveNorthWest;(3, 6);False;1;2345
;(2, 9);MoveNorthWest;(3, 6);False;1;2346
;(2, 9);MoveNorthWest;(3, 6);False;1;2347
MoveEast;(3, 9);MoveNorthWest;(3, 6);False;1;2348
;(3, 9);MoveNorthWest;(3, 6);False;1;2349
;(3, 9);MoveNorthWest;(3, 6);False;1;2350
;(3, 9);MoveNorthWest;(3, 6);False;1;2351
;(3, 9);MoveNorthWest;(3, 6);False;1;2352
;(3, 9);MoveNorthWest;(3, 6);False;1;2353
MoveEast;(4, 9);MoveNorthWest;(2, 5);False;1;2354
;(4, 9);MoveWest;(2, 5);False;1;2355
;(4, 9);MoveWest;(2, 5);False;1;2356
;(4, 9);MoveWest;(2, 5);False;1;2357
;(4, 9);MoveWest;(2, 5);False;1;2358
MoveEast;(5, 9);MoveWest;(2, 5);False;1;2359
;(5, 9);MoveWest;(2, 5);False;1;2360
;(5, 9);MoveWest;(2, 5);False;1;2361
;(5, 9);MoveWest;(2, 5);False;1;2362
;(5, 9);MoveWest;(2, 5);False;1;2363
;(5, 9);MoveWest;(2, 5);False;1;2364
;(5, 9);MoveWest;(1, 5);False;1;2365
MoveEast;(6, 9);DropObject;(1, 5);False;1;2366
MoveEast;(7, 9);DropObject;(1, 5);False;1;2367
;(7, 9);DropObject;(1, 5);False;1;2368
;(7, 9);DropObject;(1, 5);False;1;2369
MoveEast;(8, 9);DropObject;(1, 5);False;1;2370
;(8, 9);DropObject;(1, 5);False;1;2371
;(8, 9);DropObject;(1, 5);False;1;2372
;(8, 9);DropObject;(1, 5);False;1;2373
;(8, 9);DropObject;(1, 5);False;1;2374
MoveEast;(9, 9);DropObject;(1, 5);False;1;2375
;(9, 9);DropObject;(1, 5);False;1;2376
;(9, 9);;(1, 5);False;1;2377
;(9, 9);MoveSouthEast;(1, 5);False;1;2378
;(9, 9);MoveSouthEast;(1, 5);False;1;2379
;(9, 9);MoveSouthEast;(1, 5);False;1;2380
;(9, 9);MoveSouthEast;(1, 5);False;1;2381
;(9, 9);MoveSouthEast;(1, 5);False;1;2382
;(9, 9);MoveSouthEast;(1, 5);False;1;2383
;(9, 9);MoveSouthEast;(1, 5);False;1;2384
MoveEast;(10, 9);MoveSouthEast;(1, 5);False;1;2385
;(10, 9);MoveSouthEast;(1, 5);False;1;2386
;(10, 9);MoveSouthEast;(1, 5);False;1;2387
;(10, 9);MoveSouthEast;(2, 6);False;1;2388
;(10, 9);MoveEast;(2, 6);False;1;2389
;(10, 9);MoveEast;(2, 6);False;1;2390
;(10, 9);MoveEast;(2, 6);False;1;2391
MoveWest;(9, 9);MoveEast;(2, 6);False;1;2392
;(9, 9);MoveEast;(2, 6);False;1;2393
;(9, 9);MoveEast;(2, 6);False;1;2394
;(9, 9);MoveEast;(2, 6);False;1;2395
;(9, 9);MoveEast;(2, 6);False;1;2396
;(9, 9);MoveEast;(2, 6);False;1;2397
;(9, 9);MoveEast;(2, 6);False;1;2398
;(9, 9);MoveEast;(3, 6);False;1;2399
;(9, 9);MoveSouthEast;(3, 6);False;1;2400
;(9, 9);MoveSouthEast;(3, 6);False;1;2401
;(9, 9);MoveSouthEast;(3, 6);False;1;2402
;(9, 9);MoveSouthEast;(3, 6);False;1;2403
;(9, 9);MoveSouthEast;(3, 6);False;1;2404
;(9, 9);MoveSouthEast;(3, 6);False;1;2405
GrabObject;(9, 9);MoveSouthEast;(3, 6);False;1;2406
;(9, 9);MoveSouthEast;(3, 6);False;1;2407
;(9, 9);MoveSouthEast;(3, 6);False;1;2408
;(9, 9);MoveSouthEast;(3, 6);False;1;2409
;(9, 9);MoveSouthEast;(4, 7);False;1;2410
MoveWest;(8, 9);MoveEast;(4, 7);False;1;2411
;(8, 9);MoveEast;(4, 7);False;1;2412
;(8, 9);MoveEast;(4, 7);False;1;2413
MoveWest;(7, 9);MoveEast;(4, 7);False;1;2414
;(7, 9);MoveEast;(4, 7);False;1;2415
;(7, 9);MoveEast;(4, 7);False;1;2416
;(7, 9);MoveEast;(4, 7);False;1;2417
MoveWest;(6, 9);MoveEast;(4, 7);False;1;2418
;(6, 9);MoveEast;(4, 7);False;1;2419
;(6, 9);MoveEast;(4, 7);False;1;2420
;(6, 9);MoveEast;(5, 7);False;1;2421
;(6, 9);MoveSouthEast;(5, 7);False;1;2422
MoveWest;(5, 9);MoveSouthEast;(5, 7);False;1;2423
;(5, 9);MoveSouthEast;(5, 7);False;1;2424
;(5, 9);MoveSouthEast;(5, 7);False;1;2425
;(5, 9);MoveSouthEast;(5, 7);False;1;2426
MoveWest;(4, 9);MoveSouthEast;(5, 7);False;1;2427
;(4, 9);MoveSouthEast;(5, 7);False;1;2428
;(4, 9);MoveSouthEast;(5, 7);False;1;2429
;(4, 9);MoveSouthEast;(5, 7);False;1;2430
;(4, 9);MoveSouthEast;(5, 7);False;1;2431
MoveWest;(3, 9);MoveSouthEast;(6, 8);False;1;2432
;(3, 9);MoveEast;(6, 8);False;1;2433
;(3, 9);MoveEast;(6, 8);False;1;2434
;(3, 9);MoveEast;(6, 8);False;1;2435
MoveWest;(2, 9);MoveEast;(6, 8);False;1;2436
;(2, 9);MoveEast;(6, 8);False;1;2437
;(2, 9);MoveEast;(6, 8);False;1;2438
;(2, 9);MoveEast;(6, 8);False;1;2439
;(2, 9);MoveEast;(6, 8);False;1;2440
;(2, 9);MoveEast;(6, 8);False;1;2441
;(2, 9);MoveEast;(6, 8);False;1;2442
;(2, 9);MoveEast;(7, 8);False;1;2443
;(2, 9);MoveEast;(7, 8);False;1;2444
;(2, 9);MoveEast;(7, 8);False;1;2445
;(2, 9);MoveEast;(7, 8);False;1;2446
DropObject;(2, 9);MoveEast;(7, 8);False;1;2447
;(2, 9);MoveEast;(7, 8);False;1;2448
;(2, 9);MoveEast;(7, 8);False;1;2449
;(2, 9);MoveEast;(7, 8);False;1;2450
;(2, 9);MoveEast;(7, 8);False;1;2451
;(2, 9);MoveEast;(7, 8);False;1;2452
;(2, 9);MoveEast;(7, 8);False;1;2453
;(2, 9);MoveEast;(8, 8);False;1;2454
MoveEast;(3, 9);MoveSouthEast;(8, 8);False;1;2455
;(3, 9);MoveSouthEast;(8, 8);False;1;2456
;(3, 9);MoveSouthEast;(8, 8);False;1;2457
;(3, 9);MoveSouthEast;(8, 8);False;1;2458
;(3, 9);MoveSouthEast;(8, 8);False;1;2459
;(3, 9);MoveSouthEast;(8, 8);False;1;2460
;(3, 9);MoveSouthEast;(8, 8);False;1;2461
;(3, 9);MoveSouthEast;(8, 8);False;1;2462
MoveEast;(4, 9);MoveSouthEast;(8, 8);False;1;2463
;(4, 9);MoveSouthEast;(8, 8);False;1;2464
;(4, 9);MoveSouthEast;(9, 9);False;1;2465
;(4, 9);Idle;(9, 9);False;1;2466
;(4, 9);Idle;(9, 9);False;1;2467
;(4, 9);Idle;(9, 9);False;1;2468
MoveEast;(5, 9);Idle;(9, 9);False;1;2469
;(5, 9);Idle;(9, 9);False;1;2470
;(5, 9);Idle;(9, 9);False;1;2471
;(5, 9);Idle;(9, 9);False;1;2472
;(5, 9);Idle;(9, 9);False;1;2473
;(5, 9);Idle;(9, 9);False;1;2474
;(5, 9);Idle;(9, 9);False;1;2475
MoveEast;(6, 9);Idle;(9, 9);False;1;2476
;(6, 9);Idle;(9, 9);False;1;2477
;(6, 9);Idle;(9, 9);False;1;2478
;(6, 9);Idle;(9, 9);False;1;2479
;(6, 9);Idle;(9, 9);False;1;2480
;(6, 9);Idle;(9, 9);False;1;2481
;(6, 9);Idle;(9, 9);False;1;2482
;(6, 9);Idle;(9, 9);False;1;2483
;(6, 9);Idle;(9, 9);False;1;2484
;(6, 9);Idle;(9, 9);False;1;2485
;(6, 9);Idle;(9, 9);False;1;2486
;(6, 9);Idle;(9, 9);False;1;2487
MoveEast;(7, 9);Idle;(9, 9);False;1;2488
;(7, 9);Idle;(9, 9);False;1;2489
;(7, 9);Idle;(9, 9);False;1;2490
;(7, 9);Idle;(9, 9);False;1;2491
;(7, 9);Idle;(9, 9);False;1;2492
;(7, 9);Idle;(9, 9);False;1;2493
;(7, 9);Idle;(9, 9);False;1;2494
;(7, 9);Idle;(9, 9);False;1;2495
;(7, 9);Idle;(9, 9);False;1;2496
;(7, 9);Idle;(9, 9);False;1;2497
;(7, 9);Idle;(9, 9);False;1;2498
;(7, 9);Idle;(9, 9);False;1;2499
;(7, 9);Idle;(9, 9);False;1;2500
;(7, 9);Idle;(9, 9);False;1;2501
GrabObject;(7, 9);Idle;(9, 9);False;1;2502
;(7, 9);Idle;(9, 9);False;1;2503
;(7, 9);Idle;(9, 9);False;1;2504
;(7, 9);Idle;(9, 9);False;1;2505
;(7, 9);Idle;(9, 9);False;1;2506
;(7, 9);Idle;(9, 9);False;1;2507
;(7, 9);Idle;(9, 9);False;1;2508
;(7, 9);Idle;(9, 9);False;1;2509
;(7, 9);Idle;(9, 9);False;1;2510
MoveWest;(6, 9);Idle;(9, 9);False;1;2511
;(6, 9);Idle;(9, 9);False;1;2512
;(6, 9);Idle;(9, 9);False;1;2513
;(6, 9);Idle;(9, 9);False;1;2514
MoveWest;(5, 9);Idle;(9, 9);False;1;2515
;(5, 9);Idle;(9, 9);False;1;2516
;(5, 9);Idle;(9, 9);False;1;2517
;(5, 9);Idle;(9, 9);False;1;2518
MoveWest;(4, 9);Idle;(9, 9);False;1;2519
;(4, 9);Idle;(9, 9);False;1;2520
;(4, 9);;(9, 9);False;1;2521
MoveWest;(3, 9);MoveEast;(9, 9);False;1;2522
;(3, 9);MoveEast;(9, 9);False;1;2523
;(3, 9);MoveEast;(9, 9);False;1;2524
;(3, 9);MoveEast;(9, 9);False;1;2525
MoveWest;(2, 9);MoveEast;(9, 9);False;1;2526
;(2, 9);MoveEast;(9, 9);False;1;2527
;(2, 9);MoveEast;(9, 9);False;1;2528
;(2, 9);MoveEast;(9, 9);False;1;2529
;(2, 9);MoveEast;(9, 9);False;1;2530
;(2, 9);MoveEast;(9, 9);False;1;2531
;(2, 9);MoveEast;(10, 9);False;1;2532
;(2, 9);MoveEast;(10, 9);False;1;2533
;(2, 9);MoveEast;(10, 9);False;1;2534
;(2, 9);MoveEast;(10, 9);False;1;2535
;(2, 9);MoveEast;(10, 9);False;1;2536
;(2, 9);MoveEast;(10, 9);False;1;2537
;(2, 9);MoveEast;(10, 9);False;1;2538
;(2, 9);MoveEast;(10, 9);False;1;2539
;(2, 9);MoveEast;(10, 9);False;1;2540
;(2, 9);MoveEast;(10, 9);False;1;2541
;(2, 9);MoveEast;(10, 9);False;1;2542
;(2, 9);MoveEast;(11, 9);False;1;2543
;(2, 9);MoveWest;(11, 9);False;1;2544
MoveWest;(1, 9);MoveWest;(11, 9);False;1;2545
;(1, 9);MoveWest;(11, 9);False;1;2546
;(1, 9);MoveWest;(11, 9);False;1;2547
;(1, 9);MoveWest;(11, 9);False;1;2548
;(1, 9);MoveWest;(11, 9);False;1;2549
;(1, 9);MoveWest;(11, 9);False;1;2550
;(1, 9);MoveWest;(11, 9);False;1;2551
;(1, 9);MoveWest;(11, 9);False;1;2552
;(1, 9);MoveWest;(11, 9);False;1;2553
;(1, 9);MoveWest;(10, 9);False;1;2554
;(1, 9);MoveWest;(10, 9);False;1;2555
;(1, 9);MoveWest;(10, 9);False;1;2556
;(1, 9);MoveWest;(10, 9);False;1;2557
DropObject;(1, 9);MoveWest;(10, 9);False;1;2558
;(1, 9);MoveWest;(10, 9);False;1;2559
;(1, 9);MoveWest;(10, 9);False;1;2560
;(1, 9);MoveWest;(10, 9);False;1;2561
;(1, 9);MoveWest;(10, 9);False;1;2562
;(1, 9);MoveWest;(10, 9);False;1;2563
;(1, 9);MoveWest;(10, 9);False;1;2564
;(1, 9);MoveWest;(9, 9);False;1;2565
;(1, 9);MoveEast;(9, 9);False;1;2566
MoveEast;(2, 9);MoveEast;(9, 9);False;1;2567
;(2, 9);MoveEast;(9, 9);False;1;2568
;(2, 9);MoveEast;(9, 9);False;1;2569
;(2, 9);MoveEast;(9, 9);False;1;2570
;(2, 9);MoveEast;(9, 9);False;1;2571
;(2, 9);MoveEast;(9, 9);False;1;2572
;(2, 9);MoveEast;(9, 9);False;1;2573
;(2, 9);MoveEast;(9, 9);False;1;2574
;(2, 9);MoveEast;(9, 9);False;1;2575
;(2, 9);MoveEast;(10, 9);False;1;2576
MoveEast;(3, 9);MoveEast;(10, 9);False;1;2577
;(3, 9);MoveEast;(10, 9);False;1;2578
MoveEast;(4, 9);MoveEast;(10, 9);False;1;2579
MoveEast;(5, 9);MoveEast;(10, 9);False;1;2580
;(5, 9);MoveEast;(10, 9);False;1;2581
MoveEast;(6, 9);MoveEast;(10, 9);False;1;2582
;(6, 9);MoveEast;(10, 9);False;1;2583
MoveEast;(7, 9);MoveEast;(10, 9);False;1;2584
;(7, 9);MoveEast;(10, 9);False;1;2585
;(7, 9);MoveEast;(10, 9);False;1;2586
;(7, 9);MoveEast;(11, 9);False;1;2587
;(7, 9);MoveWest;(11, 9);False;1;2588
;(7, 9);MoveWest;(11, 9);False;1;2589
;(7, 9);MoveWest;(11, 9);False;1;2590
;(7, 9);MoveWest;(11, 9);False;1;2591
;(7, 9);MoveWest;(11, 9);False;1;2592
;(7, 9);MoveWest;(11, 9);False;1;2593
;(7, 9);MoveWest;(11, 9);False;1;2594
MoveEast;(8, 9);MoveWest;(11, 9);False;1;2595
MoveSouth;(8, 10);MoveWest;(11, 9);False;1;2596
;(8, 10);MoveWest;(11, 9);False;1;2597
;(8, 10);MoveWest;(10, 9);False;1;2598
;(8, 10);MoveWest;(10, 9);False;1;2599
;(8, 10);MoveWest;(10, 9);False;1;2600
;(8, 10);MoveWest;(10, 9);False;1;2601
;(8, 10);MoveWest;(10, 9);False;1;2602
;(8, 10);MoveWest;(10, 9);False;1;2603
;(8, 10);MoveWest;(10, 9);False;1;2604
;(8, 10);MoveWest;(10, 9);False;1;2605
;(8, 10);MoveWest;(10, 9);False;1;2606
;(8, 10);MoveWest;(10, 9);False;1;2607
;(8, 10);MoveWest;(10, 9);False;1;2608
;(8, 10);MoveWest;(9, 9);False;1;2609
;(8, 10);MoveEast;(9, 9);False;1;2610
;(8, 10);MoveEast;(9, 9);False;1;2611
GrabObject;(8, 10);MoveEast;(9, 9);False;1;2612
;(8, 10);MoveEast;(9, 9);False;1;2613
;(8, 10);MoveEast;(9, 9);False;1;2614
;(8, 10);MoveEast;(9, 9);False;1;2615
;(8, 10);MoveEast;(9, 9);False;1;2616
MoveWest;(7, 10);MoveEast;(9, 9);False;1;2617
;(7, 10);MoveEast;(9, 9);False;1;2618
;(7, 10);MoveEast;(9, 9);False;1;2619
;(7, 10);MoveEast;(10, 9);False;1;2620
;(7, 10);MoveEast;(10, 9);False;1;2621
MoveWest;(6, 10);MoveEast;(10, 9);False;1;2622
;(6, 10);MoveEast;(10, 9);False;1;2623
;(6, 10);MoveEast;(10, 9);False;1;2624
;(6, 10);MoveEast;(10, 9);False;1;2625
MoveWest;(5, 10);MoveEast;(10, 9);False;1;2626
;(5, 10);MoveEast;(10, 9);False;1;2627
;(5, 10);MoveEast;(10, 9);False;1;2628
;(5, 10);MoveEast;(10, 9);False;1;2629
MoveWest;(4, 10);MoveEast;(10, 9);False;1;2630
;(4, 10);MoveEast;(11, 9);False;1;2631
;(4, 10);MoveWest;(11, 9);False;1;2632
;(4, 10);MoveWest;(11, 9);False;1;2633
;(4, 10);MoveWest;(11, 9);False;1;2634
;(4, 10);MoveWest;(11, 9);False;1;2635
MoveWest;(3, 10);MoveWest;(11, 9);False;1;2636
;(3, 10);MoveWest;(11, 9);False;1;2637
;(3, 10);MoveWest;(11, 9);False;1;2638
;(3, 10);MoveWest;(11, 9);False;1;2639
MoveWest;(2, 10);MoveWest;(11, 9);False;1;2640
;(2, 10);MoveWest;(11, 9);False;1;2641
;(2, 10);MoveWest;(10, 9);False;1;2642
MoveWest;(1, 10);MoveWest;(10, 9);False;1;2643
;(1, 10);MoveWest;(10, 9);False;1;2644
;(1, 10);MoveWest;(10, 9);False;1;2645
;(1, 10);MoveWest;(10, 9);False;1;2646
;(1, 10);MoveWest;(10, 9);False;1;2647
;(1, 10);MoveWest;(10, 9);False;1;2648
;(1, 10);MoveWest;(10, 9);False;1;2649
MoveNorth;(1, 9);MoveWest;(10, 9);False;1;2650
;(1, 9);MoveWest;(10, 9);False;1;2651
;(1, 9);MoveWest;(10, 9);False;1;2652
;(1, 9);MoveWest;(9, 9);False;1;2653
;(1, 9);;(9, 9);False;1;2654
;(1, 9);Idle;(9, 9);False;1;2655
;(1, 9);Idle;(9, 9);False;1;2656
;(1, 9);Idle;(9, 9);False;1;2657
;(1, 9);Idle;(9, 9);False;1;2658
;(1, 9);Idle;(9, 9);False;1;2659
MoveNorth;(1, 8);Idle;(9, 9);False;1;2660
;(1, 8);Idle;(9, 9);False;1;2661
;(1, 8);Idle;(9, 9);False;1;2662
;(1, 8);Idle;(9, 9);False;1;2663
MoveNorth;(1, 7);Idle;(9, 9);False;1;2664
;(1, 7);Idle;(9, 9);False;1;2665
;(1, 7);Idle;(9, 9);False;1;2666
;(1, 7);Idle;(9, 9);False;1;2667
;(1, 7);Idle;(9, 9);False;1;2668
;(1, 7);Idle;(9, 9);False;1;2669
;(1, 7);Idle;(9, 9);False;1;2670
DropObject;(1, 7);Idle;(9, 9);False;1;2671
;(1, 7);Idle;(9, 9);False;1;2672
;(1, 7);Idle;(9, 9);False;1;2673
;(1, 7);Idle;(9, 9);False;1;2674
;(1, 7);Idle;(9, 9);False;1;2675
;(1, 7);Idle;(9, 9);False;1;2676
;(1, 7);Idle;(9, 9);False;1;2677
;(1, 7);Idle;(9, 9);False;1;2678
;(1, 7);Idle;(9, 9);False;1;2679
MoveEast;(2, 7);Idle;(9, 9);False;1;2680
;(2, 7);Idle;(9, 9);False;1;2681
;(2, 7);Idle;(9, 9);False;1;2682
;(2, 7);Idle;(9, 9);False;1;2683
;(2, 7);Idle;(9, 9);False;1;2684
;(2, 7);Idle;(9, 9);False;1;2685
;(2, 7);Idle;(9, 9);False;1;2686
;(2, 7);Idle;(9, 9);False;1;2687
;(2, 7);Idle;(9, 9);False;1;2688
;(2, 7);Idle;(9, 9);False;1;2689
;(2, 7);Idle;(9, 9);False;1;2690
MoveEast;(3, 7);Idle;(9, 9);False;1;2691
MoveEast;(4, 7);Idle;(9, 9);False;1;2692
;(4, 7);Idle;(9, 9);False;1;2693
MoveEast;(5, 7);Idle;(9, 9);False;1;2694
MoveEast;(6, 7);Idle;(9, 9);False;1;2695
;(6, 7);Idle;(9, 9);False;1;2696
MoveEast;(7, 7);Idle;(9, 9);False;1;2697
;(7, 7);Idle;(9, 9);False;1;2698
MoveEast;(8, 7);Idle;(9, 9);False;1;2699
;(8, 7);Idle;(9, 9);False;1;2700
;(8, 7);Idle;(9, 9);False;1;2701
;(8, 7);Idle;(9, 9);False;1;2702
;(8, 7);Idle;(9, 9);False;1;2703
MoveSouth;(8, 8);Idle;(9, 9);False;1;2704
;(8, 8);Idle;(9, 9);False;1;2705
;(8, 8);Idle;(9, 9);False;1;2706
;(8, 8);Idle;(9, 9);False;1;2707
;(8, 8);Idle;(9, 9);False;1;2708
;(8, 8);Idle;(9, 9);False;1;2709
MoveSouth;(8, 9);;(9, 9);False;1;2710
;(8, 9);MoveEast;(9, 9);False;1;2711
;(8, 9);MoveEast;(9, 9);False;1;2712
;(8, 9);MoveEast;(9, 9);False;1;2713
;(8, 9);MoveEast;(9, 9);False;1;2714
;(8, 9);MoveEast;(9, 9);False;1;2715
;(8, 9);MoveEast;(9, 9);False;1;2716
;(8, 9);MoveEast;(9, 9);False;1;2717
;(8, 9);MoveEast;(9, 9);False;1;2718
;(8, 9);MoveEast;(9, 9);False;1;2719
;(8, 9);MoveEast;(9, 9);False;1;2720
;(8, 9);MoveEast;(10, 9);False;1;2721
MoveSouth;(8, 10);MoveNorthEast;(10, 9);False;1;2722
;(8, 10);MoveNorthEast;(10, 9);False;1;2723
;(8, 10);MoveNorthEast;(10, 9);False;1;2724
;(8, 10);MoveNorthEast;(10, 9);False;1;2725
;(8, 10);MoveNorthEast;(10, 9);False;1;2726
;(8, 10);MoveNorthEast;(10, 9);False;1;2727
;(8, 10);MoveNorthEast;(10, 9);False;1;2728
;(8, 10);MoveNorthEast;(10, 9);False;1;2729
;(8, 10);MoveNorthEast;(10, 9);False;1;2730
;(8, 10);MoveNorthEast;(10, 9);False;1;2731
;(8, 10);MoveNorthEast;(11, 8);False;1;2732
MoveEast;(9, 10);MoveEast;(11, 8);False;1;2733
;(9, 10);MoveEast;(11, 8);False;1;2734
;(9, 10);MoveEast;(11, 8);False;1;2735
;(9, 10);MoveEast;(11, 8);False;1;2736
;(9, 10);MoveEast;(11, 8);False;1;2737
;(9, 10);MoveEast;(11, 8);False;1;2738
;(9, 10);MoveEast;(11, 8);False;1;2739
;(9, 10);MoveEast;(11, 8);False;1;2740
;(9, 10);MoveEast;(11, 8);False;1;2741
;(9, 10);MoveEast;(11, 8);False;1;2742
;(9, 10);MoveEast;(12, 8);False;1;2743
GrabObject;(9, 10);GrabObject;(12, 8);False;1;2744
;(9, 10);GrabObject;(12, 8);False;1;2745
;(9, 10);GrabObject;(12, 8);False;1;2746
;(9, 10);GrabObject;(12, 8);False;1;2747
;(9, 10);GrabObject;(12, 8);False;1;2748
;(9, 10);GrabObject;(12, 8);False;1;2749
MoveWest;(8, 10);GrabObject;(12, 8);False;1;2750
;(8, 10);GrabObject;(12, 8);False;1;2751
;(8, 10);GrabObject;(12, 8);False;1;2752
;(8, 10);GrabObject;(12, 8);False;1;2753
MoveWest;(7, 10);GrabObject;(12, 8);False;1;2754
;(7, 10);;(12, 8);False;1;2755
;(7, 10);MoveWest;(12, 8);False;1;2756
;(7, 10);MoveWest;(12, 8);False;1;2757
MoveWest;(6, 10);MoveWest;(12, 8);False;1;2758
;(6, 10);MoveWest;(12, 8);False;1;2759
;(6, 10);MoveWest;(12, 8);False;1;2760
;(6, 10);MoveWest;(12, 8);False;1;2761
;(6, 10);MoveWest;(12, 8);False;1;2762
MoveWest;(5, 10);MoveWest;(12, 8);False;1;2763
;(5, 10);MoveWest;(12, 8);False;1;2764
;(5, 10);MoveWest;(12, 8);False;1;2765
;(5, 10);MoveWest;(11, 8);False;1;2766
MoveWest;(4, 10);MoveWest;(11, 8);False;1;2767
;(4, 10);MoveWest;(11, 8);False;1;2768
;(4, 10);MoveWest;(11, 8);False;1;2769
MoveWest;(3, 10);MoveWest;(11, 8);False;1;2770
;(3, 10);MoveWest;(11, 8);False;1;2771
;(3, 10);MoveWest;(11, 8);False;1;2772
;(3, 10);MoveWest;(11, 8);False;1;2773
MoveWest;(2, 10);MoveWest;(11, 8);False;1;2774
;(2, 10);MoveWest;(11, 8);False;1;2775
;(2, 10);MoveWest;(11, 8);False;1;2776
;(2, 10);MoveWest;(10, 8);False;1;2777
;(2, 10);MoveWest;(10, 8);False;1;2778
;(2, 10);MoveWest;(10, 8);False;1;2779
;(2, 10);MoveWest;(10, 8);False;1;2780
;(2, 10);MoveWest;(10, 8);False;1;2781
;(2, 10);MoveWest;(10, 8);False;1;2782
MoveNorth;(2, 9);MoveWest;(10, 8);False;1;2783
;(2, 9);MoveWest;(10, 8);False;1;2784
;(2, 9);MoveWest;(10, 8);False;1;2785
;(2, 9);MoveWest;(10, 8);False;1;2786
MoveNorth;(2, 8);MoveWest;(10, 8);False;1;2787
;(2, 8);MoveWest;(9, 8);False;1;2788
;(2, 8);MoveWest;(9, 8);False;1;2789
;(2, 8);MoveWest;(9, 8);False;1;2790
;(2, 8);MoveWest;(9, 8);False;1;2791
MoveNorth;(2, 7);MoveWest;(9, 8);False;1;2792
;(2, 7);MoveWest;(9, 8);False;1;2793
;(2, 7);MoveWest;(9, 8);False;1;2794
;(2, 7);MoveWest;(9, 8);False;1;2795
;(2, 7);MoveWest;(9, 8);False;1;2796
;(2, 7);MoveWest;(9, 8);False;1;2797
;(2, 7);MoveWest;(9, 8);False;1;2798
DropObject;(2, 7);MoveWest;(8, 8);False;1;2799
;(2, 7);MoveWest;(8, 8);False;1;2800
;(2, 7);MoveWest;(8, 8);False;1;2801
;(2, 7);MoveWest;(8, 8);False;1;2802
;(2, 7);MoveWest;(8, 8);False;1;2803
;(2, 7);MoveWest;(8, 8);False;1;2804
;(2, 7);MoveWest;(8, 8);False;1;2805
;(2, 7);MoveWest;(8, 8);False;1;2806
;(2, 7);MoveWest;(8, 8);False;1;2807
;(2, 7);MoveWest;(8, 8);False;1;2808
;(2, 7);MoveWest;(8, 8);False;1;2809
;(2, 7);MoveWest;(7, 8);False;1;2810
;(2, 7);MoveWest;(7, 8);False;1;2811
;(2, 7);MoveWest;(7, 8);False;1;2812
;(2, 7);MoveWest;(7, 8);False;1;2813
;(2, 7);MoveWest;(7, 8);False;1;2814
;(2, 7);MoveWest;(7, 8);False;1;2815
;(2, 7);MoveWest;(7, 8);False;1;2816
;(2, 7);MoveWest;(7, 8);False;1;2817
MoveEast;(3, 7);MoveWest;(7, 8);False;1;2818
;(3, 7);MoveWest;(7, 8);False;1;2819
;(3, 7);MoveWest;(7, 8);False;1;2820
;(3, 7);MoveWest;(6, 8);False;1;2821
;(3, 7);GrabObject;(6, 8);False;1;2822
;(3, 7);GrabObject;(6, 8);False;1;2823
MoveEast;(4, 7);GrabObject;(6, 8);False;1;2824
;(4, 7);GrabObject;(6, 8);False;1;2825
;(4, 7);GrabObject;(6, 8);False;1;2826
;(4, 7);GrabObject;(6, 8);False;1;2827
;(4, 7);GrabObject;(6, 8);False;1;2828
;(4, 7);GrabObject;(6, 8);False;1;2829
;(4, 7);GrabObject;(6, 8);False;1;2830
;(4, 7);GrabObject;(6, 8);False;1;2831
MoveEast;(5, 7);GrabObject;(6, 8);False;1;2832
;(5, 7);;(6, 8);False;1;2833
;(5, 7);MoveWest;(6, 8);False;1;2834
;(5, 7);MoveWest;(6, 8);False;1;2835
MoveSouth;(5, 8);MoveWest;(6, 8);False;1;2836
;(5, 8);MoveWest;(6, 8);False;1;2837
;(5, 8);MoveWest;(6, 8);False;1;2838
;(5, 8);MoveWest;(6, 8);False;1;2839
;(5, 8);MoveWest;(6, 8);False;1;2840
;(5, 8);MoveWest;(6, 8);False;1;2841
;(5, 8);MoveWest;(6, 8);False;1;2842
MoveSouth;(5, 9);MoveWest;(6, 8);False;1;2843
;(5, 9);MoveWest;(5, 8);False;1;2844
;(5, 9);MoveNorthWest;(5, 8);False;1;2845
;(5, 9);MoveNorthWest;(5, 8);False;1;2846
;(5, 9);MoveNorthWest;(5, 8);False;1;2847
;(5, 9);MoveNorthWest;(5, 8);False;1;2848
;(5, 9);MoveNorthWest;(5, 8);False;1;2849
;(5, 9);MoveNorthWest;(5, 8);False;1;2850
;(5, 9);MoveNorthWest;(5, 8);False;1;2851
;(5, 9);MoveNorthWest;(5, 8);False;1;2852
MoveEast;(6, 9);MoveNorthWest;(5, 8);False;1;2853
;(6, 9);MoveNorthWest;(5, 8);False;1;2854
;(6, 9);MoveNorthWest;(4, 7);False;1;2855
;(6, 9);MoveWest;(4, 7);False;1;2856
;(6, 9);MoveWest;(4, 7);False;1;2857
MoveEast;(7, 9);MoveWest;(4, 7);False;1;2858
;(7, 9);MoveWest;(4, 7);False;1;2859
;(7, 9);MoveWest;(4, 7);False;1;2860
;(7, 9);MoveWest;(4, 7);False;1;2861
;(7, 9);MoveWest;(4, 7);False;1;2862
;(7, 9);MoveWest;(4, 7);False;1;2863
MoveSouth;(7, 10);MoveWest;(4, 7);False;1;2864
;(7, 10);MoveWest;(4, 7);False;1;2865
;(7, 10);MoveWest;(3, 7);False;1;2866
;(7, 10);MoveNorthWest;(3, 7);False;1;2867
;(7, 10);MoveNorthWest;(3, 7);False;1;2868
;(7, 10);MoveNorthWest;(3, 7);False;1;2869
;(7, 10);MoveNorthWest;(3, 7);False;1;2870
;(7, 10);MoveNorthWest;(3, 7);False;1;2871
;(7, 10);MoveNorthWest;(3, 7);False;1;2872
;(7, 10);MoveNorthWest;(3, 7);False;1;2873
GrabObject;(7, 10);MoveNorthWest;(3, 7);False;1;2874
;(7, 10);MoveNorthWest;(3, 7);False;1;2875
;(7, 10);MoveNorthWest;(3, 7);False;1;2876
;(7, 10);MoveNorthWest;(2, 6);False;1;2877
;(7, 10);MoveWest;(2, 6);False;1;2878
MoveWest;(6, 10);MoveWest;(2, 6);False;1;2879
;(6, 10);MoveWest;(2, 6);False;1;2880
;(6, 10);MoveWest;(2, 6);False;1;2881
;(6, 10);MoveWest;(2, 6);False;1;2882
;(6, 10);MoveWest;(2, 6);False;1;2883
MoveWest;(5, 10);MoveWest;(2, 6);False;1;2884
;(5, 10);MoveWest;(2, 6);False;1;2885
;(5, 10);MoveWest;(2, 6);False;1;2886
;(5, 10);MoveWest;(2, 6);False;1;2887
;(5, 10);MoveWest;(1, 6);False;1;2888
;(5, 10);DropObject;(1, 6);False;1;2889
MoveWest;(4, 10);DropObject;(1, 6);False;1;2890
;(4, 10);DropObject;(1, 6);False;1;2891
;(4, 10);DropObject;(1, 6);False;1;2892
;(4, 10);DropObject;(1, 6);False;1;2893
;(4, 10);DropObject;(1, 6);False;1;2894
MoveWest;(3, 10);DropObject;(1, 6);False;1;2895
;(3, 10);DropObject;(1, 6);False;1;2896
;(3, 10);DropObject;(1, 6);False;1;2897
;(3, 10);DropObject;(1, 6);False;1;2898
;(3, 10);DropObject;(1, 6);False;1;2899
MoveWest;(2, 10);DropObject;(1, 6);False;1;2900
;(2, 10);DropObject;(1, 6);False;1;2901
;(2, 10);DropObject;(1, 6);False;1;2902
;(2, 10);DropObject;(1, 6);False;1;2903
;(2, 10);DropObject;(1, 6);False;1;2904
;(2, 10);DropObject;(1, 6);False;1;2905
MoveWest;(1, 10);DropObject;(1, 6);False;1;2906
;(1, 10);DropObject;(1, 6);False;1;2907
;(1, 10);DropObject;(1, 6);False;1;2908
;(1, 10);DropObject;(1, 6);False;1;2909
MoveWest;(0, 10);DropObject;(1, 6);False;1;2910
;(0, 10);;(1, 6);False;1;2911
;(0, 10);Idle;(1, 6);False;1;2912
;(0, 10);Idle;(1, 6);False;1;2913
;(0, 10);Idle;(1, 6);False;1;2914
;(0, 10);Idle;(1, 6);False;1;2915
;(0, 10);Idle;(1, 6);False;1;2916
;(0, 10);Idle;(1, 6);False;1;2917
;(0, 10);Idle;(1, 6);False;1;2918
;(0, 10);Idle;(1, 6);False;1;2919
;(0, 10);Idle;(1, 6);False;1;2920
;(0, 10);Idle;(1, 6);False;1;2921
;(0, 10);Idle;(1, 6);False;1;2922
;(0, 10);Idle;(1, 6);False;1;2923
;(0, 10);Idle;(1, 6);False;1;2924
;(0, 10);Idle;(1, 6);False;1;2925
;(0, 10);Idle;(1, 6);False;1;2926
;(0, 10);Idle;(1, 6);False;1;2927
;(0, 10);Idle;(1, 6);False;1;2928
;(0, 10);Idle;(1, 6);False;1;2929
MoveWest;(0, 10);Idle;(1, 6);False;1;2930
;(0, 10);Idle;(1, 6);False;1;2931
;(0, 10);Idle;(1, 6);False;1;2932
;(0, 10);Idle;(1, 6);False;1;2933
;(0, 10);Idle;(1, 6);False;1;2934
;(0, 10);Idle;(1, 6);False;1;2935
;(0, 10);Idle;(1, 6);False;1;2936
DropObject;(0, 10);Idle;(1, 6);False;1;2937
;(0, 10);Idle;(1, 6);False;1;2938
;(0, 10);Idle;(1, 6);False;1;2939
;(0, 10);Idle;(1, 6);False;1;2940
;(0, 10);Idle;(1, 6);False;1;2941
;(0, 10);Idle;(1, 6);False;1;2942
;(0, 10);Idle;(1, 6);False;1;2943
;(0, 10);Idle;(1, 6);False;1;2944
;(0, 10);Idle;(1, 6);False;1;2945
;(0, 10);Idle;(1, 6);False;1;2946
;(0, 10);Idle;(1, 6);False;1;2947
MoveEast;(1, 10);Idle;(1, 6);False;1;2948
;(1, 10);Idle;(1, 6);False;1;2949
;(1, 10);Idle;(1, 6);False;1;2950
;(1, 10);Idle;(1, 6);False;1;2951
;(1, 10);Idle;(1, 6);False;1;2952
MoveEast;(2, 10);Idle;(1, 6);False;1;2953
;(2, 10);Idle;(1, 6);False;1;2954
;(2, 10);Idle;(1, 6);False;1;2955
;(2, 10);Idle;(1, 6);False;1;2956
;(2, 10);Idle;(1, 6);False;1;2957
;(2, 10);Idle;(1, 6);False;1;2958
;(2, 10);Idle;(1, 6);False;1;2959
;(2, 10);Idle;(1, 6);False;1;2960
;(2, 10);Idle;(1, 6);False;1;2961
MoveEast;(3, 10);Idle;(1, 6);False;1;2962
;(3, 10);Idle;(1, 6);False;1;2963
;(3, 10);Idle;(1, 6);False;1;2964
;(3, 10);Idle;(1, 6);False;1;2965
;(3, 10);Idle;(1, 6);False;1;2966
;(3, 10);;(1, 6);False;1;2967
;(3, 10);MoveEast;(1, 6);False;1;2968
MoveEast;(4, 10);MoveEast;(1, 6);False;1;2969
;(4, 10);MoveEast;(1, 6);False;1;2970
;(4, 10);MoveEast;(1, 6);False;1;2971
;(4, 10);MoveEast;(1, 6);False;1;2972
;(4, 10);MoveEast;(1, 6);False;1;2973
;(4, 10);MoveEast;(1, 6);False;1;2974
;(4, 10);MoveEast;(1, 6);False;1;2975
;(4, 10);MoveEast;(1, 6);False;1;2976
;(4, 10);MoveEast;(1, 6);False;1;2977
;(4, 10);MoveEast;(2, 6);False;1;2978
;(4, 10);MoveEast;(2, 6);False;1;2979
;(4, 10);MoveEast;(2, 6);False;1;2980
;(4, 10);MoveEast;(2, 6);False;1;2981
MoveEast;(5, 10);MoveEast;(2, 6);False;1;2982
;(5, 10);MoveEast;(2, 6);False;1;2983
;(5, 10);MoveEast;(2, 6);False;1;2984
;(5, 10);MoveEast;(2, 6);False;1;2985
;(5, 10);MoveEast;(2, 6);False;1;2986
;(5, 10);MoveEast;(2, 6);False;1;2987
;(5, 10);MoveEast;(2, 6);False;1;2988
;(5, 10);MoveEast;(3, 6);False;1;2989
;(5, 10);MoveWest;(3, 6);False;1;2990
;(5, 10);MoveWest;(3, 6);False;1;2991
;(5, 10);MoveWest;(3, 6);False;1;2992
MoveEast;(6, 10);MoveWest;(3, 6);False;1;2993
;(6, 10);MoveWest;(3, 6);False;1;2994
;(6, 10);MoveWest;(3, 6);False;1;2995
;(6, 10);MoveWest;(3, 6);False;1;2996
;(6, 10);MoveWest;(3, 6);False;1;2997
;(6, 10);MoveWest;(3, 6);False;1;2998
;(6, 10);MoveWest;(3, 6);False;1;2999
;(6, 10);MoveWest;(2, 6);False;1;3000
;(6, 10);;(2, 6);False;1;3001
;(6, 10);;(2, 6);False;1;3002
GrabObject;(6, 10);;(2, 6);False;1;3003
;(6, 10);;(2, 6);False;1;3004
;(6, 10);;(2, 6);False;1;3005
;(6, 10);;(2, 6);False;1;3006
;(6, 10);;(2, 6);False;1;3007
;(6, 10);;(2, 6);False;1;3008
;(6, 10);;(2, 6);False;1;3009
;(6, 10);;(2, 6);False;1;3010
;(6, 10);;(2, 6);False;1;3011
;(6, 10);;(2, 6);False;1;3012
;(6, 10);;(2, 6);False;1;3013
;(6, 10);;(2, 6);False;1;3014
;(6, 10);;(2, 6);False;1;3015
;(6, 10);;(2, 6);False;1;3016
;(6, 10);;(2, 6);False;1;3017
MoveWest;(5, 10);;(2, 6);False;1;3018
;(5, 10);;(2, 6);False;1;3019
