tick;corrected_tick;remaining_distance;victim_harm;idle_time_robot;q_table_cps;q_table_cps_runs;q_table_basic;world_nr;tick_nr
2578;2559;13;1000;1;;;"                     Move back and forth  Stand Still    Pick up       Drop      Break
[4, 'equal', False]           -13.000000    -5.473356 -12.296686  -6.811464 -10.766787
[4, 'human', False]            -9.075000    -6.616563  -9.357660  -3.500000  -9.000000
[3, 'human', True]             -7.000000   -13.800000  -2.048600  -6.270900  -6.300000
[3, 'equal', False]           -11.500000   -20.241922  -4.790000 -17.650000 -40.000000
[3, 'human', False]            -9.150000    -6.634922 -11.093400  -3.403000  -5.176200
[2, 'equal', False]           -58.500000   -27.250000   4.514418 -12.278861  -9.500000
[2, 'human', False]            -4.000000    -3.750000  -5.075000   0.000000  -7.150000
[2, 'equal', True]             -4.150000    -4.130361   1.425801  -5.650000 -26.650260
[4, 'equal', True]             -8.308000    -5.687120  -3.000000   0.000000   0.000000
[4, 'robot', True]             -4.150000     0.000000   0.000000   0.000000   0.000000
[3, 'equal', True]             -7.000000    -6.698000  -3.500000 -27.500000  -6.724000
[3, 'robot', True]             -4.000000    -3.500000   1.500000   0.000000   0.000000
[3, 'robot', False]            -7.000000    -2.910500  -1.200000  -2.495000  -2.500000
[2, 'robot', True]             -7.000000   -20.520000  -0.900000 -20.150000  -1.000000
[2, 'robot', False]            -7.150000   -11.000000   0.000000 -43.000000   0.000000
[4, 'robot', False]             0.000000     0.000000   0.000000   0.000000   1.000000
[1, 'equal', True]             -7.000000    -3.500000   0.000000 -26.000000  -2.000000
[1, 'equal', False]            -7.000000    -0.500000   0.000000   0.000000   0.000000
[4, 'human', True]             -4.376500     0.000000   0.000000   0.000000 -17.800000
[2, 'human', True]             -7.891716    -3.500000   1.324594   0.000000   0.000000";1;2578
