human_selector_action;human_selector_location;robot_action;robot_location;robot_executing_cp;world_nr;tick_nr
;(3, 4);;(4, 4);False;1;0
;(3, 4);;(4, 4);False;1;1
;(3, 4);;(4, 4);Move Large;1;2
;(3, 4);;(4, 4);Move Large;1;3
;(3, 4);;(4, 4);Move Large;1;4
;(3, 4);;(4, 4);Move Large;1;5
;(3, 4);;(4, 4);Move Large;1;6
;(3, 4);;(4, 4);Move Large;1;7
;(3, 4);;(4, 4);Move Large;1;8
;(3, 4);;(4, 4);Move Large;1;9
;(3, 4);;(4, 4);Move Large;1;10
;(3, 4);;(4, 4);Move Large;1;11
;(3, 4);;(4, 4);Move Large;1;12
;(3, 4);;(4, 4);Move Large;1;13
;(3, 4);;(4, 4);Move Large;1;14
;(3, 4);;(4, 4);Move Large;1;15
;(3, 4);;(4, 4);Move Large;1;16
;(3, 4);;(4, 4);Move Large;1;17
;(3, 4);;(4, 4);Move Large;1;18
;(3, 4);;(4, 4);Move Large;1;19
;(3, 4);;(4, 4);Move Large;1;20
;(3, 4);;(4, 4);Move Large;1;21
;(3, 4);;(4, 4);Move Large;1;22
;(3, 4);;(4, 4);Move Large;1;23
;(3, 4);;(4, 4);Move Large;1;24
;(3, 4);;(4, 4);Move Large;1;25
;(3, 4);;(4, 4);Move Large;1;26
;(3, 4);;(4, 4);Move Large;1;27
;(3, 4);;(4, 4);Move Large;1;28
MoveEast;(4, 4);;(4, 4);Move Large;1;29
;(4, 4);;(4, 4);Move Large;1;30
;(4, 4);;(4, 4);Move Large;1;31
;(4, 4);;(4, 4);Move Large;1;32
;(4, 4);;(4, 4);Move Large;1;33
;(4, 4);;(4, 4);Move Large;1;34
;(4, 4);;(4, 4);Move Large;1;35
;(4, 4);;(4, 4);Move Large;1;36
;(4, 4);;(4, 4);Move Large;1;37
;(4, 4);;(4, 4);Move Large;1;38
;(4, 4);;(4, 4);Move Large;1;39
;(4, 4);;(4, 4);Move Large;1;40
;(4, 4);;(4, 4);Move Large;1;41
;(4, 4);;(4, 4);Move Large;1;42
;(4, 4);;(4, 4);Move Large;1;43
;(4, 4);;(4, 4);Move Large;1;44
;(4, 4);;(4, 4);Move Large;1;45
;(4, 4);;(4, 4);Move Large;1;46
;(4, 4);;(4, 4);Move Large;1;47
;(4, 4);;(4, 4);Move Large;1;48
;(4, 4);;(4, 4);Move Large;1;49
;(4, 4);;(4, 4);Move Large;1;50
;(4, 4);;(4, 4);Move Large;1;51
;(4, 4);;(4, 4);Move Large;1;52
;(4, 4);;(4, 4);Move Large;1;53
;(4, 4);;(4, 4);Move Large;1;54
;(4, 4);;(4, 4);Move Large;1;55
MoveEast;(5, 4);;(4, 4);Move Large;1;56
;(5, 4);;(4, 4);Move Large;1;57
;(5, 4);;(4, 4);Move Large;1;58
;(5, 4);;(4, 4);Move Large;1;59
;(5, 4);;(4, 4);Move Large;1;60
;(5, 4);;(4, 4);Move Large;1;61
;(5, 4);;(4, 4);Move Large;1;62
;(5, 4);;(4, 4);Move Large;1;63
MoveEast;(6, 4);;(4, 4);Move Large;1;64
;(6, 4);;(4, 4);Move Large;1;65
;(6, 4);;(4, 4);Move Large;1;66
;(6, 4);;(4, 4);Move Large;1;67
;(6, 4);;(4, 4);Move Large;1;68
MoveEast;(7, 4);;(4, 4);Move Large;1;69
;(7, 4);;(4, 4);Move Large;1;70
;(7, 4);;(4, 4);Move Large;1;71
;(7, 4);;(4, 4);Move Large;1;72
;(7, 4);;(4, 4);Move Large;1;73
;(7, 4);;(4, 4);Move Large;1;74
;(7, 4);;(4, 4);Move Large;1;75
;(7, 4);;(4, 4);Move Large;1;76
;(7, 4);;(4, 4);Move Large;1;77
;(7, 4);;(4, 4);Move Large;1;78
;(7, 4);;(4, 4);Move Large;1;79
;(7, 4);;(4, 4);Move Large;1;80
;(7, 4);;(4, 4);Move Large;1;81
;(7, 4);;(4, 4);Move Large;1;82
;(7, 4);;(4, 4);Move Large;1;83
;(7, 4);;(4, 4);Move Large;1;84
;(7, 4);;(4, 4);Move Large;1;85
;(7, 4);;(4, 4);Move Large;1;86
;(7, 4);;(4, 4);Move Large;1;87
;(7, 4);;(4, 4);Move Large;1;88
;(7, 4);;(4, 4);Move Large;1;89
;(7, 4);;(4, 4);Move Large;1;90
;(7, 4);;(4, 4);Move Large;1;91
;(7, 4);;(4, 4);Move Large;1;92
;(7, 4);;(4, 4);Move Large;1;93
;(7, 4);;(4, 4);Move Large;1;94
;(7, 4);;(4, 4);Move Large;1;95
;(7, 4);;(4, 4);Move Large;1;96
;(7, 4);;(4, 4);Move Large;1;97
;(7, 4);;(4, 4);Move Large;1;98
;(7, 4);;(4, 4);Move Large;1;99
;(7, 4);;(4, 4);Move Large;1;100
;(7, 4);;(4, 4);Move Large;1;101
;(7, 4);;(4, 4);Move Large;1;102
;(7, 4);;(4, 4);Move Large;1;103
;(7, 4);;(4, 4);Move Large;1;104
;(7, 4);;(4, 4);Move Large;1;105
;(7, 4);;(4, 4);Move Large;1;106
;(7, 4);;(4, 4);Move Large;1;107
;(7, 4);;(4, 4);Move Large;1;108
;(7, 4);;(4, 4);Move Large;1;109
;(7, 4);;(4, 4);Move Large;1;110
;(7, 4);;(4, 4);Move Large;1;111
;(7, 4);;(4, 4);Move Large;1;112
;(7, 4);;(4, 4);Move Large;1;113
;(7, 4);;(4, 4);Move Large;1;114
;(7, 4);;(4, 4);Move Large;1;115
;(7, 4);;(4, 4);Move Large;1;116
;(7, 4);;(4, 4);Move Large;1;117
;(7, 4);;(4, 4);Move Large;1;118
;(7, 4);;(4, 4);Move Large;1;119
;(7, 4);;(4, 4);Move Large;1;120
;(7, 4);;(4, 4);Move Large;1;121
;(7, 4);;(4, 4);Move Large;1;122
;(7, 4);;(4, 4);Move Large;1;123
;(7, 4);;(4, 4);Move Large;1;124
;(7, 4);;(4, 4);Move Large;1;125
;(7, 4);;(4, 4);Move Large;1;126
;(7, 4);;(4, 4);Move Large;1;127
;(7, 4);;(4, 4);Move Large;1;128
;(7, 4);;(4, 4);Move Large;1;129
;(7, 4);;(4, 4);Move Large;1;130
;(7, 4);;(4, 4);Move Large;1;131
;(7, 4);;(4, 4);Move Large;1;132
;(7, 4);;(4, 4);Move Large;1;133
;(7, 4);;(4, 4);Move Large;1;134
;(7, 4);;(4, 4);Move Large;1;135
;(7, 4);;(4, 4);Move Large;1;136
;(7, 4);;(4, 4);Move Large;1;137
;(7, 4);;(4, 4);Move Large;1;138
;(7, 4);;(4, 4);Move Large;1;139
;(7, 4);;(4, 4);Move Large;1;140
;(7, 4);;(4, 4);Move Large;1;141
;(7, 4);;(4, 4);Move Large;1;142
;(7, 4);;(4, 4);Move Large;1;143
;(7, 4);;(4, 4);Move Large;1;144
;(7, 4);;(4, 4);Move Large;1;145
;(7, 4);;(4, 4);Move Large;1;146
;(7, 4);;(4, 4);Move Large;1;147
;(7, 4);;(4, 4);Move Large;1;148
;(7, 4);;(4, 4);Move Large;1;149
;(7, 4);;(4, 4);Move Large;1;150
;(7, 4);;(4, 4);Move Large;1;151
;(7, 4);;(4, 4);Move Large;1;152
;(7, 4);;(4, 4);Move Large;1;153
;(7, 4);;(4, 4);Move Large;1;154
;(7, 4);;(4, 4);Move Large;1;155
;(7, 4);;(4, 4);Move Large;1;156
;(7, 4);;(4, 4);Move Large;1;157
;(7, 4);;(4, 4);Move Large;1;158
;(7, 4);;(4, 4);Move Large;1;159
;(7, 4);;(4, 4);Move Large;1;160
;(7, 4);;(4, 4);Move Large;1;161
;(7, 4);;(4, 4);Move Large;1;162
;(7, 4);;(4, 4);Move Large;1;163
;(7, 4);;(4, 4);Move Large;1;164
;(7, 4);;(4, 4);Move Large;1;165
;(7, 4);;(4, 4);Move Large;1;166
;(7, 4);;(4, 4);Move Large;1;167
;(7, 4);;(4, 4);Move Large;1;168
;(7, 4);;(4, 4);Move Large;1;169
;(7, 4);;(4, 4);Move Large;1;170
;(7, 4);;(4, 4);Move Large;1;171
;(7, 4);;(4, 4);Move Large;1;172
;(7, 4);;(4, 4);Move Large;1;173
;(7, 4);;(4, 4);Move Large;1;174
;(7, 4);;(4, 4);Move Large;1;175
;(7, 4);;(4, 4);Move Large;1;176
;(7, 4);;(4, 4);Move Large;1;177
;(7, 4);;(4, 4);Move Large;1;178
;(7, 4);;(4, 4);Move Large;1;179
;(7, 4);;(4, 4);Move Large;1;180
;(7, 4);;(4, 4);Move Large;1;181
;(7, 4);;(4, 4);Move Large;1;182
;(7, 4);;(4, 4);Move Large;1;183
;(7, 4);;(4, 4);Move Large;1;184
;(7, 4);;(4, 4);Move Large;1;185
;(7, 4);;(4, 4);Move Large;1;186
;(7, 4);;(4, 4);Move Large;1;187
;(7, 4);;(4, 4);Move Large;1;188
;(7, 4);;(4, 4);Move Large;1;189
;(7, 4);;(4, 4);Move Large;1;190
;(7, 4);;(4, 4);Move Large;1;191
;(7, 4);;(4, 4);Move Large;1;192
;(7, 4);;(4, 4);Move Large;1;193
;(7, 4);;(4, 4);Move Large;1;194
;(7, 4);;(4, 4);Move Large;1;195
;(7, 4);;(4, 4);Move Large;1;196
;(7, 4);;(4, 4);Move Large;1;197
;(7, 4);;(4, 4);Move Large;1;198
;(7, 4);;(4, 4);Move Large;1;199
;(7, 4);;(4, 4);Move Large;1;200
;(7, 4);;(4, 4);Move Large;1;201
;(7, 4);;(4, 4);Move Large;1;202
;(7, 4);;(4, 4);Move Large;1;203
;(7, 4);;(4, 4);Move Large;1;204
;(7, 4);;(4, 4);Move Large;1;205
;(7, 4);;(4, 4);Move Large;1;206
;(7, 4);;(4, 4);Move Large;1;207
;(7, 4);;(4, 4);Move Large;1;208
;(7, 4);;(4, 4);Move Large;1;209
;(7, 4);;(4, 4);Move Large;1;210
;(7, 4);;(4, 4);Move Large;1;211
;(7, 4);;(4, 4);Move Large;1;212
;(7, 4);;(4, 4);Move Large;1;213
;(7, 4);;(4, 4);Move Large;1;214
;(7, 4);;(4, 4);Move Large;1;215
;(7, 4);;(4, 4);Move Large;1;216
;(7, 4);;(4, 4);Move Large;1;217
;(7, 4);;(4, 4);Move Large;1;218
;(7, 4);;(4, 4);Move Large;1;219
;(7, 4);;(4, 4);Move Large;1;220
;(7, 4);;(4, 4);Move Large;1;221
;(7, 4);;(4, 4);Move Large;1;222
;(7, 4);;(4, 4);Move Large;1;223
;(7, 4);;(4, 4);Move Large;1;224
;(7, 4);;(4, 4);Move Large;1;225
;(7, 4);;(4, 4);Move Large;1;226
;(7, 4);;(4, 4);Move Large;1;227
;(7, 4);;(4, 4);Move Large;1;228
;(7, 4);;(4, 4);Move Large;1;229
;(7, 4);;(4, 4);Move Large;1;230
;(7, 4);;(4, 4);Move Large;1;231
;(7, 4);;(4, 4);Move Large;1;232
;(7, 4);;(4, 4);Move Large;1;233
;(7, 4);;(4, 4);Move Large;1;234
GrabObject;(7, 4);;(4, 4);Move Large;1;235
;(7, 4);;(4, 4);Move Large;1;236
;(7, 4);;(4, 4);Move Large;1;237
;(7, 4);;(4, 4);Move Large;1;238
;(7, 4);;(4, 4);Move Large;1;239
;(7, 4);;(4, 4);Move Large;1;240
;(7, 4);;(4, 4);Move Large;1;241
;(7, 4);;(4, 4);Move Large;1;242
;(7, 4);;(4, 4);Move Large;1;243
;(7, 4);;(4, 4);Move Large;1;244
;(7, 4);;(4, 4);Move Large;1;245
;(7, 4);;(4, 4);Move Large;1;246
;(7, 4);;(4, 4);Move Large;1;247
;(7, 4);;(4, 4);Move Large;1;248
;(7, 4);;(4, 4);Move Large;1;249
;(7, 4);;(4, 4);Move Large;1;250
;(7, 4);;(4, 4);Move Large;1;251
;(7, 4);;(4, 4);Move Large;1;252
;(7, 4);;(4, 4);Move Large;1;253
;(7, 4);;(4, 4);Move Large;1;254
;(7, 4);;(4, 4);Move Large;1;255
;(7, 4);;(4, 4);Move Large;1;256
;(7, 4);;(4, 4);Move Large;1;257
;(7, 4);;(4, 4);Move Large;1;258
;(7, 4);;(4, 4);Move Large;1;259
;(7, 4);;(4, 4);Move Large;1;260
;(7, 4);;(4, 4);Move Large;1;261
;(7, 4);;(4, 4);Move Large;1;262
;(7, 4);;(4, 4);Move Large;1;263
;(7, 4);;(4, 4);Move Large;1;264
;(7, 4);;(4, 4);Move Large;1;265
;(7, 4);;(4, 4);Move Large;1;266
;(7, 4);;(4, 4);Move Large;1;267
;(7, 4);;(4, 4);Move Large;1;268
;(7, 4);;(4, 4);Move Large;1;269
;(7, 4);;(4, 4);Move Large;1;270
;(7, 4);;(4, 4);Move Large;1;271
;(7, 4);;(4, 4);Move Large;1;272
;(7, 4);;(4, 4);Move Large;1;273
;(7, 4);;(4, 4);Move Large;1;274
;(7, 4);;(4, 4);Move Large;1;275
;(7, 4);;(4, 4);Move Large;1;276
;(7, 4);;(4, 4);Move Large;1;277
;(7, 4);;(4, 4);Move Large;1;278
;(7, 4);;(4, 4);Move Large;1;279
;(7, 4);;(4, 4);Move Large;1;280
;(7, 4);;(4, 4);Move Large;1;281
;(7, 4);;(4, 4);Move Large;1;282
MoveEast;(8, 4);;(4, 4);Move Large;1;283
;(8, 4);;(4, 4);Move Large;1;284
;(8, 4);;(4, 4);Move Large;1;285
;(8, 4);;(4, 4);Move Large;1;286
;(8, 4);;(4, 4);Move Large;1;287
;(8, 4);;(4, 4);Move Large;1;288
;(8, 4);;(4, 4);Move Large;1;289
;(8, 4);;(4, 4);Move Large;1;290
;(8, 4);;(4, 4);Move Large;1;291
;(8, 4);;(4, 4);Move Large;1;292
;(8, 4);;(4, 4);Move Large;1;293
;(8, 4);;(4, 4);Move Large;1;294
;(8, 4);;(4, 4);Move Large;1;295
;(8, 4);;(4, 4);Move Large;1;296
;(8, 4);;(4, 4);Move Large;1;297
MoveNorth;(8, 3);;(4, 4);Move Large;1;298
;(8, 3);;(4, 4);Move Large;1;299
;(8, 3);;(4, 4);Move Large;1;300
;(8, 3);;(4, 4);Move Large;1;301
;(8, 3);;(4, 4);Move Large;1;302
;(8, 3);;(4, 4);Move Large;1;303
;(8, 3);;(4, 4);Move Large;1;304
;(8, 3);;(4, 4);Move Large;1;305
;(8, 3);;(4, 4);Move Large;1;306
;(8, 3);;(4, 4);Move Large;1;307
;(8, 3);;(4, 4);Move Large;1;308
;(8, 3);;(4, 4);Move Large;1;309
;(8, 3);;(4, 4);Move Large;1;310
;(8, 3);;(4, 4);Move Large;1;311
;(8, 3);;(4, 4);Move Large;1;312
;(8, 3);;(4, 4);Move Large;1;313
;(8, 3);;(4, 4);Move Large;1;314
;(8, 3);;(4, 4);Move Large;1;315
GrabObject;(8, 3);;(4, 4);Move Large;1;316
;(8, 3);;(4, 4);Move Large;1;317
;(8, 3);;(4, 4);Move Large;1;318
;(8, 3);;(4, 4);Move Large;1;319
;(8, 3);;(4, 4);Move Large;1;320
;(8, 3);;(4, 4);Move Large;1;321
;(8, 3);;(4, 4);Move Large;1;322
;(8, 3);;(4, 4);Move Large;1;323
;(8, 3);;(4, 4);Move Large;1;324
;(8, 3);;(4, 4);Move Large;1;325
;(8, 3);;(4, 4);Move Large;1;326
;(8, 3);;(4, 4);Move Large;1;327
;(8, 3);;(4, 4);Move Large;1;328
MoveEast;(9, 3);;(4, 4);Move Large;1;329
;(9, 3);;(4, 4);Move Large;1;330
;(9, 3);;(4, 4);Move Large;1;331
;(9, 3);;(4, 4);Move Large;1;332
;(9, 3);;(4, 4);Move Large;1;333
;(9, 3);;(4, 4);Move Large;1;334
;(9, 3);;(4, 4);Move Large;1;335
MoveEast;(10, 3);;(4, 4);Move Large;1;336
;(10, 3);;(4, 4);Move Large;1;337
;(10, 3);;(4, 4);Move Large;1;338
MoveEast;(11, 3);;(4, 4);Move Large;1;339
;(11, 3);;(4, 4);Move Large;1;340
;(11, 3);;(4, 4);Move Large;1;341
;(11, 3);;(4, 4);Move Large;1;342
MoveEast;(12, 3);;(4, 4);Move Large;1;343
;(12, 3);;(4, 4);Move Large;1;344
;(12, 3);;(4, 4);Move Large;1;345
;(12, 3);;(4, 4);Move Large;1;346
;(12, 3);;(4, 4);Move Large;1;347
MoveEast;(13, 3);;(4, 4);Move Large;1;348
;(13, 3);;(4, 4);Move Large;1;349
;(13, 3);;(4, 4);Move Large;1;350
;(13, 3);;(4, 4);Move Large;1;351
;(13, 3);;(4, 4);Move Large;1;352
MoveEast;(14, 3);;(4, 4);Move Large;1;353
;(14, 3);;(4, 4);Move Large;1;354
;(14, 3);;(4, 4);Move Large;1;355
;(14, 3);;(4, 4);Move Large;1;356
;(14, 3);;(4, 4);Move Large;1;357
;(14, 3);;(4, 4);Move Large;1;358
;(14, 3);;(4, 4);Move Large;1;359
;(14, 3);;(4, 4);Move Large;1;360
;(14, 3);;(4, 4);Move Large;1;361
;(14, 3);;(4, 4);Move Large;1;362
MoveEast;(15, 3);;(4, 4);Move Large;1;363
;(15, 3);;(4, 4);Move Large;1;364
;(15, 3);;(4, 4);Move Large;1;365
;(15, 3);;(4, 4);Move Large;1;366
;(15, 3);;(4, 4);Move Large;1;367
;(15, 3);;(4, 4);Move Large;1;368
;(15, 3);;(4, 4);Move Large;1;369
;(15, 3);;(4, 4);Move Large;1;370
;(15, 3);;(4, 4);Move Large;1;371
;(15, 3);;(4, 4);Move Large;1;372
;(15, 3);;(4, 4);Move Large;1;373
;(15, 3);;(4, 4);Move Large;1;374
;(15, 3);;(4, 4);Move Large;1;375
;(15, 3);;(4, 4);Move Large;1;376
;(15, 3);;(4, 4);Move Large;1;377
;(15, 3);;(4, 4);Move Large;1;378
;(15, 3);;(4, 4);Move Large;1;379
DropObject;(15, 3);;(4, 4);Move Large;1;380
;(15, 3);;(4, 4);Move Large;1;381
;(15, 3);;(4, 4);Move Large;1;382
;(15, 3);;(4, 4);Move Large;1;383
;(15, 3);;(4, 4);Move Large;1;384
;(15, 3);;(4, 4);Move Large;1;385
;(15, 3);;(4, 4);Move Large;1;386
;(15, 3);;(4, 4);Move Large;1;387
;(15, 3);;(4, 4);Move Large;1;388
;(15, 3);;(4, 4);Move Large;1;389
;(15, 3);;(4, 4);Move Large;1;390
;(15, 3);;(4, 4);Move Large;1;391
;(15, 3);;(4, 4);Move Large;1;392
;(15, 3);;(4, 4);Move Large;1;393
;(15, 3);;(4, 4);Move Large;1;394
;(15, 3);;(4, 4);Move Large;1;395
;(15, 3);;(4, 4);Move Large;1;396
;(15, 3);;(4, 4);Move Large;1;397
;(15, 3);;(4, 4);Move Large;1;398
;(15, 3);;(4, 4);Move Large;1;399
;(15, 3);;(4, 4);Move Large;1;400
;(15, 3);;(4, 4);Move Large;1;401
;(15, 3);;(4, 4);Move Large;1;402
;(15, 3);;(4, 4);Move Large;1;403
;(15, 3);;(4, 4);Move Large;1;404
;(15, 3);;(4, 4);Move Large;1;405
;(15, 3);;(4, 4);Move Large;1;406
;(15, 3);;(4, 4);Move Large;1;407
;(15, 3);;(4, 4);Move Large;1;408
;(15, 3);;(4, 4);Move Large;1;409
;(15, 3);;(4, 4);Move Large;1;410
;(15, 3);;(4, 4);Move Large;1;411
;(15, 3);;(4, 4);Move Large;1;412
;(15, 3);;(4, 4);Move Large;1;413
;(15, 3);;(4, 4);Move Large;1;414
;(15, 3);;(4, 4);Move Large;1;415
;(15, 3);;(4, 4);Move Large;1;416
;(15, 3);;(4, 4);Move Large;1;417
;(15, 3);;(4, 4);Move Large;1;418
;(15, 3);;(4, 4);Move Large;1;419
;(15, 3);;(4, 4);Move Large;1;420
;(15, 3);;(4, 4);Move Large;1;421
;(15, 3);;(4, 4);Move Large;1;422
;(15, 3);;(4, 4);Move Large;1;423
;(15, 3);;(4, 4);Move Large;1;424
;(15, 3);;(4, 4);Move Large;1;425
MoveWest;(14, 3);;(4, 4);Move Large;1;426
;(14, 3);;(4, 4);Move Large;1;427
;(14, 3);;(4, 4);Move Large;1;428
;(14, 3);;(4, 4);Move Large;1;429
;(14, 3);;(4, 4);Move Large;1;430
MoveWest;(13, 3);;(4, 4);Move Large;1;431
;(13, 3);;(4, 4);Move Large;1;432
;(13, 3);;(4, 4);Move Large;1;433
;(13, 3);;(4, 4);Move Large;1;434
;(13, 3);;(4, 4);Move Large;1;435
;(13, 3);;(4, 4);Move Large;1;436
MoveWest;(12, 3);;(4, 4);Move Large;1;437
;(12, 3);;(4, 4);Move Large;1;438
;(12, 3);;(4, 4);Move Large;1;439
;(12, 3);;(4, 4);Move Large;1;440
;(12, 3);;(4, 4);Move Large;1;441
MoveWest;(11, 3);;(4, 4);Move Large;1;442
;(11, 3);;(4, 4);Move Large;1;443
;(11, 3);;(4, 4);Move Large;1;444
;(11, 3);;(4, 4);Move Large;1;445
;(11, 3);;(4, 4);Move Large;1;446
;(11, 3);;(4, 4);Move Large;1;447
MoveWest;(10, 3);;(4, 4);Move Large;1;448
;(10, 3);;(4, 4);Move Large;1;449
;(10, 3);;(4, 4);Move Large;1;450
;(10, 3);;(4, 4);Move Large;1;451
;(10, 3);;(4, 4);Move Large;1;452
;(10, 3);;(4, 4);Move Large;1;453
;(10, 3);;(4, 4);Move Large;1;454
;(10, 3);;(4, 4);Move Large;1;455
;(10, 3);;(4, 4);Move Large;1;456
;(10, 3);;(4, 4);Move Large;1;457
;(10, 3);;(4, 4);Move Large;1;458
;(10, 3);;(4, 4);Move Large;1;459
;(10, 3);;(4, 4);Move Large;1;460
;(10, 3);;(4, 4);Move Large;1;461
MoveSouth;(10, 4);;(4, 4);Move Large;1;462
;(10, 4);;(4, 4);Move Large;1;463
;(10, 4);;(4, 4);Move Large;1;464
;(10, 4);;(4, 4);Move Large;1;465
;(10, 4);;(4, 4);Move Large;1;466
;(10, 4);;(4, 4);Move Large;1;467
;(10, 4);;(4, 4);Move Large;1;468
;(10, 4);;(4, 4);Move Large;1;469
;(10, 4);;(4, 4);Move Large;1;470
;(10, 4);;(4, 4);Move Large;1;471
;(10, 4);;(4, 4);Move Large;1;472
;(10, 4);;(4, 4);Move Large;1;473
;(10, 4);;(4, 4);Move Large;1;474
;(10, 4);;(4, 4);Move Large;1;475
;(10, 4);;(4, 4);Move Large;1;476
;(10, 4);;(4, 4);Move Large;1;477
GrabObject;(10, 4);;(4, 4);Move Large;1;478
;(10, 4);;(4, 4);Move Large;1;479
;(10, 4);;(4, 4);Move Large;1;480
;(10, 4);;(4, 4);Move Large;1;481
;(10, 4);;(4, 4);Move Large;1;482
;(10, 4);;(4, 4);Move Large;1;483
;(10, 4);;(4, 4);Move Large;1;484
;(10, 4);;(4, 4);Move Large;1;485
;(10, 4);;(4, 4);Move Large;1;486
;(10, 4);;(4, 4);Move Large;1;487
;(10, 4);;(4, 4);Move Large;1;488
;(10, 4);;(4, 4);Move Large;1;489
;(10, 4);;(4, 4);Move Large;1;490
;(10, 4);;(4, 4);Move Large;1;491
;(10, 4);;(4, 4);Move Large;1;492
MoveEast;(11, 4);;(4, 4);Move Large;1;493
;(11, 4);;(4, 4);Move Large;1;494
;(11, 4);;(4, 4);Move Large;1;495
MoveEast;(12, 4);;(4, 4);Move Large;1;496
;(12, 4);;(4, 4);Move Large;1;497
;(12, 4);;(4, 4);Move Large;1;498
;(12, 4);;(4, 4);Move Large;1;499
MoveEast;(13, 4);;(4, 4);Move Large;1;500
;(13, 4);;(4, 4);Move Large;1;501
;(13, 4);;(4, 4);Move Large;1;502
MoveEast;(14, 4);;(4, 4);Move Large;1;503
;(14, 4);;(4, 4);Move Large;1;504
;(14, 4);;(4, 4);Move Large;1;505
;(14, 4);;(4, 4);Move Large;1;506
MoveEast;(15, 4);;(4, 4);Move Large;1;507
;(15, 4);;(4, 4);Move Large;1;508
;(15, 4);;(4, 4);Move Large;1;509
;(15, 4);;(4, 4);Move Large;1;510
;(15, 4);;(4, 4);Move Large;1;511
;(15, 4);;(4, 4);Move Large;1;512
;(15, 4);;(4, 4);Move Large;1;513
;(15, 4);;(4, 4);Move Large;1;514
MoveEast;(16, 4);;(4, 4);Move Large;1;515
;(16, 4);;(4, 4);Move Large;1;516
;(16, 4);;(4, 4);Move Large;1;517
;(16, 4);;(4, 4);Move Large;1;518
;(16, 4);;(4, 4);Move Large;1;519
;(16, 4);;(4, 4);Move Large;1;520
;(16, 4);;(4, 4);Move Large;1;521
;(16, 4);;(4, 4);Move Large;1;522
;(16, 4);;(4, 4);Move Large;1;523
;(16, 4);;(4, 4);Move Large;1;524
;(16, 4);;(4, 4);Move Large;1;525
DropObject;(16, 4);;(4, 4);Move Large;1;526
;(16, 4);;(4, 4);Move Large;1;527
;(16, 4);;(4, 4);Move Large;1;528
;(16, 4);;(4, 4);Move Large;1;529
;(16, 4);;(4, 4);Move Large;1;530
;(16, 4);;(4, 4);Move Large;1;531
;(16, 4);;(4, 4);Move Large;1;532
;(16, 4);;(4, 4);Move Large;1;533
;(16, 4);;(4, 4);Move Large;1;534
;(16, 4);;(4, 4);Move Large;1;535
;(16, 4);;(4, 4);Move Large;1;536
;(16, 4);;(4, 4);Move Large;1;537
;(16, 4);;(4, 4);Move Large;1;538
MoveWest;(15, 4);;(4, 4);Move Large;1;539
;(15, 4);;(4, 4);Move Large;1;540
;(15, 4);;(4, 4);Move Large;1;541
MoveWest;(14, 4);;(4, 4);Move Large;1;542
;(14, 4);;(4, 4);Move Large;1;543
;(14, 4);;(4, 4);Move Large;1;544
;(14, 4);;(4, 4);Move Large;1;545
MoveWest;(13, 4);;(4, 4);Move Large;1;546
;(13, 4);;(4, 4);Move Large;1;547
;(13, 4);;(4, 4);Move Large;1;548
MoveWest;(12, 4);;(4, 4);Move Large;1;549
;(12, 4);;(4, 4);Move Large;1;550
;(12, 4);;(4, 4);Move Large;1;551
;(12, 4);;(4, 4);Move Large;1;552
MoveWest;(11, 4);;(4, 4);Move Large;1;553
;(11, 4);;(4, 4);Move Large;1;554
;(11, 4);;(4, 4);Move Large;1;555
;(11, 4);;(4, 4);Move Large;1;556
MoveWest;(10, 4);;(4, 4);Move Large;1;557
;(10, 4);;(4, 4);Move Large;1;558
;(10, 4);;(4, 4);Move Large;1;559
;(10, 4);;(4, 4);Move Large;1;560
;(10, 4);;(4, 4);Move Large;1;561
MoveWest;(9, 4);;(4, 4);Move Large;1;562
;(9, 4);;(4, 4);Move Large;1;563
;(9, 4);;(4, 4);Move Large;1;564
;(9, 4);;(4, 4);Move Large;1;565
;(9, 4);;(4, 4);Move Large;1;566
;(9, 4);;(4, 4);Move Large;1;567
MoveSouth;(9, 5);;(4, 4);Move Large;1;568
;(9, 5);;(4, 4);Move Large;1;569
;(9, 5);;(4, 4);Move Large;1;570
;(9, 5);;(4, 4);Move Large;1;571
;(9, 5);;(4, 4);Move Large;1;572
;(9, 5);;(4, 4);Move Large;1;573
;(9, 5);;(4, 4);Move Large;1;574
;(9, 5);;(4, 4);Move Large;1;575
;(9, 5);;(4, 4);Move Large;1;576
;(9, 5);;(4, 4);Move Large;1;577
;(9, 5);;(4, 4);Move Large;1;578
;(9, 5);;(4, 4);Move Large;1;579
;(9, 5);;(4, 4);Move Large;1;580
;(9, 5);;(4, 4);Move Large;1;581
MoveEast;(10, 5);;(4, 4);Move Large;1;582
;(10, 5);;(4, 4);Move Large;1;583
;(10, 5);;(4, 4);Move Large;1;584
;(10, 5);;(4, 4);Move Large;1;585
;(10, 5);;(4, 4);Move Large;1;586
;(10, 5);;(4, 4);Move Large;1;587
;(10, 5);;(4, 4);Move Large;1;588
;(10, 5);;(4, 4);Move Large;1;589
;(10, 5);;(4, 4);Move Large;1;590
;(10, 5);;(4, 4);Move Large;1;591
;(10, 5);;(4, 4);Move Large;1;592
;(10, 5);;(4, 4);Move Large;1;593
;(10, 5);;(4, 4);Move Large;1;594
;(10, 5);;(4, 4);Move Large;1;595
;(10, 5);;(4, 4);Move Large;1;596
;(10, 5);;(4, 4);Move Large;1;597
GrabObject;(10, 5);;(4, 4);Move Large;1;598
;(10, 5);;(4, 4);Move Large;1;599
;(10, 5);;(4, 4);Move Large;1;600
;(10, 5);;(4, 4);Move Large;1;601
;(10, 5);;(4, 4);Move Large;1;602
;(10, 5);;(4, 4);Move Large;1;603
;(10, 5);;(4, 4);Move Large;1;604
MoveEast;(11, 5);;(4, 4);Move Large;1;605
;(11, 5);;(4, 4);Move Large;1;606
;(11, 5);;(4, 4);Move Large;1;607
MoveEast;(12, 5);;(4, 4);Move Large;1;608
;(12, 5);;(4, 4);Move Large;1;609
;(12, 5);;(4, 4);Move Large;1;610
MoveEast;(13, 5);;(4, 4);Move Large;1;611
;(13, 5);;(4, 4);Move Large;1;612
;(13, 5);;(4, 4);Move Large;1;613
;(13, 5);;(4, 4);Move Large;1;614
MoveEast;(14, 5);;(4, 4);Move Large;1;615
;(14, 5);;(4, 4);Move Large;1;616
;(14, 5);;(4, 4);Move Large;1;617
MoveEast;(15, 5);;(4, 4);Move Large;1;618
;(15, 5);;(4, 4);Move Large;1;619
;(15, 5);;(4, 4);Move Large;1;620
;(15, 5);;(4, 4);Move Large;1;621
MoveEast;(16, 5);;(4, 4);Move Large;1;622
;(16, 5);;(4, 4);Move Large;1;623
;(16, 5);;(4, 4);Move Large;1;624
;(16, 5);;(4, 4);Move Large;1;625
;(16, 5);;(4, 4);Move Large;1;626
;(16, 5);;(4, 4);Move Large;1;627
;(16, 5);;(4, 4);Move Large;1;628
;(16, 5);;(4, 4);Move Large;1;629
;(16, 5);;(4, 4);Move Large;1;630
;(16, 5);;(4, 4);Move Large;1;631
;(16, 5);;(4, 4);Move Large;1;632
;(16, 5);;(4, 4);Move Large;1;633
;(16, 5);;(4, 4);Move Large;1;634
;(16, 5);;(4, 4);Move Large;1;635
DropObject;(16, 5);;(4, 4);Move Large;1;636
;(16, 5);;(4, 4);Move Large;1;637
;(16, 5);;(4, 4);Move Large;1;638
;(16, 5);;(4, 4);Move Large;1;639
;(16, 5);;(4, 4);Move Large;1;640
;(16, 5);;(4, 4);Move Large;1;641
;(16, 5);;(4, 4);Move Large;1;642
;(16, 5);;(4, 4);Move Large;1;643
;(16, 5);;(4, 4);Move Large;1;644
;(16, 5);;(4, 4);Move Large;1;645
;(16, 5);;(4, 4);Move Large;1;646
;(16, 5);;(4, 4);Move Large;1;647
MoveWest;(15, 5);;(4, 4);Move Large;1;648
;(15, 5);;(4, 4);Move Large;1;649
;(15, 5);;(4, 4);Move Large;1;650
;(15, 5);;(4, 4);Move Large;1;651
;(15, 5);;(4, 4);Move Large;1;652
MoveWest;(14, 5);;(4, 4);Move Large;1;653
;(14, 5);;(4, 4);Move Large;1;654
;(14, 5);;(4, 4);Move Large;1;655
;(14, 5);;(4, 4);Move Large;1;656
MoveWest;(13, 5);;(4, 4);Move Large;1;657
;(13, 5);;(4, 4);Move Large;1;658
;(13, 5);;(4, 4);Move Large;1;659
MoveWest;(12, 5);;(4, 4);Move Large;1;660
;(12, 5);;(4, 4);Move Large;1;661
;(12, 5);;(4, 4);Move Large;1;662
;(12, 5);;(4, 4);Move Large;1;663
MoveWest;(11, 5);;(4, 4);Move Large;1;664
;(11, 5);;(4, 4);Move Large;1;665
;(11, 5);;(4, 4);Move Large;1;666
;(11, 5);;(4, 4);Move Large;1;667
;(11, 5);;(4, 4);Move Large;1;668
;(11, 5);;(4, 4);Move Large;1;669
;(11, 5);;(4, 4);Move Large;1;670
;(11, 5);;(4, 4);Move Large;1;671
;(11, 5);;(4, 4);Move Large;1;672
;(11, 5);;(4, 4);Move Large;1;673
;(11, 5);;(4, 4);Move Large;1;674
;(11, 5);;(4, 4);Move Large;1;675
;(11, 5);;(4, 4);Move Large;1;676
;(11, 5);;(4, 4);Move Large;1;677
;(11, 5);;(4, 4);Move Large;1;678
;(11, 5);;(4, 4);Move Large;1;679
;(11, 5);;(4, 4);Move Large;1;680
;(11, 5);;(4, 4);Move Large;1;681
;(11, 5);;(4, 4);Move Large;1;682
;(11, 5);;(4, 4);Move Large;1;683
;(11, 5);;(4, 4);Move Large;1;684
;(11, 5);;(4, 4);Move Large;1;685
MoveNorth;(11, 4);;(4, 4);Move Large;1;686
;(11, 4);;(4, 4);Move Large;1;687
;(11, 4);;(4, 4);Move Large;1;688
;(11, 4);;(4, 4);Move Large;1;689
;(11, 4);;(4, 4);Move Large;1;690
;(11, 4);;(4, 4);Move Large;1;691
;(11, 4);;(4, 4);Move Large;1;692
;(11, 4);;(4, 4);Move Large;1;693
;(11, 4);;(4, 4);Move Large;1;694
;(11, 4);;(4, 4);Move Large;1;695
;(11, 4);;(4, 4);Move Large;1;696
;(11, 4);;(4, 4);Move Large;1;697
;(11, 4);;(4, 4);Move Large;1;698
;(11, 4);;(4, 4);Move Large;1;699
;(11, 4);;(4, 4);Move Large;1;700
;(11, 4);;(4, 4);Move Large;1;701
;(11, 4);;(4, 4);Move Large;1;702
;(11, 4);;(4, 4);Move Large;1;703
;(11, 4);;(4, 4);Move Large;1;704
;(11, 4);;(4, 4);Move Large;1;705
;(11, 4);;(4, 4);Move Large;1;706
;(11, 4);;(4, 4);Move Large;1;707
;(11, 4);;(4, 4);Move Large;1;708
;(11, 4);;(4, 4);Move Large;1;709
;(11, 4);;(4, 4);Move Large;1;710
;(11, 4);;(4, 4);Move Large;1;711
;(11, 4);;(4, 4);Move Large;1;712
;(11, 4);;(4, 4);Move Large;1;713
;(11, 4);;(4, 4);Move Large;1;714
;(11, 4);;(4, 4);Move Large;1;715
;(11, 4);;(4, 4);Move Large;1;716
;(11, 4);;(4, 4);Move Large;1;717
;(11, 4);;(4, 4);Move Large;1;718
;(11, 4);;(4, 4);Move Large;1;719
;(11, 4);;(4, 4);Move Large;1;720
;(11, 4);;(4, 4);Move Large;1;721
;(11, 4);;(4, 4);Move Large;1;722
;(11, 4);;(4, 4);Move Large;1;723
;(11, 4);;(4, 4);Move Large;1;724
;(11, 4);;(4, 4);Move Large;1;725
;(11, 4);;(4, 4);Move Large;1;726
;(11, 4);;(4, 4);Move Large;1;727
;(11, 4);;(4, 4);Move Large;1;728
;(11, 4);;(4, 4);Move Large;1;729
;(11, 4);;(4, 4);Move Large;1;730
;(11, 4);;(4, 4);Move Large;1;731
;(11, 4);;(4, 4);Move Large;1;732
;(11, 4);;(4, 4);Move Large;1;733
;(11, 4);;(4, 4);Move Large;1;734
;(11, 4);;(4, 4);Move Large;1;735
;(11, 4);;(4, 4);Move Large;1;736
;(11, 4);;(4, 4);Move Large;1;737
;(11, 4);;(4, 4);Move Large;1;738
;(11, 4);;(4, 4);Move Large;1;739
;(11, 4);;(4, 4);Move Large;1;740
;(11, 4);;(4, 4);Move Large;1;741
;(11, 4);;(4, 4);Move Large;1;742
;(11, 4);;(4, 4);Move Large;1;743
;(11, 4);;(4, 4);Move Large;1;744
;(11, 4);;(4, 4);Move Large;1;745
;(11, 4);;(4, 4);Move Large;1;746
;(11, 4);;(4, 4);Move Large;1;747
;(11, 4);;(4, 4);Move Large;1;748
;(11, 4);;(4, 4);Move Large;1;749
;(11, 4);;(4, 4);Move Large;1;750
;(11, 4);;(4, 4);Move Large;1;751
;(11, 4);;(4, 4);Move Large;1;752
;(11, 4);;(4, 4);Move Large;1;753
;(11, 4);;(4, 4);Move Large;1;754
;(11, 4);;(4, 4);Move Large;1;755
;(11, 4);;(4, 4);Move Large;1;756
;(11, 4);;(4, 4);Move Large;1;757
;(11, 4);;(4, 4);Move Large;1;758
;(11, 4);;(4, 4);Move Large;1;759
;(11, 4);;(4, 4);Move Large;1;760
;(11, 4);;(4, 4);Move Large;1;761
;(11, 4);;(4, 4);Move Large;1;762
;(11, 4);;(4, 4);Move Large;1;763
;(11, 4);;(4, 4);Move Large;1;764
;(11, 4);;(4, 4);Move Large;1;765
;(11, 4);;(4, 4);Move Large;1;766
;(11, 4);;(4, 4);Move Large;1;767
;(11, 4);;(4, 4);Move Large;1;768
;(11, 4);;(4, 4);Move Large;1;769
;(11, 4);;(4, 4);Move Large;1;770
;(11, 4);;(4, 4);Move Large;1;771
;(11, 4);;(4, 4);Move Large;1;772
;(11, 4);;(4, 4);Move Large;1;773
;(11, 4);;(4, 4);Move Large;1;774
;(11, 4);;(4, 4);Move Large;1;775
;(11, 4);;(4, 4);Move Large;1;776
;(11, 4);;(4, 4);Move Large;1;777
;(11, 4);;(4, 4);Move Large;1;778
;(11, 4);;(4, 4);Move Large;1;779
;(11, 4);;(4, 4);Move Large;1;780
;(11, 4);;(4, 4);Move Large;1;781
;(11, 4);;(4, 4);Move Large;1;782
;(11, 4);;(4, 4);Move Large;1;783
;(11, 4);;(4, 4);Move Large;1;784
;(11, 4);;(4, 4);Move Large;1;785
;(11, 4);;(4, 4);Move Large;1;786
;(11, 4);;(4, 4);Move Large;1;787
;(11, 4);;(4, 4);Move Large;1;788
;(11, 4);;(4, 4);Move Large;1;789
;(11, 4);;(4, 4);Move Large;1;790
;(11, 4);;(4, 4);Move Large;1;791
;(11, 4);;(4, 4);Move Large;1;792
;(11, 4);;(4, 4);Move Large;1;793
;(11, 4);;(4, 4);Move Large;1;794
;(11, 4);;(4, 4);Move Large;1;795
;(11, 4);;(4, 4);Move Large;1;796
;(11, 4);;(4, 4);Move Large;1;797
;(11, 4);;(4, 4);Move Large;1;798
;(11, 4);;(4, 4);Move Large;1;799
;(11, 4);;(4, 4);Move Large;1;800
;(11, 4);;(4, 4);Move Large;1;801
;(11, 4);;(4, 4);Move Large;1;802
;(11, 4);;(4, 4);Move Large;1;803
;(11, 4);;(4, 4);Move Large;1;804
;(11, 4);;(4, 4);Move Large;1;805
;(11, 4);;(4, 4);Move Large;1;806
;(11, 4);;(4, 4);Move Large;1;807
;(11, 4);;(4, 4);Move Large;1;808
;(11, 4);;(4, 4);Move Large;1;809
;(11, 4);;(4, 4);Move Large;1;810
;(11, 4);;(4, 4);Move Large;1;811
;(11, 4);;(4, 4);Move Large;1;812
;(11, 4);;(4, 4);Move Large;1;813
;(11, 4);;(4, 4);Move Large;1;814
;(11, 4);;(4, 4);Move Large;1;815
;(11, 4);;(4, 4);Move Large;1;816
;(11, 4);;(4, 4);Move Large;1;817
;(11, 4);;(4, 4);Move Large;1;818
;(11, 4);;(4, 4);Move Large;1;819
;(11, 4);;(4, 4);Move Large;1;820
;(11, 4);;(4, 4);Move Large;1;821
;(11, 4);;(4, 4);Move Large;1;822
;(11, 4);;(4, 4);Move Large;1;823
;(11, 4);;(4, 4);Move Large;1;824
;(11, 4);;(4, 4);Move Large;1;825
;(11, 4);;(4, 4);Move Large;1;826
;(11, 4);;(4, 4);Move Large;1;827
;(11, 4);;(4, 4);Move Large;1;828
;(11, 4);;(4, 4);Move Large;1;829
;(11, 4);;(4, 4);Move Large;1;830
;(11, 4);;(4, 4);Move Large;1;831
;(11, 4);;(4, 4);Move Large;1;832
;(11, 4);;(4, 4);Move Large;1;833
;(11, 4);;(4, 4);Move Large;1;834
;(11, 4);;(4, 4);Move Large;1;835
;(11, 4);;(4, 4);Move Large;1;836
;(11, 4);;(4, 4);Move Large;1;837
;(11, 4);;(4, 4);Move Large;1;838
;(11, 4);;(4, 4);Move Large;1;839
;(11, 4);;(4, 4);Move Large;1;840
;(11, 4);;(4, 4);Move Large;1;841
;(11, 4);;(4, 4);Move Large;1;842
;(11, 4);;(4, 4);Move Large;1;843
;(11, 4);;(4, 4);Move Large;1;844
;(11, 4);;(4, 4);Move Large;1;845
;(11, 4);;(4, 4);Move Large;1;846
;(11, 4);;(4, 4);Move Large;1;847
;(11, 4);;(4, 4);Move Large;1;848
;(11, 4);;(4, 4);Move Large;1;849
;(11, 4);;(4, 4);Move Large;1;850
;(11, 4);;(4, 4);Move Large;1;851
;(11, 4);;(4, 4);Move Large;1;852
;(11, 4);;(4, 4);Move Large;1;853
;(11, 4);;(4, 4);Move Large;1;854
;(11, 4);;(4, 4);Move Large;1;855
;(11, 4);;(4, 4);Move Large;1;856
;(11, 4);;(4, 4);Move Large;1;857
;(11, 4);;(4, 4);Move Large;1;858
;(11, 4);;(4, 4);Move Large;1;859
;(11, 4);;(4, 4);Move Large;1;860
;(11, 4);;(4, 4);Move Large;1;861
;(11, 4);;(4, 4);Move Large;1;862
;(11, 4);;(4, 4);Move Large;1;863
;(11, 4);;(4, 4);Move Large;1;864
;(11, 4);;(4, 4);Move Large;1;865
;(11, 4);;(4, 4);Move Large;1;866
;(11, 4);;(4, 4);Move Large;1;867
;(11, 4);;(4, 4);Move Large;1;868
;(11, 4);;(4, 4);Move Large;1;869
;(11, 4);;(4, 4);Move Large;1;870
;(11, 4);;(4, 4);Move Large;1;871
;(11, 4);;(4, 4);Move Large;1;872
;(11, 4);;(4, 4);Move Large;1;873
;(11, 4);;(4, 4);Move Large;1;874
;(11, 4);;(4, 4);Move Large;1;875
;(11, 4);;(4, 4);Move Large;1;876
;(11, 4);;(4, 4);Move Large;1;877
;(11, 4);;(4, 4);Move Large;1;878
;(11, 4);;(4, 4);Move Large;1;879
;(11, 4);;(4, 4);Move Large;1;880
;(11, 4);;(4, 4);Move Large;1;881
;(11, 4);;(4, 4);Move Large;1;882
;(11, 4);;(4, 4);Move Large;1;883
;(11, 4);;(4, 4);Move Large;1;884
;(11, 4);;(4, 4);Move Large;1;885
;(11, 4);;(4, 4);Move Large;1;886
;(11, 4);;(4, 4);Move Large;1;887
;(11, 4);;(4, 4);Move Large;1;888
;(11, 4);;(4, 4);Move Large;1;889
;(11, 4);;(4, 4);Move Large;1;890
;(11, 4);;(4, 4);Move Large;1;891
;(11, 4);;(4, 4);Move Large;1;892
;(11, 4);;(4, 4);Move Large;1;893
;(11, 4);;(4, 4);Move Large;1;894
;(11, 4);;(4, 4);Move Large;1;895
;(11, 4);;(4, 4);Move Large;1;896
;(11, 4);;(4, 4);Move Large;1;897
;(11, 4);;(4, 4);Move Large;1;898
;(11, 4);;(4, 4);Move Large;1;899
;(11, 4);;(4, 4);Move Large;1;900
;(11, 4);;(4, 4);Move Large;1;901
;(11, 4);;(4, 4);Move Large;1;902
;(11, 4);;(4, 4);Move Large;1;903
;(11, 4);;(4, 4);Move Large;1;904
;(11, 4);;(4, 4);Move Large;1;905
;(11, 4);;(4, 4);Move Large;1;906
;(11, 4);;(4, 4);Move Large;1;907
;(11, 4);;(4, 4);Move Large;1;908
;(11, 4);;(4, 4);Move Large;1;909
;(11, 4);;(4, 4);Move Large;1;910
;(11, 4);;(4, 4);Move Large;1;911
;(11, 4);;(4, 4);Move Large;1;912
;(11, 4);;(4, 4);Move Large;1;913
;(11, 4);;(4, 4);Move Large;1;914
;(11, 4);;(4, 4);Move Large;1;915
;(11, 4);;(4, 4);Move Large;1;916
;(11, 4);;(4, 4);Move Large;1;917
;(11, 4);;(4, 4);Move Large;1;918
;(11, 4);;(4, 4);Move Large;1;919
;(11, 4);;(4, 4);Move Large;1;920
;(11, 4);;(4, 4);Move Large;1;921
;(11, 4);;(4, 4);Move Large;1;922
;(11, 4);;(4, 4);Move Large;1;923
;(11, 4);;(4, 4);Move Large;1;924
;(11, 4);;(4, 4);Move Large;1;925
;(11, 4);;(4, 4);Move Large;1;926
;(11, 4);;(4, 4);Move Large;1;927
;(11, 4);;(4, 4);Move Large;1;928
;(11, 4);;(4, 4);Move Large;1;929
;(11, 4);;(4, 4);Move Large;1;930
;(11, 4);;(4, 4);Move Large;1;931
;(11, 4);;(4, 4);Move Large;1;932
;(11, 4);;(4, 4);Move Large;1;933
;(11, 4);;(4, 4);Move Large;1;934
;(11, 4);;(4, 4);Move Large;1;935
;(11, 4);;(4, 4);Move Large;1;936
;(11, 4);;(4, 4);Move Large;1;937
;(11, 4);;(4, 4);Move Large;1;938
;(11, 4);;(4, 4);Move Large;1;939
;(11, 4);;(4, 4);Move Large;1;940
;(11, 4);;(4, 4);Move Large;1;941
;(11, 4);;(4, 4);Move Large;1;942
;(11, 4);;(4, 4);Move Large;1;943
;(11, 4);;(4, 4);Move Large;1;944
;(11, 4);;(4, 4);Move Large;1;945
;(11, 4);;(4, 4);Move Large;1;946
;(11, 4);;(4, 4);Move Large;1;947
;(11, 4);;(4, 4);Move Large;1;948
;(11, 4);;(4, 4);Move Large;1;949
;(11, 4);;(4, 4);Move Large;1;950
;(11, 4);;(4, 4);Move Large;1;951
;(11, 4);;(4, 4);Move Large;1;952
;(11, 4);;(4, 4);Move Large;1;953
;(11, 4);;(4, 4);Move Large;1;954
;(11, 4);;(4, 4);Move Large;1;955
;(11, 4);;(4, 4);Move Large;1;956
;(11, 4);;(4, 4);Move Large;1;957
;(11, 4);;(4, 4);Move Large;1;958
;(11, 4);;(4, 4);Move Large;1;959
;(11, 4);;(4, 4);Move Large;1;960
;(11, 4);;(4, 4);Move Large;1;961
;(11, 4);;(4, 4);Move Large;1;962
;(11, 4);;(4, 4);Move Large;1;963
;(11, 4);;(4, 4);Move Large;1;964
;(11, 4);;(4, 4);Move Large;1;965
;(11, 4);;(4, 4);Move Large;1;966
;(11, 4);;(4, 4);Move Large;1;967
;(11, 4);;(4, 4);Move Large;1;968
;(11, 4);;(4, 4);Move Large;1;969
;(11, 4);;(4, 4);Move Large;1;970
;(11, 4);;(4, 4);Move Large;1;971
;(11, 4);;(4, 4);Move Large;1;972
;(11, 4);;(4, 4);Move Large;1;973
;(11, 4);;(4, 4);Move Large;1;974
;(11, 4);;(4, 4);Move Large;1;975
;(11, 4);;(4, 4);Move Large;1;976
;(11, 4);;(4, 4);Move Large;1;977
;(11, 4);;(4, 4);Move Large;1;978
;(11, 4);;(4, 4);Move Large;1;979
;(11, 4);;(4, 4);Move Large;1;980
;(11, 4);;(4, 4);Move Large;1;981
;(11, 4);;(4, 4);Move Large;1;982
;(11, 4);;(4, 4);Move Large;1;983
;(11, 4);;(4, 4);Move Large;1;984
;(11, 4);;(4, 4);Move Large;1;985
;(11, 4);;(4, 4);Move Large;1;986
;(11, 4);;(4, 4);Move Large;1;987
;(11, 4);;(4, 4);Move Large;1;988
;(11, 4);;(4, 4);Move Large;1;989
MoveSouth;(11, 5);;(4, 4);Move Large;1;990
;(11, 5);;(4, 4);Move Large;1;991
;(11, 5);;(4, 4);Move Large;1;992
;(11, 5);;(4, 4);Move Large;1;993
;(11, 5);;(4, 4);Move Large;1;994
;(11, 5);;(4, 4);Move Large;1;995
;(11, 5);;(4, 4);Move Large;1;996
;(11, 5);;(4, 4);Move Large;1;997
;(11, 5);;(4, 4);Move Large;1;998
;(11, 5);;(4, 4);Move Large;1;999
;(11, 5);;(4, 4);Move Large;1;1000
;(11, 5);;(4, 4);Move Large;1;1001
;(11, 5);;(4, 4);Move Large;1;1002
;(11, 5);;(4, 4);Move Large;1;1003
;(11, 5);;(4, 4);Move Large;1;1004
;(11, 5);;(4, 4);Move Large;1;1005
;(11, 5);;(4, 4);Move Large;1;1006
;(11, 5);;(4, 4);Move Large;1;1007
;(11, 5);;(4, 4);Move Large;1;1008
;(11, 5);;(4, 4);Move Large;1;1009
;(11, 5);;(4, 4);Move Large;1;1010
;(11, 5);;(4, 4);Move Large;1;1011
;(11, 5);;(4, 4);Move Large;1;1012
;(11, 5);;(4, 4);Move Large;1;1013
;(11, 5);;(4, 4);Move Large;1;1014
;(11, 5);;(4, 4);Move Large;1;1015
;(11, 5);;(4, 4);Move Large;1;1016
;(11, 5);;(4, 4);Move Large;1;1017
MoveSouth;(11, 6);;(4, 4);Move Large;1;1018
;(11, 6);;(4, 4);Move Large;1;1019
;(11, 6);;(4, 4);Move Large;1;1020
;(11, 6);;(4, 4);Move Large;1;1021
;(11, 6);;(4, 4);Move Large;1;1022
;(11, 6);;(4, 4);Move Large;1;1023
;(11, 6);;(4, 4);Move Large;1;1024
;(11, 6);;(4, 4);Move Large;1;1025
;(11, 6);;(4, 4);Move Large;1;1026
;(11, 6);;(4, 4);Move Large;1;1027
;(11, 6);;(4, 4);Move Large;1;1028
;(11, 6);;(4, 4);Move Large;1;1029
;(11, 6);;(4, 4);Move Large;1;1030
;(11, 6);;(4, 4);Move Large;1;1031
;(11, 6);;(4, 4);Move Large;1;1032
;(11, 6);;(4, 4);Move Large;1;1033
;(11, 6);;(4, 4);Move Large;1;1034
;(11, 6);;(4, 4);Move Large;1;1035
MoveSouth;(11, 7);;(4, 4);Move Large;1;1036
;(11, 7);;(4, 4);Move Large;1;1037
;(11, 7);;(4, 4);Move Large;1;1038
;(11, 7);;(4, 4);Move Large;1;1039
;(11, 7);;(4, 4);Move Large;1;1040
;(11, 7);;(4, 4);Move Large;1;1041
;(11, 7);;(4, 4);Move Large;1;1042
MoveSouth;(11, 8);;(4, 4);Move Large;1;1043
;(11, 8);;(4, 4);Move Large;1;1044
;(11, 8);;(4, 4);Move Large;1;1045
;(11, 8);;(4, 4);Move Large;1;1046
;(11, 8);;(4, 4);Move Large;1;1047
MoveEast;(12, 8);;(4, 4);Move Large;1;1048
;(12, 8);;(4, 4);Move Large;1;1049
;(12, 8);;(4, 4);Move Large;1;1050
;(12, 8);;(4, 4);Move Large;1;1051
;(12, 8);;(4, 4);Move Large;1;1052
;(12, 8);;(4, 4);Move Large;1;1053
;(12, 8);;(4, 4);Move Large;1;1054
;(12, 8);;(4, 4);Move Large;1;1055
;(12, 8);;(4, 4);Move Large;1;1056
;(12, 8);;(4, 4);Move Large;1;1057
;(12, 8);;(4, 4);Move Large;1;1058
;(12, 8);;(4, 4);Move Large;1;1059
;(12, 8);;(4, 4);Move Large;1;1060
;(12, 8);;(4, 4);Move Large;1;1061
;(12, 8);;(4, 4);Move Large;1;1062
;(12, 8);;(4, 4);Move Large;1;1063
;(12, 8);;(4, 4);Move Large;1;1064
;(12, 8);;(4, 4);Move Large;1;1065
;(12, 8);;(4, 4);Move Large;1;1066
MoveEast;(13, 8);;(4, 4);Move Large;1;1067
;(13, 8);;(4, 4);Move Large;1;1068
;(13, 8);;(4, 4);Move Large;1;1069
;(13, 8);;(4, 4);Move Large;1;1070
;(13, 8);;(4, 4);Move Large;1;1071
;(13, 8);;(4, 4);Move Large;1;1072
;(13, 8);;(4, 4);Move Large;1;1073
;(13, 8);;(4, 4);Move Large;1;1074
;(13, 8);;(4, 4);Move Large;1;1075
;(13, 8);;(4, 4);Move Large;1;1076
;(13, 8);;(4, 4);Move Large;1;1077
;(13, 8);;(4, 4);Move Large;1;1078
;(13, 8);;(4, 4);Move Large;1;1079
GrabObject;(13, 8);;(4, 4);Move Large;1;1080
;(13, 8);;(4, 4);Move Large;1;1081
;(13, 8);;(4, 4);Move Large;1;1082
;(13, 8);;(4, 4);Move Large;1;1083
;(13, 8);;(4, 4);Move Large;1;1084
;(13, 8);;(4, 4);Move Large;1;1085
;(13, 8);;(4, 4);Move Large;1;1086
;(13, 8);;(4, 4);Move Large;1;1087
;(13, 8);;(4, 4);Move Large;1;1088
;(13, 8);;(4, 4);Move Large;1;1089
;(13, 8);;(4, 4);Move Large;1;1090
;(13, 8);;(4, 4);Move Large;1;1091
MoveEast;(14, 8);;(4, 4);Move Large;1;1092
;(14, 8);;(4, 4);Move Large;1;1093
;(14, 8);;(4, 4);Move Large;1;1094
;(14, 8);;(4, 4);Move Large;1;1095
MoveEast;(15, 8);;(4, 4);Move Large;1;1096
;(15, 8);;(4, 4);Move Large;1;1097
;(15, 8);;(4, 4);Move Large;1;1098
;(15, 8);;(4, 4);Move Large;1;1099
;(15, 8);;(4, 4);Move Large;1;1100
;(15, 8);;(4, 4);Move Large;1;1101
;(15, 8);;(4, 4);Move Large;1;1102
;(15, 8);;(4, 4);Move Large;1;1103
;(15, 8);;(4, 4);Move Large;1;1104
;(15, 8);;(4, 4);Move Large;1;1105
;(15, 8);;(4, 4);Move Large;1;1106
;(15, 8);;(4, 4);Move Large;1;1107
;(15, 8);;(4, 4);Move Large;1;1108
;(15, 8);;(4, 4);Move Large;1;1109
;(15, 8);;(4, 4);Move Large;1;1110
;(15, 8);;(4, 4);Move Large;1;1111
;(15, 8);;(4, 4);Move Large;1;1112
DropObject;(15, 8);;(4, 4);Move Large;1;1113
;(15, 8);;(4, 4);Move Large;1;1114
;(15, 8);;(4, 4);Move Large;1;1115
;(15, 8);;(4, 4);Move Large;1;1116
;(15, 8);;(4, 4);Move Large;1;1117
;(15, 8);;(4, 4);Move Large;1;1118
;(15, 8);;(4, 4);Move Large;1;1119
;(15, 8);;(4, 4);Move Large;1;1120
;(15, 8);;(4, 4);Move Large;1;1121
;(15, 8);;(4, 4);Move Large;1;1122
;(15, 8);;(4, 4);Move Large;1;1123
;(15, 8);;(4, 4);Move Large;1;1124
;(15, 8);;(4, 4);Move Large;1;1125
;(15, 8);;(4, 4);Move Large;1;1126
;(15, 8);;(4, 4);Move Large;1;1127
;(15, 8);;(4, 4);Move Large;1;1128
MoveWest;(14, 8);;(4, 4);Move Large;1;1129
;(14, 8);;(4, 4);Move Large;1;1130
;(14, 8);;(4, 4);Move Large;1;1131
;(14, 8);;(4, 4);Move Large;1;1132
;(14, 8);;(4, 4);Move Large;1;1133
MoveWest;(13, 8);;(4, 4);Move Large;1;1134
;(13, 8);;(4, 4);Move Large;1;1135
;(13, 8);;(4, 4);Move Large;1;1136
;(13, 8);;(4, 4);Move Large;1;1137
;(13, 8);;(4, 4);Move Large;1;1138
;(13, 8);;(4, 4);Move Large;1;1139
MoveWest;(12, 8);;(4, 4);Move Large;1;1140
;(12, 8);;(4, 4);Move Large;1;1141
;(12, 8);;(4, 4);Move Large;1;1142
;(12, 8);;(4, 4);Move Large;1;1143
;(12, 8);;(4, 4);Move Large;1;1144
;(12, 8);;(4, 4);Move Large;1;1145
;(12, 8);;(4, 4);Move Large;1;1146
;(12, 8);;(4, 4);Move Large;1;1147
;(12, 8);;(4, 4);Move Large;1;1148
;(12, 8);;(4, 4);Move Large;1;1149
;(12, 8);;(4, 4);Move Large;1;1150
;(12, 8);;(4, 4);Move Large;1;1151
;(12, 8);;(4, 4);Move Large;1;1152
;(12, 8);;(4, 4);Move Large;1;1153
;(12, 8);;(4, 4);Move Large;1;1154
;(12, 8);;(4, 4);Move Large;1;1155
;(12, 8);;(4, 4);Move Large;1;1156
;(12, 8);;(4, 4);Move Large;1;1157
;(12, 8);;(4, 4);Move Large;1;1158
;(12, 8);;(4, 4);Move Large;1;1159
;(12, 8);;(4, 4);Move Large;1;1160
;(12, 8);;(4, 4);Move Large;1;1161
;(12, 8);;(4, 4);Move Large;1;1162
;(12, 8);;(4, 4);Move Large;1;1163
;(12, 8);;(4, 4);Move Large;1;1164
;(12, 8);;(4, 4);Move Large;1;1165
;(12, 8);;(4, 4);Move Large;1;1166
;(12, 8);;(4, 4);Move Large;1;1167
;(12, 8);;(4, 4);Move Large;1;1168
;(12, 8);;(4, 4);Move Large;1;1169
;(12, 8);;(4, 4);Move Large;1;1170
;(12, 8);;(4, 4);Move Large;1;1171
;(12, 8);;(4, 4);Move Large;1;1172
;(12, 8);;(4, 4);Move Large;1;1173
;(12, 8);;(4, 4);Move Large;1;1174
;(12, 8);;(4, 4);Move Large;1;1175
;(12, 8);;(4, 4);Move Large;1;1176
;(12, 8);;(4, 4);Move Large;1;1177
;(12, 8);;(4, 4);Move Large;1;1178
;(12, 8);;(4, 4);Move Large;1;1179
;(12, 8);;(4, 4);Move Large;1;1180
;(12, 8);;(4, 4);Move Large;1;1181
;(12, 8);;(4, 4);Move Large;1;1182
;(12, 8);;(4, 4);Move Large;1;1183
;(12, 8);;(4, 4);Move Large;1;1184
;(12, 8);;(4, 4);Move Large;1;1185
;(12, 8);;(4, 4);Move Large;1;1186
;(12, 8);;(4, 4);Move Large;1;1187
;(12, 8);;(4, 4);Move Large;1;1188
;(12, 8);;(4, 4);Move Large;1;1189
;(12, 8);;(4, 4);Move Large;1;1190
;(12, 8);;(4, 4);Move Large;1;1191
;(12, 8);;(4, 4);Move Large;1;1192
;(12, 8);;(4, 4);Move Large;1;1193
;(12, 8);;(4, 4);Move Large;1;1194
;(12, 8);;(4, 4);Move Large;1;1195
;(12, 8);;(4, 4);Move Large;1;1196
;(12, 8);;(4, 4);Move Large;1;1197
;(12, 8);;(4, 4);Move Large;1;1198
;(12, 8);;(4, 4);Move Large;1;1199
;(12, 8);;(4, 4);Move Large;1;1200
;(12, 8);;(4, 4);Move Large;1;1201
;(12, 8);;(4, 4);Move Large;1;1202
;(12, 8);;(4, 4);Move Large;1;1203
MoveNorth;(12, 7);;(4, 4);Move Large;1;1204
;(12, 7);;(4, 4);Move Large;1;1205
;(12, 7);;(4, 4);Move Large;1;1206
;(12, 7);;(4, 4);Move Large;1;1207
;(12, 7);;(4, 4);Move Large;1;1208
MoveNorth;(12, 6);;(4, 4);Move Large;1;1209
;(12, 6);;(4, 4);Move Large;1;1210
;(12, 6);;(4, 4);Move Large;1;1211
;(12, 6);;(4, 4);Move Large;1;1212
;(12, 6);;(4, 4);Move Large;1;1213
;(12, 6);;(4, 4);Move Large;1;1214
;(12, 6);;(4, 4);Move Large;1;1215
;(12, 6);;(4, 4);Move Large;1;1216
;(12, 6);;(4, 4);Move Large;1;1217
;(12, 6);;(4, 4);Move Large;1;1218
;(12, 6);;(4, 4);Move Large;1;1219
;(12, 6);;(4, 4);Move Large;1;1220
;(12, 6);;(4, 4);Move Large;1;1221
;(12, 6);;(4, 4);Move Large;1;1222
;(12, 6);;(4, 4);Move Large;1;1223
;(12, 6);;(4, 4);Move Large;1;1224
;(12, 6);;(4, 4);Move Large;1;1225
;(12, 6);;(4, 4);Move Large;1;1226
;(12, 6);;(4, 4);Move Large;1;1227
;(12, 6);;(4, 4);Move Large;1;1228
;(12, 6);;(4, 4);Move Large;1;1229
;(12, 6);;(4, 4);Move Large;1;1230
;(12, 6);;(4, 4);Move Large;1;1231
;(12, 6);;(4, 4);Move Large;1;1232
;(12, 6);;(4, 4);Move Large;1;1233
;(12, 6);;(4, 4);Move Large;1;1234
;(12, 6);;(4, 4);Move Large;1;1235
;(12, 6);;(4, 4);Move Large;1;1236
;(12, 6);;(4, 4);Move Large;1;1237
;(12, 6);;(4, 4);Move Large;1;1238
;(12, 6);;(4, 4);Move Large;1;1239
;(12, 6);;(4, 4);Move Large;1;1240
;(12, 6);;(4, 4);Move Large;1;1241
;(12, 6);;(4, 4);Move Large;1;1242
;(12, 6);;(4, 4);Move Large;1;1243
;(12, 6);;(4, 4);Move Large;1;1244
;(12, 6);;(4, 4);Move Large;1;1245
;(12, 6);;(4, 4);Move Large;1;1246
;(12, 6);;(4, 4);Move Large;1;1247
;(12, 6);;(4, 4);Move Large;1;1248
MoveNorth;(12, 5);;(4, 4);Move Large;1;1249
;(12, 5);;(4, 4);Move Large;1;1250
;(12, 5);;(4, 4);Move Large;1;1251
;(12, 5);;(4, 4);Move Large;1;1252
;(12, 5);;(4, 4);Move Large;1;1253
;(12, 5);;(4, 4);Move Large;1;1254
;(12, 5);;(4, 4);Move Large;1;1255
;(12, 5);;(4, 4);Move Large;1;1256
;(12, 5);;(4, 4);Move Large;1;1257
;(12, 5);;(4, 4);Move Large;1;1258
;(12, 5);;(4, 4);Move Large;1;1259
;(12, 5);;(4, 4);Move Large;1;1260
;(12, 5);;(4, 4);Move Large;1;1261
;(12, 5);;(4, 4);Move Large;1;1262
;(12, 5);;(4, 4);Move Large;1;1263
;(12, 5);;(4, 4);Move Large;1;1264
;(12, 5);;(4, 4);Move Large;1;1265
;(12, 5);;(4, 4);Move Large;1;1266
;(12, 5);;(4, 4);Move Large;1;1267
MoveNorth;(12, 4);;(4, 4);Move Large;1;1268
;(12, 4);;(4, 4);Move Large;1;1269
;(12, 4);;(4, 4);Move Large;1;1270
;(12, 4);;(4, 4);Move Large;1;1271
;(12, 4);;(4, 4);Move Large;1;1272
;(12, 4);;(4, 4);Move Large;1;1273
;(12, 4);;(4, 4);Move Large;1;1274
;(12, 4);;(4, 4);Move Large;1;1275
;(12, 4);;(4, 4);Move Large;1;1276
;(12, 4);;(4, 4);Move Large;1;1277
;(12, 4);;(4, 4);Move Large;1;1278
;(12, 4);;(4, 4);Move Large;1;1279
;(12, 4);;(4, 4);Move Large;1;1280
;(12, 4);;(4, 4);Move Large;1;1281
;(12, 4);;(4, 4);Move Large;1;1282
;(12, 4);;(4, 4);Move Large;1;1283
MoveWest;(11, 4);;(4, 4);Move Large;1;1284
;(11, 4);;(4, 4);Move Large;1;1285
;(11, 4);;(4, 4);Move Large;1;1286
;(11, 4);;(4, 4);Move Large;1;1287
;(11, 4);;(4, 4);Move Large;1;1288
;(11, 4);;(4, 4);Move Large;1;1289
;(11, 4);;(4, 4);Move Large;1;1290
;(11, 4);;(4, 4);Move Large;1;1291
;(11, 4);;(4, 4);Move Large;1;1292
;(11, 4);;(4, 4);Move Large;1;1293
;(11, 4);;(4, 4);Move Large;1;1294
;(11, 4);;(4, 4);Move Large;1;1295
;(11, 4);;(4, 4);Move Large;1;1296
;(11, 4);;(4, 4);Move Large;1;1297
;(11, 4);;(4, 4);Move Large;1;1298
;(11, 4);;(4, 4);Move Large;1;1299
;(11, 4);;(4, 4);Move Large;1;1300
;(11, 4);;(4, 4);Move Large;1;1301
;(11, 4);;(4, 4);Move Large;1;1302
;(11, 4);;(4, 4);Move Large;1;1303
;(11, 4);;(4, 4);Move Large;1;1304
;(11, 4);;(4, 4);Move Large;1;1305
;(11, 4);;(4, 4);Move Large;1;1306
;(11, 4);;(4, 4);Move Large;1;1307
;(11, 4);;(4, 4);Move Large;1;1308
;(11, 4);;(4, 4);Move Large;1;1309
;(11, 4);;(4, 4);Move Large;1;1310
;(11, 4);;(4, 4);Move Large;1;1311
;(11, 4);;(4, 4);Move Large;1;1312
;(11, 4);;(4, 4);Move Large;1;1313
;(11, 4);;(4, 4);Move Large;1;1314
;(11, 4);;(4, 4);Move Large;1;1315
;(11, 4);;(4, 4);Move Large;1;1316
;(11, 4);;(4, 4);Move Large;1;1317
;(11, 4);;(4, 4);Move Large;1;1318
;(11, 4);;(4, 4);Move Large;1;1319
;(11, 4);;(4, 4);Move Large;1;1320
;(11, 4);;(4, 4);Move Large;1;1321
;(11, 4);;(4, 4);Move Large;1;1322
;(11, 4);;(4, 4);Move Large;1;1323
;(11, 4);;(4, 4);Move Large;1;1324
;(11, 4);;(4, 4);Move Large;1;1325
;(11, 4);;(4, 4);Move Large;1;1326
;(11, 4);;(4, 4);Move Large;1;1327
;(11, 4);;(4, 4);Move Large;1;1328
;(11, 4);;(4, 4);Move Large;1;1329
;(11, 4);;(4, 4);Move Large;1;1330
;(11, 4);;(4, 4);Move Large;1;1331
;(11, 4);;(4, 4);Move Large;1;1332
;(11, 4);;(4, 4);Move Large;1;1333
;(11, 4);;(4, 4);Move Large;1;1334
;(11, 4);;(4, 4);Move Large;1;1335
;(11, 4);;(4, 4);Move Large;1;1336
;(11, 4);;(4, 4);Move Large;1;1337
;(11, 4);;(4, 4);Move Large;1;1338
;(11, 4);;(4, 4);Move Large;1;1339
;(11, 4);;(4, 4);Move Large;1;1340
;(11, 4);;(4, 4);Move Large;1;1341
;(11, 4);;(4, 4);Move Large;1;1342
;(11, 4);;(4, 4);Move Large;1;1343
;(11, 4);;(4, 4);Move Large;1;1344
;(11, 4);;(4, 4);Move Large;1;1345
;(11, 4);;(4, 4);Move Large;1;1346
;(11, 4);;(4, 4);Move Large;1;1347
;(11, 4);;(4, 4);Move Large;1;1348
;(11, 4);;(4, 4);Move Large;1;1349
;(11, 4);;(4, 4);Move Large;1;1350
;(11, 4);;(4, 4);Move Large;1;1351
;(11, 4);;(4, 4);Move Large;1;1352
;(11, 4);;(4, 4);Move Large;1;1353
;(11, 4);;(4, 4);Move Large;1;1354
;(11, 4);;(4, 4);Move Large;1;1355
;(11, 4);;(4, 4);Move Large;1;1356
;(11, 4);;(4, 4);Move Large;1;1357
;(11, 4);;(4, 4);Move Large;1;1358
;(11, 4);;(4, 4);Move Large;1;1359
;(11, 4);;(4, 4);Move Large;1;1360
;(11, 4);;(4, 4);Move Large;1;1361
;(11, 4);;(4, 4);Move Large;1;1362
;(11, 4);;(4, 4);Move Large;1;1363
;(11, 4);;(4, 4);Move Large;1;1364
;(11, 4);;(4, 4);Move Large;1;1365
;(11, 4);;(4, 4);Move Large;1;1366
;(11, 4);;(4, 4);Move Large;1;1367
;(11, 4);;(4, 4);Move Large;1;1368
;(11, 4);;(4, 4);Move Large;1;1369
;(11, 4);;(4, 4);Move Large;1;1370
;(11, 4);;(4, 4);Move Large;1;1371
;(11, 4);;(4, 4);Move Large;1;1372
;(11, 4);;(4, 4);Move Large;1;1373
;(11, 4);;(4, 4);Move Large;1;1374
;(11, 4);;(4, 4);Move Large;1;1375
;(11, 4);;(4, 4);Move Large;1;1376
;(11, 4);;(4, 4);Move Large;1;1377
;(11, 4);;(4, 4);Move Large;1;1378
;(11, 4);;(4, 4);Move Large;1;1379
;(11, 4);;(4, 4);Move Large;1;1380
;(11, 4);;(4, 4);Move Large;1;1381
;(11, 4);;(4, 4);Move Large;1;1382
;(11, 4);;(4, 4);Move Large;1;1383
;(11, 4);;(4, 4);Move Large;1;1384
;(11, 4);;(4, 4);Move Large;1;1385
;(11, 4);;(4, 4);Move Large;1;1386
;(11, 4);;(4, 4);Move Large;1;1387
;(11, 4);;(4, 4);Move Large;1;1388
;(11, 4);;(4, 4);Move Large;1;1389
;(11, 4);;(4, 4);Move Large;1;1390
;(11, 4);;(4, 4);Move Large;1;1391
;(11, 4);;(4, 4);Move Large;1;1392
;(11, 4);;(4, 4);Move Large;1;1393
;(11, 4);;(4, 4);Move Large;1;1394
;(11, 4);;(4, 4);Move Large;1;1395
;(11, 4);;(4, 4);Move Large;1;1396
;(11, 4);;(4, 4);Move Large;1;1397
;(11, 4);;(4, 4);Move Large;1;1398
;(11, 4);;(4, 4);Move Large;1;1399
;(11, 4);;(4, 4);Move Large;1;1400
;(11, 4);;(4, 4);Move Large;1;1401
;(11, 4);;(4, 4);Move Large;1;1402
MoveWest;(10, 4);;(4, 4);Move Large;1;1403
;(10, 4);;(4, 4);Move Large;1;1404
;(10, 4);;(4, 4);Move Large;1;1405
;(10, 4);;(4, 4);Move Large;1;1406
;(10, 4);;(4, 4);Move Large;1;1407
;(10, 4);;(4, 4);Move Large;1;1408
;(10, 4);;(4, 4);Move Large;1;1409
;(10, 4);;(4, 4);Move Large;1;1410
;(10, 4);;(4, 4);Move Large;1;1411
;(10, 4);;(4, 4);Move Large;1;1412
;(10, 4);;(4, 4);Move Large;1;1413
;(10, 4);;(4, 4);Move Large;1;1414
MoveWest;(9, 4);;(4, 4);Move Large;1;1415
;(9, 4);;(4, 4);Move Large;1;1416
;(9, 4);;(4, 4);Move Large;1;1417
;(9, 4);;(4, 4);Move Large;1;1418
;(9, 4);;(4, 4);Move Large;1;1419
;(9, 4);;(4, 4);Move Large;1;1420
;(9, 4);;(4, 4);Move Large;1;1421
;(9, 4);;(4, 4);Move Large;1;1422
;(9, 4);;(4, 4);Move Large;1;1423
;(9, 4);;(4, 4);Move Large;1;1424
;(9, 4);;(4, 4);Move Large;1;1425
MoveWest;(8, 4);;(4, 4);Move Large;1;1426
;(8, 4);;(4, 4);Move Large;1;1427
;(8, 4);;(4, 4);Move Large;1;1428
;(8, 4);;(4, 4);Move Large;1;1429
;(8, 4);;(4, 4);Move Large;1;1430
;(8, 4);;(4, 4);Move Large;1;1431
;(8, 4);;(4, 4);Move Large;1;1432
;(8, 4);;(4, 4);Move Large;1;1433
;(8, 4);;(4, 4);Move Large;1;1434
;(8, 4);;(4, 4);Move Large;1;1435
MoveWest;(7, 4);;(4, 4);Move Large;1;1436
;(7, 4);;(4, 4);Move Large;1;1437
;(7, 4);;(4, 4);Move Large;1;1438
;(7, 4);;(4, 4);Move Large;1;1439
;(7, 4);;(4, 4);Move Large;1;1440
;(7, 4);;(4, 4);Move Large;1;1441
;(7, 4);;(4, 4);Move Large;1;1442
;(7, 4);;(4, 4);Move Large;1;1443
;(7, 4);;(4, 4);Move Large;1;1444
;(7, 4);;(4, 4);Move Large;1;1445
;(7, 4);;(4, 4);Move Large;1;1446
;(7, 4);;(4, 4);Move Large;1;1447
;(7, 4);;(4, 4);Move Large;1;1448
;(7, 4);;(4, 4);Move Large;1;1449
;(7, 4);;(4, 4);Move Large;1;1450
;(7, 4);;(4, 4);Move Large;1;1451
;(7, 4);;(4, 4);Move Large;1;1452
;(7, 4);;(4, 4);Move Large;1;1453
;(7, 4);;(4, 4);Move Large;1;1454
;(7, 4);;(4, 4);Move Large;1;1455
;(7, 4);;(4, 4);Move Large;1;1456
;(7, 4);;(4, 4);Move Large;1;1457
;(7, 4);;(4, 4);Move Large;1;1458
;(7, 4);;(4, 4);Move Large;1;1459
;(7, 4);;(4, 4);Move Large;1;1460
;(7, 4);;(4, 4);Move Large;1;1461
;(7, 4);;(4, 4);Move Large;1;1462
;(7, 4);;(4, 4);Move Large;1;1463
;(7, 4);;(4, 4);Move Large;1;1464
;(7, 4);;(4, 4);Move Large;1;1465
;(7, 4);;(4, 4);Move Large;1;1466
;(7, 4);;(4, 4);Move Large;1;1467
;(7, 4);;(4, 4);Move Large;1;1468
;(7, 4);;(4, 4);Move Large;1;1469
;(7, 4);;(4, 4);Move Large;1;1470
;(7, 4);;(4, 4);Move Large;1;1471
;(7, 4);;(4, 4);Move Large;1;1472
;(7, 4);;(4, 4);Move Large;1;1473
;(7, 4);;(4, 4);Move Large;1;1474
;(7, 4);;(4, 4);Move Large;1;1475
;(7, 4);;(4, 4);Move Large;1;1476
;(7, 4);;(4, 4);Move Large;1;1477
;(7, 4);;(4, 4);Move Large;1;1478
;(7, 4);;(4, 4);Move Large;1;1479
;(7, 4);;(4, 4);Move Large;1;1480
;(7, 4);;(4, 4);Move Large;1;1481
;(7, 4);;(4, 4);Move Large;1;1482
;(7, 4);;(4, 4);Move Large;1;1483
;(7, 4);;(4, 4);Move Large;1;1484
;(7, 4);;(4, 4);Move Large;1;1485
;(7, 4);;(4, 4);Move Large;1;1486
;(7, 4);;(4, 4);Move Large;1;1487
;(7, 4);;(4, 4);Move Large;1;1488
;(7, 4);;(4, 4);Move Large;1;1489
;(7, 4);;(4, 4);Move Large;1;1490
;(7, 4);;(4, 4);Move Large;1;1491
;(7, 4);;(4, 4);Move Large;1;1492
;(7, 4);;(4, 4);Move Large;1;1493
;(7, 4);;(4, 4);Move Large;1;1494
;(7, 4);;(4, 4);Move Large;1;1495
;(7, 4);;(4, 4);Move Large;1;1496
;(7, 4);;(4, 4);Move Large;1;1497
;(7, 4);;(4, 4);Move Large;1;1498
MoveNorth;(7, 3);;(4, 4);Move Large;1;1499
;(7, 3);;(4, 4);Move Large;1;1500
;(7, 3);;(4, 4);Move Large;1;1501
;(7, 3);;(4, 4);Move Large;1;1502
;(7, 3);;(4, 4);Move Large;1;1503
;(7, 3);;(4, 4);Move Large;1;1504
;(7, 3);;(4, 4);Move Large;1;1505
;(7, 3);;(4, 4);Move Large;1;1506
;(7, 3);;(4, 4);Move Large;1;1507
;(7, 3);;(4, 4);Move Large;1;1508
MoveNorth;(7, 2);;(4, 4);Move Large;1;1509
;(7, 2);;(4, 4);Move Large;1;1510
;(7, 2);;(4, 4);Move Large;1;1511
;(7, 2);;(4, 4);Move Large;1;1512
;(7, 2);;(4, 4);Move Large;1;1513
;(7, 2);;(4, 4);Move Large;1;1514
;(7, 2);;(4, 4);Move Large;1;1515
;(7, 2);;(4, 4);Move Large;1;1516
;(7, 2);;(4, 4);Move Large;1;1517
;(7, 2);;(4, 4);Move Large;1;1518
;(7, 2);;(4, 4);Move Large;1;1519
;(7, 2);;(4, 4);Move Large;1;1520
;(7, 2);;(4, 4);Move Large;1;1521
;(7, 2);;(4, 4);Move Large;1;1522
;(7, 2);;(4, 4);Move Large;1;1523
;(7, 2);;(4, 4);Move Large;1;1524
;(7, 2);;(4, 4);Move Large;1;1525
;(7, 2);;(4, 4);Move Large;1;1526
;(7, 2);;(4, 4);Move Large;1;1527
;(7, 2);;(4, 4);Move Large;1;1528
;(7, 2);;(4, 4);Move Large;1;1529
;(7, 2);;(4, 4);Move Large;1;1530
;(7, 2);;(4, 4);Move Large;1;1531
;(7, 2);;(4, 4);Move Large;1;1532
;(7, 2);;(4, 4);Move Large;1;1533
;(7, 2);;(4, 4);Move Large;1;1534
;(7, 2);;(4, 4);Move Large;1;1535
;(7, 2);;(4, 4);Move Large;1;1536
;(7, 2);;(4, 4);Move Large;1;1537
;(7, 2);;(4, 4);Move Large;1;1538
;(7, 2);;(4, 4);Move Large;1;1539
;(7, 2);;(4, 4);Move Large;1;1540
;(7, 2);;(4, 4);Move Large;1;1541
;(7, 2);;(4, 4);Move Large;1;1542
;(7, 2);;(4, 4);Move Large;1;1543
;(7, 2);;(4, 4);Move Large;1;1544
;(7, 2);;(4, 4);Move Large;1;1545
;(7, 2);;(4, 4);Move Large;1;1546
;(7, 2);;(4, 4);Move Large;1;1547
;(7, 2);;(4, 4);Move Large;1;1548
;(7, 2);;(4, 4);Move Large;1;1549
;(7, 2);;(4, 4);Move Large;1;1550
;(7, 2);;(4, 4);Move Large;1;1551
;(7, 2);;(4, 4);Move Large;1;1552
;(7, 2);;(4, 4);Move Large;1;1553
;(7, 2);;(4, 4);Move Large;1;1554
;(7, 2);;(4, 4);Move Large;1;1555
;(7, 2);;(4, 4);Move Large;1;1556
;(7, 2);;(4, 4);Move Large;1;1557
;(7, 2);;(4, 4);Move Large;1;1558
;(7, 2);;(4, 4);Move Large;1;1559
;(7, 2);;(4, 4);Move Large;1;1560
;(7, 2);;(4, 4);Move Large;1;1561
;(7, 2);;(4, 4);Move Large;1;1562
;(7, 2);;(4, 4);Move Large;1;1563
;(7, 2);;(4, 4);Move Large;1;1564
;(7, 2);;(4, 4);Move Large;1;1565
;(7, 2);;(4, 4);Move Large;1;1566
;(7, 2);;(4, 4);Move Large;1;1567
;(7, 2);;(4, 4);Move Large;1;1568
;(7, 2);;(4, 4);Move Large;1;1569
;(7, 2);;(4, 4);Move Large;1;1570
;(7, 2);;(4, 4);Move Large;1;1571
;(7, 2);;(4, 4);Move Large;1;1572
;(7, 2);;(4, 4);Move Large;1;1573
;(7, 2);;(4, 4);Move Large;1;1574
;(7, 2);;(4, 4);Move Large;1;1575
;(7, 2);;(4, 4);Move Large;1;1576
;(7, 2);;(4, 4);Move Large;1;1577
;(7, 2);;(4, 4);Move Large;1;1578
;(7, 2);;(4, 4);Move Large;1;1579
;(7, 2);;(4, 4);Move Large;1;1580
;(7, 2);;(4, 4);Move Large;1;1581
;(7, 2);;(4, 4);Move Large;1;1582
;(7, 2);;(4, 4);Move Large;1;1583
;(7, 2);;(4, 4);Move Large;1;1584
;(7, 2);;(4, 4);Move Large;1;1585
;(7, 2);;(4, 4);Move Large;1;1586
;(7, 2);;(4, 4);Move Large;1;1587
;(7, 2);;(4, 4);Move Large;1;1588
;(7, 2);;(4, 4);Move Large;1;1589
;(7, 2);;(4, 4);Move Large;1;1590
;(7, 2);;(4, 4);Move Large;1;1591
;(7, 2);;(4, 4);Move Large;1;1592
;(7, 2);;(4, 4);Move Large;1;1593
;(7, 2);;(4, 4);Move Large;1;1594
;(7, 2);;(4, 4);Move Large;1;1595
;(7, 2);;(4, 4);Move Large;1;1596
;(7, 2);;(4, 4);Move Large;1;1597
;(7, 2);;(4, 4);Move Large;1;1598
;(7, 2);;(4, 4);Move Large;1;1599
;(7, 2);;(4, 4);Move Large;1;1600
;(7, 2);;(4, 4);Move Large;1;1601
;(7, 2);;(4, 4);Move Large;1;1602
;(7, 2);;(4, 4);Move Large;1;1603
;(7, 2);;(4, 4);Move Large;1;1604
;(7, 2);;(4, 4);Move Large;1;1605
;(7, 2);;(4, 4);Move Large;1;1606
;(7, 2);;(4, 4);Move Large;1;1607
;(7, 2);;(4, 4);Move Large;1;1608
;(7, 2);;(4, 4);Move Large;1;1609
;(7, 2);;(4, 4);Move Large;1;1610
;(7, 2);;(4, 4);Move Large;1;1611
;(7, 2);;(4, 4);Move Large;1;1612
;(7, 2);;(4, 4);Move Large;1;1613
;(7, 2);;(4, 4);Move Large;1;1614
;(7, 2);;(4, 4);Move Large;1;1615
;(7, 2);;(4, 4);Move Large;1;1616
;(7, 2);;(4, 4);Move Large;1;1617
;(7, 2);;(4, 4);Move Large;1;1618
;(7, 2);;(4, 4);Move Large;1;1619
;(7, 2);;(4, 4);Move Large;1;1620
;(7, 2);;(4, 4);Move Large;1;1621
;(7, 2);;(4, 4);Move Large;1;1622
;(7, 2);;(4, 4);Move Large;1;1623
;(7, 2);;(4, 4);Move Large;1;1624
;(7, 2);;(4, 4);Move Large;1;1625
;(7, 2);;(4, 4);Move Large;1;1626
;(7, 2);;(4, 4);Move Large;1;1627
;(7, 2);;(4, 4);Move Large;1;1628
;(7, 2);;(4, 4);Move Large;1;1629
;(7, 2);;(4, 4);Move Large;1;1630
;(7, 2);;(4, 4);Move Large;1;1631
;(7, 2);;(4, 4);Move Large;1;1632
;(7, 2);;(4, 4);Move Large;1;1633
;(7, 2);;(4, 4);Move Large;1;1634
;(7, 2);;(4, 4);Move Large;1;1635
;(7, 2);;(4, 4);Move Large;1;1636
;(7, 2);;(4, 4);Move Large;1;1637
;(7, 2);;(4, 4);Move Large;1;1638
;(7, 2);;(4, 4);Move Large;1;1639
;(7, 2);;(4, 4);Move Large;1;1640
;(7, 2);;(4, 4);Move Large;1;1641
;(7, 2);;(4, 4);Move Large;1;1642
;(7, 2);;(4, 4);Move Large;1;1643
;(7, 2);;(4, 4);Move Large;1;1644
;(7, 2);;(4, 4);Move Large;1;1645
;(7, 2);;(4, 4);Move Large;1;1646
;(7, 2);;(4, 4);Move Large;1;1647
;(7, 2);;(4, 4);Move Large;1;1648
;(7, 2);;(4, 4);Move Large;1;1649
;(7, 2);;(4, 4);Move Large;1;1650
;(7, 2);;(4, 4);Move Large;1;1651
;(7, 2);;(4, 4);Move Large;1;1652
;(7, 2);;(4, 4);Move Large;1;1653
;(7, 2);;(4, 4);Move Large;1;1654
;(7, 2);;(4, 4);Move Large;1;1655
;(7, 2);;(4, 4);Move Large;1;1656
;(7, 2);;(4, 4);Move Large;1;1657
;(7, 2);;(4, 4);Move Large;1;1658
;(7, 2);;(4, 4);Move Large;1;1659
;(7, 2);;(4, 4);Move Large;1;1660
;(7, 2);;(4, 4);Move Large;1;1661
;(7, 2);;(4, 4);Move Large;1;1662
;(7, 2);;(4, 4);Move Large;1;1663
;(7, 2);;(4, 4);Move Large;1;1664
;(7, 2);;(4, 4);Move Large;1;1665
;(7, 2);;(4, 4);Move Large;1;1666
;(7, 2);;(4, 4);Move Large;1;1667
;(7, 2);;(4, 4);Move Large;1;1668
;(7, 2);;(4, 4);Move Large;1;1669
;(7, 2);;(4, 4);Move Large;1;1670
;(7, 2);;(4, 4);Move Large;1;1671
;(7, 2);;(4, 4);Move Large;1;1672
;(7, 2);;(4, 4);Move Large;1;1673
;(7, 2);;(4, 4);Move Large;1;1674
;(7, 2);;(4, 4);Move Large;1;1675
;(7, 2);;(4, 4);Move Large;1;1676
;(7, 2);;(4, 4);Move Large;1;1677
;(7, 2);;(4, 4);Move Large;1;1678
;(7, 2);;(4, 4);Move Large;1;1679
;(7, 2);;(4, 4);Move Large;1;1680
;(7, 2);;(4, 4);Move Large;1;1681
;(7, 2);;(4, 4);Move Large;1;1682
;(7, 2);;(4, 4);Move Large;1;1683
;(7, 2);;(4, 4);Move Large;1;1684
;(7, 2);;(4, 4);Move Large;1;1685
;(7, 2);;(4, 4);Move Large;1;1686
;(7, 2);;(4, 4);Move Large;1;1687
;(7, 2);;(4, 4);Move Large;1;1688
;(7, 2);;(4, 4);Move Large;1;1689
;(7, 2);;(4, 4);Move Large;1;1690
;(7, 2);;(4, 4);Move Large;1;1691
;(7, 2);;(4, 4);Move Large;1;1692
;(7, 2);;(4, 4);Move Large;1;1693
;(7, 2);;(4, 4);Move Large;1;1694
;(7, 2);;(4, 4);Move Large;1;1695
;(7, 2);;(4, 4);Move Large;1;1696
;(7, 2);;(4, 4);Move Large;1;1697
;(7, 2);;(4, 4);Move Large;1;1698
;(7, 2);;(4, 4);Move Large;1;1699
;(7, 2);;(4, 4);Move Large;1;1700
;(7, 2);;(4, 4);Move Large;1;1701
;(7, 2);;(4, 4);Move Large;1;1702
;(7, 2);;(4, 4);Move Large;1;1703
;(7, 2);;(4, 4);Move Large;1;1704
;(7, 2);;(4, 4);Move Large;1;1705
;(7, 2);;(4, 4);Move Large;1;1706
;(7, 2);;(4, 4);Move Large;1;1707
;(7, 2);;(4, 4);Move Large;1;1708
;(7, 2);;(4, 4);Move Large;1;1709
;(7, 2);;(4, 4);Move Large;1;1710
;(7, 2);;(4, 4);Move Large;1;1711
;(7, 2);;(4, 4);Move Large;1;1712
;(7, 2);;(4, 4);Move Large;1;1713
;(7, 2);;(4, 4);Move Large;1;1714
;(7, 2);;(4, 4);Move Large;1;1715
;(7, 2);;(4, 4);Move Large;1;1716
;(7, 2);;(4, 4);Move Large;1;1717
;(7, 2);;(4, 4);Move Large;1;1718
;(7, 2);;(4, 4);Move Large;1;1719
;(7, 2);;(4, 4);Move Large;1;1720
;(7, 2);;(4, 4);Move Large;1;1721
;(7, 2);;(4, 4);Move Large;1;1722
;(7, 2);;(4, 4);Move Large;1;1723
;(7, 2);;(4, 4);Move Large;1;1724
;(7, 2);;(4, 4);Move Large;1;1725
;(7, 2);;(4, 4);Move Large;1;1726
;(7, 2);;(4, 4);Move Large;1;1727
;(7, 2);;(4, 4);Move Large;1;1728
;(7, 2);;(4, 4);Move Large;1;1729
;(7, 2);;(4, 4);Move Large;1;1730
;(7, 2);;(4, 4);Move Large;1;1731
;(7, 2);;(4, 4);Move Large;1;1732
;(7, 2);;(4, 4);Move Large;1;1733
;(7, 2);;(4, 4);Move Large;1;1734
;(7, 2);;(4, 4);Move Large;1;1735
;(7, 2);;(4, 4);Move Large;1;1736
;(7, 2);;(4, 4);Move Large;1;1737
;(7, 2);;(4, 4);Move Large;1;1738
;(7, 2);;(4, 4);Move Large;1;1739
;(7, 2);;(4, 4);Move Large;1;1740
;(7, 2);;(4, 4);Move Large;1;1741
;(7, 2);;(4, 4);Move Large;1;1742
;(7, 2);;(4, 4);Move Large;1;1743
;(7, 2);;(4, 4);Move Large;1;1744
;(7, 2);;(4, 4);Move Large;1;1745
;(7, 2);;(4, 4);Move Large;1;1746
;(7, 2);;(4, 4);Move Large;1;1747
;(7, 2);;(4, 4);Move Large;1;1748
;(7, 2);;(4, 4);Move Large;1;1749
;(7, 2);;(4, 4);Move Large;1;1750
;(7, 2);;(4, 4);Move Large;1;1751
MoveWest;(6, 2);;(4, 4);Move Large;1;1752
;(6, 2);;(4, 4);Move Large;1;1753
;(6, 2);;(4, 4);Move Large;1;1754
;(6, 2);;(4, 4);Move Large;1;1755
;(6, 2);;(4, 4);Move Large;1;1756
;(6, 2);;(4, 4);Move Large;1;1757
;(6, 2);;(4, 4);Move Large;1;1758
;(6, 2);;(4, 4);Move Large;1;1759
;(6, 2);;(4, 4);Move Large;1;1760
;(6, 2);;(4, 4);Move Large;1;1761
;(6, 2);;(4, 4);Move Large;1;1762
;(6, 2);;(4, 4);Move Large;1;1763
;(6, 2);;(4, 4);Move Large;1;1764
;(6, 2);;(4, 4);Move Large;1;1765
;(6, 2);;(4, 4);Move Large;1;1766
;(6, 2);;(4, 4);Move Large;1;1767
;(6, 2);;(4, 4);Move Large;1;1768
;(6, 2);;(4, 4);Move Large;1;1769
;(6, 2);;(4, 4);Move Large;1;1770
;(6, 2);;(4, 4);Move Large;1;1771
;(6, 2);;(4, 4);Move Large;1;1772
MoveEast;(7, 2);;(4, 4);Move Large;1;1773
;(7, 2);;(4, 4);Move Large;1;1774
;(7, 2);;(4, 4);Move Large;1;1775
;(7, 2);;(4, 4);Move Large;1;1776
;(7, 2);;(4, 4);Move Large;1;1777
;(7, 2);;(4, 4);Move Large;1;1778
;(7, 2);;(4, 4);Move Large;1;1779
;(7, 2);;(4, 4);Move Large;1;1780
;(7, 2);;(4, 4);Move Large;1;1781
;(7, 2);;(4, 4);Move Large;1;1782
;(7, 2);;(4, 4);Move Large;1;1783
MoveWest;(6, 2);;(4, 4);Move Large;1;1784
;(6, 2);;(4, 4);Move Large;1;1785
;(6, 2);;(4, 4);Move Large;1;1786
;(6, 2);;(4, 4);Move Large;1;1787
;(6, 2);;(4, 4);Move Large;1;1788
;(6, 2);;(4, 4);Move Large;1;1789
;(6, 2);;(4, 4);Move Large;1;1790
;(6, 2);;(4, 4);Move Large;1;1791
;(6, 2);;(4, 4);Move Large;1;1792
;(6, 2);;(4, 4);Move Large;1;1793
;(6, 2);;(4, 4);Move Large;1;1794
;(6, 2);;(4, 4);Move Large;1;1795
MoveEast;(7, 2);;(4, 4);Move Large;1;1796
;(7, 2);;(4, 4);Move Large;1;1797
;(7, 2);;(4, 4);Move Large;1;1798
;(7, 2);;(4, 4);Move Large;1;1799
;(7, 2);;(4, 4);Move Large;1;1800
;(7, 2);;(4, 4);Move Large;1;1801
;(7, 2);;(4, 4);Move Large;1;1802
;(7, 2);;(4, 4);Move Large;1;1803
;(7, 2);;(4, 4);Move Large;1;1804
;(7, 2);;(4, 4);Move Large;1;1805
MoveWest;(6, 2);;(4, 4);Move Large;1;1806
;(6, 2);;(4, 4);Move Large;1;1807
;(6, 2);;(4, 4);Move Large;1;1808
;(6, 2);;(4, 4);Move Large;1;1809
;(6, 2);;(4, 4);Move Large;1;1810
;(6, 2);;(4, 4);Move Large;1;1811
;(6, 2);;(4, 4);Move Large;1;1812
;(6, 2);;(4, 4);Move Large;1;1813
;(6, 2);;(4, 4);Move Large;1;1814
;(6, 2);;(4, 4);Move Large;1;1815
;(6, 2);;(4, 4);Move Large;1;1816
MoveEast;(7, 2);;(4, 4);Move Large;1;1817
;(7, 2);;(4, 4);Move Large;1;1818
;(7, 2);;(4, 4);Move Large;1;1819
;(7, 2);;(4, 4);Move Large;1;1820
;(7, 2);;(4, 4);Move Large;1;1821
;(7, 2);;(4, 4);Move Large;1;1822
;(7, 2);;(4, 4);Move Large;1;1823
;(7, 2);;(4, 4);Move Large;1;1824
;(7, 2);;(4, 4);Move Large;1;1825
MoveWest;(6, 2);;(4, 4);Move Large;1;1826
;(6, 2);;(4, 4);Move Large;1;1827
;(6, 2);;(4, 4);Move Large;1;1828
;(6, 2);;(4, 4);Move Large;1;1829
;(6, 2);;(4, 4);Move Large;1;1830
;(6, 2);;(4, 4);Move Large;1;1831
;(6, 2);;(4, 4);Move Large;1;1832
;(6, 2);;(4, 4);Move Large;1;1833
;(6, 2);;(4, 4);Move Large;1;1834
;(6, 2);;(4, 4);Move Large;1;1835
MoveEast;(7, 2);;(4, 4);Move Large;1;1836
;(7, 2);;(4, 4);Move Large;1;1837
;(7, 2);;(4, 4);Move Large;1;1838
;(7, 2);;(4, 4);Move Large;1;1839
;(7, 2);;(4, 4);Move Large;1;1840
;(7, 2);;(4, 4);Move Large;1;1841
;(7, 2);;(4, 4);Move Large;1;1842
;(7, 2);;(4, 4);Move Large;1;1843
;(7, 2);;(4, 4);Move Large;1;1844
MoveWest;(6, 2);;(4, 4);Move Large;1;1845
;(6, 2);;(4, 4);Move Large;1;1846
;(6, 2);;(4, 4);Move Large;1;1847
;(6, 2);;(4, 4);Move Large;1;1848
;(6, 2);;(4, 4);Move Large;1;1849
;(6, 2);;(4, 4);Move Large;1;1850
;(6, 2);;(4, 4);Move Large;1;1851
;(6, 2);;(4, 4);Move Large;1;1852
;(6, 2);;(4, 4);Move Large;1;1853
MoveEast;(7, 2);;(4, 4);Move Large;1;1854
;(7, 2);;(4, 4);Move Large;1;1855
;(7, 2);;(4, 4);Move Large;1;1856
;(7, 2);;(4, 4);Move Large;1;1857
;(7, 2);;(4, 4);Move Large;1;1858
;(7, 2);;(4, 4);Move Large;1;1859
;(7, 2);;(4, 4);Move Large;1;1860
;(7, 2);;(4, 4);Move Large;1;1861
MoveWest;(6, 2);;(4, 4);Move Large;1;1862
;(6, 2);;(4, 4);Move Large;1;1863
;(6, 2);;(4, 4);Move Large;1;1864
;(6, 2);;(4, 4);Move Large;1;1865
;(6, 2);;(4, 4);Move Large;1;1866
;(6, 2);;(4, 4);Move Large;1;1867
;(6, 2);;(4, 4);Move Large;1;1868
;(6, 2);;(4, 4);Move Large;1;1869
;(6, 2);;(4, 4);Move Large;1;1870
;(6, 2);;(4, 4);Move Large;1;1871
MoveEast;(7, 2);;(4, 4);Move Large;1;1872
;(7, 2);;(4, 4);Move Large;1;1873
;(7, 2);;(4, 4);Move Large;1;1874
;(7, 2);;(4, 4);Move Large;1;1875
;(7, 2);;(4, 4);Move Large;1;1876
;(7, 2);;(4, 4);Move Large;1;1877
;(7, 2);;(4, 4);Move Large;1;1878
;(7, 2);;(4, 4);Move Large;1;1879
;(7, 2);;(4, 4);Move Large;1;1880
;(7, 2);;(4, 4);Move Large;1;1881
MoveWest;(6, 2);;(4, 4);Move Large;1;1882
;(6, 2);;(4, 4);Move Large;1;1883
;(6, 2);;(4, 4);Move Large;1;1884
;(6, 2);;(4, 4);Move Large;1;1885
;(6, 2);;(4, 4);Move Large;1;1886
;(6, 2);;(4, 4);Move Large;1;1887
;(6, 2);;(4, 4);Move Large;1;1888
;(6, 2);;(4, 4);Move Large;1;1889
MoveEast;(7, 2);;(4, 4);Move Large;1;1890
;(7, 2);;(4, 4);Move Large;1;1891
;(7, 2);;(4, 4);Move Large;1;1892
;(7, 2);;(4, 4);Move Large;1;1893
;(7, 2);;(4, 4);Move Large;1;1894
;(7, 2);;(4, 4);Move Large;1;1895
;(7, 2);;(4, 4);Move Large;1;1896
;(7, 2);;(4, 4);Move Large;1;1897
MoveEast;(8, 2);;(4, 4);Move Large;1;1898
;(8, 2);;(4, 4);Move Large;1;1899
;(8, 2);;(4, 4);Move Large;1;1900
;(8, 2);;(4, 4);Move Large;1;1901
;(8, 2);;(4, 4);Move Large;1;1902
;(8, 2);;(4, 4);Move Large;1;1903
;(8, 2);;(4, 4);Move Large;1;1904
;(8, 2);;(4, 4);Move Large;1;1905
;(8, 2);;(4, 4);Move Large;1;1906
MoveWest;(7, 2);;(4, 4);Move Large;1;1907
;(7, 2);;(4, 4);Move Large;1;1908
;(7, 2);;(4, 4);Move Large;1;1909
;(7, 2);;(4, 4);Move Large;1;1910
;(7, 2);;(4, 4);Move Large;1;1911
MoveEast;(8, 2);;(4, 4);Move Large;1;1912
;(8, 2);;(4, 4);Move Large;1;1913
;(8, 2);;(4, 4);Move Large;1;1914
;(8, 2);;(4, 4);Move Large;1;1915
;(8, 2);;(4, 4);Move Large;1;1916
;(8, 2);;(4, 4);Move Large;1;1917
;(8, 2);;(4, 4);Move Large;1;1918
;(8, 2);;(4, 4);Move Large;1;1919
MoveWest;(7, 2);;(4, 4);Move Large;1;1920
;(7, 2);;(4, 4);Move Large;1;1921
;(7, 2);;(4, 4);Move Large;1;1922
;(7, 2);;(4, 4);Move Large;1;1923
;(7, 2);;(4, 4);Move Large;1;1924
;(7, 2);;(4, 4);Move Large;1;1925
;(7, 2);;(4, 4);Move Large;1;1926
;(7, 2);;(4, 4);Move Large;1;1927
;(7, 2);;(4, 4);Move Large;1;1928
;(7, 2);;(4, 4);Move Large;1;1929
;(7, 2);;(4, 4);Move Large;1;1930
MoveEast;(8, 2);;(4, 4);Move Large;1;1931
;(8, 2);;(4, 4);Move Large;1;1932
;(8, 2);;(4, 4);Move Large;1;1933
;(8, 2);;(4, 4);Move Large;1;1934
;(8, 2);;(4, 4);Move Large;1;1935
;(8, 2);;(4, 4);Move Large;1;1936
;(8, 2);;(4, 4);Move Large;1;1937
;(8, 2);;(4, 4);Move Large;1;1938
MoveWest;(7, 2);;(4, 4);Move Large;1;1939
;(7, 2);;(4, 4);Move Large;1;1940
;(7, 2);;(4, 4);Move Large;1;1941
;(7, 2);;(4, 4);Move Large;1;1942
;(7, 2);;(4, 4);Move Large;1;1943
MoveEast;(8, 2);;(4, 4);Move Large;1;1944
;(8, 2);;(4, 4);Move Large;1;1945
;(8, 2);;(4, 4);Move Large;1;1946
;(8, 2);;(4, 4);Move Large;1;1947
;(8, 2);;(4, 4);Move Large;1;1948
;(8, 2);;(4, 4);Move Large;1;1949
;(8, 2);;(4, 4);Move Large;1;1950
MoveWest;(7, 2);;(4, 4);Move Large;1;1951
;(7, 2);;(4, 4);Move Large;1;1952
;(7, 2);;(4, 4);Move Large;1;1953
;(7, 2);;(4, 4);Move Large;1;1954
;(7, 2);;(4, 4);Move Large;1;1955
;(7, 2);;(4, 4);Move Large;1;1956
;(7, 2);;(4, 4);Move Large;1;1957
;(7, 2);;(4, 4);Move Large;1;1958
;(7, 2);;(4, 4);Move Large;1;1959
;(7, 2);;(4, 4);Move Large;1;1960
MoveSouth;(7, 3);;(4, 4);Move Large;1;1961
;(7, 3);;(4, 4);Move Large;1;1962
;(7, 3);;(4, 4);Move Large;1;1963
;(7, 3);;(4, 4);Move Large;1;1964
;(7, 3);;(4, 4);Move Large;1;1965
;(7, 3);;(4, 4);Move Large;1;1966
MoveSouth;(7, 4);;(4, 4);Move Large;1;1967
;(7, 4);;(4, 4);Move Large;1;1968
;(7, 4);;(4, 4);Move Large;1;1969
;(7, 4);;(4, 4);Move Large;1;1970
;(7, 4);;(4, 4);Move Large;1;1971
;(7, 4);;(4, 4);Move Large;1;1972
;(7, 4);;(4, 4);Move Large;1;1973
;(7, 4);;(4, 4);Move Large;1;1974
;(7, 4);;(4, 4);Move Large;1;1975
MoveEast;(8, 4);;(4, 4);Move Large;1;1976
;(8, 4);;(4, 4);Move Large;1;1977
;(8, 4);;(4, 4);Move Large;1;1978
;(8, 4);;(4, 4);Move Large;1;1979
;(8, 4);;(4, 4);Move Large;1;1980
MoveWest;(7, 4);;(4, 4);Move Large;1;1981
;(7, 4);;(4, 4);Move Large;1;1982
;(7, 4);;(4, 4);Move Large;1;1983
;(7, 4);;(4, 4);Move Large;1;1984
;(7, 4);;(4, 4);Move Large;1;1985
;(7, 4);;(4, 4);Move Large;1;1986
MoveEast;(8, 4);;(4, 4);Move Large;1;1987
;(8, 4);;(4, 4);Move Large;1;1988
;(8, 4);;(4, 4);Move Large;1;1989
MoveWest;(7, 4);;(4, 4);Move Large;1;1990
;(7, 4);;(4, 4);Move Large;1;1991
;(7, 4);;(4, 4);Move Large;1;1992
;(7, 4);;(4, 4);Move Large;1;1993
;(7, 4);;(4, 4);Move Large;1;1994
;(7, 4);;(4, 4);Move Large;1;1995
MoveEast;(8, 4);;(4, 4);Move Large;1;1996
;(8, 4);;(4, 4);Move Large;1;1997
;(8, 4);;(4, 4);Move Large;1;1998
MoveWest;(7, 4);;(4, 4);Move Large;1;1999
;(7, 4);;(4, 4);Move Large;1;2000
;(7, 4);;(4, 4);Move Large;1;2001
MoveEast;(8, 4);;(4, 4);Move Large;1;2002
;(8, 4);;(4, 4);Move Large;1;2003
MoveWest;(7, 4);;(4, 4);Move Large;1;2004
;(7, 4);;(4, 4);Move Large;1;2005
;(7, 4);;(4, 4);Move Large;1;2006
;(7, 4);;(4, 4);Move Large;1;2007
MoveEast;(8, 4);;(4, 4);Move Large;1;2008
;(8, 4);;(4, 4);Move Large;1;2009
MoveWest;(7, 4);;(4, 4);Move Large;1;2010
;(7, 4);;(4, 4);Move Large;1;2011
;(7, 4);;(4, 4);Move Large;1;2012
MoveEast;(8, 4);;(4, 4);Move Large;1;2013
MoveWest;(7, 4);;(4, 4);Move Large;1;2014
;(7, 4);;(4, 4);Move Large;1;2015
;(7, 4);;(4, 4);Move Large;1;2016
MoveEast;(8, 4);;(4, 4);Move Large;1;2017
;(8, 4);;(4, 4);Move Large;1;2018
MoveWest;(7, 4);;(4, 4);Move Large;1;2019
;(7, 4);;(4, 4);Move Large;1;2020
MoveEast;(8, 4);;(4, 4);Move Large;1;2021
;(8, 4);;(4, 4);Move Large;1;2022
MoveWest;(7, 4);;(4, 4);Move Large;1;2023
;(7, 4);;(4, 4);Move Large;1;2024
MoveEast;(8, 4);;(4, 4);Move Large;1;2025
;(8, 4);;(4, 4);Move Large;1;2026
MoveWest;(7, 4);;(4, 4);Move Large;1;2027
;(7, 4);;(4, 4);Move Large;1;2028
MoveEast;(8, 4);;(4, 4);Move Large;1;2029
;(8, 4);;(4, 4);Move Large;1;2030
MoveWest;(7, 4);;(4, 4);Move Large;1;2031
;(7, 4);;(4, 4);Move Large;1;2032
MoveEast;(8, 4);;(4, 4);Move Large;1;2033
MoveWest;(7, 4);;(4, 4);Move Large;1;2034
;(7, 4);;(4, 4);Move Large;1;2035
MoveEast;(8, 4);;(4, 4);Move Large;1;2036
;(8, 4);;(4, 4);Move Large;1;2037
MoveWest;(7, 4);;(4, 4);Move Large;1;2038
;(7, 4);;(4, 4);Move Large;1;2039
MoveEast;(8, 4);;(4, 4);Move Large;1;2040
MoveWest;(7, 4);;(4, 4);Move Large;1;2041
;(7, 4);;(4, 4);Move Large;1;2042
MoveEast;(8, 4);;(4, 4);Move Large;1;2043
;(8, 4);;(4, 4);Move Large;1;2044
MoveWest;(7, 4);;(4, 4);Move Large;1;2045
;(7, 4);;(4, 4);Move Large;1;2046
;(7, 4);;(4, 4);Move Large;1;2047
MoveEast;(8, 4);;(4, 4);Move Large;1;2048
MoveWest;(7, 4);;(4, 4);Move Large;1;2049
;(7, 4);;(4, 4);Move Large;1;2050
;(7, 4);;(4, 4);Move Large;1;2051
MoveEast;(8, 4);;(4, 4);Move Large;1;2052
MoveWest;(7, 4);;(4, 4);Move Large;1;2053
;(7, 4);;(4, 4);Move Large;1;2054
;(7, 4);;(4, 4);Move Large;1;2055
MoveEast;(8, 4);;(4, 4);Move Large;1;2056
MoveWest;(7, 4);;(4, 4);Move Large;1;2057
;(7, 4);;(4, 4);Move Large;1;2058
;(7, 4);;(4, 4);Move Large;1;2059
MoveEast;(8, 4);;(4, 4);Move Large;1;2060
MoveWest;(7, 4);;(4, 4);Move Large;1;2061
;(7, 4);;(4, 4);Move Large;1;2062
MoveEast;(8, 4);;(4, 4);Move Large;1;2063
;(8, 4);;(4, 4);Move Large;1;2064
MoveWest;(7, 4);;(4, 4);Move Large;1;2065
;(7, 4);;(4, 4);Move Large;1;2066
MoveEast;(8, 4);;(4, 4);Move Large;1;2067
MoveWest;(7, 4);;(4, 4);Move Large;1;2068
;(7, 4);;(4, 4);Move Large;1;2069
;(7, 4);;(4, 4);Move Large;1;2070
;(7, 4);;(4, 4);Move Large;1;2071
;(7, 4);;(4, 4);Move Large;1;2072
;(7, 4);;(4, 4);Move Large;1;2073
;(7, 4);;(4, 4);Move Large;1;2074
;(7, 4);;(4, 4);Move Large;1;2075
;(7, 4);;(4, 4);Move Large;1;2076
;(7, 4);;(4, 4);Move Large;1;2077
;(7, 4);;(4, 4);Move Large;1;2078
;(7, 4);;(4, 4);Move Large;1;2079
;(7, 4);;(4, 4);Move Large;1;2080
;(7, 4);;(4, 4);Move Large;1;2081
;(7, 4);;(4, 4);Move Large;1;2082
;(7, 4);;(4, 4);Move Large;1;2083
;(7, 4);;(4, 4);Move Large;1;2084
;(7, 4);;(4, 4);Move Large;1;2085
;(7, 4);;(4, 4);Move Large;1;2086
;(7, 4);;(4, 4);Move Large;1;2087
;(7, 4);;(4, 4);Move Large;1;2088
;(7, 4);;(4, 4);Move Large;1;2089
;(7, 4);;(4, 4);Move Large;1;2090
;(7, 4);;(4, 4);Move Large;1;2091
;(7, 4);;(4, 4);Move Large;1;2092
;(7, 4);;(4, 4);Move Large;1;2093
;(7, 4);;(4, 4);Move Large;1;2094
;(7, 4);;(4, 4);Move Large;1;2095
;(7, 4);;(4, 4);Move Large;1;2096
;(7, 4);;(4, 4);Move Large;1;2097
;(7, 4);;(4, 4);Move Large;1;2098
;(7, 4);;(4, 4);Move Large;1;2099
;(7, 4);;(4, 4);Move Large;1;2100
;(7, 4);;(4, 4);Move Large;1;2101
;(7, 4);;(4, 4);Move Large;1;2102
;(7, 4);;(4, 4);Move Large;1;2103
;(7, 4);;(4, 4);Move Large;1;2104
;(7, 4);;(4, 4);Move Large;1;2105
;(7, 4);;(4, 4);Move Large;1;2106
;(7, 4);;(4, 4);Move Large;1;2107
;(7, 4);;(4, 4);Move Large;1;2108
;(7, 4);;(4, 4);Move Large;1;2109
;(7, 4);;(4, 4);Move Large;1;2110
;(7, 4);;(4, 4);Move Large;1;2111
;(7, 4);;(4, 4);Move Large;1;2112
;(7, 4);;(4, 4);Move Large;1;2113
;(7, 4);;(4, 4);Move Large;1;2114
;(7, 4);;(4, 4);Move Large;1;2115
;(7, 4);;(4, 4);Move Large;1;2116
;(7, 4);;(4, 4);Move Large;1;2117
;(7, 4);;(4, 4);Move Large;1;2118
;(7, 4);;(4, 4);Move Large;1;2119
;(7, 4);;(4, 4);Move Large;1;2120
;(7, 4);;(4, 4);Move Large;1;2121
;(7, 4);;(4, 4);Move Large;1;2122
;(7, 4);;(4, 4);Move Large;1;2123
;(7, 4);;(4, 4);Move Large;1;2124
;(7, 4);;(4, 4);Move Large;1;2125
;(7, 4);;(4, 4);Move Large;1;2126
;(7, 4);;(4, 4);Move Large;1;2127
;(7, 4);;(4, 4);Move Large;1;2128
;(7, 4);;(4, 4);Move Large;1;2129
;(7, 4);;(4, 4);Move Large;1;2130
;(7, 4);;(4, 4);Move Large;1;2131
;(7, 4);;(4, 4);Move Large;1;2132
;(7, 4);;(4, 4);Move Large;1;2133
;(7, 4);;(4, 4);Move Large;1;2134
;(7, 4);;(4, 4);Move Large;1;2135
;(7, 4);;(4, 4);Move Large;1;2136
;(7, 4);;(4, 4);Move Large;1;2137
;(7, 4);;(4, 4);Move Large;1;2138
;(7, 4);;(4, 4);Move Large;1;2139
;(7, 4);;(4, 4);Move Large;1;2140
;(7, 4);;(4, 4);Move Large;1;2141
;(7, 4);;(4, 4);Move Large;1;2142
;(7, 4);;(4, 4);Move Large;1;2143
;(7, 4);;(4, 4);Move Large;1;2144
;(7, 4);;(4, 4);Move Large;1;2145
;(7, 4);;(4, 4);Move Large;1;2146
;(7, 4);;(4, 4);Move Large;1;2147
;(7, 4);;(4, 4);Move Large;1;2148
;(7, 4);;(4, 4);Move Large;1;2149
;(7, 4);;(4, 4);Move Large;1;2150
;(7, 4);;(4, 4);Move Large;1;2151
;(7, 4);;(4, 4);Move Large;1;2152
;(7, 4);;(4, 4);Move Large;1;2153
;(7, 4);;(4, 4);Move Large;1;2154
;(7, 4);;(4, 4);Move Large;1;2155
;(7, 4);;(4, 4);Move Large;1;2156
;(7, 4);;(4, 4);Move Large;1;2157
;(7, 4);;(4, 4);Move Large;1;2158
;(7, 4);;(4, 4);Move Large;1;2159
;(7, 4);;(4, 4);Move Large;1;2160
;(7, 4);;(4, 4);Move Large;1;2161
;(7, 4);;(4, 4);Move Large;1;2162
;(7, 4);;(4, 4);Move Large;1;2163
;(7, 4);;(4, 4);Move Large;1;2164
;(7, 4);;(4, 4);Move Large;1;2165
;(7, 4);;(4, 4);Move Large;1;2166
;(7, 4);;(4, 4);Move Large;1;2167
;(7, 4);;(4, 4);Move Large;1;2168
;(7, 4);;(4, 4);Move Large;1;2169
;(7, 4);;(4, 4);Move Large;1;2170
;(7, 4);;(4, 4);Move Large;1;2171
;(7, 4);;(4, 4);Move Large;1;2172
;(7, 4);;(4, 4);Move Large;1;2173
;(7, 4);;(4, 4);Move Large;1;2174
;(7, 4);;(4, 4);Move Large;1;2175
;(7, 4);;(4, 4);Move Large;1;2176
;(7, 4);;(4, 4);Move Large;1;2177
;(7, 4);;(4, 4);Move Large;1;2178
;(7, 4);;(4, 4);Move Large;1;2179
;(7, 4);;(4, 4);Move Large;1;2180
;(7, 4);;(4, 4);Move Large;1;2181
;(7, 4);;(4, 4);Move Large;1;2182
;(7, 4);;(4, 4);Move Large;1;2183
;(7, 4);;(4, 4);Move Large;1;2184
;(7, 4);;(4, 4);Move Large;1;2185
;(7, 4);;(4, 4);Move Large;1;2186
;(7, 4);;(4, 4);Move Large;1;2187
;(7, 4);;(4, 4);Move Large;1;2188
;(7, 4);;(4, 4);Move Large;1;2189
;(7, 4);;(4, 4);Move Large;1;2190
;(7, 4);;(4, 4);Move Large;1;2191
;(7, 4);;(4, 4);Move Large;1;2192
;(7, 4);;(4, 4);Move Large;1;2193
;(7, 4);;(4, 4);Move Large;1;2194
;(7, 4);;(4, 4);Move Large;1;2195
;(7, 4);;(4, 4);Move Large;1;2196
;(7, 4);;(4, 4);Move Large;1;2197
;(7, 4);;(4, 4);Move Large;1;2198
;(7, 4);;(4, 4);Move Large;1;2199
;(7, 4);;(4, 4);Move Large;1;2200
;(7, 4);;(4, 4);Move Large;1;2201
;(7, 4);;(4, 4);Move Large;1;2202
;(7, 4);;(4, 4);Move Large;1;2203
;(7, 4);;(4, 4);Move Large;1;2204
;(7, 4);;(4, 4);Move Large;1;2205
;(7, 4);;(4, 4);Move Large;1;2206
;(7, 4);;(4, 4);Move Large;1;2207
;(7, 4);;(4, 4);Move Large;1;2208
;(7, 4);;(4, 4);Move Large;1;2209
;(7, 4);;(4, 4);Move Large;1;2210
GrabObject;(7, 4);;(4, 4);Move Large;1;2211
;(7, 4);;(4, 4);Move Large;1;2212
;(7, 4);;(4, 4);Move Large;1;2213
;(7, 4);;(4, 4);Move Large;1;2214
;(7, 4);;(4, 4);Move Large;1;2215
;(7, 4);;(4, 4);Move Large;1;2216
;(7, 4);;(4, 4);Move Large;1;2217
;(7, 4);;(4, 4);Move Large;1;2218
;(7, 4);;(4, 4);Move Large;1;2219
;(7, 4);;(4, 4);Move Large;1;2220
;(7, 4);;(4, 4);Move Large;1;2221
;(7, 4);;(4, 4);Move Large;1;2222
;(7, 4);;(4, 4);Move Large;1;2223
;(7, 4);;(4, 4);Move Large;1;2224
;(7, 4);;(4, 4);Move Large;1;2225
;(7, 4);;(4, 4);Move Large;1;2226
GrabObject;(7, 4);;(4, 4);Move Large;1;2227
;(7, 4);;(4, 4);Move Large;1;2228
;(7, 4);;(4, 4);Move Large;1;2229
;(7, 4);;(4, 4);Move Large;1;2230
;(7, 4);;(4, 4);Move Large;1;2231
;(7, 4);;(4, 4);Move Large;1;2232
;(7, 4);;(4, 4);Move Large;1;2233
;(7, 4);;(4, 4);Move Large;1;2234
;(7, 4);;(4, 4);Move Large;1;2235
GrabObject;(7, 4);;(4, 4);Move Large;1;2236
;(7, 4);;(4, 4);Move Large;1;2237
;(7, 4);;(4, 4);Move Large;1;2238
;(7, 4);;(4, 4);Move Large;1;2239
;(7, 4);;(4, 4);Move Large;1;2240
;(7, 4);;(4, 4);Move Large;1;2241
;(7, 4);;(4, 4);Move Large;1;2242
;(7, 4);;(4, 4);Move Large;1;2243
;(7, 4);;(4, 4);Move Large;1;2244
;(7, 4);;(4, 4);Move Large;1;2245
MoveEast;(8, 4);;(4, 4);Move Large;1;2246
;(8, 4);;(4, 4);Move Large;1;2247
;(8, 4);;(4, 4);Move Large;1;2248
;(8, 4);;(4, 4);Move Large;1;2249
;(8, 4);;(4, 4);Move Large;1;2250
;(8, 4);;(4, 4);Move Large;1;2251
;(8, 4);;(4, 4);Move Large;1;2252
;(8, 4);;(4, 4);Move Large;1;2253
;(8, 4);;(4, 4);Move Large;1;2254
;(8, 4);;(4, 4);Move Large;1;2255
;(8, 4);;(4, 4);Move Large;1;2256
;(8, 4);;(4, 4);Move Large;1;2257
;(8, 4);;(4, 4);Move Large;1;2258
;(8, 4);;(4, 4);Move Large;1;2259
;(8, 4);;(4, 4);Move Large;1;2260
;(8, 4);;(4, 4);Move Large;1;2261
;(8, 4);;(4, 4);Move Large;1;2262
;(8, 4);;(4, 4);Move Large;1;2263
;(8, 4);;(4, 4);Move Large;1;2264
;(8, 4);;(4, 4);Move Large;1;2265
;(8, 4);;(4, 4);Move Large;1;2266
;(8, 4);;(4, 4);Move Large;1;2267
;(8, 4);;(4, 4);Move Large;1;2268
;(8, 4);;(4, 4);Move Large;1;2269
;(8, 4);;(4, 4);Move Large;1;2270
;(8, 4);;(4, 4);Move Large;1;2271
;(8, 4);;(4, 4);Move Large;1;2272
;(8, 4);;(4, 4);Move Large;1;2273
;(8, 4);;(4, 4);Move Large;1;2274
;(8, 4);;(4, 4);Move Large;1;2275
;(8, 4);;(4, 4);Move Large;1;2276
;(8, 4);;(4, 4);Move Large;1;2277
;(8, 4);;(4, 4);Move Large;1;2278
GrabObject;(8, 4);;(4, 4);Move Large;1;2279
;(8, 4);;(4, 4);Move Large;1;2280
;(8, 4);;(4, 4);Move Large;1;2281
;(8, 4);;(4, 4);Move Large;1;2282
;(8, 4);;(4, 4);Move Large;1;2283
;(8, 4);;(4, 4);Move Large;1;2284
;(8, 4);;(4, 4);Move Large;1;2285
;(8, 4);;(4, 4);Move Large;1;2286
;(8, 4);;(4, 4);Move Large;1;2287
GrabObject;(8, 4);;(4, 4);Move Large;1;2288
;(8, 4);;(4, 4);Move Large;1;2289
;(8, 4);;(4, 4);Move Large;1;2290
;(8, 4);;(4, 4);Move Large;1;2291
;(8, 4);;(4, 4);Move Large;1;2292
;(8, 4);;(4, 4);Move Large;1;2293
GrabObject;(8, 4);;(4, 4);Move Large;1;2294
;(8, 4);;(4, 4);Move Large;1;2295
;(8, 4);;(4, 4);Move Large;1;2296
;(8, 4);;(4, 4);Move Large;1;2297
;(8, 4);;(4, 4);Move Large;1;2298
;(8, 4);;(4, 4);Move Large;1;2299
;(8, 4);;(4, 4);Move Large;1;2300
;(8, 4);;(4, 4);Move Large;1;2301
;(8, 4);;(4, 4);Move Large;1;2302
;(8, 4);;(4, 4);Move Large;1;2303
;(8, 4);;(4, 4);Move Large;1;2304
;(8, 4);;(4, 4);Move Large;1;2305
;(8, 4);;(4, 4);Move Large;1;2306
;(8, 4);;(4, 4);Move Large;1;2307
;(8, 4);;(4, 4);Move Large;1;2308
;(8, 4);;(4, 4);Move Large;1;2309
;(8, 4);;(4, 4);Move Large;1;2310
;(8, 4);;(4, 4);Move Large;1;2311
;(8, 4);;(4, 4);Move Large;1;2312
;(8, 4);;(4, 4);Move Large;1;2313
;(8, 4);;(4, 4);Move Large;1;2314
;(8, 4);;(4, 4);Move Large;1;2315
;(8, 4);;(4, 4);Move Large;1;2316
;(8, 4);;(4, 4);Move Large;1;2317
;(8, 4);;(4, 4);Move Large;1;2318
;(8, 4);;(4, 4);Move Large;1;2319
;(8, 4);;(4, 4);Move Large;1;2320
;(8, 4);;(4, 4);Move Large;1;2321
;(8, 4);;(4, 4);Move Large;1;2322
;(8, 4);;(4, 4);Move Large;1;2323
;(8, 4);;(4, 4);Move Large;1;2324
;(8, 4);;(4, 4);Move Large;1;2325
;(8, 4);;(4, 4);Move Large;1;2326
;(8, 4);;(4, 4);Move Large;1;2327
;(8, 4);;(4, 4);Move Large;1;2328
;(8, 4);;(4, 4);Move Large;1;2329
;(8, 4);;(4, 4);Move Large;1;2330
;(8, 4);;(4, 4);Move Large;1;2331
;(8, 4);;(4, 4);Move Large;1;2332
;(8, 4);;(4, 4);Move Large;1;2333
;(8, 4);;(4, 4);Move Large;1;2334
;(8, 4);;(4, 4);Move Large;1;2335
;(8, 4);;(4, 4);Move Large;1;2336
;(8, 4);;(4, 4);Move Large;1;2337
;(8, 4);;(4, 4);Move Large;1;2338
;(8, 4);;(4, 4);Move Large;1;2339
;(8, 4);;(4, 4);Move Large;1;2340
;(8, 4);;(4, 4);Move Large;1;2341
;(8, 4);;(4, 4);Move Large;1;2342
;(8, 4);;(4, 4);Move Large;1;2343
;(8, 4);;(4, 4);Move Large;1;2344
;(8, 4);;(4, 4);Move Large;1;2345
;(8, 4);;(4, 4);Move Large;1;2346
;(8, 4);;(4, 4);Move Large;1;2347
;(8, 4);;(4, 4);Move Large;1;2348
;(8, 4);;(4, 4);Move Large;1;2349
;(8, 4);;(4, 4);Move Large;1;2350
;(8, 4);;(4, 4);Move Large;1;2351
;(8, 4);;(4, 4);Move Large;1;2352
;(8, 4);;(4, 4);Move Large;1;2353
;(8, 4);;(4, 4);Move Large;1;2354
;(8, 4);;(4, 4);Move Large;1;2355
;(8, 4);;(4, 4);Move Large;1;2356
;(8, 4);;(4, 4);Move Large;1;2357
;(8, 4);;(4, 4);Move Large;1;2358
;(8, 4);;(4, 4);Move Large;1;2359
;(8, 4);;(4, 4);Move Large;1;2360
;(8, 4);;(4, 4);Move Large;1;2361
;(8, 4);;(4, 4);Move Large;1;2362
;(8, 4);;(4, 4);Move Large;1;2363
;(8, 4);;(4, 4);Move Large;1;2364
;(8, 4);;(4, 4);Move Large;1;2365
;(8, 4);;(4, 4);Move Large;1;2366
;(8, 4);;(4, 4);Move Large;1;2367
;(8, 4);;(4, 4);Move Large;1;2368
;(8, 4);;(4, 4);Move Large;1;2369
;(8, 4);;(4, 4);Move Large;1;2370
;(8, 4);;(4, 4);Move Large;1;2371
;(8, 4);;(4, 4);Move Large;1;2372
;(8, 4);;(4, 4);Move Large;1;2373
;(8, 4);;(4, 4);Move Large;1;2374
;(8, 4);;(4, 4);Move Large;1;2375
;(8, 4);;(4, 4);Move Large;1;2376
;(8, 4);;(4, 4);Move Large;1;2377
;(8, 4);;(4, 4);Move Large;1;2378
;(8, 4);;(4, 4);Move Large;1;2379
;(8, 4);;(4, 4);Move Large;1;2380
;(8, 4);;(4, 4);Move Large;1;2381
;(8, 4);;(4, 4);Move Large;1;2382
;(8, 4);;(4, 4);Move Large;1;2383
;(8, 4);;(4, 4);Move Large;1;2384
;(8, 4);;(4, 4);Move Large;1;2385
;(8, 4);;(4, 4);Move Large;1;2386
;(8, 4);;(4, 4);Move Large;1;2387
;(8, 4);;(4, 4);Move Large;1;2388
;(8, 4);;(4, 4);Move Large;1;2389
;(8, 4);;(4, 4);Move Large;1;2390
;(8, 4);;(4, 4);Move Large;1;2391
;(8, 4);;(4, 4);Move Large;1;2392
;(8, 4);;(4, 4);Move Large;1;2393
;(8, 4);;(4, 4);Move Large;1;2394
;(8, 4);;(4, 4);Move Large;1;2395
;(8, 4);;(4, 4);Move Large;1;2396
;(8, 4);;(4, 4);Move Large;1;2397
;(8, 4);;(4, 4);Move Large;1;2398
;(8, 4);;(4, 4);Move Large;1;2399
;(8, 4);;(4, 4);Move Large;1;2400
;(8, 4);;(4, 4);Move Large;1;2401
;(8, 4);;(4, 4);Move Large;1;2402
;(8, 4);;(4, 4);Move Large;1;2403
;(8, 4);;(4, 4);Move Large;1;2404
;(8, 4);;(4, 4);Move Large;1;2405
;(8, 4);;(4, 4);Move Large;1;2406
;(8, 4);;(4, 4);Move Large;1;2407
;(8, 4);;(4, 4);Move Large;1;2408
;(8, 4);;(4, 4);Move Large;1;2409
;(8, 4);;(4, 4);Move Large;1;2410
;(8, 4);;(4, 4);Move Large;1;2411
;(8, 4);;(4, 4);Move Large;1;2412
;(8, 4);;(4, 4);Move Large;1;2413
;(8, 4);;(4, 4);Move Large;1;2414
;(8, 4);;(4, 4);Move Large;1;2415
;(8, 4);;(4, 4);Move Large;1;2416
;(8, 4);;(4, 4);Move Large;1;2417
;(8, 4);;(4, 4);Move Large;1;2418
;(8, 4);;(4, 4);Move Large;1;2419
;(8, 4);;(4, 4);Move Large;1;2420
;(8, 4);;(4, 4);Move Large;1;2421
;(8, 4);;(4, 4);Move Large;1;2422
;(8, 4);;(4, 4);Move Large;1;2423
;(8, 4);;(4, 4);Move Large;1;2424
;(8, 4);;(4, 4);Move Large;1;2425
;(8, 4);;(4, 4);Move Large;1;2426
;(8, 4);;(4, 4);Move Large;1;2427
;(8, 4);;(4, 4);Move Large;1;2428
;(8, 4);;(4, 4);Move Large;1;2429
;(8, 4);;(4, 4);Move Large;1;2430
;(8, 4);;(4, 4);Move Large;1;2431
;(8, 4);;(4, 4);Move Large;1;2432
;(8, 4);;(4, 4);Move Large;1;2433
;(8, 4);;(4, 4);Move Large;1;2434
;(8, 4);;(4, 4);Move Large;1;2435
;(8, 4);;(4, 4);Move Large;1;2436
;(8, 4);;(4, 4);Move Large;1;2437
;(8, 4);;(4, 4);Move Large;1;2438
;(8, 4);;(4, 4);Move Large;1;2439
;(8, 4);;(4, 4);Move Large;1;2440
;(8, 4);;(4, 4);Move Large;1;2441
;(8, 4);;(4, 4);Move Large;1;2442
;(8, 4);;(4, 4);Move Large;1;2443
;(8, 4);;(4, 4);Move Large;1;2444
;(8, 4);;(4, 4);Move Large;1;2445
;(8, 4);;(4, 4);Move Large;1;2446
;(8, 4);;(4, 4);Move Large;1;2447
;(8, 4);;(4, 4);Move Large;1;2448
;(8, 4);;(4, 4);Move Large;1;2449
;(8, 4);;(4, 4);Move Large;1;2450
;(8, 4);;(4, 4);Move Large;1;2451
;(8, 4);;(4, 4);Move Large;1;2452
;(8, 4);;(4, 4);Move Large;1;2453
;(8, 4);;(4, 4);Move Large;1;2454
;(8, 4);;(4, 4);Move Large;1;2455
;(8, 4);;(4, 4);Move Large;1;2456
;(8, 4);;(4, 4);Move Large;1;2457
;(8, 4);;(4, 4);Move Large;1;2458
;(8, 4);;(4, 4);Move Large;1;2459
;(8, 4);;(4, 4);Move Large;1;2460
;(8, 4);;(4, 4);Move Large;1;2461
;(8, 4);;(4, 4);Move Large;1;2462
;(8, 4);;(4, 4);Move Large;1;2463
;(8, 4);;(4, 4);Move Large;1;2464
;(8, 4);;(4, 4);Move Large;1;2465
;(8, 4);;(4, 4);Move Large;1;2466
;(8, 4);;(4, 4);Move Large;1;2467
;(8, 4);;(4, 4);Move Large;1;2468
;(8, 4);;(4, 4);Move Large;1;2469
;(8, 4);;(4, 4);Move Large;1;2470
;(8, 4);;(4, 4);Move Large;1;2471
;(8, 4);;(4, 4);Move Large;1;2472
;(8, 4);;(4, 4);False;1;2473
;(8, 4);;(4, 4);Break;1;2474
;(8, 4);;(4, 4);Break;1;2475
;(8, 4);;(4, 4);Break;1;2476
;(8, 4);;(4, 4);Break;1;2477
;(8, 4);;(4, 4);Break;1;2478
;(8, 4);;(4, 4);Break;1;2479
;(8, 4);;(4, 4);Break;1;2480
;(8, 4);;(4, 4);Break;1;2481
;(8, 4);;(4, 4);Break;1;2482
;(8, 4);;(4, 4);Break;1;2483
;(8, 4);;(4, 4);Break;1;2484
;(8, 4);;(4, 4);Break;1;2485
;(8, 4);;(4, 4);Break;1;2486
;(8, 4);;(4, 4);Break;1;2487
;(8, 4);;(4, 4);Break;1;2488
;(8, 4);;(4, 4);Break;1;2489
;(8, 4);;(4, 4);Break;1;2490
;(8, 4);;(4, 4);Break;1;2491
;(8, 4);;(4, 4);Break;1;2492
;(8, 4);;(4, 4);Break;1;2493
;(8, 4);;(4, 4);Break;1;2494
;(8, 4);;(4, 4);Break;1;2495
;(8, 4);;(4, 4);Break;1;2496
;(8, 4);;(4, 4);Break;1;2497
;(8, 4);;(4, 4);Break;1;2498
;(8, 4);;(4, 4);Break;1;2499
;(8, 4);;(4, 4);Break;1;2500
MoveEast;(9, 4);;(4, 4);Break;1;2501
;(9, 4);;(4, 4);Break;1;2502
;(9, 4);;(4, 4);Break;1;2503
;(9, 4);;(4, 4);Break;1;2504
;(9, 4);;(4, 4);Break;1;2505
;(9, 4);;(4, 4);Break;1;2506
;(9, 4);;(4, 4);Break;1;2507
;(9, 4);;(4, 4);Break;1;2508
;(9, 4);;(4, 4);Break;1;2509
;(9, 4);;(4, 4);Break;1;2510
;(9, 4);;(4, 4);Break;1;2511
;(9, 4);;(4, 4);Break;1;2512
MoveWest;(8, 4);;(4, 4);Break;1;2513
;(8, 4);;(4, 4);Break;1;2514
;(8, 4);;(4, 4);Break;1;2515
;(8, 4);;(4, 4);Break;1;2516
;(8, 4);;(4, 4);Break;1;2517
;(8, 4);;(4, 4);Break;1;2518
;(8, 4);;(4, 4);Break;1;2519
MoveEast;(9, 4);;(4, 4);Break;1;2520
;(9, 4);;(4, 4);Break;1;2521
;(9, 4);;(4, 4);Break;1;2522
;(9, 4);;(4, 4);Break;1;2523
;(9, 4);;(4, 4);Break;1;2524
;(9, 4);;(4, 4);Break;1;2525
;(9, 4);;(4, 4);Break;1;2526
;(9, 4);;(4, 4);Break;1;2527
MoveWest;(8, 4);;(4, 4);Break;1;2528
;(8, 4);;(4, 4);Break;1;2529
;(8, 4);;(4, 4);Break;1;2530
;(8, 4);;(4, 4);Break;1;2531
;(8, 4);;(4, 4);Break;1;2532
;(8, 4);;(4, 4);Break;1;2533
MoveEast;(9, 4);;(4, 4);Break;1;2534
;(9, 4);;(4, 4);Break;1;2535
;(9, 4);;(4, 4);Break;1;2536
;(9, 4);;(4, 4);Break;1;2537
;(9, 4);;(4, 4);Break;1;2538
;(9, 4);;(4, 4);Break;1;2539
MoveWest;(8, 4);;(4, 4);Break;1;2540
;(8, 4);;(4, 4);Break;1;2541
;(8, 4);;(4, 4);Break;1;2542
;(8, 4);;(4, 4);Break;1;2543
;(8, 4);;(4, 4);Break;1;2544
;(8, 4);;(4, 4);Break;1;2545
;(8, 4);;(4, 4);Break;1;2546
;(8, 4);;(4, 4);Break;1;2547
;(8, 4);;(4, 4);Break;1;2548
;(8, 4);;(4, 4);Break;1;2549
;(8, 4);;(4, 4);Break;1;2550
;(8, 4);;(4, 4);Break;1;2551
;(8, 4);;(4, 4);Break;1;2552
;(8, 4);;(4, 4);Break;1;2553
;(8, 4);;(4, 4);Break;1;2554
;(8, 4);;(4, 4);Break;1;2555
;(8, 4);;(4, 4);Break;1;2556
;(8, 4);;(4, 4);Break;1;2557
;(8, 4);;(4, 4);Break;1;2558
;(8, 4);;(4, 4);Break;1;2559
;(8, 4);;(4, 4);Break;1;2560
;(8, 4);;(4, 4);Break;1;2561
;(8, 4);;(4, 4);Break;1;2562
;(8, 4);;(4, 4);Break;1;2563
;(8, 4);;(4, 4);Break;1;2564
;(8, 4);;(4, 4);Break;1;2565
;(8, 4);;(4, 4);Break;1;2566
;(8, 4);;(4, 4);Break;1;2567
;(8, 4);;(4, 4);Break;1;2568
;(8, 4);;(4, 4);Break;1;2569
;(8, 4);;(4, 4);Break;1;2570
;(8, 4);;(4, 4);Break;1;2571
;(8, 4);;(4, 4);Break;1;2572
;(8, 4);;(4, 4);Break;1;2573
;(8, 4);;(4, 4);Break;1;2574
;(8, 4);;(4, 4);Break;1;2575
;(8, 4);;(4, 4);Break;1;2576
;(8, 4);;(4, 4);Break;1;2577
;(8, 4);;(4, 4);Break;1;2578
;(8, 4);;(4, 4);Break;1;2579
;(8, 4);;(4, 4);Break;1;2580
;(8, 4);;(4, 4);Break;1;2581
;(8, 4);;(4, 4);Break;1;2582
;(8, 4);;(4, 4);Break;1;2583
;(8, 4);;(4, 4);Break;1;2584
;(8, 4);;(4, 4);Break;1;2585
;(8, 4);;(4, 4);Break;1;2586
;(8, 4);;(4, 4);Break;1;2587
;(8, 4);;(4, 4);Break;1;2588
;(8, 4);;(4, 4);Break;1;2589
;(8, 4);;(4, 4);Break;1;2590
;(8, 4);;(4, 4);Break;1;2591
;(8, 4);;(4, 4);Break;1;2592
;(8, 4);;(4, 4);Break;1;2593
;(8, 4);;(4, 4);Break;1;2594
;(8, 4);;(4, 4);Break;1;2595
;(8, 4);;(4, 4);Break;1;2596
;(8, 4);;(4, 4);Break;1;2597
;(8, 4);;(4, 4);Break;1;2598
;(8, 4);;(4, 4);Break;1;2599
;(8, 4);;(4, 4);Break;1;2600
;(8, 4);;(4, 4);Break;1;2601
;(8, 4);;(4, 4);Break;1;2602
;(8, 4);;(4, 4);Break;1;2603
;(8, 4);;(4, 4);Break;1;2604
;(8, 4);;(4, 4);Break;1;2605
;(8, 4);;(4, 4);Break;1;2606
;(8, 4);;(4, 4);Break;1;2607
;(8, 4);;(4, 4);Break;1;2608
;(8, 4);;(4, 4);Break;1;2609
;(8, 4);;(4, 4);Break;1;2610
;(8, 4);;(4, 4);Break;1;2611
;(8, 4);;(4, 4);Break;1;2612
;(8, 4);;(4, 4);Break;1;2613
;(8, 4);;(4, 4);Break;1;2614
;(8, 4);;(4, 4);Break;1;2615
;(8, 4);;(4, 4);Break;1;2616
;(8, 4);;(4, 4);Break;1;2617
;(8, 4);;(4, 4);Break;1;2618
;(8, 4);;(4, 4);Break;1;2619
;(8, 4);;(4, 4);Break;1;2620
;(8, 4);;(4, 4);Break;1;2621
;(8, 4);;(4, 4);Break;1;2622
;(8, 4);;(4, 4);Break;1;2623
;(8, 4);;(4, 4);Break;1;2624
;(8, 4);;(4, 4);Break;1;2625
;(8, 4);;(4, 4);Break;1;2626
;(8, 4);;(4, 4);Break;1;2627
;(8, 4);;(4, 4);Break;1;2628
;(8, 4);;(4, 4);Break;1;2629
;(8, 4);;(4, 4);Break;1;2630
;(8, 4);;(4, 4);Break;1;2631
;(8, 4);;(4, 4);Break;1;2632
;(8, 4);;(4, 4);Break;1;2633
;(8, 4);;(4, 4);Break;1;2634
;(8, 4);;(4, 4);Break;1;2635
;(8, 4);;(4, 4);Break;1;2636
;(8, 4);;(4, 4);Break;1;2637
;(8, 4);;(4, 4);Break;1;2638
;(8, 4);;(4, 4);Break;1;2639
;(8, 4);;(4, 4);Break;1;2640
;(8, 4);;(4, 4);Break;1;2641
;(8, 4);;(4, 4);Break;1;2642
;(8, 4);;(4, 4);Break;1;2643
;(8, 4);;(4, 4);Break;1;2644
;(8, 4);;(4, 4);Break;1;2645
;(8, 4);;(4, 4);Break;1;2646
;(8, 4);;(4, 4);Break;1;2647
;(8, 4);;(4, 4);Break;1;2648
;(8, 4);;(4, 4);Break;1;2649
;(8, 4);;(4, 4);Break;1;2650
;(8, 4);;(4, 4);Break;1;2651
;(8, 4);;(4, 4);Break;1;2652
;(8, 4);;(4, 4);Break;1;2653
;(8, 4);;(4, 4);Break;1;2654
;(8, 4);;(4, 4);Break;1;2655
;(8, 4);;(4, 4);Break;1;2656
;(8, 4);;(4, 4);Break;1;2657
;(8, 4);;(4, 4);Break;1;2658
;(8, 4);;(4, 4);Break;1;2659
;(8, 4);;(4, 4);Break;1;2660
;(8, 4);;(4, 4);Break;1;2661
;(8, 4);;(4, 4);Break;1;2662
;(8, 4);;(4, 4);Break;1;2663
;(8, 4);;(4, 4);Break;1;2664
;(8, 4);;(4, 4);Break;1;2665
;(8, 4);;(4, 4);Break;1;2666
;(8, 4);;(4, 4);Break;1;2667
;(8, 4);;(4, 4);Break;1;2668
;(8, 4);;(4, 4);Break;1;2669
;(8, 4);;(4, 4);Break;1;2670
;(8, 4);;(4, 4);Break;1;2671
;(8, 4);;(4, 4);Break;1;2672
;(8, 4);;(4, 4);Break;1;2673
;(8, 4);;(4, 4);Break;1;2674
;(8, 4);;(4, 4);Break;1;2675
;(8, 4);;(4, 4);Break;1;2676
;(8, 4);;(4, 4);Break;1;2677
;(8, 4);;(4, 4);Break;1;2678
;(8, 4);;(4, 4);Break;1;2679
MoveEast;(9, 4);;(4, 4);Break;1;2680
;(9, 4);;(4, 4);Break;1;2681
;(9, 4);;(4, 4);Break;1;2682
;(9, 4);;(4, 4);Break;1;2683
;(9, 4);;(4, 4);Break;1;2684
;(9, 4);;(4, 4);Break;1;2685
;(9, 4);;(4, 4);Break;1;2686
;(9, 4);;(4, 4);Break;1;2687
;(9, 4);;(4, 4);Break;1;2688
;(9, 4);;(4, 4);Break;1;2689
;(9, 4);;(4, 4);Break;1;2690
;(9, 4);;(4, 4);Break;1;2691
;(9, 4);;(4, 4);Break;1;2692
;(9, 4);;(4, 4);Break;1;2693
;(9, 4);;(4, 4);Break;1;2694
;(9, 4);;(4, 4);Break;1;2695
;(9, 4);;(4, 4);Break;1;2696
;(9, 4);;(4, 4);Break;1;2697
;(9, 4);;(4, 4);Break;1;2698
;(9, 4);;(4, 4);Break;1;2699
;(9, 4);;(4, 4);Break;1;2700
;(9, 4);;(4, 4);Break;1;2701
;(9, 4);;(4, 4);Break;1;2702
;(9, 4);;(4, 4);Break;1;2703
;(9, 4);;(4, 4);Break;1;2704
;(9, 4);;(4, 4);Break;1;2705
;(9, 4);;(4, 4);Break;1;2706
;(9, 4);;(4, 4);Break;1;2707
;(9, 4);;(4, 4);Break;1;2708
;(9, 4);;(4, 4);Break;1;2709
;(9, 4);;(4, 4);Break;1;2710
;(9, 4);;(4, 4);Break;1;2711
;(9, 4);;(4, 4);Break;1;2712
;(9, 4);;(4, 4);Break;1;2713
;(9, 4);;(4, 4);Break;1;2714
;(9, 4);;(4, 4);Break;1;2715
;(9, 4);;(4, 4);Break;1;2716
;(9, 4);;(4, 4);Break;1;2717
;(9, 4);;(4, 4);Break;1;2718
;(9, 4);;(4, 4);Break;1;2719
;(9, 4);;(4, 4);Break;1;2720
;(9, 4);;(4, 4);Break;1;2721
;(9, 4);;(4, 4);Break;1;2722
;(9, 4);;(4, 4);Break;1;2723
;(9, 4);;(4, 4);Break;1;2724
;(9, 4);;(4, 4);Break;1;2725
;(9, 4);;(4, 4);Break;1;2726
;(9, 4);;(4, 4);Break;1;2727
;(9, 4);;(4, 4);Break;1;2728
;(9, 4);;(4, 4);Break;1;2729
;(9, 4);;(4, 4);Break;1;2730
;(9, 4);;(4, 4);Break;1;2731
;(9, 4);;(4, 4);Break;1;2732
;(9, 4);;(4, 4);Break;1;2733
;(9, 4);;(4, 4);Break;1;2734
;(9, 4);;(4, 4);Break;1;2735
;(9, 4);;(4, 4);Break;1;2736
;(9, 4);;(4, 4);Break;1;2737
;(9, 4);;(4, 4);Break;1;2738
;(9, 4);;(4, 4);Break;1;2739
;(9, 4);;(4, 4);Break;1;2740
;(9, 4);;(4, 4);Break;1;2741
;(9, 4);;(4, 4);Break;1;2742
;(9, 4);;(4, 4);Break;1;2743
;(9, 4);;(4, 4);Break;1;2744
;(9, 4);;(4, 4);Break;1;2745
;(9, 4);;(4, 4);Break;1;2746
;(9, 4);;(4, 4);Break;1;2747
;(9, 4);;(4, 4);Break;1;2748
;(9, 4);;(4, 4);Break;1;2749
;(9, 4);;(4, 4);Break;1;2750
;(9, 4);;(4, 4);Break;1;2751
;(9, 4);;(4, 4);Break;1;2752
;(9, 4);;(4, 4);Break;1;2753
;(9, 4);;(4, 4);Break;1;2754
;(9, 4);;(4, 4);Break;1;2755
;(9, 4);;(4, 4);Break;1;2756
;(9, 4);;(4, 4);Break;1;2757
;(9, 4);;(4, 4);Break;1;2758
;(9, 4);;(4, 4);Break;1;2759
;(9, 4);;(4, 4);Break;1;2760
;(9, 4);;(4, 4);Break;1;2761
;(9, 4);;(4, 4);Break;1;2762
;(9, 4);;(4, 4);Break;1;2763
;(9, 4);;(4, 4);Break;1;2764
;(9, 4);;(4, 4);Break;1;2765
;(9, 4);;(4, 4);Break;1;2766
;(9, 4);;(4, 4);Break;1;2767
;(9, 4);;(4, 4);Break;1;2768
;(9, 4);;(4, 4);Break;1;2769
;(9, 4);;(4, 4);Break;1;2770
;(9, 4);;(4, 4);Break;1;2771
;(9, 4);;(4, 4);Break;1;2772
;(9, 4);;(4, 4);Break;1;2773
;(9, 4);;(4, 4);Break;1;2774
;(9, 4);;(4, 4);Break;1;2775
;(9, 4);;(4, 4);Break;1;2776
;(9, 4);;(4, 4);Break;1;2777
;(9, 4);;(4, 4);Break;1;2778
;(9, 4);;(4, 4);Break;1;2779
;(9, 4);;(4, 4);Break;1;2780
;(9, 4);;(4, 4);Break;1;2781
;(9, 4);;(4, 4);Break;1;2782
;(9, 4);;(4, 4);Break;1;2783
;(9, 4);;(4, 4);Break;1;2784
;(9, 4);;(4, 4);Break;1;2785
;(9, 4);;(4, 4);Break;1;2786
;(9, 4);;(4, 4);Break;1;2787
;(9, 4);;(4, 4);Break;1;2788
;(9, 4);;(4, 4);Break;1;2789
;(9, 4);;(4, 4);Break;1;2790
;(9, 4);;(4, 4);Break;1;2791
;(9, 4);;(4, 4);Break;1;2792
;(9, 4);;(4, 4);Break;1;2793
;(9, 4);;(4, 4);Break;1;2794
;(9, 4);;(4, 4);Break;1;2795
;(9, 4);;(4, 4);Break;1;2796
;(9, 4);;(4, 4);Break;1;2797
;(9, 4);;(4, 4);Break;1;2798
;(9, 4);;(4, 4);Break;1;2799
;(9, 4);;(4, 4);Break;1;2800
;(9, 4);;(4, 4);Break;1;2801
;(9, 4);;(4, 4);Break;1;2802
;(9, 4);;(4, 4);Break;1;2803
;(9, 4);;(4, 4);Break;1;2804
;(9, 4);;(4, 4);Break;1;2805
;(9, 4);;(4, 4);Break;1;2806
;(9, 4);;(4, 4);Break;1;2807
;(9, 4);;(4, 4);Break;1;2808
;(9, 4);;(4, 4);Break;1;2809
;(9, 4);;(4, 4);Break;1;2810
;(9, 4);;(4, 4);Break;1;2811
;(9, 4);;(4, 4);Break;1;2812
;(9, 4);;(4, 4);Break;1;2813
;(9, 4);;(4, 4);Break;1;2814
;(9, 4);;(4, 4);Break;1;2815
;(9, 4);;(4, 4);Break;1;2816
;(9, 4);;(4, 4);Break;1;2817
;(9, 4);;(4, 4);Break;1;2818
;(9, 4);;(4, 4);Break;1;2819
;(9, 4);;(4, 4);Break;1;2820
;(9, 4);;(4, 4);Break;1;2821
;(9, 4);;(4, 4);Break;1;2822
;(9, 4);;(4, 4);Break;1;2823
;(9, 4);;(4, 4);Break;1;2824
;(9, 4);;(4, 4);Break;1;2825
;(9, 4);;(4, 4);Break;1;2826
;(9, 4);;(4, 4);Break;1;2827
;(9, 4);;(4, 4);Break;1;2828
;(9, 4);;(4, 4);Break;1;2829
;(9, 4);;(4, 4);Break;1;2830
;(9, 4);;(4, 4);Break;1;2831
;(9, 4);;(4, 4);Break;1;2832
;(9, 4);;(4, 4);Break;1;2833
;(9, 4);;(4, 4);Break;1;2834
;(9, 4);;(4, 4);Break;1;2835
;(9, 4);;(4, 4);Break;1;2836
;(9, 4);;(4, 4);Break;1;2837
;(9, 4);;(4, 4);Break;1;2838
;(9, 4);;(4, 4);Break;1;2839
;(9, 4);;(4, 4);Break;1;2840
;(9, 4);;(4, 4);Break;1;2841
;(9, 4);;(4, 4);Break;1;2842
;(9, 4);;(4, 4);Break;1;2843
;(9, 4);;(4, 4);Break;1;2844
;(9, 4);;(4, 4);Break;1;2845
;(9, 4);;(4, 4);Break;1;2846
;(9, 4);;(4, 4);Break;1;2847
;(9, 4);;(4, 4);Break;1;2848
;(9, 4);;(4, 4);Break;1;2849
;(9, 4);;(4, 4);Break;1;2850
;(9, 4);;(4, 4);Break;1;2851
;(9, 4);;(4, 4);Break;1;2852
;(9, 4);;(4, 4);Break;1;2853
;(9, 4);;(4, 4);Break;1;2854
;(9, 4);;(4, 4);Break;1;2855
;(9, 4);;(4, 4);Break;1;2856
;(9, 4);;(4, 4);Break;1;2857
;(9, 4);;(4, 4);Break;1;2858
;(9, 4);;(4, 4);Break;1;2859
;(9, 4);;(4, 4);Break;1;2860
;(9, 4);;(4, 4);Break;1;2861
;(9, 4);;(4, 4);Break;1;2862
;(9, 4);;(4, 4);Break;1;2863
;(9, 4);;(4, 4);Break;1;2864
;(9, 4);;(4, 4);Break;1;2865
;(9, 4);;(4, 4);Break;1;2866
;(9, 4);;(4, 4);Break;1;2867
;(9, 4);;(4, 4);Break;1;2868
;(9, 4);;(4, 4);Break;1;2869
;(9, 4);;(4, 4);Break;1;2870
;(9, 4);;(4, 4);Break;1;2871
;(9, 4);;(4, 4);Break;1;2872
;(9, 4);;(4, 4);Break;1;2873
;(9, 4);;(4, 4);Break;1;2874
;(9, 4);;(4, 4);Break;1;2875
;(9, 4);;(4, 4);Break;1;2876
;(9, 4);;(4, 4);Break;1;2877
;(9, 4);;(4, 4);Break;1;2878
;(9, 4);;(4, 4);Break;1;2879
;(9, 4);;(4, 4);Break;1;2880
;(9, 4);;(4, 4);Break;1;2881
;(9, 4);;(4, 4);Break;1;2882
;(9, 4);;(4, 4);Break;1;2883
;(9, 4);;(4, 4);Break;1;2884
;(9, 4);;(4, 4);Break;1;2885
;(9, 4);;(4, 4);Break;1;2886
;(9, 4);;(4, 4);Break;1;2887
;(9, 4);;(4, 4);Break;1;2888
;(9, 4);;(4, 4);Break;1;2889
;(9, 4);;(4, 4);Break;1;2890
;(9, 4);;(4, 4);Break;1;2891
;(9, 4);;(4, 4);Break;1;2892
;(9, 4);;(4, 4);Break;1;2893
;(9, 4);;(4, 4);Break;1;2894
;(9, 4);;(4, 4);Break;1;2895
;(9, 4);;(4, 4);Break;1;2896
;(9, 4);;(4, 4);Break;1;2897
;(9, 4);;(4, 4);Break;1;2898
;(9, 4);;(4, 4);Break;1;2899
;(9, 4);;(4, 4);Break;1;2900
;(9, 4);;(4, 4);Break;1;2901
;(9, 4);;(4, 4);Break;1;2902
;(9, 4);;(4, 4);Break;1;2903
;(9, 4);;(4, 4);Break;1;2904
;(9, 4);;(4, 4);Break;1;2905
;(9, 4);;(4, 4);Break;1;2906
;(9, 4);;(4, 4);Break;1;2907
;(9, 4);;(4, 4);Break;1;2908
;(9, 4);;(4, 4);Break;1;2909
;(9, 4);;(4, 4);Break;1;2910
MoveWest;(8, 4);;(4, 4);Break;1;2911
;(8, 4);;(4, 4);Break;1;2912
;(8, 4);;(4, 4);Break;1;2913
;(8, 4);;(4, 4);Break;1;2914
;(8, 4);;(4, 4);Break;1;2915
;(8, 4);;(4, 4);Break;1;2916
;(8, 4);;(4, 4);Break;1;2917
;(8, 4);;(4, 4);Break;1;2918
;(8, 4);;(4, 4);Break;1;2919
;(8, 4);;(4, 4);Break;1;2920
;(8, 4);;(4, 4);Break;1;2921
;(8, 4);;(4, 4);Break;1;2922
;(8, 4);;(4, 4);Break;1;2923
;(8, 4);;(4, 4);Break;1;2924
;(8, 4);;(4, 4);Break;1;2925
;(8, 4);;(4, 4);Break;1;2926
;(8, 4);;(4, 4);Break;1;2927
;(8, 4);;(4, 4);Break;1;2928
;(8, 4);;(4, 4);Break;1;2929
;(8, 4);;(4, 4);Break;1;2930
;(8, 4);;(4, 4);Break;1;2931
;(8, 4);;(4, 4);Break;1;2932
;(8, 4);;(4, 4);Break;1;2933
;(8, 4);;(4, 4);Break;1;2934
;(8, 4);;(4, 4);Break;1;2935
;(8, 4);;(4, 4);Break;1;2936
;(8, 4);;(4, 4);Break;1;2937
;(8, 4);;(4, 4);Break;1;2938
;(8, 4);;(4, 4);Break;1;2939
;(8, 4);;(4, 4);Break;1;2940
;(8, 4);;(4, 4);Break;1;2941
;(8, 4);;(4, 4);Break;1;2942
;(8, 4);;(4, 4);Break;1;2943
;(8, 4);;(4, 4);Break;1;2944
;(8, 4);;(4, 4);Break;1;2945
;(8, 4);;(4, 4);Break;1;2946
;(8, 4);;(4, 4);Break;1;2947
;(8, 4);;(4, 4);Break;1;2948
;(8, 4);;(4, 4);Break;1;2949
;(8, 4);;(4, 4);Break;1;2950
;(8, 4);;(4, 4);Break;1;2951
;(8, 4);;(4, 4);Break;1;2952
;(8, 4);;(4, 4);Break;1;2953
;(8, 4);;(4, 4);Break;1;2954
;(8, 4);;(4, 4);Break;1;2955
;(8, 4);;(4, 4);Break;1;2956
;(8, 4);;(4, 4);Break;1;2957
;(8, 4);;(4, 4);Break;1;2958
;(8, 4);;(4, 4);Break;1;2959
;(8, 4);;(4, 4);Break;1;2960
;(8, 4);;(4, 4);Break;1;2961
;(8, 4);;(4, 4);Break;1;2962
;(8, 4);;(4, 4);Break;1;2963
;(8, 4);;(4, 4);Break;1;2964
;(8, 4);;(4, 4);Break;1;2965
;(8, 4);;(4, 4);Break;1;2966
;(8, 4);;(4, 4);Break;1;2967
;(8, 4);;(4, 4);Break;1;2968
;(8, 4);;(4, 4);Break;1;2969
;(8, 4);;(4, 4);Break;1;2970
;(8, 4);;(4, 4);Break;1;2971
;(8, 4);;(4, 4);Break;1;2972
;(8, 4);;(4, 4);Break;1;2973
;(8, 4);;(4, 4);Break;1;2974
;(8, 4);;(4, 4);Break;1;2975
;(8, 4);;(4, 4);Break;1;2976
;(8, 4);;(4, 4);Break;1;2977
;(8, 4);;(4, 4);Break;1;2978
;(8, 4);;(4, 4);Break;1;2979
;(8, 4);;(4, 4);Break;1;2980
;(8, 4);;(4, 4);Break;1;2981
;(8, 4);;(4, 4);Break;1;2982
;(8, 4);;(4, 4);Break;1;2983
;(8, 4);;(4, 4);Break;1;2984
MoveWest;(7, 4);;(4, 4);Break;1;2985
;(7, 4);;(4, 4);Break;1;2986
;(7, 4);;(4, 4);Break;1;2987
;(7, 4);;(4, 4);Break;1;2988
;(7, 4);;(4, 4);Break;1;2989
;(7, 4);;(4, 4);Break;1;2990
;(7, 4);;(4, 4);Break;1;2991
;(7, 4);;(4, 4);Break;1;2992
;(7, 4);;(4, 4);Break;1;2993
;(7, 4);;(4, 4);Break;1;2994
;(7, 4);;(4, 4);Break;1;2995
;(7, 4);;(4, 4);Break;1;2996
;(7, 4);;(4, 4);Break;1;2997
;(7, 4);;(4, 4);Break;1;2998
;(7, 4);;(4, 4);Break;1;2999
;(7, 4);;(4, 4);Break;1;3000
;(7, 4);;(4, 4);Break;1;3001
;(7, 4);;(4, 4);Break;1;3002
;(7, 4);;(4, 4);Break;1;3003
;(7, 4);;(4, 4);Break;1;3004
;(7, 4);;(4, 4);Break;1;3005
;(7, 4);;(4, 4);Break;1;3006
;(7, 4);;(4, 4);Break;1;3007
;(7, 4);;(4, 4);Break;1;3008
;(7, 4);;(4, 4);Break;1;3009
;(7, 4);;(4, 4);Break;1;3010
;(7, 4);;(4, 4);Break;1;3011
;(7, 4);;(4, 4);Break;1;3012
;(7, 4);;(4, 4);Break;1;3013
;(7, 4);;(4, 4);Break;1;3014
;(7, 4);;(4, 4);Break;1;3015
;(7, 4);;(4, 4);Break;1;3016
;(7, 4);;(4, 4);Break;1;3017
;(7, 4);;(4, 4);Break;1;3018
;(7, 4);;(4, 4);Break;1;3019
