tick;corrected_tick;remaining_distance;victim_harm;idle_time_robot;q_table_cps;q_table_cps_runs;q_table_basic;world_nr;tick_nr
3019;3000;9;500;1;;;"                     Move back and forth  Stand Still   Pick up       Drop      Break
[4, 'equal', False]           -11.286250   -10.584352  -6.58516  -7.287500 -15.220000
[4, 'robot', False]            -4.000000    -4.220000  -7.25000  -5.062751  -3.625685
[4, 'robot', True]             -4.000000    -0.500000   1.10000  -7.000000  -9.735000
[3, 'robot', False]            -7.000000    -1.537500   0.00000  -3.500000  -4.000000
[3, 'robot', True]             -4.000000   -37.643750  -4.00000   0.000000   0.000000
[4, 'equal', True]             -6.295096    -2.217536   0.00000   0.000000   0.000000
[3, 'equal', False]            -7.050000   -18.900000  -5.30000 -13.550000  -4.125000
[3, 'equal', True]             -7.000000    -3.500000  -2.75000  -1.350000  -4.500000
[2, 'equal', False]            -4.000000    -0.500000   0.00000   0.000000 -12.500000
[2, 'equal', True]             -7.000000    -3.500000   0.25000   0.000000   0.000000
[4, 'human', False]            -4.000000    -0.500000   0.00000   0.000000  -6.500000
[3, 'human', False]            -6.000000    -6.140000  -6.70000 -81.250000  -7.500000
[3, 'human', True]             -7.000000    -3.500000  -3.35000   0.000000   0.000000
[2, 'robot', True]             -4.000000    -2.250000   0.00000 -52.550000 -18.500000
[2, 'robot', False]            -4.000000    -3.500000   0.00000  -2.500000   0.000000
[1, 'equal', False]           -28.500000     0.000000  -5.50000   0.000000   0.000000
[1, 'robot', False]             0.000000     0.000000 -23.00000   0.000000   0.000000
[2, 'human', False]            -4.000000    -3.500000  -2.50000  -4.000000  -4.000000
[2, 'human', True]             -7.000000    -3.500000  -3.75000  -2.500000  -6.500000
[1, 'human', False]             0.000000     0.000000  -5.50000   0.000000   0.000000";1;3019
