tick;corrected_tick;remaining_distance;victim_harm;idle_time_robot;q_table_cps;q_table_cps_runs;q_table_basic;world_nr;tick_nr
3019;3000;9;2000;1;;;"                     Move back and forth  Stand Still    Pick up       Drop  Break
[4, 'equal', False]           -10.200000    -8.796205 -10.317002  -7.287500 -15.22
[4, 'robot', False]            -4.000000    -0.500000  -7.250000  -5.062751   0.00
[4, 'robot', True]             -4.000000    -0.500000   0.500000  -7.000000   0.00
[3, 'robot', False]            -7.000000    -1.537500   0.000000  -3.500000  -4.00
[3, 'robot', True]             -4.000000   -37.643750  -4.000000   0.000000   0.00
[4, 'equal', True]             -6.295096    -2.217536   0.000000   0.000000   0.00
[3, 'equal', False]            -4.000000    -0.500000  -1.000000  -3.500000   0.00
[3, 'equal', True]             -7.000000    -3.500000  -2.750000  -1.350000  -4.50
[2, 'equal', False]             0.000000     0.000000   0.000000   0.000000 -12.50
[2, 'equal', True]             -7.000000    -3.500000   0.250000   0.000000   0.00
[4, 'human', False]            -4.000000    -0.500000   0.000000   0.000000  -6.50
[3, 'human', False]            -4.000000    -3.500000  -6.700000 -81.250000  -7.50
[3, 'human', True]             -7.000000    -3.500000  -3.350000   0.000000   0.00
[2, 'robot', True]             -4.000000    -2.250000   0.000000 -52.550000 -18.50
[2, 'robot', False]            -4.000000    -3.500000   0.000000  -2.500000   0.00
[1, 'equal', False]             0.000000     0.000000  -5.500000   0.000000   0.00
[1, 'robot', False]             0.000000     0.000000 -23.000000   0.000000   0.00";1;3019
