tick;corrected_tick;remaining_distance;victim_harm;idle_time_robot;q_table_cps;q_table_cps_runs;q_table_basic;world_nr;tick_nr
3019;3000;22;0;1;;;"                     Move back and forth  Stand Still    Pick up       Drop      Break
[4, 'equal', False]           -13.080000    -4.089056 -11.789650  -8.447500 -12.829437
[4, 'human', False]           -10.964063    -7.367281  -9.864000  -1.546875  -8.214063
[4, 'human', True]             -7.750000    -3.500000   0.250000  -0.500000   0.000000
[3, 'human', False]           -10.200000    -8.070000  -3.000000 -29.050000  -9.500000
[3, 'human', True]             -7.000000    -3.500000   0.000000   0.000000   0.000000
[3, 'equal', False]            -7.000000    -7.747680 -10.759951  -6.500000  -7.050000
[2, 'equal', False]           -14.500000    -6.620000 -30.468000  -3.120000 -40.500000
[2, 'equal', True]              0.000000    -0.650000   0.000000   0.000000   0.000000
[4, 'equal', True]             -4.150000    -5.374996   0.000000  -1.000000   0.350000
[3, 'equal', True]             -7.000000    -0.500000  -3.000000  -7.963500   0.000000
[3, 'robot', True]             -4.150000    -3.500000  -4.000000  -3.000000  -4.395967
[3, 'robot', False]           -14.441862   -25.588702 -31.719769 -14.908877 -58.320000
[2, 'robot', False]           -16.403464   -48.300000  -5.037120 -34.380000 -31.018096
[4, 'robot', False]            -4.000000    -4.458000  -1.357000  -4.000000  -5.500000
[2, 'robot', True]             -7.000000    -3.500000  -1.050000  -6.500000  -4.500000
[4, 'robot', True]              0.000000     0.000000   0.000000   0.000000  -0.121480";1;3019
