human_selector_action;human_selector_location;robot_action;robot_location;robot_executing_cp;world_nr;tick_nr
;(3, 4);;(4, 4);False;1;0
;(3, 4);;(4, 4);False;1;1
;(3, 4);Idle;(4, 4);False;1;2
;(3, 4);Idle;(4, 4);False;1;3
;(3, 4);Idle;(4, 4);False;1;4
;(3, 4);Idle;(4, 4);False;1;5
;(3, 4);Idle;(4, 4);False;1;6
;(3, 4);Idle;(4, 4);False;1;7
;(3, 4);Idle;(4, 4);False;1;8
;(3, 4);Idle;(4, 4);False;1;9
;(3, 4);Idle;(4, 4);False;1;10
;(3, 4);Idle;(4, 4);False;1;11
;(3, 4);Idle;(4, 4);False;1;12
;(3, 4);Idle;(4, 4);False;1;13
;(3, 4);Idle;(4, 4);False;1;14
;(3, 4);Idle;(4, 4);False;1;15
;(3, 4);Idle;(4, 4);False;1;16
;(3, 4);Idle;(4, 4);False;1;17
;(3, 4);Idle;(4, 4);False;1;18
;(3, 4);Idle;(4, 4);False;1;19
;(3, 4);Idle;(4, 4);False;1;20
MoveEast;(4, 4);Idle;(4, 4);False;1;21
;(4, 4);Idle;(4, 4);False;1;22
;(4, 4);Idle;(4, 4);False;1;23
;(4, 4);Idle;(4, 4);False;1;24
;(4, 4);Idle;(4, 4);False;1;25
;(4, 4);Idle;(4, 4);False;1;26
;(4, 4);Idle;(4, 4);False;1;27
;(4, 4);Idle;(4, 4);False;1;28
;(4, 4);Idle;(4, 4);False;1;29
;(4, 4);Idle;(4, 4);False;1;30
MoveEast;(5, 4);Idle;(4, 4);False;1;31
;(5, 4);Idle;(4, 4);False;1;32
;(5, 4);Idle;(4, 4);False;1;33
;(5, 4);Idle;(4, 4);False;1;34
;(5, 4);Idle;(4, 4);False;1;35
;(5, 4);Idle;(4, 4);False;1;36
;(5, 4);Idle;(4, 4);False;1;37
MoveSouth;(5, 5);Idle;(4, 4);False;1;38
;(5, 5);Idle;(4, 4);False;1;39
;(5, 5);Idle;(4, 4);False;1;40
;(5, 5);Idle;(4, 4);False;1;41
;(5, 5);Idle;(4, 4);False;1;42
;(5, 5);Idle;(4, 4);False;1;43
;(5, 5);Idle;(4, 4);False;1;44
;(5, 5);Idle;(4, 4);False;1;45
;(5, 5);Idle;(4, 4);False;1;46
;(5, 5);Idle;(4, 4);False;1;47
;(5, 5);Idle;(4, 4);False;1;48
;(5, 5);Idle;(4, 4);False;1;49
;(5, 5);Idle;(4, 4);False;1;50
;(5, 5);Idle;(4, 4);False;1;51
;(5, 5);Idle;(4, 4);False;1;52
;(5, 5);Idle;(4, 4);False;1;53
;(5, 5);Idle;(4, 4);False;1;54
;(5, 5);Idle;(4, 4);False;1;55
;(5, 5);Idle;(4, 4);False;1;56
;(5, 5);;(4, 4);False;1;57
;(5, 5);MoveEast;(4, 4);False;1;58
;(5, 5);MoveEast;(4, 4);False;1;59
;(5, 5);MoveEast;(4, 4);False;1;60
;(5, 5);MoveEast;(4, 4);False;1;61
;(5, 5);MoveEast;(4, 4);False;1;62
;(5, 5);MoveEast;(4, 4);False;1;63
;(5, 5);MoveEast;(4, 4);False;1;64
;(5, 5);MoveEast;(4, 4);False;1;65
;(5, 5);MoveEast;(4, 4);False;1;66
GrabObject;(5, 5);MoveEast;(4, 4);False;1;67
;(5, 5);MoveEast;(5, 4);False;1;68
;(5, 5);MoveEast;(5, 4);False;1;69
;(5, 5);MoveEast;(5, 4);False;1;70
;(5, 5);MoveEast;(5, 4);False;1;71
;(5, 5);MoveEast;(5, 4);False;1;72
;(5, 5);MoveEast;(5, 4);False;1;73
;(5, 5);MoveEast;(5, 4);False;1;74
;(5, 5);MoveEast;(5, 4);False;1;75
;(5, 5);MoveEast;(5, 4);False;1;76
;(5, 5);MoveEast;(5, 4);False;1;77
;(5, 5);MoveEast;(5, 4);False;1;78
;(5, 5);MoveEast;(6, 4);False;1;79
;(5, 5);MoveWest;(6, 4);False;1;80
;(5, 5);MoveWest;(6, 4);False;1;81
MoveWest;(4, 5);MoveWest;(6, 4);False;1;82
;(4, 5);MoveWest;(6, 4);False;1;83
;(4, 5);MoveWest;(6, 4);False;1;84
MoveWest;(3, 5);MoveWest;(6, 4);False;1;85
;(3, 5);MoveWest;(6, 4);False;1;86
;(3, 5);MoveWest;(6, 4);False;1;87
;(3, 5);MoveWest;(6, 4);False;1;88
;(3, 5);MoveWest;(6, 4);False;1;89
;(3, 5);MoveWest;(5, 4);False;1;90
;(3, 5);MoveWest;(5, 4);False;1;91
;(3, 5);MoveWest;(5, 4);False;1;92
MoveWest;(2, 5);MoveWest;(5, 4);False;1;93
;(2, 5);MoveWest;(5, 4);False;1;94
;(2, 5);MoveWest;(5, 4);False;1;95
;(2, 5);MoveWest;(5, 4);False;1;96
;(2, 5);MoveWest;(5, 4);False;1;97
;(2, 5);MoveWest;(5, 4);False;1;98
;(2, 5);MoveWest;(5, 4);False;1;99
MoveWest;(1, 5);MoveWest;(5, 4);False;1;100
;(1, 5);MoveWest;(4, 4);False;1;101
GrabObject;(1, 5);MoveEast;(4, 4);False;1;102
;(1, 5);MoveEast;(4, 4);False;1;103
;(1, 5);MoveEast;(4, 4);False;1;104
;(1, 5);MoveEast;(4, 4);False;1;105
;(1, 5);MoveEast;(4, 4);False;1;106
;(1, 5);MoveEast;(4, 4);False;1;107
;(1, 5);MoveEast;(4, 4);False;1;108
;(1, 5);MoveEast;(4, 4);False;1;109
;(1, 5);MoveEast;(4, 4);False;1;110
;(1, 5);MoveEast;(4, 4);False;1;111
;(1, 5);MoveEast;(5, 4);False;1;112
;(1, 5);MoveEast;(5, 4);False;1;113
;(1, 5);MoveEast;(5, 4);False;1;114
DropObject;(1, 5);MoveEast;(5, 4);False;1;115
;(1, 5);MoveEast;(5, 4);False;1;116
;(1, 5);MoveEast;(5, 4);False;1;117
;(1, 5);MoveEast;(5, 4);False;1;118
;(1, 5);MoveEast;(5, 4);False;1;119
;(1, 5);MoveEast;(5, 4);False;1;120
;(1, 5);MoveEast;(5, 4);False;1;121
;(1, 5);MoveEast;(5, 4);False;1;122
;(1, 5);MoveEast;(6, 4);False;1;123
MoveEast;(2, 5);MoveWest;(6, 4);False;1;124
;(2, 5);MoveWest;(6, 4);False;1;125
;(2, 5);MoveWest;(6, 4);False;1;126
;(2, 5);MoveWest;(6, 4);False;1;127
;(2, 5);MoveWest;(6, 4);False;1;128
MoveEast;(3, 5);MoveWest;(6, 4);False;1;129
;(3, 5);MoveWest;(6, 4);False;1;130
;(3, 5);MoveWest;(6, 4);False;1;131
MoveEast;(4, 5);MoveWest;(6, 4);False;1;132
;(4, 5);MoveWest;(6, 4);False;1;133
;(4, 5);MoveWest;(5, 4);False;1;134
;(4, 5);MoveWest;(5, 4);False;1;135
;(4, 5);MoveWest;(5, 4);False;1;136
MoveEast;(5, 5);MoveWest;(5, 4);False;1;137
;(5, 5);MoveWest;(5, 4);False;1;138
;(5, 5);MoveWest;(5, 4);False;1;139
MoveEast;(6, 5);MoveWest;(5, 4);False;1;140
;(6, 5);MoveWest;(5, 4);False;1;141
;(6, 5);MoveWest;(5, 4);False;1;142
;(6, 5);MoveWest;(5, 4);False;1;143
;(6, 5);MoveWest;(5, 4);False;1;144
;(6, 5);MoveWest;(4, 4);False;1;145
;(6, 5);MoveEast;(4, 4);False;1;146
;(6, 5);MoveEast;(4, 4);False;1;147
;(6, 5);MoveEast;(4, 4);False;1;148
;(6, 5);MoveEast;(4, 4);False;1;149
;(6, 5);MoveEast;(4, 4);False;1;150
DropObject;(6, 5);MoveEast;(4, 4);False;1;151
;(6, 5);MoveEast;(4, 4);False;1;152
;(6, 5);MoveEast;(4, 4);False;1;153
;(6, 5);MoveEast;(4, 4);False;1;154
;(6, 5);MoveEast;(4, 4);False;1;155
;(6, 5);MoveEast;(5, 4);False;1;156
;(6, 5);MoveEast;(5, 4);False;1;157
;(6, 5);MoveEast;(5, 4);False;1;158
;(6, 5);MoveEast;(5, 4);False;1;159
GrabObject;(6, 5);MoveEast;(5, 4);False;1;160
;(6, 5);MoveEast;(5, 4);False;1;161
;(6, 5);MoveEast;(5, 4);False;1;162
;(6, 5);MoveEast;(5, 4);False;1;163
;(6, 5);MoveEast;(5, 4);False;1;164
;(6, 5);MoveEast;(5, 4);False;1;165
;(6, 5);MoveEast;(5, 4);False;1;166
;(6, 5);MoveEast;(6, 4);False;1;167
;(6, 5);MoveWest;(6, 4);False;1;168
MoveWest;(5, 5);MoveWest;(6, 4);False;1;169
;(5, 5);MoveWest;(6, 4);False;1;170
;(5, 5);MoveWest;(6, 4);False;1;171
;(5, 5);MoveWest;(6, 4);False;1;172
MoveWest;(4, 5);MoveWest;(6, 4);False;1;173
;(4, 5);MoveWest;(6, 4);False;1;174
;(4, 5);MoveWest;(6, 4);False;1;175
MoveWest;(3, 5);MoveWest;(6, 4);False;1;176
;(3, 5);MoveWest;(6, 4);False;1;177
MoveWest;(2, 5);MoveWest;(5, 4);False;1;178
;(2, 5);MoveWest;(5, 4);False;1;179
;(2, 5);MoveWest;(5, 4);False;1;180
;(2, 5);MoveWest;(5, 4);False;1;181
DropObject;(2, 5);MoveWest;(5, 4);False;1;182
;(2, 5);MoveWest;(5, 4);False;1;183
;(2, 5);MoveWest;(5, 4);False;1;184
;(2, 5);MoveWest;(5, 4);False;1;185
;(2, 5);MoveWest;(5, 4);False;1;186
;(2, 5);MoveWest;(5, 4);False;1;187
;(2, 5);MoveWest;(5, 4);False;1;188
;(2, 5);MoveWest;(4, 4);False;1;189
;(2, 5);;(4, 4);False;1;190
;(2, 5);MoveEast;(4, 4);False;1;191
MoveEast;(3, 5);MoveEast;(4, 4);False;1;192
;(3, 5);MoveEast;(4, 4);False;1;193
;(3, 5);MoveEast;(4, 4);False;1;194
;(3, 5);MoveEast;(4, 4);False;1;195
MoveEast;(4, 5);MoveEast;(4, 4);False;1;196
;(4, 5);MoveEast;(4, 4);False;1;197
;(4, 5);MoveEast;(4, 4);False;1;198
MoveEast;(5, 5);MoveEast;(4, 4);False;1;199
;(5, 5);MoveEast;(4, 4);False;1;200
;(5, 5);MoveEast;(5, 4);False;1;201
;(5, 5);MoveEast;(5, 4);False;1;202
;(5, 5);MoveEast;(5, 4);False;1;203
MoveEast;(6, 5);MoveEast;(5, 4);False;1;204
;(6, 5);MoveEast;(5, 4);False;1;205
;(6, 5);MoveEast;(5, 4);False;1;206
;(6, 5);MoveEast;(5, 4);False;1;207
;(6, 5);MoveEast;(5, 4);False;1;208
;(6, 5);MoveEast;(5, 4);False;1;209
;(6, 5);MoveEast;(5, 4);False;1;210
MoveEast;(7, 5);MoveEast;(5, 4);False;1;211
;(7, 5);MoveEast;(6, 4);False;1;212
;(7, 5);MoveNorthEast;(6, 4);False;1;213
;(7, 5);MoveNorthEast;(6, 4);False;1;214
;(7, 5);MoveNorthEast;(6, 4);False;1;215
;(7, 5);MoveNorthEast;(6, 4);False;1;216
;(7, 5);MoveNorthEast;(6, 4);False;1;217
;(7, 5);MoveNorthEast;(6, 4);False;1;218
;(7, 5);MoveNorthEast;(6, 4);False;1;219
;(7, 5);MoveNorthEast;(6, 4);False;1;220
;(7, 5);MoveNorthEast;(6, 4);False;1;221
;(7, 5);MoveNorthEast;(6, 4);False;1;222
DropObject;(7, 5);MoveNorthEast;(7, 3);False;1;223
;(7, 5);MoveEast;(7, 3);False;1;224
;(7, 5);MoveEast;(7, 3);False;1;225
;(7, 5);MoveEast;(7, 3);False;1;226
;(7, 5);MoveEast;(7, 3);False;1;227
;(7, 5);MoveEast;(7, 3);False;1;228
;(7, 5);MoveEast;(7, 3);False;1;229
;(7, 5);MoveEast;(7, 3);False;1;230
;(7, 5);MoveEast;(7, 3);False;1;231
GrabObject;(7, 5);MoveEast;(7, 3);False;1;232
;(7, 5);MoveEast;(7, 3);False;1;233
;(7, 5);MoveEast;(8, 3);False;1;234
;(7, 5);GrabObject;(8, 3);False;1;235
;(7, 5);GrabObject;(8, 3);False;1;236
;(7, 5);GrabObject;(8, 3);False;1;237
;(7, 5);GrabObject;(8, 3);False;1;238
;(7, 5);GrabObject;(8, 3);False;1;239
;(7, 5);GrabObject;(8, 3);False;1;240
MoveNorth;(7, 4);GrabObject;(8, 3);False;1;241
;(7, 4);GrabObject;(8, 3);False;1;242
;(7, 4);GrabObject;(8, 3);False;1;243
MoveWest;(6, 4);GrabObject;(8, 3);False;1;244
;(6, 4);GrabObject;(8, 3);False;1;245
;(6, 4);;(8, 3);False;1;246
;(6, 4);MoveWest;(8, 3);False;1;247
MoveWest;(5, 4);MoveWest;(8, 3);False;1;248
;(5, 4);MoveWest;(8, 3);False;1;249
MoveWest;(4, 4);MoveWest;(8, 3);False;1;250
;(4, 4);MoveWest;(8, 3);False;1;251
;(4, 4);MoveWest;(8, 3);False;1;252
;(4, 4);MoveWest;(8, 3);False;1;253
;(4, 4);MoveWest;(8, 3);False;1;254
MoveWest;(3, 4);MoveWest;(8, 3);False;1;255
;(3, 4);MoveWest;(8, 3);False;1;256
;(3, 4);MoveWest;(7, 3);False;1;257
MoveWest;(2, 4);MoveWest;(7, 3);False;1;258
;(2, 4);MoveWest;(7, 3);False;1;259
;(2, 4);MoveWest;(7, 3);False;1;260
;(2, 4);MoveWest;(7, 3);False;1;261
;(2, 4);MoveWest;(7, 3);False;1;262
;(2, 4);MoveWest;(7, 3);False;1;263
GrabObject;(2, 4);MoveWest;(7, 3);False;1;264
;(2, 4);MoveWest;(7, 3);False;1;265
;(2, 4);MoveWest;(7, 3);False;1;266
;(2, 4);MoveWest;(7, 3);False;1;267
;(2, 4);MoveWest;(6, 3);False;1;268
;(2, 4);MoveWest;(6, 3);False;1;269
;(2, 4);MoveWest;(6, 3);False;1;270
;(2, 4);MoveWest;(6, 3);False;1;271
;(2, 4);MoveWest;(6, 3);False;1;272
;(2, 4);MoveWest;(6, 3);False;1;273
;(2, 4);MoveWest;(6, 3);False;1;274
DropObject;(2, 4);MoveWest;(6, 3);False;1;275
;(2, 4);MoveWest;(6, 3);False;1;276
;(2, 4);MoveWest;(6, 3);False;1;277
;(2, 4);MoveWest;(6, 3);False;1;278
;(2, 4);MoveWest;(5, 3);False;1;279
;(2, 4);MoveNorthWest;(5, 3);False;1;280
;(2, 4);MoveNorthWest;(5, 3);False;1;281
;(2, 4);MoveNorthWest;(5, 3);False;1;282
MoveEast;(3, 4);MoveNorthWest;(5, 3);False;1;283
;(3, 4);MoveNorthWest;(5, 3);False;1;284
;(3, 4);MoveNorthWest;(5, 3);False;1;285
;(3, 4);MoveNorthWest;(5, 3);False;1;286
;(3, 4);MoveNorthWest;(5, 3);False;1;287
MoveEast;(4, 4);MoveNorthWest;(5, 3);False;1;288
;(4, 4);MoveNorthWest;(5, 3);False;1;289
;(4, 4);MoveNorthWest;(4, 2);False;1;290
;(4, 4);MoveWest;(4, 2);False;1;291
MoveEast;(5, 4);MoveWest;(4, 2);False;1;292
;(5, 4);MoveWest;(4, 2);False;1;293
MoveNorth;(5, 3);MoveWest;(4, 2);False;1;294
;(5, 3);MoveWest;(4, 2);False;1;295
;(5, 3);MoveWest;(4, 2);False;1;296
;(5, 3);MoveWest;(4, 2);False;1;297
MoveNorth;(5, 2);MoveWest;(4, 2);False;1;298
;(5, 2);MoveWest;(4, 2);False;1;299
MoveEast;(6, 2);MoveWest;(4, 2);False;1;300
;(6, 2);MoveWest;(3, 2);False;1;301
;(6, 2);MoveNorthWest;(3, 2);False;1;302
MoveEast;(7, 2);MoveNorthWest;(3, 2);False;1;303
;(7, 2);MoveNorthWest;(3, 2);False;1;304
;(7, 2);MoveNorthWest;(3, 2);False;1;305
;(7, 2);MoveNorthWest;(3, 2);False;1;306
;(7, 2);MoveNorthWest;(3, 2);False;1;307
;(7, 2);MoveNorthWest;(3, 2);False;1;308
;(7, 2);MoveNorthWest;(3, 2);False;1;309
MoveEast;(8, 2);MoveNorthWest;(3, 2);False;1;310
;(8, 2);MoveNorthWest;(3, 2);False;1;311
;(8, 2);MoveNorthWest;(2, 1);False;1;312
;(8, 2);MoveWest;(2, 1);False;1;313
;(8, 2);MoveWest;(2, 1);False;1;314
;(8, 2);MoveWest;(2, 1);False;1;315
;(8, 2);MoveWest;(2, 1);False;1;316
;(8, 2);MoveWest;(2, 1);False;1;317
;(8, 2);MoveWest;(2, 1);False;1;318
;(8, 2);MoveWest;(2, 1);False;1;319
;(8, 2);MoveWest;(2, 1);False;1;320
;(8, 2);MoveWest;(2, 1);False;1;321
;(8, 2);MoveWest;(2, 1);False;1;322
MoveSouth;(8, 3);MoveWest;(1, 1);False;1;323
;(8, 3);DropObject;(1, 1);False;1;324
;(8, 3);DropObject;(1, 1);False;1;325
;(8, 3);DropObject;(1, 1);False;1;326
;(8, 3);DropObject;(1, 1);False;1;327
MoveEast;(9, 3);DropObject;(1, 1);False;1;328
;(9, 3);DropObject;(1, 1);False;1;329
;(9, 3);DropObject;(1, 1);False;1;330
;(9, 3);DropObject;(1, 1);False;1;331
;(9, 3);DropObject;(1, 1);False;1;332
;(9, 3);DropObject;(1, 1);False;1;333
;(9, 3);DropObject;(1, 1);False;1;334
;(9, 3);;(1, 1);False;1;335
;(9, 3);MoveEast;(1, 1);False;1;336
;(9, 3);MoveEast;(1, 1);False;1;337
;(9, 3);MoveEast;(1, 1);False;1;338
;(9, 3);MoveEast;(1, 1);False;1;339
;(9, 3);MoveEast;(1, 1);False;1;340
;(9, 3);MoveEast;(1, 1);False;1;341
;(9, 3);MoveEast;(1, 1);False;1;342
;(9, 3);MoveEast;(1, 1);False;1;343
DropObject;(9, 3);MoveEast;(1, 1);False;1;344
;(9, 3);MoveEast;(1, 1);False;1;345
;(9, 3);MoveEast;(2, 1);False;1;346
;(9, 3);MoveEast;(2, 1);False;1;347
;(9, 3);MoveEast;(2, 1);False;1;348
;(9, 3);MoveEast;(2, 1);False;1;349
;(9, 3);MoveEast;(2, 1);False;1;350
;(9, 3);MoveEast;(2, 1);False;1;351
;(9, 3);MoveEast;(2, 1);False;1;352
GrabObject;(9, 3);MoveEast;(2, 1);False;1;353
;(9, 3);MoveEast;(2, 1);False;1;354
;(9, 3);MoveEast;(2, 1);False;1;355
;(9, 3);MoveEast;(2, 1);False;1;356
;(9, 3);MoveEast;(3, 1);False;1;357
;(9, 3);MoveEast;(3, 1);False;1;358
MoveWest;(8, 3);MoveEast;(3, 1);False;1;359
;(8, 3);MoveEast;(3, 1);False;1;360
;(8, 3);MoveEast;(3, 1);False;1;361
MoveWest;(7, 3);MoveEast;(3, 1);False;1;362
;(7, 3);MoveEast;(3, 1);False;1;363
;(7, 3);MoveEast;(3, 1);False;1;364
MoveWest;(6, 3);MoveEast;(3, 1);False;1;365
;(6, 3);MoveEast;(3, 1);False;1;366
;(6, 3);MoveEast;(3, 1);False;1;367
;(6, 3);MoveEast;(4, 1);False;1;368
;(6, 3);MoveEast;(4, 1);False;1;369
MoveSouth;(6, 4);MoveEast;(4, 1);False;1;370
;(6, 4);MoveEast;(4, 1);False;1;371
;(6, 4);MoveEast;(4, 1);False;1;372
MoveSouth;(6, 5);MoveEast;(4, 1);False;1;373
;(6, 5);MoveEast;(4, 1);False;1;374
;(6, 5);MoveEast;(4, 1);False;1;375
;(6, 5);MoveEast;(4, 1);False;1;376
MoveSouth;(6, 6);MoveEast;(4, 1);False;1;377
;(6, 6);MoveEast;(4, 1);False;1;378
;(6, 6);MoveEast;(5, 1);False;1;379
MoveWest;(5, 6);MoveSouthEast;(5, 1);False;1;380
;(5, 6);MoveSouthEast;(5, 1);False;1;381
;(5, 6);MoveSouthEast;(5, 1);False;1;382
;(5, 6);MoveSouthEast;(5, 1);False;1;383
;(5, 6);MoveSouthEast;(5, 1);False;1;384
MoveWest;(4, 6);MoveSouthEast;(5, 1);False;1;385
;(4, 6);MoveSouthEast;(5, 1);False;1;386
;(4, 6);MoveSouthEast;(5, 1);False;1;387
;(4, 6);MoveSouthEast;(5, 1);False;1;388
;(4, 6);MoveSouthEast;(5, 1);False;1;389
MoveWest;(3, 6);MoveSouthEast;(6, 2);False;1;390
;(3, 6);MoveEast;(6, 2);False;1;391
MoveSouth;(3, 7);MoveEast;(6, 2);False;1;392
;(3, 7);MoveEast;(6, 2);False;1;393
;(3, 7);MoveEast;(6, 2);False;1;394
;(3, 7);MoveEast;(6, 2);False;1;395
;(3, 7);MoveEast;(6, 2);False;1;396
;(3, 7);MoveEast;(6, 2);False;1;397
;(3, 7);MoveEast;(6, 2);False;1;398
DropObject;(3, 7);MoveEast;(6, 2);False;1;399
;(3, 7);MoveEast;(6, 2);False;1;400
;(3, 7);MoveEast;(7, 2);False;1;401
;(3, 7);MoveEast;(7, 2);False;1;402
;(3, 7);MoveEast;(7, 2);False;1;403
;(3, 7);MoveEast;(7, 2);False;1;404
;(3, 7);MoveEast;(7, 2);False;1;405
;(3, 7);MoveEast;(7, 2);False;1;406
;(3, 7);MoveEast;(7, 2);False;1;407
MoveEast;(4, 7);MoveEast;(7, 2);False;1;408
;(4, 7);MoveEast;(7, 2);False;1;409
;(4, 7);MoveEast;(7, 2);False;1;410
;(4, 7);MoveEast;(7, 2);False;1;411
MoveEast;(5, 7);MoveEast;(8, 2);False;1;412
MoveNorth;(5, 6);MoveSouthEast;(8, 2);False;1;413
;(5, 6);MoveSouthEast;(8, 2);False;1;414
;(5, 6);MoveSouthEast;(8, 2);False;1;415
;(5, 6);MoveSouthEast;(8, 2);False;1;416
MoveEast;(6, 6);MoveSouthEast;(8, 2);False;1;417
;(6, 6);MoveSouthEast;(8, 2);False;1;418
;(6, 6);MoveSouthEast;(8, 2);False;1;419
;(6, 6);MoveSouthEast;(8, 2);False;1;420
MoveEast;(7, 6);MoveSouthEast;(8, 2);False;1;421
MoveNorth;(7, 5);MoveSouthEast;(8, 2);False;1;422
;(7, 5);MoveSouthEast;(9, 3);False;1;423
;(7, 5);Idle;(9, 3);False;1;424
;(7, 5);Idle;(9, 3);False;1;425
;(7, 5);Idle;(9, 3);False;1;426
MoveEast;(8, 5);Idle;(9, 3);False;1;427
;(8, 5);Idle;(9, 3);False;1;428
MoveNorth;(8, 4);Idle;(9, 3);False;1;429
;(8, 4);Idle;(9, 3);False;1;430
;(8, 4);Idle;(9, 3);False;1;431
;(8, 4);Idle;(9, 3);False;1;432
;(8, 4);Idle;(9, 3);False;1;433
;(8, 4);Idle;(9, 3);False;1;434
;(8, 4);Idle;(9, 3);False;1;435
MoveEast;(9, 4);Idle;(9, 3);False;1;436
;(9, 4);Idle;(9, 3);False;1;437
;(9, 4);Idle;(9, 3);False;1;438
;(9, 4);Idle;(9, 3);False;1;439
;(9, 4);Idle;(9, 3);False;1;440
;(9, 4);Idle;(9, 3);False;1;441
MoveEast;(10, 4);Idle;(9, 3);False;1;442
;(10, 4);Idle;(9, 3);False;1;443
;(10, 4);Idle;(9, 3);False;1;444
;(10, 4);Idle;(9, 3);False;1;445
;(10, 4);Idle;(9, 3);False;1;446
;(10, 4);Idle;(9, 3);False;1;447
;(10, 4);Idle;(9, 3);False;1;448
;(10, 4);Idle;(9, 3);False;1;449
;(10, 4);Idle;(9, 3);False;1;450
DropObject;(10, 4);Idle;(9, 3);False;1;451
;(10, 4);Idle;(9, 3);False;1;452
;(10, 4);Idle;(9, 3);False;1;453
;(10, 4);Idle;(9, 3);False;1;454
;(10, 4);Idle;(9, 3);False;1;455
;(10, 4);Idle;(9, 3);False;1;456
;(10, 4);Idle;(9, 3);False;1;457
;(10, 4);Idle;(9, 3);False;1;458
GrabObject;(10, 4);Idle;(9, 3);False;1;459
;(10, 4);Idle;(9, 3);False;1;460
;(10, 4);Idle;(9, 3);False;1;461
;(10, 4);Idle;(9, 3);False;1;462
;(10, 4);Idle;(9, 3);False;1;463
;(10, 4);Idle;(9, 3);False;1;464
;(10, 4);Idle;(9, 3);False;1;465
MoveWest;(9, 4);Idle;(9, 3);False;1;466
;(9, 4);Idle;(9, 3);False;1;467
;(9, 4);Idle;(9, 3);False;1;468
;(9, 4);Idle;(9, 3);False;1;469
MoveWest;(8, 4);Idle;(9, 3);False;1;470
;(8, 4);Idle;(9, 3);False;1;471
MoveWest;(7, 4);Idle;(9, 3);False;1;472
;(7, 4);Idle;(9, 3);False;1;473
;(7, 4);Idle;(9, 3);False;1;474
;(7, 4);Idle;(9, 3);False;1;475
MoveWest;(6, 4);Idle;(9, 3);False;1;476
;(6, 4);Idle;(9, 3);False;1;477
;(6, 4);Idle;(9, 3);False;1;478
MoveSouth;(6, 5);;(9, 3);False;1;479
;(6, 5);MoveSouth;(9, 3);False;1;480
;(6, 5);MoveSouth;(9, 3);False;1;481
MoveWest;(5, 5);MoveSouth;(9, 3);False;1;482
;(5, 5);MoveSouth;(9, 3);False;1;483
;(5, 5);MoveSouth;(9, 3);False;1;484
;(5, 5);MoveSouth;(9, 3);False;1;485
MoveSouth;(5, 6);MoveSouth;(9, 3);False;1;486
;(5, 6);MoveSouth;(9, 3);False;1;487
;(5, 6);MoveSouth;(9, 3);False;1;488
;(5, 6);MoveSouth;(9, 3);False;1;489
MoveWest;(4, 6);MoveSouth;(9, 4);False;1;490
;(4, 6);MoveSouthEast;(9, 4);False;1;491
MoveSouth;(4, 7);MoveSouthEast;(9, 4);False;1;492
;(4, 7);MoveSouthEast;(9, 4);False;1;493
;(4, 7);MoveSouthEast;(9, 4);False;1;494
;(4, 7);MoveSouthEast;(9, 4);False;1;495
;(4, 7);MoveSouthEast;(9, 4);False;1;496
;(4, 7);MoveSouthEast;(9, 4);False;1;497
;(4, 7);MoveSouthEast;(9, 4);False;1;498
;(4, 7);MoveSouthEast;(9, 4);False;1;499
;(4, 7);MoveSouthEast;(9, 4);False;1;500
;(4, 7);MoveSouthEast;(10, 5);False;1;501
;(4, 7);GrabObject;(10, 5);False;1;502
DropObject;(4, 7);GrabObject;(10, 5);False;1;503
;(4, 7);GrabObject;(10, 5);False;1;504
;(4, 7);GrabObject;(10, 5);False;1;505
;(4, 7);GrabObject;(10, 5);False;1;506
;(4, 7);GrabObject;(10, 5);False;1;507
;(4, 7);GrabObject;(10, 5);False;1;508
;(4, 7);GrabObject;(10, 5);False;1;509
;(4, 7);GrabObject;(10, 5);False;1;510
;(4, 7);GrabObject;(10, 5);False;1;511
MoveEast;(5, 7);GrabObject;(10, 5);False;1;512
;(5, 7);;(10, 5);False;1;513
;(5, 7);MoveSouth;(10, 5);False;1;514
;(5, 7);MoveSouth;(10, 5);False;1;515
MoveEast;(6, 7);MoveSouth;(10, 5);False;1;516
;(6, 7);MoveSouth;(10, 5);False;1;517
;(6, 7);MoveSouth;(10, 5);False;1;518
;(6, 7);MoveSouth;(10, 5);False;1;519
;(6, 7);MoveSouth;(10, 5);False;1;520
;(6, 7);MoveSouth;(10, 5);False;1;521
;(6, 7);MoveSouth;(10, 5);False;1;522
;(6, 7);MoveSouth;(10, 5);False;1;523
;(6, 7);MoveSouth;(10, 6);False;1;524
;(6, 7);MoveSouthEast;(10, 6);False;1;525
;(6, 7);MoveSouthEast;(10, 6);False;1;526
MoveEast;(7, 7);MoveSouthEast;(10, 6);False;1;527
MoveEast;(8, 7);MoveSouthEast;(10, 6);False;1;528
;(8, 7);MoveSouthEast;(10, 6);False;1;529
MoveEast;(9, 7);MoveSouthEast;(10, 6);False;1;530
;(9, 7);MoveSouthEast;(10, 6);False;1;531
;(9, 7);MoveSouthEast;(10, 6);False;1;532
;(9, 7);MoveSouthEast;(10, 6);False;1;533
MoveEast;(10, 7);MoveSouthEast;(10, 6);False;1;534
;(10, 7);MoveSouthEast;(11, 7);False;1;535
;(10, 7);GrabObject;(11, 7);False;1;536
MoveEast;(11, 7);GrabObject;(11, 7);False;1;537
;(11, 7);GrabObject;(11, 7);False;1;538
;(11, 7);GrabObject;(11, 7);False;1;539
;(11, 7);GrabObject;(11, 7);False;1;540
MoveEast;(12, 7);GrabObject;(11, 7);False;1;541
;(12, 7);GrabObject;(11, 7);False;1;542
;(12, 7);GrabObject;(11, 7);False;1;543
;(12, 7);GrabObject;(11, 7);False;1;544
;(12, 7);GrabObject;(11, 7);False;1;545
;(12, 7);GrabObject;(11, 7);False;1;546
;(12, 7);;(11, 7);False;1;547
;(12, 7);MoveEast;(11, 7);False;1;548
;(12, 7);MoveEast;(11, 7);False;1;549
;(12, 7);MoveEast;(11, 7);False;1;550
;(12, 7);MoveEast;(11, 7);False;1;551
DropObject;(12, 7);MoveEast;(11, 7);False;1;552
;(12, 7);MoveEast;(11, 7);False;1;553
;(12, 7);MoveEast;(11, 7);False;1;554
;(12, 7);MoveEast;(11, 7);False;1;555
;(12, 7);MoveEast;(11, 7);False;1;556
;(12, 7);MoveEast;(11, 7);False;1;557
;(12, 7);MoveEast;(12, 7);False;1;558
;(12, 7);GrabObject;(12, 7);False;1;559
;(12, 7);GrabObject;(12, 7);False;1;560
GrabObject;(12, 7);GrabObject;(12, 7);False;1;561
;(12, 7);GrabObject;(12, 7);False;1;562
;(12, 7);GrabObject;(12, 7);False;1;563
;(12, 7);GrabObject;(12, 7);False;1;564
;(12, 7);GrabObject;(12, 7);False;1;565
;(12, 7);GrabObject;(12, 7);False;1;566
MoveEast;(13, 7);GrabObject;(12, 7);False;1;567
;(13, 7);GrabObject;(12, 7);False;1;568
;(13, 7);GrabObject;(12, 7);False;1;569
;(13, 7);;(12, 7);False;1;570
;(13, 7);MoveEast;(12, 7);False;1;571
MoveEast;(14, 7);MoveEast;(12, 7);False;1;572
;(14, 7);MoveEast;(12, 7);False;1;573
;(14, 7);MoveEast;(12, 7);False;1;574
;(14, 7);MoveEast;(12, 7);False;1;575
;(14, 7);MoveEast;(12, 7);False;1;576
;(14, 7);MoveEast;(12, 7);False;1;577
MoveEast;(15, 7);MoveEast;(12, 7);False;1;578
;(15, 7);MoveEast;(12, 7);False;1;579
;(15, 7);MoveEast;(12, 7);False;1;580
;(15, 7);MoveEast;(13, 7);False;1;581
DropObject;(15, 7);GrabObject;(13, 7);False;1;582
;(15, 7);GrabObject;(13, 7);False;1;583
;(15, 7);GrabObject;(13, 7);False;1;584
;(15, 7);GrabObject;(13, 7);False;1;585
;(15, 7);GrabObject;(13, 7);False;1;586
;(15, 7);GrabObject;(13, 7);False;1;587
;(15, 7);GrabObject;(13, 7);False;1;588
;(15, 7);GrabObject;(13, 7);False;1;589
;(15, 7);GrabObject;(13, 7);False;1;590
;(15, 7);GrabObject;(13, 7);False;1;591
MoveWest;(14, 7);GrabObject;(13, 7);False;1;592
;(14, 7);;(13, 7);False;1;593
;(14, 7);MoveWest;(13, 7);False;1;594
;(14, 7);MoveWest;(13, 7);False;1;595
;(14, 7);MoveWest;(13, 7);False;1;596
MoveWest;(13, 7);MoveWest;(13, 7);False;1;597
;(13, 7);MoveWest;(13, 7);False;1;598
;(13, 7);MoveWest;(13, 7);False;1;599
;(13, 7);MoveWest;(13, 7);False;1;600
;(13, 7);MoveWest;(13, 7);False;1;601
;(13, 7);MoveWest;(13, 7);False;1;602
;(13, 7);MoveWest;(13, 7);False;1;603
;(13, 7);MoveWest;(12, 7);False;1;604
;(13, 7);MoveWest;(12, 7);False;1;605
;(13, 7);MoveWest;(12, 7);False;1;606
;(13, 7);MoveWest;(12, 7);False;1;607
;(13, 7);MoveWest;(12, 7);False;1;608
;(13, 7);MoveWest;(12, 7);False;1;609
;(13, 7);MoveWest;(12, 7);False;1;610
;(13, 7);MoveWest;(12, 7);False;1;611
;(13, 7);MoveWest;(12, 7);False;1;612
;(13, 7);MoveWest;(12, 7);False;1;613
;(13, 7);MoveWest;(12, 7);False;1;614
;(13, 7);MoveWest;(11, 7);False;1;615
;(13, 7);MoveWest;(11, 7);False;1;616
;(13, 7);MoveWest;(11, 7);False;1;617
MoveWest;(12, 7);MoveWest;(11, 7);False;1;618
;(12, 7);MoveWest;(11, 7);False;1;619
;(12, 7);MoveWest;(11, 7);False;1;620
;(12, 7);MoveWest;(11, 7);False;1;621
;(12, 7);MoveWest;(11, 7);False;1;622
MoveWest;(11, 7);MoveWest;(11, 7);False;1;623
;(11, 7);MoveWest;(11, 7);False;1;624
;(11, 7);MoveWest;(11, 7);False;1;625
;(11, 7);MoveWest;(10, 7);False;1;626
;(11, 7);MoveSouthWest;(10, 7);False;1;627
MoveWest;(10, 7);MoveSouthWest;(10, 7);False;1;628
;(10, 7);MoveSouthWest;(10, 7);False;1;629
;(10, 7);MoveSouthWest;(10, 7);False;1;630
;(10, 7);MoveSouthWest;(10, 7);False;1;631
;(10, 7);MoveSouthWest;(10, 7);False;1;632
;(10, 7);MoveSouthWest;(10, 7);False;1;633
;(10, 7);MoveSouthWest;(10, 7);False;1;634
;(10, 7);MoveSouthWest;(10, 7);False;1;635
;(10, 7);MoveSouthWest;(10, 7);False;1;636
MoveWest;(9, 7);MoveSouthWest;(9, 8);False;1;637
MoveSouth;(9, 8);MoveWest;(9, 8);False;1;638
;(9, 8);MoveWest;(9, 8);False;1;639
;(9, 8);MoveWest;(9, 8);False;1;640
;(9, 8);MoveWest;(9, 8);False;1;641
;(9, 8);MoveWest;(9, 8);False;1;642
;(9, 8);MoveWest;(9, 8);False;1;643
MoveSouth;(9, 9);MoveWest;(9, 8);False;1;644
;(9, 9);MoveWest;(9, 8);False;1;645
;(9, 9);MoveWest;(9, 8);False;1;646
;(9, 9);MoveWest;(9, 8);False;1;647
;(9, 9);MoveWest;(8, 8);False;1;648
;(9, 9);MoveWest;(8, 8);False;1;649
;(9, 9);MoveWest;(8, 8);False;1;650
;(9, 9);MoveWest;(8, 8);False;1;651
;(9, 9);MoveWest;(8, 8);False;1;652
;(9, 9);MoveWest;(8, 8);False;1;653
;(9, 9);MoveWest;(8, 8);False;1;654
;(9, 9);MoveWest;(8, 8);False;1;655
MoveEast;(10, 9);MoveWest;(8, 8);False;1;656
;(10, 9);MoveWest;(8, 8);False;1;657
;(10, 9);MoveWest;(8, 8);False;1;658
;(10, 9);MoveWest;(7, 8);False;1;659
;(10, 9);MoveSouthWest;(7, 8);False;1;660
;(10, 9);MoveSouthWest;(7, 8);False;1;661
;(10, 9);MoveSouthWest;(7, 8);False;1;662
;(10, 9);MoveSouthWest;(7, 8);False;1;663
;(10, 9);MoveSouthWest;(7, 8);False;1;664
;(10, 9);MoveSouthWest;(7, 8);False;1;665
;(10, 9);MoveSouthWest;(7, 8);False;1;666
;(10, 9);MoveSouthWest;(7, 8);False;1;667
;(10, 9);MoveSouthWest;(7, 8);False;1;668
;(10, 9);MoveSouthWest;(7, 8);False;1;669
;(10, 9);MoveSouthWest;(6, 9);False;1;670
;(10, 9);GrabObject;(6, 9);False;1;671
;(10, 9);GrabObject;(6, 9);False;1;672
;(10, 9);GrabObject;(6, 9);False;1;673
GrabObject;(10, 9);GrabObject;(6, 9);False;1;674
;(10, 9);GrabObject;(6, 9);False;1;675
;(10, 9);GrabObject;(6, 9);False;1;676
;(10, 9);GrabObject;(6, 9);False;1;677
;(10, 9);GrabObject;(6, 9);False;1;678
;(10, 9);GrabObject;(6, 9);False;1;679
;(10, 9);GrabObject;(6, 9);False;1;680
;(10, 9);GrabObject;(6, 9);False;1;681
;(10, 9);;(6, 9);False;1;682
;(10, 9);MoveWest;(6, 9);False;1;683
;(10, 9);MoveWest;(6, 9);False;1;684
;(10, 9);MoveWest;(6, 9);False;1;685
MoveWest;(9, 9);MoveWest;(6, 9);False;1;686
;(9, 9);MoveWest;(6, 9);False;1;687
;(9, 9);MoveWest;(6, 9);False;1;688
;(9, 9);MoveWest;(6, 9);False;1;689
;(9, 9);MoveWest;(6, 9);False;1;690
MoveWest;(8, 9);MoveWest;(6, 9);False;1;691
;(8, 9);MoveWest;(6, 9);False;1;692
;(8, 9);MoveWest;(5, 9);False;1;693
MoveWest;(7, 9);MoveWest;(5, 9);False;1;694
;(7, 9);MoveWest;(5, 9);False;1;695
;(7, 9);MoveWest;(5, 9);False;1;696
MoveWest;(6, 9);MoveWest;(5, 9);False;1;697
;(6, 9);MoveWest;(5, 9);False;1;698
;(6, 9);MoveWest;(5, 9);False;1;699
;(6, 9);MoveWest;(5, 9);False;1;700
MoveNorth;(6, 8);MoveWest;(5, 9);False;1;701
;(6, 8);MoveWest;(5, 9);False;1;702
;(6, 8);MoveWest;(5, 9);False;1;703
;(6, 8);MoveWest;(4, 9);False;1;704
;(6, 8);MoveNorthWest;(4, 9);False;1;705
MoveNorth;(6, 7);MoveNorthWest;(4, 9);False;1;706
;(6, 7);MoveNorthWest;(4, 9);False;1;707
MoveWest;(5, 7);MoveNorthWest;(4, 9);False;1;708
;(5, 7);MoveNorthWest;(4, 9);False;1;709
;(5, 7);MoveNorthWest;(4, 9);False;1;710
MoveWest;(4, 7);MoveNorthWest;(4, 9);False;1;711
;(4, 7);MoveNorthWest;(4, 9);False;1;712
;(4, 7);MoveNorthWest;(4, 9);False;1;713
;(4, 7);MoveNorthWest;(4, 9);False;1;714
;(4, 7);MoveNorthWest;(3, 8);False;1;715
;(4, 7);MoveWest;(3, 8);False;1;716
MoveWest;(3, 7);MoveWest;(3, 8);False;1;717
;(3, 7);MoveWest;(3, 8);False;1;718
;(3, 7);MoveWest;(3, 8);False;1;719
;(3, 7);MoveWest;(3, 8);False;1;720
;(3, 7);MoveWest;(3, 8);False;1;721
DropObject;(3, 7);MoveWest;(3, 8);False;1;722
;(3, 7);MoveWest;(3, 8);False;1;723
;(3, 7);MoveWest;(3, 8);False;1;724
;(3, 7);MoveWest;(3, 8);False;1;725
;(3, 7);MoveWest;(2, 8);False;1;726
;(3, 7);MoveNorthWest;(2, 8);False;1;727
;(3, 7);MoveNorthWest;(2, 8);False;1;728
;(3, 7);MoveNorthWest;(2, 8);False;1;729
;(3, 7);MoveNorthWest;(2, 8);False;1;730
MoveEast;(4, 7);MoveNorthWest;(2, 8);False;1;731
;(4, 7);MoveNorthWest;(2, 8);False;1;732
;(4, 7);MoveNorthWest;(2, 8);False;1;733
;(4, 7);MoveNorthWest;(2, 8);False;1;734
MoveEast;(5, 7);MoveNorthWest;(2, 8);False;1;735
;(5, 7);MoveNorthWest;(2, 8);False;1;736
;(5, 7);MoveNorthWest;(1, 7);False;1;737
MoveEast;(6, 7);MoveWest;(1, 7);False;1;738
;(6, 7);MoveWest;(1, 7);False;1;739
;(6, 7);MoveWest;(1, 7);False;1;740
;(6, 7);MoveWest;(1, 7);False;1;741
MoveSouth;(6, 8);MoveWest;(1, 7);False;1;742
;(6, 8);MoveWest;(1, 7);False;1;743
;(6, 8);MoveWest;(1, 7);False;1;744
;(6, 8);MoveWest;(1, 7);False;1;745
MoveEast;(7, 8);MoveWest;(1, 7);False;1;746
MoveSouth;(7, 9);MoveWest;(1, 7);False;1;747
;(7, 9);MoveWest;(0, 7);False;1;748
;(7, 9);DropObject;(0, 7);False;1;749
MoveEast;(8, 9);DropObject;(0, 7);False;1;750
;(8, 9);DropObject;(0, 7);False;1;751
;(8, 9);DropObject;(0, 7);False;1;752
;(8, 9);DropObject;(0, 7);False;1;753
;(8, 9);DropObject;(0, 7);False;1;754
;(8, 9);DropObject;(0, 7);False;1;755
;(8, 9);DropObject;(0, 7);False;1;756
;(8, 9);DropObject;(0, 7);False;1;757
MoveSouth;(8, 10);DropObject;(0, 7);False;1;758
;(8, 10);DropObject;(0, 7);False;1;759
;(8, 10);DropObject;(0, 7);False;1;760
;(8, 10);DropObject;(0, 7);False;1;761
MoveEast;(9, 10);DropObject;(0, 7);False;1;762
;(9, 10);DropObject;(0, 7);False;1;763
;(9, 10);DropObject;(0, 7);False;1;764
;(9, 10);DropObject;(0, 7);False;1;765
;(9, 10);DropObject;(0, 7);False;1;766
;(9, 10);DropObject;(0, 7);False;1;767
MoveEast;(10, 10);DropObject;(0, 7);False;1;768
;(10, 10);DropObject;(0, 7);False;1;769
;(10, 10);DropObject;(0, 7);False;1;770
;(10, 10);DropObject;(0, 7);False;1;771
;(10, 10);DropObject;(0, 7);False;1;772
;(10, 10);DropObject;(0, 7);False;1;773
MoveEast;(11, 10);DropObject;(0, 7);False;1;774
;(11, 10);DropObject;(0, 7);False;1;775
;(11, 10);DropObject;(0, 7);False;1;776
;(11, 10);DropObject;(0, 7);False;1;777
;(11, 10);DropObject;(0, 7);False;1;778
;(11, 10);DropObject;(0, 7);False;1;779
;(11, 10);DropObject;(0, 7);False;1;780
MoveWest;(10, 10);DropObject;(0, 7);False;1;781
;(10, 10);DropObject;(0, 7);False;1;782
;(10, 10);DropObject;(0, 7);False;1;783
;(10, 10);DropObject;(0, 7);False;1;784
;(10, 10);DropObject;(0, 7);False;1;785
;(10, 10);DropObject;(0, 7);False;1;786
;(10, 10);DropObject;(0, 7);False;1;787
;(10, 10);DropObject;(0, 7);False;1;788
;(10, 10);DropObject;(0, 7);False;1;789
;(10, 10);DropObject;(0, 7);False;1;790
;(10, 10);DropObject;(0, 7);False;1;791
;(10, 10);DropObject;(0, 7);False;1;792
;(10, 10);;(0, 7);False;1;793
;(10, 10);MoveEast;(0, 7);False;1;794
DropObject;(10, 10);MoveEast;(0, 7);False;1;795
;(10, 10);MoveEast;(0, 7);False;1;796
;(10, 10);MoveEast;(0, 7);False;1;797
;(10, 10);MoveEast;(0, 7);False;1;798
;(10, 10);MoveEast;(0, 7);False;1;799
;(10, 10);MoveEast;(0, 7);False;1;800
;(10, 10);MoveEast;(0, 7);False;1;801
;(10, 10);MoveEast;(0, 7);False;1;802
;(10, 10);MoveEast;(0, 7);False;1;803
;(10, 10);MoveEast;(1, 7);False;1;804
;(10, 10);MoveEast;(1, 7);False;1;805
;(10, 10);MoveEast;(1, 7);False;1;806
;(10, 10);MoveEast;(1, 7);False;1;807
;(10, 10);MoveEast;(1, 7);False;1;808
GrabObject;(10, 10);MoveEast;(1, 7);False;1;809
;(10, 10);MoveEast;(1, 7);False;1;810
;(10, 10);MoveEast;(1, 7);False;1;811
;(10, 10);MoveEast;(1, 7);False;1;812
;(10, 10);MoveEast;(1, 7);False;1;813
MoveWest;(9, 10);MoveEast;(1, 7);False;1;814
;(9, 10);MoveEast;(2, 7);False;1;815
;(9, 10);MoveEast;(2, 7);False;1;816
;(9, 10);MoveEast;(2, 7);False;1;817
MoveWest;(8, 10);MoveEast;(2, 7);False;1;818
MoveNorth;(8, 9);MoveEast;(2, 7);False;1;819
;(8, 9);MoveEast;(2, 7);False;1;820
;(8, 9);MoveEast;(2, 7);False;1;821
;(8, 9);MoveEast;(2, 7);False;1;822
;(8, 9);MoveEast;(2, 7);False;1;823
MoveWest;(7, 9);MoveEast;(2, 7);False;1;824
;(7, 9);MoveEast;(2, 7);False;1;825
;(7, 9);MoveEast;(3, 7);False;1;826
MoveWest;(6, 9);MoveEast;(3, 7);False;1;827
MoveNorth;(6, 8);MoveEast;(3, 7);False;1;828
;(6, 8);MoveEast;(3, 7);False;1;829
;(6, 8);MoveEast;(3, 7);False;1;830
;(6, 8);MoveEast;(3, 7);False;1;831
;(6, 8);MoveEast;(3, 7);False;1;832
;(6, 8);MoveEast;(3, 7);False;1;833
;(6, 8);MoveEast;(3, 7);False;1;834
MoveWest;(5, 8);MoveEast;(3, 7);False;1;835
;(5, 8);MoveEast;(3, 7);False;1;836
;(5, 8);MoveEast;(4, 7);False;1;837
;(5, 8);MoveEast;(4, 7);False;1;838
;(5, 8);MoveEast;(4, 7);False;1;839
;(5, 8);MoveEast;(4, 7);False;1;840
;(5, 8);MoveEast;(4, 7);False;1;841
;(5, 8);MoveEast;(4, 7);False;1;842
;(5, 8);MoveEast;(4, 7);False;1;843
GrabObject;(5, 8);MoveEast;(4, 7);False;1;844
;(5, 8);MoveEast;(4, 7);False;1;845
;(5, 8);MoveEast;(4, 7);False;1;846
;(5, 8);MoveEast;(4, 7);False;1;847
;(5, 8);MoveEast;(5, 7);False;1;848
;(5, 8);MoveEast;(5, 7);False;1;849
;(5, 8);MoveEast;(5, 7);False;1;850
;(5, 8);MoveEast;(5, 7);False;1;851
;(5, 8);MoveEast;(5, 7);False;1;852
;(5, 8);MoveEast;(5, 7);False;1;853
;(5, 8);MoveEast;(5, 7);False;1;854
;(5, 8);MoveEast;(5, 7);False;1;855
DropObject;(5, 8);MoveEast;(5, 7);False;1;856
;(5, 8);MoveEast;(5, 7);False;1;857
;(5, 8);MoveEast;(5, 7);False;1;858
;(5, 8);MoveEast;(6, 7);False;1;859
;(5, 8);MoveEast;(6, 7);False;1;860
;(5, 8);MoveEast;(6, 7);False;1;861
;(5, 8);MoveEast;(6, 7);False;1;862
;(5, 8);MoveEast;(6, 7);False;1;863
;(5, 8);MoveEast;(6, 7);False;1;864
;(5, 8);MoveEast;(6, 7);False;1;865
;(5, 8);MoveEast;(6, 7);False;1;866
;(5, 8);MoveEast;(6, 7);False;1;867
MoveWest;(4, 8);MoveEast;(6, 7);False;1;868
;(4, 8);MoveEast;(6, 7);False;1;869
;(4, 8);MoveEast;(7, 7);False;1;870
;(4, 8);MoveEast;(7, 7);False;1;871
;(4, 8);MoveEast;(7, 7);False;1;872
MoveSouth;(4, 9);MoveEast;(7, 7);False;1;873
MoveWest;(3, 9);MoveEast;(7, 7);False;1;874
;(3, 9);MoveEast;(7, 7);False;1;875
;(3, 9);MoveEast;(7, 7);False;1;876
MoveEast;(4, 9);MoveEast;(7, 7);False;1;877
;(4, 9);MoveEast;(7, 7);False;1;878
;(4, 9);MoveEast;(7, 7);False;1;879
;(4, 9);MoveEast;(7, 7);False;1;880
;(4, 9);MoveEast;(8, 7);False;1;881
;(4, 9);MoveEast;(8, 7);False;1;882
;(4, 9);MoveEast;(8, 7);False;1;883
;(4, 9);MoveEast;(8, 7);False;1;884
;(4, 9);MoveEast;(8, 7);False;1;885
;(4, 9);MoveEast;(8, 7);False;1;886
MoveEast;(5, 9);MoveEast;(8, 7);False;1;887
MoveEast;(6, 9);MoveEast;(8, 7);False;1;888
MoveEast;(7, 9);MoveEast;(8, 7);False;1;889
MoveEast;(8, 9);MoveEast;(8, 7);False;1;890
MoveEast;(9, 9);MoveEast;(8, 7);False;1;891
;(9, 9);MoveEast;(9, 7);False;1;892
MoveEast;(10, 9);MoveSouthEast;(9, 7);False;1;893
;(10, 9);MoveSouthEast;(9, 7);False;1;894
;(10, 9);MoveSouthEast;(9, 7);False;1;895
MoveEast;(11, 9);MoveSouthEast;(9, 7);False;1;896
;(11, 9);MoveSouthEast;(9, 7);False;1;897
;(11, 9);MoveSouthEast;(9, 7);False;1;898
;(11, 9);MoveSouthEast;(9, 7);False;1;899
;(11, 9);MoveSouthEast;(9, 7);False;1;900
;(11, 9);MoveSouthEast;(9, 7);False;1;901
;(11, 9);MoveSouthEast;(9, 7);False;1;902
;(11, 9);MoveSouthEast;(10, 8);False;1;903
;(11, 9);GrabLargeObject;(10, 8);False;1;904
MoveEast;(12, 9);GrabLargeObject;(10, 8);False;1;905
;(12, 9);GrabLargeObject;(10, 8);False;1;906
;(12, 9);GrabLargeObject;(10, 8);False;1;907
MoveSouth;(12, 10);GrabLargeObject;(10, 8);False;1;908
;(12, 10);GrabLargeObject;(10, 8);False;1;909
;(12, 10);GrabLargeObject;(10, 8);False;1;910
;(12, 10);GrabLargeObject;(10, 8);False;1;911
;(12, 10);GrabLargeObject;(10, 8);False;1;912
;(12, 10);GrabLargeObject;(10, 8);False;1;913
MoveEast;(13, 10);GrabLargeObject;(10, 8);False;1;914
;(13, 10);;(10, 8);False;1;915
;(13, 10);MoveEast;(10, 8);False;1;916
;(13, 10);MoveEast;(10, 8);False;1;917
;(13, 10);MoveEast;(10, 8);False;1;918
;(13, 10);MoveEast;(10, 8);False;1;919
;(13, 10);MoveEast;(10, 8);False;1;920
;(13, 10);MoveEast;(10, 8);False;1;921
;(13, 10);MoveEast;(10, 8);False;1;922
;(13, 10);MoveEast;(10, 8);False;1;923
;(13, 10);MoveEast;(10, 8);False;1;924
;(13, 10);MoveEast;(10, 8);False;1;925
GrabObject;(13, 10);MoveEast;(11, 8);False;1;926
;(13, 10);MoveEast;(11, 8);False;1;927
;(13, 10);MoveEast;(11, 8);False;1;928
;(13, 10);MoveEast;(11, 8);False;1;929
;(13, 10);MoveEast;(11, 8);False;1;930
;(13, 10);MoveEast;(11, 8);False;1;931
;(13, 10);MoveEast;(11, 8);False;1;932
;(13, 10);MoveEast;(11, 8);False;1;933
;(13, 10);MoveEast;(11, 8);False;1;934
;(13, 10);MoveEast;(11, 8);False;1;935
;(13, 10);MoveEast;(11, 8);False;1;936
;(13, 10);MoveEast;(12, 8);False;1;937
;(13, 10);MoveWest;(12, 8);False;1;938
;(13, 10);MoveWest;(12, 8);False;1;939
;(13, 10);MoveWest;(12, 8);False;1;940
;(13, 10);MoveWest;(12, 8);False;1;941
;(13, 10);MoveWest;(12, 8);False;1;942
;(13, 10);MoveWest;(12, 8);False;1;943
;(13, 10);MoveWest;(12, 8);False;1;944
MoveNorth;(13, 9);MoveWest;(12, 8);False;1;945
;(13, 9);MoveWest;(12, 8);False;1;946
;(13, 9);MoveWest;(12, 8);False;1;947
;(13, 9);MoveWest;(11, 8);False;1;948
MoveNorth;(13, 8);MoveWest;(11, 8);False;1;949
;(13, 8);MoveWest;(11, 8);False;1;950
MoveWest;(12, 8);MoveWest;(11, 8);False;1;951
;(12, 8);MoveWest;(11, 8);False;1;952
;(12, 8);MoveWest;(11, 8);False;1;953
;(12, 8);MoveWest;(11, 8);False;1;954
;(12, 8);MoveWest;(11, 8);False;1;955
;(12, 8);MoveWest;(11, 8);False;1;956
MoveWest;(11, 8);MoveWest;(11, 8);False;1;957
;(11, 8);MoveWest;(11, 8);False;1;958
;(11, 8);MoveWest;(10, 8);False;1;959
;(11, 8);MoveEast;(10, 8);False;1;960
;(11, 8);MoveEast;(10, 8);False;1;961
;(11, 8);MoveEast;(10, 8);False;1;962
;(11, 8);MoveEast;(10, 8);False;1;963
;(11, 8);MoveEast;(10, 8);False;1;964
;(11, 8);MoveEast;(10, 8);False;1;965
;(11, 8);MoveEast;(10, 8);False;1;966
MoveWest;(10, 8);MoveEast;(10, 8);False;1;967
MoveWest;(9, 8);MoveEast;(10, 8);False;1;968
MoveWest;(8, 8);MoveEast;(10, 8);False;1;969
MoveWest;(7, 8);MoveEast;(11, 8);False;1;970
MoveWest;(6, 8);MoveEast;(11, 8);False;1;971
MoveWest;(5, 8);MoveEast;(11, 8);False;1;972
MoveWest;(4, 8);MoveEast;(11, 8);False;1;973
MoveWest;(3, 8);MoveEast;(11, 8);False;1;974
MoveWest;(2, 8);MoveEast;(11, 8);False;1;975
MoveWest;(1, 8);MoveEast;(11, 8);False;1;976
;(1, 8);MoveEast;(11, 8);False;1;977
;(1, 8);MoveEast;(11, 8);False;1;978
;(1, 8);MoveEast;(11, 8);False;1;979
;(1, 8);MoveEast;(11, 8);False;1;980
;(1, 8);MoveEast;(12, 8);False;1;981
MoveNorth;(1, 7);MoveWest;(12, 8);False;1;982
;(1, 7);MoveWest;(12, 8);False;1;983
;(1, 7);MoveWest;(12, 8);False;1;984
;(1, 7);MoveWest;(12, 8);False;1;985
;(1, 7);MoveWest;(12, 8);False;1;986
;(1, 7);MoveWest;(12, 8);False;1;987
;(1, 7);MoveWest;(12, 8);False;1;988
;(1, 7);MoveWest;(12, 8);False;1;989
;(1, 7);MoveWest;(12, 8);False;1;990
;(1, 7);MoveWest;(12, 8);False;1;991
;(1, 7);MoveWest;(11, 8);False;1;992
;(1, 7);MoveWest;(11, 8);False;1;993
DropObject;(1, 7);MoveWest;(11, 8);False;1;994
;(1, 7);MoveWest;(11, 8);False;1;995
;(1, 7);MoveWest;(11, 8);False;1;996
;(1, 7);MoveWest;(11, 8);False;1;997
;(1, 7);MoveWest;(11, 8);False;1;998
;(1, 7);MoveWest;(11, 8);False;1;999
;(1, 7);MoveWest;(11, 8);False;1;1000
GrabObject;(1, 7);MoveWest;(11, 8);False;1;1001
;(1, 7);MoveWest;(11, 8);False;1;1002
;(1, 7);MoveWest;(10, 8);False;1;1003
;(1, 7);MoveEast;(10, 8);False;1;1004
;(1, 7);MoveEast;(10, 8);False;1;1005
;(1, 7);MoveEast;(10, 8);False;1;1006
;(1, 7);MoveEast;(10, 8);False;1;1007
;(1, 7);MoveEast;(10, 8);False;1;1008
;(1, 7);MoveEast;(10, 8);False;1;1009
;(1, 7);MoveEast;(10, 8);False;1;1010
;(1, 7);MoveEast;(10, 8);False;1;1011
;(1, 7);MoveEast;(10, 8);False;1;1012
;(1, 7);MoveEast;(10, 8);False;1;1013
;(1, 7);MoveEast;(11, 8);False;1;1014
;(1, 7);MoveEast;(11, 8);False;1;1015
;(1, 7);MoveEast;(11, 8);False;1;1016
;(1, 7);MoveEast;(11, 8);False;1;1017
;(1, 7);MoveEast;(11, 8);False;1;1018
DropObject;(1, 7);MoveEast;(11, 8);False;1;1019
;(1, 7);MoveEast;(11, 8);False;1;1020
;(1, 7);MoveEast;(11, 8);False;1;1021
;(1, 7);MoveEast;(11, 8);False;1;1022
;(1, 7);MoveEast;(11, 8);False;1;1023
;(1, 7);MoveEast;(11, 8);False;1;1024
;(1, 7);MoveEast;(12, 8);False;1;1025
;(1, 7);MoveWest;(12, 8);False;1;1026
;(1, 7);MoveWest;(12, 8);False;1;1027
;(1, 7);MoveWest;(12, 8);False;1;1028
;(1, 7);MoveWest;(12, 8);False;1;1029
;(1, 7);MoveWest;(12, 8);False;1;1030
;(1, 7);MoveWest;(12, 8);False;1;1031
MoveNorth;(1, 6);MoveWest;(12, 8);False;1;1032
;(1, 6);MoveWest;(12, 8);False;1;1033
;(1, 6);MoveWest;(12, 8);False;1;1034
;(1, 6);MoveWest;(12, 8);False;1;1035
MoveEast;(2, 6);MoveWest;(11, 8);False;1;1036
;(2, 6);MoveWest;(11, 8);False;1;1037
;(2, 6);MoveWest;(11, 8);False;1;1038
;(2, 6);MoveWest;(11, 8);False;1;1039
;(2, 6);MoveWest;(11, 8);False;1;1040
;(2, 6);MoveWest;(11, 8);False;1;1041
;(2, 6);MoveWest;(11, 8);False;1;1042
MoveSouth;(2, 7);MoveWest;(11, 8);False;1;1043
;(2, 7);MoveWest;(11, 8);False;1;1044
;(2, 7);MoveWest;(11, 8);False;1;1045
;(2, 7);MoveWest;(11, 8);False;1;1046
;(2, 7);MoveWest;(10, 8);False;1;1047
;(2, 7);;(10, 8);False;1;1048
;(2, 7);Idle;(10, 8);False;1;1049
;(2, 7);Idle;(10, 8);False;1;1050
MoveEast;(3, 7);Idle;(10, 8);False;1;1051
;(3, 7);Idle;(10, 8);False;1;1052
;(3, 7);Idle;(10, 8);False;1;1053
;(3, 7);Idle;(10, 8);False;1;1054
MoveEast;(4, 7);Idle;(10, 8);False;1;1055
;(4, 7);Idle;(10, 8);False;1;1056
;(4, 7);Idle;(10, 8);False;1;1057
;(4, 7);Idle;(10, 8);False;1;1058
;(4, 7);Idle;(10, 8);False;1;1059
;(4, 7);Idle;(10, 8);False;1;1060
MoveEast;(5, 7);Idle;(10, 8);False;1;1061
;(5, 7);Idle;(10, 8);False;1;1062
;(5, 7);Idle;(10, 8);False;1;1063
;(5, 7);Idle;(10, 8);False;1;1064
;(5, 7);Idle;(10, 8);False;1;1065
MoveEast;(6, 7);Idle;(10, 8);False;1;1066
;(6, 7);Idle;(10, 8);False;1;1067
;(6, 7);Idle;(10, 8);False;1;1068
;(6, 7);Idle;(10, 8);False;1;1069
;(6, 7);Idle;(10, 8);False;1;1070
;(6, 7);Idle;(10, 8);False;1;1071
;(6, 7);Idle;(10, 8);False;1;1072
;(6, 7);Idle;(10, 8);False;1;1073
;(6, 7);Idle;(10, 8);False;1;1074
;(6, 7);Idle;(10, 8);False;1;1075
MoveSouth;(6, 8);Idle;(10, 8);False;1;1076
;(6, 8);Idle;(10, 8);False;1;1077
;(6, 8);Idle;(10, 8);False;1;1078
;(6, 8);Idle;(10, 8);False;1;1079
MoveSouth;(6, 9);Idle;(10, 8);False;1;1080
;(6, 9);Idle;(10, 8);False;1;1081
;(6, 9);Idle;(10, 8);False;1;1082
;(6, 9);Idle;(10, 8);False;1;1083
;(6, 9);Idle;(10, 8);False;1;1084
;(6, 9);Idle;(10, 8);False;1;1085
;(6, 9);Idle;(10, 8);False;1;1086
;(6, 9);Idle;(10, 8);False;1;1087
MoveSouth;(6, 10);Idle;(10, 8);False;1;1088
;(6, 10);Idle;(10, 8);False;1;1089
;(6, 10);Idle;(10, 8);False;1;1090
;(6, 10);Idle;(10, 8);False;1;1091
;(6, 10);Idle;(10, 8);False;1;1092
;(6, 10);Idle;(10, 8);False;1;1093
;(6, 10);Idle;(10, 8);False;1;1094
;(6, 10);Idle;(10, 8);False;1;1095
;(6, 10);Idle;(10, 8);False;1;1096
;(6, 10);Idle;(10, 8);False;1;1097
GrabObject;(6, 10);Idle;(10, 8);False;1;1098
;(6, 10);Idle;(10, 8);False;1;1099
;(6, 10);Idle;(10, 8);False;1;1100
;(6, 10);Idle;(10, 8);False;1;1101
;(6, 10);Idle;(10, 8);False;1;1102
;(6, 10);Idle;(10, 8);False;1;1103
;(6, 10);;(10, 8);False;1;1104
;(6, 10);MoveWest;(10, 8);False;1;1105
;(6, 10);MoveWest;(10, 8);False;1;1106
;(6, 10);MoveWest;(10, 8);False;1;1107
;(6, 10);MoveWest;(10, 8);False;1;1108
;(6, 10);MoveWest;(10, 8);False;1;1109
;(6, 10);MoveWest;(10, 8);False;1;1110
;(6, 10);MoveWest;(10, 8);False;1;1111
MoveNorth;(6, 9);MoveWest;(10, 8);False;1;1112
;(6, 9);MoveWest;(10, 8);False;1;1113
;(6, 9);MoveWest;(10, 8);False;1;1114
;(6, 9);MoveWest;(9, 8);False;1;1115
MoveNorth;(6, 8);MoveWest;(9, 8);False;1;1116
MoveWest;(5, 8);MoveWest;(9, 8);False;1;1117
;(5, 8);MoveWest;(9, 8);False;1;1118
;(5, 8);MoveWest;(9, 8);False;1;1119
;(5, 8);MoveWest;(9, 8);False;1;1120
;(5, 8);MoveWest;(9, 8);False;1;1121
;(5, 8);MoveWest;(9, 8);False;1;1122
;(5, 8);MoveWest;(9, 8);False;1;1123
;(5, 8);MoveWest;(9, 8);False;1;1124
;(5, 8);MoveWest;(9, 8);False;1;1125
;(5, 8);MoveWest;(8, 8);False;1;1126
;(5, 8);MoveWest;(8, 8);False;1;1127
;(5, 8);MoveWest;(8, 8);False;1;1128
;(5, 8);MoveWest;(8, 8);False;1;1129
;(5, 8);MoveWest;(8, 8);False;1;1130
;(5, 8);MoveWest;(8, 8);False;1;1131
;(5, 8);MoveWest;(8, 8);False;1;1132
;(5, 8);MoveWest;(8, 8);False;1;1133
;(5, 8);MoveWest;(8, 8);False;1;1134
;(5, 8);MoveWest;(8, 8);False;1;1135
;(5, 8);MoveWest;(8, 8);False;1;1136
;(5, 8);MoveWest;(7, 8);False;1;1137
GrabObject;(5, 8);MoveWest;(7, 8);False;1;1138
;(5, 8);MoveWest;(7, 8);False;1;1139
;(5, 8);MoveWest;(7, 8);False;1;1140
;(5, 8);MoveWest;(7, 8);False;1;1141
;(5, 8);MoveWest;(7, 8);False;1;1142
;(5, 8);MoveWest;(7, 8);False;1;1143
;(5, 8);MoveWest;(7, 8);False;1;1144
;(5, 8);MoveWest;(7, 8);False;1;1145
;(5, 8);MoveWest;(7, 8);False;1;1146
;(5, 8);MoveWest;(7, 8);False;1;1147
;(5, 8);MoveWest;(6, 8);False;1;1148
;(5, 8);MoveWest;(6, 8);False;1;1149
;(5, 8);MoveWest;(6, 8);False;1;1150
;(5, 8);MoveWest;(6, 8);False;1;1151
DropObject;(5, 8);MoveWest;(6, 8);False;1;1152
;(5, 8);MoveWest;(6, 8);False;1;1153
;(5, 8);MoveWest;(6, 8);False;1;1154
;(5, 8);MoveWest;(6, 8);False;1;1155
;(5, 8);MoveWest;(6, 8);False;1;1156
;(5, 8);MoveWest;(6, 8);False;1;1157
MoveWest;(4, 8);MoveWest;(6, 8);False;1;1158
;(4, 8);MoveWest;(5, 8);False;1;1159
;(4, 8);MoveNorthWest;(5, 8);False;1;1160
;(4, 8);MoveNorthWest;(5, 8);False;1;1161
;(4, 8);MoveNorthWest;(5, 8);False;1;1162
MoveSouth;(4, 9);MoveNorthWest;(5, 8);False;1;1163
;(4, 9);MoveNorthWest;(5, 8);False;1;1164
;(4, 9);MoveNorthWest;(5, 8);False;1;1165
;(4, 9);MoveNorthWest;(5, 8);False;1;1166
;(4, 9);MoveNorthWest;(5, 8);False;1;1167
;(4, 9);MoveNorthWest;(5, 8);False;1;1168
;(4, 9);MoveNorthWest;(5, 8);False;1;1169
MoveSouth;(4, 10);MoveNorthWest;(4, 7);False;1;1170
;(4, 10);MoveWest;(4, 7);False;1;1171
;(4, 10);MoveWest;(4, 7);False;1;1172
;(4, 10);MoveWest;(4, 7);False;1;1173
;(4, 10);MoveWest;(4, 7);False;1;1174
;(4, 10);MoveWest;(4, 7);False;1;1175
;(4, 10);MoveWest;(4, 7);False;1;1176
;(4, 10);MoveWest;(4, 7);False;1;1177
;(4, 10);MoveWest;(4, 7);False;1;1178
;(4, 10);MoveWest;(4, 7);False;1;1179
;(4, 10);MoveWest;(4, 7);False;1;1180
;(4, 10);MoveWest;(3, 7);False;1;1181
;(4, 10);MoveNorthWest;(3, 7);False;1;1182
;(4, 10);MoveNorthWest;(3, 7);False;1;1183
;(4, 10);MoveNorthWest;(3, 7);False;1;1184
;(4, 10);MoveNorthWest;(3, 7);False;1;1185
;(4, 10);MoveNorthWest;(3, 7);False;1;1186
;(4, 10);MoveNorthWest;(3, 7);False;1;1187
;(4, 10);MoveNorthWest;(3, 7);False;1;1188
;(4, 10);MoveNorthWest;(3, 7);False;1;1189
GrabObject;(4, 10);MoveNorthWest;(3, 7);False;1;1190
;(4, 10);MoveNorthWest;(3, 7);False;1;1191
;(4, 10);MoveNorthWest;(2, 6);False;1;1192
;(4, 10);MoveWest;(2, 6);False;1;1193
;(4, 10);MoveWest;(2, 6);False;1;1194
;(4, 10);MoveWest;(2, 6);False;1;1195
;(4, 10);MoveWest;(2, 6);False;1;1196
;(4, 10);MoveWest;(2, 6);False;1;1197
;(4, 10);MoveWest;(2, 6);False;1;1198
;(4, 10);MoveWest;(2, 6);False;1;1199
;(4, 10);MoveWest;(2, 6);False;1;1200
;(4, 10);MoveWest;(2, 6);False;1;1201
;(4, 10);MoveWest;(2, 6);False;1;1202
;(4, 10);MoveWest;(1, 6);False;1;1203
;(4, 10);DropLargeObject;(1, 6);False;1;1204
MoveNorth;(4, 9);DropLargeObject;(1, 6);False;1;1205
;(4, 9);DropLargeObject;(1, 6);False;1;1206
;(4, 9);DropLargeObject;(1, 6);False;1;1207
;(4, 9);DropLargeObject;(1, 6);False;1;1208
;(4, 9);DropLargeObject;(1, 6);False;1;1209
MoveNorth;(4, 8);DropLargeObject;(1, 6);False;1;1210
;(4, 8);DropLargeObject;(1, 6);False;1;1211
;(4, 8);DropLargeObject;(1, 6);False;1;1212
;(4, 8);DropLargeObject;(1, 6);False;1;1213
MoveEast;(5, 8);DropLargeObject;(1, 6);False;1;1214
;(5, 8);;(1, 6);False;1;1215
;(5, 8);MoveSouthEast;(1, 6);False;1;1216
;(5, 8);MoveSouthEast;(1, 6);False;1;1217
;(5, 8);MoveSouthEast;(1, 6);False;1;1218
;(5, 8);MoveSouthEast;(1, 6);False;1;1219
MoveEast;(6, 8);MoveSouthEast;(1, 6);False;1;1220
;(6, 8);MoveSouthEast;(1, 6);False;1;1221
;(6, 8);MoveSouthEast;(1, 6);False;1;1222
;(6, 8);MoveSouthEast;(1, 6);False;1;1223
;(6, 8);MoveSouthEast;(1, 6);False;1;1224
;(6, 8);MoveSouthEast;(1, 6);False;1;1225
;(6, 8);MoveSouthEast;(2, 7);False;1;1226
;(6, 8);MoveEast;(2, 7);False;1;1227
;(6, 8);MoveEast;(2, 7);False;1;1228
;(6, 8);MoveEast;(2, 7);False;1;1229
;(6, 8);MoveEast;(2, 7);False;1;1230
;(6, 8);MoveEast;(2, 7);False;1;1231
MoveNorth;(6, 7);MoveEast;(2, 7);False;1;1232
;(6, 7);MoveEast;(2, 7);False;1;1233
MoveWest;(5, 7);MoveEast;(2, 7);False;1;1234
;(5, 7);MoveEast;(2, 7);False;1;1235
;(5, 7);MoveEast;(2, 7);False;1;1236
;(5, 7);MoveEast;(3, 7);False;1;1237
;(5, 7);MoveEast;(3, 7);False;1;1238
;(5, 7);MoveEast;(3, 7);False;1;1239
;(5, 7);MoveEast;(3, 7);False;1;1240
;(5, 7);MoveEast;(3, 7);False;1;1241
;(5, 7);MoveEast;(3, 7);False;1;1242
;(5, 7);MoveEast;(3, 7);False;1;1243
;(5, 7);MoveEast;(3, 7);False;1;1244
;(5, 7);MoveEast;(3, 7);False;1;1245
;(5, 7);MoveEast;(3, 7);False;1;1246
DropObject;(5, 7);MoveEast;(3, 7);False;1;1247
;(5, 7);MoveEast;(4, 7);False;1;1248
;(5, 7);MoveSouthEast;(4, 7);False;1;1249
;(5, 7);MoveSouthEast;(4, 7);False;1;1250
;(5, 7);MoveSouthEast;(4, 7);False;1;1251
;(5, 7);MoveSouthEast;(4, 7);False;1;1252
;(5, 7);MoveSouthEast;(4, 7);False;1;1253
;(5, 7);MoveSouthEast;(4, 7);False;1;1254
;(5, 7);MoveSouthEast;(4, 7);False;1;1255
;(5, 7);MoveSouthEast;(4, 7);False;1;1256
;(5, 7);MoveSouthEast;(4, 7);False;1;1257
;(5, 7);MoveSouthEast;(4, 7);False;1;1258
;(5, 7);MoveSouthEast;(5, 8);False;1;1259
;(5, 7);GrabObject;(5, 8);False;1;1260
;(5, 7);GrabObject;(5, 8);False;1;1261
;(5, 7);GrabObject;(5, 8);False;1;1262
;(5, 7);GrabObject;(5, 8);False;1;1263
;(5, 7);GrabObject;(5, 8);False;1;1264
;(5, 7);GrabObject;(5, 8);False;1;1265
;(5, 7);GrabObject;(5, 8);False;1;1266
;(5, 7);GrabObject;(5, 8);False;1;1267
;(5, 7);GrabObject;(5, 8);False;1;1268
MoveWest;(4, 7);GrabObject;(5, 8);False;1;1269
;(4, 7);GrabObject;(5, 8);False;1;1270
;(4, 7);;(5, 8);False;1;1271
;(4, 7);MoveNorthWest;(5, 8);False;1;1272
;(4, 7);MoveNorthWest;(5, 8);False;1;1273
MoveEast;(5, 7);MoveNorthWest;(5, 8);False;1;1274
;(5, 7);MoveNorthWest;(5, 8);False;1;1275
;(5, 7);MoveNorthWest;(5, 8);False;1;1276
;(5, 7);MoveNorthWest;(5, 8);False;1;1277
;(5, 7);MoveNorthWest;(5, 8);False;1;1278
MoveEast;(6, 7);MoveNorthWest;(5, 8);False;1;1279
;(6, 7);MoveNorthWest;(5, 8);False;1;1280
;(6, 7);MoveNorthWest;(5, 8);False;1;1281
;(6, 7);MoveNorthWest;(4, 7);False;1;1282
;(6, 7);Idle;(4, 7);False;1;1283
;(6, 7);Idle;(4, 7);False;1;1284
MoveEast;(7, 7);Idle;(4, 7);False;1;1285
;(7, 7);Idle;(4, 7);False;1;1286
;(7, 7);Idle;(4, 7);False;1;1287
;(7, 7);Idle;(4, 7);False;1;1288
;(7, 7);Idle;(4, 7);False;1;1289
;(7, 7);Idle;(4, 7);False;1;1290
;(7, 7);Idle;(4, 7);False;1;1291
;(7, 7);Idle;(4, 7);False;1;1292
MoveWest;(6, 7);Idle;(4, 7);False;1;1293
;(6, 7);Idle;(4, 7);False;1;1294
;(6, 7);Idle;(4, 7);False;1;1295
;(6, 7);Idle;(4, 7);False;1;1296
;(6, 7);Idle;(4, 7);False;1;1297
;(6, 7);Idle;(4, 7);False;1;1298
MoveSouth;(6, 8);Idle;(4, 7);False;1;1299
;(6, 8);Idle;(4, 7);False;1;1300
;(6, 8);Idle;(4, 7);False;1;1301
;(6, 8);Idle;(4, 7);False;1;1302
;(6, 8);Idle;(4, 7);False;1;1303
;(6, 8);Idle;(4, 7);False;1;1304
;(6, 8);Idle;(4, 7);False;1;1305
;(6, 8);Idle;(4, 7);False;1;1306
;(6, 8);Idle;(4, 7);False;1;1307
;(6, 8);Idle;(4, 7);False;1;1308
MoveWest;(5, 8);Idle;(4, 7);False;1;1309
;(5, 8);Idle;(4, 7);False;1;1310
;(5, 8);Idle;(4, 7);False;1;1311
;(5, 8);Idle;(4, 7);False;1;1312
;(5, 8);Idle;(4, 7);False;1;1313
;(5, 8);Idle;(4, 7);False;1;1314
;(5, 8);Idle;(4, 7);False;1;1315
;(5, 8);Idle;(4, 7);False;1;1316
;(5, 8);Idle;(4, 7);False;1;1317
;(5, 8);Idle;(4, 7);False;1;1318
;(5, 8);Idle;(4, 7);False;1;1319
GrabObject;(5, 8);Idle;(4, 7);False;1;1320
;(5, 8);Idle;(4, 7);False;1;1321
;(5, 8);Idle;(4, 7);False;1;1322
;(5, 8);Idle;(4, 7);False;1;1323
;(5, 8);Idle;(4, 7);False;1;1324
;(5, 8);Idle;(4, 7);False;1;1325
;(5, 8);Idle;(4, 7);False;1;1326
;(5, 8);Idle;(4, 7);False;1;1327
;(5, 8);Idle;(4, 7);False;1;1328
;(5, 8);Idle;(4, 7);False;1;1329
MoveWest;(4, 8);Idle;(4, 7);False;1;1330
;(4, 8);Idle;(4, 7);False;1;1331
;(4, 8);Idle;(4, 7);False;1;1332
MoveWest;(3, 8);Idle;(4, 7);False;1;1333
;(3, 8);Idle;(4, 7);False;1;1334
;(3, 8);Idle;(4, 7);False;1;1335
;(3, 8);Idle;(4, 7);False;1;1336
MoveWest;(2, 8);Idle;(4, 7);False;1;1337
;(2, 8);;(4, 7);False;1;1338
MoveSouth;(2, 9);MoveWest;(4, 7);False;1;1339
;(2, 9);MoveWest;(4, 7);False;1;1340
;(2, 9);MoveWest;(4, 7);False;1;1341
;(2, 9);MoveWest;(4, 7);False;1;1342
;(2, 9);MoveWest;(4, 7);False;1;1343
MoveWest;(1, 9);MoveWest;(4, 7);False;1;1344
;(1, 9);MoveWest;(4, 7);False;1;1345
;(1, 9);MoveWest;(4, 7);False;1;1346
;(1, 9);MoveWest;(4, 7);False;1;1347
;(1, 9);MoveWest;(4, 7);False;1;1348
MoveSouth;(1, 10);MoveWest;(3, 7);False;1;1349
;(1, 10);MoveSouthWest;(3, 7);False;1;1350
;(1, 10);MoveSouthWest;(3, 7);False;1;1351
MoveWest;(0, 10);MoveSouthWest;(3, 7);False;1;1352
;(0, 10);MoveSouthWest;(3, 7);False;1;1353
;(0, 10);MoveSouthWest;(3, 7);False;1;1354
;(0, 10);MoveSouthWest;(3, 7);False;1;1355
;(0, 10);MoveSouthWest;(3, 7);False;1;1356
;(0, 10);MoveSouthWest;(3, 7);False;1;1357
;(0, 10);MoveSouthWest;(3, 7);False;1;1358
;(0, 10);MoveSouthWest;(3, 7);False;1;1359
;(0, 10);MoveSouthWest;(2, 8);False;1;1360
;(0, 10);Idle;(2, 8);False;1;1361
;(0, 10);Idle;(2, 8);False;1;1362
;(0, 10);Idle;(2, 8);False;1;1363
;(0, 10);Idle;(2, 8);False;1;1364
;(0, 10);Idle;(2, 8);False;1;1365
;(0, 10);Idle;(2, 8);False;1;1366
GrabObject;(0, 10);Idle;(2, 8);False;1;1367
;(0, 10);Idle;(2, 8);False;1;1368
;(0, 10);Idle;(2, 8);False;1;1369
;(0, 10);Idle;(2, 8);False;1;1370
;(0, 10);Idle;(2, 8);False;1;1371
;(0, 10);Idle;(2, 8);False;1;1372
;(0, 10);Idle;(2, 8);False;1;1373
;(0, 10);Idle;(2, 8);False;1;1374
;(0, 10);Idle;(2, 8);False;1;1375
;(0, 10);Idle;(2, 8);False;1;1376
;(0, 10);Idle;(2, 8);False;1;1377
DropObject;(0, 10);Idle;(2, 8);False;1;1378
;(0, 10);Idle;(2, 8);False;1;1379
;(0, 10);Idle;(2, 8);False;1;1380
;(0, 10);Idle;(2, 8);False;1;1381
;(0, 10);Idle;(2, 8);False;1;1382
;(0, 10);Idle;(2, 8);False;1;1383
;(0, 10);Idle;(2, 8);False;1;1384
;(0, 10);Idle;(2, 8);False;1;1385
;(0, 10);Idle;(2, 8);False;1;1386
;(0, 10);Idle;(2, 8);False;1;1387
;(0, 10);Idle;(2, 8);False;1;1388
;(0, 10);Idle;(2, 8);False;1;1389
;(0, 10);Idle;(2, 8);False;1;1390
MoveNorth;(0, 9);Idle;(2, 8);False;1;1391
;(0, 9);Idle;(2, 8);False;1;1392
;(0, 9);Idle;(2, 8);False;1;1393
;(0, 9);Idle;(2, 8);False;1;1394
MoveEast;(1, 9);Idle;(2, 8);False;1;1395
;(1, 9);Idle;(2, 8);False;1;1396
;(1, 9);Idle;(2, 8);False;1;1397
;(1, 9);Idle;(2, 8);False;1;1398
;(1, 9);Idle;(2, 8);False;1;1399
MoveEast;(2, 9);Idle;(2, 8);False;1;1400
;(2, 9);Idle;(2, 8);False;1;1401
;(2, 9);Idle;(2, 8);False;1;1402
;(2, 9);Idle;(2, 8);False;1;1403
;(2, 9);Idle;(2, 8);False;1;1404
;(2, 9);Idle;(2, 8);False;1;1405
;(2, 9);Idle;(2, 8);False;1;1406
MoveEast;(3, 9);Idle;(2, 8);False;1;1407
;(3, 9);Idle;(2, 8);False;1;1408
;(3, 9);Idle;(2, 8);False;1;1409
;(3, 9);Idle;(2, 8);False;1;1410
MoveEast;(4, 9);Idle;(2, 8);False;1;1411
;(4, 9);Idle;(2, 8);False;1;1412
;(4, 9);Idle;(2, 8);False;1;1413
;(4, 9);Idle;(2, 8);False;1;1414
MoveEast;(5, 9);Idle;(2, 8);False;1;1415
;(5, 9);;(2, 8);False;1;1416
;(5, 9);MoveNorth;(2, 8);False;1;1417
;(5, 9);MoveNorth;(2, 8);False;1;1418
;(5, 9);MoveNorth;(2, 8);False;1;1419
;(5, 9);MoveNorth;(2, 8);False;1;1420
;(5, 9);MoveNorth;(2, 8);False;1;1421
;(5, 9);MoveNorth;(2, 8);False;1;1422
;(5, 9);MoveNorth;(2, 8);False;1;1423
;(5, 9);MoveNorth;(2, 8);False;1;1424
;(5, 9);MoveNorth;(2, 8);False;1;1425
;(5, 9);MoveNorth;(2, 8);False;1;1426
;(5, 9);MoveNorth;(2, 7);False;1;1427
;(5, 9);MoveNorth;(2, 7);False;1;1428
;(5, 9);MoveNorth;(2, 7);False;1;1429
;(5, 9);MoveNorth;(2, 7);False;1;1430
DropObject;(5, 9);MoveNorth;(2, 7);False;1;1431
;(5, 9);MoveNorth;(2, 7);False;1;1432
;(5, 9);MoveNorth;(2, 7);False;1;1433
;(5, 9);MoveNorth;(2, 7);False;1;1434
;(5, 9);MoveNorth;(2, 7);False;1;1435
;(5, 9);MoveNorth;(2, 7);False;1;1436
;(5, 9);MoveNorth;(2, 7);False;1;1437
;(5, 9);MoveNorth;(2, 6);False;1;1438
;(5, 9);DropObject;(2, 6);False;1;1439
GrabObject;(5, 9);DropObject;(2, 6);False;1;1440
;(5, 9);DropObject;(2, 6);False;1;1441
;(5, 9);DropObject;(2, 6);False;1;1442
;(5, 9);DropObject;(2, 6);False;1;1443
;(5, 9);DropObject;(2, 6);False;1;1444
;(5, 9);DropObject;(2, 6);False;1;1445
;(5, 9);DropObject;(2, 6);False;1;1446
;(5, 9);DropObject;(2, 6);False;1;1447
;(5, 9);DropObject;(2, 6);False;1;1448
MoveNorth;(5, 8);DropObject;(2, 6);False;1;1449
;(5, 8);;(2, 6);False;1;1450
MoveWest;(4, 8);Idle;(2, 6);False;1;1451
;(4, 8);Idle;(2, 6);False;1;1452
;(4, 8);Idle;(2, 6);False;1;1453
;(4, 8);Idle;(2, 6);False;1;1454
;(4, 8);Idle;(2, 6);False;1;1455
MoveWest;(3, 8);Idle;(2, 6);False;1;1456
;(3, 8);Idle;(2, 6);False;1;1457
;(3, 8);Idle;(2, 6);False;1;1458
;(3, 8);Idle;(2, 6);False;1;1459
MoveWest;(2, 8);Idle;(2, 6);False;1;1460
;(2, 8);Idle;(2, 6);False;1;1461
;(2, 8);Idle;(2, 6);False;1;1462
;(2, 8);Idle;(2, 6);False;1;1463
MoveWest;(1, 8);Idle;(2, 6);False;1;1464
;(1, 8);Idle;(2, 6);False;1;1465
;(1, 8);Idle;(2, 6);False;1;1466
;(1, 8);Idle;(2, 6);False;1;1467
MoveWest;(0, 8);Idle;(2, 6);False;1;1468
;(0, 8);Idle;(2, 6);False;1;1469
;(0, 8);Idle;(2, 6);False;1;1470
;(0, 8);Idle;(2, 6);False;1;1471
;(0, 8);Idle;(2, 6);False;1;1472
;(0, 8);Idle;(2, 6);False;1;1473
MoveWest;(0, 8);Idle;(2, 6);False;1;1474
;(0, 8);Idle;(2, 6);False;1;1475
;(0, 8);Idle;(2, 6);False;1;1476
;(0, 8);Idle;(2, 6);False;1;1477
;(0, 8);Idle;(2, 6);False;1;1478
;(0, 8);Idle;(2, 6);False;1;1479
;(0, 8);Idle;(2, 6);False;1;1480
MoveNorth;(0, 7);Idle;(2, 6);False;1;1481
;(0, 7);Idle;(2, 6);False;1;1482
;(0, 7);Idle;(2, 6);False;1;1483
;(0, 7);Idle;(2, 6);False;1;1484
MoveNorth;(0, 6);Idle;(2, 6);False;1;1485
;(0, 6);Idle;(2, 6);False;1;1486
;(0, 6);Idle;(2, 6);False;1;1487
;(0, 6);Idle;(2, 6);False;1;1488
;(0, 6);Idle;(2, 6);False;1;1489
;(0, 6);Idle;(2, 6);False;1;1490
MoveNorth;(0, 5);Idle;(2, 6);False;1;1491
;(0, 5);Idle;(2, 6);False;1;1492
;(0, 5);Idle;(2, 6);False;1;1493
;(0, 5);Idle;(2, 6);False;1;1494
;(0, 5);Idle;(2, 6);False;1;1495
;(0, 5);Idle;(2, 6);False;1;1496
;(0, 5);Idle;(2, 6);False;1;1497
;(0, 5);Idle;(2, 6);False;1;1498
DropObject;(0, 5);Idle;(2, 6);False;1;1499
;(0, 5);Idle;(2, 6);False;1;1500
;(0, 5);Idle;(2, 6);False;1;1501
;(0, 5);Idle;(2, 6);False;1;1502
;(0, 5);Idle;(2, 6);False;1;1503
;(0, 5);Idle;(2, 6);False;1;1504
;(0, 5);Idle;(2, 6);False;1;1505
;(0, 5);;(2, 6);False;1;1506
;(0, 5);Idle;(2, 6);False;1;1507
;(0, 5);Idle;(2, 6);False;1;1508
;(0, 5);Idle;(2, 6);False;1;1509
MoveSouth;(0, 6);Idle;(2, 6);False;1;1510
;(0, 6);Idle;(2, 6);False;1;1511
;(0, 6);Idle;(2, 6);False;1;1512
;(0, 6);Idle;(2, 6);False;1;1513
MoveEast;(1, 6);Idle;(2, 6);False;1;1514
;(1, 6);Idle;(2, 6);False;1;1515
;(1, 6);Idle;(2, 6);False;1;1516
MoveSouth;(1, 7);Idle;(2, 6);False;1;1517
;(1, 7);Idle;(2, 6);False;1;1518
;(1, 7);Idle;(2, 6);False;1;1519
;(1, 7);Idle;(2, 6);False;1;1520
;(1, 7);Idle;(2, 6);False;1;1521
MoveSouth;(1, 8);Idle;(2, 6);False;1;1522
;(1, 8);Idle;(2, 6);False;1;1523
;(1, 8);Idle;(2, 6);False;1;1524
MoveEast;(2, 8);Idle;(2, 6);False;1;1525
;(2, 8);Idle;(2, 6);False;1;1526
;(2, 8);Idle;(2, 6);False;1;1527
;(2, 8);Idle;(2, 6);False;1;1528
MoveSouth;(2, 9);Idle;(2, 6);False;1;1529
;(2, 9);Idle;(2, 6);False;1;1530
;(2, 9);Idle;(2, 6);False;1;1531
;(2, 9);Idle;(2, 6);False;1;1532
MoveEast;(3, 9);Idle;(2, 6);False;1;1533
;(3, 9);Idle;(2, 6);False;1;1534
;(3, 9);Idle;(2, 6);False;1;1535
;(3, 9);Idle;(2, 6);False;1;1536
MoveEast;(4, 9);Idle;(2, 6);False;1;1537
;(4, 9);Idle;(2, 6);False;1;1538
;(4, 9);Idle;(2, 6);False;1;1539
;(4, 9);Idle;(2, 6);False;1;1540
;(4, 9);Idle;(2, 6);False;1;1541
;(4, 9);Idle;(2, 6);False;1;1542
;(4, 9);Idle;(2, 6);False;1;1543
;(4, 9);Idle;(2, 6);False;1;1544
MoveEast;(5, 9);Idle;(2, 6);False;1;1545
;(5, 9);Idle;(2, 6);False;1;1546
;(5, 9);Idle;(2, 6);False;1;1547
MoveSouth;(5, 10);Idle;(2, 6);False;1;1548
;(5, 10);Idle;(2, 6);False;1;1549
;(5, 10);Idle;(2, 6);False;1;1550
;(5, 10);Idle;(2, 6);False;1;1551
;(5, 10);Idle;(2, 6);False;1;1552
;(5, 10);Idle;(2, 6);False;1;1553
;(5, 10);Idle;(2, 6);False;1;1554
;(5, 10);Idle;(2, 6);False;1;1555
;(5, 10);Idle;(2, 6);False;1;1556
;(5, 10);Idle;(2, 6);False;1;1557
;(5, 10);Idle;(2, 6);False;1;1558
DropObject;(5, 10);Idle;(2, 6);False;1;1559
;(5, 10);Idle;(2, 6);False;1;1560
;(5, 10);Idle;(2, 6);False;1;1561
;(5, 10);;(2, 6);False;1;1562
;(5, 10);MoveSouthEast;(2, 6);False;1;1563
;(5, 10);MoveSouthEast;(2, 6);False;1;1564
;(5, 10);MoveSouthEast;(2, 6);False;1;1565
;(5, 10);MoveSouthEast;(2, 6);False;1;1566
;(5, 10);MoveSouthEast;(2, 6);False;1;1567
;(5, 10);MoveSouthEast;(2, 6);False;1;1568
GrabObject;(5, 10);MoveSouthEast;(2, 6);False;1;1569
;(5, 10);MoveSouthEast;(2, 6);False;1;1570
;(5, 10);MoveSouthEast;(2, 6);False;1;1571
;(5, 10);MoveSouthEast;(2, 6);False;1;1572
;(5, 10);MoveSouthEast;(3, 7);False;1;1573
;(5, 10);MoveSouth;(3, 7);False;1;1574
;(5, 10);MoveSouth;(3, 7);False;1;1575
;(5, 10);MoveSouth;(3, 7);False;1;1576
;(5, 10);MoveSouth;(3, 7);False;1;1577
MoveWest;(4, 10);MoveSouth;(3, 7);False;1;1578
MoveNorth;(4, 9);MoveSouth;(3, 7);False;1;1579
;(4, 9);MoveSouth;(3, 7);False;1;1580
;(4, 9);MoveSouth;(3, 7);False;1;1581
;(4, 9);MoveSouth;(3, 7);False;1;1582
;(4, 9);MoveSouth;(3, 7);False;1;1583
MoveWest;(3, 9);MoveSouth;(3, 8);False;1;1584
;(3, 9);MoveSouthEast;(3, 8);False;1;1585
MoveNorth;(3, 8);MoveSouthEast;(3, 8);False;1;1586
;(3, 8);MoveSouthEast;(3, 8);False;1;1587
;(3, 8);MoveSouthEast;(3, 8);False;1;1588
;(3, 8);MoveSouthEast;(3, 8);False;1;1589
MoveWest;(2, 8);MoveSouthEast;(3, 8);False;1;1590
;(2, 8);MoveSouthEast;(3, 8);False;1;1591
;(2, 8);MoveSouthEast;(3, 8);False;1;1592
MoveNorth;(2, 7);MoveSouthEast;(3, 8);False;1;1593
;(2, 7);MoveSouthEast;(3, 8);False;1;1594
;(2, 7);MoveSouthEast;(4, 9);False;1;1595
;(2, 7);MoveSouthEast;(4, 9);False;1;1596
;(2, 7);MoveSouthEast;(4, 9);False;1;1597
MoveWest;(1, 7);MoveSouthEast;(4, 9);False;1;1598
MoveNorth;(1, 6);MoveSouthEast;(4, 9);False;1;1599
;(1, 6);MoveSouthEast;(4, 9);False;1;1600
;(1, 6);MoveSouthEast;(4, 9);False;1;1601
;(1, 6);MoveSouthEast;(4, 9);False;1;1602
MoveWest;(0, 6);MoveSouthEast;(4, 9);False;1;1603
;(0, 6);MoveSouthEast;(4, 9);False;1;1604
;(0, 6);MoveSouthEast;(4, 9);False;1;1605
;(0, 6);MoveSouthEast;(5, 10);False;1;1606
;(0, 6);GrabObject;(5, 10);False;1;1607
;(0, 6);GrabObject;(5, 10);False;1;1608
;(0, 6);GrabObject;(5, 10);False;1;1609
;(0, 6);GrabObject;(5, 10);False;1;1610
;(0, 6);GrabObject;(5, 10);False;1;1611
;(0, 6);GrabObject;(5, 10);False;1;1612
;(0, 6);GrabObject;(5, 10);False;1;1613
MoveNorth;(0, 5);GrabObject;(5, 10);False;1;1614
;(0, 5);GrabObject;(5, 10);False;1;1615
;(0, 5);GrabObject;(5, 10);False;1;1616
;(0, 5);GrabObject;(5, 10);False;1;1617
;(0, 5);;(5, 10);False;1;1618
;(0, 5);MoveNorthWest;(5, 10);False;1;1619
;(0, 5);MoveNorthWest;(5, 10);False;1;1620
;(0, 5);MoveNorthWest;(5, 10);False;1;1621
DropObject;(0, 5);MoveNorthWest;(5, 10);False;1;1622
;(0, 5);MoveNorthWest;(5, 10);False;1;1623
;(0, 5);MoveNorthWest;(5, 10);False;1;1624
;(0, 5);MoveNorthWest;(5, 10);False;1;1625
;(0, 5);MoveNorthWest;(5, 10);False;1;1626
;(0, 5);MoveNorthWest;(5, 10);False;1;1627
;(0, 5);MoveNorthWest;(5, 10);False;1;1628
;(0, 5);MoveNorthWest;(4, 9);False;1;1629
;(0, 5);MoveNorthWest;(4, 9);False;1;1630
;(0, 5);MoveNorthWest;(4, 9);False;1;1631
;(0, 5);MoveNorthWest;(4, 9);False;1;1632
;(0, 5);MoveNorthWest;(4, 9);False;1;1633
;(0, 5);MoveNorthWest;(4, 9);False;1;1634
;(0, 5);MoveNorthWest;(4, 9);False;1;1635
MoveSouth;(0, 6);MoveNorthWest;(4, 9);False;1;1636
;(0, 6);MoveNorthWest;(4, 9);False;1;1637
;(0, 6);MoveNorthWest;(4, 9);False;1;1638
;(0, 6);MoveNorthWest;(4, 9);False;1;1639
;(0, 6);MoveNorthWest;(3, 8);False;1;1640
;(0, 6);MoveNorthWest;(3, 8);False;1;1641
MoveSouth;(0, 7);MoveNorthWest;(3, 8);False;1;1642
;(0, 7);MoveNorthWest;(3, 8);False;1;1643
;(0, 7);MoveNorthWest;(3, 8);False;1;1644
;(0, 7);MoveNorthWest;(3, 8);False;1;1645
;(0, 7);MoveNorthWest;(3, 8);False;1;1646
MoveEast;(1, 7);MoveNorthWest;(3, 8);False;1;1647
;(1, 7);MoveNorthWest;(3, 8);False;1;1648
;(1, 7);MoveNorthWest;(3, 8);False;1;1649
;(1, 7);MoveNorthWest;(3, 8);False;1;1650
MoveNorth;(1, 6);MoveNorthWest;(2, 7);False;1;1651
;(1, 6);MoveNorthWest;(2, 7);False;1;1652
;(1, 6);MoveNorthWest;(2, 7);False;1;1653
;(1, 6);MoveNorthWest;(2, 7);False;1;1654
;(1, 6);MoveNorthWest;(2, 7);False;1;1655
MoveEast;(2, 6);MoveNorthWest;(2, 7);False;1;1656
;(2, 6);MoveNorthWest;(2, 7);False;1;1657
;(2, 6);MoveNorthWest;(2, 7);False;1;1658
;(2, 6);MoveNorthWest;(2, 7);False;1;1659
;(2, 6);MoveNorthWest;(2, 7);False;1;1660
;(2, 6);MoveNorthWest;(2, 7);False;1;1661
;(2, 6);MoveNorthWest;(1, 6);False;1;1662
;(2, 6);MoveNorthWest;(1, 6);False;1;1663
;(2, 6);MoveNorthWest;(1, 6);False;1;1664
MoveEast;(3, 6);MoveNorthWest;(1, 6);False;1;1665
;(3, 6);MoveNorthWest;(1, 6);False;1;1666
;(3, 6);MoveNorthWest;(1, 6);False;1;1667
MoveEast;(4, 6);MoveNorthWest;(1, 6);False;1;1668
;(4, 6);MoveNorthWest;(1, 6);False;1;1669
;(4, 6);MoveNorthWest;(1, 6);False;1;1670
MoveEast;(5, 6);MoveNorthWest;(1, 6);False;1;1671
;(5, 6);MoveNorthWest;(1, 6);False;1;1672
;(5, 6);MoveNorthWest;(0, 5);False;1;1673
;(5, 6);Idle;(0, 5);False;1;1674
;(5, 6);Idle;(0, 5);False;1;1675
;(5, 6);Idle;(0, 5);False;1;1676
MoveEast;(6, 6);Idle;(0, 5);False;1;1677
;(6, 6);Idle;(0, 5);False;1;1678
MoveEast;(7, 6);Idle;(0, 5);False;1;1679
;(7, 6);Idle;(0, 5);False;1;1680
;(7, 6);Idle;(0, 5);False;1;1681
;(7, 6);Idle;(0, 5);False;1;1682
;(7, 6);Idle;(0, 5);False;1;1683
MoveEast;(8, 6);Idle;(0, 5);False;1;1684
MoveNorth;(8, 5);Idle;(0, 5);False;1;1685
;(8, 5);Idle;(0, 5);False;1;1686
;(8, 5);Idle;(0, 5);False;1;1687
;(8, 5);Idle;(0, 5);False;1;1688
MoveEast;(9, 5);Idle;(0, 5);False;1;1689
;(9, 5);Idle;(0, 5);False;1;1690
;(9, 5);Idle;(0, 5);False;1;1691
;(9, 5);Idle;(0, 5);False;1;1692
;(9, 5);Idle;(0, 5);False;1;1693
;(9, 5);Idle;(0, 5);False;1;1694
;(9, 5);Idle;(0, 5);False;1;1695
;(9, 5);Idle;(0, 5);False;1;1696
;(9, 5);Idle;(0, 5);False;1;1697
DropObject;(9, 5);Idle;(0, 5);False;1;1698
;(9, 5);Idle;(0, 5);False;1;1699
;(9, 5);Idle;(0, 5);False;1;1700
;(9, 5);Idle;(0, 5);False;1;1701
;(9, 5);Idle;(0, 5);False;1;1702
;(9, 5);Idle;(0, 5);False;1;1703
;(9, 5);Idle;(0, 5);False;1;1704
GrabObject;(9, 5);Idle;(0, 5);False;1;1705
;(9, 5);Idle;(0, 5);False;1;1706
;(9, 5);Idle;(0, 5);False;1;1707
;(9, 5);Idle;(0, 5);False;1;1708
;(9, 5);Idle;(0, 5);False;1;1709
;(9, 5);Idle;(0, 5);False;1;1710
GrabObject;(9, 5);Idle;(0, 5);False;1;1711
;(9, 5);Idle;(0, 5);False;1;1712
;(9, 5);Idle;(0, 5);False;1;1713
;(9, 5);Idle;(0, 5);False;1;1714
GrabObject;(9, 5);Idle;(0, 5);False;1;1715
;(9, 5);Idle;(0, 5);False;1;1716
;(9, 5);Idle;(0, 5);False;1;1717
;(9, 5);Idle;(0, 5);False;1;1718
GrabObject;(9, 5);Idle;(0, 5);False;1;1719
;(9, 5);Idle;(0, 5);False;1;1720
;(9, 5);Idle;(0, 5);False;1;1721
GrabObject;(9, 5);Idle;(0, 5);False;1;1722
;(9, 5);Idle;(0, 5);False;1;1723
;(9, 5);Idle;(0, 5);False;1;1724
;(9, 5);Idle;(0, 5);False;1;1725
GrabObject;(9, 5);Idle;(0, 5);False;1;1726
;(9, 5);Idle;(0, 5);False;1;1727
;(9, 5);Idle;(0, 5);False;1;1728
;(9, 5);;(0, 5);False;1;1729
GrabObject;(9, 5);MoveEast;(0, 5);False;1;1730
;(9, 5);MoveEast;(0, 5);False;1;1731
;(9, 5);MoveEast;(0, 5);False;1;1732
;(9, 5);MoveEast;(0, 5);False;1;1733
GrabObject;(9, 5);MoveEast;(0, 5);False;1;1734
;(9, 5);MoveEast;(0, 5);False;1;1735
;(9, 5);MoveEast;(0, 5);False;1;1736
;(9, 5);MoveEast;(0, 5);False;1;1737
;(9, 5);MoveEast;(0, 5);False;1;1738
DropObject;(9, 5);MoveEast;(0, 5);False;1;1739
;(9, 5);MoveEast;(1, 5);False;1;1740
;(9, 5);MoveEast;(1, 5);False;1;1741
;(9, 5);MoveEast;(1, 5);False;1;1742
DropObject;(9, 5);MoveEast;(1, 5);False;1;1743
;(9, 5);MoveEast;(1, 5);False;1;1744
;(9, 5);MoveEast;(1, 5);False;1;1745
;(9, 5);MoveEast;(1, 5);False;1;1746
DropObject;(9, 5);MoveEast;(1, 5);False;1;1747
;(9, 5);MoveEast;(1, 5);False;1;1748
;(9, 5);MoveEast;(1, 5);False;1;1749
;(9, 5);MoveEast;(1, 5);False;1;1750
;(9, 5);MoveEast;(2, 5);False;1;1751
;(9, 5);MoveEast;(2, 5);False;1;1752
;(9, 5);MoveEast;(2, 5);False;1;1753
;(9, 5);MoveEast;(2, 5);False;1;1754
;(9, 5);MoveEast;(2, 5);False;1;1755
;(9, 5);MoveEast;(2, 5);False;1;1756
;(9, 5);MoveEast;(2, 5);False;1;1757
;(9, 5);MoveEast;(2, 5);False;1;1758
;(9, 5);MoveEast;(2, 5);False;1;1759
;(9, 5);MoveEast;(2, 5);False;1;1760
;(9, 5);MoveEast;(2, 5);False;1;1761
;(9, 5);MoveEast;(3, 5);False;1;1762
;(9, 5);MoveEast;(3, 5);False;1;1763
;(9, 5);MoveEast;(3, 5);False;1;1764
;(9, 5);MoveEast;(3, 5);False;1;1765
;(9, 5);MoveEast;(3, 5);False;1;1766
;(9, 5);MoveEast;(3, 5);False;1;1767
;(9, 5);MoveEast;(3, 5);False;1;1768
;(9, 5);MoveEast;(3, 5);False;1;1769
;(9, 5);MoveEast;(3, 5);False;1;1770
;(9, 5);MoveEast;(3, 5);False;1;1771
;(9, 5);MoveEast;(3, 5);False;1;1772
;(9, 5);MoveEast;(4, 5);False;1;1773
;(9, 5);MoveSouthEast;(4, 5);False;1;1774
;(9, 5);MoveSouthEast;(4, 5);False;1;1775
;(9, 5);MoveSouthEast;(4, 5);False;1;1776
;(9, 5);MoveSouthEast;(4, 5);False;1;1777
;(9, 5);MoveSouthEast;(4, 5);False;1;1778
;(9, 5);MoveSouthEast;(4, 5);False;1;1779
;(9, 5);MoveSouthEast;(4, 5);False;1;1780
;(9, 5);MoveSouthEast;(4, 5);False;1;1781
;(9, 5);MoveSouthEast;(4, 5);False;1;1782
;(9, 5);MoveSouthEast;(4, 5);False;1;1783
;(9, 5);MoveSouthEast;(5, 6);False;1;1784
;(9, 5);BreakObject;(5, 6);False;1;1785
;(9, 5);BreakObject;(5, 6);False;1;1786
;(9, 5);BreakObject;(5, 6);False;1;1787
;(9, 5);BreakObject;(5, 6);False;1;1788
;(9, 5);BreakObject;(5, 6);False;1;1789
;(9, 5);BreakObject;(5, 6);False;1;1790
;(9, 5);BreakObject;(5, 6);False;1;1791
;(9, 5);BreakObject;(5, 6);False;1;1792
;(9, 5);BreakObject;(5, 6);False;1;1793
;(9, 5);BreakObject;(5, 6);False;1;1794
;(9, 5);BreakObject;(5, 6);False;1;1795
;(9, 5);;(5, 6);False;1;1796
;(9, 5);MoveEast;(5, 6);False;1;1797
;(9, 5);MoveEast;(5, 6);False;1;1798
;(9, 5);MoveEast;(5, 6);False;1;1799
;(9, 5);MoveEast;(5, 6);False;1;1800
;(9, 5);MoveEast;(5, 6);False;1;1801
;(9, 5);MoveEast;(5, 6);False;1;1802
;(9, 5);MoveEast;(5, 6);False;1;1803
;(9, 5);MoveEast;(5, 6);False;1;1804
;(9, 5);MoveEast;(5, 6);False;1;1805
;(9, 5);MoveEast;(5, 6);False;1;1806
;(9, 5);MoveEast;(6, 6);False;1;1807
;(9, 5);MoveEast;(6, 6);False;1;1808
;(9, 5);MoveEast;(6, 6);False;1;1809
;(9, 5);MoveEast;(6, 6);False;1;1810
;(9, 5);MoveEast;(6, 6);False;1;1811
;(9, 5);MoveEast;(6, 6);False;1;1812
;(9, 5);MoveEast;(6, 6);False;1;1813
;(9, 5);MoveEast;(6, 6);False;1;1814
;(9, 5);MoveEast;(6, 6);False;1;1815
;(9, 5);MoveEast;(6, 6);False;1;1816
;(9, 5);MoveEast;(6, 6);False;1;1817
;(9, 5);MoveEast;(7, 6);False;1;1818
;(9, 5);MoveWest;(7, 6);False;1;1819
;(9, 5);MoveWest;(7, 6);False;1;1820
;(9, 5);MoveWest;(7, 6);False;1;1821
;(9, 5);MoveWest;(7, 6);False;1;1822
MoveSouth;(9, 6);MoveWest;(7, 6);False;1;1823
;(9, 6);MoveWest;(7, 6);False;1;1824
;(9, 6);MoveWest;(7, 6);False;1;1825
MoveWest;(8, 6);MoveWest;(7, 6);False;1;1826
;(8, 6);MoveWest;(7, 6);False;1;1827
;(8, 6);MoveWest;(7, 6);False;1;1828
;(8, 6);MoveWest;(6, 6);False;1;1829
MoveSouth;(8, 7);MoveWest;(6, 6);False;1;1830
;(8, 7);MoveWest;(6, 6);False;1;1831
;(8, 7);MoveWest;(6, 6);False;1;1832
;(8, 7);MoveWest;(6, 6);False;1;1833
;(8, 7);MoveWest;(6, 6);False;1;1834
;(8, 7);MoveWest;(6, 6);False;1;1835
;(8, 7);MoveWest;(6, 6);False;1;1836
MoveSouth;(8, 8);MoveWest;(6, 6);False;1;1837
;(8, 8);MoveWest;(6, 6);False;1;1838
;(8, 8);MoveWest;(6, 6);False;1;1839
;(8, 8);MoveWest;(5, 6);False;1;1840
;(8, 8);MoveEast;(5, 6);False;1;1841
MoveSouth;(8, 9);MoveEast;(5, 6);False;1;1842
;(8, 9);MoveEast;(5, 6);False;1;1843
;(8, 9);MoveEast;(5, 6);False;1;1844
MoveSouth;(8, 10);MoveEast;(5, 6);False;1;1845
;(8, 10);MoveEast;(5, 6);False;1;1846
;(8, 10);MoveEast;(5, 6);False;1;1847
;(8, 10);MoveEast;(5, 6);False;1;1848
;(8, 10);MoveEast;(5, 6);False;1;1849
;(8, 10);MoveEast;(5, 6);False;1;1850
;(8, 10);MoveEast;(6, 6);False;1;1851
;(8, 10);MoveEast;(6, 6);False;1;1852
;(8, 10);MoveEast;(6, 6);False;1;1853
;(8, 10);MoveEast;(6, 6);False;1;1854
GrabObject;(8, 10);MoveEast;(6, 6);False;1;1855
;(8, 10);MoveEast;(6, 6);False;1;1856
;(8, 10);MoveEast;(6, 6);False;1;1857
;(8, 10);MoveEast;(6, 6);False;1;1858
;(8, 10);MoveEast;(6, 6);False;1;1859
;(8, 10);MoveEast;(6, 6);False;1;1860
;(8, 10);MoveEast;(6, 6);False;1;1861
;(8, 10);MoveEast;(7, 6);False;1;1862
;(8, 10);MoveWest;(7, 6);False;1;1863
DropObject;(8, 10);MoveWest;(7, 6);False;1;1864
;(8, 10);MoveWest;(7, 6);False;1;1865
;(8, 10);MoveWest;(7, 6);False;1;1866
;(8, 10);MoveWest;(7, 6);False;1;1867
;(8, 10);MoveWest;(7, 6);False;1;1868
;(8, 10);MoveWest;(7, 6);False;1;1869
;(8, 10);MoveWest;(7, 6);False;1;1870
;(8, 10);MoveWest;(7, 6);False;1;1871
;(8, 10);MoveWest;(7, 6);False;1;1872
MoveEast;(9, 10);MoveWest;(6, 6);False;1;1873
;(9, 10);MoveWest;(6, 6);False;1;1874
;(9, 10);MoveWest;(6, 6);False;1;1875
;(9, 10);MoveWest;(6, 6);False;1;1876
;(9, 10);MoveWest;(6, 6);False;1;1877
;(9, 10);MoveWest;(6, 6);False;1;1878
;(9, 10);MoveWest;(6, 6);False;1;1879
;(9, 10);MoveWest;(6, 6);False;1;1880
;(9, 10);MoveWest;(6, 6);False;1;1881
;(9, 10);MoveWest;(6, 6);False;1;1882
;(9, 10);MoveWest;(6, 6);False;1;1883
MoveWest;(8, 10);MoveWest;(5, 6);False;1;1884
;(8, 10);MoveEast;(5, 6);False;1;1885
;(8, 10);MoveEast;(5, 6);False;1;1886
;(8, 10);MoveEast;(5, 6);False;1;1887
;(8, 10);MoveEast;(5, 6);False;1;1888
;(8, 10);MoveEast;(5, 6);False;1;1889
;(8, 10);MoveEast;(5, 6);False;1;1890
;(8, 10);MoveEast;(5, 6);False;1;1891
GrabObject;(8, 10);MoveEast;(5, 6);False;1;1892
;(8, 10);MoveEast;(5, 6);False;1;1893
;(8, 10);MoveEast;(5, 6);False;1;1894
;(8, 10);MoveEast;(6, 6);False;1;1895
;(8, 10);MoveEast;(6, 6);False;1;1896
;(8, 10);MoveEast;(6, 6);False;1;1897
;(8, 10);MoveEast;(6, 6);False;1;1898
;(8, 10);MoveEast;(6, 6);False;1;1899
MoveEast;(9, 10);MoveEast;(6, 6);False;1;1900
;(9, 10);MoveEast;(6, 6);False;1;1901
;(9, 10);MoveEast;(6, 6);False;1;1902
;(9, 10);MoveEast;(6, 6);False;1;1903
MoveEast;(10, 10);MoveEast;(6, 6);False;1;1904
;(10, 10);MoveEast;(6, 6);False;1;1905
;(10, 10);MoveEast;(7, 6);False;1;1906
;(10, 10);MoveWest;(7, 6);False;1;1907
MoveEast;(11, 10);MoveWest;(7, 6);False;1;1908
;(11, 10);MoveWest;(7, 6);False;1;1909
;(11, 10);MoveWest;(7, 6);False;1;1910
;(11, 10);MoveWest;(7, 6);False;1;1911
MoveEast;(12, 10);MoveWest;(7, 6);False;1;1912
;(12, 10);MoveWest;(7, 6);False;1;1913
;(12, 10);MoveWest;(7, 6);False;1;1914
;(12, 10);MoveWest;(7, 6);False;1;1915
MoveEast;(13, 10);MoveWest;(7, 6);False;1;1916
;(13, 10);MoveWest;(6, 6);False;1;1917
;(13, 10);MoveWest;(6, 6);False;1;1918
;(13, 10);MoveWest;(6, 6);False;1;1919
MoveEast;(14, 10);MoveWest;(6, 6);False;1;1920
;(14, 10);MoveWest;(6, 6);False;1;1921
;(14, 10);MoveWest;(6, 6);False;1;1922
;(14, 10);MoveWest;(6, 6);False;1;1923
;(14, 10);MoveWest;(6, 6);False;1;1924
;(14, 10);MoveWest;(6, 6);False;1;1925
;(14, 10);MoveWest;(6, 6);False;1;1926
;(14, 10);MoveWest;(6, 6);False;1;1927
;(14, 10);MoveWest;(5, 6);False;1;1928
;(14, 10);;(5, 6);False;1;1929
;(14, 10);MoveEast;(5, 6);False;1;1930
;(14, 10);MoveEast;(5, 6);False;1;1931
;(14, 10);MoveEast;(5, 6);False;1;1932
MoveNorth;(14, 9);MoveEast;(5, 6);False;1;1933
;(14, 9);MoveEast;(5, 6);False;1;1934
MoveEast;(15, 9);MoveEast;(5, 6);False;1;1935
;(15, 9);MoveEast;(5, 6);False;1;1936
;(15, 9);MoveEast;(5, 6);False;1;1937
;(15, 9);MoveEast;(5, 6);False;1;1938
;(15, 9);MoveEast;(5, 6);False;1;1939
;(15, 9);MoveEast;(6, 6);False;1;1940
;(15, 9);MoveSouthEast;(6, 6);False;1;1941
;(15, 9);MoveSouthEast;(6, 6);False;1;1942
DropObject;(15, 9);MoveSouthEast;(6, 6);False;1;1943
;(15, 9);MoveSouthEast;(6, 6);False;1;1944
;(15, 9);MoveSouthEast;(6, 6);False;1;1945
;(15, 9);MoveSouthEast;(6, 6);False;1;1946
;(15, 9);MoveSouthEast;(6, 6);False;1;1947
;(15, 9);MoveSouthEast;(6, 6);False;1;1948
;(15, 9);MoveSouthEast;(6, 6);False;1;1949
;(15, 9);MoveSouthEast;(6, 6);False;1;1950
;(15, 9);MoveSouthEast;(7, 7);False;1;1951
;(15, 9);MoveEast;(7, 7);False;1;1952
;(15, 9);MoveEast;(7, 7);False;1;1953
MoveWest;(14, 9);MoveEast;(7, 7);False;1;1954
;(14, 9);MoveEast;(7, 7);False;1;1955
;(14, 9);MoveEast;(7, 7);False;1;1956
;(14, 9);MoveEast;(7, 7);False;1;1957
MoveWest;(13, 9);MoveEast;(7, 7);False;1;1958
;(13, 9);MoveEast;(7, 7);False;1;1959
MoveNorth;(13, 8);MoveEast;(7, 7);False;1;1960
;(13, 8);MoveEast;(7, 7);False;1;1961
;(13, 8);MoveEast;(8, 7);False;1;1962
MoveWest;(12, 8);MoveSouthEast;(8, 7);False;1;1963
;(12, 8);MoveSouthEast;(8, 7);False;1;1964
;(12, 8);MoveSouthEast;(8, 7);False;1;1965
;(12, 8);MoveSouthEast;(8, 7);False;1;1966
;(12, 8);MoveSouthEast;(8, 7);False;1;1967
;(12, 8);MoveSouthEast;(8, 7);False;1;1968
;(12, 8);MoveSouthEast;(8, 7);False;1;1969
MoveWest;(11, 8);MoveSouthEast;(8, 7);False;1;1970
;(11, 8);MoveSouthEast;(8, 7);False;1;1971
;(11, 8);MoveSouthEast;(8, 7);False;1;1972
;(11, 8);MoveSouthEast;(9, 8);False;1;1973
;(11, 8);MoveEast;(9, 8);False;1;1974
;(11, 8);MoveEast;(9, 8);False;1;1975
;(11, 8);MoveEast;(9, 8);False;1;1976
;(11, 8);MoveEast;(9, 8);False;1;1977
;(11, 8);MoveEast;(9, 8);False;1;1978
MoveWest;(10, 8);MoveEast;(9, 8);False;1;1979
;(10, 8);MoveEast;(9, 8);False;1;1980
;(10, 8);MoveEast;(9, 8);False;1;1981
;(10, 8);MoveEast;(9, 8);False;1;1982
MoveWest;(9, 8);MoveEast;(9, 8);False;1;1983
;(9, 8);MoveEast;(10, 8);False;1;1984
;(9, 8);MoveSouthEast;(10, 8);False;1;1985
MoveWest;(8, 8);MoveSouthEast;(10, 8);False;1;1986
;(8, 8);MoveSouthEast;(10, 8);False;1;1987
;(8, 8);MoveSouthEast;(10, 8);False;1;1988
;(8, 8);MoveSouthEast;(10, 8);False;1;1989
MoveWest;(7, 8);MoveSouthEast;(10, 8);False;1;1990
;(7, 8);MoveSouthEast;(10, 8);False;1;1991
;(7, 8);MoveSouthEast;(10, 8);False;1;1992
;(7, 8);MoveSouthEast;(10, 8);False;1;1993
;(7, 8);MoveSouthEast;(10, 8);False;1;1994
MoveWest;(6, 8);MoveSouthEast;(11, 9);False;1;1995
;(6, 8);MoveEast;(11, 9);False;1;1996
;(6, 8);MoveEast;(11, 9);False;1;1997
;(6, 8);MoveEast;(11, 9);False;1;1998
;(6, 8);MoveEast;(11, 9);False;1;1999
MoveWest;(5, 8);MoveEast;(11, 9);False;1;2000
;(5, 8);MoveEast;(11, 9);False;1;2001
;(5, 8);MoveEast;(11, 9);False;1;2002
;(5, 8);MoveEast;(11, 9);False;1;2003
MoveSouth;(5, 9);MoveEast;(11, 9);False;1;2004
;(5, 9);MoveEast;(11, 9);False;1;2005
;(5, 9);MoveEast;(12, 9);False;1;2006
;(5, 9);MoveEast;(12, 9);False;1;2007
;(5, 9);MoveEast;(12, 9);False;1;2008
;(5, 9);MoveEast;(12, 9);False;1;2009
;(5, 9);MoveEast;(12, 9);False;1;2010
;(5, 9);MoveEast;(12, 9);False;1;2011
MoveSouth;(5, 10);MoveEast;(12, 9);False;1;2012
;(5, 10);MoveEast;(12, 9);False;1;2013
;(5, 10);MoveEast;(12, 9);False;1;2014
;(5, 10);MoveEast;(12, 9);False;1;2015
;(5, 10);MoveEast;(12, 9);False;1;2016
;(5, 10);MoveEast;(13, 9);False;1;2017
DropObject;(5, 10);MoveSouthEast;(13, 9);False;1;2018
;(5, 10);MoveSouthEast;(13, 9);False;1;2019
;(5, 10);MoveSouthEast;(13, 9);False;1;2020
;(5, 10);MoveSouthEast;(13, 9);False;1;2021
;(5, 10);MoveSouthEast;(13, 9);False;1;2022
;(5, 10);MoveSouthEast;(13, 9);False;1;2023
;(5, 10);MoveSouthEast;(13, 9);False;1;2024
MoveEast;(6, 10);MoveSouthEast;(13, 9);False;1;2025
;(6, 10);MoveSouthEast;(13, 9);False;1;2026
;(6, 10);MoveSouthEast;(13, 9);False;1;2027
;(6, 10);MoveSouthEast;(14, 10);False;1;2028
;(6, 10);Idle;(14, 10);False;1;2029
;(6, 10);Idle;(14, 10);False;1;2030
;(6, 10);Idle;(14, 10);False;1;2031
;(6, 10);Idle;(14, 10);False;1;2032
;(6, 10);Idle;(14, 10);False;1;2033
;(6, 10);Idle;(14, 10);False;1;2034
;(6, 10);Idle;(14, 10);False;1;2035
GrabObject;(6, 10);Idle;(14, 10);False;1;2036
;(6, 10);Idle;(14, 10);False;1;2037
MoveEast;(7, 10);Idle;(14, 10);False;1;2038
;(7, 10);Idle;(14, 10);False;1;2039
;(7, 10);Idle;(14, 10);False;1;2040
;(7, 10);Idle;(14, 10);False;1;2041
;(7, 10);Idle;(14, 10);False;1;2042
MoveNorth;(7, 9);Idle;(14, 10);False;1;2043
;(7, 9);Idle;(14, 10);False;1;2044
;(7, 9);Idle;(14, 10);False;1;2045
;(7, 9);Idle;(14, 10);False;1;2046
MoveEast;(8, 9);Idle;(14, 10);False;1;2047
;(8, 9);Idle;(14, 10);False;1;2048
;(8, 9);Idle;(14, 10);False;1;2049
;(8, 9);Idle;(14, 10);False;1;2050
;(8, 9);Idle;(14, 10);False;1;2051
;(8, 9);Idle;(14, 10);False;1;2052
;(8, 9);Idle;(14, 10);False;1;2053
MoveEast;(9, 9);Idle;(14, 10);False;1;2054
;(9, 9);Idle;(14, 10);False;1;2055
;(9, 9);Idle;(14, 10);False;1;2056
;(9, 9);Idle;(14, 10);False;1;2057
;(9, 9);Idle;(14, 10);False;1;2058
;(9, 9);Idle;(14, 10);False;1;2059
;(9, 9);Idle;(14, 10);False;1;2060
MoveNorth;(9, 8);Idle;(14, 10);False;1;2061
;(9, 8);Idle;(14, 10);False;1;2062
;(9, 8);Idle;(14, 10);False;1;2063
;(9, 8);Idle;(14, 10);False;1;2064
;(9, 8);Idle;(14, 10);False;1;2065
MoveNorth;(9, 7);Idle;(14, 10);False;1;2066
;(9, 7);Idle;(14, 10);False;1;2067
;(9, 7);Idle;(14, 10);False;1;2068
MoveEast;(10, 7);Idle;(14, 10);False;1;2069
;(10, 7);Idle;(14, 10);False;1;2070
;(10, 7);Idle;(14, 10);False;1;2071
;(10, 7);Idle;(14, 10);False;1;2072
MoveEast;(11, 7);Idle;(14, 10);False;1;2073
;(11, 7);Idle;(14, 10);False;1;2074
;(11, 7);Idle;(14, 10);False;1;2075
;(11, 7);Idle;(14, 10);False;1;2076
;(11, 7);Idle;(14, 10);False;1;2077
MoveEast;(12, 7);Idle;(14, 10);False;1;2078
;(12, 7);Idle;(14, 10);False;1;2079
;(12, 7);Idle;(14, 10);False;1;2080
;(12, 7);Idle;(14, 10);False;1;2081
;(12, 7);Idle;(14, 10);False;1;2082
MoveEast;(13, 7);Idle;(14, 10);False;1;2083
;(13, 7);;(14, 10);False;1;2084
;(13, 7);Idle;(14, 10);False;1;2085
;(13, 7);Idle;(14, 10);False;1;2086
MoveEast;(14, 7);Idle;(14, 10);False;1;2087
;(14, 7);Idle;(14, 10);False;1;2088
;(14, 7);Idle;(14, 10);False;1;2089
;(14, 7);Idle;(14, 10);False;1;2090
MoveEast;(15, 7);Idle;(14, 10);False;1;2091
;(15, 7);Idle;(14, 10);False;1;2092
;(15, 7);Idle;(14, 10);False;1;2093
;(15, 7);Idle;(14, 10);False;1;2094
;(15, 7);Idle;(14, 10);False;1;2095
;(15, 7);Idle;(14, 10);False;1;2096
;(15, 7);Idle;(14, 10);False;1;2097
;(15, 7);Idle;(14, 10);False;1;2098
DropObject;(15, 7);Idle;(14, 10);False;1;2099
;(15, 7);Idle;(14, 10);False;1;2100
;(15, 7);Idle;(14, 10);False;1;2101
;(15, 7);Idle;(14, 10);False;1;2102
;(15, 7);Idle;(14, 10);False;1;2103
;(15, 7);Idle;(14, 10);False;1;2104
;(15, 7);Idle;(14, 10);False;1;2105
;(15, 7);Idle;(14, 10);False;1;2106
;(15, 7);Idle;(14, 10);False;1;2107
;(15, 7);Idle;(14, 10);False;1;2108
;(15, 7);Idle;(14, 10);False;1;2109
MoveWest;(14, 7);Idle;(14, 10);False;1;2110
;(14, 7);Idle;(14, 10);False;1;2111
;(14, 7);Idle;(14, 10);False;1;2112
;(14, 7);Idle;(14, 10);False;1;2113
;(14, 7);Idle;(14, 10);False;1;2114
MoveWest;(13, 7);Idle;(14, 10);False;1;2115
;(13, 7);Idle;(14, 10);False;1;2116
;(13, 7);Idle;(14, 10);False;1;2117
MoveSouth;(13, 8);Idle;(14, 10);False;1;2118
;(13, 8);Idle;(14, 10);False;1;2119
;(13, 8);Idle;(14, 10);False;1;2120
;(13, 8);Idle;(14, 10);False;1;2121
;(13, 8);Idle;(14, 10);False;1;2122
MoveWest;(12, 8);Idle;(14, 10);False;1;2123
;(12, 8);Idle;(14, 10);False;1;2124
;(12, 8);Idle;(14, 10);False;1;2125
MoveSouth;(12, 9);Idle;(14, 10);False;1;2126
;(12, 9);Idle;(14, 10);False;1;2127
;(12, 9);Idle;(14, 10);False;1;2128
;(12, 9);Idle;(14, 10);False;1;2129
MoveWest;(11, 9);Idle;(14, 10);False;1;2130
;(11, 9);Idle;(14, 10);False;1;2131
;(11, 9);Idle;(14, 10);False;1;2132
;(11, 9);Idle;(14, 10);False;1;2133
;(11, 9);Idle;(14, 10);False;1;2134
;(11, 9);Idle;(14, 10);False;1;2135
MoveWest;(10, 9);Idle;(14, 10);False;1;2136
;(10, 9);Idle;(14, 10);False;1;2137
;(10, 9);Idle;(14, 10);False;1;2138
;(10, 9);Idle;(14, 10);False;1;2139
;(10, 9);;(14, 10);False;1;2140
;(10, 9);MoveNorthWest;(14, 10);False;1;2141
;(10, 9);MoveNorthWest;(14, 10);False;1;2142
MoveWest;(9, 9);MoveNorthWest;(14, 10);False;1;2143
;(9, 9);MoveNorthWest;(14, 10);False;1;2144
;(9, 9);MoveNorthWest;(14, 10);False;1;2145
MoveWest;(8, 9);MoveNorthWest;(14, 10);False;1;2146
;(8, 9);MoveNorthWest;(14, 10);False;1;2147
;(8, 9);MoveNorthWest;(14, 10);False;1;2148
MoveWest;(7, 9);MoveNorthWest;(14, 10);False;1;2149
;(7, 9);MoveNorthWest;(14, 10);False;1;2150
;(7, 9);MoveNorthWest;(13, 9);False;1;2151
MoveWest;(6, 9);MoveWest;(13, 9);False;1;2152
;(6, 9);MoveWest;(13, 9);False;1;2153
;(6, 9);MoveWest;(13, 9);False;1;2154
MoveWest;(5, 9);MoveWest;(13, 9);False;1;2155
;(5, 9);MoveWest;(13, 9);False;1;2156
;(5, 9);MoveWest;(13, 9);False;1;2157
;(5, 9);MoveWest;(13, 9);False;1;2158
MoveWest;(4, 9);MoveWest;(13, 9);False;1;2159
;(4, 9);MoveWest;(13, 9);False;1;2160
;(4, 9);MoveWest;(13, 9);False;1;2161
;(4, 9);MoveWest;(12, 9);False;1;2162
;(4, 9);MoveNorthWest;(12, 9);False;1;2163
;(4, 9);MoveNorthWest;(12, 9);False;1;2164
MoveSouth;(4, 10);MoveNorthWest;(12, 9);False;1;2165
;(4, 10);MoveNorthWest;(12, 9);False;1;2166
;(4, 10);MoveNorthWest;(12, 9);False;1;2167
;(4, 10);MoveNorthWest;(12, 9);False;1;2168
;(4, 10);MoveNorthWest;(12, 9);False;1;2169
MoveEast;(5, 10);MoveNorthWest;(12, 9);False;1;2170
;(5, 10);MoveNorthWest;(12, 9);False;1;2171
;(5, 10);MoveNorthWest;(12, 9);False;1;2172
;(5, 10);MoveNorthWest;(11, 8);False;1;2173
;(5, 10);MoveNorthWest;(11, 8);False;1;2174
;(5, 10);MoveNorthWest;(11, 8);False;1;2175
;(5, 10);MoveNorthWest;(11, 8);False;1;2176
;(5, 10);MoveNorthWest;(11, 8);False;1;2177
DropObject;(5, 10);MoveNorthWest;(11, 8);False;1;2178
;(5, 10);MoveNorthWest;(11, 8);False;1;2179
;(5, 10);MoveNorthWest;(11, 8);False;1;2180
;(5, 10);MoveNorthWest;(11, 8);False;1;2181
;(5, 10);MoveNorthWest;(11, 8);False;1;2182
;(5, 10);MoveNorthWest;(11, 8);False;1;2183
;(5, 10);MoveNorthWest;(10, 7);False;1;2184
;(5, 10);MoveWest;(10, 7);False;1;2185
;(5, 10);MoveWest;(10, 7);False;1;2186
GrabObject;(5, 10);MoveWest;(10, 7);False;1;2187
;(5, 10);MoveWest;(10, 7);False;1;2188
;(5, 10);MoveWest;(10, 7);False;1;2189
;(5, 10);MoveWest;(10, 7);False;1;2190
;(5, 10);MoveWest;(10, 7);False;1;2191
MoveEast;(6, 10);MoveWest;(10, 7);False;1;2192
;(6, 10);MoveWest;(10, 7);False;1;2193
;(6, 10);MoveWest;(10, 7);False;1;2194
;(6, 10);MoveWest;(9, 7);False;1;2195
MoveEast;(7, 10);MoveNorthWest;(9, 7);False;1;2196
;(7, 10);MoveNorthWest;(9, 7);False;1;2197
;(7, 10);MoveNorthWest;(9, 7);False;1;2198
;(7, 10);MoveNorthWest;(9, 7);False;1;2199
;(7, 10);MoveNorthWest;(9, 7);False;1;2200
MoveEast;(8, 10);MoveNorthWest;(9, 7);False;1;2201
;(8, 10);MoveNorthWest;(9, 7);False;1;2202
;(8, 10);MoveNorthWest;(9, 7);False;1;2203
MoveNorth;(8, 9);MoveNorthWest;(9, 7);False;1;2204
;(8, 9);MoveNorthWest;(9, 7);False;1;2205
;(8, 9);MoveNorthWest;(8, 6);False;1;2206
;(8, 9);MoveWest;(8, 6);False;1;2207
MoveNorth;(8, 8);MoveWest;(8, 6);False;1;2208
;(8, 8);MoveWest;(8, 6);False;1;2209
;(8, 8);MoveWest;(8, 6);False;1;2210
MoveEast;(9, 8);MoveWest;(8, 6);False;1;2211
;(9, 8);MoveWest;(8, 6);False;1;2212
;(9, 8);MoveWest;(8, 6);False;1;2213
MoveEast;(10, 8);MoveWest;(8, 6);False;1;2214
;(10, 8);MoveWest;(8, 6);False;1;2215
;(10, 8);MoveWest;(8, 6);False;1;2216
;(10, 8);MoveWest;(7, 6);False;1;2217
MoveEast;(11, 8);GrabObject;(7, 6);False;1;2218
;(11, 8);GrabObject;(7, 6);False;1;2219
;(11, 8);GrabObject;(7, 6);False;1;2220
;(11, 8);GrabObject;(7, 6);False;1;2221
MoveEast;(12, 8);GrabObject;(7, 6);False;1;2222
;(12, 8);GrabObject;(7, 6);False;1;2223
;(12, 8);GrabObject;(7, 6);False;1;2224
;(12, 8);GrabObject;(7, 6);False;1;2225
MoveEast;(13, 8);GrabObject;(7, 6);False;1;2226
;(13, 8);GrabObject;(7, 6);False;1;2227
;(13, 8);GrabObject;(7, 6);False;1;2228
;(13, 8);;(7, 6);False;1;2229
;(13, 8);MoveEast;(7, 6);False;1;2230
;(13, 8);MoveEast;(7, 6);False;1;2231
MoveNorth;(13, 7);MoveEast;(7, 6);False;1;2232
MoveEast;(14, 7);MoveEast;(7, 6);False;1;2233
;(14, 7);MoveEast;(7, 6);False;1;2234
;(14, 7);MoveEast;(7, 6);False;1;2235
;(14, 7);MoveEast;(7, 6);False;1;2236
;(14, 7);MoveEast;(7, 6);False;1;2237
;(14, 7);MoveEast;(7, 6);False;1;2238
;(14, 7);MoveEast;(7, 6);False;1;2239
MoveEast;(15, 7);MoveEast;(8, 6);False;1;2240
;(15, 7);MoveEast;(8, 6);False;1;2241
;(15, 7);MoveEast;(8, 6);False;1;2242
;(15, 7);MoveEast;(8, 6);False;1;2243
;(15, 7);MoveEast;(8, 6);False;1;2244
;(15, 7);MoveEast;(8, 6);False;1;2245
;(15, 7);MoveEast;(8, 6);False;1;2246
;(15, 7);MoveEast;(8, 6);False;1;2247
;(15, 7);MoveEast;(8, 6);False;1;2248
GrabObject;(15, 7);MoveEast;(8, 6);False;1;2249
;(15, 7);MoveEast;(8, 6);False;1;2250
;(15, 7);MoveEast;(9, 6);False;1;2251
;(15, 7);MoveWest;(9, 6);False;1;2252
;(15, 7);MoveWest;(9, 6);False;1;2253
;(15, 7);MoveWest;(9, 6);False;1;2254
;(15, 7);MoveWest;(9, 6);False;1;2255
;(15, 7);MoveWest;(9, 6);False;1;2256
;(15, 7);MoveWest;(9, 6);False;1;2257
;(15, 7);MoveWest;(9, 6);False;1;2258
DropObject;(15, 7);MoveWest;(9, 6);False;1;2259
;(15, 7);MoveWest;(9, 6);False;1;2260
;(15, 7);MoveWest;(9, 6);False;1;2261
;(15, 7);MoveWest;(8, 6);False;1;2262
;(15, 7);MoveWest;(8, 6);False;1;2263
;(15, 7);MoveWest;(8, 6);False;1;2264
;(15, 7);MoveWest;(8, 6);False;1;2265
;(15, 7);MoveWest;(8, 6);False;1;2266
;(15, 7);MoveWest;(8, 6);False;1;2267
;(15, 7);MoveWest;(8, 6);False;1;2268
;(15, 7);MoveWest;(8, 6);False;1;2269
MoveWest;(14, 7);MoveWest;(8, 6);False;1;2270
;(14, 7);MoveWest;(8, 6);False;1;2271
;(14, 7);MoveWest;(8, 6);False;1;2272
;(14, 7);MoveWest;(7, 6);False;1;2273
;(14, 7);MoveEast;(7, 6);False;1;2274
;(14, 7);MoveEast;(7, 6);False;1;2275
;(14, 7);MoveEast;(7, 6);False;1;2276
;(14, 7);MoveEast;(7, 6);False;1;2277
;(14, 7);MoveEast;(7, 6);False;1;2278
MoveWest;(13, 7);MoveEast;(7, 6);False;1;2279
;(13, 7);MoveEast;(7, 6);False;1;2280
;(13, 7);MoveEast;(7, 6);False;1;2281
;(13, 7);MoveEast;(7, 6);False;1;2282
;(13, 7);MoveEast;(7, 6);False;1;2283
MoveWest;(12, 7);MoveEast;(8, 6);False;1;2284
;(12, 7);MoveEast;(8, 6);False;1;2285
;(12, 7);MoveEast;(8, 6);False;1;2286
;(12, 7);MoveEast;(8, 6);False;1;2287
MoveSouth;(12, 8);MoveEast;(8, 6);False;1;2288
;(12, 8);MoveEast;(8, 6);False;1;2289
;(12, 8);MoveEast;(8, 6);False;1;2290
;(12, 8);MoveEast;(8, 6);False;1;2291
;(12, 8);MoveEast;(8, 6);False;1;2292
;(12, 8);MoveEast;(8, 6);False;1;2293
;(12, 8);MoveEast;(8, 6);False;1;2294
;(12, 8);MoveEast;(9, 6);False;1;2295
;(12, 8);MoveWest;(9, 6);False;1;2296
;(12, 8);MoveWest;(9, 6);False;1;2297
;(12, 8);MoveWest;(9, 6);False;1;2298
;(12, 8);MoveWest;(9, 6);False;1;2299
;(12, 8);MoveWest;(9, 6);False;1;2300
;(12, 8);MoveWest;(9, 6);False;1;2301
;(12, 8);MoveWest;(9, 6);False;1;2302
;(12, 8);MoveWest;(9, 6);False;1;2303
;(12, 8);MoveWest;(9, 6);False;1;2304
;(12, 8);MoveWest;(9, 6);False;1;2305
MoveWest;(11, 8);MoveWest;(8, 6);False;1;2306
;(11, 8);MoveWest;(8, 6);False;1;2307
;(11, 8);MoveWest;(8, 6);False;1;2308
;(11, 8);MoveWest;(8, 6);False;1;2309
;(11, 8);MoveWest;(8, 6);False;1;2310
;(11, 8);MoveWest;(8, 6);False;1;2311
;(11, 8);MoveWest;(8, 6);False;1;2312
;(11, 8);MoveWest;(8, 6);False;1;2313
;(11, 8);MoveWest;(8, 6);False;1;2314
;(11, 8);MoveWest;(8, 6);False;1;2315
;(11, 8);MoveWest;(8, 6);False;1;2316
;(11, 8);MoveWest;(7, 6);False;1;2317
;(11, 8);MoveEast;(7, 6);False;1;2318
MoveSouth;(11, 9);MoveEast;(7, 6);False;1;2319
;(11, 9);MoveEast;(7, 6);False;1;2320
;(11, 9);MoveEast;(7, 6);False;1;2321
;(11, 9);MoveEast;(7, 6);False;1;2322
;(11, 9);MoveEast;(7, 6);False;1;2323
;(11, 9);MoveEast;(7, 6);False;1;2324
;(11, 9);MoveEast;(7, 6);False;1;2325
MoveWest;(10, 9);MoveEast;(7, 6);False;1;2326
;(10, 9);MoveEast;(7, 6);False;1;2327
;(10, 9);MoveEast;(8, 6);False;1;2328
;(10, 9);MoveEast;(8, 6);False;1;2329
;(10, 9);MoveEast;(8, 6);False;1;2330
;(10, 9);MoveEast;(8, 6);False;1;2331
;(10, 9);MoveEast;(8, 6);False;1;2332
;(10, 9);MoveEast;(8, 6);False;1;2333
;(10, 9);MoveEast;(8, 6);False;1;2334
;(10, 9);MoveEast;(8, 6);False;1;2335
;(10, 9);MoveEast;(8, 6);False;1;2336
;(10, 9);MoveEast;(8, 6);False;1;2337
;(10, 9);MoveEast;(8, 6);False;1;2338
;(10, 9);MoveEast;(9, 6);False;1;2339
;(10, 9);MoveWest;(9, 6);False;1;2340
;(10, 9);MoveWest;(9, 6);False;1;2341
;(10, 9);MoveWest;(9, 6);False;1;2342
;(10, 9);MoveWest;(9, 6);False;1;2343
;(10, 9);MoveWest;(9, 6);False;1;2344
;(10, 9);MoveWest;(9, 6);False;1;2345
;(10, 9);MoveWest;(9, 6);False;1;2346
;(10, 9);MoveWest;(9, 6);False;1;2347
;(10, 9);MoveWest;(9, 6);False;1;2348
;(10, 9);MoveWest;(9, 6);False;1;2349
;(10, 9);MoveWest;(8, 6);False;1;2350
;(10, 9);MoveWest;(8, 6);False;1;2351
;(10, 9);MoveWest;(8, 6);False;1;2352
;(10, 9);MoveWest;(8, 6);False;1;2353
;(10, 9);MoveWest;(8, 6);False;1;2354
;(10, 9);MoveWest;(8, 6);False;1;2355
;(10, 9);MoveWest;(8, 6);False;1;2356
;(10, 9);MoveWest;(8, 6);False;1;2357
;(10, 9);MoveWest;(8, 6);False;1;2358
MoveWest;(9, 9);MoveWest;(8, 6);False;1;2359
DropObject;(9, 9);MoveWest;(8, 6);False;1;2360
;(9, 9);MoveWest;(7, 6);False;1;2361
;(9, 9);;(7, 6);False;1;2362
;(9, 9);MoveEast;(7, 6);False;1;2363
;(9, 9);MoveEast;(7, 6);False;1;2364
;(9, 9);MoveEast;(7, 6);False;1;2365
;(9, 9);MoveEast;(7, 6);False;1;2366
;(9, 9);MoveEast;(7, 6);False;1;2367
;(9, 9);MoveEast;(7, 6);False;1;2368
GrabObject;(9, 9);MoveEast;(7, 6);False;1;2369
;(9, 9);MoveEast;(7, 6);False;1;2370
;(9, 9);MoveEast;(7, 6);False;1;2371
;(9, 9);MoveEast;(7, 6);False;1;2372
;(9, 9);MoveEast;(8, 6);False;1;2373
;(9, 9);MoveEast;(8, 6);False;1;2374
;(9, 9);MoveEast;(8, 6);False;1;2375
;(9, 9);MoveEast;(8, 6);False;1;2376
;(9, 9);MoveEast;(8, 6);False;1;2377
;(9, 9);MoveEast;(8, 6);False;1;2378
;(9, 9);MoveEast;(8, 6);False;1;2379
MoveWest;(8, 9);MoveEast;(8, 6);False;1;2380
;(8, 9);MoveEast;(8, 6);False;1;2381
;(8, 9);MoveEast;(8, 6);False;1;2382
;(8, 9);MoveEast;(8, 6);False;1;2383
;(8, 9);MoveEast;(9, 6);False;1;2384
;(8, 9);MoveWest;(9, 6);False;1;2385
;(8, 9);MoveWest;(9, 6);False;1;2386
;(8, 9);MoveWest;(9, 6);False;1;2387
;(8, 9);MoveWest;(9, 6);False;1;2388
MoveNorth;(8, 8);MoveWest;(9, 6);False;1;2389
;(8, 8);MoveWest;(9, 6);False;1;2390
;(8, 8);MoveWest;(9, 6);False;1;2391
;(8, 8);MoveWest;(9, 6);False;1;2392
;(8, 8);MoveWest;(9, 6);False;1;2393
;(8, 8);MoveWest;(9, 6);False;1;2394
;(8, 8);MoveWest;(8, 6);False;1;2395
;(8, 8);MoveWest;(8, 6);False;1;2396
;(8, 8);MoveWest;(8, 6);False;1;2397
;(8, 8);MoveWest;(8, 6);False;1;2398
GrabObject;(8, 8);MoveWest;(8, 6);False;1;2399
;(8, 8);MoveWest;(8, 6);False;1;2400
;(8, 8);MoveWest;(8, 6);False;1;2401
;(8, 8);MoveWest;(8, 6);False;1;2402
DropObject;(8, 8);MoveWest;(8, 6);False;1;2403
;(8, 8);MoveWest;(8, 6);False;1;2404
;(8, 8);MoveWest;(8, 6);False;1;2405
;(8, 8);MoveWest;(7, 6);False;1;2406
GrabObject;(8, 8);MoveEast;(7, 6);False;1;2407
;(8, 8);MoveEast;(7, 6);False;1;2408
;(8, 8);MoveEast;(7, 6);False;1;2409
;(8, 8);MoveEast;(7, 6);False;1;2410
;(8, 8);MoveEast;(7, 6);False;1;2411
;(8, 8);MoveEast;(7, 6);False;1;2412
DropObject;(8, 8);MoveEast;(7, 6);False;1;2413
;(8, 8);MoveEast;(7, 6);False;1;2414
;(8, 8);MoveEast;(7, 6);False;1;2415
GrabObject;(8, 8);MoveEast;(7, 6);False;1;2416
;(8, 8);MoveEast;(8, 6);False;1;2417
;(8, 8);MoveEast;(8, 6);False;1;2418
;(8, 8);MoveEast;(8, 6);False;1;2419
DropObject;(8, 8);MoveEast;(8, 6);False;1;2420
;(8, 8);MoveEast;(8, 6);False;1;2421
GrabObject;(8, 8);MoveEast;(8, 6);False;1;2422
;(8, 8);MoveEast;(8, 6);False;1;2423
;(8, 8);MoveEast;(8, 6);False;1;2424
;(8, 8);MoveEast;(8, 6);False;1;2425
;(8, 8);MoveEast;(8, 6);False;1;2426
;(8, 8);MoveEast;(8, 6);False;1;2427
;(8, 8);MoveEast;(9, 6);False;1;2428
;(8, 8);MoveWest;(9, 6);False;1;2429
;(8, 8);MoveWest;(9, 6);False;1;2430
;(8, 8);MoveWest;(9, 6);False;1;2431
;(8, 8);MoveWest;(9, 6);False;1;2432
;(8, 8);MoveWest;(9, 6);False;1;2433
;(8, 8);MoveWest;(9, 6);False;1;2434
;(8, 8);MoveWest;(9, 6);False;1;2435
;(8, 8);MoveWest;(9, 6);False;1;2436
;(8, 8);MoveWest;(9, 6);False;1;2437
;(8, 8);MoveWest;(9, 6);False;1;2438
;(8, 8);MoveWest;(8, 6);False;1;2439
;(8, 8);MoveWest;(8, 6);False;1;2440
;(8, 8);MoveWest;(8, 6);False;1;2441
;(8, 8);MoveWest;(8, 6);False;1;2442
;(8, 8);MoveWest;(8, 6);False;1;2443
;(8, 8);MoveWest;(8, 6);False;1;2444
;(8, 8);MoveWest;(8, 6);False;1;2445
;(8, 8);MoveWest;(8, 6);False;1;2446
;(8, 8);MoveWest;(8, 6);False;1;2447
;(8, 8);MoveWest;(8, 6);False;1;2448
;(8, 8);MoveWest;(8, 6);False;1;2449
;(8, 8);MoveWest;(7, 6);False;1;2450
;(8, 8);MoveEast;(7, 6);False;1;2451
;(8, 8);MoveEast;(7, 6);False;1;2452
;(8, 8);MoveEast;(7, 6);False;1;2453
;(8, 8);MoveEast;(7, 6);False;1;2454
;(8, 8);MoveEast;(7, 6);False;1;2455
;(8, 8);MoveEast;(7, 6);False;1;2456
;(8, 8);MoveEast;(7, 6);False;1;2457
;(8, 8);MoveEast;(7, 6);False;1;2458
;(8, 8);MoveEast;(7, 6);False;1;2459
;(8, 8);MoveEast;(7, 6);False;1;2460
;(8, 8);MoveEast;(8, 6);False;1;2461
;(8, 8);MoveEast;(8, 6);False;1;2462
;(8, 8);MoveEast;(8, 6);False;1;2463
;(8, 8);MoveEast;(8, 6);False;1;2464
;(8, 8);MoveEast;(8, 6);False;1;2465
;(8, 8);MoveEast;(8, 6);False;1;2466
;(8, 8);MoveEast;(8, 6);False;1;2467
;(8, 8);MoveEast;(8, 6);False;1;2468
;(8, 8);MoveEast;(8, 6);False;1;2469
;(8, 8);MoveEast;(8, 6);False;1;2470
;(8, 8);MoveEast;(8, 6);False;1;2471
;(8, 8);MoveEast;(9, 6);False;1;2472
;(8, 8);MoveWest;(9, 6);False;1;2473
;(8, 8);MoveWest;(9, 6);False;1;2474
;(8, 8);MoveWest;(9, 6);False;1;2475
;(8, 8);MoveWest;(9, 6);False;1;2476
;(8, 8);MoveWest;(9, 6);False;1;2477
;(8, 8);MoveWest;(9, 6);False;1;2478
;(8, 8);MoveWest;(9, 6);False;1;2479
;(8, 8);MoveWest;(9, 6);False;1;2480
;(8, 8);MoveWest;(9, 6);False;1;2481
;(8, 8);MoveWest;(9, 6);False;1;2482
;(8, 8);MoveWest;(8, 6);False;1;2483
;(8, 8);MoveWest;(8, 6);False;1;2484
;(8, 8);MoveWest;(8, 6);False;1;2485
DropObject;(8, 8);MoveWest;(8, 6);False;1;2486
;(8, 8);MoveWest;(8, 6);False;1;2487
;(8, 8);MoveWest;(8, 6);False;1;2488
DropObject;(8, 8);MoveWest;(8, 6);False;1;2489
;(8, 8);MoveWest;(8, 6);False;1;2490
;(8, 8);MoveWest;(8, 6);False;1;2491
;(8, 8);MoveWest;(8, 6);False;1;2492
DropObject;(8, 8);MoveWest;(8, 6);False;1;2493
;(8, 8);MoveWest;(7, 6);False;1;2494
;(8, 8);;(7, 6);False;1;2495
;(8, 8);Idle;(7, 6);False;1;2496
DropObject;(8, 8);Idle;(7, 6);False;1;2497
;(8, 8);Idle;(7, 6);False;1;2498
;(8, 8);Idle;(7, 6);False;1;2499
;(8, 8);Idle;(7, 6);False;1;2500
;(8, 8);Idle;(7, 6);False;1;2501
;(8, 8);Idle;(7, 6);False;1;2502
DropObject;(8, 8);Idle;(7, 6);False;1;2503
;(8, 8);Idle;(7, 6);False;1;2504
;(8, 8);Idle;(7, 6);False;1;2505
;(8, 8);Idle;(7, 6);False;1;2506
;(8, 8);Idle;(7, 6);False;1;2507
;(8, 8);Idle;(7, 6);False;1;2508
;(8, 8);Idle;(7, 6);False;1;2509
;(8, 8);Idle;(7, 6);False;1;2510
;(8, 8);Idle;(7, 6);False;1;2511
;(8, 8);Idle;(7, 6);False;1;2512
;(8, 8);Idle;(7, 6);False;1;2513
;(8, 8);Idle;(7, 6);False;1;2514
;(8, 8);Idle;(7, 6);False;1;2515
;(8, 8);Idle;(7, 6);False;1;2516
;(8, 8);Idle;(7, 6);False;1;2517
;(8, 8);Idle;(7, 6);False;1;2518
;(8, 8);Idle;(7, 6);False;1;2519
;(8, 8);Idle;(7, 6);False;1;2520
;(8, 8);Idle;(7, 6);False;1;2521
;(8, 8);Idle;(7, 6);False;1;2522
;(8, 8);Idle;(7, 6);False;1;2523
;(8, 8);Idle;(7, 6);False;1;2524
MoveWest;(7, 8);Idle;(7, 6);False;1;2525
;(7, 8);Idle;(7, 6);False;1;2526
;(7, 8);Idle;(7, 6);False;1;2527
;(7, 8);Idle;(7, 6);False;1;2528
;(7, 8);Idle;(7, 6);False;1;2529
;(7, 8);Idle;(7, 6);False;1;2530
;(7, 8);Idle;(7, 6);False;1;2531
;(7, 8);Idle;(7, 6);False;1;2532
;(7, 8);Idle;(7, 6);False;1;2533
;(7, 8);Idle;(7, 6);False;1;2534
;(7, 8);Idle;(7, 6);False;1;2535
;(7, 8);Idle;(7, 6);False;1;2536
;(7, 8);Idle;(7, 6);False;1;2537
;(7, 8);Idle;(7, 6);False;1;2538
;(7, 8);Idle;(7, 6);False;1;2539
;(7, 8);Idle;(7, 6);False;1;2540
;(7, 8);Idle;(7, 6);False;1;2541
;(7, 8);Idle;(7, 6);False;1;2542
;(7, 8);Idle;(7, 6);False;1;2543
MoveEast;(8, 8);Idle;(7, 6);False;1;2544
;(8, 8);Idle;(7, 6);False;1;2545
;(8, 8);Idle;(7, 6);False;1;2546
;(8, 8);Idle;(7, 6);False;1;2547
;(8, 8);Idle;(7, 6);False;1;2548
;(8, 8);Idle;(7, 6);False;1;2549
;(8, 8);Idle;(7, 6);False;1;2550
;(8, 8);;(7, 6);False;1;2551
;(8, 8);Idle;(7, 6);False;1;2552
;(8, 8);Idle;(7, 6);False;1;2553
;(8, 8);Idle;(7, 6);False;1;2554
;(8, 8);Idle;(7, 6);False;1;2555
;(8, 8);Idle;(7, 6);False;1;2556
;(8, 8);Idle;(7, 6);False;1;2557
MoveEast;(9, 8);Idle;(7, 6);False;1;2558
;(9, 8);Idle;(7, 6);False;1;2559
;(9, 8);Idle;(7, 6);False;1;2560
;(9, 8);Idle;(7, 6);False;1;2561
;(9, 8);Idle;(7, 6);False;1;2562
;(9, 8);Idle;(7, 6);False;1;2563
;(9, 8);Idle;(7, 6);False;1;2564
;(9, 8);Idle;(7, 6);False;1;2565
;(9, 8);Idle;(7, 6);False;1;2566
;(9, 8);Idle;(7, 6);False;1;2567
;(9, 8);Idle;(7, 6);False;1;2568
;(9, 8);Idle;(7, 6);False;1;2569
;(9, 8);Idle;(7, 6);False;1;2570
;(9, 8);Idle;(7, 6);False;1;2571
;(9, 8);Idle;(7, 6);False;1;2572
;(9, 8);Idle;(7, 6);False;1;2573
;(9, 8);Idle;(7, 6);False;1;2574
;(9, 8);Idle;(7, 6);False;1;2575
;(9, 8);Idle;(7, 6);False;1;2576
;(9, 8);Idle;(7, 6);False;1;2577
;(9, 8);Idle;(7, 6);False;1;2578
;(9, 8);Idle;(7, 6);False;1;2579
;(9, 8);Idle;(7, 6);False;1;2580
;(9, 8);Idle;(7, 6);False;1;2581
;(9, 8);Idle;(7, 6);False;1;2582
;(9, 8);Idle;(7, 6);False;1;2583
;(9, 8);Idle;(7, 6);False;1;2584
;(9, 8);Idle;(7, 6);False;1;2585
;(9, 8);Idle;(7, 6);False;1;2586
;(9, 8);Idle;(7, 6);False;1;2587
;(9, 8);Idle;(7, 6);False;1;2588
;(9, 8);Idle;(7, 6);False;1;2589
;(9, 8);Idle;(7, 6);False;1;2590
;(9, 8);Idle;(7, 6);False;1;2591
;(9, 8);Idle;(7, 6);False;1;2592
;(9, 8);Idle;(7, 6);False;1;2593
;(9, 8);Idle;(7, 6);False;1;2594
;(9, 8);Idle;(7, 6);False;1;2595
;(9, 8);Idle;(7, 6);False;1;2596
;(9, 8);Idle;(7, 6);False;1;2597
;(9, 8);Idle;(7, 6);False;1;2598
;(9, 8);Idle;(7, 6);False;1;2599
;(9, 8);Idle;(7, 6);False;1;2600
;(9, 8);Idle;(7, 6);False;1;2601
;(9, 8);Idle;(7, 6);False;1;2602
;(9, 8);Idle;(7, 6);False;1;2603
;(9, 8);Idle;(7, 6);False;1;2604
;(9, 8);Idle;(7, 6);False;1;2605
;(9, 8);Idle;(7, 6);False;1;2606
;(9, 8);;(7, 6);False;1;2607
;(9, 8);MoveEast;(7, 6);False;1;2608
;(9, 8);MoveEast;(7, 6);False;1;2609
;(9, 8);MoveEast;(7, 6);False;1;2610
;(9, 8);MoveEast;(7, 6);False;1;2611
;(9, 8);MoveEast;(7, 6);False;1;2612
;(9, 8);MoveEast;(7, 6);False;1;2613
;(9, 8);MoveEast;(7, 6);False;1;2614
;(9, 8);MoveEast;(7, 6);False;1;2615
;(9, 8);MoveEast;(7, 6);False;1;2616
;(9, 8);MoveEast;(7, 6);False;1;2617
;(9, 8);MoveEast;(8, 6);False;1;2618
;(9, 8);MoveEast;(8, 6);False;1;2619
;(9, 8);MoveEast;(8, 6);False;1;2620
;(9, 8);MoveEast;(8, 6);False;1;2621
;(9, 8);MoveEast;(8, 6);False;1;2622
;(9, 8);MoveEast;(8, 6);False;1;2623
;(9, 8);MoveEast;(8, 6);False;1;2624
;(9, 8);MoveEast;(8, 6);False;1;2625
;(9, 8);MoveEast;(8, 6);False;1;2626
;(9, 8);MoveEast;(8, 6);False;1;2627
;(9, 8);MoveEast;(8, 6);False;1;2628
;(9, 8);MoveEast;(9, 6);False;1;2629
;(9, 8);MoveWest;(9, 6);False;1;2630
;(9, 8);MoveWest;(9, 6);False;1;2631
;(9, 8);MoveWest;(9, 6);False;1;2632
;(9, 8);MoveWest;(9, 6);False;1;2633
;(9, 8);MoveWest;(9, 6);False;1;2634
;(9, 8);MoveWest;(9, 6);False;1;2635
;(9, 8);MoveWest;(9, 6);False;1;2636
;(9, 8);MoveWest;(9, 6);False;1;2637
;(9, 8);MoveWest;(9, 6);False;1;2638
;(9, 8);MoveWest;(9, 6);False;1;2639
;(9, 8);MoveWest;(8, 6);False;1;2640
;(9, 8);MoveWest;(8, 6);False;1;2641
;(9, 8);MoveWest;(8, 6);False;1;2642
;(9, 8);MoveWest;(8, 6);False;1;2643
;(9, 8);MoveWest;(8, 6);False;1;2644
;(9, 8);MoveWest;(8, 6);False;1;2645
;(9, 8);MoveWest;(8, 6);False;1;2646
;(9, 8);MoveWest;(8, 6);False;1;2647
;(9, 8);MoveWest;(8, 6);False;1;2648
;(9, 8);MoveWest;(8, 6);False;1;2649
;(9, 8);MoveWest;(8, 6);False;1;2650
;(9, 8);MoveWest;(7, 6);False;1;2651
;(9, 8);MoveEast;(7, 6);False;1;2652
;(9, 8);MoveEast;(7, 6);False;1;2653
;(9, 8);MoveEast;(7, 6);False;1;2654
;(9, 8);MoveEast;(7, 6);False;1;2655
;(9, 8);MoveEast;(7, 6);False;1;2656
;(9, 8);MoveEast;(7, 6);False;1;2657
;(9, 8);MoveEast;(7, 6);False;1;2658
;(9, 8);MoveEast;(7, 6);False;1;2659
;(9, 8);MoveEast;(7, 6);False;1;2660
;(9, 8);MoveEast;(7, 6);False;1;2661
;(9, 8);MoveEast;(8, 6);False;1;2662
;(9, 8);MoveEast;(8, 6);False;1;2663
;(9, 8);MoveEast;(8, 6);False;1;2664
;(9, 8);MoveEast;(8, 6);False;1;2665
;(9, 8);MoveEast;(8, 6);False;1;2666
;(9, 8);MoveEast;(8, 6);False;1;2667
;(9, 8);MoveEast;(8, 6);False;1;2668
;(9, 8);MoveEast;(8, 6);False;1;2669
;(9, 8);MoveEast;(8, 6);False;1;2670
;(9, 8);MoveEast;(8, 6);False;1;2671
;(9, 8);MoveEast;(8, 6);False;1;2672
;(9, 8);MoveEast;(9, 6);False;1;2673
;(9, 8);MoveWest;(9, 6);False;1;2674
;(9, 8);MoveWest;(9, 6);False;1;2675
;(9, 8);MoveWest;(9, 6);False;1;2676
;(9, 8);MoveWest;(9, 6);False;1;2677
;(9, 8);MoveWest;(9, 6);False;1;2678
;(9, 8);MoveWest;(9, 6);False;1;2679
;(9, 8);MoveWest;(9, 6);False;1;2680
;(9, 8);MoveWest;(9, 6);False;1;2681
;(9, 8);MoveWest;(9, 6);False;1;2682
;(9, 8);MoveWest;(9, 6);False;1;2683
;(9, 8);MoveWest;(8, 6);False;1;2684
;(9, 8);MoveWest;(8, 6);False;1;2685
;(9, 8);MoveWest;(8, 6);False;1;2686
;(9, 8);MoveWest;(8, 6);False;1;2687
;(9, 8);MoveWest;(8, 6);False;1;2688
;(9, 8);MoveWest;(8, 6);False;1;2689
;(9, 8);MoveWest;(8, 6);False;1;2690
;(9, 8);MoveWest;(8, 6);False;1;2691
;(9, 8);MoveWest;(8, 6);False;1;2692
;(9, 8);MoveWest;(8, 6);False;1;2693
;(9, 8);MoveWest;(8, 6);False;1;2694
;(9, 8);MoveWest;(7, 6);False;1;2695
;(9, 8);MoveEast;(7, 6);False;1;2696
;(9, 8);MoveEast;(7, 6);False;1;2697
;(9, 8);MoveEast;(7, 6);False;1;2698
;(9, 8);MoveEast;(7, 6);False;1;2699
;(9, 8);MoveEast;(7, 6);False;1;2700
;(9, 8);MoveEast;(7, 6);False;1;2701
;(9, 8);MoveEast;(7, 6);False;1;2702
;(9, 8);MoveEast;(7, 6);False;1;2703
;(9, 8);MoveEast;(7, 6);False;1;2704
;(9, 8);MoveEast;(7, 6);False;1;2705
;(9, 8);MoveEast;(8, 6);False;1;2706
;(9, 8);MoveEast;(8, 6);False;1;2707
;(9, 8);MoveEast;(8, 6);False;1;2708
;(9, 8);MoveEast;(8, 6);False;1;2709
;(9, 8);MoveEast;(8, 6);False;1;2710
;(9, 8);MoveEast;(8, 6);False;1;2711
;(9, 8);MoveEast;(8, 6);False;1;2712
;(9, 8);MoveEast;(8, 6);False;1;2713
;(9, 8);MoveEast;(8, 6);False;1;2714
;(9, 8);MoveEast;(8, 6);False;1;2715
;(9, 8);MoveEast;(8, 6);False;1;2716
;(9, 8);MoveEast;(9, 6);False;1;2717
;(9, 8);MoveWest;(9, 6);False;1;2718
;(9, 8);MoveWest;(9, 6);False;1;2719
;(9, 8);MoveWest;(9, 6);False;1;2720
;(9, 8);MoveWest;(9, 6);False;1;2721
;(9, 8);MoveWest;(9, 6);False;1;2722
;(9, 8);MoveWest;(9, 6);False;1;2723
;(9, 8);MoveWest;(9, 6);False;1;2724
;(9, 8);MoveWest;(9, 6);False;1;2725
;(9, 8);MoveWest;(9, 6);False;1;2726
;(9, 8);MoveWest;(9, 6);False;1;2727
;(9, 8);MoveWest;(8, 6);False;1;2728
;(9, 8);MoveWest;(8, 6);False;1;2729
;(9, 8);MoveWest;(8, 6);False;1;2730
;(9, 8);MoveWest;(8, 6);False;1;2731
;(9, 8);MoveWest;(8, 6);False;1;2732
;(9, 8);MoveWest;(8, 6);False;1;2733
;(9, 8);MoveWest;(8, 6);False;1;2734
;(9, 8);MoveWest;(8, 6);False;1;2735
;(9, 8);MoveWest;(8, 6);False;1;2736
;(9, 8);MoveWest;(8, 6);False;1;2737
;(9, 8);MoveWest;(8, 6);False;1;2738
;(9, 8);MoveWest;(7, 6);False;1;2739
;(9, 8);;(7, 6);False;1;2740
;(9, 8);;(7, 6);False;1;2741
;(9, 8);MoveWest;(7, 6);False;1;2742
;(9, 8);MoveWest;(7, 6);False;1;2743
;(9, 8);MoveWest;(7, 6);False;1;2744
;(9, 8);MoveWest;(7, 6);False;1;2745
;(9, 8);MoveWest;(7, 6);False;1;2746
;(9, 8);MoveWest;(7, 6);False;1;2747
;(9, 8);MoveWest;(7, 6);False;1;2748
;(9, 8);MoveWest;(7, 6);False;1;2749
;(9, 8);MoveWest;(7, 6);False;1;2750
;(9, 8);MoveWest;(7, 6);False;1;2751
;(9, 8);MoveWest;(6, 6);False;1;2752
;(9, 8);MoveWest;(6, 6);False;1;2753
;(9, 8);MoveWest;(6, 6);False;1;2754
;(9, 8);MoveWest;(6, 6);False;1;2755
;(9, 8);MoveWest;(6, 6);False;1;2756
;(9, 8);MoveWest;(6, 6);False;1;2757
;(9, 8);MoveWest;(6, 6);False;1;2758
;(9, 8);MoveWest;(6, 6);False;1;2759
;(9, 8);MoveWest;(6, 6);False;1;2760
;(9, 8);MoveWest;(6, 6);False;1;2761
;(9, 8);MoveWest;(6, 6);False;1;2762
;(9, 8);MoveWest;(5, 6);False;1;2763
;(9, 8);MoveWest;(5, 6);False;1;2764
;(9, 8);MoveWest;(5, 6);False;1;2765
;(9, 8);MoveWest;(5, 6);False;1;2766
;(9, 8);MoveWest;(5, 6);False;1;2767
;(9, 8);MoveWest;(5, 6);False;1;2768
;(9, 8);MoveWest;(5, 6);False;1;2769
;(9, 8);MoveWest;(5, 6);False;1;2770
;(9, 8);MoveWest;(5, 6);False;1;2771
;(9, 8);MoveWest;(5, 6);False;1;2772
;(9, 8);MoveWest;(5, 6);False;1;2773
;(9, 8);MoveWest;(4, 6);False;1;2774
;(9, 8);MoveNorthWest;(4, 6);False;1;2775
;(9, 8);MoveNorthWest;(4, 6);False;1;2776
;(9, 8);MoveNorthWest;(4, 6);False;1;2777
;(9, 8);MoveNorthWest;(4, 6);False;1;2778
;(9, 8);MoveNorthWest;(4, 6);False;1;2779
;(9, 8);MoveNorthWest;(4, 6);False;1;2780
;(9, 8);MoveNorthWest;(4, 6);False;1;2781
;(9, 8);MoveNorthWest;(4, 6);False;1;2782
;(9, 8);MoveNorthWest;(4, 6);False;1;2783
;(9, 8);MoveNorthWest;(4, 6);False;1;2784
;(9, 8);MoveNorthWest;(3, 5);False;1;2785
;(9, 8);MoveWest;(3, 5);False;1;2786
;(9, 8);MoveWest;(3, 5);False;1;2787
;(9, 8);MoveWest;(3, 5);False;1;2788
;(9, 8);MoveWest;(3, 5);False;1;2789
;(9, 8);MoveWest;(3, 5);False;1;2790
;(9, 8);MoveWest;(3, 5);False;1;2791
;(9, 8);MoveWest;(3, 5);False;1;2792
;(9, 8);MoveWest;(3, 5);False;1;2793
;(9, 8);MoveWest;(3, 5);False;1;2794
;(9, 8);MoveWest;(3, 5);False;1;2795
;(9, 8);MoveWest;(2, 5);False;1;2796
;(9, 8);MoveNorthWest;(2, 5);False;1;2797
;(9, 8);MoveNorthWest;(2, 5);False;1;2798
;(9, 8);MoveNorthWest;(2, 5);False;1;2799
;(9, 8);MoveNorthWest;(2, 5);False;1;2800
;(9, 8);MoveNorthWest;(2, 5);False;1;2801
;(9, 8);MoveNorthWest;(2, 5);False;1;2802
;(9, 8);MoveNorthWest;(2, 5);False;1;2803
;(9, 8);MoveNorthWest;(2, 5);False;1;2804
;(9, 8);MoveNorthWest;(2, 5);False;1;2805
;(9, 8);MoveNorthWest;(2, 5);False;1;2806
;(9, 8);MoveNorthWest;(1, 4);False;1;2807
;(9, 8);MoveWest;(1, 4);False;1;2808
;(9, 8);MoveWest;(1, 4);False;1;2809
;(9, 8);MoveWest;(1, 4);False;1;2810
;(9, 8);MoveWest;(1, 4);False;1;2811
;(9, 8);MoveWest;(1, 4);False;1;2812
;(9, 8);MoveWest;(1, 4);False;1;2813
;(9, 8);MoveWest;(1, 4);False;1;2814
;(9, 8);MoveWest;(1, 4);False;1;2815
;(9, 8);MoveWest;(1, 4);False;1;2816
;(9, 8);MoveWest;(1, 4);False;1;2817
;(9, 8);MoveWest;(0, 4);False;1;2818
;(9, 8);DropObject;(0, 4);False;1;2819
;(9, 8);DropObject;(0, 4);False;1;2820
;(9, 8);DropObject;(0, 4);False;1;2821
;(9, 8);DropObject;(0, 4);False;1;2822
;(9, 8);DropObject;(0, 4);False;1;2823
;(9, 8);DropObject;(0, 4);False;1;2824
;(9, 8);DropObject;(0, 4);False;1;2825
;(9, 8);DropObject;(0, 4);False;1;2826
;(9, 8);DropObject;(0, 4);False;1;2827
;(9, 8);DropObject;(0, 4);False;1;2828
;(9, 8);DropObject;(0, 4);False;1;2829
;(9, 8);;(0, 4);False;1;2830
;(9, 8);MoveEast;(0, 4);False;1;2831
;(9, 8);MoveEast;(0, 4);False;1;2832
;(9, 8);MoveEast;(0, 4);False;1;2833
;(9, 8);MoveEast;(0, 4);False;1;2834
;(9, 8);MoveEast;(0, 4);False;1;2835
;(9, 8);MoveEast;(0, 4);False;1;2836
;(9, 8);MoveEast;(0, 4);False;1;2837
;(9, 8);MoveEast;(0, 4);False;1;2838
;(9, 8);MoveEast;(0, 4);False;1;2839
;(9, 8);MoveEast;(0, 4);False;1;2840
;(9, 8);MoveEast;(1, 4);False;1;2841
;(9, 8);MoveSouthEast;(1, 4);False;1;2842
;(9, 8);MoveSouthEast;(1, 4);False;1;2843
;(9, 8);MoveSouthEast;(1, 4);False;1;2844
;(9, 8);MoveSouthEast;(1, 4);False;1;2845
;(9, 8);MoveSouthEast;(1, 4);False;1;2846
;(9, 8);MoveSouthEast;(1, 4);False;1;2847
;(9, 8);MoveSouthEast;(1, 4);False;1;2848
;(9, 8);MoveSouthEast;(1, 4);False;1;2849
;(9, 8);MoveSouthEast;(1, 4);False;1;2850
;(9, 8);MoveSouthEast;(1, 4);False;1;2851
;(9, 8);MoveSouthEast;(2, 5);False;1;2852
;(9, 8);MoveEast;(2, 5);False;1;2853
;(9, 8);MoveEast;(2, 5);False;1;2854
;(9, 8);MoveEast;(2, 5);False;1;2855
;(9, 8);MoveEast;(2, 5);False;1;2856
;(9, 8);MoveEast;(2, 5);False;1;2857
;(9, 8);MoveEast;(2, 5);False;1;2858
;(9, 8);MoveEast;(2, 5);False;1;2859
;(9, 8);MoveEast;(2, 5);False;1;2860
;(9, 8);MoveEast;(2, 5);False;1;2861
;(9, 8);MoveEast;(2, 5);False;1;2862
;(9, 8);MoveEast;(3, 5);False;1;2863
;(9, 8);MoveSouthEast;(3, 5);False;1;2864
;(9, 8);MoveSouthEast;(3, 5);False;1;2865
;(9, 8);MoveSouthEast;(3, 5);False;1;2866
;(9, 8);MoveSouthEast;(3, 5);False;1;2867
;(9, 8);MoveSouthEast;(3, 5);False;1;2868
;(9, 8);MoveSouthEast;(3, 5);False;1;2869
;(9, 8);MoveSouthEast;(3, 5);False;1;2870
;(9, 8);MoveSouthEast;(3, 5);False;1;2871
;(9, 8);MoveSouthEast;(3, 5);False;1;2872
;(9, 8);MoveSouthEast;(3, 5);False;1;2873
;(9, 8);MoveSouthEast;(4, 6);False;1;2874
;(9, 8);MoveEast;(4, 6);False;1;2875
;(9, 8);MoveEast;(4, 6);False;1;2876
;(9, 8);MoveEast;(4, 6);False;1;2877
;(9, 8);MoveEast;(4, 6);False;1;2878
;(9, 8);MoveEast;(4, 6);False;1;2879
;(9, 8);MoveEast;(4, 6);False;1;2880
;(9, 8);MoveEast;(4, 6);False;1;2881
;(9, 8);MoveEast;(4, 6);False;1;2882
;(9, 8);MoveEast;(4, 6);False;1;2883
;(9, 8);MoveEast;(4, 6);False;1;2884
;(9, 8);MoveEast;(5, 6);False;1;2885
;(9, 8);MoveSouthEast;(5, 6);False;1;2886
;(9, 8);MoveSouthEast;(5, 6);False;1;2887
;(9, 8);MoveSouthEast;(5, 6);False;1;2888
;(9, 8);MoveSouthEast;(5, 6);False;1;2889
;(9, 8);MoveSouthEast;(5, 6);False;1;2890
;(9, 8);MoveSouthEast;(5, 6);False;1;2891
;(9, 8);MoveSouthEast;(5, 6);False;1;2892
;(9, 8);MoveSouthEast;(5, 6);False;1;2893
;(9, 8);MoveSouthEast;(5, 6);False;1;2894
;(9, 8);MoveSouthEast;(5, 6);False;1;2895
;(9, 8);MoveSouthEast;(6, 7);False;1;2896
;(9, 8);MoveEast;(6, 7);False;1;2897
;(9, 8);MoveEast;(6, 7);False;1;2898
;(9, 8);MoveEast;(6, 7);False;1;2899
;(9, 8);MoveEast;(6, 7);False;1;2900
;(9, 8);MoveEast;(6, 7);False;1;2901
;(9, 8);MoveEast;(6, 7);False;1;2902
;(9, 8);MoveEast;(6, 7);False;1;2903
;(9, 8);MoveEast;(6, 7);False;1;2904
;(9, 8);MoveEast;(6, 7);False;1;2905
;(9, 8);MoveEast;(6, 7);False;1;2906
;(9, 8);MoveEast;(7, 7);False;1;2907
;(9, 8);BreakObject;(7, 7);False;1;2908
;(9, 8);BreakObject;(7, 7);False;1;2909
;(9, 8);BreakObject;(7, 7);False;1;2910
;(9, 8);BreakObject;(7, 7);False;1;2911
;(9, 8);BreakObject;(7, 7);False;1;2912
;(9, 8);BreakObject;(7, 7);False;1;2913
;(9, 8);BreakObject;(7, 7);False;1;2914
;(9, 8);BreakObject;(7, 7);False;1;2915
;(9, 8);BreakObject;(7, 7);False;1;2916
;(9, 8);BreakObject;(7, 7);False;1;2917
;(9, 8);BreakObject;(7, 7);False;1;2918
;(9, 8);;(7, 7);False;1;2919
;(9, 8);MoveSouthEast;(7, 7);False;1;2920
;(9, 8);MoveSouthEast;(7, 7);False;1;2921
;(9, 8);MoveSouthEast;(7, 7);False;1;2922
;(9, 8);MoveSouthEast;(7, 7);False;1;2923
;(9, 8);MoveSouthEast;(7, 7);False;1;2924
;(9, 8);MoveSouthEast;(7, 7);False;1;2925
;(9, 8);MoveSouthEast;(7, 7);False;1;2926
;(9, 8);MoveSouthEast;(7, 7);False;1;2927
;(9, 8);MoveSouthEast;(7, 7);False;1;2928
;(9, 8);MoveSouthEast;(7, 7);False;1;2929
;(9, 8);MoveSouthEast;(8, 8);False;1;2930
;(9, 8);MoveSouthEast;(8, 8);False;1;2931
;(9, 8);MoveSouthEast;(8, 8);False;1;2932
;(9, 8);MoveSouthEast;(8, 8);False;1;2933
;(9, 8);MoveSouthEast;(8, 8);False;1;2934
;(9, 8);MoveSouthEast;(8, 8);False;1;2935
;(9, 8);MoveSouthEast;(8, 8);False;1;2936
;(9, 8);MoveSouthEast;(8, 8);False;1;2937
;(9, 8);MoveSouthEast;(8, 8);False;1;2938
;(9, 8);MoveSouthEast;(8, 8);False;1;2939
;(9, 8);MoveSouthEast;(8, 8);False;1;2940
;(9, 8);MoveSouthEast;(9, 9);False;1;2941
;(9, 8);GrabLargeObject;(9, 9);False;1;2942
;(9, 8);GrabLargeObject;(9, 9);False;1;2943
;(9, 8);GrabLargeObject;(9, 9);False;1;2944
;(9, 8);GrabLargeObject;(9, 9);False;1;2945
;(9, 8);GrabLargeObject;(9, 9);False;1;2946
;(9, 8);GrabLargeObject;(9, 9);False;1;2947
;(9, 8);GrabLargeObject;(9, 9);False;1;2948
;(9, 8);GrabLargeObject;(9, 9);False;1;2949
;(9, 8);GrabLargeObject;(9, 9);False;1;2950
;(9, 8);GrabLargeObject;(9, 9);False;1;2951
;(9, 8);GrabLargeObject;(9, 9);False;1;2952
;(9, 8);;(9, 9);False;1;2953
;(9, 8);Idle;(9, 9);False;1;2954
;(9, 8);Idle;(9, 9);False;1;2955
;(9, 8);Idle;(9, 9);False;1;2956
;(9, 8);Idle;(9, 9);False;1;2957
;(9, 8);Idle;(9, 9);False;1;2958
;(9, 8);Idle;(9, 9);False;1;2959
;(9, 8);Idle;(9, 9);False;1;2960
;(9, 8);Idle;(9, 9);False;1;2961
;(9, 8);Idle;(9, 9);False;1;2962
;(9, 8);Idle;(9, 9);False;1;2963
;(9, 8);Idle;(9, 9);False;1;2964
;(9, 8);Idle;(9, 9);False;1;2965
;(9, 8);Idle;(9, 9);False;1;2966
;(9, 8);Idle;(9, 9);False;1;2967
;(9, 8);Idle;(9, 9);False;1;2968
;(9, 8);Idle;(9, 9);False;1;2969
;(9, 8);Idle;(9, 9);False;1;2970
;(9, 8);Idle;(9, 9);False;1;2971
;(9, 8);Idle;(9, 9);False;1;2972
;(9, 8);Idle;(9, 9);False;1;2973
;(9, 8);Idle;(9, 9);False;1;2974
;(9, 8);Idle;(9, 9);False;1;2975
;(9, 8);Idle;(9, 9);False;1;2976
;(9, 8);Idle;(9, 9);False;1;2977
;(9, 8);Idle;(9, 9);False;1;2978
;(9, 8);Idle;(9, 9);False;1;2979
;(9, 8);Idle;(9, 9);False;1;2980
;(9, 8);Idle;(9, 9);False;1;2981
;(9, 8);Idle;(9, 9);False;1;2982
;(9, 8);Idle;(9, 9);False;1;2983
;(9, 8);Idle;(9, 9);False;1;2984
;(9, 8);Idle;(9, 9);False;1;2985
;(9, 8);Idle;(9, 9);False;1;2986
;(9, 8);Idle;(9, 9);False;1;2987
;(9, 8);Idle;(9, 9);False;1;2988
;(9, 8);Idle;(9, 9);False;1;2989
;(9, 8);Idle;(9, 9);False;1;2990
;(9, 8);Idle;(9, 9);False;1;2991
;(9, 8);Idle;(9, 9);False;1;2992
;(9, 8);Idle;(9, 9);False;1;2993
;(9, 8);Idle;(9, 9);False;1;2994
;(9, 8);Idle;(9, 9);False;1;2995
;(9, 8);Idle;(9, 9);False;1;2996
;(9, 8);Idle;(9, 9);False;1;2997
;(9, 8);Idle;(9, 9);False;1;2998
;(9, 8);Idle;(9, 9);False;1;2999
;(9, 8);Idle;(9, 9);False;1;3000
;(9, 8);Idle;(9, 9);False;1;3001
;(9, 8);Idle;(9, 9);False;1;3002
;(9, 8);Idle;(9, 9);False;1;3003
;(9, 8);Idle;(9, 9);False;1;3004
;(9, 8);Idle;(9, 9);False;1;3005
;(9, 8);Idle;(9, 9);False;1;3006
;(9, 8);Idle;(9, 9);False;1;3007
;(9, 8);Idle;(9, 9);False;1;3008
;(9, 8);;(9, 9);False;1;3009
;(9, 8);;(9, 9);False;1;3010
;(9, 8);;(9, 9);False;1;3011
;(9, 8);;(9, 9);False;1;3012
;(9, 8);;(9, 9);False;1;3013
;(9, 8);;(9, 9);False;1;3014
;(9, 8);;(9, 9);False;1;3015
;(9, 8);;(9, 9);False;1;3016
;(9, 8);;(9, 9);False;1;3017
;(9, 8);;(9, 9);False;1;3018
;(9, 8);;(9, 9);False;1;3019
