human_selector_action;human_selector_location;robot_action;robot_location;robot_executing_cp;world_nr;tick_nr
;(3, 4);;(4, 4);False;1;0
;(3, 4);;(4, 4);False;1;1
;(3, 4);MoveEast;(4, 4);False;1;2
;(3, 4);MoveEast;(4, 4);False;1;3
;(3, 4);MoveEast;(4, 4);False;1;4
;(3, 4);MoveEast;(4, 4);False;1;5
;(3, 4);MoveEast;(4, 4);False;1;6
;(3, 4);MoveEast;(4, 4);False;1;7
;(3, 4);MoveEast;(4, 4);False;1;8
MoveEast;(4, 4);MoveEast;(4, 4);False;1;9
;(4, 4);MoveEast;(4, 4);False;1;10
MoveEast;(5, 4);MoveEast;(4, 4);False;1;11
;(5, 4);MoveEast;(5, 4);False;1;12
;(5, 4);MoveEast;(5, 4);False;1;13
;(5, 4);MoveEast;(5, 4);False;1;14
;(5, 4);MoveEast;(5, 4);False;1;15
;(5, 4);MoveEast;(5, 4);False;1;16
;(5, 4);MoveEast;(5, 4);False;1;17
;(5, 4);MoveEast;(5, 4);False;1;18
;(5, 4);MoveEast;(5, 4);False;1;19
MoveEast;(6, 4);MoveEast;(5, 4);False;1;20
;(6, 4);MoveEast;(5, 4);False;1;21
;(6, 4);MoveEast;(5, 4);False;1;22
;(6, 4);MoveEast;(6, 4);False;1;23
MoveEast;(7, 4);MoveEast;(6, 4);False;1;24
;(7, 4);MoveEast;(6, 4);False;1;25
;(7, 4);MoveEast;(6, 4);False;1;26
;(7, 4);MoveEast;(6, 4);False;1;27
MoveEast;(8, 4);MoveEast;(6, 4);False;1;28
;(8, 4);MoveEast;(6, 4);False;1;29
;(8, 4);MoveEast;(6, 4);False;1;30
;(8, 4);MoveEast;(6, 4);False;1;31
;(8, 4);MoveEast;(6, 4);False;1;32
MoveEast;(9, 4);MoveEast;(6, 4);False;1;33
;(9, 4);MoveEast;(7, 4);False;1;34
;(9, 4);MoveNorthEast;(7, 4);False;1;35
;(9, 4);MoveNorthEast;(7, 4);False;1;36
MoveEast;(10, 4);MoveNorthEast;(7, 4);False;1;37
;(10, 4);MoveNorthEast;(7, 4);False;1;38
;(10, 4);MoveNorthEast;(7, 4);False;1;39
;(10, 4);MoveNorthEast;(7, 4);False;1;40
;(10, 4);MoveNorthEast;(7, 4);False;1;41
MoveNorth;(10, 3);MoveNorthEast;(7, 4);False;1;42
;(10, 3);MoveNorthEast;(7, 4);False;1;43
;(10, 3);MoveNorthEast;(7, 4);False;1;44
;(10, 3);MoveNorthEast;(8, 3);False;1;45
;(10, 3);MoveEast;(8, 3);False;1;46
;(10, 3);MoveEast;(8, 3);False;1;47
;(10, 3);MoveEast;(8, 3);False;1;48
;(10, 3);MoveEast;(8, 3);False;1;49
;(10, 3);MoveEast;(8, 3);False;1;50
;(10, 3);MoveEast;(8, 3);False;1;51
;(10, 3);MoveEast;(8, 3);False;1;52
;(10, 3);MoveEast;(8, 3);False;1;53
;(10, 3);MoveEast;(8, 3);False;1;54
;(10, 3);MoveEast;(8, 3);False;1;55
;(10, 3);MoveEast;(9, 3);False;1;56
;(10, 3);GrabObject;(9, 3);False;1;57
;(10, 3);GrabObject;(9, 3);False;1;58
;(10, 3);GrabObject;(9, 3);False;1;59
;(10, 3);GrabObject;(9, 3);False;1;60
;(10, 3);GrabObject;(9, 3);False;1;61
;(10, 3);GrabObject;(9, 3);False;1;62
;(10, 3);GrabObject;(9, 3);False;1;63
;(10, 3);GrabObject;(9, 3);False;1;64
;(10, 3);GrabObject;(9, 3);False;1;65
;(10, 3);GrabObject;(9, 3);False;1;66
;(10, 3);GrabObject;(9, 3);False;1;67
;(10, 3);;(9, 3);False;1;68
;(10, 3);MoveEast;(9, 3);False;1;69
;(10, 3);MoveEast;(9, 3);False;1;70
;(10, 3);MoveEast;(9, 3);False;1;71
;(10, 3);MoveEast;(9, 3);False;1;72
;(10, 3);MoveEast;(9, 3);False;1;73
;(10, 3);MoveEast;(9, 3);False;1;74
DropObject;(10, 3);MoveEast;(9, 3);False;1;75
;(10, 3);MoveEast;(9, 3);False;1;76
;(10, 3);MoveEast;(9, 3);False;1;77
;(10, 3);MoveEast;(9, 3);False;1;78
;(10, 3);MoveEast;(10, 3);False;1;79
;(10, 3);GrabObject;(10, 3);False;1;80
GrabObject;(10, 3);GrabObject;(10, 3);False;1;81
;(10, 3);GrabObject;(10, 3);False;1;82
;(10, 3);GrabObject;(10, 3);False;1;83
;(10, 3);GrabObject;(10, 3);False;1;84
;(10, 3);GrabObject;(10, 3);False;1;85
;(10, 3);GrabObject;(10, 3);False;1;86
MoveWest;(9, 3);GrabObject;(10, 3);False;1;87
;(9, 3);GrabObject;(10, 3);False;1;88
;(9, 3);GrabObject;(10, 3);False;1;89
MoveWest;(8, 3);GrabObject;(10, 3);False;1;90
;(8, 3);;(10, 3);False;1;91
;(8, 3);MoveEast;(10, 3);False;1;92
MoveWest;(7, 3);MoveEast;(10, 3);False;1;93
;(7, 3);MoveEast;(10, 3);False;1;94
;(7, 3);MoveEast;(10, 3);False;1;95
MoveWest;(6, 3);MoveEast;(10, 3);False;1;96
;(6, 3);MoveEast;(10, 3);False;1;97
MoveWest;(5, 3);MoveEast;(10, 3);False;1;98
;(5, 3);MoveEast;(10, 3);False;1;99
;(5, 3);MoveEast;(10, 3);False;1;100
MoveWest;(4, 3);MoveEast;(10, 3);False;1;101
;(4, 3);MoveEast;(11, 3);False;1;102
MoveWest;(3, 3);MoveEast;(11, 3);False;1;103
;(3, 3);MoveEast;(11, 3);False;1;104
;(3, 3);MoveEast;(11, 3);False;1;105
DropObject;(3, 3);MoveEast;(11, 3);False;1;106
;(3, 3);MoveEast;(11, 3);False;1;107
;(3, 3);MoveEast;(11, 3);False;1;108
;(3, 3);MoveEast;(11, 3);False;1;109
;(3, 3);MoveEast;(11, 3);False;1;110
;(3, 3);MoveEast;(11, 3);False;1;111
MoveEast;(4, 3);MoveEast;(11, 3);False;1;112
MoveEast;(5, 3);MoveEast;(12, 3);False;1;113
;(5, 3);MoveWest;(12, 3);False;1;114
;(5, 3);MoveWest;(12, 3);False;1;115
MoveEast;(6, 3);MoveWest;(12, 3);False;1;116
;(6, 3);MoveWest;(12, 3);False;1;117
;(6, 3);MoveWest;(12, 3);False;1;118
MoveEast;(7, 3);MoveWest;(12, 3);False;1;119
;(7, 3);MoveWest;(12, 3);False;1;120
;(7, 3);MoveWest;(12, 3);False;1;121
;(7, 3);MoveWest;(12, 3);False;1;122
;(7, 3);MoveWest;(12, 3);False;1;123
;(7, 3);MoveWest;(11, 3);False;1;124
MoveSouth;(7, 4);MoveWest;(11, 3);False;1;125
;(7, 4);MoveWest;(11, 3);False;1;126
;(7, 4);MoveWest;(11, 3);False;1;127
;(7, 4);MoveWest;(11, 3);False;1;128
;(7, 4);MoveWest;(11, 3);False;1;129
;(7, 4);MoveWest;(11, 3);False;1;130
;(7, 4);MoveWest;(11, 3);False;1;131
MoveSouth;(7, 5);MoveWest;(11, 3);False;1;132
;(7, 5);MoveWest;(11, 3);False;1;133
;(7, 5);MoveWest;(11, 3);False;1;134
;(7, 5);MoveWest;(10, 3);False;1;135
;(7, 5);MoveEast;(10, 3);False;1;136
;(7, 5);MoveEast;(10, 3);False;1;137
;(7, 5);MoveEast;(10, 3);False;1;138
;(7, 5);MoveEast;(10, 3);False;1;139
;(7, 5);MoveEast;(10, 3);False;1;140
;(7, 5);MoveEast;(10, 3);False;1;141
;(7, 5);MoveEast;(10, 3);False;1;142
;(7, 5);MoveEast;(10, 3);False;1;143
;(7, 5);MoveEast;(10, 3);False;1;144
;(7, 5);MoveEast;(10, 3);False;1;145
;(7, 5);MoveEast;(11, 3);False;1;146
GrabObject;(7, 5);MoveEast;(11, 3);False;1;147
;(7, 5);MoveEast;(11, 3);False;1;148
;(7, 5);MoveEast;(11, 3);False;1;149
;(7, 5);MoveEast;(11, 3);False;1;150
;(7, 5);MoveEast;(11, 3);False;1;151
MoveWest;(6, 5);MoveEast;(11, 3);False;1;152
;(6, 5);MoveEast;(11, 3);False;1;153
;(6, 5);MoveEast;(11, 3);False;1;154
MoveWest;(5, 5);MoveEast;(11, 3);False;1;155
;(5, 5);MoveEast;(11, 3);False;1;156
;(5, 5);MoveEast;(12, 3);False;1;157
MoveWest;(4, 5);MoveWest;(12, 3);False;1;158
;(4, 5);MoveWest;(12, 3);False;1;159
;(4, 5);MoveWest;(12, 3);False;1;160
MoveWest;(3, 5);MoveWest;(12, 3);False;1;161
;(3, 5);MoveWest;(12, 3);False;1;162
MoveWest;(2, 5);MoveWest;(12, 3);False;1;163
;(2, 5);MoveWest;(12, 3);False;1;164
;(2, 5);MoveWest;(12, 3);False;1;165
MoveWest;(1, 5);MoveWest;(12, 3);False;1;166
;(1, 5);MoveWest;(12, 3);False;1;167
DropObject;(1, 5);MoveWest;(11, 3);False;1;168
;(1, 5);MoveWest;(11, 3);False;1;169
MoveEast;(2, 5);MoveWest;(11, 3);False;1;170
;(2, 5);MoveWest;(11, 3);False;1;171
;(2, 5);MoveWest;(11, 3);False;1;172
MoveEast;(3, 5);MoveWest;(11, 3);False;1;173
;(3, 5);MoveWest;(11, 3);False;1;174
;(3, 5);MoveWest;(11, 3);False;1;175
MoveEast;(4, 5);MoveWest;(11, 3);False;1;176
;(4, 5);MoveWest;(11, 3);False;1;177
;(4, 5);MoveWest;(11, 3);False;1;178
MoveEast;(5, 5);MoveWest;(10, 3);False;1;179
;(5, 5);MoveEast;(10, 3);False;1;180
;(5, 5);MoveEast;(10, 3);False;1;181
MoveEast;(6, 5);MoveEast;(10, 3);False;1;182
;(6, 5);MoveEast;(10, 3);False;1;183
;(6, 5);MoveEast;(10, 3);False;1;184
MoveEast;(7, 5);MoveEast;(10, 3);False;1;185
;(7, 5);MoveEast;(10, 3);False;1;186
MoveEast;(8, 5);MoveEast;(10, 3);False;1;187
;(8, 5);MoveEast;(10, 3);False;1;188
MoveEast;(9, 5);MoveEast;(10, 3);False;1;189
;(9, 5);MoveEast;(11, 3);False;1;190
;(9, 5);MoveEast;(11, 3);False;1;191
MoveEast;(10, 5);MoveEast;(11, 3);False;1;192
;(10, 5);MoveEast;(11, 3);False;1;193
;(10, 5);MoveEast;(11, 3);False;1;194
;(10, 5);MoveEast;(11, 3);False;1;195
;(10, 5);MoveEast;(11, 3);False;1;196
MoveNorth;(10, 4);MoveEast;(11, 3);False;1;197
;(10, 4);MoveEast;(11, 3);False;1;198
;(10, 4);MoveEast;(11, 3);False;1;199
;(10, 4);MoveEast;(11, 3);False;1;200
;(10, 4);MoveEast;(12, 3);False;1;201
;(10, 4);MoveWest;(12, 3);False;1;202
;(10, 4);MoveWest;(12, 3);False;1;203
;(10, 4);MoveWest;(12, 3);False;1;204
;(10, 4);MoveWest;(12, 3);False;1;205
;(10, 4);MoveWest;(12, 3);False;1;206
;(10, 4);MoveWest;(12, 3);False;1;207
;(10, 4);MoveWest;(12, 3);False;1;208
;(10, 4);MoveWest;(12, 3);False;1;209
;(10, 4);MoveWest;(12, 3);False;1;210
;(10, 4);MoveWest;(12, 3);False;1;211
;(10, 4);MoveWest;(11, 3);False;1;212
;(10, 4);MoveWest;(11, 3);False;1;213
;(10, 4);MoveWest;(11, 3);False;1;214
GrabObject;(10, 4);MoveWest;(11, 3);False;1;215
;(10, 4);MoveWest;(11, 3);False;1;216
;(10, 4);MoveWest;(11, 3);False;1;217
;(10, 4);MoveWest;(11, 3);False;1;218
;(10, 4);MoveWest;(11, 3);False;1;219
;(10, 4);MoveWest;(11, 3);False;1;220
;(10, 4);MoveWest;(11, 3);False;1;221
;(10, 4);MoveWest;(11, 3);False;1;222
;(10, 4);MoveWest;(10, 3);False;1;223
;(10, 4);;(10, 3);False;1;224
;(10, 4);MoveWest;(10, 3);False;1;225
;(10, 4);MoveWest;(10, 3);False;1;226
;(10, 4);MoveWest;(10, 3);False;1;227
;(10, 4);MoveWest;(10, 3);False;1;228
;(10, 4);MoveWest;(10, 3);False;1;229
;(10, 4);MoveWest;(10, 3);False;1;230
;(10, 4);MoveWest;(10, 3);False;1;231
;(10, 4);MoveWest;(10, 3);False;1;232
;(10, 4);MoveWest;(10, 3);False;1;233
;(10, 4);MoveWest;(10, 3);False;1;234
;(10, 4);MoveWest;(9, 3);False;1;235
;(10, 4);MoveWest;(9, 3);False;1;236
;(10, 4);MoveWest;(9, 3);False;1;237
;(10, 4);MoveWest;(9, 3);False;1;238
;(10, 4);MoveWest;(9, 3);False;1;239
;(10, 4);MoveWest;(9, 3);False;1;240
;(10, 4);MoveWest;(9, 3);False;1;241
;(10, 4);MoveWest;(9, 3);False;1;242
;(10, 4);MoveWest;(9, 3);False;1;243
;(10, 4);MoveWest;(9, 3);False;1;244
;(10, 4);MoveWest;(9, 3);False;1;245
;(10, 4);MoveWest;(8, 3);False;1;246
;(10, 4);MoveWest;(8, 3);False;1;247
;(10, 4);MoveWest;(8, 3);False;1;248
;(10, 4);MoveWest;(8, 3);False;1;249
;(10, 4);MoveWest;(8, 3);False;1;250
;(10, 4);MoveWest;(8, 3);False;1;251
GrabObject;(10, 4);MoveWest;(8, 3);False;1;252
;(10, 4);MoveWest;(8, 3);False;1;253
;(10, 4);MoveWest;(8, 3);False;1;254
;(10, 4);MoveWest;(8, 3);False;1;255
;(10, 4);MoveWest;(8, 3);False;1;256
;(10, 4);MoveWest;(7, 3);False;1;257
;(10, 4);MoveWest;(7, 3);False;1;258
;(10, 4);MoveWest;(7, 3);False;1;259
;(10, 4);MoveWest;(7, 3);False;1;260
;(10, 4);MoveWest;(7, 3);False;1;261
MoveEast;(11, 4);MoveWest;(7, 3);False;1;262
;(11, 4);MoveWest;(7, 3);False;1;263
;(11, 4);MoveWest;(7, 3);False;1;264
MoveEast;(12, 4);MoveWest;(7, 3);False;1;265
;(12, 4);MoveWest;(7, 3);False;1;266
;(12, 4);MoveWest;(7, 3);False;1;267
MoveEast;(13, 4);MoveWest;(6, 3);False;1;268
;(13, 4);MoveWest;(6, 3);False;1;269
GrabObject;(13, 4);MoveWest;(6, 3);False;1;270
;(13, 4);MoveWest;(6, 3);False;1;271
;(13, 4);MoveWest;(6, 3);False;1;272
;(13, 4);MoveWest;(6, 3);False;1;273
;(13, 4);MoveWest;(6, 3);False;1;274
;(13, 4);MoveWest;(6, 3);False;1;275
MoveWest;(12, 4);MoveWest;(6, 3);False;1;276
;(12, 4);MoveWest;(6, 3);False;1;277
;(12, 4);MoveWest;(6, 3);False;1;278
MoveWest;(11, 4);MoveWest;(5, 3);False;1;279
;(11, 4);MoveWest;(5, 3);False;1;280
;(11, 4);MoveWest;(5, 3);False;1;281
;(11, 4);MoveWest;(5, 3);False;1;282
MoveWest;(10, 4);MoveWest;(5, 3);False;1;283
;(10, 4);MoveWest;(5, 3);False;1;284
;(10, 4);MoveWest;(5, 3);False;1;285
MoveWest;(9, 4);MoveWest;(5, 3);False;1;286
;(9, 4);MoveWest;(5, 3);False;1;287
GrabObject;(9, 4);MoveWest;(5, 3);False;1;288
;(9, 4);MoveWest;(5, 3);False;1;289
MoveWest;(8, 4);MoveWest;(4, 3);False;1;290
;(8, 4);MoveNorthWest;(4, 3);False;1;291
;(8, 4);MoveNorthWest;(4, 3);False;1;292
;(8, 4);MoveNorthWest;(4, 3);False;1;293
;(8, 4);MoveNorthWest;(4, 3);False;1;294
;(8, 4);MoveNorthWest;(4, 3);False;1;295
MoveEast;(9, 4);MoveNorthWest;(4, 3);False;1;296
;(9, 4);MoveNorthWest;(4, 3);False;1;297
;(9, 4);MoveNorthWest;(4, 3);False;1;298
;(9, 4);MoveNorthWest;(4, 3);False;1;299
MoveEast;(10, 4);MoveNorthWest;(4, 3);False;1;300
;(10, 4);MoveNorthWest;(3, 2);False;1;301
;(10, 4);MoveNorthWest;(3, 2);False;1;302
;(10, 4);MoveNorthWest;(3, 2);False;1;303
;(10, 4);MoveNorthWest;(3, 2);False;1;304
MoveEast;(11, 4);MoveNorthWest;(3, 2);False;1;305
;(11, 4);MoveNorthWest;(3, 2);False;1;306
;(11, 4);MoveNorthWest;(3, 2);False;1;307
;(11, 4);MoveNorthWest;(3, 2);False;1;308
;(11, 4);MoveNorthWest;(3, 2);False;1;309
;(11, 4);MoveNorthWest;(3, 2);False;1;310
;(11, 4);MoveNorthWest;(3, 2);False;1;311
;(11, 4);MoveNorthWest;(2, 1);False;1;312
;(11, 4);MoveWest;(2, 1);False;1;313
;(11, 4);MoveWest;(2, 1);False;1;314
;(11, 4);MoveWest;(2, 1);False;1;315
;(11, 4);MoveWest;(2, 1);False;1;316
;(11, 4);MoveWest;(2, 1);False;1;317
GrabObject;(11, 4);MoveWest;(2, 1);False;1;318
;(11, 4);MoveWest;(2, 1);False;1;319
;(11, 4);MoveWest;(2, 1);False;1;320
;(11, 4);MoveWest;(2, 1);False;1;321
MoveWest;(10, 4);MoveWest;(2, 1);False;1;322
;(10, 4);MoveWest;(1, 1);False;1;323
;(10, 4);MoveWest;(1, 1);False;1;324
;(10, 4);MoveWest;(1, 1);False;1;325
;(10, 4);MoveWest;(1, 1);False;1;326
;(10, 4);MoveWest;(1, 1);False;1;327
;(10, 4);MoveWest;(1, 1);False;1;328
MoveSouth;(10, 5);MoveWest;(1, 1);False;1;329
;(10, 5);MoveWest;(1, 1);False;1;330
;(10, 5);MoveWest;(1, 1);False;1;331
MoveSouth;(10, 6);MoveWest;(1, 1);False;1;332
;(10, 6);MoveWest;(1, 1);False;1;333
;(10, 6);MoveWest;(0, 1);False;1;334
;(10, 6);DropObject;(0, 1);False;1;335
;(10, 6);DropObject;(0, 1);False;1;336
;(10, 6);DropObject;(0, 1);False;1;337
;(10, 6);DropObject;(0, 1);False;1;338
MoveWest;(9, 6);DropObject;(0, 1);False;1;339
;(9, 6);DropObject;(0, 1);False;1;340
;(9, 6);DropObject;(0, 1);False;1;341
GrabObject;(9, 6);DropObject;(0, 1);False;1;342
;(9, 6);DropObject;(0, 1);False;1;343
;(9, 6);DropObject;(0, 1);False;1;344
;(9, 6);DropObject;(0, 1);False;1;345
;(9, 6);;(0, 1);False;1;346
;(9, 6);MoveSouthEast;(0, 1);False;1;347
;(9, 6);MoveSouthEast;(0, 1);False;1;348
;(9, 6);MoveSouthEast;(0, 1);False;1;349
;(9, 6);MoveSouthEast;(0, 1);False;1;350
;(9, 6);MoveSouthEast;(0, 1);False;1;351
MoveWest;(8, 6);MoveSouthEast;(0, 1);False;1;352
;(8, 6);MoveSouthEast;(0, 1);False;1;353
;(8, 6);MoveSouthEast;(0, 1);False;1;354
MoveWest;(7, 6);MoveSouthEast;(0, 1);False;1;355
;(7, 6);MoveSouthEast;(0, 1);False;1;356
MoveWest;(6, 6);MoveSouthEast;(1, 2);False;1;357
;(6, 6);MoveEast;(1, 2);False;1;358
;(6, 6);MoveEast;(1, 2);False;1;359
MoveWest;(5, 6);MoveEast;(1, 2);False;1;360
;(5, 6);MoveEast;(1, 2);False;1;361
;(5, 6);MoveEast;(1, 2);False;1;362
MoveWest;(4, 6);MoveEast;(1, 2);False;1;363
;(4, 6);MoveEast;(1, 2);False;1;364
MoveWest;(3, 6);MoveEast;(1, 2);False;1;365
;(3, 6);MoveEast;(1, 2);False;1;366
;(3, 6);MoveEast;(1, 2);False;1;367
MoveWest;(2, 6);MoveEast;(2, 2);False;1;368
;(2, 6);MoveSouthEast;(2, 2);False;1;369
;(2, 6);MoveSouthEast;(2, 2);False;1;370
DropObject;(2, 6);MoveSouthEast;(2, 2);False;1;371
;(2, 6);MoveSouthEast;(2, 2);False;1;372
MoveEast;(3, 6);MoveSouthEast;(2, 2);False;1;373
;(3, 6);MoveSouthEast;(2, 2);False;1;374
;(3, 6);MoveSouthEast;(2, 2);False;1;375
MoveEast;(4, 6);MoveSouthEast;(2, 2);False;1;376
;(4, 6);MoveSouthEast;(2, 2);False;1;377
;(4, 6);MoveSouthEast;(2, 2);False;1;378
MoveEast;(5, 6);MoveSouthEast;(3, 3);False;1;379
;(5, 6);MoveSouthEast;(3, 3);False;1;380
MoveEast;(6, 6);MoveSouthEast;(3, 3);False;1;381
;(6, 6);MoveSouthEast;(3, 3);False;1;382
MoveEast;(7, 6);MoveSouthEast;(3, 3);False;1;383
;(7, 6);MoveSouthEast;(3, 3);False;1;384
;(7, 6);MoveSouthEast;(3, 3);False;1;385
MoveEast;(8, 6);MoveSouthEast;(3, 3);False;1;386
;(8, 6);MoveSouthEast;(3, 3);False;1;387
;(8, 6);MoveSouthEast;(3, 3);False;1;388
MoveEast;(9, 6);MoveSouthEast;(3, 3);False;1;389
;(9, 6);MoveSouthEast;(4, 4);False;1;390
;(9, 6);MoveSouthEast;(4, 4);False;1;391
MoveEast;(10, 6);MoveSouthEast;(4, 4);False;1;392
;(10, 6);MoveSouthEast;(4, 4);False;1;393
;(10, 6);MoveSouthEast;(4, 4);False;1;394
;(10, 6);MoveSouthEast;(4, 4);False;1;395
;(10, 6);MoveSouthEast;(4, 4);False;1;396
;(10, 6);MoveSouthEast;(4, 4);False;1;397
MoveSouth;(10, 7);MoveSouthEast;(4, 4);False;1;398
;(10, 7);MoveSouthEast;(4, 4);False;1;399
;(10, 7);MoveSouthEast;(4, 4);False;1;400
;(10, 7);MoveSouthEast;(5, 5);False;1;401
;(10, 7);MoveSouthEast;(5, 5);False;1;402
;(10, 7);MoveSouthEast;(5, 5);False;1;403
;(10, 7);MoveSouthEast;(5, 5);False;1;404
;(10, 7);MoveSouthEast;(5, 5);False;1;405
;(10, 7);MoveSouthEast;(5, 5);False;1;406
;(10, 7);MoveSouthEast;(5, 5);False;1;407
;(10, 7);MoveSouthEast;(5, 5);False;1;408
MoveWest;(9, 7);MoveSouthEast;(5, 5);False;1;409
;(9, 7);MoveSouthEast;(5, 5);False;1;410
;(9, 7);MoveSouthEast;(5, 5);False;1;411
;(9, 7);MoveSouthEast;(6, 6);False;1;412
GrabObject;(9, 7);MoveEast;(6, 6);False;1;413
;(9, 7);MoveEast;(6, 6);False;1;414
;(9, 7);MoveEast;(6, 6);False;1;415
MoveSouth;(9, 8);MoveEast;(6, 6);False;1;416
;(9, 8);MoveEast;(6, 6);False;1;417
;(9, 8);MoveEast;(6, 6);False;1;418
;(9, 8);MoveEast;(6, 6);False;1;419
MoveWest;(8, 8);MoveEast;(6, 6);False;1;420
;(8, 8);MoveEast;(6, 6);False;1;421
MoveWest;(7, 8);MoveEast;(6, 6);False;1;422
;(7, 8);MoveEast;(7, 6);False;1;423
;(7, 8);MoveEast;(7, 6);False;1;424
MoveWest;(6, 8);MoveEast;(7, 6);False;1;425
;(6, 8);MoveEast;(7, 6);False;1;426
;(6, 8);MoveEast;(7, 6);False;1;427
MoveWest;(5, 8);MoveEast;(7, 6);False;1;428
;(5, 8);MoveEast;(7, 6);False;1;429
;(5, 8);MoveEast;(7, 6);False;1;430
MoveWest;(4, 8);MoveEast;(7, 6);False;1;431
;(4, 8);MoveEast;(7, 6);False;1;432
MoveWest;(3, 8);MoveEast;(7, 6);False;1;433
;(3, 8);MoveEast;(8, 6);False;1;434
;(3, 8);MoveSouthEast;(8, 6);False;1;435
MoveWest;(2, 8);MoveSouthEast;(8, 6);False;1;436
;(2, 8);MoveSouthEast;(8, 6);False;1;437
DropObject;(2, 8);MoveSouthEast;(8, 6);False;1;438
MoveEast;(3, 8);MoveSouthEast;(8, 6);False;1;439
;(3, 8);MoveSouthEast;(8, 6);False;1;440
;(3, 8);MoveSouthEast;(8, 6);False;1;441
MoveEast;(4, 8);MoveSouthEast;(8, 6);False;1;442
;(4, 8);MoveSouthEast;(8, 6);False;1;443
;(4, 8);MoveSouthEast;(8, 6);False;1;444
;(4, 8);MoveSouthEast;(9, 7);False;1;445
MoveEast;(5, 8);GrabObject;(9, 7);False;1;446
;(5, 8);GrabObject;(9, 7);False;1;447
;(5, 8);GrabObject;(9, 7);False;1;448
MoveEast;(6, 8);GrabObject;(9, 7);False;1;449
;(6, 8);GrabObject;(9, 7);False;1;450
;(6, 8);GrabObject;(9, 7);False;1;451
MoveEast;(7, 8);GrabObject;(9, 7);False;1;452
;(7, 8);GrabObject;(9, 7);False;1;453
;(7, 8);GrabObject;(9, 7);False;1;454
;(7, 8);GrabObject;(9, 7);False;1;455
;(7, 8);GrabObject;(9, 7);False;1;456
;(7, 8);;(9, 7);False;1;457
;(7, 8);Idle;(9, 7);False;1;458
MoveEast;(8, 8);Idle;(9, 7);False;1;459
;(8, 8);Idle;(9, 7);False;1;460
;(8, 8);Idle;(9, 7);False;1;461
MoveEast;(9, 8);Idle;(9, 7);False;1;462
;(9, 8);Idle;(9, 7);False;1;463
;(9, 8);Idle;(9, 7);False;1;464
;(9, 8);Idle;(9, 7);False;1;465
MoveNorth;(9, 7);Idle;(9, 7);False;1;466
;(9, 7);Idle;(9, 7);False;1;467
;(9, 7);Idle;(9, 7);False;1;468
MoveNorth;(9, 6);Idle;(9, 7);False;1;469
;(9, 6);Idle;(9, 7);False;1;470
;(9, 6);Idle;(9, 7);False;1;471
MoveNorth;(9, 5);Idle;(9, 7);False;1;472
;(9, 5);Idle;(9, 7);False;1;473
MoveNorth;(9, 4);Idle;(9, 7);False;1;474
;(9, 4);Idle;(9, 7);False;1;475
;(9, 4);Idle;(9, 7);False;1;476
MoveNorth;(9, 3);Idle;(9, 7);False;1;477
;(9, 3);Idle;(9, 7);False;1;478
;(9, 3);Idle;(9, 7);False;1;479
;(9, 3);Idle;(9, 7);False;1;480
;(9, 3);Idle;(9, 7);False;1;481
;(9, 3);Idle;(9, 7);False;1;482
MoveEast;(10, 3);Idle;(9, 7);False;1;483
;(10, 3);Idle;(9, 7);False;1;484
;(10, 3);Idle;(9, 7);False;1;485
;(10, 3);Idle;(9, 7);False;1;486
;(10, 3);Idle;(9, 7);False;1;487
;(10, 3);Idle;(9, 7);False;1;488
;(10, 3);Idle;(9, 7);False;1;489
;(10, 3);Idle;(9, 7);False;1;490
;(10, 3);Idle;(9, 7);False;1;491
MoveSouth;(10, 4);Idle;(9, 7);False;1;492
;(10, 4);Idle;(9, 7);False;1;493
;(10, 4);Idle;(9, 7);False;1;494
;(10, 4);Idle;(9, 7);False;1;495
;(10, 4);Idle;(9, 7);False;1;496
;(10, 4);Idle;(9, 7);False;1;497
DropObject;(10, 4);Idle;(9, 7);False;1;498
;(10, 4);Idle;(9, 7);False;1;499
;(10, 4);Idle;(9, 7);False;1;500
;(10, 4);Idle;(9, 7);False;1;501
;(10, 4);Idle;(9, 7);False;1;502
;(10, 4);Idle;(9, 7);False;1;503
;(10, 4);Idle;(9, 7);False;1;504
;(10, 4);Idle;(9, 7);False;1;505
;(10, 4);Idle;(9, 7);False;1;506
;(10, 4);Idle;(9, 7);False;1;507
;(10, 4);Idle;(9, 7);False;1;508
;(10, 4);Idle;(9, 7);False;1;509
GrabObject;(10, 4);Idle;(9, 7);False;1;510
;(10, 4);Idle;(9, 7);False;1;511
;(10, 4);Idle;(9, 7);False;1;512
GrabObject;(10, 4);;(9, 7);False;1;513
;(10, 4);MoveEast;(9, 7);False;1;514
;(10, 4);MoveEast;(9, 7);False;1;515
GrabObject;(10, 4);MoveEast;(9, 7);False;1;516
;(10, 4);MoveEast;(9, 7);False;1;517
;(10, 4);MoveEast;(9, 7);False;1;518
;(10, 4);MoveEast;(9, 7);False;1;519
GrabObject;(10, 4);MoveEast;(9, 7);False;1;520
;(10, 4);MoveEast;(9, 7);False;1;521
;(10, 4);MoveEast;(9, 7);False;1;522
;(10, 4);MoveEast;(9, 7);False;1;523
;(10, 4);MoveEast;(10, 7);False;1;524
;(10, 4);MoveEast;(10, 7);False;1;525
;(10, 4);MoveEast;(10, 7);False;1;526
;(10, 4);MoveEast;(10, 7);False;1;527
;(10, 4);MoveEast;(10, 7);False;1;528
;(10, 4);MoveEast;(10, 7);False;1;529
;(10, 4);MoveEast;(10, 7);False;1;530
;(10, 4);MoveEast;(10, 7);False;1;531
MoveEast;(11, 4);MoveEast;(10, 7);False;1;532
;(11, 4);MoveEast;(10, 7);False;1;533
;(11, 4);MoveEast;(10, 7);False;1;534
;(11, 4);MoveEast;(11, 7);False;1;535
MoveEast;(12, 4);MoveEast;(11, 7);False;1;536
;(12, 4);MoveEast;(11, 7);False;1;537
;(12, 4);MoveEast;(11, 7);False;1;538
GrabObject;(12, 4);MoveEast;(11, 7);False;1;539
;(12, 4);MoveEast;(11, 7);False;1;540
;(12, 4);MoveEast;(11, 7);False;1;541
;(12, 4);MoveEast;(11, 7);False;1;542
;(12, 4);MoveEast;(11, 7);False;1;543
;(12, 4);MoveEast;(11, 7);False;1;544
;(12, 4);MoveEast;(11, 7);False;1;545
;(12, 4);MoveEast;(12, 7);False;1;546
MoveWest;(11, 4);GrabObject;(12, 7);False;1;547
;(11, 4);GrabObject;(12, 7);False;1;548
;(11, 4);GrabObject;(12, 7);False;1;549
;(11, 4);GrabObject;(12, 7);False;1;550
MoveWest;(10, 4);GrabObject;(12, 7);False;1;551
;(10, 4);GrabObject;(12, 7);False;1;552
;(10, 4);GrabObject;(12, 7);False;1;553
MoveWest;(9, 4);GrabObject;(12, 7);False;1;554
;(9, 4);GrabObject;(12, 7);False;1;555
GrabObject;(9, 4);GrabObject;(12, 7);False;1;556
;(9, 4);GrabObject;(12, 7);False;1;557
;(9, 4);;(12, 7);False;1;558
;(9, 4);Idle;(12, 7);False;1;559
;(9, 4);Idle;(12, 7);False;1;560
MoveEast;(10, 4);Idle;(12, 7);False;1;561
;(10, 4);Idle;(12, 7);False;1;562
;(10, 4);Idle;(12, 7);False;1;563
;(10, 4);Idle;(12, 7);False;1;564
MoveEast;(11, 4);Idle;(12, 7);False;1;565
;(11, 4);Idle;(12, 7);False;1;566
;(11, 4);Idle;(12, 7);False;1;567
MoveEast;(12, 4);Idle;(12, 7);False;1;568
;(12, 4);Idle;(12, 7);False;1;569
;(12, 4);Idle;(12, 7);False;1;570
;(12, 4);Idle;(12, 7);False;1;571
;(12, 4);Idle;(12, 7);False;1;572
;(12, 4);Idle;(12, 7);False;1;573
;(12, 4);Idle;(12, 7);False;1;574
;(12, 4);Idle;(12, 7);False;1;575
;(12, 4);Idle;(12, 7);False;1;576
;(12, 4);Idle;(12, 7);False;1;577
;(12, 4);Idle;(12, 7);False;1;578
;(12, 4);Idle;(12, 7);False;1;579
;(12, 4);Idle;(12, 7);False;1;580
;(12, 4);Idle;(12, 7);False;1;581
;(12, 4);Idle;(12, 7);False;1;582
;(12, 4);Idle;(12, 7);False;1;583
;(12, 4);Idle;(12, 7);False;1;584
;(12, 4);Idle;(12, 7);False;1;585
;(12, 4);Idle;(12, 7);False;1;586
;(12, 4);Idle;(12, 7);False;1;587
;(12, 4);Idle;(12, 7);False;1;588
;(12, 4);Idle;(12, 7);False;1;589
MoveWest;(11, 4);Idle;(12, 7);False;1;590
;(11, 4);Idle;(12, 7);False;1;591
;(11, 4);Idle;(12, 7);False;1;592
;(11, 4);Idle;(12, 7);False;1;593
;(11, 4);Idle;(12, 7);False;1;594
;(11, 4);Idle;(12, 7);False;1;595
;(11, 4);Idle;(12, 7);False;1;596
;(11, 4);Idle;(12, 7);False;1;597
;(11, 4);Idle;(12, 7);False;1;598
MoveSouth;(11, 5);Idle;(12, 7);False;1;599
;(11, 5);Idle;(12, 7);False;1;600
;(11, 5);Idle;(12, 7);False;1;601
;(11, 5);Idle;(12, 7);False;1;602
;(11, 5);Idle;(12, 7);False;1;603
;(11, 5);Idle;(12, 7);False;1;604
;(11, 5);Idle;(12, 7);False;1;605
;(11, 5);Idle;(12, 7);False;1;606
;(11, 5);Idle;(12, 7);False;1;607
GrabObject;(11, 5);Idle;(12, 7);False;1;608
;(11, 5);Idle;(12, 7);False;1;609
;(11, 5);Idle;(12, 7);False;1;610
MoveWest;(10, 5);Idle;(12, 7);False;1;611
;(10, 5);Idle;(12, 7);False;1;612
;(10, 5);Idle;(12, 7);False;1;613
;(10, 5);;(12, 7);False;1;614
;(10, 5);MoveSouth;(12, 7);False;1;615
;(10, 5);MoveSouth;(12, 7);False;1;616
;(10, 5);MoveSouth;(12, 7);False;1;617
;(10, 5);MoveSouth;(12, 7);False;1;618
;(10, 5);MoveSouth;(12, 7);False;1;619
;(10, 5);MoveSouth;(12, 7);False;1;620
;(10, 5);MoveSouth;(12, 7);False;1;621
MoveSouth;(10, 6);MoveSouth;(12, 7);False;1;622
;(10, 6);MoveSouth;(12, 7);False;1;623
MoveSouth;(10, 7);MoveSouth;(12, 7);False;1;624
;(10, 7);MoveSouth;(12, 8);False;1;625
;(10, 7);GrabObject;(12, 8);False;1;626
;(10, 7);GrabObject;(12, 8);False;1;627
;(10, 7);GrabObject;(12, 8);False;1;628
;(10, 7);GrabObject;(12, 8);False;1;629
;(10, 7);GrabObject;(12, 8);False;1;630
;(10, 7);GrabObject;(12, 8);False;1;631
MoveSouth;(10, 8);GrabObject;(12, 8);False;1;632
;(10, 8);GrabObject;(12, 8);False;1;633
;(10, 8);GrabObject;(12, 8);False;1;634
;(10, 8);GrabObject;(12, 8);False;1;635
;(10, 8);GrabObject;(12, 8);False;1;636
;(10, 8);;(12, 8);False;1;637
;(10, 8);Idle;(12, 8);False;1;638
;(10, 8);Idle;(12, 8);False;1;639
;(10, 8);Idle;(12, 8);False;1;640
;(10, 8);Idle;(12, 8);False;1;641
;(10, 8);Idle;(12, 8);False;1;642
;(10, 8);Idle;(12, 8);False;1;643
;(10, 8);Idle;(12, 8);False;1;644
;(10, 8);Idle;(12, 8);False;1;645
;(10, 8);Idle;(12, 8);False;1;646
;(10, 8);Idle;(12, 8);False;1;647
;(10, 8);Idle;(12, 8);False;1;648
;(10, 8);Idle;(12, 8);False;1;649
;(10, 8);Idle;(12, 8);False;1;650
;(10, 8);Idle;(12, 8);False;1;651
;(10, 8);Idle;(12, 8);False;1;652
;(10, 8);Idle;(12, 8);False;1;653
;(10, 8);Idle;(12, 8);False;1;654
;(10, 8);Idle;(12, 8);False;1;655
;(10, 8);Idle;(12, 8);False;1;656
;(10, 8);Idle;(12, 8);False;1;657
;(10, 8);Idle;(12, 8);False;1;658
MoveEast;(11, 8);Idle;(12, 8);False;1;659
;(11, 8);Idle;(12, 8);False;1;660
;(11, 8);Idle;(12, 8);False;1;661
;(11, 8);Idle;(12, 8);False;1;662
;(11, 8);Idle;(12, 8);False;1;663
MoveEast;(12, 8);Idle;(12, 8);False;1;664
;(12, 8);Idle;(12, 8);False;1;665
;(12, 8);Idle;(12, 8);False;1;666
;(12, 8);Idle;(12, 8);False;1;667
;(12, 8);Idle;(12, 8);False;1;668
;(12, 8);Idle;(12, 8);False;1;669
;(12, 8);Idle;(12, 8);False;1;670
;(12, 8);Idle;(12, 8);False;1;671
;(12, 8);Idle;(12, 8);False;1;672
;(12, 8);Idle;(12, 8);False;1;673
;(12, 8);Idle;(12, 8);False;1;674
MoveEast;(13, 8);Idle;(12, 8);False;1;675
;(13, 8);Idle;(12, 8);False;1;676
;(13, 8);Idle;(12, 8);False;1;677
;(13, 8);Idle;(12, 8);False;1;678
MoveEast;(14, 8);Idle;(12, 8);False;1;679
;(14, 8);Idle;(12, 8);False;1;680
;(14, 8);Idle;(12, 8);False;1;681
;(14, 8);Idle;(12, 8);False;1;682
;(14, 8);Idle;(12, 8);False;1;683
;(14, 8);Idle;(12, 8);False;1;684
;(14, 8);Idle;(12, 8);False;1;685
MoveWest;(13, 8);Idle;(12, 8);False;1;686
;(13, 8);Idle;(12, 8);False;1;687
;(13, 8);Idle;(12, 8);False;1;688
MoveWest;(12, 8);Idle;(12, 8);False;1;689
;(12, 8);Idle;(12, 8);False;1;690
;(12, 8);Idle;(12, 8);False;1;691
MoveWest;(11, 8);Idle;(12, 8);False;1;692
;(11, 8);;(12, 8);False;1;693
;(11, 8);Idle;(12, 8);False;1;694
MoveWest;(10, 8);Idle;(12, 8);False;1;695
;(10, 8);Idle;(12, 8);False;1;696
;(10, 8);Idle;(12, 8);False;1;697
;(10, 8);Idle;(12, 8);False;1;698
;(10, 8);Idle;(12, 8);False;1;699
MoveEast;(11, 8);Idle;(12, 8);False;1;700
;(11, 8);Idle;(12, 8);False;1;701
;(11, 8);Idle;(12, 8);False;1;702
;(11, 8);Idle;(12, 8);False;1;703
MoveWest;(10, 8);Idle;(12, 8);False;1;704
;(10, 8);Idle;(12, 8);False;1;705
;(10, 8);Idle;(12, 8);False;1;706
;(10, 8);Idle;(12, 8);False;1;707
MoveEast;(11, 8);Idle;(12, 8);False;1;708
;(11, 8);Idle;(12, 8);False;1;709
;(11, 8);Idle;(12, 8);False;1;710
MoveEast;(12, 8);Idle;(12, 8);False;1;711
;(12, 8);Idle;(12, 8);False;1;712
MoveWest;(11, 8);Idle;(12, 8);False;1;713
;(11, 8);Idle;(12, 8);False;1;714
;(11, 8);Idle;(12, 8);False;1;715
;(11, 8);Idle;(12, 8);False;1;716
;(11, 8);Idle;(12, 8);False;1;717
MoveEast;(12, 8);Idle;(12, 8);False;1;718
;(12, 8);Idle;(12, 8);False;1;719
;(12, 8);Idle;(12, 8);False;1;720
;(12, 8);Idle;(12, 8);False;1;721
;(12, 8);Idle;(12, 8);False;1;722
MoveNorth;(12, 7);Idle;(12, 8);False;1;723
;(12, 7);Idle;(12, 8);False;1;724
MoveNorth;(12, 6);Idle;(12, 8);False;1;725
;(12, 6);Idle;(12, 8);False;1;726
;(12, 6);Idle;(12, 8);False;1;727
;(12, 6);Idle;(12, 8);False;1;728
;(12, 6);Idle;(12, 8);False;1;729
;(12, 6);Idle;(12, 8);False;1;730
;(12, 6);Idle;(12, 8);False;1;731
;(12, 6);Idle;(12, 8);False;1;732
;(12, 6);Idle;(12, 8);False;1;733
;(12, 6);Idle;(12, 8);False;1;734
;(12, 6);Idle;(12, 8);False;1;735
;(12, 6);Idle;(12, 8);False;1;736
;(12, 6);Idle;(12, 8);False;1;737
;(12, 6);Idle;(12, 8);False;1;738
;(12, 6);Idle;(12, 8);False;1;739
;(12, 6);Idle;(12, 8);False;1;740
;(12, 6);Idle;(12, 8);False;1;741
;(12, 6);Idle;(12, 8);False;1;742
;(12, 6);Idle;(12, 8);False;1;743
;(12, 6);Idle;(12, 8);False;1;744
GrabObject;(12, 6);Idle;(12, 8);False;1;745
;(12, 6);Idle;(12, 8);False;1;746
GrabObject;(12, 6);Idle;(12, 8);False;1;747
;(12, 6);Idle;(12, 8);False;1;748
;(12, 6);;(12, 8);False;1;749
;(12, 6);MoveWest;(12, 8);False;1;750
GrabObject;(12, 6);MoveWest;(12, 8);False;1;751
;(12, 6);MoveWest;(12, 8);False;1;752
;(12, 6);MoveWest;(12, 8);False;1;753
MoveWest;(11, 6);MoveWest;(12, 8);False;1;754
;(11, 6);MoveWest;(12, 8);False;1;755
MoveWest;(10, 6);MoveWest;(12, 8);False;1;756
;(10, 6);MoveWest;(12, 8);False;1;757
;(10, 6);MoveWest;(12, 8);False;1;758
;(10, 6);MoveWest;(12, 8);False;1;759
MoveWest;(9, 6);MoveWest;(11, 8);False;1;760
;(9, 6);MoveWest;(11, 8);False;1;761
GrabObject;(9, 6);MoveWest;(11, 8);False;1;762
;(9, 6);MoveWest;(11, 8);False;1;763
;(9, 6);MoveWest;(11, 8);False;1;764
;(9, 6);MoveWest;(11, 8);False;1;765
;(9, 6);MoveWest;(11, 8);False;1;766
;(9, 6);MoveWest;(11, 8);False;1;767
;(9, 6);MoveWest;(11, 8);False;1;768
;(9, 6);MoveWest;(11, 8);False;1;769
;(9, 6);MoveWest;(11, 8);False;1;770
;(9, 6);MoveWest;(10, 8);False;1;771
MoveWest;(8, 6);MoveWest;(10, 8);False;1;772
;(8, 6);MoveWest;(10, 8);False;1;773
MoveWest;(7, 6);MoveWest;(10, 8);False;1;774
;(7, 6);MoveWest;(10, 8);False;1;775
;(7, 6);MoveWest;(10, 8);False;1;776
;(7, 6);MoveWest;(10, 8);False;1;777
;(7, 6);MoveWest;(10, 8);False;1;778
;(7, 6);MoveWest;(10, 8);False;1;779
;(7, 6);MoveWest;(10, 8);False;1;780
;(7, 6);MoveWest;(10, 8);False;1;781
;(7, 6);MoveWest;(9, 8);False;1;782
MoveEast;(8, 6);MoveWest;(9, 8);False;1;783
;(8, 6);MoveWest;(9, 8);False;1;784
;(8, 6);MoveWest;(9, 8);False;1;785
;(8, 6);MoveWest;(9, 8);False;1;786
;(8, 6);MoveWest;(9, 8);False;1;787
MoveWest;(7, 6);MoveWest;(9, 8);False;1;788
;(7, 6);MoveWest;(9, 8);False;1;789
;(7, 6);MoveWest;(9, 8);False;1;790
;(7, 6);MoveWest;(9, 8);False;1;791
;(7, 6);MoveWest;(9, 8);False;1;792
;(7, 6);MoveWest;(8, 8);False;1;793
;(7, 6);MoveSouthWest;(8, 8);False;1;794
;(7, 6);MoveSouthWest;(8, 8);False;1;795
MoveWest;(6, 6);MoveSouthWest;(8, 8);False;1;796
;(6, 6);MoveSouthWest;(8, 8);False;1;797
;(6, 6);MoveSouthWest;(8, 8);False;1;798
;(6, 6);MoveSouthWest;(8, 8);False;1;799
;(6, 6);MoveSouthWest;(8, 8);False;1;800
MoveSouth;(6, 7);MoveSouthWest;(8, 8);False;1;801
;(6, 7);MoveSouthWest;(8, 8);False;1;802
;(6, 7);MoveSouthWest;(8, 8);False;1;803
;(6, 7);MoveSouthWest;(7, 9);False;1;804
;(6, 7);GrabObject;(7, 9);False;1;805
MoveSouth;(6, 8);GrabObject;(7, 9);False;1;806
;(6, 8);GrabObject;(7, 9);False;1;807
;(6, 8);GrabObject;(7, 9);False;1;808
;(6, 8);GrabObject;(7, 9);False;1;809
MoveSouth;(6, 9);GrabObject;(7, 9);False;1;810
;(6, 9);GrabObject;(7, 9);False;1;811
;(6, 9);GrabObject;(7, 9);False;1;812
;(6, 9);GrabObject;(7, 9);False;1;813
;(6, 9);GrabObject;(7, 9);False;1;814
;(6, 9);GrabObject;(7, 9);False;1;815
;(6, 9);;(7, 9);False;1;816
;(6, 9);MoveWest;(7, 9);False;1;817
;(6, 9);MoveWest;(7, 9);False;1;818
;(6, 9);MoveWest;(7, 9);False;1;819
;(6, 9);MoveWest;(7, 9);False;1;820
;(6, 9);MoveWest;(7, 9);False;1;821
;(6, 9);MoveWest;(7, 9);False;1;822
;(6, 9);MoveWest;(7, 9);False;1;823
MoveSouth;(6, 10);MoveWest;(7, 9);False;1;824
;(6, 10);MoveWest;(7, 9);False;1;825
;(6, 10);MoveWest;(7, 9);False;1;826
;(6, 10);MoveWest;(6, 9);False;1;827
;(6, 10);Idle;(6, 9);False;1;828
;(6, 10);Idle;(6, 9);False;1;829
;(6, 10);Idle;(6, 9);False;1;830
;(6, 10);Idle;(6, 9);False;1;831
;(6, 10);Idle;(6, 9);False;1;832
;(6, 10);Idle;(6, 9);False;1;833
;(6, 10);Idle;(6, 9);False;1;834
;(6, 10);Idle;(6, 9);False;1;835
;(6, 10);Idle;(6, 9);False;1;836
;(6, 10);Idle;(6, 9);False;1;837
;(6, 10);Idle;(6, 9);False;1;838
;(6, 10);Idle;(6, 9);False;1;839
;(6, 10);Idle;(6, 9);False;1;840
;(6, 10);Idle;(6, 9);False;1;841
;(6, 10);Idle;(6, 9);False;1;842
;(6, 10);Idle;(6, 9);False;1;843
;(6, 10);Idle;(6, 9);False;1;844
;(6, 10);Idle;(6, 9);False;1;845
;(6, 10);Idle;(6, 9);False;1;846
;(6, 10);Idle;(6, 9);False;1;847
;(6, 10);Idle;(6, 9);False;1;848
;(6, 10);Idle;(6, 9);False;1;849
;(6, 10);Idle;(6, 9);False;1;850
;(6, 10);Idle;(6, 9);False;1;851
;(6, 10);Idle;(6, 9);False;1;852
;(6, 10);Idle;(6, 9);False;1;853
;(6, 10);Idle;(6, 9);False;1;854
;(6, 10);Idle;(6, 9);False;1;855
;(6, 10);Idle;(6, 9);False;1;856
;(6, 10);Idle;(6, 9);False;1;857
;(6, 10);Idle;(6, 9);False;1;858
MoveEast;(7, 10);Idle;(6, 9);False;1;859
;(7, 10);Idle;(6, 9);False;1;860
MoveEast;(8, 10);Idle;(6, 9);False;1;861
;(8, 10);Idle;(6, 9);False;1;862
;(8, 10);Idle;(6, 9);False;1;863
;(8, 10);Idle;(6, 9);False;1;864
;(8, 10);Idle;(6, 9);False;1;865
;(8, 10);Idle;(6, 9);False;1;866
;(8, 10);Idle;(6, 9);False;1;867
;(8, 10);Idle;(6, 9);False;1;868
;(8, 10);Idle;(6, 9);False;1;869
;(8, 10);Idle;(6, 9);False;1;870
;(8, 10);Idle;(6, 9);False;1;871
;(8, 10);Idle;(6, 9);False;1;872
MoveNorth;(8, 9);Idle;(6, 9);False;1;873
;(8, 9);Idle;(6, 9);False;1;874
;(8, 9);Idle;(6, 9);False;1;875
;(8, 9);Idle;(6, 9);False;1;876
;(8, 9);Idle;(6, 9);False;1;877
;(8, 9);Idle;(6, 9);False;1;878
;(8, 9);Idle;(6, 9);False;1;879
;(8, 9);Idle;(6, 9);False;1;880
;(8, 9);Idle;(6, 9);False;1;881
;(8, 9);Idle;(6, 9);False;1;882
;(8, 9);;(6, 9);False;1;883
;(8, 9);MoveWest;(6, 9);False;1;884
;(8, 9);MoveWest;(6, 9);False;1;885
;(8, 9);MoveWest;(6, 9);False;1;886
;(8, 9);MoveWest;(6, 9);False;1;887
;(8, 9);MoveWest;(6, 9);False;1;888
;(8, 9);MoveWest;(6, 9);False;1;889
;(8, 9);MoveWest;(6, 9);False;1;890
;(8, 9);MoveWest;(6, 9);False;1;891
;(8, 9);MoveWest;(6, 9);False;1;892
MoveWest;(7, 9);MoveWest;(6, 9);False;1;893
;(7, 9);MoveWest;(5, 9);False;1;894
;(7, 9);MoveNorthWest;(5, 9);False;1;895
;(7, 9);MoveNorthWest;(5, 9);False;1;896
;(7, 9);MoveNorthWest;(5, 9);False;1;897
MoveWest;(6, 9);MoveNorthWest;(5, 9);False;1;898
;(6, 9);MoveNorthWest;(5, 9);False;1;899
;(6, 9);MoveNorthWest;(5, 9);False;1;900
;(6, 9);MoveNorthWest;(5, 9);False;1;901
;(6, 9);MoveNorthWest;(5, 9);False;1;902
;(6, 9);MoveNorthWest;(5, 9);False;1;903
;(6, 9);MoveNorthWest;(5, 9);False;1;904
;(6, 9);MoveNorthWest;(4, 8);False;1;905
;(6, 9);MoveWest;(4, 8);False;1;906
MoveWest;(5, 9);MoveWest;(4, 8);False;1;907
;(5, 9);MoveWest;(4, 8);False;1;908
;(5, 9);MoveWest;(4, 8);False;1;909
;(5, 9);MoveWest;(4, 8);False;1;910
;(5, 9);MoveWest;(4, 8);False;1;911
;(5, 9);MoveWest;(4, 8);False;1;912
;(5, 9);MoveWest;(4, 8);False;1;913
;(5, 9);MoveWest;(4, 8);False;1;914
;(5, 9);MoveWest;(4, 8);False;1;915
;(5, 9);MoveWest;(3, 8);False;1;916
;(5, 9);MoveNorthWest;(3, 8);False;1;917
;(5, 9);MoveNorthWest;(3, 8);False;1;918
;(5, 9);MoveNorthWest;(3, 8);False;1;919
;(5, 9);MoveNorthWest;(3, 8);False;1;920
MoveEast;(6, 9);MoveNorthWest;(3, 8);False;1;921
;(6, 9);MoveNorthWest;(3, 8);False;1;922
;(6, 9);MoveNorthWest;(3, 8);False;1;923
;(6, 9);MoveNorthWest;(3, 8);False;1;924
;(6, 9);MoveNorthWest;(3, 8);False;1;925
MoveEast;(7, 9);MoveNorthWest;(3, 8);False;1;926
;(7, 9);MoveNorthWest;(2, 7);False;1;927
;(7, 9);MoveWest;(2, 7);False;1;928
;(7, 9);MoveWest;(2, 7);False;1;929
;(7, 9);MoveWest;(2, 7);False;1;930
;(7, 9);MoveWest;(2, 7);False;1;931
;(7, 9);MoveWest;(2, 7);False;1;932
;(7, 9);MoveWest;(2, 7);False;1;933
MoveWest;(6, 9);MoveWest;(2, 7);False;1;934
;(6, 9);MoveWest;(2, 7);False;1;935
;(6, 9);MoveWest;(2, 7);False;1;936
;(6, 9);MoveWest;(2, 7);False;1;937
;(6, 9);MoveWest;(1, 7);False;1;938
MoveWest;(5, 9);DropObject;(1, 7);False;1;939
;(5, 9);DropObject;(1, 7);False;1;940
;(5, 9);DropObject;(1, 7);False;1;941
;(5, 9);DropObject;(1, 7);False;1;942
;(5, 9);DropObject;(1, 7);False;1;943
;(5, 9);DropObject;(1, 7);False;1;944
;(5, 9);DropObject;(1, 7);False;1;945
;(5, 9);DropObject;(1, 7);False;1;946
;(5, 9);DropObject;(1, 7);False;1;947
;(5, 9);DropObject;(1, 7);False;1;948
MoveWest;(4, 9);DropObject;(1, 7);False;1;949
;(4, 9);DropObject;(1, 7);False;1;950
;(4, 9);DropObject;(1, 7);False;1;951
;(4, 9);DropObject;(1, 7);False;1;952
;(4, 9);DropObject;(1, 7);False;1;953
;(4, 9);DropObject;(1, 7);False;1;954
;(4, 9);DropObject;(1, 7);False;1;955
;(4, 9);DropObject;(1, 7);False;1;956
;(4, 9);DropObject;(1, 7);False;1;957
;(4, 9);DropObject;(1, 7);False;1;958
;(4, 9);DropObject;(1, 7);False;1;959
;(4, 9);DropObject;(1, 7);False;1;960
;(4, 9);DropObject;(1, 7);False;1;961
;(4, 9);DropObject;(1, 7);False;1;962
MoveWest;(3, 9);DropObject;(1, 7);False;1;963
;(3, 9);DropObject;(1, 7);False;1;964
;(3, 9);DropObject;(1, 7);False;1;965
;(3, 9);DropObject;(1, 7);False;1;966
;(3, 9);DropObject;(1, 7);False;1;967
;(3, 9);DropObject;(1, 7);False;1;968
;(3, 9);DropObject;(1, 7);False;1;969
;(3, 9);DropObject;(1, 7);False;1;970
;(3, 9);DropObject;(1, 7);False;1;971
;(3, 9);;(1, 7);False;1;972
;(3, 9);MoveSouthEast;(1, 7);False;1;973
;(3, 9);MoveSouthEast;(1, 7);False;1;974
;(3, 9);MoveSouthEast;(1, 7);False;1;975
MoveSouth;(3, 10);MoveSouthEast;(1, 7);False;1;976
;(3, 10);MoveSouthEast;(1, 7);False;1;977
;(3, 10);MoveSouthEast;(1, 7);False;1;978
;(3, 10);MoveSouthEast;(1, 7);False;1;979
;(3, 10);MoveSouthEast;(1, 7);False;1;980
;(3, 10);MoveSouthEast;(1, 7);False;1;981
;(3, 10);MoveSouthEast;(1, 7);False;1;982
;(3, 10);MoveSouthEast;(2, 8);False;1;983
;(3, 10);MoveSouthEast;(2, 8);False;1;984
;(3, 10);MoveSouthEast;(2, 8);False;1;985
GrabObject;(3, 10);MoveSouthEast;(2, 8);False;1;986
;(3, 10);MoveSouthEast;(2, 8);False;1;987
;(3, 10);MoveSouthEast;(2, 8);False;1;988
;(3, 10);MoveSouthEast;(2, 8);False;1;989
MoveNorth;(3, 9);MoveSouthEast;(2, 8);False;1;990
;(3, 9);MoveSouthEast;(2, 8);False;1;991
;(3, 9);MoveSouthEast;(2, 8);False;1;992
MoveNorth;(3, 8);MoveSouthEast;(2, 8);False;1;993
;(3, 8);MoveSouthEast;(3, 9);False;1;994
;(3, 8);Idle;(3, 9);False;1;995
MoveEast;(4, 8);Idle;(3, 9);False;1;996
;(4, 8);Idle;(3, 9);False;1;997
;(4, 8);Idle;(3, 9);False;1;998
;(4, 8);Idle;(3, 9);False;1;999
;(4, 8);Idle;(3, 9);False;1;1000
;(4, 8);Idle;(3, 9);False;1;1001
;(4, 8);Idle;(3, 9);False;1;1002
;(4, 8);Idle;(3, 9);False;1;1003
;(4, 8);Idle;(3, 9);False;1;1004
MoveSouth;(4, 9);Idle;(3, 9);False;1;1005
;(4, 9);Idle;(3, 9);False;1;1006
;(4, 9);Idle;(3, 9);False;1;1007
;(4, 9);Idle;(3, 9);False;1;1008
;(4, 9);Idle;(3, 9);False;1;1009
;(4, 9);Idle;(3, 9);False;1;1010
;(4, 9);Idle;(3, 9);False;1;1011
;(4, 9);Idle;(3, 9);False;1;1012
;(4, 9);Idle;(3, 9);False;1;1013
;(4, 9);Idle;(3, 9);False;1;1014
;(4, 9);Idle;(3, 9);False;1;1015
;(4, 9);Idle;(3, 9);False;1;1016
;(4, 9);Idle;(3, 9);False;1;1017
MoveEast;(5, 9);Idle;(3, 9);False;1;1018
;(5, 9);Idle;(3, 9);False;1;1019
;(5, 9);Idle;(3, 9);False;1;1020
;(5, 9);Idle;(3, 9);False;1;1021
;(5, 9);Idle;(3, 9);False;1;1022
;(5, 9);Idle;(3, 9);False;1;1023
;(5, 9);Idle;(3, 9);False;1;1024
MoveEast;(6, 9);Idle;(3, 9);False;1;1025
;(6, 9);Idle;(3, 9);False;1;1026
;(6, 9);Idle;(3, 9);False;1;1027
;(6, 9);Idle;(3, 9);False;1;1028
;(6, 9);Idle;(3, 9);False;1;1029
;(6, 9);Idle;(3, 9);False;1;1030
;(6, 9);Idle;(3, 9);False;1;1031
;(6, 9);Idle;(3, 9);False;1;1032
MoveEast;(7, 9);Idle;(3, 9);False;1;1033
;(7, 9);Idle;(3, 9);False;1;1034
;(7, 9);Idle;(3, 9);False;1;1035
;(7, 9);Idle;(3, 9);False;1;1036
;(7, 9);Idle;(3, 9);False;1;1037
;(7, 9);Idle;(3, 9);False;1;1038
;(7, 9);Idle;(3, 9);False;1;1039
;(7, 9);Idle;(3, 9);False;1;1040
;(7, 9);Idle;(3, 9);False;1;1041
;(7, 9);Idle;(3, 9);False;1;1042
;(7, 9);Idle;(3, 9);False;1;1043
;(7, 9);Idle;(3, 9);False;1;1044
;(7, 9);Idle;(3, 9);False;1;1045
;(7, 9);Idle;(3, 9);False;1;1046
DropObject;(7, 9);Idle;(3, 9);False;1;1047
;(7, 9);Idle;(3, 9);False;1;1048
;(7, 9);Idle;(3, 9);False;1;1049
;(7, 9);;(3, 9);False;1;1050
MoveWest;(6, 9);Idle;(3, 9);False;1;1051
;(6, 9);Idle;(3, 9);False;1;1052
;(6, 9);Idle;(3, 9);False;1;1053
MoveWest;(5, 9);Idle;(3, 9);False;1;1054
;(5, 9);Idle;(3, 9);False;1;1055
MoveWest;(4, 9);Idle;(3, 9);False;1;1056
;(4, 9);Idle;(3, 9);False;1;1057
;(4, 9);Idle;(3, 9);False;1;1058
;(4, 9);Idle;(3, 9);False;1;1059
MoveWest;(3, 9);Idle;(3, 9);False;1;1060
;(3, 9);Idle;(3, 9);False;1;1061
;(3, 9);Idle;(3, 9);False;1;1062
MoveWest;(2, 9);Idle;(3, 9);False;1;1063
;(2, 9);Idle;(3, 9);False;1;1064
;(2, 9);Idle;(3, 9);False;1;1065
;(2, 9);Idle;(3, 9);False;1;1066
;(2, 9);Idle;(3, 9);False;1;1067
;(2, 9);Idle;(3, 9);False;1;1068
;(2, 9);Idle;(3, 9);False;1;1069
;(2, 9);Idle;(3, 9);False;1;1070
;(2, 9);Idle;(3, 9);False;1;1071
;(2, 9);Idle;(3, 9);False;1;1072
DropObject;(2, 9);Idle;(3, 9);False;1;1073
;(2, 9);Idle;(3, 9);False;1;1074
;(2, 9);Idle;(3, 9);False;1;1075
;(2, 9);Idle;(3, 9);False;1;1076
;(2, 9);Idle;(3, 9);False;1;1077
;(2, 9);Idle;(3, 9);False;1;1078
;(2, 9);Idle;(3, 9);False;1;1079
;(2, 9);Idle;(3, 9);False;1;1080
;(2, 9);Idle;(3, 9);False;1;1081
GrabObject;(2, 9);Idle;(3, 9);False;1;1082
;(2, 9);Idle;(3, 9);False;1;1083
MoveEast;(3, 9);Idle;(3, 9);False;1;1084
;(3, 9);Idle;(3, 9);False;1;1085
;(3, 9);Idle;(3, 9);False;1;1086
;(3, 9);Idle;(3, 9);False;1;1087
MoveEast;(4, 9);Idle;(3, 9);False;1;1088
;(4, 9);Idle;(3, 9);False;1;1089
MoveEast;(5, 9);Idle;(3, 9);False;1;1090
;(5, 9);Idle;(3, 9);False;1;1091
;(5, 9);Idle;(3, 9);False;1;1092
;(5, 9);Idle;(3, 9);False;1;1093
;(5, 9);Idle;(3, 9);False;1;1094
MoveEast;(6, 9);Idle;(3, 9);False;1;1095
;(6, 9);Idle;(3, 9);False;1;1096
;(6, 9);Idle;(3, 9);False;1;1097
;(6, 9);Idle;(3, 9);False;1;1098
;(6, 9);Idle;(3, 9);False;1;1099
;(6, 9);Idle;(3, 9);False;1;1100
;(6, 9);Idle;(3, 9);False;1;1101
;(6, 9);Idle;(3, 9);False;1;1102
;(6, 9);Idle;(3, 9);False;1;1103
DropObject;(6, 9);Idle;(3, 9);False;1;1104
;(6, 9);Idle;(3, 9);False;1;1105
;(6, 9);;(3, 9);False;1;1106
;(6, 9);MoveEast;(3, 9);False;1;1107
MoveWest;(5, 9);MoveEast;(3, 9);False;1;1108
;(5, 9);MoveEast;(3, 9);False;1;1109
;(5, 9);MoveEast;(3, 9);False;1;1110
;(5, 9);MoveEast;(3, 9);False;1;1111
;(5, 9);MoveEast;(3, 9);False;1;1112
MoveNorth;(5, 8);MoveEast;(3, 9);False;1;1113
;(5, 8);MoveEast;(3, 9);False;1;1114
;(5, 8);MoveEast;(3, 9);False;1;1115
;(5, 8);MoveEast;(3, 9);False;1;1116
;(5, 8);MoveEast;(4, 9);False;1;1117
MoveEast;(6, 8);MoveEast;(4, 9);False;1;1118
;(6, 8);MoveEast;(4, 9);False;1;1119
;(6, 8);MoveEast;(4, 9);False;1;1120
;(6, 8);MoveEast;(4, 9);False;1;1121
;(6, 8);MoveEast;(4, 9);False;1;1122
MoveEast;(7, 8);MoveEast;(4, 9);False;1;1123
;(7, 8);MoveEast;(4, 9);False;1;1124
;(7, 8);MoveEast;(4, 9);False;1;1125
;(7, 8);MoveEast;(4, 9);False;1;1126
MoveEast;(8, 8);MoveEast;(4, 9);False;1;1127
;(8, 8);MoveEast;(5, 9);False;1;1128
MoveEast;(9, 8);MoveEast;(5, 9);False;1;1129
;(9, 8);MoveEast;(5, 9);False;1;1130
;(9, 8);MoveEast;(5, 9);False;1;1131
MoveEast;(10, 8);MoveEast;(5, 9);False;1;1132
;(10, 8);MoveEast;(5, 9);False;1;1133
;(10, 8);MoveEast;(5, 9);False;1;1134
;(10, 8);MoveEast;(5, 9);False;1;1135
MoveNorth;(10, 7);MoveEast;(5, 9);False;1;1136
;(10, 7);MoveEast;(5, 9);False;1;1137
;(10, 7);MoveEast;(5, 9);False;1;1138
;(10, 7);MoveEast;(6, 9);False;1;1139
MoveNorth;(10, 6);MoveEast;(6, 9);False;1;1140
;(10, 6);MoveEast;(6, 9);False;1;1141
;(10, 6);MoveEast;(6, 9);False;1;1142
;(10, 6);MoveEast;(6, 9);False;1;1143
;(10, 6);MoveEast;(6, 9);False;1;1144
;(10, 6);MoveEast;(6, 9);False;1;1145
;(10, 6);MoveEast;(6, 9);False;1;1146
;(10, 6);MoveEast;(6, 9);False;1;1147
MoveNorth;(10, 5);MoveEast;(6, 9);False;1;1148
;(10, 5);MoveEast;(6, 9);False;1;1149
;(10, 5);MoveEast;(7, 9);False;1;1150
;(10, 5);MoveEast;(7, 9);False;1;1151
;(10, 5);MoveEast;(7, 9);False;1;1152
;(10, 5);MoveEast;(7, 9);False;1;1153
;(10, 5);MoveEast;(7, 9);False;1;1154
;(10, 5);MoveEast;(7, 9);False;1;1155
;(10, 5);MoveEast;(7, 9);False;1;1156
MoveSouth;(10, 6);MoveEast;(7, 9);False;1;1157
;(10, 6);MoveEast;(7, 9);False;1;1158
;(10, 6);MoveEast;(7, 9);False;1;1159
;(10, 6);MoveEast;(7, 9);False;1;1160
GrabObject;(10, 6);MoveEast;(8, 9);False;1;1161
;(10, 6);GrabObject;(8, 9);False;1;1162
;(10, 6);GrabObject;(8, 9);False;1;1163
;(10, 6);GrabObject;(8, 9);False;1;1164
;(10, 6);GrabObject;(8, 9);False;1;1165
GrabObject;(10, 6);GrabObject;(8, 9);False;1;1166
;(10, 6);GrabObject;(8, 9);False;1;1167
;(10, 6);GrabObject;(8, 9);False;1;1168
GrabObject;(10, 6);GrabObject;(8, 9);False;1;1169
;(10, 6);GrabObject;(8, 9);False;1;1170
;(10, 6);GrabObject;(8, 9);False;1;1171
GrabObject;(10, 6);GrabObject;(8, 9);False;1;1172
;(10, 6);;(8, 9);False;1;1173
;(10, 6);MoveWest;(8, 9);False;1;1174
GrabObject;(10, 6);MoveWest;(8, 9);False;1;1175
;(10, 6);MoveWest;(8, 9);False;1;1176
;(10, 6);MoveWest;(8, 9);False;1;1177
GrabObject;(10, 6);MoveWest;(8, 9);False;1;1178
;(10, 6);MoveWest;(8, 9);False;1;1179
;(10, 6);MoveWest;(8, 9);False;1;1180
GrabObject;(10, 6);MoveWest;(8, 9);False;1;1181
;(10, 6);MoveWest;(8, 9);False;1;1182
;(10, 6);MoveWest;(8, 9);False;1;1183
GrabObject;(10, 6);MoveWest;(7, 9);False;1;1184
;(10, 6);MoveWest;(7, 9);False;1;1185
;(10, 6);MoveWest;(7, 9);False;1;1186
GrabObject;(10, 6);MoveWest;(7, 9);False;1;1187
;(10, 6);MoveWest;(7, 9);False;1;1188
;(10, 6);MoveWest;(7, 9);False;1;1189
;(10, 6);MoveWest;(7, 9);False;1;1190
;(10, 6);MoveWest;(7, 9);False;1;1191
;(10, 6);MoveWest;(7, 9);False;1;1192
;(10, 6);MoveWest;(7, 9);False;1;1193
;(10, 6);MoveWest;(7, 9);False;1;1194
;(10, 6);MoveWest;(6, 9);False;1;1195
;(10, 6);MoveWest;(6, 9);False;1;1196
;(10, 6);MoveWest;(6, 9);False;1;1197
;(10, 6);MoveWest;(6, 9);False;1;1198
;(10, 6);MoveWest;(6, 9);False;1;1199
;(10, 6);MoveWest;(6, 9);False;1;1200
;(10, 6);MoveWest;(6, 9);False;1;1201
;(10, 6);MoveWest;(6, 9);False;1;1202
;(10, 6);MoveWest;(6, 9);False;1;1203
;(10, 6);MoveWest;(6, 9);False;1;1204
MoveSouth;(10, 7);MoveWest;(6, 9);False;1;1205
;(10, 7);MoveWest;(5, 9);False;1;1206
;(10, 7);MoveNorthWest;(5, 9);False;1;1207
;(10, 7);MoveNorthWest;(5, 9);False;1;1208
;(10, 7);MoveNorthWest;(5, 9);False;1;1209
;(10, 7);MoveNorthWest;(5, 9);False;1;1210
;(10, 7);MoveNorthWest;(5, 9);False;1;1211
;(10, 7);MoveNorthWest;(5, 9);False;1;1212
;(10, 7);MoveNorthWest;(5, 9);False;1;1213
MoveEast;(11, 7);MoveNorthWest;(5, 9);False;1;1214
;(11, 7);MoveNorthWest;(5, 9);False;1;1215
;(11, 7);MoveNorthWest;(5, 9);False;1;1216
MoveSouth;(11, 8);MoveNorthWest;(4, 8);False;1;1217
;(11, 8);MoveWest;(4, 8);False;1;1218
;(11, 8);MoveWest;(4, 8);False;1;1219
;(11, 8);MoveWest;(4, 8);False;1;1220
MoveSouth;(11, 9);MoveWest;(4, 8);False;1;1221
;(11, 9);MoveWest;(4, 8);False;1;1222
;(11, 9);MoveWest;(4, 8);False;1;1223
;(11, 9);MoveWest;(4, 8);False;1;1224
;(11, 9);MoveWest;(4, 8);False;1;1225
;(11, 9);MoveWest;(4, 8);False;1;1226
;(11, 9);MoveWest;(4, 8);False;1;1227
;(11, 9);MoveWest;(3, 8);False;1;1228
MoveEast;(12, 9);MoveNorthWest;(3, 8);False;1;1229
;(12, 9);MoveNorthWest;(3, 8);False;1;1230
;(12, 9);MoveNorthWest;(3, 8);False;1;1231
MoveEast;(13, 9);MoveNorthWest;(3, 8);False;1;1232
;(13, 9);MoveNorthWest;(3, 8);False;1;1233
;(13, 9);MoveNorthWest;(3, 8);False;1;1234
;(13, 9);MoveNorthWest;(3, 8);False;1;1235
MoveEast;(14, 9);MoveNorthWest;(3, 8);False;1;1236
;(14, 9);MoveNorthWest;(3, 8);False;1;1237
;(14, 9);MoveNorthWest;(3, 8);False;1;1238
;(14, 9);MoveNorthWest;(2, 7);False;1;1239
;(14, 9);MoveWest;(2, 7);False;1;1240
;(14, 9);MoveWest;(2, 7);False;1;1241
;(14, 9);MoveWest;(2, 7);False;1;1242
;(14, 9);MoveWest;(2, 7);False;1;1243
;(14, 9);MoveWest;(2, 7);False;1;1244
MoveSouth;(14, 10);MoveWest;(2, 7);False;1;1245
;(14, 10);MoveWest;(2, 7);False;1;1246
;(14, 10);MoveWest;(2, 7);False;1;1247
;(14, 10);MoveWest;(2, 7);False;1;1248
;(14, 10);MoveWest;(2, 7);False;1;1249
;(14, 10);MoveWest;(1, 7);False;1;1250
;(14, 10);DropObject;(1, 7);False;1;1251
;(14, 10);DropObject;(1, 7);False;1;1252
DropObject;(14, 10);DropObject;(1, 7);False;1;1253
;(14, 10);DropObject;(1, 7);False;1;1254
;(14, 10);DropObject;(1, 7);False;1;1255
;(14, 10);DropObject;(1, 7);False;1;1256
;(14, 10);DropObject;(1, 7);False;1;1257
;(14, 10);DropObject;(1, 7);False;1;1258
;(14, 10);DropObject;(1, 7);False;1;1259
;(14, 10);DropObject;(1, 7);False;1;1260
;(14, 10);DropObject;(1, 7);False;1;1261
;(14, 10);;(1, 7);False;1;1262
;(14, 10);MoveEast;(1, 7);False;1;1263
;(14, 10);MoveEast;(1, 7);False;1;1264
;(14, 10);MoveEast;(1, 7);False;1;1265
MoveEast;(15, 10);MoveEast;(1, 7);False;1;1266
;(15, 10);MoveEast;(1, 7);False;1;1267
;(15, 10);MoveEast;(1, 7);False;1;1268
;(15, 10);MoveEast;(1, 7);False;1;1269
MoveEast;(16, 10);MoveEast;(1, 7);False;1;1270
;(16, 10);MoveEast;(1, 7);False;1;1271
;(16, 10);MoveEast;(1, 7);False;1;1272
;(16, 10);MoveEast;(2, 7);False;1;1273
;(16, 10);MoveEast;(2, 7);False;1;1274
;(16, 10);MoveEast;(2, 7);False;1;1275
;(16, 10);MoveEast;(2, 7);False;1;1276
;(16, 10);MoveEast;(2, 7);False;1;1277
;(16, 10);MoveEast;(2, 7);False;1;1278
MoveWest;(15, 10);MoveEast;(2, 7);False;1;1279
;(15, 10);MoveEast;(2, 7);False;1;1280
;(15, 10);MoveEast;(2, 7);False;1;1281
MoveWest;(14, 10);MoveEast;(2, 7);False;1;1282
;(14, 10);MoveEast;(2, 7);False;1;1283
;(14, 10);MoveEast;(3, 7);False;1;1284
;(14, 10);MoveWest;(3, 7);False;1;1285
GrabObject;(14, 10);MoveWest;(3, 7);False;1;1286
;(14, 10);MoveWest;(3, 7);False;1;1287
MoveEast;(15, 10);MoveWest;(3, 7);False;1;1288
;(15, 10);MoveWest;(3, 7);False;1;1289
MoveEast;(16, 10);MoveWest;(3, 7);False;1;1290
;(16, 10);MoveWest;(3, 7);False;1;1291
;(16, 10);MoveWest;(3, 7);False;1;1292
MoveEast;(17, 10);MoveWest;(3, 7);False;1;1293
;(17, 10);MoveWest;(3, 7);False;1;1294
MoveEast;(18, 10);MoveWest;(2, 7);False;1;1295
;(18, 10);MoveWest;(2, 7);False;1;1296
;(18, 10);MoveWest;(2, 7);False;1;1297
;(18, 10);MoveWest;(2, 7);False;1;1298
DropObject;(18, 10);MoveWest;(2, 7);False;1;1299
;(18, 10);MoveWest;(2, 7);False;1;1300
;(18, 10);MoveWest;(2, 7);False;1;1301
;(18, 10);MoveWest;(2, 7);False;1;1302
MoveWest;(17, 10);MoveWest;(2, 7);False;1;1303
;(17, 10);MoveWest;(2, 7);False;1;1304
;(17, 10);MoveWest;(2, 7);False;1;1305
MoveWest;(16, 10);MoveWest;(1, 7);False;1;1306
;(16, 10);MoveEast;(1, 7);False;1;1307
MoveWest;(15, 10);MoveEast;(1, 7);False;1;1308
;(15, 10);MoveEast;(1, 7);False;1;1309
;(15, 10);MoveEast;(1, 7);False;1;1310
MoveWest;(14, 10);MoveEast;(1, 7);False;1;1311
;(14, 10);MoveEast;(1, 7);False;1;1312
;(14, 10);MoveEast;(1, 7);False;1;1313
MoveWest;(13, 10);MoveEast;(1, 7);False;1;1314
;(13, 10);MoveEast;(1, 7);False;1;1315
;(13, 10);MoveEast;(1, 7);False;1;1316
MoveWest;(12, 10);MoveEast;(2, 7);False;1;1317
;(12, 10);MoveEast;(2, 7);False;1;1318
;(12, 10);MoveEast;(2, 7);False;1;1319
;(12, 10);MoveEast;(2, 7);False;1;1320
;(12, 10);MoveEast;(2, 7);False;1;1321
MoveNorth;(12, 9);MoveEast;(2, 7);False;1;1322
;(12, 9);MoveEast;(2, 7);False;1;1323
;(12, 9);MoveEast;(2, 7);False;1;1324
MoveNorth;(12, 8);MoveEast;(2, 7);False;1;1325
;(12, 8);MoveEast;(2, 7);False;1;1326
;(12, 8);MoveEast;(2, 7);False;1;1327
;(12, 8);MoveEast;(3, 7);False;1;1328
;(12, 8);MoveWest;(3, 7);False;1;1329
;(12, 8);MoveWest;(3, 7);False;1;1330
;(12, 8);MoveWest;(3, 7);False;1;1331
;(12, 8);MoveWest;(3, 7);False;1;1332
;(12, 8);MoveWest;(3, 7);False;1;1333
;(12, 8);MoveWest;(3, 7);False;1;1334
;(12, 8);MoveWest;(3, 7);False;1;1335
;(12, 8);MoveWest;(3, 7);False;1;1336
;(12, 8);MoveWest;(3, 7);False;1;1337
MoveWest;(11, 8);MoveWest;(3, 7);False;1;1338
;(11, 8);MoveWest;(2, 7);False;1;1339
;(11, 8);MoveWest;(2, 7);False;1;1340
MoveNorth;(11, 7);MoveWest;(2, 7);False;1;1341
;(11, 7);MoveWest;(2, 7);False;1;1342
;(11, 7);MoveWest;(2, 7);False;1;1343
;(11, 7);MoveWest;(2, 7);False;1;1344
MoveNorth;(11, 6);MoveWest;(2, 7);False;1;1345
;(11, 6);MoveWest;(2, 7);False;1;1346
;(11, 6);MoveWest;(2, 7);False;1;1347
;(11, 6);MoveWest;(2, 7);False;1;1348
;(11, 6);MoveWest;(2, 7);False;1;1349
;(11, 6);MoveWest;(1, 7);False;1;1350
;(11, 6);MoveEast;(1, 7);False;1;1351
;(11, 6);MoveEast;(1, 7);False;1;1352
;(11, 6);MoveEast;(1, 7);False;1;1353
;(11, 6);MoveEast;(1, 7);False;1;1354
;(11, 6);MoveEast;(1, 7);False;1;1355
;(11, 6);MoveEast;(1, 7);False;1;1356
;(11, 6);MoveEast;(1, 7);False;1;1357
;(11, 6);MoveEast;(1, 7);False;1;1358
GrabObject;(11, 6);MoveEast;(1, 7);False;1;1359
;(11, 6);MoveEast;(1, 7);False;1;1360
;(11, 6);MoveEast;(2, 7);False;1;1361
;(11, 6);MoveEast;(2, 7);False;1;1362
GrabObject;(11, 6);MoveEast;(2, 7);False;1;1363
;(11, 6);MoveEast;(2, 7);False;1;1364
;(11, 6);MoveEast;(2, 7);False;1;1365
GrabObject;(11, 6);MoveEast;(2, 7);False;1;1366
;(11, 6);MoveEast;(2, 7);False;1;1367
;(11, 6);MoveEast;(2, 7);False;1;1368
GrabObject;(11, 6);MoveEast;(2, 7);False;1;1369
;(11, 6);MoveEast;(2, 7);False;1;1370
;(11, 6);MoveEast;(2, 7);False;1;1371
GrabObject;(11, 6);MoveEast;(3, 7);False;1;1372
;(11, 6);MoveWest;(3, 7);False;1;1373
;(11, 6);MoveWest;(3, 7);False;1;1374
GrabObject;(11, 6);MoveWest;(3, 7);False;1;1375
;(11, 6);MoveWest;(3, 7);False;1;1376
;(11, 6);MoveWest;(3, 7);False;1;1377
GrabObject;(11, 6);MoveWest;(3, 7);False;1;1378
;(11, 6);MoveWest;(3, 7);False;1;1379
;(11, 6);MoveWest;(3, 7);False;1;1380
;(11, 6);MoveWest;(3, 7);False;1;1381
;(11, 6);MoveWest;(3, 7);False;1;1382
;(11, 6);MoveWest;(2, 7);False;1;1383
;(11, 6);MoveWest;(2, 7);False;1;1384
;(11, 6);MoveWest;(2, 7);False;1;1385
;(11, 6);MoveWest;(2, 7);False;1;1386
;(11, 6);MoveWest;(2, 7);False;1;1387
;(11, 6);MoveWest;(2, 7);False;1;1388
;(11, 6);MoveWest;(2, 7);False;1;1389
;(11, 6);MoveWest;(2, 7);False;1;1390
;(11, 6);MoveWest;(2, 7);False;1;1391
;(11, 6);MoveWest;(2, 7);False;1;1392
;(11, 6);MoveWest;(2, 7);False;1;1393
;(11, 6);MoveWest;(1, 7);False;1;1394
;(11, 6);;(1, 7);False;1;1395
;(11, 6);Idle;(1, 7);False;1;1396
;(11, 6);Idle;(1, 7);False;1;1397
;(11, 6);Idle;(1, 7);False;1;1398
;(11, 6);Idle;(1, 7);False;1;1399
;(11, 6);Idle;(1, 7);False;1;1400
MoveWest;(10, 6);Idle;(1, 7);False;1;1401
;(10, 6);Idle;(1, 7);False;1;1402
;(10, 6);Idle;(1, 7);False;1;1403
;(10, 6);Idle;(1, 7);False;1;1404
MoveWest;(9, 6);Idle;(1, 7);False;1;1405
;(9, 6);Idle;(1, 7);False;1;1406
;(9, 6);Idle;(1, 7);False;1;1407
;(9, 6);Idle;(1, 7);False;1;1408
;(9, 6);Idle;(1, 7);False;1;1409
GrabObject;(9, 6);Idle;(1, 7);False;1;1410
;(9, 6);Idle;(1, 7);False;1;1411
;(9, 6);Idle;(1, 7);False;1;1412
;(9, 6);Idle;(1, 7);False;1;1413
;(9, 6);Idle;(1, 7);False;1;1414
;(9, 6);Idle;(1, 7);False;1;1415
MoveEast;(10, 6);Idle;(1, 7);False;1;1416
;(10, 6);Idle;(1, 7);False;1;1417
;(10, 6);Idle;(1, 7);False;1;1418
;(10, 6);Idle;(1, 7);False;1;1419
MoveEast;(11, 6);Idle;(1, 7);False;1;1420
;(11, 6);Idle;(1, 7);False;1;1421
MoveEast;(12, 6);Idle;(1, 7);False;1;1422
;(12, 6);Idle;(1, 7);False;1;1423
;(12, 6);Idle;(1, 7);False;1;1424
;(12, 6);Idle;(1, 7);False;1;1425
;(12, 6);Idle;(1, 7);False;1;1426
;(12, 6);Idle;(1, 7);False;1;1427
;(12, 6);Idle;(1, 7);False;1;1428
;(12, 6);Idle;(1, 7);False;1;1429
GrabObject;(12, 6);Idle;(1, 7);False;1;1430
MoveWest;(11, 6);Idle;(1, 7);False;1;1431
;(11, 6);Idle;(1, 7);False;1;1432
;(11, 6);Idle;(1, 7);False;1;1433
;(11, 6);Idle;(1, 7);False;1;1434
MoveWest;(10, 6);Idle;(1, 7);False;1;1435
;(10, 6);Idle;(1, 7);False;1;1436
;(10, 6);Idle;(1, 7);False;1;1437
MoveWest;(9, 6);Idle;(1, 7);False;1;1438
;(9, 6);Idle;(1, 7);False;1;1439
MoveWest;(8, 6);Idle;(1, 7);False;1;1440
;(8, 6);Idle;(1, 7);False;1;1441
;(8, 6);Idle;(1, 7);False;1;1442
MoveWest;(7, 6);Idle;(1, 7);False;1;1443
;(7, 6);Idle;(1, 7);False;1;1444
;(7, 6);Idle;(1, 7);False;1;1445
;(7, 6);Idle;(1, 7);False;1;1446
;(7, 6);Idle;(1, 7);False;1;1447
DropObject;(7, 6);Idle;(1, 7);False;1;1448
;(7, 6);Idle;(1, 7);False;1;1449
;(7, 6);Idle;(1, 7);False;1;1450
;(7, 6);;(1, 7);False;1;1451
;(7, 6);MoveEast;(1, 7);False;1;1452
;(7, 6);MoveEast;(1, 7);False;1;1453
;(7, 6);MoveEast;(1, 7);False;1;1454
;(7, 6);MoveEast;(1, 7);False;1;1455
;(7, 6);MoveEast;(1, 7);False;1;1456
GrabObject;(7, 6);MoveEast;(1, 7);False;1;1457
;(7, 6);MoveEast;(1, 7);False;1;1458
;(7, 6);MoveEast;(1, 7);False;1;1459
;(7, 6);MoveEast;(1, 7);False;1;1460
GrabObject;(7, 6);MoveEast;(1, 7);False;1;1461
;(7, 6);MoveEast;(2, 7);False;1;1462
GrabObject;(7, 6);MoveEast;(2, 7);False;1;1463
;(7, 6);MoveEast;(2, 7);False;1;1464
;(7, 6);MoveEast;(2, 7);False;1;1465
MoveEast;(8, 6);MoveEast;(2, 7);False;1;1466
;(8, 6);MoveEast;(2, 7);False;1;1467
;(8, 6);MoveEast;(2, 7);False;1;1468
MoveEast;(9, 6);MoveEast;(2, 7);False;1;1469
;(9, 6);MoveEast;(2, 7);False;1;1470
;(9, 6);MoveEast;(2, 7);False;1;1471
;(9, 6);MoveEast;(2, 7);False;1;1472
;(9, 6);MoveEast;(3, 7);False;1;1473
;(9, 6);MoveWest;(3, 7);False;1;1474
GrabObject;(9, 6);MoveWest;(3, 7);False;1;1475
;(9, 6);MoveWest;(3, 7);False;1;1476
;(9, 6);MoveWest;(3, 7);False;1;1477
;(9, 6);MoveWest;(3, 7);False;1;1478
;(9, 6);MoveWest;(3, 7);False;1;1479
;(9, 6);MoveWest;(3, 7);False;1;1480
MoveWest;(8, 6);MoveWest;(3, 7);False;1;1481
;(8, 6);MoveWest;(3, 7);False;1;1482
;(8, 6);MoveWest;(3, 7);False;1;1483
;(8, 6);MoveWest;(2, 7);False;1;1484
;(8, 6);MoveWest;(2, 7);False;1;1485
MoveWest;(7, 6);MoveWest;(2, 7);False;1;1486
;(7, 6);MoveWest;(2, 7);False;1;1487
;(7, 6);MoveWest;(2, 7);False;1;1488
GrabObject;(7, 6);MoveWest;(2, 7);False;1;1489
MoveWest;(6, 6);MoveWest;(2, 7);False;1;1490
;(6, 6);MoveWest;(2, 7);False;1;1491
;(6, 6);MoveWest;(2, 7);False;1;1492
;(6, 6);MoveWest;(2, 7);False;1;1493
;(6, 6);MoveWest;(2, 7);False;1;1494
;(6, 6);MoveWest;(1, 7);False;1;1495
;(6, 6);MoveEast;(1, 7);False;1;1496
;(6, 6);MoveEast;(1, 7);False;1;1497
;(6, 6);MoveEast;(1, 7);False;1;1498
;(6, 6);MoveEast;(1, 7);False;1;1499
;(6, 6);MoveEast;(1, 7);False;1;1500
;(6, 6);MoveEast;(1, 7);False;1;1501
;(6, 6);MoveEast;(1, 7);False;1;1502
;(6, 6);MoveEast;(1, 7);False;1;1503
;(6, 6);MoveEast;(1, 7);False;1;1504
MoveEast;(7, 6);MoveEast;(1, 7);False;1;1505
;(7, 6);MoveEast;(2, 7);False;1;1506
;(7, 6);MoveEast;(2, 7);False;1;1507
MoveEast;(8, 6);MoveEast;(2, 7);False;1;1508
;(8, 6);MoveEast;(2, 7);False;1;1509
;(8, 6);MoveEast;(2, 7);False;1;1510
;(8, 6);MoveEast;(2, 7);False;1;1511
;(8, 6);MoveEast;(2, 7);False;1;1512
;(8, 6);MoveEast;(2, 7);False;1;1513
;(8, 6);MoveEast;(2, 7);False;1;1514
;(8, 6);MoveEast;(2, 7);False;1;1515
;(8, 6);MoveEast;(2, 7);False;1;1516
;(8, 6);MoveEast;(3, 7);False;1;1517
;(8, 6);MoveWest;(3, 7);False;1;1518
;(8, 6);MoveWest;(3, 7);False;1;1519
GrabObject;(8, 6);MoveWest;(3, 7);False;1;1520
;(8, 6);MoveWest;(3, 7);False;1;1521
;(8, 6);MoveWest;(3, 7);False;1;1522
GrabObject;(8, 6);MoveWest;(3, 7);False;1;1523
;(8, 6);MoveWest;(3, 7);False;1;1524
;(8, 6);MoveWest;(3, 7);False;1;1525
GrabObject;(8, 6);MoveWest;(3, 7);False;1;1526
;(8, 6);MoveWest;(3, 7);False;1;1527
;(8, 6);MoveWest;(2, 7);False;1;1528
;(8, 6);MoveWest;(2, 7);False;1;1529
;(8, 6);MoveWest;(2, 7);False;1;1530
;(8, 6);MoveWest;(2, 7);False;1;1531
;(8, 6);MoveWest;(2, 7);False;1;1532
;(8, 6);MoveWest;(2, 7);False;1;1533
;(8, 6);MoveWest;(2, 7);False;1;1534
MoveWest;(7, 6);MoveWest;(2, 7);False;1;1535
;(7, 6);MoveWest;(2, 7);False;1;1536
;(7, 6);MoveWest;(2, 7);False;1;1537
;(7, 6);MoveWest;(2, 7);False;1;1538
;(7, 6);MoveWest;(1, 7);False;1;1539
;(7, 6);MoveEast;(1, 7);False;1;1540
;(7, 6);MoveEast;(1, 7);False;1;1541
;(7, 6);MoveEast;(1, 7);False;1;1542
;(7, 6);MoveEast;(1, 7);False;1;1543
;(7, 6);MoveEast;(1, 7);False;1;1544
GrabObject;(7, 6);MoveEast;(1, 7);False;1;1545
;(7, 6);MoveEast;(1, 7);False;1;1546
MoveEast;(8, 6);MoveEast;(1, 7);False;1;1547
;(8, 6);MoveEast;(1, 7);False;1;1548
;(8, 6);MoveEast;(1, 7);False;1;1549
MoveEast;(9, 6);MoveEast;(2, 7);False;1;1550
;(9, 6);MoveEast;(2, 7);False;1;1551
GrabObject;(9, 6);MoveEast;(2, 7);False;1;1552
;(9, 6);MoveEast;(2, 7);False;1;1553
MoveEast;(10, 6);MoveEast;(2, 7);False;1;1554
;(10, 6);MoveEast;(2, 7);False;1;1555
GrabObject;(10, 6);MoveEast;(2, 7);False;1;1556
MoveEast;(11, 6);MoveEast;(2, 7);False;1;1557
;(11, 6);MoveEast;(2, 7);False;1;1558
GrabObject;(11, 6);MoveEast;(2, 7);False;1;1559
;(11, 6);MoveEast;(2, 7);False;1;1560
;(11, 6);MoveEast;(3, 7);False;1;1561
;(11, 6);MoveWest;(3, 7);False;1;1562
;(11, 6);MoveWest;(3, 7);False;1;1563
;(11, 6);MoveWest;(3, 7);False;1;1564
;(11, 6);MoveWest;(3, 7);False;1;1565
;(11, 6);MoveWest;(3, 7);False;1;1566
;(11, 6);MoveWest;(3, 7);False;1;1567
;(11, 6);MoveWest;(3, 7);False;1;1568
MoveWest;(10, 6);MoveWest;(3, 7);False;1;1569
;(10, 6);MoveWest;(3, 7);False;1;1570
;(10, 6);MoveWest;(3, 7);False;1;1571
;(10, 6);MoveWest;(2, 7);False;1;1572
;(10, 6);MoveWest;(2, 7);False;1;1573
;(10, 6);MoveWest;(2, 7);False;1;1574
;(10, 6);MoveWest;(2, 7);False;1;1575
;(10, 6);MoveWest;(2, 7);False;1;1576
;(10, 6);MoveWest;(2, 7);False;1;1577
;(10, 6);MoveWest;(2, 7);False;1;1578
;(10, 6);MoveWest;(2, 7);False;1;1579
;(10, 6);MoveWest;(2, 7);False;1;1580
;(10, 6);MoveWest;(2, 7);False;1;1581
;(10, 6);MoveWest;(2, 7);False;1;1582
;(10, 6);MoveWest;(1, 7);False;1;1583
;(10, 6);;(1, 7);False;1;1584
;(10, 6);Idle;(1, 7);False;1;1585
;(10, 6);Idle;(1, 7);False;1;1586
;(10, 6);Idle;(1, 7);False;1;1587
;(10, 6);Idle;(1, 7);False;1;1588
;(10, 6);Idle;(1, 7);False;1;1589
;(10, 6);Idle;(1, 7);False;1;1590
;(10, 6);Idle;(1, 7);False;1;1591
;(10, 6);Idle;(1, 7);False;1;1592
;(10, 6);Idle;(1, 7);False;1;1593
;(10, 6);Idle;(1, 7);False;1;1594
;(10, 6);Idle;(1, 7);False;1;1595
;(10, 6);Idle;(1, 7);False;1;1596
;(10, 6);Idle;(1, 7);False;1;1597
;(10, 6);Idle;(1, 7);False;1;1598
;(10, 6);Idle;(1, 7);False;1;1599
;(10, 6);Idle;(1, 7);False;1;1600
;(10, 6);Idle;(1, 7);False;1;1601
;(10, 6);Idle;(1, 7);False;1;1602
;(10, 6);Idle;(1, 7);False;1;1603
;(10, 6);Idle;(1, 7);False;1;1604
;(10, 6);Idle;(1, 7);False;1;1605
;(10, 6);Idle;(1, 7);False;1;1606
;(10, 6);Idle;(1, 7);False;1;1607
;(10, 6);Idle;(1, 7);False;1;1608
;(10, 6);Idle;(1, 7);False;1;1609
;(10, 6);Idle;(1, 7);False;1;1610
;(10, 6);Idle;(1, 7);False;1;1611
;(10, 6);Idle;(1, 7);False;1;1612
;(10, 6);Idle;(1, 7);False;1;1613
;(10, 6);Idle;(1, 7);False;1;1614
;(10, 6);Idle;(1, 7);False;1;1615
;(10, 6);Idle;(1, 7);False;1;1616
;(10, 6);Idle;(1, 7);False;1;1617
;(10, 6);Idle;(1, 7);False;1;1618
;(10, 6);Idle;(1, 7);False;1;1619
;(10, 6);Idle;(1, 7);False;1;1620
;(10, 6);Idle;(1, 7);False;1;1621
;(10, 6);Idle;(1, 7);False;1;1622
;(10, 6);Idle;(1, 7);False;1;1623
;(10, 6);Idle;(1, 7);False;1;1624
;(10, 6);Idle;(1, 7);False;1;1625
;(10, 6);Idle;(1, 7);False;1;1626
;(10, 6);Idle;(1, 7);False;1;1627
;(10, 6);Idle;(1, 7);False;1;1628
;(10, 6);Idle;(1, 7);False;1;1629
;(10, 6);Idle;(1, 7);False;1;1630
;(10, 6);Idle;(1, 7);False;1;1631
;(10, 6);Idle;(1, 7);False;1;1632
;(10, 6);Idle;(1, 7);False;1;1633
;(10, 6);Idle;(1, 7);False;1;1634
;(10, 6);Idle;(1, 7);False;1;1635
;(10, 6);Idle;(1, 7);False;1;1636
;(10, 6);Idle;(1, 7);False;1;1637
;(10, 6);Idle;(1, 7);False;1;1638
;(10, 6);Idle;(1, 7);False;1;1639
;(10, 6);;(1, 7);False;1;1640
;(10, 6);MoveEast;(1, 7);False;1;1641
;(10, 6);MoveEast;(1, 7);False;1;1642
;(10, 6);MoveEast;(1, 7);False;1;1643
;(10, 6);MoveEast;(1, 7);False;1;1644
;(10, 6);MoveEast;(1, 7);False;1;1645
;(10, 6);MoveEast;(1, 7);False;1;1646
;(10, 6);MoveEast;(1, 7);False;1;1647
;(10, 6);MoveEast;(1, 7);False;1;1648
;(10, 6);MoveEast;(1, 7);False;1;1649
;(10, 6);MoveEast;(1, 7);False;1;1650
;(10, 6);MoveEast;(2, 7);False;1;1651
;(10, 6);MoveEast;(2, 7);False;1;1652
;(10, 6);MoveEast;(2, 7);False;1;1653
;(10, 6);MoveEast;(2, 7);False;1;1654
;(10, 6);MoveEast;(2, 7);False;1;1655
GrabObject;(10, 6);MoveEast;(2, 7);False;1;1656
;(10, 6);MoveEast;(2, 7);False;1;1657
GrabObject;(10, 6);MoveEast;(2, 7);False;1;1658
;(10, 6);MoveEast;(2, 7);False;1;1659
;(10, 6);MoveEast;(2, 7);False;1;1660
GrabObject;(10, 6);MoveEast;(2, 7);False;1;1661
;(10, 6);MoveEast;(3, 7);False;1;1662
;(10, 6);MoveEast;(3, 7);False;1;1663
GrabObject;(10, 6);MoveEast;(3, 7);False;1;1664
;(10, 6);MoveEast;(3, 7);False;1;1665
;(10, 6);MoveEast;(3, 7);False;1;1666
;(10, 6);MoveEast;(3, 7);False;1;1667
;(10, 6);MoveEast;(3, 7);False;1;1668
;(10, 6);MoveEast;(3, 7);False;1;1669
;(10, 6);MoveEast;(3, 7);False;1;1670
;(10, 6);MoveEast;(3, 7);False;1;1671
;(10, 6);MoveEast;(3, 7);False;1;1672
;(10, 6);MoveEast;(4, 7);False;1;1673
;(10, 6);MoveEast;(4, 7);False;1;1674
;(10, 6);MoveEast;(4, 7);False;1;1675
;(10, 6);MoveEast;(4, 7);False;1;1676
;(10, 6);MoveEast;(4, 7);False;1;1677
;(10, 6);MoveEast;(4, 7);False;1;1678
;(10, 6);MoveEast;(4, 7);False;1;1679
;(10, 6);MoveEast;(4, 7);False;1;1680
;(10, 6);MoveEast;(4, 7);False;1;1681
;(10, 6);MoveEast;(4, 7);False;1;1682
;(10, 6);MoveEast;(4, 7);False;1;1683
;(10, 6);MoveEast;(5, 7);False;1;1684
;(10, 6);MoveEast;(5, 7);False;1;1685
;(10, 6);MoveEast;(5, 7);False;1;1686
;(10, 6);MoveEast;(5, 7);False;1;1687
;(10, 6);MoveEast;(5, 7);False;1;1688
;(10, 6);MoveEast;(5, 7);False;1;1689
;(10, 6);MoveEast;(5, 7);False;1;1690
;(10, 6);MoveEast;(5, 7);False;1;1691
;(10, 6);MoveEast;(5, 7);False;1;1692
;(10, 6);MoveEast;(5, 7);False;1;1693
;(10, 6);MoveEast;(5, 7);False;1;1694
;(10, 6);MoveEast;(6, 7);False;1;1695
;(10, 6);MoveEast;(6, 7);False;1;1696
;(10, 6);MoveEast;(6, 7);False;1;1697
;(10, 6);MoveEast;(6, 7);False;1;1698
;(10, 6);MoveEast;(6, 7);False;1;1699
;(10, 6);MoveEast;(6, 7);False;1;1700
;(10, 6);MoveEast;(6, 7);False;1;1701
;(10, 6);MoveEast;(6, 7);False;1;1702
;(10, 6);MoveEast;(6, 7);False;1;1703
;(10, 6);MoveEast;(6, 7);False;1;1704
;(10, 6);MoveEast;(6, 7);False;1;1705
;(10, 6);MoveEast;(7, 7);False;1;1706
;(10, 6);MoveNorthEast;(7, 7);False;1;1707
;(10, 6);MoveNorthEast;(7, 7);False;1;1708
;(10, 6);MoveNorthEast;(7, 7);False;1;1709
;(10, 6);MoveNorthEast;(7, 7);False;1;1710
;(10, 6);MoveNorthEast;(7, 7);False;1;1711
;(10, 6);MoveNorthEast;(7, 7);False;1;1712
;(10, 6);MoveNorthEast;(7, 7);False;1;1713
;(10, 6);MoveNorthEast;(7, 7);False;1;1714
;(10, 6);MoveNorthEast;(7, 7);False;1;1715
;(10, 6);MoveNorthEast;(7, 7);False;1;1716
;(10, 6);MoveNorthEast;(8, 6);False;1;1717
;(10, 6);MoveEast;(8, 6);False;1;1718
;(10, 6);MoveEast;(8, 6);False;1;1719
;(10, 6);MoveEast;(8, 6);False;1;1720
;(10, 6);MoveEast;(8, 6);False;1;1721
;(10, 6);MoveEast;(8, 6);False;1;1722
;(10, 6);MoveEast;(8, 6);False;1;1723
;(10, 6);MoveEast;(8, 6);False;1;1724
;(10, 6);MoveEast;(8, 6);False;1;1725
;(10, 6);MoveEast;(8, 6);False;1;1726
;(10, 6);MoveEast;(8, 6);False;1;1727
;(10, 6);MoveEast;(9, 6);False;1;1728
;(10, 6);GrabLargeObject;(9, 6);False;1;1729
;(10, 6);GrabLargeObject;(9, 6);False;1;1730
;(10, 6);GrabLargeObject;(9, 6);False;1;1731
;(10, 6);GrabLargeObject;(9, 6);False;1;1732
;(10, 6);GrabLargeObject;(9, 6);False;1;1733
;(10, 6);GrabLargeObject;(9, 6);False;1;1734
;(10, 6);GrabLargeObject;(9, 6);False;1;1735
;(10, 6);GrabLargeObject;(9, 6);False;1;1736
;(10, 6);GrabLargeObject;(9, 6);False;1;1737
;(10, 6);GrabLargeObject;(9, 6);False;1;1738
;(10, 6);GrabLargeObject;(9, 6);False;1;1739
;(10, 6);;(9, 6);False;1;1740
;(10, 6);MoveNorthWest;(9, 6);False;1;1741
;(10, 6);MoveNorthWest;(9, 6);False;1;1742
;(10, 6);MoveNorthWest;(9, 6);False;1;1743
;(10, 6);MoveNorthWest;(9, 6);False;1;1744
;(10, 6);MoveNorthWest;(9, 6);False;1;1745
;(10, 6);MoveNorthWest;(9, 6);False;1;1746
;(10, 6);MoveNorthWest;(9, 6);False;1;1747
;(10, 6);MoveNorthWest;(9, 6);False;1;1748
;(10, 6);MoveNorthWest;(9, 6);False;1;1749
;(10, 6);MoveNorthWest;(9, 6);False;1;1750
;(10, 6);MoveNorthWest;(8, 5);False;1;1751
;(10, 6);MoveNorth;(8, 5);False;1;1752
;(10, 6);MoveNorth;(8, 5);False;1;1753
;(10, 6);MoveNorth;(8, 5);False;1;1754
;(10, 6);MoveNorth;(8, 5);False;1;1755
;(10, 6);MoveNorth;(8, 5);False;1;1756
;(10, 6);MoveNorth;(8, 5);False;1;1757
;(10, 6);MoveNorth;(8, 5);False;1;1758
;(10, 6);MoveNorth;(8, 5);False;1;1759
;(10, 6);MoveNorth;(8, 5);False;1;1760
;(10, 6);MoveNorth;(8, 5);False;1;1761
;(10, 6);MoveNorth;(8, 4);False;1;1762
;(10, 6);BreakObject;(8, 4);False;1;1763
;(10, 6);BreakObject;(8, 4);False;1;1764
;(10, 6);BreakObject;(8, 4);False;1;1765
;(10, 6);BreakObject;(8, 4);False;1;1766
;(10, 6);BreakObject;(8, 4);False;1;1767
;(10, 6);BreakObject;(8, 4);False;1;1768
;(10, 6);BreakObject;(8, 4);False;1;1769
;(10, 6);BreakObject;(8, 4);False;1;1770
;(10, 6);BreakObject;(8, 4);False;1;1771
;(10, 6);BreakObject;(8, 4);False;1;1772
;(10, 6);BreakObject;(8, 4);False;1;1773
;(10, 6);;(8, 4);False;1;1774
;(10, 6);MoveSouthWest;(8, 4);False;1;1775
;(10, 6);MoveSouthWest;(8, 4);False;1;1776
;(10, 6);MoveSouthWest;(8, 4);False;1;1777
;(10, 6);MoveSouthWest;(8, 4);False;1;1778
;(10, 6);MoveSouthWest;(8, 4);False;1;1779
;(10, 6);MoveSouthWest;(8, 4);False;1;1780
;(10, 6);MoveSouthWest;(8, 4);False;1;1781
;(10, 6);MoveSouthWest;(8, 4);False;1;1782
;(10, 6);MoveSouthWest;(8, 4);False;1;1783
;(10, 6);MoveSouthWest;(8, 4);False;1;1784
;(10, 6);MoveSouthWest;(7, 5);False;1;1785
;(10, 6);MoveSouthWest;(7, 5);False;1;1786
;(10, 6);MoveSouthWest;(7, 5);False;1;1787
;(10, 6);MoveSouthWest;(7, 5);False;1;1788
;(10, 6);MoveSouthWest;(7, 5);False;1;1789
;(10, 6);MoveSouthWest;(7, 5);False;1;1790
MoveWest;(9, 6);MoveSouthWest;(7, 5);False;1;1791
;(9, 6);MoveSouthWest;(7, 5);False;1;1792
;(9, 6);MoveSouthWest;(7, 5);False;1;1793
;(9, 6);MoveSouthWest;(7, 5);False;1;1794
;(9, 6);MoveSouthWest;(7, 5);False;1;1795
MoveWest;(8, 6);MoveSouthWest;(6, 6);False;1;1796
;(8, 6);BreakObject;(6, 6);False;1;1797
;(8, 6);BreakObject;(6, 6);False;1;1798
;(8, 6);BreakObject;(6, 6);False;1;1799
;(8, 6);BreakObject;(6, 6);False;1;1800
;(8, 6);BreakObject;(6, 6);False;1;1801
;(8, 6);BreakObject;(6, 6);False;1;1802
;(8, 6);BreakObject;(6, 6);False;1;1803
GrabObject;(8, 6);BreakObject;(6, 6);False;1;1804
;(8, 6);BreakObject;(6, 6);False;1;1805
;(8, 6);BreakObject;(6, 6);False;1;1806
;(8, 6);BreakObject;(6, 6);False;1;1807
MoveWest;(7, 6);;(6, 6);False;1;1808
;(7, 6);Idle;(6, 6);False;1;1809
;(7, 6);Idle;(6, 6);False;1;1810
MoveWest;(6, 6);Idle;(6, 6);False;1;1811
;(6, 6);Idle;(6, 6);False;1;1812
MoveWest;(5, 6);Idle;(6, 6);False;1;1813
;(5, 6);Idle;(6, 6);False;1;1814
;(5, 6);Idle;(6, 6);False;1;1815
MoveWest;(4, 6);Idle;(6, 6);False;1;1816
;(4, 6);Idle;(6, 6);False;1;1817
;(4, 6);Idle;(6, 6);False;1;1818
;(4, 6);Idle;(6, 6);False;1;1819
;(4, 6);Idle;(6, 6);False;1;1820
;(4, 6);Idle;(6, 6);False;1;1821
DropObject;(4, 6);Idle;(6, 6);False;1;1822
;(4, 6);Idle;(6, 6);False;1;1823
MoveEast;(5, 6);Idle;(6, 6);False;1;1824
;(5, 6);Idle;(6, 6);False;1;1825
;(5, 6);Idle;(6, 6);False;1;1826
MoveEast;(6, 6);Idle;(6, 6);False;1;1827
;(6, 6);Idle;(6, 6);False;1;1828
;(6, 6);Idle;(6, 6);False;1;1829
;(6, 6);Idle;(6, 6);False;1;1830
;(6, 6);Idle;(6, 6);False;1;1831
MoveEast;(7, 6);Idle;(6, 6);False;1;1832
;(7, 6);Idle;(6, 6);False;1;1833
;(7, 6);Idle;(6, 6);False;1;1834
;(7, 6);Idle;(6, 6);False;1;1835
;(7, 6);Idle;(6, 6);False;1;1836
GrabObject;(7, 6);Idle;(6, 6);False;1;1837
;(7, 6);Idle;(6, 6);False;1;1838
;(7, 6);Idle;(6, 6);False;1;1839
MoveWest;(6, 6);Idle;(6, 6);False;1;1840
;(6, 6);Idle;(6, 6);False;1;1841
;(6, 6);Idle;(6, 6);False;1;1842
MoveWest;(5, 6);Idle;(6, 6);False;1;1843
;(5, 6);Idle;(6, 6);False;1;1844
;(5, 6);Idle;(6, 6);False;1;1845
MoveWest;(4, 6);Idle;(6, 6);False;1;1846
;(4, 6);Idle;(6, 6);False;1;1847
MoveWest;(3, 6);Idle;(6, 6);False;1;1848
;(3, 6);Idle;(6, 6);False;1;1849
;(3, 6);Idle;(6, 6);False;1;1850
MoveWest;(2, 6);Idle;(6, 6);False;1;1851
;(2, 6);Idle;(6, 6);False;1;1852
;(2, 6);Idle;(6, 6);False;1;1853
;(2, 6);Idle;(6, 6);False;1;1854
DropObject;(2, 6);Idle;(6, 6);False;1;1855
;(2, 6);Idle;(6, 6);False;1;1856
MoveEast;(3, 6);Idle;(6, 6);False;1;1857
;(3, 6);Idle;(6, 6);False;1;1858
MoveEast;(4, 6);Idle;(6, 6);False;1;1859
;(4, 6);Idle;(6, 6);False;1;1860
MoveEast;(5, 6);Idle;(6, 6);False;1;1861
;(5, 6);Idle;(6, 6);False;1;1862
MoveEast;(6, 6);Idle;(6, 6);False;1;1863
;(6, 6);;(6, 6);False;1;1864
;(6, 6);Idle;(6, 6);False;1;1865
;(6, 6);Idle;(6, 6);False;1;1866
MoveEast;(7, 6);Idle;(6, 6);False;1;1867
;(7, 6);Idle;(6, 6);False;1;1868
;(7, 6);Idle;(6, 6);False;1;1869
GrabObject;(7, 6);Idle;(6, 6);False;1;1870
;(7, 6);Idle;(6, 6);False;1;1871
MoveWest;(6, 6);Idle;(6, 6);False;1;1872
;(6, 6);Idle;(6, 6);False;1;1873
;(6, 6);Idle;(6, 6);False;1;1874
MoveWest;(5, 6);Idle;(6, 6);False;1;1875
;(5, 6);Idle;(6, 6);False;1;1876
;(5, 6);Idle;(6, 6);False;1;1877
MoveWest;(4, 6);Idle;(6, 6);False;1;1878
;(4, 6);Idle;(6, 6);False;1;1879
MoveWest;(3, 6);Idle;(6, 6);False;1;1880
;(3, 6);Idle;(6, 6);False;1;1881
;(3, 6);Idle;(6, 6);False;1;1882
MoveWest;(2, 6);Idle;(6, 6);False;1;1883
;(2, 6);Idle;(6, 6);False;1;1884
;(2, 6);Idle;(6, 6);False;1;1885
;(2, 6);Idle;(6, 6);False;1;1886
;(2, 6);Idle;(6, 6);False;1;1887
DropObject;(2, 6);Idle;(6, 6);False;1;1888
MoveEast;(3, 6);Idle;(6, 6);False;1;1889
;(3, 6);Idle;(6, 6);False;1;1890
;(3, 6);Idle;(6, 6);False;1;1891
;(3, 6);Idle;(6, 6);False;1;1892
MoveEast;(4, 6);Idle;(6, 6);False;1;1893
;(4, 6);Idle;(6, 6);False;1;1894
;(4, 6);Idle;(6, 6);False;1;1895
MoveEast;(5, 6);Idle;(6, 6);False;1;1896
;(5, 6);Idle;(6, 6);False;1;1897
MoveEast;(6, 6);Idle;(6, 6);False;1;1898
;(6, 6);Idle;(6, 6);False;1;1899
;(6, 6);Idle;(6, 6);False;1;1900
MoveEast;(7, 6);Idle;(6, 6);False;1;1901
;(7, 6);Idle;(6, 6);False;1;1902
;(7, 6);Idle;(6, 6);False;1;1903
GrabObject;(7, 6);Idle;(6, 6);False;1;1904
;(7, 6);Idle;(6, 6);False;1;1905
;(7, 6);Idle;(6, 6);False;1;1906
MoveWest;(6, 6);Idle;(6, 6);False;1;1907
;(6, 6);Idle;(6, 6);False;1;1908
MoveWest;(5, 6);Idle;(6, 6);False;1;1909
;(5, 6);Idle;(6, 6);False;1;1910
;(5, 6);Idle;(6, 6);False;1;1911
MoveWest;(4, 6);Idle;(6, 6);False;1;1912
;(4, 6);Idle;(6, 6);False;1;1913
;(4, 6);Idle;(6, 6);False;1;1914
MoveWest;(3, 6);Idle;(6, 6);False;1;1915
;(3, 6);Idle;(6, 6);False;1;1916
MoveWest;(2, 6);Idle;(6, 6);False;1;1917
;(2, 6);Idle;(6, 6);False;1;1918
;(2, 6);Idle;(6, 6);False;1;1919
MoveWest;(1, 6);;(6, 6);False;1;1920
DropObject;(1, 6);Idle;(6, 6);False;1;1921
;(1, 6);Idle;(6, 6);False;1;1922
MoveEast;(2, 6);Idle;(6, 6);False;1;1923
;(2, 6);Idle;(6, 6);False;1;1924
;(2, 6);Idle;(6, 6);False;1;1925
MoveEast;(3, 6);Idle;(6, 6);False;1;1926
;(3, 6);Idle;(6, 6);False;1;1927
;(3, 6);Idle;(6, 6);False;1;1928
MoveEast;(4, 6);Idle;(6, 6);False;1;1929
;(4, 6);Idle;(6, 6);False;1;1930
;(4, 6);Idle;(6, 6);False;1;1931
;(4, 6);Idle;(6, 6);False;1;1932
MoveEast;(5, 6);Idle;(6, 6);False;1;1933
;(5, 6);Idle;(6, 6);False;1;1934
MoveEast;(6, 6);Idle;(6, 6);False;1;1935
;(6, 6);Idle;(6, 6);False;1;1936
;(6, 6);Idle;(6, 6);False;1;1937
;(6, 6);Idle;(6, 6);False;1;1938
;(6, 6);Idle;(6, 6);False;1;1939
;(6, 6);Idle;(6, 6);False;1;1940
MoveEast;(7, 6);Idle;(6, 6);False;1;1941
;(7, 6);Idle;(6, 6);False;1;1942
;(7, 6);Idle;(6, 6);False;1;1943
;(7, 6);Idle;(6, 6);False;1;1944
GrabObject;(7, 6);Idle;(6, 6);False;1;1945
;(7, 6);Idle;(6, 6);False;1;1946
MoveWest;(6, 6);Idle;(6, 6);False;1;1947
;(6, 6);Idle;(6, 6);False;1;1948
;(6, 6);Idle;(6, 6);False;1;1949
MoveWest;(5, 6);Idle;(6, 6);False;1;1950
;(5, 6);Idle;(6, 6);False;1;1951
;(5, 6);Idle;(6, 6);False;1;1952
MoveWest;(4, 6);Idle;(6, 6);False;1;1953
;(4, 6);Idle;(6, 6);False;1;1954
;(4, 6);Idle;(6, 6);False;1;1955
MoveWest;(3, 6);Idle;(6, 6);False;1;1956
;(3, 6);Idle;(6, 6);False;1;1957
MoveWest;(2, 6);Idle;(6, 6);False;1;1958
;(2, 6);Idle;(6, 6);False;1;1959
;(2, 6);Idle;(6, 6);False;1;1960
MoveWest;(1, 6);Idle;(6, 6);False;1;1961
;(1, 6);Idle;(6, 6);False;1;1962
DropObject;(1, 6);Idle;(6, 6);False;1;1963
MoveEast;(2, 6);Idle;(6, 6);False;1;1964
;(2, 6);Idle;(6, 6);False;1;1965
;(2, 6);Idle;(6, 6);False;1;1966
MoveEast;(3, 6);Idle;(6, 6);False;1;1967
;(3, 6);Idle;(6, 6);False;1;1968
;(3, 6);Idle;(6, 6);False;1;1969
MoveEast;(4, 6);Idle;(6, 6);False;1;1970
;(4, 6);Idle;(6, 6);False;1;1971
MoveEast;(5, 6);Idle;(6, 6);False;1;1972
;(5, 6);Idle;(6, 6);False;1;1973
;(5, 6);Idle;(6, 6);False;1;1974
MoveEast;(6, 6);Idle;(6, 6);False;1;1975
;(6, 6);;(6, 6);False;1;1976
;(6, 6);MoveEast;(6, 6);False;1;1977
MoveEast;(7, 6);MoveEast;(6, 6);False;1;1978
;(7, 6);MoveEast;(6, 6);False;1;1979
GrabObject;(7, 6);MoveEast;(6, 6);False;1;1980
;(7, 6);MoveEast;(6, 6);False;1;1981
MoveWest;(6, 6);MoveEast;(6, 6);False;1;1982
;(6, 6);MoveEast;(6, 6);False;1;1983
;(6, 6);MoveEast;(6, 6);False;1;1984
MoveWest;(5, 6);MoveEast;(6, 6);False;1;1985
;(5, 6);MoveEast;(6, 6);False;1;1986
;(5, 6);MoveEast;(7, 6);False;1;1987
MoveWest;(4, 6);MoveEast;(7, 6);False;1;1988
;(4, 6);MoveEast;(7, 6);False;1;1989
MoveWest;(3, 6);MoveEast;(7, 6);False;1;1990
;(3, 6);MoveEast;(7, 6);False;1;1991
;(3, 6);MoveEast;(7, 6);False;1;1992
;(3, 6);MoveEast;(7, 6);False;1;1993
MoveWest;(2, 6);MoveEast;(7, 6);False;1;1994
;(2, 6);MoveEast;(7, 6);False;1;1995
MoveWest;(1, 6);MoveEast;(7, 6);False;1;1996
;(1, 6);MoveEast;(7, 6);False;1;1997
;(1, 6);MoveEast;(8, 6);False;1;1998
DropObject;(1, 6);MoveWest;(8, 6);False;1;1999
;(1, 6);MoveWest;(8, 6);False;1;2000
MoveEast;(2, 6);MoveWest;(8, 6);False;1;2001
;(2, 6);MoveWest;(8, 6);False;1;2002
;(2, 6);MoveWest;(8, 6);False;1;2003
MoveEast;(3, 6);MoveWest;(8, 6);False;1;2004
;(3, 6);MoveWest;(8, 6);False;1;2005
;(3, 6);MoveWest;(8, 6);False;1;2006
MoveEast;(4, 6);MoveWest;(8, 6);False;1;2007
;(4, 6);MoveWest;(8, 6);False;1;2008
;(4, 6);MoveWest;(7, 6);False;1;2009
MoveEast;(5, 6);MoveWest;(7, 6);False;1;2010
;(5, 6);MoveWest;(7, 6);False;1;2011
;(5, 6);MoveWest;(7, 6);False;1;2012
;(5, 6);MoveWest;(7, 6);False;1;2013
;(5, 6);MoveWest;(7, 6);False;1;2014
;(5, 6);MoveWest;(7, 6);False;1;2015
;(5, 6);MoveWest;(7, 6);False;1;2016
MoveEast;(6, 6);MoveWest;(7, 6);False;1;2017
;(6, 6);MoveWest;(7, 6);False;1;2018
;(6, 6);MoveWest;(7, 6);False;1;2019
;(6, 6);MoveWest;(6, 6);False;1;2020
MoveSouth;(6, 7);MoveEast;(6, 6);False;1;2021
;(6, 7);MoveEast;(6, 6);False;1;2022
;(6, 7);MoveEast;(6, 6);False;1;2023
;(6, 7);MoveEast;(6, 6);False;1;2024
;(6, 7);MoveEast;(6, 6);False;1;2025
GrabObject;(6, 7);MoveEast;(6, 6);False;1;2026
;(6, 7);MoveEast;(6, 6);False;1;2027
MoveWest;(5, 7);MoveEast;(6, 6);False;1;2028
;(5, 7);MoveEast;(6, 6);False;1;2029
;(5, 7);MoveEast;(6, 6);False;1;2030
;(5, 7);MoveEast;(7, 6);False;1;2031
MoveWest;(4, 7);MoveEast;(7, 6);False;1;2032
;(4, 7);MoveEast;(7, 6);False;1;2033
;(4, 7);MoveEast;(7, 6);False;1;2034
MoveWest;(3, 7);MoveEast;(7, 6);False;1;2035
;(3, 7);MoveEast;(7, 6);False;1;2036
;(3, 7);MoveEast;(7, 6);False;1;2037
MoveWest;(2, 7);MoveEast;(7, 6);False;1;2038
;(2, 7);MoveEast;(7, 6);False;1;2039
;(2, 7);MoveEast;(7, 6);False;1;2040
MoveWest;(1, 7);MoveEast;(7, 6);False;1;2041
;(1, 7);MoveEast;(8, 6);False;1;2042
DropObject;(1, 7);MoveWest;(8, 6);False;1;2043
;(1, 7);MoveWest;(8, 6);False;1;2044
MoveEast;(2, 7);MoveWest;(8, 6);False;1;2045
;(2, 7);MoveWest;(8, 6);False;1;2046
;(2, 7);MoveWest;(8, 6);False;1;2047
MoveEast;(3, 7);MoveWest;(8, 6);False;1;2048
;(3, 7);MoveWest;(8, 6);False;1;2049
;(3, 7);MoveWest;(8, 6);False;1;2050
MoveEast;(4, 7);MoveWest;(8, 6);False;1;2051
;(4, 7);MoveWest;(8, 6);False;1;2052
;(4, 7);MoveWest;(7, 6);False;1;2053
MoveEast;(5, 7);MoveWest;(7, 6);False;1;2054
;(5, 7);MoveWest;(7, 6);False;1;2055
;(5, 7);MoveWest;(7, 6);False;1;2056
MoveEast;(6, 7);MoveWest;(7, 6);False;1;2057
;(6, 7);MoveWest;(7, 6);False;1;2058
;(6, 7);MoveWest;(7, 6);False;1;2059
;(6, 7);MoveWest;(7, 6);False;1;2060
;(6, 7);MoveWest;(7, 6);False;1;2061
;(6, 7);MoveWest;(7, 6);False;1;2062
;(6, 7);MoveWest;(7, 6);False;1;2063
;(6, 7);MoveWest;(6, 6);False;1;2064
MoveEast;(7, 7);MoveEast;(6, 6);False;1;2065
;(7, 7);MoveEast;(6, 6);False;1;2066
;(7, 7);MoveEast;(6, 6);False;1;2067
;(7, 7);MoveEast;(6, 6);False;1;2068
;(7, 7);MoveEast;(6, 6);False;1;2069
;(7, 7);MoveEast;(6, 6);False;1;2070
;(7, 7);MoveEast;(6, 6);False;1;2071
;(7, 7);MoveEast;(6, 6);False;1;2072
;(7, 7);MoveEast;(6, 6);False;1;2073
;(7, 7);MoveEast;(6, 6);False;1;2074
;(7, 7);MoveEast;(7, 6);False;1;2075
MoveSouth;(7, 8);MoveEast;(7, 6);False;1;2076
;(7, 8);MoveEast;(7, 6);False;1;2077
;(7, 8);MoveEast;(7, 6);False;1;2078
;(7, 8);MoveEast;(7, 6);False;1;2079
;(7, 8);MoveEast;(7, 6);False;1;2080
;(7, 8);MoveEast;(7, 6);False;1;2081
;(7, 8);MoveEast;(7, 6);False;1;2082
;(7, 8);MoveEast;(7, 6);False;1;2083
;(7, 8);MoveEast;(7, 6);False;1;2084
;(7, 8);MoveEast;(7, 6);False;1;2085
GrabObject;(7, 8);MoveEast;(8, 6);False;1;2086
;(7, 8);MoveWest;(8, 6);False;1;2087
;(7, 8);MoveWest;(8, 6);False;1;2088
GrabObject;(7, 8);MoveWest;(8, 6);False;1;2089
;(7, 8);MoveWest;(8, 6);False;1;2090
;(7, 8);MoveWest;(8, 6);False;1;2091
;(7, 8);MoveWest;(8, 6);False;1;2092
;(7, 8);MoveWest;(8, 6);False;1;2093
;(7, 8);MoveWest;(8, 6);False;1;2094
;(7, 8);MoveWest;(8, 6);False;1;2095
;(7, 8);MoveWest;(8, 6);False;1;2096
;(7, 8);MoveWest;(7, 6);False;1;2097
;(7, 8);MoveWest;(7, 6);False;1;2098
MoveEast;(8, 8);MoveWest;(7, 6);False;1;2099
;(8, 8);MoveWest;(7, 6);False;1;2100
;(8, 8);MoveWest;(7, 6);False;1;2101
;(8, 8);MoveWest;(7, 6);False;1;2102
MoveWest;(7, 8);MoveWest;(7, 6);False;1;2103
;(7, 8);MoveWest;(7, 6);False;1;2104
;(7, 8);MoveWest;(7, 6);False;1;2105
;(7, 8);MoveWest;(7, 6);False;1;2106
MoveWest;(6, 8);MoveWest;(7, 6);False;1;2107
;(6, 8);MoveWest;(6, 6);False;1;2108
;(6, 8);;(6, 6);False;1;2109
;(6, 8);MoveSouth;(6, 6);False;1;2110
;(6, 8);MoveSouth;(6, 6);False;1;2111
;(6, 8);MoveSouth;(6, 6);False;1;2112
MoveWest;(5, 8);MoveSouth;(6, 6);False;1;2113
;(5, 8);MoveSouth;(6, 6);False;1;2114
;(5, 8);MoveSouth;(6, 6);False;1;2115
;(5, 8);MoveSouth;(6, 6);False;1;2116
;(5, 8);MoveSouth;(6, 6);False;1;2117
MoveEast;(6, 8);MoveSouth;(6, 6);False;1;2118
;(6, 8);MoveSouth;(6, 6);False;1;2119
;(6, 8);MoveSouth;(6, 7);False;1;2120
;(6, 8);MoveSouth;(6, 7);False;1;2121
;(6, 8);MoveSouth;(6, 7);False;1;2122
;(6, 8);MoveSouth;(6, 7);False;1;2123
MoveEast;(7, 8);MoveSouth;(6, 7);False;1;2124
;(7, 8);MoveSouth;(6, 7);False;1;2125
;(7, 8);MoveSouth;(6, 7);False;1;2126
;(7, 8);MoveSouth;(6, 7);False;1;2127
;(7, 8);MoveSouth;(6, 7);False;1;2128
MoveSouth;(7, 9);MoveSouth;(6, 7);False;1;2129
;(7, 9);MoveSouth;(6, 7);False;1;2130
;(7, 9);MoveSouth;(6, 8);False;1;2131
;(7, 9);Idle;(6, 8);False;1;2132
DropObject;(7, 9);Idle;(6, 8);False;1;2133
;(7, 9);Idle;(6, 8);False;1;2134
;(7, 9);Idle;(6, 8);False;1;2135
;(7, 9);Idle;(6, 8);False;1;2136
;(7, 9);Idle;(6, 8);False;1;2137
;(7, 9);Idle;(6, 8);False;1;2138
;(7, 9);Idle;(6, 8);False;1;2139
;(7, 9);Idle;(6, 8);False;1;2140
;(7, 9);Idle;(6, 8);False;1;2141
MoveNorth;(7, 8);Idle;(6, 8);False;1;2142
;(7, 8);Idle;(6, 8);False;1;2143
;(7, 8);Idle;(6, 8);False;1;2144
;(7, 8);Idle;(6, 8);False;1;2145
;(7, 8);Idle;(6, 8);False;1;2146
;(7, 8);Idle;(6, 8);False;1;2147
;(7, 8);Idle;(6, 8);False;1;2148
;(7, 8);Idle;(6, 8);False;1;2149
;(7, 8);Idle;(6, 8);False;1;2150
;(7, 8);Idle;(6, 8);False;1;2151
;(7, 8);Idle;(6, 8);False;1;2152
;(7, 8);Idle;(6, 8);False;1;2153
;(7, 8);Idle;(6, 8);False;1;2154
;(7, 8);Idle;(6, 8);False;1;2155
MoveEast;(8, 8);Idle;(6, 8);False;1;2156
;(8, 8);Idle;(6, 8);False;1;2157
;(8, 8);Idle;(6, 8);False;1;2158
;(8, 8);Idle;(6, 8);False;1;2159
;(8, 8);Idle;(6, 8);False;1;2160
;(8, 8);Idle;(6, 8);False;1;2161
;(8, 8);Idle;(6, 8);False;1;2162
;(8, 8);Idle;(6, 8);False;1;2163
MoveNorth;(8, 7);Idle;(6, 8);False;1;2164
;(8, 7);Idle;(6, 8);False;1;2165
;(8, 7);Idle;(6, 8);False;1;2166
;(8, 7);Idle;(6, 8);False;1;2167
;(8, 7);Idle;(6, 8);False;1;2168
;(8, 7);Idle;(6, 8);False;1;2169
GrabObject;(8, 7);Idle;(6, 8);False;1;2170
;(8, 7);Idle;(6, 8);False;1;2171
;(8, 7);Idle;(6, 8);False;1;2172
MoveWest;(7, 7);Idle;(6, 8);False;1;2173
;(7, 7);Idle;(6, 8);False;1;2174
;(7, 7);Idle;(6, 8);False;1;2175
;(7, 7);Idle;(6, 8);False;1;2176
;(7, 7);Idle;(6, 8);False;1;2177
;(7, 7);Idle;(6, 8);False;1;2178
;(7, 7);Idle;(6, 8);False;1;2179
;(7, 7);Idle;(6, 8);False;1;2180
MoveSouth;(7, 8);Idle;(6, 8);False;1;2181
;(7, 8);Idle;(6, 8);False;1;2182
;(7, 8);Idle;(6, 8);False;1;2183
MoveSouth;(7, 9);Idle;(6, 8);False;1;2184
;(7, 9);Idle;(6, 8);False;1;2185
;(7, 9);Idle;(6, 8);False;1;2186
;(7, 9);;(6, 8);False;1;2187
;(7, 9);Idle;(6, 8);False;1;2188
MoveSouth;(7, 10);Idle;(6, 8);False;1;2189
;(7, 10);Idle;(6, 8);False;1;2190
;(7, 10);Idle;(6, 8);False;1;2191
MoveEast;(8, 10);Idle;(6, 8);False;1;2192
;(8, 10);Idle;(6, 8);False;1;2193
;(8, 10);Idle;(6, 8);False;1;2194
;(8, 10);Idle;(6, 8);False;1;2195
;(8, 10);Idle;(6, 8);False;1;2196
;(8, 10);Idle;(6, 8);False;1;2197
;(8, 10);Idle;(6, 8);False;1;2198
;(8, 10);Idle;(6, 8);False;1;2199
;(8, 10);Idle;(6, 8);False;1;2200
;(8, 10);Idle;(6, 8);False;1;2201
;(8, 10);Idle;(6, 8);False;1;2202
;(8, 10);Idle;(6, 8);False;1;2203
;(8, 10);Idle;(6, 8);False;1;2204
;(8, 10);Idle;(6, 8);False;1;2205
;(8, 10);Idle;(6, 8);False;1;2206
MoveNorth;(8, 9);Idle;(6, 8);False;1;2207
;(8, 9);Idle;(6, 8);False;1;2208
;(8, 9);Idle;(6, 8);False;1;2209
;(8, 9);Idle;(6, 8);False;1;2210
;(8, 9);Idle;(6, 8);False;1;2211
;(8, 9);Idle;(6, 8);False;1;2212
;(8, 9);Idle;(6, 8);False;1;2213
;(8, 9);Idle;(6, 8);False;1;2214
;(8, 9);Idle;(6, 8);False;1;2215
;(8, 9);Idle;(6, 8);False;1;2216
;(8, 9);Idle;(6, 8);False;1;2217
;(8, 9);Idle;(6, 8);False;1;2218
;(8, 9);Idle;(6, 8);False;1;2219
;(8, 9);Idle;(6, 8);False;1;2220
;(8, 9);Idle;(6, 8);False;1;2221
;(8, 9);Idle;(6, 8);False;1;2222
;(8, 9);Idle;(6, 8);False;1;2223
MoveWest;(7, 9);Idle;(6, 8);False;1;2224
;(7, 9);Idle;(6, 8);False;1;2225
;(7, 9);Idle;(6, 8);False;1;2226
MoveWest;(6, 9);Idle;(6, 8);False;1;2227
;(6, 9);Idle;(6, 8);False;1;2228
MoveWest;(5, 9);Idle;(6, 8);False;1;2229
;(5, 9);Idle;(6, 8);False;1;2230
;(5, 9);Idle;(6, 8);False;1;2231
MoveWest;(4, 9);Idle;(6, 8);False;1;2232
;(4, 9);Idle;(6, 8);False;1;2233
;(4, 9);Idle;(6, 8);False;1;2234
MoveWest;(3, 9);Idle;(6, 8);False;1;2235
;(3, 9);Idle;(6, 8);False;1;2236
MoveWest;(2, 9);Idle;(6, 8);False;1;2237
;(2, 9);Idle;(6, 8);False;1;2238
;(2, 9);Idle;(6, 8);False;1;2239
;(2, 9);Idle;(6, 8);False;1;2240
;(2, 9);Idle;(6, 8);False;1;2241
DropObject;(2, 9);Idle;(6, 8);False;1;2242
;(2, 9);;(6, 8);False;1;2243
MoveEast;(3, 9);MoveWest;(6, 8);False;1;2244
;(3, 9);MoveWest;(6, 8);False;1;2245
MoveEast;(4, 9);MoveWest;(6, 8);False;1;2246
;(4, 9);MoveWest;(6, 8);False;1;2247
;(4, 9);MoveWest;(6, 8);False;1;2248
MoveEast;(5, 9);MoveWest;(6, 8);False;1;2249
;(5, 9);MoveWest;(6, 8);False;1;2250
;(5, 9);MoveWest;(6, 8);False;1;2251
MoveEast;(6, 9);MoveWest;(6, 8);False;1;2252
;(6, 9);MoveWest;(6, 8);False;1;2253
;(6, 9);MoveWest;(5, 8);False;1;2254
;(6, 9);MoveNorthWest;(5, 8);False;1;2255
;(6, 9);MoveNorthWest;(5, 8);False;1;2256
;(6, 9);MoveNorthWest;(5, 8);False;1;2257
;(6, 9);MoveNorthWest;(5, 8);False;1;2258
;(6, 9);MoveNorthWest;(5, 8);False;1;2259
;(6, 9);MoveNorthWest;(5, 8);False;1;2260
;(6, 9);MoveNorthWest;(5, 8);False;1;2261
;(6, 9);MoveNorthWest;(5, 8);False;1;2262
;(6, 9);MoveNorthWest;(5, 8);False;1;2263
;(6, 9);MoveNorthWest;(5, 8);False;1;2264
;(6, 9);MoveNorthWest;(4, 7);False;1;2265
;(6, 9);MoveWest;(4, 7);False;1;2266
;(6, 9);MoveWest;(4, 7);False;1;2267
;(6, 9);MoveWest;(4, 7);False;1;2268
;(6, 9);MoveWest;(4, 7);False;1;2269
MoveEast;(7, 9);MoveWest;(4, 7);False;1;2270
;(7, 9);MoveWest;(4, 7);False;1;2271
;(7, 9);MoveWest;(4, 7);False;1;2272
;(7, 9);MoveWest;(4, 7);False;1;2273
;(7, 9);MoveWest;(4, 7);False;1;2274
;(7, 9);MoveWest;(4, 7);False;1;2275
;(7, 9);MoveWest;(3, 7);False;1;2276
;(7, 9);MoveNorthWest;(3, 7);False;1;2277
;(7, 9);MoveNorthWest;(3, 7);False;1;2278
;(7, 9);MoveNorthWest;(3, 7);False;1;2279
;(7, 9);MoveNorthWest;(3, 7);False;1;2280
;(7, 9);MoveNorthWest;(3, 7);False;1;2281
;(7, 9);MoveNorthWest;(3, 7);False;1;2282
;(7, 9);MoveNorthWest;(3, 7);False;1;2283
;(7, 9);MoveNorthWest;(3, 7);False;1;2284
MoveEast;(8, 9);MoveNorthWest;(3, 7);False;1;2285
;(8, 9);MoveNorthWest;(3, 7);False;1;2286
;(8, 9);MoveNorthWest;(2, 6);False;1;2287
;(8, 9);MoveWest;(2, 6);False;1;2288
;(8, 9);MoveWest;(2, 6);False;1;2289
;(8, 9);MoveWest;(2, 6);False;1;2290
;(8, 9);MoveWest;(2, 6);False;1;2291
MoveEast;(9, 9);MoveWest;(2, 6);False;1;2292
;(9, 9);MoveWest;(2, 6);False;1;2293
;(9, 9);MoveWest;(2, 6);False;1;2294
;(9, 9);MoveWest;(2, 6);False;1;2295
MoveEast;(10, 9);MoveWest;(2, 6);False;1;2296
;(10, 9);MoveWest;(2, 6);False;1;2297
;(10, 9);MoveWest;(1, 6);False;1;2298
MoveEast;(11, 9);DropLargeObject;(1, 6);False;1;2299
;(11, 9);DropLargeObject;(1, 6);False;1;2300
;(11, 9);DropLargeObject;(1, 6);False;1;2301
;(11, 9);DropLargeObject;(1, 6);False;1;2302
;(11, 9);DropLargeObject;(1, 6);False;1;2303
;(11, 9);DropLargeObject;(1, 6);False;1;2304
;(11, 9);DropLargeObject;(1, 6);False;1;2305
;(11, 9);DropLargeObject;(1, 6);False;1;2306
;(11, 9);DropLargeObject;(1, 6);False;1;2307
;(11, 9);DropLargeObject;(1, 6);False;1;2308
;(11, 9);DropLargeObject;(1, 6);False;1;2309
;(11, 9);;(1, 6);False;1;2310
;(11, 9);MoveEast;(1, 6);False;1;2311
;(11, 9);MoveEast;(1, 6);False;1;2312
;(11, 9);MoveEast;(1, 6);False;1;2313
;(11, 9);MoveEast;(1, 6);False;1;2314
;(11, 9);MoveEast;(1, 6);False;1;2315
MoveNorth;(11, 8);MoveEast;(1, 6);False;1;2316
;(11, 8);MoveEast;(1, 6);False;1;2317
;(11, 8);MoveEast;(1, 6);False;1;2318
;(11, 8);MoveEast;(1, 6);False;1;2319
;(11, 8);MoveEast;(1, 6);False;1;2320
MoveEast;(12, 8);MoveEast;(2, 6);False;1;2321
;(12, 8);MoveEast;(2, 6);False;1;2322
;(12, 8);MoveEast;(2, 6);False;1;2323
;(12, 8);MoveEast;(2, 6);False;1;2324
;(12, 8);MoveEast;(2, 6);False;1;2325
;(12, 8);MoveEast;(2, 6);False;1;2326
;(12, 8);MoveEast;(2, 6);False;1;2327
;(12, 8);MoveEast;(2, 6);False;1;2328
;(12, 8);MoveEast;(2, 6);False;1;2329
;(12, 8);MoveEast;(2, 6);False;1;2330
;(12, 8);MoveEast;(2, 6);False;1;2331
;(12, 8);MoveEast;(3, 6);False;1;2332
;(12, 8);MoveSouthEast;(3, 6);False;1;2333
GrabObject;(12, 8);MoveSouthEast;(3, 6);False;1;2334
;(12, 8);MoveSouthEast;(3, 6);False;1;2335
;(12, 8);MoveSouthEast;(3, 6);False;1;2336
;(12, 8);MoveSouthEast;(3, 6);False;1;2337
GrabObject;(12, 8);MoveSouthEast;(3, 6);False;1;2338
;(12, 8);MoveSouthEast;(3, 6);False;1;2339
;(12, 8);MoveSouthEast;(3, 6);False;1;2340
GrabObject;(12, 8);MoveSouthEast;(3, 6);False;1;2341
;(12, 8);MoveSouthEast;(3, 6);False;1;2342
;(12, 8);MoveSouthEast;(4, 7);False;1;2343
GrabObject;(12, 8);MoveEast;(4, 7);False;1;2344
;(12, 8);MoveEast;(4, 7);False;1;2345
;(12, 8);MoveEast;(4, 7);False;1;2346
;(12, 8);MoveEast;(4, 7);False;1;2347
GrabObject;(12, 8);MoveEast;(4, 7);False;1;2348
;(12, 8);MoveEast;(4, 7);False;1;2349
;(12, 8);MoveEast;(4, 7);False;1;2350
GrabObject;(12, 8);MoveEast;(4, 7);False;1;2351
;(12, 8);MoveEast;(4, 7);False;1;2352
GrabObject;(12, 8);MoveEast;(4, 7);False;1;2353
;(12, 8);MoveEast;(5, 7);False;1;2354
;(12, 8);MoveSouthEast;(5, 7);False;1;2355
;(12, 8);MoveSouthEast;(5, 7);False;1;2356
;(12, 8);MoveSouthEast;(5, 7);False;1;2357
;(12, 8);MoveSouthEast;(5, 7);False;1;2358
;(12, 8);MoveSouthEast;(5, 7);False;1;2359
;(12, 8);MoveSouthEast;(5, 7);False;1;2360
;(12, 8);MoveSouthEast;(5, 7);False;1;2361
;(12, 8);MoveSouthEast;(5, 7);False;1;2362
;(12, 8);MoveSouthEast;(5, 7);False;1;2363
;(12, 8);MoveSouthEast;(5, 7);False;1;2364
;(12, 8);MoveSouthEast;(6, 8);False;1;2365
;(12, 8);MoveSouthEast;(6, 8);False;1;2366
MoveNorth;(12, 7);MoveSouthEast;(6, 8);False;1;2367
;(12, 7);MoveSouthEast;(6, 8);False;1;2368
;(12, 7);MoveSouthEast;(6, 8);False;1;2369
;(12, 7);MoveSouthEast;(6, 8);False;1;2370
;(12, 7);MoveSouthEast;(6, 8);False;1;2371
;(12, 7);MoveSouthEast;(6, 8);False;1;2372
;(12, 7);MoveSouthEast;(6, 8);False;1;2373
MoveWest;(11, 7);MoveSouthEast;(6, 8);False;1;2374
;(11, 7);MoveSouthEast;(6, 8);False;1;2375
;(11, 7);MoveSouthEast;(7, 9);False;1;2376
;(11, 7);MoveEast;(7, 9);False;1;2377
;(11, 7);MoveEast;(7, 9);False;1;2378
;(11, 7);MoveEast;(7, 9);False;1;2379
;(11, 7);MoveEast;(7, 9);False;1;2380
;(11, 7);MoveEast;(7, 9);False;1;2381
GrabObject;(11, 7);MoveEast;(7, 9);False;1;2382
;(11, 7);MoveEast;(7, 9);False;1;2383
;(11, 7);MoveEast;(7, 9);False;1;2384
;(11, 7);MoveEast;(7, 9);False;1;2385
;(11, 7);MoveEast;(7, 9);False;1;2386
;(11, 7);MoveEast;(8, 9);False;1;2387
;(11, 7);MoveEast;(8, 9);False;1;2388
;(11, 7);MoveEast;(8, 9);False;1;2389
;(11, 7);MoveEast;(8, 9);False;1;2390
;(11, 7);MoveEast;(8, 9);False;1;2391
;(11, 7);MoveEast;(8, 9);False;1;2392
;(11, 7);MoveEast;(8, 9);False;1;2393
MoveSouth;(11, 8);MoveEast;(8, 9);False;1;2394
;(11, 8);MoveEast;(8, 9);False;1;2395
;(11, 8);MoveEast;(8, 9);False;1;2396
;(11, 8);MoveEast;(8, 9);False;1;2397
;(11, 8);MoveEast;(9, 9);False;1;2398
;(11, 8);GrabObject;(9, 9);False;1;2399
;(11, 8);GrabObject;(9, 9);False;1;2400
;(11, 8);GrabObject;(9, 9);False;1;2401
MoveEast;(12, 8);GrabObject;(9, 9);False;1;2402
;(12, 8);GrabObject;(9, 9);False;1;2403
;(12, 8);GrabObject;(9, 9);False;1;2404
GrabObject;(12, 8);GrabObject;(9, 9);False;1;2405
;(12, 8);GrabObject;(9, 9);False;1;2406
;(12, 8);GrabObject;(9, 9);False;1;2407
GrabObject;(12, 8);GrabObject;(9, 9);False;1;2408
;(12, 8);GrabObject;(9, 9);False;1;2409
;(12, 8);;(9, 9);False;1;2410
;(12, 8);MoveEast;(9, 9);False;1;2411
GrabObject;(12, 8);MoveEast;(9, 9);False;1;2412
;(12, 8);MoveEast;(9, 9);False;1;2413
;(12, 8);MoveEast;(9, 9);False;1;2414
;(12, 8);MoveEast;(9, 9);False;1;2415
;(12, 8);MoveEast;(9, 9);False;1;2416
;(12, 8);MoveEast;(9, 9);False;1;2417
;(12, 8);MoveEast;(9, 9);False;1;2418
GrabObject;(12, 8);MoveEast;(9, 9);False;1;2419
;(12, 8);MoveEast;(9, 9);False;1;2420
GrabObject;(12, 8);MoveEast;(10, 9);False;1;2421
;(12, 8);MoveEast;(10, 9);False;1;2422
;(12, 8);MoveEast;(10, 9);False;1;2423
GrabObject;(12, 8);MoveEast;(10, 9);False;1;2424
;(12, 8);MoveEast;(10, 9);False;1;2425
;(12, 8);MoveEast;(10, 9);False;1;2426
GrabObject;(12, 8);MoveEast;(10, 9);False;1;2427
;(12, 8);MoveEast;(10, 9);False;1;2428
;(12, 8);MoveEast;(10, 9);False;1;2429
GrabObject;(12, 8);MoveEast;(10, 9);False;1;2430
;(12, 8);MoveEast;(10, 9);False;1;2431
;(12, 8);MoveEast;(11, 9);False;1;2432
;(12, 8);MoveWest;(11, 9);False;1;2433
MoveWest;(11, 8);MoveWest;(11, 9);False;1;2434
;(11, 8);MoveWest;(11, 9);False;1;2435
;(11, 8);MoveWest;(11, 9);False;1;2436
;(11, 8);MoveWest;(11, 9);False;1;2437
;(11, 8);MoveWest;(11, 9);False;1;2438
;(11, 8);MoveWest;(11, 9);False;1;2439
;(11, 8);MoveWest;(11, 9);False;1;2440
;(11, 8);MoveWest;(11, 9);False;1;2441
;(11, 8);MoveWest;(11, 9);False;1;2442
;(11, 8);MoveWest;(10, 9);False;1;2443
MoveWest;(10, 8);MoveWest;(10, 9);False;1;2444
;(10, 8);MoveWest;(10, 9);False;1;2445
;(10, 8);MoveWest;(10, 9);False;1;2446
;(10, 8);MoveWest;(10, 9);False;1;2447
;(10, 8);MoveWest;(10, 9);False;1;2448
;(10, 8);MoveWest;(10, 9);False;1;2449
;(10, 8);MoveWest;(10, 9);False;1;2450
MoveEast;(11, 8);MoveWest;(10, 9);False;1;2451
;(11, 8);MoveWest;(10, 9);False;1;2452
;(11, 8);MoveWest;(10, 9);False;1;2453
;(11, 8);MoveWest;(9, 9);False;1;2454
;(11, 8);MoveEast;(9, 9);False;1;2455
;(11, 8);MoveEast;(9, 9);False;1;2456
;(11, 8);MoveEast;(9, 9);False;1;2457
GrabObject;(11, 8);MoveEast;(9, 9);False;1;2458
;(11, 8);MoveEast;(9, 9);False;1;2459
;(11, 8);MoveEast;(9, 9);False;1;2460
;(11, 8);MoveEast;(9, 9);False;1;2461
GrabObject;(11, 8);MoveEast;(9, 9);False;1;2462
;(11, 8);MoveEast;(9, 9);False;1;2463
GrabObject;(11, 8);MoveEast;(9, 9);False;1;2464
;(11, 8);MoveEast;(10, 9);False;1;2465
;(11, 8);MoveEast;(10, 9);False;1;2466
GrabObject;(11, 8);MoveEast;(10, 9);False;1;2467
;(11, 8);MoveEast;(10, 9);False;1;2468
;(11, 8);MoveEast;(10, 9);False;1;2469
GrabObject;(11, 8);MoveEast;(10, 9);False;1;2470
;(11, 8);MoveEast;(10, 9);False;1;2471
;(11, 8);MoveEast;(10, 9);False;1;2472
MoveWest;(10, 8);MoveEast;(10, 9);False;1;2473
;(10, 8);MoveEast;(10, 9);False;1;2474
;(10, 8);MoveEast;(10, 9);False;1;2475
;(10, 8);MoveEast;(11, 9);False;1;2476
MoveWest;(9, 8);MoveWest;(11, 9);False;1;2477
;(9, 8);MoveWest;(11, 9);False;1;2478
;(9, 8);MoveWest;(11, 9);False;1;2479
;(9, 8);MoveWest;(11, 9);False;1;2480
MoveWest;(8, 8);MoveWest;(11, 9);False;1;2481
;(8, 8);MoveWest;(11, 9);False;1;2482
;(8, 8);MoveWest;(11, 9);False;1;2483
;(8, 8);MoveWest;(11, 9);False;1;2484
;(8, 8);MoveWest;(11, 9);False;1;2485
;(8, 8);MoveWest;(11, 9);False;1;2486
;(8, 8);MoveWest;(10, 9);False;1;2487
MoveSouth;(8, 9);MoveWest;(10, 9);False;1;2488
;(8, 9);MoveWest;(10, 9);False;1;2489
;(8, 9);MoveWest;(10, 9);False;1;2490
;(8, 9);MoveWest;(10, 9);False;1;2491
;(8, 9);MoveWest;(10, 9);False;1;2492
;(8, 9);MoveWest;(10, 9);False;1;2493
MoveSouth;(8, 10);MoveWest;(10, 9);False;1;2494
;(8, 10);MoveWest;(10, 9);False;1;2495
;(8, 10);MoveWest;(10, 9);False;1;2496
;(8, 10);MoveWest;(10, 9);False;1;2497
;(8, 10);MoveWest;(9, 9);False;1;2498
;(8, 10);MoveEast;(9, 9);False;1;2499
;(8, 10);MoveEast;(9, 9);False;1;2500
;(8, 10);MoveEast;(9, 9);False;1;2501
;(8, 10);MoveEast;(9, 9);False;1;2502
GrabObject;(8, 10);MoveEast;(9, 9);False;1;2503
;(8, 10);MoveEast;(9, 9);False;1;2504
;(8, 10);MoveEast;(9, 9);False;1;2505
;(8, 10);MoveEast;(9, 9);False;1;2506
MoveWest;(7, 10);MoveEast;(9, 9);False;1;2507
;(7, 10);MoveEast;(9, 9);False;1;2508
;(7, 10);MoveEast;(10, 9);False;1;2509
MoveWest;(6, 10);MoveEast;(10, 9);False;1;2510
;(6, 10);MoveEast;(10, 9);False;1;2511
;(6, 10);MoveEast;(10, 9);False;1;2512
MoveWest;(5, 10);MoveEast;(10, 9);False;1;2513
;(5, 10);MoveEast;(10, 9);False;1;2514
;(5, 10);MoveEast;(10, 9);False;1;2515
MoveWest;(4, 10);MoveEast;(10, 9);False;1;2516
;(4, 10);MoveEast;(10, 9);False;1;2517
;(4, 10);MoveEast;(10, 9);False;1;2518
MoveWest;(3, 10);MoveEast;(10, 9);False;1;2519
;(3, 10);MoveEast;(11, 9);False;1;2520
;(3, 10);MoveWest;(11, 9);False;1;2521
;(3, 10);MoveWest;(11, 9);False;1;2522
;(3, 10);MoveWest;(11, 9);False;1;2523
DropObject;(3, 10);MoveWest;(11, 9);False;1;2524
;(3, 10);MoveWest;(11, 9);False;1;2525
;(3, 10);MoveWest;(11, 9);False;1;2526
;(3, 10);MoveWest;(11, 9);False;1;2527
;(3, 10);MoveWest;(11, 9);False;1;2528
MoveEast;(4, 10);MoveWest;(11, 9);False;1;2529
;(4, 10);MoveWest;(11, 9);False;1;2530
MoveEast;(5, 10);MoveWest;(10, 9);False;1;2531
;(5, 10);MoveWest;(10, 9);False;1;2532
;(5, 10);MoveWest;(10, 9);False;1;2533
MoveEast;(6, 10);MoveWest;(10, 9);False;1;2534
;(6, 10);MoveWest;(10, 9);False;1;2535
MoveEast;(7, 10);MoveWest;(10, 9);False;1;2536
;(7, 10);MoveWest;(10, 9);False;1;2537
;(7, 10);MoveWest;(10, 9);False;1;2538
MoveEast;(8, 10);MoveWest;(10, 9);False;1;2539
;(8, 10);MoveWest;(10, 9);False;1;2540
;(8, 10);MoveWest;(10, 9);False;1;2541
MoveEast;(9, 10);MoveWest;(9, 9);False;1;2542
;(9, 10);;(9, 9);False;1;2543
;(9, 10);MoveWest;(9, 9);False;1;2544
;(9, 10);MoveWest;(9, 9);False;1;2545
;(9, 10);MoveWest;(9, 9);False;1;2546
;(9, 10);MoveWest;(9, 9);False;1;2547
;(9, 10);MoveWest;(9, 9);False;1;2548
;(9, 10);MoveWest;(9, 9);False;1;2549
;(9, 10);MoveWest;(9, 9);False;1;2550
;(9, 10);MoveWest;(9, 9);False;1;2551
GrabObject;(9, 10);MoveWest;(9, 9);False;1;2552
;(9, 10);MoveWest;(9, 9);False;1;2553
;(9, 10);MoveWest;(8, 9);False;1;2554
;(9, 10);MoveWest;(8, 9);False;1;2555
;(9, 10);MoveWest;(8, 9);False;1;2556
MoveWest;(8, 10);MoveWest;(8, 9);False;1;2557
;(8, 10);MoveWest;(8, 9);False;1;2558
MoveWest;(7, 10);MoveWest;(8, 9);False;1;2559
;(7, 10);MoveWest;(8, 9);False;1;2560
;(7, 10);MoveWest;(8, 9);False;1;2561
MoveWest;(6, 10);MoveWest;(8, 9);False;1;2562
;(6, 10);MoveWest;(8, 9);False;1;2563
;(6, 10);MoveWest;(8, 9);False;1;2564
MoveWest;(5, 10);MoveWest;(7, 9);False;1;2565
;(5, 10);MoveWest;(7, 9);False;1;2566
;(5, 10);MoveWest;(7, 9);False;1;2567
MoveWest;(4, 10);MoveWest;(7, 9);False;1;2568
;(4, 10);MoveWest;(7, 9);False;1;2569
;(4, 10);MoveWest;(7, 9);False;1;2570
MoveWest;(3, 10);MoveWest;(7, 9);False;1;2571
;(3, 10);MoveWest;(7, 9);False;1;2572
;(3, 10);MoveWest;(7, 9);False;1;2573
MoveWest;(2, 10);MoveWest;(7, 9);False;1;2574
;(2, 10);MoveWest;(7, 9);False;1;2575
;(2, 10);MoveWest;(6, 9);False;1;2576
;(2, 10);MoveWest;(6, 9);False;1;2577
DropObject;(2, 10);MoveWest;(6, 9);False;1;2578
;(2, 10);MoveWest;(6, 9);False;1;2579
MoveEast;(3, 10);MoveWest;(6, 9);False;1;2580
;(3, 10);MoveWest;(6, 9);False;1;2581
;(3, 10);MoveWest;(6, 9);False;1;2582
MoveEast;(4, 10);MoveWest;(6, 9);False;1;2583
;(4, 10);MoveWest;(6, 9);False;1;2584
MoveEast;(5, 10);MoveWest;(6, 9);False;1;2585
;(5, 10);MoveWest;(6, 9);False;1;2586
MoveEast;(6, 10);MoveWest;(5, 9);False;1;2587
;(6, 10);MoveNorthWest;(5, 9);False;1;2588
;(6, 10);MoveNorthWest;(5, 9);False;1;2589
MoveEast;(7, 10);MoveNorthWest;(5, 9);False;1;2590
;(7, 10);MoveNorthWest;(5, 9);False;1;2591
MoveEast;(8, 10);MoveNorthWest;(5, 9);False;1;2592
;(8, 10);MoveNorthWest;(5, 9);False;1;2593
;(8, 10);MoveNorthWest;(5, 9);False;1;2594
MoveEast;(9, 10);MoveNorthWest;(5, 9);False;1;2595
;(9, 10);MoveNorthWest;(5, 9);False;1;2596
;(9, 10);MoveNorthWest;(5, 9);False;1;2597
MoveEast;(10, 10);MoveNorthWest;(4, 8);False;1;2598
;(10, 10);MoveWest;(4, 8);False;1;2599
;(10, 10);MoveWest;(4, 8);False;1;2600
;(10, 10);MoveWest;(4, 8);False;1;2601
;(10, 10);MoveWest;(4, 8);False;1;2602
;(10, 10);MoveWest;(4, 8);False;1;2603
GrabObject;(10, 10);MoveWest;(4, 8);False;1;2604
;(10, 10);MoveWest;(4, 8);False;1;2605
;(10, 10);MoveWest;(4, 8);False;1;2606
;(10, 10);MoveWest;(4, 8);False;1;2607
MoveWest;(9, 10);MoveWest;(4, 8);False;1;2608
;(9, 10);MoveWest;(3, 8);False;1;2609
MoveWest;(8, 10);MoveNorthWest;(3, 8);False;1;2610
;(8, 10);MoveNorthWest;(3, 8);False;1;2611
;(8, 10);MoveNorthWest;(3, 8);False;1;2612
MoveWest;(7, 10);MoveNorthWest;(3, 8);False;1;2613
;(7, 10);MoveNorthWest;(3, 8);False;1;2614
;(7, 10);MoveNorthWest;(3, 8);False;1;2615
MoveWest;(6, 10);MoveNorthWest;(3, 8);False;1;2616
;(6, 10);MoveNorthWest;(3, 8);False;1;2617
;(6, 10);MoveNorthWest;(3, 8);False;1;2618
;(6, 10);MoveNorthWest;(3, 8);False;1;2619
MoveWest;(5, 10);MoveNorthWest;(2, 7);False;1;2620
MoveWest;(4, 10);MoveWest;(2, 7);False;1;2621
;(4, 10);MoveWest;(2, 7);False;1;2622
;(4, 10);MoveWest;(2, 7);False;1;2623
MoveWest;(3, 10);MoveWest;(2, 7);False;1;2624
;(3, 10);MoveWest;(2, 7);False;1;2625
;(3, 10);MoveWest;(2, 7);False;1;2626
;(3, 10);MoveWest;(2, 7);False;1;2627
;(3, 10);MoveWest;(2, 7);False;1;2628
;(3, 10);MoveWest;(2, 7);False;1;2629
;(3, 10);MoveWest;(2, 7);False;1;2630
DropObject;(3, 10);MoveWest;(1, 7);False;1;2631
;(3, 10);DropObject;(1, 7);False;1;2632
;(3, 10);DropObject;(1, 7);False;1;2633
MoveNorth;(3, 9);DropObject;(1, 7);False;1;2634
;(3, 9);DropObject;(1, 7);False;1;2635
MoveNorth;(3, 8);DropObject;(1, 7);False;1;2636
;(3, 8);DropObject;(1, 7);False;1;2637
;(3, 8);DropObject;(1, 7);False;1;2638
;(3, 8);DropObject;(1, 7);False;1;2639
;(3, 8);DropObject;(1, 7);False;1;2640
;(3, 8);DropObject;(1, 7);False;1;2641
MoveEast;(4, 8);DropObject;(1, 7);False;1;2642
;(4, 8);;(1, 7);False;1;2643
;(4, 8);MoveEast;(1, 7);False;1;2644
;(4, 8);MoveEast;(1, 7);False;1;2645
MoveEast;(5, 8);MoveEast;(1, 7);False;1;2646
;(5, 8);MoveEast;(1, 7);False;1;2647
;(5, 8);MoveEast;(1, 7);False;1;2648
MoveEast;(6, 8);MoveEast;(1, 7);False;1;2649
;(6, 8);MoveEast;(1, 7);False;1;2650
;(6, 8);MoveEast;(1, 7);False;1;2651
;(6, 8);MoveEast;(1, 7);False;1;2652
;(6, 8);MoveEast;(1, 7);False;1;2653
;(6, 8);MoveEast;(2, 7);False;1;2654
;(6, 8);MoveEast;(2, 7);False;1;2655
MoveEast;(7, 8);MoveEast;(2, 7);False;1;2656
;(7, 8);MoveEast;(2, 7);False;1;2657
;(7, 8);MoveEast;(2, 7);False;1;2658
;(7, 8);MoveEast;(2, 7);False;1;2659
;(7, 8);MoveEast;(2, 7);False;1;2660
;(7, 8);MoveEast;(2, 7);False;1;2661
GrabObject;(7, 8);MoveEast;(2, 7);False;1;2662
;(7, 8);MoveEast;(2, 7);False;1;2663
;(7, 8);MoveEast;(2, 7);False;1;2664
GrabObject;(7, 8);MoveEast;(3, 7);False;1;2665
;(7, 8);MoveWest;(3, 7);False;1;2666
;(7, 8);MoveWest;(3, 7);False;1;2667
GrabObject;(7, 8);MoveWest;(3, 7);False;1;2668
;(7, 8);MoveWest;(3, 7);False;1;2669
;(7, 8);MoveWest;(3, 7);False;1;2670
GrabObject;(7, 8);MoveWest;(3, 7);False;1;2671
;(7, 8);MoveWest;(3, 7);False;1;2672
;(7, 8);MoveWest;(3, 7);False;1;2673
;(7, 8);MoveWest;(3, 7);False;1;2674
;(7, 8);MoveWest;(3, 7);False;1;2675
;(7, 8);MoveWest;(2, 7);False;1;2676
;(7, 8);MoveWest;(2, 7);False;1;2677
MoveWest;(6, 8);MoveWest;(2, 7);False;1;2678
;(6, 8);MoveWest;(2, 7);False;1;2679
;(6, 8);MoveWest;(2, 7);False;1;2680
;(6, 8);MoveWest;(2, 7);False;1;2681
;(6, 8);MoveWest;(2, 7);False;1;2682
;(6, 8);MoveWest;(2, 7);False;1;2683
;(6, 8);MoveWest;(2, 7);False;1;2684
;(6, 8);MoveWest;(2, 7);False;1;2685
;(6, 8);MoveWest;(2, 7);False;1;2686
;(6, 8);MoveWest;(1, 7);False;1;2687
MoveEast;(7, 8);MoveEast;(1, 7);False;1;2688
;(7, 8);MoveEast;(1, 7);False;1;2689
;(7, 8);MoveEast;(1, 7);False;1;2690
;(7, 8);MoveEast;(1, 7);False;1;2691
;(7, 8);MoveEast;(1, 7);False;1;2692
MoveSouth;(7, 9);MoveEast;(1, 7);False;1;2693
;(7, 9);MoveEast;(1, 7);False;1;2694
;(7, 9);MoveEast;(1, 7);False;1;2695
;(7, 9);MoveEast;(1, 7);False;1;2696
;(7, 9);MoveEast;(1, 7);False;1;2697
;(7, 9);MoveEast;(2, 7);False;1;2698
;(7, 9);MoveEast;(2, 7);False;1;2699
;(7, 9);MoveEast;(2, 7);False;1;2700
;(7, 9);MoveEast;(2, 7);False;1;2701
;(7, 9);MoveEast;(2, 7);False;1;2702
DropObject;(7, 9);MoveEast;(2, 7);False;1;2703
;(7, 9);MoveEast;(2, 7);False;1;2704
;(7, 9);MoveEast;(2, 7);False;1;2705
;(7, 9);MoveEast;(2, 7);False;1;2706
;(7, 9);MoveEast;(2, 7);False;1;2707
;(7, 9);MoveEast;(2, 7);False;1;2708
;(7, 9);MoveEast;(3, 7);False;1;2709
;(7, 9);MoveWest;(3, 7);False;1;2710
;(7, 9);MoveWest;(3, 7);False;1;2711
;(7, 9);MoveWest;(3, 7);False;1;2712
;(7, 9);MoveWest;(3, 7);False;1;2713
;(7, 9);MoveWest;(3, 7);False;1;2714
;(7, 9);MoveWest;(3, 7);False;1;2715
;(7, 9);MoveWest;(3, 7);False;1;2716
MoveNorth;(7, 8);MoveWest;(3, 7);False;1;2717
;(7, 8);MoveWest;(3, 7);False;1;2718
;(7, 8);MoveWest;(3, 7);False;1;2719
;(7, 8);MoveWest;(2, 7);False;1;2720
;(7, 8);MoveWest;(2, 7);False;1;2721
;(7, 8);MoveWest;(2, 7);False;1;2722
;(7, 8);MoveWest;(2, 7);False;1;2723
;(7, 8);MoveWest;(2, 7);False;1;2724
;(7, 8);MoveWest;(2, 7);False;1;2725
;(7, 8);MoveWest;(2, 7);False;1;2726
;(7, 8);MoveWest;(2, 7);False;1;2727
MoveEast;(8, 8);MoveWest;(2, 7);False;1;2728
;(8, 8);MoveWest;(2, 7);False;1;2729
;(8, 8);MoveWest;(2, 7);False;1;2730
;(8, 8);MoveWest;(1, 7);False;1;2731
;(8, 8);MoveEast;(1, 7);False;1;2732
GrabObject;(8, 8);MoveEast;(1, 7);False;1;2733
;(8, 8);MoveEast;(1, 7);False;1;2734
;(8, 8);MoveEast;(1, 7);False;1;2735
;(8, 8);MoveEast;(1, 7);False;1;2736
GrabObject;(8, 8);MoveEast;(1, 7);False;1;2737
;(8, 8);MoveEast;(1, 7);False;1;2738
;(8, 8);MoveEast;(1, 7);False;1;2739
GrabObject;(8, 8);MoveEast;(1, 7);False;1;2740
;(8, 8);MoveEast;(1, 7);False;1;2741
;(8, 8);MoveEast;(2, 7);False;1;2742
GrabObject;(8, 8);MoveEast;(2, 7);False;1;2743
;(8, 8);MoveEast;(2, 7);False;1;2744
;(8, 8);MoveEast;(2, 7);False;1;2745
GrabObject;(8, 8);MoveEast;(2, 7);False;1;2746
;(8, 8);MoveEast;(2, 7);False;1;2747
;(8, 8);MoveEast;(2, 7);False;1;2748
GrabObject;(8, 8);MoveEast;(2, 7);False;1;2749
;(8, 8);MoveEast;(2, 7);False;1;2750
;(8, 8);MoveEast;(2, 7);False;1;2751
GrabObject;(8, 8);MoveEast;(2, 7);False;1;2752
;(8, 8);MoveEast;(3, 7);False;1;2753
;(8, 8);MoveWest;(3, 7);False;1;2754
;(8, 8);MoveWest;(3, 7);False;1;2755
;(8, 8);MoveWest;(3, 7);False;1;2756
;(8, 8);MoveWest;(3, 7);False;1;2757
GrabObject;(8, 8);MoveWest;(3, 7);False;1;2758
;(8, 8);MoveWest;(3, 7);False;1;2759
;(8, 8);MoveWest;(3, 7);False;1;2760
;(8, 8);MoveWest;(3, 7);False;1;2761
GrabObject;(8, 8);MoveWest;(3, 7);False;1;2762
;(8, 8);MoveWest;(3, 7);False;1;2763
;(8, 8);MoveWest;(2, 7);False;1;2764
GrabObject;(8, 8);MoveWest;(2, 7);False;1;2765
;(8, 8);MoveWest;(2, 7);False;1;2766
;(8, 8);MoveWest;(2, 7);False;1;2767
GrabObject;(8, 8);MoveWest;(2, 7);False;1;2768
;(8, 8);MoveWest;(2, 7);False;1;2769
;(8, 8);MoveWest;(2, 7);False;1;2770
;(8, 8);MoveWest;(2, 7);False;1;2771
GrabObject;(8, 8);MoveWest;(2, 7);False;1;2772
;(8, 8);MoveWest;(2, 7);False;1;2773
;(8, 8);MoveWest;(2, 7);False;1;2774
;(8, 8);MoveWest;(1, 7);False;1;2775
;(8, 8);;(1, 7);False;1;2776
;(8, 8);MoveEast;(1, 7);False;1;2777
;(8, 8);MoveEast;(1, 7);False;1;2778
;(8, 8);MoveEast;(1, 7);False;1;2779
;(8, 8);MoveEast;(1, 7);False;1;2780
;(8, 8);MoveEast;(1, 7);False;1;2781
;(8, 8);MoveEast;(1, 7);False;1;2782
;(8, 8);MoveEast;(1, 7);False;1;2783
;(8, 8);MoveEast;(1, 7);False;1;2784
;(8, 8);MoveEast;(1, 7);False;1;2785
;(8, 8);MoveEast;(1, 7);False;1;2786
;(8, 8);MoveEast;(2, 7);False;1;2787
;(8, 8);MoveEast;(2, 7);False;1;2788
;(8, 8);MoveEast;(2, 7);False;1;2789
;(8, 8);MoveEast;(2, 7);False;1;2790
;(8, 8);MoveEast;(2, 7);False;1;2791
;(8, 8);MoveEast;(2, 7);False;1;2792
;(8, 8);MoveEast;(2, 7);False;1;2793
;(8, 8);MoveEast;(2, 7);False;1;2794
;(8, 8);MoveEast;(2, 7);False;1;2795
;(8, 8);MoveEast;(2, 7);False;1;2796
;(8, 8);MoveEast;(2, 7);False;1;2797
;(8, 8);MoveEast;(3, 7);False;1;2798
;(8, 8);MoveWest;(3, 7);False;1;2799
;(8, 8);MoveWest;(3, 7);False;1;2800
;(8, 8);MoveWest;(3, 7);False;1;2801
;(8, 8);MoveWest;(3, 7);False;1;2802
;(8, 8);MoveWest;(3, 7);False;1;2803
;(8, 8);MoveWest;(3, 7);False;1;2804
;(8, 8);MoveWest;(3, 7);False;1;2805
;(8, 8);MoveWest;(3, 7);False;1;2806
;(8, 8);MoveWest;(3, 7);False;1;2807
;(8, 8);MoveWest;(3, 7);False;1;2808
;(8, 8);MoveWest;(2, 7);False;1;2809
GrabObject;(8, 8);MoveWest;(2, 7);False;1;2810
;(8, 8);MoveWest;(2, 7);False;1;2811
GrabObject;(8, 8);MoveWest;(2, 7);False;1;2812
;(8, 8);MoveWest;(2, 7);False;1;2813
;(8, 8);MoveWest;(2, 7);False;1;2814
GrabObject;(8, 8);MoveWest;(2, 7);False;1;2815
;(8, 8);MoveWest;(2, 7);False;1;2816
;(8, 8);MoveWest;(2, 7);False;1;2817
GrabObject;(8, 8);MoveWest;(2, 7);False;1;2818
;(8, 8);MoveWest;(2, 7);False;1;2819
;(8, 8);MoveWest;(1, 7);False;1;2820
;(8, 8);MoveEast;(1, 7);False;1;2821
;(8, 8);MoveEast;(1, 7);False;1;2822
;(8, 8);MoveEast;(1, 7);False;1;2823
;(8, 8);MoveEast;(1, 7);False;1;2824
;(8, 8);MoveEast;(1, 7);False;1;2825
;(8, 8);MoveEast;(1, 7);False;1;2826
;(8, 8);MoveEast;(1, 7);False;1;2827
;(8, 8);MoveEast;(1, 7);False;1;2828
;(8, 8);MoveEast;(1, 7);False;1;2829
;(8, 8);MoveEast;(1, 7);False;1;2830
;(8, 8);MoveEast;(2, 7);False;1;2831
;(8, 8);MoveEast;(2, 7);False;1;2832
;(8, 8);MoveEast;(2, 7);False;1;2833
;(8, 8);MoveEast;(2, 7);False;1;2834
;(8, 8);MoveEast;(2, 7);False;1;2835
;(8, 8);MoveEast;(2, 7);False;1;2836
;(8, 8);MoveEast;(2, 7);False;1;2837
;(8, 8);MoveEast;(2, 7);False;1;2838
;(8, 8);MoveEast;(2, 7);False;1;2839
;(8, 8);MoveEast;(2, 7);False;1;2840
;(8, 8);MoveEast;(2, 7);False;1;2841
;(8, 8);MoveEast;(3, 7);False;1;2842
;(8, 8);MoveWest;(3, 7);False;1;2843
;(8, 8);MoveWest;(3, 7);False;1;2844
;(8, 8);MoveWest;(3, 7);False;1;2845
;(8, 8);MoveWest;(3, 7);False;1;2846
;(8, 8);MoveWest;(3, 7);False;1;2847
;(8, 8);MoveWest;(3, 7);False;1;2848
;(8, 8);MoveWest;(3, 7);False;1;2849
;(8, 8);MoveWest;(3, 7);False;1;2850
;(8, 8);MoveWest;(3, 7);False;1;2851
;(8, 8);MoveWest;(3, 7);False;1;2852
;(8, 8);MoveWest;(2, 7);False;1;2853
;(8, 8);MoveWest;(2, 7);False;1;2854
;(8, 8);MoveWest;(2, 7);False;1;2855
;(8, 8);MoveWest;(2, 7);False;1;2856
;(8, 8);MoveWest;(2, 7);False;1;2857
;(8, 8);MoveWest;(2, 7);False;1;2858
;(8, 8);MoveWest;(2, 7);False;1;2859
;(8, 8);MoveWest;(2, 7);False;1;2860
;(8, 8);MoveWest;(2, 7);False;1;2861
;(8, 8);MoveWest;(2, 7);False;1;2862
;(8, 8);MoveWest;(2, 7);False;1;2863
;(8, 8);MoveWest;(1, 7);False;1;2864
;(8, 8);MoveEast;(1, 7);False;1;2865
;(8, 8);MoveEast;(1, 7);False;1;2866
;(8, 8);MoveEast;(1, 7);False;1;2867
;(8, 8);MoveEast;(1, 7);False;1;2868
;(8, 8);MoveEast;(1, 7);False;1;2869
;(8, 8);MoveEast;(1, 7);False;1;2870
;(8, 8);MoveEast;(1, 7);False;1;2871
;(8, 8);MoveEast;(1, 7);False;1;2872
MoveWest;(7, 8);MoveEast;(1, 7);False;1;2873
;(7, 8);MoveEast;(1, 7);False;1;2874
;(7, 8);MoveEast;(2, 7);False;1;2875
;(7, 8);MoveEast;(2, 7);False;1;2876
;(7, 8);MoveEast;(2, 7);False;1;2877
;(7, 8);MoveEast;(2, 7);False;1;2878
;(7, 8);MoveEast;(2, 7);False;1;2879
;(7, 8);MoveEast;(2, 7);False;1;2880
;(7, 8);MoveEast;(2, 7);False;1;2881
;(7, 8);MoveEast;(2, 7);False;1;2882
;(7, 8);MoveEast;(2, 7);False;1;2883
;(7, 8);MoveEast;(2, 7);False;1;2884
;(7, 8);MoveEast;(2, 7);False;1;2885
;(7, 8);MoveEast;(3, 7);False;1;2886
;(7, 8);MoveWest;(3, 7);False;1;2887
;(7, 8);MoveWest;(3, 7);False;1;2888
;(7, 8);MoveWest;(3, 7);False;1;2889
;(7, 8);MoveWest;(3, 7);False;1;2890
;(7, 8);MoveWest;(3, 7);False;1;2891
;(7, 8);MoveWest;(3, 7);False;1;2892
;(7, 8);MoveWest;(3, 7);False;1;2893
;(7, 8);MoveWest;(3, 7);False;1;2894
MoveEast;(8, 8);MoveWest;(3, 7);False;1;2895
;(8, 8);MoveWest;(3, 7);False;1;2896
;(8, 8);MoveWest;(2, 7);False;1;2897
;(8, 8);MoveWest;(2, 7);False;1;2898
;(8, 8);MoveWest;(2, 7);False;1;2899
;(8, 8);MoveWest;(2, 7);False;1;2900
;(8, 8);MoveWest;(2, 7);False;1;2901
;(8, 8);MoveWest;(2, 7);False;1;2902
;(8, 8);MoveWest;(2, 7);False;1;2903
GrabObject;(8, 8);MoveWest;(2, 7);False;1;2904
;(8, 8);MoveWest;(2, 7);False;1;2905
;(8, 8);MoveWest;(2, 7);False;1;2906
GrabObject;(8, 8);MoveWest;(2, 7);False;1;2907
;(8, 8);MoveWest;(1, 7);False;1;2908
;(8, 8);;(1, 7);False;1;2909
GrabObject;(8, 8);Idle;(1, 7);False;1;2910
;(8, 8);Idle;(1, 7);False;1;2911
;(8, 8);Idle;(1, 7);False;1;2912
MoveWest;(7, 8);Idle;(1, 7);False;1;2913
;(7, 8);Idle;(1, 7);False;1;2914
;(7, 8);Idle;(1, 7);False;1;2915
MoveWest;(6, 8);Idle;(1, 7);False;1;2916
;(6, 8);Idle;(1, 7);False;1;2917
;(6, 8);Idle;(1, 7);False;1;2918
;(6, 8);Idle;(1, 7);False;1;2919
;(6, 8);Idle;(1, 7);False;1;2920
;(6, 8);Idle;(1, 7);False;1;2921
;(6, 8);Idle;(1, 7);False;1;2922
;(6, 8);Idle;(1, 7);False;1;2923
MoveSouth;(6, 9);Idle;(1, 7);False;1;2924
;(6, 9);Idle;(1, 7);False;1;2925
;(6, 9);Idle;(1, 7);False;1;2926
;(6, 9);Idle;(1, 7);False;1;2927
;(6, 9);Idle;(1, 7);False;1;2928
;(6, 9);Idle;(1, 7);False;1;2929
;(6, 9);Idle;(1, 7);False;1;2930
;(6, 9);Idle;(1, 7);False;1;2931
;(6, 9);Idle;(1, 7);False;1;2932
;(6, 9);Idle;(1, 7);False;1;2933
;(6, 9);Idle;(1, 7);False;1;2934
;(6, 9);Idle;(1, 7);False;1;2935
;(6, 9);Idle;(1, 7);False;1;2936
;(6, 9);Idle;(1, 7);False;1;2937
;(6, 9);Idle;(1, 7);False;1;2938
;(6, 9);Idle;(1, 7);False;1;2939
;(6, 9);Idle;(1, 7);False;1;2940
;(6, 9);Idle;(1, 7);False;1;2941
;(6, 9);Idle;(1, 7);False;1;2942
;(6, 9);Idle;(1, 7);False;1;2943
;(6, 9);Idle;(1, 7);False;1;2944
GrabObject;(6, 9);Idle;(1, 7);False;1;2945
;(6, 9);Idle;(1, 7);False;1;2946
MoveWest;(5, 9);Idle;(1, 7);False;1;2947
;(5, 9);Idle;(1, 7);False;1;2948
;(5, 9);Idle;(1, 7);False;1;2949
MoveWest;(4, 9);Idle;(1, 7);False;1;2950
;(4, 9);Idle;(1, 7);False;1;2951
;(4, 9);Idle;(1, 7);False;1;2952
MoveWest;(3, 9);Idle;(1, 7);False;1;2953
;(3, 9);Idle;(1, 7);False;1;2954
;(3, 9);Idle;(1, 7);False;1;2955
MoveWest;(2, 9);Idle;(1, 7);False;1;2956
;(2, 9);Idle;(1, 7);False;1;2957
;(2, 9);Idle;(1, 7);False;1;2958
;(2, 9);Idle;(1, 7);False;1;2959
DropObject;(2, 9);Idle;(1, 7);False;1;2960
;(2, 9);Idle;(1, 7);False;1;2961
;(2, 9);Idle;(1, 7);False;1;2962
;(2, 9);Idle;(1, 7);False;1;2963
;(2, 9);Idle;(1, 7);False;1;2964
;(2, 9);;(1, 7);False;1;2965
MoveEast;(3, 9);MoveEast;(1, 7);False;1;2966
;(3, 9);MoveEast;(1, 7);False;1;2967
;(3, 9);MoveEast;(1, 7);False;1;2968
;(3, 9);MoveEast;(1, 7);False;1;2969
;(3, 9);MoveEast;(1, 7);False;1;2970
;(3, 9);MoveEast;(1, 7);False;1;2971
MoveEast;(4, 9);MoveEast;(1, 7);False;1;2972
;(4, 9);MoveEast;(1, 7);False;1;2973
;(4, 9);MoveEast;(1, 7);False;1;2974
;(4, 9);MoveEast;(1, 7);False;1;2975
MoveEast;(5, 9);MoveEast;(2, 7);False;1;2976
;(5, 9);MoveEast;(2, 7);False;1;2977
;(5, 9);MoveEast;(2, 7);False;1;2978
;(5, 9);MoveEast;(2, 7);False;1;2979
;(5, 9);MoveEast;(2, 7);False;1;2980
;(5, 9);MoveEast;(2, 7);False;1;2981
;(5, 9);MoveEast;(2, 7);False;1;2982
;(5, 9);MoveEast;(2, 7);False;1;2983
;(5, 9);MoveEast;(2, 7);False;1;2984
;(5, 9);MoveEast;(2, 7);False;1;2985
;(5, 9);MoveEast;(2, 7);False;1;2986
MoveSouth;(5, 10);MoveEast;(3, 7);False;1;2987
;(5, 10);MoveSouthEast;(3, 7);False;1;2988
;(5, 10);MoveSouthEast;(3, 7);False;1;2989
;(5, 10);MoveSouthEast;(3, 7);False;1;2990
MoveEast;(6, 10);MoveSouthEast;(3, 7);False;1;2991
;(6, 10);MoveSouthEast;(3, 7);False;1;2992
;(6, 10);MoveSouthEast;(3, 7);False;1;2993
;(6, 10);MoveSouthEast;(3, 7);False;1;2994
;(6, 10);MoveSouthEast;(3, 7);False;1;2995
;(6, 10);MoveSouthEast;(3, 7);False;1;2996
GrabObject;(6, 10);MoveSouthEast;(3, 7);False;1;2997
;(6, 10);MoveSouthEast;(4, 8);False;1;2998
MoveWest;(5, 10);MoveEast;(4, 8);False;1;2999
;(5, 10);MoveEast;(4, 8);False;1;3000
;(5, 10);MoveEast;(4, 8);False;1;3001
MoveWest;(4, 10);MoveEast;(4, 8);False;1;3002
;(4, 10);MoveEast;(4, 8);False;1;3003
;(4, 10);MoveEast;(4, 8);False;1;3004
MoveWest;(3, 10);MoveEast;(4, 8);False;1;3005
;(3, 10);MoveEast;(4, 8);False;1;3006
;(3, 10);MoveEast;(4, 8);False;1;3007
MoveWest;(2, 10);MoveEast;(4, 8);False;1;3008
;(2, 10);MoveEast;(5, 8);False;1;3009
;(2, 10);;(5, 8);False;1;3010
;(2, 10);;(5, 8);False;1;3011
DropObject;(2, 10);;(5, 8);False;1;3012
MoveEast;(3, 10);;(5, 8);False;1;3013
;(3, 10);;(5, 8);False;1;3014
;(3, 10);;(5, 8);False;1;3015
MoveEast;(4, 10);;(5, 8);False;1;3016
;(4, 10);;(5, 8);False;1;3017
;(4, 10);;(5, 8);False;1;3018
MoveEast;(5, 10);;(5, 8);False;1;3019
