human_selector_action;human_selector_location;robot_action;robot_location;robot_executing_cp;world_nr;tick_nr
;(3, 4);;(4, 4);False;1;0
;(3, 4);;(4, 4);False;1;1
;(3, 4);;(4, 4);False;1;2
;(3, 4);MoveEast;(4, 4);False;1;3
;(3, 4);MoveEast;(4, 4);False;1;4
;(3, 4);MoveEast;(4, 4);False;1;5
;(3, 4);MoveEast;(4, 4);False;1;6
;(3, 4);MoveEast;(4, 4);False;1;7
;(3, 4);MoveEast;(4, 4);False;1;8
;(3, 4);MoveEast;(4, 4);False;1;9
;(3, 4);MoveEast;(4, 4);False;1;10
;(3, 4);MoveEast;(4, 4);False;1;11
;(3, 4);MoveEast;(4, 4);False;1;12
;(3, 4);MoveEast;(5, 4);False;1;13
;(3, 4);MoveEast;(5, 4);False;1;14
;(3, 4);MoveEast;(5, 4);False;1;15
;(3, 4);MoveEast;(5, 4);False;1;16
;(3, 4);MoveEast;(5, 4);False;1;17
;(3, 4);MoveEast;(5, 4);False;1;18
;(3, 4);MoveEast;(5, 4);False;1;19
;(3, 4);MoveEast;(5, 4);False;1;20
;(3, 4);MoveEast;(5, 4);False;1;21
;(3, 4);MoveEast;(5, 4);False;1;22
;(3, 4);MoveEast;(5, 4);False;1;23
;(3, 4);MoveEast;(6, 4);False;1;24
;(3, 4);MoveWest;(6, 4);False;1;25
;(3, 4);MoveWest;(6, 4);False;1;26
;(3, 4);MoveWest;(6, 4);False;1;27
;(3, 4);MoveWest;(6, 4);False;1;28
;(3, 4);MoveWest;(6, 4);False;1;29
;(3, 4);MoveWest;(6, 4);False;1;30
;(3, 4);MoveWest;(6, 4);False;1;31
;(3, 4);MoveWest;(6, 4);False;1;32
;(3, 4);MoveWest;(6, 4);False;1;33
;(3, 4);MoveWest;(6, 4);False;1;34
;(3, 4);MoveWest;(5, 4);False;1;35
;(3, 4);MoveWest;(5, 4);False;1;36
;(3, 4);MoveWest;(5, 4);False;1;37
;(3, 4);MoveWest;(5, 4);False;1;38
;(3, 4);MoveWest;(5, 4);False;1;39
;(3, 4);MoveWest;(5, 4);False;1;40
;(3, 4);MoveWest;(5, 4);False;1;41
;(3, 4);MoveWest;(5, 4);False;1;42
;(3, 4);MoveWest;(5, 4);False;1;43
;(3, 4);MoveWest;(5, 4);False;1;44
;(3, 4);MoveWest;(5, 4);False;1;45
;(3, 4);MoveWest;(4, 4);False;1;46
;(3, 4);MoveEast;(4, 4);False;1;47
;(3, 4);MoveEast;(4, 4);False;1;48
;(3, 4);MoveEast;(4, 4);False;1;49
;(3, 4);MoveEast;(4, 4);False;1;50
;(3, 4);MoveEast;(4, 4);False;1;51
;(3, 4);MoveEast;(4, 4);False;1;52
;(3, 4);MoveEast;(4, 4);False;1;53
;(3, 4);MoveEast;(4, 4);False;1;54
;(3, 4);MoveEast;(4, 4);False;1;55
;(3, 4);MoveEast;(4, 4);False;1;56
;(3, 4);MoveEast;(5, 4);False;1;57
;(3, 4);MoveEast;(5, 4);False;1;58
;(3, 4);MoveEast;(5, 4);False;1;59
;(3, 4);MoveEast;(5, 4);False;1;60
;(3, 4);MoveEast;(5, 4);False;1;61
;(3, 4);MoveEast;(5, 4);False;1;62
;(3, 4);MoveEast;(5, 4);False;1;63
;(3, 4);MoveEast;(5, 4);False;1;64
;(3, 4);MoveEast;(5, 4);False;1;65
;(3, 4);MoveEast;(5, 4);False;1;66
;(3, 4);MoveEast;(5, 4);False;1;67
;(3, 4);MoveEast;(6, 4);False;1;68
;(3, 4);MoveWest;(6, 4);False;1;69
;(3, 4);MoveWest;(6, 4);False;1;70
;(3, 4);MoveWest;(6, 4);False;1;71
;(3, 4);MoveWest;(6, 4);False;1;72
;(3, 4);MoveWest;(6, 4);False;1;73
;(3, 4);MoveWest;(6, 4);False;1;74
;(3, 4);MoveWest;(6, 4);False;1;75
;(3, 4);MoveWest;(6, 4);False;1;76
;(3, 4);MoveWest;(6, 4);False;1;77
;(3, 4);MoveWest;(6, 4);False;1;78
;(3, 4);MoveWest;(5, 4);False;1;79
;(3, 4);MoveWest;(5, 4);False;1;80
;(3, 4);MoveWest;(5, 4);False;1;81
;(3, 4);MoveWest;(5, 4);False;1;82
;(3, 4);MoveWest;(5, 4);False;1;83
;(3, 4);MoveWest;(5, 4);False;1;84
;(3, 4);MoveWest;(5, 4);False;1;85
;(3, 4);MoveWest;(5, 4);False;1;86
;(3, 4);MoveWest;(5, 4);False;1;87
;(3, 4);MoveWest;(5, 4);False;1;88
;(3, 4);MoveWest;(5, 4);False;1;89
;(3, 4);MoveWest;(4, 4);False;1;90
;(3, 4);MoveEast;(4, 4);False;1;91
;(3, 4);MoveEast;(4, 4);False;1;92
;(3, 4);MoveEast;(4, 4);False;1;93
;(3, 4);MoveEast;(4, 4);False;1;94
;(3, 4);MoveEast;(4, 4);False;1;95
;(3, 4);MoveEast;(4, 4);False;1;96
;(3, 4);MoveEast;(4, 4);False;1;97
;(3, 4);MoveEast;(4, 4);False;1;98
;(3, 4);MoveEast;(4, 4);False;1;99
;(3, 4);MoveEast;(4, 4);False;1;100
;(3, 4);MoveEast;(5, 4);False;1;101
;(3, 4);MoveEast;(5, 4);False;1;102
;(3, 4);MoveEast;(5, 4);False;1;103
;(3, 4);MoveEast;(5, 4);False;1;104
;(3, 4);MoveEast;(5, 4);False;1;105
;(3, 4);MoveEast;(5, 4);False;1;106
;(3, 4);MoveEast;(5, 4);False;1;107
;(3, 4);MoveEast;(5, 4);False;1;108
;(3, 4);MoveEast;(5, 4);False;1;109
;(3, 4);MoveEast;(5, 4);False;1;110
;(3, 4);MoveEast;(5, 4);False;1;111
;(3, 4);MoveEast;(6, 4);False;1;112
;(3, 4);MoveWest;(6, 4);False;1;113
;(3, 4);MoveWest;(6, 4);False;1;114
;(3, 4);MoveWest;(6, 4);False;1;115
;(3, 4);MoveWest;(6, 4);False;1;116
;(3, 4);MoveWest;(6, 4);False;1;117
;(3, 4);MoveWest;(6, 4);False;1;118
;(3, 4);MoveWest;(6, 4);False;1;119
;(3, 4);MoveWest;(6, 4);False;1;120
;(3, 4);MoveWest;(6, 4);False;1;121
;(3, 4);MoveWest;(6, 4);False;1;122
;(3, 4);MoveWest;(5, 4);False;1;123
;(3, 4);MoveWest;(5, 4);False;1;124
;(3, 4);MoveWest;(5, 4);False;1;125
;(3, 4);MoveWest;(5, 4);False;1;126
;(3, 4);MoveWest;(5, 4);False;1;127
;(3, 4);MoveWest;(5, 4);False;1;128
;(3, 4);MoveWest;(5, 4);False;1;129
;(3, 4);MoveWest;(5, 4);False;1;130
;(3, 4);MoveWest;(5, 4);False;1;131
;(3, 4);MoveWest;(5, 4);False;1;132
;(3, 4);MoveWest;(5, 4);False;1;133
;(3, 4);MoveWest;(4, 4);False;1;134
;(3, 4);;(4, 4);False;1;135
;(3, 4);Idle;(4, 4);False;1;136
;(3, 4);Idle;(4, 4);False;1;137
;(3, 4);Idle;(4, 4);False;1;138
;(3, 4);Idle;(4, 4);False;1;139
;(3, 4);Idle;(4, 4);False;1;140
;(3, 4);Idle;(4, 4);False;1;141
;(3, 4);Idle;(4, 4);False;1;142
;(3, 4);Idle;(4, 4);False;1;143
;(3, 4);Idle;(4, 4);False;1;144
;(3, 4);Idle;(4, 4);False;1;145
;(3, 4);Idle;(4, 4);False;1;146
;(3, 4);Idle;(4, 4);False;1;147
;(3, 4);Idle;(4, 4);False;1;148
;(3, 4);Idle;(4, 4);False;1;149
;(3, 4);Idle;(4, 4);False;1;150
;(3, 4);Idle;(4, 4);False;1;151
;(3, 4);Idle;(4, 4);False;1;152
;(3, 4);Idle;(4, 4);False;1;153
;(3, 4);Idle;(4, 4);False;1;154
;(3, 4);Idle;(4, 4);False;1;155
;(3, 4);Idle;(4, 4);False;1;156
;(3, 4);Idle;(4, 4);False;1;157
;(3, 4);Idle;(4, 4);False;1;158
;(3, 4);Idle;(4, 4);False;1;159
;(3, 4);Idle;(4, 4);False;1;160
;(3, 4);Idle;(4, 4);False;1;161
;(3, 4);Idle;(4, 4);False;1;162
;(3, 4);Idle;(4, 4);False;1;163
;(3, 4);Idle;(4, 4);False;1;164
;(3, 4);Idle;(4, 4);False;1;165
;(3, 4);Idle;(4, 4);False;1;166
;(3, 4);Idle;(4, 4);False;1;167
;(3, 4);Idle;(4, 4);False;1;168
;(3, 4);Idle;(4, 4);False;1;169
;(3, 4);Idle;(4, 4);False;1;170
;(3, 4);Idle;(4, 4);False;1;171
;(3, 4);Idle;(4, 4);False;1;172
;(3, 4);Idle;(4, 4);False;1;173
;(3, 4);Idle;(4, 4);False;1;174
;(3, 4);Idle;(4, 4);False;1;175
;(3, 4);Idle;(4, 4);False;1;176
;(3, 4);Idle;(4, 4);False;1;177
;(3, 4);Idle;(4, 4);False;1;178
;(3, 4);Idle;(4, 4);False;1;179
;(3, 4);Idle;(4, 4);False;1;180
;(3, 4);Idle;(4, 4);False;1;181
;(3, 4);Idle;(4, 4);False;1;182
;(3, 4);Idle;(4, 4);False;1;183
;(3, 4);Idle;(4, 4);False;1;184
MoveNorth;(3, 3);Idle;(4, 4);False;1;185
;(3, 3);Idle;(4, 4);False;1;186
;(3, 3);Idle;(4, 4);False;1;187
;(3, 3);Idle;(4, 4);False;1;188
;(3, 3);Idle;(4, 4);False;1;189
;(3, 3);Idle;(4, 4);False;1;190
;(3, 3);;(4, 4);False;1;191
;(3, 3);Idle;(4, 4);False;1;192
;(3, 3);Idle;(4, 4);False;1;193
;(3, 3);Idle;(4, 4);False;1;194
;(3, 3);Idle;(4, 4);False;1;195
MoveEast;(4, 3);Idle;(4, 4);False;1;196
;(4, 3);Idle;(4, 4);False;1;197
;(4, 3);Idle;(4, 4);False;1;198
;(4, 3);Idle;(4, 4);False;1;199
;(4, 3);Idle;(4, 4);False;1;200
;(4, 3);Idle;(4, 4);False;1;201
;(4, 3);Idle;(4, 4);False;1;202
;(4, 3);Idle;(4, 4);False;1;203
;(4, 3);Idle;(4, 4);False;1;204
;(4, 3);Idle;(4, 4);False;1;205
MoveEast;(5, 3);Idle;(4, 4);False;1;206
;(5, 3);Idle;(4, 4);False;1;207
;(5, 3);Idle;(4, 4);False;1;208
;(5, 3);Idle;(4, 4);False;1;209
MoveEast;(6, 3);Idle;(4, 4);False;1;210
;(6, 3);Idle;(4, 4);False;1;211
;(6, 3);Idle;(4, 4);False;1;212
;(6, 3);Idle;(4, 4);False;1;213
MoveEast;(7, 3);Idle;(4, 4);False;1;214
;(7, 3);Idle;(4, 4);False;1;215
;(7, 3);Idle;(4, 4);False;1;216
;(7, 3);Idle;(4, 4);False;1;217
;(7, 3);Idle;(4, 4);False;1;218
;(7, 3);Idle;(4, 4);False;1;219
MoveEast;(8, 3);Idle;(4, 4);False;1;220
;(8, 3);Idle;(4, 4);False;1;221
;(8, 3);Idle;(4, 4);False;1;222
;(8, 3);Idle;(4, 4);False;1;223
;(8, 3);Idle;(4, 4);False;1;224
;(8, 3);Idle;(4, 4);False;1;225
;(8, 3);Idle;(4, 4);False;1;226
;(8, 3);Idle;(4, 4);False;1;227
;(8, 3);Idle;(4, 4);False;1;228
;(8, 3);Idle;(4, 4);False;1;229
;(8, 3);Idle;(4, 4);False;1;230
;(8, 3);Idle;(4, 4);False;1;231
;(8, 3);Idle;(4, 4);False;1;232
;(8, 3);Idle;(4, 4);False;1;233
;(8, 3);Idle;(4, 4);False;1;234
;(8, 3);Idle;(4, 4);False;1;235
;(8, 3);Idle;(4, 4);False;1;236
;(8, 3);Idle;(4, 4);False;1;237
;(8, 3);Idle;(4, 4);False;1;238
;(8, 3);Idle;(4, 4);False;1;239
;(8, 3);Idle;(4, 4);False;1;240
;(8, 3);Idle;(4, 4);False;1;241
;(8, 3);Idle;(4, 4);False;1;242
;(8, 3);Idle;(4, 4);False;1;243
;(8, 3);Idle;(4, 4);False;1;244
;(8, 3);Idle;(4, 4);False;1;245
;(8, 3);Idle;(4, 4);False;1;246
;(8, 3);;(4, 4);False;1;247
;(8, 3);MoveEast;(4, 4);False;1;248
GrabObject;(8, 3);MoveEast;(4, 4);False;1;249
;(8, 3);MoveEast;(4, 4);False;1;250
;(8, 3);MoveEast;(4, 4);False;1;251
;(8, 3);MoveEast;(4, 4);False;1;252
;(8, 3);MoveEast;(4, 4);False;1;253
;(8, 3);MoveEast;(4, 4);False;1;254
;(8, 3);MoveEast;(4, 4);False;1;255
;(8, 3);MoveEast;(4, 4);False;1;256
;(8, 3);MoveEast;(4, 4);False;1;257
;(8, 3);MoveEast;(5, 4);False;1;258
;(8, 3);MoveEast;(5, 4);False;1;259
;(8, 3);MoveEast;(5, 4);False;1;260
;(8, 3);MoveEast;(5, 4);False;1;261
MoveWest;(7, 3);MoveEast;(5, 4);False;1;262
;(7, 3);MoveEast;(5, 4);False;1;263
;(7, 3);MoveEast;(5, 4);False;1;264
;(7, 3);MoveEast;(5, 4);False;1;265
;(7, 3);MoveEast;(5, 4);False;1;266
;(7, 3);MoveEast;(5, 4);False;1;267
;(7, 3);MoveEast;(5, 4);False;1;268
;(7, 3);MoveEast;(6, 4);False;1;269
;(7, 3);MoveEast;(6, 4);False;1;270
;(7, 3);MoveEast;(6, 4);False;1;271
MoveWest;(6, 3);MoveEast;(6, 4);False;1;272
MoveWest;(5, 3);MoveEast;(6, 4);False;1;273
MoveWest;(4, 3);MoveEast;(6, 4);False;1;274
MoveWest;(3, 3);MoveEast;(6, 4);False;1;275
MoveWest;(2, 3);MoveEast;(6, 4);False;1;276
MoveWest;(1, 3);MoveEast;(6, 4);False;1;277
MoveWest;(0, 3);MoveEast;(6, 4);False;1;278
MoveWest;(0, 3);MoveEast;(6, 4);False;1;279
;(0, 3);MoveEast;(7, 4);False;1;280
;(0, 3);MoveEast;(7, 4);False;1;281
;(0, 3);MoveEast;(7, 4);False;1;282
;(0, 3);MoveEast;(7, 4);False;1;283
;(0, 3);MoveEast;(7, 4);False;1;284
;(0, 3);MoveEast;(7, 4);False;1;285
;(0, 3);MoveEast;(7, 4);False;1;286
;(0, 3);MoveEast;(7, 4);False;1;287
;(0, 3);MoveEast;(7, 4);False;1;288
;(0, 3);MoveEast;(7, 4);False;1;289
;(0, 3);MoveEast;(7, 4);False;1;290
;(0, 3);MoveEast;(8, 4);False;1;291
;(0, 3);GrabLargeObject;(8, 4);False;1;292
;(0, 3);GrabLargeObject;(8, 4);False;1;293
;(0, 3);GrabLargeObject;(8, 4);False;1;294
;(0, 3);GrabLargeObject;(8, 4);False;1;295
;(0, 3);GrabLargeObject;(8, 4);False;1;296
;(0, 3);GrabLargeObject;(8, 4);False;1;297
;(0, 3);GrabLargeObject;(8, 4);False;1;298
;(0, 3);GrabLargeObject;(8, 4);False;1;299
;(0, 3);GrabLargeObject;(8, 4);False;1;300
;(0, 3);GrabLargeObject;(8, 4);False;1;301
;(0, 3);GrabLargeObject;(8, 4);False;1;302
;(0, 3);;(8, 4);False;1;303
;(0, 3);MoveSouth;(8, 4);False;1;304
;(0, 3);MoveSouth;(8, 4);False;1;305
;(0, 3);MoveSouth;(8, 4);False;1;306
DropObject;(0, 3);MoveSouth;(8, 4);False;1;307
;(0, 3);MoveSouth;(8, 4);False;1;308
;(0, 3);MoveSouth;(8, 4);False;1;309
;(0, 3);MoveSouth;(8, 4);False;1;310
;(0, 3);MoveSouth;(8, 4);False;1;311
;(0, 3);MoveSouth;(8, 4);False;1;312
;(0, 3);MoveSouth;(8, 4);False;1;313
;(0, 3);MoveSouth;(8, 5);False;1;314
;(0, 3);MoveSouthEast;(8, 5);False;1;315
;(0, 3);MoveSouthEast;(8, 5);False;1;316
;(0, 3);MoveSouthEast;(8, 5);False;1;317
;(0, 3);MoveSouthEast;(8, 5);False;1;318
;(0, 3);MoveSouthEast;(8, 5);False;1;319
;(0, 3);MoveSouthEast;(8, 5);False;1;320
;(0, 3);MoveSouthEast;(8, 5);False;1;321
;(0, 3);MoveSouthEast;(8, 5);False;1;322
;(0, 3);MoveSouthEast;(8, 5);False;1;323
;(0, 3);MoveSouthEast;(8, 5);False;1;324
;(0, 3);MoveSouthEast;(9, 6);False;1;325
;(0, 3);BreakObject;(9, 6);False;1;326
;(0, 3);BreakObject;(9, 6);False;1;327
;(0, 3);BreakObject;(9, 6);False;1;328
;(0, 3);BreakObject;(9, 6);False;1;329
;(0, 3);BreakObject;(9, 6);False;1;330
;(0, 3);BreakObject;(9, 6);False;1;331
;(0, 3);BreakObject;(9, 6);False;1;332
;(0, 3);BreakObject;(9, 6);False;1;333
;(0, 3);BreakObject;(9, 6);False;1;334
;(0, 3);BreakObject;(9, 6);False;1;335
;(0, 3);BreakObject;(9, 6);False;1;336
;(0, 3);;(9, 6);False;1;337
;(0, 3);MoveEast;(9, 6);False;1;338
;(0, 3);MoveEast;(9, 6);False;1;339
;(0, 3);MoveEast;(9, 6);False;1;340
;(0, 3);MoveEast;(9, 6);False;1;341
;(0, 3);MoveEast;(9, 6);False;1;342
;(0, 3);MoveEast;(9, 6);False;1;343
;(0, 3);MoveEast;(9, 6);False;1;344
;(0, 3);MoveEast;(9, 6);False;1;345
;(0, 3);MoveEast;(9, 6);False;1;346
;(0, 3);MoveEast;(9, 6);False;1;347
;(0, 3);MoveEast;(10, 6);False;1;348
;(0, 3);MoveEast;(10, 6);False;1;349
;(0, 3);MoveEast;(10, 6);False;1;350
;(0, 3);MoveEast;(10, 6);False;1;351
;(0, 3);MoveEast;(10, 6);False;1;352
;(0, 3);MoveEast;(10, 6);False;1;353
;(0, 3);MoveEast;(10, 6);False;1;354
;(0, 3);MoveEast;(10, 6);False;1;355
;(0, 3);MoveEast;(10, 6);False;1;356
;(0, 3);MoveEast;(10, 6);False;1;357
;(0, 3);MoveEast;(10, 6);False;1;358
;(0, 3);MoveEast;(11, 6);False;1;359
;(0, 3);MoveWest;(11, 6);False;1;360
;(0, 3);MoveWest;(11, 6);False;1;361
;(0, 3);MoveWest;(11, 6);False;1;362
;(0, 3);MoveWest;(11, 6);False;1;363
;(0, 3);MoveWest;(11, 6);False;1;364
;(0, 3);MoveWest;(11, 6);False;1;365
;(0, 3);MoveWest;(11, 6);False;1;366
;(0, 3);MoveWest;(11, 6);False;1;367
;(0, 3);MoveWest;(11, 6);False;1;368
;(0, 3);MoveWest;(11, 6);False;1;369
;(0, 3);MoveWest;(10, 6);False;1;370
;(0, 3);MoveWest;(10, 6);False;1;371
;(0, 3);MoveWest;(10, 6);False;1;372
;(0, 3);MoveWest;(10, 6);False;1;373
;(0, 3);MoveWest;(10, 6);False;1;374
;(0, 3);MoveWest;(10, 6);False;1;375
;(0, 3);MoveWest;(10, 6);False;1;376
;(0, 3);MoveWest;(10, 6);False;1;377
;(0, 3);MoveWest;(10, 6);False;1;378
;(0, 3);MoveWest;(10, 6);False;1;379
;(0, 3);MoveWest;(10, 6);False;1;380
;(0, 3);MoveWest;(9, 6);False;1;381
;(0, 3);MoveEast;(9, 6);False;1;382
;(0, 3);MoveEast;(9, 6);False;1;383
;(0, 3);MoveEast;(9, 6);False;1;384
;(0, 3);MoveEast;(9, 6);False;1;385
;(0, 3);MoveEast;(9, 6);False;1;386
;(0, 3);MoveEast;(9, 6);False;1;387
;(0, 3);MoveEast;(9, 6);False;1;388
;(0, 3);MoveEast;(9, 6);False;1;389
;(0, 3);MoveEast;(9, 6);False;1;390
;(0, 3);MoveEast;(9, 6);False;1;391
;(0, 3);MoveEast;(10, 6);False;1;392
;(0, 3);MoveEast;(10, 6);False;1;393
;(0, 3);MoveEast;(10, 6);False;1;394
;(0, 3);MoveEast;(10, 6);False;1;395
;(0, 3);MoveEast;(10, 6);False;1;396
;(0, 3);MoveEast;(10, 6);False;1;397
;(0, 3);MoveEast;(10, 6);False;1;398
;(0, 3);MoveEast;(10, 6);False;1;399
;(0, 3);MoveEast;(10, 6);False;1;400
;(0, 3);MoveEast;(10, 6);False;1;401
;(0, 3);MoveEast;(10, 6);False;1;402
;(0, 3);MoveEast;(11, 6);False;1;403
;(0, 3);MoveWest;(11, 6);False;1;404
;(0, 3);MoveWest;(11, 6);False;1;405
;(0, 3);MoveWest;(11, 6);False;1;406
;(0, 3);MoveWest;(11, 6);False;1;407
;(0, 3);MoveWest;(11, 6);False;1;408
;(0, 3);MoveWest;(11, 6);False;1;409
;(0, 3);MoveWest;(11, 6);False;1;410
;(0, 3);MoveWest;(11, 6);False;1;411
;(0, 3);MoveWest;(11, 6);False;1;412
;(0, 3);MoveWest;(11, 6);False;1;413
;(0, 3);MoveWest;(10, 6);False;1;414
;(0, 3);MoveWest;(10, 6);False;1;415
;(0, 3);MoveWest;(10, 6);False;1;416
;(0, 3);MoveWest;(10, 6);False;1;417
;(0, 3);MoveWest;(10, 6);False;1;418
;(0, 3);MoveWest;(10, 6);False;1;419
;(0, 3);MoveWest;(10, 6);False;1;420
;(0, 3);MoveWest;(10, 6);False;1;421
;(0, 3);MoveWest;(10, 6);False;1;422
;(0, 3);MoveWest;(10, 6);False;1;423
;(0, 3);MoveWest;(10, 6);False;1;424
;(0, 3);MoveWest;(9, 6);False;1;425
;(0, 3);MoveEast;(9, 6);False;1;426
;(0, 3);MoveEast;(9, 6);False;1;427
;(0, 3);MoveEast;(9, 6);False;1;428
;(0, 3);MoveEast;(9, 6);False;1;429
;(0, 3);MoveEast;(9, 6);False;1;430
;(0, 3);MoveEast;(9, 6);False;1;431
;(0, 3);MoveEast;(9, 6);False;1;432
;(0, 3);MoveEast;(9, 6);False;1;433
;(0, 3);MoveEast;(9, 6);False;1;434
;(0, 3);MoveEast;(9, 6);False;1;435
;(0, 3);MoveEast;(10, 6);False;1;436
;(0, 3);MoveEast;(10, 6);False;1;437
;(0, 3);MoveEast;(10, 6);False;1;438
;(0, 3);MoveEast;(10, 6);False;1;439
;(0, 3);MoveEast;(10, 6);False;1;440
;(0, 3);MoveEast;(10, 6);False;1;441
;(0, 3);MoveEast;(10, 6);False;1;442
;(0, 3);MoveEast;(10, 6);False;1;443
;(0, 3);MoveEast;(10, 6);False;1;444
;(0, 3);MoveEast;(10, 6);False;1;445
;(0, 3);MoveEast;(10, 6);False;1;446
;(0, 3);MoveEast;(11, 6);False;1;447
;(0, 3);MoveWest;(11, 6);False;1;448
;(0, 3);MoveWest;(11, 6);False;1;449
;(0, 3);MoveWest;(11, 6);False;1;450
;(0, 3);MoveWest;(11, 6);False;1;451
;(0, 3);MoveWest;(11, 6);False;1;452
;(0, 3);MoveWest;(11, 6);False;1;453
;(0, 3);MoveWest;(11, 6);False;1;454
;(0, 3);MoveWest;(11, 6);False;1;455
;(0, 3);MoveWest;(11, 6);False;1;456
;(0, 3);MoveWest;(11, 6);False;1;457
;(0, 3);MoveWest;(10, 6);False;1;458
;(0, 3);MoveWest;(10, 6);False;1;459
;(0, 3);MoveWest;(10, 6);False;1;460
;(0, 3);MoveWest;(10, 6);False;1;461
;(0, 3);MoveWest;(10, 6);False;1;462
;(0, 3);MoveWest;(10, 6);False;1;463
;(0, 3);MoveWest;(10, 6);False;1;464
;(0, 3);MoveWest;(10, 6);False;1;465
;(0, 3);MoveWest;(10, 6);False;1;466
;(0, 3);MoveWest;(10, 6);False;1;467
;(0, 3);MoveWest;(10, 6);False;1;468
;(0, 3);MoveWest;(9, 6);False;1;469
;(0, 3);;(9, 6);False;1;470
;(0, 3);Idle;(9, 6);False;1;471
;(0, 3);Idle;(9, 6);False;1;472
;(0, 3);Idle;(9, 6);False;1;473
;(0, 3);Idle;(9, 6);False;1;474
;(0, 3);Idle;(9, 6);False;1;475
;(0, 3);Idle;(9, 6);False;1;476
;(0, 3);Idle;(9, 6);False;1;477
;(0, 3);Idle;(9, 6);False;1;478
;(0, 3);Idle;(9, 6);False;1;479
;(0, 3);Idle;(9, 6);False;1;480
;(0, 3);Idle;(9, 6);False;1;481
;(0, 3);Idle;(9, 6);False;1;482
;(0, 3);Idle;(9, 6);False;1;483
;(0, 3);Idle;(9, 6);False;1;484
;(0, 3);Idle;(9, 6);False;1;485
;(0, 3);Idle;(9, 6);False;1;486
;(0, 3);Idle;(9, 6);False;1;487
;(0, 3);Idle;(9, 6);False;1;488
;(0, 3);Idle;(9, 6);False;1;489
;(0, 3);Idle;(9, 6);False;1;490
;(0, 3);Idle;(9, 6);False;1;491
;(0, 3);Idle;(9, 6);False;1;492
;(0, 3);Idle;(9, 6);False;1;493
;(0, 3);Idle;(9, 6);False;1;494
;(0, 3);Idle;(9, 6);False;1;495
;(0, 3);Idle;(9, 6);False;1;496
;(0, 3);Idle;(9, 6);False;1;497
;(0, 3);Idle;(9, 6);False;1;498
;(0, 3);Idle;(9, 6);False;1;499
;(0, 3);Idle;(9, 6);False;1;500
;(0, 3);Idle;(9, 6);False;1;501
;(0, 3);Idle;(9, 6);False;1;502
;(0, 3);Idle;(9, 6);False;1;503
;(0, 3);Idle;(9, 6);False;1;504
;(0, 3);Idle;(9, 6);False;1;505
;(0, 3);Idle;(9, 6);False;1;506
;(0, 3);Idle;(9, 6);False;1;507
;(0, 3);Idle;(9, 6);False;1;508
;(0, 3);Idle;(9, 6);False;1;509
;(0, 3);Idle;(9, 6);False;1;510
;(0, 3);Idle;(9, 6);False;1;511
;(0, 3);Idle;(9, 6);False;1;512
;(0, 3);Idle;(9, 6);False;1;513
;(0, 3);Idle;(9, 6);False;1;514
;(0, 3);Idle;(9, 6);False;1;515
;(0, 3);Idle;(9, 6);False;1;516
;(0, 3);Idle;(9, 6);False;1;517
;(0, 3);Idle;(9, 6);False;1;518
;(0, 3);Idle;(9, 6);False;1;519
;(0, 3);Idle;(9, 6);False;1;520
;(0, 3);Idle;(9, 6);False;1;521
;(0, 3);Idle;(9, 6);False;1;522
;(0, 3);Idle;(9, 6);False;1;523
;(0, 3);Idle;(9, 6);False;1;524
;(0, 3);Idle;(9, 6);False;1;525
;(0, 3);;(9, 6);False;1;526
;(0, 3);MoveWest;(9, 6);False;1;527
;(0, 3);MoveWest;(9, 6);False;1;528
;(0, 3);MoveWest;(9, 6);False;1;529
;(0, 3);MoveWest;(9, 6);False;1;530
;(0, 3);MoveWest;(9, 6);False;1;531
;(0, 3);MoveWest;(9, 6);False;1;532
;(0, 3);MoveWest;(9, 6);False;1;533
;(0, 3);MoveWest;(9, 6);False;1;534
;(0, 3);MoveWest;(9, 6);False;1;535
;(0, 3);MoveWest;(9, 6);False;1;536
;(0, 3);MoveWest;(8, 6);False;1;537
;(0, 3);MoveWest;(8, 6);False;1;538
;(0, 3);MoveWest;(8, 6);False;1;539
;(0, 3);MoveWest;(8, 6);False;1;540
;(0, 3);MoveWest;(8, 6);False;1;541
;(0, 3);MoveWest;(8, 6);False;1;542
;(0, 3);MoveWest;(8, 6);False;1;543
;(0, 3);MoveWest;(8, 6);False;1;544
;(0, 3);MoveWest;(8, 6);False;1;545
;(0, 3);MoveWest;(8, 6);False;1;546
;(0, 3);MoveWest;(8, 6);False;1;547
;(0, 3);MoveWest;(7, 6);False;1;548
;(0, 3);MoveWest;(7, 6);False;1;549
;(0, 3);MoveWest;(7, 6);False;1;550
;(0, 3);MoveWest;(7, 6);False;1;551
;(0, 3);MoveWest;(7, 6);False;1;552
;(0, 3);MoveWest;(7, 6);False;1;553
;(0, 3);MoveWest;(7, 6);False;1;554
;(0, 3);MoveWest;(7, 6);False;1;555
;(0, 3);MoveWest;(7, 6);False;1;556
;(0, 3);MoveWest;(7, 6);False;1;557
;(0, 3);MoveWest;(7, 6);False;1;558
;(0, 3);MoveWest;(6, 6);False;1;559
;(0, 3);MoveWest;(6, 6);False;1;560
;(0, 3);MoveWest;(6, 6);False;1;561
;(0, 3);MoveWest;(6, 6);False;1;562
;(0, 3);MoveWest;(6, 6);False;1;563
;(0, 3);MoveWest;(6, 6);False;1;564
;(0, 3);MoveWest;(6, 6);False;1;565
;(0, 3);MoveWest;(6, 6);False;1;566
;(0, 3);MoveWest;(6, 6);False;1;567
;(0, 3);MoveWest;(6, 6);False;1;568
;(0, 3);MoveWest;(6, 6);False;1;569
;(0, 3);MoveWest;(5, 6);False;1;570
;(0, 3);MoveWest;(5, 6);False;1;571
;(0, 3);MoveWest;(5, 6);False;1;572
;(0, 3);MoveWest;(5, 6);False;1;573
;(0, 3);MoveWest;(5, 6);False;1;574
;(0, 3);MoveWest;(5, 6);False;1;575
;(0, 3);MoveWest;(5, 6);False;1;576
;(0, 3);MoveWest;(5, 6);False;1;577
;(0, 3);MoveWest;(5, 6);False;1;578
;(0, 3);MoveWest;(5, 6);False;1;579
;(0, 3);MoveWest;(5, 6);False;1;580
;(0, 3);MoveWest;(4, 6);False;1;581
;(0, 3);MoveNorthWest;(4, 6);False;1;582
;(0, 3);MoveNorthWest;(4, 6);False;1;583
;(0, 3);MoveNorthWest;(4, 6);False;1;584
;(0, 3);MoveNorthWest;(4, 6);False;1;585
;(0, 3);MoveNorthWest;(4, 6);False;1;586
;(0, 3);MoveNorthWest;(4, 6);False;1;587
;(0, 3);MoveNorthWest;(4, 6);False;1;588
;(0, 3);MoveNorthWest;(4, 6);False;1;589
;(0, 3);MoveNorthWest;(4, 6);False;1;590
;(0, 3);MoveNorthWest;(4, 6);False;1;591
;(0, 3);MoveNorthWest;(3, 5);False;1;592
;(0, 3);MoveWest;(3, 5);False;1;593
;(0, 3);MoveWest;(3, 5);False;1;594
;(0, 3);MoveWest;(3, 5);False;1;595
;(0, 3);MoveWest;(3, 5);False;1;596
;(0, 3);MoveWest;(3, 5);False;1;597
;(0, 3);MoveWest;(3, 5);False;1;598
;(0, 3);MoveWest;(3, 5);False;1;599
;(0, 3);MoveWest;(3, 5);False;1;600
;(0, 3);MoveWest;(3, 5);False;1;601
;(0, 3);MoveWest;(3, 5);False;1;602
;(0, 3);MoveWest;(2, 5);False;1;603
;(0, 3);MoveNorthWest;(2, 5);False;1;604
;(0, 3);MoveNorthWest;(2, 5);False;1;605
;(0, 3);MoveNorthWest;(2, 5);False;1;606
;(0, 3);MoveNorthWest;(2, 5);False;1;607
;(0, 3);MoveNorthWest;(2, 5);False;1;608
;(0, 3);MoveNorthWest;(2, 5);False;1;609
;(0, 3);MoveNorthWest;(2, 5);False;1;610
;(0, 3);MoveNorthWest;(2, 5);False;1;611
;(0, 3);MoveNorthWest;(2, 5);False;1;612
;(0, 3);MoveNorthWest;(2, 5);False;1;613
;(0, 3);MoveNorthWest;(1, 4);False;1;614
;(0, 3);MoveWest;(1, 4);False;1;615
;(0, 3);MoveWest;(1, 4);False;1;616
;(0, 3);MoveWest;(1, 4);False;1;617
;(0, 3);MoveWest;(1, 4);False;1;618
;(0, 3);MoveWest;(1, 4);False;1;619
;(0, 3);MoveWest;(1, 4);False;1;620
;(0, 3);MoveWest;(1, 4);False;1;621
;(0, 3);MoveWest;(1, 4);False;1;622
;(0, 3);MoveWest;(1, 4);False;1;623
;(0, 3);MoveWest;(1, 4);False;1;624
;(0, 3);MoveWest;(0, 4);False;1;625
;(0, 3);DropLargeObject;(0, 4);False;1;626
;(0, 3);DropLargeObject;(0, 4);False;1;627
;(0, 3);DropLargeObject;(0, 4);False;1;628
;(0, 3);DropLargeObject;(0, 4);False;1;629
;(0, 3);DropLargeObject;(0, 4);False;1;630
;(0, 3);DropLargeObject;(0, 4);False;1;631
;(0, 3);DropLargeObject;(0, 4);False;1;632
;(0, 3);DropLargeObject;(0, 4);False;1;633
;(0, 3);DropLargeObject;(0, 4);False;1;634
;(0, 3);DropLargeObject;(0, 4);False;1;635
;(0, 3);DropLargeObject;(0, 4);False;1;636
;(0, 3);;(0, 4);False;1;637
;(0, 3);MoveEast;(0, 4);False;1;638
;(0, 3);MoveEast;(0, 4);False;1;639
;(0, 3);MoveEast;(0, 4);False;1;640
;(0, 3);MoveEast;(0, 4);False;1;641
;(0, 3);MoveEast;(0, 4);False;1;642
;(0, 3);MoveEast;(0, 4);False;1;643
;(0, 3);MoveEast;(0, 4);False;1;644
;(0, 3);MoveEast;(0, 4);False;1;645
;(0, 3);MoveEast;(0, 4);False;1;646
;(0, 3);MoveEast;(0, 4);False;1;647
;(0, 3);MoveEast;(1, 4);False;1;648
;(0, 3);MoveSouthEast;(1, 4);False;1;649
;(0, 3);MoveSouthEast;(1, 4);False;1;650
;(0, 3);MoveSouthEast;(1, 4);False;1;651
;(0, 3);MoveSouthEast;(1, 4);False;1;652
;(0, 3);MoveSouthEast;(1, 4);False;1;653
;(0, 3);MoveSouthEast;(1, 4);False;1;654
;(0, 3);MoveSouthEast;(1, 4);False;1;655
;(0, 3);MoveSouthEast;(1, 4);False;1;656
;(0, 3);MoveSouthEast;(1, 4);False;1;657
;(0, 3);MoveSouthEast;(1, 4);False;1;658
;(0, 3);MoveSouthEast;(2, 5);False;1;659
;(0, 3);MoveEast;(2, 5);False;1;660
;(0, 3);MoveEast;(2, 5);False;1;661
;(0, 3);MoveEast;(2, 5);False;1;662
;(0, 3);MoveEast;(2, 5);False;1;663
;(0, 3);MoveEast;(2, 5);False;1;664
;(0, 3);MoveEast;(2, 5);False;1;665
;(0, 3);MoveEast;(2, 5);False;1;666
;(0, 3);MoveEast;(2, 5);False;1;667
;(0, 3);MoveEast;(2, 5);False;1;668
;(0, 3);MoveEast;(2, 5);False;1;669
;(0, 3);MoveEast;(3, 5);False;1;670
;(0, 3);MoveEast;(3, 5);False;1;671
;(0, 3);MoveEast;(3, 5);False;1;672
;(0, 3);MoveEast;(3, 5);False;1;673
;(0, 3);MoveEast;(3, 5);False;1;674
;(0, 3);MoveEast;(3, 5);False;1;675
;(0, 3);MoveEast;(3, 5);False;1;676
;(0, 3);MoveEast;(3, 5);False;1;677
;(0, 3);MoveEast;(3, 5);False;1;678
;(0, 3);MoveEast;(3, 5);False;1;679
;(0, 3);MoveEast;(3, 5);False;1;680
;(0, 3);MoveEast;(4, 5);False;1;681
;(0, 3);MoveSouthEast;(4, 5);False;1;682
;(0, 3);MoveSouthEast;(4, 5);False;1;683
;(0, 3);MoveSouthEast;(4, 5);False;1;684
;(0, 3);MoveSouthEast;(4, 5);False;1;685
;(0, 3);MoveSouthEast;(4, 5);False;1;686
;(0, 3);MoveSouthEast;(4, 5);False;1;687
;(0, 3);MoveSouthEast;(4, 5);False;1;688
;(0, 3);MoveSouthEast;(4, 5);False;1;689
;(0, 3);MoveSouthEast;(4, 5);False;1;690
;(0, 3);MoveSouthEast;(4, 5);False;1;691
;(0, 3);MoveSouthEast;(5, 6);False;1;692
;(0, 3);GrabLargeObject;(5, 6);False;1;693
;(0, 3);GrabLargeObject;(5, 6);False;1;694
;(0, 3);GrabLargeObject;(5, 6);False;1;695
;(0, 3);GrabLargeObject;(5, 6);False;1;696
;(0, 3);GrabLargeObject;(5, 6);False;1;697
;(0, 3);GrabLargeObject;(5, 6);False;1;698
;(0, 3);GrabLargeObject;(5, 6);False;1;699
;(0, 3);GrabLargeObject;(5, 6);False;1;700
;(0, 3);GrabLargeObject;(5, 6);False;1;701
;(0, 3);GrabLargeObject;(5, 6);False;1;702
;(0, 3);GrabLargeObject;(5, 6);False;1;703
;(0, 3);;(5, 6);False;1;704
;(0, 3);MoveEast;(5, 6);False;1;705
;(0, 3);MoveEast;(5, 6);False;1;706
;(0, 3);MoveEast;(5, 6);False;1;707
;(0, 3);MoveEast;(5, 6);False;1;708
;(0, 3);MoveEast;(5, 6);False;1;709
;(0, 3);MoveEast;(5, 6);False;1;710
;(0, 3);MoveEast;(5, 6);False;1;711
;(0, 3);MoveEast;(5, 6);False;1;712
;(0, 3);MoveEast;(5, 6);False;1;713
;(0, 3);MoveEast;(5, 6);False;1;714
;(0, 3);MoveEast;(6, 6);False;1;715
;(0, 3);MoveSouthEast;(6, 6);False;1;716
;(0, 3);MoveSouthEast;(6, 6);False;1;717
;(0, 3);MoveSouthEast;(6, 6);False;1;718
;(0, 3);MoveSouthEast;(6, 6);False;1;719
;(0, 3);MoveSouthEast;(6, 6);False;1;720
;(0, 3);MoveSouthEast;(6, 6);False;1;721
;(0, 3);MoveSouthEast;(6, 6);False;1;722
;(0, 3);MoveSouthEast;(6, 6);False;1;723
;(0, 3);MoveSouthEast;(6, 6);False;1;724
;(0, 3);MoveSouthEast;(6, 6);False;1;725
;(0, 3);MoveSouthEast;(7, 7);False;1;726
;(0, 3);BreakObject;(7, 7);False;1;727
;(0, 3);BreakObject;(7, 7);False;1;728
;(0, 3);BreakObject;(7, 7);False;1;729
;(0, 3);BreakObject;(7, 7);False;1;730
;(0, 3);BreakObject;(7, 7);False;1;731
;(0, 3);BreakObject;(7, 7);False;1;732
;(0, 3);BreakObject;(7, 7);False;1;733
;(0, 3);BreakObject;(7, 7);False;1;734
;(0, 3);BreakObject;(7, 7);False;1;735
;(0, 3);BreakObject;(7, 7);False;1;736
;(0, 3);BreakObject;(7, 7);False;1;737
;(0, 3);;(7, 7);False;1;738
;(0, 3);MoveEast;(7, 7);False;1;739
;(0, 3);MoveEast;(7, 7);False;1;740
;(0, 3);MoveEast;(7, 7);False;1;741
;(0, 3);MoveEast;(7, 7);False;1;742
;(0, 3);MoveEast;(7, 7);False;1;743
;(0, 3);MoveEast;(7, 7);False;1;744
;(0, 3);MoveEast;(7, 7);False;1;745
;(0, 3);MoveEast;(7, 7);False;1;746
;(0, 3);MoveEast;(7, 7);False;1;747
;(0, 3);MoveEast;(7, 7);False;1;748
;(0, 3);MoveEast;(8, 7);False;1;749
;(0, 3);MoveEast;(8, 7);False;1;750
;(0, 3);MoveEast;(8, 7);False;1;751
;(0, 3);MoveEast;(8, 7);False;1;752
;(0, 3);MoveEast;(8, 7);False;1;753
;(0, 3);MoveEast;(8, 7);False;1;754
;(0, 3);MoveEast;(8, 7);False;1;755
;(0, 3);MoveEast;(8, 7);False;1;756
;(0, 3);MoveEast;(8, 7);False;1;757
;(0, 3);MoveEast;(8, 7);False;1;758
;(0, 3);MoveEast;(8, 7);False;1;759
;(0, 3);MoveEast;(9, 7);False;1;760
;(0, 3);MoveSouthEast;(9, 7);False;1;761
;(0, 3);MoveSouthEast;(9, 7);False;1;762
;(0, 3);MoveSouthEast;(9, 7);False;1;763
;(0, 3);MoveSouthEast;(9, 7);False;1;764
;(0, 3);MoveSouthEast;(9, 7);False;1;765
;(0, 3);MoveSouthEast;(9, 7);False;1;766
;(0, 3);MoveSouthEast;(9, 7);False;1;767
;(0, 3);MoveSouthEast;(9, 7);False;1;768
;(0, 3);MoveSouthEast;(9, 7);False;1;769
;(0, 3);MoveSouthEast;(9, 7);False;1;770
;(0, 3);MoveSouthEast;(10, 8);False;1;771
;(0, 3);BreakObject;(10, 8);False;1;772
;(0, 3);BreakObject;(10, 8);False;1;773
;(0, 3);BreakObject;(10, 8);False;1;774
;(0, 3);BreakObject;(10, 8);False;1;775
;(0, 3);BreakObject;(10, 8);False;1;776
;(0, 3);BreakObject;(10, 8);False;1;777
;(0, 3);BreakObject;(10, 8);False;1;778
;(0, 3);BreakObject;(10, 8);False;1;779
;(0, 3);BreakObject;(10, 8);False;1;780
;(0, 3);BreakObject;(10, 8);False;1;781
;(0, 3);BreakObject;(10, 8);False;1;782
;(0, 3);;(10, 8);False;1;783
;(0, 3);MoveSouthEast;(10, 8);False;1;784
;(0, 3);MoveSouthEast;(10, 8);False;1;785
;(0, 3);MoveSouthEast;(10, 8);False;1;786
;(0, 3);MoveSouthEast;(10, 8);False;1;787
;(0, 3);MoveSouthEast;(10, 8);False;1;788
;(0, 3);MoveSouthEast;(10, 8);False;1;789
;(0, 3);MoveSouthEast;(10, 8);False;1;790
;(0, 3);MoveSouthEast;(10, 8);False;1;791
;(0, 3);MoveSouthEast;(10, 8);False;1;792
;(0, 3);MoveSouthEast;(10, 8);False;1;793
;(0, 3);MoveSouthEast;(11, 9);False;1;794
;(0, 3);BreakObject;(11, 9);False;1;795
;(0, 3);BreakObject;(11, 9);False;1;796
;(0, 3);BreakObject;(11, 9);False;1;797
;(0, 3);BreakObject;(11, 9);False;1;798
;(0, 3);BreakObject;(11, 9);False;1;799
;(0, 3);BreakObject;(11, 9);False;1;800
;(0, 3);BreakObject;(11, 9);False;1;801
;(0, 3);BreakObject;(11, 9);False;1;802
;(0, 3);BreakObject;(11, 9);False;1;803
;(0, 3);BreakObject;(11, 9);False;1;804
;(0, 3);BreakObject;(11, 9);False;1;805
;(0, 3);;(11, 9);False;1;806
;(0, 3);MoveEast;(11, 9);False;1;807
;(0, 3);MoveEast;(11, 9);False;1;808
;(0, 3);MoveEast;(11, 9);False;1;809
;(0, 3);MoveEast;(11, 9);False;1;810
;(0, 3);MoveEast;(11, 9);False;1;811
;(0, 3);MoveEast;(11, 9);False;1;812
;(0, 3);MoveEast;(11, 9);False;1;813
;(0, 3);MoveEast;(11, 9);False;1;814
;(0, 3);MoveEast;(11, 9);False;1;815
;(0, 3);MoveEast;(11, 9);False;1;816
;(0, 3);MoveEast;(12, 9);False;1;817
;(0, 3);MoveEast;(12, 9);False;1;818
;(0, 3);MoveEast;(12, 9);False;1;819
;(0, 3);MoveEast;(12, 9);False;1;820
;(0, 3);MoveEast;(12, 9);False;1;821
;(0, 3);MoveEast;(12, 9);False;1;822
;(0, 3);MoveEast;(12, 9);False;1;823
;(0, 3);MoveEast;(12, 9);False;1;824
;(0, 3);MoveEast;(12, 9);False;1;825
;(0, 3);MoveEast;(12, 9);False;1;826
MoveEast;(1, 3);MoveEast;(12, 9);False;1;827
;(1, 3);MoveEast;(13, 9);False;1;828
;(1, 3);MoveEast;(13, 9);False;1;829
;(1, 3);MoveEast;(13, 9);False;1;830
;(1, 3);MoveEast;(13, 9);False;1;831
;(1, 3);MoveEast;(13, 9);False;1;832
;(1, 3);MoveEast;(13, 9);False;1;833
;(1, 3);MoveEast;(13, 9);False;1;834
;(1, 3);MoveEast;(13, 9);False;1;835
;(1, 3);MoveEast;(13, 9);False;1;836
MoveEast;(2, 3);MoveEast;(13, 9);False;1;837
MoveEast;(3, 3);MoveEast;(13, 9);False;1;838
MoveEast;(4, 3);MoveEast;(14, 9);False;1;839
MoveEast;(5, 3);MoveNorthEast;(14, 9);False;1;840
MoveEast;(6, 3);MoveNorthEast;(14, 9);False;1;841
MoveEast;(7, 3);MoveNorthEast;(14, 9);False;1;842
MoveEast;(8, 3);MoveNorthEast;(14, 9);False;1;843
MoveEast;(9, 3);MoveNorthEast;(14, 9);False;1;844
MoveEast;(10, 3);MoveNorthEast;(14, 9);False;1;845
MoveEast;(11, 3);MoveNorthEast;(14, 9);False;1;846
;(11, 3);MoveNorthEast;(14, 9);False;1;847
;(11, 3);MoveNorthEast;(14, 9);False;1;848
;(11, 3);MoveNorthEast;(14, 9);False;1;849
;(11, 3);MoveNorthEast;(15, 8);False;1;850
;(11, 3);MoveEast;(15, 8);False;1;851
;(11, 3);MoveEast;(15, 8);False;1;852
;(11, 3);MoveEast;(15, 8);False;1;853
;(11, 3);MoveEast;(15, 8);False;1;854
;(11, 3);MoveEast;(15, 8);False;1;855
;(11, 3);MoveEast;(15, 8);False;1;856
;(11, 3);MoveEast;(15, 8);False;1;857
;(11, 3);MoveEast;(15, 8);False;1;858
;(11, 3);MoveEast;(15, 8);False;1;859
;(11, 3);MoveEast;(15, 8);False;1;860
MoveWest;(10, 3);MoveEast;(16, 8);False;1;861
;(10, 3);MoveNorthEast;(16, 8);False;1;862
;(10, 3);MoveNorthEast;(16, 8);False;1;863
;(10, 3);MoveNorthEast;(16, 8);False;1;864
;(10, 3);MoveNorthEast;(16, 8);False;1;865
;(10, 3);MoveNorthEast;(16, 8);False;1;866
;(10, 3);MoveNorthEast;(16, 8);False;1;867
;(10, 3);MoveNorthEast;(16, 8);False;1;868
;(10, 3);MoveNorthEast;(16, 8);False;1;869
;(10, 3);MoveNorthEast;(16, 8);False;1;870
;(10, 3);MoveNorthEast;(16, 8);False;1;871
MoveSouth;(10, 4);MoveNorthEast;(17, 7);False;1;872
;(10, 4);MoveEast;(17, 7);False;1;873
;(10, 4);MoveEast;(17, 7);False;1;874
;(10, 4);MoveEast;(17, 7);False;1;875
;(10, 4);MoveEast;(17, 7);False;1;876
;(10, 4);MoveEast;(17, 7);False;1;877
;(10, 4);MoveEast;(17, 7);False;1;878
;(10, 4);MoveEast;(17, 7);False;1;879
;(10, 4);MoveEast;(17, 7);False;1;880
;(10, 4);MoveEast;(17, 7);False;1;881
;(10, 4);MoveEast;(17, 7);False;1;882
;(10, 4);MoveEast;(18, 7);False;1;883
;(10, 4);DropLargeObject;(18, 7);False;1;884
;(10, 4);DropLargeObject;(18, 7);False;1;885
;(10, 4);DropLargeObject;(18, 7);False;1;886
;(10, 4);DropLargeObject;(18, 7);False;1;887
;(10, 4);DropLargeObject;(18, 7);False;1;888
;(10, 4);DropLargeObject;(18, 7);False;1;889
;(10, 4);DropLargeObject;(18, 7);False;1;890
;(10, 4);DropLargeObject;(18, 7);False;1;891
;(10, 4);DropLargeObject;(18, 7);False;1;892
;(10, 4);DropLargeObject;(18, 7);False;1;893
;(10, 4);DropLargeObject;(18, 7);False;1;894
;(10, 4);;(18, 7);False;1;895
;(10, 4);MoveEast;(18, 7);False;1;896
;(10, 4);MoveEast;(18, 7);False;1;897
;(10, 4);MoveEast;(18, 7);False;1;898
;(10, 4);MoveEast;(18, 7);False;1;899
;(10, 4);MoveEast;(18, 7);False;1;900
;(10, 4);MoveEast;(18, 7);False;1;901
;(10, 4);MoveEast;(18, 7);False;1;902
;(10, 4);MoveEast;(18, 7);False;1;903
;(10, 4);MoveEast;(18, 7);False;1;904
;(10, 4);MoveEast;(18, 7);False;1;905
;(10, 4);MoveEast;(19, 7);False;1;906
;(10, 4);MoveEast;(19, 7);False;1;907
;(10, 4);MoveEast;(19, 7);False;1;908
;(10, 4);MoveEast;(19, 7);False;1;909
;(10, 4);MoveEast;(19, 7);False;1;910
;(10, 4);MoveEast;(19, 7);False;1;911
;(10, 4);MoveEast;(19, 7);False;1;912
;(10, 4);MoveEast;(19, 7);False;1;913
;(10, 4);MoveEast;(19, 7);False;1;914
;(10, 4);MoveEast;(19, 7);False;1;915
;(10, 4);MoveEast;(19, 7);False;1;916
;(10, 4);MoveEast;(19, 7);False;1;917
;(10, 4);MoveWest;(19, 7);False;1;918
;(10, 4);MoveWest;(19, 7);False;1;919
;(10, 4);MoveWest;(19, 7);False;1;920
;(10, 4);MoveWest;(19, 7);False;1;921
;(10, 4);MoveWest;(19, 7);False;1;922
;(10, 4);MoveWest;(19, 7);False;1;923
;(10, 4);MoveWest;(19, 7);False;1;924
;(10, 4);MoveWest;(19, 7);False;1;925
;(10, 4);MoveWest;(19, 7);False;1;926
;(10, 4);MoveWest;(19, 7);False;1;927
;(10, 4);MoveWest;(18, 7);False;1;928
;(10, 4);MoveWest;(18, 7);False;1;929
;(10, 4);MoveWest;(18, 7);False;1;930
;(10, 4);MoveWest;(18, 7);False;1;931
;(10, 4);MoveWest;(18, 7);False;1;932
;(10, 4);MoveWest;(18, 7);False;1;933
;(10, 4);MoveWest;(18, 7);False;1;934
;(10, 4);MoveWest;(18, 7);False;1;935
;(10, 4);MoveWest;(18, 7);False;1;936
;(10, 4);MoveWest;(18, 7);False;1;937
;(10, 4);MoveWest;(18, 7);False;1;938
;(10, 4);MoveWest;(17, 7);False;1;939
;(10, 4);MoveEast;(17, 7);False;1;940
;(10, 4);MoveEast;(17, 7);False;1;941
;(10, 4);MoveEast;(17, 7);False;1;942
;(10, 4);MoveEast;(17, 7);False;1;943
;(10, 4);MoveEast;(17, 7);False;1;944
;(10, 4);MoveEast;(17, 7);False;1;945
;(10, 4);MoveEast;(17, 7);False;1;946
;(10, 4);MoveEast;(17, 7);False;1;947
;(10, 4);MoveEast;(17, 7);False;1;948
;(10, 4);MoveEast;(17, 7);False;1;949
;(10, 4);MoveEast;(18, 7);False;1;950
;(10, 4);MoveEast;(18, 7);False;1;951
;(10, 4);MoveEast;(18, 7);False;1;952
;(10, 4);MoveEast;(18, 7);False;1;953
;(10, 4);MoveEast;(18, 7);False;1;954
;(10, 4);MoveEast;(18, 7);False;1;955
;(10, 4);MoveEast;(18, 7);False;1;956
;(10, 4);MoveEast;(18, 7);False;1;957
;(10, 4);MoveEast;(18, 7);False;1;958
;(10, 4);MoveEast;(18, 7);False;1;959
;(10, 4);MoveEast;(18, 7);False;1;960
;(10, 4);MoveEast;(19, 7);False;1;961
;(10, 4);MoveWest;(19, 7);False;1;962
;(10, 4);MoveWest;(19, 7);False;1;963
;(10, 4);MoveWest;(19, 7);False;1;964
;(10, 4);MoveWest;(19, 7);False;1;965
;(10, 4);MoveWest;(19, 7);False;1;966
;(10, 4);MoveWest;(19, 7);False;1;967
;(10, 4);MoveWest;(19, 7);False;1;968
;(10, 4);MoveWest;(19, 7);False;1;969
;(10, 4);MoveWest;(19, 7);False;1;970
;(10, 4);MoveWest;(19, 7);False;1;971
;(10, 4);MoveWest;(18, 7);False;1;972
;(10, 4);MoveWest;(18, 7);False;1;973
;(10, 4);MoveWest;(18, 7);False;1;974
;(10, 4);MoveWest;(18, 7);False;1;975
;(10, 4);MoveWest;(18, 7);False;1;976
;(10, 4);MoveWest;(18, 7);False;1;977
;(10, 4);MoveWest;(18, 7);False;1;978
;(10, 4);MoveWest;(18, 7);False;1;979
;(10, 4);MoveWest;(18, 7);False;1;980
;(10, 4);MoveWest;(18, 7);False;1;981
;(10, 4);MoveWest;(18, 7);False;1;982
;(10, 4);MoveWest;(17, 7);False;1;983
;(10, 4);MoveEast;(17, 7);False;1;984
;(10, 4);MoveEast;(17, 7);False;1;985
;(10, 4);MoveEast;(17, 7);False;1;986
;(10, 4);MoveEast;(17, 7);False;1;987
;(10, 4);MoveEast;(17, 7);False;1;988
;(10, 4);MoveEast;(17, 7);False;1;989
;(10, 4);MoveEast;(17, 7);False;1;990
;(10, 4);MoveEast;(17, 7);False;1;991
;(10, 4);MoveEast;(17, 7);False;1;992
;(10, 4);MoveEast;(17, 7);False;1;993
;(10, 4);MoveEast;(18, 7);False;1;994
;(10, 4);MoveEast;(18, 7);False;1;995
;(10, 4);MoveEast;(18, 7);False;1;996
;(10, 4);MoveEast;(18, 7);False;1;997
;(10, 4);MoveEast;(18, 7);False;1;998
;(10, 4);MoveEast;(18, 7);False;1;999
;(10, 4);MoveEast;(18, 7);False;1;1000
;(10, 4);MoveEast;(18, 7);False;1;1001
;(10, 4);MoveEast;(18, 7);False;1;1002
;(10, 4);MoveEast;(18, 7);False;1;1003
;(10, 4);MoveEast;(18, 7);False;1;1004
;(10, 4);MoveEast;(19, 7);False;1;1005
;(10, 4);MoveWest;(19, 7);False;1;1006
;(10, 4);MoveWest;(19, 7);False;1;1007
;(10, 4);MoveWest;(19, 7);False;1;1008
;(10, 4);MoveWest;(19, 7);False;1;1009
;(10, 4);MoveWest;(19, 7);False;1;1010
;(10, 4);MoveWest;(19, 7);False;1;1011
;(10, 4);MoveWest;(19, 7);False;1;1012
;(10, 4);MoveWest;(19, 7);False;1;1013
;(10, 4);MoveWest;(19, 7);False;1;1014
;(10, 4);MoveWest;(19, 7);False;1;1015
;(10, 4);MoveWest;(18, 7);False;1;1016
;(10, 4);MoveWest;(18, 7);False;1;1017
;(10, 4);MoveWest;(18, 7);False;1;1018
;(10, 4);MoveWest;(18, 7);False;1;1019
;(10, 4);MoveWest;(18, 7);False;1;1020
;(10, 4);MoveWest;(18, 7);False;1;1021
;(10, 4);MoveWest;(18, 7);False;1;1022
;(10, 4);MoveWest;(18, 7);False;1;1023
;(10, 4);MoveWest;(18, 7);False;1;1024
;(10, 4);MoveWest;(18, 7);False;1;1025
;(10, 4);MoveWest;(18, 7);False;1;1026
;(10, 4);MoveWest;(17, 7);False;1;1027
;(10, 4);;(17, 7);False;1;1028
;(10, 4);MoveEast;(17, 7);False;1;1029
;(10, 4);MoveEast;(17, 7);False;1;1030
;(10, 4);MoveEast;(17, 7);False;1;1031
;(10, 4);MoveEast;(17, 7);False;1;1032
;(10, 4);MoveEast;(17, 7);False;1;1033
;(10, 4);MoveEast;(17, 7);False;1;1034
;(10, 4);MoveEast;(17, 7);False;1;1035
;(10, 4);MoveEast;(17, 7);False;1;1036
;(10, 4);MoveEast;(17, 7);False;1;1037
;(10, 4);MoveEast;(17, 7);False;1;1038
;(10, 4);MoveEast;(18, 7);False;1;1039
;(10, 4);GrabObject;(18, 7);False;1;1040
;(10, 4);GrabObject;(18, 7);False;1;1041
;(10, 4);GrabObject;(18, 7);False;1;1042
;(10, 4);GrabObject;(18, 7);False;1;1043
;(10, 4);GrabObject;(18, 7);False;1;1044
;(10, 4);GrabObject;(18, 7);False;1;1045
;(10, 4);GrabObject;(18, 7);False;1;1046
;(10, 4);GrabObject;(18, 7);False;1;1047
;(10, 4);GrabObject;(18, 7);False;1;1048
;(10, 4);GrabObject;(18, 7);False;1;1049
;(10, 4);GrabObject;(18, 7);False;1;1050
;(10, 4);;(18, 7);False;1;1051
;(10, 4);MoveWest;(18, 7);False;1;1052
;(10, 4);MoveWest;(18, 7);False;1;1053
;(10, 4);MoveWest;(18, 7);False;1;1054
;(10, 4);MoveWest;(18, 7);False;1;1055
;(10, 4);MoveWest;(18, 7);False;1;1056
;(10, 4);MoveWest;(18, 7);False;1;1057
;(10, 4);MoveWest;(18, 7);False;1;1058
;(10, 4);MoveWest;(18, 7);False;1;1059
;(10, 4);MoveWest;(18, 7);False;1;1060
;(10, 4);MoveWest;(18, 7);False;1;1061
;(10, 4);MoveWest;(17, 7);False;1;1062
;(10, 4);MoveWest;(17, 7);False;1;1063
;(10, 4);MoveWest;(17, 7);False;1;1064
;(10, 4);MoveWest;(17, 7);False;1;1065
;(10, 4);MoveWest;(17, 7);False;1;1066
;(10, 4);MoveWest;(17, 7);False;1;1067
;(10, 4);MoveWest;(17, 7);False;1;1068
;(10, 4);MoveWest;(17, 7);False;1;1069
;(10, 4);MoveWest;(17, 7);False;1;1070
;(10, 4);MoveWest;(17, 7);False;1;1071
;(10, 4);MoveWest;(17, 7);False;1;1072
;(10, 4);MoveWest;(16, 7);False;1;1073
;(10, 4);MoveNorthWest;(16, 7);False;1;1074
;(10, 4);MoveNorthWest;(16, 7);False;1;1075
;(10, 4);MoveNorthWest;(16, 7);False;1;1076
;(10, 4);MoveNorthWest;(16, 7);False;1;1077
;(10, 4);MoveNorthWest;(16, 7);False;1;1078
;(10, 4);MoveNorthWest;(16, 7);False;1;1079
;(10, 4);MoveNorthWest;(16, 7);False;1;1080
;(10, 4);MoveNorthWest;(16, 7);False;1;1081
;(10, 4);MoveNorthWest;(16, 7);False;1;1082
;(10, 4);MoveNorthWest;(16, 7);False;1;1083
;(10, 4);MoveNorthWest;(15, 6);False;1;1084
;(10, 4);MoveWest;(15, 6);False;1;1085
;(10, 4);MoveWest;(15, 6);False;1;1086
;(10, 4);MoveWest;(15, 6);False;1;1087
;(10, 4);MoveWest;(15, 6);False;1;1088
;(10, 4);MoveWest;(15, 6);False;1;1089
;(10, 4);MoveWest;(15, 6);False;1;1090
;(10, 4);MoveWest;(15, 6);False;1;1091
;(10, 4);MoveWest;(15, 6);False;1;1092
;(10, 4);MoveWest;(15, 6);False;1;1093
;(10, 4);MoveWest;(15, 6);False;1;1094
;(10, 4);MoveWest;(14, 6);False;1;1095
;(10, 4);MoveNorthWest;(14, 6);False;1;1096
;(10, 4);MoveNorthWest;(14, 6);False;1;1097
;(10, 4);MoveNorthWest;(14, 6);False;1;1098
;(10, 4);MoveNorthWest;(14, 6);False;1;1099
;(10, 4);MoveNorthWest;(14, 6);False;1;1100
;(10, 4);MoveNorthWest;(14, 6);False;1;1101
;(10, 4);MoveNorthWest;(14, 6);False;1;1102
;(10, 4);MoveNorthWest;(14, 6);False;1;1103
MoveSouth;(10, 5);MoveNorthWest;(14, 6);False;1;1104
;(10, 5);MoveNorthWest;(14, 6);False;1;1105
;(10, 5);MoveNorthWest;(13, 5);False;1;1106
;(10, 5);MoveNorthWest;(13, 5);False;1;1107
;(10, 5);MoveNorthWest;(13, 5);False;1;1108
;(10, 5);MoveNorthWest;(13, 5);False;1;1109
;(10, 5);MoveNorthWest;(13, 5);False;1;1110
;(10, 5);MoveNorthWest;(13, 5);False;1;1111
;(10, 5);MoveNorthWest;(13, 5);False;1;1112
;(10, 5);MoveNorthWest;(13, 5);False;1;1113
;(10, 5);MoveNorthWest;(13, 5);False;1;1114
;(10, 5);MoveNorthWest;(13, 5);False;1;1115
;(10, 5);MoveNorthWest;(13, 5);False;1;1116
;(10, 5);MoveNorthWest;(12, 4);False;1;1117
;(10, 5);MoveWest;(12, 4);False;1;1118
;(10, 5);MoveWest;(12, 4);False;1;1119
;(10, 5);MoveWest;(12, 4);False;1;1120
;(10, 5);MoveWest;(12, 4);False;1;1121
;(10, 5);MoveWest;(12, 4);False;1;1122
;(10, 5);MoveWest;(12, 4);False;1;1123
;(10, 5);MoveWest;(12, 4);False;1;1124
;(10, 5);MoveWest;(12, 4);False;1;1125
;(10, 5);MoveWest;(12, 4);False;1;1126
;(10, 5);MoveWest;(12, 4);False;1;1127
;(10, 5);MoveWest;(11, 4);False;1;1128
;(10, 5);MoveWest;(11, 4);False;1;1129
;(10, 5);MoveWest;(11, 4);False;1;1130
;(10, 5);MoveWest;(11, 4);False;1;1131
GrabObject;(10, 5);MoveWest;(11, 4);False;1;1132
;(10, 5);MoveWest;(11, 4);False;1;1133
;(10, 5);MoveWest;(11, 4);False;1;1134
;(10, 5);MoveWest;(11, 4);False;1;1135
;(10, 5);MoveWest;(11, 4);False;1;1136
;(10, 5);MoveWest;(11, 4);False;1;1137
MoveEast;(11, 5);MoveWest;(11, 4);False;1;1138
;(11, 5);MoveWest;(10, 4);False;1;1139
;(11, 5);GrabObject;(10, 4);False;1;1140
;(11, 5);GrabObject;(10, 4);False;1;1141
;(11, 5);GrabObject;(10, 4);False;1;1142
;(11, 5);GrabObject;(10, 4);False;1;1143
;(11, 5);GrabObject;(10, 4);False;1;1144
;(11, 5);GrabObject;(10, 4);False;1;1145
;(11, 5);GrabObject;(10, 4);False;1;1146
;(11, 5);GrabObject;(10, 4);False;1;1147
MoveEast;(12, 5);GrabObject;(10, 4);False;1;1148
MoveEast;(13, 5);GrabObject;(10, 4);False;1;1149
MoveEast;(14, 5);GrabObject;(10, 4);False;1;1150
MoveEast;(15, 5);;(10, 4);False;1;1151
MoveEast;(16, 5);Idle;(10, 4);False;1;1152
MoveEast;(17, 5);Idle;(10, 4);False;1;1153
;(17, 5);Idle;(10, 4);False;1;1154
;(17, 5);Idle;(10, 4);False;1;1155
;(17, 5);Idle;(10, 4);False;1;1156
;(17, 5);Idle;(10, 4);False;1;1157
;(17, 5);Idle;(10, 4);False;1;1158
;(17, 5);Idle;(10, 4);False;1;1159
;(17, 5);Idle;(10, 4);False;1;1160
;(17, 5);Idle;(10, 4);False;1;1161
;(17, 5);Idle;(10, 4);False;1;1162
MoveEast;(18, 5);Idle;(10, 4);False;1;1163
;(18, 5);Idle;(10, 4);False;1;1164
;(18, 5);Idle;(10, 4);False;1;1165
;(18, 5);Idle;(10, 4);False;1;1166
;(18, 5);Idle;(10, 4);False;1;1167
;(18, 5);Idle;(10, 4);False;1;1168
MoveEast;(19, 5);Idle;(10, 4);False;1;1169
;(19, 5);Idle;(10, 4);False;1;1170
;(19, 5);Idle;(10, 4);False;1;1171
;(19, 5);Idle;(10, 4);False;1;1172
;(19, 5);Idle;(10, 4);False;1;1173
;(19, 5);Idle;(10, 4);False;1;1174
;(19, 5);Idle;(10, 4);False;1;1175
;(19, 5);Idle;(10, 4);False;1;1176
;(19, 5);Idle;(10, 4);False;1;1177
;(19, 5);Idle;(10, 4);False;1;1178
;(19, 5);Idle;(10, 4);False;1;1179
;(19, 5);Idle;(10, 4);False;1;1180
;(19, 5);Idle;(10, 4);False;1;1181
;(19, 5);Idle;(10, 4);False;1;1182
;(19, 5);Idle;(10, 4);False;1;1183
;(19, 5);Idle;(10, 4);False;1;1184
;(19, 5);Idle;(10, 4);False;1;1185
;(19, 5);Idle;(10, 4);False;1;1186
;(19, 5);Idle;(10, 4);False;1;1187
;(19, 5);Idle;(10, 4);False;1;1188
DropObject;(19, 5);Idle;(10, 4);False;1;1189
;(19, 5);Idle;(10, 4);False;1;1190
;(19, 5);Idle;(10, 4);False;1;1191
;(19, 5);Idle;(10, 4);False;1;1192
;(19, 5);Idle;(10, 4);False;1;1193
;(19, 5);Idle;(10, 4);False;1;1194
;(19, 5);Idle;(10, 4);False;1;1195
;(19, 5);Idle;(10, 4);False;1;1196
;(19, 5);Idle;(10, 4);False;1;1197
;(19, 5);Idle;(10, 4);False;1;1198
;(19, 5);Idle;(10, 4);False;1;1199
;(19, 5);Idle;(10, 4);False;1;1200
;(19, 5);Idle;(10, 4);False;1;1201
;(19, 5);Idle;(10, 4);False;1;1202
;(19, 5);Idle;(10, 4);False;1;1203
;(19, 5);Idle;(10, 4);False;1;1204
;(19, 5);Idle;(10, 4);False;1;1205
MoveWest;(18, 5);Idle;(10, 4);False;1;1206
;(18, 5);;(10, 4);False;1;1207
;(18, 5);GrabObject;(10, 4);False;1;1208
;(18, 5);GrabObject;(10, 4);False;1;1209
;(18, 5);GrabObject;(10, 4);False;1;1210
;(18, 5);GrabObject;(10, 4);False;1;1211
;(18, 5);GrabObject;(10, 4);False;1;1212
;(18, 5);GrabObject;(10, 4);False;1;1213
;(18, 5);GrabObject;(10, 4);False;1;1214
;(18, 5);GrabObject;(10, 4);False;1;1215
MoveWest;(17, 5);GrabObject;(10, 4);False;1;1216
MoveWest;(16, 5);GrabObject;(10, 4);False;1;1217
MoveWest;(15, 5);GrabObject;(10, 4);False;1;1218
MoveWest;(14, 5);;(10, 4);False;1;1219
;(14, 5);MoveSouthWest;(10, 4);False;1;1220
;(14, 5);MoveSouthWest;(10, 4);False;1;1221
;(14, 5);MoveSouthWest;(10, 4);False;1;1222
;(14, 5);MoveSouthWest;(10, 4);False;1;1223
;(14, 5);MoveSouthWest;(10, 4);False;1;1224
;(14, 5);MoveSouthWest;(10, 4);False;1;1225
;(14, 5);MoveSouthWest;(10, 4);False;1;1226
;(14, 5);MoveSouthWest;(10, 4);False;1;1227
MoveWest;(13, 5);MoveSouthWest;(10, 4);False;1;1228
;(13, 5);MoveSouthWest;(10, 4);False;1;1229
;(13, 5);MoveSouthWest;(9, 5);False;1;1230
;(13, 5);MoveWest;(9, 5);False;1;1231
MoveWest;(12, 5);MoveWest;(9, 5);False;1;1232
;(12, 5);MoveWest;(9, 5);False;1;1233
;(12, 5);MoveWest;(9, 5);False;1;1234
;(12, 5);MoveWest;(9, 5);False;1;1235
;(12, 5);MoveWest;(9, 5);False;1;1236
;(12, 5);MoveWest;(9, 5);False;1;1237
;(12, 5);MoveWest;(9, 5);False;1;1238
;(12, 5);MoveWest;(9, 5);False;1;1239
;(12, 5);MoveWest;(9, 5);False;1;1240
;(12, 5);MoveWest;(8, 5);False;1;1241
;(12, 5);MoveSouthWest;(8, 5);False;1;1242
;(12, 5);MoveSouthWest;(8, 5);False;1;1243
;(12, 5);MoveSouthWest;(8, 5);False;1;1244
;(12, 5);MoveSouthWest;(8, 5);False;1;1245
;(12, 5);MoveSouthWest;(8, 5);False;1;1246
;(12, 5);MoveSouthWest;(8, 5);False;1;1247
MoveWest;(11, 5);MoveSouthWest;(8, 5);False;1;1248
;(11, 5);MoveSouthWest;(8, 5);False;1;1249
;(11, 5);MoveSouthWest;(8, 5);False;1;1250
;(11, 5);MoveSouthWest;(8, 5);False;1;1251
;(11, 5);MoveSouthWest;(7, 6);False;1;1252
;(11, 5);DropObject;(7, 6);False;1;1253
;(11, 5);DropObject;(7, 6);False;1;1254
;(11, 5);DropObject;(7, 6);False;1;1255
;(11, 5);DropObject;(7, 6);False;1;1256
;(11, 5);DropObject;(7, 6);False;1;1257
;(11, 5);DropObject;(7, 6);False;1;1258
;(11, 5);DropObject;(7, 6);False;1;1259
;(11, 5);DropObject;(7, 6);False;1;1260
;(11, 5);DropObject;(7, 6);False;1;1261
;(11, 5);DropObject;(7, 6);False;1;1262
;(11, 5);DropObject;(7, 6);False;1;1263
;(11, 5);;(7, 6);False;1;1264
;(11, 5);Idle;(7, 6);False;1;1265
;(11, 5);Idle;(7, 6);False;1;1266
;(11, 5);Idle;(7, 6);False;1;1267
;(11, 5);Idle;(7, 6);False;1;1268
;(11, 5);Idle;(7, 6);False;1;1269
;(11, 5);Idle;(7, 6);False;1;1270
;(11, 5);Idle;(7, 6);False;1;1271
;(11, 5);Idle;(7, 6);False;1;1272
;(11, 5);Idle;(7, 6);False;1;1273
;(11, 5);Idle;(7, 6);False;1;1274
;(11, 5);Idle;(7, 6);False;1;1275
;(11, 5);Idle;(7, 6);False;1;1276
;(11, 5);Idle;(7, 6);False;1;1277
;(11, 5);Idle;(7, 6);False;1;1278
;(11, 5);Idle;(7, 6);False;1;1279
;(11, 5);Idle;(7, 6);False;1;1280
;(11, 5);Idle;(7, 6);False;1;1281
;(11, 5);Idle;(7, 6);False;1;1282
;(11, 5);Idle;(7, 6);False;1;1283
;(11, 5);Idle;(7, 6);False;1;1284
;(11, 5);Idle;(7, 6);False;1;1285
;(11, 5);Idle;(7, 6);False;1;1286
;(11, 5);Idle;(7, 6);False;1;1287
;(11, 5);Idle;(7, 6);False;1;1288
;(11, 5);Idle;(7, 6);False;1;1289
;(11, 5);Idle;(7, 6);False;1;1290
;(11, 5);Idle;(7, 6);False;1;1291
;(11, 5);Idle;(7, 6);False;1;1292
;(11, 5);Idle;(7, 6);False;1;1293
;(11, 5);Idle;(7, 6);False;1;1294
;(11, 5);Idle;(7, 6);False;1;1295
;(11, 5);Idle;(7, 6);False;1;1296
;(11, 5);Idle;(7, 6);False;1;1297
;(11, 5);Idle;(7, 6);False;1;1298
;(11, 5);Idle;(7, 6);False;1;1299
;(11, 5);Idle;(7, 6);False;1;1300
;(11, 5);Idle;(7, 6);False;1;1301
;(11, 5);Idle;(7, 6);False;1;1302
;(11, 5);Idle;(7, 6);False;1;1303
;(11, 5);Idle;(7, 6);False;1;1304
;(11, 5);Idle;(7, 6);False;1;1305
;(11, 5);Idle;(7, 6);False;1;1306
;(11, 5);Idle;(7, 6);False;1;1307
;(11, 5);Idle;(7, 6);False;1;1308
;(11, 5);Idle;(7, 6);False;1;1309
MoveWest;(10, 5);Idle;(7, 6);False;1;1310
;(10, 5);Idle;(7, 6);False;1;1311
;(10, 5);Idle;(7, 6);False;1;1312
;(10, 5);Idle;(7, 6);False;1;1313
;(10, 5);Idle;(7, 6);False;1;1314
;(10, 5);Idle;(7, 6);False;1;1315
;(10, 5);Idle;(7, 6);False;1;1316
;(10, 5);Idle;(7, 6);False;1;1317
;(10, 5);Idle;(7, 6);False;1;1318
;(10, 5);Idle;(7, 6);False;1;1319
;(10, 5);;(7, 6);False;1;1320
;(10, 5);MoveNorthWest;(7, 6);False;1;1321
;(10, 5);MoveNorthWest;(7, 6);False;1;1322
;(10, 5);MoveNorthWest;(7, 6);False;1;1323
;(10, 5);MoveNorthWest;(7, 6);False;1;1324
;(10, 5);MoveNorthWest;(7, 6);False;1;1325
;(10, 5);MoveNorthWest;(7, 6);False;1;1326
;(10, 5);MoveNorthWest;(7, 6);False;1;1327
;(10, 5);MoveNorthWest;(7, 6);False;1;1328
;(10, 5);MoveNorthWest;(7, 6);False;1;1329
;(10, 5);MoveNorthWest;(7, 6);False;1;1330
;(10, 5);MoveNorthWest;(6, 5);False;1;1331
;(10, 5);MoveWest;(6, 5);False;1;1332
;(10, 5);MoveWest;(6, 5);False;1;1333
;(10, 5);MoveWest;(6, 5);False;1;1334
GrabObject;(10, 5);MoveWest;(6, 5);False;1;1335
;(10, 5);MoveWest;(6, 5);False;1;1336
;(10, 5);MoveWest;(6, 5);False;1;1337
;(10, 5);MoveWest;(6, 5);False;1;1338
;(10, 5);MoveWest;(6, 5);False;1;1339
;(10, 5);MoveWest;(6, 5);False;1;1340
;(10, 5);MoveWest;(6, 5);False;1;1341
;(10, 5);MoveWest;(5, 5);False;1;1342
;(10, 5);MoveNorthWest;(5, 5);False;1;1343
;(10, 5);MoveNorthWest;(5, 5);False;1;1344
;(10, 5);MoveNorthWest;(5, 5);False;1;1345
;(10, 5);MoveNorthWest;(5, 5);False;1;1346
;(10, 5);MoveNorthWest;(5, 5);False;1;1347
;(10, 5);MoveNorthWest;(5, 5);False;1;1348
;(10, 5);MoveNorthWest;(5, 5);False;1;1349
;(10, 5);MoveNorthWest;(5, 5);False;1;1350
MoveEast;(11, 5);MoveNorthWest;(5, 5);False;1;1351
;(11, 5);MoveNorthWest;(5, 5);False;1;1352
;(11, 5);MoveNorthWest;(4, 4);False;1;1353
;(11, 5);MoveNorthWest;(4, 4);False;1;1354
;(11, 5);MoveNorthWest;(4, 4);False;1;1355
;(11, 5);MoveNorthWest;(4, 4);False;1;1356
;(11, 5);MoveNorthWest;(4, 4);False;1;1357
;(11, 5);MoveNorthWest;(4, 4);False;1;1358
;(11, 5);MoveNorthWest;(4, 4);False;1;1359
;(11, 5);MoveNorthWest;(4, 4);False;1;1360
MoveEast;(12, 5);MoveNorthWest;(4, 4);False;1;1361
MoveEast;(13, 5);MoveNorthWest;(4, 4);False;1;1362
MoveEast;(14, 5);MoveNorthWest;(4, 4);False;1;1363
MoveEast;(15, 5);MoveNorthWest;(3, 3);False;1;1364
MoveEast;(16, 5);MoveWest;(3, 3);False;1;1365
MoveEast;(17, 5);MoveWest;(3, 3);False;1;1366
MoveEast;(18, 5);MoveWest;(3, 3);False;1;1367
MoveEast;(19, 5);MoveWest;(3, 3);False;1;1368
MoveEast;(19, 5);MoveWest;(3, 3);False;1;1369
MoveEast;(19, 5);MoveWest;(3, 3);False;1;1370
;(19, 5);MoveWest;(3, 3);False;1;1371
;(19, 5);MoveWest;(3, 3);False;1;1372
;(19, 5);MoveWest;(3, 3);False;1;1373
;(19, 5);MoveWest;(3, 3);False;1;1374
;(19, 5);MoveWest;(2, 3);False;1;1375
;(19, 5);MoveNorthWest;(2, 3);False;1;1376
;(19, 5);MoveNorthWest;(2, 3);False;1;1377
;(19, 5);MoveNorthWest;(2, 3);False;1;1378
;(19, 5);MoveNorthWest;(2, 3);False;1;1379
;(19, 5);MoveNorthWest;(2, 3);False;1;1380
;(19, 5);MoveNorthWest;(2, 3);False;1;1381
;(19, 5);MoveNorthWest;(2, 3);False;1;1382
;(19, 5);MoveNorthWest;(2, 3);False;1;1383
;(19, 5);MoveNorthWest;(2, 3);False;1;1384
;(19, 5);MoveNorthWest;(2, 3);False;1;1385
;(19, 5);MoveNorthWest;(1, 2);False;1;1386
;(19, 5);MoveWest;(1, 2);False;1;1387
;(19, 5);MoveWest;(1, 2);False;1;1388
;(19, 5);MoveWest;(1, 2);False;1;1389
;(19, 5);MoveWest;(1, 2);False;1;1390
;(19, 5);MoveWest;(1, 2);False;1;1391
;(19, 5);MoveWest;(1, 2);False;1;1392
;(19, 5);MoveWest;(1, 2);False;1;1393
;(19, 5);MoveWest;(1, 2);False;1;1394
;(19, 5);MoveWest;(1, 2);False;1;1395
;(19, 5);MoveWest;(1, 2);False;1;1396
;(19, 5);MoveWest;(0, 2);False;1;1397
;(19, 5);GrabObject;(0, 2);False;1;1398
;(19, 5);GrabObject;(0, 2);False;1;1399
;(19, 5);GrabObject;(0, 2);False;1;1400
;(19, 5);GrabObject;(0, 2);False;1;1401
;(19, 5);GrabObject;(0, 2);False;1;1402
;(19, 5);GrabObject;(0, 2);False;1;1403
;(19, 5);GrabObject;(0, 2);False;1;1404
;(19, 5);GrabObject;(0, 2);False;1;1405
;(19, 5);GrabObject;(0, 2);False;1;1406
;(19, 5);GrabObject;(0, 2);False;1;1407
;(19, 5);GrabObject;(0, 2);False;1;1408
;(19, 5);;(0, 2);False;1;1409
;(19, 5);Idle;(0, 2);False;1;1410
;(19, 5);Idle;(0, 2);False;1;1411
;(19, 5);Idle;(0, 2);False;1;1412
;(19, 5);Idle;(0, 2);False;1;1413
;(19, 5);Idle;(0, 2);False;1;1414
;(19, 5);Idle;(0, 2);False;1;1415
;(19, 5);Idle;(0, 2);False;1;1416
;(19, 5);Idle;(0, 2);False;1;1417
;(19, 5);Idle;(0, 2);False;1;1418
;(19, 5);Idle;(0, 2);False;1;1419
;(19, 5);Idle;(0, 2);False;1;1420
;(19, 5);Idle;(0, 2);False;1;1421
;(19, 5);Idle;(0, 2);False;1;1422
;(19, 5);Idle;(0, 2);False;1;1423
;(19, 5);Idle;(0, 2);False;1;1424
;(19, 5);Idle;(0, 2);False;1;1425
;(19, 5);Idle;(0, 2);False;1;1426
;(19, 5);Idle;(0, 2);False;1;1427
;(19, 5);Idle;(0, 2);False;1;1428
;(19, 5);Idle;(0, 2);False;1;1429
;(19, 5);Idle;(0, 2);False;1;1430
;(19, 5);Idle;(0, 2);False;1;1431
;(19, 5);Idle;(0, 2);False;1;1432
;(19, 5);Idle;(0, 2);False;1;1433
;(19, 5);Idle;(0, 2);False;1;1434
;(19, 5);Idle;(0, 2);False;1;1435
;(19, 5);Idle;(0, 2);False;1;1436
;(19, 5);Idle;(0, 2);False;1;1437
;(19, 5);Idle;(0, 2);False;1;1438
;(19, 5);Idle;(0, 2);False;1;1439
;(19, 5);Idle;(0, 2);False;1;1440
;(19, 5);Idle;(0, 2);False;1;1441
;(19, 5);Idle;(0, 2);False;1;1442
;(19, 5);Idle;(0, 2);False;1;1443
;(19, 5);Idle;(0, 2);False;1;1444
;(19, 5);Idle;(0, 2);False;1;1445
;(19, 5);Idle;(0, 2);False;1;1446
;(19, 5);Idle;(0, 2);False;1;1447
;(19, 5);Idle;(0, 2);False;1;1448
;(19, 5);Idle;(0, 2);False;1;1449
;(19, 5);Idle;(0, 2);False;1;1450
;(19, 5);Idle;(0, 2);False;1;1451
;(19, 5);Idle;(0, 2);False;1;1452
;(19, 5);Idle;(0, 2);False;1;1453
;(19, 5);Idle;(0, 2);False;1;1454
;(19, 5);Idle;(0, 2);False;1;1455
;(19, 5);Idle;(0, 2);False;1;1456
;(19, 5);Idle;(0, 2);False;1;1457
;(19, 5);Idle;(0, 2);False;1;1458
;(19, 5);Idle;(0, 2);False;1;1459
;(19, 5);Idle;(0, 2);False;1;1460
;(19, 5);Idle;(0, 2);False;1;1461
;(19, 5);Idle;(0, 2);False;1;1462
;(19, 5);Idle;(0, 2);False;1;1463
;(19, 5);Idle;(0, 2);False;1;1464
;(19, 5);;(0, 2);False;1;1465
;(19, 5);MoveEast;(0, 2);False;1;1466
;(19, 5);MoveEast;(0, 2);False;1;1467
;(19, 5);MoveEast;(0, 2);False;1;1468
;(19, 5);MoveEast;(0, 2);False;1;1469
;(19, 5);MoveEast;(0, 2);False;1;1470
;(19, 5);MoveEast;(0, 2);False;1;1471
;(19, 5);MoveEast;(0, 2);False;1;1472
;(19, 5);MoveEast;(0, 2);False;1;1473
;(19, 5);MoveEast;(0, 2);False;1;1474
;(19, 5);MoveEast;(0, 2);False;1;1475
;(19, 5);MoveEast;(1, 2);False;1;1476
;(19, 5);MoveEast;(1, 2);False;1;1477
;(19, 5);MoveEast;(1, 2);False;1;1478
DropObject;(19, 5);MoveEast;(1, 2);False;1;1479
;(19, 5);MoveEast;(1, 2);False;1;1480
;(19, 5);MoveEast;(1, 2);False;1;1481
;(19, 5);MoveEast;(1, 2);False;1;1482
;(19, 5);MoveEast;(1, 2);False;1;1483
;(19, 5);MoveEast;(1, 2);False;1;1484
;(19, 5);MoveEast;(1, 2);False;1;1485
;(19, 5);MoveEast;(1, 2);False;1;1486
;(19, 5);MoveEast;(2, 2);False;1;1487
;(19, 5);MoveWest;(2, 2);False;1;1488
;(19, 5);MoveWest;(2, 2);False;1;1489
;(19, 5);MoveWest;(2, 2);False;1;1490
;(19, 5);MoveWest;(2, 2);False;1;1491
;(19, 5);MoveWest;(2, 2);False;1;1492
;(19, 5);MoveWest;(2, 2);False;1;1493
;(19, 5);MoveWest;(2, 2);False;1;1494
;(19, 5);MoveWest;(2, 2);False;1;1495
;(19, 5);MoveWest;(2, 2);False;1;1496
;(19, 5);MoveWest;(2, 2);False;1;1497
;(19, 5);MoveWest;(1, 2);False;1;1498
;(19, 5);MoveWest;(1, 2);False;1;1499
;(19, 5);MoveWest;(1, 2);False;1;1500
;(19, 5);MoveWest;(1, 2);False;1;1501
;(19, 5);MoveWest;(1, 2);False;1;1502
;(19, 5);MoveWest;(1, 2);False;1;1503
;(19, 5);MoveWest;(1, 2);False;1;1504
;(19, 5);MoveWest;(1, 2);False;1;1505
;(19, 5);MoveWest;(1, 2);False;1;1506
;(19, 5);MoveWest;(1, 2);False;1;1507
;(19, 5);MoveWest;(1, 2);False;1;1508
;(19, 5);MoveWest;(0, 2);False;1;1509
;(19, 5);MoveEast;(0, 2);False;1;1510
;(19, 5);MoveEast;(0, 2);False;1;1511
;(19, 5);MoveEast;(0, 2);False;1;1512
;(19, 5);MoveEast;(0, 2);False;1;1513
;(19, 5);MoveEast;(0, 2);False;1;1514
;(19, 5);MoveEast;(0, 2);False;1;1515
;(19, 5);MoveEast;(0, 2);False;1;1516
;(19, 5);MoveEast;(0, 2);False;1;1517
;(19, 5);MoveEast;(0, 2);False;1;1518
;(19, 5);MoveEast;(0, 2);False;1;1519
;(19, 5);MoveEast;(1, 2);False;1;1520
;(19, 5);MoveEast;(1, 2);False;1;1521
;(19, 5);MoveEast;(1, 2);False;1;1522
;(19, 5);MoveEast;(1, 2);False;1;1523
;(19, 5);MoveEast;(1, 2);False;1;1524
;(19, 5);MoveEast;(1, 2);False;1;1525
;(19, 5);MoveEast;(1, 2);False;1;1526
;(19, 5);MoveEast;(1, 2);False;1;1527
;(19, 5);MoveEast;(1, 2);False;1;1528
;(19, 5);MoveEast;(1, 2);False;1;1529
;(19, 5);MoveEast;(1, 2);False;1;1530
;(19, 5);MoveEast;(2, 2);False;1;1531
;(19, 5);MoveWest;(2, 2);False;1;1532
;(19, 5);MoveWest;(2, 2);False;1;1533
;(19, 5);MoveWest;(2, 2);False;1;1534
;(19, 5);MoveWest;(2, 2);False;1;1535
;(19, 5);MoveWest;(2, 2);False;1;1536
;(19, 5);MoveWest;(2, 2);False;1;1537
;(19, 5);MoveWest;(2, 2);False;1;1538
;(19, 5);MoveWest;(2, 2);False;1;1539
;(19, 5);MoveWest;(2, 2);False;1;1540
;(19, 5);MoveWest;(2, 2);False;1;1541
;(19, 5);MoveWest;(1, 2);False;1;1542
;(19, 5);MoveWest;(1, 2);False;1;1543
;(19, 5);MoveWest;(1, 2);False;1;1544
;(19, 5);MoveWest;(1, 2);False;1;1545
;(19, 5);MoveWest;(1, 2);False;1;1546
;(19, 5);MoveWest;(1, 2);False;1;1547
;(19, 5);MoveWest;(1, 2);False;1;1548
;(19, 5);MoveWest;(1, 2);False;1;1549
;(19, 5);MoveWest;(1, 2);False;1;1550
;(19, 5);MoveWest;(1, 2);False;1;1551
;(19, 5);MoveWest;(1, 2);False;1;1552
;(19, 5);MoveWest;(0, 2);False;1;1553
;(19, 5);MoveEast;(0, 2);False;1;1554
;(19, 5);MoveEast;(0, 2);False;1;1555
;(19, 5);MoveEast;(0, 2);False;1;1556
;(19, 5);MoveEast;(0, 2);False;1;1557
;(19, 5);MoveEast;(0, 2);False;1;1558
;(19, 5);MoveEast;(0, 2);False;1;1559
;(19, 5);MoveEast;(0, 2);False;1;1560
;(19, 5);MoveEast;(0, 2);False;1;1561
;(19, 5);MoveEast;(0, 2);False;1;1562
;(19, 5);MoveEast;(0, 2);False;1;1563
;(19, 5);MoveEast;(1, 2);False;1;1564
;(19, 5);MoveEast;(1, 2);False;1;1565
;(19, 5);MoveEast;(1, 2);False;1;1566
;(19, 5);MoveEast;(1, 2);False;1;1567
;(19, 5);MoveEast;(1, 2);False;1;1568
;(19, 5);MoveEast;(1, 2);False;1;1569
;(19, 5);MoveEast;(1, 2);False;1;1570
;(19, 5);MoveEast;(1, 2);False;1;1571
;(19, 5);MoveEast;(1, 2);False;1;1572
;(19, 5);MoveEast;(1, 2);False;1;1573
;(19, 5);MoveEast;(1, 2);False;1;1574
;(19, 5);MoveEast;(2, 2);False;1;1575
;(19, 5);MoveWest;(2, 2);False;1;1576
;(19, 5);MoveWest;(2, 2);False;1;1577
;(19, 5);MoveWest;(2, 2);False;1;1578
;(19, 5);MoveWest;(2, 2);False;1;1579
;(19, 5);MoveWest;(2, 2);False;1;1580
;(19, 5);MoveWest;(2, 2);False;1;1581
;(19, 5);MoveWest;(2, 2);False;1;1582
;(19, 5);MoveWest;(2, 2);False;1;1583
;(19, 5);MoveWest;(2, 2);False;1;1584
;(19, 5);MoveWest;(2, 2);False;1;1585
;(19, 5);MoveWest;(1, 2);False;1;1586
;(19, 5);MoveWest;(1, 2);False;1;1587
;(19, 5);MoveWest;(1, 2);False;1;1588
;(19, 5);MoveWest;(1, 2);False;1;1589
;(19, 5);MoveWest;(1, 2);False;1;1590
;(19, 5);MoveWest;(1, 2);False;1;1591
;(19, 5);MoveWest;(1, 2);False;1;1592
;(19, 5);MoveWest;(1, 2);False;1;1593
;(19, 5);MoveWest;(1, 2);False;1;1594
;(19, 5);MoveWest;(1, 2);False;1;1595
;(19, 5);MoveWest;(1, 2);False;1;1596
;(19, 5);MoveWest;(0, 2);False;1;1597
;(19, 5);;(0, 2);False;1;1598
;(19, 5);MoveSouthEast;(0, 2);False;1;1599
;(19, 5);MoveSouthEast;(0, 2);False;1;1600
;(19, 5);MoveSouthEast;(0, 2);False;1;1601
;(19, 5);MoveSouthEast;(0, 2);False;1;1602
;(19, 5);MoveSouthEast;(0, 2);False;1;1603
;(19, 5);MoveSouthEast;(0, 2);False;1;1604
;(19, 5);MoveSouthEast;(0, 2);False;1;1605
;(19, 5);MoveSouthEast;(0, 2);False;1;1606
;(19, 5);MoveSouthEast;(0, 2);False;1;1607
;(19, 5);MoveSouthEast;(0, 2);False;1;1608
;(19, 5);MoveSouthEast;(1, 3);False;1;1609
;(19, 5);MoveEast;(1, 3);False;1;1610
;(19, 5);MoveEast;(1, 3);False;1;1611
;(19, 5);MoveEast;(1, 3);False;1;1612
;(19, 5);MoveEast;(1, 3);False;1;1613
;(19, 5);MoveEast;(1, 3);False;1;1614
;(19, 5);MoveEast;(1, 3);False;1;1615
;(19, 5);MoveEast;(1, 3);False;1;1616
;(19, 5);MoveEast;(1, 3);False;1;1617
;(19, 5);MoveEast;(1, 3);False;1;1618
;(19, 5);MoveEast;(1, 3);False;1;1619
;(19, 5);MoveEast;(2, 3);False;1;1620
;(19, 5);MoveSouthEast;(2, 3);False;1;1621
;(19, 5);MoveSouthEast;(2, 3);False;1;1622
;(19, 5);MoveSouthEast;(2, 3);False;1;1623
;(19, 5);MoveSouthEast;(2, 3);False;1;1624
;(19, 5);MoveSouthEast;(2, 3);False;1;1625
;(19, 5);MoveSouthEast;(2, 3);False;1;1626
;(19, 5);MoveSouthEast;(2, 3);False;1;1627
;(19, 5);MoveSouthEast;(2, 3);False;1;1628
;(19, 5);MoveSouthEast;(2, 3);False;1;1629
;(19, 5);MoveSouthEast;(2, 3);False;1;1630
;(19, 5);MoveSouthEast;(3, 4);False;1;1631
;(19, 5);MoveSouthEast;(3, 4);False;1;1632
;(19, 5);MoveSouthEast;(3, 4);False;1;1633
;(19, 5);MoveSouthEast;(3, 4);False;1;1634
;(19, 5);MoveSouthEast;(3, 4);False;1;1635
;(19, 5);MoveSouthEast;(3, 4);False;1;1636
;(19, 5);MoveSouthEast;(3, 4);False;1;1637
;(19, 5);MoveSouthEast;(3, 4);False;1;1638
;(19, 5);MoveSouthEast;(3, 4);False;1;1639
;(19, 5);MoveSouthEast;(3, 4);False;1;1640
;(19, 5);MoveSouthEast;(3, 4);False;1;1641
;(19, 5);MoveSouthEast;(4, 5);False;1;1642
;(19, 5);MoveEast;(4, 5);False;1;1643
;(19, 5);MoveEast;(4, 5);False;1;1644
;(19, 5);MoveEast;(4, 5);False;1;1645
;(19, 5);MoveEast;(4, 5);False;1;1646
;(19, 5);MoveEast;(4, 5);False;1;1647
;(19, 5);MoveEast;(4, 5);False;1;1648
;(19, 5);MoveEast;(4, 5);False;1;1649
;(19, 5);MoveEast;(4, 5);False;1;1650
;(19, 5);MoveEast;(4, 5);False;1;1651
;(19, 5);MoveEast;(4, 5);False;1;1652
;(19, 5);MoveEast;(5, 5);False;1;1653
;(19, 5);MoveEast;(5, 5);False;1;1654
;(19, 5);MoveEast;(5, 5);False;1;1655
;(19, 5);MoveEast;(5, 5);False;1;1656
;(19, 5);MoveEast;(5, 5);False;1;1657
;(19, 5);MoveEast;(5, 5);False;1;1658
;(19, 5);MoveEast;(5, 5);False;1;1659
;(19, 5);MoveEast;(5, 5);False;1;1660
;(19, 5);MoveEast;(5, 5);False;1;1661
;(19, 5);MoveEast;(5, 5);False;1;1662
;(19, 5);MoveEast;(5, 5);False;1;1663
;(19, 5);MoveEast;(6, 5);False;1;1664
;(19, 5);MoveSouthEast;(6, 5);False;1;1665
;(19, 5);MoveSouthEast;(6, 5);False;1;1666
;(19, 5);MoveSouthEast;(6, 5);False;1;1667
;(19, 5);MoveSouthEast;(6, 5);False;1;1668
;(19, 5);MoveSouthEast;(6, 5);False;1;1669
;(19, 5);MoveSouthEast;(6, 5);False;1;1670
;(19, 5);MoveSouthEast;(6, 5);False;1;1671
;(19, 5);MoveSouthEast;(6, 5);False;1;1672
;(19, 5);MoveSouthEast;(6, 5);False;1;1673
;(19, 5);MoveSouthEast;(6, 5);False;1;1674
;(19, 5);MoveSouthEast;(7, 6);False;1;1675
;(19, 5);GrabObject;(7, 6);False;1;1676
;(19, 5);GrabObject;(7, 6);False;1;1677
;(19, 5);GrabObject;(7, 6);False;1;1678
;(19, 5);GrabObject;(7, 6);False;1;1679
;(19, 5);GrabObject;(7, 6);False;1;1680
;(19, 5);GrabObject;(7, 6);False;1;1681
;(19, 5);GrabObject;(7, 6);False;1;1682
;(19, 5);GrabObject;(7, 6);False;1;1683
;(19, 5);GrabObject;(7, 6);False;1;1684
;(19, 5);GrabObject;(7, 6);False;1;1685
;(19, 5);GrabObject;(7, 6);False;1;1686
;(19, 5);;(7, 6);False;1;1687
;(19, 5);DropObject;(7, 6);False;1;1688
;(19, 5);DropObject;(7, 6);False;1;1689
;(19, 5);DropObject;(7, 6);False;1;1690
;(19, 5);DropObject;(7, 6);False;1;1691
;(19, 5);DropObject;(7, 6);False;1;1692
;(19, 5);DropObject;(7, 6);False;1;1693
;(19, 5);DropObject;(7, 6);False;1;1694
;(19, 5);DropObject;(7, 6);False;1;1695
;(19, 5);DropObject;(7, 6);False;1;1696
;(19, 5);DropObject;(7, 6);False;1;1697
;(19, 5);DropObject;(7, 6);False;1;1698
;(19, 5);;(7, 6);False;1;1699
;(19, 5);Idle;(7, 6);False;1;1700
;(19, 5);Idle;(7, 6);False;1;1701
;(19, 5);Idle;(7, 6);False;1;1702
;(19, 5);Idle;(7, 6);False;1;1703
;(19, 5);Idle;(7, 6);False;1;1704
;(19, 5);Idle;(7, 6);False;1;1705
;(19, 5);Idle;(7, 6);False;1;1706
;(19, 5);Idle;(7, 6);False;1;1707
;(19, 5);Idle;(7, 6);False;1;1708
;(19, 5);Idle;(7, 6);False;1;1709
;(19, 5);Idle;(7, 6);False;1;1710
;(19, 5);Idle;(7, 6);False;1;1711
;(19, 5);Idle;(7, 6);False;1;1712
;(19, 5);Idle;(7, 6);False;1;1713
;(19, 5);Idle;(7, 6);False;1;1714
;(19, 5);Idle;(7, 6);False;1;1715
;(19, 5);Idle;(7, 6);False;1;1716
;(19, 5);Idle;(7, 6);False;1;1717
;(19, 5);Idle;(7, 6);False;1;1718
;(19, 5);Idle;(7, 6);False;1;1719
;(19, 5);Idle;(7, 6);False;1;1720
;(19, 5);Idle;(7, 6);False;1;1721
;(19, 5);Idle;(7, 6);False;1;1722
;(19, 5);Idle;(7, 6);False;1;1723
;(19, 5);Idle;(7, 6);False;1;1724
;(19, 5);Idle;(7, 6);False;1;1725
;(19, 5);Idle;(7, 6);False;1;1726
;(19, 5);Idle;(7, 6);False;1;1727
;(19, 5);Idle;(7, 6);False;1;1728
;(19, 5);Idle;(7, 6);False;1;1729
;(19, 5);Idle;(7, 6);False;1;1730
;(19, 5);Idle;(7, 6);False;1;1731
;(19, 5);Idle;(7, 6);False;1;1732
;(19, 5);Idle;(7, 6);False;1;1733
;(19, 5);Idle;(7, 6);False;1;1734
;(19, 5);Idle;(7, 6);False;1;1735
;(19, 5);Idle;(7, 6);False;1;1736
;(19, 5);Idle;(7, 6);False;1;1737
;(19, 5);Idle;(7, 6);False;1;1738
;(19, 5);Idle;(7, 6);False;1;1739
;(19, 5);Idle;(7, 6);False;1;1740
;(19, 5);Idle;(7, 6);False;1;1741
;(19, 5);Idle;(7, 6);False;1;1742
;(19, 5);Idle;(7, 6);False;1;1743
;(19, 5);Idle;(7, 6);False;1;1744
;(19, 5);Idle;(7, 6);False;1;1745
;(19, 5);Idle;(7, 6);False;1;1746
;(19, 5);Idle;(7, 6);False;1;1747
;(19, 5);Idle;(7, 6);False;1;1748
;(19, 5);Idle;(7, 6);False;1;1749
;(19, 5);Idle;(7, 6);False;1;1750
;(19, 5);Idle;(7, 6);False;1;1751
;(19, 5);Idle;(7, 6);False;1;1752
;(19, 5);Idle;(7, 6);False;1;1753
;(19, 5);Idle;(7, 6);False;1;1754
;(19, 5);;(7, 6);False;1;1755
;(19, 5);MoveWest;(7, 6);False;1;1756
;(19, 5);MoveWest;(7, 6);False;1;1757
;(19, 5);MoveWest;(7, 6);False;1;1758
;(19, 5);MoveWest;(7, 6);False;1;1759
;(19, 5);MoveWest;(7, 6);False;1;1760
;(19, 5);MoveWest;(7, 6);False;1;1761
;(19, 5);MoveWest;(7, 6);False;1;1762
;(19, 5);MoveWest;(7, 6);False;1;1763
;(19, 5);MoveWest;(7, 6);False;1;1764
;(19, 5);MoveWest;(7, 6);False;1;1765
;(19, 5);MoveWest;(6, 6);False;1;1766
;(19, 5);MoveWest;(6, 6);False;1;1767
;(19, 5);MoveWest;(6, 6);False;1;1768
;(19, 5);MoveWest;(6, 6);False;1;1769
;(19, 5);MoveWest;(6, 6);False;1;1770
;(19, 5);MoveWest;(6, 6);False;1;1771
;(19, 5);MoveWest;(6, 6);False;1;1772
;(19, 5);MoveWest;(6, 6);False;1;1773
;(19, 5);MoveWest;(6, 6);False;1;1774
;(19, 5);MoveWest;(6, 6);False;1;1775
;(19, 5);MoveWest;(6, 6);False;1;1776
;(19, 5);MoveWest;(5, 6);False;1;1777
;(19, 5);MoveNorthWest;(5, 6);False;1;1778
;(19, 5);MoveNorthWest;(5, 6);False;1;1779
;(19, 5);MoveNorthWest;(5, 6);False;1;1780
;(19, 5);MoveNorthWest;(5, 6);False;1;1781
;(19, 5);MoveNorthWest;(5, 6);False;1;1782
;(19, 5);MoveNorthWest;(5, 6);False;1;1783
MoveWest;(18, 5);MoveNorthWest;(5, 6);False;1;1784
;(18, 5);MoveNorthWest;(5, 6);False;1;1785
;(18, 5);MoveNorthWest;(5, 6);False;1;1786
;(18, 5);MoveNorthWest;(5, 6);False;1;1787
;(18, 5);MoveNorthWest;(4, 5);False;1;1788
;(18, 5);MoveWest;(4, 5);False;1;1789
;(18, 5);MoveWest;(4, 5);False;1;1790
;(18, 5);MoveWest;(4, 5);False;1;1791
;(18, 5);MoveWest;(4, 5);False;1;1792
MoveWest;(17, 5);MoveWest;(4, 5);False;1;1793
MoveWest;(16, 5);MoveWest;(4, 5);False;1;1794
MoveWest;(15, 5);MoveWest;(4, 5);False;1;1795
MoveWest;(14, 5);MoveWest;(4, 5);False;1;1796
MoveWest;(13, 5);MoveWest;(4, 5);False;1;1797
MoveWest;(12, 5);MoveWest;(4, 5);False;1;1798
MoveWest;(11, 5);MoveWest;(3, 5);False;1;1799
MoveWest;(10, 5);MoveNorthWest;(3, 5);False;1;1800
MoveWest;(9, 5);MoveNorthWest;(3, 5);False;1;1801
MoveWest;(8, 5);MoveNorthWest;(3, 5);False;1;1802
MoveWest;(7, 5);MoveNorthWest;(3, 5);False;1;1803
;(7, 5);MoveNorthWest;(3, 5);False;1;1804
;(7, 5);MoveNorthWest;(3, 5);False;1;1805
;(7, 5);MoveNorthWest;(3, 5);False;1;1806
;(7, 5);MoveNorthWest;(3, 5);False;1;1807
;(7, 5);MoveNorthWest;(3, 5);False;1;1808
;(7, 5);MoveNorthWest;(3, 5);False;1;1809
;(7, 5);MoveNorthWest;(2, 4);False;1;1810
;(7, 5);MoveWest;(2, 4);False;1;1811
;(7, 5);MoveWest;(2, 4);False;1;1812
;(7, 5);MoveWest;(2, 4);False;1;1813
MoveSouth;(7, 6);MoveWest;(2, 4);False;1;1814
;(7, 6);MoveWest;(2, 4);False;1;1815
;(7, 6);MoveWest;(2, 4);False;1;1816
;(7, 6);MoveWest;(2, 4);False;1;1817
;(7, 6);MoveWest;(2, 4);False;1;1818
;(7, 6);MoveWest;(2, 4);False;1;1819
;(7, 6);MoveWest;(2, 4);False;1;1820
;(7, 6);MoveWest;(1, 4);False;1;1821
;(7, 6);GrabObject;(1, 4);False;1;1822
;(7, 6);GrabObject;(1, 4);False;1;1823
;(7, 6);GrabObject;(1, 4);False;1;1824
;(7, 6);GrabObject;(1, 4);False;1;1825
;(7, 6);GrabObject;(1, 4);False;1;1826
;(7, 6);GrabObject;(1, 4);False;1;1827
;(7, 6);GrabObject;(1, 4);False;1;1828
;(7, 6);GrabObject;(1, 4);False;1;1829
;(7, 6);GrabObject;(1, 4);False;1;1830
;(7, 6);GrabObject;(1, 4);False;1;1831
;(7, 6);GrabObject;(1, 4);False;1;1832
;(7, 6);;(1, 4);False;1;1833
;(7, 6);MoveEast;(1, 4);False;1;1834
;(7, 6);MoveEast;(1, 4);False;1;1835
;(7, 6);MoveEast;(1, 4);False;1;1836
;(7, 6);MoveEast;(1, 4);False;1;1837
;(7, 6);MoveEast;(1, 4);False;1;1838
GrabObject;(7, 6);MoveEast;(1, 4);False;1;1839
;(7, 6);MoveEast;(1, 4);False;1;1840
;(7, 6);MoveEast;(1, 4);False;1;1841
;(7, 6);MoveEast;(1, 4);False;1;1842
;(7, 6);MoveEast;(1, 4);False;1;1843
;(7, 6);MoveEast;(2, 4);False;1;1844
;(7, 6);MoveEast;(2, 4);False;1;1845
;(7, 6);MoveEast;(2, 4);False;1;1846
;(7, 6);MoveEast;(2, 4);False;1;1847
;(7, 6);MoveEast;(2, 4);False;1;1848
;(7, 6);MoveEast;(2, 4);False;1;1849
;(7, 6);MoveEast;(2, 4);False;1;1850
;(7, 6);MoveEast;(2, 4);False;1;1851
;(7, 6);MoveEast;(2, 4);False;1;1852
;(7, 6);MoveEast;(2, 4);False;1;1853
;(7, 6);MoveEast;(2, 4);False;1;1854
;(7, 6);MoveEast;(3, 4);False;1;1855
;(7, 6);MoveSouthEast;(3, 4);False;1;1856
;(7, 6);MoveSouthEast;(3, 4);False;1;1857
;(7, 6);MoveSouthEast;(3, 4);False;1;1858
;(7, 6);MoveSouthEast;(3, 4);False;1;1859
;(7, 6);MoveSouthEast;(3, 4);False;1;1860
;(7, 6);MoveSouthEast;(3, 4);False;1;1861
;(7, 6);MoveSouthEast;(3, 4);False;1;1862
;(7, 6);MoveSouthEast;(3, 4);False;1;1863
MoveWest;(6, 6);MoveSouthEast;(3, 4);False;1;1864
;(6, 6);MoveSouthEast;(3, 4);False;1;1865
;(6, 6);MoveSouthEast;(4, 5);False;1;1866
;(6, 6);MoveEast;(4, 5);False;1;1867
;(6, 6);MoveEast;(4, 5);False;1;1868
;(6, 6);MoveEast;(4, 5);False;1;1869
;(6, 6);MoveEast;(4, 5);False;1;1870
;(6, 6);MoveEast;(4, 5);False;1;1871
;(6, 6);MoveEast;(4, 5);False;1;1872
;(6, 6);MoveEast;(4, 5);False;1;1873
;(6, 6);MoveEast;(4, 5);False;1;1874
MoveWest;(5, 6);MoveEast;(4, 5);False;1;1875
MoveWest;(4, 6);MoveEast;(4, 5);False;1;1876
MoveWest;(3, 6);MoveEast;(5, 5);False;1;1877
MoveWest;(2, 6);MoveEast;(5, 5);False;1;1878
MoveWest;(1, 6);MoveEast;(5, 5);False;1;1879
MoveWest;(0, 6);MoveEast;(5, 5);False;1;1880
;(0, 6);MoveEast;(5, 5);False;1;1881
;(0, 6);MoveEast;(5, 5);False;1;1882
;(0, 6);MoveEast;(5, 5);False;1;1883
;(0, 6);MoveEast;(5, 5);False;1;1884
;(0, 6);MoveEast;(5, 5);False;1;1885
;(0, 6);MoveEast;(5, 5);False;1;1886
;(0, 6);MoveEast;(5, 5);False;1;1887
;(0, 6);MoveEast;(6, 5);False;1;1888
;(0, 6);MoveSouthEast;(6, 5);False;1;1889
;(0, 6);MoveSouthEast;(6, 5);False;1;1890
;(0, 6);MoveSouthEast;(6, 5);False;1;1891
;(0, 6);MoveSouthEast;(6, 5);False;1;1892
;(0, 6);MoveSouthEast;(6, 5);False;1;1893
;(0, 6);MoveSouthEast;(6, 5);False;1;1894
;(0, 6);MoveSouthEast;(6, 5);False;1;1895
;(0, 6);MoveSouthEast;(6, 5);False;1;1896
;(0, 6);MoveSouthEast;(6, 5);False;1;1897
;(0, 6);MoveSouthEast;(6, 5);False;1;1898
DropObject;(0, 6);MoveSouthEast;(7, 6);False;1;1899
;(0, 6);GrabObject;(7, 6);False;1;1900
;(0, 6);GrabObject;(7, 6);False;1;1901
;(0, 6);GrabObject;(7, 6);False;1;1902
;(0, 6);GrabObject;(7, 6);False;1;1903
;(0, 6);GrabObject;(7, 6);False;1;1904
;(0, 6);GrabObject;(7, 6);False;1;1905
;(0, 6);GrabObject;(7, 6);False;1;1906
;(0, 6);GrabObject;(7, 6);False;1;1907
;(0, 6);GrabObject;(7, 6);False;1;1908
;(0, 6);GrabObject;(7, 6);False;1;1909
;(0, 6);GrabObject;(7, 6);False;1;1910
;(0, 6);;(7, 6);False;1;1911
;(0, 6);MoveEast;(7, 6);False;1;1912
;(0, 6);MoveEast;(7, 6);False;1;1913
;(0, 6);MoveEast;(7, 6);False;1;1914
;(0, 6);MoveEast;(7, 6);False;1;1915
;(0, 6);MoveEast;(7, 6);False;1;1916
;(0, 6);MoveEast;(7, 6);False;1;1917
;(0, 6);MoveEast;(7, 6);False;1;1918
;(0, 6);MoveEast;(7, 6);False;1;1919
;(0, 6);MoveEast;(7, 6);False;1;1920
;(0, 6);MoveEast;(7, 6);False;1;1921
;(0, 6);MoveEast;(8, 6);False;1;1922
;(0, 6);MoveEast;(8, 6);False;1;1923
;(0, 6);MoveEast;(8, 6);False;1;1924
;(0, 6);MoveEast;(8, 6);False;1;1925
;(0, 6);MoveEast;(8, 6);False;1;1926
;(0, 6);MoveEast;(8, 6);False;1;1927
;(0, 6);MoveEast;(8, 6);False;1;1928
;(0, 6);MoveEast;(8, 6);False;1;1929
;(0, 6);MoveEast;(8, 6);False;1;1930
;(0, 6);MoveEast;(8, 6);False;1;1931
;(0, 6);MoveEast;(8, 6);False;1;1932
;(0, 6);MoveEast;(9, 6);False;1;1933
;(0, 6);MoveWest;(9, 6);False;1;1934
;(0, 6);MoveWest;(9, 6);False;1;1935
;(0, 6);MoveWest;(9, 6);False;1;1936
;(0, 6);MoveWest;(9, 6);False;1;1937
;(0, 6);MoveWest;(9, 6);False;1;1938
;(0, 6);MoveWest;(9, 6);False;1;1939
;(0, 6);MoveWest;(9, 6);False;1;1940
;(0, 6);MoveWest;(9, 6);False;1;1941
;(0, 6);MoveWest;(9, 6);False;1;1942
;(0, 6);MoveWest;(9, 6);False;1;1943
;(0, 6);MoveWest;(8, 6);False;1;1944
;(0, 6);MoveWest;(8, 6);False;1;1945
;(0, 6);MoveWest;(8, 6);False;1;1946
;(0, 6);MoveWest;(8, 6);False;1;1947
;(0, 6);MoveWest;(8, 6);False;1;1948
;(0, 6);MoveWest;(8, 6);False;1;1949
;(0, 6);MoveWest;(8, 6);False;1;1950
;(0, 6);MoveWest;(8, 6);False;1;1951
;(0, 6);MoveWest;(8, 6);False;1;1952
;(0, 6);MoveWest;(8, 6);False;1;1953
;(0, 6);MoveWest;(8, 6);False;1;1954
;(0, 6);MoveWest;(7, 6);False;1;1955
;(0, 6);MoveEast;(7, 6);False;1;1956
;(0, 6);MoveEast;(7, 6);False;1;1957
;(0, 6);MoveEast;(7, 6);False;1;1958
;(0, 6);MoveEast;(7, 6);False;1;1959
;(0, 6);MoveEast;(7, 6);False;1;1960
;(0, 6);MoveEast;(7, 6);False;1;1961
;(0, 6);MoveEast;(7, 6);False;1;1962
;(0, 6);MoveEast;(7, 6);False;1;1963
;(0, 6);MoveEast;(7, 6);False;1;1964
;(0, 6);MoveEast;(7, 6);False;1;1965
;(0, 6);MoveEast;(8, 6);False;1;1966
;(0, 6);MoveEast;(8, 6);False;1;1967
;(0, 6);MoveEast;(8, 6);False;1;1968
;(0, 6);MoveEast;(8, 6);False;1;1969
;(0, 6);MoveEast;(8, 6);False;1;1970
;(0, 6);MoveEast;(8, 6);False;1;1971
;(0, 6);MoveEast;(8, 6);False;1;1972
;(0, 6);MoveEast;(8, 6);False;1;1973
;(0, 6);MoveEast;(8, 6);False;1;1974
;(0, 6);MoveEast;(8, 6);False;1;1975
;(0, 6);MoveEast;(8, 6);False;1;1976
;(0, 6);MoveEast;(9, 6);False;1;1977
;(0, 6);MoveWest;(9, 6);False;1;1978
;(0, 6);MoveWest;(9, 6);False;1;1979
;(0, 6);MoveWest;(9, 6);False;1;1980
;(0, 6);MoveWest;(9, 6);False;1;1981
;(0, 6);MoveWest;(9, 6);False;1;1982
;(0, 6);MoveWest;(9, 6);False;1;1983
;(0, 6);MoveWest;(9, 6);False;1;1984
;(0, 6);MoveWest;(9, 6);False;1;1985
;(0, 6);MoveWest;(9, 6);False;1;1986
;(0, 6);MoveWest;(9, 6);False;1;1987
;(0, 6);MoveWest;(8, 6);False;1;1988
;(0, 6);MoveWest;(8, 6);False;1;1989
;(0, 6);MoveWest;(8, 6);False;1;1990
;(0, 6);MoveWest;(8, 6);False;1;1991
;(0, 6);MoveWest;(8, 6);False;1;1992
;(0, 6);MoveWest;(8, 6);False;1;1993
;(0, 6);MoveWest;(8, 6);False;1;1994
;(0, 6);MoveWest;(8, 6);False;1;1995
;(0, 6);MoveWest;(8, 6);False;1;1996
;(0, 6);MoveWest;(8, 6);False;1;1997
;(0, 6);MoveWest;(8, 6);False;1;1998
;(0, 6);MoveWest;(7, 6);False;1;1999
;(0, 6);MoveEast;(7, 6);False;1;2000
;(0, 6);MoveEast;(7, 6);False;1;2001
;(0, 6);MoveEast;(7, 6);False;1;2002
;(0, 6);MoveEast;(7, 6);False;1;2003
;(0, 6);MoveEast;(7, 6);False;1;2004
;(0, 6);MoveEast;(7, 6);False;1;2005
;(0, 6);MoveEast;(7, 6);False;1;2006
;(0, 6);MoveEast;(7, 6);False;1;2007
;(0, 6);MoveEast;(7, 6);False;1;2008
;(0, 6);MoveEast;(7, 6);False;1;2009
;(0, 6);MoveEast;(8, 6);False;1;2010
;(0, 6);MoveEast;(8, 6);False;1;2011
;(0, 6);MoveEast;(8, 6);False;1;2012
;(0, 6);MoveEast;(8, 6);False;1;2013
;(0, 6);MoveEast;(8, 6);False;1;2014
;(0, 6);MoveEast;(8, 6);False;1;2015
;(0, 6);MoveEast;(8, 6);False;1;2016
;(0, 6);MoveEast;(8, 6);False;1;2017
;(0, 6);MoveEast;(8, 6);False;1;2018
;(0, 6);MoveEast;(8, 6);False;1;2019
;(0, 6);MoveEast;(8, 6);False;1;2020
;(0, 6);MoveEast;(9, 6);False;1;2021
;(0, 6);MoveWest;(9, 6);False;1;2022
;(0, 6);MoveWest;(9, 6);False;1;2023
;(0, 6);MoveWest;(9, 6);False;1;2024
;(0, 6);MoveWest;(9, 6);False;1;2025
;(0, 6);MoveWest;(9, 6);False;1;2026
;(0, 6);MoveWest;(9, 6);False;1;2027
;(0, 6);MoveWest;(9, 6);False;1;2028
;(0, 6);MoveWest;(9, 6);False;1;2029
;(0, 6);MoveWest;(9, 6);False;1;2030
;(0, 6);MoveWest;(9, 6);False;1;2031
;(0, 6);MoveWest;(8, 6);False;1;2032
;(0, 6);MoveWest;(8, 6);False;1;2033
;(0, 6);MoveWest;(8, 6);False;1;2034
;(0, 6);MoveWest;(8, 6);False;1;2035
;(0, 6);MoveWest;(8, 6);False;1;2036
;(0, 6);MoveWest;(8, 6);False;1;2037
;(0, 6);MoveWest;(8, 6);False;1;2038
;(0, 6);MoveWest;(8, 6);False;1;2039
;(0, 6);MoveWest;(8, 6);False;1;2040
;(0, 6);MoveWest;(8, 6);False;1;2041
;(0, 6);MoveWest;(8, 6);False;1;2042
;(0, 6);MoveWest;(7, 6);False;1;2043
;(0, 6);;(7, 6);False;1;2044
;(0, 6);Idle;(7, 6);False;1;2045
;(0, 6);Idle;(7, 6);False;1;2046
;(0, 6);Idle;(7, 6);False;1;2047
;(0, 6);Idle;(7, 6);False;1;2048
;(0, 6);Idle;(7, 6);False;1;2049
;(0, 6);Idle;(7, 6);False;1;2050
;(0, 6);Idle;(7, 6);False;1;2051
;(0, 6);Idle;(7, 6);False;1;2052
;(0, 6);Idle;(7, 6);False;1;2053
;(0, 6);Idle;(7, 6);False;1;2054
;(0, 6);Idle;(7, 6);False;1;2055
;(0, 6);Idle;(7, 6);False;1;2056
;(0, 6);Idle;(7, 6);False;1;2057
;(0, 6);Idle;(7, 6);False;1;2058
;(0, 6);Idle;(7, 6);False;1;2059
;(0, 6);Idle;(7, 6);False;1;2060
;(0, 6);Idle;(7, 6);False;1;2061
;(0, 6);Idle;(7, 6);False;1;2062
;(0, 6);Idle;(7, 6);False;1;2063
;(0, 6);Idle;(7, 6);False;1;2064
;(0, 6);Idle;(7, 6);False;1;2065
;(0, 6);Idle;(7, 6);False;1;2066
;(0, 6);Idle;(7, 6);False;1;2067
;(0, 6);Idle;(7, 6);False;1;2068
;(0, 6);Idle;(7, 6);False;1;2069
;(0, 6);Idle;(7, 6);False;1;2070
;(0, 6);Idle;(7, 6);False;1;2071
;(0, 6);Idle;(7, 6);False;1;2072
;(0, 6);Idle;(7, 6);False;1;2073
;(0, 6);Idle;(7, 6);False;1;2074
;(0, 6);Idle;(7, 6);False;1;2075
;(0, 6);Idle;(7, 6);False;1;2076
;(0, 6);Idle;(7, 6);False;1;2077
;(0, 6);Idle;(7, 6);False;1;2078
;(0, 6);Idle;(7, 6);False;1;2079
;(0, 6);Idle;(7, 6);False;1;2080
;(0, 6);Idle;(7, 6);False;1;2081
;(0, 6);Idle;(7, 6);False;1;2082
;(0, 6);Idle;(7, 6);False;1;2083
;(0, 6);Idle;(7, 6);False;1;2084
;(0, 6);Idle;(7, 6);False;1;2085
;(0, 6);Idle;(7, 6);False;1;2086
;(0, 6);Idle;(7, 6);False;1;2087
;(0, 6);Idle;(7, 6);False;1;2088
;(0, 6);Idle;(7, 6);False;1;2089
;(0, 6);Idle;(7, 6);False;1;2090
;(0, 6);Idle;(7, 6);False;1;2091
;(0, 6);Idle;(7, 6);False;1;2092
;(0, 6);Idle;(7, 6);False;1;2093
;(0, 6);Idle;(7, 6);False;1;2094
;(0, 6);Idle;(7, 6);False;1;2095
;(0, 6);Idle;(7, 6);False;1;2096
;(0, 6);Idle;(7, 6);False;1;2097
;(0, 6);Idle;(7, 6);False;1;2098
;(0, 6);Idle;(7, 6);False;1;2099
;(0, 6);;(7, 6);False;1;2100
;(0, 6);Idle;(7, 6);False;1;2101
;(0, 6);Idle;(7, 6);False;1;2102
;(0, 6);Idle;(7, 6);False;1;2103
;(0, 6);Idle;(7, 6);False;1;2104
;(0, 6);Idle;(7, 6);False;1;2105
;(0, 6);Idle;(7, 6);False;1;2106
;(0, 6);Idle;(7, 6);False;1;2107
;(0, 6);Idle;(7, 6);False;1;2108
;(0, 6);Idle;(7, 6);False;1;2109
;(0, 6);Idle;(7, 6);False;1;2110
;(0, 6);Idle;(7, 6);False;1;2111
;(0, 6);Idle;(7, 6);False;1;2112
;(0, 6);Idle;(7, 6);False;1;2113
;(0, 6);Idle;(7, 6);False;1;2114
;(0, 6);Idle;(7, 6);False;1;2115
;(0, 6);Idle;(7, 6);False;1;2116
;(0, 6);Idle;(7, 6);False;1;2117
;(0, 6);Idle;(7, 6);False;1;2118
;(0, 6);Idle;(7, 6);False;1;2119
;(0, 6);Idle;(7, 6);False;1;2120
;(0, 6);Idle;(7, 6);False;1;2121
;(0, 6);Idle;(7, 6);False;1;2122
;(0, 6);Idle;(7, 6);False;1;2123
;(0, 6);Idle;(7, 6);False;1;2124
;(0, 6);Idle;(7, 6);False;1;2125
;(0, 6);Idle;(7, 6);False;1;2126
;(0, 6);Idle;(7, 6);False;1;2127
;(0, 6);Idle;(7, 6);False;1;2128
;(0, 6);Idle;(7, 6);False;1;2129
;(0, 6);Idle;(7, 6);False;1;2130
;(0, 6);Idle;(7, 6);False;1;2131
;(0, 6);Idle;(7, 6);False;1;2132
;(0, 6);Idle;(7, 6);False;1;2133
;(0, 6);Idle;(7, 6);False;1;2134
;(0, 6);Idle;(7, 6);False;1;2135
;(0, 6);Idle;(7, 6);False;1;2136
;(0, 6);Idle;(7, 6);False;1;2137
;(0, 6);Idle;(7, 6);False;1;2138
;(0, 6);Idle;(7, 6);False;1;2139
;(0, 6);Idle;(7, 6);False;1;2140
;(0, 6);Idle;(7, 6);False;1;2141
;(0, 6);Idle;(7, 6);False;1;2142
;(0, 6);Idle;(7, 6);False;1;2143
;(0, 6);Idle;(7, 6);False;1;2144
;(0, 6);Idle;(7, 6);False;1;2145
;(0, 6);Idle;(7, 6);False;1;2146
;(0, 6);Idle;(7, 6);False;1;2147
;(0, 6);Idle;(7, 6);False;1;2148
;(0, 6);Idle;(7, 6);False;1;2149
;(0, 6);Idle;(7, 6);False;1;2150
;(0, 6);Idle;(7, 6);False;1;2151
;(0, 6);Idle;(7, 6);False;1;2152
;(0, 6);Idle;(7, 6);False;1;2153
;(0, 6);Idle;(7, 6);False;1;2154
;(0, 6);Idle;(7, 6);False;1;2155
;(0, 6);;(7, 6);False;1;2156
;(0, 6);Idle;(7, 6);False;1;2157
;(0, 6);Idle;(7, 6);False;1;2158
;(0, 6);Idle;(7, 6);False;1;2159
;(0, 6);Idle;(7, 6);False;1;2160
;(0, 6);Idle;(7, 6);False;1;2161
;(0, 6);Idle;(7, 6);False;1;2162
;(0, 6);Idle;(7, 6);False;1;2163
;(0, 6);Idle;(7, 6);False;1;2164
;(0, 6);Idle;(7, 6);False;1;2165
;(0, 6);Idle;(7, 6);False;1;2166
;(0, 6);Idle;(7, 6);False;1;2167
;(0, 6);Idle;(7, 6);False;1;2168
;(0, 6);Idle;(7, 6);False;1;2169
;(0, 6);Idle;(7, 6);False;1;2170
;(0, 6);Idle;(7, 6);False;1;2171
;(0, 6);Idle;(7, 6);False;1;2172
;(0, 6);Idle;(7, 6);False;1;2173
;(0, 6);Idle;(7, 6);False;1;2174
;(0, 6);Idle;(7, 6);False;1;2175
;(0, 6);Idle;(7, 6);False;1;2176
;(0, 6);Idle;(7, 6);False;1;2177
;(0, 6);Idle;(7, 6);False;1;2178
;(0, 6);Idle;(7, 6);False;1;2179
;(0, 6);Idle;(7, 6);False;1;2180
;(0, 6);Idle;(7, 6);False;1;2181
;(0, 6);Idle;(7, 6);False;1;2182
;(0, 6);Idle;(7, 6);False;1;2183
;(0, 6);Idle;(7, 6);False;1;2184
;(0, 6);Idle;(7, 6);False;1;2185
;(0, 6);Idle;(7, 6);False;1;2186
;(0, 6);Idle;(7, 6);False;1;2187
;(0, 6);Idle;(7, 6);False;1;2188
;(0, 6);Idle;(7, 6);False;1;2189
;(0, 6);Idle;(7, 6);False;1;2190
;(0, 6);Idle;(7, 6);False;1;2191
;(0, 6);Idle;(7, 6);False;1;2192
;(0, 6);Idle;(7, 6);False;1;2193
;(0, 6);Idle;(7, 6);False;1;2194
;(0, 6);Idle;(7, 6);False;1;2195
;(0, 6);Idle;(7, 6);False;1;2196
;(0, 6);Idle;(7, 6);False;1;2197
;(0, 6);Idle;(7, 6);False;1;2198
;(0, 6);Idle;(7, 6);False;1;2199
;(0, 6);Idle;(7, 6);False;1;2200
;(0, 6);Idle;(7, 6);False;1;2201
;(0, 6);Idle;(7, 6);False;1;2202
;(0, 6);Idle;(7, 6);False;1;2203
;(0, 6);Idle;(7, 6);False;1;2204
;(0, 6);Idle;(7, 6);False;1;2205
;(0, 6);Idle;(7, 6);False;1;2206
;(0, 6);Idle;(7, 6);False;1;2207
;(0, 6);Idle;(7, 6);False;1;2208
;(0, 6);Idle;(7, 6);False;1;2209
;(0, 6);Idle;(7, 6);False;1;2210
;(0, 6);Idle;(7, 6);False;1;2211
;(0, 6);;(7, 6);False;1;2212
;(0, 6);Idle;(7, 6);False;1;2213
;(0, 6);Idle;(7, 6);False;1;2214
;(0, 6);Idle;(7, 6);False;1;2215
;(0, 6);Idle;(7, 6);False;1;2216
;(0, 6);Idle;(7, 6);False;1;2217
;(0, 6);Idle;(7, 6);False;1;2218
;(0, 6);Idle;(7, 6);False;1;2219
;(0, 6);Idle;(7, 6);False;1;2220
;(0, 6);Idle;(7, 6);False;1;2221
;(0, 6);Idle;(7, 6);False;1;2222
;(0, 6);Idle;(7, 6);False;1;2223
;(0, 6);Idle;(7, 6);False;1;2224
;(0, 6);Idle;(7, 6);False;1;2225
;(0, 6);Idle;(7, 6);False;1;2226
;(0, 6);Idle;(7, 6);False;1;2227
;(0, 6);Idle;(7, 6);False;1;2228
;(0, 6);Idle;(7, 6);False;1;2229
;(0, 6);Idle;(7, 6);False;1;2230
;(0, 6);Idle;(7, 6);False;1;2231
;(0, 6);Idle;(7, 6);False;1;2232
;(0, 6);Idle;(7, 6);False;1;2233
;(0, 6);Idle;(7, 6);False;1;2234
;(0, 6);Idle;(7, 6);False;1;2235
;(0, 6);Idle;(7, 6);False;1;2236
;(0, 6);Idle;(7, 6);False;1;2237
;(0, 6);Idle;(7, 6);False;1;2238
;(0, 6);Idle;(7, 6);False;1;2239
;(0, 6);Idle;(7, 6);False;1;2240
;(0, 6);Idle;(7, 6);False;1;2241
MoveEast;(1, 6);Idle;(7, 6);False;1;2242
;(1, 6);Idle;(7, 6);False;1;2243
;(1, 6);Idle;(7, 6);False;1;2244
;(1, 6);Idle;(7, 6);False;1;2245
;(1, 6);Idle;(7, 6);False;1;2246
;(1, 6);Idle;(7, 6);False;1;2247
;(1, 6);Idle;(7, 6);False;1;2248
;(1, 6);Idle;(7, 6);False;1;2249
MoveEast;(2, 6);Idle;(7, 6);False;1;2250
;(2, 6);Idle;(7, 6);False;1;2251
;(2, 6);Idle;(7, 6);False;1;2252
;(2, 6);Idle;(7, 6);False;1;2253
;(2, 6);Idle;(7, 6);False;1;2254
;(2, 6);Idle;(7, 6);False;1;2255
;(2, 6);Idle;(7, 6);False;1;2256
;(2, 6);Idle;(7, 6);False;1;2257
;(2, 6);Idle;(7, 6);False;1;2258
;(2, 6);Idle;(7, 6);False;1;2259
;(2, 6);Idle;(7, 6);False;1;2260
MoveEast;(3, 6);Idle;(7, 6);False;1;2261
;(3, 6);Idle;(7, 6);False;1;2262
;(3, 6);Idle;(7, 6);False;1;2263
;(3, 6);Idle;(7, 6);False;1;2264
;(3, 6);Idle;(7, 6);False;1;2265
MoveEast;(4, 6);Idle;(7, 6);False;1;2266
;(4, 6);Idle;(7, 6);False;1;2267
;(4, 6);;(7, 6);False;1;2268
;(4, 6);Idle;(7, 6);False;1;2269
MoveEast;(5, 6);Idle;(7, 6);False;1;2270
;(5, 6);Idle;(7, 6);False;1;2271
;(5, 6);Idle;(7, 6);False;1;2272
;(5, 6);Idle;(7, 6);False;1;2273
;(5, 6);Idle;(7, 6);False;1;2274
MoveEast;(6, 6);Idle;(7, 6);False;1;2275
;(6, 6);Idle;(7, 6);False;1;2276
;(6, 6);Idle;(7, 6);False;1;2277
;(6, 6);Idle;(7, 6);False;1;2278
MoveEast;(7, 6);Idle;(7, 6);False;1;2279
;(7, 6);Idle;(7, 6);False;1;2280
;(7, 6);Idle;(7, 6);False;1;2281
;(7, 6);Idle;(7, 6);False;1;2282
MoveEast;(8, 6);Idle;(7, 6);False;1;2283
;(8, 6);Idle;(7, 6);False;1;2284
;(8, 6);Idle;(7, 6);False;1;2285
;(8, 6);Idle;(7, 6);False;1;2286
;(8, 6);Idle;(7, 6);False;1;2287
;(8, 6);Idle;(7, 6);False;1;2288
;(8, 6);Idle;(7, 6);False;1;2289
;(8, 6);Idle;(7, 6);False;1;2290
;(8, 6);Idle;(7, 6);False;1;2291
;(8, 6);Idle;(7, 6);False;1;2292
;(8, 6);Idle;(7, 6);False;1;2293
;(8, 6);Idle;(7, 6);False;1;2294
;(8, 6);Idle;(7, 6);False;1;2295
;(8, 6);Idle;(7, 6);False;1;2296
;(8, 6);Idle;(7, 6);False;1;2297
;(8, 6);Idle;(7, 6);False;1;2298
;(8, 6);Idle;(7, 6);False;1;2299
;(8, 6);Idle;(7, 6);False;1;2300
;(8, 6);Idle;(7, 6);False;1;2301
;(8, 6);Idle;(7, 6);False;1;2302
;(8, 6);Idle;(7, 6);False;1;2303
;(8, 6);Idle;(7, 6);False;1;2304
;(8, 6);Idle;(7, 6);False;1;2305
;(8, 6);Idle;(7, 6);False;1;2306
;(8, 6);Idle;(7, 6);False;1;2307
;(8, 6);Idle;(7, 6);False;1;2308
;(8, 6);Idle;(7, 6);False;1;2309
;(8, 6);Idle;(7, 6);False;1;2310
;(8, 6);Idle;(7, 6);False;1;2311
;(8, 6);Idle;(7, 6);False;1;2312
;(8, 6);Idle;(7, 6);False;1;2313
;(8, 6);Idle;(7, 6);False;1;2314
;(8, 6);Idle;(7, 6);False;1;2315
;(8, 6);Idle;(7, 6);False;1;2316
;(8, 6);Idle;(7, 6);False;1;2317
;(8, 6);Idle;(7, 6);False;1;2318
;(8, 6);Idle;(7, 6);False;1;2319
;(8, 6);Idle;(7, 6);False;1;2320
;(8, 6);Idle;(7, 6);False;1;2321
;(8, 6);Idle;(7, 6);False;1;2322
;(8, 6);Idle;(7, 6);False;1;2323
;(8, 6);;(7, 6);False;1;2324
;(8, 6);Idle;(7, 6);False;1;2325
;(8, 6);Idle;(7, 6);False;1;2326
;(8, 6);Idle;(7, 6);False;1;2327
;(8, 6);Idle;(7, 6);False;1;2328
;(8, 6);Idle;(7, 6);False;1;2329
;(8, 6);Idle;(7, 6);False;1;2330
MoveSouth;(8, 7);Idle;(7, 6);False;1;2331
;(8, 7);Idle;(7, 6);False;1;2332
;(8, 7);Idle;(7, 6);False;1;2333
;(8, 7);Idle;(7, 6);False;1;2334
;(8, 7);Idle;(7, 6);False;1;2335
;(8, 7);Idle;(7, 6);False;1;2336
;(8, 7);Idle;(7, 6);False;1;2337
MoveWest;(7, 7);Idle;(7, 6);False;1;2338
;(7, 7);Idle;(7, 6);False;1;2339
;(7, 7);Idle;(7, 6);False;1;2340
;(7, 7);Idle;(7, 6);False;1;2341
;(7, 7);Idle;(7, 6);False;1;2342
;(7, 7);Idle;(7, 6);False;1;2343
;(7, 7);Idle;(7, 6);False;1;2344
;(7, 7);Idle;(7, 6);False;1;2345
;(7, 7);Idle;(7, 6);False;1;2346
;(7, 7);Idle;(7, 6);False;1;2347
;(7, 7);Idle;(7, 6);False;1;2348
;(7, 7);Idle;(7, 6);False;1;2349
;(7, 7);Idle;(7, 6);False;1;2350
;(7, 7);Idle;(7, 6);False;1;2351
;(7, 7);Idle;(7, 6);False;1;2352
;(7, 7);Idle;(7, 6);False;1;2353
;(7, 7);Idle;(7, 6);False;1;2354
;(7, 7);Idle;(7, 6);False;1;2355
;(7, 7);Idle;(7, 6);False;1;2356
;(7, 7);Idle;(7, 6);False;1;2357
;(7, 7);Idle;(7, 6);False;1;2358
;(7, 7);Idle;(7, 6);False;1;2359
;(7, 7);Idle;(7, 6);False;1;2360
;(7, 7);Idle;(7, 6);False;1;2361
;(7, 7);Idle;(7, 6);False;1;2362
;(7, 7);Idle;(7, 6);False;1;2363
;(7, 7);Idle;(7, 6);False;1;2364
;(7, 7);Idle;(7, 6);False;1;2365
;(7, 7);Idle;(7, 6);False;1;2366
;(7, 7);Idle;(7, 6);False;1;2367
;(7, 7);Idle;(7, 6);False;1;2368
;(7, 7);Idle;(7, 6);False;1;2369
;(7, 7);Idle;(7, 6);False;1;2370
;(7, 7);Idle;(7, 6);False;1;2371
;(7, 7);Idle;(7, 6);False;1;2372
;(7, 7);Idle;(7, 6);False;1;2373
;(7, 7);Idle;(7, 6);False;1;2374
;(7, 7);Idle;(7, 6);False;1;2375
;(7, 7);Idle;(7, 6);False;1;2376
;(7, 7);Idle;(7, 6);False;1;2377
;(7, 7);Idle;(7, 6);False;1;2378
;(7, 7);Idle;(7, 6);False;1;2379
;(7, 7);;(7, 6);False;1;2380
;(7, 7);Idle;(7, 6);False;1;2381
;(7, 7);Idle;(7, 6);False;1;2382
;(7, 7);Idle;(7, 6);False;1;2383
;(7, 7);Idle;(7, 6);False;1;2384
;(7, 7);Idle;(7, 6);False;1;2385
;(7, 7);Idle;(7, 6);False;1;2386
;(7, 7);Idle;(7, 6);False;1;2387
;(7, 7);Idle;(7, 6);False;1;2388
;(7, 7);Idle;(7, 6);False;1;2389
;(7, 7);Idle;(7, 6);False;1;2390
;(7, 7);Idle;(7, 6);False;1;2391
;(7, 7);Idle;(7, 6);False;1;2392
;(7, 7);Idle;(7, 6);False;1;2393
;(7, 7);Idle;(7, 6);False;1;2394
;(7, 7);Idle;(7, 6);False;1;2395
;(7, 7);Idle;(7, 6);False;1;2396
;(7, 7);Idle;(7, 6);False;1;2397
;(7, 7);Idle;(7, 6);False;1;2398
;(7, 7);Idle;(7, 6);False;1;2399
;(7, 7);Idle;(7, 6);False;1;2400
;(7, 7);Idle;(7, 6);False;1;2401
;(7, 7);Idle;(7, 6);False;1;2402
;(7, 7);Idle;(7, 6);False;1;2403
;(7, 7);Idle;(7, 6);False;1;2404
;(7, 7);Idle;(7, 6);False;1;2405
;(7, 7);Idle;(7, 6);False;1;2406
;(7, 7);Idle;(7, 6);False;1;2407
;(7, 7);Idle;(7, 6);False;1;2408
;(7, 7);Idle;(7, 6);False;1;2409
;(7, 7);Idle;(7, 6);False;1;2410
;(7, 7);Idle;(7, 6);False;1;2411
;(7, 7);Idle;(7, 6);False;1;2412
;(7, 7);Idle;(7, 6);False;1;2413
;(7, 7);Idle;(7, 6);False;1;2414
;(7, 7);Idle;(7, 6);False;1;2415
;(7, 7);Idle;(7, 6);False;1;2416
;(7, 7);Idle;(7, 6);False;1;2417
;(7, 7);Idle;(7, 6);False;1;2418
;(7, 7);Idle;(7, 6);False;1;2419
;(7, 7);Idle;(7, 6);False;1;2420
;(7, 7);Idle;(7, 6);False;1;2421
;(7, 7);Idle;(7, 6);False;1;2422
;(7, 7);Idle;(7, 6);False;1;2423
;(7, 7);Idle;(7, 6);False;1;2424
;(7, 7);Idle;(7, 6);False;1;2425
;(7, 7);Idle;(7, 6);False;1;2426
;(7, 7);Idle;(7, 6);False;1;2427
GrabObject;(7, 7);Idle;(7, 6);False;1;2428
;(7, 7);Idle;(7, 6);False;1;2429
;(7, 7);Idle;(7, 6);False;1;2430
;(7, 7);Idle;(7, 6);False;1;2431
;(7, 7);Idle;(7, 6);False;1;2432
;(7, 7);Idle;(7, 6);False;1;2433
;(7, 7);Idle;(7, 6);False;1;2434
;(7, 7);Idle;(7, 6);False;1;2435
;(7, 7);;(7, 6);False;1;2436
;(7, 7);Idle;(7, 6);False;1;2437
;(7, 7);Idle;(7, 6);False;1;2438
;(7, 7);Idle;(7, 6);False;1;2439
;(7, 7);Idle;(7, 6);False;1;2440
MoveWest;(6, 7);Idle;(7, 6);False;1;2441
;(6, 7);Idle;(7, 6);False;1;2442
;(6, 7);Idle;(7, 6);False;1;2443
;(6, 7);Idle;(7, 6);False;1;2444
;(6, 7);Idle;(7, 6);False;1;2445
;(6, 7);Idle;(7, 6);False;1;2446
;(6, 7);Idle;(7, 6);False;1;2447
;(6, 7);Idle;(7, 6);False;1;2448
;(6, 7);Idle;(7, 6);False;1;2449
;(6, 7);Idle;(7, 6);False;1;2450
MoveWest;(5, 7);Idle;(7, 6);False;1;2451
MoveWest;(4, 7);Idle;(7, 6);False;1;2452
MoveWest;(3, 7);Idle;(7, 6);False;1;2453
MoveWest;(2, 7);Idle;(7, 6);False;1;2454
MoveWest;(1, 7);Idle;(7, 6);False;1;2455
MoveWest;(0, 7);Idle;(7, 6);False;1;2456
;(0, 7);Idle;(7, 6);False;1;2457
;(0, 7);Idle;(7, 6);False;1;2458
;(0, 7);Idle;(7, 6);False;1;2459
;(0, 7);Idle;(7, 6);False;1;2460
;(0, 7);Idle;(7, 6);False;1;2461
;(0, 7);Idle;(7, 6);False;1;2462
;(0, 7);Idle;(7, 6);False;1;2463
;(0, 7);Idle;(7, 6);False;1;2464
;(0, 7);Idle;(7, 6);False;1;2465
MoveNorth;(0, 6);Idle;(7, 6);False;1;2466
;(0, 6);Idle;(7, 6);False;1;2467
;(0, 6);Idle;(7, 6);False;1;2468
MoveNorth;(0, 5);Idle;(7, 6);False;1;2469
;(0, 5);Idle;(7, 6);False;1;2470
;(0, 5);Idle;(7, 6);False;1;2471
;(0, 5);Idle;(7, 6);False;1;2472
;(0, 5);Idle;(7, 6);False;1;2473
;(0, 5);Idle;(7, 6);False;1;2474
;(0, 5);Idle;(7, 6);False;1;2475
;(0, 5);Idle;(7, 6);False;1;2476
;(0, 5);Idle;(7, 6);False;1;2477
;(0, 5);Idle;(7, 6);False;1;2478
;(0, 5);Idle;(7, 6);False;1;2479
;(0, 5);Idle;(7, 6);False;1;2480
;(0, 5);Idle;(7, 6);False;1;2481
;(0, 5);Idle;(7, 6);False;1;2482
;(0, 5);Idle;(7, 6);False;1;2483
;(0, 5);Idle;(7, 6);False;1;2484
;(0, 5);Idle;(7, 6);False;1;2485
;(0, 5);Idle;(7, 6);False;1;2486
;(0, 5);Idle;(7, 6);False;1;2487
;(0, 5);Idle;(7, 6);False;1;2488
;(0, 5);Idle;(7, 6);False;1;2489
;(0, 5);Idle;(7, 6);False;1;2490
;(0, 5);Idle;(7, 6);False;1;2491
;(0, 5);;(7, 6);False;1;2492
;(0, 5);Idle;(7, 6);False;1;2493
;(0, 5);Idle;(7, 6);False;1;2494
;(0, 5);Idle;(7, 6);False;1;2495
;(0, 5);Idle;(7, 6);False;1;2496
;(0, 5);Idle;(7, 6);False;1;2497
;(0, 5);Idle;(7, 6);False;1;2498
;(0, 5);Idle;(7, 6);False;1;2499
;(0, 5);Idle;(7, 6);False;1;2500
;(0, 5);Idle;(7, 6);False;1;2501
;(0, 5);Idle;(7, 6);False;1;2502
;(0, 5);Idle;(7, 6);False;1;2503
;(0, 5);Idle;(7, 6);False;1;2504
;(0, 5);Idle;(7, 6);False;1;2505
;(0, 5);Idle;(7, 6);False;1;2506
;(0, 5);Idle;(7, 6);False;1;2507
;(0, 5);Idle;(7, 6);False;1;2508
DropObject;(0, 5);Idle;(7, 6);False;1;2509
;(0, 5);Idle;(7, 6);False;1;2510
;(0, 5);Idle;(7, 6);False;1;2511
;(0, 5);Idle;(7, 6);False;1;2512
;(0, 5);Idle;(7, 6);False;1;2513
;(0, 5);Idle;(7, 6);False;1;2514
;(0, 5);Idle;(7, 6);False;1;2515
;(0, 5);Idle;(7, 6);False;1;2516
;(0, 5);Idle;(7, 6);False;1;2517
;(0, 5);Idle;(7, 6);False;1;2518
;(0, 5);Idle;(7, 6);False;1;2519
;(0, 5);Idle;(7, 6);False;1;2520
;(0, 5);Idle;(7, 6);False;1;2521
;(0, 5);Idle;(7, 6);False;1;2522
MoveEast;(1, 5);Idle;(7, 6);False;1;2523
;(1, 5);Idle;(7, 6);False;1;2524
;(1, 5);Idle;(7, 6);False;1;2525
;(1, 5);Idle;(7, 6);False;1;2526
;(1, 5);Idle;(7, 6);False;1;2527
;(1, 5);Idle;(7, 6);False;1;2528
;(1, 5);Idle;(7, 6);False;1;2529
;(1, 5);Idle;(7, 6);False;1;2530
;(1, 5);Idle;(7, 6);False;1;2531
;(1, 5);Idle;(7, 6);False;1;2532
MoveEast;(2, 5);Idle;(7, 6);False;1;2533
MoveEast;(3, 5);Idle;(7, 6);False;1;2534
MoveEast;(4, 5);Idle;(7, 6);False;1;2535
;(4, 5);Idle;(7, 6);False;1;2536
;(4, 5);Idle;(7, 6);False;1;2537
;(4, 5);Idle;(7, 6);False;1;2538
;(4, 5);Idle;(7, 6);False;1;2539
;(4, 5);Idle;(7, 6);False;1;2540
;(4, 5);Idle;(7, 6);False;1;2541
;(4, 5);Idle;(7, 6);False;1;2542
;(4, 5);Idle;(7, 6);False;1;2543
;(4, 5);Idle;(7, 6);False;1;2544
;(4, 5);Idle;(7, 6);False;1;2545
;(4, 5);Idle;(7, 6);False;1;2546
;(4, 5);Idle;(7, 6);False;1;2547
;(4, 5);;(7, 6);False;1;2548
;(4, 5);GrabObject;(7, 6);False;1;2549
;(4, 5);GrabObject;(7, 6);False;1;2550
;(4, 5);GrabObject;(7, 6);False;1;2551
;(4, 5);GrabObject;(7, 6);False;1;2552
;(4, 5);GrabObject;(7, 6);False;1;2553
;(4, 5);GrabObject;(7, 6);False;1;2554
;(4, 5);GrabObject;(7, 6);False;1;2555
;(4, 5);GrabObject;(7, 6);False;1;2556
;(4, 5);GrabObject;(7, 6);False;1;2557
;(4, 5);GrabObject;(7, 6);False;1;2558
;(4, 5);GrabObject;(7, 6);False;1;2559
;(4, 5);;(7, 6);False;1;2560
;(4, 5);Idle;(7, 6);False;1;2561
;(4, 5);Idle;(7, 6);False;1;2562
;(4, 5);Idle;(7, 6);False;1;2563
;(4, 5);Idle;(7, 6);False;1;2564
;(4, 5);Idle;(7, 6);False;1;2565
;(4, 5);Idle;(7, 6);False;1;2566
;(4, 5);Idle;(7, 6);False;1;2567
;(4, 5);Idle;(7, 6);False;1;2568
;(4, 5);Idle;(7, 6);False;1;2569
;(4, 5);Idle;(7, 6);False;1;2570
;(4, 5);Idle;(7, 6);False;1;2571
;(4, 5);Idle;(7, 6);False;1;2572
;(4, 5);Idle;(7, 6);False;1;2573
;(4, 5);Idle;(7, 6);False;1;2574
;(4, 5);Idle;(7, 6);False;1;2575
MoveSouth;(4, 6);Idle;(7, 6);False;1;2576
;(4, 6);Idle;(7, 6);False;1;2577
;(4, 6);Idle;(7, 6);False;1;2578
;(4, 6);Idle;(7, 6);False;1;2579
;(4, 6);Idle;(7, 6);False;1;2580
;(4, 6);Idle;(7, 6);False;1;2581
;(4, 6);Idle;(7, 6);False;1;2582
;(4, 6);Idle;(7, 6);False;1;2583
;(4, 6);Idle;(7, 6);False;1;2584
;(4, 6);Idle;(7, 6);False;1;2585
;(4, 6);Idle;(7, 6);False;1;2586
;(4, 6);Idle;(7, 6);False;1;2587
MoveSouth;(4, 7);Idle;(7, 6);False;1;2588
;(4, 7);Idle;(7, 6);False;1;2589
;(4, 7);Idle;(7, 6);False;1;2590
;(4, 7);Idle;(7, 6);False;1;2591
;(4, 7);Idle;(7, 6);False;1;2592
;(4, 7);Idle;(7, 6);False;1;2593
;(4, 7);Idle;(7, 6);False;1;2594
;(4, 7);Idle;(7, 6);False;1;2595
;(4, 7);Idle;(7, 6);False;1;2596
;(4, 7);Idle;(7, 6);False;1;2597
;(4, 7);Idle;(7, 6);False;1;2598
;(4, 7);Idle;(7, 6);False;1;2599
;(4, 7);Idle;(7, 6);False;1;2600
;(4, 7);Idle;(7, 6);False;1;2601
;(4, 7);Idle;(7, 6);False;1;2602
;(4, 7);Idle;(7, 6);False;1;2603
;(4, 7);Idle;(7, 6);False;1;2604
;(4, 7);Idle;(7, 6);False;1;2605
;(4, 7);Idle;(7, 6);False;1;2606
;(4, 7);Idle;(7, 6);False;1;2607
MoveEast;(5, 7);Idle;(7, 6);False;1;2608
;(5, 7);Idle;(7, 6);False;1;2609
;(5, 7);Idle;(7, 6);False;1;2610
;(5, 7);Idle;(7, 6);False;1;2611
;(5, 7);Idle;(7, 6);False;1;2612
MoveEast;(6, 7);Idle;(7, 6);False;1;2613
;(6, 7);Idle;(7, 6);False;1;2614
;(6, 7);Idle;(7, 6);False;1;2615
;(6, 7);;(7, 6);False;1;2616
;(6, 7);MoveEast;(7, 6);False;1;2617
MoveEast;(7, 7);MoveEast;(7, 6);False;1;2618
;(7, 7);MoveEast;(7, 6);False;1;2619
;(7, 7);MoveEast;(7, 6);False;1;2620
;(7, 7);MoveEast;(7, 6);False;1;2621
MoveEast;(8, 7);MoveEast;(7, 6);False;1;2622
;(8, 7);MoveEast;(7, 6);False;1;2623
;(8, 7);MoveEast;(7, 6);False;1;2624
;(8, 7);MoveEast;(7, 6);False;1;2625
MoveEast;(9, 7);MoveEast;(7, 6);False;1;2626
;(9, 7);MoveEast;(8, 6);False;1;2627
;(9, 7);MoveEast;(8, 6);False;1;2628
;(9, 7);MoveEast;(8, 6);False;1;2629
;(9, 7);MoveEast;(8, 6);False;1;2630
;(9, 7);MoveEast;(8, 6);False;1;2631
;(9, 7);MoveEast;(8, 6);False;1;2632
MoveEast;(10, 7);MoveEast;(8, 6);False;1;2633
;(10, 7);MoveEast;(8, 6);False;1;2634
;(10, 7);MoveEast;(8, 6);False;1;2635
;(10, 7);MoveEast;(8, 6);False;1;2636
;(10, 7);MoveEast;(8, 6);False;1;2637
;(10, 7);MoveEast;(9, 6);False;1;2638
;(10, 7);MoveEast;(9, 6);False;1;2639
;(10, 7);MoveEast;(9, 6);False;1;2640
;(10, 7);MoveEast;(9, 6);False;1;2641
;(10, 7);MoveEast;(9, 6);False;1;2642
;(10, 7);MoveEast;(9, 6);False;1;2643
;(10, 7);MoveEast;(9, 6);False;1;2644
;(10, 7);MoveEast;(9, 6);False;1;2645
;(10, 7);MoveEast;(9, 6);False;1;2646
;(10, 7);MoveEast;(9, 6);False;1;2647
;(10, 7);MoveEast;(9, 6);False;1;2648
;(10, 7);MoveEast;(10, 6);False;1;2649
;(10, 7);MoveSouthEast;(10, 6);False;1;2650
;(10, 7);MoveSouthEast;(10, 6);False;1;2651
;(10, 7);MoveSouthEast;(10, 6);False;1;2652
;(10, 7);MoveSouthEast;(10, 6);False;1;2653
;(10, 7);MoveSouthEast;(10, 6);False;1;2654
;(10, 7);MoveSouthEast;(10, 6);False;1;2655
;(10, 7);MoveSouthEast;(10, 6);False;1;2656
;(10, 7);MoveSouthEast;(10, 6);False;1;2657
;(10, 7);MoveSouthEast;(10, 6);False;1;2658
;(10, 7);MoveSouthEast;(10, 6);False;1;2659
;(10, 7);MoveSouthEast;(11, 7);False;1;2660
;(10, 7);GrabObject;(11, 7);False;1;2661
;(10, 7);GrabObject;(11, 7);False;1;2662
;(10, 7);GrabObject;(11, 7);False;1;2663
;(10, 7);GrabObject;(11, 7);False;1;2664
;(10, 7);GrabObject;(11, 7);False;1;2665
;(10, 7);GrabObject;(11, 7);False;1;2666
;(10, 7);GrabObject;(11, 7);False;1;2667
;(10, 7);GrabObject;(11, 7);False;1;2668
;(10, 7);GrabObject;(11, 7);False;1;2669
;(10, 7);GrabObject;(11, 7);False;1;2670
;(10, 7);GrabObject;(11, 7);False;1;2671
;(10, 7);;(11, 7);False;1;2672
;(10, 7);DropObject;(11, 7);False;1;2673
;(10, 7);DropObject;(11, 7);False;1;2674
;(10, 7);DropObject;(11, 7);False;1;2675
GrabObject;(10, 7);DropObject;(11, 7);False;1;2676
;(10, 7);DropObject;(11, 7);False;1;2677
;(10, 7);DropObject;(11, 7);False;1;2678
;(10, 7);DropObject;(11, 7);False;1;2679
;(10, 7);DropObject;(11, 7);False;1;2680
;(10, 7);DropObject;(11, 7);False;1;2681
;(10, 7);DropObject;(11, 7);False;1;2682
MoveEast;(11, 7);DropObject;(11, 7);False;1;2683
;(11, 7);;(11, 7);False;1;2684
;(11, 7);MoveEast;(11, 7);False;1;2685
;(11, 7);MoveEast;(11, 7);False;1;2686
;(11, 7);MoveEast;(11, 7);False;1;2687
;(11, 7);MoveEast;(11, 7);False;1;2688
;(11, 7);MoveEast;(11, 7);False;1;2689
;(11, 7);MoveEast;(11, 7);False;1;2690
;(11, 7);MoveEast;(11, 7);False;1;2691
;(11, 7);MoveEast;(11, 7);False;1;2692
MoveEast;(12, 7);MoveEast;(11, 7);False;1;2693
MoveEast;(13, 7);MoveEast;(11, 7);False;1;2694
MoveEast;(14, 7);MoveEast;(12, 7);False;1;2695
MoveEast;(15, 7);MoveNorthEast;(12, 7);False;1;2696
MoveEast;(16, 7);MoveNorthEast;(12, 7);False;1;2697
MoveEast;(17, 7);MoveNorthEast;(12, 7);False;1;2698
MoveEast;(18, 7);MoveNorthEast;(12, 7);False;1;2699
MoveEast;(19, 7);MoveNorthEast;(12, 7);False;1;2700
MoveEast;(19, 7);MoveNorthEast;(12, 7);False;1;2701
;(19, 7);MoveNorthEast;(12, 7);False;1;2702
;(19, 7);MoveNorthEast;(12, 7);False;1;2703
;(19, 7);MoveNorthEast;(12, 7);False;1;2704
;(19, 7);MoveNorthEast;(12, 7);False;1;2705
;(19, 7);MoveNorthEast;(13, 6);False;1;2706
;(19, 7);MoveEast;(13, 6);False;1;2707
;(19, 7);MoveEast;(13, 6);False;1;2708
;(19, 7);MoveEast;(13, 6);False;1;2709
;(19, 7);MoveEast;(13, 6);False;1;2710
;(19, 7);MoveEast;(13, 6);False;1;2711
;(19, 7);MoveEast;(13, 6);False;1;2712
;(19, 7);MoveEast;(13, 6);False;1;2713
;(19, 7);MoveEast;(13, 6);False;1;2714
;(19, 7);MoveEast;(13, 6);False;1;2715
;(19, 7);MoveEast;(13, 6);False;1;2716
;(19, 7);MoveEast;(14, 6);False;1;2717
;(19, 7);MoveNorthEast;(14, 6);False;1;2718
;(19, 7);MoveNorthEast;(14, 6);False;1;2719
;(19, 7);MoveNorthEast;(14, 6);False;1;2720
;(19, 7);MoveNorthEast;(14, 6);False;1;2721
;(19, 7);MoveNorthEast;(14, 6);False;1;2722
;(19, 7);MoveNorthEast;(14, 6);False;1;2723
DropObject;(19, 7);MoveNorthEast;(14, 6);False;1;2724
;(19, 7);MoveNorthEast;(14, 6);False;1;2725
;(19, 7);MoveNorthEast;(14, 6);False;1;2726
;(19, 7);MoveNorthEast;(14, 6);False;1;2727
;(19, 7);MoveNorthEast;(15, 5);False;1;2728
;(19, 7);MoveEast;(15, 5);False;1;2729
;(19, 7);MoveEast;(15, 5);False;1;2730
;(19, 7);MoveEast;(15, 5);False;1;2731
;(19, 7);MoveEast;(15, 5);False;1;2732
;(19, 7);MoveEast;(15, 5);False;1;2733
;(19, 7);MoveEast;(15, 5);False;1;2734
;(19, 7);MoveEast;(15, 5);False;1;2735
;(19, 7);MoveEast;(15, 5);False;1;2736
;(19, 7);MoveEast;(15, 5);False;1;2737
;(19, 7);MoveEast;(15, 5);False;1;2738
;(19, 7);MoveEast;(16, 5);False;1;2739
;(19, 7);GrabObject;(16, 5);False;1;2740
;(19, 7);GrabObject;(16, 5);False;1;2741
;(19, 7);GrabObject;(16, 5);False;1;2742
;(19, 7);GrabObject;(16, 5);False;1;2743
;(19, 7);GrabObject;(16, 5);False;1;2744
;(19, 7);GrabObject;(16, 5);False;1;2745
;(19, 7);GrabObject;(16, 5);False;1;2746
;(19, 7);GrabObject;(16, 5);False;1;2747
;(19, 7);GrabObject;(16, 5);False;1;2748
;(19, 7);GrabObject;(16, 5);False;1;2749
;(19, 7);GrabObject;(16, 5);False;1;2750
;(19, 7);;(16, 5);False;1;2751
;(19, 7);Idle;(16, 5);False;1;2752
;(19, 7);Idle;(16, 5);False;1;2753
;(19, 7);Idle;(16, 5);False;1;2754
;(19, 7);Idle;(16, 5);False;1;2755
;(19, 7);Idle;(16, 5);False;1;2756
;(19, 7);Idle;(16, 5);False;1;2757
;(19, 7);Idle;(16, 5);False;1;2758
;(19, 7);Idle;(16, 5);False;1;2759
;(19, 7);Idle;(16, 5);False;1;2760
;(19, 7);Idle;(16, 5);False;1;2761
;(19, 7);Idle;(16, 5);False;1;2762
;(19, 7);Idle;(16, 5);False;1;2763
;(19, 7);Idle;(16, 5);False;1;2764
;(19, 7);Idle;(16, 5);False;1;2765
;(19, 7);Idle;(16, 5);False;1;2766
;(19, 7);Idle;(16, 5);False;1;2767
;(19, 7);Idle;(16, 5);False;1;2768
;(19, 7);Idle;(16, 5);False;1;2769
;(19, 7);Idle;(16, 5);False;1;2770
;(19, 7);Idle;(16, 5);False;1;2771
;(19, 7);Idle;(16, 5);False;1;2772
;(19, 7);Idle;(16, 5);False;1;2773
;(19, 7);Idle;(16, 5);False;1;2774
;(19, 7);Idle;(16, 5);False;1;2775
;(19, 7);Idle;(16, 5);False;1;2776
;(19, 7);Idle;(16, 5);False;1;2777
;(19, 7);Idle;(16, 5);False;1;2778
;(19, 7);Idle;(16, 5);False;1;2779
;(19, 7);Idle;(16, 5);False;1;2780
;(19, 7);Idle;(16, 5);False;1;2781
;(19, 7);Idle;(16, 5);False;1;2782
;(19, 7);Idle;(16, 5);False;1;2783
;(19, 7);Idle;(16, 5);False;1;2784
;(19, 7);Idle;(16, 5);False;1;2785
;(19, 7);Idle;(16, 5);False;1;2786
;(19, 7);Idle;(16, 5);False;1;2787
;(19, 7);Idle;(16, 5);False;1;2788
;(19, 7);Idle;(16, 5);False;1;2789
;(19, 7);Idle;(16, 5);False;1;2790
;(19, 7);Idle;(16, 5);False;1;2791
;(19, 7);Idle;(16, 5);False;1;2792
;(19, 7);Idle;(16, 5);False;1;2793
;(19, 7);Idle;(16, 5);False;1;2794
;(19, 7);Idle;(16, 5);False;1;2795
;(19, 7);Idle;(16, 5);False;1;2796
;(19, 7);Idle;(16, 5);False;1;2797
;(19, 7);Idle;(16, 5);False;1;2798
;(19, 7);Idle;(16, 5);False;1;2799
;(19, 7);Idle;(16, 5);False;1;2800
;(19, 7);Idle;(16, 5);False;1;2801
;(19, 7);Idle;(16, 5);False;1;2802
;(19, 7);Idle;(16, 5);False;1;2803
;(19, 7);Idle;(16, 5);False;1;2804
;(19, 7);Idle;(16, 5);False;1;2805
;(19, 7);Idle;(16, 5);False;1;2806
;(19, 7);;(16, 5);False;1;2807
;(19, 7);Idle;(16, 5);False;1;2808
;(19, 7);Idle;(16, 5);False;1;2809
;(19, 7);Idle;(16, 5);False;1;2810
;(19, 7);Idle;(16, 5);False;1;2811
;(19, 7);Idle;(16, 5);False;1;2812
;(19, 7);Idle;(16, 5);False;1;2813
;(19, 7);Idle;(16, 5);False;1;2814
;(19, 7);Idle;(16, 5);False;1;2815
;(19, 7);Idle;(16, 5);False;1;2816
;(19, 7);Idle;(16, 5);False;1;2817
;(19, 7);Idle;(16, 5);False;1;2818
;(19, 7);Idle;(16, 5);False;1;2819
;(19, 7);Idle;(16, 5);False;1;2820
;(19, 7);Idle;(16, 5);False;1;2821
;(19, 7);Idle;(16, 5);False;1;2822
;(19, 7);Idle;(16, 5);False;1;2823
;(19, 7);Idle;(16, 5);False;1;2824
;(19, 7);Idle;(16, 5);False;1;2825
;(19, 7);Idle;(16, 5);False;1;2826
;(19, 7);Idle;(16, 5);False;1;2827
;(19, 7);Idle;(16, 5);False;1;2828
;(19, 7);Idle;(16, 5);False;1;2829
;(19, 7);Idle;(16, 5);False;1;2830
;(19, 7);Idle;(16, 5);False;1;2831
;(19, 7);Idle;(16, 5);False;1;2832
;(19, 7);Idle;(16, 5);False;1;2833
;(19, 7);Idle;(16, 5);False;1;2834
;(19, 7);Idle;(16, 5);False;1;2835
;(19, 7);Idle;(16, 5);False;1;2836
;(19, 7);Idle;(16, 5);False;1;2837
;(19, 7);Idle;(16, 5);False;1;2838
;(19, 7);Idle;(16, 5);False;1;2839
;(19, 7);Idle;(16, 5);False;1;2840
;(19, 7);Idle;(16, 5);False;1;2841
;(19, 7);Idle;(16, 5);False;1;2842
;(19, 7);Idle;(16, 5);False;1;2843
;(19, 7);Idle;(16, 5);False;1;2844
;(19, 7);Idle;(16, 5);False;1;2845
;(19, 7);Idle;(16, 5);False;1;2846
;(19, 7);Idle;(16, 5);False;1;2847
;(19, 7);Idle;(16, 5);False;1;2848
;(19, 7);Idle;(16, 5);False;1;2849
;(19, 7);Idle;(16, 5);False;1;2850
;(19, 7);Idle;(16, 5);False;1;2851
;(19, 7);Idle;(16, 5);False;1;2852
;(19, 7);Idle;(16, 5);False;1;2853
;(19, 7);Idle;(16, 5);False;1;2854
;(19, 7);Idle;(16, 5);False;1;2855
;(19, 7);Idle;(16, 5);False;1;2856
;(19, 7);Idle;(16, 5);False;1;2857
;(19, 7);Idle;(16, 5);False;1;2858
;(19, 7);Idle;(16, 5);False;1;2859
;(19, 7);Idle;(16, 5);False;1;2860
;(19, 7);Idle;(16, 5);False;1;2861
;(19, 7);Idle;(16, 5);False;1;2862
;(19, 7);;(16, 5);False;1;2863
;(19, 7);Idle;(16, 5);False;1;2864
;(19, 7);Idle;(16, 5);False;1;2865
;(19, 7);Idle;(16, 5);False;1;2866
;(19, 7);Idle;(16, 5);False;1;2867
;(19, 7);Idle;(16, 5);False;1;2868
;(19, 7);Idle;(16, 5);False;1;2869
;(19, 7);Idle;(16, 5);False;1;2870
;(19, 7);Idle;(16, 5);False;1;2871
;(19, 7);Idle;(16, 5);False;1;2872
;(19, 7);Idle;(16, 5);False;1;2873
;(19, 7);Idle;(16, 5);False;1;2874
;(19, 7);Idle;(16, 5);False;1;2875
;(19, 7);Idle;(16, 5);False;1;2876
;(19, 7);Idle;(16, 5);False;1;2877
;(19, 7);Idle;(16, 5);False;1;2878
;(19, 7);Idle;(16, 5);False;1;2879
;(19, 7);Idle;(16, 5);False;1;2880
;(19, 7);Idle;(16, 5);False;1;2881
;(19, 7);Idle;(16, 5);False;1;2882
;(19, 7);Idle;(16, 5);False;1;2883
;(19, 7);Idle;(16, 5);False;1;2884
;(19, 7);Idle;(16, 5);False;1;2885
;(19, 7);Idle;(16, 5);False;1;2886
;(19, 7);Idle;(16, 5);False;1;2887
;(19, 7);Idle;(16, 5);False;1;2888
;(19, 7);Idle;(16, 5);False;1;2889
;(19, 7);Idle;(16, 5);False;1;2890
;(19, 7);Idle;(16, 5);False;1;2891
;(19, 7);Idle;(16, 5);False;1;2892
;(19, 7);Idle;(16, 5);False;1;2893
;(19, 7);Idle;(16, 5);False;1;2894
;(19, 7);Idle;(16, 5);False;1;2895
;(19, 7);Idle;(16, 5);False;1;2896
;(19, 7);Idle;(16, 5);False;1;2897
;(19, 7);Idle;(16, 5);False;1;2898
;(19, 7);Idle;(16, 5);False;1;2899
;(19, 7);Idle;(16, 5);False;1;2900
;(19, 7);Idle;(16, 5);False;1;2901
;(19, 7);Idle;(16, 5);False;1;2902
;(19, 7);Idle;(16, 5);False;1;2903
;(19, 7);Idle;(16, 5);False;1;2904
;(19, 7);Idle;(16, 5);False;1;2905
;(19, 7);Idle;(16, 5);False;1;2906
;(19, 7);Idle;(16, 5);False;1;2907
;(19, 7);Idle;(16, 5);False;1;2908
;(19, 7);Idle;(16, 5);False;1;2909
;(19, 7);Idle;(16, 5);False;1;2910
;(19, 7);Idle;(16, 5);False;1;2911
;(19, 7);Idle;(16, 5);False;1;2912
;(19, 7);Idle;(16, 5);False;1;2913
;(19, 7);Idle;(16, 5);False;1;2914
;(19, 7);Idle;(16, 5);False;1;2915
;(19, 7);Idle;(16, 5);False;1;2916
;(19, 7);Idle;(16, 5);False;1;2917
;(19, 7);Idle;(16, 5);False;1;2918
;(19, 7);;(16, 5);False;1;2919
;(19, 7);Idle;(16, 5);False;1;2920
;(19, 7);Idle;(16, 5);False;1;2921
;(19, 7);Idle;(16, 5);False;1;2922
;(19, 7);Idle;(16, 5);False;1;2923
;(19, 7);Idle;(16, 5);False;1;2924
;(19, 7);Idle;(16, 5);False;1;2925
;(19, 7);Idle;(16, 5);False;1;2926
;(19, 7);Idle;(16, 5);False;1;2927
;(19, 7);Idle;(16, 5);False;1;2928
;(19, 7);Idle;(16, 5);False;1;2929
;(19, 7);Idle;(16, 5);False;1;2930
;(19, 7);Idle;(16, 5);False;1;2931
;(19, 7);Idle;(16, 5);False;1;2932
;(19, 7);Idle;(16, 5);False;1;2933
;(19, 7);Idle;(16, 5);False;1;2934
;(19, 7);Idle;(16, 5);False;1;2935
;(19, 7);Idle;(16, 5);False;1;2936
;(19, 7);Idle;(16, 5);False;1;2937
;(19, 7);Idle;(16, 5);False;1;2938
;(19, 7);Idle;(16, 5);False;1;2939
;(19, 7);Idle;(16, 5);False;1;2940
;(19, 7);Idle;(16, 5);False;1;2941
DropObject;(19, 7);Idle;(16, 5);False;1;2942
;(19, 7);Idle;(16, 5);False;1;2943
;(19, 7);Idle;(16, 5);False;1;2944
;(19, 7);Idle;(16, 5);False;1;2945
;(19, 7);Idle;(16, 5);False;1;2946
;(19, 7);Idle;(16, 5);False;1;2947
;(19, 7);Idle;(16, 5);False;1;2948
;(19, 7);Idle;(16, 5);False;1;2949
;(19, 7);Idle;(16, 5);False;1;2950
;(19, 7);Idle;(16, 5);False;1;2951
;(19, 7);Idle;(16, 5);False;1;2952
;(19, 7);Idle;(16, 5);False;1;2953
;(19, 7);Idle;(16, 5);False;1;2954
;(19, 7);Idle;(16, 5);False;1;2955
;(19, 7);Idle;(16, 5);False;1;2956
;(19, 7);Idle;(16, 5);False;1;2957
;(19, 7);Idle;(16, 5);False;1;2958
;(19, 7);Idle;(16, 5);False;1;2959
;(19, 7);Idle;(16, 5);False;1;2960
;(19, 7);Idle;(16, 5);False;1;2961
;(19, 7);Idle;(16, 5);False;1;2962
;(19, 7);Idle;(16, 5);False;1;2963
;(19, 7);Idle;(16, 5);False;1;2964
;(19, 7);Idle;(16, 5);False;1;2965
;(19, 7);Idle;(16, 5);False;1;2966
;(19, 7);Idle;(16, 5);False;1;2967
;(19, 7);Idle;(16, 5);False;1;2968
;(19, 7);Idle;(16, 5);False;1;2969
;(19, 7);Idle;(16, 5);False;1;2970
;(19, 7);Idle;(16, 5);False;1;2971
;(19, 7);Idle;(16, 5);False;1;2972
;(19, 7);Idle;(16, 5);False;1;2973
;(19, 7);Idle;(16, 5);False;1;2974
;(19, 7);;(16, 5);False;1;2975
;(19, 7);Idle;(16, 5);False;1;2976
;(19, 7);Idle;(16, 5);False;1;2977
;(19, 7);Idle;(16, 5);False;1;2978
;(19, 7);Idle;(16, 5);False;1;2979
;(19, 7);Idle;(16, 5);False;1;2980
;(19, 7);Idle;(16, 5);False;1;2981
;(19, 7);Idle;(16, 5);False;1;2982
;(19, 7);Idle;(16, 5);False;1;2983
;(19, 7);Idle;(16, 5);False;1;2984
;(19, 7);Idle;(16, 5);False;1;2985
;(19, 7);Idle;(16, 5);False;1;2986
;(19, 7);Idle;(16, 5);False;1;2987
;(19, 7);Idle;(16, 5);False;1;2988
;(19, 7);Idle;(16, 5);False;1;2989
;(19, 7);Idle;(16, 5);False;1;2990
;(19, 7);Idle;(16, 5);False;1;2991
;(19, 7);Idle;(16, 5);False;1;2992
;(19, 7);Idle;(16, 5);False;1;2993
;(19, 7);Idle;(16, 5);False;1;2994
;(19, 7);Idle;(16, 5);False;1;2995
;(19, 7);Idle;(16, 5);False;1;2996
;(19, 7);Idle;(16, 5);False;1;2997
;(19, 7);Idle;(16, 5);False;1;2998
;(19, 7);Idle;(16, 5);False;1;2999
;(19, 7);Idle;(16, 5);False;1;3000
;(19, 7);Idle;(16, 5);False;1;3001
;(19, 7);Idle;(16, 5);False;1;3002
;(19, 7);Idle;(16, 5);False;1;3003
;(19, 7);Idle;(16, 5);False;1;3004
;(19, 7);Idle;(16, 5);False;1;3005
;(19, 7);Idle;(16, 5);False;1;3006
;(19, 7);Idle;(16, 5);False;1;3007
;(19, 7);Idle;(16, 5);False;1;3008
;(19, 7);;(16, 5);False;1;3009
;(19, 7);;(16, 5);False;1;3010
;(19, 7);;(16, 5);False;1;3011
;(19, 7);;(16, 5);False;1;3012
;(19, 7);;(16, 5);False;1;3013
;(19, 7);;(16, 5);False;1;3014
;(19, 7);;(16, 5);False;1;3015
;(19, 7);;(16, 5);False;1;3016
;(19, 7);;(16, 5);False;1;3017
;(19, 7);;(16, 5);False;1;3018
;(19, 7);;(16, 5);False;1;3019
