human_selector_action;human_selector_location;robot_action;robot_location;robot_executing_cp;world_nr;tick_nr
;(3, 4);;(4, 4);False;1;0
;(3, 4);;(4, 4);False;1;1
;(3, 4);Idle;(4, 4);False;1;2
;(3, 4);Idle;(4, 4);False;1;3
;(3, 4);Idle;(4, 4);False;1;4
;(3, 4);Idle;(4, 4);False;1;5
;(3, 4);Idle;(4, 4);False;1;6
;(3, 4);Idle;(4, 4);False;1;7
;(3, 4);Idle;(4, 4);False;1;8
;(3, 4);Idle;(4, 4);False;1;9
;(3, 4);Idle;(4, 4);False;1;10
;(3, 4);Idle;(4, 4);False;1;11
;(3, 4);Idle;(4, 4);False;1;12
;(3, 4);Idle;(4, 4);False;1;13
;(3, 4);Idle;(4, 4);False;1;14
;(3, 4);Idle;(4, 4);False;1;15
;(3, 4);Idle;(4, 4);False;1;16
;(3, 4);Idle;(4, 4);False;1;17
;(3, 4);Idle;(4, 4);False;1;18
;(3, 4);Idle;(4, 4);False;1;19
;(3, 4);Idle;(4, 4);False;1;20
;(3, 4);Idle;(4, 4);False;1;21
;(3, 4);Idle;(4, 4);False;1;22
;(3, 4);Idle;(4, 4);False;1;23
;(3, 4);Idle;(4, 4);False;1;24
;(3, 4);Idle;(4, 4);False;1;25
;(3, 4);Idle;(4, 4);False;1;26
;(3, 4);Idle;(4, 4);False;1;27
;(3, 4);Idle;(4, 4);False;1;28
;(3, 4);Idle;(4, 4);False;1;29
;(3, 4);Idle;(4, 4);False;1;30
;(3, 4);Idle;(4, 4);False;1;31
;(3, 4);Idle;(4, 4);False;1;32
;(3, 4);Idle;(4, 4);False;1;33
;(3, 4);Idle;(4, 4);False;1;34
;(3, 4);Idle;(4, 4);False;1;35
;(3, 4);Idle;(4, 4);False;1;36
;(3, 4);Idle;(4, 4);False;1;37
;(3, 4);Idle;(4, 4);False;1;38
;(3, 4);Idle;(4, 4);False;1;39
;(3, 4);Idle;(4, 4);False;1;40
;(3, 4);Idle;(4, 4);False;1;41
;(3, 4);Idle;(4, 4);False;1;42
;(3, 4);Idle;(4, 4);False;1;43
;(3, 4);Idle;(4, 4);False;1;44
;(3, 4);Idle;(4, 4);False;1;45
;(3, 4);Idle;(4, 4);False;1;46
;(3, 4);Idle;(4, 4);False;1;47
;(3, 4);Idle;(4, 4);False;1;48
;(3, 4);Idle;(4, 4);False;1;49
;(3, 4);Idle;(4, 4);False;1;50
;(3, 4);Idle;(4, 4);False;1;51
;(3, 4);Idle;(4, 4);False;1;52
;(3, 4);Idle;(4, 4);False;1;53
;(3, 4);Idle;(4, 4);False;1;54
;(3, 4);Idle;(4, 4);False;1;55
;(3, 4);Idle;(4, 4);False;1;56
;(3, 4);;(4, 4);False;1;57
;(3, 4);MoveSouthEast;(4, 4);False;1;58
;(3, 4);MoveSouthEast;(4, 4);False;1;59
;(3, 4);MoveSouthEast;(4, 4);False;1;60
;(3, 4);MoveSouthEast;(4, 4);False;1;61
;(3, 4);MoveSouthEast;(4, 4);False;1;62
;(3, 4);MoveSouthEast;(4, 4);False;1;63
;(3, 4);MoveSouthEast;(4, 4);False;1;64
;(3, 4);MoveSouthEast;(4, 4);False;1;65
MoveNorth;(3, 3);MoveSouthEast;(4, 4);False;1;66
;(3, 3);MoveSouthEast;(4, 4);False;1;67
;(3, 3);MoveSouthEast;(5, 5);False;1;68
;(3, 3);MoveEast;(5, 5);False;1;69
;(3, 3);MoveEast;(5, 5);False;1;70
;(3, 3);MoveEast;(5, 5);False;1;71
;(3, 3);MoveEast;(5, 5);False;1;72
MoveNorth;(3, 2);MoveEast;(5, 5);False;1;73
;(3, 2);MoveEast;(5, 5);False;1;74
;(3, 2);MoveEast;(5, 5);False;1;75
;(3, 2);MoveEast;(5, 5);False;1;76
;(3, 2);MoveEast;(5, 5);False;1;77
;(3, 2);MoveEast;(5, 5);False;1;78
;(3, 2);MoveEast;(6, 5);False;1;79
;(3, 2);MoveSouthEast;(6, 5);False;1;80
;(3, 2);MoveSouthEast;(6, 5);False;1;81
;(3, 2);MoveSouthEast;(6, 5);False;1;82
;(3, 2);MoveSouthEast;(6, 5);False;1;83
;(3, 2);MoveSouthEast;(6, 5);False;1;84
;(3, 2);MoveSouthEast;(6, 5);False;1;85
;(3, 2);MoveSouthEast;(6, 5);False;1;86
;(3, 2);MoveSouthEast;(6, 5);False;1;87
;(3, 2);MoveSouthEast;(6, 5);False;1;88
;(3, 2);MoveSouthEast;(6, 5);False;1;89
;(3, 2);MoveSouthEast;(7, 6);False;1;90
;(3, 2);GrabLargeObject;(7, 6);False;1;91
;(3, 2);GrabLargeObject;(7, 6);False;1;92
;(3, 2);GrabLargeObject;(7, 6);False;1;93
;(3, 2);GrabLargeObject;(7, 6);False;1;94
;(3, 2);GrabLargeObject;(7, 6);False;1;95
;(3, 2);GrabLargeObject;(7, 6);False;1;96
;(3, 2);GrabLargeObject;(7, 6);False;1;97
;(3, 2);GrabLargeObject;(7, 6);False;1;98
;(3, 2);GrabLargeObject;(7, 6);False;1;99
;(3, 2);GrabLargeObject;(7, 6);False;1;100
;(3, 2);GrabLargeObject;(7, 6);False;1;101
;(3, 2);;(7, 6);False;1;102
;(3, 2);MoveEast;(7, 6);False;1;103
MoveSouth;(3, 3);MoveEast;(7, 6);False;1;104
;(3, 3);MoveEast;(7, 6);False;1;105
;(3, 3);MoveEast;(7, 6);False;1;106
;(3, 3);MoveEast;(7, 6);False;1;107
;(3, 3);MoveEast;(7, 6);False;1;108
MoveSouth;(3, 4);MoveEast;(7, 6);False;1;109
;(3, 4);MoveEast;(7, 6);False;1;110
;(3, 4);MoveEast;(7, 6);False;1;111
;(3, 4);MoveEast;(7, 6);False;1;112
;(3, 4);MoveEast;(8, 6);False;1;113
;(3, 4);MoveEast;(8, 6);False;1;114
;(3, 4);MoveEast;(8, 6);False;1;115
;(3, 4);MoveEast;(8, 6);False;1;116
;(3, 4);MoveEast;(8, 6);False;1;117
;(3, 4);MoveEast;(8, 6);False;1;118
;(3, 4);MoveEast;(8, 6);False;1;119
;(3, 4);MoveEast;(8, 6);False;1;120
MoveSouth;(3, 5);MoveEast;(8, 6);False;1;121
;(3, 5);MoveEast;(8, 6);False;1;122
;(3, 5);MoveEast;(8, 6);False;1;123
;(3, 5);MoveEast;(9, 6);False;1;124
;(3, 5);MoveWest;(9, 6);False;1;125
MoveSouth;(3, 6);MoveWest;(9, 6);False;1;126
;(3, 6);MoveWest;(9, 6);False;1;127
;(3, 6);MoveWest;(9, 6);False;1;128
;(3, 6);MoveWest;(9, 6);False;1;129
MoveSouth;(3, 7);MoveWest;(9, 6);False;1;130
;(3, 7);MoveWest;(9, 6);False;1;131
;(3, 7);MoveWest;(9, 6);False;1;132
;(3, 7);MoveWest;(9, 6);False;1;133
MoveSouth;(3, 8);MoveWest;(9, 6);False;1;134
;(3, 8);MoveWest;(8, 6);False;1;135
;(3, 8);MoveWest;(8, 6);False;1;136
;(3, 8);MoveWest;(8, 6);False;1;137
MoveSouth;(3, 9);MoveWest;(8, 6);False;1;138
;(3, 9);MoveWest;(8, 6);False;1;139
;(3, 9);MoveWest;(8, 6);False;1;140
;(3, 9);MoveWest;(8, 6);False;1;141
;(3, 9);MoveWest;(8, 6);False;1;142
;(3, 9);MoveWest;(8, 6);False;1;143
MoveSouth;(3, 10);MoveWest;(8, 6);False;1;144
;(3, 10);MoveWest;(8, 6);False;1;145
;(3, 10);MoveWest;(7, 6);False;1;146
;(3, 10);MoveEast;(7, 6);False;1;147
;(3, 10);MoveEast;(7, 6);False;1;148
;(3, 10);MoveEast;(7, 6);False;1;149
;(3, 10);MoveEast;(7, 6);False;1;150
;(3, 10);MoveEast;(7, 6);False;1;151
MoveEast;(4, 10);MoveEast;(7, 6);False;1;152
;(4, 10);MoveEast;(7, 6);False;1;153
;(4, 10);MoveEast;(7, 6);False;1;154
;(4, 10);MoveEast;(7, 6);False;1;155
;(4, 10);MoveEast;(7, 6);False;1;156
;(4, 10);MoveEast;(8, 6);False;1;157
MoveEast;(5, 10);MoveEast;(8, 6);False;1;158
;(5, 10);MoveEast;(8, 6);False;1;159
;(5, 10);MoveEast;(8, 6);False;1;160
;(5, 10);MoveEast;(8, 6);False;1;161
;(5, 10);MoveEast;(8, 6);False;1;162
;(5, 10);MoveEast;(8, 6);False;1;163
;(5, 10);MoveEast;(8, 6);False;1;164
;(5, 10);MoveEast;(8, 6);False;1;165
;(5, 10);MoveEast;(8, 6);False;1;166
MoveEast;(6, 10);MoveEast;(8, 6);False;1;167
;(6, 10);MoveEast;(9, 6);False;1;168
;(6, 10);MoveWest;(9, 6);False;1;169
;(6, 10);MoveWest;(9, 6);False;1;170
;(6, 10);MoveWest;(9, 6);False;1;171
;(6, 10);MoveWest;(9, 6);False;1;172
;(6, 10);MoveWest;(9, 6);False;1;173
;(6, 10);MoveWest;(9, 6);False;1;174
;(6, 10);MoveWest;(9, 6);False;1;175
;(6, 10);MoveWest;(9, 6);False;1;176
;(6, 10);MoveWest;(9, 6);False;1;177
;(6, 10);MoveWest;(9, 6);False;1;178
;(6, 10);MoveWest;(8, 6);False;1;179
;(6, 10);MoveWest;(8, 6);False;1;180
;(6, 10);MoveWest;(8, 6);False;1;181
;(6, 10);MoveWest;(8, 6);False;1;182
;(6, 10);MoveWest;(8, 6);False;1;183
;(6, 10);MoveWest;(8, 6);False;1;184
;(6, 10);MoveWest;(8, 6);False;1;185
;(6, 10);MoveWest;(8, 6);False;1;186
;(6, 10);MoveWest;(8, 6);False;1;187
;(6, 10);MoveWest;(8, 6);False;1;188
;(6, 10);MoveWest;(8, 6);False;1;189
;(6, 10);MoveWest;(7, 6);False;1;190
;(6, 10);MoveEast;(7, 6);False;1;191
;(6, 10);MoveEast;(7, 6);False;1;192
;(6, 10);MoveEast;(7, 6);False;1;193
;(6, 10);MoveEast;(7, 6);False;1;194
;(6, 10);MoveEast;(7, 6);False;1;195
;(6, 10);MoveEast;(7, 6);False;1;196
;(6, 10);MoveEast;(7, 6);False;1;197
;(6, 10);MoveEast;(7, 6);False;1;198
;(6, 10);MoveEast;(7, 6);False;1;199
;(6, 10);MoveEast;(7, 6);False;1;200
;(6, 10);MoveEast;(8, 6);False;1;201
;(6, 10);MoveEast;(8, 6);False;1;202
;(6, 10);MoveEast;(8, 6);False;1;203
;(6, 10);MoveEast;(8, 6);False;1;204
;(6, 10);MoveEast;(8, 6);False;1;205
MoveWest;(5, 10);MoveEast;(8, 6);False;1;206
;(5, 10);MoveEast;(8, 6);False;1;207
;(5, 10);MoveEast;(8, 6);False;1;208
;(5, 10);MoveEast;(8, 6);False;1;209
;(5, 10);MoveEast;(8, 6);False;1;210
;(5, 10);MoveEast;(8, 6);False;1;211
;(5, 10);MoveEast;(9, 6);False;1;212
;(5, 10);MoveWest;(9, 6);False;1;213
;(5, 10);MoveWest;(9, 6);False;1;214
MoveEast;(6, 10);MoveWest;(9, 6);False;1;215
;(6, 10);MoveWest;(9, 6);False;1;216
;(6, 10);MoveWest;(9, 6);False;1;217
;(6, 10);MoveWest;(9, 6);False;1;218
;(6, 10);MoveWest;(9, 6);False;1;219
;(6, 10);MoveWest;(9, 6);False;1;220
;(6, 10);MoveWest;(9, 6);False;1;221
;(6, 10);MoveWest;(9, 6);False;1;222
;(6, 10);MoveWest;(8, 6);False;1;223
;(6, 10);MoveWest;(8, 6);False;1;224
;(6, 10);MoveWest;(8, 6);False;1;225
;(6, 10);MoveWest;(8, 6);False;1;226
;(6, 10);MoveWest;(8, 6);False;1;227
;(6, 10);MoveWest;(8, 6);False;1;228
;(6, 10);MoveWest;(8, 6);False;1;229
;(6, 10);MoveWest;(8, 6);False;1;230
;(6, 10);MoveWest;(8, 6);False;1;231
;(6, 10);MoveWest;(8, 6);False;1;232
;(6, 10);MoveWest;(8, 6);False;1;233
;(6, 10);MoveWest;(7, 6);False;1;234
;(6, 10);;(7, 6);False;1;235
;(6, 10);MoveWest;(7, 6);False;1;236
;(6, 10);MoveWest;(7, 6);False;1;237
;(6, 10);MoveWest;(7, 6);False;1;238
;(6, 10);MoveWest;(7, 6);False;1;239
;(6, 10);MoveWest;(7, 6);False;1;240
MoveWest;(5, 10);MoveWest;(7, 6);False;1;241
;(5, 10);MoveWest;(7, 6);False;1;242
;(5, 10);MoveWest;(7, 6);False;1;243
;(5, 10);MoveWest;(7, 6);False;1;244
;(5, 10);MoveWest;(7, 6);False;1;245
;(5, 10);MoveWest;(6, 6);False;1;246
;(5, 10);MoveWest;(6, 6);False;1;247
;(5, 10);MoveWest;(6, 6);False;1;248
;(5, 10);MoveWest;(6, 6);False;1;249
MoveEast;(6, 10);MoveWest;(6, 6);False;1;250
;(6, 10);MoveWest;(6, 6);False;1;251
;(6, 10);MoveWest;(6, 6);False;1;252
;(6, 10);MoveWest;(6, 6);False;1;253
;(6, 10);MoveWest;(6, 6);False;1;254
;(6, 10);MoveWest;(6, 6);False;1;255
;(6, 10);MoveWest;(6, 6);False;1;256
;(6, 10);MoveWest;(5, 6);False;1;257
;(6, 10);MoveNorthWest;(5, 6);False;1;258
;(6, 10);MoveNorthWest;(5, 6);False;1;259
;(6, 10);MoveNorthWest;(5, 6);False;1;260
;(6, 10);MoveNorthWest;(5, 6);False;1;261
;(6, 10);MoveNorthWest;(5, 6);False;1;262
;(6, 10);MoveNorthWest;(5, 6);False;1;263
;(6, 10);MoveNorthWest;(5, 6);False;1;264
;(6, 10);MoveNorthWest;(5, 6);False;1;265
;(6, 10);MoveNorthWest;(5, 6);False;1;266
;(6, 10);MoveNorthWest;(5, 6);False;1;267
MoveNorth;(6, 9);MoveNorthWest;(4, 5);False;1;268
;(6, 9);MoveWest;(4, 5);False;1;269
;(6, 9);MoveWest;(4, 5);False;1;270
;(6, 9);MoveWest;(4, 5);False;1;271
;(6, 9);MoveWest;(4, 5);False;1;272
;(6, 9);MoveWest;(4, 5);False;1;273
;(6, 9);MoveWest;(4, 5);False;1;274
;(6, 9);MoveWest;(4, 5);False;1;275
;(6, 9);MoveWest;(4, 5);False;1;276
;(6, 9);MoveWest;(4, 5);False;1;277
;(6, 9);MoveWest;(4, 5);False;1;278
;(6, 9);MoveWest;(3, 5);False;1;279
;(6, 9);MoveNorthWest;(3, 5);False;1;280
;(6, 9);MoveNorthWest;(3, 5);False;1;281
;(6, 9);MoveNorthWest;(3, 5);False;1;282
MoveSouth;(6, 10);MoveNorthWest;(3, 5);False;1;283
;(6, 10);MoveNorthWest;(3, 5);False;1;284
;(6, 10);MoveNorthWest;(3, 5);False;1;285
;(6, 10);MoveNorthWest;(3, 5);False;1;286
;(6, 10);MoveNorthWest;(3, 5);False;1;287
;(6, 10);MoveNorthWest;(3, 5);False;1;288
;(6, 10);MoveNorthWest;(3, 5);False;1;289
;(6, 10);MoveNorthWest;(2, 4);False;1;290
;(6, 10);MoveWest;(2, 4);False;1;291
;(6, 10);MoveWest;(2, 4);False;1;292
;(6, 10);MoveWest;(2, 4);False;1;293
;(6, 10);MoveWest;(2, 4);False;1;294
;(6, 10);MoveWest;(2, 4);False;1;295
;(6, 10);MoveWest;(2, 4);False;1;296
;(6, 10);MoveWest;(2, 4);False;1;297
;(6, 10);MoveWest;(2, 4);False;1;298
;(6, 10);MoveWest;(2, 4);False;1;299
;(6, 10);MoveWest;(2, 4);False;1;300
;(6, 10);MoveWest;(1, 4);False;1;301
;(6, 10);DropLargeObject;(1, 4);False;1;302
;(6, 10);DropLargeObject;(1, 4);False;1;303
;(6, 10);DropLargeObject;(1, 4);False;1;304
;(6, 10);DropLargeObject;(1, 4);False;1;305
;(6, 10);DropLargeObject;(1, 4);False;1;306
;(6, 10);DropLargeObject;(1, 4);False;1;307
;(6, 10);DropLargeObject;(1, 4);False;1;308
MoveWest;(5, 10);DropLargeObject;(1, 4);False;1;309
;(5, 10);DropLargeObject;(1, 4);False;1;310
;(5, 10);DropLargeObject;(1, 4);False;1;311
;(5, 10);DropLargeObject;(1, 4);False;1;312
;(5, 10);;(1, 4);False;1;313
;(5, 10);MoveEast;(1, 4);False;1;314
;(5, 10);MoveEast;(1, 4);False;1;315
;(5, 10);MoveEast;(1, 4);False;1;316
;(5, 10);MoveEast;(1, 4);False;1;317
;(5, 10);MoveEast;(1, 4);False;1;318
;(5, 10);MoveEast;(1, 4);False;1;319
;(5, 10);MoveEast;(1, 4);False;1;320
;(5, 10);MoveEast;(1, 4);False;1;321
;(5, 10);MoveEast;(1, 4);False;1;322
;(5, 10);MoveEast;(1, 4);False;1;323
;(5, 10);MoveEast;(2, 4);False;1;324
MoveEast;(6, 10);MoveEast;(2, 4);False;1;325
;(6, 10);MoveEast;(2, 4);False;1;326
;(6, 10);MoveEast;(2, 4);False;1;327
;(6, 10);MoveEast;(2, 4);False;1;328
;(6, 10);MoveEast;(2, 4);False;1;329
;(6, 10);MoveEast;(2, 4);False;1;330
;(6, 10);MoveEast;(2, 4);False;1;331
;(6, 10);MoveEast;(2, 4);False;1;332
;(6, 10);MoveEast;(2, 4);False;1;333
MoveEast;(7, 10);MoveEast;(2, 4);False;1;334
;(7, 10);MoveEast;(3, 4);False;1;335
;(7, 10);MoveEast;(3, 4);False;1;336
;(7, 10);MoveEast;(3, 4);False;1;337
;(7, 10);MoveEast;(3, 4);False;1;338
;(7, 10);MoveEast;(3, 4);False;1;339
;(7, 10);MoveEast;(3, 4);False;1;340
MoveNorth;(7, 9);MoveEast;(3, 4);False;1;341
;(7, 9);MoveEast;(3, 4);False;1;342
;(7, 9);MoveEast;(3, 4);False;1;343
;(7, 9);MoveEast;(3, 4);False;1;344
MoveNorth;(7, 8);MoveEast;(3, 4);False;1;345
;(7, 8);MoveEast;(4, 4);False;1;346
;(7, 8);MoveEast;(4, 4);False;1;347
;(7, 8);MoveEast;(4, 4);False;1;348
;(7, 8);MoveEast;(4, 4);False;1;349
MoveNorth;(7, 7);MoveEast;(4, 4);False;1;350
;(7, 7);MoveEast;(4, 4);False;1;351
;(7, 7);MoveEast;(4, 4);False;1;352
;(7, 7);MoveEast;(4, 4);False;1;353
;(7, 7);MoveEast;(4, 4);False;1;354
;(7, 7);MoveEast;(4, 4);False;1;355
;(7, 7);MoveEast;(4, 4);False;1;356
;(7, 7);MoveEast;(5, 4);False;1;357
;(7, 7);MoveEast;(5, 4);False;1;358
;(7, 7);MoveEast;(5, 4);False;1;359
;(7, 7);MoveEast;(5, 4);False;1;360
;(7, 7);MoveEast;(5, 4);False;1;361
;(7, 7);MoveEast;(5, 4);False;1;362
;(7, 7);MoveEast;(5, 4);False;1;363
MoveWest;(6, 7);MoveEast;(5, 4);False;1;364
;(6, 7);MoveEast;(5, 4);False;1;365
;(6, 7);MoveEast;(5, 4);False;1;366
;(6, 7);MoveEast;(5, 4);False;1;367
;(6, 7);MoveEast;(6, 4);False;1;368
;(6, 7);MoveEast;(6, 4);False;1;369
;(6, 7);MoveEast;(6, 4);False;1;370
;(6, 7);MoveEast;(6, 4);False;1;371
;(6, 7);MoveEast;(6, 4);False;1;372
;(6, 7);MoveEast;(6, 4);False;1;373
;(6, 7);MoveEast;(6, 4);False;1;374
;(6, 7);MoveEast;(6, 4);False;1;375
;(6, 7);MoveEast;(6, 4);False;1;376
MoveSouth;(6, 8);MoveEast;(6, 4);False;1;377
;(6, 8);MoveEast;(6, 4);False;1;378
;(6, 8);MoveEast;(7, 4);False;1;379
;(6, 8);MoveEast;(7, 4);False;1;380
MoveEast;(7, 8);MoveEast;(7, 4);False;1;381
;(7, 8);MoveEast;(7, 4);False;1;382
;(7, 8);MoveEast;(7, 4);False;1;383
;(7, 8);MoveEast;(7, 4);False;1;384
;(7, 8);MoveEast;(7, 4);False;1;385
;(7, 8);MoveEast;(7, 4);False;1;386
;(7, 8);MoveEast;(7, 4);False;1;387
;(7, 8);MoveEast;(7, 4);False;1;388
;(7, 8);MoveEast;(7, 4);False;1;389
;(7, 8);MoveEast;(8, 4);False;1;390
;(7, 8);MoveEast;(8, 4);False;1;391
;(7, 8);MoveEast;(8, 4);False;1;392
;(7, 8);MoveEast;(8, 4);False;1;393
;(7, 8);MoveEast;(8, 4);False;1;394
;(7, 8);MoveEast;(8, 4);False;1;395
;(7, 8);MoveEast;(8, 4);False;1;396
;(7, 8);MoveEast;(8, 4);False;1;397
;(7, 8);MoveEast;(8, 4);False;1;398
;(7, 8);MoveEast;(8, 4);False;1;399
;(7, 8);MoveEast;(8, 4);False;1;400
;(7, 8);MoveEast;(9, 4);False;1;401
;(7, 8);MoveEast;(9, 4);False;1;402
;(7, 8);MoveEast;(9, 4);False;1;403
;(7, 8);MoveEast;(9, 4);False;1;404
;(7, 8);MoveEast;(9, 4);False;1;405
;(7, 8);MoveEast;(9, 4);False;1;406
;(7, 8);MoveEast;(9, 4);False;1;407
;(7, 8);MoveEast;(9, 4);False;1;408
;(7, 8);MoveEast;(9, 4);False;1;409
;(7, 8);MoveEast;(9, 4);False;1;410
;(7, 8);MoveEast;(9, 4);False;1;411
;(7, 8);MoveEast;(10, 4);False;1;412
;(7, 8);MoveNorthEast;(10, 4);False;1;413
;(7, 8);MoveNorthEast;(10, 4);False;1;414
;(7, 8);MoveNorthEast;(10, 4);False;1;415
;(7, 8);MoveNorthEast;(10, 4);False;1;416
;(7, 8);MoveNorthEast;(10, 4);False;1;417
;(7, 8);MoveNorthEast;(10, 4);False;1;418
;(7, 8);MoveNorthEast;(10, 4);False;1;419
;(7, 8);MoveNorthEast;(10, 4);False;1;420
;(7, 8);MoveNorthEast;(10, 4);False;1;421
;(7, 8);MoveNorthEast;(10, 4);False;1;422
;(7, 8);MoveNorthEast;(11, 3);False;1;423
;(7, 8);MoveEast;(11, 3);False;1;424
;(7, 8);MoveEast;(11, 3);False;1;425
;(7, 8);MoveEast;(11, 3);False;1;426
;(7, 8);MoveEast;(11, 3);False;1;427
;(7, 8);MoveEast;(11, 3);False;1;428
;(7, 8);MoveEast;(11, 3);False;1;429
;(7, 8);MoveEast;(11, 3);False;1;430
;(7, 8);MoveEast;(11, 3);False;1;431
;(7, 8);MoveEast;(11, 3);False;1;432
;(7, 8);MoveEast;(11, 3);False;1;433
MoveEast;(8, 8);MoveEast;(12, 3);False;1;434
;(8, 8);GrabObject;(12, 3);False;1;435
;(8, 8);GrabObject;(12, 3);False;1;436
;(8, 8);GrabObject;(12, 3);False;1;437
;(8, 8);GrabObject;(12, 3);False;1;438
;(8, 8);GrabObject;(12, 3);False;1;439
;(8, 8);GrabObject;(12, 3);False;1;440
;(8, 8);GrabObject;(12, 3);False;1;441
MoveWest;(7, 8);GrabObject;(12, 3);False;1;442
;(7, 8);GrabObject;(12, 3);False;1;443
;(7, 8);GrabObject;(12, 3);False;1;444
;(7, 8);GrabObject;(12, 3);False;1;445
;(7, 8);;(12, 3);False;1;446
;(7, 8);MoveSouthWest;(12, 3);False;1;447
;(7, 8);MoveSouthWest;(12, 3);False;1;448
;(7, 8);MoveSouthWest;(12, 3);False;1;449
;(7, 8);MoveSouthWest;(12, 3);False;1;450
;(7, 8);MoveSouthWest;(12, 3);False;1;451
;(7, 8);MoveSouthWest;(12, 3);False;1;452
;(7, 8);MoveSouthWest;(12, 3);False;1;453
;(7, 8);MoveSouthWest;(12, 3);False;1;454
;(7, 8);MoveSouthWest;(12, 3);False;1;455
;(7, 8);MoveSouthWest;(12, 3);False;1;456
;(7, 8);MoveSouthWest;(11, 4);False;1;457
;(7, 8);MoveSouthWest;(11, 4);False;1;458
;(7, 8);MoveSouthWest;(11, 4);False;1;459
;(7, 8);MoveSouthWest;(11, 4);False;1;460
;(7, 8);MoveSouthWest;(11, 4);False;1;461
;(7, 8);MoveSouthWest;(11, 4);False;1;462
;(7, 8);MoveSouthWest;(11, 4);False;1;463
;(7, 8);MoveSouthWest;(11, 4);False;1;464
;(7, 8);MoveSouthWest;(11, 4);False;1;465
;(7, 8);MoveSouthWest;(11, 4);False;1;466
;(7, 8);MoveSouthWest;(11, 4);False;1;467
;(7, 8);MoveSouthWest;(10, 5);False;1;468
MoveWest;(6, 8);MoveSouthWest;(10, 5);False;1;469
;(6, 8);MoveSouthWest;(10, 5);False;1;470
;(6, 8);MoveSouthWest;(10, 5);False;1;471
;(6, 8);MoveSouthWest;(10, 5);False;1;472
;(6, 8);MoveSouthWest;(10, 5);False;1;473
;(6, 8);MoveSouthWest;(10, 5);False;1;474
;(6, 8);MoveSouthWest;(10, 5);False;1;475
;(6, 8);MoveSouthWest;(10, 5);False;1;476
MoveEast;(7, 8);MoveSouthWest;(10, 5);False;1;477
;(7, 8);MoveSouthWest;(10, 5);False;1;478
;(7, 8);MoveSouthWest;(9, 6);False;1;479
;(7, 8);MoveSouthWest;(9, 6);False;1;480
;(7, 8);MoveSouthWest;(9, 6);False;1;481
;(7, 8);MoveSouthWest;(9, 6);False;1;482
;(7, 8);MoveSouthWest;(9, 6);False;1;483
;(7, 8);MoveSouthWest;(9, 6);False;1;484
;(7, 8);MoveSouthWest;(9, 6);False;1;485
;(7, 8);MoveSouthWest;(9, 6);False;1;486
;(7, 8);MoveSouthWest;(9, 6);False;1;487
;(7, 8);MoveSouthWest;(9, 6);False;1;488
;(7, 8);MoveSouthWest;(9, 6);False;1;489
;(7, 8);MoveSouthWest;(8, 7);False;1;490
;(7, 8);MoveSouthWest;(8, 7);False;1;491
;(7, 8);MoveSouthWest;(8, 7);False;1;492
;(7, 8);MoveSouthWest;(8, 7);False;1;493
;(7, 8);MoveSouthWest;(8, 7);False;1;494
;(7, 8);MoveSouthWest;(8, 7);False;1;495
;(7, 8);MoveSouthWest;(8, 7);False;1;496
;(7, 8);MoveSouthWest;(8, 7);False;1;497
;(7, 8);MoveSouthWest;(8, 7);False;1;498
;(7, 8);MoveSouthWest;(8, 7);False;1;499
;(7, 8);MoveSouthWest;(8, 7);False;1;500
;(7, 8);MoveSouthWest;(7, 8);False;1;501
;(7, 8);Idle;(7, 8);False;1;502
;(7, 8);Idle;(7, 8);False;1;503
MoveEast;(8, 8);Idle;(7, 8);False;1;504
;(8, 8);Idle;(7, 8);False;1;505
;(8, 8);Idle;(7, 8);False;1;506
;(8, 8);Idle;(7, 8);False;1;507
;(8, 8);Idle;(7, 8);False;1;508
;(8, 8);Idle;(7, 8);False;1;509
MoveEast;(9, 8);Idle;(7, 8);False;1;510
;(9, 8);Idle;(7, 8);False;1;511
;(9, 8);Idle;(7, 8);False;1;512
MoveEast;(10, 8);Idle;(7, 8);False;1;513
;(10, 8);Idle;(7, 8);False;1;514
;(10, 8);Idle;(7, 8);False;1;515
;(10, 8);Idle;(7, 8);False;1;516
MoveEast;(11, 8);Idle;(7, 8);False;1;517
;(11, 8);Idle;(7, 8);False;1;518
;(11, 8);Idle;(7, 8);False;1;519
;(11, 8);Idle;(7, 8);False;1;520
MoveEast;(12, 8);Idle;(7, 8);False;1;521
;(12, 8);Idle;(7, 8);False;1;522
;(12, 8);Idle;(7, 8);False;1;523
;(12, 8);Idle;(7, 8);False;1;524
MoveEast;(13, 8);Idle;(7, 8);False;1;525
;(13, 8);Idle;(7, 8);False;1;526
;(13, 8);Idle;(7, 8);False;1;527
;(13, 8);Idle;(7, 8);False;1;528
;(13, 8);Idle;(7, 8);False;1;529
;(13, 8);Idle;(7, 8);False;1;530
;(13, 8);Idle;(7, 8);False;1;531
MoveSouth;(13, 9);Idle;(7, 8);False;1;532
;(13, 9);Idle;(7, 8);False;1;533
;(13, 9);Idle;(7, 8);False;1;534
;(13, 9);Idle;(7, 8);False;1;535
;(13, 9);Idle;(7, 8);False;1;536
;(13, 9);Idle;(7, 8);False;1;537
;(13, 9);Idle;(7, 8);False;1;538
;(13, 9);Idle;(7, 8);False;1;539
;(13, 9);Idle;(7, 8);False;1;540
;(13, 9);Idle;(7, 8);False;1;541
;(13, 9);Idle;(7, 8);False;1;542
;(13, 9);Idle;(7, 8);False;1;543
;(13, 9);Idle;(7, 8);False;1;544
;(13, 9);Idle;(7, 8);False;1;545
;(13, 9);Idle;(7, 8);False;1;546
;(13, 9);Idle;(7, 8);False;1;547
;(13, 9);Idle;(7, 8);False;1;548
;(13, 9);Idle;(7, 8);False;1;549
;(13, 9);Idle;(7, 8);False;1;550
;(13, 9);Idle;(7, 8);False;1;551
;(13, 9);Idle;(7, 8);False;1;552
;(13, 9);Idle;(7, 8);False;1;553
;(13, 9);Idle;(7, 8);False;1;554
;(13, 9);Idle;(7, 8);False;1;555
;(13, 9);Idle;(7, 8);False;1;556
;(13, 9);;(7, 8);False;1;557
;(13, 9);Idle;(7, 8);False;1;558
;(13, 9);Idle;(7, 8);False;1;559
;(13, 9);Idle;(7, 8);False;1;560
;(13, 9);Idle;(7, 8);False;1;561
;(13, 9);Idle;(7, 8);False;1;562
;(13, 9);Idle;(7, 8);False;1;563
;(13, 9);Idle;(7, 8);False;1;564
;(13, 9);Idle;(7, 8);False;1;565
;(13, 9);Idle;(7, 8);False;1;566
;(13, 9);Idle;(7, 8);False;1;567
;(13, 9);Idle;(7, 8);False;1;568
;(13, 9);Idle;(7, 8);False;1;569
;(13, 9);Idle;(7, 8);False;1;570
;(13, 9);Idle;(7, 8);False;1;571
;(13, 9);Idle;(7, 8);False;1;572
;(13, 9);Idle;(7, 8);False;1;573
;(13, 9);Idle;(7, 8);False;1;574
;(13, 9);Idle;(7, 8);False;1;575
;(13, 9);Idle;(7, 8);False;1;576
;(13, 9);Idle;(7, 8);False;1;577
;(13, 9);Idle;(7, 8);False;1;578
;(13, 9);Idle;(7, 8);False;1;579
;(13, 9);Idle;(7, 8);False;1;580
;(13, 9);Idle;(7, 8);False;1;581
;(13, 9);Idle;(7, 8);False;1;582
;(13, 9);Idle;(7, 8);False;1;583
;(13, 9);Idle;(7, 8);False;1;584
;(13, 9);Idle;(7, 8);False;1;585
;(13, 9);Idle;(7, 8);False;1;586
;(13, 9);Idle;(7, 8);False;1;587
;(13, 9);Idle;(7, 8);False;1;588
;(13, 9);Idle;(7, 8);False;1;589
;(13, 9);Idle;(7, 8);False;1;590
;(13, 9);Idle;(7, 8);False;1;591
;(13, 9);Idle;(7, 8);False;1;592
;(13, 9);Idle;(7, 8);False;1;593
;(13, 9);Idle;(7, 8);False;1;594
;(13, 9);Idle;(7, 8);False;1;595
;(13, 9);Idle;(7, 8);False;1;596
;(13, 9);Idle;(7, 8);False;1;597
;(13, 9);Idle;(7, 8);False;1;598
;(13, 9);Idle;(7, 8);False;1;599
;(13, 9);Idle;(7, 8);False;1;600
;(13, 9);Idle;(7, 8);False;1;601
;(13, 9);Idle;(7, 8);False;1;602
;(13, 9);Idle;(7, 8);False;1;603
;(13, 9);Idle;(7, 8);False;1;604
;(13, 9);Idle;(7, 8);False;1;605
;(13, 9);Idle;(7, 8);False;1;606
;(13, 9);Idle;(7, 8);False;1;607
;(13, 9);Idle;(7, 8);False;1;608
;(13, 9);Idle;(7, 8);False;1;609
;(13, 9);Idle;(7, 8);False;1;610
;(13, 9);Idle;(7, 8);False;1;611
;(13, 9);Idle;(7, 8);False;1;612
;(13, 9);;(7, 8);False;1;613
;(13, 9);MoveEast;(7, 8);False;1;614
;(13, 9);MoveEast;(7, 8);False;1;615
;(13, 9);MoveEast;(7, 8);False;1;616
;(13, 9);MoveEast;(7, 8);False;1;617
;(13, 9);MoveEast;(7, 8);False;1;618
;(13, 9);MoveEast;(7, 8);False;1;619
;(13, 9);MoveEast;(7, 8);False;1;620
;(13, 9);MoveEast;(7, 8);False;1;621
;(13, 9);MoveEast;(7, 8);False;1;622
;(13, 9);MoveEast;(7, 8);False;1;623
;(13, 9);MoveEast;(8, 8);False;1;624
;(13, 9);MoveEast;(8, 8);False;1;625
;(13, 9);MoveEast;(8, 8);False;1;626
;(13, 9);MoveEast;(8, 8);False;1;627
;(13, 9);MoveEast;(8, 8);False;1;628
;(13, 9);MoveEast;(8, 8);False;1;629
;(13, 9);MoveEast;(8, 8);False;1;630
;(13, 9);MoveEast;(8, 8);False;1;631
;(13, 9);MoveEast;(8, 8);False;1;632
;(13, 9);MoveEast;(8, 8);False;1;633
;(13, 9);MoveEast;(8, 8);False;1;634
;(13, 9);MoveEast;(9, 8);False;1;635
;(13, 9);MoveWest;(9, 8);False;1;636
;(13, 9);MoveWest;(9, 8);False;1;637
;(13, 9);MoveWest;(9, 8);False;1;638
;(13, 9);MoveWest;(9, 8);False;1;639
;(13, 9);MoveWest;(9, 8);False;1;640
;(13, 9);MoveWest;(9, 8);False;1;641
;(13, 9);MoveWest;(9, 8);False;1;642
;(13, 9);MoveWest;(9, 8);False;1;643
;(13, 9);MoveWest;(9, 8);False;1;644
;(13, 9);MoveWest;(9, 8);False;1;645
;(13, 9);MoveWest;(8, 8);False;1;646
;(13, 9);MoveWest;(8, 8);False;1;647
;(13, 9);MoveWest;(8, 8);False;1;648
;(13, 9);MoveWest;(8, 8);False;1;649
;(13, 9);MoveWest;(8, 8);False;1;650
;(13, 9);MoveWest;(8, 8);False;1;651
;(13, 9);MoveWest;(8, 8);False;1;652
;(13, 9);MoveWest;(8, 8);False;1;653
;(13, 9);MoveWest;(8, 8);False;1;654
;(13, 9);MoveWest;(8, 8);False;1;655
;(13, 9);MoveWest;(8, 8);False;1;656
;(13, 9);MoveWest;(7, 8);False;1;657
;(13, 9);MoveEast;(7, 8);False;1;658
;(13, 9);MoveEast;(7, 8);False;1;659
;(13, 9);MoveEast;(7, 8);False;1;660
MoveEast;(14, 9);MoveEast;(7, 8);False;1;661
;(14, 9);MoveEast;(7, 8);False;1;662
;(14, 9);MoveEast;(7, 8);False;1;663
;(14, 9);MoveEast;(7, 8);False;1;664
;(14, 9);MoveEast;(7, 8);False;1;665
;(14, 9);MoveEast;(7, 8);False;1;666
;(14, 9);MoveEast;(7, 8);False;1;667
;(14, 9);MoveEast;(8, 8);False;1;668
;(14, 9);MoveEast;(8, 8);False;1;669
MoveWest;(13, 9);MoveEast;(8, 8);False;1;670
;(13, 9);MoveEast;(8, 8);False;1;671
;(13, 9);MoveEast;(8, 8);False;1;672
;(13, 9);MoveEast;(8, 8);False;1;673
;(13, 9);MoveEast;(8, 8);False;1;674
;(13, 9);MoveEast;(8, 8);False;1;675
;(13, 9);MoveEast;(8, 8);False;1;676
;(13, 9);MoveEast;(8, 8);False;1;677
;(13, 9);MoveEast;(8, 8);False;1;678
;(13, 9);MoveEast;(9, 8);False;1;679
;(13, 9);MoveWest;(9, 8);False;1;680
;(13, 9);MoveWest;(9, 8);False;1;681
;(13, 9);MoveWest;(9, 8);False;1;682
;(13, 9);MoveWest;(9, 8);False;1;683
;(13, 9);MoveWest;(9, 8);False;1;684
;(13, 9);MoveWest;(9, 8);False;1;685
;(13, 9);MoveWest;(9, 8);False;1;686
;(13, 9);MoveWest;(9, 8);False;1;687
;(13, 9);MoveWest;(9, 8);False;1;688
;(13, 9);MoveWest;(9, 8);False;1;689
;(13, 9);MoveWest;(8, 8);False;1;690
MoveSouth;(13, 10);MoveWest;(8, 8);False;1;691
;(13, 10);MoveWest;(8, 8);False;1;692
;(13, 10);MoveWest;(8, 8);False;1;693
;(13, 10);MoveWest;(8, 8);False;1;694
;(13, 10);MoveWest;(8, 8);False;1;695
;(13, 10);MoveWest;(8, 8);False;1;696
;(13, 10);MoveWest;(8, 8);False;1;697
;(13, 10);MoveWest;(8, 8);False;1;698
;(13, 10);MoveWest;(8, 8);False;1;699
;(13, 10);MoveWest;(8, 8);False;1;700
;(13, 10);MoveWest;(7, 8);False;1;701
;(13, 10);MoveEast;(7, 8);False;1;702
MoveEast;(14, 10);MoveEast;(7, 8);False;1;703
;(14, 10);MoveEast;(7, 8);False;1;704
;(14, 10);MoveEast;(7, 8);False;1;705
;(14, 10);MoveEast;(7, 8);False;1;706
;(14, 10);MoveEast;(7, 8);False;1;707
;(14, 10);MoveEast;(7, 8);False;1;708
;(14, 10);MoveEast;(7, 8);False;1;709
MoveNorth;(14, 9);MoveEast;(7, 8);False;1;710
;(14, 9);MoveEast;(7, 8);False;1;711
;(14, 9);MoveEast;(8, 8);False;1;712
;(14, 9);MoveEast;(8, 8);False;1;713
;(14, 9);MoveEast;(8, 8);False;1;714
;(14, 9);MoveEast;(8, 8);False;1;715
MoveNorth;(14, 8);MoveEast;(8, 8);False;1;716
;(14, 8);MoveEast;(8, 8);False;1;717
;(14, 8);MoveEast;(8, 8);False;1;718
;(14, 8);MoveEast;(8, 8);False;1;719
;(14, 8);MoveEast;(8, 8);False;1;720
;(14, 8);MoveEast;(8, 8);False;1;721
;(14, 8);MoveEast;(8, 8);False;1;722
;(14, 8);MoveEast;(9, 8);False;1;723
;(14, 8);MoveWest;(9, 8);False;1;724
;(14, 8);MoveWest;(9, 8);False;1;725
;(14, 8);MoveWest;(9, 8);False;1;726
;(14, 8);MoveWest;(9, 8);False;1;727
;(14, 8);MoveWest;(9, 8);False;1;728
;(14, 8);MoveWest;(9, 8);False;1;729
;(14, 8);MoveWest;(9, 8);False;1;730
;(14, 8);MoveWest;(9, 8);False;1;731
;(14, 8);MoveWest;(9, 8);False;1;732
;(14, 8);MoveWest;(9, 8);False;1;733
;(14, 8);MoveWest;(8, 8);False;1;734
;(14, 8);MoveWest;(8, 8);False;1;735
;(14, 8);MoveWest;(8, 8);False;1;736
;(14, 8);MoveWest;(8, 8);False;1;737
;(14, 8);MoveWest;(8, 8);False;1;738
;(14, 8);MoveWest;(8, 8);False;1;739
;(14, 8);MoveWest;(8, 8);False;1;740
;(14, 8);MoveWest;(8, 8);False;1;741
;(14, 8);MoveWest;(8, 8);False;1;742
;(14, 8);MoveWest;(8, 8);False;1;743
;(14, 8);MoveWest;(8, 8);False;1;744
;(14, 8);MoveWest;(7, 8);False;1;745
;(14, 8);;(7, 8);False;1;746
;(14, 8);MoveNorthEast;(7, 8);False;1;747
;(14, 8);MoveNorthEast;(7, 8);False;1;748
;(14, 8);MoveNorthEast;(7, 8);False;1;749
MoveWest;(13, 8);MoveNorthEast;(7, 8);False;1;750
;(13, 8);MoveNorthEast;(7, 8);False;1;751
;(13, 8);MoveNorthEast;(7, 8);False;1;752
;(13, 8);MoveNorthEast;(7, 8);False;1;753
;(13, 8);MoveNorthEast;(7, 8);False;1;754
;(13, 8);MoveNorthEast;(7, 8);False;1;755
MoveWest;(12, 8);MoveNorthEast;(7, 8);False;1;756
;(12, 8);MoveNorthEast;(8, 7);False;1;757
;(12, 8);BreakObject;(8, 7);False;1;758
;(12, 8);BreakObject;(8, 7);False;1;759
MoveEast;(13, 8);BreakObject;(8, 7);False;1;760
;(13, 8);BreakObject;(8, 7);False;1;761
;(13, 8);BreakObject;(8, 7);False;1;762
;(13, 8);BreakObject;(8, 7);False;1;763
;(13, 8);BreakObject;(8, 7);False;1;764
;(13, 8);BreakObject;(8, 7);False;1;765
;(13, 8);BreakObject;(8, 7);False;1;766
;(13, 8);BreakObject;(8, 7);False;1;767
;(13, 8);BreakObject;(8, 7);False;1;768
;(13, 8);;(8, 7);False;1;769
;(13, 8);MoveEast;(8, 7);False;1;770
MoveWest;(12, 8);MoveEast;(8, 7);False;1;771
;(12, 8);MoveEast;(8, 7);False;1;772
;(12, 8);MoveEast;(8, 7);False;1;773
;(12, 8);MoveEast;(8, 7);False;1;774
;(12, 8);MoveEast;(8, 7);False;1;775
;(12, 8);MoveEast;(8, 7);False;1;776
MoveEast;(13, 8);MoveEast;(8, 7);False;1;777
;(13, 8);MoveEast;(8, 7);False;1;778
;(13, 8);MoveEast;(8, 7);False;1;779
;(13, 8);MoveEast;(9, 7);False;1;780
;(13, 8);MoveEast;(9, 7);False;1;781
;(13, 8);MoveEast;(9, 7);False;1;782
;(13, 8);MoveEast;(9, 7);False;1;783
;(13, 8);MoveEast;(9, 7);False;1;784
;(13, 8);MoveEast;(9, 7);False;1;785
MoveEast;(14, 8);MoveEast;(9, 7);False;1;786
;(14, 8);MoveEast;(9, 7);False;1;787
;(14, 8);MoveEast;(9, 7);False;1;788
;(14, 8);MoveEast;(9, 7);False;1;789
;(14, 8);MoveEast;(9, 7);False;1;790
;(14, 8);MoveEast;(10, 7);False;1;791
;(14, 8);MoveEast;(10, 7);False;1;792
;(14, 8);MoveEast;(10, 7);False;1;793
;(14, 8);MoveEast;(10, 7);False;1;794
;(14, 8);MoveEast;(10, 7);False;1;795
MoveSouth;(14, 9);MoveEast;(10, 7);False;1;796
;(14, 9);MoveEast;(10, 7);False;1;797
;(14, 9);MoveEast;(10, 7);False;1;798
;(14, 9);MoveEast;(10, 7);False;1;799
;(14, 9);MoveEast;(10, 7);False;1;800
;(14, 9);MoveEast;(10, 7);False;1;801
;(14, 9);MoveEast;(11, 7);False;1;802
;(14, 9);MoveEast;(11, 7);False;1;803
MoveWest;(13, 9);MoveEast;(11, 7);False;1;804
;(13, 9);MoveEast;(11, 7);False;1;805
;(13, 9);MoveEast;(11, 7);False;1;806
;(13, 9);MoveEast;(11, 7);False;1;807
;(13, 9);MoveEast;(11, 7);False;1;808
;(13, 9);MoveEast;(11, 7);False;1;809
;(13, 9);MoveEast;(11, 7);False;1;810
;(13, 9);MoveEast;(11, 7);False;1;811
;(13, 9);MoveEast;(11, 7);False;1;812
;(13, 9);MoveEast;(12, 7);False;1;813
;(13, 9);MoveSouthEast;(12, 7);False;1;814
;(13, 9);MoveSouthEast;(12, 7);False;1;815
;(13, 9);MoveSouthEast;(12, 7);False;1;816
;(13, 9);MoveSouthEast;(12, 7);False;1;817
;(13, 9);MoveSouthEast;(12, 7);False;1;818
;(13, 9);MoveSouthEast;(12, 7);False;1;819
;(13, 9);MoveSouthEast;(12, 7);False;1;820
;(13, 9);MoveSouthEast;(12, 7);False;1;821
;(13, 9);MoveSouthEast;(12, 7);False;1;822
;(13, 9);MoveSouthEast;(12, 7);False;1;823
;(13, 9);MoveSouthEast;(13, 8);False;1;824
MoveEast;(14, 9);Idle;(13, 8);False;1;825
;(14, 9);Idle;(13, 8);False;1;826
;(14, 9);Idle;(13, 8);False;1;827
;(14, 9);Idle;(13, 8);False;1;828
;(14, 9);Idle;(13, 8);False;1;829
;(14, 9);Idle;(13, 8);False;1;830
;(14, 9);Idle;(13, 8);False;1;831
;(14, 9);Idle;(13, 8);False;1;832
;(14, 9);Idle;(13, 8);False;1;833
;(14, 9);Idle;(13, 8);False;1;834
;(14, 9);Idle;(13, 8);False;1;835
;(14, 9);Idle;(13, 8);False;1;836
;(14, 9);Idle;(13, 8);False;1;837
;(14, 9);Idle;(13, 8);False;1;838
;(14, 9);Idle;(13, 8);False;1;839
;(14, 9);Idle;(13, 8);False;1;840
;(14, 9);Idle;(13, 8);False;1;841
;(14, 9);Idle;(13, 8);False;1;842
;(14, 9);Idle;(13, 8);False;1;843
;(14, 9);Idle;(13, 8);False;1;844
;(14, 9);Idle;(13, 8);False;1;845
;(14, 9);Idle;(13, 8);False;1;846
;(14, 9);Idle;(13, 8);False;1;847
;(14, 9);Idle;(13, 8);False;1;848
;(14, 9);Idle;(13, 8);False;1;849
;(14, 9);Idle;(13, 8);False;1;850
;(14, 9);Idle;(13, 8);False;1;851
;(14, 9);Idle;(13, 8);False;1;852
;(14, 9);Idle;(13, 8);False;1;853
;(14, 9);Idle;(13, 8);False;1;854
;(14, 9);Idle;(13, 8);False;1;855
;(14, 9);Idle;(13, 8);False;1;856
;(14, 9);Idle;(13, 8);False;1;857
;(14, 9);Idle;(13, 8);False;1;858
;(14, 9);Idle;(13, 8);False;1;859
;(14, 9);Idle;(13, 8);False;1;860
;(14, 9);Idle;(13, 8);False;1;861
;(14, 9);Idle;(13, 8);False;1;862
;(14, 9);Idle;(13, 8);False;1;863
;(14, 9);Idle;(13, 8);False;1;864
;(14, 9);Idle;(13, 8);False;1;865
;(14, 9);Idle;(13, 8);False;1;866
;(14, 9);Idle;(13, 8);False;1;867
;(14, 9);Idle;(13, 8);False;1;868
;(14, 9);Idle;(13, 8);False;1;869
;(14, 9);Idle;(13, 8);False;1;870
;(14, 9);Idle;(13, 8);False;1;871
;(14, 9);Idle;(13, 8);False;1;872
;(14, 9);Idle;(13, 8);False;1;873
;(14, 9);Idle;(13, 8);False;1;874
MoveWest;(13, 9);Idle;(13, 8);False;1;875
;(13, 9);Idle;(13, 8);False;1;876
;(13, 9);Idle;(13, 8);False;1;877
;(13, 9);Idle;(13, 8);False;1;878
;(13, 9);Idle;(13, 8);False;1;879
;(13, 9);;(13, 8);False;1;880
;(13, 9);MoveWest;(13, 8);False;1;881
;(13, 9);MoveWest;(13, 8);False;1;882
;(13, 9);MoveWest;(13, 8);False;1;883
;(13, 9);MoveWest;(13, 8);False;1;884
;(13, 9);MoveWest;(13, 8);False;1;885
;(13, 9);MoveWest;(13, 8);False;1;886
;(13, 9);MoveWest;(13, 8);False;1;887
;(13, 9);MoveWest;(13, 8);False;1;888
;(13, 9);MoveWest;(13, 8);False;1;889
;(13, 9);MoveWest;(13, 8);False;1;890
;(13, 9);MoveWest;(12, 8);False;1;891
;(13, 9);MoveNorthWest;(12, 8);False;1;892
;(13, 9);MoveNorthWest;(12, 8);False;1;893
;(13, 9);MoveNorthWest;(12, 8);False;1;894
;(13, 9);MoveNorthWest;(12, 8);False;1;895
;(13, 9);MoveNorthWest;(12, 8);False;1;896
;(13, 9);MoveNorthWest;(12, 8);False;1;897
;(13, 9);MoveNorthWest;(12, 8);False;1;898
;(13, 9);MoveNorthWest;(12, 8);False;1;899
;(13, 9);MoveNorthWest;(12, 8);False;1;900
;(13, 9);MoveNorthWest;(12, 8);False;1;901
;(13, 9);MoveNorthWest;(11, 7);False;1;902
;(13, 9);MoveWest;(11, 7);False;1;903
;(13, 9);MoveWest;(11, 7);False;1;904
;(13, 9);MoveWest;(11, 7);False;1;905
;(13, 9);MoveWest;(11, 7);False;1;906
;(13, 9);MoveWest;(11, 7);False;1;907
MoveWest;(12, 9);MoveWest;(11, 7);False;1;908
;(12, 9);MoveWest;(11, 7);False;1;909
;(12, 9);MoveWest;(11, 7);False;1;910
;(12, 9);MoveWest;(11, 7);False;1;911
;(12, 9);MoveWest;(11, 7);False;1;912
MoveWest;(11, 9);MoveWest;(10, 7);False;1;913
;(11, 9);MoveNorthWest;(10, 7);False;1;914
;(11, 9);MoveNorthWest;(10, 7);False;1;915
;(11, 9);MoveNorthWest;(10, 7);False;1;916
MoveWest;(10, 9);MoveNorthWest;(10, 7);False;1;917
;(10, 9);MoveNorthWest;(10, 7);False;1;918
;(10, 9);MoveNorthWest;(10, 7);False;1;919
;(10, 9);MoveNorthWest;(10, 7);False;1;920
MoveWest;(9, 9);MoveNorthWest;(10, 7);False;1;921
;(9, 9);MoveNorthWest;(10, 7);False;1;922
;(9, 9);MoveNorthWest;(10, 7);False;1;923
MoveWest;(8, 9);MoveNorthWest;(9, 6);False;1;924
;(8, 9);MoveWest;(9, 6);False;1;925
;(8, 9);MoveWest;(9, 6);False;1;926
;(8, 9);MoveWest;(9, 6);False;1;927
MoveWest;(7, 9);MoveWest;(9, 6);False;1;928
;(7, 9);MoveWest;(9, 6);False;1;929
;(7, 9);MoveWest;(9, 6);False;1;930
;(7, 9);MoveWest;(9, 6);False;1;931
;(7, 9);MoveWest;(9, 6);False;1;932
MoveWest;(6, 9);MoveWest;(9, 6);False;1;933
;(6, 9);MoveWest;(9, 6);False;1;934
;(6, 9);MoveWest;(8, 6);False;1;935
;(6, 9);GrabObject;(8, 6);False;1;936
;(6, 9);GrabObject;(8, 6);False;1;937
;(6, 9);GrabObject;(8, 6);False;1;938
;(6, 9);GrabObject;(8, 6);False;1;939
;(6, 9);GrabObject;(8, 6);False;1;940
;(6, 9);GrabObject;(8, 6);False;1;941
;(6, 9);GrabObject;(8, 6);False;1;942
;(6, 9);GrabObject;(8, 6);False;1;943
;(6, 9);GrabObject;(8, 6);False;1;944
MoveEast;(7, 9);GrabObject;(8, 6);False;1;945
;(7, 9);GrabObject;(8, 6);False;1;946
;(7, 9);;(8, 6);False;1;947
;(7, 9);Idle;(8, 6);False;1;948
;(7, 9);Idle;(8, 6);False;1;949
;(7, 9);Idle;(8, 6);False;1;950
;(7, 9);Idle;(8, 6);False;1;951
;(7, 9);Idle;(8, 6);False;1;952
;(7, 9);Idle;(8, 6);False;1;953
;(7, 9);Idle;(8, 6);False;1;954
;(7, 9);Idle;(8, 6);False;1;955
;(7, 9);Idle;(8, 6);False;1;956
;(7, 9);Idle;(8, 6);False;1;957
;(7, 9);Idle;(8, 6);False;1;958
;(7, 9);Idle;(8, 6);False;1;959
;(7, 9);Idle;(8, 6);False;1;960
;(7, 9);Idle;(8, 6);False;1;961
;(7, 9);Idle;(8, 6);False;1;962
;(7, 9);Idle;(8, 6);False;1;963
;(7, 9);Idle;(8, 6);False;1;964
;(7, 9);Idle;(8, 6);False;1;965
;(7, 9);Idle;(8, 6);False;1;966
;(7, 9);Idle;(8, 6);False;1;967
;(7, 9);Idle;(8, 6);False;1;968
;(7, 9);Idle;(8, 6);False;1;969
;(7, 9);Idle;(8, 6);False;1;970
MoveSouth;(7, 10);Idle;(8, 6);False;1;971
;(7, 10);Idle;(8, 6);False;1;972
;(7, 10);Idle;(8, 6);False;1;973
;(7, 10);Idle;(8, 6);False;1;974
;(7, 10);Idle;(8, 6);False;1;975
;(7, 10);Idle;(8, 6);False;1;976
;(7, 10);Idle;(8, 6);False;1;977
;(7, 10);Idle;(8, 6);False;1;978
;(7, 10);Idle;(8, 6);False;1;979
;(7, 10);Idle;(8, 6);False;1;980
;(7, 10);Idle;(8, 6);False;1;981
;(7, 10);Idle;(8, 6);False;1;982
;(7, 10);Idle;(8, 6);False;1;983
;(7, 10);Idle;(8, 6);False;1;984
;(7, 10);Idle;(8, 6);False;1;985
;(7, 10);Idle;(8, 6);False;1;986
;(7, 10);Idle;(8, 6);False;1;987
;(7, 10);Idle;(8, 6);False;1;988
MoveWest;(6, 10);Idle;(8, 6);False;1;989
;(6, 10);Idle;(8, 6);False;1;990
;(6, 10);Idle;(8, 6);False;1;991
;(6, 10);Idle;(8, 6);False;1;992
;(6, 10);Idle;(8, 6);False;1;993
MoveWest;(5, 10);Idle;(8, 6);False;1;994
;(5, 10);Idle;(8, 6);False;1;995
;(5, 10);Idle;(8, 6);False;1;996
;(5, 10);Idle;(8, 6);False;1;997
;(5, 10);Idle;(8, 6);False;1;998
;(5, 10);Idle;(8, 6);False;1;999
;(5, 10);Idle;(8, 6);False;1;1000
;(5, 10);Idle;(8, 6);False;1;1001
MoveEast;(6, 10);Idle;(8, 6);False;1;1002
;(6, 10);;(8, 6);False;1;1003
;(6, 10);MoveWest;(8, 6);False;1;1004
;(6, 10);MoveWest;(8, 6);False;1;1005
;(6, 10);MoveWest;(8, 6);False;1;1006
;(6, 10);MoveWest;(8, 6);False;1;1007
;(6, 10);MoveWest;(8, 6);False;1;1008
;(6, 10);MoveWest;(8, 6);False;1;1009
;(6, 10);MoveWest;(8, 6);False;1;1010
;(6, 10);MoveWest;(8, 6);False;1;1011
;(6, 10);MoveWest;(8, 6);False;1;1012
;(6, 10);MoveWest;(8, 6);False;1;1013
;(6, 10);MoveWest;(7, 6);False;1;1014
;(6, 10);MoveWest;(7, 6);False;1;1015
;(6, 10);MoveWest;(7, 6);False;1;1016
;(6, 10);MoveWest;(7, 6);False;1;1017
;(6, 10);MoveWest;(7, 6);False;1;1018
;(6, 10);MoveWest;(7, 6);False;1;1019
;(6, 10);MoveWest;(7, 6);False;1;1020
;(6, 10);MoveWest;(7, 6);False;1;1021
;(6, 10);MoveWest;(7, 6);False;1;1022
;(6, 10);MoveWest;(7, 6);False;1;1023
MoveEast;(7, 10);MoveWest;(7, 6);False;1;1024
;(7, 10);MoveWest;(6, 6);False;1;1025
;(7, 10);MoveWest;(6, 6);False;1;1026
;(7, 10);MoveWest;(6, 6);False;1;1027
;(7, 10);MoveWest;(6, 6);False;1;1028
;(7, 10);MoveWest;(6, 6);False;1;1029
;(7, 10);MoveWest;(6, 6);False;1;1030
MoveEast;(8, 10);MoveWest;(6, 6);False;1;1031
;(8, 10);MoveWest;(6, 6);False;1;1032
;(8, 10);MoveWest;(6, 6);False;1;1033
;(8, 10);MoveWest;(6, 6);False;1;1034
;(8, 10);MoveWest;(6, 6);False;1;1035
;(8, 10);MoveWest;(5, 6);False;1;1036
;(8, 10);MoveNorthWest;(5, 6);False;1;1037
;(8, 10);MoveNorthWest;(5, 6);False;1;1038
;(8, 10);MoveNorthWest;(5, 6);False;1;1039
;(8, 10);MoveNorthWest;(5, 6);False;1;1040
;(8, 10);MoveNorthWest;(5, 6);False;1;1041
;(8, 10);MoveNorthWest;(5, 6);False;1;1042
;(8, 10);MoveNorthWest;(5, 6);False;1;1043
;(8, 10);MoveNorthWest;(5, 6);False;1;1044
;(8, 10);MoveNorthWest;(5, 6);False;1;1045
;(8, 10);MoveNorthWest;(5, 6);False;1;1046
;(8, 10);MoveNorthWest;(4, 5);False;1;1047
;(8, 10);MoveWest;(4, 5);False;1;1048
;(8, 10);MoveWest;(4, 5);False;1;1049
;(8, 10);MoveWest;(4, 5);False;1;1050
;(8, 10);MoveWest;(4, 5);False;1;1051
;(8, 10);MoveWest;(4, 5);False;1;1052
;(8, 10);MoveWest;(4, 5);False;1;1053
;(8, 10);MoveWest;(4, 5);False;1;1054
;(8, 10);MoveWest;(4, 5);False;1;1055
;(8, 10);MoveWest;(4, 5);False;1;1056
;(8, 10);MoveWest;(4, 5);False;1;1057
;(8, 10);MoveWest;(3, 5);False;1;1058
;(8, 10);MoveNorthWest;(3, 5);False;1;1059
;(8, 10);MoveNorthWest;(3, 5);False;1;1060
;(8, 10);MoveNorthWest;(3, 5);False;1;1061
;(8, 10);MoveNorthWest;(3, 5);False;1;1062
;(8, 10);MoveNorthWest;(3, 5);False;1;1063
;(8, 10);MoveNorthWest;(3, 5);False;1;1064
;(8, 10);MoveNorthWest;(3, 5);False;1;1065
;(8, 10);MoveNorthWest;(3, 5);False;1;1066
;(8, 10);MoveNorthWest;(3, 5);False;1;1067
;(8, 10);MoveNorthWest;(3, 5);False;1;1068
;(8, 10);MoveNorthWest;(2, 4);False;1;1069
;(8, 10);MoveWest;(2, 4);False;1;1070
;(8, 10);MoveWest;(2, 4);False;1;1071
;(8, 10);MoveWest;(2, 4);False;1;1072
;(8, 10);MoveWest;(2, 4);False;1;1073
;(8, 10);MoveWest;(2, 4);False;1;1074
;(8, 10);MoveWest;(2, 4);False;1;1075
;(8, 10);MoveWest;(2, 4);False;1;1076
;(8, 10);MoveWest;(2, 4);False;1;1077
;(8, 10);MoveWest;(2, 4);False;1;1078
;(8, 10);MoveWest;(2, 4);False;1;1079
;(8, 10);MoveWest;(1, 4);False;1;1080
;(8, 10);DropObject;(1, 4);False;1;1081
;(8, 10);DropObject;(1, 4);False;1;1082
;(8, 10);DropObject;(1, 4);False;1;1083
;(8, 10);DropObject;(1, 4);False;1;1084
;(8, 10);DropObject;(1, 4);False;1;1085
;(8, 10);DropObject;(1, 4);False;1;1086
;(8, 10);DropObject;(1, 4);False;1;1087
;(8, 10);DropObject;(1, 4);False;1;1088
;(8, 10);DropObject;(1, 4);False;1;1089
;(8, 10);DropObject;(1, 4);False;1;1090
;(8, 10);DropObject;(1, 4);False;1;1091
;(8, 10);DropObject;(1, 4);False;1;1092
;(8, 10);DropObject;(1, 4);False;1;1093
;(8, 10);DropObject;(1, 4);False;1;1094
;(8, 10);DropObject;(1, 4);False;1;1095
;(8, 10);DropObject;(1, 4);False;1;1096
;(8, 10);DropObject;(1, 4);False;1;1097
;(8, 10);DropObject;(1, 4);False;1;1098
;(8, 10);DropObject;(1, 4);False;1;1099
;(8, 10);DropObject;(1, 4);False;1;1100
;(8, 10);DropObject;(1, 4);False;1;1101
;(8, 10);DropObject;(1, 4);False;1;1102
;(8, 10);;(1, 4);False;1;1103
;(8, 10);Idle;(1, 4);False;1;1104
;(8, 10);Idle;(1, 4);False;1;1105
;(8, 10);Idle;(1, 4);False;1;1106
;(8, 10);Idle;(1, 4);False;1;1107
;(8, 10);Idle;(1, 4);False;1;1108
;(8, 10);Idle;(1, 4);False;1;1109
;(8, 10);Idle;(1, 4);False;1;1110
;(8, 10);Idle;(1, 4);False;1;1111
;(8, 10);Idle;(1, 4);False;1;1112
;(8, 10);Idle;(1, 4);False;1;1113
;(8, 10);Idle;(1, 4);False;1;1114
;(8, 10);Idle;(1, 4);False;1;1115
;(8, 10);Idle;(1, 4);False;1;1116
;(8, 10);Idle;(1, 4);False;1;1117
;(8, 10);Idle;(1, 4);False;1;1118
;(8, 10);Idle;(1, 4);False;1;1119
;(8, 10);Idle;(1, 4);False;1;1120
;(8, 10);Idle;(1, 4);False;1;1121
;(8, 10);Idle;(1, 4);False;1;1122
;(8, 10);Idle;(1, 4);False;1;1123
;(8, 10);Idle;(1, 4);False;1;1124
;(8, 10);Idle;(1, 4);False;1;1125
;(8, 10);Idle;(1, 4);False;1;1126
;(8, 10);Idle;(1, 4);False;1;1127
;(8, 10);Idle;(1, 4);False;1;1128
;(8, 10);Idle;(1, 4);False;1;1129
;(8, 10);Idle;(1, 4);False;1;1130
;(8, 10);Idle;(1, 4);False;1;1131
;(8, 10);Idle;(1, 4);False;1;1132
;(8, 10);Idle;(1, 4);False;1;1133
;(8, 10);Idle;(1, 4);False;1;1134
;(8, 10);Idle;(1, 4);False;1;1135
;(8, 10);Idle;(1, 4);False;1;1136
;(8, 10);Idle;(1, 4);False;1;1137
;(8, 10);Idle;(1, 4);False;1;1138
;(8, 10);Idle;(1, 4);False;1;1139
;(8, 10);Idle;(1, 4);False;1;1140
;(8, 10);Idle;(1, 4);False;1;1141
;(8, 10);Idle;(1, 4);False;1;1142
;(8, 10);Idle;(1, 4);False;1;1143
;(8, 10);Idle;(1, 4);False;1;1144
;(8, 10);Idle;(1, 4);False;1;1145
;(8, 10);Idle;(1, 4);False;1;1146
;(8, 10);Idle;(1, 4);False;1;1147
;(8, 10);Idle;(1, 4);False;1;1148
;(8, 10);Idle;(1, 4);False;1;1149
;(8, 10);Idle;(1, 4);False;1;1150
;(8, 10);Idle;(1, 4);False;1;1151
;(8, 10);Idle;(1, 4);False;1;1152
;(8, 10);Idle;(1, 4);False;1;1153
;(8, 10);Idle;(1, 4);False;1;1154
;(8, 10);Idle;(1, 4);False;1;1155
;(8, 10);Idle;(1, 4);False;1;1156
;(8, 10);Idle;(1, 4);False;1;1157
;(8, 10);Idle;(1, 4);False;1;1158
;(8, 10);;(1, 4);False;1;1159
;(8, 10);MoveEast;(1, 4);False;1;1160
;(8, 10);MoveEast;(1, 4);False;1;1161
;(8, 10);MoveEast;(1, 4);False;1;1162
;(8, 10);MoveEast;(1, 4);False;1;1163
;(8, 10);MoveEast;(1, 4);False;1;1164
;(8, 10);MoveEast;(1, 4);False;1;1165
;(8, 10);MoveEast;(1, 4);False;1;1166
;(8, 10);MoveEast;(1, 4);False;1;1167
;(8, 10);MoveEast;(1, 4);False;1;1168
;(8, 10);MoveEast;(1, 4);False;1;1169
;(8, 10);MoveEast;(2, 4);False;1;1170
;(8, 10);MoveSouthEast;(2, 4);False;1;1171
;(8, 10);MoveSouthEast;(2, 4);False;1;1172
;(8, 10);MoveSouthEast;(2, 4);False;1;1173
;(8, 10);MoveSouthEast;(2, 4);False;1;1174
;(8, 10);MoveSouthEast;(2, 4);False;1;1175
;(8, 10);MoveSouthEast;(2, 4);False;1;1176
;(8, 10);MoveSouthEast;(2, 4);False;1;1177
;(8, 10);MoveSouthEast;(2, 4);False;1;1178
;(8, 10);MoveSouthEast;(2, 4);False;1;1179
;(8, 10);MoveSouthEast;(2, 4);False;1;1180
;(8, 10);MoveSouthEast;(3, 5);False;1;1181
;(8, 10);MoveEast;(3, 5);False;1;1182
MoveEast;(9, 10);MoveEast;(3, 5);False;1;1183
;(9, 10);MoveEast;(3, 5);False;1;1184
;(9, 10);MoveEast;(3, 5);False;1;1185
;(9, 10);MoveEast;(3, 5);False;1;1186
;(9, 10);MoveEast;(3, 5);False;1;1187
;(9, 10);MoveEast;(3, 5);False;1;1188
;(9, 10);MoveEast;(3, 5);False;1;1189
;(9, 10);MoveEast;(3, 5);False;1;1190
;(9, 10);MoveEast;(3, 5);False;1;1191
;(9, 10);MoveEast;(4, 5);False;1;1192
;(9, 10);MoveSouthEast;(4, 5);False;1;1193
;(9, 10);MoveSouthEast;(4, 5);False;1;1194
;(9, 10);MoveSouthEast;(4, 5);False;1;1195
;(9, 10);MoveSouthEast;(4, 5);False;1;1196
MoveWest;(8, 10);MoveSouthEast;(4, 5);False;1;1197
;(8, 10);MoveSouthEast;(4, 5);False;1;1198
;(8, 10);MoveSouthEast;(4, 5);False;1;1199
;(8, 10);MoveSouthEast;(4, 5);False;1;1200
;(8, 10);MoveSouthEast;(4, 5);False;1;1201
;(8, 10);MoveSouthEast;(4, 5);False;1;1202
;(8, 10);MoveSouthEast;(5, 6);False;1;1203
;(8, 10);MoveEast;(5, 6);False;1;1204
;(8, 10);MoveEast;(5, 6);False;1;1205
;(8, 10);MoveEast;(5, 6);False;1;1206
;(8, 10);MoveEast;(5, 6);False;1;1207
;(8, 10);MoveEast;(5, 6);False;1;1208
;(8, 10);MoveEast;(5, 6);False;1;1209
;(8, 10);MoveEast;(5, 6);False;1;1210
;(8, 10);MoveEast;(5, 6);False;1;1211
;(8, 10);MoveEast;(5, 6);False;1;1212
;(8, 10);MoveEast;(5, 6);False;1;1213
;(8, 10);MoveEast;(6, 6);False;1;1214
;(8, 10);MoveSouthEast;(6, 6);False;1;1215
MoveWest;(7, 10);MoveSouthEast;(6, 6);False;1;1216
;(7, 10);MoveSouthEast;(6, 6);False;1;1217
;(7, 10);MoveSouthEast;(6, 6);False;1;1218
;(7, 10);MoveSouthEast;(6, 6);False;1;1219
;(7, 10);MoveSouthEast;(6, 6);False;1;1220
;(7, 10);MoveSouthEast;(6, 6);False;1;1221
;(7, 10);MoveSouthEast;(6, 6);False;1;1222
;(7, 10);MoveSouthEast;(6, 6);False;1;1223
;(7, 10);MoveSouthEast;(6, 6);False;1;1224
MoveWest;(6, 10);MoveSouthEast;(7, 7);False;1;1225
;(6, 10);MoveEast;(7, 7);False;1;1226
;(6, 10);MoveEast;(7, 7);False;1;1227
;(6, 10);MoveEast;(7, 7);False;1;1228
;(6, 10);MoveEast;(7, 7);False;1;1229
MoveWest;(5, 10);MoveEast;(7, 7);False;1;1230
;(5, 10);MoveEast;(7, 7);False;1;1231
;(5, 10);MoveEast;(7, 7);False;1;1232
;(5, 10);MoveEast;(7, 7);False;1;1233
;(5, 10);MoveEast;(7, 7);False;1;1234
;(5, 10);MoveEast;(7, 7);False;1;1235
MoveEast;(6, 10);MoveEast;(8, 7);False;1;1236
;(6, 10);MoveEast;(8, 7);False;1;1237
;(6, 10);MoveEast;(8, 7);False;1;1238
;(6, 10);MoveEast;(8, 7);False;1;1239
;(6, 10);MoveEast;(8, 7);False;1;1240
;(6, 10);MoveEast;(8, 7);False;1;1241
;(6, 10);MoveEast;(8, 7);False;1;1242
;(6, 10);MoveEast;(8, 7);False;1;1243
;(6, 10);MoveEast;(8, 7);False;1;1244
;(6, 10);MoveEast;(8, 7);False;1;1245
;(6, 10);MoveEast;(8, 7);False;1;1246
;(6, 10);MoveEast;(9, 7);False;1;1247
;(6, 10);MoveSouthEast;(9, 7);False;1;1248
;(6, 10);MoveSouthEast;(9, 7);False;1;1249
;(6, 10);MoveSouthEast;(9, 7);False;1;1250
;(6, 10);MoveSouthEast;(9, 7);False;1;1251
;(6, 10);MoveSouthEast;(9, 7);False;1;1252
;(6, 10);MoveSouthEast;(9, 7);False;1;1253
;(6, 10);MoveSouthEast;(9, 7);False;1;1254
;(6, 10);MoveSouthEast;(9, 7);False;1;1255
;(6, 10);MoveSouthEast;(9, 7);False;1;1256
;(6, 10);MoveSouthEast;(9, 7);False;1;1257
;(6, 10);MoveSouthEast;(10, 8);False;1;1258
;(6, 10);BreakObject;(10, 8);False;1;1259
;(6, 10);BreakObject;(10, 8);False;1;1260
;(6, 10);BreakObject;(10, 8);False;1;1261
;(6, 10);BreakObject;(10, 8);False;1;1262
;(6, 10);BreakObject;(10, 8);False;1;1263
;(6, 10);BreakObject;(10, 8);False;1;1264
;(6, 10);BreakObject;(10, 8);False;1;1265
;(6, 10);BreakObject;(10, 8);False;1;1266
;(6, 10);BreakObject;(10, 8);False;1;1267
;(6, 10);BreakObject;(10, 8);False;1;1268
MoveNorth;(6, 9);BreakObject;(10, 8);False;1;1269
;(6, 9);;(10, 8);False;1;1270
;(6, 9);MoveEast;(10, 8);False;1;1271
;(6, 9);MoveEast;(10, 8);False;1;1272
;(6, 9);MoveEast;(10, 8);False;1;1273
MoveEast;(7, 9);MoveEast;(10, 8);False;1;1274
;(7, 9);MoveEast;(10, 8);False;1;1275
;(7, 9);MoveEast;(10, 8);False;1;1276
;(7, 9);MoveEast;(10, 8);False;1;1277
;(7, 9);MoveEast;(10, 8);False;1;1278
;(7, 9);MoveEast;(10, 8);False;1;1279
;(7, 9);MoveEast;(10, 8);False;1;1280
;(7, 9);MoveEast;(11, 8);False;1;1281
;(7, 9);MoveEast;(11, 8);False;1;1282
;(7, 9);MoveEast;(11, 8);False;1;1283
;(7, 9);MoveEast;(11, 8);False;1;1284
;(7, 9);MoveEast;(11, 8);False;1;1285
;(7, 9);MoveEast;(11, 8);False;1;1286
;(7, 9);MoveEast;(11, 8);False;1;1287
;(7, 9);MoveEast;(11, 8);False;1;1288
;(7, 9);MoveEast;(11, 8);False;1;1289
;(7, 9);MoveEast;(11, 8);False;1;1290
;(7, 9);MoveEast;(11, 8);False;1;1291
;(7, 9);MoveEast;(12, 8);False;1;1292
;(7, 9);MoveWest;(12, 8);False;1;1293
;(7, 9);MoveWest;(12, 8);False;1;1294
;(7, 9);MoveWest;(12, 8);False;1;1295
;(7, 9);MoveWest;(12, 8);False;1;1296
;(7, 9);MoveWest;(12, 8);False;1;1297
;(7, 9);MoveWest;(12, 8);False;1;1298
;(7, 9);MoveWest;(12, 8);False;1;1299
;(7, 9);MoveWest;(12, 8);False;1;1300
;(7, 9);MoveWest;(12, 8);False;1;1301
;(7, 9);MoveWest;(12, 8);False;1;1302
;(7, 9);MoveWest;(11, 8);False;1;1303
;(7, 9);MoveWest;(11, 8);False;1;1304
;(7, 9);MoveWest;(11, 8);False;1;1305
;(7, 9);MoveWest;(11, 8);False;1;1306
MoveNorth;(7, 8);MoveWest;(11, 8);False;1;1307
;(7, 8);MoveWest;(11, 8);False;1;1308
;(7, 8);MoveWest;(11, 8);False;1;1309
;(7, 8);MoveWest;(11, 8);False;1;1310
;(7, 8);MoveWest;(11, 8);False;1;1311
;(7, 8);MoveWest;(11, 8);False;1;1312
;(7, 8);MoveWest;(11, 8);False;1;1313
;(7, 8);MoveWest;(10, 8);False;1;1314
;(7, 8);MoveEast;(10, 8);False;1;1315
;(7, 8);MoveEast;(10, 8);False;1;1316
;(7, 8);MoveEast;(10, 8);False;1;1317
;(7, 8);MoveEast;(10, 8);False;1;1318
;(7, 8);MoveEast;(10, 8);False;1;1319
;(7, 8);MoveEast;(10, 8);False;1;1320
;(7, 8);MoveEast;(10, 8);False;1;1321
;(7, 8);MoveEast;(10, 8);False;1;1322
;(7, 8);MoveEast;(10, 8);False;1;1323
;(7, 8);MoveEast;(10, 8);False;1;1324
;(7, 8);MoveEast;(11, 8);False;1;1325
;(7, 8);MoveEast;(11, 8);False;1;1326
;(7, 8);MoveEast;(11, 8);False;1;1327
;(7, 8);MoveEast;(11, 8);False;1;1328
;(7, 8);MoveEast;(11, 8);False;1;1329
;(7, 8);MoveEast;(11, 8);False;1;1330
;(7, 8);MoveEast;(11, 8);False;1;1331
;(7, 8);MoveEast;(11, 8);False;1;1332
;(7, 8);MoveEast;(11, 8);False;1;1333
;(7, 8);MoveEast;(11, 8);False;1;1334
;(7, 8);MoveEast;(11, 8);False;1;1335
;(7, 8);MoveEast;(12, 8);False;1;1336
;(7, 8);MoveWest;(12, 8);False;1;1337
;(7, 8);MoveWest;(12, 8);False;1;1338
;(7, 8);MoveWest;(12, 8);False;1;1339
MoveNorth;(7, 7);MoveWest;(12, 8);False;1;1340
;(7, 7);MoveWest;(12, 8);False;1;1341
;(7, 7);MoveWest;(12, 8);False;1;1342
;(7, 7);MoveWest;(12, 8);False;1;1343
;(7, 7);MoveWest;(12, 8);False;1;1344
;(7, 7);MoveWest;(12, 8);False;1;1345
;(7, 7);MoveWest;(12, 8);False;1;1346
;(7, 7);MoveWest;(11, 8);False;1;1347
;(7, 7);MoveWest;(11, 8);False;1;1348
;(7, 7);MoveWest;(11, 8);False;1;1349
;(7, 7);MoveWest;(11, 8);False;1;1350
;(7, 7);MoveWest;(11, 8);False;1;1351
;(7, 7);MoveWest;(11, 8);False;1;1352
;(7, 7);MoveWest;(11, 8);False;1;1353
;(7, 7);MoveWest;(11, 8);False;1;1354
;(7, 7);MoveWest;(11, 8);False;1;1355
;(7, 7);MoveWest;(11, 8);False;1;1356
;(7, 7);MoveWest;(11, 8);False;1;1357
;(7, 7);MoveWest;(10, 8);False;1;1358
;(7, 7);MoveEast;(10, 8);False;1;1359
;(7, 7);MoveEast;(10, 8);False;1;1360
;(7, 7);MoveEast;(10, 8);False;1;1361
;(7, 7);MoveEast;(10, 8);False;1;1362
;(7, 7);MoveEast;(10, 8);False;1;1363
;(7, 7);MoveEast;(10, 8);False;1;1364
;(7, 7);MoveEast;(10, 8);False;1;1365
;(7, 7);MoveEast;(10, 8);False;1;1366
;(7, 7);MoveEast;(10, 8);False;1;1367
;(7, 7);MoveEast;(10, 8);False;1;1368
;(7, 7);MoveEast;(11, 8);False;1;1369
;(7, 7);MoveEast;(11, 8);False;1;1370
;(7, 7);MoveEast;(11, 8);False;1;1371
;(7, 7);MoveEast;(11, 8);False;1;1372
;(7, 7);MoveEast;(11, 8);False;1;1373
;(7, 7);MoveEast;(11, 8);False;1;1374
;(7, 7);MoveEast;(11, 8);False;1;1375
;(7, 7);MoveEast;(11, 8);False;1;1376
;(7, 7);MoveEast;(11, 8);False;1;1377
;(7, 7);MoveEast;(11, 8);False;1;1378
;(7, 7);MoveEast;(11, 8);False;1;1379
;(7, 7);MoveEast;(12, 8);False;1;1380
;(7, 7);MoveWest;(12, 8);False;1;1381
;(7, 7);MoveWest;(12, 8);False;1;1382
;(7, 7);MoveWest;(12, 8);False;1;1383
;(7, 7);MoveWest;(12, 8);False;1;1384
;(7, 7);MoveWest;(12, 8);False;1;1385
;(7, 7);MoveWest;(12, 8);False;1;1386
;(7, 7);MoveWest;(12, 8);False;1;1387
;(7, 7);MoveWest;(12, 8);False;1;1388
;(7, 7);MoveWest;(12, 8);False;1;1389
;(7, 7);MoveWest;(12, 8);False;1;1390
;(7, 7);MoveWest;(11, 8);False;1;1391
;(7, 7);MoveWest;(11, 8);False;1;1392
;(7, 7);MoveWest;(11, 8);False;1;1393
;(7, 7);MoveWest;(11, 8);False;1;1394
;(7, 7);MoveWest;(11, 8);False;1;1395
;(7, 7);MoveWest;(11, 8);False;1;1396
;(7, 7);MoveWest;(11, 8);False;1;1397
;(7, 7);MoveWest;(11, 8);False;1;1398
;(7, 7);MoveWest;(11, 8);False;1;1399
;(7, 7);MoveWest;(11, 8);False;1;1400
;(7, 7);MoveWest;(11, 8);False;1;1401
;(7, 7);MoveWest;(10, 8);False;1;1402
;(7, 7);;(10, 8);False;1;1403
;(7, 7);MoveSouthEast;(10, 8);False;1;1404
;(7, 7);MoveSouthEast;(10, 8);False;1;1405
MoveEast;(8, 7);MoveSouthEast;(10, 8);False;1;1406
;(8, 7);MoveSouthEast;(10, 8);False;1;1407
;(8, 7);MoveSouthEast;(10, 8);False;1;1408
;(8, 7);MoveSouthEast;(10, 8);False;1;1409
;(8, 7);MoveSouthEast;(10, 8);False;1;1410
;(8, 7);MoveSouthEast;(10, 8);False;1;1411
;(8, 7);MoveSouthEast;(10, 8);False;1;1412
;(8, 7);MoveSouthEast;(10, 8);False;1;1413
;(8, 7);MoveSouthEast;(11, 9);False;1;1414
;(8, 7);GrabLargeObject;(11, 9);False;1;1415
;(8, 7);GrabLargeObject;(11, 9);False;1;1416
;(8, 7);GrabLargeObject;(11, 9);False;1;1417
;(8, 7);GrabLargeObject;(11, 9);False;1;1418
;(8, 7);GrabLargeObject;(11, 9);False;1;1419
;(8, 7);GrabLargeObject;(11, 9);False;1;1420
;(8, 7);GrabLargeObject;(11, 9);False;1;1421
;(8, 7);GrabLargeObject;(11, 9);False;1;1422
;(8, 7);GrabLargeObject;(11, 9);False;1;1423
;(8, 7);GrabLargeObject;(11, 9);False;1;1424
;(8, 7);GrabLargeObject;(11, 9);False;1;1425
;(8, 7);;(11, 9);False;1;1426
;(8, 7);MoveEast;(11, 9);False;1;1427
;(8, 7);MoveEast;(11, 9);False;1;1428
;(8, 7);MoveEast;(11, 9);False;1;1429
;(8, 7);MoveEast;(11, 9);False;1;1430
;(8, 7);MoveEast;(11, 9);False;1;1431
;(8, 7);MoveEast;(11, 9);False;1;1432
;(8, 7);MoveEast;(11, 9);False;1;1433
;(8, 7);MoveEast;(11, 9);False;1;1434
;(8, 7);MoveEast;(11, 9);False;1;1435
;(8, 7);MoveEast;(11, 9);False;1;1436
;(8, 7);MoveEast;(12, 9);False;1;1437
;(8, 7);MoveNorthEast;(12, 9);False;1;1438
;(8, 7);MoveNorthEast;(12, 9);False;1;1439
;(8, 7);MoveNorthEast;(12, 9);False;1;1440
;(8, 7);MoveNorthEast;(12, 9);False;1;1441
;(8, 7);MoveNorthEast;(12, 9);False;1;1442
;(8, 7);MoveNorthEast;(12, 9);False;1;1443
;(8, 7);MoveNorthEast;(12, 9);False;1;1444
;(8, 7);MoveNorthEast;(12, 9);False;1;1445
MoveEast;(9, 7);MoveNorthEast;(12, 9);False;1;1446
;(9, 7);MoveNorthEast;(12, 9);False;1;1447
;(9, 7);MoveNorthEast;(13, 8);False;1;1448
;(9, 7);MoveEast;(13, 8);False;1;1449
;(9, 7);MoveEast;(13, 8);False;1;1450
;(9, 7);MoveEast;(13, 8);False;1;1451
;(9, 7);MoveEast;(13, 8);False;1;1452
;(9, 7);MoveEast;(13, 8);False;1;1453
;(9, 7);MoveEast;(13, 8);False;1;1454
;(9, 7);MoveEast;(13, 8);False;1;1455
;(9, 7);MoveEast;(13, 8);False;1;1456
;(9, 7);MoveEast;(13, 8);False;1;1457
;(9, 7);MoveEast;(13, 8);False;1;1458
;(9, 7);MoveEast;(14, 8);False;1;1459
;(9, 7);MoveNorthEast;(14, 8);False;1;1460
;(9, 7);MoveNorthEast;(14, 8);False;1;1461
;(9, 7);MoveNorthEast;(14, 8);False;1;1462
;(9, 7);MoveNorthEast;(14, 8);False;1;1463
;(9, 7);MoveNorthEast;(14, 8);False;1;1464
;(9, 7);MoveNorthEast;(14, 8);False;1;1465
;(9, 7);MoveNorthEast;(14, 8);False;1;1466
;(9, 7);MoveNorthEast;(14, 8);False;1;1467
;(9, 7);MoveNorthEast;(14, 8);False;1;1468
;(9, 7);MoveNorthEast;(14, 8);False;1;1469
MoveSouth;(9, 8);MoveNorthEast;(15, 7);False;1;1470
;(9, 8);MoveEast;(15, 7);False;1;1471
;(9, 8);MoveEast;(15, 7);False;1;1472
;(9, 8);MoveEast;(15, 7);False;1;1473
;(9, 8);MoveEast;(15, 7);False;1;1474
;(9, 8);MoveEast;(15, 7);False;1;1475
;(9, 8);MoveEast;(15, 7);False;1;1476
;(9, 8);MoveEast;(15, 7);False;1;1477
;(9, 8);MoveEast;(15, 7);False;1;1478
;(9, 8);MoveEast;(15, 7);False;1;1479
;(9, 8);MoveEast;(15, 7);False;1;1480
;(9, 8);MoveEast;(16, 7);False;1;1481
;(9, 8);DropLargeObject;(16, 7);False;1;1482
;(9, 8);DropLargeObject;(16, 7);False;1;1483
;(9, 8);DropLargeObject;(16, 7);False;1;1484
;(9, 8);DropLargeObject;(16, 7);False;1;1485
;(9, 8);DropLargeObject;(16, 7);False;1;1486
;(9, 8);DropLargeObject;(16, 7);False;1;1487
;(9, 8);DropLargeObject;(16, 7);False;1;1488
;(9, 8);DropLargeObject;(16, 7);False;1;1489
;(9, 8);DropLargeObject;(16, 7);False;1;1490
;(9, 8);DropLargeObject;(16, 7);False;1;1491
;(9, 8);DropLargeObject;(16, 7);False;1;1492
;(9, 8);;(16, 7);False;1;1493
;(9, 8);MoveWest;(16, 7);False;1;1494
;(9, 8);MoveWest;(16, 7);False;1;1495
;(9, 8);MoveWest;(16, 7);False;1;1496
;(9, 8);MoveWest;(16, 7);False;1;1497
;(9, 8);MoveWest;(16, 7);False;1;1498
;(9, 8);MoveWest;(16, 7);False;1;1499
;(9, 8);MoveWest;(16, 7);False;1;1500
;(9, 8);MoveWest;(16, 7);False;1;1501
;(9, 8);MoveWest;(16, 7);False;1;1502
;(9, 8);MoveWest;(16, 7);False;1;1503
;(9, 8);MoveWest;(15, 7);False;1;1504
;(9, 8);MoveWest;(15, 7);False;1;1505
;(9, 8);MoveWest;(15, 7);False;1;1506
;(9, 8);MoveWest;(15, 7);False;1;1507
;(9, 8);MoveWest;(15, 7);False;1;1508
MoveWest;(8, 8);MoveWest;(15, 7);False;1;1509
;(8, 8);MoveWest;(15, 7);False;1;1510
;(8, 8);MoveWest;(15, 7);False;1;1511
;(8, 8);MoveWest;(15, 7);False;1;1512
;(8, 8);MoveWest;(15, 7);False;1;1513
;(8, 8);MoveWest;(15, 7);False;1;1514
MoveWest;(7, 8);MoveWest;(14, 7);False;1;1515
;(7, 8);MoveNorthWest;(14, 7);False;1;1516
;(7, 8);MoveNorthWest;(14, 7);False;1;1517
;(7, 8);MoveNorthWest;(14, 7);False;1;1518
MoveWest;(6, 8);MoveNorthWest;(14, 7);False;1;1519
;(6, 8);MoveNorthWest;(14, 7);False;1;1520
;(6, 8);MoveNorthWest;(14, 7);False;1;1521
;(6, 8);MoveNorthWest;(14, 7);False;1;1522
;(6, 8);MoveNorthWest;(14, 7);False;1;1523
;(6, 8);MoveNorthWest;(14, 7);False;1;1524
;(6, 8);MoveNorthWest;(14, 7);False;1;1525
;(6, 8);MoveNorthWest;(13, 6);False;1;1526
;(6, 8);MoveWest;(13, 6);False;1;1527
;(6, 8);MoveWest;(13, 6);False;1;1528
;(6, 8);MoveWest;(13, 6);False;1;1529
;(6, 8);MoveWest;(13, 6);False;1;1530
;(6, 8);MoveWest;(13, 6);False;1;1531
;(6, 8);MoveWest;(13, 6);False;1;1532
;(6, 8);MoveWest;(13, 6);False;1;1533
;(6, 8);MoveWest;(13, 6);False;1;1534
;(6, 8);MoveWest;(13, 6);False;1;1535
;(6, 8);MoveWest;(13, 6);False;1;1536
;(6, 8);MoveWest;(12, 6);False;1;1537
;(6, 8);GrabLargeObject;(12, 6);False;1;1538
;(6, 8);GrabLargeObject;(12, 6);False;1;1539
;(6, 8);GrabLargeObject;(12, 6);False;1;1540
;(6, 8);GrabLargeObject;(12, 6);False;1;1541
;(6, 8);GrabLargeObject;(12, 6);False;1;1542
;(6, 8);GrabLargeObject;(12, 6);False;1;1543
;(6, 8);GrabLargeObject;(12, 6);False;1;1544
;(6, 8);GrabLargeObject;(12, 6);False;1;1545
;(6, 8);GrabLargeObject;(12, 6);False;1;1546
MoveWest;(5, 8);GrabLargeObject;(12, 6);False;1;1547
;(5, 8);GrabLargeObject;(12, 6);False;1;1548
;(5, 8);;(12, 6);False;1;1549
;(5, 8);MoveEast;(12, 6);False;1;1550
;(5, 8);MoveEast;(12, 6);False;1;1551
;(5, 8);MoveEast;(12, 6);False;1;1552
;(5, 8);MoveEast;(12, 6);False;1;1553
;(5, 8);MoveEast;(12, 6);False;1;1554
;(5, 8);MoveEast;(12, 6);False;1;1555
;(5, 8);MoveEast;(12, 6);False;1;1556
;(5, 8);MoveEast;(12, 6);False;1;1557
;(5, 8);MoveEast;(12, 6);False;1;1558
;(5, 8);MoveEast;(12, 6);False;1;1559
;(5, 8);MoveEast;(13, 6);False;1;1560
;(5, 8);MoveNorthEast;(13, 6);False;1;1561
;(5, 8);MoveNorthEast;(13, 6);False;1;1562
MoveEast;(6, 8);MoveNorthEast;(13, 6);False;1;1563
;(6, 8);MoveNorthEast;(13, 6);False;1;1564
;(6, 8);MoveNorthEast;(13, 6);False;1;1565
;(6, 8);MoveNorthEast;(13, 6);False;1;1566
;(6, 8);MoveNorthEast;(13, 6);False;1;1567
MoveEast;(7, 8);MoveNorthEast;(13, 6);False;1;1568
;(7, 8);MoveNorthEast;(13, 6);False;1;1569
;(7, 8);MoveNorthEast;(13, 6);False;1;1570
;(7, 8);MoveNorthEast;(14, 5);False;1;1571
;(7, 8);MoveEast;(14, 5);False;1;1572
;(7, 8);MoveEast;(14, 5);False;1;1573
;(7, 8);MoveEast;(14, 5);False;1;1574
;(7, 8);MoveEast;(14, 5);False;1;1575
;(7, 8);MoveEast;(14, 5);False;1;1576
;(7, 8);MoveEast;(14, 5);False;1;1577
;(7, 8);MoveEast;(14, 5);False;1;1578
;(7, 8);MoveEast;(14, 5);False;1;1579
;(7, 8);MoveEast;(14, 5);False;1;1580
;(7, 8);MoveEast;(14, 5);False;1;1581
;(7, 8);MoveEast;(15, 5);False;1;1582
;(7, 8);MoveNorthEast;(15, 5);False;1;1583
;(7, 8);MoveNorthEast;(15, 5);False;1;1584
;(7, 8);MoveNorthEast;(15, 5);False;1;1585
;(7, 8);MoveNorthEast;(15, 5);False;1;1586
;(7, 8);MoveNorthEast;(15, 5);False;1;1587
;(7, 8);MoveNorthEast;(15, 5);False;1;1588
;(7, 8);MoveNorthEast;(15, 5);False;1;1589
;(7, 8);MoveNorthEast;(15, 5);False;1;1590
MoveWest;(6, 8);MoveNorthEast;(15, 5);False;1;1591
;(6, 8);MoveNorthEast;(15, 5);False;1;1592
;(6, 8);MoveNorthEast;(16, 4);False;1;1593
;(6, 8);MoveEast;(16, 4);False;1;1594
;(6, 8);MoveEast;(16, 4);False;1;1595
;(6, 8);MoveEast;(16, 4);False;1;1596
;(6, 8);MoveEast;(16, 4);False;1;1597
;(6, 8);MoveEast;(16, 4);False;1;1598
;(6, 8);MoveEast;(16, 4);False;1;1599
;(6, 8);MoveEast;(16, 4);False;1;1600
;(6, 8);MoveEast;(16, 4);False;1;1601
;(6, 8);MoveEast;(16, 4);False;1;1602
;(6, 8);MoveEast;(16, 4);False;1;1603
;(6, 8);MoveEast;(17, 4);False;1;1604
;(6, 8);DropLargeObject;(17, 4);False;1;1605
;(6, 8);DropLargeObject;(17, 4);False;1;1606
;(6, 8);DropLargeObject;(17, 4);False;1;1607
;(6, 8);DropLargeObject;(17, 4);False;1;1608
;(6, 8);DropLargeObject;(17, 4);False;1;1609
;(6, 8);DropLargeObject;(17, 4);False;1;1610
;(6, 8);DropLargeObject;(17, 4);False;1;1611
;(6, 8);DropLargeObject;(17, 4);False;1;1612
;(6, 8);DropLargeObject;(17, 4);False;1;1613
MoveEast;(7, 8);DropLargeObject;(17, 4);False;1;1614
;(7, 8);DropLargeObject;(17, 4);False;1;1615
;(7, 8);;(17, 4);False;1;1616
;(7, 8);MoveWest;(17, 4);False;1;1617
MoveEast;(8, 8);MoveWest;(17, 4);False;1;1618
;(8, 8);MoveWest;(17, 4);False;1;1619
;(8, 8);MoveWest;(17, 4);False;1;1620
;(8, 8);MoveWest;(17, 4);False;1;1621
;(8, 8);MoveWest;(17, 4);False;1;1622
;(8, 8);MoveWest;(17, 4);False;1;1623
;(8, 8);MoveWest;(17, 4);False;1;1624
;(8, 8);MoveWest;(17, 4);False;1;1625
;(8, 8);MoveWest;(17, 4);False;1;1626
;(8, 8);MoveWest;(16, 4);False;1;1627
;(8, 8);MoveWest;(16, 4);False;1;1628
;(8, 8);MoveWest;(16, 4);False;1;1629
;(8, 8);MoveWest;(16, 4);False;1;1630
;(8, 8);MoveWest;(16, 4);False;1;1631
;(8, 8);MoveWest;(16, 4);False;1;1632
;(8, 8);MoveWest;(16, 4);False;1;1633
;(8, 8);MoveWest;(16, 4);False;1;1634
;(8, 8);MoveWest;(16, 4);False;1;1635
;(8, 8);MoveWest;(16, 4);False;1;1636
MoveWest;(7, 8);MoveWest;(16, 4);False;1;1637
;(7, 8);MoveWest;(15, 4);False;1;1638
;(7, 8);MoveWest;(15, 4);False;1;1639
;(7, 8);MoveWest;(15, 4);False;1;1640
;(7, 8);MoveWest;(15, 4);False;1;1641
MoveWest;(6, 8);MoveWest;(15, 4);False;1;1642
;(6, 8);MoveWest;(15, 4);False;1;1643
;(6, 8);MoveWest;(15, 4);False;1;1644
;(6, 8);MoveWest;(15, 4);False;1;1645
MoveWest;(5, 8);MoveWest;(15, 4);False;1;1646
;(5, 8);MoveWest;(15, 4);False;1;1647
;(5, 8);MoveWest;(15, 4);False;1;1648
;(5, 8);MoveWest;(14, 4);False;1;1649
;(5, 8);MoveSouthWest;(14, 4);False;1;1650
;(5, 8);MoveSouthWest;(14, 4);False;1;1651
;(5, 8);MoveSouthWest;(14, 4);False;1;1652
;(5, 8);MoveSouthWest;(14, 4);False;1;1653
;(5, 8);MoveSouthWest;(14, 4);False;1;1654
;(5, 8);MoveSouthWest;(14, 4);False;1;1655
;(5, 8);MoveSouthWest;(14, 4);False;1;1656
;(5, 8);MoveSouthWest;(14, 4);False;1;1657
;(5, 8);MoveSouthWest;(14, 4);False;1;1658
;(5, 8);MoveSouthWest;(14, 4);False;1;1659
;(5, 8);MoveSouthWest;(13, 5);False;1;1660
;(5, 8);MoveSouthWest;(13, 5);False;1;1661
;(5, 8);MoveSouthWest;(13, 5);False;1;1662
;(5, 8);MoveSouthWest;(13, 5);False;1;1663
;(5, 8);MoveSouthWest;(13, 5);False;1;1664
;(5, 8);MoveSouthWest;(13, 5);False;1;1665
;(5, 8);MoveSouthWest;(13, 5);False;1;1666
;(5, 8);MoveSouthWest;(13, 5);False;1;1667
;(5, 8);MoveSouthWest;(13, 5);False;1;1668
;(5, 8);MoveSouthWest;(13, 5);False;1;1669
;(5, 8);MoveSouthWest;(13, 5);False;1;1670
;(5, 8);MoveSouthWest;(12, 6);False;1;1671
;(5, 8);MoveSouthWest;(12, 6);False;1;1672
;(5, 8);MoveSouthWest;(12, 6);False;1;1673
;(5, 8);MoveSouthWest;(12, 6);False;1;1674
;(5, 8);MoveSouthWest;(12, 6);False;1;1675
;(5, 8);MoveSouthWest;(12, 6);False;1;1676
;(5, 8);MoveSouthWest;(12, 6);False;1;1677
;(5, 8);MoveSouthWest;(12, 6);False;1;1678
;(5, 8);MoveSouthWest;(12, 6);False;1;1679
;(5, 8);MoveSouthWest;(12, 6);False;1;1680
;(5, 8);MoveSouthWest;(12, 6);False;1;1681
;(5, 8);MoveSouthWest;(11, 7);False;1;1682
;(5, 8);MoveWest;(11, 7);False;1;1683
;(5, 8);MoveWest;(11, 7);False;1;1684
MoveEast;(6, 8);MoveWest;(11, 7);False;1;1685
;(6, 8);MoveWest;(11, 7);False;1;1686
;(6, 8);MoveWest;(11, 7);False;1;1687
;(6, 8);MoveWest;(11, 7);False;1;1688
;(6, 8);MoveWest;(11, 7);False;1;1689
;(6, 8);MoveWest;(11, 7);False;1;1690
;(6, 8);MoveWest;(11, 7);False;1;1691
;(6, 8);MoveWest;(11, 7);False;1;1692
;(6, 8);MoveWest;(10, 7);False;1;1693
;(6, 8);MoveWest;(10, 7);False;1;1694
MoveEast;(7, 8);MoveWest;(10, 7);False;1;1695
;(7, 8);MoveWest;(10, 7);False;1;1696
;(7, 8);MoveWest;(10, 7);False;1;1697
;(7, 8);MoveWest;(10, 7);False;1;1698
;(7, 8);MoveWest;(10, 7);False;1;1699
;(7, 8);MoveWest;(10, 7);False;1;1700
MoveWest;(6, 8);MoveWest;(10, 7);False;1;1701
;(6, 8);MoveWest;(10, 7);False;1;1702
;(6, 8);MoveWest;(10, 7);False;1;1703
;(6, 8);MoveWest;(9, 7);False;1;1704
MoveWest;(5, 8);MoveWest;(9, 7);False;1;1705
;(5, 8);MoveWest;(9, 7);False;1;1706
;(5, 8);MoveWest;(9, 7);False;1;1707
;(5, 8);MoveWest;(9, 7);False;1;1708
MoveWest;(4, 8);MoveWest;(9, 7);False;1;1709
;(4, 8);MoveWest;(9, 7);False;1;1710
;(4, 8);MoveWest;(9, 7);False;1;1711
;(4, 8);MoveWest;(9, 7);False;1;1712
;(4, 8);MoveWest;(9, 7);False;1;1713
;(4, 8);MoveWest;(9, 7);False;1;1714
;(4, 8);MoveWest;(8, 7);False;1;1715
;(4, 8);MoveWest;(8, 7);False;1;1716
;(4, 8);MoveWest;(8, 7);False;1;1717
;(4, 8);MoveWest;(8, 7);False;1;1718
;(4, 8);MoveWest;(8, 7);False;1;1719
;(4, 8);MoveWest;(8, 7);False;1;1720
;(4, 8);MoveWest;(8, 7);False;1;1721
;(4, 8);MoveWest;(8, 7);False;1;1722
;(4, 8);MoveWest;(8, 7);False;1;1723
;(4, 8);MoveWest;(8, 7);False;1;1724
;(4, 8);MoveWest;(8, 7);False;1;1725
;(4, 8);MoveWest;(7, 7);False;1;1726
;(4, 8);GrabObject;(7, 7);False;1;1727
;(4, 8);GrabObject;(7, 7);False;1;1728
;(4, 8);GrabObject;(7, 7);False;1;1729
;(4, 8);GrabObject;(7, 7);False;1;1730
;(4, 8);GrabObject;(7, 7);False;1;1731
;(4, 8);GrabObject;(7, 7);False;1;1732
;(4, 8);GrabObject;(7, 7);False;1;1733
;(4, 8);GrabObject;(7, 7);False;1;1734
;(4, 8);GrabObject;(7, 7);False;1;1735
MoveEast;(5, 8);GrabObject;(7, 7);False;1;1736
;(5, 8);GrabObject;(7, 7);False;1;1737
;(5, 8);;(7, 7);False;1;1738
;(5, 8);MoveWest;(7, 7);False;1;1739
;(5, 8);MoveWest;(7, 7);False;1;1740
;(5, 8);MoveWest;(7, 7);False;1;1741
;(5, 8);MoveWest;(7, 7);False;1;1742
;(5, 8);MoveWest;(7, 7);False;1;1743
MoveEast;(6, 8);MoveWest;(7, 7);False;1;1744
;(6, 8);MoveWest;(7, 7);False;1;1745
;(6, 8);MoveWest;(7, 7);False;1;1746
;(6, 8);MoveWest;(7, 7);False;1;1747
MoveEast;(7, 8);MoveWest;(7, 7);False;1;1748
;(7, 8);MoveWest;(6, 7);False;1;1749
;(7, 8);MoveWest;(6, 7);False;1;1750
;(7, 8);MoveWest;(6, 7);False;1;1751
;(7, 8);MoveWest;(6, 7);False;1;1752
;(7, 8);MoveWest;(6, 7);False;1;1753
;(7, 8);MoveWest;(6, 7);False;1;1754
;(7, 8);MoveWest;(6, 7);False;1;1755
;(7, 8);MoveWest;(6, 7);False;1;1756
;(7, 8);MoveWest;(6, 7);False;1;1757
;(7, 8);MoveWest;(6, 7);False;1;1758
;(7, 8);MoveWest;(6, 7);False;1;1759
;(7, 8);MoveWest;(5, 7);False;1;1760
;(7, 8);MoveWest;(5, 7);False;1;1761
;(7, 8);MoveWest;(5, 7);False;1;1762
;(7, 8);MoveWest;(5, 7);False;1;1763
;(7, 8);MoveWest;(5, 7);False;1;1764
;(7, 8);MoveWest;(5, 7);False;1;1765
;(7, 8);MoveWest;(5, 7);False;1;1766
;(7, 8);MoveWest;(5, 7);False;1;1767
;(7, 8);MoveWest;(5, 7);False;1;1768
;(7, 8);MoveWest;(5, 7);False;1;1769
;(7, 8);MoveWest;(5, 7);False;1;1770
;(7, 8);MoveWest;(4, 7);False;1;1771
;(7, 8);MoveNorthWest;(4, 7);False;1;1772
;(7, 8);MoveNorthWest;(4, 7);False;1;1773
;(7, 8);MoveNorthWest;(4, 7);False;1;1774
;(7, 8);MoveNorthWest;(4, 7);False;1;1775
;(7, 8);MoveNorthWest;(4, 7);False;1;1776
;(7, 8);MoveNorthWest;(4, 7);False;1;1777
;(7, 8);MoveNorthWest;(4, 7);False;1;1778
;(7, 8);MoveNorthWest;(4, 7);False;1;1779
;(7, 8);MoveNorthWest;(4, 7);False;1;1780
;(7, 8);MoveNorthWest;(4, 7);False;1;1781
;(7, 8);MoveNorthWest;(3, 6);False;1;1782
;(7, 8);MoveWest;(3, 6);False;1;1783
;(7, 8);MoveWest;(3, 6);False;1;1784
;(7, 8);MoveWest;(3, 6);False;1;1785
;(7, 8);MoveWest;(3, 6);False;1;1786
;(7, 8);MoveWest;(3, 6);False;1;1787
;(7, 8);MoveWest;(3, 6);False;1;1788
;(7, 8);MoveWest;(3, 6);False;1;1789
;(7, 8);MoveWest;(3, 6);False;1;1790
;(7, 8);MoveWest;(3, 6);False;1;1791
;(7, 8);MoveWest;(3, 6);False;1;1792
;(7, 8);MoveWest;(2, 6);False;1;1793
;(7, 8);MoveNorthWest;(2, 6);False;1;1794
;(7, 8);MoveNorthWest;(2, 6);False;1;1795
;(7, 8);MoveNorthWest;(2, 6);False;1;1796
;(7, 8);MoveNorthWest;(2, 6);False;1;1797
;(7, 8);MoveNorthWest;(2, 6);False;1;1798
;(7, 8);MoveNorthWest;(2, 6);False;1;1799
;(7, 8);MoveNorthWest;(2, 6);False;1;1800
;(7, 8);MoveNorthWest;(2, 6);False;1;1801
MoveWest;(6, 8);MoveNorthWest;(2, 6);False;1;1802
;(6, 8);MoveNorthWest;(2, 6);False;1;1803
;(6, 8);MoveNorthWest;(1, 5);False;1;1804
;(6, 8);MoveWest;(1, 5);False;1;1805
;(6, 8);MoveWest;(1, 5);False;1;1806
;(6, 8);MoveWest;(1, 5);False;1;1807
;(6, 8);MoveWest;(1, 5);False;1;1808
;(6, 8);MoveWest;(1, 5);False;1;1809
;(6, 8);MoveWest;(1, 5);False;1;1810
;(6, 8);MoveWest;(1, 5);False;1;1811
MoveEast;(7, 8);MoveWest;(1, 5);False;1;1812
;(7, 8);MoveWest;(1, 5);False;1;1813
;(7, 8);MoveWest;(1, 5);False;1;1814
;(7, 8);MoveWest;(0, 5);False;1;1815
;(7, 8);DropObject;(0, 5);False;1;1816
;(7, 8);DropObject;(0, 5);False;1;1817
;(7, 8);DropObject;(0, 5);False;1;1818
;(7, 8);DropObject;(0, 5);False;1;1819
;(7, 8);DropObject;(0, 5);False;1;1820
;(7, 8);DropObject;(0, 5);False;1;1821
;(7, 8);DropObject;(0, 5);False;1;1822
;(7, 8);DropObject;(0, 5);False;1;1823
;(7, 8);DropObject;(0, 5);False;1;1824
;(7, 8);DropObject;(0, 5);False;1;1825
;(7, 8);DropObject;(0, 5);False;1;1826
;(7, 8);;(0, 5);False;1;1827
;(7, 8);MoveEast;(0, 5);False;1;1828
;(7, 8);MoveEast;(0, 5);False;1;1829
;(7, 8);MoveEast;(0, 5);False;1;1830
;(7, 8);MoveEast;(0, 5);False;1;1831
;(7, 8);MoveEast;(0, 5);False;1;1832
;(7, 8);MoveEast;(0, 5);False;1;1833
;(7, 8);MoveEast;(0, 5);False;1;1834
;(7, 8);MoveEast;(0, 5);False;1;1835
;(7, 8);MoveEast;(0, 5);False;1;1836
;(7, 8);MoveEast;(0, 5);False;1;1837
;(7, 8);MoveEast;(1, 5);False;1;1838
MoveEast;(8, 8);MoveEast;(1, 5);False;1;1839
;(8, 8);MoveEast;(1, 5);False;1;1840
;(8, 8);MoveEast;(1, 5);False;1;1841
;(8, 8);MoveEast;(1, 5);False;1;1842
;(8, 8);MoveEast;(1, 5);False;1;1843
;(8, 8);MoveEast;(1, 5);False;1;1844
;(8, 8);MoveEast;(1, 5);False;1;1845
;(8, 8);MoveEast;(1, 5);False;1;1846
;(8, 8);MoveEast;(1, 5);False;1;1847
;(8, 8);MoveEast;(1, 5);False;1;1848
;(8, 8);MoveEast;(2, 5);False;1;1849
;(8, 8);MoveEast;(2, 5);False;1;1850
;(8, 8);MoveEast;(2, 5);False;1;1851
;(8, 8);MoveEast;(2, 5);False;1;1852
MoveNorth;(8, 7);MoveEast;(2, 5);False;1;1853
;(8, 7);MoveEast;(2, 5);False;1;1854
;(8, 7);MoveEast;(2, 5);False;1;1855
;(8, 7);MoveEast;(2, 5);False;1;1856
;(8, 7);MoveEast;(2, 5);False;1;1857
;(8, 7);MoveEast;(2, 5);False;1;1858
;(8, 7);MoveEast;(2, 5);False;1;1859
;(8, 7);MoveEast;(3, 5);False;1;1860
;(8, 7);MoveEast;(3, 5);False;1;1861
;(8, 7);MoveEast;(3, 5);False;1;1862
;(8, 7);MoveEast;(3, 5);False;1;1863
;(8, 7);MoveEast;(3, 5);False;1;1864
;(8, 7);MoveEast;(3, 5);False;1;1865
MoveSouth;(8, 8);MoveEast;(3, 5);False;1;1866
;(8, 8);MoveEast;(3, 5);False;1;1867
;(8, 8);MoveEast;(3, 5);False;1;1868
;(8, 8);MoveEast;(3, 5);False;1;1869
;(8, 8);MoveEast;(3, 5);False;1;1870
MoveSouth;(8, 9);MoveEast;(4, 5);False;1;1871
;(8, 9);MoveEast;(4, 5);False;1;1872
;(8, 9);MoveEast;(4, 5);False;1;1873
;(8, 9);MoveEast;(4, 5);False;1;1874
MoveSouth;(8, 10);MoveEast;(4, 5);False;1;1875
;(8, 10);MoveEast;(4, 5);False;1;1876
;(8, 10);MoveEast;(4, 5);False;1;1877
;(8, 10);MoveEast;(4, 5);False;1;1878
;(8, 10);MoveEast;(4, 5);False;1;1879
MoveWest;(7, 10);MoveEast;(4, 5);False;1;1880
;(7, 10);MoveEast;(4, 5);False;1;1881
;(7, 10);MoveEast;(5, 5);False;1;1882
;(7, 10);MoveSouthEast;(5, 5);False;1;1883
;(7, 10);MoveSouthEast;(5, 5);False;1;1884
;(7, 10);MoveSouthEast;(5, 5);False;1;1885
;(7, 10);MoveSouthEast;(5, 5);False;1;1886
;(7, 10);MoveSouthEast;(5, 5);False;1;1887
MoveWest;(6, 10);MoveSouthEast;(5, 5);False;1;1888
;(6, 10);MoveSouthEast;(5, 5);False;1;1889
;(6, 10);MoveSouthEast;(5, 5);False;1;1890
;(6, 10);MoveSouthEast;(5, 5);False;1;1891
;(6, 10);MoveSouthEast;(5, 5);False;1;1892
;(6, 10);MoveSouthEast;(6, 6);False;1;1893
;(6, 10);MoveEast;(6, 6);False;1;1894
;(6, 10);MoveEast;(6, 6);False;1;1895
;(6, 10);MoveEast;(6, 6);False;1;1896
;(6, 10);MoveEast;(6, 6);False;1;1897
;(6, 10);MoveEast;(6, 6);False;1;1898
;(6, 10);MoveEast;(6, 6);False;1;1899
;(6, 10);MoveEast;(6, 6);False;1;1900
;(6, 10);MoveEast;(6, 6);False;1;1901
;(6, 10);MoveEast;(6, 6);False;1;1902
;(6, 10);MoveEast;(6, 6);False;1;1903
;(6, 10);MoveEast;(7, 6);False;1;1904
;(6, 10);MoveSouthEast;(7, 6);False;1;1905
MoveWest;(5, 10);MoveSouthEast;(7, 6);False;1;1906
;(5, 10);MoveSouthEast;(7, 6);False;1;1907
;(5, 10);MoveSouthEast;(7, 6);False;1;1908
;(5, 10);MoveSouthEast;(7, 6);False;1;1909
;(5, 10);MoveSouthEast;(7, 6);False;1;1910
;(5, 10);MoveSouthEast;(7, 6);False;1;1911
MoveNorth;(5, 9);MoveSouthEast;(7, 6);False;1;1912
;(5, 9);MoveSouthEast;(7, 6);False;1;1913
;(5, 9);MoveSouthEast;(7, 6);False;1;1914
;(5, 9);MoveSouthEast;(8, 7);False;1;1915
;(5, 9);MoveEast;(8, 7);False;1;1916
;(5, 9);MoveEast;(8, 7);False;1;1917
;(5, 9);MoveEast;(8, 7);False;1;1918
MoveNorth;(5, 8);MoveEast;(8, 7);False;1;1919
;(5, 8);MoveEast;(8, 7);False;1;1920
;(5, 8);MoveEast;(8, 7);False;1;1921
;(5, 8);MoveEast;(8, 7);False;1;1922
;(5, 8);MoveEast;(8, 7);False;1;1923
;(5, 8);MoveEast;(8, 7);False;1;1924
;(5, 8);MoveEast;(8, 7);False;1;1925
;(5, 8);MoveEast;(9, 7);False;1;1926
;(5, 8);GrabObject;(9, 7);False;1;1927
;(5, 8);GrabObject;(9, 7);False;1;1928
;(5, 8);GrabObject;(9, 7);False;1;1929
;(5, 8);GrabObject;(9, 7);False;1;1930
;(5, 8);GrabObject;(9, 7);False;1;1931
;(5, 8);GrabObject;(9, 7);False;1;1932
;(5, 8);GrabObject;(9, 7);False;1;1933
;(5, 8);GrabObject;(9, 7);False;1;1934
;(5, 8);GrabObject;(9, 7);False;1;1935
;(5, 8);GrabObject;(9, 7);False;1;1936
;(5, 8);GrabObject;(9, 7);False;1;1937
;(5, 8);;(9, 7);False;1;1938
;(5, 8);MoveWest;(9, 7);False;1;1939
;(5, 8);MoveWest;(9, 7);False;1;1940
;(5, 8);MoveWest;(9, 7);False;1;1941
;(5, 8);MoveWest;(9, 7);False;1;1942
;(5, 8);MoveWest;(9, 7);False;1;1943
;(5, 8);MoveWest;(9, 7);False;1;1944
;(5, 8);MoveWest;(9, 7);False;1;1945
;(5, 8);MoveWest;(9, 7);False;1;1946
;(5, 8);MoveWest;(9, 7);False;1;1947
;(5, 8);MoveWest;(9, 7);False;1;1948
;(5, 8);MoveWest;(8, 7);False;1;1949
;(5, 8);MoveWest;(8, 7);False;1;1950
;(5, 8);MoveWest;(8, 7);False;1;1951
;(5, 8);MoveWest;(8, 7);False;1;1952
;(5, 8);MoveWest;(8, 7);False;1;1953
;(5, 8);MoveWest;(8, 7);False;1;1954
;(5, 8);MoveWest;(8, 7);False;1;1955
;(5, 8);MoveWest;(8, 7);False;1;1956
;(5, 8);MoveWest;(8, 7);False;1;1957
;(5, 8);MoveWest;(8, 7);False;1;1958
;(5, 8);MoveWest;(8, 7);False;1;1959
;(5, 8);MoveWest;(7, 7);False;1;1960
;(5, 8);MoveWest;(7, 7);False;1;1961
;(5, 8);MoveWest;(7, 7);False;1;1962
;(5, 8);MoveWest;(7, 7);False;1;1963
;(5, 8);MoveWest;(7, 7);False;1;1964
;(5, 8);MoveWest;(7, 7);False;1;1965
;(5, 8);MoveWest;(7, 7);False;1;1966
;(5, 8);MoveWest;(7, 7);False;1;1967
;(5, 8);MoveWest;(7, 7);False;1;1968
;(5, 8);MoveWest;(7, 7);False;1;1969
;(5, 8);MoveWest;(7, 7);False;1;1970
;(5, 8);MoveWest;(6, 7);False;1;1971
;(5, 8);MoveWest;(6, 7);False;1;1972
;(5, 8);MoveWest;(6, 7);False;1;1973
;(5, 8);MoveWest;(6, 7);False;1;1974
;(5, 8);MoveWest;(6, 7);False;1;1975
;(5, 8);MoveWest;(6, 7);False;1;1976
;(5, 8);MoveWest;(6, 7);False;1;1977
;(5, 8);MoveWest;(6, 7);False;1;1978
;(5, 8);MoveWest;(6, 7);False;1;1979
;(5, 8);MoveWest;(6, 7);False;1;1980
;(5, 8);MoveWest;(6, 7);False;1;1981
;(5, 8);MoveWest;(5, 7);False;1;1982
;(5, 8);MoveNorthWest;(5, 7);False;1;1983
;(5, 8);MoveNorthWest;(5, 7);False;1;1984
;(5, 8);MoveNorthWest;(5, 7);False;1;1985
;(5, 8);MoveNorthWest;(5, 7);False;1;1986
;(5, 8);MoveNorthWest;(5, 7);False;1;1987
;(5, 8);MoveNorthWest;(5, 7);False;1;1988
;(5, 8);MoveNorthWest;(5, 7);False;1;1989
;(5, 8);MoveNorthWest;(5, 7);False;1;1990
;(5, 8);MoveNorthWest;(5, 7);False;1;1991
;(5, 8);MoveNorthWest;(5, 7);False;1;1992
;(5, 8);MoveNorthWest;(4, 6);False;1;1993
;(5, 8);MoveWest;(4, 6);False;1;1994
;(5, 8);MoveWest;(4, 6);False;1;1995
;(5, 8);MoveWest;(4, 6);False;1;1996
;(5, 8);MoveWest;(4, 6);False;1;1997
;(5, 8);MoveWest;(4, 6);False;1;1998
;(5, 8);MoveWest;(4, 6);False;1;1999
;(5, 8);MoveWest;(4, 6);False;1;2000
;(5, 8);MoveWest;(4, 6);False;1;2001
;(5, 8);MoveWest;(4, 6);False;1;2002
;(5, 8);MoveWest;(4, 6);False;1;2003
;(5, 8);MoveWest;(3, 6);False;1;2004
;(5, 8);MoveNorthWest;(3, 6);False;1;2005
;(5, 8);MoveNorthWest;(3, 6);False;1;2006
;(5, 8);MoveNorthWest;(3, 6);False;1;2007
;(5, 8);MoveNorthWest;(3, 6);False;1;2008
;(5, 8);MoveNorthWest;(3, 6);False;1;2009
;(5, 8);MoveNorthWest;(3, 6);False;1;2010
;(5, 8);MoveNorthWest;(3, 6);False;1;2011
;(5, 8);MoveNorthWest;(3, 6);False;1;2012
;(5, 8);MoveNorthWest;(3, 6);False;1;2013
;(5, 8);MoveNorthWest;(3, 6);False;1;2014
;(5, 8);MoveNorthWest;(2, 5);False;1;2015
;(5, 8);MoveWest;(2, 5);False;1;2016
;(5, 8);MoveWest;(2, 5);False;1;2017
;(5, 8);MoveWest;(2, 5);False;1;2018
;(5, 8);MoveWest;(2, 5);False;1;2019
;(5, 8);MoveWest;(2, 5);False;1;2020
;(5, 8);MoveWest;(2, 5);False;1;2021
;(5, 8);MoveWest;(2, 5);False;1;2022
;(5, 8);MoveWest;(2, 5);False;1;2023
;(5, 8);MoveWest;(2, 5);False;1;2024
;(5, 8);MoveWest;(2, 5);False;1;2025
;(5, 8);MoveWest;(1, 5);False;1;2026
;(5, 8);DropObject;(1, 5);False;1;2027
;(5, 8);DropObject;(1, 5);False;1;2028
;(5, 8);DropObject;(1, 5);False;1;2029
;(5, 8);DropObject;(1, 5);False;1;2030
;(5, 8);DropObject;(1, 5);False;1;2031
;(5, 8);DropObject;(1, 5);False;1;2032
;(5, 8);DropObject;(1, 5);False;1;2033
;(5, 8);DropObject;(1, 5);False;1;2034
;(5, 8);DropObject;(1, 5);False;1;2035
;(5, 8);DropObject;(1, 5);False;1;2036
;(5, 8);DropObject;(1, 5);False;1;2037
;(5, 8);;(1, 5);False;1;2038
;(5, 8);;(1, 5);False;1;2039
;(5, 8);;(1, 5);False;1;2040
;(5, 8);;(1, 5);False;1;2041
;(5, 8);;(1, 5);False;1;2042
;(5, 8);;(1, 5);False;1;2043
;(5, 8);;(1, 5);False;1;2044
;(5, 8);;(1, 5);False;1;2045
;(5, 8);;(1, 5);False;1;2046
;(5, 8);;(1, 5);False;1;2047
;(5, 8);;(1, 5);False;1;2048
;(5, 8);;(1, 5);False;1;2049
;(5, 8);;(1, 5);False;1;2050
;(5, 8);;(1, 5);False;1;2051
;(5, 8);;(1, 5);False;1;2052
;(5, 8);;(1, 5);False;1;2053
;(5, 8);;(1, 5);False;1;2054
;(5, 8);;(1, 5);False;1;2055
;(5, 8);;(1, 5);False;1;2056
;(5, 8);;(1, 5);False;1;2057
;(5, 8);;(1, 5);False;1;2058
;(5, 8);;(1, 5);False;1;2059
;(5, 8);;(1, 5);False;1;2060
;(5, 8);;(1, 5);False;1;2061
;(5, 8);;(1, 5);False;1;2062
;(5, 8);;(1, 5);False;1;2063
;(5, 8);;(1, 5);False;1;2064
;(5, 8);;(1, 5);False;1;2065
;(5, 8);;(1, 5);False;1;2066
;(5, 8);;(1, 5);False;1;2067
;(5, 8);;(1, 5);False;1;2068
;(5, 8);;(1, 5);False;1;2069
;(5, 8);;(1, 5);False;1;2070
;(5, 8);;(1, 5);False;1;2071
;(5, 8);;(1, 5);False;1;2072
;(5, 8);;(1, 5);False;1;2073
;(5, 8);;(1, 5);False;1;2074
;(5, 8);;(1, 5);False;1;2075
;(5, 8);;(1, 5);False;1;2076
;(5, 8);;(1, 5);False;1;2077
;(5, 8);;(1, 5);False;1;2078
;(5, 8);;(1, 5);False;1;2079
;(5, 8);;(1, 5);False;1;2080
;(5, 8);;(1, 5);False;1;2081
;(5, 8);;(1, 5);False;1;2082
;(5, 8);;(1, 5);False;1;2083
;(5, 8);;(1, 5);False;1;2084
;(5, 8);;(1, 5);False;1;2085
;(5, 8);;(1, 5);False;1;2086
MoveEast;(6, 8);;(1, 5);False;1;2087
;(6, 8);;(1, 5);False;1;2088
;(6, 8);MoveEast;(1, 5);False;1;2089
;(6, 8);MoveEast;(1, 5);False;1;2090
;(6, 8);MoveEast;(1, 5);False;1;2091
;(6, 8);MoveEast;(1, 5);False;1;2092
MoveEast;(7, 8);MoveEast;(1, 5);False;1;2093
;(7, 8);MoveEast;(1, 5);False;1;2094
;(7, 8);MoveEast;(1, 5);False;1;2095
;(7, 8);MoveEast;(1, 5);False;1;2096
MoveEast;(8, 8);MoveEast;(1, 5);False;1;2097
;(8, 8);MoveEast;(1, 5);False;1;2098
;(8, 8);MoveEast;(2, 5);False;1;2099
;(8, 8);MoveEast;(2, 5);False;1;2100
;(8, 8);MoveEast;(2, 5);False;1;2101
;(8, 8);MoveEast;(2, 5);False;1;2102
;(8, 8);MoveEast;(2, 5);False;1;2103
;(8, 8);MoveEast;(2, 5);False;1;2104
;(8, 8);MoveEast;(2, 5);False;1;2105
;(8, 8);MoveEast;(2, 5);False;1;2106
;(8, 8);MoveEast;(2, 5);False;1;2107
;(8, 8);MoveEast;(2, 5);False;1;2108
;(8, 8);MoveEast;(2, 5);False;1;2109
;(8, 8);MoveEast;(3, 5);False;1;2110
;(8, 8);MoveEast;(3, 5);False;1;2111
;(8, 8);MoveEast;(3, 5);False;1;2112
;(8, 8);MoveEast;(3, 5);False;1;2113
;(8, 8);MoveEast;(3, 5);False;1;2114
;(8, 8);MoveEast;(3, 5);False;1;2115
;(8, 8);MoveEast;(3, 5);False;1;2116
;(8, 8);MoveEast;(3, 5);False;1;2117
;(8, 8);MoveEast;(3, 5);False;1;2118
;(8, 8);MoveEast;(3, 5);False;1;2119
;(8, 8);MoveEast;(3, 5);False;1;2120
;(8, 8);MoveEast;(4, 5);False;1;2121
;(8, 8);MoveSouthEast;(4, 5);False;1;2122
;(8, 8);MoveSouthEast;(4, 5);False;1;2123
;(8, 8);MoveSouthEast;(4, 5);False;1;2124
;(8, 8);MoveSouthEast;(4, 5);False;1;2125
;(8, 8);MoveSouthEast;(4, 5);False;1;2126
;(8, 8);MoveSouthEast;(4, 5);False;1;2127
;(8, 8);MoveSouthEast;(4, 5);False;1;2128
MoveWest;(7, 8);MoveSouthEast;(4, 5);False;1;2129
;(7, 8);MoveSouthEast;(4, 5);False;1;2130
;(7, 8);MoveSouthEast;(4, 5);False;1;2131
;(7, 8);MoveSouthEast;(5, 6);False;1;2132
;(7, 8);MoveEast;(5, 6);False;1;2133
;(7, 8);MoveEast;(5, 6);False;1;2134
;(7, 8);MoveEast;(5, 6);False;1;2135
;(7, 8);MoveEast;(5, 6);False;1;2136
;(7, 8);MoveEast;(5, 6);False;1;2137
;(7, 8);MoveEast;(5, 6);False;1;2138
;(7, 8);MoveEast;(5, 6);False;1;2139
;(7, 8);MoveEast;(5, 6);False;1;2140
;(7, 8);MoveEast;(5, 6);False;1;2141
;(7, 8);MoveEast;(5, 6);False;1;2142
;(7, 8);MoveEast;(6, 6);False;1;2143
;(7, 8);MoveEast;(6, 6);False;1;2144
;(7, 8);MoveEast;(6, 6);False;1;2145
;(7, 8);MoveEast;(6, 6);False;1;2146
;(7, 8);MoveEast;(6, 6);False;1;2147
;(7, 8);MoveEast;(6, 6);False;1;2148
;(7, 8);MoveEast;(6, 6);False;1;2149
;(7, 8);MoveEast;(6, 6);False;1;2150
;(7, 8);MoveEast;(6, 6);False;1;2151
;(7, 8);MoveEast;(6, 6);False;1;2152
;(7, 8);MoveEast;(6, 6);False;1;2153
;(7, 8);MoveEast;(7, 6);False;1;2154
;(7, 8);MoveSouthEast;(7, 6);False;1;2155
;(7, 8);MoveSouthEast;(7, 6);False;1;2156
;(7, 8);MoveSouthEast;(7, 6);False;1;2157
;(7, 8);MoveSouthEast;(7, 6);False;1;2158
;(7, 8);MoveSouthEast;(7, 6);False;1;2159
;(7, 8);MoveSouthEast;(7, 6);False;1;2160
;(7, 8);MoveSouthEast;(7, 6);False;1;2161
;(7, 8);MoveSouthEast;(7, 6);False;1;2162
MoveWest;(6, 8);MoveSouthEast;(7, 6);False;1;2163
;(6, 8);MoveSouthEast;(7, 6);False;1;2164
;(6, 8);MoveSouthEast;(8, 7);False;1;2165
;(6, 8);GrabObject;(8, 7);False;1;2166
;(6, 8);GrabObject;(8, 7);False;1;2167
;(6, 8);GrabObject;(8, 7);False;1;2168
;(6, 8);GrabObject;(8, 7);False;1;2169
;(6, 8);GrabObject;(8, 7);False;1;2170
;(6, 8);GrabObject;(8, 7);False;1;2171
;(6, 8);GrabObject;(8, 7);False;1;2172
;(6, 8);GrabObject;(8, 7);False;1;2173
;(6, 8);GrabObject;(8, 7);False;1;2174
;(6, 8);GrabObject;(8, 7);False;1;2175
;(6, 8);GrabObject;(8, 7);False;1;2176
;(6, 8);;(8, 7);False;1;2177
;(6, 8);MoveWest;(8, 7);False;1;2178
;(6, 8);MoveWest;(8, 7);False;1;2179
;(6, 8);MoveWest;(8, 7);False;1;2180
;(6, 8);MoveWest;(8, 7);False;1;2181
;(6, 8);MoveWest;(8, 7);False;1;2182
;(6, 8);MoveWest;(8, 7);False;1;2183
;(6, 8);MoveWest;(8, 7);False;1;2184
MoveEast;(7, 8);MoveWest;(8, 7);False;1;2185
;(7, 8);MoveWest;(8, 7);False;1;2186
;(7, 8);MoveWest;(8, 7);False;1;2187
;(7, 8);MoveWest;(7, 7);False;1;2188
;(7, 8);MoveWest;(7, 7);False;1;2189
;(7, 8);MoveWest;(7, 7);False;1;2190
;(7, 8);MoveWest;(7, 7);False;1;2191
;(7, 8);MoveWest;(7, 7);False;1;2192
;(7, 8);MoveWest;(7, 7);False;1;2193
;(7, 8);MoveWest;(7, 7);False;1;2194
;(7, 8);MoveWest;(7, 7);False;1;2195
;(7, 8);MoveWest;(7, 7);False;1;2196
;(7, 8);MoveWest;(7, 7);False;1;2197
;(7, 8);MoveWest;(7, 7);False;1;2198
;(7, 8);MoveWest;(6, 7);False;1;2199
;(7, 8);MoveWest;(6, 7);False;1;2200
;(7, 8);MoveWest;(6, 7);False;1;2201
;(7, 8);MoveWest;(6, 7);False;1;2202
;(7, 8);MoveWest;(6, 7);False;1;2203
;(7, 8);MoveWest;(6, 7);False;1;2204
;(7, 8);MoveWest;(6, 7);False;1;2205
;(7, 8);MoveWest;(6, 7);False;1;2206
;(7, 8);MoveWest;(6, 7);False;1;2207
;(7, 8);MoveWest;(6, 7);False;1;2208
;(7, 8);MoveWest;(6, 7);False;1;2209
;(7, 8);MoveWest;(5, 7);False;1;2210
;(7, 8);MoveWest;(5, 7);False;1;2211
;(7, 8);MoveWest;(5, 7);False;1;2212
;(7, 8);MoveWest;(5, 7);False;1;2213
;(7, 8);MoveWest;(5, 7);False;1;2214
;(7, 8);MoveWest;(5, 7);False;1;2215
;(7, 8);MoveWest;(5, 7);False;1;2216
;(7, 8);MoveWest;(5, 7);False;1;2217
;(7, 8);MoveWest;(5, 7);False;1;2218
;(7, 8);MoveWest;(5, 7);False;1;2219
;(7, 8);MoveWest;(5, 7);False;1;2220
;(7, 8);MoveWest;(4, 7);False;1;2221
;(7, 8);MoveNorthWest;(4, 7);False;1;2222
;(7, 8);MoveNorthWest;(4, 7);False;1;2223
;(7, 8);MoveNorthWest;(4, 7);False;1;2224
;(7, 8);MoveNorthWest;(4, 7);False;1;2225
MoveWest;(6, 8);MoveNorthWest;(4, 7);False;1;2226
;(6, 8);MoveNorthWest;(4, 7);False;1;2227
;(6, 8);MoveNorthWest;(4, 7);False;1;2228
;(6, 8);MoveNorthWest;(4, 7);False;1;2229
MoveWest;(5, 8);MoveNorthWest;(4, 7);False;1;2230
;(5, 8);MoveNorthWest;(4, 7);False;1;2231
;(5, 8);MoveNorthWest;(3, 6);False;1;2232
MoveWest;(4, 8);MoveWest;(3, 6);False;1;2233
;(4, 8);MoveWest;(3, 6);False;1;2234
;(4, 8);MoveWest;(3, 6);False;1;2235
;(4, 8);MoveWest;(3, 6);False;1;2236
MoveWest;(3, 8);MoveWest;(3, 6);False;1;2237
;(3, 8);MoveWest;(3, 6);False;1;2238
;(3, 8);MoveWest;(3, 6);False;1;2239
MoveWest;(2, 8);MoveWest;(3, 6);False;1;2240
;(2, 8);MoveWest;(3, 6);False;1;2241
;(2, 8);MoveWest;(3, 6);False;1;2242
;(2, 8);MoveWest;(2, 6);False;1;2243
;(2, 8);MoveNorthWest;(2, 6);False;1;2244
MoveEast;(3, 8);MoveNorthWest;(2, 6);False;1;2245
;(3, 8);MoveNorthWest;(2, 6);False;1;2246
;(3, 8);MoveNorthWest;(2, 6);False;1;2247
;(3, 8);MoveNorthWest;(2, 6);False;1;2248
;(3, 8);MoveNorthWest;(2, 6);False;1;2249
;(3, 8);MoveNorthWest;(2, 6);False;1;2250
;(3, 8);MoveNorthWest;(2, 6);False;1;2251
;(3, 8);MoveNorthWest;(2, 6);False;1;2252
MoveWest;(2, 8);MoveNorthWest;(2, 6);False;1;2253
;(2, 8);MoveNorthWest;(1, 5);False;1;2254
;(2, 8);MoveWest;(1, 5);False;1;2255
;(2, 8);MoveWest;(1, 5);False;1;2256
;(2, 8);MoveWest;(1, 5);False;1;2257
;(2, 8);MoveWest;(1, 5);False;1;2258
;(2, 8);MoveWest;(1, 5);False;1;2259
;(2, 8);MoveWest;(1, 5);False;1;2260
;(2, 8);MoveWest;(1, 5);False;1;2261
;(2, 8);MoveWest;(1, 5);False;1;2262
;(2, 8);MoveWest;(1, 5);False;1;2263
;(2, 8);MoveWest;(1, 5);False;1;2264
;(2, 8);MoveWest;(0, 5);False;1;2265
;(2, 8);DropObject;(0, 5);False;1;2266
;(2, 8);DropObject;(0, 5);False;1;2267
;(2, 8);DropObject;(0, 5);False;1;2268
;(2, 8);DropObject;(0, 5);False;1;2269
;(2, 8);DropObject;(0, 5);False;1;2270
;(2, 8);DropObject;(0, 5);False;1;2271
;(2, 8);DropObject;(0, 5);False;1;2272
;(2, 8);DropObject;(0, 5);False;1;2273
;(2, 8);DropObject;(0, 5);False;1;2274
;(2, 8);DropObject;(0, 5);False;1;2275
;(2, 8);DropObject;(0, 5);False;1;2276
;(2, 8);;(0, 5);False;1;2277
;(2, 8);;(0, 5);False;1;2278
;(2, 8);;(0, 5);False;1;2279
;(2, 8);;(0, 5);False;1;2280
;(2, 8);;(0, 5);False;1;2281
;(2, 8);;(0, 5);False;1;2282
;(2, 8);;(0, 5);False;1;2283
;(2, 8);;(0, 5);False;1;2284
;(2, 8);;(0, 5);False;1;2285
;(2, 8);;(0, 5);False;1;2286
;(2, 8);;(0, 5);False;1;2287
;(2, 8);;(0, 5);False;1;2288
;(2, 8);;(0, 5);False;1;2289
;(2, 8);;(0, 5);False;1;2290
;(2, 8);;(0, 5);False;1;2291
;(2, 8);;(0, 5);False;1;2292
;(2, 8);;(0, 5);False;1;2293
;(2, 8);;(0, 5);False;1;2294
;(2, 8);;(0, 5);False;1;2295
;(2, 8);;(0, 5);False;1;2296
;(2, 8);;(0, 5);False;1;2297
;(2, 8);;(0, 5);False;1;2298
;(2, 8);;(0, 5);False;1;2299
;(2, 8);;(0, 5);False;1;2300
;(2, 8);;(0, 5);False;1;2301
;(2, 8);;(0, 5);False;1;2302
;(2, 8);;(0, 5);False;1;2303
;(2, 8);;(0, 5);False;1;2304
;(2, 8);;(0, 5);False;1;2305
;(2, 8);;(0, 5);False;1;2306
;(2, 8);;(0, 5);False;1;2307
;(2, 8);;(0, 5);False;1;2308
;(2, 8);;(0, 5);False;1;2309
;(2, 8);;(0, 5);False;1;2310
;(2, 8);;(0, 5);False;1;2311
;(2, 8);;(0, 5);False;1;2312
;(2, 8);;(0, 5);False;1;2313
;(2, 8);;(0, 5);False;1;2314
;(2, 8);;(0, 5);False;1;2315
;(2, 8);;(0, 5);False;1;2316
;(2, 8);;(0, 5);False;1;2317
;(2, 8);;(0, 5);False;1;2318
;(2, 8);;(0, 5);False;1;2319
;(2, 8);;(0, 5);False;1;2320
;(2, 8);;(0, 5);False;1;2321
;(2, 8);;(0, 5);False;1;2322
;(2, 8);;(0, 5);False;1;2323
;(2, 8);;(0, 5);False;1;2324
;(2, 8);;(0, 5);False;1;2325
;(2, 8);;(0, 5);False;1;2326
;(2, 8);;(0, 5);False;1;2327
;(2, 8);;(0, 5);False;1;2328
;(2, 8);;(0, 5);False;1;2329
;(2, 8);;(0, 5);False;1;2330
;(2, 8);;(0, 5);False;1;2331
;(2, 8);;(0, 5);False;1;2332
;(2, 8);;(0, 5);False;1;2333
;(2, 8);;(0, 5);False;1;2334
;(2, 8);;(0, 5);False;1;2335
;(2, 8);;(0, 5);False;1;2336
;(2, 8);;(0, 5);False;1;2337
;(2, 8);;(0, 5);False;1;2338
;(2, 8);;(0, 5);False;1;2339
;(2, 8);;(0, 5);False;1;2340
;(2, 8);;(0, 5);False;1;2341
;(2, 8);;(0, 5);False;1;2342
;(2, 8);;(0, 5);False;1;2343
;(2, 8);;(0, 5);False;1;2344
;(2, 8);;(0, 5);False;1;2345
;(2, 8);;(0, 5);False;1;2346
;(2, 8);;(0, 5);False;1;2347
;(2, 8);;(0, 5);False;1;2348
;(2, 8);;(0, 5);False;1;2349
;(2, 8);;(0, 5);False;1;2350
;(2, 8);;(0, 5);False;1;2351
;(2, 8);;(0, 5);False;1;2352
;(2, 8);;(0, 5);False;1;2353
;(2, 8);;(0, 5);False;1;2354
;(2, 8);;(0, 5);False;1;2355
;(2, 8);;(0, 5);False;1;2356
;(2, 8);;(0, 5);False;1;2357
;(2, 8);;(0, 5);False;1;2358
;(2, 8);;(0, 5);False;1;2359
;(2, 8);;(0, 5);False;1;2360
;(2, 8);;(0, 5);False;1;2361
;(2, 8);;(0, 5);False;1;2362
;(2, 8);;(0, 5);False;1;2363
;(2, 8);;(0, 5);False;1;2364
;(2, 8);;(0, 5);False;1;2365
;(2, 8);;(0, 5);False;1;2366
MoveSouth;(2, 9);;(0, 5);False;1;2367
;(2, 9);;(0, 5);False;1;2368
;(2, 9);MoveEast;(0, 5);False;1;2369
;(2, 9);MoveEast;(0, 5);False;1;2370
;(2, 9);MoveEast;(0, 5);False;1;2371
;(2, 9);MoveEast;(0, 5);False;1;2372
;(2, 9);MoveEast;(0, 5);False;1;2373
;(2, 9);MoveEast;(0, 5);False;1;2374
;(2, 9);MoveEast;(0, 5);False;1;2375
MoveNorth;(2, 8);MoveEast;(0, 5);False;1;2376
;(2, 8);MoveEast;(0, 5);False;1;2377
;(2, 8);MoveEast;(0, 5);False;1;2378
;(2, 8);MoveEast;(1, 5);False;1;2379
MoveNorth;(2, 7);MoveSouthEast;(1, 5);False;1;2380
;(2, 7);MoveSouthEast;(1, 5);False;1;2381
;(2, 7);MoveSouthEast;(1, 5);False;1;2382
;(2, 7);MoveSouthEast;(1, 5);False;1;2383
;(2, 7);MoveSouthEast;(1, 5);False;1;2384
MoveWest;(1, 7);MoveSouthEast;(1, 5);False;1;2385
;(1, 7);MoveSouthEast;(1, 5);False;1;2386
;(1, 7);MoveSouthEast;(1, 5);False;1;2387
;(1, 7);MoveSouthEast;(1, 5);False;1;2388
;(1, 7);MoveSouthEast;(1, 5);False;1;2389
MoveWest;(0, 7);MoveSouthEast;(2, 6);False;1;2390
;(0, 7);MoveEast;(2, 6);False;1;2391
MoveEast;(1, 7);MoveEast;(2, 6);False;1;2392
;(1, 7);MoveEast;(2, 6);False;1;2393
;(1, 7);MoveEast;(2, 6);False;1;2394
;(1, 7);MoveEast;(2, 6);False;1;2395
;(1, 7);MoveEast;(2, 6);False;1;2396
;(1, 7);MoveEast;(2, 6);False;1;2397
;(1, 7);MoveEast;(2, 6);False;1;2398
;(1, 7);MoveEast;(2, 6);False;1;2399
;(1, 7);MoveEast;(2, 6);False;1;2400
;(1, 7);MoveEast;(3, 6);False;1;2401
;(1, 7);MoveSouthEast;(3, 6);False;1;2402
;(1, 7);MoveSouthEast;(3, 6);False;1;2403
;(1, 7);MoveSouthEast;(3, 6);False;1;2404
;(1, 7);MoveSouthEast;(3, 6);False;1;2405
MoveEast;(2, 7);MoveSouthEast;(3, 6);False;1;2406
;(2, 7);MoveSouthEast;(3, 6);False;1;2407
;(2, 7);MoveSouthEast;(3, 6);False;1;2408
;(2, 7);MoveSouthEast;(3, 6);False;1;2409
;(2, 7);MoveSouthEast;(3, 6);False;1;2410
;(2, 7);MoveSouthEast;(3, 6);False;1;2411
;(2, 7);MoveSouthEast;(4, 7);False;1;2412
;(2, 7);MoveEast;(4, 7);False;1;2413
;(2, 7);MoveEast;(4, 7);False;1;2414
MoveWest;(1, 7);MoveEast;(4, 7);False;1;2415
;(1, 7);MoveEast;(4, 7);False;1;2416
;(1, 7);MoveEast;(4, 7);False;1;2417
;(1, 7);MoveEast;(4, 7);False;1;2418
;(1, 7);MoveEast;(4, 7);False;1;2419
;(1, 7);MoveEast;(4, 7);False;1;2420
;(1, 7);MoveEast;(4, 7);False;1;2421
MoveWest;(0, 7);MoveEast;(4, 7);False;1;2422
;(0, 7);MoveEast;(5, 7);False;1;2423
;(0, 7);MoveSouthEast;(5, 7);False;1;2424
;(0, 7);MoveSouthEast;(5, 7);False;1;2425
;(0, 7);MoveSouthEast;(5, 7);False;1;2426
MoveWest;(0, 7);MoveSouthEast;(5, 7);False;1;2427
;(0, 7);MoveSouthEast;(5, 7);False;1;2428
;(0, 7);MoveSouthEast;(5, 7);False;1;2429
;(0, 7);MoveSouthEast;(5, 7);False;1;2430
MoveWest;(0, 7);MoveSouthEast;(5, 7);False;1;2431
;(0, 7);MoveSouthEast;(5, 7);False;1;2432
;(0, 7);MoveSouthEast;(5, 7);False;1;2433
;(0, 7);MoveSouthEast;(6, 8);False;1;2434
;(0, 7);MoveEast;(6, 8);False;1;2435
MoveEast;(1, 7);MoveEast;(6, 8);False;1;2436
;(1, 7);MoveEast;(6, 8);False;1;2437
;(1, 7);MoveEast;(6, 8);False;1;2438
;(1, 7);MoveEast;(6, 8);False;1;2439
;(1, 7);MoveEast;(6, 8);False;1;2440
MoveEast;(2, 7);MoveEast;(6, 8);False;1;2441
;(2, 7);MoveEast;(6, 8);False;1;2442
;(2, 7);MoveEast;(6, 8);False;1;2443
;(2, 7);MoveEast;(6, 8);False;1;2444
MoveEast;(3, 7);MoveEast;(7, 8);False;1;2445
;(3, 7);GrabObject;(7, 8);False;1;2446
;(3, 7);GrabObject;(7, 8);False;1;2447
;(3, 7);GrabObject;(7, 8);False;1;2448
;(3, 7);GrabObject;(7, 8);False;1;2449
;(3, 7);GrabObject;(7, 8);False;1;2450
;(3, 7);GrabObject;(7, 8);False;1;2451
;(3, 7);GrabObject;(7, 8);False;1;2452
;(3, 7);GrabObject;(7, 8);False;1;2453
MoveWest;(2, 7);GrabObject;(7, 8);False;1;2454
;(2, 7);GrabObject;(7, 8);False;1;2455
;(2, 7);GrabObject;(7, 8);False;1;2456
;(2, 7);;(7, 8);False;1;2457
MoveWest;(1, 7);MoveWest;(7, 8);False;1;2458
;(1, 7);MoveWest;(7, 8);False;1;2459
;(1, 7);MoveWest;(7, 8);False;1;2460
;(1, 7);MoveWest;(7, 8);False;1;2461
;(1, 7);MoveWest;(7, 8);False;1;2462
;(1, 7);MoveWest;(7, 8);False;1;2463
;(1, 7);MoveWest;(7, 8);False;1;2464
;(1, 7);MoveWest;(7, 8);False;1;2465
;(1, 7);MoveWest;(7, 8);False;1;2466
;(1, 7);MoveWest;(7, 8);False;1;2467
;(1, 7);MoveWest;(6, 8);False;1;2468
;(1, 7);MoveWest;(6, 8);False;1;2469
;(1, 7);MoveWest;(6, 8);False;1;2470
;(1, 7);MoveWest;(6, 8);False;1;2471
;(1, 7);MoveWest;(6, 8);False;1;2472
;(1, 7);MoveWest;(6, 8);False;1;2473
;(1, 7);MoveWest;(6, 8);False;1;2474
;(1, 7);MoveWest;(6, 8);False;1;2475
;(1, 7);MoveWest;(6, 8);False;1;2476
;(1, 7);MoveWest;(6, 8);False;1;2477
;(1, 7);MoveWest;(6, 8);False;1;2478
;(1, 7);MoveWest;(5, 8);False;1;2479
;(1, 7);MoveWest;(5, 8);False;1;2480
;(1, 7);MoveWest;(5, 8);False;1;2481
MoveEast;(2, 7);MoveWest;(5, 8);False;1;2482
;(2, 7);MoveWest;(5, 8);False;1;2483
;(2, 7);MoveWest;(5, 8);False;1;2484
;(2, 7);MoveWest;(5, 8);False;1;2485
;(2, 7);MoveWest;(5, 8);False;1;2486
;(2, 7);MoveWest;(5, 8);False;1;2487
;(2, 7);MoveWest;(5, 8);False;1;2488
;(2, 7);MoveWest;(5, 8);False;1;2489
MoveEast;(3, 7);MoveWest;(4, 8);False;1;2490
;(3, 7);MoveNorthWest;(4, 8);False;1;2491
;(3, 7);MoveNorthWest;(4, 8);False;1;2492
;(3, 7);MoveNorthWest;(4, 8);False;1;2493
;(3, 7);MoveNorthWest;(4, 8);False;1;2494
MoveEast;(4, 7);MoveNorthWest;(4, 8);False;1;2495
;(4, 7);MoveNorthWest;(4, 8);False;1;2496
;(4, 7);MoveNorthWest;(4, 8);False;1;2497
;(4, 7);MoveNorthWest;(4, 8);False;1;2498
;(4, 7);MoveNorthWest;(4, 8);False;1;2499
;(4, 7);MoveNorthWest;(4, 8);False;1;2500
;(4, 7);MoveNorthWest;(3, 7);False;1;2501
;(4, 7);MoveWest;(3, 7);False;1;2502
;(4, 7);MoveWest;(3, 7);False;1;2503
;(4, 7);MoveWest;(3, 7);False;1;2504
;(4, 7);MoveWest;(3, 7);False;1;2505
;(4, 7);MoveWest;(3, 7);False;1;2506
;(4, 7);MoveWest;(3, 7);False;1;2507
;(4, 7);MoveWest;(3, 7);False;1;2508
;(4, 7);MoveWest;(3, 7);False;1;2509
;(4, 7);MoveWest;(3, 7);False;1;2510
;(4, 7);MoveWest;(3, 7);False;1;2511
;(4, 7);MoveWest;(2, 7);False;1;2512
;(4, 7);MoveNorthWest;(2, 7);False;1;2513
;(4, 7);MoveNorthWest;(2, 7);False;1;2514
;(4, 7);MoveNorthWest;(2, 7);False;1;2515
;(4, 7);MoveNorthWest;(2, 7);False;1;2516
;(4, 7);MoveNorthWest;(2, 7);False;1;2517
;(4, 7);MoveNorthWest;(2, 7);False;1;2518
;(4, 7);MoveNorthWest;(2, 7);False;1;2519
;(4, 7);MoveNorthWest;(2, 7);False;1;2520
;(4, 7);MoveNorthWest;(2, 7);False;1;2521
;(4, 7);MoveNorthWest;(2, 7);False;1;2522
;(4, 7);MoveNorthWest;(1, 6);False;1;2523
;(4, 7);MoveWest;(1, 6);False;1;2524
;(4, 7);MoveWest;(1, 6);False;1;2525
;(4, 7);MoveWest;(1, 6);False;1;2526
;(4, 7);MoveWest;(1, 6);False;1;2527
;(4, 7);MoveWest;(1, 6);False;1;2528
;(4, 7);MoveWest;(1, 6);False;1;2529
;(4, 7);MoveWest;(1, 6);False;1;2530
;(4, 7);MoveWest;(1, 6);False;1;2531
;(4, 7);MoveWest;(1, 6);False;1;2532
;(4, 7);MoveWest;(1, 6);False;1;2533
;(4, 7);MoveWest;(0, 6);False;1;2534
;(4, 7);DropObject;(0, 6);False;1;2535
;(4, 7);DropObject;(0, 6);False;1;2536
;(4, 7);DropObject;(0, 6);False;1;2537
;(4, 7);DropObject;(0, 6);False;1;2538
;(4, 7);DropObject;(0, 6);False;1;2539
;(4, 7);DropObject;(0, 6);False;1;2540
;(4, 7);DropObject;(0, 6);False;1;2541
;(4, 7);DropObject;(0, 6);False;1;2542
;(4, 7);DropObject;(0, 6);False;1;2543
;(4, 7);DropObject;(0, 6);False;1;2544
;(4, 7);DropObject;(0, 6);False;1;2545
;(4, 7);;(0, 6);False;1;2546
;(4, 7);;(0, 6);False;1;2547
;(4, 7);;(0, 6);False;1;2548
;(4, 7);;(0, 6);False;1;2549
;(4, 7);;(0, 6);False;1;2550
;(4, 7);;(0, 6);False;1;2551
;(4, 7);;(0, 6);False;1;2552
;(4, 7);;(0, 6);False;1;2553
;(4, 7);;(0, 6);False;1;2554
;(4, 7);;(0, 6);False;1;2555
;(4, 7);;(0, 6);False;1;2556
;(4, 7);;(0, 6);False;1;2557
;(4, 7);;(0, 6);False;1;2558
;(4, 7);;(0, 6);False;1;2559
;(4, 7);;(0, 6);False;1;2560
;(4, 7);;(0, 6);False;1;2561
;(4, 7);;(0, 6);False;1;2562
;(4, 7);;(0, 6);False;1;2563
;(4, 7);;(0, 6);False;1;2564
;(4, 7);;(0, 6);False;1;2565
;(4, 7);;(0, 6);False;1;2566
;(4, 7);;(0, 6);False;1;2567
;(4, 7);;(0, 6);False;1;2568
;(4, 7);;(0, 6);False;1;2569
;(4, 7);;(0, 6);False;1;2570
;(4, 7);;(0, 6);False;1;2571
;(4, 7);;(0, 6);False;1;2572
;(4, 7);;(0, 6);False;1;2573
;(4, 7);;(0, 6);False;1;2574
;(4, 7);;(0, 6);False;1;2575
;(4, 7);;(0, 6);False;1;2576
;(4, 7);;(0, 6);False;1;2577
;(4, 7);;(0, 6);False;1;2578
;(4, 7);;(0, 6);False;1;2579
;(4, 7);;(0, 6);False;1;2580
;(4, 7);;(0, 6);False;1;2581
;(4, 7);;(0, 6);False;1;2582
;(4, 7);;(0, 6);False;1;2583
;(4, 7);;(0, 6);False;1;2584
;(4, 7);;(0, 6);False;1;2585
;(4, 7);;(0, 6);False;1;2586
;(4, 7);;(0, 6);False;1;2587
;(4, 7);;(0, 6);False;1;2588
;(4, 7);;(0, 6);False;1;2589
;(4, 7);;(0, 6);False;1;2590
;(4, 7);;(0, 6);False;1;2591
;(4, 7);;(0, 6);False;1;2592
;(4, 7);;(0, 6);False;1;2593
;(4, 7);;(0, 6);False;1;2594
;(4, 7);;(0, 6);False;1;2595
MoveEast;(5, 7);;(0, 6);False;1;2596
;(5, 7);;(0, 6);False;1;2597
;(5, 7);MoveEast;(0, 6);False;1;2598
;(5, 7);MoveEast;(0, 6);False;1;2599
;(5, 7);MoveEast;(0, 6);False;1;2600
;(5, 7);MoveEast;(0, 6);False;1;2601
;(5, 7);MoveEast;(0, 6);False;1;2602
MoveEast;(6, 7);MoveEast;(0, 6);False;1;2603
;(6, 7);MoveEast;(0, 6);False;1;2604
;(6, 7);MoveEast;(0, 6);False;1;2605
;(6, 7);MoveEast;(0, 6);False;1;2606
MoveEast;(7, 7);MoveEast;(0, 6);False;1;2607
;(7, 7);MoveEast;(1, 6);False;1;2608
;(7, 7);MoveEast;(1, 6);False;1;2609
;(7, 7);MoveEast;(1, 6);False;1;2610
MoveEast;(8, 7);MoveEast;(1, 6);False;1;2611
;(8, 7);MoveEast;(1, 6);False;1;2612
;(8, 7);MoveEast;(1, 6);False;1;2613
;(8, 7);MoveEast;(1, 6);False;1;2614
;(8, 7);MoveEast;(1, 6);False;1;2615
;(8, 7);MoveEast;(1, 6);False;1;2616
;(8, 7);MoveEast;(1, 6);False;1;2617
MoveSouth;(8, 8);MoveEast;(1, 6);False;1;2618
;(8, 8);MoveEast;(2, 6);False;1;2619
;(8, 8);MoveEast;(2, 6);False;1;2620
;(8, 8);MoveEast;(2, 6);False;1;2621
;(8, 8);MoveEast;(2, 6);False;1;2622
;(8, 8);MoveEast;(2, 6);False;1;2623
;(8, 8);MoveEast;(2, 6);False;1;2624
;(8, 8);MoveEast;(2, 6);False;1;2625
;(8, 8);MoveEast;(2, 6);False;1;2626
;(8, 8);MoveEast;(2, 6);False;1;2627
;(8, 8);MoveEast;(2, 6);False;1;2628
;(8, 8);MoveEast;(2, 6);False;1;2629
;(8, 8);MoveEast;(3, 6);False;1;2630
;(8, 8);MoveEast;(3, 6);False;1;2631
;(8, 8);MoveEast;(3, 6);False;1;2632
;(8, 8);MoveEast;(3, 6);False;1;2633
;(8, 8);MoveEast;(3, 6);False;1;2634
;(8, 8);MoveEast;(3, 6);False;1;2635
;(8, 8);MoveEast;(3, 6);False;1;2636
;(8, 8);MoveEast;(3, 6);False;1;2637
;(8, 8);MoveEast;(3, 6);False;1;2638
;(8, 8);MoveEast;(3, 6);False;1;2639
;(8, 8);MoveEast;(3, 6);False;1;2640
;(8, 8);MoveEast;(4, 6);False;1;2641
;(8, 8);MoveEast;(4, 6);False;1;2642
;(8, 8);MoveEast;(4, 6);False;1;2643
;(8, 8);MoveEast;(4, 6);False;1;2644
;(8, 8);MoveEast;(4, 6);False;1;2645
;(8, 8);MoveEast;(4, 6);False;1;2646
;(8, 8);MoveEast;(4, 6);False;1;2647
;(8, 8);MoveEast;(4, 6);False;1;2648
;(8, 8);MoveEast;(4, 6);False;1;2649
;(8, 8);MoveEast;(4, 6);False;1;2650
;(8, 8);MoveEast;(4, 6);False;1;2651
;(8, 8);MoveEast;(5, 6);False;1;2652
;(8, 8);MoveSouthEast;(5, 6);False;1;2653
;(8, 8);MoveSouthEast;(5, 6);False;1;2654
;(8, 8);MoveSouthEast;(5, 6);False;1;2655
;(8, 8);MoveSouthEast;(5, 6);False;1;2656
;(8, 8);MoveSouthEast;(5, 6);False;1;2657
;(8, 8);MoveSouthEast;(5, 6);False;1;2658
;(8, 8);MoveSouthEast;(5, 6);False;1;2659
;(8, 8);MoveSouthEast;(5, 6);False;1;2660
;(8, 8);MoveSouthEast;(5, 6);False;1;2661
;(8, 8);MoveSouthEast;(5, 6);False;1;2662
;(8, 8);MoveSouthEast;(6, 7);False;1;2663
;(8, 8);MoveEast;(6, 7);False;1;2664
;(8, 8);MoveEast;(6, 7);False;1;2665
;(8, 8);MoveEast;(6, 7);False;1;2666
;(8, 8);MoveEast;(6, 7);False;1;2667
;(8, 8);MoveEast;(6, 7);False;1;2668
;(8, 8);MoveEast;(6, 7);False;1;2669
;(8, 8);MoveEast;(6, 7);False;1;2670
;(8, 8);MoveEast;(6, 7);False;1;2671
;(8, 8);MoveEast;(6, 7);False;1;2672
;(8, 8);MoveEast;(6, 7);False;1;2673
;(8, 8);MoveEast;(7, 7);False;1;2674
;(8, 8);MoveSouthEast;(7, 7);False;1;2675
;(8, 8);MoveSouthEast;(7, 7);False;1;2676
;(8, 8);MoveSouthEast;(7, 7);False;1;2677
;(8, 8);MoveSouthEast;(7, 7);False;1;2678
;(8, 8);MoveSouthEast;(7, 7);False;1;2679
;(8, 8);MoveSouthEast;(7, 7);False;1;2680
;(8, 8);MoveSouthEast;(7, 7);False;1;2681
;(8, 8);MoveSouthEast;(7, 7);False;1;2682
;(8, 8);MoveSouthEast;(7, 7);False;1;2683
;(8, 8);MoveSouthEast;(7, 7);False;1;2684
;(8, 8);MoveSouthEast;(8, 8);False;1;2685
;(8, 8);MoveEast;(8, 8);False;1;2686
;(8, 8);MoveEast;(8, 8);False;1;2687
;(8, 8);MoveEast;(8, 8);False;1;2688
;(8, 8);MoveEast;(8, 8);False;1;2689
;(8, 8);MoveEast;(8, 8);False;1;2690
;(8, 8);MoveEast;(8, 8);False;1;2691
;(8, 8);MoveEast;(8, 8);False;1;2692
;(8, 8);MoveEast;(8, 8);False;1;2693
;(8, 8);MoveEast;(8, 8);False;1;2694
;(8, 8);MoveEast;(8, 8);False;1;2695
;(8, 8);MoveEast;(9, 8);False;1;2696
;(8, 8);GrabObject;(9, 8);False;1;2697
;(8, 8);GrabObject;(9, 8);False;1;2698
;(8, 8);GrabObject;(9, 8);False;1;2699
;(8, 8);GrabObject;(9, 8);False;1;2700
;(8, 8);GrabObject;(9, 8);False;1;2701
;(8, 8);GrabObject;(9, 8);False;1;2702
;(8, 8);GrabObject;(9, 8);False;1;2703
;(8, 8);GrabObject;(9, 8);False;1;2704
;(8, 8);GrabObject;(9, 8);False;1;2705
;(8, 8);GrabObject;(9, 8);False;1;2706
;(8, 8);GrabObject;(9, 8);False;1;2707
;(8, 8);;(9, 8);False;1;2708
;(8, 8);MoveWest;(9, 8);False;1;2709
;(8, 8);MoveWest;(9, 8);False;1;2710
;(8, 8);MoveWest;(9, 8);False;1;2711
;(8, 8);MoveWest;(9, 8);False;1;2712
;(8, 8);MoveWest;(9, 8);False;1;2713
;(8, 8);MoveWest;(9, 8);False;1;2714
;(8, 8);MoveWest;(9, 8);False;1;2715
;(8, 8);MoveWest;(9, 8);False;1;2716
;(8, 8);MoveWest;(9, 8);False;1;2717
;(8, 8);MoveWest;(9, 8);False;1;2718
;(8, 8);MoveWest;(8, 8);False;1;2719
;(8, 8);MoveWest;(8, 8);False;1;2720
;(8, 8);MoveWest;(8, 8);False;1;2721
;(8, 8);MoveWest;(8, 8);False;1;2722
;(8, 8);MoveWest;(8, 8);False;1;2723
;(8, 8);MoveWest;(8, 8);False;1;2724
;(8, 8);MoveWest;(8, 8);False;1;2725
;(8, 8);MoveWest;(8, 8);False;1;2726
;(8, 8);MoveWest;(8, 8);False;1;2727
;(8, 8);MoveWest;(8, 8);False;1;2728
;(8, 8);MoveWest;(8, 8);False;1;2729
;(8, 8);MoveWest;(7, 8);False;1;2730
;(8, 8);MoveWest;(7, 8);False;1;2731
;(8, 8);MoveWest;(7, 8);False;1;2732
;(8, 8);MoveWest;(7, 8);False;1;2733
MoveWest;(7, 8);MoveWest;(7, 8);False;1;2734
;(7, 8);MoveWest;(7, 8);False;1;2735
;(7, 8);MoveWest;(7, 8);False;1;2736
;(7, 8);MoveWest;(7, 8);False;1;2737
;(7, 8);MoveWest;(7, 8);False;1;2738
;(7, 8);MoveWest;(7, 8);False;1;2739
MoveSouth;(7, 9);MoveWest;(7, 8);False;1;2740
;(7, 9);MoveWest;(6, 8);False;1;2741
;(7, 9);MoveWest;(6, 8);False;1;2742
;(7, 9);MoveWest;(6, 8);False;1;2743
;(7, 9);MoveWest;(6, 8);False;1;2744
;(7, 9);MoveWest;(6, 8);False;1;2745
;(7, 9);MoveWest;(6, 8);False;1;2746
;(7, 9);MoveWest;(6, 8);False;1;2747
;(7, 9);MoveWest;(6, 8);False;1;2748
;(7, 9);MoveWest;(6, 8);False;1;2749
;(7, 9);MoveWest;(6, 8);False;1;2750
;(7, 9);MoveWest;(6, 8);False;1;2751
;(7, 9);MoveWest;(5, 8);False;1;2752
;(7, 9);MoveNorthWest;(5, 8);False;1;2753
;(7, 9);MoveNorthWest;(5, 8);False;1;2754
;(7, 9);MoveNorthWest;(5, 8);False;1;2755
;(7, 9);MoveNorthWest;(5, 8);False;1;2756
;(7, 9);MoveNorthWest;(5, 8);False;1;2757
;(7, 9);MoveNorthWest;(5, 8);False;1;2758
MoveWest;(6, 9);MoveNorthWest;(5, 8);False;1;2759
;(6, 9);MoveNorthWest;(5, 8);False;1;2760
;(6, 9);MoveNorthWest;(5, 8);False;1;2761
;(6, 9);MoveNorthWest;(5, 8);False;1;2762
;(6, 9);MoveNorthWest;(4, 7);False;1;2763
;(6, 9);MoveWest;(4, 7);False;1;2764
MoveWest;(5, 9);MoveWest;(4, 7);False;1;2765
;(5, 9);MoveWest;(4, 7);False;1;2766
;(5, 9);MoveWest;(4, 7);False;1;2767
;(5, 9);MoveWest;(4, 7);False;1;2768
;(5, 9);MoveWest;(4, 7);False;1;2769
;(5, 9);MoveWest;(4, 7);False;1;2770
;(5, 9);MoveWest;(4, 7);False;1;2771
;(5, 9);MoveWest;(4, 7);False;1;2772
;(5, 9);MoveWest;(4, 7);False;1;2773
;(5, 9);MoveWest;(3, 7);False;1;2774
;(5, 9);MoveNorthWest;(3, 7);False;1;2775
;(5, 9);MoveNorthWest;(3, 7);False;1;2776
;(5, 9);MoveNorthWest;(3, 7);False;1;2777
;(5, 9);MoveNorthWest;(3, 7);False;1;2778
;(5, 9);MoveNorthWest;(3, 7);False;1;2779
;(5, 9);MoveNorthWest;(3, 7);False;1;2780
;(5, 9);MoveNorthWest;(3, 7);False;1;2781
;(5, 9);MoveNorthWest;(3, 7);False;1;2782
;(5, 9);MoveNorthWest;(3, 7);False;1;2783
;(5, 9);MoveNorthWest;(3, 7);False;1;2784
;(5, 9);MoveNorthWest;(2, 6);False;1;2785
MoveEast;(6, 9);MoveWest;(2, 6);False;1;2786
;(6, 9);MoveWest;(2, 6);False;1;2787
;(6, 9);MoveWest;(2, 6);False;1;2788
;(6, 9);MoveWest;(2, 6);False;1;2789
;(6, 9);MoveWest;(2, 6);False;1;2790
;(6, 9);MoveWest;(2, 6);False;1;2791
;(6, 9);MoveWest;(2, 6);False;1;2792
;(6, 9);MoveWest;(2, 6);False;1;2793
;(6, 9);MoveWest;(2, 6);False;1;2794
MoveSouth;(6, 10);MoveWest;(2, 6);False;1;2795
;(6, 10);MoveWest;(1, 6);False;1;2796
;(6, 10);DropObject;(1, 6);False;1;2797
;(6, 10);DropObject;(1, 6);False;1;2798
;(6, 10);DropObject;(1, 6);False;1;2799
;(6, 10);DropObject;(1, 6);False;1;2800
;(6, 10);DropObject;(1, 6);False;1;2801
;(6, 10);DropObject;(1, 6);False;1;2802
;(6, 10);DropObject;(1, 6);False;1;2803
;(6, 10);DropObject;(1, 6);False;1;2804
;(6, 10);DropObject;(1, 6);False;1;2805
;(6, 10);DropObject;(1, 6);False;1;2806
;(6, 10);DropObject;(1, 6);False;1;2807
;(6, 10);;(1, 6);False;1;2808
;(6, 10);MoveEast;(1, 6);False;1;2809
;(6, 10);MoveEast;(1, 6);False;1;2810
MoveWest;(5, 10);MoveEast;(1, 6);False;1;2811
;(5, 10);MoveEast;(1, 6);False;1;2812
;(5, 10);MoveEast;(1, 6);False;1;2813
;(5, 10);MoveEast;(1, 6);False;1;2814
MoveWest;(4, 10);MoveEast;(1, 6);False;1;2815
;(4, 10);MoveEast;(1, 6);False;1;2816
;(4, 10);MoveEast;(1, 6);False;1;2817
;(4, 10);MoveEast;(1, 6);False;1;2818
;(4, 10);MoveEast;(2, 6);False;1;2819
MoveWest;(3, 10);MoveEast;(2, 6);False;1;2820
;(3, 10);MoveEast;(2, 6);False;1;2821
;(3, 10);MoveEast;(2, 6);False;1;2822
;(3, 10);MoveEast;(2, 6);False;1;2823
;(3, 10);MoveEast;(2, 6);False;1;2824
MoveWest;(2, 10);MoveEast;(2, 6);False;1;2825
;(2, 10);MoveEast;(2, 6);False;1;2826
;(2, 10);MoveEast;(2, 6);False;1;2827
;(2, 10);MoveEast;(2, 6);False;1;2828
;(2, 10);MoveEast;(2, 6);False;1;2829
;(2, 10);MoveEast;(3, 6);False;1;2830
;(2, 10);MoveEast;(3, 6);False;1;2831
;(2, 10);MoveEast;(3, 6);False;1;2832
;(2, 10);MoveEast;(3, 6);False;1;2833
;(2, 10);MoveEast;(3, 6);False;1;2834
;(2, 10);MoveEast;(3, 6);False;1;2835
;(2, 10);MoveEast;(3, 6);False;1;2836
;(2, 10);MoveEast;(3, 6);False;1;2837
;(2, 10);MoveEast;(3, 6);False;1;2838
;(2, 10);MoveEast;(3, 6);False;1;2839
;(2, 10);MoveEast;(3, 6);False;1;2840
;(2, 10);MoveEast;(4, 6);False;1;2841
;(2, 10);MoveEast;(4, 6);False;1;2842
;(2, 10);MoveEast;(4, 6);False;1;2843
;(2, 10);MoveEast;(4, 6);False;1;2844
;(2, 10);MoveEast;(4, 6);False;1;2845
;(2, 10);MoveEast;(4, 6);False;1;2846
;(2, 10);MoveEast;(4, 6);False;1;2847
;(2, 10);MoveEast;(4, 6);False;1;2848
MoveEast;(3, 10);MoveEast;(4, 6);False;1;2849
;(3, 10);MoveEast;(4, 6);False;1;2850
;(3, 10);MoveEast;(4, 6);False;1;2851
;(3, 10);MoveEast;(5, 6);False;1;2852
;(3, 10);MoveEast;(5, 6);False;1;2853
;(3, 10);MoveEast;(5, 6);False;1;2854
MoveEast;(4, 10);MoveEast;(5, 6);False;1;2855
;(4, 10);MoveEast;(5, 6);False;1;2856
;(4, 10);MoveEast;(5, 6);False;1;2857
;(4, 10);MoveEast;(5, 6);False;1;2858
;(4, 10);MoveEast;(5, 6);False;1;2859
;(4, 10);MoveEast;(5, 6);False;1;2860
;(4, 10);MoveEast;(5, 6);False;1;2861
;(4, 10);MoveEast;(5, 6);False;1;2862
MoveEast;(5, 10);MoveEast;(6, 6);False;1;2863
;(5, 10);MoveEast;(6, 6);False;1;2864
;(5, 10);MoveEast;(6, 6);False;1;2865
;(5, 10);MoveEast;(6, 6);False;1;2866
MoveEast;(6, 10);MoveEast;(6, 6);False;1;2867
;(6, 10);MoveEast;(6, 6);False;1;2868
;(6, 10);MoveEast;(6, 6);False;1;2869
;(6, 10);MoveEast;(6, 6);False;1;2870
;(6, 10);MoveEast;(6, 6);False;1;2871
;(6, 10);MoveEast;(6, 6);False;1;2872
;(6, 10);MoveEast;(6, 6);False;1;2873
;(6, 10);MoveEast;(7, 6);False;1;2874
;(6, 10);MoveSouthEast;(7, 6);False;1;2875
;(6, 10);MoveSouthEast;(7, 6);False;1;2876
;(6, 10);MoveSouthEast;(7, 6);False;1;2877
;(6, 10);MoveSouthEast;(7, 6);False;1;2878
;(6, 10);MoveSouthEast;(7, 6);False;1;2879
;(6, 10);MoveSouthEast;(7, 6);False;1;2880
;(6, 10);MoveSouthEast;(7, 6);False;1;2881
;(6, 10);MoveSouthEast;(7, 6);False;1;2882
;(6, 10);MoveSouthEast;(7, 6);False;1;2883
;(6, 10);MoveSouthEast;(7, 6);False;1;2884
;(6, 10);MoveSouthEast;(8, 7);False;1;2885
;(6, 10);MoveSouthEast;(8, 7);False;1;2886
;(6, 10);MoveSouthEast;(8, 7);False;1;2887
;(6, 10);MoveSouthEast;(8, 7);False;1;2888
;(6, 10);MoveSouthEast;(8, 7);False;1;2889
;(6, 10);MoveSouthEast;(8, 7);False;1;2890
;(6, 10);MoveSouthEast;(8, 7);False;1;2891
;(6, 10);MoveSouthEast;(8, 7);False;1;2892
;(6, 10);MoveSouthEast;(8, 7);False;1;2893
;(6, 10);MoveSouthEast;(8, 7);False;1;2894
;(6, 10);MoveSouthEast;(8, 7);False;1;2895
;(6, 10);MoveSouthEast;(9, 8);False;1;2896
;(6, 10);MoveEast;(9, 8);False;1;2897
;(6, 10);MoveEast;(9, 8);False;1;2898
;(6, 10);MoveEast;(9, 8);False;1;2899
;(6, 10);MoveEast;(9, 8);False;1;2900
;(6, 10);MoveEast;(9, 8);False;1;2901
;(6, 10);MoveEast;(9, 8);False;1;2902
;(6, 10);MoveEast;(9, 8);False;1;2903
;(6, 10);MoveEast;(9, 8);False;1;2904
;(6, 10);MoveEast;(9, 8);False;1;2905
;(6, 10);MoveEast;(9, 8);False;1;2906
;(6, 10);MoveEast;(10, 8);False;1;2907
;(6, 10);MoveEast;(10, 8);False;1;2908
;(6, 10);MoveEast;(10, 8);False;1;2909
;(6, 10);MoveEast;(10, 8);False;1;2910
;(6, 10);MoveEast;(10, 8);False;1;2911
;(6, 10);MoveEast;(10, 8);False;1;2912
;(6, 10);MoveEast;(10, 8);False;1;2913
;(6, 10);MoveEast;(10, 8);False;1;2914
;(6, 10);MoveEast;(10, 8);False;1;2915
;(6, 10);MoveEast;(10, 8);False;1;2916
;(6, 10);MoveEast;(10, 8);False;1;2917
;(6, 10);MoveEast;(11, 8);False;1;2918
;(6, 10);GrabObject;(11, 8);False;1;2919
;(6, 10);GrabObject;(11, 8);False;1;2920
;(6, 10);GrabObject;(11, 8);False;1;2921
;(6, 10);GrabObject;(11, 8);False;1;2922
;(6, 10);GrabObject;(11, 8);False;1;2923
;(6, 10);GrabObject;(11, 8);False;1;2924
;(6, 10);GrabObject;(11, 8);False;1;2925
;(6, 10);GrabObject;(11, 8);False;1;2926
;(6, 10);GrabObject;(11, 8);False;1;2927
;(6, 10);GrabObject;(11, 8);False;1;2928
;(6, 10);GrabObject;(11, 8);False;1;2929
;(6, 10);;(11, 8);False;1;2930
;(6, 10);MoveEast;(11, 8);False;1;2931
;(6, 10);MoveEast;(11, 8);False;1;2932
;(6, 10);MoveEast;(11, 8);False;1;2933
;(6, 10);MoveEast;(11, 8);False;1;2934
;(6, 10);MoveEast;(11, 8);False;1;2935
;(6, 10);MoveEast;(11, 8);False;1;2936
;(6, 10);MoveEast;(11, 8);False;1;2937
;(6, 10);MoveEast;(11, 8);False;1;2938
;(6, 10);MoveEast;(11, 8);False;1;2939
;(6, 10);MoveEast;(11, 8);False;1;2940
;(6, 10);MoveEast;(12, 8);False;1;2941
;(6, 10);MoveEast;(12, 8);False;1;2942
;(6, 10);MoveEast;(12, 8);False;1;2943
;(6, 10);MoveEast;(12, 8);False;1;2944
;(6, 10);MoveEast;(12, 8);False;1;2945
;(6, 10);MoveEast;(12, 8);False;1;2946
;(6, 10);MoveEast;(12, 8);False;1;2947
;(6, 10);MoveEast;(12, 8);False;1;2948
;(6, 10);MoveEast;(12, 8);False;1;2949
;(6, 10);MoveEast;(12, 8);False;1;2950
;(6, 10);MoveEast;(12, 8);False;1;2951
;(6, 10);MoveEast;(13, 8);False;1;2952
;(6, 10);GrabObject;(13, 8);False;1;2953
;(6, 10);GrabObject;(13, 8);False;1;2954
;(6, 10);GrabObject;(13, 8);False;1;2955
;(6, 10);GrabObject;(13, 8);False;1;2956
;(6, 10);GrabObject;(13, 8);False;1;2957
;(6, 10);GrabObject;(13, 8);False;1;2958
;(6, 10);GrabObject;(13, 8);False;1;2959
;(6, 10);GrabObject;(13, 8);False;1;2960
;(6, 10);GrabObject;(13, 8);False;1;2961
;(6, 10);GrabObject;(13, 8);False;1;2962
;(6, 10);GrabObject;(13, 8);False;1;2963
;(6, 10);;(13, 8);False;1;2964
;(6, 10);MoveWest;(13, 8);False;1;2965
;(6, 10);MoveWest;(13, 8);False;1;2966
;(6, 10);MoveWest;(13, 8);False;1;2967
;(6, 10);MoveWest;(13, 8);False;1;2968
;(6, 10);MoveWest;(13, 8);False;1;2969
;(6, 10);MoveWest;(13, 8);False;1;2970
;(6, 10);MoveWest;(13, 8);False;1;2971
;(6, 10);MoveWest;(13, 8);False;1;2972
;(6, 10);MoveWest;(13, 8);False;1;2973
;(6, 10);MoveWest;(13, 8);False;1;2974
;(6, 10);MoveWest;(12, 8);False;1;2975
;(6, 10);MoveWest;(12, 8);False;1;2976
;(6, 10);MoveWest;(12, 8);False;1;2977
;(6, 10);MoveWest;(12, 8);False;1;2978
;(6, 10);MoveWest;(12, 8);False;1;2979
;(6, 10);MoveWest;(12, 8);False;1;2980
;(6, 10);MoveWest;(12, 8);False;1;2981
;(6, 10);MoveWest;(12, 8);False;1;2982
;(6, 10);MoveWest;(12, 8);False;1;2983
;(6, 10);MoveWest;(12, 8);False;1;2984
;(6, 10);MoveWest;(12, 8);False;1;2985
;(6, 10);MoveWest;(11, 8);False;1;2986
;(6, 10);MoveWest;(11, 8);False;1;2987
;(6, 10);MoveWest;(11, 8);False;1;2988
;(6, 10);MoveWest;(11, 8);False;1;2989
;(6, 10);MoveWest;(11, 8);False;1;2990
;(6, 10);MoveWest;(11, 8);False;1;2991
;(6, 10);MoveWest;(11, 8);False;1;2992
;(6, 10);MoveWest;(11, 8);False;1;2993
;(6, 10);MoveWest;(11, 8);False;1;2994
;(6, 10);MoveWest;(11, 8);False;1;2995
;(6, 10);MoveWest;(11, 8);False;1;2996
;(6, 10);MoveWest;(10, 8);False;1;2997
;(6, 10);MoveWest;(10, 8);False;1;2998
;(6, 10);MoveWest;(10, 8);False;1;2999
;(6, 10);MoveWest;(10, 8);False;1;3000
;(6, 10);MoveWest;(10, 8);False;1;3001
;(6, 10);MoveWest;(10, 8);False;1;3002
;(6, 10);MoveWest;(10, 8);False;1;3003
;(6, 10);MoveWest;(10, 8);False;1;3004
;(6, 10);MoveWest;(10, 8);False;1;3005
;(6, 10);MoveWest;(10, 8);False;1;3006
;(6, 10);MoveWest;(10, 8);False;1;3007
;(6, 10);MoveWest;(9, 8);False;1;3008
MoveEast;(7, 10);;(9, 8);False;1;3009
;(7, 10);;(9, 8);False;1;3010
;(7, 10);;(9, 8);False;1;3011
;(7, 10);;(9, 8);False;1;3012
;(7, 10);;(9, 8);False;1;3013
;(7, 10);;(9, 8);False;1;3014
;(7, 10);;(9, 8);False;1;3015
;(7, 10);;(9, 8);False;1;3016
;(7, 10);;(9, 8);False;1;3017
;(7, 10);;(9, 8);False;1;3018
;(7, 10);;(9, 8);False;1;3019
