human_selector_action;human_selector_location;robot_action;robot_location;robot_executing_cp;world_nr;tick_nr
;(3, 4);;(4, 4);False;1;0
MoveEast;(4, 4);;(4, 4);False;1;1
;(4, 4);;(4, 4);False;1;2
;(4, 4);MoveEast;(4, 4);False;1;3
;(4, 4);MoveEast;(4, 4);False;1;4
;(4, 4);MoveEast;(4, 4);False;1;5
MoveEast;(5, 4);MoveEast;(4, 4);False;1;6
;(5, 4);MoveEast;(4, 4);False;1;7
;(5, 4);MoveEast;(4, 4);False;1;8
;(5, 4);MoveEast;(4, 4);False;1;9
;(5, 4);MoveEast;(4, 4);False;1;10
;(5, 4);MoveEast;(4, 4);False;1;11
;(5, 4);MoveEast;(4, 4);False;1;12
;(5, 4);MoveEast;(5, 4);False;1;13
;(5, 4);MoveEast;(5, 4);False;1;14
;(5, 4);MoveEast;(5, 4);False;1;15
;(5, 4);MoveEast;(5, 4);False;1;16
;(5, 4);MoveEast;(5, 4);False;1;17
;(5, 4);MoveEast;(5, 4);False;1;18
;(5, 4);MoveEast;(5, 4);False;1;19
;(5, 4);MoveEast;(5, 4);False;1;20
;(5, 4);MoveEast;(5, 4);False;1;21
;(5, 4);MoveEast;(5, 4);False;1;22
;(5, 4);MoveEast;(5, 4);False;1;23
;(5, 4);MoveEast;(6, 4);False;1;24
;(5, 4);MoveWest;(6, 4);False;1;25
;(5, 4);MoveWest;(6, 4);False;1;26
;(5, 4);MoveWest;(6, 4);False;1;27
;(5, 4);MoveWest;(6, 4);False;1;28
;(5, 4);MoveWest;(6, 4);False;1;29
;(5, 4);MoveWest;(6, 4);False;1;30
;(5, 4);MoveWest;(6, 4);False;1;31
MoveEast;(6, 4);MoveWest;(6, 4);False;1;32
;(6, 4);MoveWest;(6, 4);False;1;33
;(6, 4);MoveWest;(6, 4);False;1;34
;(6, 4);MoveWest;(5, 4);False;1;35
MoveEast;(7, 4);MoveWest;(5, 4);False;1;36
;(7, 4);MoveWest;(5, 4);False;1;37
;(7, 4);MoveWest;(5, 4);False;1;38
;(7, 4);MoveWest;(5, 4);False;1;39
MoveEast;(8, 4);MoveWest;(5, 4);False;1;40
;(8, 4);MoveWest;(5, 4);False;1;41
;(8, 4);MoveWest;(5, 4);False;1;42
;(8, 4);MoveWest;(5, 4);False;1;43
;(8, 4);MoveWest;(5, 4);False;1;44
;(8, 4);MoveWest;(5, 4);False;1;45
;(8, 4);MoveWest;(4, 4);False;1;46
;(8, 4);MoveEast;(4, 4);False;1;47
;(8, 4);MoveEast;(4, 4);False;1;48
;(8, 4);MoveEast;(4, 4);False;1;49
;(8, 4);MoveEast;(4, 4);False;1;50
;(8, 4);MoveEast;(4, 4);False;1;51
;(8, 4);MoveEast;(4, 4);False;1;52
;(8, 4);MoveEast;(4, 4);False;1;53
;(8, 4);MoveEast;(4, 4);False;1;54
MoveEast;(9, 4);MoveEast;(4, 4);False;1;55
;(9, 4);MoveEast;(4, 4);False;1;56
;(9, 4);MoveEast;(5, 4);False;1;57
;(9, 4);MoveEast;(5, 4);False;1;58
;(9, 4);MoveEast;(5, 4);False;1;59
;(9, 4);MoveEast;(5, 4);False;1;60
;(9, 4);MoveEast;(5, 4);False;1;61
;(9, 4);MoveEast;(5, 4);False;1;62
;(9, 4);MoveEast;(5, 4);False;1;63
;(9, 4);MoveEast;(5, 4);False;1;64
;(9, 4);MoveEast;(5, 4);False;1;65
;(9, 4);MoveEast;(5, 4);False;1;66
;(9, 4);MoveEast;(5, 4);False;1;67
;(9, 4);MoveEast;(6, 4);False;1;68
;(9, 4);MoveWest;(6, 4);False;1;69
;(9, 4);MoveWest;(6, 4);False;1;70
;(9, 4);MoveWest;(6, 4);False;1;71
;(9, 4);MoveWest;(6, 4);False;1;72
;(9, 4);MoveWest;(6, 4);False;1;73
;(9, 4);MoveWest;(6, 4);False;1;74
;(9, 4);MoveWest;(6, 4);False;1;75
MoveNorth;(9, 3);MoveWest;(6, 4);False;1;76
;(9, 3);MoveWest;(6, 4);False;1;77
;(9, 3);MoveWest;(6, 4);False;1;78
;(9, 3);MoveWest;(5, 4);False;1;79
;(9, 3);MoveWest;(5, 4);False;1;80
;(9, 3);MoveWest;(5, 4);False;1;81
;(9, 3);MoveWest;(5, 4);False;1;82
;(9, 3);MoveWest;(5, 4);False;1;83
;(9, 3);MoveWest;(5, 4);False;1;84
;(9, 3);MoveWest;(5, 4);False;1;85
;(9, 3);MoveWest;(5, 4);False;1;86
;(9, 3);MoveWest;(5, 4);False;1;87
;(9, 3);MoveWest;(5, 4);False;1;88
;(9, 3);MoveWest;(5, 4);False;1;89
;(9, 3);MoveWest;(4, 4);False;1;90
;(9, 3);MoveEast;(4, 4);False;1;91
;(9, 3);MoveEast;(4, 4);False;1;92
;(9, 3);MoveEast;(4, 4);False;1;93
;(9, 3);MoveEast;(4, 4);False;1;94
;(9, 3);MoveEast;(4, 4);False;1;95
;(9, 3);MoveEast;(4, 4);False;1;96
;(9, 3);MoveEast;(4, 4);False;1;97
;(9, 3);MoveEast;(4, 4);False;1;98
;(9, 3);MoveEast;(4, 4);False;1;99
;(9, 3);MoveEast;(4, 4);False;1;100
;(9, 3);MoveEast;(5, 4);False;1;101
;(9, 3);MoveEast;(5, 4);False;1;102
;(9, 3);MoveEast;(5, 4);False;1;103
;(9, 3);MoveEast;(5, 4);False;1;104
;(9, 3);MoveEast;(5, 4);False;1;105
;(9, 3);MoveEast;(5, 4);False;1;106
;(9, 3);MoveEast;(5, 4);False;1;107
;(9, 3);MoveEast;(5, 4);False;1;108
;(9, 3);MoveEast;(5, 4);False;1;109
;(9, 3);MoveEast;(5, 4);False;1;110
;(9, 3);MoveEast;(5, 4);False;1;111
;(9, 3);MoveEast;(6, 4);False;1;112
;(9, 3);MoveWest;(6, 4);False;1;113
;(9, 3);MoveWest;(6, 4);False;1;114
;(9, 3);MoveWest;(6, 4);False;1;115
;(9, 3);MoveWest;(6, 4);False;1;116
;(9, 3);MoveWest;(6, 4);False;1;117
;(9, 3);MoveWest;(6, 4);False;1;118
;(9, 3);MoveWest;(6, 4);False;1;119
;(9, 3);MoveWest;(6, 4);False;1;120
;(9, 3);MoveWest;(6, 4);False;1;121
;(9, 3);MoveWest;(6, 4);False;1;122
;(9, 3);MoveWest;(5, 4);False;1;123
;(9, 3);MoveWest;(5, 4);False;1;124
GrabObject;(9, 3);MoveWest;(5, 4);False;1;125
;(9, 3);MoveWest;(5, 4);False;1;126
;(9, 3);MoveWest;(5, 4);False;1;127
;(9, 3);MoveWest;(5, 4);False;1;128
;(9, 3);MoveWest;(5, 4);False;1;129
;(9, 3);MoveWest;(5, 4);False;1;130
;(9, 3);MoveWest;(5, 4);False;1;131
;(9, 3);MoveWest;(5, 4);False;1;132
;(9, 3);MoveWest;(5, 4);False;1;133
;(9, 3);MoveWest;(4, 4);False;1;134
MoveWest;(8, 3);;(4, 4);False;1;135
;(8, 3);Idle;(4, 4);False;1;136
;(8, 3);Idle;(4, 4);False;1;137
MoveWest;(7, 3);Idle;(4, 4);False;1;138
;(7, 3);Idle;(4, 4);False;1;139
;(7, 3);Idle;(4, 4);False;1;140
MoveWest;(6, 3);Idle;(4, 4);False;1;141
;(6, 3);Idle;(4, 4);False;1;142
;(6, 3);Idle;(4, 4);False;1;143
;(6, 3);Idle;(4, 4);False;1;144
MoveWest;(5, 3);Idle;(4, 4);False;1;145
;(5, 3);Idle;(4, 4);False;1;146
;(5, 3);Idle;(4, 4);False;1;147
MoveWest;(4, 3);Idle;(4, 4);False;1;148
;(4, 3);Idle;(4, 4);False;1;149
;(4, 3);Idle;(4, 4);False;1;150
MoveWest;(3, 3);Idle;(4, 4);False;1;151
;(3, 3);Idle;(4, 4);False;1;152
;(3, 3);Idle;(4, 4);False;1;153
MoveWest;(2, 3);Idle;(4, 4);False;1;154
;(2, 3);Idle;(4, 4);False;1;155
;(2, 3);Idle;(4, 4);False;1;156
;(2, 3);Idle;(4, 4);False;1;157
MoveWest;(1, 3);Idle;(4, 4);False;1;158
;(1, 3);Idle;(4, 4);False;1;159
;(1, 3);Idle;(4, 4);False;1;160
;(1, 3);Idle;(4, 4);False;1;161
;(1, 3);Idle;(4, 4);False;1;162
;(1, 3);Idle;(4, 4);False;1;163
;(1, 3);Idle;(4, 4);False;1;164
;(1, 3);Idle;(4, 4);False;1;165
;(1, 3);Idle;(4, 4);False;1;166
;(1, 3);Idle;(4, 4);False;1;167
;(1, 3);Idle;(4, 4);False;1;168
;(1, 3);Idle;(4, 4);False;1;169
MoveWest;(0, 3);Idle;(4, 4);False;1;170
;(0, 3);Idle;(4, 4);False;1;171
;(0, 3);Idle;(4, 4);False;1;172
;(0, 3);Idle;(4, 4);False;1;173
;(0, 3);Idle;(4, 4);False;1;174
;(0, 3);Idle;(4, 4);False;1;175
;(0, 3);Idle;(4, 4);False;1;176
;(0, 3);Idle;(4, 4);False;1;177
;(0, 3);Idle;(4, 4);False;1;178
DropObject;(0, 3);Idle;(4, 4);False;1;179
;(0, 3);Idle;(4, 4);False;1;180
;(0, 3);Idle;(4, 4);False;1;181
;(0, 3);Idle;(4, 4);False;1;182
;(0, 3);Idle;(4, 4);False;1;183
;(0, 3);Idle;(4, 4);False;1;184
;(0, 3);Idle;(4, 4);False;1;185
;(0, 3);Idle;(4, 4);False;1;186
;(0, 3);Idle;(4, 4);False;1;187
;(0, 3);Idle;(4, 4);False;1;188
MoveEast;(1, 3);Idle;(4, 4);False;1;189
;(1, 3);Idle;(4, 4);False;1;190
;(1, 3);;(4, 4);False;1;191
;(1, 3);Idle;(4, 4);False;1;192
MoveEast;(2, 3);Idle;(4, 4);False;1;193
;(2, 3);Idle;(4, 4);False;1;194
;(2, 3);Idle;(4, 4);False;1;195
MoveEast;(3, 3);Idle;(4, 4);False;1;196
;(3, 3);Idle;(4, 4);False;1;197
;(3, 3);Idle;(4, 4);False;1;198
MoveEast;(4, 3);Idle;(4, 4);False;1;199
;(4, 3);Idle;(4, 4);False;1;200
;(4, 3);Idle;(4, 4);False;1;201
;(4, 3);Idle;(4, 4);False;1;202
MoveEast;(5, 3);Idle;(4, 4);False;1;203
;(5, 3);Idle;(4, 4);False;1;204
;(5, 3);Idle;(4, 4);False;1;205
;(5, 3);Idle;(4, 4);False;1;206
MoveEast;(6, 3);Idle;(4, 4);False;1;207
;(6, 3);Idle;(4, 4);False;1;208
MoveEast;(7, 3);Idle;(4, 4);False;1;209
;(7, 3);Idle;(4, 4);False;1;210
MoveEast;(8, 3);Idle;(4, 4);False;1;211
;(8, 3);Idle;(4, 4);False;1;212
;(8, 3);Idle;(4, 4);False;1;213
MoveEast;(9, 3);Idle;(4, 4);False;1;214
;(9, 3);Idle;(4, 4);False;1;215
;(9, 3);Idle;(4, 4);False;1;216
;(9, 3);Idle;(4, 4);False;1;217
;(9, 3);Idle;(4, 4);False;1;218
;(9, 3);Idle;(4, 4);False;1;219
MoveEast;(10, 3);Idle;(4, 4);False;1;220
;(10, 3);Idle;(4, 4);False;1;221
;(10, 3);Idle;(4, 4);False;1;222
;(10, 3);Idle;(4, 4);False;1;223
;(10, 3);Idle;(4, 4);False;1;224
;(10, 3);Idle;(4, 4);False;1;225
;(10, 3);Idle;(4, 4);False;1;226
;(10, 3);Idle;(4, 4);False;1;227
;(10, 3);Idle;(4, 4);False;1;228
;(10, 3);Idle;(4, 4);False;1;229
;(10, 3);Idle;(4, 4);False;1;230
;(10, 3);Idle;(4, 4);False;1;231
;(10, 3);Idle;(4, 4);False;1;232
;(10, 3);Idle;(4, 4);False;1;233
;(10, 3);Idle;(4, 4);False;1;234
;(10, 3);Idle;(4, 4);False;1;235
;(10, 3);Idle;(4, 4);False;1;236
;(10, 3);Idle;(4, 4);False;1;237
;(10, 3);Idle;(4, 4);False;1;238
;(10, 3);Idle;(4, 4);False;1;239
;(10, 3);Idle;(4, 4);False;1;240
;(10, 3);Idle;(4, 4);False;1;241
GrabObject;(10, 3);Idle;(4, 4);False;1;242
;(10, 3);Idle;(4, 4);False;1;243
;(10, 3);Idle;(4, 4);False;1;244
;(10, 3);Idle;(4, 4);False;1;245
;(10, 3);Idle;(4, 4);False;1;246
;(10, 3);;(4, 4);False;1;247
;(10, 3);MoveEast;(4, 4);False;1;248
;(10, 3);MoveEast;(4, 4);False;1;249
MoveWest;(9, 3);MoveEast;(4, 4);False;1;250
;(9, 3);MoveEast;(4, 4);False;1;251
;(9, 3);MoveEast;(4, 4);False;1;252
;(9, 3);MoveEast;(4, 4);False;1;253
;(9, 3);MoveEast;(4, 4);False;1;254
;(9, 3);MoveEast;(4, 4);False;1;255
MoveWest;(8, 3);MoveEast;(4, 4);False;1;256
;(8, 3);MoveEast;(4, 4);False;1;257
;(8, 3);MoveEast;(5, 4);False;1;258
;(8, 3);MoveEast;(5, 4);False;1;259
MoveWest;(7, 3);MoveEast;(5, 4);False;1;260
;(7, 3);MoveEast;(5, 4);False;1;261
;(7, 3);MoveEast;(5, 4);False;1;262
MoveWest;(6, 3);MoveEast;(5, 4);False;1;263
;(6, 3);MoveEast;(5, 4);False;1;264
;(6, 3);MoveEast;(5, 4);False;1;265
;(6, 3);MoveEast;(5, 4);False;1;266
MoveWest;(5, 3);MoveEast;(5, 4);False;1;267
;(5, 3);MoveEast;(5, 4);False;1;268
;(5, 3);MoveEast;(6, 4);False;1;269
MoveWest;(4, 3);MoveEast;(6, 4);False;1;270
;(4, 3);MoveEast;(6, 4);False;1;271
;(4, 3);MoveEast;(6, 4);False;1;272
;(4, 3);MoveEast;(6, 4);False;1;273
MoveWest;(3, 3);MoveEast;(6, 4);False;1;274
;(3, 3);MoveEast;(6, 4);False;1;275
MoveWest;(2, 3);MoveEast;(6, 4);False;1;276
;(2, 3);MoveEast;(6, 4);False;1;277
;(2, 3);MoveEast;(6, 4);False;1;278
;(2, 3);MoveEast;(6, 4);False;1;279
MoveWest;(1, 3);MoveEast;(7, 4);False;1;280
;(1, 3);MoveEast;(7, 4);False;1;281
;(1, 3);MoveEast;(7, 4);False;1;282
MoveWest;(0, 3);MoveEast;(7, 4);False;1;283
;(0, 3);MoveEast;(7, 4);False;1;284
;(0, 3);MoveEast;(7, 4);False;1;285
;(0, 3);MoveEast;(7, 4);False;1;286
;(0, 3);MoveEast;(7, 4);False;1;287
;(0, 3);MoveEast;(7, 4);False;1;288
;(0, 3);MoveEast;(7, 4);False;1;289
;(0, 3);MoveEast;(7, 4);False;1;290
;(0, 3);MoveEast;(8, 4);False;1;291
;(0, 3);MoveEast;(8, 4);False;1;292
;(0, 3);MoveEast;(8, 4);False;1;293
;(0, 3);MoveEast;(8, 4);False;1;294
;(0, 3);MoveEast;(8, 4);False;1;295
;(0, 3);MoveEast;(8, 4);False;1;296
;(0, 3);MoveEast;(8, 4);False;1;297
;(0, 3);MoveEast;(8, 4);False;1;298
;(0, 3);MoveEast;(8, 4);False;1;299
;(0, 3);MoveEast;(8, 4);False;1;300
;(0, 3);MoveEast;(8, 4);False;1;301
;(0, 3);MoveEast;(9, 4);False;1;302
;(0, 3);GrabLargeObject;(9, 4);False;1;303
DropObject;(0, 3);GrabLargeObject;(9, 4);False;1;304
;(0, 3);GrabLargeObject;(9, 4);False;1;305
;(0, 3);GrabLargeObject;(9, 4);False;1;306
;(0, 3);GrabLargeObject;(9, 4);False;1;307
;(0, 3);GrabLargeObject;(9, 4);False;1;308
;(0, 3);GrabLargeObject;(9, 4);False;1;309
;(0, 3);GrabLargeObject;(9, 4);False;1;310
;(0, 3);GrabLargeObject;(9, 4);False;1;311
;(0, 3);GrabLargeObject;(9, 4);False;1;312
;(0, 3);GrabLargeObject;(9, 4);False;1;313
;(0, 3);;(9, 4);False;1;314
;(0, 3);MoveWest;(9, 4);False;1;315
MoveSouth;(0, 4);MoveWest;(9, 4);False;1;316
;(0, 4);MoveWest;(9, 4);False;1;317
;(0, 4);MoveWest;(9, 4);False;1;318
;(0, 4);MoveWest;(9, 4);False;1;319
;(0, 4);MoveWest;(9, 4);False;1;320
;(0, 4);MoveWest;(9, 4);False;1;321
MoveSouth;(0, 5);MoveWest;(9, 4);False;1;322
;(0, 5);MoveWest;(9, 4);False;1;323
;(0, 5);MoveWest;(9, 4);False;1;324
;(0, 5);MoveWest;(8, 4);False;1;325
;(0, 5);BreakObject;(8, 4);False;1;326
;(0, 5);BreakObject;(8, 4);False;1;327
;(0, 5);BreakObject;(8, 4);False;1;328
;(0, 5);BreakObject;(8, 4);False;1;329
;(0, 5);BreakObject;(8, 4);False;1;330
;(0, 5);BreakObject;(8, 4);False;1;331
;(0, 5);BreakObject;(8, 4);False;1;332
;(0, 5);BreakObject;(8, 4);False;1;333
;(0, 5);BreakObject;(8, 4);False;1;334
;(0, 5);BreakObject;(8, 4);False;1;335
;(0, 5);BreakObject;(8, 4);False;1;336
MoveSouth;(0, 6);;(8, 4);False;1;337
;(0, 6);MoveWest;(8, 4);False;1;338
;(0, 6);MoveWest;(8, 4);False;1;339
;(0, 6);MoveWest;(8, 4);False;1;340
;(0, 6);MoveWest;(8, 4);False;1;341
;(0, 6);MoveWest;(8, 4);False;1;342
;(0, 6);MoveWest;(8, 4);False;1;343
;(0, 6);MoveWest;(8, 4);False;1;344
;(0, 6);MoveWest;(8, 4);False;1;345
;(0, 6);MoveWest;(8, 4);False;1;346
;(0, 6);MoveWest;(8, 4);False;1;347
;(0, 6);MoveWest;(7, 4);False;1;348
;(0, 6);MoveWest;(7, 4);False;1;349
;(0, 6);MoveWest;(7, 4);False;1;350
;(0, 6);MoveWest;(7, 4);False;1;351
;(0, 6);MoveWest;(7, 4);False;1;352
;(0, 6);MoveWest;(7, 4);False;1;353
;(0, 6);MoveWest;(7, 4);False;1;354
;(0, 6);MoveWest;(7, 4);False;1;355
;(0, 6);MoveWest;(7, 4);False;1;356
;(0, 6);MoveWest;(7, 4);False;1;357
MoveNorth;(0, 5);MoveWest;(7, 4);False;1;358
;(0, 5);MoveWest;(6, 4);False;1;359
MoveNorth;(0, 4);MoveWest;(6, 4);False;1;360
;(0, 4);MoveWest;(6, 4);False;1;361
;(0, 4);MoveWest;(6, 4);False;1;362
;(0, 4);MoveWest;(6, 4);False;1;363
;(0, 4);MoveWest;(6, 4);False;1;364
;(0, 4);MoveWest;(6, 4);False;1;365
;(0, 4);MoveWest;(6, 4);False;1;366
;(0, 4);MoveWest;(6, 4);False;1;367
;(0, 4);MoveWest;(6, 4);False;1;368
;(0, 4);MoveWest;(6, 4);False;1;369
MoveNorth;(0, 3);MoveWest;(5, 4);False;1;370
;(0, 3);MoveWest;(5, 4);False;1;371
;(0, 3);MoveWest;(5, 4);False;1;372
;(0, 3);MoveWest;(5, 4);False;1;373
;(0, 3);MoveWest;(5, 4);False;1;374
;(0, 3);MoveWest;(5, 4);False;1;375
;(0, 3);MoveWest;(5, 4);False;1;376
;(0, 3);MoveWest;(5, 4);False;1;377
MoveEast;(1, 3);MoveWest;(5, 4);False;1;378
;(1, 3);MoveWest;(5, 4);False;1;379
;(1, 3);MoveWest;(5, 4);False;1;380
;(1, 3);MoveWest;(4, 4);False;1;381
MoveEast;(2, 3);MoveWest;(4, 4);False;1;382
;(2, 3);MoveWest;(4, 4);False;1;383
MoveEast;(3, 3);MoveWest;(4, 4);False;1;384
;(3, 3);MoveWest;(4, 4);False;1;385
;(3, 3);MoveWest;(4, 4);False;1;386
;(3, 3);MoveWest;(4, 4);False;1;387
MoveEast;(4, 3);MoveWest;(4, 4);False;1;388
;(4, 3);MoveWest;(4, 4);False;1;389
;(4, 3);MoveWest;(4, 4);False;1;390
MoveEast;(5, 3);MoveWest;(4, 4);False;1;391
;(5, 3);MoveWest;(3, 4);False;1;392
;(5, 3);MoveWest;(3, 4);False;1;393
;(5, 3);MoveWest;(3, 4);False;1;394
;(5, 3);MoveWest;(3, 4);False;1;395
;(5, 3);MoveWest;(3, 4);False;1;396
MoveEast;(6, 3);MoveWest;(3, 4);False;1;397
;(6, 3);MoveWest;(3, 4);False;1;398
;(6, 3);MoveWest;(3, 4);False;1;399
;(6, 3);MoveWest;(3, 4);False;1;400
MoveEast;(7, 3);MoveWest;(3, 4);False;1;401
;(7, 3);MoveWest;(3, 4);False;1;402
;(7, 3);MoveWest;(2, 4);False;1;403
;(7, 3);MoveWest;(2, 4);False;1;404
;(7, 3);MoveWest;(2, 4);False;1;405
;(7, 3);MoveWest;(2, 4);False;1;406
;(7, 3);MoveWest;(2, 4);False;1;407
;(7, 3);MoveWest;(2, 4);False;1;408
;(7, 3);MoveWest;(2, 4);False;1;409
;(7, 3);MoveWest;(2, 4);False;1;410
MoveEast;(8, 3);MoveWest;(2, 4);False;1;411
;(8, 3);MoveWest;(2, 4);False;1;412
;(8, 3);MoveWest;(2, 4);False;1;413
;(8, 3);MoveWest;(1, 4);False;1;414
;(8, 3);MoveSouthWest;(1, 4);False;1;415
;(8, 3);MoveSouthWest;(1, 4);False;1;416
;(8, 3);MoveSouthWest;(1, 4);False;1;417
;(8, 3);MoveSouthWest;(1, 4);False;1;418
;(8, 3);MoveSouthWest;(1, 4);False;1;419
;(8, 3);MoveSouthWest;(1, 4);False;1;420
;(8, 3);MoveSouthWest;(1, 4);False;1;421
;(8, 3);MoveSouthWest;(1, 4);False;1;422
;(8, 3);MoveSouthWest;(1, 4);False;1;423
;(8, 3);MoveSouthWest;(1, 4);False;1;424
MoveSouth;(8, 4);MoveSouthWest;(0, 5);False;1;425
;(8, 4);Idle;(0, 5);False;1;426
;(8, 4);Idle;(0, 5);False;1;427
;(8, 4);Idle;(0, 5);False;1;428
;(8, 4);Idle;(0, 5);False;1;429
;(8, 4);Idle;(0, 5);False;1;430
;(8, 4);Idle;(0, 5);False;1;431
;(8, 4);Idle;(0, 5);False;1;432
;(8, 4);Idle;(0, 5);False;1;433
;(8, 4);Idle;(0, 5);False;1;434
;(8, 4);Idle;(0, 5);False;1;435
;(8, 4);Idle;(0, 5);False;1;436
;(8, 4);Idle;(0, 5);False;1;437
;(8, 4);Idle;(0, 5);False;1;438
;(8, 4);Idle;(0, 5);False;1;439
;(8, 4);Idle;(0, 5);False;1;440
;(8, 4);Idle;(0, 5);False;1;441
;(8, 4);Idle;(0, 5);False;1;442
;(8, 4);Idle;(0, 5);False;1;443
;(8, 4);Idle;(0, 5);False;1;444
;(8, 4);Idle;(0, 5);False;1;445
;(8, 4);Idle;(0, 5);False;1;446
;(8, 4);Idle;(0, 5);False;1;447
;(8, 4);Idle;(0, 5);False;1;448
;(8, 4);Idle;(0, 5);False;1;449
;(8, 4);Idle;(0, 5);False;1;450
;(8, 4);Idle;(0, 5);False;1;451
;(8, 4);Idle;(0, 5);False;1;452
;(8, 4);Idle;(0, 5);False;1;453
;(8, 4);Idle;(0, 5);False;1;454
;(8, 4);Idle;(0, 5);False;1;455
;(8, 4);Idle;(0, 5);False;1;456
;(8, 4);Idle;(0, 5);False;1;457
GrabObject;(8, 4);Idle;(0, 5);False;1;458
;(8, 4);Idle;(0, 5);False;1;459
;(8, 4);Idle;(0, 5);False;1;460
;(8, 4);Idle;(0, 5);False;1;461
;(8, 4);Idle;(0, 5);False;1;462
MoveWest;(7, 4);Idle;(0, 5);False;1;463
;(7, 4);Idle;(0, 5);False;1;464
;(7, 4);Idle;(0, 5);False;1;465
MoveWest;(6, 4);Idle;(0, 5);False;1;466
;(6, 4);Idle;(0, 5);False;1;467
;(6, 4);Idle;(0, 5);False;1;468
;(6, 4);Idle;(0, 5);False;1;469
;(6, 4);Idle;(0, 5);False;1;470
;(6, 4);Idle;(0, 5);False;1;471
MoveWest;(5, 4);Idle;(0, 5);False;1;472
MoveWest;(4, 4);Idle;(0, 5);False;1;473
;(4, 4);Idle;(0, 5);False;1;474
;(4, 4);Idle;(0, 5);False;1;475
MoveWest;(3, 4);Idle;(0, 5);False;1;476
;(3, 4);Idle;(0, 5);False;1;477
MoveWest;(2, 4);Idle;(0, 5);False;1;478
;(2, 4);Idle;(0, 5);False;1;479
;(2, 4);Idle;(0, 5);False;1;480
;(2, 4);;(0, 5);False;1;481
;(2, 4);MoveNorth;(0, 5);False;1;482
MoveWest;(1, 4);MoveNorth;(0, 5);False;1;483
;(1, 4);MoveNorth;(0, 5);False;1;484
MoveWest;(0, 4);MoveNorth;(0, 5);False;1;485
;(0, 4);MoveNorth;(0, 5);False;1;486
;(0, 4);MoveNorth;(0, 5);False;1;487
;(0, 4);MoveNorth;(0, 5);False;1;488
;(0, 4);MoveNorth;(0, 5);False;1;489
MoveWest;(0, 4);MoveNorth;(0, 5);False;1;490
;(0, 4);MoveNorth;(0, 5);False;1;491
;(0, 4);MoveNorth;(0, 4);False;1;492
;(0, 4);MoveNorth;(0, 4);False;1;493
;(0, 4);MoveNorth;(0, 4);False;1;494
;(0, 4);MoveNorth;(0, 4);False;1;495
;(0, 4);MoveNorth;(0, 4);False;1;496
;(0, 4);MoveNorth;(0, 4);False;1;497
;(0, 4);MoveNorth;(0, 4);False;1;498
;(0, 4);MoveNorth;(0, 4);False;1;499
;(0, 4);MoveNorth;(0, 4);False;1;500
;(0, 4);MoveNorth;(0, 4);False;1;501
;(0, 4);MoveNorth;(0, 4);False;1;502
;(0, 4);MoveNorth;(0, 3);False;1;503
;(0, 4);DropLargeObject;(0, 3);False;1;504
;(0, 4);DropLargeObject;(0, 3);False;1;505
;(0, 4);DropLargeObject;(0, 3);False;1;506
;(0, 4);DropLargeObject;(0, 3);False;1;507
;(0, 4);DropLargeObject;(0, 3);False;1;508
DropObject;(0, 4);DropLargeObject;(0, 3);False;1;509
;(0, 4);DropLargeObject;(0, 3);False;1;510
;(0, 4);DropLargeObject;(0, 3);False;1;511
;(0, 4);DropLargeObject;(0, 3);False;1;512
;(0, 4);DropLargeObject;(0, 3);False;1;513
;(0, 4);DropLargeObject;(0, 3);False;1;514
;(0, 4);;(0, 3);False;1;515
;(0, 4);MoveSouthEast;(0, 3);False;1;516
;(0, 4);MoveSouthEast;(0, 3);False;1;517
;(0, 4);MoveSouthEast;(0, 3);False;1;518
;(0, 4);MoveSouthEast;(0, 3);False;1;519
MoveSouth;(0, 5);MoveSouthEast;(0, 3);False;1;520
;(0, 5);MoveSouthEast;(0, 3);False;1;521
;(0, 5);MoveSouthEast;(0, 3);False;1;522
;(0, 5);MoveSouthEast;(0, 3);False;1;523
MoveSouth;(0, 6);MoveSouthEast;(0, 3);False;1;524
;(0, 6);MoveSouthEast;(0, 3);False;1;525
;(0, 6);MoveSouthEast;(1, 4);False;1;526
MoveSouth;(0, 7);MoveEast;(1, 4);False;1;527
;(0, 7);MoveEast;(1, 4);False;1;528
;(0, 7);MoveEast;(1, 4);False;1;529
;(0, 7);MoveEast;(1, 4);False;1;530
;(0, 7);MoveEast;(1, 4);False;1;531
;(0, 7);MoveEast;(1, 4);False;1;532
;(0, 7);MoveEast;(1, 4);False;1;533
;(0, 7);MoveEast;(1, 4);False;1;534
;(0, 7);MoveEast;(1, 4);False;1;535
MoveEast;(1, 7);MoveEast;(1, 4);False;1;536
;(1, 7);MoveEast;(2, 4);False;1;537
;(1, 7);MoveSouthEast;(2, 4);False;1;538
;(1, 7);MoveSouthEast;(2, 4);False;1;539
MoveEast;(2, 7);MoveSouthEast;(2, 4);False;1;540
;(2, 7);MoveSouthEast;(2, 4);False;1;541
;(2, 7);MoveSouthEast;(2, 4);False;1;542
;(2, 7);MoveSouthEast;(2, 4);False;1;543
MoveEast;(3, 7);MoveSouthEast;(2, 4);False;1;544
;(3, 7);MoveSouthEast;(2, 4);False;1;545
;(3, 7);MoveSouthEast;(2, 4);False;1;546
MoveEast;(4, 7);MoveSouthEast;(2, 4);False;1;547
;(4, 7);MoveSouthEast;(3, 5);False;1;548
;(4, 7);MoveEast;(3, 5);False;1;549
;(4, 7);MoveEast;(3, 5);False;1;550
;(4, 7);MoveEast;(3, 5);False;1;551
;(4, 7);MoveEast;(3, 5);False;1;552
MoveEast;(5, 7);MoveEast;(3, 5);False;1;553
;(5, 7);MoveEast;(3, 5);False;1;554
;(5, 7);MoveEast;(3, 5);False;1;555
MoveEast;(6, 7);MoveEast;(3, 5);False;1;556
;(6, 7);MoveEast;(3, 5);False;1;557
;(6, 7);MoveEast;(3, 5);False;1;558
;(6, 7);MoveEast;(4, 5);False;1;559
;(6, 7);MoveEast;(4, 5);False;1;560
;(6, 7);MoveEast;(4, 5);False;1;561
;(6, 7);MoveEast;(4, 5);False;1;562
;(6, 7);MoveEast;(4, 5);False;1;563
;(6, 7);MoveEast;(4, 5);False;1;564
;(6, 7);MoveEast;(4, 5);False;1;565
;(6, 7);MoveEast;(4, 5);False;1;566
MoveNorth;(6, 6);MoveEast;(4, 5);False;1;567
;(6, 6);MoveEast;(4, 5);False;1;568
;(6, 6);MoveEast;(4, 5);False;1;569
;(6, 6);MoveEast;(5, 5);False;1;570
MoveNorth;(6, 5);MoveSouthEast;(5, 5);False;1;571
;(6, 5);MoveSouthEast;(5, 5);False;1;572
;(6, 5);MoveSouthEast;(5, 5);False;1;573
;(6, 5);MoveSouthEast;(5, 5);False;1;574
;(6, 5);MoveSouthEast;(5, 5);False;1;575
;(6, 5);MoveSouthEast;(5, 5);False;1;576
;(6, 5);MoveSouthEast;(5, 5);False;1;577
;(6, 5);MoveSouthEast;(5, 5);False;1;578
;(6, 5);MoveSouthEast;(5, 5);False;1;579
;(6, 5);MoveSouthEast;(5, 5);False;1;580
;(6, 5);MoveSouthEast;(6, 6);False;1;581
;(6, 5);GrabLargeObject;(6, 6);False;1;582
;(6, 5);GrabLargeObject;(6, 6);False;1;583
MoveEast;(7, 5);GrabLargeObject;(6, 6);False;1;584
;(7, 5);GrabLargeObject;(6, 6);False;1;585
;(7, 5);GrabLargeObject;(6, 6);False;1;586
;(7, 5);GrabLargeObject;(6, 6);False;1;587
;(7, 5);GrabLargeObject;(6, 6);False;1;588
;(7, 5);GrabLargeObject;(6, 6);False;1;589
;(7, 5);GrabLargeObject;(6, 6);False;1;590
;(7, 5);GrabLargeObject;(6, 6);False;1;591
;(7, 5);GrabLargeObject;(6, 6);False;1;592
;(7, 5);;(6, 6);False;1;593
;(7, 5);MoveNorthEast;(6, 6);False;1;594
;(7, 5);MoveNorthEast;(6, 6);False;1;595
;(7, 5);MoveNorthEast;(6, 6);False;1;596
MoveEast;(8, 5);MoveNorthEast;(6, 6);False;1;597
;(8, 5);MoveNorthEast;(6, 6);False;1;598
;(8, 5);MoveNorthEast;(6, 6);False;1;599
;(8, 5);MoveNorthEast;(6, 6);False;1;600
;(8, 5);MoveNorthEast;(6, 6);False;1;601
;(8, 5);MoveNorthEast;(6, 6);False;1;602
;(8, 5);MoveNorthEast;(6, 6);False;1;603
;(8, 5);MoveNorthEast;(7, 5);False;1;604
;(8, 5);Idle;(7, 5);False;1;605
;(8, 5);Idle;(7, 5);False;1;606
;(8, 5);Idle;(7, 5);False;1;607
;(8, 5);Idle;(7, 5);False;1;608
;(8, 5);Idle;(7, 5);False;1;609
;(8, 5);Idle;(7, 5);False;1;610
;(8, 5);Idle;(7, 5);False;1;611
;(8, 5);Idle;(7, 5);False;1;612
;(8, 5);Idle;(7, 5);False;1;613
;(8, 5);Idle;(7, 5);False;1;614
;(8, 5);Idle;(7, 5);False;1;615
;(8, 5);Idle;(7, 5);False;1;616
;(8, 5);Idle;(7, 5);False;1;617
;(8, 5);Idle;(7, 5);False;1;618
;(8, 5);Idle;(7, 5);False;1;619
;(8, 5);Idle;(7, 5);False;1;620
;(8, 5);Idle;(7, 5);False;1;621
;(8, 5);Idle;(7, 5);False;1;622
;(8, 5);Idle;(7, 5);False;1;623
;(8, 5);Idle;(7, 5);False;1;624
;(8, 5);Idle;(7, 5);False;1;625
;(8, 5);Idle;(7, 5);False;1;626
;(8, 5);Idle;(7, 5);False;1;627
;(8, 5);Idle;(7, 5);False;1;628
;(8, 5);Idle;(7, 5);False;1;629
;(8, 5);Idle;(7, 5);False;1;630
;(8, 5);Idle;(7, 5);False;1;631
;(8, 5);Idle;(7, 5);False;1;632
DropObject;(8, 5);Idle;(7, 5);False;1;633
;(8, 5);Idle;(7, 5);False;1;634
;(8, 5);Idle;(7, 5);False;1;635
;(8, 5);Idle;(7, 5);False;1;636
;(8, 5);Idle;(7, 5);False;1;637
;(8, 5);Idle;(7, 5);False;1;638
MoveWest;(7, 5);Idle;(7, 5);False;1;639
;(7, 5);Idle;(7, 5);False;1;640
;(7, 5);Idle;(7, 5);False;1;641
;(7, 5);Idle;(7, 5);False;1;642
MoveWest;(6, 5);Idle;(7, 5);False;1;643
;(6, 5);Idle;(7, 5);False;1;644
;(6, 5);Idle;(7, 5);False;1;645
;(6, 5);Idle;(7, 5);False;1;646
;(6, 5);Idle;(7, 5);False;1;647
MoveWest;(5, 5);Idle;(7, 5);False;1;648
;(5, 5);Idle;(7, 5);False;1;649
MoveWest;(4, 5);Idle;(7, 5);False;1;650
;(4, 5);Idle;(7, 5);False;1;651
;(4, 5);Idle;(7, 5);False;1;652
;(4, 5);Idle;(7, 5);False;1;653
MoveWest;(3, 5);Idle;(7, 5);False;1;654
;(3, 5);Idle;(7, 5);False;1;655
;(3, 5);Idle;(7, 5);False;1;656
;(3, 5);Idle;(7, 5);False;1;657
MoveWest;(2, 5);Idle;(7, 5);False;1;658
;(2, 5);Idle;(7, 5);False;1;659
;(2, 5);;(7, 5);False;1;660
MoveWest;(1, 5);MoveEast;(7, 5);False;1;661
;(1, 5);MoveEast;(7, 5);False;1;662
;(1, 5);MoveEast;(7, 5);False;1;663
;(1, 5);MoveEast;(7, 5);False;1;664
MoveWest;(0, 5);MoveEast;(7, 5);False;1;665
;(0, 5);MoveEast;(7, 5);False;1;666
;(0, 5);MoveEast;(7, 5);False;1;667
;(0, 5);MoveEast;(7, 5);False;1;668
;(0, 5);MoveEast;(7, 5);False;1;669
;(0, 5);MoveEast;(7, 5);False;1;670
MoveWest;(0, 5);MoveEast;(8, 5);False;1;671
;(0, 5);MoveEast;(8, 5);False;1;672
;(0, 5);MoveEast;(8, 5);False;1;673
;(0, 5);MoveEast;(8, 5);False;1;674
;(0, 5);MoveEast;(8, 5);False;1;675
;(0, 5);MoveEast;(8, 5);False;1;676
;(0, 5);MoveEast;(8, 5);False;1;677
;(0, 5);MoveEast;(8, 5);False;1;678
;(0, 5);MoveEast;(8, 5);False;1;679
;(0, 5);MoveEast;(8, 5);False;1;680
;(0, 5);MoveEast;(8, 5);False;1;681
;(0, 5);MoveEast;(9, 5);False;1;682
;(0, 5);MoveWest;(9, 5);False;1;683
;(0, 5);MoveWest;(9, 5);False;1;684
;(0, 5);MoveWest;(9, 5);False;1;685
;(0, 5);MoveWest;(9, 5);False;1;686
;(0, 5);MoveWest;(9, 5);False;1;687
;(0, 5);MoveWest;(9, 5);False;1;688
;(0, 5);MoveWest;(9, 5);False;1;689
;(0, 5);MoveWest;(9, 5);False;1;690
;(0, 5);MoveWest;(9, 5);False;1;691
;(0, 5);MoveWest;(9, 5);False;1;692
;(0, 5);MoveWest;(8, 5);False;1;693
;(0, 5);MoveWest;(8, 5);False;1;694
;(0, 5);MoveWest;(8, 5);False;1;695
;(0, 5);MoveWest;(8, 5);False;1;696
;(0, 5);MoveWest;(8, 5);False;1;697
;(0, 5);MoveWest;(8, 5);False;1;698
;(0, 5);MoveWest;(8, 5);False;1;699
;(0, 5);MoveWest;(8, 5);False;1;700
;(0, 5);MoveWest;(8, 5);False;1;701
;(0, 5);MoveWest;(8, 5);False;1;702
;(0, 5);MoveWest;(8, 5);False;1;703
;(0, 5);MoveWest;(7, 5);False;1;704
;(0, 5);MoveEast;(7, 5);False;1;705
;(0, 5);MoveEast;(7, 5);False;1;706
;(0, 5);MoveEast;(7, 5);False;1;707
;(0, 5);MoveEast;(7, 5);False;1;708
;(0, 5);MoveEast;(7, 5);False;1;709
;(0, 5);MoveEast;(7, 5);False;1;710
;(0, 5);MoveEast;(7, 5);False;1;711
;(0, 5);MoveEast;(7, 5);False;1;712
;(0, 5);MoveEast;(7, 5);False;1;713
;(0, 5);MoveEast;(7, 5);False;1;714
;(0, 5);MoveEast;(8, 5);False;1;715
;(0, 5);MoveEast;(8, 5);False;1;716
;(0, 5);MoveEast;(8, 5);False;1;717
;(0, 5);MoveEast;(8, 5);False;1;718
;(0, 5);MoveEast;(8, 5);False;1;719
;(0, 5);MoveEast;(8, 5);False;1;720
;(0, 5);MoveEast;(8, 5);False;1;721
;(0, 5);MoveEast;(8, 5);False;1;722
;(0, 5);MoveEast;(8, 5);False;1;723
;(0, 5);MoveEast;(8, 5);False;1;724
;(0, 5);MoveEast;(8, 5);False;1;725
;(0, 5);MoveEast;(9, 5);False;1;726
;(0, 5);MoveWest;(9, 5);False;1;727
;(0, 5);MoveWest;(9, 5);False;1;728
;(0, 5);MoveWest;(9, 5);False;1;729
;(0, 5);MoveWest;(9, 5);False;1;730
;(0, 5);MoveWest;(9, 5);False;1;731
;(0, 5);MoveWest;(9, 5);False;1;732
;(0, 5);MoveWest;(9, 5);False;1;733
;(0, 5);MoveWest;(9, 5);False;1;734
;(0, 5);MoveWest;(9, 5);False;1;735
;(0, 5);MoveWest;(9, 5);False;1;736
;(0, 5);MoveWest;(8, 5);False;1;737
;(0, 5);MoveWest;(8, 5);False;1;738
;(0, 5);MoveWest;(8, 5);False;1;739
;(0, 5);MoveWest;(8, 5);False;1;740
;(0, 5);MoveWest;(8, 5);False;1;741
;(0, 5);MoveWest;(8, 5);False;1;742
;(0, 5);MoveWest;(8, 5);False;1;743
;(0, 5);MoveWest;(8, 5);False;1;744
;(0, 5);MoveWest;(8, 5);False;1;745
;(0, 5);MoveWest;(8, 5);False;1;746
;(0, 5);MoveWest;(8, 5);False;1;747
;(0, 5);MoveWest;(7, 5);False;1;748
;(0, 5);MoveEast;(7, 5);False;1;749
;(0, 5);MoveEast;(7, 5);False;1;750
;(0, 5);MoveEast;(7, 5);False;1;751
MoveEast;(1, 5);MoveEast;(7, 5);False;1;752
;(1, 5);MoveEast;(7, 5);False;1;753
;(1, 5);MoveEast;(7, 5);False;1;754
;(1, 5);MoveEast;(7, 5);False;1;755
;(1, 5);MoveEast;(7, 5);False;1;756
MoveEast;(2, 5);MoveEast;(7, 5);False;1;757
;(2, 5);MoveEast;(7, 5);False;1;758
;(2, 5);MoveEast;(8, 5);False;1;759
;(2, 5);MoveEast;(8, 5);False;1;760
MoveEast;(3, 5);MoveEast;(8, 5);False;1;761
;(3, 5);MoveEast;(8, 5);False;1;762
;(3, 5);MoveEast;(8, 5);False;1;763
MoveEast;(4, 5);MoveEast;(8, 5);False;1;764
;(4, 5);MoveEast;(8, 5);False;1;765
;(4, 5);MoveEast;(8, 5);False;1;766
;(4, 5);MoveEast;(8, 5);False;1;767
MoveEast;(5, 5);MoveEast;(8, 5);False;1;768
;(5, 5);MoveEast;(8, 5);False;1;769
;(5, 5);MoveEast;(9, 5);False;1;770
;(5, 5);MoveWest;(9, 5);False;1;771
;(5, 5);MoveWest;(9, 5);False;1;772
;(5, 5);MoveWest;(9, 5);False;1;773
;(5, 5);MoveWest;(9, 5);False;1;774
;(5, 5);MoveWest;(9, 5);False;1;775
;(5, 5);MoveWest;(9, 5);False;1;776
;(5, 5);MoveWest;(9, 5);False;1;777
;(5, 5);MoveWest;(9, 5);False;1;778
MoveEast;(6, 5);MoveWest;(9, 5);False;1;779
;(6, 5);MoveWest;(9, 5);False;1;780
MoveEast;(7, 5);MoveWest;(8, 5);False;1;781
;(7, 5);MoveWest;(8, 5);False;1;782
;(7, 5);MoveWest;(8, 5);False;1;783
;(7, 5);MoveWest;(8, 5);False;1;784
;(7, 5);MoveWest;(8, 5);False;1;785
;(7, 5);MoveWest;(8, 5);False;1;786
MoveEast;(8, 5);MoveWest;(8, 5);False;1;787
;(8, 5);MoveWest;(8, 5);False;1;788
;(8, 5);MoveWest;(8, 5);False;1;789
;(8, 5);MoveWest;(8, 5);False;1;790
;(8, 5);MoveWest;(8, 5);False;1;791
;(8, 5);MoveWest;(7, 5);False;1;792
;(8, 5);;(7, 5);False;1;793
;(8, 5);Idle;(7, 5);False;1;794
;(8, 5);Idle;(7, 5);False;1;795
;(8, 5);Idle;(7, 5);False;1;796
;(8, 5);Idle;(7, 5);False;1;797
;(8, 5);Idle;(7, 5);False;1;798
;(8, 5);Idle;(7, 5);False;1;799
;(8, 5);Idle;(7, 5);False;1;800
;(8, 5);Idle;(7, 5);False;1;801
;(8, 5);Idle;(7, 5);False;1;802
;(8, 5);Idle;(7, 5);False;1;803
;(8, 5);Idle;(7, 5);False;1;804
;(8, 5);Idle;(7, 5);False;1;805
;(8, 5);Idle;(7, 5);False;1;806
;(8, 5);Idle;(7, 5);False;1;807
GrabObject;(8, 5);Idle;(7, 5);False;1;808
;(8, 5);Idle;(7, 5);False;1;809
;(8, 5);Idle;(7, 5);False;1;810
;(8, 5);Idle;(7, 5);False;1;811
;(8, 5);Idle;(7, 5);False;1;812
;(8, 5);Idle;(7, 5);False;1;813
;(8, 5);Idle;(7, 5);False;1;814
;(8, 5);Idle;(7, 5);False;1;815
MoveWest;(7, 5);Idle;(7, 5);False;1;816
;(7, 5);Idle;(7, 5);False;1;817
;(7, 5);Idle;(7, 5);False;1;818
;(7, 5);Idle;(7, 5);False;1;819
;(7, 5);Idle;(7, 5);False;1;820
MoveWest;(6, 5);Idle;(7, 5);False;1;821
;(6, 5);Idle;(7, 5);False;1;822
;(6, 5);Idle;(7, 5);False;1;823
;(6, 5);Idle;(7, 5);False;1;824
;(6, 5);Idle;(7, 5);False;1;825
MoveWest;(5, 5);Idle;(7, 5);False;1;826
;(5, 5);Idle;(7, 5);False;1;827
;(5, 5);Idle;(7, 5);False;1;828
;(5, 5);Idle;(7, 5);False;1;829
MoveWest;(4, 5);Idle;(7, 5);False;1;830
;(4, 5);Idle;(7, 5);False;1;831
;(4, 5);Idle;(7, 5);False;1;832
;(4, 5);Idle;(7, 5);False;1;833
;(4, 5);Idle;(7, 5);False;1;834
;(4, 5);Idle;(7, 5);False;1;835
;(4, 5);Idle;(7, 5);False;1;836
;(4, 5);Idle;(7, 5);False;1;837
;(4, 5);Idle;(7, 5);False;1;838
;(4, 5);Idle;(7, 5);False;1;839
;(4, 5);Idle;(7, 5);False;1;840
;(4, 5);Idle;(7, 5);False;1;841
;(4, 5);Idle;(7, 5);False;1;842
;(4, 5);Idle;(7, 5);False;1;843
;(4, 5);Idle;(7, 5);False;1;844
MoveWest;(3, 5);Idle;(7, 5);False;1;845
;(3, 5);Idle;(7, 5);False;1;846
;(3, 5);Idle;(7, 5);False;1;847
;(3, 5);Idle;(7, 5);False;1;848
;(3, 5);;(7, 5);False;1;849
;(3, 5);MoveWest;(7, 5);False;1;850
;(3, 5);MoveWest;(7, 5);False;1;851
;(3, 5);MoveWest;(7, 5);False;1;852
;(3, 5);MoveWest;(7, 5);False;1;853
;(3, 5);MoveWest;(7, 5);False;1;854
;(3, 5);MoveWest;(7, 5);False;1;855
;(3, 5);MoveWest;(7, 5);False;1;856
;(3, 5);MoveWest;(7, 5);False;1;857
;(3, 5);MoveWest;(7, 5);False;1;858
;(3, 5);MoveWest;(7, 5);False;1;859
;(3, 5);MoveWest;(6, 5);False;1;860
MoveWest;(2, 5);MoveWest;(6, 5);False;1;861
;(2, 5);MoveWest;(6, 5);False;1;862
;(2, 5);MoveWest;(6, 5);False;1;863
;(2, 5);MoveWest;(6, 5);False;1;864
;(2, 5);MoveWest;(6, 5);False;1;865
;(2, 5);MoveWest;(6, 5);False;1;866
;(2, 5);MoveWest;(6, 5);False;1;867
;(2, 5);MoveWest;(6, 5);False;1;868
;(2, 5);MoveWest;(6, 5);False;1;869
;(2, 5);MoveWest;(6, 5);False;1;870
;(2, 5);MoveWest;(5, 5);False;1;871
;(2, 5);MoveWest;(5, 5);False;1;872
;(2, 5);MoveWest;(5, 5);False;1;873
;(2, 5);MoveWest;(5, 5);False;1;874
;(2, 5);MoveWest;(5, 5);False;1;875
;(2, 5);MoveWest;(5, 5);False;1;876
;(2, 5);MoveWest;(5, 5);False;1;877
;(2, 5);MoveWest;(5, 5);False;1;878
;(2, 5);MoveWest;(5, 5);False;1;879
;(2, 5);MoveWest;(5, 5);False;1;880
;(2, 5);MoveWest;(5, 5);False;1;881
;(2, 5);MoveWest;(4, 5);False;1;882
;(2, 5);MoveNorthWest;(4, 5);False;1;883
;(2, 5);MoveNorthWest;(4, 5);False;1;884
;(2, 5);MoveNorthWest;(4, 5);False;1;885
;(2, 5);MoveNorthWest;(4, 5);False;1;886
;(2, 5);MoveNorthWest;(4, 5);False;1;887
;(2, 5);MoveNorthWest;(4, 5);False;1;888
;(2, 5);MoveNorthWest;(4, 5);False;1;889
;(2, 5);MoveNorthWest;(4, 5);False;1;890
;(2, 5);MoveNorthWest;(4, 5);False;1;891
;(2, 5);MoveNorthWest;(4, 5);False;1;892
;(2, 5);MoveNorthWest;(3, 4);False;1;893
;(2, 5);MoveWest;(3, 4);False;1;894
;(2, 5);MoveWest;(3, 4);False;1;895
;(2, 5);MoveWest;(3, 4);False;1;896
;(2, 5);MoveWest;(3, 4);False;1;897
;(2, 5);MoveWest;(3, 4);False;1;898
;(2, 5);MoveWest;(3, 4);False;1;899
;(2, 5);MoveWest;(3, 4);False;1;900
;(2, 5);MoveWest;(3, 4);False;1;901
MoveSouth;(2, 6);MoveWest;(3, 4);False;1;902
DropObject;(2, 6);MoveWest;(3, 4);False;1;903
;(2, 6);MoveWest;(2, 4);False;1;904
;(2, 6);MoveNorthWest;(2, 4);False;1;905
;(2, 6);MoveNorthWest;(2, 4);False;1;906
;(2, 6);MoveNorthWest;(2, 4);False;1;907
;(2, 6);MoveNorthWest;(2, 4);False;1;908
;(2, 6);MoveNorthWest;(2, 4);False;1;909
;(2, 6);MoveNorthWest;(2, 4);False;1;910
;(2, 6);MoveNorthWest;(2, 4);False;1;911
;(2, 6);MoveNorthWest;(2, 4);False;1;912
;(2, 6);MoveNorthWest;(2, 4);False;1;913
;(2, 6);MoveNorthWest;(2, 4);False;1;914
;(2, 6);MoveNorthWest;(1, 3);False;1;915
;(2, 6);MoveWest;(1, 3);False;1;916
;(2, 6);MoveWest;(1, 3);False;1;917
MoveEast;(3, 6);MoveWest;(1, 3);False;1;918
;(3, 6);MoveWest;(1, 3);False;1;919
;(3, 6);MoveWest;(1, 3);False;1;920
;(3, 6);MoveWest;(1, 3);False;1;921
MoveEast;(4, 6);MoveWest;(1, 3);False;1;922
;(4, 6);MoveWest;(1, 3);False;1;923
;(4, 6);MoveWest;(1, 3);False;1;924
MoveEast;(5, 6);MoveWest;(1, 3);False;1;925
;(5, 6);MoveWest;(0, 3);False;1;926
;(5, 6);DropLargeObject;(0, 3);False;1;927
;(5, 6);DropLargeObject;(0, 3);False;1;928
;(5, 6);DropLargeObject;(0, 3);False;1;929
MoveEast;(6, 6);DropLargeObject;(0, 3);False;1;930
;(6, 6);DropLargeObject;(0, 3);False;1;931
;(6, 6);DropLargeObject;(0, 3);False;1;932
;(6, 6);DropLargeObject;(0, 3);False;1;933
MoveEast;(7, 6);DropLargeObject;(0, 3);False;1;934
;(7, 6);DropLargeObject;(0, 3);False;1;935
;(7, 6);DropLargeObject;(0, 3);False;1;936
MoveEast;(8, 6);DropLargeObject;(0, 3);False;1;937
;(8, 6);;(0, 3);False;1;938
;(8, 6);MoveEast;(0, 3);False;1;939
;(8, 6);MoveEast;(0, 3);False;1;940
MoveEast;(9, 6);MoveEast;(0, 3);False;1;941
;(9, 6);MoveEast;(0, 3);False;1;942
;(9, 6);MoveEast;(0, 3);False;1;943
;(9, 6);MoveEast;(0, 3);False;1;944
;(9, 6);MoveEast;(0, 3);False;1;945
;(9, 6);MoveEast;(0, 3);False;1;946
;(9, 6);MoveEast;(0, 3);False;1;947
;(9, 6);MoveEast;(0, 3);False;1;948
;(9, 6);MoveEast;(1, 3);False;1;949
;(9, 6);MoveEast;(1, 3);False;1;950
;(9, 6);MoveEast;(1, 3);False;1;951
;(9, 6);MoveEast;(1, 3);False;1;952
;(9, 6);MoveEast;(1, 3);False;1;953
;(9, 6);MoveEast;(1, 3);False;1;954
;(9, 6);MoveEast;(1, 3);False;1;955
;(9, 6);MoveEast;(1, 3);False;1;956
;(9, 6);MoveEast;(1, 3);False;1;957
;(9, 6);MoveEast;(1, 3);False;1;958
;(9, 6);MoveEast;(1, 3);False;1;959
;(9, 6);MoveEast;(2, 3);False;1;960
;(9, 6);MoveEast;(2, 3);False;1;961
;(9, 6);MoveEast;(2, 3);False;1;962
;(9, 6);MoveEast;(2, 3);False;1;963
;(9, 6);MoveEast;(2, 3);False;1;964
;(9, 6);MoveEast;(2, 3);False;1;965
;(9, 6);MoveEast;(2, 3);False;1;966
;(9, 6);MoveEast;(2, 3);False;1;967
;(9, 6);MoveEast;(2, 3);False;1;968
;(9, 6);MoveEast;(2, 3);False;1;969
;(9, 6);MoveEast;(2, 3);False;1;970
;(9, 6);MoveEast;(3, 3);False;1;971
;(9, 6);MoveSouthEast;(3, 3);False;1;972
;(9, 6);MoveSouthEast;(3, 3);False;1;973
GrabObject;(9, 6);MoveSouthEast;(3, 3);False;1;974
;(9, 6);MoveSouthEast;(3, 3);False;1;975
;(9, 6);MoveSouthEast;(3, 3);False;1;976
;(9, 6);MoveSouthEast;(3, 3);False;1;977
;(9, 6);MoveSouthEast;(3, 3);False;1;978
MoveWest;(8, 6);MoveSouthEast;(3, 3);False;1;979
;(8, 6);MoveSouthEast;(3, 3);False;1;980
;(8, 6);MoveSouthEast;(3, 3);False;1;981
;(8, 6);MoveSouthEast;(4, 4);False;1;982
MoveWest;(7, 6);MoveSouthEast;(4, 4);False;1;983
;(7, 6);MoveSouthEast;(4, 4);False;1;984
;(7, 6);MoveSouthEast;(4, 4);False;1;985
MoveWest;(6, 6);MoveSouthEast;(4, 4);False;1;986
;(6, 6);MoveSouthEast;(4, 4);False;1;987
;(6, 6);MoveSouthEast;(4, 4);False;1;988
MoveWest;(5, 6);MoveSouthEast;(4, 4);False;1;989
;(5, 6);MoveSouthEast;(4, 4);False;1;990
;(5, 6);MoveSouthEast;(4, 4);False;1;991
MoveWest;(4, 6);MoveSouthEast;(4, 4);False;1;992
;(4, 6);MoveSouthEast;(5, 5);False;1;993
;(4, 6);MoveSouthEast;(5, 5);False;1;994
MoveWest;(3, 6);MoveSouthEast;(5, 5);False;1;995
;(3, 6);MoveSouthEast;(5, 5);False;1;996
;(3, 6);MoveSouthEast;(5, 5);False;1;997
MoveWest;(2, 6);MoveSouthEast;(5, 5);False;1;998
;(2, 6);MoveSouthEast;(5, 5);False;1;999
;(2, 6);MoveSouthEast;(5, 5);False;1;1000
MoveWest;(1, 6);MoveSouthEast;(5, 5);False;1;1001
;(1, 6);MoveSouthEast;(5, 5);False;1;1002
;(1, 6);MoveSouthEast;(5, 5);False;1;1003
;(1, 6);MoveSouthEast;(6, 6);False;1;1004
MoveWest;(0, 6);MoveEast;(6, 6);False;1;1005
;(0, 6);MoveEast;(6, 6);False;1;1006
;(0, 6);MoveEast;(6, 6);False;1;1007
;(0, 6);MoveEast;(6, 6);False;1;1008
;(0, 6);MoveEast;(6, 6);False;1;1009
;(0, 6);MoveEast;(6, 6);False;1;1010
;(0, 6);MoveEast;(6, 6);False;1;1011
DropObject;(0, 6);MoveEast;(6, 6);False;1;1012
;(0, 6);MoveEast;(6, 6);False;1;1013
;(0, 6);MoveEast;(6, 6);False;1;1014
;(0, 6);MoveEast;(7, 6);False;1;1015
;(0, 6);MoveEast;(7, 6);False;1;1016
;(0, 6);MoveEast;(7, 6);False;1;1017
;(0, 6);MoveEast;(7, 6);False;1;1018
MoveEast;(1, 6);MoveEast;(7, 6);False;1;1019
;(1, 6);MoveEast;(7, 6);False;1;1020
MoveEast;(2, 6);MoveEast;(7, 6);False;1;1021
;(2, 6);MoveEast;(7, 6);False;1;1022
;(2, 6);MoveEast;(7, 6);False;1;1023
MoveEast;(3, 6);MoveEast;(7, 6);False;1;1024
;(3, 6);MoveEast;(7, 6);False;1;1025
;(3, 6);MoveEast;(8, 6);False;1;1026
;(3, 6);MoveEast;(8, 6);False;1;1027
;(3, 6);MoveEast;(8, 6);False;1;1028
MoveEast;(4, 6);MoveEast;(8, 6);False;1;1029
;(4, 6);MoveEast;(8, 6);False;1;1030
MoveEast;(5, 6);MoveEast;(8, 6);False;1;1031
;(5, 6);MoveEast;(8, 6);False;1;1032
;(5, 6);MoveEast;(8, 6);False;1;1033
;(5, 6);MoveEast;(8, 6);False;1;1034
;(5, 6);MoveEast;(8, 6);False;1;1035
MoveEast;(6, 6);MoveEast;(8, 6);False;1;1036
;(6, 6);MoveEast;(9, 6);False;1;1037
;(6, 6);GrabObject;(9, 6);False;1;1038
;(6, 6);GrabObject;(9, 6);False;1;1039
;(6, 6);GrabObject;(9, 6);False;1;1040
;(6, 6);GrabObject;(9, 6);False;1;1041
;(6, 6);GrabObject;(9, 6);False;1;1042
;(6, 6);GrabObject;(9, 6);False;1;1043
;(6, 6);GrabObject;(9, 6);False;1;1044
;(6, 6);GrabObject;(9, 6);False;1;1045
;(6, 6);GrabObject;(9, 6);False;1;1046
;(6, 6);GrabObject;(9, 6);False;1;1047
;(6, 6);GrabObject;(9, 6);False;1;1048
MoveEast;(7, 6);;(9, 6);False;1;1049
;(7, 6);Idle;(9, 6);False;1;1050
;(7, 6);Idle;(9, 6);False;1;1051
;(7, 6);Idle;(9, 6);False;1;1052
;(7, 6);Idle;(9, 6);False;1;1053
;(7, 6);Idle;(9, 6);False;1;1054
;(7, 6);Idle;(9, 6);False;1;1055
;(7, 6);Idle;(9, 6);False;1;1056
;(7, 6);Idle;(9, 6);False;1;1057
;(7, 6);Idle;(9, 6);False;1;1058
;(7, 6);Idle;(9, 6);False;1;1059
;(7, 6);Idle;(9, 6);False;1;1060
;(7, 6);Idle;(9, 6);False;1;1061
;(7, 6);Idle;(9, 6);False;1;1062
;(7, 6);Idle;(9, 6);False;1;1063
MoveEast;(8, 6);Idle;(9, 6);False;1;1064
;(8, 6);Idle;(9, 6);False;1;1065
;(8, 6);Idle;(9, 6);False;1;1066
;(8, 6);Idle;(9, 6);False;1;1067
;(8, 6);Idle;(9, 6);False;1;1068
;(8, 6);Idle;(9, 6);False;1;1069
;(8, 6);Idle;(9, 6);False;1;1070
;(8, 6);Idle;(9, 6);False;1;1071
;(8, 6);Idle;(9, 6);False;1;1072
;(8, 6);Idle;(9, 6);False;1;1073
;(8, 6);Idle;(9, 6);False;1;1074
;(8, 6);Idle;(9, 6);False;1;1075
;(8, 6);Idle;(9, 6);False;1;1076
;(8, 6);Idle;(9, 6);False;1;1077
;(8, 6);Idle;(9, 6);False;1;1078
;(8, 6);Idle;(9, 6);False;1;1079
;(8, 6);Idle;(9, 6);False;1;1080
;(8, 6);Idle;(9, 6);False;1;1081
;(8, 6);Idle;(9, 6);False;1;1082
;(8, 6);Idle;(9, 6);False;1;1083
;(8, 6);Idle;(9, 6);False;1;1084
;(8, 6);Idle;(9, 6);False;1;1085
;(8, 6);Idle;(9, 6);False;1;1086
;(8, 6);Idle;(9, 6);False;1;1087
GrabObject;(8, 6);Idle;(9, 6);False;1;1088
;(8, 6);Idle;(9, 6);False;1;1089
;(8, 6);Idle;(9, 6);False;1;1090
;(8, 6);Idle;(9, 6);False;1;1091
;(8, 6);Idle;(9, 6);False;1;1092
MoveWest;(7, 6);Idle;(9, 6);False;1;1093
;(7, 6);Idle;(9, 6);False;1;1094
;(7, 6);Idle;(9, 6);False;1;1095
;(7, 6);Idle;(9, 6);False;1;1096
MoveWest;(6, 6);Idle;(9, 6);False;1;1097
;(6, 6);Idle;(9, 6);False;1;1098
;(6, 6);Idle;(9, 6);False;1;1099
;(6, 6);Idle;(9, 6);False;1;1100
;(6, 6);Idle;(9, 6);False;1;1101
;(6, 6);Idle;(9, 6);False;1;1102
MoveWest;(5, 6);Idle;(9, 6);False;1;1103
MoveWest;(4, 6);Idle;(9, 6);False;1;1104
;(4, 6);;(9, 6);False;1;1105
;(4, 6);Idle;(9, 6);False;1;1106
;(4, 6);Idle;(9, 6);False;1;1107
;(4, 6);Idle;(9, 6);False;1;1108
MoveWest;(3, 6);Idle;(9, 6);False;1;1109
MoveWest;(2, 6);Idle;(9, 6);False;1;1110
;(2, 6);Idle;(9, 6);False;1;1111
;(2, 6);Idle;(9, 6);False;1;1112
MoveWest;(1, 6);Idle;(9, 6);False;1;1113
;(1, 6);Idle;(9, 6);False;1;1114
;(1, 6);Idle;(9, 6);False;1;1115
MoveWest;(0, 6);Idle;(9, 6);False;1;1116
;(0, 6);Idle;(9, 6);False;1;1117
;(0, 6);Idle;(9, 6);False;1;1118
MoveWest;(0, 6);Idle;(9, 6);False;1;1119
;(0, 6);Idle;(9, 6);False;1;1120
;(0, 6);Idle;(9, 6);False;1;1121
MoveWest;(0, 6);Idle;(9, 6);False;1;1122
;(0, 6);Idle;(9, 6);False;1;1123
;(0, 6);Idle;(9, 6);False;1;1124
;(0, 6);Idle;(9, 6);False;1;1125
;(0, 6);Idle;(9, 6);False;1;1126
;(0, 6);Idle;(9, 6);False;1;1127
;(0, 6);Idle;(9, 6);False;1;1128
;(0, 6);Idle;(9, 6);False;1;1129
;(0, 6);Idle;(9, 6);False;1;1130
;(0, 6);Idle;(9, 6);False;1;1131
;(0, 6);Idle;(9, 6);False;1;1132
;(0, 6);Idle;(9, 6);False;1;1133
;(0, 6);Idle;(9, 6);False;1;1134
;(0, 6);Idle;(9, 6);False;1;1135
;(0, 6);Idle;(9, 6);False;1;1136
;(0, 6);Idle;(9, 6);False;1;1137
;(0, 6);Idle;(9, 6);False;1;1138
;(0, 6);Idle;(9, 6);False;1;1139
;(0, 6);Idle;(9, 6);False;1;1140
;(0, 6);Idle;(9, 6);False;1;1141
DropObject;(0, 6);Idle;(9, 6);False;1;1142
;(0, 6);Idle;(9, 6);False;1;1143
;(0, 6);Idle;(9, 6);False;1;1144
;(0, 6);Idle;(9, 6);False;1;1145
;(0, 6);Idle;(9, 6);False;1;1146
MoveEast;(1, 6);Idle;(9, 6);False;1;1147
;(1, 6);Idle;(9, 6);False;1;1148
;(1, 6);Idle;(9, 6);False;1;1149
;(1, 6);Idle;(9, 6);False;1;1150
MoveEast;(2, 6);Idle;(9, 6);False;1;1151
;(2, 6);Idle;(9, 6);False;1;1152
;(2, 6);Idle;(9, 6);False;1;1153
MoveEast;(3, 6);Idle;(9, 6);False;1;1154
;(3, 6);Idle;(9, 6);False;1;1155
;(3, 6);Idle;(9, 6);False;1;1156
;(3, 6);Idle;(9, 6);False;1;1157
MoveEast;(4, 6);Idle;(9, 6);False;1;1158
;(4, 6);Idle;(9, 6);False;1;1159
MoveEast;(5, 6);Idle;(9, 6);False;1;1160
;(5, 6);;(9, 6);False;1;1161
;(5, 6);MoveWest;(9, 6);False;1;1162
;(5, 6);MoveWest;(9, 6);False;1;1163
;(5, 6);MoveWest;(9, 6);False;1;1164
;(5, 6);MoveWest;(9, 6);False;1;1165
;(5, 6);MoveWest;(9, 6);False;1;1166
;(5, 6);MoveWest;(9, 6);False;1;1167
MoveSouth;(5, 7);MoveWest;(9, 6);False;1;1168
;(5, 7);MoveWest;(9, 6);False;1;1169
;(5, 7);MoveWest;(9, 6);False;1;1170
;(5, 7);MoveWest;(9, 6);False;1;1171
;(5, 7);MoveWest;(8, 6);False;1;1172
;(5, 7);MoveWest;(8, 6);False;1;1173
;(5, 7);MoveWest;(8, 6);False;1;1174
;(5, 7);MoveWest;(8, 6);False;1;1175
MoveEast;(6, 7);MoveWest;(8, 6);False;1;1176
;(6, 7);MoveWest;(8, 6);False;1;1177
;(6, 7);MoveWest;(8, 6);False;1;1178
;(6, 7);MoveWest;(8, 6);False;1;1179
;(6, 7);MoveWest;(8, 6);False;1;1180
;(6, 7);MoveWest;(8, 6);False;1;1181
;(6, 7);MoveWest;(8, 6);False;1;1182
MoveEast;(7, 7);MoveWest;(7, 6);False;1;1183
;(7, 7);MoveWest;(7, 6);False;1;1184
;(7, 7);MoveWest;(7, 6);False;1;1185
;(7, 7);MoveWest;(7, 6);False;1;1186
;(7, 7);MoveWest;(7, 6);False;1;1187
;(7, 7);MoveWest;(7, 6);False;1;1188
;(7, 7);MoveWest;(7, 6);False;1;1189
;(7, 7);MoveWest;(7, 6);False;1;1190
;(7, 7);MoveWest;(7, 6);False;1;1191
;(7, 7);MoveWest;(7, 6);False;1;1192
;(7, 7);MoveWest;(7, 6);False;1;1193
;(7, 7);MoveWest;(6, 6);False;1;1194
;(7, 7);MoveWest;(6, 6);False;1;1195
;(7, 7);MoveWest;(6, 6);False;1;1196
;(7, 7);MoveWest;(6, 6);False;1;1197
;(7, 7);MoveWest;(6, 6);False;1;1198
;(7, 7);MoveWest;(6, 6);False;1;1199
;(7, 7);MoveWest;(6, 6);False;1;1200
;(7, 7);MoveWest;(6, 6);False;1;1201
;(7, 7);MoveWest;(6, 6);False;1;1202
;(7, 7);MoveWest;(6, 6);False;1;1203
GrabObject;(7, 7);MoveWest;(6, 6);False;1;1204
;(7, 7);MoveWest;(5, 6);False;1;1205
;(7, 7);Idle;(5, 6);False;1;1206
;(7, 7);Idle;(5, 6);False;1;1207
;(7, 7);Idle;(5, 6);False;1;1208
;(7, 7);Idle;(5, 6);False;1;1209
;(7, 7);Idle;(5, 6);False;1;1210
;(7, 7);Idle;(5, 6);False;1;1211
MoveWest;(6, 7);Idle;(5, 6);False;1;1212
;(6, 7);Idle;(5, 6);False;1;1213
MoveWest;(5, 7);Idle;(5, 6);False;1;1214
;(5, 7);Idle;(5, 6);False;1;1215
;(5, 7);Idle;(5, 6);False;1;1216
;(5, 7);Idle;(5, 6);False;1;1217
MoveWest;(4, 7);Idle;(5, 6);False;1;1218
;(4, 7);Idle;(5, 6);False;1;1219
;(4, 7);Idle;(5, 6);False;1;1220
MoveWest;(3, 7);Idle;(5, 6);False;1;1221
;(3, 7);Idle;(5, 6);False;1;1222
;(3, 7);Idle;(5, 6);False;1;1223
MoveWest;(2, 7);Idle;(5, 6);False;1;1224
;(2, 7);Idle;(5, 6);False;1;1225
;(2, 7);Idle;(5, 6);False;1;1226
MoveWest;(1, 7);Idle;(5, 6);False;1;1227
;(1, 7);Idle;(5, 6);False;1;1228
;(1, 7);Idle;(5, 6);False;1;1229
MoveWest;(0, 7);Idle;(5, 6);False;1;1230
;(0, 7);Idle;(5, 6);False;1;1231
;(0, 7);Idle;(5, 6);False;1;1232
MoveWest;(0, 7);Idle;(5, 6);False;1;1233
;(0, 7);Idle;(5, 6);False;1;1234
;(0, 7);Idle;(5, 6);False;1;1235
;(0, 7);Idle;(5, 6);False;1;1236
;(0, 7);Idle;(5, 6);False;1;1237
DropObject;(0, 7);Idle;(5, 6);False;1;1238
;(0, 7);Idle;(5, 6);False;1;1239
;(0, 7);Idle;(5, 6);False;1;1240
;(0, 7);Idle;(5, 6);False;1;1241
;(0, 7);Idle;(5, 6);False;1;1242
MoveEast;(1, 7);Idle;(5, 6);False;1;1243
;(1, 7);Idle;(5, 6);False;1;1244
;(1, 7);Idle;(5, 6);False;1;1245
MoveEast;(2, 7);Idle;(5, 6);False;1;1246
;(2, 7);Idle;(5, 6);False;1;1247
;(2, 7);Idle;(5, 6);False;1;1248
;(2, 7);Idle;(5, 6);False;1;1249
MoveEast;(3, 7);Idle;(5, 6);False;1;1250
;(3, 7);Idle;(5, 6);False;1;1251
;(3, 7);Idle;(5, 6);False;1;1252
MoveEast;(4, 7);Idle;(5, 6);False;1;1253
;(4, 7);Idle;(5, 6);False;1;1254
;(4, 7);Idle;(5, 6);False;1;1255
MoveEast;(5, 7);Idle;(5, 6);False;1;1256
;(5, 7);Idle;(5, 6);False;1;1257
;(5, 7);Idle;(5, 6);False;1;1258
;(5, 7);Idle;(5, 6);False;1;1259
MoveEast;(6, 7);Idle;(5, 6);False;1;1260
;(6, 7);;(5, 6);False;1;1261
;(6, 7);Idle;(5, 6);False;1;1262
;(6, 7);Idle;(5, 6);False;1;1263
MoveEast;(7, 7);Idle;(5, 6);False;1;1264
;(7, 7);Idle;(5, 6);False;1;1265
MoveEast;(8, 7);Idle;(5, 6);False;1;1266
;(8, 7);Idle;(5, 6);False;1;1267
;(8, 7);Idle;(5, 6);False;1;1268
;(8, 7);Idle;(5, 6);False;1;1269
;(8, 7);Idle;(5, 6);False;1;1270
;(8, 7);Idle;(5, 6);False;1;1271
;(8, 7);Idle;(5, 6);False;1;1272
;(8, 7);Idle;(5, 6);False;1;1273
;(8, 7);Idle;(5, 6);False;1;1274
;(8, 7);Idle;(5, 6);False;1;1275
;(8, 7);Idle;(5, 6);False;1;1276
;(8, 7);Idle;(5, 6);False;1;1277
;(8, 7);Idle;(5, 6);False;1;1278
;(8, 7);Idle;(5, 6);False;1;1279
;(8, 7);Idle;(5, 6);False;1;1280
;(8, 7);Idle;(5, 6);False;1;1281
;(8, 7);Idle;(5, 6);False;1;1282
GrabObject;(8, 7);Idle;(5, 6);False;1;1283
;(8, 7);Idle;(5, 6);False;1;1284
;(8, 7);Idle;(5, 6);False;1;1285
;(8, 7);Idle;(5, 6);False;1;1286
;(8, 7);Idle;(5, 6);False;1;1287
;(8, 7);Idle;(5, 6);False;1;1288
MoveWest;(7, 7);Idle;(5, 6);False;1;1289
;(7, 7);Idle;(5, 6);False;1;1290
;(7, 7);Idle;(5, 6);False;1;1291
;(7, 7);Idle;(5, 6);False;1;1292
MoveWest;(6, 7);Idle;(5, 6);False;1;1293
;(6, 7);Idle;(5, 6);False;1;1294
;(6, 7);Idle;(5, 6);False;1;1295
MoveWest;(5, 7);Idle;(5, 6);False;1;1296
;(5, 7);Idle;(5, 6);False;1;1297
;(5, 7);Idle;(5, 6);False;1;1298
MoveWest;(4, 7);Idle;(5, 6);False;1;1299
;(4, 7);Idle;(5, 6);False;1;1300
;(4, 7);Idle;(5, 6);False;1;1301
;(4, 7);Idle;(5, 6);False;1;1302
MoveWest;(3, 7);Idle;(5, 6);False;1;1303
;(3, 7);Idle;(5, 6);False;1;1304
;(3, 7);Idle;(5, 6);False;1;1305
MoveWest;(2, 7);Idle;(5, 6);False;1;1306
;(2, 7);Idle;(5, 6);False;1;1307
;(2, 7);Idle;(5, 6);False;1;1308
MoveWest;(1, 7);Idle;(5, 6);False;1;1309
;(1, 7);Idle;(5, 6);False;1;1310
;(1, 7);Idle;(5, 6);False;1;1311
;(1, 7);Idle;(5, 6);False;1;1312
MoveWest;(0, 7);Idle;(5, 6);False;1;1313
;(0, 7);Idle;(5, 6);False;1;1314
;(0, 7);Idle;(5, 6);False;1;1315
;(0, 7);Idle;(5, 6);False;1;1316
;(0, 7);;(5, 6);False;1;1317
;(0, 7);Idle;(5, 6);False;1;1318
;(0, 7);Idle;(5, 6);False;1;1319
;(0, 7);Idle;(5, 6);False;1;1320
;(0, 7);Idle;(5, 6);False;1;1321
;(0, 7);Idle;(5, 6);False;1;1322
;(0, 7);Idle;(5, 6);False;1;1323
;(0, 7);Idle;(5, 6);False;1;1324
;(0, 7);Idle;(5, 6);False;1;1325
;(0, 7);Idle;(5, 6);False;1;1326
;(0, 7);Idle;(5, 6);False;1;1327
;(0, 7);Idle;(5, 6);False;1;1328
;(0, 7);Idle;(5, 6);False;1;1329
;(0, 7);Idle;(5, 6);False;1;1330
DropObject;(0, 7);Idle;(5, 6);False;1;1331
;(0, 7);Idle;(5, 6);False;1;1332
;(0, 7);Idle;(5, 6);False;1;1333
;(0, 7);Idle;(5, 6);False;1;1334
;(0, 7);Idle;(5, 6);False;1;1335
;(0, 7);Idle;(5, 6);False;1;1336
MoveEast;(1, 7);Idle;(5, 6);False;1;1337
;(1, 7);Idle;(5, 6);False;1;1338
;(1, 7);Idle;(5, 6);False;1;1339
MoveEast;(2, 7);Idle;(5, 6);False;1;1340
;(2, 7);Idle;(5, 6);False;1;1341
;(2, 7);Idle;(5, 6);False;1;1342
;(2, 7);Idle;(5, 6);False;1;1343
MoveEast;(3, 7);Idle;(5, 6);False;1;1344
;(3, 7);Idle;(5, 6);False;1;1345
;(3, 7);Idle;(5, 6);False;1;1346
MoveEast;(4, 7);Idle;(5, 6);False;1;1347
;(4, 7);Idle;(5, 6);False;1;1348
;(4, 7);Idle;(5, 6);False;1;1349
;(4, 7);Idle;(5, 6);False;1;1350
MoveEast;(5, 7);Idle;(5, 6);False;1;1351
;(5, 7);Idle;(5, 6);False;1;1352
;(5, 7);Idle;(5, 6);False;1;1353
;(5, 7);Idle;(5, 6);False;1;1354
MoveEast;(6, 7);Idle;(5, 6);False;1;1355
;(6, 7);Idle;(5, 6);False;1;1356
;(6, 7);Idle;(5, 6);False;1;1357
;(6, 7);Idle;(5, 6);False;1;1358
;(6, 7);Idle;(5, 6);False;1;1359
;(6, 7);Idle;(5, 6);False;1;1360
MoveEast;(7, 7);Idle;(5, 6);False;1;1361
;(7, 7);Idle;(5, 6);False;1;1362
;(7, 7);Idle;(5, 6);False;1;1363
;(7, 7);Idle;(5, 6);False;1;1364
MoveEast;(8, 7);Idle;(5, 6);False;1;1365
;(8, 7);Idle;(5, 6);False;1;1366
;(8, 7);Idle;(5, 6);False;1;1367
MoveEast;(9, 7);Idle;(5, 6);False;1;1368
;(9, 7);Idle;(5, 6);False;1;1369
;(9, 7);Idle;(5, 6);False;1;1370
;(9, 7);Idle;(5, 6);False;1;1371
;(9, 7);Idle;(5, 6);False;1;1372
;(9, 7);;(5, 6);False;1;1373
;(9, 7);MoveEast;(5, 6);False;1;1374
;(9, 7);MoveEast;(5, 6);False;1;1375
;(9, 7);MoveEast;(5, 6);False;1;1376
;(9, 7);MoveEast;(5, 6);False;1;1377
;(9, 7);MoveEast;(5, 6);False;1;1378
;(9, 7);MoveEast;(5, 6);False;1;1379
;(9, 7);MoveEast;(5, 6);False;1;1380
;(9, 7);MoveEast;(5, 6);False;1;1381
;(9, 7);MoveEast;(5, 6);False;1;1382
;(9, 7);MoveEast;(5, 6);False;1;1383
;(9, 7);MoveEast;(6, 6);False;1;1384
;(9, 7);MoveEast;(6, 6);False;1;1385
;(9, 7);MoveEast;(6, 6);False;1;1386
;(9, 7);MoveEast;(6, 6);False;1;1387
;(9, 7);MoveEast;(6, 6);False;1;1388
;(9, 7);MoveEast;(6, 6);False;1;1389
;(9, 7);MoveEast;(6, 6);False;1;1390
GrabObject;(9, 7);MoveEast;(6, 6);False;1;1391
;(9, 7);MoveEast;(6, 6);False;1;1392
;(9, 7);MoveEast;(6, 6);False;1;1393
;(9, 7);MoveEast;(6, 6);False;1;1394
;(9, 7);MoveEast;(7, 6);False;1;1395
;(9, 7);MoveEast;(7, 6);False;1;1396
;(9, 7);MoveEast;(7, 6);False;1;1397
;(9, 7);MoveEast;(7, 6);False;1;1398
MoveWest;(8, 7);MoveEast;(7, 6);False;1;1399
;(8, 7);MoveEast;(7, 6);False;1;1400
;(8, 7);MoveEast;(7, 6);False;1;1401
;(8, 7);MoveEast;(7, 6);False;1;1402
MoveWest;(7, 7);MoveEast;(7, 6);False;1;1403
;(7, 7);MoveEast;(7, 6);False;1;1404
;(7, 7);MoveEast;(7, 6);False;1;1405
MoveWest;(6, 7);MoveEast;(8, 6);False;1;1406
;(6, 7);MoveSouthEast;(8, 6);False;1;1407
;(6, 7);MoveSouthEast;(8, 6);False;1;1408
MoveWest;(5, 7);MoveSouthEast;(8, 6);False;1;1409
;(5, 7);MoveSouthEast;(8, 6);False;1;1410
;(5, 7);MoveSouthEast;(8, 6);False;1;1411
;(5, 7);MoveSouthEast;(8, 6);False;1;1412
;(5, 7);MoveSouthEast;(8, 6);False;1;1413
;(5, 7);MoveSouthEast;(8, 6);False;1;1414
MoveWest;(4, 7);MoveSouthEast;(8, 6);False;1;1415
MoveWest;(3, 7);MoveSouthEast;(8, 6);False;1;1416
;(3, 7);MoveSouthEast;(9, 7);False;1;1417
;(3, 7);Idle;(9, 7);False;1;1418
MoveWest;(2, 7);Idle;(9, 7);False;1;1419
;(2, 7);Idle;(9, 7);False;1;1420
;(2, 7);Idle;(9, 7);False;1;1421
MoveWest;(1, 7);Idle;(9, 7);False;1;1422
;(1, 7);Idle;(9, 7);False;1;1423
;(1, 7);Idle;(9, 7);False;1;1424
;(1, 7);Idle;(9, 7);False;1;1425
;(1, 7);Idle;(9, 7);False;1;1426
;(1, 7);Idle;(9, 7);False;1;1427
;(1, 7);Idle;(9, 7);False;1;1428
;(1, 7);Idle;(9, 7);False;1;1429
;(1, 7);Idle;(9, 7);False;1;1430
;(1, 7);Idle;(9, 7);False;1;1431
;(1, 7);Idle;(9, 7);False;1;1432
;(1, 7);Idle;(9, 7);False;1;1433
;(1, 7);Idle;(9, 7);False;1;1434
;(1, 7);Idle;(9, 7);False;1;1435
;(1, 7);Idle;(9, 7);False;1;1436
;(1, 7);Idle;(9, 7);False;1;1437
;(1, 7);Idle;(9, 7);False;1;1438
;(1, 7);Idle;(9, 7);False;1;1439
;(1, 7);Idle;(9, 7);False;1;1440
;(1, 7);Idle;(9, 7);False;1;1441
;(1, 7);Idle;(9, 7);False;1;1442
;(1, 7);Idle;(9, 7);False;1;1443
;(1, 7);Idle;(9, 7);False;1;1444
;(1, 7);Idle;(9, 7);False;1;1445
;(1, 7);Idle;(9, 7);False;1;1446
;(1, 7);Idle;(9, 7);False;1;1447
;(1, 7);Idle;(9, 7);False;1;1448
;(1, 7);Idle;(9, 7);False;1;1449
;(1, 7);Idle;(9, 7);False;1;1450
;(1, 7);Idle;(9, 7);False;1;1451
;(1, 7);Idle;(9, 7);False;1;1452
;(1, 7);Idle;(9, 7);False;1;1453
;(1, 7);Idle;(9, 7);False;1;1454
DropObject;(1, 7);Idle;(9, 7);False;1;1455
;(1, 7);Idle;(9, 7);False;1;1456
;(1, 7);Idle;(9, 7);False;1;1457
;(1, 7);Idle;(9, 7);False;1;1458
MoveEast;(2, 7);Idle;(9, 7);False;1;1459
;(2, 7);Idle;(9, 7);False;1;1460
;(2, 7);Idle;(9, 7);False;1;1461
;(2, 7);Idle;(9, 7);False;1;1462
MoveEast;(3, 7);Idle;(9, 7);False;1;1463
;(3, 7);Idle;(9, 7);False;1;1464
;(3, 7);Idle;(9, 7);False;1;1465
;(3, 7);Idle;(9, 7);False;1;1466
MoveEast;(4, 7);Idle;(9, 7);False;1;1467
;(4, 7);Idle;(9, 7);False;1;1468
;(4, 7);Idle;(9, 7);False;1;1469
;(4, 7);Idle;(9, 7);False;1;1470
;(4, 7);Idle;(9, 7);False;1;1471
;(4, 7);Idle;(9, 7);False;1;1472
;(4, 7);;(9, 7);False;1;1473
;(4, 7);MoveWest;(9, 7);False;1;1474
;(4, 7);MoveWest;(9, 7);False;1;1475
MoveEast;(5, 7);MoveWest;(9, 7);False;1;1476
;(5, 7);MoveWest;(9, 7);False;1;1477
;(5, 7);MoveWest;(9, 7);False;1;1478
;(5, 7);MoveWest;(9, 7);False;1;1479
;(5, 7);MoveWest;(9, 7);False;1;1480
;(5, 7);MoveWest;(9, 7);False;1;1481
;(5, 7);MoveWest;(9, 7);False;1;1482
;(5, 7);MoveWest;(9, 7);False;1;1483
;(5, 7);MoveWest;(8, 7);False;1;1484
;(5, 7);MoveWest;(8, 7);False;1;1485
;(5, 7);MoveWest;(8, 7);False;1;1486
;(5, 7);MoveWest;(8, 7);False;1;1487
;(5, 7);MoveWest;(8, 7);False;1;1488
;(5, 7);MoveWest;(8, 7);False;1;1489
;(5, 7);MoveWest;(8, 7);False;1;1490
;(5, 7);MoveWest;(8, 7);False;1;1491
;(5, 7);MoveWest;(8, 7);False;1;1492
;(5, 7);MoveWest;(8, 7);False;1;1493
;(5, 7);MoveWest;(8, 7);False;1;1494
;(5, 7);MoveWest;(7, 7);False;1;1495
;(5, 7);MoveWest;(7, 7);False;1;1496
;(5, 7);MoveWest;(7, 7);False;1;1497
;(5, 7);MoveWest;(7, 7);False;1;1498
;(5, 7);MoveWest;(7, 7);False;1;1499
;(5, 7);MoveWest;(7, 7);False;1;1500
;(5, 7);MoveWest;(7, 7);False;1;1501
;(5, 7);MoveWest;(7, 7);False;1;1502
;(5, 7);MoveWest;(7, 7);False;1;1503
;(5, 7);MoveWest;(7, 7);False;1;1504
;(5, 7);MoveWest;(7, 7);False;1;1505
;(5, 7);MoveWest;(6, 7);False;1;1506
;(5, 7);MoveWest;(6, 7);False;1;1507
;(5, 7);MoveWest;(6, 7);False;1;1508
;(5, 7);MoveWest;(6, 7);False;1;1509
;(5, 7);MoveWest;(6, 7);False;1;1510
;(5, 7);MoveWest;(6, 7);False;1;1511
;(5, 7);MoveWest;(6, 7);False;1;1512
;(5, 7);MoveWest;(6, 7);False;1;1513
;(5, 7);MoveWest;(6, 7);False;1;1514
;(5, 7);MoveWest;(6, 7);False;1;1515
;(5, 7);MoveWest;(6, 7);False;1;1516
;(5, 7);MoveWest;(5, 7);False;1;1517
;(5, 7);MoveWest;(5, 7);False;1;1518
;(5, 7);MoveWest;(5, 7);False;1;1519
;(5, 7);MoveWest;(5, 7);False;1;1520
;(5, 7);MoveWest;(5, 7);False;1;1521
MoveEast;(6, 7);MoveWest;(5, 7);False;1;1522
;(6, 7);MoveWest;(5, 7);False;1;1523
;(6, 7);MoveWest;(5, 7);False;1;1524
;(6, 7);MoveWest;(5, 7);False;1;1525
MoveEast;(7, 7);MoveWest;(5, 7);False;1;1526
;(7, 7);MoveWest;(5, 7);False;1;1527
;(7, 7);MoveWest;(4, 7);False;1;1528
;(7, 7);Idle;(4, 7);False;1;1529
;(7, 7);Idle;(4, 7);False;1;1530
;(7, 7);Idle;(4, 7);False;1;1531
;(7, 7);Idle;(4, 7);False;1;1532
;(7, 7);Idle;(4, 7);False;1;1533
;(7, 7);Idle;(4, 7);False;1;1534
;(7, 7);Idle;(4, 7);False;1;1535
;(7, 7);Idle;(4, 7);False;1;1536
;(7, 7);Idle;(4, 7);False;1;1537
;(7, 7);Idle;(4, 7);False;1;1538
;(7, 7);Idle;(4, 7);False;1;1539
;(7, 7);Idle;(4, 7);False;1;1540
;(7, 7);Idle;(4, 7);False;1;1541
;(7, 7);Idle;(4, 7);False;1;1542
;(7, 7);Idle;(4, 7);False;1;1543
;(7, 7);Idle;(4, 7);False;1;1544
;(7, 7);Idle;(4, 7);False;1;1545
;(7, 7);Idle;(4, 7);False;1;1546
;(7, 7);Idle;(4, 7);False;1;1547
;(7, 7);Idle;(4, 7);False;1;1548
;(7, 7);Idle;(4, 7);False;1;1549
;(7, 7);Idle;(4, 7);False;1;1550
;(7, 7);Idle;(4, 7);False;1;1551
;(7, 7);Idle;(4, 7);False;1;1552
;(7, 7);Idle;(4, 7);False;1;1553
;(7, 7);Idle;(4, 7);False;1;1554
;(7, 7);Idle;(4, 7);False;1;1555
;(7, 7);Idle;(4, 7);False;1;1556
;(7, 7);Idle;(4, 7);False;1;1557
;(7, 7);Idle;(4, 7);False;1;1558
;(7, 7);Idle;(4, 7);False;1;1559
;(7, 7);Idle;(4, 7);False;1;1560
;(7, 7);Idle;(4, 7);False;1;1561
;(7, 7);Idle;(4, 7);False;1;1562
;(7, 7);Idle;(4, 7);False;1;1563
;(7, 7);Idle;(4, 7);False;1;1564
;(7, 7);Idle;(4, 7);False;1;1565
;(7, 7);Idle;(4, 7);False;1;1566
;(7, 7);Idle;(4, 7);False;1;1567
;(7, 7);Idle;(4, 7);False;1;1568
;(7, 7);Idle;(4, 7);False;1;1569
;(7, 7);Idle;(4, 7);False;1;1570
;(7, 7);Idle;(4, 7);False;1;1571
;(7, 7);Idle;(4, 7);False;1;1572
;(7, 7);Idle;(4, 7);False;1;1573
;(7, 7);Idle;(4, 7);False;1;1574
;(7, 7);Idle;(4, 7);False;1;1575
;(7, 7);Idle;(4, 7);False;1;1576
;(7, 7);Idle;(4, 7);False;1;1577
;(7, 7);Idle;(4, 7);False;1;1578
;(7, 7);Idle;(4, 7);False;1;1579
;(7, 7);Idle;(4, 7);False;1;1580
;(7, 7);Idle;(4, 7);False;1;1581
;(7, 7);Idle;(4, 7);False;1;1582
;(7, 7);Idle;(4, 7);False;1;1583
;(7, 7);;(4, 7);False;1;1584
;(7, 7);Idle;(4, 7);False;1;1585
;(7, 7);Idle;(4, 7);False;1;1586
;(7, 7);Idle;(4, 7);False;1;1587
;(7, 7);Idle;(4, 7);False;1;1588
;(7, 7);Idle;(4, 7);False;1;1589
;(7, 7);Idle;(4, 7);False;1;1590
;(7, 7);Idle;(4, 7);False;1;1591
;(7, 7);Idle;(4, 7);False;1;1592
;(7, 7);Idle;(4, 7);False;1;1593
;(7, 7);Idle;(4, 7);False;1;1594
;(7, 7);Idle;(4, 7);False;1;1595
;(7, 7);Idle;(4, 7);False;1;1596
;(7, 7);Idle;(4, 7);False;1;1597
;(7, 7);Idle;(4, 7);False;1;1598
;(7, 7);Idle;(4, 7);False;1;1599
;(7, 7);Idle;(4, 7);False;1;1600
;(7, 7);Idle;(4, 7);False;1;1601
;(7, 7);Idle;(4, 7);False;1;1602
;(7, 7);Idle;(4, 7);False;1;1603
;(7, 7);Idle;(4, 7);False;1;1604
;(7, 7);Idle;(4, 7);False;1;1605
;(7, 7);Idle;(4, 7);False;1;1606
;(7, 7);Idle;(4, 7);False;1;1607
;(7, 7);Idle;(4, 7);False;1;1608
;(7, 7);Idle;(4, 7);False;1;1609
;(7, 7);Idle;(4, 7);False;1;1610
;(7, 7);Idle;(4, 7);False;1;1611
;(7, 7);Idle;(4, 7);False;1;1612
;(7, 7);Idle;(4, 7);False;1;1613
;(7, 7);Idle;(4, 7);False;1;1614
;(7, 7);Idle;(4, 7);False;1;1615
;(7, 7);Idle;(4, 7);False;1;1616
;(7, 7);Idle;(4, 7);False;1;1617
;(7, 7);Idle;(4, 7);False;1;1618
;(7, 7);Idle;(4, 7);False;1;1619
;(7, 7);Idle;(4, 7);False;1;1620
;(7, 7);Idle;(4, 7);False;1;1621
;(7, 7);Idle;(4, 7);False;1;1622
;(7, 7);Idle;(4, 7);False;1;1623
;(7, 7);Idle;(4, 7);False;1;1624
;(7, 7);Idle;(4, 7);False;1;1625
;(7, 7);Idle;(4, 7);False;1;1626
;(7, 7);Idle;(4, 7);False;1;1627
;(7, 7);Idle;(4, 7);False;1;1628
;(7, 7);Idle;(4, 7);False;1;1629
;(7, 7);Idle;(4, 7);False;1;1630
;(7, 7);Idle;(4, 7);False;1;1631
;(7, 7);Idle;(4, 7);False;1;1632
;(7, 7);Idle;(4, 7);False;1;1633
;(7, 7);Idle;(4, 7);False;1;1634
;(7, 7);Idle;(4, 7);False;1;1635
;(7, 7);Idle;(4, 7);False;1;1636
;(7, 7);Idle;(4, 7);False;1;1637
;(7, 7);Idle;(4, 7);False;1;1638
;(7, 7);Idle;(4, 7);False;1;1639
;(7, 7);;(4, 7);False;1;1640
;(7, 7);MoveEast;(4, 7);False;1;1641
;(7, 7);MoveEast;(4, 7);False;1;1642
;(7, 7);MoveEast;(4, 7);False;1;1643
;(7, 7);MoveEast;(4, 7);False;1;1644
;(7, 7);MoveEast;(4, 7);False;1;1645
;(7, 7);MoveEast;(4, 7);False;1;1646
;(7, 7);MoveEast;(4, 7);False;1;1647
;(7, 7);MoveEast;(4, 7);False;1;1648
;(7, 7);MoveEast;(4, 7);False;1;1649
;(7, 7);MoveEast;(4, 7);False;1;1650
;(7, 7);MoveEast;(5, 7);False;1;1651
;(7, 7);MoveEast;(5, 7);False;1;1652
;(7, 7);MoveEast;(5, 7);False;1;1653
;(7, 7);MoveEast;(5, 7);False;1;1654
;(7, 7);MoveEast;(5, 7);False;1;1655
;(7, 7);MoveEast;(5, 7);False;1;1656
;(7, 7);MoveEast;(5, 7);False;1;1657
;(7, 7);MoveEast;(5, 7);False;1;1658
;(7, 7);MoveEast;(5, 7);False;1;1659
;(7, 7);MoveEast;(5, 7);False;1;1660
;(7, 7);MoveEast;(5, 7);False;1;1661
;(7, 7);MoveEast;(6, 7);False;1;1662
;(7, 7);MoveWest;(6, 7);False;1;1663
;(7, 7);MoveWest;(6, 7);False;1;1664
;(7, 7);MoveWest;(6, 7);False;1;1665
;(7, 7);MoveWest;(6, 7);False;1;1666
;(7, 7);MoveWest;(6, 7);False;1;1667
;(7, 7);MoveWest;(6, 7);False;1;1668
;(7, 7);MoveWest;(6, 7);False;1;1669
;(7, 7);MoveWest;(6, 7);False;1;1670
;(7, 7);MoveWest;(6, 7);False;1;1671
;(7, 7);MoveWest;(6, 7);False;1;1672
;(7, 7);MoveWest;(5, 7);False;1;1673
;(7, 7);MoveWest;(5, 7);False;1;1674
;(7, 7);MoveWest;(5, 7);False;1;1675
;(7, 7);MoveWest;(5, 7);False;1;1676
;(7, 7);MoveWest;(5, 7);False;1;1677
;(7, 7);MoveWest;(5, 7);False;1;1678
MoveSouth;(7, 8);MoveWest;(5, 7);False;1;1679
;(7, 8);MoveWest;(5, 7);False;1;1680
;(7, 8);MoveWest;(5, 7);False;1;1681
;(7, 8);MoveWest;(5, 7);False;1;1682
;(7, 8);MoveWest;(5, 7);False;1;1683
;(7, 8);MoveWest;(4, 7);False;1;1684
;(7, 8);MoveEast;(4, 7);False;1;1685
;(7, 8);MoveEast;(4, 7);False;1;1686
;(7, 8);MoveEast;(4, 7);False;1;1687
;(7, 8);MoveEast;(4, 7);False;1;1688
;(7, 8);MoveEast;(4, 7);False;1;1689
;(7, 8);MoveEast;(4, 7);False;1;1690
MoveSouth;(7, 9);MoveEast;(4, 7);False;1;1691
;(7, 9);MoveEast;(4, 7);False;1;1692
;(7, 9);MoveEast;(4, 7);False;1;1693
;(7, 9);MoveEast;(4, 7);False;1;1694
;(7, 9);MoveEast;(5, 7);False;1;1695
;(7, 9);MoveEast;(5, 7);False;1;1696
;(7, 9);MoveEast;(5, 7);False;1;1697
;(7, 9);MoveEast;(5, 7);False;1;1698
;(7, 9);MoveEast;(5, 7);False;1;1699
;(7, 9);MoveEast;(5, 7);False;1;1700
;(7, 9);MoveEast;(5, 7);False;1;1701
;(7, 9);MoveEast;(5, 7);False;1;1702
;(7, 9);MoveEast;(5, 7);False;1;1703
;(7, 9);MoveEast;(5, 7);False;1;1704
;(7, 9);MoveEast;(5, 7);False;1;1705
;(7, 9);MoveEast;(6, 7);False;1;1706
;(7, 9);MoveWest;(6, 7);False;1;1707
;(7, 9);MoveWest;(6, 7);False;1;1708
;(7, 9);MoveWest;(6, 7);False;1;1709
;(7, 9);MoveWest;(6, 7);False;1;1710
;(7, 9);MoveWest;(6, 7);False;1;1711
;(7, 9);MoveWest;(6, 7);False;1;1712
;(7, 9);MoveWest;(6, 7);False;1;1713
;(7, 9);MoveWest;(6, 7);False;1;1714
MoveEast;(8, 9);MoveWest;(6, 7);False;1;1715
;(8, 9);MoveWest;(6, 7);False;1;1716
;(8, 9);MoveWest;(5, 7);False;1;1717
;(8, 9);MoveWest;(5, 7);False;1;1718
;(8, 9);MoveWest;(5, 7);False;1;1719
MoveEast;(9, 9);MoveWest;(5, 7);False;1;1720
;(9, 9);MoveWest;(5, 7);False;1;1721
;(9, 9);MoveWest;(5, 7);False;1;1722
;(9, 9);MoveWest;(5, 7);False;1;1723
;(9, 9);MoveWest;(5, 7);False;1;1724
;(9, 9);MoveWest;(5, 7);False;1;1725
;(9, 9);MoveWest;(5, 7);False;1;1726
;(9, 9);MoveWest;(5, 7);False;1;1727
;(9, 9);MoveWest;(4, 7);False;1;1728
;(9, 9);MoveEast;(4, 7);False;1;1729
;(9, 9);MoveEast;(4, 7);False;1;1730
;(9, 9);MoveEast;(4, 7);False;1;1731
;(9, 9);MoveEast;(4, 7);False;1;1732
;(9, 9);MoveEast;(4, 7);False;1;1733
;(9, 9);MoveEast;(4, 7);False;1;1734
;(9, 9);MoveEast;(4, 7);False;1;1735
;(9, 9);MoveEast;(4, 7);False;1;1736
;(9, 9);MoveEast;(4, 7);False;1;1737
;(9, 9);MoveEast;(4, 7);False;1;1738
;(9, 9);MoveEast;(5, 7);False;1;1739
;(9, 9);MoveEast;(5, 7);False;1;1740
;(9, 9);MoveEast;(5, 7);False;1;1741
;(9, 9);MoveEast;(5, 7);False;1;1742
;(9, 9);MoveEast;(5, 7);False;1;1743
;(9, 9);MoveEast;(5, 7);False;1;1744
;(9, 9);MoveEast;(5, 7);False;1;1745
;(9, 9);MoveEast;(5, 7);False;1;1746
;(9, 9);MoveEast;(5, 7);False;1;1747
;(9, 9);MoveEast;(5, 7);False;1;1748
;(9, 9);MoveEast;(5, 7);False;1;1749
;(9, 9);MoveEast;(6, 7);False;1;1750
;(9, 9);MoveWest;(6, 7);False;1;1751
;(9, 9);MoveWest;(6, 7);False;1;1752
;(9, 9);MoveWest;(6, 7);False;1;1753
;(9, 9);MoveWest;(6, 7);False;1;1754
;(9, 9);MoveWest;(6, 7);False;1;1755
;(9, 9);MoveWest;(6, 7);False;1;1756
;(9, 9);MoveWest;(6, 7);False;1;1757
;(9, 9);MoveWest;(6, 7);False;1;1758
;(9, 9);MoveWest;(6, 7);False;1;1759
;(9, 9);MoveWest;(6, 7);False;1;1760
;(9, 9);MoveWest;(5, 7);False;1;1761
;(9, 9);MoveWest;(5, 7);False;1;1762
;(9, 9);MoveWest;(5, 7);False;1;1763
;(9, 9);MoveWest;(5, 7);False;1;1764
;(9, 9);MoveWest;(5, 7);False;1;1765
;(9, 9);MoveWest;(5, 7);False;1;1766
;(9, 9);MoveWest;(5, 7);False;1;1767
;(9, 9);MoveWest;(5, 7);False;1;1768
;(9, 9);MoveWest;(5, 7);False;1;1769
;(9, 9);MoveWest;(5, 7);False;1;1770
;(9, 9);MoveWest;(5, 7);False;1;1771
;(9, 9);MoveWest;(4, 7);False;1;1772
;(9, 9);;(4, 7);False;1;1773
;(9, 9);MoveEast;(4, 7);False;1;1774
;(9, 9);MoveEast;(4, 7);False;1;1775
MoveSouth;(9, 10);MoveEast;(4, 7);False;1;1776
;(9, 10);MoveEast;(4, 7);False;1;1777
;(9, 10);MoveEast;(4, 7);False;1;1778
;(9, 10);MoveEast;(4, 7);False;1;1779
;(9, 10);MoveEast;(4, 7);False;1;1780
;(9, 10);MoveEast;(4, 7);False;1;1781
;(9, 10);MoveEast;(4, 7);False;1;1782
MoveSouth;(9, 11);MoveEast;(4, 7);False;1;1783
;(9, 11);MoveEast;(5, 7);False;1;1784
;(9, 11);MoveEast;(5, 7);False;1;1785
;(9, 11);MoveEast;(5, 7);False;1;1786
;(9, 11);MoveEast;(5, 7);False;1;1787
;(9, 11);MoveEast;(5, 7);False;1;1788
;(9, 11);MoveEast;(5, 7);False;1;1789
;(9, 11);MoveEast;(5, 7);False;1;1790
;(9, 11);MoveEast;(5, 7);False;1;1791
;(9, 11);MoveEast;(5, 7);False;1;1792
;(9, 11);MoveEast;(5, 7);False;1;1793
;(9, 11);MoveEast;(5, 7);False;1;1794
;(9, 11);MoveEast;(6, 7);False;1;1795
;(9, 11);MoveWest;(6, 7);False;1;1796
;(9, 11);MoveWest;(6, 7);False;1;1797
;(9, 11);MoveWest;(6, 7);False;1;1798
MoveNorth;(9, 10);MoveWest;(6, 7);False;1;1799
;(9, 10);MoveWest;(6, 7);False;1;1800
;(9, 10);MoveWest;(6, 7);False;1;1801
;(9, 10);MoveWest;(6, 7);False;1;1802
;(9, 10);MoveWest;(6, 7);False;1;1803
MoveNorth;(9, 9);MoveWest;(6, 7);False;1;1804
;(9, 9);MoveWest;(6, 7);False;1;1805
;(9, 9);MoveWest;(5, 7);False;1;1806
;(9, 9);MoveWest;(5, 7);False;1;1807
MoveNorth;(9, 8);MoveWest;(5, 7);False;1;1808
;(9, 8);MoveWest;(5, 7);False;1;1809
;(9, 8);MoveWest;(5, 7);False;1;1810
;(9, 8);MoveWest;(5, 7);False;1;1811
;(9, 8);MoveWest;(5, 7);False;1;1812
;(9, 8);MoveWest;(5, 7);False;1;1813
;(9, 8);MoveWest;(5, 7);False;1;1814
;(9, 8);MoveWest;(5, 7);False;1;1815
;(9, 8);MoveWest;(5, 7);False;1;1816
;(9, 8);MoveWest;(4, 7);False;1;1817
;(9, 8);MoveEast;(4, 7);False;1;1818
;(9, 8);MoveEast;(4, 7);False;1;1819
;(9, 8);MoveEast;(4, 7);False;1;1820
;(9, 8);MoveEast;(4, 7);False;1;1821
;(9, 8);MoveEast;(4, 7);False;1;1822
;(9, 8);MoveEast;(4, 7);False;1;1823
;(9, 8);MoveEast;(4, 7);False;1;1824
;(9, 8);MoveEast;(4, 7);False;1;1825
;(9, 8);MoveEast;(4, 7);False;1;1826
;(9, 8);MoveEast;(4, 7);False;1;1827
MoveEast;(10, 8);MoveEast;(5, 7);False;1;1828
;(10, 8);MoveEast;(5, 7);False;1;1829
;(10, 8);MoveEast;(5, 7);False;1;1830
;(10, 8);MoveEast;(5, 7);False;1;1831
;(10, 8);MoveEast;(5, 7);False;1;1832
;(10, 8);MoveEast;(5, 7);False;1;1833
;(10, 8);MoveEast;(5, 7);False;1;1834
;(10, 8);MoveEast;(5, 7);False;1;1835
;(10, 8);MoveEast;(5, 7);False;1;1836
;(10, 8);MoveEast;(5, 7);False;1;1837
;(10, 8);MoveEast;(5, 7);False;1;1838
MoveEast;(11, 8);MoveEast;(6, 7);False;1;1839
;(11, 8);MoveWest;(6, 7);False;1;1840
;(11, 8);MoveWest;(6, 7);False;1;1841
;(11, 8);MoveWest;(6, 7);False;1;1842
;(11, 8);MoveWest;(6, 7);False;1;1843
;(11, 8);MoveWest;(6, 7);False;1;1844
;(11, 8);MoveWest;(6, 7);False;1;1845
;(11, 8);MoveWest;(6, 7);False;1;1846
;(11, 8);MoveWest;(6, 7);False;1;1847
;(11, 8);MoveWest;(6, 7);False;1;1848
MoveEast;(12, 8);MoveWest;(6, 7);False;1;1849
;(12, 8);MoveWest;(5, 7);False;1;1850
;(12, 8);MoveWest;(5, 7);False;1;1851
;(12, 8);MoveWest;(5, 7);False;1;1852
;(12, 8);MoveWest;(5, 7);False;1;1853
MoveEast;(13, 8);MoveWest;(5, 7);False;1;1854
;(13, 8);MoveWest;(5, 7);False;1;1855
;(13, 8);MoveWest;(5, 7);False;1;1856
;(13, 8);MoveWest;(5, 7);False;1;1857
;(13, 8);MoveWest;(5, 7);False;1;1858
MoveEast;(14, 8);MoveWest;(5, 7);False;1;1859
;(14, 8);MoveWest;(5, 7);False;1;1860
;(14, 8);MoveWest;(4, 7);False;1;1861
;(14, 8);MoveEast;(4, 7);False;1;1862
;(14, 8);MoveEast;(4, 7);False;1;1863
;(14, 8);MoveEast;(4, 7);False;1;1864
;(14, 8);MoveEast;(4, 7);False;1;1865
;(14, 8);MoveEast;(4, 7);False;1;1866
MoveSouth;(14, 9);MoveEast;(4, 7);False;1;1867
;(14, 9);MoveEast;(4, 7);False;1;1868
;(14, 9);MoveEast;(4, 7);False;1;1869
;(14, 9);MoveEast;(4, 7);False;1;1870
;(14, 9);MoveEast;(4, 7);False;1;1871
;(14, 9);MoveEast;(5, 7);False;1;1872
;(14, 9);MoveEast;(5, 7);False;1;1873
;(14, 9);MoveEast;(5, 7);False;1;1874
;(14, 9);MoveEast;(5, 7);False;1;1875
;(14, 9);MoveEast;(5, 7);False;1;1876
;(14, 9);MoveEast;(5, 7);False;1;1877
;(14, 9);MoveEast;(5, 7);False;1;1878
;(14, 9);MoveEast;(5, 7);False;1;1879
MoveSouth;(14, 10);MoveEast;(5, 7);False;1;1880
;(14, 10);MoveEast;(5, 7);False;1;1881
;(14, 10);MoveEast;(5, 7);False;1;1882
;(14, 10);MoveEast;(6, 7);False;1;1883
;(14, 10);MoveWest;(6, 7);False;1;1884
;(14, 10);MoveWest;(6, 7);False;1;1885
;(14, 10);MoveWest;(6, 7);False;1;1886
;(14, 10);MoveWest;(6, 7);False;1;1887
;(14, 10);MoveWest;(6, 7);False;1;1888
;(14, 10);MoveWest;(6, 7);False;1;1889
;(14, 10);MoveWest;(6, 7);False;1;1890
;(14, 10);MoveWest;(6, 7);False;1;1891
;(14, 10);MoveWest;(6, 7);False;1;1892
;(14, 10);MoveWest;(6, 7);False;1;1893
;(14, 10);MoveWest;(5, 7);False;1;1894
;(14, 10);MoveWest;(5, 7);False;1;1895
;(14, 10);MoveWest;(5, 7);False;1;1896
;(14, 10);MoveWest;(5, 7);False;1;1897
;(14, 10);MoveWest;(5, 7);False;1;1898
;(14, 10);MoveWest;(5, 7);False;1;1899
;(14, 10);MoveWest;(5, 7);False;1;1900
;(14, 10);MoveWest;(5, 7);False;1;1901
;(14, 10);MoveWest;(5, 7);False;1;1902
;(14, 10);MoveWest;(5, 7);False;1;1903
;(14, 10);MoveWest;(5, 7);False;1;1904
;(14, 10);MoveWest;(4, 7);False;1;1905
;(14, 10);;(4, 7);False;1;1906
;(14, 10);MoveEast;(4, 7);False;1;1907
;(14, 10);MoveEast;(4, 7);False;1;1908
;(14, 10);MoveEast;(4, 7);False;1;1909
GrabObject;(14, 10);MoveEast;(4, 7);False;1;1910
;(14, 10);MoveEast;(4, 7);False;1;1911
;(14, 10);MoveEast;(4, 7);False;1;1912
;(14, 10);MoveEast;(4, 7);False;1;1913
;(14, 10);MoveEast;(4, 7);False;1;1914
;(14, 10);MoveEast;(4, 7);False;1;1915
;(14, 10);MoveEast;(4, 7);False;1;1916
;(14, 10);MoveEast;(5, 7);False;1;1917
;(14, 10);MoveEast;(5, 7);False;1;1918
;(14, 10);MoveEast;(5, 7);False;1;1919
;(14, 10);MoveEast;(5, 7);False;1;1920
;(14, 10);MoveEast;(5, 7);False;1;1921
;(14, 10);MoveEast;(5, 7);False;1;1922
;(14, 10);MoveEast;(5, 7);False;1;1923
;(14, 10);MoveEast;(5, 7);False;1;1924
MoveWest;(13, 10);MoveEast;(5, 7);False;1;1925
;(13, 10);MoveEast;(5, 7);False;1;1926
;(13, 10);MoveEast;(5, 7);False;1;1927
MoveWest;(12, 10);MoveEast;(6, 7);False;1;1928
;(12, 10);MoveEast;(6, 7);False;1;1929
;(12, 10);MoveEast;(6, 7);False;1;1930
;(12, 10);MoveEast;(6, 7);False;1;1931
MoveWest;(11, 10);MoveEast;(6, 7);False;1;1932
;(11, 10);MoveEast;(6, 7);False;1;1933
;(11, 10);MoveEast;(6, 7);False;1;1934
MoveWest;(10, 10);MoveEast;(6, 7);False;1;1935
;(10, 10);MoveEast;(6, 7);False;1;1936
MoveWest;(9, 10);MoveEast;(6, 7);False;1;1937
;(9, 10);MoveEast;(6, 7);False;1;1938
;(9, 10);MoveEast;(7, 7);False;1;1939
MoveWest;(8, 10);MoveEast;(7, 7);False;1;1940
;(8, 10);MoveEast;(7, 7);False;1;1941
;(8, 10);MoveEast;(7, 7);False;1;1942
;(8, 10);MoveEast;(7, 7);False;1;1943
MoveWest;(7, 10);MoveEast;(7, 7);False;1;1944
;(7, 10);MoveEast;(7, 7);False;1;1945
;(7, 10);MoveEast;(7, 7);False;1;1946
MoveWest;(6, 10);MoveEast;(7, 7);False;1;1947
;(6, 10);MoveEast;(7, 7);False;1;1948
;(6, 10);MoveEast;(7, 7);False;1;1949
MoveWest;(5, 10);MoveEast;(8, 7);False;1;1950
;(5, 10);MoveSouthEast;(8, 7);False;1;1951
;(5, 10);MoveSouthEast;(8, 7);False;1;1952
MoveWest;(4, 10);MoveSouthEast;(8, 7);False;1;1953
;(4, 10);MoveSouthEast;(8, 7);False;1;1954
;(4, 10);MoveSouthEast;(8, 7);False;1;1955
MoveWest;(3, 10);MoveSouthEast;(8, 7);False;1;1956
;(3, 10);MoveSouthEast;(8, 7);False;1;1957
;(3, 10);MoveSouthEast;(8, 7);False;1;1958
;(3, 10);MoveSouthEast;(8, 7);False;1;1959
MoveWest;(2, 10);MoveSouthEast;(8, 7);False;1;1960
;(2, 10);MoveSouthEast;(9, 8);False;1;1961
;(2, 10);MoveEast;(9, 8);False;1;1962
MoveWest;(1, 10);MoveEast;(9, 8);False;1;1963
;(1, 10);MoveEast;(9, 8);False;1;1964
;(1, 10);MoveEast;(9, 8);False;1;1965
MoveWest;(0, 10);MoveEast;(9, 8);False;1;1966
;(0, 10);MoveEast;(9, 8);False;1;1967
;(0, 10);MoveEast;(9, 8);False;1;1968
;(0, 10);MoveEast;(9, 8);False;1;1969
;(0, 10);MoveEast;(9, 8);False;1;1970
;(0, 10);MoveEast;(9, 8);False;1;1971
;(0, 10);MoveEast;(10, 8);False;1;1972
;(0, 10);MoveEast;(10, 8);False;1;1973
;(0, 10);MoveEast;(10, 8);False;1;1974
;(0, 10);MoveEast;(10, 8);False;1;1975
;(0, 10);MoveEast;(10, 8);False;1;1976
;(0, 10);MoveEast;(10, 8);False;1;1977
;(0, 10);MoveEast;(10, 8);False;1;1978
;(0, 10);MoveEast;(10, 8);False;1;1979
;(0, 10);MoveEast;(10, 8);False;1;1980
;(0, 10);MoveEast;(10, 8);False;1;1981
;(0, 10);MoveEast;(10, 8);False;1;1982
;(0, 10);MoveEast;(11, 8);False;1;1983
DropObject;(0, 10);MoveSouthEast;(11, 8);False;1;1984
;(0, 10);MoveSouthEast;(11, 8);False;1;1985
;(0, 10);MoveSouthEast;(11, 8);False;1;1986
;(0, 10);MoveSouthEast;(11, 8);False;1;1987
;(0, 10);MoveSouthEast;(11, 8);False;1;1988
MoveEast;(1, 10);MoveSouthEast;(11, 8);False;1;1989
;(1, 10);MoveSouthEast;(11, 8);False;1;1990
;(1, 10);MoveSouthEast;(11, 8);False;1;1991
;(1, 10);MoveSouthEast;(11, 8);False;1;1992
MoveEast;(2, 10);MoveSouthEast;(11, 8);False;1;1993
;(2, 10);MoveSouthEast;(12, 9);False;1;1994
;(2, 10);GrabLargeObject;(12, 9);False;1;1995
MoveEast;(3, 10);GrabLargeObject;(12, 9);False;1;1996
;(3, 10);GrabLargeObject;(12, 9);False;1;1997
;(3, 10);GrabLargeObject;(12, 9);False;1;1998
;(3, 10);GrabLargeObject;(12, 9);False;1;1999
MoveEast;(4, 10);GrabLargeObject;(12, 9);False;1;2000
;(4, 10);GrabLargeObject;(12, 9);False;1;2001
;(4, 10);GrabLargeObject;(12, 9);False;1;2002
;(4, 10);GrabLargeObject;(12, 9);False;1;2003
MoveEast;(5, 10);GrabLargeObject;(12, 9);False;1;2004
;(5, 10);GrabLargeObject;(12, 9);False;1;2005
;(5, 10);;(12, 9);False;1;2006
;(5, 10);MoveEast;(12, 9);False;1;2007
MoveEast;(6, 10);MoveEast;(12, 9);False;1;2008
;(6, 10);MoveEast;(12, 9);False;1;2009
;(6, 10);MoveEast;(12, 9);False;1;2010
;(6, 10);MoveEast;(12, 9);False;1;2011
;(6, 10);MoveEast;(12, 9);False;1;2012
;(6, 10);MoveEast;(12, 9);False;1;2013
;(6, 10);MoveEast;(12, 9);False;1;2014
MoveEast;(7, 10);MoveEast;(12, 9);False;1;2015
MoveEast;(8, 10);MoveEast;(12, 9);False;1;2016
;(8, 10);MoveEast;(13, 9);False;1;2017
;(8, 10);MoveEast;(13, 9);False;1;2018
;(8, 10);MoveEast;(13, 9);False;1;2019
;(8, 10);MoveEast;(13, 9);False;1;2020
;(8, 10);MoveEast;(13, 9);False;1;2021
;(8, 10);MoveEast;(13, 9);False;1;2022
;(8, 10);MoveEast;(13, 9);False;1;2023
;(8, 10);MoveEast;(13, 9);False;1;2024
;(8, 10);MoveEast;(13, 9);False;1;2025
;(8, 10);MoveEast;(13, 9);False;1;2026
;(8, 10);MoveEast;(13, 9);False;1;2027
;(8, 10);MoveEast;(14, 9);False;1;2028
;(8, 10);MoveNorthEast;(14, 9);False;1;2029
MoveEast;(9, 10);MoveNorthEast;(14, 9);False;1;2030
;(9, 10);MoveNorthEast;(14, 9);False;1;2031
;(9, 10);MoveNorthEast;(14, 9);False;1;2032
;(9, 10);MoveNorthEast;(14, 9);False;1;2033
MoveEast;(10, 10);MoveNorthEast;(14, 9);False;1;2034
;(10, 10);MoveNorthEast;(14, 9);False;1;2035
;(10, 10);MoveNorthEast;(14, 9);False;1;2036
;(10, 10);MoveNorthEast;(14, 9);False;1;2037
;(10, 10);MoveNorthEast;(14, 9);False;1;2038
MoveEast;(11, 10);MoveNorthEast;(15, 8);False;1;2039
;(11, 10);MoveEast;(15, 8);False;1;2040
;(11, 10);MoveEast;(15, 8);False;1;2041
;(11, 10);MoveEast;(15, 8);False;1;2042
;(11, 10);MoveEast;(15, 8);False;1;2043
;(11, 10);MoveEast;(15, 8);False;1;2044
;(11, 10);MoveEast;(15, 8);False;1;2045
;(11, 10);MoveEast;(15, 8);False;1;2046
;(11, 10);MoveEast;(15, 8);False;1;2047
;(11, 10);MoveEast;(15, 8);False;1;2048
;(11, 10);MoveEast;(15, 8);False;1;2049
;(11, 10);MoveEast;(16, 8);False;1;2050
;(11, 10);MoveNorthEast;(16, 8);False;1;2051
;(11, 10);MoveNorthEast;(16, 8);False;1;2052
;(11, 10);MoveNorthEast;(16, 8);False;1;2053
MoveWest;(10, 10);MoveNorthEast;(16, 8);False;1;2054
;(10, 10);MoveNorthEast;(16, 8);False;1;2055
;(10, 10);MoveNorthEast;(16, 8);False;1;2056
;(10, 10);MoveNorthEast;(16, 8);False;1;2057
;(10, 10);MoveNorthEast;(16, 8);False;1;2058
;(10, 10);MoveNorthEast;(16, 8);False;1;2059
;(10, 10);MoveNorthEast;(16, 8);False;1;2060
;(10, 10);MoveNorthEast;(17, 7);False;1;2061
;(10, 10);MoveEast;(17, 7);False;1;2062
;(10, 10);MoveEast;(17, 7);False;1;2063
;(10, 10);MoveEast;(17, 7);False;1;2064
;(10, 10);MoveEast;(17, 7);False;1;2065
;(10, 10);MoveEast;(17, 7);False;1;2066
;(10, 10);MoveEast;(17, 7);False;1;2067
;(10, 10);MoveEast;(17, 7);False;1;2068
;(10, 10);MoveEast;(17, 7);False;1;2069
;(10, 10);MoveEast;(17, 7);False;1;2070
;(10, 10);MoveEast;(17, 7);False;1;2071
;(10, 10);MoveEast;(18, 7);False;1;2072
;(10, 10);DropLargeObject;(18, 7);False;1;2073
;(10, 10);DropLargeObject;(18, 7);False;1;2074
;(10, 10);DropLargeObject;(18, 7);False;1;2075
;(10, 10);DropLargeObject;(18, 7);False;1;2076
;(10, 10);DropLargeObject;(18, 7);False;1;2077
;(10, 10);DropLargeObject;(18, 7);False;1;2078
;(10, 10);DropLargeObject;(18, 7);False;1;2079
;(10, 10);DropLargeObject;(18, 7);False;1;2080
;(10, 10);DropLargeObject;(18, 7);False;1;2081
;(10, 10);DropLargeObject;(18, 7);False;1;2082
;(10, 10);DropLargeObject;(18, 7);False;1;2083
;(10, 10);;(18, 7);False;1;2084
;(10, 10);MoveWest;(18, 7);False;1;2085
;(10, 10);MoveWest;(18, 7);False;1;2086
;(10, 10);MoveWest;(18, 7);False;1;2087
;(10, 10);MoveWest;(18, 7);False;1;2088
;(10, 10);MoveWest;(18, 7);False;1;2089
;(10, 10);MoveWest;(18, 7);False;1;2090
MoveNorth;(10, 9);MoveWest;(18, 7);False;1;2091
;(10, 9);MoveWest;(18, 7);False;1;2092
;(10, 9);MoveWest;(18, 7);False;1;2093
;(10, 9);MoveWest;(18, 7);False;1;2094
;(10, 9);MoveWest;(17, 7);False;1;2095
;(10, 9);MoveWest;(17, 7);False;1;2096
;(10, 9);MoveWest;(17, 7);False;1;2097
;(10, 9);MoveWest;(17, 7);False;1;2098
;(10, 9);MoveWest;(17, 7);False;1;2099
;(10, 9);MoveWest;(17, 7);False;1;2100
;(10, 9);MoveWest;(17, 7);False;1;2101
;(10, 9);MoveWest;(17, 7);False;1;2102
;(10, 9);MoveWest;(17, 7);False;1;2103
;(10, 9);MoveWest;(17, 7);False;1;2104
;(10, 9);MoveWest;(17, 7);False;1;2105
MoveWest;(9, 9);MoveWest;(16, 7);False;1;2106
;(9, 9);MoveWest;(16, 7);False;1;2107
;(9, 9);MoveWest;(16, 7);False;1;2108
;(9, 9);MoveWest;(16, 7);False;1;2109
;(9, 9);MoveWest;(16, 7);False;1;2110
;(9, 9);MoveWest;(16, 7);False;1;2111
;(9, 9);MoveWest;(16, 7);False;1;2112
;(9, 9);MoveWest;(16, 7);False;1;2113
;(9, 9);MoveWest;(16, 7);False;1;2114
;(9, 9);MoveWest;(16, 7);False;1;2115
;(9, 9);MoveWest;(16, 7);False;1;2116
;(9, 9);MoveWest;(15, 7);False;1;2117
;(9, 9);MoveWest;(15, 7);False;1;2118
;(9, 9);MoveWest;(15, 7);False;1;2119
;(9, 9);MoveWest;(15, 7);False;1;2120
;(9, 9);MoveWest;(15, 7);False;1;2121
;(9, 9);MoveWest;(15, 7);False;1;2122
;(9, 9);MoveWest;(15, 7);False;1;2123
;(9, 9);MoveWest;(15, 7);False;1;2124
;(9, 9);MoveWest;(15, 7);False;1;2125
;(9, 9);MoveWest;(15, 7);False;1;2126
;(9, 9);MoveWest;(15, 7);False;1;2127
;(9, 9);MoveWest;(14, 7);False;1;2128
;(9, 9);MoveWest;(14, 7);False;1;2129
;(9, 9);MoveWest;(14, 7);False;1;2130
;(9, 9);MoveWest;(14, 7);False;1;2131
;(9, 9);MoveWest;(14, 7);False;1;2132
;(9, 9);MoveWest;(14, 7);False;1;2133
;(9, 9);MoveWest;(14, 7);False;1;2134
;(9, 9);MoveWest;(14, 7);False;1;2135
;(9, 9);MoveWest;(14, 7);False;1;2136
;(9, 9);MoveWest;(14, 7);False;1;2137
;(9, 9);MoveWest;(14, 7);False;1;2138
;(9, 9);MoveWest;(13, 7);False;1;2139
;(9, 9);MoveWest;(13, 7);False;1;2140
;(9, 9);MoveWest;(13, 7);False;1;2141
;(9, 9);MoveWest;(13, 7);False;1;2142
;(9, 9);MoveWest;(13, 7);False;1;2143
;(9, 9);MoveWest;(13, 7);False;1;2144
;(9, 9);MoveWest;(13, 7);False;1;2145
;(9, 9);MoveWest;(13, 7);False;1;2146
;(9, 9);MoveWest;(13, 7);False;1;2147
;(9, 9);MoveWest;(13, 7);False;1;2148
;(9, 9);MoveWest;(13, 7);False;1;2149
;(9, 9);MoveWest;(12, 7);False;1;2150
;(9, 9);MoveWest;(12, 7);False;1;2151
;(9, 9);MoveWest;(12, 7);False;1;2152
;(9, 9);MoveWest;(12, 7);False;1;2153
;(9, 9);MoveWest;(12, 7);False;1;2154
;(9, 9);MoveWest;(12, 7);False;1;2155
;(9, 9);MoveWest;(12, 7);False;1;2156
;(9, 9);MoveWest;(12, 7);False;1;2157
;(9, 9);MoveWest;(12, 7);False;1;2158
;(9, 9);MoveWest;(12, 7);False;1;2159
;(9, 9);MoveWest;(12, 7);False;1;2160
;(9, 9);MoveWest;(11, 7);False;1;2161
;(9, 9);BreakObject;(11, 7);False;1;2162
;(9, 9);BreakObject;(11, 7);False;1;2163
;(9, 9);BreakObject;(11, 7);False;1;2164
;(9, 9);BreakObject;(11, 7);False;1;2165
;(9, 9);BreakObject;(11, 7);False;1;2166
;(9, 9);BreakObject;(11, 7);False;1;2167
;(9, 9);BreakObject;(11, 7);False;1;2168
;(9, 9);BreakObject;(11, 7);False;1;2169
;(9, 9);BreakObject;(11, 7);False;1;2170
;(9, 9);BreakObject;(11, 7);False;1;2171
;(9, 9);BreakObject;(11, 7);False;1;2172
;(9, 9);;(11, 7);False;1;2173
;(9, 9);MoveWest;(11, 7);False;1;2174
;(9, 9);MoveWest;(11, 7);False;1;2175
;(9, 9);MoveWest;(11, 7);False;1;2176
;(9, 9);MoveWest;(11, 7);False;1;2177
;(9, 9);MoveWest;(11, 7);False;1;2178
;(9, 9);MoveWest;(11, 7);False;1;2179
;(9, 9);MoveWest;(11, 7);False;1;2180
;(9, 9);MoveWest;(11, 7);False;1;2181
;(9, 9);MoveWest;(11, 7);False;1;2182
;(9, 9);MoveWest;(11, 7);False;1;2183
;(9, 9);MoveWest;(10, 7);False;1;2184
;(9, 9);MoveWest;(10, 7);False;1;2185
;(9, 9);MoveWest;(10, 7);False;1;2186
;(9, 9);MoveWest;(10, 7);False;1;2187
;(9, 9);MoveWest;(10, 7);False;1;2188
MoveWest;(8, 9);MoveWest;(10, 7);False;1;2189
;(8, 9);MoveWest;(10, 7);False;1;2190
;(8, 9);MoveWest;(10, 7);False;1;2191
;(8, 9);MoveWest;(10, 7);False;1;2192
;(8, 9);MoveWest;(10, 7);False;1;2193
;(8, 9);MoveWest;(10, 7);False;1;2194
;(8, 9);MoveWest;(9, 7);False;1;2195
;(8, 9);MoveWest;(9, 7);False;1;2196
;(8, 9);MoveWest;(9, 7);False;1;2197
;(8, 9);MoveWest;(9, 7);False;1;2198
;(8, 9);MoveWest;(9, 7);False;1;2199
;(8, 9);MoveWest;(9, 7);False;1;2200
;(8, 9);MoveWest;(9, 7);False;1;2201
;(8, 9);MoveWest;(9, 7);False;1;2202
;(8, 9);MoveWest;(9, 7);False;1;2203
;(8, 9);MoveWest;(9, 7);False;1;2204
;(8, 9);MoveWest;(9, 7);False;1;2205
;(8, 9);MoveWest;(8, 7);False;1;2206
;(8, 9);MoveWest;(8, 7);False;1;2207
;(8, 9);MoveWest;(8, 7);False;1;2208
;(8, 9);MoveWest;(8, 7);False;1;2209
;(8, 9);MoveWest;(8, 7);False;1;2210
;(8, 9);MoveWest;(8, 7);False;1;2211
;(8, 9);MoveWest;(8, 7);False;1;2212
;(8, 9);MoveWest;(8, 7);False;1;2213
;(8, 9);MoveWest;(8, 7);False;1;2214
;(8, 9);MoveWest;(8, 7);False;1;2215
;(8, 9);MoveWest;(8, 7);False;1;2216
;(8, 9);MoveWest;(7, 7);False;1;2217
;(8, 9);MoveSouthWest;(7, 7);False;1;2218
;(8, 9);MoveSouthWest;(7, 7);False;1;2219
;(8, 9);MoveSouthWest;(7, 7);False;1;2220
;(8, 9);MoveSouthWest;(7, 7);False;1;2221
;(8, 9);MoveSouthWest;(7, 7);False;1;2222
;(8, 9);MoveSouthWest;(7, 7);False;1;2223
;(8, 9);MoveSouthWest;(7, 7);False;1;2224
;(8, 9);MoveSouthWest;(7, 7);False;1;2225
;(8, 9);MoveSouthWest;(7, 7);False;1;2226
;(8, 9);MoveSouthWest;(7, 7);False;1;2227
;(8, 9);MoveSouthWest;(6, 8);False;1;2228
;(8, 9);GrabLargeObject;(6, 8);False;1;2229
;(8, 9);GrabLargeObject;(6, 8);False;1;2230
;(8, 9);GrabLargeObject;(6, 8);False;1;2231
;(8, 9);GrabLargeObject;(6, 8);False;1;2232
;(8, 9);GrabLargeObject;(6, 8);False;1;2233
;(8, 9);GrabLargeObject;(6, 8);False;1;2234
;(8, 9);GrabLargeObject;(6, 8);False;1;2235
;(8, 9);GrabLargeObject;(6, 8);False;1;2236
;(8, 9);GrabLargeObject;(6, 8);False;1;2237
;(8, 9);GrabLargeObject;(6, 8);False;1;2238
;(8, 9);GrabLargeObject;(6, 8);False;1;2239
;(8, 9);;(6, 8);False;1;2240
;(8, 9);MoveEast;(6, 8);False;1;2241
;(8, 9);MoveEast;(6, 8);False;1;2242
;(8, 9);MoveEast;(6, 8);False;1;2243
;(8, 9);MoveEast;(6, 8);False;1;2244
;(8, 9);MoveEast;(6, 8);False;1;2245
;(8, 9);MoveEast;(6, 8);False;1;2246
;(8, 9);MoveEast;(6, 8);False;1;2247
;(8, 9);MoveEast;(6, 8);False;1;2248
;(8, 9);MoveEast;(6, 8);False;1;2249
;(8, 9);MoveEast;(6, 8);False;1;2250
;(8, 9);MoveEast;(7, 8);False;1;2251
;(8, 9);MoveEast;(7, 8);False;1;2252
;(8, 9);MoveEast;(7, 8);False;1;2253
;(8, 9);MoveEast;(7, 8);False;1;2254
;(8, 9);MoveEast;(7, 8);False;1;2255
;(8, 9);MoveEast;(7, 8);False;1;2256
;(8, 9);MoveEast;(7, 8);False;1;2257
;(8, 9);MoveEast;(7, 8);False;1;2258
;(8, 9);MoveEast;(7, 8);False;1;2259
;(8, 9);MoveEast;(7, 8);False;1;2260
;(8, 9);MoveEast;(7, 8);False;1;2261
;(8, 9);MoveEast;(8, 8);False;1;2262
;(8, 9);MoveWest;(8, 8);False;1;2263
;(8, 9);MoveWest;(8, 8);False;1;2264
;(8, 9);MoveWest;(8, 8);False;1;2265
;(8, 9);MoveWest;(8, 8);False;1;2266
;(8, 9);MoveWest;(8, 8);False;1;2267
;(8, 9);MoveWest;(8, 8);False;1;2268
;(8, 9);MoveWest;(8, 8);False;1;2269
;(8, 9);MoveWest;(8, 8);False;1;2270
;(8, 9);MoveWest;(8, 8);False;1;2271
;(8, 9);MoveWest;(8, 8);False;1;2272
;(8, 9);MoveWest;(7, 8);False;1;2273
;(8, 9);MoveWest;(7, 8);False;1;2274
;(8, 9);MoveWest;(7, 8);False;1;2275
;(8, 9);MoveWest;(7, 8);False;1;2276
;(8, 9);MoveWest;(7, 8);False;1;2277
;(8, 9);MoveWest;(7, 8);False;1;2278
;(8, 9);MoveWest;(7, 8);False;1;2279
;(8, 9);MoveWest;(7, 8);False;1;2280
;(8, 9);MoveWest;(7, 8);False;1;2281
;(8, 9);MoveWest;(7, 8);False;1;2282
;(8, 9);MoveWest;(7, 8);False;1;2283
;(8, 9);MoveWest;(6, 8);False;1;2284
;(8, 9);MoveEast;(6, 8);False;1;2285
;(8, 9);MoveEast;(6, 8);False;1;2286
;(8, 9);MoveEast;(6, 8);False;1;2287
;(8, 9);MoveEast;(6, 8);False;1;2288
;(8, 9);MoveEast;(6, 8);False;1;2289
;(8, 9);MoveEast;(6, 8);False;1;2290
;(8, 9);MoveEast;(6, 8);False;1;2291
;(8, 9);MoveEast;(6, 8);False;1;2292
;(8, 9);MoveEast;(6, 8);False;1;2293
;(8, 9);MoveEast;(6, 8);False;1;2294
;(8, 9);MoveEast;(7, 8);False;1;2295
;(8, 9);MoveEast;(7, 8);False;1;2296
MoveEast;(9, 9);MoveEast;(7, 8);False;1;2297
;(9, 9);MoveEast;(7, 8);False;1;2298
;(9, 9);MoveEast;(7, 8);False;1;2299
;(9, 9);MoveEast;(7, 8);False;1;2300
;(9, 9);MoveEast;(7, 8);False;1;2301
;(9, 9);MoveEast;(7, 8);False;1;2302
;(9, 9);MoveEast;(7, 8);False;1;2303
;(9, 9);MoveEast;(7, 8);False;1;2304
;(9, 9);MoveEast;(7, 8);False;1;2305
;(9, 9);MoveEast;(8, 8);False;1;2306
;(9, 9);MoveWest;(8, 8);False;1;2307
;(9, 9);MoveWest;(8, 8);False;1;2308
;(9, 9);MoveWest;(8, 8);False;1;2309
;(9, 9);MoveWest;(8, 8);False;1;2310
;(9, 9);MoveWest;(8, 8);False;1;2311
;(9, 9);MoveWest;(8, 8);False;1;2312
;(9, 9);MoveWest;(8, 8);False;1;2313
MoveEast;(10, 9);MoveWest;(8, 8);False;1;2314
;(10, 9);MoveWest;(8, 8);False;1;2315
;(10, 9);MoveWest;(8, 8);False;1;2316
;(10, 9);MoveWest;(7, 8);False;1;2317
;(10, 9);MoveWest;(7, 8);False;1;2318
;(10, 9);MoveWest;(7, 8);False;1;2319
;(10, 9);MoveWest;(7, 8);False;1;2320
;(10, 9);MoveWest;(7, 8);False;1;2321
;(10, 9);MoveWest;(7, 8);False;1;2322
;(10, 9);MoveWest;(7, 8);False;1;2323
;(10, 9);MoveWest;(7, 8);False;1;2324
;(10, 9);MoveWest;(7, 8);False;1;2325
;(10, 9);MoveWest;(7, 8);False;1;2326
MoveEast;(11, 9);MoveWest;(7, 8);False;1;2327
;(11, 9);MoveWest;(6, 8);False;1;2328
;(11, 9);MoveEast;(6, 8);False;1;2329
;(11, 9);MoveEast;(6, 8);False;1;2330
;(11, 9);MoveEast;(6, 8);False;1;2331
;(11, 9);MoveEast;(6, 8);False;1;2332
;(11, 9);MoveEast;(6, 8);False;1;2333
;(11, 9);MoveEast;(6, 8);False;1;2334
;(11, 9);MoveEast;(6, 8);False;1;2335
;(11, 9);MoveEast;(6, 8);False;1;2336
;(11, 9);MoveEast;(6, 8);False;1;2337
;(11, 9);MoveEast;(6, 8);False;1;2338
;(11, 9);MoveEast;(7, 8);False;1;2339
;(11, 9);MoveEast;(7, 8);False;1;2340
;(11, 9);MoveEast;(7, 8);False;1;2341
;(11, 9);MoveEast;(7, 8);False;1;2342
;(11, 9);MoveEast;(7, 8);False;1;2343
;(11, 9);MoveEast;(7, 8);False;1;2344
;(11, 9);MoveEast;(7, 8);False;1;2345
;(11, 9);MoveEast;(7, 8);False;1;2346
;(11, 9);MoveEast;(7, 8);False;1;2347
;(11, 9);MoveEast;(7, 8);False;1;2348
;(11, 9);MoveEast;(7, 8);False;1;2349
;(11, 9);MoveEast;(8, 8);False;1;2350
;(11, 9);MoveWest;(8, 8);False;1;2351
;(11, 9);MoveWest;(8, 8);False;1;2352
;(11, 9);MoveWest;(8, 8);False;1;2353
;(11, 9);MoveWest;(8, 8);False;1;2354
;(11, 9);MoveWest;(8, 8);False;1;2355
;(11, 9);MoveWest;(8, 8);False;1;2356
;(11, 9);MoveWest;(8, 8);False;1;2357
;(11, 9);MoveWest;(8, 8);False;1;2358
;(11, 9);MoveWest;(8, 8);False;1;2359
;(11, 9);MoveWest;(8, 8);False;1;2360
;(11, 9);MoveWest;(7, 8);False;1;2361
;(11, 9);MoveWest;(7, 8);False;1;2362
;(11, 9);MoveWest;(7, 8);False;1;2363
GrabObject;(11, 9);MoveWest;(7, 8);False;1;2364
;(11, 9);MoveWest;(7, 8);False;1;2365
;(11, 9);MoveWest;(7, 8);False;1;2366
;(11, 9);MoveWest;(7, 8);False;1;2367
;(11, 9);MoveWest;(7, 8);False;1;2368
;(11, 9);MoveWest;(7, 8);False;1;2369
MoveWest;(10, 9);MoveWest;(7, 8);False;1;2370
;(10, 9);MoveWest;(7, 8);False;1;2371
;(10, 9);MoveWest;(6, 8);False;1;2372
MoveWest;(9, 9);;(6, 8);False;1;2373
;(9, 9);MoveEast;(6, 8);False;1;2374
;(9, 9);MoveEast;(6, 8);False;1;2375
MoveWest;(8, 9);MoveEast;(6, 8);False;1;2376
;(8, 9);MoveEast;(6, 8);False;1;2377
;(8, 9);MoveEast;(6, 8);False;1;2378
;(8, 9);MoveEast;(6, 8);False;1;2379
MoveWest;(7, 9);MoveEast;(6, 8);False;1;2380
;(7, 9);MoveEast;(6, 8);False;1;2381
;(7, 9);MoveEast;(6, 8);False;1;2382
MoveWest;(6, 9);MoveEast;(6, 8);False;1;2383
;(6, 9);MoveEast;(7, 8);False;1;2384
MoveWest;(5, 9);MoveEast;(7, 8);False;1;2385
;(5, 9);MoveEast;(7, 8);False;1;2386
;(5, 9);MoveEast;(7, 8);False;1;2387
MoveWest;(4, 9);MoveEast;(7, 8);False;1;2388
;(4, 9);MoveEast;(7, 8);False;1;2389
;(4, 9);MoveEast;(7, 8);False;1;2390
MoveWest;(3, 9);MoveEast;(7, 8);False;1;2391
;(3, 9);MoveEast;(7, 8);False;1;2392
;(3, 9);MoveEast;(7, 8);False;1;2393
MoveWest;(2, 9);MoveEast;(7, 8);False;1;2394
;(2, 9);MoveEast;(8, 8);False;1;2395
;(2, 9);MoveWest;(8, 8);False;1;2396
;(2, 9);MoveWest;(8, 8);False;1;2397
;(2, 9);MoveWest;(8, 8);False;1;2398
MoveWest;(1, 9);MoveWest;(8, 8);False;1;2399
MoveWest;(0, 9);MoveWest;(8, 8);False;1;2400
;(0, 9);MoveWest;(8, 8);False;1;2401
;(0, 9);MoveWest;(8, 8);False;1;2402
;(0, 9);MoveWest;(8, 8);False;1;2403
;(0, 9);MoveWest;(8, 8);False;1;2404
;(0, 9);MoveWest;(8, 8);False;1;2405
;(0, 9);MoveWest;(7, 8);False;1;2406
;(0, 9);MoveWest;(7, 8);False;1;2407
;(0, 9);MoveWest;(7, 8);False;1;2408
DropObject;(0, 9);MoveWest;(7, 8);False;1;2409
;(0, 9);MoveWest;(7, 8);False;1;2410
;(0, 9);MoveWest;(7, 8);False;1;2411
;(0, 9);MoveWest;(7, 8);False;1;2412
;(0, 9);MoveWest;(7, 8);False;1;2413
MoveEast;(1, 9);MoveWest;(7, 8);False;1;2414
;(1, 9);MoveWest;(7, 8);False;1;2415
;(1, 9);MoveWest;(7, 8);False;1;2416
;(1, 9);MoveWest;(6, 8);False;1;2417
MoveEast;(2, 9);MoveEast;(6, 8);False;1;2418
;(2, 9);MoveEast;(6, 8);False;1;2419
MoveEast;(3, 9);MoveEast;(6, 8);False;1;2420
;(3, 9);MoveEast;(6, 8);False;1;2421
;(3, 9);MoveEast;(6, 8);False;1;2422
MoveEast;(4, 9);MoveEast;(6, 8);False;1;2423
;(4, 9);MoveEast;(6, 8);False;1;2424
;(4, 9);MoveEast;(6, 8);False;1;2425
;(4, 9);MoveEast;(6, 8);False;1;2426
MoveEast;(5, 9);MoveEast;(6, 8);False;1;2427
;(5, 9);MoveEast;(7, 8);False;1;2428
MoveEast;(6, 9);MoveEast;(7, 8);False;1;2429
;(6, 9);MoveEast;(7, 8);False;1;2430
;(6, 9);MoveEast;(7, 8);False;1;2431
MoveEast;(7, 9);MoveEast;(7, 8);False;1;2432
;(7, 9);MoveEast;(7, 8);False;1;2433
MoveEast;(8, 9);MoveEast;(7, 8);False;1;2434
;(8, 9);MoveEast;(7, 8);False;1;2435
;(8, 9);MoveEast;(7, 8);False;1;2436
;(8, 9);MoveEast;(7, 8);False;1;2437
MoveEast;(9, 9);MoveEast;(7, 8);False;1;2438
;(9, 9);MoveEast;(8, 8);False;1;2439
;(9, 9);MoveWest;(8, 8);False;1;2440
;(9, 9);MoveWest;(8, 8);False;1;2441
;(9, 9);MoveWest;(8, 8);False;1;2442
;(9, 9);MoveWest;(8, 8);False;1;2443
;(9, 9);MoveWest;(8, 8);False;1;2444
;(9, 9);MoveWest;(8, 8);False;1;2445
MoveEast;(10, 9);MoveWest;(8, 8);False;1;2446
;(10, 9);MoveWest;(8, 8);False;1;2447
;(10, 9);MoveWest;(8, 8);False;1;2448
;(10, 9);MoveWest;(8, 8);False;1;2449
;(10, 9);MoveWest;(7, 8);False;1;2450
;(10, 9);MoveWest;(7, 8);False;1;2451
;(10, 9);MoveWest;(7, 8);False;1;2452
;(10, 9);MoveWest;(7, 8);False;1;2453
;(10, 9);MoveWest;(7, 8);False;1;2454
;(10, 9);MoveWest;(7, 8);False;1;2455
;(10, 9);MoveWest;(7, 8);False;1;2456
;(10, 9);MoveWest;(7, 8);False;1;2457
;(10, 9);MoveWest;(7, 8);False;1;2458
MoveWest;(9, 9);MoveWest;(7, 8);False;1;2459
;(9, 9);MoveWest;(7, 8);False;1;2460
;(9, 9);MoveWest;(6, 8);False;1;2461
;(9, 9);MoveEast;(6, 8);False;1;2462
;(9, 9);MoveEast;(6, 8);False;1;2463
;(9, 9);MoveEast;(6, 8);False;1;2464
;(9, 9);MoveEast;(6, 8);False;1;2465
;(9, 9);MoveEast;(6, 8);False;1;2466
;(9, 9);MoveEast;(6, 8);False;1;2467
;(9, 9);MoveEast;(6, 8);False;1;2468
;(9, 9);MoveEast;(6, 8);False;1;2469
;(9, 9);MoveEast;(6, 8);False;1;2470
GrabObject;(9, 9);MoveEast;(6, 8);False;1;2471
;(9, 9);MoveEast;(7, 8);False;1;2472
;(9, 9);MoveEast;(7, 8);False;1;2473
;(9, 9);MoveEast;(7, 8);False;1;2474
;(9, 9);MoveEast;(7, 8);False;1;2475
MoveWest;(8, 9);MoveEast;(7, 8);False;1;2476
;(8, 9);MoveEast;(7, 8);False;1;2477
;(8, 9);MoveEast;(7, 8);False;1;2478
;(8, 9);MoveEast;(7, 8);False;1;2479
MoveWest;(7, 9);MoveEast;(7, 8);False;1;2480
;(7, 9);MoveEast;(7, 8);False;1;2481
;(7, 9);MoveEast;(7, 8);False;1;2482
MoveWest;(6, 9);MoveEast;(8, 8);False;1;2483
;(6, 9);MoveWest;(8, 8);False;1;2484
;(6, 9);MoveWest;(8, 8);False;1;2485
MoveWest;(5, 9);MoveWest;(8, 8);False;1;2486
;(5, 9);MoveWest;(8, 8);False;1;2487
MoveWest;(4, 9);MoveWest;(8, 8);False;1;2488
;(4, 9);MoveWest;(8, 8);False;1;2489
;(4, 9);MoveWest;(8, 8);False;1;2490
MoveWest;(3, 9);MoveWest;(8, 8);False;1;2491
;(3, 9);MoveWest;(8, 8);False;1;2492
;(3, 9);MoveWest;(8, 8);False;1;2493
;(3, 9);MoveWest;(7, 8);False;1;2494
DropObject;(3, 9);MoveWest;(7, 8);False;1;2495
;(3, 9);MoveWest;(7, 8);False;1;2496
;(3, 9);MoveWest;(7, 8);False;1;2497
;(3, 9);MoveWest;(7, 8);False;1;2498
MoveEast;(4, 9);MoveWest;(7, 8);False;1;2499
;(4, 9);MoveWest;(7, 8);False;1;2500
MoveEast;(5, 9);MoveWest;(7, 8);False;1;2501
;(5, 9);MoveWest;(7, 8);False;1;2502
;(5, 9);MoveWest;(7, 8);False;1;2503
MoveEast;(6, 9);MoveWest;(7, 8);False;1;2504
;(6, 9);MoveWest;(6, 8);False;1;2505
;(6, 9);;(6, 8);False;1;2506
MoveEast;(7, 9);Idle;(6, 8);False;1;2507
;(7, 9);Idle;(6, 8);False;1;2508
;(7, 9);Idle;(6, 8);False;1;2509
MoveEast;(8, 9);Idle;(6, 8);False;1;2510
;(8, 9);Idle;(6, 8);False;1;2511
;(8, 9);Idle;(6, 8);False;1;2512
;(8, 9);Idle;(6, 8);False;1;2513
MoveEast;(9, 9);Idle;(6, 8);False;1;2514
;(9, 9);Idle;(6, 8);False;1;2515
;(9, 9);Idle;(6, 8);False;1;2516
;(9, 9);Idle;(6, 8);False;1;2517
;(9, 9);Idle;(6, 8);False;1;2518
;(9, 9);Idle;(6, 8);False;1;2519
;(9, 9);Idle;(6, 8);False;1;2520
;(9, 9);Idle;(6, 8);False;1;2521
;(9, 9);Idle;(6, 8);False;1;2522
;(9, 9);Idle;(6, 8);False;1;2523
;(9, 9);Idle;(6, 8);False;1;2524
;(9, 9);Idle;(6, 8);False;1;2525
;(9, 9);Idle;(6, 8);False;1;2526
;(9, 9);Idle;(6, 8);False;1;2527
;(9, 9);Idle;(6, 8);False;1;2528
;(9, 9);Idle;(6, 8);False;1;2529
GrabObject;(9, 9);Idle;(6, 8);False;1;2530
;(9, 9);Idle;(6, 8);False;1;2531
;(9, 9);Idle;(6, 8);False;1;2532
MoveWest;(8, 9);Idle;(6, 8);False;1;2533
;(8, 9);Idle;(6, 8);False;1;2534
;(8, 9);Idle;(6, 8);False;1;2535
MoveWest;(7, 9);Idle;(6, 8);False;1;2536
;(7, 9);Idle;(6, 8);False;1;2537
;(7, 9);Idle;(6, 8);False;1;2538
MoveWest;(6, 9);Idle;(6, 8);False;1;2539
;(6, 9);Idle;(6, 8);False;1;2540
;(6, 9);Idle;(6, 8);False;1;2541
MoveWest;(5, 9);Idle;(6, 8);False;1;2542
;(5, 9);Idle;(6, 8);False;1;2543
;(5, 9);Idle;(6, 8);False;1;2544
MoveWest;(4, 9);Idle;(6, 8);False;1;2545
;(4, 9);Idle;(6, 8);False;1;2546
;(4, 9);Idle;(6, 8);False;1;2547
;(4, 9);Idle;(6, 8);False;1;2548
;(4, 9);Idle;(6, 8);False;1;2549
;(4, 9);Idle;(6, 8);False;1;2550
;(4, 9);Idle;(6, 8);False;1;2551
DropObject;(4, 9);Idle;(6, 8);False;1;2552
;(4, 9);Idle;(6, 8);False;1;2553
;(4, 9);Idle;(6, 8);False;1;2554
;(4, 9);Idle;(6, 8);False;1;2555
;(4, 9);Idle;(6, 8);False;1;2556
MoveEast;(5, 9);Idle;(6, 8);False;1;2557
;(5, 9);Idle;(6, 8);False;1;2558
;(5, 9);Idle;(6, 8);False;1;2559
;(5, 9);Idle;(6, 8);False;1;2560
MoveEast;(6, 9);Idle;(6, 8);False;1;2561
;(6, 9);;(6, 8);False;1;2562
;(6, 9);MoveWest;(6, 8);False;1;2563
;(6, 9);MoveWest;(6, 8);False;1;2564
MoveEast;(7, 9);MoveWest;(6, 8);False;1;2565
;(7, 9);MoveWest;(6, 8);False;1;2566
;(7, 9);MoveWest;(6, 8);False;1;2567
;(7, 9);MoveWest;(6, 8);False;1;2568
;(7, 9);MoveWest;(6, 8);False;1;2569
MoveEast;(8, 9);MoveWest;(6, 8);False;1;2570
;(8, 9);MoveWest;(6, 8);False;1;2571
;(8, 9);MoveWest;(6, 8);False;1;2572
;(8, 9);MoveWest;(5, 8);False;1;2573
;(8, 9);MoveWest;(5, 8);False;1;2574
;(8, 9);MoveWest;(5, 8);False;1;2575
;(8, 9);MoveWest;(5, 8);False;1;2576
;(8, 9);MoveWest;(5, 8);False;1;2577
;(8, 9);MoveWest;(5, 8);False;1;2578
;(8, 9);MoveWest;(5, 8);False;1;2579
;(8, 9);MoveWest;(5, 8);False;1;2580
;(8, 9);MoveWest;(5, 8);False;1;2581
;(8, 9);MoveWest;(5, 8);False;1;2582
GrabObject;(8, 9);MoveWest;(5, 8);False;1;2583
;(8, 9);MoveWest;(4, 8);False;1;2584
;(8, 9);MoveNorthWest;(4, 8);False;1;2585
;(8, 9);MoveNorthWest;(4, 8);False;1;2586
;(8, 9);MoveNorthWest;(4, 8);False;1;2587
;(8, 9);MoveNorthWest;(4, 8);False;1;2588
MoveWest;(7, 9);MoveNorthWest;(4, 8);False;1;2589
;(7, 9);MoveNorthWest;(4, 8);False;1;2590
;(7, 9);MoveNorthWest;(4, 8);False;1;2591
;(7, 9);MoveNorthWest;(4, 8);False;1;2592
MoveWest;(6, 9);MoveNorthWest;(4, 8);False;1;2593
;(6, 9);MoveNorthWest;(4, 8);False;1;2594
;(6, 9);MoveNorthWest;(3, 7);False;1;2595
MoveWest;(5, 9);MoveWest;(3, 7);False;1;2596
;(5, 9);MoveWest;(3, 7);False;1;2597
;(5, 9);MoveWest;(3, 7);False;1;2598
;(5, 9);MoveWest;(3, 7);False;1;2599
MoveWest;(4, 9);MoveWest;(3, 7);False;1;2600
;(4, 9);MoveWest;(3, 7);False;1;2601
MoveWest;(3, 9);MoveWest;(3, 7);False;1;2602
;(3, 9);MoveWest;(3, 7);False;1;2603
;(3, 9);MoveWest;(3, 7);False;1;2604
;(3, 9);MoveWest;(3, 7);False;1;2605
MoveWest;(2, 9);MoveWest;(2, 7);False;1;2606
;(2, 9);MoveNorthWest;(2, 7);False;1;2607
;(2, 9);MoveNorthWest;(2, 7);False;1;2608
;(2, 9);MoveNorthWest;(2, 7);False;1;2609
;(2, 9);MoveNorthWest;(2, 7);False;1;2610
;(2, 9);MoveNorthWest;(2, 7);False;1;2611
;(2, 9);MoveNorthWest;(2, 7);False;1;2612
;(2, 9);MoveNorthWest;(2, 7);False;1;2613
;(2, 9);MoveNorthWest;(2, 7);False;1;2614
;(2, 9);MoveNorthWest;(2, 7);False;1;2615
;(2, 9);MoveNorthWest;(2, 7);False;1;2616
GrabObject;(2, 9);MoveNorthWest;(1, 6);False;1;2617
;(2, 9);MoveWest;(1, 6);False;1;2618
;(2, 9);MoveWest;(1, 6);False;1;2619
;(2, 9);MoveWest;(1, 6);False;1;2620
;(2, 9);MoveWest;(1, 6);False;1;2621
;(2, 9);MoveWest;(1, 6);False;1;2622
;(2, 9);MoveWest;(1, 6);False;1;2623
;(2, 9);MoveWest;(1, 6);False;1;2624
;(2, 9);MoveWest;(1, 6);False;1;2625
;(2, 9);MoveWest;(1, 6);False;1;2626
;(2, 9);MoveWest;(1, 6);False;1;2627
;(2, 9);MoveWest;(0, 6);False;1;2628
;(2, 9);DropLargeObject;(0, 6);False;1;2629
;(2, 9);DropLargeObject;(0, 6);False;1;2630
;(2, 9);DropLargeObject;(0, 6);False;1;2631
;(2, 9);DropLargeObject;(0, 6);False;1;2632
;(2, 9);DropLargeObject;(0, 6);False;1;2633
;(2, 9);DropLargeObject;(0, 6);False;1;2634
;(2, 9);DropLargeObject;(0, 6);False;1;2635
;(2, 9);DropLargeObject;(0, 6);False;1;2636
;(2, 9);DropLargeObject;(0, 6);False;1;2637
;(2, 9);DropLargeObject;(0, 6);False;1;2638
;(2, 9);DropLargeObject;(0, 6);False;1;2639
;(2, 9);;(0, 6);False;1;2640
;(2, 9);Idle;(0, 6);False;1;2641
MoveEast;(3, 9);Idle;(0, 6);False;1;2642
;(3, 9);Idle;(0, 6);False;1;2643
;(3, 9);Idle;(0, 6);False;1;2644
;(3, 9);Idle;(0, 6);False;1;2645
MoveEast;(4, 9);Idle;(0, 6);False;1;2646
;(4, 9);Idle;(0, 6);False;1;2647
MoveEast;(5, 9);Idle;(0, 6);False;1;2648
;(5, 9);Idle;(0, 6);False;1;2649
;(5, 9);Idle;(0, 6);False;1;2650
;(5, 9);Idle;(0, 6);False;1;2651
;(5, 9);Idle;(0, 6);False;1;2652
;(5, 9);Idle;(0, 6);False;1;2653
;(5, 9);Idle;(0, 6);False;1;2654
;(5, 9);Idle;(0, 6);False;1;2655
;(5, 9);Idle;(0, 6);False;1;2656
;(5, 9);Idle;(0, 6);False;1;2657
;(5, 9);Idle;(0, 6);False;1;2658
;(5, 9);Idle;(0, 6);False;1;2659
;(5, 9);Idle;(0, 6);False;1;2660
;(5, 9);Idle;(0, 6);False;1;2661
DropObject;(5, 9);Idle;(0, 6);False;1;2662
;(5, 9);Idle;(0, 6);False;1;2663
;(5, 9);Idle;(0, 6);False;1;2664
MoveEast;(6, 9);Idle;(0, 6);False;1;2665
;(6, 9);Idle;(0, 6);False;1;2666
;(6, 9);Idle;(0, 6);False;1;2667
;(6, 9);Idle;(0, 6);False;1;2668
;(6, 9);Idle;(0, 6);False;1;2669
MoveEast;(7, 9);Idle;(0, 6);False;1;2670
;(7, 9);Idle;(0, 6);False;1;2671
;(7, 9);Idle;(0, 6);False;1;2672
;(7, 9);Idle;(0, 6);False;1;2673
;(7, 9);Idle;(0, 6);False;1;2674
;(7, 9);Idle;(0, 6);False;1;2675
;(7, 9);Idle;(0, 6);False;1;2676
MoveEast;(8, 9);Idle;(0, 6);False;1;2677
;(8, 9);Idle;(0, 6);False;1;2678
;(8, 9);Idle;(0, 6);False;1;2679
;(8, 9);Idle;(0, 6);False;1;2680
;(8, 9);Idle;(0, 6);False;1;2681
;(8, 9);Idle;(0, 6);False;1;2682
;(8, 9);Idle;(0, 6);False;1;2683
;(8, 9);Idle;(0, 6);False;1;2684
MoveEast;(9, 9);Idle;(0, 6);False;1;2685
;(9, 9);Idle;(0, 6);False;1;2686
MoveEast;(10, 9);Idle;(0, 6);False;1;2687
;(10, 9);Idle;(0, 6);False;1;2688
;(10, 9);Idle;(0, 6);False;1;2689
;(10, 9);Idle;(0, 6);False;1;2690
;(10, 9);Idle;(0, 6);False;1;2691
;(10, 9);Idle;(0, 6);False;1;2692
;(10, 9);Idle;(0, 6);False;1;2693
;(10, 9);Idle;(0, 6);False;1;2694
;(10, 9);Idle;(0, 6);False;1;2695
;(10, 9);;(0, 6);False;1;2696
;(10, 9);MoveEast;(0, 6);False;1;2697
MoveSouth;(10, 10);MoveEast;(0, 6);False;1;2698
;(10, 10);MoveEast;(0, 6);False;1;2699
;(10, 10);MoveEast;(0, 6);False;1;2700
;(10, 10);MoveEast;(0, 6);False;1;2701
;(10, 10);MoveEast;(0, 6);False;1;2702
;(10, 10);MoveEast;(0, 6);False;1;2703
;(10, 10);MoveEast;(0, 6);False;1;2704
;(10, 10);MoveEast;(0, 6);False;1;2705
;(10, 10);MoveEast;(0, 6);False;1;2706
;(10, 10);MoveEast;(1, 6);False;1;2707
MoveEast;(11, 10);MoveEast;(1, 6);False;1;2708
;(11, 10);MoveEast;(1, 6);False;1;2709
;(11, 10);MoveEast;(1, 6);False;1;2710
;(11, 10);MoveEast;(1, 6);False;1;2711
;(11, 10);MoveEast;(1, 6);False;1;2712
;(11, 10);MoveEast;(1, 6);False;1;2713
;(11, 10);MoveEast;(1, 6);False;1;2714
;(11, 10);MoveEast;(1, 6);False;1;2715
;(11, 10);MoveEast;(1, 6);False;1;2716
;(11, 10);MoveEast;(1, 6);False;1;2717
;(11, 10);MoveEast;(2, 6);False;1;2718
;(11, 10);MoveEast;(2, 6);False;1;2719
;(11, 10);MoveEast;(2, 6);False;1;2720
;(11, 10);MoveEast;(2, 6);False;1;2721
;(11, 10);MoveEast;(2, 6);False;1;2722
;(11, 10);MoveEast;(2, 6);False;1;2723
;(11, 10);MoveEast;(2, 6);False;1;2724
;(11, 10);MoveEast;(2, 6);False;1;2725
;(11, 10);MoveEast;(2, 6);False;1;2726
;(11, 10);MoveEast;(2, 6);False;1;2727
GrabObject;(11, 10);MoveEast;(2, 6);False;1;2728
;(11, 10);MoveEast;(3, 6);False;1;2729
;(11, 10);MoveEast;(3, 6);False;1;2730
;(11, 10);MoveEast;(3, 6);False;1;2731
;(11, 10);MoveEast;(3, 6);False;1;2732
;(11, 10);MoveEast;(3, 6);False;1;2733
;(11, 10);MoveEast;(3, 6);False;1;2734
MoveWest;(10, 10);MoveEast;(3, 6);False;1;2735
;(10, 10);MoveEast;(3, 6);False;1;2736
;(10, 10);MoveEast;(3, 6);False;1;2737
MoveWest;(9, 10);MoveEast;(3, 6);False;1;2738
;(9, 10);MoveEast;(3, 6);False;1;2739
MoveWest;(8, 10);MoveEast;(4, 6);False;1;2740
;(8, 10);MoveEast;(4, 6);False;1;2741
;(8, 10);MoveEast;(4, 6);False;1;2742
MoveWest;(7, 10);MoveEast;(4, 6);False;1;2743
;(7, 10);MoveEast;(4, 6);False;1;2744
;(7, 10);MoveEast;(4, 6);False;1;2745
MoveWest;(6, 10);MoveEast;(4, 6);False;1;2746
;(6, 10);MoveEast;(4, 6);False;1;2747
;(6, 10);MoveEast;(4, 6);False;1;2748
MoveWest;(5, 10);MoveEast;(4, 6);False;1;2749
;(5, 10);MoveEast;(4, 6);False;1;2750
;(5, 10);MoveEast;(5, 6);False;1;2751
MoveWest;(4, 10);MoveEast;(5, 6);False;1;2752
;(4, 10);MoveEast;(5, 6);False;1;2753
;(4, 10);MoveEast;(5, 6);False;1;2754
;(4, 10);MoveEast;(5, 6);False;1;2755
;(4, 10);MoveEast;(5, 6);False;1;2756
;(4, 10);MoveEast;(5, 6);False;1;2757
;(4, 10);MoveEast;(5, 6);False;1;2758
;(4, 10);MoveEast;(5, 6);False;1;2759
;(4, 10);MoveEast;(5, 6);False;1;2760
;(4, 10);MoveEast;(5, 6);False;1;2761
;(4, 10);MoveEast;(6, 6);False;1;2762
DropObject;(4, 10);MoveEast;(6, 6);False;1;2763
;(4, 10);MoveEast;(6, 6);False;1;2764
;(4, 10);MoveEast;(6, 6);False;1;2765
MoveEast;(5, 10);MoveEast;(6, 6);False;1;2766
;(5, 10);MoveEast;(6, 6);False;1;2767
;(5, 10);MoveEast;(6, 6);False;1;2768
;(5, 10);MoveEast;(6, 6);False;1;2769
;(5, 10);MoveEast;(6, 6);False;1;2770
MoveEast;(6, 10);MoveEast;(6, 6);False;1;2771
;(6, 10);MoveEast;(6, 6);False;1;2772
MoveEast;(7, 10);MoveEast;(7, 6);False;1;2773
;(7, 10);MoveEast;(7, 6);False;1;2774
;(7, 10);MoveEast;(7, 6);False;1;2775
MoveEast;(8, 10);MoveEast;(7, 6);False;1;2776
;(8, 10);MoveEast;(7, 6);False;1;2777
;(8, 10);MoveEast;(7, 6);False;1;2778
MoveEast;(9, 10);MoveEast;(7, 6);False;1;2779
;(9, 10);MoveEast;(7, 6);False;1;2780
;(9, 10);MoveEast;(7, 6);False;1;2781
;(9, 10);MoveEast;(7, 6);False;1;2782
;(9, 10);MoveEast;(7, 6);False;1;2783
;(9, 10);MoveEast;(8, 6);False;1;2784
;(9, 10);MoveEast;(8, 6);False;1;2785
;(9, 10);MoveEast;(8, 6);False;1;2786
;(9, 10);MoveEast;(8, 6);False;1;2787
;(9, 10);MoveEast;(8, 6);False;1;2788
;(9, 10);MoveEast;(8, 6);False;1;2789
;(9, 10);MoveEast;(8, 6);False;1;2790
;(9, 10);MoveEast;(8, 6);False;1;2791
;(9, 10);MoveEast;(8, 6);False;1;2792
;(9, 10);MoveEast;(8, 6);False;1;2793
;(9, 10);MoveEast;(8, 6);False;1;2794
;(9, 10);MoveEast;(9, 6);False;1;2795
;(9, 10);MoveEast;(9, 6);False;1;2796
GrabObject;(9, 10);MoveEast;(9, 6);False;1;2797
;(9, 10);MoveEast;(9, 6);False;1;2798
;(9, 10);MoveEast;(9, 6);False;1;2799
;(9, 10);MoveEast;(9, 6);False;1;2800
;(9, 10);MoveEast;(9, 6);False;1;2801
;(9, 10);MoveEast;(9, 6);False;1;2802
;(9, 10);MoveEast;(9, 6);False;1;2803
;(9, 10);MoveEast;(9, 6);False;1;2804
MoveWest;(8, 10);MoveEast;(9, 6);False;1;2805
;(8, 10);MoveEast;(10, 6);False;1;2806
;(8, 10);MoveEast;(10, 6);False;1;2807
;(8, 10);MoveEast;(10, 6);False;1;2808
;(8, 10);MoveEast;(10, 6);False;1;2809
;(8, 10);MoveEast;(10, 6);False;1;2810
;(8, 10);MoveEast;(10, 6);False;1;2811
MoveWest;(7, 10);MoveEast;(10, 6);False;1;2812
;(7, 10);MoveEast;(10, 6);False;1;2813
MoveWest;(6, 10);MoveEast;(10, 6);False;1;2814
;(6, 10);MoveEast;(10, 6);False;1;2815
;(6, 10);MoveEast;(10, 6);False;1;2816
;(6, 10);MoveEast;(11, 6);False;1;2817
MoveWest;(5, 10);MoveSouthEast;(11, 6);False;1;2818
;(5, 10);MoveSouthEast;(11, 6);False;1;2819
;(5, 10);MoveSouthEast;(11, 6);False;1;2820
MoveWest;(4, 10);MoveSouthEast;(11, 6);False;1;2821
;(4, 10);MoveSouthEast;(11, 6);False;1;2822
;(4, 10);MoveSouthEast;(11, 6);False;1;2823
;(4, 10);MoveSouthEast;(11, 6);False;1;2824
DropObject;(4, 10);MoveSouthEast;(11, 6);False;1;2825
;(4, 10);MoveSouthEast;(11, 6);False;1;2826
;(4, 10);MoveSouthEast;(11, 6);False;1;2827
MoveEast;(5, 10);MoveSouthEast;(12, 7);False;1;2828
;(5, 10);GrabObject;(12, 7);False;1;2829
;(5, 10);GrabObject;(12, 7);False;1;2830
;(5, 10);GrabObject;(12, 7);False;1;2831
MoveEast;(6, 10);GrabObject;(12, 7);False;1;2832
;(6, 10);GrabObject;(12, 7);False;1;2833
;(6, 10);GrabObject;(12, 7);False;1;2834
;(6, 10);GrabObject;(12, 7);False;1;2835
MoveEast;(7, 10);GrabObject;(12, 7);False;1;2836
;(7, 10);GrabObject;(12, 7);False;1;2837
;(7, 10);GrabObject;(12, 7);False;1;2838
MoveEast;(8, 10);GrabObject;(12, 7);False;1;2839
;(8, 10);;(12, 7);False;1;2840
;(8, 10);MoveEast;(12, 7);False;1;2841
;(8, 10);MoveEast;(12, 7);False;1;2842
MoveEast;(9, 10);MoveEast;(12, 7);False;1;2843
;(9, 10);MoveEast;(12, 7);False;1;2844
;(9, 10);MoveEast;(12, 7);False;1;2845
;(9, 10);MoveEast;(12, 7);False;1;2846
;(9, 10);MoveEast;(12, 7);False;1;2847
;(9, 10);MoveEast;(12, 7);False;1;2848
;(9, 10);MoveEast;(12, 7);False;1;2849
;(9, 10);MoveEast;(12, 7);False;1;2850
;(9, 10);MoveEast;(13, 7);False;1;2851
;(9, 10);MoveEast;(13, 7);False;1;2852
;(9, 10);MoveEast;(13, 7);False;1;2853
;(9, 10);MoveEast;(13, 7);False;1;2854
;(9, 10);MoveEast;(13, 7);False;1;2855
;(9, 10);MoveEast;(13, 7);False;1;2856
MoveWest;(8, 10);MoveEast;(13, 7);False;1;2857
;(8, 10);MoveEast;(13, 7);False;1;2858
;(8, 10);MoveEast;(13, 7);False;1;2859
;(8, 10);MoveEast;(13, 7);False;1;2860
;(8, 10);MoveEast;(13, 7);False;1;2861
;(8, 10);MoveEast;(14, 7);False;1;2862
;(8, 10);MoveWest;(14, 7);False;1;2863
;(8, 10);MoveWest;(14, 7);False;1;2864
;(8, 10);MoveWest;(14, 7);False;1;2865
GrabObject;(8, 10);MoveWest;(14, 7);False;1;2866
;(8, 10);MoveWest;(14, 7);False;1;2867
;(8, 10);MoveWest;(14, 7);False;1;2868
;(8, 10);MoveWest;(14, 7);False;1;2869
;(8, 10);MoveWest;(14, 7);False;1;2870
;(8, 10);MoveWest;(14, 7);False;1;2871
;(8, 10);MoveWest;(14, 7);False;1;2872
MoveWest;(7, 10);MoveWest;(13, 7);False;1;2873
;(7, 10);MoveWest;(13, 7);False;1;2874
MoveWest;(6, 10);MoveWest;(13, 7);False;1;2875
;(6, 10);MoveWest;(13, 7);False;1;2876
;(6, 10);MoveWest;(13, 7);False;1;2877
;(6, 10);MoveWest;(13, 7);False;1;2878
MoveWest;(5, 10);MoveWest;(13, 7);False;1;2879
;(5, 10);MoveWest;(13, 7);False;1;2880
;(5, 10);MoveWest;(13, 7);False;1;2881
;(5, 10);MoveWest;(13, 7);False;1;2882
;(5, 10);MoveWest;(13, 7);False;1;2883
;(5, 10);MoveWest;(12, 7);False;1;2884
;(5, 10);MoveEast;(12, 7);False;1;2885
;(5, 10);MoveEast;(12, 7);False;1;2886
;(5, 10);MoveEast;(12, 7);False;1;2887
;(5, 10);MoveEast;(12, 7);False;1;2888
;(5, 10);MoveEast;(12, 7);False;1;2889
;(5, 10);MoveEast;(12, 7);False;1;2890
;(5, 10);MoveEast;(12, 7);False;1;2891
DropObject;(5, 10);MoveEast;(12, 7);False;1;2892
;(5, 10);MoveEast;(12, 7);False;1;2893
MoveEast;(6, 10);MoveEast;(12, 7);False;1;2894
;(6, 10);MoveEast;(13, 7);False;1;2895
;(6, 10);MoveEast;(13, 7);False;1;2896
;(6, 10);MoveEast;(13, 7);False;1;2897
;(6, 10);MoveEast;(13, 7);False;1;2898
MoveEast;(7, 10);MoveEast;(13, 7);False;1;2899
;(7, 10);MoveEast;(13, 7);False;1;2900
;(7, 10);MoveEast;(13, 7);False;1;2901
MoveEast;(8, 10);MoveEast;(13, 7);False;1;2902
;(8, 10);MoveEast;(13, 7);False;1;2903
;(8, 10);MoveEast;(13, 7);False;1;2904
MoveEast;(9, 10);MoveEast;(13, 7);False;1;2905
;(9, 10);MoveEast;(14, 7);False;1;2906
MoveEast;(10, 10);MoveWest;(14, 7);False;1;2907
;(10, 10);MoveWest;(14, 7);False;1;2908
;(10, 10);MoveWest;(14, 7);False;1;2909
;(10, 10);MoveWest;(14, 7);False;1;2910
;(10, 10);MoveWest;(14, 7);False;1;2911
MoveEast;(11, 10);MoveWest;(14, 7);False;1;2912
;(11, 10);MoveWest;(14, 7);False;1;2913
;(11, 10);MoveWest;(14, 7);False;1;2914
;(11, 10);MoveWest;(14, 7);False;1;2915
;(11, 10);MoveWest;(14, 7);False;1;2916
;(11, 10);MoveWest;(13, 7);False;1;2917
;(11, 10);MoveWest;(13, 7);False;1;2918
;(11, 10);MoveWest;(13, 7);False;1;2919
;(11, 10);MoveWest;(13, 7);False;1;2920
;(11, 10);MoveWest;(13, 7);False;1;2921
;(11, 10);MoveWest;(13, 7);False;1;2922
;(11, 10);MoveWest;(13, 7);False;1;2923
;(11, 10);MoveWest;(13, 7);False;1;2924
;(11, 10);MoveWest;(13, 7);False;1;2925
;(11, 10);MoveWest;(13, 7);False;1;2926
;(11, 10);MoveWest;(13, 7);False;1;2927
MoveWest;(10, 10);MoveWest;(12, 7);False;1;2928
;(10, 10);MoveEast;(12, 7);False;1;2929
;(10, 10);MoveEast;(12, 7);False;1;2930
;(10, 10);MoveEast;(12, 7);False;1;2931
;(10, 10);MoveEast;(12, 7);False;1;2932
;(10, 10);MoveEast;(12, 7);False;1;2933
GrabObject;(10, 10);MoveEast;(12, 7);False;1;2934
;(10, 10);MoveEast;(12, 7);False;1;2935
;(10, 10);MoveEast;(12, 7);False;1;2936
;(10, 10);MoveEast;(12, 7);False;1;2937
;(10, 10);MoveEast;(12, 7);False;1;2938
;(10, 10);MoveEast;(13, 7);False;1;2939
;(10, 10);MoveEast;(13, 7);False;1;2940
;(10, 10);MoveEast;(13, 7);False;1;2941
;(10, 10);MoveEast;(13, 7);False;1;2942
;(10, 10);MoveEast;(13, 7);False;1;2943
;(10, 10);MoveEast;(13, 7);False;1;2944
;(10, 10);MoveEast;(13, 7);False;1;2945
MoveWest;(9, 10);MoveEast;(13, 7);False;1;2946
;(9, 10);MoveEast;(13, 7);False;1;2947
;(9, 10);MoveEast;(13, 7);False;1;2948
MoveWest;(8, 10);MoveEast;(13, 7);False;1;2949
;(8, 10);MoveEast;(14, 7);False;1;2950
;(8, 10);MoveWest;(14, 7);False;1;2951
;(8, 10);MoveWest;(14, 7);False;1;2952
MoveWest;(7, 10);MoveWest;(14, 7);False;1;2953
;(7, 10);MoveWest;(14, 7);False;1;2954
;(7, 10);MoveWest;(14, 7);False;1;2955
MoveWest;(6, 10);MoveWest;(14, 7);False;1;2956
;(6, 10);MoveWest;(14, 7);False;1;2957
;(6, 10);MoveWest;(14, 7);False;1;2958
MoveWest;(5, 10);MoveWest;(14, 7);False;1;2959
;(5, 10);MoveWest;(14, 7);False;1;2960
;(5, 10);MoveWest;(13, 7);False;1;2961
MoveWest;(4, 10);MoveWest;(13, 7);False;1;2962
;(4, 10);MoveWest;(13, 7);False;1;2963
;(4, 10);MoveWest;(13, 7);False;1;2964
;(4, 10);MoveWest;(13, 7);False;1;2965
;(4, 10);MoveWest;(13, 7);False;1;2966
;(4, 10);MoveWest;(13, 7);False;1;2967
DropObject;(4, 10);MoveWest;(13, 7);False;1;2968
;(4, 10);MoveWest;(13, 7);False;1;2969
;(4, 10);MoveWest;(13, 7);False;1;2970
;(4, 10);MoveWest;(13, 7);False;1;2971
;(4, 10);MoveWest;(12, 7);False;1;2972
;(4, 10);;(12, 7);False;1;2973
;(4, 10);Idle;(12, 7);False;1;2974
;(4, 10);Idle;(12, 7);False;1;2975
;(4, 10);Idle;(12, 7);False;1;2976
;(4, 10);Idle;(12, 7);False;1;2977
;(4, 10);Idle;(12, 7);False;1;2978
;(4, 10);Idle;(12, 7);False;1;2979
;(4, 10);Idle;(12, 7);False;1;2980
;(4, 10);Idle;(12, 7);False;1;2981
;(4, 10);Idle;(12, 7);False;1;2982
;(4, 10);Idle;(12, 7);False;1;2983
;(4, 10);Idle;(12, 7);False;1;2984
;(4, 10);Idle;(12, 7);False;1;2985
;(4, 10);Idle;(12, 7);False;1;2986
;(4, 10);Idle;(12, 7);False;1;2987
;(4, 10);Idle;(12, 7);False;1;2988
;(4, 10);Idle;(12, 7);False;1;2989
;(4, 10);Idle;(12, 7);False;1;2990
;(4, 10);Idle;(12, 7);False;1;2991
;(4, 10);Idle;(12, 7);False;1;2992
;(4, 10);Idle;(12, 7);False;1;2993
;(4, 10);Idle;(12, 7);False;1;2994
;(4, 10);Idle;(12, 7);False;1;2995
;(4, 10);Idle;(12, 7);False;1;2996
;(4, 10);Idle;(12, 7);False;1;2997
;(4, 10);Idle;(12, 7);False;1;2998
;(4, 10);Idle;(12, 7);False;1;2999
;(4, 10);Idle;(12, 7);False;1;3000
;(4, 10);Idle;(12, 7);False;1;3001
;(4, 10);Idle;(12, 7);False;1;3002
;(4, 10);Idle;(12, 7);False;1;3003
;(4, 10);Idle;(12, 7);False;1;3004
;(4, 10);Idle;(12, 7);False;1;3005
MoveEast;(5, 10);Idle;(12, 7);False;1;3006
;(5, 10);;(12, 7);False;1;3007
;(5, 10);;(12, 7);False;1;3008
;(5, 10);;(12, 7);False;1;3009
MoveEast;(6, 10);;(12, 7);False;1;3010
;(6, 10);;(12, 7);False;1;3011
;(6, 10);;(12, 7);False;1;3012
;(6, 10);;(12, 7);False;1;3013
;(6, 10);;(12, 7);False;1;3014
;(6, 10);;(12, 7);False;1;3015
;(6, 10);;(12, 7);False;1;3016
;(6, 10);;(12, 7);False;1;3017
;(6, 10);;(12, 7);False;1;3018
;(6, 10);;(12, 7);False;1;3019
