human_selector_action;human_selector_location;robot_action;robot_location;robot_executing_cp;world_nr;tick_nr
;(3, 4);;(4, 4);False;1;0
;(3, 4);;(4, 4);False;1;1
;(3, 4);;(4, 4);3;1;2
;(3, 4);;(4, 4);3;1;3
;(3, 4);;(4, 4);3;1;4
;(3, 4);;(4, 4);3;1;5
;(3, 4);MoveSouth;(4, 4);3;1;6
;(3, 4);MoveSouth;(4, 4);3;1;7
;(3, 4);MoveSouth;(4, 4);3;1;8
;(3, 4);MoveSouth;(4, 4);3;1;9
;(3, 4);MoveSouth;(4, 4);3;1;10
;(3, 4);MoveSouth;(4, 4);3;1;11
;(3, 4);MoveSouth;(4, 4);3;1;12
;(3, 4);MoveSouth;(4, 4);3;1;13
;(3, 4);MoveSouth;(4, 4);3;1;14
;(3, 4);MoveSouth;(4, 4);3;1;15
;(3, 4);MoveSouth;(4, 5);3;1;16
;(3, 4);MoveSouthEast;(4, 5);3;1;17
;(3, 4);MoveSouthEast;(4, 5);3;1;18
;(3, 4);MoveSouthEast;(4, 5);3;1;19
;(3, 4);MoveSouthEast;(4, 5);3;1;20
;(3, 4);MoveSouthEast;(4, 5);3;1;21
;(3, 4);MoveSouthEast;(4, 5);3;1;22
;(3, 4);MoveSouthEast;(4, 5);3;1;23
;(3, 4);MoveSouthEast;(4, 5);3;1;24
;(3, 4);MoveSouthEast;(4, 5);3;1;25
;(3, 4);MoveSouthEast;(4, 5);3;1;26
;(3, 4);MoveSouthEast;(5, 6);3;1;27
;(3, 4);MoveSouth;(5, 6);3;1;28
;(3, 4);MoveSouth;(5, 6);3;1;29
;(3, 4);MoveSouth;(5, 6);3;1;30
;(3, 4);MoveSouth;(5, 6);3;1;31
;(3, 4);MoveSouth;(5, 6);3;1;32
;(3, 4);MoveSouth;(5, 6);3;1;33
;(3, 4);MoveSouth;(5, 6);3;1;34
;(3, 4);MoveSouth;(5, 6);3;1;35
;(3, 4);MoveSouth;(5, 6);3;1;36
;(3, 4);MoveSouth;(5, 6);3;1;37
;(3, 4);MoveSouth;(5, 7);3;1;38
;(3, 4);MoveSouth;(5, 7);3;1;39
;(3, 4);MoveSouth;(5, 7);3;1;40
;(3, 4);MoveSouth;(5, 7);3;1;41
;(3, 4);MoveSouth;(5, 7);3;1;42
;(3, 4);MoveSouth;(5, 7);3;1;43
;(3, 4);MoveSouth;(5, 7);3;1;44
;(3, 4);MoveSouth;(5, 7);3;1;45
;(3, 4);MoveSouth;(5, 7);3;1;46
;(3, 4);MoveSouth;(5, 7);3;1;47
;(3, 4);MoveSouth;(5, 7);3;1;48
;(3, 4);MoveSouth;(5, 8);3;1;49
;(3, 4);MoveSouthEast;(5, 8);3;1;50
;(3, 4);MoveSouthEast;(5, 8);3;1;51
MoveEast;(4, 4);MoveSouthEast;(5, 8);3;1;52
;(4, 4);MoveSouthEast;(5, 8);3;1;53
;(4, 4);MoveSouthEast;(5, 8);3;1;54
;(4, 4);MoveSouthEast;(5, 8);3;1;55
;(4, 4);MoveSouthEast;(5, 8);3;1;56
;(4, 4);MoveSouthEast;(5, 8);3;1;57
;(4, 4);MoveSouthEast;(5, 8);3;1;58
;(4, 4);MoveSouthEast;(5, 8);3;1;59
;(4, 4);MoveSouthEast;(6, 9);3;1;60
;(4, 4);GrabLargeObject;(6, 9);3;1;61
;(4, 4);GrabLargeObject;(6, 9);3;1;62
;(4, 4);GrabLargeObject;(6, 9);3;1;63
MoveEast;(5, 4);GrabLargeObject;(6, 9);3;1;64
;(5, 4);GrabLargeObject;(6, 9);3;1;65
;(5, 4);GrabLargeObject;(6, 9);3;1;66
;(5, 4);GrabLargeObject;(6, 9);3;1;67
;(5, 4);GrabLargeObject;(6, 9);3;1;68
;(5, 4);GrabLargeObject;(6, 9);3;1;69
;(5, 4);GrabLargeObject;(6, 9);3;1;70
;(5, 4);GrabLargeObject;(6, 9);3;1;71
;(5, 4);;(6, 9);3;1;72
;(5, 4);;(6, 9);3;1;73
;(5, 4);;(6, 9);3;1;74
;(5, 4);;(6, 9);3;1;75
;(5, 4);;(6, 9);3;1;76
;(5, 4);;(6, 9);3;1;77
;(5, 4);;(6, 9);3;1;78
;(5, 4);;(6, 9);3;1;79
;(5, 4);;(6, 9);3;1;80
;(5, 4);;(6, 9);3;1;81
;(5, 4);;(6, 9);3;1;82
;(5, 4);;(6, 9);3;1;83
;(5, 4);;(6, 9);3;1;84
;(5, 4);;(6, 9);3;1;85
;(5, 4);;(6, 9);3;1;86
;(5, 4);;(6, 9);3;1;87
;(5, 4);;(6, 9);3;1;88
;(5, 4);;(6, 9);3;1;89
;(5, 4);;(6, 9);3;1;90
;(5, 4);;(6, 9);3;1;91
;(5, 4);;(6, 9);3;1;92
;(5, 4);;(6, 9);3;1;93
;(5, 4);;(6, 9);3;1;94
;(5, 4);;(6, 9);3;1;95
;(5, 4);;(6, 9);3;1;96
MoveNorth;(5, 3);;(6, 9);3;1;97
;(5, 3);;(6, 9);3;1;98
;(5, 3);;(6, 9);3;1;99
;(5, 3);;(6, 9);3;1;100
MoveWest;(4, 3);;(6, 9);3;1;101
;(4, 3);;(6, 9);3;1;102
;(4, 3);;(6, 9);3;1;103
;(4, 3);;(6, 9);3;1;104
;(4, 3);;(6, 9);3;1;105
;(4, 3);;(6, 9);3;1;106
;(4, 3);;(6, 9);3;1;107
;(4, 3);;(6, 9);3;1;108
;(4, 3);;(6, 9);3;1;109
;(4, 3);;(6, 9);3;1;110
;(4, 3);;(6, 9);3;1;111
MoveSouth;(4, 4);;(6, 9);3;1;112
;(4, 4);;(6, 9);3;1;113
;(4, 4);;(6, 9);3;1;114
;(4, 4);;(6, 9);3;1;115
MoveSouth;(4, 5);;(6, 9);3;1;116
;(4, 5);;(6, 9);3;1;117
;(4, 5);;(6, 9);3;1;118
;(4, 5);;(6, 9);3;1;119
MoveEast;(5, 5);;(6, 9);3;1;120
;(5, 5);;(6, 9);3;1;121
;(5, 5);;(6, 9);3;1;122
;(5, 5);;(6, 9);3;1;123
MoveEast;(6, 5);;(6, 9);3;1;124
;(6, 5);;(6, 9);3;1;125
;(6, 5);;(6, 9);3;1;126
;(6, 5);;(6, 9);3;1;127
;(6, 5);;(6, 9);3;1;128
MoveNorth;(6, 4);;(6, 9);3;1;129
;(6, 4);;(6, 9);3;1;130
;(6, 4);;(6, 9);3;1;131
;(6, 4);;(6, 9);3;1;132
;(6, 4);;(6, 9);3;1;133
MoveNorth;(6, 3);;(6, 9);3;1;134
;(6, 3);;(6, 9);3;1;135
;(6, 3);;(6, 9);3;1;136
MoveEast;(7, 3);;(6, 9);3;1;137
;(7, 3);;(6, 9);3;1;138
;(7, 3);;(6, 9);3;1;139
;(7, 3);;(6, 9);3;1;140
MoveEast;(8, 3);;(6, 9);3;1;141
;(8, 3);;(6, 9);3;1;142
;(8, 3);;(6, 9);3;1;143
MoveEast;(9, 3);;(6, 9);3;1;144
;(9, 3);;(6, 9);3;1;145
;(9, 3);;(6, 9);3;1;146
;(9, 3);;(6, 9);3;1;147
MoveEast;(10, 3);;(6, 9);3;1;148
;(10, 3);;(6, 9);3;1;149
;(10, 3);;(6, 9);3;1;150
;(10, 3);;(6, 9);3;1;151
;(10, 3);;(6, 9);3;1;152
;(10, 3);;(6, 9);3;1;153
;(10, 3);;(6, 9);3;1;154
;(10, 3);;(6, 9);3;1;155
;(10, 3);;(6, 9);3;1;156
;(10, 3);;(6, 9);3;1;157
;(10, 3);;(6, 9);3;1;158
MoveWest;(9, 3);;(6, 9);3;1;159
;(9, 3);;(6, 9);3;1;160
;(9, 3);;(6, 9);3;1;161
;(9, 3);;(6, 9);3;1;162
;(9, 3);;(6, 9);3;1;163
DropObject;(9, 3);;(6, 9);3;1;164
;(9, 3);;(6, 9);3;1;165
;(9, 3);;(6, 9);3;1;166
;(9, 3);;(6, 9);3;1;167
;(9, 3);;(6, 9);3;1;168
;(9, 3);;(6, 9);3;1;169
;(9, 3);;(6, 9);3;1;170
;(9, 3);;(6, 9);3;1;171
;(9, 3);;(6, 9);3;1;172
;(9, 3);;(6, 9);3;1;173
;(9, 3);;(6, 9);3;1;174
;(9, 3);;(6, 9);3;1;175
;(9, 3);;(6, 9);3;1;176
;(9, 3);;(6, 9);3;1;177
;(9, 3);;(6, 9);3;1;178
;(9, 3);;(6, 9);3;1;179
;(9, 3);;(6, 9);3;1;180
;(9, 3);;(6, 9);3;1;181
;(9, 3);;(6, 9);3;1;182
;(9, 3);;(6, 9);3;1;183
;(9, 3);;(6, 9);3;1;184
;(9, 3);;(6, 9);3;1;185
;(9, 3);;(6, 9);3;1;186
;(9, 3);;(6, 9);3;1;187
;(9, 3);;(6, 9);3;1;188
;(9, 3);;(6, 9);3;1;189
;(9, 3);;(6, 9);3;1;190
;(9, 3);;(6, 9);3;1;191
;(9, 3);;(6, 9);3;1;192
;(9, 3);;(6, 9);3;1;193
;(9, 3);;(6, 9);3;1;194
;(9, 3);;(6, 9);3;1;195
;(9, 3);;(6, 9);3;1;196
;(9, 3);;(6, 9);3;1;197
;(9, 3);;(6, 9);3;1;198
;(9, 3);;(6, 9);3;1;199
;(9, 3);;(6, 9);3;1;200
;(9, 3);;(6, 9);3;1;201
;(9, 3);;(6, 9);3;1;202
;(9, 3);;(6, 9);3;1;203
;(9, 3);;(6, 9);3;1;204
;(9, 3);;(6, 9);3;1;205
;(9, 3);;(6, 9);3;1;206
;(9, 3);;(6, 9);3;1;207
;(9, 3);;(6, 9);3;1;208
;(9, 3);;(6, 9);3;1;209
;(9, 3);;(6, 9);3;1;210
;(9, 3);;(6, 9);3;1;211
;(9, 3);;(6, 9);3;1;212
;(9, 3);;(6, 9);3;1;213
;(9, 3);;(6, 9);3;1;214
;(9, 3);;(6, 9);3;1;215
;(9, 3);;(6, 9);3;1;216
;(9, 3);;(6, 9);3;1;217
;(9, 3);;(6, 9);3;1;218
;(9, 3);;(6, 9);3;1;219
;(9, 3);;(6, 9);3;1;220
;(9, 3);;(6, 9);3;1;221
;(9, 3);;(6, 9);3;1;222
;(9, 3);;(6, 9);3;1;223
;(9, 3);;(6, 9);3;1;224
;(9, 3);;(6, 9);3;1;225
;(9, 3);;(6, 9);3;1;226
;(9, 3);;(6, 9);3;1;227
;(9, 3);;(6, 9);3;1;228
;(9, 3);;(6, 9);3;1;229
;(9, 3);;(6, 9);3;1;230
;(9, 3);;(6, 9);3;1;231
;(9, 3);;(6, 9);3;1;232
;(9, 3);;(6, 9);3;1;233
;(9, 3);;(6, 9);3;1;234
;(9, 3);;(6, 9);3;1;235
;(9, 3);;(6, 9);3;1;236
;(9, 3);;(6, 9);3;1;237
;(9, 3);;(6, 9);3;1;238
;(9, 3);;(6, 9);3;1;239
;(9, 3);;(6, 9);3;1;240
;(9, 3);;(6, 9);3;1;241
;(9, 3);;(6, 9);3;1;242
;(9, 3);;(6, 9);3;1;243
;(9, 3);;(6, 9);3;1;244
;(9, 3);;(6, 9);3;1;245
;(9, 3);;(6, 9);3;1;246
;(9, 3);;(6, 9);3;1;247
;(9, 3);;(6, 9);3;1;248
;(9, 3);;(6, 9);3;1;249
;(9, 3);;(6, 9);3;1;250
;(9, 3);;(6, 9);3;1;251
;(9, 3);;(6, 9);3;1;252
;(9, 3);;(6, 9);3;1;253
;(9, 3);;(6, 9);3;1;254
;(9, 3);;(6, 9);3;1;255
;(9, 3);;(6, 9);3;1;256
;(9, 3);;(6, 9);3;1;257
;(9, 3);;(6, 9);3;1;258
;(9, 3);;(6, 9);3;1;259
;(9, 3);;(6, 9);3;1;260
;(9, 3);;(6, 9);3;1;261
;(9, 3);;(6, 9);3;1;262
;(9, 3);;(6, 9);3;1;263
;(9, 3);;(6, 9);3;1;264
;(9, 3);;(6, 9);3;1;265
;(9, 3);;(6, 9);3;1;266
;(9, 3);;(6, 9);3;1;267
;(9, 3);;(6, 9);3;1;268
;(9, 3);;(6, 9);3;1;269
;(9, 3);;(6, 9);3;1;270
;(9, 3);;(6, 9);3;1;271
;(9, 3);;(6, 9);3;1;272
;(9, 3);;(6, 9);3;1;273
;(9, 3);;(6, 9);3;1;274
;(9, 3);;(6, 9);3;1;275
;(9, 3);;(6, 9);3;1;276
;(9, 3);;(6, 9);3;1;277
;(9, 3);;(6, 9);3;1;278
;(9, 3);;(6, 9);3;1;279
;(9, 3);;(6, 9);3;1;280
;(9, 3);;(6, 9);3;1;281
;(9, 3);;(6, 9);3;1;282
;(9, 3);;(6, 9);3;1;283
;(9, 3);;(6, 9);3;1;284
;(9, 3);;(6, 9);3;1;285
;(9, 3);;(6, 9);3;1;286
;(9, 3);;(6, 9);3;1;287
;(9, 3);;(6, 9);3;1;288
;(9, 3);;(6, 9);3;1;289
;(9, 3);;(6, 9);3;1;290
;(9, 3);;(6, 9);3;1;291
;(9, 3);;(6, 9);3;1;292
;(9, 3);;(6, 9);3;1;293
;(9, 3);;(6, 9);3;1;294
;(9, 3);;(6, 9);3;1;295
;(9, 3);;(6, 9);3;1;296
;(9, 3);;(6, 9);3;1;297
;(9, 3);;(6, 9);3;1;298
;(9, 3);;(6, 9);3;1;299
;(9, 3);;(6, 9);3;1;300
;(9, 3);;(6, 9);3;1;301
;(9, 3);;(6, 9);3;1;302
;(9, 3);;(6, 9);3;1;303
;(9, 3);;(6, 9);3;1;304
;(9, 3);;(6, 9);3;1;305
;(9, 3);;(6, 9);3;1;306
;(9, 3);;(6, 9);3;1;307
;(9, 3);;(6, 9);3;1;308
;(9, 3);;(6, 9);3;1;309
;(9, 3);;(6, 9);3;1;310
;(9, 3);;(6, 9);3;1;311
;(9, 3);;(6, 9);3;1;312
;(9, 3);;(6, 9);3;1;313
;(9, 3);;(6, 9);3;1;314
;(9, 3);;(6, 9);3;1;315
;(9, 3);;(6, 9);3;1;316
;(9, 3);;(6, 9);3;1;317
;(9, 3);;(6, 9);3;1;318
;(9, 3);;(6, 9);3;1;319
;(9, 3);;(6, 9);3;1;320
;(9, 3);;(6, 9);3;1;321
;(9, 3);;(6, 9);3;1;322
;(9, 3);;(6, 9);3;1;323
;(9, 3);;(6, 9);3;1;324
;(9, 3);;(6, 9);3;1;325
;(9, 3);;(6, 9);3;1;326
;(9, 3);;(6, 9);3;1;327
;(9, 3);;(6, 9);3;1;328
;(9, 3);;(6, 9);3;1;329
;(9, 3);;(6, 9);3;1;330
;(9, 3);;(6, 9);3;1;331
;(9, 3);;(6, 9);3;1;332
;(9, 3);;(6, 9);3;1;333
;(9, 3);;(6, 9);3;1;334
;(9, 3);;(6, 9);3;1;335
;(9, 3);;(6, 9);3;1;336
;(9, 3);;(6, 9);3;1;337
;(9, 3);;(6, 9);3;1;338
;(9, 3);;(6, 9);3;1;339
;(9, 3);;(6, 9);3;1;340
;(9, 3);;(6, 9);3;1;341
;(9, 3);;(6, 9);3;1;342
;(9, 3);;(6, 9);3;1;343
;(9, 3);;(6, 9);3;1;344
;(9, 3);;(6, 9);3;1;345
;(9, 3);;(6, 9);3;1;346
;(9, 3);;(6, 9);3;1;347
;(9, 3);;(6, 9);3;1;348
;(9, 3);;(6, 9);3;1;349
;(9, 3);;(6, 9);3;1;350
;(9, 3);;(6, 9);3;1;351
;(9, 3);;(6, 9);3;1;352
;(9, 3);;(6, 9);3;1;353
;(9, 3);;(6, 9);3;1;354
;(9, 3);;(6, 9);3;1;355
;(9, 3);;(6, 9);3;1;356
;(9, 3);;(6, 9);3;1;357
;(9, 3);;(6, 9);3;1;358
;(9, 3);;(6, 9);3;1;359
;(9, 3);;(6, 9);3;1;360
;(9, 3);;(6, 9);3;1;361
;(9, 3);;(6, 9);3;1;362
;(9, 3);;(6, 9);3;1;363
;(9, 3);;(6, 9);3;1;364
;(9, 3);;(6, 9);3;1;365
;(9, 3);;(6, 9);3;1;366
;(9, 3);;(6, 9);3;1;367
;(9, 3);;(6, 9);3;1;368
;(9, 3);;(6, 9);3;1;369
;(9, 3);;(6, 9);3;1;370
;(9, 3);;(6, 9);3;1;371
;(9, 3);;(6, 9);3;1;372
;(9, 3);;(6, 9);3;1;373
;(9, 3);;(6, 9);3;1;374
;(9, 3);;(6, 9);3;1;375
;(9, 3);;(6, 9);3;1;376
;(9, 3);;(6, 9);3;1;377
;(9, 3);;(6, 9);3;1;378
;(9, 3);;(6, 9);3;1;379
;(9, 3);;(6, 9);3;1;380
;(9, 3);;(6, 9);3;1;381
;(9, 3);;(6, 9);3;1;382
;(9, 3);;(6, 9);3;1;383
;(9, 3);MoveWest;(6, 9);3;1;384
;(9, 3);MoveWest;(6, 9);3;1;385
;(9, 3);MoveWest;(6, 9);3;1;386
;(9, 3);MoveWest;(6, 9);3;1;387
;(9, 3);MoveWest;(6, 9);3;1;388
;(9, 3);MoveWest;(6, 9);3;1;389
;(9, 3);MoveWest;(6, 9);3;1;390
;(9, 3);MoveWest;(6, 9);3;1;391
;(9, 3);MoveWest;(6, 9);3;1;392
;(9, 3);MoveWest;(6, 9);3;1;393
;(9, 3);MoveWest;(5, 9);3;1;394
;(9, 3);MoveNorthWest;(5, 9);3;1;395
;(9, 3);MoveNorthWest;(5, 9);3;1;396
;(9, 3);MoveNorthWest;(5, 9);3;1;397
;(9, 3);MoveNorthWest;(5, 9);3;1;398
;(9, 3);MoveNorthWest;(5, 9);3;1;399
;(9, 3);MoveNorthWest;(5, 9);3;1;400
;(9, 3);MoveNorthWest;(5, 9);3;1;401
;(9, 3);MoveNorthWest;(5, 9);3;1;402
;(9, 3);MoveNorthWest;(5, 9);3;1;403
;(9, 3);MoveNorthWest;(5, 9);3;1;404
;(9, 3);MoveNorthWest;(4, 8);3;1;405
;(9, 3);MoveWest;(4, 8);3;1;406
;(9, 3);MoveWest;(4, 8);3;1;407
;(9, 3);MoveWest;(4, 8);3;1;408
;(9, 3);MoveWest;(4, 8);3;1;409
;(9, 3);MoveWest;(4, 8);3;1;410
;(9, 3);MoveWest;(4, 8);3;1;411
;(9, 3);MoveWest;(4, 8);3;1;412
;(9, 3);MoveWest;(4, 8);3;1;413
;(9, 3);MoveWest;(4, 8);3;1;414
;(9, 3);MoveWest;(4, 8);3;1;415
;(9, 3);MoveWest;(3, 8);3;1;416
;(9, 3);MoveNorthWest;(3, 8);3;1;417
;(9, 3);MoveNorthWest;(3, 8);3;1;418
;(9, 3);MoveNorthWest;(3, 8);3;1;419
;(9, 3);MoveNorthWest;(3, 8);3;1;420
;(9, 3);MoveNorthWest;(3, 8);3;1;421
;(9, 3);MoveNorthWest;(3, 8);3;1;422
;(9, 3);MoveNorthWest;(3, 8);3;1;423
;(9, 3);MoveNorthWest;(3, 8);3;1;424
;(9, 3);MoveNorthWest;(3, 8);3;1;425
;(9, 3);MoveNorthWest;(3, 8);3;1;426
;(9, 3);MoveNorthWest;(2, 7);3;1;427
;(9, 3);MoveWest;(2, 7);3;1;428
;(9, 3);MoveWest;(2, 7);3;1;429
;(9, 3);MoveWest;(2, 7);3;1;430
;(9, 3);MoveWest;(2, 7);3;1;431
;(9, 3);MoveWest;(2, 7);3;1;432
;(9, 3);MoveWest;(2, 7);3;1;433
;(9, 3);MoveWest;(2, 7);3;1;434
;(9, 3);MoveWest;(2, 7);3;1;435
;(9, 3);MoveWest;(2, 7);3;1;436
;(9, 3);MoveWest;(2, 7);3;1;437
;(9, 3);MoveWest;(1, 7);3;1;438
;(9, 3);DropLargeObject;(1, 7);3;1;439
;(9, 3);DropLargeObject;(1, 7);3;1;440
;(9, 3);DropLargeObject;(1, 7);3;1;441
;(9, 3);DropLargeObject;(1, 7);3;1;442
;(9, 3);DropLargeObject;(1, 7);3;1;443
;(9, 3);DropLargeObject;(1, 7);3;1;444
;(9, 3);DropLargeObject;(1, 7);3;1;445
;(9, 3);DropLargeObject;(1, 7);3;1;446
;(9, 3);DropLargeObject;(1, 7);3;1;447
;(9, 3);DropLargeObject;(1, 7);3;1;448
;(9, 3);DropLargeObject;(1, 7);3;1;449
;(9, 3);;(1, 7);3;1;450
;(9, 3);;(1, 7);3;1;451
;(9, 3);;(1, 7);3;1;452
;(9, 3);;(1, 7);3;1;453
;(9, 3);;(1, 7);3;1;454
;(9, 3);;(1, 7);3;1;455
;(9, 3);;(1, 7);3;1;456
;(9, 3);;(1, 7);3;1;457
;(9, 3);;(1, 7);3;1;458
;(9, 3);;(1, 7);3;1;459
;(9, 3);;(1, 7);3;1;460
;(9, 3);;(1, 7);3;1;461
;(9, 3);;(1, 7);3;1;462
;(9, 3);;(1, 7);3;1;463
;(9, 3);;(1, 7);3;1;464
;(9, 3);;(1, 7);3;1;465
;(9, 3);;(1, 7);3;1;466
;(9, 3);;(1, 7);3;1;467
;(9, 3);;(1, 7);3;1;468
;(9, 3);;(1, 7);3;1;469
;(9, 3);;(1, 7);3;1;470
;(9, 3);;(1, 7);3;1;471
;(9, 3);;(1, 7);3;1;472
;(9, 3);;(1, 7);3;1;473
;(9, 3);;(1, 7);3;1;474
;(9, 3);;(1, 7);3;1;475
;(9, 3);;(1, 7);3;1;476
;(9, 3);;(1, 7);3;1;477
;(9, 3);;(1, 7);3;1;478
;(9, 3);;(1, 7);3;1;479
;(9, 3);;(1, 7);3;1;480
;(9, 3);;(1, 7);3;1;481
;(9, 3);;(1, 7);3;1;482
;(9, 3);;(1, 7);3;1;483
;(9, 3);;(1, 7);3;1;484
;(9, 3);;(1, 7);3;1;485
;(9, 3);;(1, 7);3;1;486
;(9, 3);;(1, 7);3;1;487
;(9, 3);;(1, 7);3;1;488
;(9, 3);;(1, 7);3;1;489
;(9, 3);;(1, 7);3;1;490
;(9, 3);;(1, 7);3;1;491
;(9, 3);;(1, 7);3;1;492
;(9, 3);;(1, 7);3;1;493
;(9, 3);;(1, 7);3;1;494
;(9, 3);;(1, 7);3;1;495
;(9, 3);;(1, 7);3;1;496
;(9, 3);;(1, 7);3;1;497
MoveEast;(10, 3);;(1, 7);3;1;498
;(10, 3);;(1, 7);3;1;499
;(10, 3);;(1, 7);3;1;500
;(10, 3);;(1, 7);3;1;501
;(10, 3);;(1, 7);3;1;502
;(10, 3);;(1, 7);3;1;503
;(10, 3);;(1, 7);3;1;504
;(10, 3);;(1, 7);3;1;505
;(10, 3);;(1, 7);3;1;506
MoveWest;(9, 3);;(1, 7);3;1;507
;(9, 3);;(1, 7);3;1;508
;(9, 3);;(1, 7);3;1;509
;(9, 3);;(1, 7);3;1;510
;(9, 3);;(1, 7);3;1;511
;(9, 3);;(1, 7);3;1;512
;(9, 3);;(1, 7);3;1;513
;(9, 3);;(1, 7);3;1;514
;(9, 3);;(1, 7);3;1;515
;(9, 3);;(1, 7);3;1;516
;(9, 3);;(1, 7);3;1;517
;(9, 3);;(1, 7);3;1;518
;(9, 3);;(1, 7);3;1;519
;(9, 3);;(1, 7);3;1;520
GrabObject;(9, 3);;(1, 7);3;1;521
;(9, 3);;(1, 7);3;1;522
;(9, 3);;(1, 7);3;1;523
;(9, 3);;(1, 7);3;1;524
MoveWest;(8, 3);;(1, 7);3;1;525
;(8, 3);;(1, 7);3;1;526
;(8, 3);;(1, 7);3;1;527
;(8, 3);;(1, 7);3;1;528
MoveWest;(7, 3);;(1, 7);3;1;529
;(7, 3);;(1, 7);3;1;530
;(7, 3);;(1, 7);3;1;531
;(7, 3);;(1, 7);3;1;532
MoveSouth;(7, 4);;(1, 7);3;1;533
;(7, 4);;(1, 7);3;1;534
;(7, 4);;(1, 7);3;1;535
;(7, 4);;(1, 7);3;1;536
MoveSouth;(7, 5);;(1, 7);3;1;537
;(7, 5);;(1, 7);3;1;538
;(7, 5);;(1, 7);3;1;539
MoveWest;(6, 5);;(1, 7);3;1;540
;(6, 5);;(1, 7);3;1;541
;(6, 5);;(1, 7);3;1;542
MoveWest;(5, 5);;(1, 7);3;1;543
;(5, 5);;(1, 7);3;1;544
;(5, 5);;(1, 7);3;1;545
MoveWest;(4, 5);;(1, 7);3;1;546
;(4, 5);;(1, 7);3;1;547
;(4, 5);;(1, 7);3;1;548
;(4, 5);;(1, 7);3;1;549
;(4, 5);;(1, 7);3;1;550
MoveSouth;(4, 6);;(1, 7);3;1;551
;(4, 6);;(1, 7);3;1;552
;(4, 6);;(1, 7);3;1;553
MoveSouth;(4, 7);;(1, 7);3;1;554
;(4, 7);;(1, 7);3;1;555
;(4, 7);;(1, 7);3;1;556
;(4, 7);;(1, 7);3;1;557
MoveSouth;(4, 8);;(1, 7);3;1;558
;(4, 8);;(1, 7);3;1;559
;(4, 8);;(1, 7);3;1;560
;(4, 8);;(1, 7);3;1;561
;(4, 8);;(1, 7);3;1;562
DropObject;(4, 8);;(1, 7);3;1;563
;(4, 8);;(1, 7);3;1;564
;(4, 8);;(1, 7);3;1;565
;(4, 8);;(1, 7);3;1;566
;(4, 8);;(1, 7);3;1;567
;(4, 8);;(1, 7);3;1;568
;(4, 8);;(1, 7);3;1;569
MoveNorth;(4, 7);;(1, 7);3;1;570
;(4, 7);;(1, 7);3;1;571
;(4, 7);;(1, 7);3;1;572
;(4, 7);;(1, 7);3;1;573
MoveNorth;(4, 6);;(1, 7);3;1;574
;(4, 6);;(1, 7);3;1;575
;(4, 6);;(1, 7);3;1;576
;(4, 6);;(1, 7);3;1;577
;(4, 6);;(1, 7);3;1;578
;(4, 6);;(1, 7);3;1;579
MoveNorth;(4, 5);;(1, 7);3;1;580
;(4, 5);;(1, 7);3;1;581
;(4, 5);;(1, 7);3;1;582
;(4, 5);;(1, 7);3;1;583
;(4, 5);;(1, 7);3;1;584
MoveEast;(5, 5);;(1, 7);3;1;585
;(5, 5);;(1, 7);3;1;586
;(5, 5);;(1, 7);3;1;587
;(5, 5);;(1, 7);3;1;588
;(5, 5);;(1, 7);3;1;589
;(5, 5);;(1, 7);3;1;590
;(5, 5);;(1, 7);3;1;591
;(5, 5);;(1, 7);3;1;592
;(5, 5);;(1, 7);3;1;593
;(5, 5);;(1, 7);3;1;594
;(5, 5);;(1, 7);3;1;595
MoveEast;(6, 5);;(1, 7);3;1;596
;(6, 5);;(1, 7);3;1;597
;(6, 5);;(1, 7);3;1;598
;(6, 5);;(1, 7);3;1;599
;(6, 5);;(1, 7);3;1;600
;(6, 5);;(1, 7);3;1;601
;(6, 5);;(1, 7);3;1;602
;(6, 5);;(1, 7);3;1;603
MoveNorth;(6, 4);;(1, 7);3;1;604
;(6, 4);;(1, 7);3;1;605
;(6, 4);;(1, 7);3;1;606
;(6, 4);;(1, 7);3;1;607
;(6, 4);;(1, 7);3;1;608
;(6, 4);;(1, 7);3;1;609
MoveEast;(7, 4);;(1, 7);3;1;610
;(7, 4);;(1, 7);3;1;611
;(7, 4);;(1, 7);3;1;612
;(7, 4);;(1, 7);3;1;613
;(7, 4);;(1, 7);3;1;614
;(7, 4);;(1, 7);3;1;615
;(7, 4);;(1, 7);3;1;616
MoveEast;(8, 4);;(1, 7);3;1;617
;(8, 4);;(1, 7);3;1;618
;(8, 4);;(1, 7);3;1;619
;(8, 4);;(1, 7);3;1;620
;(8, 4);;(1, 7);3;1;621
;(8, 4);;(1, 7);3;1;622
MoveEast;(9, 4);;(1, 7);3;1;623
;(9, 4);;(1, 7);3;1;624
;(9, 4);;(1, 7);3;1;625
;(9, 4);;(1, 7);3;1;626
;(9, 4);;(1, 7);3;1;627
MoveEast;(10, 4);;(1, 7);3;1;628
;(10, 4);;(1, 7);3;1;629
;(10, 4);;(1, 7);3;1;630
;(10, 4);;(1, 7);3;1;631
;(10, 4);;(1, 7);3;1;632
;(10, 4);;(1, 7);3;1;633
;(10, 4);;(1, 7);3;1;634
MoveEast;(11, 4);;(1, 7);3;1;635
;(11, 4);;(1, 7);3;1;636
;(11, 4);;(1, 7);3;1;637
;(11, 4);;(1, 7);3;1;638
;(11, 4);;(1, 7);3;1;639
GrabObject;(11, 4);;(1, 7);3;1;640
;(11, 4);;(1, 7);3;1;641
;(11, 4);;(1, 7);3;1;642
;(11, 4);;(1, 7);3;1;643
;(11, 4);;(1, 7);3;1;644
;(11, 4);;(1, 7);3;1;645
;(11, 4);;(1, 7);3;1;646
;(11, 4);;(1, 7);3;1;647
;(11, 4);;(1, 7);3;1;648
;(11, 4);;(1, 7);3;1;649
;(11, 4);;(1, 7);3;1;650
;(11, 4);;(1, 7);3;1;651
;(11, 4);;(1, 7);3;1;652
;(11, 4);;(1, 7);3;1;653
;(11, 4);;(1, 7);3;1;654
;(11, 4);;(1, 7);3;1;655
;(11, 4);;(1, 7);3;1;656
;(11, 4);;(1, 7);3;1;657
;(11, 4);;(1, 7);3;1;658
;(11, 4);;(1, 7);3;1;659
;(11, 4);;(1, 7);3;1;660
MoveSouth;(11, 5);;(1, 7);3;1;661
;(11, 5);;(1, 7);3;1;662
;(11, 5);;(1, 7);3;1;663
;(11, 5);;(1, 7);3;1;664
;(11, 5);;(1, 7);3;1;665
;(11, 5);;(1, 7);3;1;666
;(11, 5);;(1, 7);3;1;667
;(11, 5);;(1, 7);3;1;668
;(11, 5);;(1, 7);3;1;669
;(11, 5);;(1, 7);3;1;670
;(11, 5);;(1, 7);3;1;671
;(11, 5);;(1, 7);3;1;672
MoveEast;(12, 5);;(1, 7);3;1;673
;(12, 5);;(1, 7);3;1;674
;(12, 5);;(1, 7);3;1;675
MoveSouth;(12, 6);;(1, 7);3;1;676
;(12, 6);;(1, 7);3;1;677
;(12, 6);;(1, 7);3;1;678
;(12, 6);;(1, 7);3;1;679
;(12, 6);;(1, 7);3;1;680
MoveSouth;(12, 7);;(1, 7);3;1;681
;(12, 7);;(1, 7);3;1;682
;(12, 7);;(1, 7);3;1;683
;(12, 7);;(1, 7);3;1;684
;(12, 7);;(1, 7);3;1;685
MoveSouth;(12, 8);;(1, 7);3;1;686
;(12, 8);;(1, 7);3;1;687
;(12, 8);;(1, 7);3;1;688
;(12, 8);;(1, 7);3;1;689
;(12, 8);;(1, 7);3;1;690
;(12, 8);;(1, 7);3;1;691
MoveEast;(13, 8);;(1, 7);3;1;692
;(13, 8);;(1, 7);3;1;693
;(13, 8);;(1, 7);3;1;694
;(13, 8);;(1, 7);3;1;695
;(13, 8);;(1, 7);3;1;696
;(13, 8);;(1, 7);3;1;697
;(13, 8);;(1, 7);3;1;698
;(13, 8);;(1, 7);3;1;699
;(13, 8);;(1, 7);3;1;700
GrabObject;(13, 8);;(1, 7);3;1;701
;(13, 8);;(1, 7);3;1;702
;(13, 8);;(1, 7);3;1;703
;(13, 8);;(1, 7);3;1;704
;(13, 8);;(1, 7);3;1;705
;(13, 8);;(1, 7);3;1;706
;(13, 8);;(1, 7);3;1;707
;(13, 8);;(1, 7);3;1;708
;(13, 8);;(1, 7);3;1;709
;(13, 8);;(1, 7);3;1;710
;(13, 8);;(1, 7);3;1;711
;(13, 8);;(1, 7);3;1;712
;(13, 8);;(1, 7);3;1;713
;(13, 8);;(1, 7);3;1;714
;(13, 8);;(1, 7);3;1;715
;(13, 8);;(1, 7);3;1;716
;(13, 8);;(1, 7);3;1;717
;(13, 8);;(1, 7);3;1;718
;(13, 8);;(1, 7);3;1;719
;(13, 8);;(1, 7);3;1;720
;(13, 8);;(1, 7);3;1;721
;(13, 8);;(1, 7);3;1;722
;(13, 8);;(1, 7);3;1;723
;(13, 8);;(1, 7);3;1;724
;(13, 8);;(1, 7);3;1;725
;(13, 8);;(1, 7);3;1;726
;(13, 8);;(1, 7);3;1;727
;(13, 8);;(1, 7);3;1;728
;(13, 8);;(1, 7);3;1;729
;(13, 8);;(1, 7);3;1;730
;(13, 8);;(1, 7);3;1;731
;(13, 8);;(1, 7);3;1;732
;(13, 8);;(1, 7);3;1;733
;(13, 8);;(1, 7);3;1;734
;(13, 8);;(1, 7);3;1;735
MoveNorth;(13, 7);;(1, 7);3;1;736
;(13, 7);;(1, 7);3;1;737
;(13, 7);;(1, 7);3;1;738
;(13, 7);;(1, 7);3;1;739
;(13, 7);;(1, 7);3;1;740
;(13, 7);;(1, 7);3;1;741
;(13, 7);;(1, 7);3;1;742
;(13, 7);;(1, 7);3;1;743
;(13, 7);;(1, 7);3;1;744
;(13, 7);;(1, 7);3;1;745
;(13, 7);;(1, 7);3;1;746
;(13, 7);;(1, 7);3;1;747
;(13, 7);;(1, 7);3;1;748
;(13, 7);;(1, 7);3;1;749
;(13, 7);;(1, 7);3;1;750
;(13, 7);;(1, 7);3;1;751
;(13, 7);;(1, 7);3;1;752
;(13, 7);;(1, 7);3;1;753
;(13, 7);;(1, 7);3;1;754
;(13, 7);;(1, 7);3;1;755
;(13, 7);;(1, 7);3;1;756
;(13, 7);;(1, 7);3;1;757
;(13, 7);;(1, 7);3;1;758
;(13, 7);;(1, 7);3;1;759
;(13, 7);;(1, 7);3;1;760
;(13, 7);;(1, 7);3;1;761
;(13, 7);;(1, 7);3;1;762
;(13, 7);;(1, 7);3;1;763
;(13, 7);;(1, 7);3;1;764
;(13, 7);;(1, 7);3;1;765
;(13, 7);;(1, 7);3;1;766
;(13, 7);;(1, 7);3;1;767
;(13, 7);;(1, 7);3;1;768
;(13, 7);;(1, 7);3;1;769
;(13, 7);;(1, 7);3;1;770
;(13, 7);;(1, 7);3;1;771
MoveSouth;(13, 8);;(1, 7);3;1;772
;(13, 8);;(1, 7);3;1;773
;(13, 8);;(1, 7);3;1;774
;(13, 8);;(1, 7);3;1;775
;(13, 8);;(1, 7);3;1;776
;(13, 8);;(1, 7);3;1;777
;(13, 8);;(1, 7);3;1;778
;(13, 8);;(1, 7);3;1;779
;(13, 8);;(1, 7);3;1;780
;(13, 8);;(1, 7);3;1;781
;(13, 8);;(1, 7);3;1;782
;(13, 8);;(1, 7);3;1;783
;(13, 8);;(1, 7);3;1;784
;(13, 8);;(1, 7);3;1;785
;(13, 8);;(1, 7);3;1;786
;(13, 8);;(1, 7);3;1;787
;(13, 8);;(1, 7);3;1;788
;(13, 8);;(1, 7);3;1;789
;(13, 8);;(1, 7);3;1;790
;(13, 8);;(1, 7);3;1;791
;(13, 8);;(1, 7);3;1;792
;(13, 8);;(1, 7);3;1;793
;(13, 8);;(1, 7);3;1;794
;(13, 8);;(1, 7);3;1;795
;(13, 8);;(1, 7);3;1;796
;(13, 8);;(1, 7);3;1;797
;(13, 8);;(1, 7);3;1;798
;(13, 8);;(1, 7);3;1;799
;(13, 8);;(1, 7);3;1;800
;(13, 8);;(1, 7);3;1;801
;(13, 8);;(1, 7);3;1;802
;(13, 8);;(1, 7);3;1;803
;(13, 8);;(1, 7);3;1;804
;(13, 8);;(1, 7);3;1;805
;(13, 8);;(1, 7);3;1;806
;(13, 8);;(1, 7);3;1;807
;(13, 8);;(1, 7);3;1;808
;(13, 8);;(1, 7);3;1;809
;(13, 8);;(1, 7);3;1;810
;(13, 8);;(1, 7);3;1;811
;(13, 8);;(1, 7);3;1;812
;(13, 8);;(1, 7);3;1;813
;(13, 8);;(1, 7);3;1;814
;(13, 8);;(1, 7);3;1;815
;(13, 8);;(1, 7);3;1;816
;(13, 8);;(1, 7);3;1;817
;(13, 8);;(1, 7);3;1;818
;(13, 8);;(1, 7);3;1;819
;(13, 8);;(1, 7);3;1;820
;(13, 8);;(1, 7);3;1;821
;(13, 8);;(1, 7);3;1;822
;(13, 8);;(1, 7);3;1;823
;(13, 8);;(1, 7);3;1;824
;(13, 8);;(1, 7);3;1;825
;(13, 8);;(1, 7);3;1;826
;(13, 8);;(1, 7);3;1;827
;(13, 8);;(1, 7);3;1;828
;(13, 8);;(1, 7);3;1;829
;(13, 8);;(1, 7);3;1;830
;(13, 8);;(1, 7);3;1;831
;(13, 8);;(1, 7);3;1;832
;(13, 8);;(1, 7);3;1;833
;(13, 8);;(1, 7);3;1;834
;(13, 8);;(1, 7);3;1;835
;(13, 8);;(1, 7);3;1;836
;(13, 8);;(1, 7);3;1;837
;(13, 8);;(1, 7);3;1;838
;(13, 8);;(1, 7);3;1;839
;(13, 8);;(1, 7);3;1;840
;(13, 8);;(1, 7);3;1;841
;(13, 8);;(1, 7);3;1;842
;(13, 8);;(1, 7);3;1;843
;(13, 8);;(1, 7);3;1;844
;(13, 8);;(1, 7);3;1;845
;(13, 8);;(1, 7);3;1;846
;(13, 8);;(1, 7);3;1;847
;(13, 8);;(1, 7);3;1;848
;(13, 8);;(1, 7);3;1;849
;(13, 8);;(1, 7);3;1;850
;(13, 8);;(1, 7);3;1;851
;(13, 8);;(1, 7);3;1;852
;(13, 8);;(1, 7);3;1;853
;(13, 8);;(1, 7);3;1;854
;(13, 8);;(1, 7);3;1;855
;(13, 8);;(1, 7);3;1;856
;(13, 8);;(1, 7);3;1;857
;(13, 8);;(1, 7);3;1;858
;(13, 8);;(1, 7);3;1;859
;(13, 8);;(1, 7);3;1;860
;(13, 8);;(1, 7);3;1;861
;(13, 8);;(1, 7);3;1;862
;(13, 8);;(1, 7);3;1;863
;(13, 8);;(1, 7);3;1;864
;(13, 8);;(1, 7);3;1;865
;(13, 8);;(1, 7);3;1;866
;(13, 8);;(1, 7);3;1;867
;(13, 8);;(1, 7);3;1;868
;(13, 8);;(1, 7);3;1;869
;(13, 8);;(1, 7);3;1;870
;(13, 8);;(1, 7);3;1;871
;(13, 8);;(1, 7);3;1;872
;(13, 8);;(1, 7);3;1;873
;(13, 8);;(1, 7);3;1;874
;(13, 8);;(1, 7);3;1;875
;(13, 8);;(1, 7);3;1;876
;(13, 8);;(1, 7);3;1;877
;(13, 8);;(1, 7);3;1;878
;(13, 8);;(1, 7);3;1;879
;(13, 8);;(1, 7);3;1;880
;(13, 8);;(1, 7);3;1;881
;(13, 8);;(1, 7);3;1;882
;(13, 8);;(1, 7);3;1;883
;(13, 8);;(1, 7);3;1;884
;(13, 8);;(1, 7);3;1;885
;(13, 8);;(1, 7);3;1;886
;(13, 8);;(1, 7);3;1;887
;(13, 8);;(1, 7);3;1;888
;(13, 8);;(1, 7);3;1;889
;(13, 8);;(1, 7);3;1;890
;(13, 8);;(1, 7);3;1;891
;(13, 8);;(1, 7);3;1;892
;(13, 8);;(1, 7);3;1;893
;(13, 8);;(1, 7);3;1;894
;(13, 8);;(1, 7);3;1;895
;(13, 8);;(1, 7);3;1;896
;(13, 8);;(1, 7);3;1;897
;(13, 8);;(1, 7);3;1;898
;(13, 8);;(1, 7);3;1;899
;(13, 8);;(1, 7);3;1;900
;(13, 8);;(1, 7);3;1;901
;(13, 8);;(1, 7);3;1;902
;(13, 8);;(1, 7);3;1;903
;(13, 8);;(1, 7);3;1;904
;(13, 8);;(1, 7);3;1;905
;(13, 8);;(1, 7);3;1;906
;(13, 8);;(1, 7);False;1;907
;(13, 8);MoveEast;(1, 7);False;1;908
;(13, 8);MoveEast;(1, 7);False;1;909
;(13, 8);MoveEast;(1, 7);False;1;910
;(13, 8);MoveEast;(1, 7);False;1;911
;(13, 8);MoveEast;(1, 7);False;1;912
;(13, 8);MoveEast;(1, 7);False;1;913
;(13, 8);MoveEast;(1, 7);False;1;914
;(13, 8);MoveEast;(1, 7);False;1;915
;(13, 8);MoveEast;(1, 7);False;1;916
;(13, 8);MoveEast;(1, 7);False;1;917
;(13, 8);MoveEast;(2, 7);False;1;918
;(13, 8);MoveEast;(2, 7);False;1;919
;(13, 8);MoveEast;(2, 7);False;1;920
;(13, 8);MoveEast;(2, 7);False;1;921
;(13, 8);MoveEast;(2, 7);False;1;922
;(13, 8);MoveEast;(2, 7);False;1;923
;(13, 8);MoveEast;(2, 7);False;1;924
;(13, 8);MoveEast;(2, 7);False;1;925
;(13, 8);MoveEast;(2, 7);False;1;926
;(13, 8);MoveEast;(2, 7);False;1;927
;(13, 8);MoveEast;(2, 7);False;1;928
;(13, 8);MoveEast;(3, 7);False;1;929
;(13, 8);MoveEast;(3, 7);False;1;930
;(13, 8);MoveEast;(3, 7);False;1;931
;(13, 8);MoveEast;(3, 7);False;1;932
;(13, 8);MoveEast;(3, 7);False;1;933
;(13, 8);MoveEast;(3, 7);False;1;934
;(13, 8);MoveEast;(3, 7);False;1;935
;(13, 8);MoveEast;(3, 7);False;1;936
;(13, 8);MoveEast;(3, 7);False;1;937
;(13, 8);MoveEast;(3, 7);False;1;938
;(13, 8);MoveEast;(3, 7);False;1;939
;(13, 8);MoveEast;(4, 7);False;1;940
;(13, 8);MoveEast;(4, 7);False;1;941
;(13, 8);MoveEast;(4, 7);False;1;942
;(13, 8);MoveEast;(4, 7);False;1;943
;(13, 8);MoveEast;(4, 7);False;1;944
;(13, 8);MoveEast;(4, 7);False;1;945
;(13, 8);MoveEast;(4, 7);False;1;946
;(13, 8);MoveEast;(4, 7);False;1;947
;(13, 8);MoveEast;(4, 7);False;1;948
;(13, 8);MoveEast;(4, 7);False;1;949
;(13, 8);MoveEast;(4, 7);False;1;950
;(13, 8);MoveEast;(5, 7);False;1;951
;(13, 8);;(5, 7);False;1;952
;(13, 8);;(5, 7);Label;1;953
;(13, 8);;(5, 7);Label;1;954
;(13, 8);;(5, 7);Label;1;955
;(13, 8);;(5, 7);Label;1;956
;(13, 8);;(5, 7);Label;1;957
;(13, 8);;(5, 7);Label;1;958
;(13, 8);;(5, 7);Label;1;959
;(13, 8);;(5, 7);Label;1;960
;(13, 8);;(5, 7);Label;1;961
;(13, 8);;(5, 7);Label;1;962
;(13, 8);;(5, 7);Label;1;963
;(13, 8);;(5, 7);Label;1;964
;(13, 8);;(5, 7);Label;1;965
;(13, 8);;(5, 7);Label;1;966
;(13, 8);;(5, 7);Label;1;967
;(13, 8);;(5, 7);Label;1;968
;(13, 8);;(5, 7);Label;1;969
;(13, 8);;(5, 7);Label;1;970
;(13, 8);;(5, 7);Label;1;971
;(13, 8);;(5, 7);Label;1;972
;(13, 8);;(5, 7);Label;1;973
;(13, 8);;(5, 7);Label;1;974
;(13, 8);;(5, 7);Label;1;975
;(13, 8);;(5, 7);Label;1;976
;(13, 8);;(5, 7);Label;1;977
;(13, 8);;(5, 7);Label;1;978
;(13, 8);;(5, 7);Label;1;979
;(13, 8);;(5, 7);Label;1;980
;(13, 8);;(5, 7);Label;1;981
;(13, 8);;(5, 7);Label;1;982
;(13, 8);;(5, 7);Label;1;983
;(13, 8);;(5, 7);Label;1;984
;(13, 8);;(5, 7);Label;1;985
;(13, 8);;(5, 7);Label;1;986
;(13, 8);;(5, 7);Label;1;987
;(13, 8);;(5, 7);Label;1;988
;(13, 8);;(5, 7);Label;1;989
;(13, 8);;(5, 7);Label;1;990
;(13, 8);;(5, 7);Label;1;991
;(13, 8);;(5, 7);Label;1;992
;(13, 8);;(5, 7);Label;1;993
;(13, 8);;(5, 7);Label;1;994
;(13, 8);;(5, 7);Label;1;995
;(13, 8);;(5, 7);Label;1;996
;(13, 8);;(5, 7);Label;1;997
;(13, 8);;(5, 7);Label;1;998
;(13, 8);;(5, 7);Label;1;999
;(13, 8);;(5, 7);Label;1;1000
;(13, 8);;(5, 7);Label;1;1001
;(13, 8);;(5, 7);Label;1;1002
;(13, 8);;(5, 7);Label;1;1003
;(13, 8);;(5, 7);Label;1;1004
;(13, 8);;(5, 7);Label;1;1005
;(13, 8);;(5, 7);Label;1;1006
;(13, 8);;(5, 7);Label;1;1007
;(13, 8);;(5, 7);Label;1;1008
;(13, 8);;(5, 7);Label;1;1009
;(13, 8);;(5, 7);Label;1;1010
;(13, 8);;(5, 7);Label;1;1011
;(13, 8);;(5, 7);Label;1;1012
;(13, 8);;(5, 7);Label;1;1013
;(13, 8);;(5, 7);Label;1;1014
;(13, 8);;(5, 7);Label;1;1015
;(13, 8);;(5, 7);Label;1;1016
;(13, 8);;(5, 7);Label;1;1017
;(13, 8);;(5, 7);Label;1;1018
;(13, 8);;(5, 7);Label;1;1019
;(13, 8);;(5, 7);Label;1;1020
;(13, 8);;(5, 7);Label;1;1021
;(13, 8);;(5, 7);Label;1;1022
;(13, 8);;(5, 7);Label;1;1023
;(13, 8);;(5, 7);Label;1;1024
;(13, 8);;(5, 7);Label;1;1025
;(13, 8);;(5, 7);Label;1;1026
;(13, 8);;(5, 7);Label;1;1027
;(13, 8);;(5, 7);Label;1;1028
;(13, 8);;(5, 7);Label;1;1029
;(13, 8);;(5, 7);Label;1;1030
;(13, 8);;(5, 7);Label;1;1031
;(13, 8);;(5, 7);Label;1;1032
;(13, 8);;(5, 7);Label;1;1033
;(13, 8);;(5, 7);Label;1;1034
;(13, 8);;(5, 7);Label;1;1035
;(13, 8);;(5, 7);Label;1;1036
;(13, 8);;(5, 7);Label;1;1037
;(13, 8);;(5, 7);Label;1;1038
;(13, 8);;(5, 7);Label;1;1039
;(13, 8);;(5, 7);Label;1;1040
;(13, 8);;(5, 7);Label;1;1041
;(13, 8);;(5, 7);Label;1;1042
;(13, 8);;(5, 7);Label;1;1043
;(13, 8);;(5, 7);Label;1;1044
;(13, 8);;(5, 7);Label;1;1045
;(13, 8);;(5, 7);Label;1;1046
;(13, 8);;(5, 7);Label;1;1047
;(13, 8);;(5, 7);Label;1;1048
;(13, 8);;(5, 7);Label;1;1049
;(13, 8);;(5, 7);Label;1;1050
;(13, 8);;(5, 7);Label;1;1051
;(13, 8);;(5, 7);Label;1;1052
;(13, 8);;(5, 7);Label;1;1053
;(13, 8);;(5, 7);Label;1;1054
;(13, 8);;(5, 7);Label;1;1055
;(13, 8);;(5, 7);Label;1;1056
;(13, 8);;(5, 7);Label;1;1057
;(13, 8);;(5, 7);Label;1;1058
;(13, 8);;(5, 7);Label;1;1059
;(13, 8);;(5, 7);Label;1;1060
;(13, 8);;(5, 7);Label;1;1061
;(13, 8);;(5, 7);Label;1;1062
;(13, 8);;(5, 7);Label;1;1063
;(13, 8);;(5, 7);Label;1;1064
;(13, 8);;(5, 7);Label;1;1065
;(13, 8);;(5, 7);Label;1;1066
;(13, 8);;(5, 7);Label;1;1067
;(13, 8);;(5, 7);Label;1;1068
;(13, 8);;(5, 7);Label;1;1069
;(13, 8);;(5, 7);Label;1;1070
;(13, 8);;(5, 7);Label;1;1071
;(13, 8);;(5, 7);Label;1;1072
;(13, 8);;(5, 7);Label;1;1073
;(13, 8);;(5, 7);Label;1;1074
;(13, 8);;(5, 7);Label;1;1075
;(13, 8);;(5, 7);Label;1;1076
;(13, 8);;(5, 7);Label;1;1077
;(13, 8);;(5, 7);Label;1;1078
;(13, 8);;(5, 7);Label;1;1079
;(13, 8);;(5, 7);False;1;1080
;(13, 8);;(5, 7);brown rock;1;1081
;(13, 8);;(5, 7);brown rock;1;1082
;(13, 8);;(5, 7);brown rock;1;1083
;(13, 8);;(5, 7);brown rock;1;1084
;(13, 8);;(5, 7);brown rock;1;1085
;(13, 8);;(5, 7);brown rock;1;1086
;(13, 8);;(5, 7);brown rock;1;1087
;(13, 8);;(5, 7);brown rock;1;1088
;(13, 8);;(5, 7);brown rock;1;1089
;(13, 8);;(5, 7);brown rock;1;1090
;(13, 8);;(5, 7);brown rock;1;1091
;(13, 8);;(5, 7);brown rock;1;1092
;(13, 8);;(5, 7);brown rock;1;1093
;(13, 8);;(5, 7);brown rock;1;1094
;(13, 8);;(5, 7);brown rock;1;1095
;(13, 8);;(5, 7);brown rock;1;1096
;(13, 8);;(5, 7);brown rock;1;1097
;(13, 8);;(5, 7);brown rock;1;1098
;(13, 8);;(5, 7);brown rock;1;1099
;(13, 8);;(5, 7);brown rock;1;1100
;(13, 8);;(5, 7);brown rock;1;1101
;(13, 8);;(5, 7);brown rock;1;1102
;(13, 8);;(5, 7);brown rock;1;1103
;(13, 8);;(5, 7);brown rock;1;1104
;(13, 8);;(5, 7);brown rock;1;1105
;(13, 8);;(5, 7);brown rock;1;1106
;(13, 8);;(5, 7);brown rock;1;1107
;(13, 8);;(5, 7);brown rock;1;1108
;(13, 8);;(5, 7);brown rock;1;1109
;(13, 8);;(5, 7);brown rock;1;1110
;(13, 8);;(5, 7);brown rock;1;1111
;(13, 8);;(5, 7);brown rock;1;1112
;(13, 8);;(5, 7);brown rock;1;1113
;(13, 8);;(5, 7);brown rock;1;1114
;(13, 8);;(5, 7);brown rock;1;1115
;(13, 8);;(5, 7);brown rock;1;1116
;(13, 8);;(5, 7);brown rock;1;1117
;(13, 8);;(5, 7);brown rock;1;1118
;(13, 8);;(5, 7);brown rock;1;1119
;(13, 8);;(5, 7);brown rock;1;1120
;(13, 8);;(5, 7);brown rock;1;1121
;(13, 8);;(5, 7);brown rock;1;1122
;(13, 8);;(5, 7);brown rock;1;1123
;(13, 8);;(5, 7);brown rock;1;1124
;(13, 8);;(5, 7);brown rock;1;1125
;(13, 8);;(5, 7);brown rock;1;1126
;(13, 8);;(5, 7);brown rock;1;1127
;(13, 8);;(5, 7);brown rock;1;1128
;(13, 8);;(5, 7);brown rock;1;1129
;(13, 8);;(5, 7);brown rock;1;1130
;(13, 8);;(5, 7);brown rock;1;1131
;(13, 8);;(5, 7);brown rock;1;1132
;(13, 8);;(5, 7);brown rock;1;1133
;(13, 8);;(5, 7);brown rock;1;1134
;(13, 8);;(5, 7);brown rock;1;1135
;(13, 8);;(5, 7);brown rock;1;1136
;(13, 8);;(5, 7);brown rock;1;1137
;(13, 8);;(5, 7);brown rock;1;1138
;(13, 8);;(5, 7);brown rock;1;1139
;(13, 8);;(5, 7);brown rock;1;1140
;(13, 8);;(5, 7);brown rock;1;1141
MoveNorth;(13, 7);;(5, 7);brown rock;1;1142
;(13, 7);;(5, 7);brown rock;1;1143
;(13, 7);;(5, 7);brown rock;1;1144
;(13, 7);;(5, 7);brown rock;1;1145
;(13, 7);;(5, 7);brown rock;1;1146
;(13, 7);;(5, 7);brown rock;1;1147
;(13, 7);;(5, 7);brown rock;1;1148
MoveNorth;(13, 6);;(5, 7);brown rock;1;1149
;(13, 6);;(5, 7);brown rock;1;1150
;(13, 6);;(5, 7);brown rock;1;1151
;(13, 6);;(5, 7);brown rock;1;1152
;(13, 6);;(5, 7);brown rock;1;1153
MoveWest;(12, 6);;(5, 7);brown rock;1;1154
;(12, 6);;(5, 7);brown rock;1;1155
;(12, 6);;(5, 7);brown rock;1;1156
;(12, 6);;(5, 7);brown rock;1;1157
;(12, 6);;(5, 7);brown rock;1;1158
;(12, 6);;(5, 7);brown rock;1;1159
MoveNorth;(12, 5);;(5, 7);brown rock;1;1160
;(12, 5);;(5, 7);brown rock;1;1161
;(12, 5);;(5, 7);brown rock;1;1162
;(12, 5);;(5, 7);brown rock;1;1163
;(12, 5);;(5, 7);brown rock;1;1164
;(12, 5);;(5, 7);brown rock;1;1165
;(12, 5);;(5, 7);brown rock;1;1166
MoveNorth;(12, 4);;(5, 7);brown rock;1;1167
;(12, 4);;(5, 7);brown rock;1;1168
;(12, 4);;(5, 7);brown rock;1;1169
;(12, 4);;(5, 7);brown rock;1;1170
MoveWest;(11, 4);;(5, 7);brown rock;1;1171
;(11, 4);;(5, 7);brown rock;1;1172
;(11, 4);;(5, 7);brown rock;1;1173
;(11, 4);;(5, 7);brown rock;1;1174
;(11, 4);;(5, 7);brown rock;1;1175
;(11, 4);;(5, 7);brown rock;1;1176
;(11, 4);;(5, 7);brown rock;1;1177
;(11, 4);;(5, 7);brown rock;1;1178
;(11, 4);;(5, 7);brown rock;1;1179
;(11, 4);;(5, 7);brown rock;1;1180
;(11, 4);;(5, 7);brown rock;1;1181
;(11, 4);;(5, 7);brown rock;1;1182
;(11, 4);;(5, 7);brown rock;1;1183
;(11, 4);;(5, 7);brown rock;1;1184
GrabObject;(11, 4);;(5, 7);brown rock;1;1185
;(11, 4);;(5, 7);brown rock;1;1186
;(11, 4);;(5, 7);brown rock;1;1187
;(11, 4);;(5, 7);brown rock;1;1188
;(11, 4);;(5, 7);brown rock;1;1189
;(11, 4);;(5, 7);brown rock;1;1190
;(11, 4);;(5, 7);brown rock;1;1191
;(11, 4);;(5, 7);brown rock;1;1192
;(11, 4);;(5, 7);brown rock;1;1193
;(11, 4);;(5, 7);brown rock;1;1194
;(11, 4);;(5, 7);brown rock;1;1195
;(11, 4);;(5, 7);brown rock;1;1196
;(11, 4);;(5, 7);brown rock;1;1197
;(11, 4);;(5, 7);brown rock;1;1198
;(11, 4);;(5, 7);brown rock;1;1199
;(11, 4);;(5, 7);brown rock;1;1200
;(11, 4);;(5, 7);brown rock;1;1201
;(11, 4);;(5, 7);brown rock;1;1202
;(11, 4);;(5, 7);brown rock;1;1203
;(11, 4);;(5, 7);brown rock;1;1204
;(11, 4);;(5, 7);brown rock;1;1205
;(11, 4);;(5, 7);brown rock;1;1206
;(11, 4);;(5, 7);brown rock;1;1207
;(11, 4);;(5, 7);brown rock;1;1208
;(11, 4);;(5, 7);brown rock;1;1209
;(11, 4);;(5, 7);brown rock;1;1210
;(11, 4);;(5, 7);brown rock;1;1211
;(11, 4);;(5, 7);brown rock;1;1212
;(11, 4);;(5, 7);brown rock;1;1213
;(11, 4);;(5, 7);brown rock;1;1214
;(11, 4);;(5, 7);brown rock;1;1215
;(11, 4);;(5, 7);brown rock;1;1216
;(11, 4);;(5, 7);brown rock;1;1217
;(11, 4);;(5, 7);brown rock;1;1218
;(11, 4);;(5, 7);brown rock;1;1219
;(11, 4);;(5, 7);brown rock;1;1220
;(11, 4);;(5, 7);brown rock;1;1221
;(11, 4);;(5, 7);brown rock;1;1222
;(11, 4);;(5, 7);brown rock;1;1223
;(11, 4);;(5, 7);brown rock;1;1224
;(11, 4);;(5, 7);brown rock;1;1225
;(11, 4);;(5, 7);brown rock;1;1226
;(11, 4);;(5, 7);brown rock;1;1227
;(11, 4);;(5, 7);brown rock;1;1228
;(11, 4);;(5, 7);brown rock;1;1229
;(11, 4);;(5, 7);brown rock;1;1230
;(11, 4);;(5, 7);brown rock;1;1231
;(11, 4);;(5, 7);brown rock;1;1232
;(11, 4);;(5, 7);brown rock;1;1233
;(11, 4);;(5, 7);brown rock;1;1234
;(11, 4);;(5, 7);brown rock;1;1235
;(11, 4);;(5, 7);brown rock;1;1236
;(11, 4);;(5, 7);brown rock;1;1237
;(11, 4);;(5, 7);brown rock;1;1238
;(11, 4);;(5, 7);brown rock;1;1239
;(11, 4);;(5, 7);brown rock;1;1240
;(11, 4);;(5, 7);brown rock;1;1241
;(11, 4);;(5, 7);brown rock;1;1242
;(11, 4);;(5, 7);brown rock;1;1243
;(11, 4);;(5, 7);brown rock;1;1244
;(11, 4);;(5, 7);brown rock;1;1245
;(11, 4);;(5, 7);brown rock;1;1246
;(11, 4);;(5, 7);brown rock;1;1247
;(11, 4);;(5, 7);brown rock;1;1248
;(11, 4);;(5, 7);brown rock;1;1249
;(11, 4);;(5, 7);brown rock;1;1250
;(11, 4);;(5, 7);brown rock;1;1251
;(11, 4);;(5, 7);brown rock;1;1252
;(11, 4);;(5, 7);brown rock;1;1253
;(11, 4);;(5, 7);brown rock;1;1254
;(11, 4);;(5, 7);brown rock;1;1255
;(11, 4);;(5, 7);brown rock;1;1256
;(11, 4);;(5, 7);brown rock;1;1257
;(11, 4);;(5, 7);brown rock;1;1258
;(11, 4);;(5, 7);brown rock;1;1259
;(11, 4);;(5, 7);brown rock;1;1260
;(11, 4);;(5, 7);brown rock;1;1261
;(11, 4);;(5, 7);brown rock;1;1262
;(11, 4);;(5, 7);brown rock;1;1263
;(11, 4);;(5, 7);brown rock;1;1264
;(11, 4);;(5, 7);brown rock;1;1265
;(11, 4);;(5, 7);brown rock;1;1266
;(11, 4);;(5, 7);brown rock;1;1267
;(11, 4);;(5, 7);brown rock;1;1268
;(11, 4);;(5, 7);brown rock;1;1269
;(11, 4);;(5, 7);brown rock;1;1270
;(11, 4);;(5, 7);brown rock;1;1271
;(11, 4);;(5, 7);brown rock;1;1272
;(11, 4);;(5, 7);brown rock;1;1273
;(11, 4);;(5, 7);brown rock;1;1274
;(11, 4);;(5, 7);brown rock;1;1275
;(11, 4);;(5, 7);brown rock;1;1276
;(11, 4);;(5, 7);brown rock;1;1277
;(11, 4);;(5, 7);brown rock;1;1278
;(11, 4);;(5, 7);brown rock;1;1279
;(11, 4);;(5, 7);brown rock;1;1280
;(11, 4);;(5, 7);brown rock;1;1281
;(11, 4);;(5, 7);brown rock;1;1282
;(11, 4);;(5, 7);brown rock;1;1283
;(11, 4);;(5, 7);brown rock;1;1284
;(11, 4);;(5, 7);brown rock;1;1285
;(11, 4);;(5, 7);brown rock;1;1286
;(11, 4);;(5, 7);brown rock;1;1287
;(11, 4);;(5, 7);brown rock;1;1288
;(11, 4);;(5, 7);brown rock;1;1289
;(11, 4);;(5, 7);brown rock;1;1290
;(11, 4);;(5, 7);brown rock;1;1291
;(11, 4);;(5, 7);brown rock;1;1292
;(11, 4);;(5, 7);brown rock;1;1293
;(11, 4);;(5, 7);brown rock;1;1294
;(11, 4);;(5, 7);brown rock;1;1295
;(11, 4);;(5, 7);brown rock;1;1296
;(11, 4);;(5, 7);brown rock;1;1297
;(11, 4);;(5, 7);brown rock;1;1298
GrabObject;(11, 4);;(5, 7);brown rock;1;1299
;(11, 4);;(5, 7);brown rock;1;1300
;(11, 4);;(5, 7);brown rock;1;1301
;(11, 4);;(5, 7);brown rock;1;1302
;(11, 4);;(5, 7);brown rock;1;1303
;(11, 4);;(5, 7);brown rock;1;1304
GrabObject;(11, 4);;(5, 7);brown rock;1;1305
;(11, 4);;(5, 7);brown rock;1;1306
;(11, 4);;(5, 7);brown rock;1;1307
;(11, 4);;(5, 7);brown rock;1;1308
GrabObject;(11, 4);;(5, 7);brown rock;1;1309
;(11, 4);;(5, 7);brown rock;1;1310
;(11, 4);;(5, 7);brown rock;1;1311
MoveEast;(12, 4);;(5, 7);brown rock;1;1312
;(12, 4);;(5, 7);brown rock;1;1313
;(12, 4);;(5, 7);brown rock;1;1314
;(12, 4);;(5, 7);brown rock;1;1315
;(12, 4);;(5, 7);brown rock;1;1316
;(12, 4);;(5, 7);brown rock;1;1317
;(12, 4);;(5, 7);brown rock;1;1318
;(12, 4);;(5, 7);brown rock;1;1319
;(12, 4);;(5, 7);brown rock;1;1320
;(12, 4);;(5, 7);brown rock;1;1321
;(12, 4);;(5, 7);brown rock;1;1322
;(12, 4);;(5, 7);brown rock;1;1323
;(12, 4);;(5, 7);brown rock;1;1324
MoveWest;(11, 4);;(5, 7);brown rock;1;1325
;(11, 4);;(5, 7);brown rock;1;1326
;(11, 4);;(5, 7);brown rock;1;1327
;(11, 4);;(5, 7);brown rock;1;1328
;(11, 4);;(5, 7);brown rock;1;1329
;(11, 4);;(5, 7);brown rock;1;1330
;(11, 4);;(5, 7);brown rock;1;1331
;(11, 4);;(5, 7);brown rock;1;1332
;(11, 4);;(5, 7);brown rock;1;1333
;(11, 4);;(5, 7);brown rock;1;1334
;(11, 4);;(5, 7);brown rock;1;1335
GrabObject;(11, 4);;(5, 7);brown rock;1;1336
;(11, 4);;(5, 7);brown rock;1;1337
;(11, 4);;(5, 7);brown rock;1;1338
;(11, 4);;(5, 7);brown rock;1;1339
;(11, 4);;(5, 7);brown rock;1;1340
;(11, 4);;(5, 7);brown rock;1;1341
;(11, 4);;(5, 7);brown rock;1;1342
;(11, 4);;(5, 7);brown rock;1;1343
;(11, 4);;(5, 7);brown rock;1;1344
;(11, 4);;(5, 7);brown rock;1;1345
;(11, 4);;(5, 7);brown rock;1;1346
;(11, 4);;(5, 7);brown rock;1;1347
;(11, 4);;(5, 7);brown rock;1;1348
;(11, 4);;(5, 7);brown rock;1;1349
;(11, 4);;(5, 7);brown rock;1;1350
;(11, 4);;(5, 7);brown rock;1;1351
;(11, 4);;(5, 7);brown rock;1;1352
;(11, 4);;(5, 7);brown rock;1;1353
;(11, 4);;(5, 7);brown rock;1;1354
;(11, 4);;(5, 7);brown rock;1;1355
;(11, 4);;(5, 7);brown rock;1;1356
;(11, 4);;(5, 7);brown rock;1;1357
;(11, 4);;(5, 7);brown rock;1;1358
;(11, 4);;(5, 7);brown rock;1;1359
;(11, 4);;(5, 7);brown rock;1;1360
;(11, 4);;(5, 7);brown rock;1;1361
;(11, 4);;(5, 7);brown rock;1;1362
;(11, 4);;(5, 7);brown rock;1;1363
;(11, 4);;(5, 7);brown rock;1;1364
;(11, 4);;(5, 7);brown rock;1;1365
;(11, 4);;(5, 7);brown rock;1;1366
;(11, 4);;(5, 7);brown rock;1;1367
;(11, 4);;(5, 7);brown rock;1;1368
;(11, 4);;(5, 7);brown rock;1;1369
;(11, 4);;(5, 7);brown rock;1;1370
;(11, 4);;(5, 7);brown rock;1;1371
;(11, 4);;(5, 7);brown rock;1;1372
;(11, 4);;(5, 7);brown rock;1;1373
;(11, 4);;(5, 7);brown rock;1;1374
;(11, 4);;(5, 7);brown rock;1;1375
;(11, 4);;(5, 7);brown rock;1;1376
;(11, 4);;(5, 7);brown rock;1;1377
;(11, 4);;(5, 7);brown rock;1;1378
;(11, 4);;(5, 7);brown rock;1;1379
;(11, 4);;(5, 7);brown rock;1;1380
;(11, 4);;(5, 7);brown rock;1;1381
;(11, 4);;(5, 7);brown rock;1;1382
;(11, 4);;(5, 7);brown rock;1;1383
;(11, 4);;(5, 7);brown rock;1;1384
;(11, 4);;(5, 7);brown rock;1;1385
;(11, 4);;(5, 7);brown rock;1;1386
;(11, 4);;(5, 7);brown rock;1;1387
;(11, 4);;(5, 7);brown rock;1;1388
;(11, 4);;(5, 7);brown rock;1;1389
;(11, 4);;(5, 7);brown rock;1;1390
;(11, 4);;(5, 7);brown rock;1;1391
;(11, 4);;(5, 7);brown rock;1;1392
;(11, 4);;(5, 7);brown rock;1;1393
;(11, 4);;(5, 7);brown rock;1;1394
;(11, 4);;(5, 7);brown rock;1;1395
;(11, 4);;(5, 7);brown rock;1;1396
;(11, 4);;(5, 7);brown rock;1;1397
;(11, 4);;(5, 7);brown rock;1;1398
;(11, 4);;(5, 7);brown rock;1;1399
;(11, 4);;(5, 7);brown rock;1;1400
;(11, 4);;(5, 7);brown rock;1;1401
;(11, 4);;(5, 7);brown rock;1;1402
;(11, 4);;(5, 7);brown rock;1;1403
;(11, 4);;(5, 7);brown rock;1;1404
;(11, 4);;(5, 7);brown rock;1;1405
;(11, 4);;(5, 7);brown rock;1;1406
;(11, 4);;(5, 7);brown rock;1;1407
;(11, 4);;(5, 7);brown rock;1;1408
;(11, 4);;(5, 7);brown rock;1;1409
;(11, 4);;(5, 7);brown rock;1;1410
;(11, 4);;(5, 7);brown rock;1;1411
;(11, 4);;(5, 7);brown rock;1;1412
;(11, 4);;(5, 7);brown rock;1;1413
;(11, 4);;(5, 7);brown rock;1;1414
;(11, 4);;(5, 7);brown rock;1;1415
;(11, 4);;(5, 7);brown rock;1;1416
;(11, 4);;(5, 7);brown rock;1;1417
;(11, 4);;(5, 7);brown rock;1;1418
;(11, 4);;(5, 7);brown rock;1;1419
;(11, 4);;(5, 7);brown rock;1;1420
;(11, 4);;(5, 7);brown rock;1;1421
;(11, 4);;(5, 7);brown rock;1;1422
;(11, 4);;(5, 7);brown rock;1;1423
GrabObject;(11, 4);;(5, 7);brown rock;1;1424
;(11, 4);;(5, 7);brown rock;1;1425
;(11, 4);;(5, 7);brown rock;1;1426
;(11, 4);;(5, 7);brown rock;1;1427
;(11, 4);;(5, 7);brown rock;1;1428
;(11, 4);;(5, 7);brown rock;1;1429
;(11, 4);;(5, 7);brown rock;1;1430
;(11, 4);;(5, 7);brown rock;1;1431
MoveWest;(10, 4);;(5, 7);brown rock;1;1432
;(10, 4);;(5, 7);brown rock;1;1433
;(10, 4);;(5, 7);brown rock;1;1434
;(10, 4);;(5, 7);brown rock;1;1435
;(10, 4);;(5, 7);brown rock;1;1436
MoveSouth;(10, 5);;(5, 7);brown rock;1;1437
;(10, 5);;(5, 7);brown rock;1;1438
;(10, 5);;(5, 7);brown rock;1;1439
;(10, 5);;(5, 7);brown rock;1;1440
;(10, 5);;(5, 7);brown rock;1;1441
;(10, 5);;(5, 7);brown rock;1;1442
;(10, 5);;(5, 7);brown rock;1;1443
;(10, 5);;(5, 7);brown rock;1;1444
GrabObject;(10, 5);;(5, 7);brown rock;1;1445
;(10, 5);;(5, 7);brown rock;1;1446
;(10, 5);;(5, 7);brown rock;1;1447
;(10, 5);;(5, 7);brown rock;1;1448
;(10, 5);;(5, 7);brown rock;1;1449
;(10, 5);;(5, 7);brown rock;1;1450
;(10, 5);;(5, 7);brown rock;1;1451
;(10, 5);;(5, 7);brown rock;1;1452
;(10, 5);;(5, 7);brown rock;1;1453
;(10, 5);;(5, 7);brown rock;1;1454
;(10, 5);;(5, 7);brown rock;1;1455
;(10, 5);;(5, 7);brown rock;1;1456
;(10, 5);;(5, 7);brown rock;1;1457
;(10, 5);;(5, 7);brown rock;1;1458
;(10, 5);;(5, 7);brown rock;1;1459
MoveNorth;(10, 4);;(5, 7);brown rock;1;1460
;(10, 4);;(5, 7);brown rock;1;1461
;(10, 4);;(5, 7);brown rock;1;1462
;(10, 4);;(5, 7);brown rock;1;1463
;(10, 4);;(5, 7);brown rock;1;1464
MoveEast;(11, 4);;(5, 7);brown rock;1;1465
;(11, 4);;(5, 7);brown rock;1;1466
;(11, 4);;(5, 7);brown rock;1;1467
MoveEast;(12, 4);;(5, 7);brown rock;1;1468
;(12, 4);;(5, 7);brown rock;1;1469
;(12, 4);;(5, 7);brown rock;1;1470
MoveSouth;(12, 5);;(5, 7);brown rock;1;1471
;(12, 5);;(5, 7);brown rock;1;1472
;(12, 5);;(5, 7);brown rock;1;1473
;(12, 5);;(5, 7);brown rock;1;1474
MoveSouth;(12, 6);;(5, 7);brown rock;1;1475
;(12, 6);;(5, 7);brown rock;1;1476
;(12, 6);;(5, 7);brown rock;1;1477
;(12, 6);;(5, 7);brown rock;1;1478
MoveSouth;(12, 7);;(5, 7);brown rock;1;1479
;(12, 7);;(5, 7);brown rock;1;1480
MoveEast;(13, 7);;(5, 7);brown rock;1;1481
;(13, 7);;(5, 7);brown rock;1;1482
;(13, 7);;(5, 7);brown rock;1;1483
;(13, 7);;(5, 7);brown rock;1;1484
MoveEast;(14, 7);;(5, 7);brown rock;1;1485
;(14, 7);;(5, 7);brown rock;1;1486
;(14, 7);;(5, 7);brown rock;1;1487
MoveEast;(15, 7);;(5, 7);brown rock;1;1488
;(15, 7);;(5, 7);brown rock;1;1489
;(15, 7);;(5, 7);brown rock;1;1490
MoveEast;(16, 7);;(5, 7);brown rock;1;1491
;(16, 7);;(5, 7);brown rock;1;1492
;(16, 7);;(5, 7);brown rock;1;1493
;(16, 7);;(5, 7);brown rock;1;1494
;(16, 7);;(5, 7);brown rock;1;1495
;(16, 7);;(5, 7);brown rock;1;1496
MoveSouth;(16, 8);;(5, 7);brown rock;1;1497
;(16, 8);;(5, 7);brown rock;1;1498
;(16, 8);;(5, 7);brown rock;1;1499
;(16, 8);;(5, 7);brown rock;1;1500
;(16, 8);;(5, 7);brown rock;1;1501
DropObject;(16, 8);;(5, 7);brown rock;1;1502
;(16, 8);;(5, 7);brown rock;1;1503
;(16, 8);;(5, 7);brown rock;1;1504
;(16, 8);;(5, 7);brown rock;1;1505
;(16, 8);;(5, 7);brown rock;1;1506
MoveWest;(15, 8);;(5, 7);brown rock;1;1507
;(15, 8);;(5, 7);brown rock;1;1508
;(15, 8);;(5, 7);brown rock;1;1509
MoveWest;(14, 8);;(5, 7);brown rock;1;1510
;(14, 8);;(5, 7);brown rock;1;1511
;(14, 8);;(5, 7);brown rock;1;1512
;(14, 8);;(5, 7);brown rock;1;1513
MoveNorth;(14, 7);;(5, 7);brown rock;1;1514
;(14, 7);;(5, 7);brown rock;1;1515
;(14, 7);;(5, 7);brown rock;1;1516
MoveNorth;(14, 6);;(5, 7);brown rock;1;1517
;(14, 6);;(5, 7);brown rock;1;1518
;(14, 6);;(5, 7);brown rock;1;1519
;(14, 6);;(5, 7);brown rock;1;1520
;(14, 6);;(5, 7);brown rock;1;1521
;(14, 6);;(5, 7);brown rock;1;1522
MoveWest;(13, 6);;(5, 7);brown rock;1;1523
;(13, 6);;(5, 7);brown rock;1;1524
;(13, 6);;(5, 7);brown rock;1;1525
;(13, 6);;(5, 7);brown rock;1;1526
MoveWest;(12, 6);;(5, 7);brown rock;1;1527
;(12, 6);;(5, 7);brown rock;1;1528
;(12, 6);;(5, 7);brown rock;1;1529
;(12, 6);;(5, 7);brown rock;1;1530
;(12, 6);;(5, 7);brown rock;1;1531
MoveWest;(11, 6);;(5, 7);brown rock;1;1532
;(11, 6);;(5, 7);brown rock;1;1533
;(11, 6);;(5, 7);brown rock;1;1534
MoveNorth;(11, 5);;(5, 7);brown rock;1;1535
;(11, 5);;(5, 7);brown rock;1;1536
;(11, 5);;(5, 7);brown rock;1;1537
;(11, 5);;(5, 7);brown rock;1;1538
;(11, 5);;(5, 7);brown rock;1;1539
;(11, 5);;(5, 7);brown rock;1;1540
;(11, 5);;(5, 7);brown rock;1;1541
;(11, 5);;(5, 7);brown rock;1;1542
MoveWest;(10, 5);;(5, 7);brown rock;1;1543
;(10, 5);;(5, 7);brown rock;1;1544
;(10, 5);;(5, 7);brown rock;1;1545
;(10, 5);;(5, 7);brown rock;1;1546
;(10, 5);;(5, 7);brown rock;1;1547
;(10, 5);;(5, 7);brown rock;1;1548
;(10, 5);;(5, 7);brown rock;1;1549
MoveSouth;(10, 6);;(5, 7);brown rock;1;1550
;(10, 6);;(5, 7);brown rock;1;1551
;(10, 6);;(5, 7);brown rock;1;1552
;(10, 6);;(5, 7);brown rock;1;1553
;(10, 6);;(5, 7);brown rock;1;1554
MoveWest;(9, 6);;(5, 7);brown rock;1;1555
;(9, 6);;(5, 7);brown rock;1;1556
;(9, 6);;(5, 7);brown rock;1;1557
;(9, 6);;(5, 7);brown rock;1;1558
MoveWest;(8, 6);;(5, 7);brown rock;1;1559
;(8, 6);;(5, 7);brown rock;1;1560
;(8, 6);;(5, 7);brown rock;1;1561
;(8, 6);;(5, 7);brown rock;1;1562
MoveSouth;(8, 7);;(5, 7);brown rock;1;1563
;(8, 7);;(5, 7);brown rock;1;1564
;(8, 7);;(5, 7);brown rock;1;1565
;(8, 7);;(5, 7);brown rock;1;1566
MoveSouth;(8, 8);;(5, 7);brown rock;1;1567
;(8, 8);;(5, 7);brown rock;1;1568
;(8, 8);;(5, 7);brown rock;1;1569
;(8, 8);;(5, 7);brown rock;1;1570
;(8, 8);;(5, 7);brown rock;1;1571
MoveWest;(7, 8);;(5, 7);brown rock;1;1572
;(7, 8);;(5, 7);brown rock;1;1573
;(7, 8);;(5, 7);brown rock;1;1574
;(7, 8);;(5, 7);brown rock;1;1575
;(7, 8);;(5, 7);brown rock;1;1576
GrabObject;(7, 8);;(5, 7);brown rock;1;1577
;(7, 8);;(5, 7);brown rock;1;1578
;(7, 8);;(5, 7);brown rock;1;1579
;(7, 8);;(5, 7);brown rock;1;1580
MoveWest;(6, 8);;(5, 7);brown rock;1;1581
;(6, 8);;(5, 7);brown rock;1;1582
;(6, 8);;(5, 7);brown rock;1;1583
;(6, 8);;(5, 7);brown rock;1;1584
MoveWest;(5, 8);;(5, 7);brown rock;1;1585
;(5, 8);;(5, 7);brown rock;1;1586
;(5, 8);;(5, 7);brown rock;1;1587
MoveWest;(4, 8);;(5, 7);brown rock;1;1588
;(4, 8);;(5, 7);brown rock;1;1589
;(4, 8);;(5, 7);brown rock;1;1590
MoveWest;(3, 8);;(5, 7);brown rock;1;1591
;(3, 8);;(5, 7);brown rock;1;1592
;(3, 8);;(5, 7);brown rock;1;1593
DropObject;(3, 8);;(5, 7);brown rock;1;1594
;(3, 8);;(5, 7);brown rock;1;1595
;(3, 8);;(5, 7);brown rock;1;1596
;(3, 8);;(5, 7);brown rock;1;1597
;(3, 8);;(5, 7);brown rock;1;1598
;(3, 8);;(5, 7);brown rock;1;1599
;(3, 8);;(5, 7);brown rock;1;1600
MoveEast;(4, 8);;(5, 7);brown rock;1;1601
;(4, 8);;(5, 7);brown rock;1;1602
;(4, 8);;(5, 7);brown rock;1;1603
;(4, 8);;(5, 7);brown rock;1;1604
MoveEast;(5, 8);;(5, 7);brown rock;1;1605
;(5, 8);;(5, 7);brown rock;1;1606
;(5, 8);;(5, 7);brown rock;1;1607
MoveEast;(6, 8);;(5, 7);brown rock;1;1608
;(6, 8);;(5, 7);brown rock;1;1609
;(6, 8);;(5, 7);brown rock;1;1610
;(6, 8);;(5, 7);brown rock;1;1611
MoveNorth;(6, 7);;(5, 7);brown rock;1;1612
;(6, 7);;(5, 7);brown rock;1;1613
;(6, 7);;(5, 7);brown rock;1;1614
;(6, 7);;(5, 7);brown rock;1;1615
;(6, 7);;(5, 7);brown rock;1;1616
;(6, 7);;(5, 7);brown rock;1;1617
;(6, 7);;(5, 7);brown rock;1;1618
;(6, 7);;(5, 7);brown rock;1;1619
;(6, 7);;(5, 7);brown rock;1;1620
;(6, 7);;(5, 7);brown rock;1;1621
MoveSouth;(6, 8);;(5, 7);brown rock;1;1622
;(6, 8);;(5, 7);brown rock;1;1623
;(6, 8);;(5, 7);brown rock;1;1624
;(6, 8);;(5, 7);brown rock;1;1625
GrabObject;(6, 8);;(5, 7);brown rock;1;1626
;(6, 8);;(5, 7);brown rock;1;1627
;(6, 8);;(5, 7);brown rock;1;1628
;(6, 8);;(5, 7);brown rock;1;1629
;(6, 8);;(5, 7);brown rock;1;1630
;(6, 8);;(5, 7);brown rock;1;1631
;(6, 8);;(5, 7);brown rock;1;1632
;(6, 8);;(5, 7);brown rock;1;1633
MoveWest;(5, 8);;(5, 7);brown rock;1;1634
;(5, 8);;(5, 7);brown rock;1;1635
;(5, 8);;(5, 7);brown rock;1;1636
;(5, 8);;(5, 7);brown rock;1;1637
MoveWest;(4, 8);;(5, 7);brown rock;1;1638
;(4, 8);;(5, 7);brown rock;1;1639
;(4, 8);;(5, 7);brown rock;1;1640
MoveWest;(3, 8);;(5, 7);brown rock;1;1641
;(3, 8);;(5, 7);brown rock;1;1642
;(3, 8);;(5, 7);brown rock;1;1643
;(3, 8);;(5, 7);brown rock;1;1644
;(3, 8);;(5, 7);brown rock;1;1645
DropObject;(3, 8);;(5, 7);brown rock;1;1646
;(3, 8);;(5, 7);brown rock;1;1647
;(3, 8);;(5, 7);brown rock;1;1648
MoveEast;(4, 8);;(5, 7);brown rock;1;1649
;(4, 8);;(5, 7);brown rock;1;1650
;(4, 8);;(5, 7);brown rock;1;1651
;(4, 8);;(5, 7);brown rock;1;1652
MoveEast;(5, 8);;(5, 7);brown rock;1;1653
;(5, 8);;(5, 7);brown rock;1;1654
;(5, 8);;(5, 7);brown rock;1;1655
;(5, 8);;(5, 7);brown rock;1;1656
MoveEast;(6, 8);;(5, 7);brown rock;1;1657
;(6, 8);;(5, 7);brown rock;1;1658
;(6, 8);;(5, 7);brown rock;1;1659
MoveSouth;(6, 9);;(5, 7);brown rock;1;1660
;(6, 9);;(5, 7);brown rock;1;1661
;(6, 9);;(5, 7);brown rock;1;1662
;(6, 9);;(5, 7);brown rock;1;1663
;(6, 9);;(5, 7);brown rock;1;1664
;(6, 9);;(5, 7);brown rock;1;1665
;(6, 9);;(5, 7);brown rock;1;1666
;(6, 9);;(5, 7);brown rock;1;1667
;(6, 9);;(5, 7);brown rock;1;1668
;(6, 9);;(5, 7);brown rock;1;1669
;(6, 9);;(5, 7);brown rock;1;1670
GrabObject;(6, 9);;(5, 7);brown rock;1;1671
;(6, 9);;(5, 7);brown rock;1;1672
;(6, 9);;(5, 7);brown rock;1;1673
;(6, 9);;(5, 7);brown rock;1;1674
;(6, 9);;(5, 7);brown rock;1;1675
;(6, 9);;(5, 7);brown rock;1;1676
;(6, 9);;(5, 7);brown rock;1;1677
;(6, 9);;(5, 7);brown rock;1;1678
MoveWest;(5, 9);;(5, 7);brown rock;1;1679
;(5, 9);;(5, 7);brown rock;1;1680
;(5, 9);;(5, 7);brown rock;1;1681
MoveWest;(4, 9);;(5, 7);brown rock;1;1682
;(4, 9);;(5, 7);brown rock;1;1683
;(4, 9);;(5, 7);brown rock;1;1684
;(4, 9);;(5, 7);brown rock;1;1685
MoveWest;(3, 9);;(5, 7);brown rock;1;1686
;(3, 9);;(5, 7);brown rock;1;1687
;(3, 9);;(5, 7);brown rock;1;1688
DropObject;(3, 9);;(5, 7);brown rock;1;1689
;(3, 9);;(5, 7);brown rock;1;1690
;(3, 9);;(5, 7);brown rock;1;1691
MoveEast;(4, 9);;(5, 7);brown rock;1;1692
;(4, 9);;(5, 7);brown rock;1;1693
;(4, 9);;(5, 7);brown rock;1;1694
;(4, 9);;(5, 7);brown rock;1;1695
MoveEast;(5, 9);;(5, 7);brown rock;1;1696
;(5, 9);;(5, 7);brown rock;1;1697
;(5, 9);;(5, 7);brown rock;1;1698
;(5, 9);;(5, 7);brown rock;1;1699
MoveEast;(6, 9);;(5, 7);brown rock;1;1700
;(6, 9);;(5, 7);brown rock;1;1701
;(6, 9);;(5, 7);brown rock;1;1702
MoveEast;(7, 9);;(5, 7);brown rock;1;1703
;(7, 9);;(5, 7);brown rock;1;1704
;(7, 9);;(5, 7);brown rock;1;1705
MoveEast;(8, 9);;(5, 7);brown rock;1;1706
;(8, 9);;(5, 7);brown rock;1;1707
;(8, 9);;(5, 7);brown rock;1;1708
;(8, 9);;(5, 7);brown rock;1;1709
;(8, 9);;(5, 7);brown rock;1;1710
GrabObject;(8, 9);;(5, 7);brown rock;1;1711
;(8, 9);;(5, 7);brown rock;1;1712
;(8, 9);;(5, 7);brown rock;1;1713
MoveWest;(7, 9);;(5, 7);brown rock;1;1714
;(7, 9);;(5, 7);brown rock;1;1715
;(7, 9);;(5, 7);brown rock;1;1716
MoveWest;(6, 9);;(5, 7);brown rock;1;1717
;(6, 9);;(5, 7);brown rock;1;1718
;(6, 9);;(5, 7);brown rock;1;1719
;(6, 9);;(5, 7);brown rock;1;1720
MoveWest;(5, 9);;(5, 7);brown rock;1;1721
;(5, 9);;(5, 7);brown rock;1;1722
;(5, 9);;(5, 7);brown rock;1;1723
;(5, 9);;(5, 7);brown rock;1;1724
MoveWest;(4, 9);;(5, 7);brown rock;1;1725
;(4, 9);;(5, 7);brown rock;1;1726
;(4, 9);;(5, 7);brown rock;1;1727
MoveWest;(3, 9);;(5, 7);brown rock;1;1728
;(3, 9);;(5, 7);brown rock;1;1729
;(3, 9);;(5, 7);brown rock;1;1730
MoveWest;(2, 9);;(5, 7);brown rock;1;1731
;(2, 9);;(5, 7);brown rock;1;1732
;(2, 9);;(5, 7);brown rock;1;1733
DropObject;(2, 9);;(5, 7);brown rock;1;1734
;(2, 9);;(5, 7);brown rock;1;1735
;(2, 9);;(5, 7);brown rock;1;1736
;(2, 9);;(5, 7);brown rock;1;1737
MoveEast;(3, 9);;(5, 7);brown rock;1;1738
;(3, 9);;(5, 7);brown rock;1;1739
;(3, 9);;(5, 7);brown rock;1;1740
;(3, 9);;(5, 7);brown rock;1;1741
MoveEast;(4, 9);;(5, 7);brown rock;1;1742
;(4, 9);;(5, 7);brown rock;1;1743
;(4, 9);;(5, 7);brown rock;1;1744
MoveEast;(5, 9);;(5, 7);brown rock;1;1745
;(5, 9);;(5, 7);brown rock;1;1746
;(5, 9);;(5, 7);brown rock;1;1747
MoveNorth;(5, 8);;(5, 7);brown rock;1;1748
;(5, 8);;(5, 7);brown rock;1;1749
;(5, 8);;(5, 7);brown rock;1;1750
;(5, 8);;(5, 7);brown rock;1;1751
MoveNorth;(5, 7);;(5, 7);brown rock;1;1752
;(5, 7);;(5, 7);brown rock;1;1753
;(5, 7);;(5, 7);brown rock;1;1754
;(5, 7);;(5, 7);brown rock;1;1755
MoveEast;(6, 7);;(5, 7);brown rock;1;1756
;(6, 7);;(5, 7);brown rock;1;1757
;(6, 7);;(5, 7);brown rock;1;1758
;(6, 7);;(5, 7);brown rock;1;1759
;(6, 7);;(5, 7);brown rock;1;1760
;(6, 7);;(5, 7);brown rock;1;1761
MoveSouth;(6, 8);;(5, 7);brown rock;1;1762
;(6, 8);;(5, 7);brown rock;1;1763
;(6, 8);;(5, 7);brown rock;1;1764
;(6, 8);;(5, 7);brown rock;1;1765
MoveSouth;(6, 9);;(5, 7);brown rock;1;1766
;(6, 9);;(5, 7);brown rock;1;1767
;(6, 9);;(5, 7);brown rock;1;1768
MoveSouth;(6, 10);;(5, 7);brown rock;1;1769
;(6, 10);;(5, 7);brown rock;1;1770
;(6, 10);;(5, 7);brown rock;1;1771
;(6, 10);;(5, 7);brown rock;1;1772
MoveSouth;(6, 11);;(5, 7);brown rock;1;1773
;(6, 11);;(5, 7);brown rock;1;1774
;(6, 11);;(5, 7);brown rock;1;1775
;(6, 11);;(5, 7);brown rock;1;1776
;(6, 11);;(5, 7);brown rock;1;1777
;(6, 11);;(5, 7);brown rock;1;1778
GrabObject;(6, 11);;(5, 7);brown rock;1;1779
;(6, 11);;(5, 7);brown rock;1;1780
;(6, 11);;(5, 7);brown rock;1;1781
;(6, 11);;(5, 7);brown rock;1;1782
;(6, 11);;(5, 7);brown rock;1;1783
;(6, 11);;(5, 7);brown rock;1;1784
;(6, 11);;(5, 7);brown rock;1;1785
;(6, 11);;(5, 7);brown rock;1;1786
;(6, 11);;(5, 7);brown rock;1;1787
;(6, 11);;(5, 7);brown rock;1;1788
;(6, 11);;(5, 7);brown rock;1;1789
MoveWest;(5, 11);;(5, 7);brown rock;1;1790
;(5, 11);;(5, 7);brown rock;1;1791
;(5, 11);;(5, 7);brown rock;1;1792
;(5, 11);;(5, 7);brown rock;1;1793
MoveWest;(4, 11);;(5, 7);brown rock;1;1794
;(4, 11);;(5, 7);brown rock;1;1795
;(4, 11);;(5, 7);brown rock;1;1796
;(4, 11);;(5, 7);brown rock;1;1797
MoveNorth;(4, 10);;(5, 7);brown rock;1;1798
;(4, 10);;(5, 7);brown rock;1;1799
;(4, 10);;(5, 7);brown rock;1;1800
;(4, 10);;(5, 7);brown rock;1;1801
;(4, 10);;(5, 7);brown rock;1;1802
MoveNorth;(4, 9);;(5, 7);brown rock;1;1803
;(4, 9);;(5, 7);brown rock;1;1804
;(4, 9);;(5, 7);brown rock;1;1805
;(4, 9);;(5, 7);brown rock;1;1806
;(4, 9);;(5, 7);brown rock;1;1807
;(4, 9);;(5, 7);brown rock;1;1808
;(4, 9);;(5, 7);brown rock;1;1809
;(4, 9);;(5, 7);brown rock;1;1810
DropObject;(4, 9);;(5, 7);brown rock;1;1811
;(4, 9);;(5, 7);brown rock;1;1812
;(4, 9);;(5, 7);brown rock;1;1813
MoveEast;(5, 9);;(5, 7);brown rock;1;1814
;(5, 9);;(5, 7);brown rock;1;1815
;(5, 9);;(5, 7);brown rock;1;1816
;(5, 9);;(5, 7);brown rock;1;1817
MoveEast;(6, 9);;(5, 7);brown rock;1;1818
;(6, 9);;(5, 7);brown rock;1;1819
;(6, 9);;(5, 7);brown rock;1;1820
MoveEast;(7, 9);;(5, 7);brown rock;1;1821
;(7, 9);;(5, 7);brown rock;1;1822
;(7, 9);;(5, 7);brown rock;1;1823
MoveSouth;(7, 10);;(5, 7);brown rock;1;1824
;(7, 10);;(5, 7);brown rock;1;1825
;(7, 10);;(5, 7);brown rock;1;1826
;(7, 10);;(5, 7);brown rock;1;1827
;(7, 10);;(5, 7);brown rock;1;1828
;(7, 10);;(5, 7);brown rock;1;1829
;(7, 10);;(5, 7);brown rock;1;1830
;(7, 10);;(5, 7);brown rock;1;1831
;(7, 10);;(5, 7);brown rock;1;1832
GrabObject;(7, 10);;(5, 7);brown rock;1;1833
;(7, 10);;(5, 7);brown rock;1;1834
;(7, 10);;(5, 7);brown rock;1;1835
;(7, 10);;(5, 7);brown rock;1;1836
MoveEast;(8, 10);;(5, 7);brown rock;1;1837
;(8, 10);;(5, 7);brown rock;1;1838
;(8, 10);;(5, 7);brown rock;1;1839
MoveEast;(9, 10);;(5, 7);brown rock;1;1840
;(9, 10);;(5, 7);brown rock;1;1841
;(9, 10);;(5, 7);brown rock;1;1842
;(9, 10);;(5, 7);brown rock;1;1843
;(9, 10);;(5, 7);brown rock;1;1844
;(9, 10);;(5, 7);brown rock;1;1845
;(9, 10);;(5, 7);brown rock;1;1846
;(9, 10);;(5, 7);brown rock;1;1847
;(9, 10);;(5, 7);brown rock;1;1848
;(9, 10);;(5, 7);brown rock;1;1849
MoveEast;(10, 10);;(5, 7);brown rock;1;1850
;(10, 10);;(5, 7);brown rock;1;1851
MoveEast;(11, 10);;(5, 7);brown rock;1;1852
;(11, 10);;(5, 7);brown rock;1;1853
MoveEast;(12, 10);;(5, 7);brown rock;1;1854
MoveEast;(13, 10);;(5, 7);brown rock;1;1855
;(13, 10);;(5, 7);brown rock;1;1856
MoveEast;(14, 10);;(5, 7);brown rock;1;1857
MoveEast;(15, 10);;(5, 7);brown rock;1;1858
;(15, 10);;(5, 7);brown rock;1;1859
MoveEast;(16, 10);;(5, 7);brown rock;1;1860
;(16, 10);;(5, 7);brown rock;1;1861
MoveEast;(17, 10);;(5, 7);brown rock;1;1862
MoveEast;(18, 10);;(5, 7);brown rock;1;1863
;(18, 10);;(5, 7);brown rock;1;1864
GrabObject;(18, 10);;(5, 7);brown rock;1;1865
;(18, 10);;(5, 7);brown rock;1;1866
;(18, 10);;(5, 7);brown rock;1;1867
;(18, 10);;(5, 7);brown rock;1;1868
;(18, 10);;(5, 7);brown rock;1;1869
;(18, 10);;(5, 7);brown rock;1;1870
;(18, 10);;(5, 7);brown rock;1;1871
DropObject;(18, 10);;(5, 7);brown rock;1;1872
;(18, 10);;(5, 7);brown rock;1;1873
;(18, 10);;(5, 7);brown rock;1;1874
;(18, 10);;(5, 7);brown rock;1;1875
;(18, 10);;(5, 7);brown rock;1;1876
;(18, 10);;(5, 7);brown rock;1;1877
;(18, 10);;(5, 7);brown rock;1;1878
;(18, 10);;(5, 7);brown rock;1;1879
;(18, 10);;(5, 7);brown rock;1;1880
;(18, 10);;(5, 7);brown rock;1;1881
;(18, 10);;(5, 7);brown rock;1;1882
;(18, 10);;(5, 7);brown rock;1;1883
;(18, 10);;(5, 7);brown rock;1;1884
;(18, 10);;(5, 7);brown rock;1;1885
;(18, 10);;(5, 7);brown rock;1;1886
;(18, 10);;(5, 7);brown rock;1;1887
;(18, 10);;(5, 7);brown rock;1;1888
;(18, 10);;(5, 7);brown rock;1;1889
;(18, 10);;(5, 7);brown rock;1;1890
;(18, 10);;(5, 7);brown rock;1;1891
;(18, 10);;(5, 7);brown rock;1;1892
;(18, 10);;(5, 7);brown rock;1;1893
;(18, 10);;(5, 7);brown rock;1;1894
;(18, 10);;(5, 7);brown rock;1;1895
;(18, 10);;(5, 7);brown rock;1;1896
;(18, 10);;(5, 7);brown rock;1;1897
;(18, 10);;(5, 7);brown rock;1;1898
;(18, 10);;(5, 7);brown rock;1;1899
;(18, 10);;(5, 7);brown rock;1;1900
;(18, 10);;(5, 7);brown rock;1;1901
;(18, 10);;(5, 7);brown rock;1;1902
;(18, 10);;(5, 7);brown rock;1;1903
;(18, 10);;(5, 7);brown rock;1;1904
;(18, 10);;(5, 7);brown rock;1;1905
;(18, 10);;(5, 7);brown rock;1;1906
;(18, 10);;(5, 7);brown rock;1;1907
;(18, 10);;(5, 7);brown rock;1;1908
;(18, 10);;(5, 7);brown rock;1;1909
;(18, 10);;(5, 7);brown rock;1;1910
;(18, 10);;(5, 7);brown rock;1;1911
;(18, 10);;(5, 7);brown rock;1;1912
;(18, 10);;(5, 7);brown rock;1;1913
;(18, 10);;(5, 7);brown rock;1;1914
;(18, 10);;(5, 7);brown rock;1;1915
;(18, 10);;(5, 7);brown rock;1;1916
;(18, 10);;(5, 7);brown rock;1;1917
;(18, 10);;(5, 7);brown rock;1;1918
;(18, 10);;(5, 7);brown rock;1;1919
;(18, 10);;(5, 7);brown rock;1;1920
;(18, 10);;(5, 7);brown rock;1;1921
;(18, 10);;(5, 7);brown rock;1;1922
;(18, 10);;(5, 7);brown rock;1;1923
;(18, 10);;(5, 7);brown rock;1;1924
;(18, 10);;(5, 7);brown rock;1;1925
;(18, 10);;(5, 7);brown rock;1;1926
;(18, 10);;(5, 7);brown rock;1;1927
;(18, 10);;(5, 7);brown rock;1;1928
;(18, 10);;(5, 7);brown rock;1;1929
;(18, 10);;(5, 7);brown rock;1;1930
;(18, 10);;(5, 7);brown rock;1;1931
;(18, 10);;(5, 7);brown rock;1;1932
;(18, 10);;(5, 7);brown rock;1;1933
;(18, 10);;(5, 7);brown rock;1;1934
;(18, 10);;(5, 7);brown rock;1;1935
;(18, 10);;(5, 7);brown rock;1;1936
;(18, 10);;(5, 7);brown rock;1;1937
;(18, 10);;(5, 7);brown rock;1;1938
;(18, 10);;(5, 7);brown rock;1;1939
;(18, 10);;(5, 7);brown rock;1;1940
;(18, 10);;(5, 7);brown rock;1;1941
;(18, 10);;(5, 7);brown rock;1;1942
;(18, 10);;(5, 7);brown rock;1;1943
;(18, 10);;(5, 7);brown rock;1;1944
;(18, 10);;(5, 7);brown rock;1;1945
;(18, 10);;(5, 7);brown rock;1;1946
;(18, 10);;(5, 7);brown rock;1;1947
;(18, 10);;(5, 7);brown rock;1;1948
;(18, 10);;(5, 7);brown rock;1;1949
;(18, 10);;(5, 7);brown rock;1;1950
;(18, 10);;(5, 7);brown rock;1;1951
;(18, 10);;(5, 7);brown rock;1;1952
;(18, 10);;(5, 7);brown rock;1;1953
;(18, 10);;(5, 7);brown rock;1;1954
;(18, 10);;(5, 7);brown rock;1;1955
;(18, 10);;(5, 7);brown rock;1;1956
;(18, 10);;(5, 7);brown rock;1;1957
;(18, 10);;(5, 7);brown rock;1;1958
;(18, 10);;(5, 7);brown rock;1;1959
;(18, 10);;(5, 7);brown rock;1;1960
;(18, 10);;(5, 7);brown rock;1;1961
;(18, 10);;(5, 7);brown rock;1;1962
;(18, 10);;(5, 7);brown rock;1;1963
;(18, 10);;(5, 7);brown rock;1;1964
;(18, 10);;(5, 7);brown rock;1;1965
;(18, 10);;(5, 7);brown rock;1;1966
;(18, 10);;(5, 7);brown rock;1;1967
;(18, 10);;(5, 7);brown rock;1;1968
;(18, 10);;(5, 7);brown rock;1;1969
;(18, 10);;(5, 7);brown rock;1;1970
;(18, 10);;(5, 7);brown rock;1;1971
;(18, 10);;(5, 7);brown rock;1;1972
;(18, 10);;(5, 7);brown rock;1;1973
;(18, 10);;(5, 7);brown rock;1;1974
;(18, 10);;(5, 7);brown rock;1;1975
;(18, 10);;(5, 7);brown rock;1;1976
;(18, 10);;(5, 7);brown rock;1;1977
;(18, 10);;(5, 7);brown rock;1;1978
;(18, 10);;(5, 7);brown rock;1;1979
;(18, 10);;(5, 7);brown rock;1;1980
;(18, 10);;(5, 7);brown rock;1;1981
;(18, 10);;(5, 7);brown rock;1;1982
;(18, 10);;(5, 7);brown rock;1;1983
;(18, 10);;(5, 7);brown rock;1;1984
;(18, 10);;(5, 7);brown rock;1;1985
;(18, 10);;(5, 7);brown rock;1;1986
;(18, 10);;(5, 7);brown rock;1;1987
;(18, 10);;(5, 7);brown rock;1;1988
;(18, 10);;(5, 7);brown rock;1;1989
;(18, 10);;(5, 7);brown rock;1;1990
;(18, 10);;(5, 7);brown rock;1;1991
;(18, 10);;(5, 7);brown rock;1;1992
;(18, 10);;(5, 7);brown rock;1;1993
;(18, 10);;(5, 7);brown rock;1;1994
;(18, 10);;(5, 7);brown rock;1;1995
;(18, 10);;(5, 7);brown rock;1;1996
;(18, 10);;(5, 7);brown rock;1;1997
;(18, 10);;(5, 7);brown rock;1;1998
;(18, 10);;(5, 7);brown rock;1;1999
;(18, 10);;(5, 7);brown rock;1;2000
;(18, 10);;(5, 7);brown rock;1;2001
;(18, 10);;(5, 7);brown rock;1;2002
;(18, 10);;(5, 7);brown rock;1;2003
;(18, 10);;(5, 7);brown rock;1;2004
;(18, 10);;(5, 7);brown rock;1;2005
;(18, 10);;(5, 7);brown rock;1;2006
;(18, 10);;(5, 7);brown rock;1;2007
;(18, 10);;(5, 7);brown rock;1;2008
;(18, 10);;(5, 7);brown rock;1;2009
;(18, 10);;(5, 7);brown rock;1;2010
;(18, 10);;(5, 7);brown rock;1;2011
;(18, 10);;(5, 7);brown rock;1;2012
MoveNorth;(18, 9);;(5, 7);brown rock;1;2013
;(18, 9);;(5, 7);brown rock;1;2014
;(18, 9);;(5, 7);brown rock;1;2015
;(18, 9);;(5, 7);brown rock;1;2016
;(18, 9);;(5, 7);brown rock;1;2017
MoveWest;(17, 9);;(5, 7);brown rock;1;2018
;(17, 9);;(5, 7);brown rock;1;2019
;(17, 9);;(5, 7);brown rock;1;2020
;(17, 9);;(5, 7);brown rock;1;2021
;(17, 9);;(5, 7);brown rock;1;2022
;(17, 9);;(5, 7);brown rock;1;2023
;(17, 9);;(5, 7);brown rock;1;2024
;(17, 9);;(5, 7);brown rock;1;2025
;(17, 9);;(5, 7);brown rock;1;2026
;(17, 9);;(5, 7);brown rock;1;2027
;(17, 9);;(5, 7);brown rock;1;2028
;(17, 9);;(5, 7);brown rock;1;2029
;(17, 9);;(5, 7);brown rock;1;2030
;(17, 9);;(5, 7);brown rock;1;2031
;(17, 9);;(5, 7);brown rock;1;2032
;(17, 9);;(5, 7);brown rock;1;2033
;(17, 9);;(5, 7);brown rock;1;2034
;(17, 9);;(5, 7);brown rock;1;2035
;(17, 9);;(5, 7);brown rock;1;2036
;(17, 9);;(5, 7);brown rock;1;2037
;(17, 9);;(5, 7);brown rock;1;2038
;(17, 9);;(5, 7);brown rock;1;2039
;(17, 9);;(5, 7);brown rock;1;2040
MoveEast;(18, 9);;(5, 7);brown rock;1;2041
;(18, 9);;(5, 7);brown rock;1;2042
;(18, 9);;(5, 7);brown rock;1;2043
;(18, 9);;(5, 7);brown rock;1;2044
MoveEast;(19, 9);;(5, 7);brown rock;1;2045
;(19, 9);;(5, 7);brown rock;1;2046
;(19, 9);;(5, 7);brown rock;1;2047
;(19, 9);;(5, 7);brown rock;1;2048
;(19, 9);;(5, 7);brown rock;1;2049
;(19, 9);;(5, 7);brown rock;1;2050
MoveWest;(18, 9);;(5, 7);brown rock;1;2051
;(18, 9);;(5, 7);brown rock;1;2052
;(18, 9);;(5, 7);brown rock;1;2053
MoveWest;(17, 9);;(5, 7);brown rock;1;2054
;(17, 9);;(5, 7);brown rock;1;2055
;(17, 9);;(5, 7);brown rock;1;2056
;(17, 9);;(5, 7);brown rock;1;2057
;(17, 9);;(5, 7);brown rock;1;2058
;(17, 9);;(5, 7);brown rock;1;2059
;(17, 9);;(5, 7);brown rock;1;2060
;(17, 9);;(5, 7);brown rock;1;2061
;(17, 9);;(5, 7);brown rock;1;2062
;(17, 9);;(5, 7);brown rock;1;2063
;(17, 9);;(5, 7);brown rock;1;2064
;(17, 9);;(5, 7);brown rock;1;2065
;(17, 9);;(5, 7);brown rock;1;2066
;(17, 9);;(5, 7);brown rock;1;2067
;(17, 9);;(5, 7);brown rock;1;2068
;(17, 9);;(5, 7);brown rock;1;2069
;(17, 9);;(5, 7);brown rock;1;2070
;(17, 9);;(5, 7);brown rock;1;2071
;(17, 9);;(5, 7);brown rock;1;2072
;(17, 9);;(5, 7);brown rock;1;2073
;(17, 9);;(5, 7);brown rock;1;2074
;(17, 9);;(5, 7);brown rock;1;2075
;(17, 9);;(5, 7);brown rock;1;2076
;(17, 9);;(5, 7);brown rock;1;2077
;(17, 9);;(5, 7);brown rock;1;2078
;(17, 9);;(5, 7);brown rock;1;2079
;(17, 9);;(5, 7);brown rock;1;2080
;(17, 9);;(5, 7);brown rock;1;2081
;(17, 9);;(5, 7);brown rock;1;2082
;(17, 9);;(5, 7);brown rock;1;2083
;(17, 9);;(5, 7);brown rock;1;2084
;(17, 9);;(5, 7);brown rock;1;2085
;(17, 9);;(5, 7);brown rock;1;2086
;(17, 9);;(5, 7);brown rock;1;2087
;(17, 9);;(5, 7);brown rock;1;2088
;(17, 9);;(5, 7);brown rock;1;2089
;(17, 9);;(5, 7);brown rock;1;2090
;(17, 9);;(5, 7);brown rock;1;2091
;(17, 9);;(5, 7);brown rock;1;2092
;(17, 9);;(5, 7);brown rock;1;2093
;(17, 9);;(5, 7);brown rock;1;2094
;(17, 9);;(5, 7);brown rock;1;2095
;(17, 9);;(5, 7);brown rock;1;2096
;(17, 9);;(5, 7);brown rock;1;2097
;(17, 9);;(5, 7);brown rock;1;2098
;(17, 9);;(5, 7);brown rock;1;2099
;(17, 9);;(5, 7);brown rock;1;2100
;(17, 9);;(5, 7);brown rock;1;2101
;(17, 9);;(5, 7);brown rock;1;2102
;(17, 9);;(5, 7);brown rock;1;2103
;(17, 9);;(5, 7);brown rock;1;2104
;(17, 9);;(5, 7);brown rock;1;2105
;(17, 9);;(5, 7);brown rock;1;2106
;(17, 9);;(5, 7);brown rock;1;2107
;(17, 9);;(5, 7);brown rock;1;2108
;(17, 9);;(5, 7);brown rock;1;2109
;(17, 9);;(5, 7);brown rock;1;2110
;(17, 9);;(5, 7);brown rock;1;2111
;(17, 9);;(5, 7);brown rock;1;2112
MoveWest;(16, 9);;(5, 7);brown rock;1;2113
MoveWest;(15, 9);;(5, 7);brown rock;1;2114
;(15, 9);;(5, 7);brown rock;1;2115
;(15, 9);;(5, 7);brown rock;1;2116
;(15, 9);;(5, 7);brown rock;1;2117
;(15, 9);;(5, 7);brown rock;1;2118
;(15, 9);;(5, 7);brown rock;1;2119
;(15, 9);;(5, 7);brown rock;1;2120
;(15, 9);;(5, 7);brown rock;1;2121
;(15, 9);;(5, 7);brown rock;1;2122
;(15, 9);;(5, 7);brown rock;1;2123
;(15, 9);;(5, 7);brown rock;1;2124
;(15, 9);;(5, 7);brown rock;1;2125
;(15, 9);;(5, 7);brown rock;1;2126
;(15, 9);;(5, 7);brown rock;1;2127
;(15, 9);;(5, 7);brown rock;1;2128
;(15, 9);;(5, 7);brown rock;1;2129
;(15, 9);;(5, 7);brown rock;1;2130
;(15, 9);;(5, 7);brown rock;1;2131
;(15, 9);;(5, 7);brown rock;1;2132
;(15, 9);;(5, 7);brown rock;1;2133
;(15, 9);;(5, 7);brown rock;1;2134
;(15, 9);;(5, 7);brown rock;1;2135
;(15, 9);;(5, 7);brown rock;1;2136
;(15, 9);;(5, 7);brown rock;1;2137
MoveWest;(14, 9);;(5, 7);brown rock;1;2138
;(14, 9);;(5, 7);brown rock;1;2139
;(14, 9);;(5, 7);brown rock;1;2140
;(14, 9);;(5, 7);brown rock;1;2141
;(14, 9);;(5, 7);brown rock;1;2142
MoveSouth;(14, 10);;(5, 7);brown rock;1;2143
;(14, 10);;(5, 7);brown rock;1;2144
;(14, 10);;(5, 7);brown rock;1;2145
MoveNorth;(14, 9);;(5, 7);brown rock;1;2146
;(14, 9);;(5, 7);brown rock;1;2147
;(14, 9);;(5, 7);brown rock;1;2148
;(14, 9);;(5, 7);brown rock;1;2149
MoveNorth;(14, 8);;(5, 7);brown rock;1;2150
;(14, 8);;(5, 7);brown rock;1;2151
;(14, 8);;(5, 7);brown rock;1;2152
;(14, 8);;(5, 7);brown rock;1;2153
;(14, 8);;(5, 7);brown rock;1;2154
MoveWest;(13, 8);;(5, 7);brown rock;1;2155
;(13, 8);;(5, 7);brown rock;1;2156
;(13, 8);;(5, 7);brown rock;1;2157
;(13, 8);;(5, 7);brown rock;1;2158
MoveNorth;(13, 7);;(5, 7);brown rock;1;2159
;(13, 7);;(5, 7);brown rock;1;2160
;(13, 7);;(5, 7);brown rock;1;2161
;(13, 7);;(5, 7);brown rock;1;2162
;(13, 7);;(5, 7);brown rock;1;2163
;(13, 7);;(5, 7);brown rock;1;2164
MoveNorth;(13, 6);;(5, 7);brown rock;1;2165
;(13, 6);;(5, 7);brown rock;1;2166
;(13, 6);;(5, 7);brown rock;1;2167
;(13, 6);;(5, 7);brown rock;1;2168
;(13, 6);;(5, 7);brown rock;1;2169
MoveWest;(12, 6);;(5, 7);brown rock;1;2170
;(12, 6);;(5, 7);brown rock;1;2171
;(12, 6);;(5, 7);brown rock;1;2172
;(12, 6);;(5, 7);brown rock;1;2173
MoveSouth;(12, 7);;(5, 7);brown rock;1;2174
;(12, 7);;(5, 7);brown rock;1;2175
;(12, 7);;(5, 7);brown rock;1;2176
;(12, 7);;(5, 7);brown rock;1;2177
;(12, 7);;(5, 7);brown rock;1;2178
GrabObject;(12, 7);;(5, 7);brown rock;1;2179
;(12, 7);;(5, 7);brown rock;1;2180
;(12, 7);;(5, 7);brown rock;1;2181
;(12, 7);;(5, 7);brown rock;1;2182
;(12, 7);;(5, 7);brown rock;1;2183
MoveEast;(13, 7);;(5, 7);brown rock;1;2184
;(13, 7);;(5, 7);brown rock;1;2185
;(13, 7);;(5, 7);brown rock;1;2186
;(13, 7);;(5, 7);brown rock;1;2187
MoveEast;(14, 7);;(5, 7);brown rock;1;2188
;(14, 7);;(5, 7);brown rock;1;2189
;(14, 7);;(5, 7);brown rock;1;2190
MoveEast;(15, 7);;(5, 7);brown rock;1;2191
;(15, 7);;(5, 7);brown rock;1;2192
;(15, 7);;(5, 7);brown rock;1;2193
MoveEast;(16, 7);;(5, 7);brown rock;1;2194
;(16, 7);;(5, 7);brown rock;1;2195
;(16, 7);;(5, 7);brown rock;1;2196
DropObject;(16, 7);;(5, 7);brown rock;1;2197
;(16, 7);;(5, 7);brown rock;1;2198
;(16, 7);;(5, 7);brown rock;1;2199
;(16, 7);;(5, 7);brown rock;1;2200
;(16, 7);;(5, 7);brown rock;1;2201
MoveWest;(15, 7);;(5, 7);brown rock;1;2202
;(15, 7);;(5, 7);brown rock;1;2203
;(15, 7);;(5, 7);brown rock;1;2204
;(15, 7);;(5, 7);brown rock;1;2205
MoveWest;(14, 7);;(5, 7);brown rock;1;2206
;(14, 7);;(5, 7);brown rock;1;2207
;(14, 7);;(5, 7);brown rock;1;2208
MoveNorth;(14, 6);;(5, 7);brown rock;1;2209
;(14, 6);;(5, 7);brown rock;1;2210
;(14, 6);;(5, 7);brown rock;1;2211
;(14, 6);;(5, 7);brown rock;1;2212
;(14, 6);;(5, 7);brown rock;1;2213
MoveNorth;(14, 5);;(5, 7);brown rock;1;2214
;(14, 5);;(5, 7);brown rock;1;2215
MoveWest;(13, 5);;(5, 7);brown rock;1;2216
;(13, 5);;(5, 7);brown rock;1;2217
;(13, 5);;(5, 7);brown rock;1;2218
;(13, 5);;(5, 7);brown rock;1;2219
MoveSouth;(13, 6);;(5, 7);brown rock;1;2220
;(13, 6);;(5, 7);brown rock;1;2221
;(13, 6);;(5, 7);brown rock;1;2222
;(13, 6);;(5, 7);brown rock;1;2223
;(13, 6);;(5, 7);brown rock;1;2224
MoveWest;(12, 6);;(5, 7);brown rock;1;2225
;(12, 6);;(5, 7);brown rock;1;2226
;(12, 6);;(5, 7);brown rock;1;2227
;(12, 6);;(5, 7);brown rock;1;2228
;(12, 6);;(5, 7);brown rock;1;2229
;(12, 6);;(5, 7);brown rock;1;2230
;(12, 6);;(5, 7);brown rock;1;2231
;(12, 6);;(5, 7);brown rock;1;2232
MoveWest;(11, 6);;(5, 7);brown rock;1;2233
;(11, 6);;(5, 7);brown rock;1;2234
;(11, 6);;(5, 7);brown rock;1;2235
;(11, 6);;(5, 7);brown rock;1;2236
GrabObject;(11, 6);;(5, 7);brown rock;1;2237
;(11, 6);;(5, 7);brown rock;1;2238
;(11, 6);;(5, 7);brown rock;1;2239
;(11, 6);;(5, 7);brown rock;1;2240
;(11, 6);;(5, 7);brown rock;1;2241
;(11, 6);;(5, 7);brown rock;1;2242
;(11, 6);;(5, 7);brown rock;1;2243
;(11, 6);;(5, 7);brown rock;1;2244
;(11, 6);;(5, 7);brown rock;1;2245
;(11, 6);;(5, 7);brown rock;1;2246
;(11, 6);;(5, 7);brown rock;1;2247
;(11, 6);;(5, 7);brown rock;1;2248
;(11, 6);;(5, 7);brown rock;1;2249
MoveEast;(12, 6);;(5, 7);brown rock;1;2250
MoveEast;(13, 6);;(5, 7);brown rock;1;2251
;(13, 6);;(5, 7);brown rock;1;2252
;(13, 6);;(5, 7);brown rock;1;2253
;(13, 6);;(5, 7);brown rock;1;2254
MoveEast;(14, 6);;(5, 7);brown rock;1;2255
;(14, 6);;(5, 7);brown rock;1;2256
;(14, 6);;(5, 7);brown rock;1;2257
MoveEast;(15, 6);;(5, 7);brown rock;1;2258
;(15, 6);;(5, 7);brown rock;1;2259
MoveEast;(16, 6);;(5, 7);brown rock;1;2260
;(16, 6);;(5, 7);brown rock;1;2261
;(16, 6);;(5, 7);brown rock;1;2262
;(16, 6);;(5, 7);brown rock;1;2263
MoveEast;(17, 6);;(5, 7);brown rock;1;2264
;(17, 6);;(5, 7);brown rock;1;2265
;(17, 6);;(5, 7);brown rock;1;2266
DropObject;(17, 6);;(5, 7);brown rock;1;2267
;(17, 6);;(5, 7);brown rock;1;2268
;(17, 6);;(5, 7);brown rock;1;2269
;(17, 6);;(5, 7);brown rock;1;2270
;(17, 6);;(5, 7);brown rock;1;2271
;(17, 6);;(5, 7);brown rock;1;2272
;(17, 6);;(5, 7);brown rock;1;2273
;(17, 6);;(5, 7);brown rock;1;2274
;(17, 6);;(5, 7);brown rock;1;2275
;(17, 6);;(5, 7);brown rock;1;2276
;(17, 6);;(5, 7);brown rock;1;2277
;(17, 6);;(5, 7);brown rock;1;2278
;(17, 6);;(5, 7);brown rock;1;2279
;(17, 6);;(5, 7);brown rock;1;2280
;(17, 6);;(5, 7);brown rock;1;2281
;(17, 6);;(5, 7);brown rock;1;2282
;(17, 6);;(5, 7);brown rock;1;2283
;(17, 6);;(5, 7);brown rock;1;2284
;(17, 6);;(5, 7);brown rock;1;2285
;(17, 6);;(5, 7);brown rock;1;2286
;(17, 6);;(5, 7);brown rock;1;2287
;(17, 6);;(5, 7);brown rock;1;2288
;(17, 6);;(5, 7);brown rock;1;2289
;(17, 6);;(5, 7);brown rock;1;2290
;(17, 6);;(5, 7);brown rock;1;2291
;(17, 6);;(5, 7);brown rock;1;2292
;(17, 6);;(5, 7);brown rock;1;2293
;(17, 6);;(5, 7);brown rock;1;2294
;(17, 6);;(5, 7);brown rock;1;2295
;(17, 6);;(5, 7);brown rock;1;2296
;(17, 6);;(5, 7);brown rock;1;2297
;(17, 6);;(5, 7);brown rock;1;2298
;(17, 6);;(5, 7);brown rock;1;2299
;(17, 6);;(5, 7);brown rock;1;2300
;(17, 6);;(5, 7);brown rock;1;2301
;(17, 6);;(5, 7);brown rock;1;2302
;(17, 6);;(5, 7);brown rock;1;2303
;(17, 6);;(5, 7);brown rock;1;2304
;(17, 6);;(5, 7);brown rock;1;2305
;(17, 6);;(5, 7);brown rock;1;2306
;(17, 6);;(5, 7);brown rock;1;2307
;(17, 6);;(5, 7);brown rock;1;2308
;(17, 6);;(5, 7);brown rock;1;2309
;(17, 6);;(5, 7);brown rock;1;2310
;(17, 6);;(5, 7);brown rock;1;2311
;(17, 6);;(5, 7);brown rock;1;2312
;(17, 6);;(5, 7);brown rock;1;2313
;(17, 6);;(5, 7);brown rock;1;2314
;(17, 6);;(5, 7);brown rock;1;2315
;(17, 6);;(5, 7);brown rock;1;2316
;(17, 6);;(5, 7);brown rock;1;2317
;(17, 6);;(5, 7);brown rock;1;2318
;(17, 6);;(5, 7);brown rock;1;2319
;(17, 6);;(5, 7);brown rock;1;2320
;(17, 6);;(5, 7);brown rock;1;2321
;(17, 6);;(5, 7);brown rock;1;2322
;(17, 6);;(5, 7);brown rock;1;2323
;(17, 6);;(5, 7);brown rock;1;2324
;(17, 6);;(5, 7);brown rock;1;2325
;(17, 6);;(5, 7);brown rock;1;2326
;(17, 6);;(5, 7);brown rock;1;2327
;(17, 6);;(5, 7);brown rock;1;2328
;(17, 6);;(5, 7);brown rock;1;2329
MoveWest;(16, 6);;(5, 7);brown rock;1;2330
;(16, 6);;(5, 7);brown rock;1;2331
;(16, 6);;(5, 7);brown rock;1;2332
;(16, 6);;(5, 7);brown rock;1;2333
MoveNorth;(16, 5);;(5, 7);brown rock;1;2334
;(16, 5);;(5, 7);brown rock;1;2335
MoveNorth;(16, 4);;(5, 7);brown rock;1;2336
;(16, 4);;(5, 7);brown rock;1;2337
;(16, 4);;(5, 7);brown rock;1;2338
;(16, 4);;(5, 7);brown rock;1;2339
MoveWest;(15, 4);;(5, 7);brown rock;1;2340
;(15, 4);;(5, 7);brown rock;1;2341
;(15, 4);;(5, 7);brown rock;1;2342
MoveWest;(14, 4);;(5, 7);brown rock;1;2343
;(14, 4);;(5, 7);brown rock;1;2344
;(14, 4);;(5, 7);brown rock;1;2345
;(14, 4);;(5, 7);brown rock;1;2346
;(14, 4);;(5, 7);brown rock;1;2347
MoveWest;(13, 4);;(5, 7);brown rock;1;2348
;(13, 4);;(5, 7);brown rock;1;2349
;(13, 4);;(5, 7);brown rock;1;2350
MoveWest;(12, 4);;(5, 7);brown rock;1;2351
;(12, 4);;(5, 7);brown rock;1;2352
;(12, 4);;(5, 7);brown rock;1;2353
;(12, 4);;(5, 7);brown rock;1;2354
MoveWest;(11, 4);;(5, 7);brown rock;1;2355
;(11, 4);;(5, 7);brown rock;1;2356
;(11, 4);;(5, 7);brown rock;1;2357
;(11, 4);;(5, 7);brown rock;1;2358
MoveWest;(10, 4);;(5, 7);brown rock;1;2359
;(10, 4);;(5, 7);brown rock;1;2360
;(10, 4);;(5, 7);brown rock;1;2361
;(10, 4);;(5, 7);brown rock;1;2362
;(10, 4);;(5, 7);brown rock;1;2363
;(10, 4);;(5, 7);brown rock;1;2364
;(10, 4);;(5, 7);brown rock;1;2365
;(10, 4);;(5, 7);brown rock;1;2366
GrabObject;(10, 4);;(5, 7);brown rock;1;2367
;(10, 4);;(5, 7);brown rock;1;2368
;(10, 4);;(5, 7);brown rock;1;2369
;(10, 4);;(5, 7);brown rock;1;2370
;(10, 4);;(5, 7);brown rock;1;2371
;(10, 4);;(5, 7);brown rock;1;2372
;(10, 4);;(5, 7);brown rock;1;2373
;(10, 4);;(5, 7);brown rock;1;2374
;(10, 4);;(5, 7);brown rock;1;2375
;(10, 4);;(5, 7);brown rock;1;2376
;(10, 4);;(5, 7);brown rock;1;2377
GrabObject;(10, 4);;(5, 7);brown rock;1;2378
;(10, 4);;(5, 7);brown rock;1;2379
;(10, 4);;(5, 7);brown rock;1;2380
;(10, 4);;(5, 7);brown rock;1;2381
;(10, 4);;(5, 7);brown rock;1;2382
;(10, 4);;(5, 7);brown rock;1;2383
;(10, 4);;(5, 7);brown rock;1;2384
;(10, 4);;(5, 7);brown rock;1;2385
;(10, 4);;(5, 7);brown rock;1;2386
;(10, 4);;(5, 7);brown rock;1;2387
GrabObject;(10, 4);;(5, 7);brown rock;1;2388
;(10, 4);;(5, 7);brown rock;1;2389
;(10, 4);;(5, 7);brown rock;1;2390
;(10, 4);;(5, 7);brown rock;1;2391
;(10, 4);;(5, 7);brown rock;1;2392
;(10, 4);;(5, 7);brown rock;1;2393
;(10, 4);;(5, 7);brown rock;1;2394
;(10, 4);;(5, 7);brown rock;1;2395
;(10, 4);;(5, 7);brown rock;1;2396
MoveSouth;(10, 5);;(5, 7);brown rock;1;2397
;(10, 5);;(5, 7);brown rock;1;2398
;(10, 5);;(5, 7);brown rock;1;2399
;(10, 5);;(5, 7);brown rock;1;2400
;(10, 5);;(5, 7);brown rock;1;2401
MoveWest;(9, 5);;(5, 7);brown rock;1;2402
;(9, 5);;(5, 7);brown rock;1;2403
;(9, 5);;(5, 7);brown rock;1;2404
;(9, 5);;(5, 7);brown rock;1;2405
;(9, 5);;(5, 7);brown rock;1;2406
;(9, 5);;(5, 7);brown rock;1;2407
;(9, 5);;(5, 7);brown rock;1;2408
;(9, 5);;(5, 7);brown rock;1;2409
;(9, 5);;(5, 7);brown rock;1;2410
;(9, 5);;(5, 7);brown rock;1;2411
MoveSouth;(9, 6);;(5, 7);brown rock;1;2412
;(9, 6);;(5, 7);brown rock;1;2413
;(9, 6);;(5, 7);brown rock;1;2414
;(9, 6);;(5, 7);brown rock;1;2415
;(9, 6);;(5, 7);brown rock;1;2416
;(9, 6);;(5, 7);brown rock;1;2417
MoveEast;(10, 6);;(5, 7);brown rock;1;2418
;(10, 6);;(5, 7);brown rock;1;2419
;(10, 6);;(5, 7);brown rock;1;2420
;(10, 6);;(5, 7);brown rock;1;2421
MoveSouth;(10, 7);;(5, 7);brown rock;1;2422
;(10, 7);;(5, 7);brown rock;1;2423
;(10, 7);;(5, 7);brown rock;1;2424
;(10, 7);;(5, 7);brown rock;1;2425
;(10, 7);;(5, 7);brown rock;1;2426
;(10, 7);;(5, 7);brown rock;1;2427
MoveEast;(11, 7);;(5, 7);brown rock;1;2428
;(11, 7);;(5, 7);brown rock;1;2429
;(11, 7);;(5, 7);brown rock;1;2430
;(11, 7);;(5, 7);brown rock;1;2431
;(11, 7);;(5, 7);brown rock;1;2432
;(11, 7);;(5, 7);brown rock;1;2433
;(11, 7);;(5, 7);brown rock;1;2434
;(11, 7);;(5, 7);brown rock;1;2435
;(11, 7);;(5, 7);brown rock;1;2436
GrabObject;(11, 7);;(5, 7);brown rock;1;2437
;(11, 7);;(5, 7);brown rock;1;2438
;(11, 7);;(5, 7);brown rock;1;2439
;(11, 7);;(5, 7);brown rock;1;2440
;(11, 7);;(5, 7);brown rock;1;2441
MoveEast;(12, 7);;(5, 7);brown rock;1;2442
;(12, 7);;(5, 7);brown rock;1;2443
;(12, 7);;(5, 7);brown rock;1;2444
MoveEast;(13, 7);;(5, 7);brown rock;1;2445
;(13, 7);;(5, 7);brown rock;1;2446
;(13, 7);;(5, 7);brown rock;1;2447
MoveEast;(14, 7);;(5, 7);brown rock;1;2448
;(14, 7);;(5, 7);brown rock;1;2449
;(14, 7);;(5, 7);brown rock;1;2450
MoveEast;(15, 7);;(5, 7);brown rock;1;2451
;(15, 7);;(5, 7);brown rock;1;2452
;(15, 7);;(5, 7);brown rock;1;2453
;(15, 7);;(5, 7);brown rock;1;2454
MoveEast;(16, 7);;(5, 7);brown rock;1;2455
;(16, 7);;(5, 7);brown rock;1;2456
;(16, 7);;(5, 7);brown rock;1;2457
;(16, 7);;(5, 7);brown rock;1;2458
;(16, 7);;(5, 7);brown rock;1;2459
DropObject;(16, 7);;(5, 7);brown rock;1;2460
;(16, 7);;(5, 7);brown rock;1;2461
;(16, 7);;(5, 7);brown rock;1;2462
;(16, 7);;(5, 7);brown rock;1;2463
MoveWest;(15, 7);;(5, 7);brown rock;1;2464
;(15, 7);;(5, 7);brown rock;1;2465
;(15, 7);;(5, 7);brown rock;1;2466
;(15, 7);;(5, 7);brown rock;1;2467
;(15, 7);;(5, 7);brown rock;1;2468
;(15, 7);;(5, 7);brown rock;1;2469
;(15, 7);;(5, 7);brown rock;1;2470
;(15, 7);;(5, 7);brown rock;1;2471
;(15, 7);;(5, 7);brown rock;1;2472
;(15, 7);;(5, 7);brown rock;1;2473
;(15, 7);;(5, 7);brown rock;1;2474
;(15, 7);;(5, 7);brown rock;1;2475
;(15, 7);;(5, 7);brown rock;1;2476
;(15, 7);;(5, 7);brown rock;1;2477
;(15, 7);;(5, 7);brown rock;1;2478
;(15, 7);;(5, 7);brown rock;1;2479
;(15, 7);;(5, 7);brown rock;1;2480
;(15, 7);;(5, 7);brown rock;1;2481
;(15, 7);;(5, 7);brown rock;1;2482
;(15, 7);;(5, 7);brown rock;1;2483
;(15, 7);;(5, 7);brown rock;1;2484
;(15, 7);;(5, 7);brown rock;1;2485
;(15, 7);;(5, 7);brown rock;1;2486
;(15, 7);;(5, 7);brown rock;1;2487
;(15, 7);;(5, 7);brown rock;1;2488
;(15, 7);;(5, 7);brown rock;1;2489
;(15, 7);;(5, 7);brown rock;1;2490
;(15, 7);;(5, 7);brown rock;1;2491
;(15, 7);;(5, 7);brown rock;1;2492
;(15, 7);;(5, 7);brown rock;1;2493
;(15, 7);;(5, 7);brown rock;1;2494
;(15, 7);;(5, 7);brown rock;1;2495
;(15, 7);;(5, 7);brown rock;1;2496
;(15, 7);;(5, 7);brown rock;1;2497
;(15, 7);;(5, 7);brown rock;1;2498
;(15, 7);;(5, 7);brown rock;1;2499
;(15, 7);;(5, 7);brown rock;1;2500
;(15, 7);;(5, 7);brown rock;1;2501
;(15, 7);;(5, 7);brown rock;1;2502
;(15, 7);;(5, 7);brown rock;1;2503
;(15, 7);;(5, 7);brown rock;1;2504
;(15, 7);;(5, 7);brown rock;1;2505
;(15, 7);;(5, 7);brown rock;1;2506
;(15, 7);;(5, 7);brown rock;1;2507
;(15, 7);;(5, 7);brown rock;1;2508
;(15, 7);;(5, 7);brown rock;1;2509
;(15, 7);;(5, 7);brown rock;1;2510
;(15, 7);;(5, 7);brown rock;1;2511
;(15, 7);;(5, 7);brown rock;1;2512
;(15, 7);;(5, 7);brown rock;1;2513
;(15, 7);;(5, 7);brown rock;1;2514
;(15, 7);;(5, 7);brown rock;1;2515
;(15, 7);;(5, 7);brown rock;1;2516
;(15, 7);;(5, 7);brown rock;1;2517
;(15, 7);;(5, 7);brown rock;1;2518
;(15, 7);;(5, 7);brown rock;1;2519
;(15, 7);;(5, 7);brown rock;1;2520
;(15, 7);;(5, 7);brown rock;1;2521
;(15, 7);;(5, 7);brown rock;1;2522
;(15, 7);;(5, 7);brown rock;1;2523
;(15, 7);;(5, 7);brown rock;1;2524
;(15, 7);;(5, 7);brown rock;1;2525
;(15, 7);;(5, 7);brown rock;1;2526
;(15, 7);;(5, 7);brown rock;1;2527
;(15, 7);;(5, 7);brown rock;1;2528
;(15, 7);;(5, 7);brown rock;1;2529
;(15, 7);;(5, 7);brown rock;1;2530
;(15, 7);;(5, 7);brown rock;1;2531
;(15, 7);;(5, 7);brown rock;1;2532
;(15, 7);;(5, 7);brown rock;1;2533
;(15, 7);;(5, 7);brown rock;1;2534
;(15, 7);;(5, 7);brown rock;1;2535
;(15, 7);;(5, 7);brown rock;1;2536
;(15, 7);;(5, 7);brown rock;1;2537
;(15, 7);;(5, 7);brown rock;1;2538
;(15, 7);;(5, 7);brown rock;1;2539
;(15, 7);;(5, 7);brown rock;1;2540
;(15, 7);;(5, 7);brown rock;1;2541
;(15, 7);;(5, 7);brown rock;1;2542
;(15, 7);;(5, 7);brown rock;1;2543
;(15, 7);;(5, 7);brown rock;1;2544
;(15, 7);;(5, 7);brown rock;1;2545
;(15, 7);;(5, 7);brown rock;1;2546
;(15, 7);;(5, 7);brown rock;1;2547
;(15, 7);;(5, 7);brown rock;1;2548
;(15, 7);;(5, 7);brown rock;1;2549
;(15, 7);;(5, 7);brown rock;1;2550
;(15, 7);;(5, 7);brown rock;1;2551
;(15, 7);;(5, 7);brown rock;1;2552
;(15, 7);;(5, 7);brown rock;1;2553
;(15, 7);;(5, 7);brown rock;1;2554
;(15, 7);;(5, 7);brown rock;1;2555
;(15, 7);;(5, 7);brown rock;1;2556
;(15, 7);;(5, 7);brown rock;1;2557
;(15, 7);;(5, 7);brown rock;1;2558
;(15, 7);;(5, 7);brown rock;1;2559
;(15, 7);;(5, 7);brown rock;1;2560
;(15, 7);;(5, 7);brown rock;1;2561
;(15, 7);;(5, 7);brown rock;1;2562
;(15, 7);;(5, 7);brown rock;1;2563
;(15, 7);;(5, 7);brown rock;1;2564
;(15, 7);;(5, 7);brown rock;1;2565
;(15, 7);;(5, 7);brown rock;1;2566
;(15, 7);;(5, 7);brown rock;1;2567
;(15, 7);;(5, 7);brown rock;1;2568
;(15, 7);;(5, 7);brown rock;1;2569
;(15, 7);;(5, 7);brown rock;1;2570
;(15, 7);;(5, 7);brown rock;1;2571
;(15, 7);;(5, 7);brown rock;1;2572
;(15, 7);;(5, 7);brown rock;1;2573
;(15, 7);;(5, 7);brown rock;1;2574
;(15, 7);;(5, 7);brown rock;1;2575
;(15, 7);;(5, 7);brown rock;1;2576
;(15, 7);;(5, 7);brown rock;1;2577
;(15, 7);;(5, 7);brown rock;1;2578
;(15, 7);;(5, 7);brown rock;1;2579
;(15, 7);;(5, 7);brown rock;1;2580
;(15, 7);;(5, 7);brown rock;1;2581
;(15, 7);;(5, 7);brown rock;1;2582
;(15, 7);;(5, 7);brown rock;1;2583
;(15, 7);;(5, 7);brown rock;1;2584
;(15, 7);;(5, 7);brown rock;1;2585
;(15, 7);;(5, 7);brown rock;1;2586
;(15, 7);;(5, 7);brown rock;1;2587
;(15, 7);;(5, 7);brown rock;1;2588
;(15, 7);;(5, 7);brown rock;1;2589
;(15, 7);;(5, 7);brown rock;1;2590
;(15, 7);;(5, 7);brown rock;1;2591
;(15, 7);;(5, 7);brown rock;1;2592
;(15, 7);;(5, 7);brown rock;1;2593
;(15, 7);;(5, 7);brown rock;1;2594
;(15, 7);;(5, 7);brown rock;1;2595
;(15, 7);;(5, 7);brown rock;1;2596
;(15, 7);;(5, 7);brown rock;1;2597
;(15, 7);;(5, 7);brown rock;1;2598
;(15, 7);;(5, 7);brown rock;1;2599
;(15, 7);;(5, 7);brown rock;1;2600
;(15, 7);;(5, 7);brown rock;1;2601
;(15, 7);;(5, 7);brown rock;1;2602
;(15, 7);;(5, 7);brown rock;1;2603
;(15, 7);;(5, 7);brown rock;1;2604
;(15, 7);;(5, 7);brown rock;1;2605
;(15, 7);;(5, 7);brown rock;1;2606
;(15, 7);;(5, 7);brown rock;1;2607
;(15, 7);;(5, 7);brown rock;1;2608
;(15, 7);;(5, 7);brown rock;1;2609
;(15, 7);;(5, 7);brown rock;1;2610
;(15, 7);;(5, 7);brown rock;1;2611
;(15, 7);;(5, 7);brown rock;1;2612
;(15, 7);;(5, 7);brown rock;1;2613
;(15, 7);;(5, 7);brown rock;1;2614
;(15, 7);;(5, 7);brown rock;1;2615
;(15, 7);;(5, 7);brown rock;1;2616
;(15, 7);;(5, 7);brown rock;1;2617
;(15, 7);;(5, 7);brown rock;1;2618
;(15, 7);;(5, 7);brown rock;1;2619
;(15, 7);;(5, 7);brown rock;1;2620
;(15, 7);;(5, 7);brown rock;1;2621
;(15, 7);;(5, 7);brown rock;1;2622
;(15, 7);;(5, 7);brown rock;1;2623
;(15, 7);;(5, 7);brown rock;1;2624
;(15, 7);;(5, 7);brown rock;1;2625
;(15, 7);;(5, 7);brown rock;1;2626
;(15, 7);;(5, 7);brown rock;1;2627
MoveWest;(14, 7);;(5, 7);brown rock;1;2628
;(14, 7);;(5, 7);brown rock;1;2629
;(14, 7);;(5, 7);brown rock;1;2630
;(14, 7);;(5, 7);brown rock;1;2631
;(14, 7);;(5, 7);brown rock;1;2632
;(14, 7);;(5, 7);brown rock;1;2633
;(14, 7);;(5, 7);brown rock;1;2634
;(14, 7);;(5, 7);brown rock;1;2635
;(14, 7);;(5, 7);brown rock;1;2636
;(14, 7);;(5, 7);brown rock;1;2637
;(14, 7);;(5, 7);brown rock;1;2638
;(14, 7);;(5, 7);brown rock;1;2639
;(14, 7);;(5, 7);brown rock;1;2640
MoveWest;(13, 7);;(5, 7);brown rock;1;2641
;(13, 7);;(5, 7);brown rock;1;2642
;(13, 7);;(5, 7);brown rock;1;2643
;(13, 7);;(5, 7);brown rock;1;2644
;(13, 7);;(5, 7);brown rock;1;2645
MoveWest;(12, 7);;(5, 7);brown rock;1;2646
;(12, 7);;(5, 7);brown rock;1;2647
;(12, 7);;(5, 7);brown rock;1;2648
;(12, 7);;(5, 7);brown rock;1;2649
MoveSouth;(12, 8);;(5, 7);brown rock;1;2650
;(12, 8);;(5, 7);brown rock;1;2651
;(12, 8);;(5, 7);brown rock;1;2652
;(12, 8);;(5, 7);brown rock;1;2653
;(12, 8);;(5, 7);brown rock;1;2654
;(12, 8);;(5, 7);brown rock;1;2655
;(12, 8);;(5, 7);brown rock;1;2656
MoveSouth;(12, 9);;(5, 7);brown rock;1;2657
;(12, 9);;(5, 7);brown rock;1;2658
;(12, 9);;(5, 7);brown rock;1;2659
;(12, 9);;(5, 7);brown rock;1;2660
;(12, 9);;(5, 7);brown rock;1;2661
;(12, 9);;(5, 7);brown rock;1;2662
;(12, 9);;(5, 7);brown rock;1;2663
;(12, 9);;(5, 7);brown rock;1;2664
MoveEast;(13, 9);;(5, 7);brown rock;1;2665
;(13, 9);;(5, 7);brown rock;1;2666
;(13, 9);;(5, 7);brown rock;1;2667
;(13, 9);;(5, 7);brown rock;1;2668
;(13, 9);;(5, 7);brown rock;1;2669
;(13, 9);;(5, 7);brown rock;1;2670
;(13, 9);;(5, 7);brown rock;1;2671
;(13, 9);;(5, 7);brown rock;1;2672
;(13, 9);;(5, 7);brown rock;1;2673
MoveWest;(12, 9);;(5, 7);brown rock;1;2674
;(12, 9);;(5, 7);brown rock;1;2675
;(12, 9);;(5, 7);brown rock;1;2676
;(12, 9);;(5, 7);brown rock;1;2677
;(12, 9);;(5, 7);brown rock;1;2678
;(12, 9);;(5, 7);brown rock;1;2679
;(12, 9);;(5, 7);brown rock;1;2680
;(12, 9);;(5, 7);brown rock;1;2681
;(12, 9);;(5, 7);brown rock;1;2682
;(12, 9);;(5, 7);brown rock;1;2683
;(12, 9);;(5, 7);brown rock;1;2684
;(12, 9);;(5, 7);brown rock;1;2685
;(12, 9);;(5, 7);brown rock;1;2686
;(12, 9);;(5, 7);brown rock;1;2687
;(12, 9);;(5, 7);brown rock;1;2688
;(12, 9);;(5, 7);brown rock;1;2689
;(12, 9);;(5, 7);brown rock;1;2690
;(12, 9);;(5, 7);brown rock;1;2691
;(12, 9);;(5, 7);brown rock;1;2692
;(12, 9);;(5, 7);brown rock;1;2693
;(12, 9);;(5, 7);brown rock;1;2694
;(12, 9);;(5, 7);brown rock;1;2695
;(12, 9);;(5, 7);brown rock;1;2696
;(12, 9);;(5, 7);brown rock;1;2697
;(12, 9);;(5, 7);brown rock;1;2698
;(12, 9);;(5, 7);brown rock;1;2699
;(12, 9);;(5, 7);brown rock;1;2700
;(12, 9);;(5, 7);brown rock;1;2701
;(12, 9);;(5, 7);brown rock;1;2702
;(12, 9);;(5, 7);brown rock;1;2703
;(12, 9);;(5, 7);brown rock;1;2704
;(12, 9);;(5, 7);brown rock;1;2705
;(12, 9);;(5, 7);brown rock;1;2706
;(12, 9);;(5, 7);brown rock;1;2707
;(12, 9);;(5, 7);brown rock;1;2708
;(12, 9);;(5, 7);brown rock;1;2709
;(12, 9);;(5, 7);brown rock;1;2710
;(12, 9);;(5, 7);brown rock;1;2711
;(12, 9);;(5, 7);brown rock;1;2712
;(12, 9);;(5, 7);brown rock;1;2713
MoveWest;(11, 9);;(5, 7);brown rock;1;2714
;(11, 9);;(5, 7);brown rock;1;2715
;(11, 9);;(5, 7);brown rock;1;2716
;(11, 9);;(5, 7);brown rock;1;2717
MoveWest;(10, 9);;(5, 7);brown rock;1;2718
;(10, 9);;(5, 7);brown rock;1;2719
;(10, 9);;(5, 7);brown rock;1;2720
MoveWest;(9, 9);;(5, 7);brown rock;1;2721
;(9, 9);;(5, 7);brown rock;1;2722
;(9, 9);;(5, 7);brown rock;1;2723
MoveWest;(8, 9);;(5, 7);brown rock;1;2724
;(8, 9);;(5, 7);brown rock;1;2725
;(8, 9);;(5, 7);brown rock;1;2726
;(8, 9);;(5, 7);brown rock;1;2727
;(8, 9);;(5, 7);brown rock;1;2728
;(8, 9);;(5, 7);brown rock;1;2729
;(8, 9);;(5, 7);brown rock;1;2730
;(8, 9);;(5, 7);brown rock;1;2731
;(8, 9);;(5, 7);brown rock;1;2732
;(8, 9);;(5, 7);brown rock;1;2733
;(8, 9);;(5, 7);brown rock;1;2734
MoveEast;(9, 9);;(5, 7);brown rock;1;2735
;(9, 9);;(5, 7);brown rock;1;2736
;(9, 9);;(5, 7);brown rock;1;2737
;(9, 9);;(5, 7);brown rock;1;2738
;(9, 9);;(5, 7);brown rock;1;2739
GrabObject;(9, 9);;(5, 7);brown rock;1;2740
;(9, 9);;(5, 7);brown rock;1;2741
;(9, 9);;(5, 7);brown rock;1;2742
;(9, 9);;(5, 7);brown rock;1;2743
MoveWest;(8, 9);;(5, 7);brown rock;1;2744
;(8, 9);;(5, 7);brown rock;1;2745
;(8, 9);;(5, 7);brown rock;1;2746
;(8, 9);;(5, 7);brown rock;1;2747
MoveWest;(7, 9);;(5, 7);brown rock;1;2748
;(7, 9);;(5, 7);brown rock;1;2749
;(7, 9);;(5, 7);brown rock;1;2750
MoveWest;(6, 9);;(5, 7);brown rock;1;2751
;(6, 9);;(5, 7);brown rock;1;2752
;(6, 9);;(5, 7);brown rock;1;2753
;(6, 9);;(5, 7);brown rock;1;2754
MoveWest;(5, 9);;(5, 7);brown rock;1;2755
;(5, 9);;(5, 7);brown rock;1;2756
;(5, 9);;(5, 7);brown rock;1;2757
MoveWest;(4, 9);;(5, 7);brown rock;1;2758
;(4, 9);;(5, 7);brown rock;1;2759
;(4, 9);;(5, 7);brown rock;1;2760
DropObject;(4, 9);;(5, 7);brown rock;1;2761
;(4, 9);;(5, 7);brown rock;1;2762
;(4, 9);;(5, 7);brown rock;1;2763
;(4, 9);;(5, 7);brown rock;1;2764
MoveEast;(5, 9);;(5, 7);brown rock;1;2765
;(5, 9);;(5, 7);brown rock;1;2766
;(5, 9);;(5, 7);brown rock;1;2767
;(5, 9);;(5, 7);brown rock;1;2768
MoveNorth;(5, 8);;(5, 7);brown rock;1;2769
;(5, 8);;(5, 7);brown rock;1;2770
;(5, 8);;(5, 7);brown rock;1;2771
;(5, 8);;(5, 7);brown rock;1;2772
MoveNorth;(5, 7);;(5, 7);brown rock;1;2773
;(5, 7);;(5, 7);brown rock;1;2774
;(5, 7);;(5, 7);brown rock;1;2775
;(5, 7);;(5, 7);brown rock;1;2776
;(5, 7);;(5, 7);brown rock;1;2777
;(5, 7);;(5, 7);brown rock;1;2778
;(5, 7);;(5, 7);brown rock;1;2779
;(5, 7);;(5, 7);brown rock;1;2780
MoveNorth;(5, 6);;(5, 7);brown rock;1;2781
;(5, 6);;(5, 7);brown rock;1;2782
;(5, 6);;(5, 7);brown rock;1;2783
GrabObject;(5, 6);;(5, 7);brown rock;1;2784
;(5, 6);;(5, 7);brown rock;1;2785
;(5, 6);;(5, 7);brown rock;1;2786
;(5, 6);;(5, 7);brown rock;1;2787
;(5, 6);;(5, 7);brown rock;1;2788
;(5, 6);;(5, 7);brown rock;1;2789
;(5, 6);;(5, 7);brown rock;1;2790
MoveSouth;(5, 7);;(5, 7);brown rock;1;2791
;(5, 7);;(5, 7);brown rock;1;2792
;(5, 7);;(5, 7);brown rock;1;2793
MoveNorth;(5, 6);;(5, 7);brown rock;1;2794
;(5, 6);;(5, 7);brown rock;1;2795
;(5, 6);;(5, 7);brown rock;1;2796
;(5, 6);;(5, 7);brown rock;1;2797
;(5, 6);;(5, 7);brown rock;1;2798
MoveEast;(6, 6);;(5, 7);brown rock;1;2799
;(6, 6);;(5, 7);brown rock;1;2800
;(6, 6);;(5, 7);brown rock;1;2801
;(6, 6);;(5, 7);brown rock;1;2802
MoveEast;(7, 6);;(5, 7);brown rock;1;2803
;(7, 6);;(5, 7);brown rock;1;2804
;(7, 6);;(5, 7);brown rock;1;2805
MoveNorth;(7, 5);;(5, 7);brown rock;1;2806
;(7, 5);;(5, 7);brown rock;1;2807
;(7, 5);;(5, 7);brown rock;1;2808
;(7, 5);;(5, 7);brown rock;1;2809
;(7, 5);;(5, 7);brown rock;1;2810
MoveEast;(8, 5);;(5, 7);brown rock;1;2811
;(8, 5);;(5, 7);brown rock;1;2812
;(8, 5);;(5, 7);brown rock;1;2813
;(8, 5);;(5, 7);brown rock;1;2814
;(8, 5);;(5, 7);brown rock;1;2815
MoveEast;(9, 5);;(5, 7);brown rock;1;2816
;(9, 5);;(5, 7);brown rock;1;2817
;(9, 5);;(5, 7);brown rock;1;2818
;(9, 5);;(5, 7);brown rock;1;2819
MoveEast;(10, 5);;(5, 7);brown rock;1;2820
;(10, 5);;(5, 7);brown rock;1;2821
;(10, 5);;(5, 7);brown rock;1;2822
MoveNorth;(10, 4);;(5, 7);brown rock;1;2823
;(10, 4);;(5, 7);brown rock;1;2824
;(10, 4);;(5, 7);brown rock;1;2825
MoveEast;(11, 4);;(5, 7);brown rock;1;2826
;(11, 4);;(5, 7);brown rock;1;2827
;(11, 4);;(5, 7);brown rock;1;2828
;(11, 4);;(5, 7);brown rock;1;2829
;(11, 4);;(5, 7);brown rock;1;2830
;(11, 4);;(5, 7);brown rock;1;2831
DropObject;(11, 4);;(5, 7);brown rock;1;2832
;(11, 4);;(5, 7);brown rock;1;2833
;(11, 4);;(5, 7);brown rock;1;2834
;(11, 4);;(5, 7);brown rock;1;2835
;(11, 4);;(5, 7);brown rock;1;2836
GrabObject;(11, 4);;(5, 7);brown rock;1;2837
;(11, 4);;(5, 7);brown rock;1;2838
;(11, 4);;(5, 7);brown rock;1;2839
;(11, 4);;(5, 7);brown rock;1;2840
;(11, 4);;(5, 7);brown rock;1;2841
;(11, 4);;(5, 7);brown rock;1;2842
;(11, 4);;(5, 7);brown rock;1;2843
;(11, 4);;(5, 7);brown rock;1;2844
GrabObject;(11, 4);;(5, 7);brown rock;1;2845
;(11, 4);;(5, 7);brown rock;1;2846
;(11, 4);;(5, 7);brown rock;1;2847
;(11, 4);;(5, 7);brown rock;1;2848
;(11, 4);;(5, 7);brown rock;1;2849
;(11, 4);;(5, 7);brown rock;1;2850
GrabObject;(11, 4);;(5, 7);brown rock;1;2851
;(11, 4);;(5, 7);brown rock;1;2852
;(11, 4);;(5, 7);brown rock;1;2853
;(11, 4);;(5, 7);brown rock;1;2854
GrabObject;(11, 4);;(5, 7);brown rock;1;2855
;(11, 4);;(5, 7);brown rock;1;2856
;(11, 4);;(5, 7);brown rock;1;2857
;(11, 4);;(5, 7);brown rock;1;2858
;(11, 4);;(5, 7);brown rock;1;2859
;(11, 4);;(5, 7);brown rock;1;2860
;(11, 4);;(5, 7);brown rock;1;2861
DropObject;(11, 4);;(5, 7);brown rock;1;2862
;(11, 4);;(5, 7);brown rock;1;2863
;(11, 4);;(5, 7);brown rock;1;2864
;(11, 4);;(5, 7);brown rock;1;2865
;(11, 4);;(5, 7);brown rock;1;2866
;(11, 4);;(5, 7);brown rock;1;2867
;(11, 4);;(5, 7);brown rock;1;2868
;(11, 4);;(5, 7);brown rock;1;2869
;(11, 4);;(5, 7);brown rock;1;2870
;(11, 4);;(5, 7);brown rock;1;2871
;(11, 4);;(5, 7);brown rock;1;2872
MoveSouth;(11, 5);;(5, 7);brown rock;1;2873
;(11, 5);;(5, 7);brown rock;1;2874
;(11, 5);;(5, 7);brown rock;1;2875
;(11, 5);;(5, 7);brown rock;1;2876
;(11, 5);;(5, 7);brown rock;1;2877
;(11, 5);;(5, 7);brown rock;1;2878
MoveSouth;(11, 6);;(5, 7);brown rock;1;2879
;(11, 6);;(5, 7);brown rock;1;2880
;(11, 6);;(5, 7);brown rock;1;2881
;(11, 6);;(5, 7);brown rock;1;2882
MoveWest;(10, 6);;(5, 7);brown rock;1;2883
;(10, 6);;(5, 7);brown rock;1;2884
;(10, 6);;(5, 7);brown rock;1;2885
;(10, 6);;(5, 7);brown rock;1;2886
;(10, 6);;(5, 7);brown rock;1;2887
MoveWest;(9, 6);;(5, 7);brown rock;1;2888
;(9, 6);;(5, 7);brown rock;1;2889
;(9, 6);;(5, 7);brown rock;1;2890
;(9, 6);;(5, 7);brown rock;1;2891
;(9, 6);;(5, 7);brown rock;1;2892
;(9, 6);;(5, 7);brown rock;1;2893
MoveSouth;(9, 7);;(5, 7);brown rock;1;2894
;(9, 7);;(5, 7);brown rock;1;2895
;(9, 7);;(5, 7);brown rock;1;2896
;(9, 7);;(5, 7);brown rock;1;2897
;(9, 7);;(5, 7);brown rock;1;2898
MoveSouth;(9, 8);;(5, 7);brown rock;1;2899
;(9, 8);;(5, 7);brown rock;1;2900
;(9, 8);;(5, 7);brown rock;1;2901
MoveSouth;(9, 9);;(5, 7);brown rock;1;2902
;(9, 9);;(5, 7);brown rock;1;2903
;(9, 9);;(5, 7);brown rock;1;2904
MoveSouth;(9, 10);;(5, 7);brown rock;1;2905
;(9, 10);;(5, 7);brown rock;1;2906
;(9, 10);;(5, 7);brown rock;1;2907
;(9, 10);;(5, 7);brown rock;1;2908
;(9, 10);;(5, 7);brown rock;1;2909
;(9, 10);;(5, 7);brown rock;1;2910
;(9, 10);;(5, 7);brown rock;1;2911
;(9, 10);;(5, 7);brown rock;1;2912
GrabObject;(9, 10);;(5, 7);brown rock;1;2913
;(9, 10);;(5, 7);brown rock;1;2914
;(9, 10);;(5, 7);brown rock;1;2915
;(9, 10);;(5, 7);brown rock;1;2916
;(9, 10);;(5, 7);brown rock;1;2917
;(9, 10);;(5, 7);brown rock;1;2918
MoveEast;(10, 10);;(5, 7);brown rock;1;2919
;(10, 10);;(5, 7);brown rock;1;2920
;(10, 10);;(5, 7);brown rock;1;2921
MoveWest;(9, 10);;(5, 7);brown rock;1;2922
;(9, 10);;(5, 7);brown rock;1;2923
;(9, 10);;(5, 7);brown rock;1;2924
;(9, 10);;(5, 7);brown rock;1;2925
MoveWest;(8, 10);;(5, 7);brown rock;1;2926
;(8, 10);;(5, 7);brown rock;1;2927
;(8, 10);;(5, 7);brown rock;1;2928
MoveWest;(7, 10);;(5, 7);brown rock;1;2929
;(7, 10);;(5, 7);brown rock;1;2930
;(7, 10);;(5, 7);brown rock;1;2931
;(7, 10);;(5, 7);brown rock;1;2932
MoveWest;(6, 10);;(5, 7);brown rock;1;2933
;(6, 10);;(5, 7);brown rock;1;2934
;(6, 10);;(5, 7);brown rock;1;2935
MoveWest;(5, 10);;(5, 7);brown rock;1;2936
;(5, 10);;(5, 7);brown rock;1;2937
;(5, 10);;(5, 7);brown rock;1;2938
;(5, 10);;(5, 7);brown rock;1;2939
MoveWest;(4, 10);;(5, 7);brown rock;1;2940
;(4, 10);;(5, 7);brown rock;1;2941
;(4, 10);;(5, 7);brown rock;1;2942
;(4, 10);;(5, 7);brown rock;1;2943
DropObject;(4, 10);;(5, 7);brown rock;1;2944
;(4, 10);;(5, 7);brown rock;1;2945
;(4, 10);;(5, 7);brown rock;1;2946
;(4, 10);;(5, 7);brown rock;1;2947
MoveEast;(5, 10);;(5, 7);brown rock;1;2948
;(5, 10);;(5, 7);brown rock;1;2949
;(5, 10);;(5, 7);brown rock;1;2950
;(5, 10);;(5, 7);brown rock;1;2951
MoveEast;(6, 10);;(5, 7);brown rock;1;2952
;(6, 10);;(5, 7);brown rock;1;2953
;(6, 10);;(5, 7);brown rock;1;2954
;(6, 10);;(5, 7);brown rock;1;2955
MoveEast;(7, 10);;(5, 7);brown rock;1;2956
;(7, 10);;(5, 7);brown rock;1;2957
;(7, 10);;(5, 7);brown rock;1;2958
MoveEast;(8, 10);;(5, 7);brown rock;1;2959
;(8, 10);;(5, 7);brown rock;1;2960
MoveEast;(9, 10);;(5, 7);brown rock;1;2961
;(9, 10);;(5, 7);brown rock;1;2962
;(9, 10);;(5, 7);brown rock;1;2963
;(9, 10);;(5, 7);brown rock;1;2964
;(9, 10);;(5, 7);brown rock;1;2965
;(9, 10);;(5, 7);brown rock;1;2966
;(9, 10);;(5, 7);brown rock;1;2967
MoveNorth;(9, 9);;(5, 7);brown rock;1;2968
;(9, 9);;(5, 7);brown rock;1;2969
;(9, 9);;(5, 7);brown rock;1;2970
;(9, 9);;(5, 7);brown rock;1;2971
MoveEast;(10, 9);;(5, 7);brown rock;1;2972
;(10, 9);;(5, 7);brown rock;1;2973
;(10, 9);;(5, 7);brown rock;1;2974
;(10, 9);;(5, 7);brown rock;1;2975
MoveEast;(11, 9);;(5, 7);brown rock;1;2976
;(11, 9);;(5, 7);brown rock;1;2977
;(11, 9);;(5, 7);brown rock;1;2978
MoveNorth;(11, 8);;(5, 7);brown rock;1;2979
;(11, 8);;(5, 7);brown rock;1;2980
;(11, 8);;(5, 7);brown rock;1;2981
;(11, 8);;(5, 7);brown rock;1;2982
MoveEast;(12, 8);;(5, 7);brown rock;1;2983
;(12, 8);;(5, 7);brown rock;1;2984
;(12, 8);;(5, 7);brown rock;1;2985
;(12, 8);;(5, 7);brown rock;1;2986
;(12, 8);;(5, 7);brown rock;1;2987
MoveEast;(13, 8);;(5, 7);brown rock;1;2988
;(13, 8);;(5, 7);brown rock;1;2989
;(13, 8);;(5, 7);brown rock;1;2990
;(13, 8);;(5, 7);brown rock;1;2991
;(13, 8);;(5, 7);brown rock;1;2992
;(13, 8);;(5, 7);brown rock;1;2993
;(13, 8);;(5, 7);brown rock;1;2994
;(13, 8);;(5, 7);brown rock;1;2995
;(13, 8);;(5, 7);brown rock;1;2996
;(13, 8);;(5, 7);brown rock;1;2997
;(13, 8);;(5, 7);brown rock;1;2998
;(13, 8);;(5, 7);brown rock;1;2999
;(13, 8);;(5, 7);brown rock;1;3000
;(13, 8);;(5, 7);brown rock;1;3001
;(13, 8);;(5, 7);brown rock;1;3002
;(13, 8);;(5, 7);brown rock;1;3003
;(13, 8);;(5, 7);brown rock;1;3004
;(13, 8);;(5, 7);brown rock;1;3005
;(13, 8);;(5, 7);brown rock;1;3006
;(13, 8);;(5, 7);brown rock;1;3007
;(13, 8);;(5, 7);brown rock;1;3008
;(13, 8);;(5, 7);brown rock;1;3009
;(13, 8);;(5, 7);brown rock;1;3010
;(13, 8);;(5, 7);brown rock;1;3011
;(13, 8);;(5, 7);brown rock;1;3012
;(13, 8);;(5, 7);brown rock;1;3013
;(13, 8);;(5, 7);brown rock;1;3014
;(13, 8);;(5, 7);brown rock;1;3015
;(13, 8);;(5, 7);brown rock;1;3016
;(13, 8);;(5, 7);brown rock;1;3017
;(13, 8);;(5, 7);brown rock;1;3018
;(13, 8);;(5, 7);brown rock;1;3019
