human_selector_action;human_selector_location;robot_action;robot_location;robot_executing_cp;world_nr;tick_nr
;(3, 4);;(4, 4);False;1;0
;(3, 4);;(4, 4);False;1;1
;(3, 4);MoveEast;(4, 4);False;1;2
;(3, 4);MoveEast;(4, 4);False;1;3
MoveSouth;(3, 5);MoveEast;(4, 4);False;1;4
;(3, 5);MoveEast;(4, 4);False;1;5
;(3, 5);MoveEast;(4, 4);False;1;6
;(3, 5);MoveEast;(4, 4);False;1;7
MoveSouth;(3, 6);MoveEast;(4, 4);False;1;8
;(3, 6);MoveEast;(4, 4);False;1;9
;(3, 6);MoveEast;(4, 4);False;1;10
;(3, 6);MoveEast;(4, 4);False;1;11
;(3, 6);MoveEast;(5, 4);False;1;12
;(3, 6);MoveEast;(5, 4);False;1;13
;(3, 6);MoveEast;(5, 4);False;1;14
;(3, 6);MoveEast;(5, 4);False;1;15
;(3, 6);MoveEast;(5, 4);False;1;16
MoveSouth;(3, 7);MoveEast;(5, 4);False;1;17
;(3, 7);MoveEast;(5, 4);False;1;18
MoveSouth;(3, 8);MoveEast;(5, 4);False;1;19
;(3, 8);MoveEast;(5, 4);False;1;20
MoveSouth;(3, 9);MoveEast;(5, 4);False;1;21
MoveSouth;(3, 10);MoveEast;(5, 4);False;1;22
;(3, 10);MoveEast;(6, 4);False;1;23
;(3, 10);MoveWest;(6, 4);False;1;24
;(3, 10);MoveWest;(6, 4);False;1;25
MoveEast;(4, 10);MoveWest;(6, 4);False;1;26
MoveSouth;(4, 11);MoveWest;(6, 4);False;1;27
;(4, 11);MoveWest;(6, 4);False;1;28
;(4, 11);MoveWest;(6, 4);False;1;29
;(4, 11);MoveWest;(6, 4);False;1;30
;(4, 11);MoveWest;(6, 4);False;1;31
;(4, 11);MoveWest;(6, 4);False;1;32
;(4, 11);MoveWest;(6, 4);False;1;33
;(4, 11);MoveWest;(5, 4);False;1;34
MoveEast;(5, 11);MoveWest;(5, 4);False;1;35
;(5, 11);MoveWest;(5, 4);False;1;36
;(5, 11);MoveWest;(5, 4);False;1;37
;(5, 11);MoveWest;(5, 4);False;1;38
;(5, 11);MoveWest;(5, 4);False;1;39
;(5, 11);MoveWest;(5, 4);False;1;40
;(5, 11);MoveWest;(5, 4);False;1;41
;(5, 11);MoveWest;(5, 4);False;1;42
;(5, 11);MoveWest;(5, 4);False;1;43
;(5, 11);MoveWest;(5, 4);False;1;44
MoveEast;(6, 11);MoveWest;(4, 4);False;1;45
;(6, 11);MoveEast;(4, 4);False;1;46
MoveEast;(7, 11);MoveEast;(4, 4);False;1;47
;(7, 11);MoveEast;(4, 4);False;1;48
MoveEast;(8, 11);MoveEast;(4, 4);False;1;49
MoveEast;(9, 11);MoveEast;(4, 4);False;1;50
MoveNorth;(9, 10);MoveEast;(4, 4);False;1;51
;(9, 10);MoveEast;(4, 4);False;1;52
;(9, 10);MoveEast;(4, 4);False;1;53
MoveNorth;(9, 9);MoveEast;(4, 4);False;1;54
;(9, 9);MoveEast;(4, 4);False;1;55
;(9, 9);MoveEast;(5, 4);False;1;56
;(9, 9);MoveEast;(5, 4);False;1;57
MoveNorth;(9, 8);MoveEast;(5, 4);False;1;58
;(9, 8);MoveEast;(5, 4);False;1;59
;(9, 8);MoveEast;(5, 4);False;1;60
;(9, 8);MoveEast;(5, 4);False;1;61
;(9, 8);MoveEast;(5, 4);False;1;62
;(9, 8);MoveEast;(5, 4);False;1;63
MoveNorth;(9, 7);MoveEast;(5, 4);False;1;64
;(9, 7);MoveEast;(5, 4);False;1;65
;(9, 7);MoveEast;(5, 4);False;1;66
;(9, 7);MoveEast;(6, 4);False;1;67
;(9, 7);MoveWest;(6, 4);False;1;68
;(9, 7);MoveWest;(6, 4);False;1;69
;(9, 7);MoveWest;(6, 4);False;1;70
;(9, 7);MoveWest;(6, 4);False;1;71
;(9, 7);MoveWest;(6, 4);False;1;72
;(9, 7);MoveWest;(6, 4);False;1;73
;(9, 7);MoveWest;(6, 4);False;1;74
GrabObject;(9, 7);MoveWest;(6, 4);False;1;75
;(9, 7);MoveWest;(6, 4);False;1;76
;(9, 7);MoveWest;(6, 4);False;1;77
;(9, 7);MoveWest;(5, 4);False;1;78
;(9, 7);MoveWest;(5, 4);False;1;79
MoveWest;(8, 7);MoveWest;(5, 4);False;1;80
;(8, 7);MoveWest;(5, 4);False;1;81
;(8, 7);MoveWest;(5, 4);False;1;82
MoveWest;(7, 7);MoveWest;(5, 4);False;1;83
;(7, 7);MoveWest;(5, 4);False;1;84
MoveWest;(6, 7);MoveWest;(5, 4);False;1;85
;(6, 7);MoveWest;(5, 4);False;1;86
;(6, 7);MoveWest;(5, 4);False;1;87
;(6, 7);MoveWest;(5, 4);False;1;88
;(6, 7);MoveWest;(4, 4);False;1;89
;(6, 7);MoveEast;(4, 4);False;1;90
;(6, 7);MoveEast;(4, 4);False;1;91
MoveWest;(5, 7);MoveEast;(4, 4);False;1;92
;(5, 7);MoveEast;(4, 4);False;1;93
MoveSouth;(5, 8);MoveEast;(4, 4);False;1;94
;(5, 8);MoveEast;(4, 4);False;1;95
;(5, 8);MoveEast;(4, 4);False;1;96
;(5, 8);MoveEast;(4, 4);False;1;97
;(5, 8);MoveEast;(4, 4);False;1;98
;(5, 8);MoveEast;(4, 4);False;1;99
;(5, 8);MoveEast;(5, 4);False;1;100
;(5, 8);MoveEast;(5, 4);False;1;101
GrabObject;(5, 8);MoveEast;(5, 4);False;1;102
;(5, 8);MoveEast;(5, 4);False;1;103
;(5, 8);MoveEast;(5, 4);False;1;104
;(5, 8);MoveEast;(5, 4);False;1;105
;(5, 8);MoveEast;(5, 4);False;1;106
;(5, 8);MoveEast;(5, 4);False;1;107
MoveWest;(4, 8);MoveEast;(5, 4);False;1;108
;(4, 8);MoveEast;(5, 4);False;1;109
;(4, 8);MoveEast;(5, 4);False;1;110
;(4, 8);MoveEast;(6, 4);False;1;111
;(4, 8);MoveWest;(6, 4);False;1;112
;(4, 8);MoveWest;(6, 4);False;1;113
;(4, 8);MoveWest;(6, 4);False;1;114
;(4, 8);MoveWest;(6, 4);False;1;115
;(4, 8);MoveWest;(6, 4);False;1;116
;(4, 8);MoveWest;(6, 4);False;1;117
;(4, 8);MoveWest;(6, 4);False;1;118
;(4, 8);MoveWest;(6, 4);False;1;119
;(4, 8);MoveWest;(6, 4);False;1;120
;(4, 8);MoveWest;(6, 4);False;1;121
MoveWest;(3, 8);MoveWest;(5, 4);False;1;122
;(3, 8);MoveWest;(5, 4);False;1;123
;(3, 8);MoveWest;(5, 4);False;1;124
MoveWest;(2, 8);MoveWest;(5, 4);False;1;125
;(2, 8);MoveWest;(5, 4);False;1;126
;(2, 8);MoveWest;(5, 4);False;1;127
GrabObject;(2, 8);MoveWest;(5, 4);False;1;128
;(2, 8);MoveWest;(5, 4);False;1;129
;(2, 8);MoveWest;(5, 4);False;1;130
;(2, 8);MoveWest;(5, 4);False;1;131
;(2, 8);MoveWest;(5, 4);False;1;132
;(2, 8);MoveWest;(4, 4);False;1;133
;(2, 8);;(4, 4);False;1;134
DropObject;(2, 8);Idle;(4, 4);False;1;135
;(2, 8);Idle;(4, 4);False;1;136
;(2, 8);Idle;(4, 4);False;1;137
;(2, 8);Idle;(4, 4);False;1;138
;(2, 8);Idle;(4, 4);False;1;139
;(2, 8);Idle;(4, 4);False;1;140
MoveEast;(3, 8);Idle;(4, 4);False;1;141
;(3, 8);Idle;(4, 4);False;1;142
;(3, 8);Idle;(4, 4);False;1;143
MoveEast;(4, 8);Idle;(4, 4);False;1;144
;(4, 8);Idle;(4, 4);False;1;145
;(4, 8);Idle;(4, 4);False;1;146
MoveEast;(5, 8);Idle;(4, 4);False;1;147
;(5, 8);Idle;(4, 4);False;1;148
;(5, 8);Idle;(4, 4);False;1;149
;(5, 8);Idle;(4, 4);False;1;150
;(5, 8);Idle;(4, 4);False;1;151
;(5, 8);Idle;(4, 4);False;1;152
MoveEast;(6, 8);Idle;(4, 4);False;1;153
;(6, 8);Idle;(4, 4);False;1;154
;(6, 8);Idle;(4, 4);False;1;155
;(6, 8);Idle;(4, 4);False;1;156
MoveNorth;(6, 7);Idle;(4, 4);False;1;157
;(6, 7);Idle;(4, 4);False;1;158
;(6, 7);Idle;(4, 4);False;1;159
;(6, 7);Idle;(4, 4);False;1;160
;(6, 7);Idle;(4, 4);False;1;161
MoveNorth;(6, 6);Idle;(4, 4);False;1;162
;(6, 6);Idle;(4, 4);False;1;163
;(6, 6);Idle;(4, 4);False;1;164
MoveNorth;(6, 5);Idle;(4, 4);False;1;165
;(6, 5);Idle;(4, 4);False;1;166
MoveEast;(7, 5);Idle;(4, 4);False;1;167
;(7, 5);Idle;(4, 4);False;1;168
;(7, 5);Idle;(4, 4);False;1;169
;(7, 5);Idle;(4, 4);False;1;170
;(7, 5);Idle;(4, 4);False;1;171
;(7, 5);Idle;(4, 4);False;1;172
;(7, 5);Idle;(4, 4);False;1;173
;(7, 5);Idle;(4, 4);False;1;174
;(7, 5);Idle;(4, 4);False;1;175
GrabObject;(7, 5);Idle;(4, 4);False;1;176
;(7, 5);Idle;(4, 4);False;1;177
;(7, 5);Idle;(4, 4);False;1;178
;(7, 5);Idle;(4, 4);False;1;179
;(7, 5);Idle;(4, 4);False;1;180
MoveWest;(6, 5);Idle;(4, 4);False;1;181
;(6, 5);Idle;(4, 4);False;1;182
;(6, 5);Idle;(4, 4);False;1;183
MoveWest;(5, 5);Idle;(4, 4);False;1;184
;(5, 5);Idle;(4, 4);False;1;185
;(5, 5);Idle;(4, 4);False;1;186
;(5, 5);Idle;(4, 4);False;1;187
MoveWest;(4, 5);Idle;(4, 4);False;1;188
;(4, 5);Idle;(4, 4);False;1;189
;(4, 5);;(4, 4);False;1;190
MoveWest;(3, 5);Idle;(4, 4);False;1;191
;(3, 5);Idle;(4, 4);False;1;192
;(3, 5);Idle;(4, 4);False;1;193
MoveWest;(2, 5);Idle;(4, 4);False;1;194
;(2, 5);Idle;(4, 4);False;1;195
DropObject;(2, 5);Idle;(4, 4);False;1;196
;(2, 5);Idle;(4, 4);False;1;197
;(2, 5);Idle;(4, 4);False;1;198
;(2, 5);Idle;(4, 4);False;1;199
MoveEast;(3, 5);Idle;(4, 4);False;1;200
;(3, 5);Idle;(4, 4);False;1;201
;(3, 5);Idle;(4, 4);False;1;202
;(3, 5);Idle;(4, 4);False;1;203
MoveEast;(4, 5);Idle;(4, 4);False;1;204
;(4, 5);Idle;(4, 4);False;1;205
;(4, 5);Idle;(4, 4);False;1;206
;(4, 5);Idle;(4, 4);False;1;207
;(4, 5);Idle;(4, 4);False;1;208
;(4, 5);Idle;(4, 4);False;1;209
;(4, 5);Idle;(4, 4);False;1;210
;(4, 5);Idle;(4, 4);False;1;211
;(4, 5);Idle;(4, 4);False;1;212
;(4, 5);Idle;(4, 4);False;1;213
MoveEast;(5, 5);Idle;(4, 4);False;1;214
;(5, 5);Idle;(4, 4);False;1;215
MoveEast;(6, 5);Idle;(4, 4);False;1;216
MoveEast;(7, 5);Idle;(4, 4);False;1;217
;(7, 5);Idle;(4, 4);False;1;218
MoveEast;(8, 5);Idle;(4, 4);False;1;219
;(8, 5);Idle;(4, 4);False;1;220
MoveEast;(9, 5);Idle;(4, 4);False;1;221
MoveEast;(10, 5);Idle;(4, 4);False;1;222
;(10, 5);Idle;(4, 4);False;1;223
MoveEast;(11, 5);Idle;(4, 4);False;1;224
;(11, 5);Idle;(4, 4);False;1;225
;(11, 5);Idle;(4, 4);False;1;226
;(11, 5);Idle;(4, 4);False;1;227
;(11, 5);Idle;(4, 4);False;1;228
;(11, 5);Idle;(4, 4);False;1;229
;(11, 5);Idle;(4, 4);False;1;230
;(11, 5);Idle;(4, 4);False;1;231
MoveNorth;(11, 4);Idle;(4, 4);False;1;232
;(11, 4);Idle;(4, 4);False;1;233
;(11, 4);Idle;(4, 4);False;1;234
;(11, 4);Idle;(4, 4);False;1;235
;(11, 4);Idle;(4, 4);False;1;236
;(11, 4);Idle;(4, 4);False;1;237
;(11, 4);Idle;(4, 4);False;1;238
MoveNorth;(11, 3);Idle;(4, 4);False;1;239
;(11, 3);Idle;(4, 4);False;1;240
;(11, 3);Idle;(4, 4);False;1;241
MoveNorth;(11, 2);Idle;(4, 4);False;1;242
;(11, 2);Idle;(4, 4);False;1;243
;(11, 2);Idle;(4, 4);False;1;244
;(11, 2);Idle;(4, 4);False;1;245
;(11, 2);;(4, 4);False;1;246
;(11, 2);MoveEast;(4, 4);False;1;247
MoveWest;(10, 2);MoveEast;(4, 4);False;1;248
;(10, 2);MoveEast;(4, 4);False;1;249
;(10, 2);MoveEast;(4, 4);False;1;250
;(10, 2);MoveEast;(4, 4);False;1;251
;(10, 2);MoveEast;(4, 4);False;1;252
;(10, 2);MoveEast;(4, 4);False;1;253
;(10, 2);MoveEast;(4, 4);False;1;254
;(10, 2);MoveEast;(4, 4);False;1;255
;(10, 2);MoveEast;(4, 4);False;1;256
MoveSouth;(10, 3);MoveEast;(5, 4);False;1;257
;(10, 3);MoveEast;(5, 4);False;1;258
;(10, 3);MoveEast;(5, 4);False;1;259
;(10, 3);MoveEast;(5, 4);False;1;260
;(10, 3);MoveEast;(5, 4);False;1;261
;(10, 3);MoveEast;(5, 4);False;1;262
;(10, 3);MoveEast;(5, 4);False;1;263
;(10, 3);MoveEast;(5, 4);False;1;264
GrabObject;(10, 3);MoveEast;(5, 4);False;1;265
MoveWest;(9, 3);MoveEast;(5, 4);False;1;266
;(9, 3);MoveEast;(5, 4);False;1;267
;(9, 3);MoveEast;(6, 4);False;1;268
;(9, 3);MoveEast;(6, 4);False;1;269
MoveWest;(8, 3);MoveEast;(6, 4);False;1;270
;(8, 3);MoveEast;(6, 4);False;1;271
;(8, 3);MoveEast;(6, 4);False;1;272
;(8, 3);MoveEast;(6, 4);False;1;273
;(8, 3);MoveEast;(6, 4);False;1;274
;(8, 3);MoveEast;(6, 4);False;1;275
;(8, 3);MoveEast;(6, 4);False;1;276
;(8, 3);MoveEast;(6, 4);False;1;277
;(8, 3);MoveEast;(6, 4);False;1;278
;(8, 3);MoveEast;(7, 4);False;1;279
MoveWest;(7, 3);MoveNorthEast;(7, 4);False;1;280
MoveWest;(6, 3);MoveNorthEast;(7, 4);False;1;281
;(6, 3);MoveNorthEast;(7, 4);False;1;282
MoveWest;(5, 3);MoveNorthEast;(7, 4);False;1;283
;(5, 3);MoveNorthEast;(7, 4);False;1;284
MoveWest;(4, 3);MoveNorthEast;(7, 4);False;1;285
MoveWest;(3, 3);MoveNorthEast;(7, 4);False;1;286
;(3, 3);MoveNorthEast;(7, 4);False;1;287
MoveWest;(2, 3);MoveNorthEast;(7, 4);False;1;288
;(2, 3);MoveNorthEast;(7, 4);False;1;289
DropObject;(2, 3);MoveNorthEast;(8, 3);False;1;290
;(2, 3);MoveEast;(8, 3);False;1;291
MoveEast;(3, 3);MoveEast;(8, 3);False;1;292
;(3, 3);MoveEast;(8, 3);False;1;293
;(3, 3);MoveEast;(8, 3);False;1;294
;(3, 3);MoveEast;(8, 3);False;1;295
;(3, 3);MoveEast;(8, 3);False;1;296
MoveEast;(4, 3);MoveEast;(8, 3);False;1;297
;(4, 3);MoveEast;(8, 3);False;1;298
;(4, 3);MoveEast;(8, 3);False;1;299
;(4, 3);MoveEast;(8, 3);False;1;300
MoveEast;(5, 3);MoveEast;(9, 3);False;1;301
;(5, 3);GrabObject;(9, 3);False;1;302
;(5, 3);GrabObject;(9, 3);False;1;303
;(5, 3);GrabObject;(9, 3);False;1;304
;(5, 3);GrabObject;(9, 3);False;1;305
MoveEast;(6, 3);GrabObject;(9, 3);False;1;306
;(6, 3);GrabObject;(9, 3);False;1;307
;(6, 3);GrabObject;(9, 3);False;1;308
MoveEast;(7, 3);GrabObject;(9, 3);False;1;309
;(7, 3);GrabObject;(9, 3);False;1;310
;(7, 3);GrabObject;(9, 3);False;1;311
MoveEast;(8, 3);GrabObject;(9, 3);False;1;312
;(8, 3);;(9, 3);False;1;313
;(8, 3);MoveWest;(9, 3);False;1;314
MoveEast;(9, 3);MoveWest;(9, 3);False;1;315
;(9, 3);MoveWest;(9, 3);False;1;316
;(9, 3);MoveWest;(9, 3);False;1;317
;(9, 3);MoveWest;(9, 3);False;1;318
MoveEast;(10, 3);MoveWest;(9, 3);False;1;319
;(10, 3);MoveWest;(9, 3);False;1;320
;(10, 3);MoveWest;(9, 3);False;1;321
;(10, 3);MoveWest;(9, 3);False;1;322
;(10, 3);MoveWest;(9, 3);False;1;323
;(10, 3);MoveWest;(8, 3);False;1;324
;(10, 3);MoveWest;(8, 3);False;1;325
MoveWest;(9, 3);MoveWest;(8, 3);False;1;326
;(9, 3);MoveWest;(8, 3);False;1;327
;(9, 3);MoveWest;(8, 3);False;1;328
;(9, 3);MoveWest;(8, 3);False;1;329
MoveWest;(8, 3);MoveWest;(8, 3);False;1;330
;(8, 3);MoveWest;(8, 3);False;1;331
;(8, 3);MoveWest;(8, 3);False;1;332
;(8, 3);MoveWest;(8, 3);False;1;333
;(8, 3);MoveWest;(8, 3);False;1;334
;(8, 3);MoveWest;(7, 3);False;1;335
;(8, 3);MoveWest;(7, 3);False;1;336
;(8, 3);MoveWest;(7, 3);False;1;337
MoveSouth;(8, 4);MoveWest;(7, 3);False;1;338
;(8, 4);MoveWest;(7, 3);False;1;339
;(8, 4);MoveWest;(7, 3);False;1;340
;(8, 4);MoveWest;(7, 3);False;1;341
;(8, 4);MoveWest;(7, 3);False;1;342
;(8, 4);MoveWest;(7, 3);False;1;343
;(8, 4);MoveWest;(7, 3);False;1;344
;(8, 4);MoveWest;(7, 3);False;1;345
;(8, 4);MoveWest;(6, 3);False;1;346
;(8, 4);MoveWest;(6, 3);False;1;347
MoveSouth;(8, 5);MoveWest;(6, 3);False;1;348
;(8, 5);MoveWest;(6, 3);False;1;349
MoveSouth;(8, 6);MoveWest;(6, 3);False;1;350
MoveSouth;(8, 7);MoveWest;(6, 3);False;1;351
;(8, 7);MoveWest;(6, 3);False;1;352
MoveSouth;(8, 8);MoveWest;(6, 3);False;1;353
;(8, 8);MoveWest;(6, 3);False;1;354
MoveEast;(9, 8);MoveWest;(6, 3);False;1;355
;(9, 8);MoveWest;(6, 3);False;1;356
;(9, 8);MoveWest;(5, 3);False;1;357
;(9, 8);MoveNorthWest;(5, 3);False;1;358
;(9, 8);MoveNorthWest;(5, 3);False;1;359
;(9, 8);MoveNorthWest;(5, 3);False;1;360
;(9, 8);MoveNorthWest;(5, 3);False;1;361
;(9, 8);MoveNorthWest;(5, 3);False;1;362
;(9, 8);MoveNorthWest;(5, 3);False;1;363
;(9, 8);MoveNorthWest;(5, 3);False;1;364
;(9, 8);MoveNorthWest;(5, 3);False;1;365
MoveNorth;(9, 7);MoveNorthWest;(5, 3);False;1;366
;(9, 7);MoveNorthWest;(5, 3);False;1;367
;(9, 7);MoveNorthWest;(4, 2);False;1;368
;(9, 7);MoveWest;(4, 2);False;1;369
;(9, 7);MoveWest;(4, 2);False;1;370
;(9, 7);MoveWest;(4, 2);False;1;371
;(9, 7);MoveWest;(4, 2);False;1;372
GrabObject;(9, 7);MoveWest;(4, 2);False;1;373
;(9, 7);MoveWest;(4, 2);False;1;374
MoveWest;(8, 7);MoveWest;(4, 2);False;1;375
;(8, 7);MoveWest;(4, 2);False;1;376
;(8, 7);MoveWest;(4, 2);False;1;377
;(8, 7);MoveWest;(4, 2);False;1;378
MoveWest;(7, 7);MoveWest;(3, 2);False;1;379
;(7, 7);MoveNorthWest;(3, 2);False;1;380
;(7, 7);MoveNorthWest;(3, 2);False;1;381
MoveWest;(6, 7);MoveNorthWest;(3, 2);False;1;382
;(6, 7);MoveNorthWest;(3, 2);False;1;383
;(6, 7);MoveNorthWest;(3, 2);False;1;384
MoveWest;(5, 7);MoveNorthWest;(3, 2);False;1;385
;(5, 7);MoveNorthWest;(3, 2);False;1;386
;(5, 7);MoveNorthWest;(3, 2);False;1;387
MoveWest;(4, 7);MoveNorthWest;(3, 2);False;1;388
;(4, 7);MoveNorthWest;(3, 2);False;1;389
DropObject;(4, 7);MoveNorthWest;(2, 1);False;1;390
;(4, 7);MoveWest;(2, 1);False;1;391
;(4, 7);MoveWest;(2, 1);False;1;392
;(4, 7);MoveWest;(2, 1);False;1;393
;(4, 7);MoveWest;(2, 1);False;1;394
;(4, 7);MoveWest;(2, 1);False;1;395
;(4, 7);MoveWest;(2, 1);False;1;396
;(4, 7);MoveWest;(2, 1);False;1;397
MoveSouth;(4, 8);MoveWest;(2, 1);False;1;398
;(4, 8);MoveWest;(2, 1);False;1;399
;(4, 8);MoveWest;(2, 1);False;1;400
;(4, 8);MoveWest;(1, 1);False;1;401
MoveSouth;(4, 9);DropObject;(1, 1);False;1;402
;(4, 9);DropObject;(1, 1);False;1;403
;(4, 9);DropObject;(1, 1);False;1;404
MoveEast;(5, 9);DropObject;(1, 1);False;1;405
;(5, 9);DropObject;(1, 1);False;1;406
;(5, 9);DropObject;(1, 1);False;1;407
MoveSouth;(5, 10);DropObject;(1, 1);False;1;408
;(5, 10);DropObject;(1, 1);False;1;409
MoveEast;(6, 10);DropObject;(1, 1);False;1;410
;(6, 10);DropObject;(1, 1);False;1;411
;(6, 10);DropObject;(1, 1);False;1;412
;(6, 10);;(1, 1);False;1;413
;(6, 10);MoveSouthEast;(1, 1);False;1;414
MoveEast;(7, 10);MoveSouthEast;(1, 1);False;1;415
;(7, 10);MoveSouthEast;(1, 1);False;1;416
;(7, 10);MoveSouthEast;(1, 1);False;1;417
MoveEast;(8, 10);MoveSouthEast;(1, 1);False;1;418
;(8, 10);MoveSouthEast;(1, 1);False;1;419
;(8, 10);MoveSouthEast;(1, 1);False;1;420
MoveEast;(9, 10);MoveSouthEast;(1, 1);False;1;421
;(9, 10);MoveSouthEast;(1, 1);False;1;422
;(9, 10);MoveSouthEast;(1, 1);False;1;423
;(9, 10);MoveSouthEast;(2, 2);False;1;424
MoveNorth;(9, 9);MoveEast;(2, 2);False;1;425
;(9, 9);MoveEast;(2, 2);False;1;426
;(9, 9);MoveEast;(2, 2);False;1;427
;(9, 9);MoveEast;(2, 2);False;1;428
;(9, 9);MoveEast;(2, 2);False;1;429
;(9, 9);MoveEast;(2, 2);False;1;430
;(9, 9);MoveEast;(2, 2);False;1;431
;(9, 9);MoveEast;(2, 2);False;1;432
GrabObject;(9, 9);MoveEast;(2, 2);False;1;433
;(9, 9);MoveEast;(2, 2);False;1;434
;(9, 9);MoveEast;(3, 2);False;1;435
MoveWest;(8, 9);MoveSouthEast;(3, 2);False;1;436
;(8, 9);MoveSouthEast;(3, 2);False;1;437
;(8, 9);MoveSouthEast;(3, 2);False;1;438
MoveWest;(7, 9);MoveSouthEast;(3, 2);False;1;439
;(7, 9);MoveSouthEast;(3, 2);False;1;440
;(7, 9);MoveSouthEast;(3, 2);False;1;441
MoveWest;(6, 9);MoveSouthEast;(3, 2);False;1;442
;(6, 9);MoveSouthEast;(3, 2);False;1;443
;(6, 9);MoveSouthEast;(3, 2);False;1;444
;(6, 9);MoveSouthEast;(3, 2);False;1;445
MoveWest;(5, 9);MoveSouthEast;(4, 3);False;1;446
;(5, 9);MoveSouthEast;(4, 3);False;1;447
;(5, 9);MoveSouthEast;(4, 3);False;1;448
MoveWest;(4, 9);MoveSouthEast;(4, 3);False;1;449
;(4, 9);MoveSouthEast;(4, 3);False;1;450
;(4, 9);MoveSouthEast;(4, 3);False;1;451
MoveWest;(3, 9);MoveSouthEast;(4, 3);False;1;452
;(3, 9);MoveSouthEast;(4, 3);False;1;453
DropObject;(3, 9);MoveSouthEast;(4, 3);False;1;454
;(3, 9);MoveSouthEast;(4, 3);False;1;455
;(3, 9);MoveSouthEast;(4, 3);False;1;456
;(3, 9);MoveSouthEast;(5, 4);False;1;457
;(3, 9);MoveEast;(5, 4);False;1;458
;(3, 9);MoveEast;(5, 4);False;1;459
;(3, 9);MoveEast;(5, 4);False;1;460
;(3, 9);MoveEast;(5, 4);False;1;461
;(3, 9);MoveEast;(5, 4);False;1;462
;(3, 9);MoveEast;(5, 4);False;1;463
;(3, 9);MoveEast;(5, 4);False;1;464
MoveSouth;(3, 10);MoveEast;(5, 4);False;1;465
;(3, 10);MoveEast;(5, 4);False;1;466
;(3, 10);MoveEast;(5, 4);False;1;467
;(3, 10);MoveEast;(6, 4);False;1;468
MoveSouth;(3, 11);MoveSouthEast;(6, 4);False;1;469
;(3, 11);MoveSouthEast;(6, 4);False;1;470
MoveEast;(4, 11);MoveSouthEast;(6, 4);False;1;471
;(4, 11);MoveSouthEast;(6, 4);False;1;472
;(4, 11);MoveSouthEast;(6, 4);False;1;473
;(4, 11);MoveSouthEast;(6, 4);False;1;474
MoveEast;(5, 11);MoveSouthEast;(6, 4);False;1;475
;(5, 11);MoveSouthEast;(6, 4);False;1;476
;(5, 11);MoveSouthEast;(6, 4);False;1;477
;(5, 11);MoveSouthEast;(6, 4);False;1;478
MoveEast;(6, 11);MoveSouthEast;(7, 5);False;1;479
;(6, 11);MoveEast;(7, 5);False;1;480
;(6, 11);MoveEast;(7, 5);False;1;481
;(6, 11);MoveEast;(7, 5);False;1;482
;(6, 11);MoveEast;(7, 5);False;1;483
MoveNorth;(6, 10);MoveEast;(7, 5);False;1;484
;(6, 10);MoveEast;(7, 5);False;1;485
;(6, 10);MoveEast;(7, 5);False;1;486
;(6, 10);MoveEast;(7, 5);False;1;487
;(6, 10);MoveEast;(7, 5);False;1;488
;(6, 10);MoveEast;(7, 5);False;1;489
;(6, 10);MoveEast;(8, 5);False;1;490
;(6, 10);MoveSouthEast;(8, 5);False;1;491
;(6, 10);MoveSouthEast;(8, 5);False;1;492
GrabObject;(6, 10);MoveSouthEast;(8, 5);False;1;493
;(6, 10);MoveSouthEast;(8, 5);False;1;494
;(6, 10);MoveSouthEast;(8, 5);False;1;495
;(6, 10);MoveSouthEast;(8, 5);False;1;496
;(6, 10);MoveSouthEast;(8, 5);False;1;497
MoveWest;(5, 10);MoveSouthEast;(8, 5);False;1;498
;(5, 10);MoveSouthEast;(8, 5);False;1;499
;(5, 10);MoveSouthEast;(8, 5);False;1;500
MoveWest;(4, 10);MoveSouthEast;(9, 6);False;1;501
;(4, 10);MoveEast;(9, 6);False;1;502
;(4, 10);MoveEast;(9, 6);False;1;503
MoveWest;(3, 10);MoveEast;(9, 6);False;1;504
;(3, 10);MoveEast;(9, 6);False;1;505
;(3, 10);MoveEast;(9, 6);False;1;506
;(3, 10);MoveEast;(9, 6);False;1;507
MoveWest;(2, 10);MoveEast;(9, 6);False;1;508
;(2, 10);MoveEast;(9, 6);False;1;509
;(2, 10);MoveEast;(9, 6);False;1;510
MoveWest;(1, 10);MoveEast;(9, 6);False;1;511
;(1, 10);MoveEast;(10, 6);False;1;512
;(1, 10);MoveEast;(10, 6);False;1;513
;(1, 10);MoveEast;(10, 6);False;1;514
;(1, 10);MoveEast;(10, 6);False;1;515
DropObject;(1, 10);MoveEast;(10, 6);False;1;516
;(1, 10);MoveEast;(10, 6);False;1;517
;(1, 10);MoveEast;(10, 6);False;1;518
;(1, 10);MoveEast;(10, 6);False;1;519
;(1, 10);MoveEast;(10, 6);False;1;520
;(1, 10);MoveEast;(10, 6);False;1;521
MoveEast;(2, 10);MoveEast;(10, 6);False;1;522
;(2, 10);MoveEast;(11, 6);False;1;523
;(2, 10);MoveSouthEast;(11, 6);False;1;524
;(2, 10);MoveSouthEast;(11, 6);False;1;525
MoveEast;(3, 10);MoveSouthEast;(11, 6);False;1;526
;(3, 10);MoveSouthEast;(11, 6);False;1;527
;(3, 10);MoveSouthEast;(11, 6);False;1;528
;(3, 10);MoveSouthEast;(11, 6);False;1;529
MoveEast;(4, 10);MoveSouthEast;(11, 6);False;1;530
;(4, 10);MoveSouthEast;(11, 6);False;1;531
;(4, 10);MoveSouthEast;(11, 6);False;1;532
;(4, 10);MoveSouthEast;(11, 6);False;1;533
;(4, 10);MoveSouthEast;(12, 7);False;1;534
DropObject;(4, 10);GrabObject;(12, 7);False;1;535
;(4, 10);GrabObject;(12, 7);False;1;536
;(4, 10);GrabObject;(12, 7);False;1;537
;(4, 10);GrabObject;(12, 7);False;1;538
;(4, 10);GrabObject;(12, 7);False;1;539
;(4, 10);GrabObject;(12, 7);False;1;540
;(4, 10);GrabObject;(12, 7);False;1;541
;(4, 10);GrabObject;(12, 7);False;1;542
;(4, 10);GrabObject;(12, 7);False;1;543
;(4, 10);GrabObject;(12, 7);False;1;544
GrabObject;(4, 10);GrabObject;(12, 7);False;1;545
;(4, 10);;(12, 7);False;1;546
;(4, 10);MoveEast;(12, 7);False;1;547
;(4, 10);MoveEast;(12, 7);False;1;548
;(4, 10);MoveEast;(12, 7);False;1;549
;(4, 10);MoveEast;(12, 7);False;1;550
;(4, 10);MoveEast;(12, 7);False;1;551
MoveNorth;(4, 9);MoveEast;(12, 7);False;1;552
;(4, 9);MoveEast;(12, 7);False;1;553
;(4, 9);MoveEast;(12, 7);False;1;554
;(4, 9);MoveEast;(12, 7);False;1;555
;(4, 9);MoveEast;(12, 7);False;1;556
;(4, 9);MoveEast;(13, 7);False;1;557
MoveNorth;(4, 8);MoveNorthEast;(13, 7);False;1;558
MoveWest;(3, 8);MoveNorthEast;(13, 7);False;1;559
;(3, 8);MoveNorthEast;(13, 7);False;1;560
;(3, 8);MoveNorthEast;(13, 7);False;1;561
;(3, 8);MoveNorthEast;(13, 7);False;1;562
MoveWest;(2, 8);MoveNorthEast;(13, 7);False;1;563
;(2, 8);MoveNorthEast;(13, 7);False;1;564
;(2, 8);MoveNorthEast;(13, 7);False;1;565
MoveWest;(1, 8);MoveNorthEast;(13, 7);False;1;566
;(1, 8);MoveNorthEast;(13, 7);False;1;567
;(1, 8);MoveNorthEast;(14, 6);False;1;568
;(1, 8);MoveEast;(14, 6);False;1;569
;(1, 8);MoveEast;(14, 6);False;1;570
DropObject;(1, 8);MoveEast;(14, 6);False;1;571
;(1, 8);MoveEast;(14, 6);False;1;572
;(1, 8);MoveEast;(14, 6);False;1;573
;(1, 8);MoveEast;(14, 6);False;1;574
;(1, 8);MoveEast;(14, 6);False;1;575
;(1, 8);MoveEast;(14, 6);False;1;576
;(1, 8);MoveEast;(14, 6);False;1;577
;(1, 8);MoveEast;(14, 6);False;1;578
MoveEast;(2, 8);MoveEast;(15, 6);False;1;579
;(2, 8);MoveNorthEast;(15, 6);False;1;580
;(2, 8);MoveNorthEast;(15, 6);False;1;581
MoveEast;(3, 8);MoveNorthEast;(15, 6);False;1;582
;(3, 8);MoveNorthEast;(15, 6);False;1;583
;(3, 8);MoveNorthEast;(15, 6);False;1;584
MoveEast;(4, 8);MoveNorthEast;(15, 6);False;1;585
;(4, 8);MoveNorthEast;(15, 6);False;1;586
;(4, 8);MoveNorthEast;(15, 6);False;1;587
MoveEast;(5, 8);MoveNorthEast;(15, 6);False;1;588
;(5, 8);MoveNorthEast;(15, 6);False;1;589
;(5, 8);MoveNorthEast;(16, 5);False;1;590
MoveEast;(6, 8);MoveEast;(16, 5);False;1;591
;(6, 8);MoveEast;(16, 5);False;1;592
;(6, 8);MoveEast;(16, 5);False;1;593
;(6, 8);MoveEast;(16, 5);False;1;594
MoveEast;(7, 8);MoveEast;(16, 5);False;1;595
;(7, 8);MoveEast;(16, 5);False;1;596
;(7, 8);MoveEast;(16, 5);False;1;597
;(7, 8);MoveEast;(16, 5);False;1;598
MoveSouth;(7, 9);MoveEast;(16, 5);False;1;599
;(7, 9);MoveEast;(16, 5);False;1;600
;(7, 9);MoveEast;(17, 5);False;1;601
;(7, 9);DropObject;(17, 5);False;1;602
MoveSouth;(7, 10);DropObject;(17, 5);False;1;603
;(7, 10);DropObject;(17, 5);False;1;604
;(7, 10);DropObject;(17, 5);False;1;605
;(7, 10);DropObject;(17, 5);False;1;606
;(7, 10);DropObject;(17, 5);False;1;607
;(7, 10);DropObject;(17, 5);False;1;608
MoveEast;(8, 10);DropObject;(17, 5);False;1;609
;(8, 10);DropObject;(17, 5);False;1;610
;(8, 10);DropObject;(17, 5);False;1;611
;(8, 10);DropObject;(17, 5);False;1;612
MoveEast;(9, 10);;(17, 5);False;1;613
;(9, 10);Idle;(17, 5);False;1;614
;(9, 10);Idle;(17, 5);False;1;615
MoveEast;(10, 10);Idle;(17, 5);False;1;616
;(10, 10);Idle;(17, 5);False;1;617
;(10, 10);Idle;(17, 5);False;1;618
;(10, 10);Idle;(17, 5);False;1;619
;(10, 10);Idle;(17, 5);False;1;620
;(10, 10);Idle;(17, 5);False;1;621
;(10, 10);Idle;(17, 5);False;1;622
;(10, 10);Idle;(17, 5);False;1;623
;(10, 10);Idle;(17, 5);False;1;624
GrabObject;(10, 10);Idle;(17, 5);False;1;625
;(10, 10);Idle;(17, 5);False;1;626
;(10, 10);Idle;(17, 5);False;1;627
;(10, 10);Idle;(17, 5);False;1;628
;(10, 10);Idle;(17, 5);False;1;629
;(10, 10);Idle;(17, 5);False;1;630
;(10, 10);Idle;(17, 5);False;1;631
;(10, 10);Idle;(17, 5);False;1;632
MoveWest;(9, 10);Idle;(17, 5);False;1;633
;(9, 10);Idle;(17, 5);False;1;634
;(9, 10);Idle;(17, 5);False;1;635
;(9, 10);Idle;(17, 5);False;1;636
MoveWest;(8, 10);Idle;(17, 5);False;1;637
;(8, 10);Idle;(17, 5);False;1;638
;(8, 10);Idle;(17, 5);False;1;639
MoveWest;(7, 10);Idle;(17, 5);False;1;640
;(7, 10);Idle;(17, 5);False;1;641
;(7, 10);Idle;(17, 5);False;1;642
MoveWest;(6, 10);Idle;(17, 5);False;1;643
;(6, 10);Idle;(17, 5);False;1;644
;(6, 10);Idle;(17, 5);False;1;645
MoveWest;(5, 10);Idle;(17, 5);False;1;646
;(5, 10);Idle;(17, 5);False;1;647
;(5, 10);Idle;(17, 5);False;1;648
;(5, 10);Idle;(17, 5);False;1;649
MoveWest;(4, 10);Idle;(17, 5);False;1;650
;(4, 10);Idle;(17, 5);False;1;651
;(4, 10);Idle;(17, 5);False;1;652
MoveWest;(3, 10);Idle;(17, 5);False;1;653
;(3, 10);Idle;(17, 5);False;1;654
;(3, 10);Idle;(17, 5);False;1;655
;(3, 10);Idle;(17, 5);False;1;656
;(3, 10);Idle;(17, 5);False;1;657
;(3, 10);Idle;(17, 5);False;1;658
DropObject;(3, 10);Idle;(17, 5);False;1;659
;(3, 10);Idle;(17, 5);False;1;660
;(3, 10);Idle;(17, 5);False;1;661
;(3, 10);Idle;(17, 5);False;1;662
;(3, 10);Idle;(17, 5);False;1;663
;(3, 10);Idle;(17, 5);False;1;664
MoveEast;(4, 10);Idle;(17, 5);False;1;665
;(4, 10);Idle;(17, 5);False;1;666
;(4, 10);Idle;(17, 5);False;1;667
;(4, 10);Idle;(17, 5);False;1;668
;(4, 10);;(17, 5);False;1;669
;(4, 10);Idle;(17, 5);False;1;670
;(4, 10);Idle;(17, 5);False;1;671
;(4, 10);Idle;(17, 5);False;1;672
;(4, 10);Idle;(17, 5);False;1;673
;(4, 10);Idle;(17, 5);False;1;674
MoveEast;(5, 10);Idle;(17, 5);False;1;675
;(5, 10);Idle;(17, 5);False;1;676
MoveEast;(6, 10);Idle;(17, 5);False;1;677
MoveEast;(7, 10);Idle;(17, 5);False;1;678
;(7, 10);Idle;(17, 5);False;1;679
MoveEast;(8, 10);Idle;(17, 5);False;1;680
;(8, 10);Idle;(17, 5);False;1;681
MoveEast;(9, 10);Idle;(17, 5);False;1;682
MoveEast;(10, 10);Idle;(17, 5);False;1;683
;(10, 10);Idle;(17, 5);False;1;684
MoveEast;(11, 10);Idle;(17, 5);False;1;685
;(11, 10);Idle;(17, 5);False;1;686
MoveEast;(12, 10);Idle;(17, 5);False;1;687
MoveEast;(13, 10);Idle;(17, 5);False;1;688
;(13, 10);Idle;(17, 5);False;1;689
MoveEast;(14, 10);Idle;(17, 5);False;1;690
;(14, 10);Idle;(17, 5);False;1;691
;(14, 10);Idle;(17, 5);False;1;692
;(14, 10);Idle;(17, 5);False;1;693
;(14, 10);Idle;(17, 5);False;1;694
;(14, 10);Idle;(17, 5);False;1;695
;(14, 10);Idle;(17, 5);False;1;696
;(14, 10);Idle;(17, 5);False;1;697
;(14, 10);Idle;(17, 5);False;1;698
;(14, 10);Idle;(17, 5);False;1;699
;(14, 10);Idle;(17, 5);False;1;700
;(14, 10);Idle;(17, 5);False;1;701
;(14, 10);Idle;(17, 5);False;1;702
;(14, 10);Idle;(17, 5);False;1;703
;(14, 10);Idle;(17, 5);False;1;704
;(14, 10);Idle;(17, 5);False;1;705
;(14, 10);Idle;(17, 5);False;1;706
MoveEast;(15, 10);Idle;(17, 5);False;1;707
;(15, 10);Idle;(17, 5);False;1;708
;(15, 10);Idle;(17, 5);False;1;709
;(15, 10);Idle;(17, 5);False;1;710
;(15, 10);Idle;(17, 5);False;1;711
;(15, 10);Idle;(17, 5);False;1;712
;(15, 10);Idle;(17, 5);False;1;713
;(15, 10);Idle;(17, 5);False;1;714
;(15, 10);Idle;(17, 5);False;1;715
;(15, 10);Idle;(17, 5);False;1;716
;(15, 10);Idle;(17, 5);False;1;717
;(15, 10);Idle;(17, 5);False;1;718
;(15, 10);Idle;(17, 5);False;1;719
;(15, 10);Idle;(17, 5);False;1;720
;(15, 10);Idle;(17, 5);False;1;721
;(15, 10);Idle;(17, 5);False;1;722
;(15, 10);Idle;(17, 5);False;1;723
;(15, 10);Idle;(17, 5);False;1;724
GrabObject;(15, 10);;(17, 5);False;1;725
;(15, 10);MoveEast;(17, 5);False;1;726
;(15, 10);MoveEast;(17, 5);False;1;727
;(15, 10);MoveEast;(17, 5);False;1;728
;(15, 10);MoveEast;(17, 5);False;1;729
;(15, 10);MoveEast;(17, 5);False;1;730
;(15, 10);MoveEast;(17, 5);False;1;731
;(15, 10);MoveEast;(17, 5);False;1;732
;(15, 10);MoveEast;(17, 5);False;1;733
MoveEast;(16, 10);MoveEast;(17, 5);False;1;734
;(16, 10);MoveEast;(17, 5);False;1;735
;(16, 10);MoveEast;(18, 5);False;1;736
;(16, 10);MoveEast;(18, 5);False;1;737
MoveEast;(17, 10);MoveEast;(18, 5);False;1;738
;(17, 10);MoveEast;(18, 5);False;1;739
;(17, 10);MoveEast;(18, 5);False;1;740
MoveEast;(18, 10);MoveEast;(18, 5);False;1;741
;(18, 10);MoveEast;(18, 5);False;1;742
;(18, 10);MoveEast;(18, 5);False;1;743
DropObject;(18, 10);MoveEast;(18, 5);False;1;744
;(18, 10);MoveEast;(18, 5);False;1;745
;(18, 10);MoveEast;(18, 5);False;1;746
;(18, 10);MoveEast;(19, 5);False;1;747
MoveWest;(17, 10);MoveWest;(19, 5);False;1;748
;(17, 10);MoveWest;(19, 5);False;1;749
;(17, 10);MoveWest;(19, 5);False;1;750
;(17, 10);MoveWest;(19, 5);False;1;751
;(17, 10);MoveWest;(19, 5);False;1;752
MoveWest;(16, 10);MoveWest;(19, 5);False;1;753
;(16, 10);MoveWest;(19, 5);False;1;754
;(16, 10);MoveWest;(19, 5);False;1;755
MoveWest;(15, 10);MoveWest;(19, 5);False;1;756
;(15, 10);MoveWest;(19, 5);False;1;757
;(15, 10);MoveWest;(18, 5);False;1;758
MoveWest;(14, 10);MoveWest;(18, 5);False;1;759
;(14, 10);MoveWest;(18, 5);False;1;760
;(14, 10);MoveWest;(18, 5);False;1;761
MoveWest;(13, 10);MoveWest;(18, 5);False;1;762
;(13, 10);MoveWest;(18, 5);False;1;763
;(13, 10);MoveWest;(18, 5);False;1;764
;(13, 10);MoveWest;(18, 5);False;1;765
;(13, 10);MoveWest;(18, 5);False;1;766
MoveNorth;(13, 9);MoveWest;(18, 5);False;1;767
;(13, 9);MoveWest;(18, 5);False;1;768
;(13, 9);MoveWest;(17, 5);False;1;769
;(13, 9);MoveEast;(17, 5);False;1;770
;(13, 9);MoveEast;(17, 5);False;1;771
;(13, 9);MoveEast;(17, 5);False;1;772
;(13, 9);MoveEast;(17, 5);False;1;773
MoveNorth;(13, 8);MoveEast;(17, 5);False;1;774
;(13, 8);MoveEast;(17, 5);False;1;775
;(13, 8);MoveEast;(17, 5);False;1;776
MoveWest;(12, 8);MoveEast;(17, 5);False;1;777
;(12, 8);MoveEast;(17, 5);False;1;778
;(12, 8);MoveEast;(17, 5);False;1;779
;(12, 8);MoveEast;(18, 5);False;1;780
;(12, 8);MoveEast;(18, 5);False;1;781
;(12, 8);MoveEast;(18, 5);False;1;782
;(12, 8);MoveEast;(18, 5);False;1;783
;(12, 8);MoveEast;(18, 5);False;1;784
;(12, 8);MoveEast;(18, 5);False;1;785
;(12, 8);MoveEast;(18, 5);False;1;786
;(12, 8);MoveEast;(18, 5);False;1;787
;(12, 8);MoveEast;(18, 5);False;1;788
;(12, 8);MoveEast;(18, 5);False;1;789
;(12, 8);MoveEast;(18, 5);False;1;790
;(12, 8);MoveEast;(19, 5);False;1;791
;(12, 8);MoveWest;(19, 5);False;1;792
;(12, 8);MoveWest;(19, 5);False;1;793
;(12, 8);MoveWest;(19, 5);False;1;794
;(12, 8);MoveWest;(19, 5);False;1;795
;(12, 8);MoveWest;(19, 5);False;1;796
;(12, 8);MoveWest;(19, 5);False;1;797
;(12, 8);MoveWest;(19, 5);False;1;798
GrabObject;(12, 8);MoveWest;(19, 5);False;1;799
;(12, 8);MoveWest;(19, 5);False;1;800
;(12, 8);MoveWest;(19, 5);False;1;801
;(12, 8);MoveWest;(18, 5);False;1;802
;(12, 8);MoveWest;(18, 5);False;1;803
;(12, 8);MoveWest;(18, 5);False;1;804
;(12, 8);MoveWest;(18, 5);False;1;805
;(12, 8);MoveWest;(18, 5);False;1;806
;(12, 8);MoveWest;(18, 5);False;1;807
MoveEast;(13, 8);MoveWest;(18, 5);False;1;808
;(13, 8);MoveWest;(18, 5);False;1;809
;(13, 8);MoveWest;(18, 5);False;1;810
;(13, 8);MoveWest;(18, 5);False;1;811
MoveEast;(14, 8);MoveWest;(18, 5);False;1;812
;(14, 8);MoveWest;(17, 5);False;1;813
;(14, 8);MoveEast;(17, 5);False;1;814
;(14, 8);MoveEast;(17, 5);False;1;815
MoveEast;(15, 8);MoveEast;(17, 5);False;1;816
;(15, 8);MoveEast;(17, 5);False;1;817
;(15, 8);MoveEast;(17, 5);False;1;818
;(15, 8);MoveEast;(17, 5);False;1;819
MoveEast;(16, 8);MoveEast;(17, 5);False;1;820
;(16, 8);MoveEast;(17, 5);False;1;821
;(16, 8);MoveEast;(17, 5);False;1;822
MoveEast;(17, 8);MoveEast;(17, 5);False;1;823
;(17, 8);MoveEast;(18, 5);False;1;824
;(17, 8);MoveEast;(18, 5);False;1;825
;(17, 8);MoveEast;(18, 5);False;1;826
;(17, 8);MoveEast;(18, 5);False;1;827
;(17, 8);MoveEast;(18, 5);False;1;828
DropObject;(17, 8);MoveEast;(18, 5);False;1;829
;(17, 8);MoveEast;(18, 5);False;1;830
;(17, 8);MoveEast;(18, 5);False;1;831
;(17, 8);MoveEast;(18, 5);False;1;832
;(17, 8);MoveEast;(18, 5);False;1;833
;(17, 8);MoveEast;(18, 5);False;1;834
;(17, 8);MoveEast;(19, 5);False;1;835
MoveWest;(16, 8);MoveWest;(19, 5);False;1;836
;(16, 8);MoveWest;(19, 5);False;1;837
;(16, 8);MoveWest;(19, 5);False;1;838
;(16, 8);MoveWest;(19, 5);False;1;839
MoveWest;(15, 8);MoveWest;(19, 5);False;1;840
;(15, 8);MoveWest;(19, 5);False;1;841
;(15, 8);MoveWest;(19, 5);False;1;842
;(15, 8);MoveWest;(19, 5);False;1;843
;(15, 8);MoveWest;(19, 5);False;1;844
;(15, 8);MoveWest;(19, 5);False;1;845
;(15, 8);MoveWest;(18, 5);False;1;846
;(15, 8);MoveWest;(18, 5);False;1;847
;(15, 8);MoveWest;(18, 5);False;1;848
;(15, 8);MoveWest;(18, 5);False;1;849
MoveWest;(14, 8);MoveWest;(18, 5);False;1;850
MoveWest;(13, 8);MoveWest;(18, 5);False;1;851
;(13, 8);MoveWest;(18, 5);False;1;852
MoveWest;(12, 8);MoveWest;(18, 5);False;1;853
;(12, 8);MoveWest;(18, 5);False;1;854
MoveWest;(11, 8);MoveWest;(18, 5);False;1;855
MoveWest;(10, 8);MoveWest;(18, 5);False;1;856
;(10, 8);MoveWest;(17, 5);False;1;857
MoveWest;(9, 8);;(17, 5);False;1;858
;(9, 8);MoveWest;(17, 5);False;1;859
MoveWest;(8, 8);MoveWest;(17, 5);False;1;860
;(8, 8);MoveWest;(17, 5);False;1;861
;(8, 8);MoveWest;(17, 5);False;1;862
;(8, 8);MoveWest;(17, 5);False;1;863
;(8, 8);MoveWest;(17, 5);False;1;864
;(8, 8);MoveWest;(17, 5);False;1;865
;(8, 8);MoveWest;(17, 5);False;1;866
;(8, 8);MoveWest;(17, 5);False;1;867
;(8, 8);MoveWest;(17, 5);False;1;868
;(8, 8);MoveWest;(16, 5);False;1;869
MoveSouth;(8, 9);MoveWest;(16, 5);False;1;870
;(8, 9);MoveWest;(16, 5);False;1;871
;(8, 9);MoveWest;(16, 5);False;1;872
;(8, 9);MoveWest;(16, 5);False;1;873
;(8, 9);MoveWest;(16, 5);False;1;874
MoveSouth;(8, 10);MoveWest;(16, 5);False;1;875
;(8, 10);MoveWest;(16, 5);False;1;876
;(8, 10);MoveWest;(16, 5);False;1;877
;(8, 10);MoveWest;(16, 5);False;1;878
;(8, 10);MoveWest;(16, 5);False;1;879
;(8, 10);MoveWest;(15, 5);False;1;880
;(8, 10);MoveSouthWest;(15, 5);False;1;881
;(8, 10);MoveSouthWest;(15, 5);False;1;882
;(8, 10);MoveSouthWest;(15, 5);False;1;883
;(8, 10);MoveSouthWest;(15, 5);False;1;884
MoveEast;(9, 10);MoveSouthWest;(15, 5);False;1;885
;(9, 10);MoveSouthWest;(15, 5);False;1;886
;(9, 10);MoveSouthWest;(15, 5);False;1;887
;(9, 10);MoveSouthWest;(15, 5);False;1;888
;(9, 10);MoveSouthWest;(15, 5);False;1;889
;(9, 10);MoveSouthWest;(15, 5);False;1;890
;(9, 10);MoveSouthWest;(14, 6);False;1;891
;(9, 10);MoveWest;(14, 6);False;1;892
;(9, 10);MoveWest;(14, 6);False;1;893
GrabObject;(9, 10);MoveWest;(14, 6);False;1;894
;(9, 10);MoveWest;(14, 6);False;1;895
;(9, 10);MoveWest;(14, 6);False;1;896
;(9, 10);MoveWest;(14, 6);False;1;897
;(9, 10);MoveWest;(14, 6);False;1;898
;(9, 10);MoveWest;(14, 6);False;1;899
;(9, 10);MoveWest;(14, 6);False;1;900
;(9, 10);MoveWest;(14, 6);False;1;901
;(9, 10);MoveWest;(13, 6);False;1;902
;(9, 10);MoveSouthWest;(13, 6);False;1;903
MoveWest;(8, 10);MoveSouthWest;(13, 6);False;1;904
;(8, 10);MoveSouthWest;(13, 6);False;1;905
;(8, 10);MoveSouthWest;(13, 6);False;1;906
;(8, 10);MoveSouthWest;(13, 6);False;1;907
;(8, 10);MoveSouthWest;(13, 6);False;1;908
;(8, 10);MoveSouthWest;(13, 6);False;1;909
;(8, 10);MoveSouthWest;(13, 6);False;1;910
;(8, 10);MoveSouthWest;(13, 6);False;1;911
;(8, 10);MoveSouthWest;(13, 6);False;1;912
;(8, 10);MoveSouthWest;(12, 7);False;1;913
MoveWest;(7, 10);MoveSouthWest;(12, 7);False;1;914
;(7, 10);MoveSouthWest;(12, 7);False;1;915
MoveWest;(6, 10);MoveSouthWest;(12, 7);False;1;916
MoveWest;(5, 10);MoveSouthWest;(12, 7);False;1;917
;(5, 10);MoveSouthWest;(12, 7);False;1;918
MoveWest;(4, 10);MoveSouthWest;(12, 7);False;1;919
;(4, 10);MoveSouthWest;(12, 7);False;1;920
MoveWest;(3, 10);MoveSouthWest;(12, 7);False;1;921
MoveWest;(2, 10);MoveSouthWest;(12, 7);False;1;922
;(2, 10);MoveSouthWest;(12, 7);False;1;923
;(2, 10);MoveSouthWest;(11, 8);False;1;924
;(2, 10);MoveWest;(11, 8);False;1;925
DropObject;(2, 10);MoveWest;(11, 8);False;1;926
;(2, 10);MoveWest;(11, 8);False;1;927
;(2, 10);MoveWest;(11, 8);False;1;928
;(2, 10);MoveWest;(11, 8);False;1;929
;(2, 10);MoveWest;(11, 8);False;1;930
;(2, 10);MoveWest;(11, 8);False;1;931
;(2, 10);MoveWest;(11, 8);False;1;932
;(2, 10);MoveWest;(11, 8);False;1;933
;(2, 10);MoveWest;(11, 8);False;1;934
;(2, 10);MoveWest;(10, 8);False;1;935
;(2, 10);MoveWest;(10, 8);False;1;936
;(2, 10);MoveWest;(10, 8);False;1;937
;(2, 10);MoveWest;(10, 8);False;1;938
MoveEast;(3, 10);MoveWest;(10, 8);False;1;939
;(3, 10);MoveWest;(10, 8);False;1;940
;(3, 10);MoveWest;(10, 8);False;1;941
MoveEast;(4, 10);MoveWest;(10, 8);False;1;942
;(4, 10);MoveWest;(10, 8);False;1;943
;(4, 10);MoveWest;(10, 8);False;1;944
MoveEast;(5, 10);MoveWest;(10, 8);False;1;945
;(5, 10);MoveWest;(9, 8);False;1;946
;(5, 10);MoveWest;(9, 8);False;1;947
MoveEast;(6, 10);MoveWest;(9, 8);False;1;948
;(6, 10);MoveWest;(9, 8);False;1;949
;(6, 10);MoveWest;(9, 8);False;1;950
;(6, 10);MoveWest;(9, 8);False;1;951
;(6, 10);MoveWest;(9, 8);False;1;952
;(6, 10);MoveWest;(9, 8);False;1;953
;(6, 10);MoveWest;(9, 8);False;1;954
;(6, 10);MoveWest;(9, 8);False;1;955
;(6, 10);MoveWest;(9, 8);False;1;956
MoveNorth;(6, 9);MoveWest;(8, 8);False;1;957
;(6, 9);MoveSouthWest;(8, 8);False;1;958
;(6, 9);MoveSouthWest;(8, 8);False;1;959
;(6, 9);MoveSouthWest;(8, 8);False;1;960
;(6, 9);MoveSouthWest;(8, 8);False;1;961
;(6, 9);MoveSouthWest;(8, 8);False;1;962
;(6, 9);MoveSouthWest;(8, 8);False;1;963
;(6, 9);MoveSouthWest;(8, 8);False;1;964
MoveEast;(7, 9);MoveSouthWest;(8, 8);False;1;965
;(7, 9);MoveSouthWest;(8, 8);False;1;966
;(7, 9);MoveSouthWest;(8, 8);False;1;967
;(7, 9);MoveSouthWest;(7, 9);False;1;968
;(7, 9);GrabObject;(7, 9);False;1;969
;(7, 9);GrabObject;(7, 9);False;1;970
;(7, 9);GrabObject;(7, 9);False;1;971
;(7, 9);GrabObject;(7, 9);False;1;972
;(7, 9);GrabObject;(7, 9);False;1;973
;(7, 9);GrabObject;(7, 9);False;1;974
;(7, 9);GrabObject;(7, 9);False;1;975
MoveEast;(8, 9);GrabObject;(7, 9);False;1;976
;(8, 9);GrabObject;(7, 9);False;1;977
;(8, 9);GrabObject;(7, 9);False;1;978
;(8, 9);GrabObject;(7, 9);False;1;979
;(8, 9);;(7, 9);False;1;980
;(8, 9);MoveWest;(7, 9);False;1;981
;(8, 9);MoveWest;(7, 9);False;1;982
;(8, 9);MoveWest;(7, 9);False;1;983
;(8, 9);MoveWest;(7, 9);False;1;984
;(8, 9);MoveWest;(7, 9);False;1;985
;(8, 9);MoveWest;(7, 9);False;1;986
;(8, 9);MoveWest;(7, 9);False;1;987
;(8, 9);MoveWest;(7, 9);False;1;988
;(8, 9);MoveWest;(7, 9);False;1;989
;(8, 9);MoveWest;(7, 9);False;1;990
;(8, 9);MoveWest;(6, 9);False;1;991
;(8, 9);MoveWest;(6, 9);False;1;992
;(8, 9);MoveWest;(6, 9);False;1;993
;(8, 9);MoveWest;(6, 9);False;1;994
;(8, 9);MoveWest;(6, 9);False;1;995
;(8, 9);MoveWest;(6, 9);False;1;996
;(8, 9);MoveWest;(6, 9);False;1;997
;(8, 9);MoveWest;(6, 9);False;1;998
;(8, 9);MoveWest;(6, 9);False;1;999
;(8, 9);MoveWest;(6, 9);False;1;1000
;(8, 9);MoveWest;(6, 9);False;1;1001
;(8, 9);MoveWest;(5, 9);False;1;1002
;(8, 9);MoveNorthWest;(5, 9);False;1;1003
;(8, 9);MoveNorthWest;(5, 9);False;1;1004
;(8, 9);MoveNorthWest;(5, 9);False;1;1005
;(8, 9);MoveNorthWest;(5, 9);False;1;1006
;(8, 9);MoveNorthWest;(5, 9);False;1;1007
;(8, 9);MoveNorthWest;(5, 9);False;1;1008
;(8, 9);MoveNorthWest;(5, 9);False;1;1009
;(8, 9);MoveNorthWest;(5, 9);False;1;1010
;(8, 9);MoveNorthWest;(5, 9);False;1;1011
;(8, 9);MoveNorthWest;(5, 9);False;1;1012
;(8, 9);MoveNorthWest;(4, 8);False;1;1013
;(8, 9);MoveWest;(4, 8);False;1;1014
;(8, 9);MoveWest;(4, 8);False;1;1015
MoveSouth;(8, 10);MoveWest;(4, 8);False;1;1016
;(8, 10);MoveWest;(4, 8);False;1;1017
;(8, 10);MoveWest;(4, 8);False;1;1018
;(8, 10);MoveWest;(4, 8);False;1;1019
MoveWest;(7, 10);MoveWest;(4, 8);False;1;1020
;(7, 10);MoveWest;(4, 8);False;1;1021
;(7, 10);MoveWest;(4, 8);False;1;1022
;(7, 10);MoveWest;(4, 8);False;1;1023
;(7, 10);MoveWest;(3, 8);False;1;1024
;(7, 10);MoveNorthWest;(3, 8);False;1;1025
;(7, 10);MoveNorthWest;(3, 8);False;1;1026
;(7, 10);MoveNorthWest;(3, 8);False;1;1027
GrabObject;(7, 10);MoveNorthWest;(3, 8);False;1;1028
;(7, 10);MoveNorthWest;(3, 8);False;1;1029
;(7, 10);MoveNorthWest;(3, 8);False;1;1030
;(7, 10);MoveNorthWest;(3, 8);False;1;1031
;(7, 10);MoveNorthWest;(3, 8);False;1;1032
;(7, 10);MoveNorthWest;(3, 8);False;1;1033
;(7, 10);MoveNorthWest;(3, 8);False;1;1034
;(7, 10);MoveNorthWest;(2, 7);False;1;1035
;(7, 10);MoveWest;(2, 7);False;1;1036
MoveWest;(6, 10);MoveWest;(2, 7);False;1;1037
;(6, 10);MoveWest;(2, 7);False;1;1038
;(6, 10);MoveWest;(2, 7);False;1;1039
MoveWest;(5, 10);MoveWest;(2, 7);False;1;1040
;(5, 10);MoveWest;(2, 7);False;1;1041
;(5, 10);MoveWest;(2, 7);False;1;1042
MoveWest;(4, 10);MoveWest;(2, 7);False;1;1043
;(4, 10);MoveWest;(2, 7);False;1;1044
;(4, 10);MoveWest;(2, 7);False;1;1045
;(4, 10);MoveWest;(1, 7);False;1;1046
MoveWest;(3, 10);DropObject;(1, 7);False;1;1047
;(3, 10);DropObject;(1, 7);False;1;1048
;(3, 10);DropObject;(1, 7);False;1;1049
;(3, 10);DropObject;(1, 7);False;1;1050
;(3, 10);DropObject;(1, 7);False;1;1051
DropObject;(3, 10);DropObject;(1, 7);False;1;1052
;(3, 10);DropObject;(1, 7);False;1;1053
;(3, 10);DropObject;(1, 7);False;1;1054
;(3, 10);DropObject;(1, 7);False;1;1055
;(3, 10);DropObject;(1, 7);False;1;1056
;(3, 10);DropObject;(1, 7);False;1;1057
;(3, 10);;(1, 7);False;1;1058
MoveEast;(4, 10);Idle;(1, 7);False;1;1059
;(4, 10);Idle;(1, 7);False;1;1060
;(4, 10);Idle;(1, 7);False;1;1061
;(4, 10);Idle;(1, 7);False;1;1062
;(4, 10);Idle;(1, 7);False;1;1063
;(4, 10);Idle;(1, 7);False;1;1064
;(4, 10);Idle;(1, 7);False;1;1065
;(4, 10);Idle;(1, 7);False;1;1066
;(4, 10);Idle;(1, 7);False;1;1067
;(4, 10);Idle;(1, 7);False;1;1068
;(4, 10);Idle;(1, 7);False;1;1069
MoveEast;(5, 10);Idle;(1, 7);False;1;1070
MoveEast;(6, 10);Idle;(1, 7);False;1;1071
MoveEast;(7, 10);Idle;(1, 7);False;1;1072
;(7, 10);Idle;(1, 7);False;1;1073
MoveEast;(8, 10);Idle;(1, 7);False;1;1074
;(8, 10);Idle;(1, 7);False;1;1075
MoveEast;(9, 10);Idle;(1, 7);False;1;1076
;(9, 10);Idle;(1, 7);False;1;1077
;(9, 10);Idle;(1, 7);False;1;1078
;(9, 10);Idle;(1, 7);False;1;1079
;(9, 10);Idle;(1, 7);False;1;1080
MoveNorth;(9, 9);Idle;(1, 7);False;1;1081
;(9, 9);Idle;(1, 7);False;1;1082
;(9, 9);Idle;(1, 7);False;1;1083
;(9, 9);Idle;(1, 7);False;1;1084
;(9, 9);Idle;(1, 7);False;1;1085
MoveNorth;(9, 8);Idle;(1, 7);False;1;1086
;(9, 8);Idle;(1, 7);False;1;1087
;(9, 8);Idle;(1, 7);False;1;1088
;(9, 8);Idle;(1, 7);False;1;1089
MoveNorth;(9, 7);Idle;(1, 7);False;1;1090
;(9, 7);Idle;(1, 7);False;1;1091
;(9, 7);Idle;(1, 7);False;1;1092
;(9, 7);Idle;(1, 7);False;1;1093
;(9, 7);Idle;(1, 7);False;1;1094
MoveWest;(8, 7);Idle;(1, 7);False;1;1095
;(8, 7);Idle;(1, 7);False;1;1096
;(8, 7);Idle;(1, 7);False;1;1097
;(8, 7);Idle;(1, 7);False;1;1098
;(8, 7);Idle;(1, 7);False;1;1099
;(8, 7);Idle;(1, 7);False;1;1100
MoveWest;(7, 7);Idle;(1, 7);False;1;1101
;(7, 7);Idle;(1, 7);False;1;1102
;(7, 7);Idle;(1, 7);False;1;1103
;(7, 7);Idle;(1, 7);False;1;1104
;(7, 7);Idle;(1, 7);False;1;1105
;(7, 7);Idle;(1, 7);False;1;1106
;(7, 7);Idle;(1, 7);False;1;1107
;(7, 7);Idle;(1, 7);False;1;1108
;(7, 7);Idle;(1, 7);False;1;1109
;(7, 7);Idle;(1, 7);False;1;1110
MoveSouth;(7, 8);Idle;(1, 7);False;1;1111
;(7, 8);Idle;(1, 7);False;1;1112
;(7, 8);Idle;(1, 7);False;1;1113
;(7, 8);;(1, 7);False;1;1114
;(7, 8);MoveEast;(1, 7);False;1;1115
;(7, 8);MoveEast;(1, 7);False;1;1116
;(7, 8);MoveEast;(1, 7);False;1;1117
;(7, 8);MoveEast;(1, 7);False;1;1118
;(7, 8);MoveEast;(1, 7);False;1;1119
;(7, 8);MoveEast;(1, 7);False;1;1120
;(7, 8);MoveEast;(1, 7);False;1;1121
;(7, 8);MoveEast;(1, 7);False;1;1122
;(7, 8);MoveEast;(1, 7);False;1;1123
;(7, 8);MoveEast;(1, 7);False;1;1124
;(7, 8);MoveEast;(2, 7);False;1;1125
;(7, 8);MoveEast;(2, 7);False;1;1126
;(7, 8);MoveEast;(2, 7);False;1;1127
;(7, 8);MoveEast;(2, 7);False;1;1128
GrabObject;(7, 8);MoveEast;(2, 7);False;1;1129
;(7, 8);MoveEast;(2, 7);False;1;1130
;(7, 8);MoveEast;(2, 7);False;1;1131
;(7, 8);MoveEast;(2, 7);False;1;1132
;(7, 8);MoveEast;(2, 7);False;1;1133
;(7, 8);MoveEast;(2, 7);False;1;1134
;(7, 8);MoveEast;(2, 7);False;1;1135
GrabObject;(7, 8);MoveEast;(3, 7);False;1;1136
;(7, 8);MoveWest;(3, 7);False;1;1137
;(7, 8);MoveWest;(3, 7);False;1;1138
;(7, 8);MoveWest;(3, 7);False;1;1139
;(7, 8);MoveWest;(3, 7);False;1;1140
;(7, 8);MoveWest;(3, 7);False;1;1141
;(7, 8);MoveWest;(3, 7);False;1;1142
MoveEast;(8, 8);MoveWest;(3, 7);False;1;1143
;(8, 8);MoveWest;(3, 7);False;1;1144
;(8, 8);MoveWest;(3, 7);False;1;1145
MoveEast;(9, 8);MoveWest;(3, 7);False;1;1146
;(9, 8);MoveWest;(2, 7);False;1;1147
;(9, 8);MoveWest;(2, 7);False;1;1148
;(9, 8);MoveWest;(2, 7);False;1;1149
;(9, 8);MoveWest;(2, 7);False;1;1150
;(9, 8);MoveWest;(2, 7);False;1;1151
;(9, 8);MoveWest;(2, 7);False;1;1152
;(9, 8);MoveWest;(2, 7);False;1;1153
;(9, 8);MoveWest;(2, 7);False;1;1154
;(9, 8);MoveWest;(2, 7);False;1;1155
;(9, 8);MoveWest;(2, 7);False;1;1156
;(9, 8);MoveWest;(2, 7);False;1;1157
;(9, 8);MoveWest;(1, 7);False;1;1158
;(9, 8);MoveEast;(1, 7);False;1;1159
;(9, 8);MoveEast;(1, 7);False;1;1160
;(9, 8);MoveEast;(1, 7);False;1;1161
;(9, 8);MoveEast;(1, 7);False;1;1162
MoveWest;(8, 8);MoveEast;(1, 7);False;1;1163
;(8, 8);MoveEast;(1, 7);False;1;1164
;(8, 8);MoveEast;(1, 7);False;1;1165
;(8, 8);MoveEast;(1, 7);False;1;1166
;(8, 8);MoveEast;(1, 7);False;1;1167
;(8, 8);MoveEast;(1, 7);False;1;1168
GrabObject;(8, 8);MoveEast;(2, 7);False;1;1169
;(8, 8);MoveEast;(2, 7);False;1;1170
;(8, 8);MoveEast;(2, 7);False;1;1171
;(8, 8);MoveEast;(2, 7);False;1;1172
GrabObject;(8, 8);MoveEast;(2, 7);False;1;1173
;(8, 8);MoveEast;(2, 7);False;1;1174
;(8, 8);MoveEast;(2, 7);False;1;1175
GrabObject;(8, 8);MoveEast;(2, 7);False;1;1176
;(8, 8);MoveEast;(2, 7);False;1;1177
;(8, 8);MoveEast;(2, 7);False;1;1178
;(8, 8);MoveEast;(2, 7);False;1;1179
;(8, 8);MoveEast;(3, 7);False;1;1180
;(8, 8);MoveWest;(3, 7);False;1;1181
;(8, 8);MoveWest;(3, 7);False;1;1182
;(8, 8);MoveWest;(3, 7);False;1;1183
;(8, 8);MoveWest;(3, 7);False;1;1184
;(8, 8);MoveWest;(3, 7);False;1;1185
;(8, 8);MoveWest;(3, 7);False;1;1186
;(8, 8);MoveWest;(3, 7);False;1;1187
;(8, 8);MoveWest;(3, 7);False;1;1188
;(8, 8);MoveWest;(3, 7);False;1;1189
;(8, 8);MoveWest;(3, 7);False;1;1190
;(8, 8);MoveWest;(2, 7);False;1;1191
;(8, 8);MoveWest;(2, 7);False;1;1192
;(8, 8);MoveWest;(2, 7);False;1;1193
;(8, 8);MoveWest;(2, 7);False;1;1194
MoveWest;(7, 8);MoveWest;(2, 7);False;1;1195
;(7, 8);MoveWest;(2, 7);False;1;1196
;(7, 8);MoveWest;(2, 7);False;1;1197
;(7, 8);MoveWest;(2, 7);False;1;1198
MoveWest;(6, 8);MoveWest;(2, 7);False;1;1199
;(6, 8);MoveWest;(2, 7);False;1;1200
MoveWest;(5, 8);MoveWest;(2, 7);False;1;1201
MoveWest;(4, 8);MoveWest;(1, 7);False;1;1202
;(4, 8);MoveEast;(1, 7);False;1;1203
MoveWest;(3, 8);MoveEast;(1, 7);False;1;1204
;(3, 8);MoveEast;(1, 7);False;1;1205
MoveWest;(2, 8);MoveEast;(1, 7);False;1;1206
MoveWest;(1, 8);MoveEast;(1, 7);False;1;1207
DropObject;(1, 8);MoveEast;(1, 7);False;1;1208
;(1, 8);MoveEast;(1, 7);False;1;1209
;(1, 8);MoveEast;(1, 7);False;1;1210
;(1, 8);MoveEast;(1, 7);False;1;1211
;(1, 8);MoveEast;(1, 7);False;1;1212
;(1, 8);MoveEast;(2, 7);False;1;1213
;(1, 8);MoveEast;(2, 7);False;1;1214
;(1, 8);MoveEast;(2, 7);False;1;1215
;(1, 8);MoveEast;(2, 7);False;1;1216
;(1, 8);MoveEast;(2, 7);False;1;1217
;(1, 8);MoveEast;(2, 7);False;1;1218
;(1, 8);MoveEast;(2, 7);False;1;1219
;(1, 8);MoveEast;(2, 7);False;1;1220
;(1, 8);MoveEast;(2, 7);False;1;1221
MoveEast;(2, 8);MoveEast;(2, 7);False;1;1222
;(2, 8);MoveEast;(2, 7);False;1;1223
;(2, 8);MoveEast;(3, 7);False;1;1224
;(2, 8);MoveWest;(3, 7);False;1;1225
;(2, 8);MoveWest;(3, 7);False;1;1226
;(2, 8);MoveWest;(3, 7);False;1;1227
;(2, 8);MoveWest;(3, 7);False;1;1228
;(2, 8);MoveWest;(3, 7);False;1;1229
;(2, 8);MoveWest;(3, 7);False;1;1230
;(2, 8);MoveWest;(3, 7);False;1;1231
MoveEast;(3, 8);MoveWest;(3, 7);False;1;1232
;(3, 8);MoveWest;(3, 7);False;1;1233
MoveEast;(4, 8);MoveWest;(3, 7);False;1;1234
MoveEast;(5, 8);MoveWest;(2, 7);False;1;1235
;(5, 8);MoveWest;(2, 7);False;1;1236
MoveEast;(6, 8);MoveWest;(2, 7);False;1;1237
;(6, 8);MoveWest;(2, 7);False;1;1238
MoveEast;(7, 8);MoveWest;(2, 7);False;1;1239
MoveEast;(8, 8);MoveWest;(2, 7);False;1;1240
;(8, 8);MoveWest;(2, 7);False;1;1241
MoveSouth;(8, 9);MoveWest;(2, 7);False;1;1242
;(8, 9);MoveWest;(2, 7);False;1;1243
;(8, 9);MoveWest;(2, 7);False;1;1244
;(8, 9);MoveWest;(2, 7);False;1;1245
MoveSouth;(8, 10);MoveWest;(1, 7);False;1;1246
;(8, 10);;(1, 7);False;1;1247
;(8, 10);MoveEast;(1, 7);False;1;1248
;(8, 10);MoveEast;(1, 7);False;1;1249
;(8, 10);MoveEast;(1, 7);False;1;1250
;(8, 10);MoveEast;(1, 7);False;1;1251
;(8, 10);MoveEast;(1, 7);False;1;1252
;(8, 10);MoveEast;(1, 7);False;1;1253
;(8, 10);MoveEast;(1, 7);False;1;1254
;(8, 10);MoveEast;(1, 7);False;1;1255
;(8, 10);MoveEast;(1, 7);False;1;1256
;(8, 10);MoveEast;(1, 7);False;1;1257
;(8, 10);MoveEast;(2, 7);False;1;1258
;(8, 10);MoveSouthEast;(2, 7);False;1;1259
MoveNorth;(8, 9);MoveSouthEast;(2, 7);False;1;1260
;(8, 9);MoveSouthEast;(2, 7);False;1;1261
;(8, 9);MoveSouthEast;(2, 7);False;1;1262
;(8, 9);MoveSouthEast;(2, 7);False;1;1263
;(8, 9);MoveSouthEast;(2, 7);False;1;1264
;(8, 9);MoveSouthEast;(2, 7);False;1;1265
;(8, 9);MoveSouthEast;(2, 7);False;1;1266
;(8, 9);MoveSouthEast;(2, 7);False;1;1267
;(8, 9);MoveSouthEast;(2, 7);False;1;1268
;(8, 9);MoveSouthEast;(3, 8);False;1;1269
MoveEast;(9, 9);MoveEast;(3, 8);False;1;1270
;(9, 9);MoveEast;(3, 8);False;1;1271
;(9, 9);MoveEast;(3, 8);False;1;1272
;(9, 9);MoveEast;(3, 8);False;1;1273
MoveEast;(10, 9);MoveEast;(3, 8);False;1;1274
;(10, 9);MoveEast;(3, 8);False;1;1275
MoveEast;(11, 9);MoveEast;(3, 8);False;1;1276
;(11, 9);MoveEast;(3, 8);False;1;1277
;(11, 9);MoveEast;(3, 8);False;1;1278
;(11, 9);MoveEast;(3, 8);False;1;1279
;(11, 9);MoveEast;(4, 8);False;1;1280
MoveEast;(12, 9);MoveSouthEast;(4, 8);False;1;1281
;(12, 9);MoveSouthEast;(4, 8);False;1;1282
;(12, 9);MoveSouthEast;(4, 8);False;1;1283
;(12, 9);MoveSouthEast;(4, 8);False;1;1284
;(12, 9);MoveSouthEast;(4, 8);False;1;1285
;(12, 9);MoveSouthEast;(4, 8);False;1;1286
;(12, 9);MoveSouthEast;(4, 8);False;1;1287
;(12, 9);MoveSouthEast;(4, 8);False;1;1288
MoveSouth;(12, 10);MoveSouthEast;(4, 8);False;1;1289
;(12, 10);MoveSouthEast;(4, 8);False;1;1290
;(12, 10);MoveSouthEast;(5, 9);False;1;1291
;(12, 10);MoveEast;(5, 9);False;1;1292
;(12, 10);MoveEast;(5, 9);False;1;1293
GrabObject;(12, 10);MoveEast;(5, 9);False;1;1294
;(12, 10);MoveEast;(5, 9);False;1;1295
;(12, 10);MoveEast;(5, 9);False;1;1296
;(12, 10);MoveEast;(5, 9);False;1;1297
;(12, 10);MoveEast;(5, 9);False;1;1298
GrabObject;(12, 10);MoveEast;(5, 9);False;1;1299
;(12, 10);MoveEast;(5, 9);False;1;1300
;(12, 10);MoveEast;(5, 9);False;1;1301
GrabObject;(12, 10);MoveEast;(6, 9);False;1;1302
;(12, 10);MoveSouthEast;(6, 9);False;1;1303
MoveEast;(13, 10);MoveSouthEast;(6, 9);False;1;1304
;(13, 10);MoveSouthEast;(6, 9);False;1;1305
;(13, 10);MoveSouthEast;(6, 9);False;1;1306
;(13, 10);MoveSouthEast;(6, 9);False;1;1307
MoveEast;(14, 10);MoveSouthEast;(6, 9);False;1;1308
;(14, 10);MoveSouthEast;(6, 9);False;1;1309
;(14, 10);MoveSouthEast;(6, 9);False;1;1310
;(14, 10);MoveSouthEast;(6, 9);False;1;1311
;(14, 10);MoveSouthEast;(6, 9);False;1;1312
;(14, 10);MoveSouthEast;(7, 10);False;1;1313
MoveWest;(13, 10);MoveEast;(7, 10);False;1;1314
;(13, 10);MoveEast;(7, 10);False;1;1315
;(13, 10);MoveEast;(7, 10);False;1;1316
;(13, 10);MoveEast;(7, 10);False;1;1317
;(13, 10);MoveEast;(7, 10);False;1;1318
;(13, 10);MoveEast;(7, 10);False;1;1319
;(13, 10);MoveEast;(7, 10);False;1;1320
;(13, 10);MoveEast;(7, 10);False;1;1321
;(13, 10);MoveEast;(7, 10);False;1;1322
;(13, 10);MoveEast;(7, 10);False;1;1323
MoveWest;(12, 10);MoveEast;(8, 10);False;1;1324
;(12, 10);GrabObject;(8, 10);False;1;1325
MoveWest;(11, 10);GrabObject;(8, 10);False;1;1326
;(11, 10);GrabObject;(8, 10);False;1;1327
MoveWest;(10, 10);GrabObject;(8, 10);False;1;1328
;(10, 10);GrabObject;(8, 10);False;1;1329
;(10, 10);GrabObject;(8, 10);False;1;1330
;(10, 10);GrabObject;(8, 10);False;1;1331
;(10, 10);GrabObject;(8, 10);False;1;1332
;(10, 10);GrabObject;(8, 10);False;1;1333
;(10, 10);GrabObject;(8, 10);False;1;1334
;(10, 10);GrabObject;(8, 10);False;1;1335
;(10, 10);;(8, 10);False;1;1336
;(10, 10);MoveWest;(8, 10);False;1;1337
;(10, 10);MoveWest;(8, 10);False;1;1338
;(10, 10);MoveWest;(8, 10);False;1;1339
;(10, 10);MoveWest;(8, 10);False;1;1340
;(10, 10);MoveWest;(8, 10);False;1;1341
;(10, 10);MoveWest;(8, 10);False;1;1342
;(10, 10);MoveWest;(8, 10);False;1;1343
MoveWest;(9, 10);MoveWest;(8, 10);False;1;1344
;(9, 10);MoveWest;(8, 10);False;1;1345
;(9, 10);MoveWest;(8, 10);False;1;1346
;(9, 10);MoveWest;(7, 10);False;1;1347
;(9, 10);MoveWest;(7, 10);False;1;1348
;(9, 10);MoveWest;(7, 10);False;1;1349
;(9, 10);MoveWest;(7, 10);False;1;1350
;(9, 10);MoveWest;(7, 10);False;1;1351
;(9, 10);MoveWest;(7, 10);False;1;1352
MoveWest;(8, 10);MoveWest;(7, 10);False;1;1353
;(8, 10);MoveWest;(7, 10);False;1;1354
;(8, 10);MoveWest;(7, 10);False;1;1355
;(8, 10);MoveWest;(7, 10);False;1;1356
MoveWest;(7, 10);MoveWest;(7, 10);False;1;1357
;(7, 10);MoveWest;(6, 10);False;1;1358
;(7, 10);MoveWest;(6, 10);False;1;1359
MoveWest;(6, 10);MoveWest;(6, 10);False;1;1360
;(6, 10);MoveWest;(6, 10);False;1;1361
;(6, 10);MoveWest;(6, 10);False;1;1362
;(6, 10);MoveWest;(6, 10);False;1;1363
;(6, 10);MoveWest;(6, 10);False;1;1364
;(6, 10);MoveWest;(6, 10);False;1;1365
MoveEast;(7, 10);MoveWest;(6, 10);False;1;1366
;(7, 10);MoveWest;(6, 10);False;1;1367
;(7, 10);MoveWest;(6, 10);False;1;1368
;(7, 10);MoveWest;(5, 10);False;1;1369
;(7, 10);MoveNorthWest;(5, 10);False;1;1370
MoveEast;(8, 10);MoveNorthWest;(5, 10);False;1;1371
;(8, 10);MoveNorthWest;(5, 10);False;1;1372
;(8, 10);MoveNorthWest;(5, 10);False;1;1373
;(8, 10);MoveNorthWest;(5, 10);False;1;1374
;(8, 10);MoveNorthWest;(5, 10);False;1;1375
MoveEast;(9, 10);MoveNorthWest;(5, 10);False;1;1376
;(9, 10);MoveNorthWest;(5, 10);False;1;1377
;(9, 10);MoveNorthWest;(5, 10);False;1;1378
;(9, 10);MoveNorthWest;(5, 10);False;1;1379
;(9, 10);MoveNorthWest;(4, 9);False;1;1380
MoveEast;(10, 10);MoveWest;(4, 9);False;1;1381
;(10, 10);MoveWest;(4, 9);False;1;1382
;(10, 10);MoveWest;(4, 9);False;1;1383
;(10, 10);MoveWest;(4, 9);False;1;1384
;(10, 10);MoveWest;(4, 9);False;1;1385
;(10, 10);MoveWest;(4, 9);False;1;1386
;(10, 10);MoveWest;(4, 9);False;1;1387
;(10, 10);MoveWest;(4, 9);False;1;1388
MoveEast;(11, 10);MoveWest;(4, 9);False;1;1389
;(11, 10);MoveWest;(4, 9);False;1;1390
;(11, 10);MoveWest;(3, 9);False;1;1391
MoveEast;(12, 10);MoveNorthWest;(3, 9);False;1;1392
;(12, 10);MoveNorthWest;(3, 9);False;1;1393
;(12, 10);MoveNorthWest;(3, 9);False;1;1394
;(12, 10);MoveNorthWest;(3, 9);False;1;1395
;(12, 10);MoveNorthWest;(3, 9);False;1;1396
;(12, 10);MoveNorthWest;(3, 9);False;1;1397
;(12, 10);MoveNorthWest;(3, 9);False;1;1398
;(12, 10);MoveNorthWest;(3, 9);False;1;1399
;(12, 10);MoveNorthWest;(3, 9);False;1;1400
;(12, 10);MoveNorthWest;(3, 9);False;1;1401
;(12, 10);MoveNorthWest;(2, 8);False;1;1402
;(12, 10);MoveWest;(2, 8);False;1;1403
;(12, 10);MoveWest;(2, 8);False;1;1404
;(12, 10);MoveWest;(2, 8);False;1;1405
;(12, 10);MoveWest;(2, 8);False;1;1406
;(12, 10);MoveWest;(2, 8);False;1;1407
;(12, 10);MoveWest;(2, 8);False;1;1408
;(12, 10);MoveWest;(2, 8);False;1;1409
;(12, 10);MoveWest;(2, 8);False;1;1410
;(12, 10);MoveWest;(2, 8);False;1;1411
;(12, 10);MoveWest;(2, 8);False;1;1412
;(12, 10);MoveWest;(1, 8);False;1;1413
;(12, 10);DropObject;(1, 8);False;1;1414
;(12, 10);DropObject;(1, 8);False;1;1415
;(12, 10);DropObject;(1, 8);False;1;1416
;(12, 10);DropObject;(1, 8);False;1;1417
;(12, 10);DropObject;(1, 8);False;1;1418
;(12, 10);DropObject;(1, 8);False;1;1419
;(12, 10);DropObject;(1, 8);False;1;1420
;(12, 10);DropObject;(1, 8);False;1;1421
;(12, 10);DropObject;(1, 8);False;1;1422
;(12, 10);DropObject;(1, 8);False;1;1423
;(12, 10);DropObject;(1, 8);False;1;1424
;(12, 10);;(1, 8);False;1;1425
MoveNorth;(12, 9);Idle;(1, 8);False;1;1426
;(12, 9);Idle;(1, 8);False;1;1427
;(12, 9);Idle;(1, 8);False;1;1428
;(12, 9);Idle;(1, 8);False;1;1429
;(12, 9);Idle;(1, 8);False;1;1430
;(12, 9);Idle;(1, 8);False;1;1431
;(12, 9);Idle;(1, 8);False;1;1432
;(12, 9);Idle;(1, 8);False;1;1433
;(12, 9);Idle;(1, 8);False;1;1434
;(12, 9);Idle;(1, 8);False;1;1435
;(12, 9);Idle;(1, 8);False;1;1436
;(12, 9);Idle;(1, 8);False;1;1437
;(12, 9);Idle;(1, 8);False;1;1438
;(12, 9);Idle;(1, 8);False;1;1439
;(12, 9);Idle;(1, 8);False;1;1440
;(12, 9);Idle;(1, 8);False;1;1441
;(12, 9);Idle;(1, 8);False;1;1442
;(12, 9);Idle;(1, 8);False;1;1443
;(12, 9);Idle;(1, 8);False;1;1444
;(12, 9);Idle;(1, 8);False;1;1445
;(12, 9);Idle;(1, 8);False;1;1446
;(12, 9);Idle;(1, 8);False;1;1447
;(12, 9);Idle;(1, 8);False;1;1448
;(12, 9);Idle;(1, 8);False;1;1449
;(12, 9);Idle;(1, 8);False;1;1450
;(12, 9);Idle;(1, 8);False;1;1451
;(12, 9);Idle;(1, 8);False;1;1452
;(12, 9);Idle;(1, 8);False;1;1453
;(12, 9);Idle;(1, 8);False;1;1454
;(12, 9);Idle;(1, 8);False;1;1455
;(12, 9);Idle;(1, 8);False;1;1456
;(12, 9);Idle;(1, 8);False;1;1457
;(12, 9);Idle;(1, 8);False;1;1458
;(12, 9);Idle;(1, 8);False;1;1459
;(12, 9);Idle;(1, 8);False;1;1460
;(12, 9);Idle;(1, 8);False;1;1461
;(12, 9);Idle;(1, 8);False;1;1462
;(12, 9);Idle;(1, 8);False;1;1463
;(12, 9);Idle;(1, 8);False;1;1464
;(12, 9);Idle;(1, 8);False;1;1465
;(12, 9);Idle;(1, 8);False;1;1466
;(12, 9);Idle;(1, 8);False;1;1467
MoveWest;(11, 9);Idle;(1, 8);False;1;1468
;(11, 9);Idle;(1, 8);False;1;1469
;(11, 9);Idle;(1, 8);False;1;1470
;(11, 9);Idle;(1, 8);False;1;1471
;(11, 9);Idle;(1, 8);False;1;1472
;(11, 9);Idle;(1, 8);False;1;1473
;(11, 9);Idle;(1, 8);False;1;1474
;(11, 9);Idle;(1, 8);False;1;1475
;(11, 9);Idle;(1, 8);False;1;1476
MoveWest;(10, 9);Idle;(1, 8);False;1;1477
;(10, 9);Idle;(1, 8);False;1;1478
MoveWest;(9, 9);Idle;(1, 8);False;1;1479
;(9, 9);Idle;(1, 8);False;1;1480
MoveWest;(8, 9);;(1, 8);False;1;1481
MoveWest;(7, 9);Idle;(1, 8);False;1;1482
;(7, 9);Idle;(1, 8);False;1;1483
MoveWest;(6, 9);Idle;(1, 8);False;1;1484
;(6, 9);Idle;(1, 8);False;1;1485
;(6, 9);Idle;(1, 8);False;1;1486
;(6, 9);Idle;(1, 8);False;1;1487
;(6, 9);Idle;(1, 8);False;1;1488
;(6, 9);Idle;(1, 8);False;1;1489
;(6, 9);Idle;(1, 8);False;1;1490
;(6, 9);Idle;(1, 8);False;1;1491
;(6, 9);Idle;(1, 8);False;1;1492
;(6, 9);Idle;(1, 8);False;1;1493
;(6, 9);Idle;(1, 8);False;1;1494
;(6, 9);Idle;(1, 8);False;1;1495
;(6, 9);Idle;(1, 8);False;1;1496
;(6, 9);Idle;(1, 8);False;1;1497
;(6, 9);Idle;(1, 8);False;1;1498
;(6, 9);Idle;(1, 8);False;1;1499
;(6, 9);Idle;(1, 8);False;1;1500
;(6, 9);Idle;(1, 8);False;1;1501
;(6, 9);Idle;(1, 8);False;1;1502
;(6, 9);Idle;(1, 8);False;1;1503
;(6, 9);Idle;(1, 8);False;1;1504
;(6, 9);Idle;(1, 8);False;1;1505
;(6, 9);Idle;(1, 8);False;1;1506
;(6, 9);Idle;(1, 8);False;1;1507
;(6, 9);Idle;(1, 8);False;1;1508
;(6, 9);Idle;(1, 8);False;1;1509
MoveSouth;(6, 10);Idle;(1, 8);False;1;1510
;(6, 10);Idle;(1, 8);False;1;1511
;(6, 10);Idle;(1, 8);False;1;1512
;(6, 10);Idle;(1, 8);False;1;1513
;(6, 10);Idle;(1, 8);False;1;1514
;(6, 10);Idle;(1, 8);False;1;1515
;(6, 10);Idle;(1, 8);False;1;1516
;(6, 10);Idle;(1, 8);False;1;1517
;(6, 10);Idle;(1, 8);False;1;1518
;(6, 10);Idle;(1, 8);False;1;1519
;(6, 10);Idle;(1, 8);False;1;1520
;(6, 10);Idle;(1, 8);False;1;1521
;(6, 10);Idle;(1, 8);False;1;1522
;(6, 10);Idle;(1, 8);False;1;1523
;(6, 10);Idle;(1, 8);False;1;1524
;(6, 10);Idle;(1, 8);False;1;1525
;(6, 10);Idle;(1, 8);False;1;1526
;(6, 10);Idle;(1, 8);False;1;1527
;(6, 10);Idle;(1, 8);False;1;1528
;(6, 10);Idle;(1, 8);False;1;1529
;(6, 10);Idle;(1, 8);False;1;1530
;(6, 10);Idle;(1, 8);False;1;1531
;(6, 10);Idle;(1, 8);False;1;1532
;(6, 10);Idle;(1, 8);False;1;1533
;(6, 10);Idle;(1, 8);False;1;1534
;(6, 10);Idle;(1, 8);False;1;1535
;(6, 10);Idle;(1, 8);False;1;1536
;(6, 10);;(1, 8);False;1;1537
;(6, 10);Idle;(1, 8);False;1;1538
;(6, 10);Idle;(1, 8);False;1;1539
;(6, 10);Idle;(1, 8);False;1;1540
;(6, 10);Idle;(1, 8);False;1;1541
;(6, 10);Idle;(1, 8);False;1;1542
;(6, 10);Idle;(1, 8);False;1;1543
;(6, 10);Idle;(1, 8);False;1;1544
;(6, 10);Idle;(1, 8);False;1;1545
;(6, 10);Idle;(1, 8);False;1;1546
;(6, 10);Idle;(1, 8);False;1;1547
;(6, 10);Idle;(1, 8);False;1;1548
;(6, 10);Idle;(1, 8);False;1;1549
;(6, 10);Idle;(1, 8);False;1;1550
;(6, 10);Idle;(1, 8);False;1;1551
;(6, 10);Idle;(1, 8);False;1;1552
;(6, 10);Idle;(1, 8);False;1;1553
;(6, 10);Idle;(1, 8);False;1;1554
;(6, 10);Idle;(1, 8);False;1;1555
;(6, 10);Idle;(1, 8);False;1;1556
;(6, 10);Idle;(1, 8);False;1;1557
;(6, 10);Idle;(1, 8);False;1;1558
;(6, 10);Idle;(1, 8);False;1;1559
;(6, 10);Idle;(1, 8);False;1;1560
;(6, 10);Idle;(1, 8);False;1;1561
;(6, 10);Idle;(1, 8);False;1;1562
;(6, 10);Idle;(1, 8);False;1;1563
;(6, 10);Idle;(1, 8);False;1;1564
;(6, 10);Idle;(1, 8);False;1;1565
;(6, 10);Idle;(1, 8);False;1;1566
MoveEast;(7, 10);Idle;(1, 8);False;1;1567
;(7, 10);Idle;(1, 8);False;1;1568
;(7, 10);Idle;(1, 8);False;1;1569
;(7, 10);Idle;(1, 8);False;1;1570
;(7, 10);Idle;(1, 8);False;1;1571
;(7, 10);Idle;(1, 8);False;1;1572
;(7, 10);Idle;(1, 8);False;1;1573
;(7, 10);Idle;(1, 8);False;1;1574
;(7, 10);Idle;(1, 8);False;1;1575
;(7, 10);Idle;(1, 8);False;1;1576
MoveEast;(8, 10);Idle;(1, 8);False;1;1577
;(8, 10);Idle;(1, 8);False;1;1578
;(8, 10);Idle;(1, 8);False;1;1579
;(8, 10);Idle;(1, 8);False;1;1580
;(8, 10);Idle;(1, 8);False;1;1581
;(8, 10);Idle;(1, 8);False;1;1582
;(8, 10);Idle;(1, 8);False;1;1583
;(8, 10);Idle;(1, 8);False;1;1584
;(8, 10);Idle;(1, 8);False;1;1585
;(8, 10);Idle;(1, 8);False;1;1586
;(8, 10);Idle;(1, 8);False;1;1587
;(8, 10);Idle;(1, 8);False;1;1588
;(8, 10);Idle;(1, 8);False;1;1589
;(8, 10);Idle;(1, 8);False;1;1590
;(8, 10);Idle;(1, 8);False;1;1591
;(8, 10);Idle;(1, 8);False;1;1592
;(8, 10);;(1, 8);False;1;1593
;(8, 10);;(1, 8);False;1;1594
;(8, 10);;(1, 8);False;1;1595
;(8, 10);MoveEast;(1, 8);False;1;1596
;(8, 10);MoveEast;(1, 8);False;1;1597
;(8, 10);MoveEast;(1, 8);False;1;1598
;(8, 10);MoveEast;(1, 8);False;1;1599
;(8, 10);MoveEast;(1, 8);False;1;1600
;(8, 10);MoveEast;(1, 8);False;1;1601
;(8, 10);MoveEast;(1, 8);False;1;1602
;(8, 10);MoveEast;(1, 8);False;1;1603
;(8, 10);MoveEast;(1, 8);False;1;1604
MoveNorth;(8, 9);MoveEast;(1, 8);False;1;1605
;(8, 9);MoveEast;(2, 8);False;1;1606
;(8, 9);MoveEast;(2, 8);False;1;1607
;(8, 9);MoveEast;(2, 8);False;1;1608
;(8, 9);MoveEast;(2, 8);False;1;1609
MoveNorth;(8, 8);MoveEast;(2, 8);False;1;1610
;(8, 8);MoveEast;(2, 8);False;1;1611
;(8, 8);MoveEast;(2, 8);False;1;1612
;(8, 8);MoveEast;(2, 8);False;1;1613
MoveNorth;(8, 7);MoveEast;(2, 8);False;1;1614
;(8, 7);MoveEast;(2, 8);False;1;1615
;(8, 7);MoveEast;(2, 8);False;1;1616
;(8, 7);MoveEast;(3, 8);False;1;1617
;(8, 7);MoveWest;(3, 8);False;1;1618
;(8, 7);MoveWest;(3, 8);False;1;1619
;(8, 7);MoveWest;(3, 8);False;1;1620
;(8, 7);MoveWest;(3, 8);False;1;1621
;(8, 7);MoveWest;(3, 8);False;1;1622
;(8, 7);MoveWest;(3, 8);False;1;1623
;(8, 7);MoveWest;(3, 8);False;1;1624
;(8, 7);MoveWest;(3, 8);False;1;1625
;(8, 7);MoveWest;(3, 8);False;1;1626
;(8, 7);MoveWest;(3, 8);False;1;1627
;(8, 7);MoveWest;(2, 8);False;1;1628
;(8, 7);MoveWest;(2, 8);False;1;1629
;(8, 7);MoveWest;(2, 8);False;1;1630
;(8, 7);MoveWest;(2, 8);False;1;1631
;(8, 7);MoveWest;(2, 8);False;1;1632
;(8, 7);MoveWest;(2, 8);False;1;1633
;(8, 7);MoveWest;(2, 8);False;1;1634
;(8, 7);MoveWest;(2, 8);False;1;1635
;(8, 7);MoveWest;(2, 8);False;1;1636
;(8, 7);MoveWest;(2, 8);False;1;1637
;(8, 7);MoveWest;(2, 8);False;1;1638
;(8, 7);MoveWest;(1, 8);False;1;1639
;(8, 7);MoveEast;(1, 8);False;1;1640
;(8, 7);MoveEast;(1, 8);False;1;1641
;(8, 7);MoveEast;(1, 8);False;1;1642
;(8, 7);MoveEast;(1, 8);False;1;1643
;(8, 7);MoveEast;(1, 8);False;1;1644
;(8, 7);MoveEast;(1, 8);False;1;1645
;(8, 7);MoveEast;(1, 8);False;1;1646
;(8, 7);MoveEast;(1, 8);False;1;1647
;(8, 7);MoveEast;(1, 8);False;1;1648
;(8, 7);MoveEast;(1, 8);False;1;1649
;(8, 7);MoveEast;(2, 8);False;1;1650
;(8, 7);MoveEast;(2, 8);False;1;1651
;(8, 7);MoveEast;(2, 8);False;1;1652
;(8, 7);MoveEast;(2, 8);False;1;1653
;(8, 7);MoveEast;(2, 8);False;1;1654
;(8, 7);MoveEast;(2, 8);False;1;1655
;(8, 7);MoveEast;(2, 8);False;1;1656
;(8, 7);MoveEast;(2, 8);False;1;1657
;(8, 7);MoveEast;(2, 8);False;1;1658
;(8, 7);MoveEast;(2, 8);False;1;1659
;(8, 7);MoveEast;(2, 8);False;1;1660
;(8, 7);MoveEast;(3, 8);False;1;1661
;(8, 7);MoveWest;(3, 8);False;1;1662
;(8, 7);MoveWest;(3, 8);False;1;1663
;(8, 7);MoveWest;(3, 8);False;1;1664
;(8, 7);MoveWest;(3, 8);False;1;1665
;(8, 7);MoveWest;(3, 8);False;1;1666
;(8, 7);MoveWest;(3, 8);False;1;1667
;(8, 7);MoveWest;(3, 8);False;1;1668
;(8, 7);MoveWest;(3, 8);False;1;1669
;(8, 7);MoveWest;(3, 8);False;1;1670
;(8, 7);MoveWest;(3, 8);False;1;1671
;(8, 7);MoveWest;(2, 8);False;1;1672
;(8, 7);MoveWest;(2, 8);False;1;1673
;(8, 7);MoveWest;(2, 8);False;1;1674
;(8, 7);MoveWest;(2, 8);False;1;1675
;(8, 7);MoveWest;(2, 8);False;1;1676
;(8, 7);MoveWest;(2, 8);False;1;1677
;(8, 7);MoveWest;(2, 8);False;1;1678
;(8, 7);MoveWest;(2, 8);False;1;1679
;(8, 7);MoveWest;(2, 8);False;1;1680
;(8, 7);MoveWest;(2, 8);False;1;1681
;(8, 7);MoveWest;(2, 8);False;1;1682
;(8, 7);MoveWest;(1, 8);False;1;1683
;(8, 7);MoveEast;(1, 8);False;1;1684
;(8, 7);MoveEast;(1, 8);False;1;1685
;(8, 7);MoveEast;(1, 8);False;1;1686
;(8, 7);MoveEast;(1, 8);False;1;1687
;(8, 7);MoveEast;(1, 8);False;1;1688
;(8, 7);MoveEast;(1, 8);False;1;1689
;(8, 7);MoveEast;(1, 8);False;1;1690
;(8, 7);MoveEast;(1, 8);False;1;1691
;(8, 7);MoveEast;(1, 8);False;1;1692
;(8, 7);MoveEast;(1, 8);False;1;1693
;(8, 7);MoveEast;(2, 8);False;1;1694
;(8, 7);MoveEast;(2, 8);False;1;1695
;(8, 7);MoveEast;(2, 8);False;1;1696
;(8, 7);MoveEast;(2, 8);False;1;1697
;(8, 7);MoveEast;(2, 8);False;1;1698
;(8, 7);MoveEast;(2, 8);False;1;1699
;(8, 7);MoveEast;(2, 8);False;1;1700
;(8, 7);MoveEast;(2, 8);False;1;1701
;(8, 7);MoveEast;(2, 8);False;1;1702
;(8, 7);MoveEast;(2, 8);False;1;1703
;(8, 7);MoveEast;(2, 8);False;1;1704
;(8, 7);MoveEast;(3, 8);False;1;1705
;(8, 7);MoveWest;(3, 8);False;1;1706
;(8, 7);MoveWest;(3, 8);False;1;1707
;(8, 7);MoveWest;(3, 8);False;1;1708
;(8, 7);MoveWest;(3, 8);False;1;1709
;(8, 7);MoveWest;(3, 8);False;1;1710
;(8, 7);MoveWest;(3, 8);False;1;1711
;(8, 7);MoveWest;(3, 8);False;1;1712
;(8, 7);MoveWest;(3, 8);False;1;1713
;(8, 7);MoveWest;(3, 8);False;1;1714
;(8, 7);MoveWest;(3, 8);False;1;1715
;(8, 7);MoveWest;(2, 8);False;1;1716
;(8, 7);MoveWest;(2, 8);False;1;1717
;(8, 7);MoveWest;(2, 8);False;1;1718
;(8, 7);MoveWest;(2, 8);False;1;1719
;(8, 7);MoveWest;(2, 8);False;1;1720
;(8, 7);MoveWest;(2, 8);False;1;1721
;(8, 7);MoveWest;(2, 8);False;1;1722
;(8, 7);MoveWest;(2, 8);False;1;1723
;(8, 7);MoveWest;(2, 8);False;1;1724
;(8, 7);MoveWest;(2, 8);False;1;1725
;(8, 7);MoveWest;(2, 8);False;1;1726
;(8, 7);MoveWest;(1, 8);False;1;1727
;(8, 7);;(1, 8);False;1;1728
;(8, 7);Idle;(1, 8);False;1;1729
;(8, 7);Idle;(1, 8);False;1;1730
;(8, 7);Idle;(1, 8);False;1;1731
;(8, 7);Idle;(1, 8);False;1;1732
;(8, 7);Idle;(1, 8);False;1;1733
;(8, 7);Idle;(1, 8);False;1;1734
;(8, 7);Idle;(1, 8);False;1;1735
;(8, 7);Idle;(1, 8);False;1;1736
;(8, 7);Idle;(1, 8);False;1;1737
;(8, 7);Idle;(1, 8);False;1;1738
;(8, 7);Idle;(1, 8);False;1;1739
;(8, 7);Idle;(1, 8);False;1;1740
;(8, 7);Idle;(1, 8);False;1;1741
;(8, 7);Idle;(1, 8);False;1;1742
;(8, 7);Idle;(1, 8);False;1;1743
;(8, 7);Idle;(1, 8);False;1;1744
;(8, 7);Idle;(1, 8);False;1;1745
;(8, 7);Idle;(1, 8);False;1;1746
;(8, 7);Idle;(1, 8);False;1;1747
;(8, 7);Idle;(1, 8);False;1;1748
;(8, 7);Idle;(1, 8);False;1;1749
;(8, 7);Idle;(1, 8);False;1;1750
;(8, 7);Idle;(1, 8);False;1;1751
;(8, 7);Idle;(1, 8);False;1;1752
;(8, 7);Idle;(1, 8);False;1;1753
;(8, 7);Idle;(1, 8);False;1;1754
;(8, 7);Idle;(1, 8);False;1;1755
;(8, 7);Idle;(1, 8);False;1;1756
;(8, 7);Idle;(1, 8);False;1;1757
;(8, 7);Idle;(1, 8);False;1;1758
;(8, 7);Idle;(1, 8);False;1;1759
;(8, 7);Idle;(1, 8);False;1;1760
;(8, 7);Idle;(1, 8);False;1;1761
;(8, 7);Idle;(1, 8);False;1;1762
;(8, 7);Idle;(1, 8);False;1;1763
;(8, 7);Idle;(1, 8);False;1;1764
;(8, 7);Idle;(1, 8);False;1;1765
;(8, 7);Idle;(1, 8);False;1;1766
;(8, 7);Idle;(1, 8);False;1;1767
;(8, 7);Idle;(1, 8);False;1;1768
;(8, 7);Idle;(1, 8);False;1;1769
;(8, 7);Idle;(1, 8);False;1;1770
;(8, 7);Idle;(1, 8);False;1;1771
;(8, 7);Idle;(1, 8);False;1;1772
;(8, 7);Idle;(1, 8);False;1;1773
;(8, 7);Idle;(1, 8);False;1;1774
;(8, 7);Idle;(1, 8);False;1;1775
;(8, 7);Idle;(1, 8);False;1;1776
;(8, 7);Idle;(1, 8);False;1;1777
;(8, 7);Idle;(1, 8);False;1;1778
;(8, 7);Idle;(1, 8);False;1;1779
;(8, 7);Idle;(1, 8);False;1;1780
MoveNorth;(8, 6);Idle;(1, 8);False;1;1781
;(8, 6);Idle;(1, 8);False;1;1782
;(8, 6);Idle;(1, 8);False;1;1783
;(8, 6);;(1, 8);False;1;1784
;(8, 6);;(1, 8);False;1;1785
;(8, 6);MoveEast;(1, 8);False;1;1786
;(8, 6);MoveEast;(1, 8);False;1;1787
;(8, 6);MoveEast;(1, 8);False;1;1788
MoveSouth;(8, 7);MoveEast;(1, 8);False;1;1789
;(8, 7);MoveEast;(1, 8);False;1;1790
;(8, 7);MoveEast;(1, 8);False;1;1791
;(8, 7);MoveEast;(1, 8);False;1;1792
MoveSouth;(8, 8);MoveEast;(1, 8);False;1;1793
;(8, 8);MoveEast;(1, 8);False;1;1794
;(8, 8);MoveEast;(1, 8);False;1;1795
;(8, 8);MoveEast;(2, 8);False;1;1796
MoveEast;(9, 8);MoveEast;(2, 8);False;1;1797
;(9, 8);MoveEast;(2, 8);False;1;1798
;(9, 8);MoveEast;(2, 8);False;1;1799
;(9, 8);MoveEast;(2, 8);False;1;1800
;(9, 8);MoveEast;(2, 8);False;1;1801
MoveEast;(10, 8);MoveEast;(2, 8);False;1;1802
;(10, 8);MoveEast;(2, 8);False;1;1803
;(10, 8);MoveEast;(2, 8);False;1;1804
MoveEast;(11, 8);MoveEast;(2, 8);False;1;1805
;(11, 8);MoveEast;(2, 8);False;1;1806
MoveEast;(12, 8);MoveEast;(3, 8);False;1;1807
MoveSouth;(12, 9);MoveEast;(3, 8);False;1;1808
;(12, 9);MoveEast;(3, 8);False;1;1809
;(12, 9);MoveEast;(3, 8);False;1;1810
MoveEast;(13, 9);MoveEast;(3, 8);False;1;1811
;(13, 9);MoveEast;(3, 8);False;1;1812
;(13, 9);MoveEast;(3, 8);False;1;1813
MoveEast;(14, 9);MoveEast;(3, 8);False;1;1814
;(14, 9);MoveEast;(3, 8);False;1;1815
;(14, 9);MoveEast;(3, 8);False;1;1816
;(14, 9);MoveEast;(3, 8);False;1;1817
;(14, 9);MoveEast;(4, 8);False;1;1818
;(14, 9);MoveNorthEast;(4, 8);False;1;1819
;(14, 9);MoveNorthEast;(4, 8);False;1;1820
;(14, 9);MoveNorthEast;(4, 8);False;1;1821
;(14, 9);MoveNorthEast;(4, 8);False;1;1822
MoveSouth;(14, 10);MoveNorthEast;(4, 8);False;1;1823
;(14, 10);MoveNorthEast;(4, 8);False;1;1824
;(14, 10);MoveNorthEast;(4, 8);False;1;1825
MoveWest;(13, 10);MoveNorthEast;(4, 8);False;1;1826
;(13, 10);MoveNorthEast;(4, 8);False;1;1827
;(13, 10);MoveNorthEast;(4, 8);False;1;1828
;(13, 10);MoveNorthEast;(5, 7);False;1;1829
;(13, 10);MoveEast;(5, 7);False;1;1830
;(13, 10);MoveEast;(5, 7);False;1;1831
;(13, 10);MoveEast;(5, 7);False;1;1832
MoveWest;(12, 10);MoveEast;(5, 7);False;1;1833
;(12, 10);MoveEast;(5, 7);False;1;1834
;(12, 10);MoveEast;(5, 7);False;1;1835
;(12, 10);MoveEast;(5, 7);False;1;1836
MoveWest;(11, 10);MoveEast;(5, 7);False;1;1837
;(11, 10);MoveEast;(5, 7);False;1;1838
;(11, 10);MoveEast;(5, 7);False;1;1839
;(11, 10);MoveEast;(6, 7);False;1;1840
MoveWest;(10, 10);MoveNorthEast;(6, 7);False;1;1841
;(10, 10);MoveNorthEast;(6, 7);False;1;1842
;(10, 10);MoveNorthEast;(6, 7);False;1;1843
MoveWest;(9, 10);MoveNorthEast;(6, 7);False;1;1844
;(9, 10);MoveNorthEast;(6, 7);False;1;1845
;(9, 10);MoveNorthEast;(6, 7);False;1;1846
;(9, 10);MoveNorthEast;(6, 7);False;1;1847
;(9, 10);MoveNorthEast;(6, 7);False;1;1848
MoveWest;(8, 10);MoveNorthEast;(6, 7);False;1;1849
;(8, 10);MoveNorthEast;(6, 7);False;1;1850
MoveWest;(7, 10);MoveNorthEast;(7, 6);False;1;1851
;(7, 10);MoveEast;(7, 6);False;1;1852
;(7, 10);MoveEast;(7, 6);False;1;1853
;(7, 10);MoveEast;(7, 6);False;1;1854
;(7, 10);MoveEast;(7, 6);False;1;1855
;(7, 10);MoveEast;(7, 6);False;1;1856
GrabObject;(7, 10);MoveEast;(7, 6);False;1;1857
;(7, 10);MoveEast;(7, 6);False;1;1858
;(7, 10);MoveEast;(7, 6);False;1;1859
;(7, 10);MoveEast;(7, 6);False;1;1860
;(7, 10);MoveEast;(7, 6);False;1;1861
GrabObject;(7, 10);MoveEast;(8, 6);False;1;1862
;(7, 10);GrabLargeObject;(8, 6);False;1;1863
;(7, 10);GrabLargeObject;(8, 6);False;1;1864
GrabObject;(7, 10);GrabLargeObject;(8, 6);False;1;1865
MoveWest;(6, 10);GrabLargeObject;(8, 6);False;1;1866
;(6, 10);GrabLargeObject;(8, 6);False;1;1867
;(6, 10);GrabLargeObject;(8, 6);False;1;1868
;(6, 10);GrabLargeObject;(8, 6);False;1;1869
MoveWest;(5, 10);GrabLargeObject;(8, 6);False;1;1870
;(5, 10);GrabLargeObject;(8, 6);False;1;1871
;(5, 10);GrabLargeObject;(8, 6);False;1;1872
;(5, 10);GrabLargeObject;(8, 6);False;1;1873
MoveWest;(4, 10);;(8, 6);False;1;1874
;(4, 10);MoveEast;(8, 6);False;1;1875
;(4, 10);MoveEast;(8, 6);False;1;1876
;(4, 10);MoveEast;(8, 6);False;1;1877
MoveEast;(5, 10);MoveEast;(8, 6);False;1;1878
;(5, 10);MoveEast;(8, 6);False;1;1879
;(5, 10);MoveEast;(8, 6);False;1;1880
;(5, 10);MoveEast;(8, 6);False;1;1881
;(5, 10);MoveEast;(8, 6);False;1;1882
MoveEast;(6, 10);MoveEast;(8, 6);False;1;1883
;(6, 10);MoveEast;(8, 6);False;1;1884
;(6, 10);MoveEast;(9, 6);False;1;1885
;(6, 10);MoveEast;(9, 6);False;1;1886
;(6, 10);MoveEast;(9, 6);False;1;1887
MoveWest;(5, 10);MoveEast;(9, 6);False;1;1888
;(5, 10);MoveEast;(9, 6);False;1;1889
;(5, 10);MoveEast;(9, 6);False;1;1890
MoveEast;(6, 10);MoveEast;(9, 6);False;1;1891
;(6, 10);MoveEast;(9, 6);False;1;1892
;(6, 10);MoveEast;(9, 6);False;1;1893
;(6, 10);MoveEast;(9, 6);False;1;1894
;(6, 10);MoveEast;(9, 6);False;1;1895
MoveEast;(7, 10);MoveEast;(10, 6);False;1;1896
;(7, 10);MoveWest;(10, 6);False;1;1897
;(7, 10);MoveWest;(10, 6);False;1;1898
;(7, 10);MoveWest;(10, 6);False;1;1899
;(7, 10);MoveWest;(10, 6);False;1;1900
MoveNorth;(7, 9);MoveWest;(10, 6);False;1;1901
;(7, 9);MoveWest;(10, 6);False;1;1902
;(7, 9);MoveWest;(10, 6);False;1;1903
;(7, 9);MoveWest;(10, 6);False;1;1904
MoveNorth;(7, 8);MoveWest;(10, 6);False;1;1905
;(7, 8);MoveWest;(10, 6);False;1;1906
;(7, 8);MoveWest;(9, 6);False;1;1907
;(7, 8);MoveWest;(9, 6);False;1;1908
;(7, 8);MoveWest;(9, 6);False;1;1909
;(7, 8);MoveWest;(9, 6);False;1;1910
;(7, 8);MoveWest;(9, 6);False;1;1911
;(7, 8);MoveWest;(9, 6);False;1;1912
;(7, 8);MoveWest;(9, 6);False;1;1913
;(7, 8);MoveWest;(9, 6);False;1;1914
;(7, 8);MoveWest;(9, 6);False;1;1915
MoveSouth;(7, 9);MoveWest;(9, 6);False;1;1916
;(7, 9);MoveWest;(9, 6);False;1;1917
;(7, 9);MoveWest;(8, 6);False;1;1918
;(7, 9);MoveEast;(8, 6);False;1;1919
MoveWest;(6, 9);MoveEast;(8, 6);False;1;1920
;(6, 9);MoveEast;(8, 6);False;1;1921
;(6, 9);MoveEast;(8, 6);False;1;1922
;(6, 9);MoveEast;(8, 6);False;1;1923
;(6, 9);MoveEast;(8, 6);False;1;1924
;(6, 9);MoveEast;(8, 6);False;1;1925
;(6, 9);MoveEast;(8, 6);False;1;1926
;(6, 9);MoveEast;(8, 6);False;1;1927
MoveWest;(5, 9);MoveEast;(8, 6);False;1;1928
;(5, 9);MoveEast;(9, 6);False;1;1929
;(5, 9);MoveEast;(9, 6);False;1;1930
;(5, 9);MoveEast;(9, 6);False;1;1931
;(5, 9);MoveEast;(9, 6);False;1;1932
;(5, 9);MoveEast;(9, 6);False;1;1933
;(5, 9);MoveEast;(9, 6);False;1;1934
;(5, 9);MoveEast;(9, 6);False;1;1935
;(5, 9);MoveEast;(9, 6);False;1;1936
;(5, 9);MoveEast;(9, 6);False;1;1937
;(5, 9);MoveEast;(9, 6);False;1;1938
MoveWest;(4, 9);MoveEast;(9, 6);False;1;1939
;(4, 9);MoveEast;(10, 6);False;1;1940
;(4, 9);MoveWest;(10, 6);False;1;1941
;(4, 9);MoveWest;(10, 6);False;1;1942
MoveWest;(3, 9);MoveWest;(10, 6);False;1;1943
;(3, 9);MoveWest;(10, 6);False;1;1944
;(3, 9);MoveWest;(10, 6);False;1;1945
MoveWest;(2, 9);MoveWest;(10, 6);False;1;1946
;(2, 9);MoveWest;(10, 6);False;1;1947
;(2, 9);MoveWest;(10, 6);False;1;1948
GrabObject;(2, 9);MoveWest;(10, 6);False;1;1949
;(2, 9);MoveWest;(10, 6);False;1;1950
;(2, 9);MoveWest;(9, 6);False;1;1951
;(2, 9);MoveWest;(9, 6);False;1;1952
;(2, 9);MoveWest;(9, 6);False;1;1953
;(2, 9);MoveWest;(9, 6);False;1;1954
;(2, 9);MoveWest;(9, 6);False;1;1955
;(2, 9);MoveWest;(9, 6);False;1;1956
;(2, 9);MoveWest;(9, 6);False;1;1957
;(2, 9);MoveWest;(9, 6);False;1;1958
;(2, 9);MoveWest;(9, 6);False;1;1959
;(2, 9);MoveWest;(9, 6);False;1;1960
;(2, 9);MoveWest;(9, 6);False;1;1961
;(2, 9);MoveWest;(8, 6);False;1;1962
;(2, 9);MoveEast;(8, 6);False;1;1963
;(2, 9);MoveEast;(8, 6);False;1;1964
DropObject;(2, 9);MoveEast;(8, 6);False;1;1965
;(2, 9);MoveEast;(8, 6);False;1;1966
;(2, 9);MoveEast;(8, 6);False;1;1967
;(2, 9);MoveEast;(8, 6);False;1;1968
;(2, 9);MoveEast;(8, 6);False;1;1969
;(2, 9);MoveEast;(8, 6);False;1;1970
;(2, 9);MoveEast;(8, 6);False;1;1971
MoveWest;(1, 9);MoveEast;(8, 6);False;1;1972
;(1, 9);MoveEast;(9, 6);False;1;1973
;(1, 9);MoveEast;(9, 6);False;1;1974
MoveWest;(0, 9);MoveEast;(9, 6);False;1;1975
;(0, 9);MoveEast;(9, 6);False;1;1976
;(0, 9);MoveEast;(9, 6);False;1;1977
;(0, 9);MoveEast;(9, 6);False;1;1978
MoveEast;(1, 9);MoveEast;(9, 6);False;1;1979
;(1, 9);MoveEast;(9, 6);False;1;1980
;(1, 9);MoveEast;(9, 6);False;1;1981
;(1, 9);MoveEast;(9, 6);False;1;1982
MoveEast;(2, 9);MoveEast;(9, 6);False;1;1983
;(2, 9);MoveEast;(10, 6);False;1;1984
;(2, 9);MoveWest;(10, 6);False;1;1985
;(2, 9);MoveWest;(10, 6);False;1;1986
;(2, 9);MoveWest;(10, 6);False;1;1987
;(2, 9);MoveWest;(10, 6);False;1;1988
GrabObject;(2, 9);MoveWest;(10, 6);False;1;1989
;(2, 9);MoveWest;(10, 6);False;1;1990
;(2, 9);MoveWest;(10, 6);False;1;1991
;(2, 9);MoveWest;(10, 6);False;1;1992
;(2, 9);MoveWest;(10, 6);False;1;1993
;(2, 9);MoveWest;(10, 6);False;1;1994
;(2, 9);MoveWest;(9, 6);False;1;1995
;(2, 9);MoveWest;(9, 6);False;1;1996
;(2, 9);MoveWest;(9, 6);False;1;1997
;(2, 9);MoveWest;(9, 6);False;1;1998
MoveWest;(1, 9);MoveWest;(9, 6);False;1;1999
;(1, 9);MoveWest;(9, 6);False;1;2000
;(1, 9);MoveWest;(9, 6);False;1;2001
;(1, 9);MoveWest;(9, 6);False;1;2002
;(1, 9);MoveWest;(9, 6);False;1;2003
;(1, 9);MoveWest;(9, 6);False;1;2004
;(1, 9);MoveWest;(9, 6);False;1;2005
DropObject;(1, 9);MoveWest;(8, 6);False;1;2006
;(1, 9);;(8, 6);False;1;2007
;(1, 9);Idle;(8, 6);False;1;2008
;(1, 9);Idle;(8, 6);False;1;2009
;(1, 9);Idle;(8, 6);False;1;2010
;(1, 9);Idle;(8, 6);False;1;2011
MoveEast;(2, 9);Idle;(8, 6);False;1;2012
;(2, 9);Idle;(8, 6);False;1;2013
;(2, 9);Idle;(8, 6);False;1;2014
;(2, 9);Idle;(8, 6);False;1;2015
MoveEast;(3, 9);Idle;(8, 6);False;1;2016
;(3, 9);Idle;(8, 6);False;1;2017
;(3, 9);Idle;(8, 6);False;1;2018
;(3, 9);Idle;(8, 6);False;1;2019
;(3, 9);Idle;(8, 6);False;1;2020
;(3, 9);Idle;(8, 6);False;1;2021
;(3, 9);Idle;(8, 6);False;1;2022
;(3, 9);Idle;(8, 6);False;1;2023
;(3, 9);Idle;(8, 6);False;1;2024
;(3, 9);Idle;(8, 6);False;1;2025
;(3, 9);Idle;(8, 6);False;1;2026
;(3, 9);Idle;(8, 6);False;1;2027
MoveWest;(2, 9);Idle;(8, 6);False;1;2028
;(2, 9);Idle;(8, 6);False;1;2029
;(2, 9);Idle;(8, 6);False;1;2030
MoveWest;(1, 9);Idle;(8, 6);False;1;2031
;(1, 9);Idle;(8, 6);False;1;2032
;(1, 9);Idle;(8, 6);False;1;2033
;(1, 9);Idle;(8, 6);False;1;2034
;(1, 9);Idle;(8, 6);False;1;2035
;(1, 9);Idle;(8, 6);False;1;2036
;(1, 9);Idle;(8, 6);False;1;2037
;(1, 9);Idle;(8, 6);False;1;2038
;(1, 9);Idle;(8, 6);False;1;2039
;(1, 9);Idle;(8, 6);False;1;2040
;(1, 9);Idle;(8, 6);False;1;2041
;(1, 9);Idle;(8, 6);False;1;2042
;(1, 9);Idle;(8, 6);False;1;2043
;(1, 9);Idle;(8, 6);False;1;2044
MoveEast;(2, 9);Idle;(8, 6);False;1;2045
;(2, 9);Idle;(8, 6);False;1;2046
;(2, 9);Idle;(8, 6);False;1;2047
MoveEast;(3, 9);Idle;(8, 6);False;1;2048
;(3, 9);Idle;(8, 6);False;1;2049
;(3, 9);Idle;(8, 6);False;1;2050
;(3, 9);Idle;(8, 6);False;1;2051
MoveEast;(4, 9);Idle;(8, 6);False;1;2052
;(4, 9);Idle;(8, 6);False;1;2053
;(4, 9);Idle;(8, 6);False;1;2054
;(4, 9);Idle;(8, 6);False;1;2055
;(4, 9);Idle;(8, 6);False;1;2056
MoveNorth;(4, 8);Idle;(8, 6);False;1;2057
;(4, 8);Idle;(8, 6);False;1;2058
;(4, 8);Idle;(8, 6);False;1;2059
;(4, 8);Idle;(8, 6);False;1;2060
MoveNorth;(4, 7);Idle;(8, 6);False;1;2061
;(4, 7);Idle;(8, 6);False;1;2062
;(4, 7);;(8, 6);False;1;2063
;(4, 7);MoveWest;(8, 6);False;1;2064
MoveNorth;(4, 6);MoveWest;(8, 6);False;1;2065
MoveEast;(5, 6);MoveWest;(8, 6);False;1;2066
;(5, 6);MoveWest;(8, 6);False;1;2067
;(5, 6);MoveWest;(8, 6);False;1;2068
;(5, 6);MoveWest;(8, 6);False;1;2069
;(5, 6);MoveWest;(8, 6);False;1;2070
;(5, 6);MoveWest;(8, 6);False;1;2071
MoveEast;(6, 6);MoveWest;(8, 6);False;1;2072
;(6, 6);MoveWest;(8, 6);False;1;2073
;(6, 6);MoveWest;(7, 6);False;1;2074
;(6, 6);MoveWest;(7, 6);False;1;2075
MoveEast;(7, 6);MoveWest;(7, 6);False;1;2076
;(7, 6);MoveWest;(7, 6);False;1;2077
;(7, 6);MoveWest;(7, 6);False;1;2078
MoveEast;(8, 6);MoveWest;(7, 6);False;1;2079
;(8, 6);MoveWest;(7, 6);False;1;2080
;(8, 6);MoveWest;(7, 6);False;1;2081
;(8, 6);MoveWest;(7, 6);False;1;2082
;(8, 6);MoveWest;(7, 6);False;1;2083
;(8, 6);MoveWest;(7, 6);False;1;2084
;(8, 6);MoveWest;(6, 6);False;1;2085
;(8, 6);MoveWest;(6, 6);False;1;2086
MoveWest;(7, 6);MoveWest;(6, 6);False;1;2087
;(7, 6);MoveWest;(6, 6);False;1;2088
;(7, 6);MoveWest;(6, 6);False;1;2089
;(7, 6);MoveWest;(6, 6);False;1;2090
MoveWest;(6, 6);MoveWest;(6, 6);False;1;2091
;(6, 6);MoveWest;(6, 6);False;1;2092
;(6, 6);MoveWest;(6, 6);False;1;2093
MoveWest;(5, 6);MoveWest;(6, 6);False;1;2094
;(5, 6);MoveWest;(6, 6);False;1;2095
;(5, 6);MoveWest;(5, 6);False;1;2096
;(5, 6);MoveSouthWest;(5, 6);False;1;2097
MoveWest;(4, 6);MoveSouthWest;(5, 6);False;1;2098
;(4, 6);MoveSouthWest;(5, 6);False;1;2099
;(4, 6);MoveSouthWest;(5, 6);False;1;2100
;(4, 6);MoveSouthWest;(5, 6);False;1;2101
MoveWest;(3, 6);MoveSouthWest;(5, 6);False;1;2102
;(3, 6);MoveSouthWest;(5, 6);False;1;2103
;(3, 6);MoveSouthWest;(5, 6);False;1;2104
;(3, 6);MoveSouthWest;(5, 6);False;1;2105
;(3, 6);MoveSouthWest;(5, 6);False;1;2106
MoveWest;(2, 6);MoveSouthWest;(4, 7);False;1;2107
;(2, 6);Idle;(4, 7);False;1;2108
;(2, 6);Idle;(4, 7);False;1;2109
;(2, 6);Idle;(4, 7);False;1;2110
;(2, 6);Idle;(4, 7);False;1;2111
;(2, 6);Idle;(4, 7);False;1;2112
;(2, 6);Idle;(4, 7);False;1;2113
;(2, 6);Idle;(4, 7);False;1;2114
;(2, 6);Idle;(4, 7);False;1;2115
MoveSouth;(2, 7);Idle;(4, 7);False;1;2116
;(2, 7);Idle;(4, 7);False;1;2117
;(2, 7);Idle;(4, 7);False;1;2118
MoveSouth;(2, 8);Idle;(4, 7);False;1;2119
;(2, 8);Idle;(4, 7);False;1;2120
;(2, 8);Idle;(4, 7);False;1;2121
;(2, 8);Idle;(4, 7);False;1;2122
;(2, 8);Idle;(4, 7);False;1;2123
MoveSouth;(2, 9);Idle;(4, 7);False;1;2124
;(2, 9);Idle;(4, 7);False;1;2125
;(2, 9);Idle;(4, 7);False;1;2126
;(2, 9);Idle;(4, 7);False;1;2127
;(2, 9);Idle;(4, 7);False;1;2128
MoveSouth;(2, 10);Idle;(4, 7);False;1;2129
;(2, 10);Idle;(4, 7);False;1;2130
;(2, 10);Idle;(4, 7);False;1;2131
;(2, 10);Idle;(4, 7);False;1;2132
;(2, 10);Idle;(4, 7);False;1;2133
;(2, 10);Idle;(4, 7);False;1;2134
;(2, 10);Idle;(4, 7);False;1;2135
;(2, 10);Idle;(4, 7);False;1;2136
;(2, 10);Idle;(4, 7);False;1;2137
;(2, 10);Idle;(4, 7);False;1;2138
;(2, 10);Idle;(4, 7);False;1;2139
;(2, 10);Idle;(4, 7);False;1;2140
;(2, 10);Idle;(4, 7);False;1;2141
;(2, 10);Idle;(4, 7);False;1;2142
;(2, 10);Idle;(4, 7);False;1;2143
;(2, 10);Idle;(4, 7);False;1;2144
;(2, 10);Idle;(4, 7);False;1;2145
;(2, 10);Idle;(4, 7);False;1;2146
;(2, 10);Idle;(4, 7);False;1;2147
;(2, 10);Idle;(4, 7);False;1;2148
MoveEast;(3, 10);Idle;(4, 7);False;1;2149
;(3, 10);Idle;(4, 7);False;1;2150
;(3, 10);Idle;(4, 7);False;1;2151
;(3, 10);Idle;(4, 7);False;1;2152
;(3, 10);Idle;(4, 7);False;1;2153
;(3, 10);Idle;(4, 7);False;1;2154
;(3, 10);Idle;(4, 7);False;1;2155
;(3, 10);Idle;(4, 7);False;1;2156
;(3, 10);Idle;(4, 7);False;1;2157
MoveNorth;(3, 9);Idle;(4, 7);False;1;2158
;(3, 9);Idle;(4, 7);False;1;2159
;(3, 9);Idle;(4, 7);False;1;2160
;(3, 9);Idle;(4, 7);False;1;2161
MoveNorth;(3, 8);Idle;(4, 7);False;1;2162
;(3, 8);;(4, 7);False;1;2163
;(3, 8);Idle;(4, 7);False;1;2164
;(3, 8);Idle;(4, 7);False;1;2165
;(3, 8);Idle;(4, 7);False;1;2166
;(3, 8);Idle;(4, 7);False;1;2167
;(3, 8);Idle;(4, 7);False;1;2168
;(3, 8);Idle;(4, 7);False;1;2169
;(3, 8);Idle;(4, 7);False;1;2170
;(3, 8);Idle;(4, 7);False;1;2171
;(3, 8);Idle;(4, 7);False;1;2172
;(3, 8);Idle;(4, 7);False;1;2173
;(3, 8);Idle;(4, 7);False;1;2174
;(3, 8);Idle;(4, 7);False;1;2175
;(3, 8);Idle;(4, 7);False;1;2176
;(3, 8);Idle;(4, 7);False;1;2177
;(3, 8);Idle;(4, 7);False;1;2178
;(3, 8);Idle;(4, 7);False;1;2179
;(3, 8);Idle;(4, 7);False;1;2180
MoveSouth;(3, 9);Idle;(4, 7);False;1;2181
;(3, 9);Idle;(4, 7);False;1;2182
;(3, 9);Idle;(4, 7);False;1;2183
;(3, 9);Idle;(4, 7);False;1;2184
;(3, 9);Idle;(4, 7);False;1;2185
;(3, 9);Idle;(4, 7);False;1;2186
MoveWest;(2, 9);Idle;(4, 7);False;1;2187
;(2, 9);Idle;(4, 7);False;1;2188
;(2, 9);Idle;(4, 7);False;1;2189
;(2, 9);Idle;(4, 7);False;1;2190
;(2, 9);Idle;(4, 7);False;1;2191
;(2, 9);Idle;(4, 7);False;1;2192
;(2, 9);Idle;(4, 7);False;1;2193
;(2, 9);Idle;(4, 7);False;1;2194
;(2, 9);Idle;(4, 7);False;1;2195
;(2, 9);Idle;(4, 7);False;1;2196
MoveEast;(3, 9);Idle;(4, 7);False;1;2197
;(3, 9);Idle;(4, 7);False;1;2198
;(3, 9);Idle;(4, 7);False;1;2199
;(3, 9);Idle;(4, 7);False;1;2200
MoveEast;(4, 9);Idle;(4, 7);False;1;2201
;(4, 9);Idle;(4, 7);False;1;2202
;(4, 9);Idle;(4, 7);False;1;2203
;(4, 9);Idle;(4, 7);False;1;2204
MoveEast;(5, 9);Idle;(4, 7);False;1;2205
;(5, 9);Idle;(4, 7);False;1;2206
;(5, 9);Idle;(4, 7);False;1;2207
;(5, 9);Idle;(4, 7);False;1;2208
;(5, 9);Idle;(4, 7);False;1;2209
MoveNorth;(5, 8);Idle;(4, 7);False;1;2210
;(5, 8);Idle;(4, 7);False;1;2211
;(5, 8);Idle;(4, 7);False;1;2212
;(5, 8);Idle;(4, 7);False;1;2213
;(5, 8);Idle;(4, 7);False;1;2214
MoveNorth;(5, 7);Idle;(4, 7);False;1;2215
;(5, 7);Idle;(4, 7);False;1;2216
;(5, 7);Idle;(4, 7);False;1;2217
;(5, 7);Idle;(4, 7);False;1;2218
;(5, 7);;(4, 7);False;1;2219
;(5, 7);Idle;(4, 7);False;1;2220
MoveWest;(4, 7);Idle;(4, 7);False;1;2221
;(4, 7);Idle;(4, 7);False;1;2222
;(4, 7);Idle;(4, 7);False;1;2223
;(4, 7);Idle;(4, 7);False;1;2224
MoveWest;(3, 7);Idle;(4, 7);False;1;2225
;(3, 7);Idle;(4, 7);False;1;2226
;(3, 7);Idle;(4, 7);False;1;2227
;(3, 7);Idle;(4, 7);False;1;2228
;(3, 7);Idle;(4, 7);False;1;2229
;(3, 7);Idle;(4, 7);False;1;2230
;(3, 7);Idle;(4, 7);False;1;2231
MoveWest;(2, 7);Idle;(4, 7);False;1;2232
;(2, 7);Idle;(4, 7);False;1;2233
;(2, 7);Idle;(4, 7);False;1;2234
;(2, 7);Idle;(4, 7);False;1;2235
;(2, 7);Idle;(4, 7);False;1;2236
;(2, 7);Idle;(4, 7);False;1;2237
;(2, 7);Idle;(4, 7);False;1;2238
;(2, 7);Idle;(4, 7);False;1;2239
MoveSouth;(2, 8);Idle;(4, 7);False;1;2240
;(2, 8);Idle;(4, 7);False;1;2241
;(2, 8);Idle;(4, 7);False;1;2242
;(2, 8);Idle;(4, 7);False;1;2243
;(2, 8);Idle;(4, 7);False;1;2244
MoveWest;(1, 8);Idle;(4, 7);False;1;2245
;(1, 8);Idle;(4, 7);False;1;2246
;(1, 8);Idle;(4, 7);False;1;2247
;(1, 8);Idle;(4, 7);False;1;2248
;(1, 8);Idle;(4, 7);False;1;2249
;(1, 8);Idle;(4, 7);False;1;2250
;(1, 8);Idle;(4, 7);False;1;2251
GrabObject;(1, 8);Idle;(4, 7);False;1;2252
;(1, 8);Idle;(4, 7);False;1;2253
;(1, 8);Idle;(4, 7);False;1;2254
;(1, 8);Idle;(4, 7);False;1;2255
;(1, 8);Idle;(4, 7);False;1;2256
;(1, 8);Idle;(4, 7);False;1;2257
;(1, 8);Idle;(4, 7);False;1;2258
;(1, 8);Idle;(4, 7);False;1;2259
;(1, 8);Idle;(4, 7);False;1;2260
;(1, 8);Idle;(4, 7);False;1;2261
DropObject;(1, 8);Idle;(4, 7);False;1;2262
;(1, 8);Idle;(4, 7);False;1;2263
;(1, 8);Idle;(4, 7);False;1;2264
;(1, 8);Idle;(4, 7);False;1;2265
;(1, 8);Idle;(4, 7);False;1;2266
;(1, 8);Idle;(4, 7);False;1;2267
;(1, 8);Idle;(4, 7);False;1;2268
;(1, 8);Idle;(4, 7);False;1;2269
;(1, 8);Idle;(4, 7);False;1;2270
;(1, 8);Idle;(4, 7);False;1;2271
;(1, 8);Idle;(4, 7);False;1;2272
;(1, 8);Idle;(4, 7);False;1;2273
;(1, 8);Idle;(4, 7);False;1;2274
;(1, 8);;(4, 7);False;1;2275
GrabObject;(1, 8);Idle;(4, 7);False;1;2276
;(1, 8);Idle;(4, 7);False;1;2277
;(1, 8);Idle;(4, 7);False;1;2278
;(1, 8);Idle;(4, 7);False;1;2279
;(1, 8);Idle;(4, 7);False;1;2280
;(1, 8);Idle;(4, 7);False;1;2281
;(1, 8);Idle;(4, 7);False;1;2282
;(1, 8);Idle;(4, 7);False;1;2283
;(1, 8);Idle;(4, 7);False;1;2284
;(1, 8);Idle;(4, 7);False;1;2285
DropObject;(1, 8);Idle;(4, 7);False;1;2286
;(1, 8);Idle;(4, 7);False;1;2287
;(1, 8);Idle;(4, 7);False;1;2288
;(1, 8);Idle;(4, 7);False;1;2289
;(1, 8);Idle;(4, 7);False;1;2290
;(1, 8);Idle;(4, 7);False;1;2291
;(1, 8);Idle;(4, 7);False;1;2292
;(1, 8);Idle;(4, 7);False;1;2293
;(1, 8);Idle;(4, 7);False;1;2294
;(1, 8);Idle;(4, 7);False;1;2295
GrabObject;(1, 8);Idle;(4, 7);False;1;2296
;(1, 8);Idle;(4, 7);False;1;2297
;(1, 8);Idle;(4, 7);False;1;2298
;(1, 8);Idle;(4, 7);False;1;2299
;(1, 8);Idle;(4, 7);False;1;2300
;(1, 8);Idle;(4, 7);False;1;2301
;(1, 8);Idle;(4, 7);False;1;2302
;(1, 8);Idle;(4, 7);False;1;2303
;(1, 8);Idle;(4, 7);False;1;2304
;(1, 8);Idle;(4, 7);False;1;2305
DropObject;(1, 8);Idle;(4, 7);False;1;2306
GrabObject;(1, 8);Idle;(4, 7);False;1;2307
;(1, 8);Idle;(4, 7);False;1;2308
;(1, 8);Idle;(4, 7);False;1;2309
;(1, 8);Idle;(4, 7);False;1;2310
;(1, 8);Idle;(4, 7);False;1;2311
MoveEast;(2, 8);Idle;(4, 7);False;1;2312
;(2, 8);Idle;(4, 7);False;1;2313
;(2, 8);Idle;(4, 7);False;1;2314
;(2, 8);Idle;(4, 7);False;1;2315
MoveEast;(3, 8);Idle;(4, 7);False;1;2316
;(3, 8);Idle;(4, 7);False;1;2317
;(3, 8);Idle;(4, 7);False;1;2318
;(3, 8);Idle;(4, 7);False;1;2319
;(3, 8);Idle;(4, 7);False;1;2320
;(3, 8);Idle;(4, 7);False;1;2321
MoveEast;(4, 8);Idle;(4, 7);False;1;2322
;(4, 8);Idle;(4, 7);False;1;2323
;(4, 8);Idle;(4, 7);False;1;2324
;(4, 8);Idle;(4, 7);False;1;2325
;(4, 8);Idle;(4, 7);False;1;2326
;(4, 8);Idle;(4, 7);False;1;2327
;(4, 8);Idle;(4, 7);False;1;2328
;(4, 8);Idle;(4, 7);False;1;2329
;(4, 8);Idle;(4, 7);False;1;2330
MoveWest;(3, 8);;(4, 7);False;1;2331
;(3, 8);Idle;(4, 7);False;1;2332
;(3, 8);Idle;(4, 7);False;1;2333
;(3, 8);Idle;(4, 7);False;1;2334
MoveWest;(2, 8);Idle;(4, 7);False;1;2335
;(2, 8);Idle;(4, 7);False;1;2336
;(2, 8);Idle;(4, 7);False;1;2337
MoveWest;(1, 8);Idle;(4, 7);False;1;2338
;(1, 8);Idle;(4, 7);False;1;2339
;(1, 8);Idle;(4, 7);False;1;2340
;(1, 8);Idle;(4, 7);False;1;2341
;(1, 8);Idle;(4, 7);False;1;2342
MoveWest;(0, 8);Idle;(4, 7);False;1;2343
;(0, 8);Idle;(4, 7);False;1;2344
;(0, 8);Idle;(4, 7);False;1;2345
;(0, 8);Idle;(4, 7);False;1;2346
;(0, 8);Idle;(4, 7);False;1;2347
;(0, 8);Idle;(4, 7);False;1;2348
;(0, 8);Idle;(4, 7);False;1;2349
;(0, 8);Idle;(4, 7);False;1;2350
MoveEast;(1, 8);Idle;(4, 7);False;1;2351
;(1, 8);Idle;(4, 7);False;1;2352
;(1, 8);Idle;(4, 7);False;1;2353
;(1, 8);Idle;(4, 7);False;1;2354
;(1, 8);Idle;(4, 7);False;1;2355
;(1, 8);Idle;(4, 7);False;1;2356
;(1, 8);Idle;(4, 7);False;1;2357
;(1, 8);Idle;(4, 7);False;1;2358
GrabObject;(1, 8);Idle;(4, 7);False;1;2359
;(1, 8);Idle;(4, 7);False;1;2360
;(1, 8);Idle;(4, 7);False;1;2361
;(1, 8);Idle;(4, 7);False;1;2362
;(1, 8);Idle;(4, 7);False;1;2363
;(1, 8);Idle;(4, 7);False;1;2364
;(1, 8);Idle;(4, 7);False;1;2365
;(1, 8);Idle;(4, 7);False;1;2366
DropObject;(1, 8);Idle;(4, 7);False;1;2367
;(1, 8);Idle;(4, 7);False;1;2368
;(1, 8);Idle;(4, 7);False;1;2369
;(1, 8);Idle;(4, 7);False;1;2370
;(1, 8);Idle;(4, 7);False;1;2371
;(1, 8);Idle;(4, 7);False;1;2372
;(1, 8);Idle;(4, 7);False;1;2373
;(1, 8);Idle;(4, 7);False;1;2374
;(1, 8);Idle;(4, 7);False;1;2375
;(1, 8);Idle;(4, 7);False;1;2376
;(1, 8);Idle;(4, 7);False;1;2377
MoveEast;(2, 8);Idle;(4, 7);False;1;2378
;(2, 8);Idle;(4, 7);False;1;2379
;(2, 8);Idle;(4, 7);False;1;2380
;(2, 8);Idle;(4, 7);False;1;2381
MoveEast;(3, 8);Idle;(4, 7);False;1;2382
;(3, 8);Idle;(4, 7);False;1;2383
;(3, 8);Idle;(4, 7);False;1;2384
MoveEast;(4, 8);Idle;(4, 7);False;1;2385
;(4, 8);Idle;(4, 7);False;1;2386
;(4, 8);;(4, 7);False;1;2387
;(4, 8);Idle;(4, 7);False;1;2388
MoveEast;(5, 8);Idle;(4, 7);False;1;2389
;(5, 8);Idle;(4, 7);False;1;2390
;(5, 8);Idle;(4, 7);False;1;2391
MoveNorth;(5, 7);Idle;(4, 7);False;1;2392
;(5, 7);Idle;(4, 7);False;1;2393
;(5, 7);Idle;(4, 7);False;1;2394
;(5, 7);Idle;(4, 7);False;1;2395
;(5, 7);Idle;(4, 7);False;1;2396
;(5, 7);Idle;(4, 7);False;1;2397
;(5, 7);Idle;(4, 7);False;1;2398
;(5, 7);Idle;(4, 7);False;1;2399
MoveWest;(4, 7);Idle;(4, 7);False;1;2400
;(4, 7);Idle;(4, 7);False;1;2401
;(4, 7);Idle;(4, 7);False;1;2402
;(4, 7);Idle;(4, 7);False;1;2403
;(4, 7);Idle;(4, 7);False;1;2404
;(4, 7);Idle;(4, 7);False;1;2405
GrabObject;(4, 7);Idle;(4, 7);False;1;2406
;(4, 7);Idle;(4, 7);False;1;2407
;(4, 7);Idle;(4, 7);False;1;2408
;(4, 7);Idle;(4, 7);False;1;2409
GrabObject;(4, 7);Idle;(4, 7);False;1;2410
;(4, 7);Idle;(4, 7);False;1;2411
;(4, 7);Idle;(4, 7);False;1;2412
;(4, 7);Idle;(4, 7);False;1;2413
;(4, 7);Idle;(4, 7);False;1;2414
;(4, 7);Idle;(4, 7);False;1;2415
;(4, 7);Idle;(4, 7);False;1;2416
MoveEast;(5, 7);Idle;(4, 7);False;1;2417
;(5, 7);Idle;(4, 7);False;1;2418
;(5, 7);Idle;(4, 7);False;1;2419
;(5, 7);Idle;(4, 7);False;1;2420
;(5, 7);Idle;(4, 7);False;1;2421
;(5, 7);Idle;(4, 7);False;1;2422
;(5, 7);Idle;(4, 7);False;1;2423
;(5, 7);Idle;(4, 7);False;1;2424
;(5, 7);Idle;(4, 7);False;1;2425
;(5, 7);Idle;(4, 7);False;1;2426
MoveEast;(6, 7);Idle;(4, 7);False;1;2427
MoveEast;(7, 7);Idle;(4, 7);False;1;2428
;(7, 7);Idle;(4, 7);False;1;2429
MoveEast;(8, 7);Idle;(4, 7);False;1;2430
MoveSouth;(8, 8);Idle;(4, 7);False;1;2431
;(8, 8);Idle;(4, 7);False;1;2432
;(8, 8);Idle;(4, 7);False;1;2433
;(8, 8);Idle;(4, 7);False;1;2434
MoveSouth;(8, 9);Idle;(4, 7);False;1;2435
;(8, 9);Idle;(4, 7);False;1;2436
;(8, 9);Idle;(4, 7);False;1;2437
;(8, 9);Idle;(4, 7);False;1;2438
;(8, 9);Idle;(4, 7);False;1;2439
;(8, 9);Idle;(4, 7);False;1;2440
;(8, 9);Idle;(4, 7);False;1;2441
MoveNorth;(8, 8);Idle;(4, 7);False;1;2442
;(8, 8);;(4, 7);False;1;2443
;(8, 8);Idle;(4, 7);False;1;2444
MoveNorth;(8, 7);Idle;(4, 7);False;1;2445
;(8, 7);Idle;(4, 7);False;1;2446
;(8, 7);Idle;(4, 7);False;1;2447
MoveNorth;(8, 6);Idle;(4, 7);False;1;2448
;(8, 6);Idle;(4, 7);False;1;2449
;(8, 6);Idle;(4, 7);False;1;2450
;(8, 6);Idle;(4, 7);False;1;2451
;(8, 6);Idle;(4, 7);False;1;2452
;(8, 6);Idle;(4, 7);False;1;2453
;(8, 6);Idle;(4, 7);False;1;2454
;(8, 6);Idle;(4, 7);False;1;2455
;(8, 6);Idle;(4, 7);False;1;2456
;(8, 6);Idle;(4, 7);False;1;2457
;(8, 6);Idle;(4, 7);False;1;2458
;(8, 6);Idle;(4, 7);False;1;2459
;(8, 6);Idle;(4, 7);False;1;2460
;(8, 6);Idle;(4, 7);False;1;2461
;(8, 6);Idle;(4, 7);False;1;2462
;(8, 6);Idle;(4, 7);False;1;2463
;(8, 6);Idle;(4, 7);False;1;2464
;(8, 6);Idle;(4, 7);False;1;2465
;(8, 6);Idle;(4, 7);False;1;2466
;(8, 6);Idle;(4, 7);False;1;2467
;(8, 6);Idle;(4, 7);False;1;2468
;(8, 6);Idle;(4, 7);False;1;2469
;(8, 6);Idle;(4, 7);False;1;2470
;(8, 6);Idle;(4, 7);False;1;2471
;(8, 6);Idle;(4, 7);False;1;2472
;(8, 6);Idle;(4, 7);False;1;2473
;(8, 6);Idle;(4, 7);False;1;2474
;(8, 6);Idle;(4, 7);False;1;2475
;(8, 6);Idle;(4, 7);False;1;2476
;(8, 6);Idle;(4, 7);False;1;2477
;(8, 6);Idle;(4, 7);False;1;2478
;(8, 6);Idle;(4, 7);False;1;2479
;(8, 6);Idle;(4, 7);False;1;2480
;(8, 6);Idle;(4, 7);False;1;2481
;(8, 6);Idle;(4, 7);False;1;2482
;(8, 6);Idle;(4, 7);False;1;2483
;(8, 6);Idle;(4, 7);False;1;2484
;(8, 6);Idle;(4, 7);False;1;2485
;(8, 6);Idle;(4, 7);False;1;2486
;(8, 6);Idle;(4, 7);False;1;2487
;(8, 6);Idle;(4, 7);False;1;2488
;(8, 6);Idle;(4, 7);False;1;2489
;(8, 6);Idle;(4, 7);False;1;2490
;(8, 6);Idle;(4, 7);False;1;2491
;(8, 6);Idle;(4, 7);False;1;2492
;(8, 6);Idle;(4, 7);False;1;2493
;(8, 6);Idle;(4, 7);False;1;2494
;(8, 6);Idle;(4, 7);False;1;2495
;(8, 6);Idle;(4, 7);False;1;2496
;(8, 6);Idle;(4, 7);False;1;2497
;(8, 6);Idle;(4, 7);False;1;2498
;(8, 6);;(4, 7);False;1;2499
;(8, 6);MoveEast;(4, 7);False;1;2500
;(8, 6);MoveEast;(4, 7);False;1;2501
;(8, 6);MoveEast;(4, 7);False;1;2502
;(8, 6);MoveEast;(4, 7);False;1;2503
;(8, 6);MoveEast;(4, 7);False;1;2504
;(8, 6);MoveEast;(4, 7);False;1;2505
;(8, 6);MoveEast;(4, 7);False;1;2506
;(8, 6);MoveEast;(4, 7);False;1;2507
;(8, 6);MoveEast;(4, 7);False;1;2508
;(8, 6);MoveEast;(4, 7);False;1;2509
;(8, 6);MoveEast;(5, 7);False;1;2510
;(8, 6);MoveSouthEast;(5, 7);False;1;2511
;(8, 6);MoveSouthEast;(5, 7);False;1;2512
;(8, 6);MoveSouthEast;(5, 7);False;1;2513
;(8, 6);MoveSouthEast;(5, 7);False;1;2514
;(8, 6);MoveSouthEast;(5, 7);False;1;2515
;(8, 6);MoveSouthEast;(5, 7);False;1;2516
;(8, 6);MoveSouthEast;(5, 7);False;1;2517
;(8, 6);MoveSouthEast;(5, 7);False;1;2518
;(8, 6);MoveSouthEast;(5, 7);False;1;2519
;(8, 6);MoveSouthEast;(5, 7);False;1;2520
;(8, 6);MoveSouthEast;(6, 8);False;1;2521
;(8, 6);BreakObject;(6, 8);False;1;2522
;(8, 6);BreakObject;(6, 8);False;1;2523
MoveSouth;(8, 7);BreakObject;(6, 8);False;1;2524
;(8, 7);BreakObject;(6, 8);False;1;2525
;(8, 7);BreakObject;(6, 8);False;1;2526
;(8, 7);BreakObject;(6, 8);False;1;2527
;(8, 7);BreakObject;(6, 8);False;1;2528
MoveSouth;(8, 8);BreakObject;(6, 8);False;1;2529
MoveWest;(7, 8);BreakObject;(6, 8);False;1;2530
;(7, 8);BreakObject;(6, 8);False;1;2531
;(7, 8);BreakObject;(6, 8);False;1;2532
;(7, 8);;(6, 8);False;1;2533
;(7, 8);Idle;(6, 8);False;1;2534
;(7, 8);Idle;(6, 8);False;1;2535
;(7, 8);Idle;(6, 8);False;1;2536
;(7, 8);Idle;(6, 8);False;1;2537
;(7, 8);Idle;(6, 8);False;1;2538
;(7, 8);Idle;(6, 8);False;1;2539
;(7, 8);Idle;(6, 8);False;1;2540
;(7, 8);Idle;(6, 8);False;1;2541
;(7, 8);Idle;(6, 8);False;1;2542
;(7, 8);Idle;(6, 8);False;1;2543
;(7, 8);Idle;(6, 8);False;1;2544
;(7, 8);Idle;(6, 8);False;1;2545
MoveWest;(6, 8);Idle;(6, 8);False;1;2546
;(6, 8);Idle;(6, 8);False;1;2547
;(6, 8);Idle;(6, 8);False;1;2548
;(6, 8);Idle;(6, 8);False;1;2549
;(6, 8);Idle;(6, 8);False;1;2550
;(6, 8);Idle;(6, 8);False;1;2551
;(6, 8);Idle;(6, 8);False;1;2552
;(6, 8);Idle;(6, 8);False;1;2553
;(6, 8);Idle;(6, 8);False;1;2554
GrabObject;(6, 8);Idle;(6, 8);False;1;2555
;(6, 8);Idle;(6, 8);False;1;2556
;(6, 8);Idle;(6, 8);False;1;2557
MoveEast;(7, 8);Idle;(6, 8);False;1;2558
;(7, 8);Idle;(6, 8);False;1;2559
;(7, 8);Idle;(6, 8);False;1;2560
;(7, 8);Idle;(6, 8);False;1;2561
;(7, 8);Idle;(6, 8);False;1;2562
;(7, 8);Idle;(6, 8);False;1;2563
;(7, 8);Idle;(6, 8);False;1;2564
;(7, 8);Idle;(6, 8);False;1;2565
;(7, 8);Idle;(6, 8);False;1;2566
;(7, 8);Idle;(6, 8);False;1;2567
GrabObject;(7, 8);Idle;(6, 8);False;1;2568
;(7, 8);Idle;(6, 8);False;1;2569
;(7, 8);Idle;(6, 8);False;1;2570
;(7, 8);Idle;(6, 8);False;1;2571
;(7, 8);Idle;(6, 8);False;1;2572
;(7, 8);Idle;(6, 8);False;1;2573
;(7, 8);Idle;(6, 8);False;1;2574
MoveWest;(6, 8);Idle;(6, 8);False;1;2575
;(6, 8);Idle;(6, 8);False;1;2576
;(6, 8);Idle;(6, 8);False;1;2577
;(6, 8);Idle;(6, 8);False;1;2578
MoveWest;(5, 8);Idle;(6, 8);False;1;2579
;(5, 8);Idle;(6, 8);False;1;2580
;(5, 8);Idle;(6, 8);False;1;2581
MoveWest;(4, 8);Idle;(6, 8);False;1;2582
;(4, 8);Idle;(6, 8);False;1;2583
MoveWest;(3, 8);Idle;(6, 8);False;1;2584
;(3, 8);Idle;(6, 8);False;1;2585
;(3, 8);Idle;(6, 8);False;1;2586
;(3, 8);Idle;(6, 8);False;1;2587
;(3, 8);Idle;(6, 8);False;1;2588
DropObject;(3, 8);;(6, 8);False;1;2589
;(3, 8);Idle;(6, 8);False;1;2590
;(3, 8);Idle;(6, 8);False;1;2591
;(3, 8);Idle;(6, 8);False;1;2592
;(3, 8);Idle;(6, 8);False;1;2593
MoveEast;(4, 8);Idle;(6, 8);False;1;2594
;(4, 8);Idle;(6, 8);False;1;2595
;(4, 8);Idle;(6, 8);False;1;2596
MoveEast;(5, 8);Idle;(6, 8);False;1;2597
;(5, 8);Idle;(6, 8);False;1;2598
;(5, 8);Idle;(6, 8);False;1;2599
MoveEast;(6, 8);Idle;(6, 8);False;1;2600
;(6, 8);Idle;(6, 8);False;1;2601
;(6, 8);Idle;(6, 8);False;1;2602
;(6, 8);Idle;(6, 8);False;1;2603
;(6, 8);Idle;(6, 8);False;1;2604
;(6, 8);Idle;(6, 8);False;1;2605
;(6, 8);Idle;(6, 8);False;1;2606
MoveEast;(7, 8);Idle;(6, 8);False;1;2607
;(7, 8);Idle;(6, 8);False;1;2608
;(7, 8);Idle;(6, 8);False;1;2609
;(7, 8);Idle;(6, 8);False;1;2610
;(7, 8);Idle;(6, 8);False;1;2611
;(7, 8);Idle;(6, 8);False;1;2612
;(7, 8);Idle;(6, 8);False;1;2613
;(7, 8);Idle;(6, 8);False;1;2614
GrabObject;(7, 8);Idle;(6, 8);False;1;2615
;(7, 8);Idle;(6, 8);False;1;2616
;(7, 8);Idle;(6, 8);False;1;2617
;(7, 8);Idle;(6, 8);False;1;2618
;(7, 8);Idle;(6, 8);False;1;2619
;(7, 8);Idle;(6, 8);False;1;2620
MoveWest;(6, 8);Idle;(6, 8);False;1;2621
;(6, 8);Idle;(6, 8);False;1;2622
;(6, 8);Idle;(6, 8);False;1;2623
;(6, 8);Idle;(6, 8);False;1;2624
MoveWest;(5, 8);Idle;(6, 8);False;1;2625
;(5, 8);Idle;(6, 8);False;1;2626
;(5, 8);Idle;(6, 8);False;1;2627
MoveWest;(4, 8);Idle;(6, 8);False;1;2628
;(4, 8);Idle;(6, 8);False;1;2629
;(4, 8);Idle;(6, 8);False;1;2630
MoveWest;(3, 8);Idle;(6, 8);False;1;2631
;(3, 8);Idle;(6, 8);False;1;2632
;(3, 8);Idle;(6, 8);False;1;2633
MoveWest;(2, 8);Idle;(6, 8);False;1;2634
;(2, 8);Idle;(6, 8);False;1;2635
DropObject;(2, 8);Idle;(6, 8);False;1;2636
;(2, 8);Idle;(6, 8);False;1;2637
;(2, 8);Idle;(6, 8);False;1;2638
;(2, 8);Idle;(6, 8);False;1;2639
MoveEast;(3, 8);Idle;(6, 8);False;1;2640
;(3, 8);Idle;(6, 8);False;1;2641
;(3, 8);Idle;(6, 8);False;1;2642
;(3, 8);Idle;(6, 8);False;1;2643
MoveEast;(4, 8);Idle;(6, 8);False;1;2644
;(4, 8);;(6, 8);False;1;2645
;(4, 8);MoveWest;(6, 8);False;1;2646
;(4, 8);MoveWest;(6, 8);False;1;2647
MoveEast;(5, 8);MoveWest;(6, 8);False;1;2648
;(5, 8);MoveWest;(6, 8);False;1;2649
;(5, 8);MoveWest;(6, 8);False;1;2650
MoveSouth;(5, 9);MoveWest;(6, 8);False;1;2651
;(5, 9);MoveWest;(6, 8);False;1;2652
;(5, 9);MoveWest;(6, 8);False;1;2653
;(5, 9);MoveWest;(6, 8);False;1;2654
MoveSouth;(5, 10);MoveWest;(6, 8);False;1;2655
MoveEast;(6, 10);MoveWest;(5, 8);False;1;2656
;(6, 10);MoveWest;(5, 8);False;1;2657
;(6, 10);MoveWest;(5, 8);False;1;2658
;(6, 10);MoveWest;(5, 8);False;1;2659
;(6, 10);MoveWest;(5, 8);False;1;2660
;(6, 10);MoveWest;(5, 8);False;1;2661
;(6, 10);MoveWest;(5, 8);False;1;2662
;(6, 10);MoveWest;(5, 8);False;1;2663
;(6, 10);MoveWest;(5, 8);False;1;2664
;(6, 10);MoveWest;(5, 8);False;1;2665
MoveNorth;(6, 9);MoveWest;(5, 8);False;1;2666
;(6, 9);MoveWest;(4, 8);False;1;2667
;(6, 9);Idle;(4, 8);False;1;2668
;(6, 9);Idle;(4, 8);False;1;2669
;(6, 9);Idle;(4, 8);False;1;2670
;(6, 9);Idle;(4, 8);False;1;2671
;(6, 9);Idle;(4, 8);False;1;2672
;(6, 9);Idle;(4, 8);False;1;2673
;(6, 9);Idle;(4, 8);False;1;2674
;(6, 9);Idle;(4, 8);False;1;2675
;(6, 9);Idle;(4, 8);False;1;2676
;(6, 9);Idle;(4, 8);False;1;2677
;(6, 9);Idle;(4, 8);False;1;2678
;(6, 9);Idle;(4, 8);False;1;2679
;(6, 9);Idle;(4, 8);False;1;2680
;(6, 9);Idle;(4, 8);False;1;2681
;(6, 9);Idle;(4, 8);False;1;2682
;(6, 9);Idle;(4, 8);False;1;2683
;(6, 9);Idle;(4, 8);False;1;2684
;(6, 9);Idle;(4, 8);False;1;2685
;(6, 9);Idle;(4, 8);False;1;2686
;(6, 9);Idle;(4, 8);False;1;2687
;(6, 9);Idle;(4, 8);False;1;2688
;(6, 9);Idle;(4, 8);False;1;2689
GrabObject;(6, 9);Idle;(4, 8);False;1;2690
;(6, 9);Idle;(4, 8);False;1;2691
;(6, 9);Idle;(4, 8);False;1;2692
;(6, 9);Idle;(4, 8);False;1;2693
;(6, 9);Idle;(4, 8);False;1;2694
;(6, 9);Idle;(4, 8);False;1;2695
;(6, 9);Idle;(4, 8);False;1;2696
;(6, 9);Idle;(4, 8);False;1;2697
MoveWest;(5, 9);Idle;(4, 8);False;1;2698
;(5, 9);Idle;(4, 8);False;1;2699
;(5, 9);Idle;(4, 8);False;1;2700
MoveWest;(4, 9);Idle;(4, 8);False;1;2701
;(4, 9);Idle;(4, 8);False;1;2702
;(4, 9);Idle;(4, 8);False;1;2703
MoveWest;(3, 9);Idle;(4, 8);False;1;2704
;(3, 9);Idle;(4, 8);False;1;2705
;(3, 9);Idle;(4, 8);False;1;2706
MoveWest;(2, 9);Idle;(4, 8);False;1;2707
;(2, 9);Idle;(4, 8);False;1;2708
;(2, 9);Idle;(4, 8);False;1;2709
DropObject;(2, 9);Idle;(4, 8);False;1;2710
;(2, 9);Idle;(4, 8);False;1;2711
;(2, 9);Idle;(4, 8);False;1;2712
;(2, 9);Idle;(4, 8);False;1;2713
;(2, 9);Idle;(4, 8);False;1;2714
;(2, 9);Idle;(4, 8);False;1;2715
;(2, 9);Idle;(4, 8);False;1;2716
MoveEast;(3, 9);Idle;(4, 8);False;1;2717
;(3, 9);Idle;(4, 8);False;1;2718
;(3, 9);Idle;(4, 8);False;1;2719
MoveEast;(4, 9);Idle;(4, 8);False;1;2720
;(4, 9);Idle;(4, 8);False;1;2721
;(4, 9);Idle;(4, 8);False;1;2722
MoveEast;(5, 9);;(4, 8);False;1;2723
;(5, 9);MoveEast;(4, 8);False;1;2724
;(5, 9);MoveEast;(4, 8);False;1;2725
;(5, 9);MoveEast;(4, 8);False;1;2726
MoveEast;(6, 9);MoveEast;(4, 8);False;1;2727
;(6, 9);MoveEast;(4, 8);False;1;2728
;(6, 9);MoveEast;(4, 8);False;1;2729
MoveEast;(7, 9);MoveEast;(4, 8);False;1;2730
;(7, 9);MoveEast;(4, 8);False;1;2731
;(7, 9);MoveEast;(4, 8);False;1;2732
;(7, 9);MoveEast;(4, 8);False;1;2733
;(7, 9);MoveEast;(5, 8);False;1;2734
;(7, 9);MoveEast;(5, 8);False;1;2735
;(7, 9);MoveEast;(5, 8);False;1;2736
;(7, 9);MoveEast;(5, 8);False;1;2737
MoveEast;(8, 9);MoveEast;(5, 8);False;1;2738
;(8, 9);MoveEast;(5, 8);False;1;2739
;(8, 9);MoveEast;(5, 8);False;1;2740
;(8, 9);MoveEast;(5, 8);False;1;2741
;(8, 9);MoveEast;(5, 8);False;1;2742
MoveWest;(7, 9);MoveEast;(5, 8);False;1;2743
;(7, 9);MoveEast;(5, 8);False;1;2744
;(7, 9);MoveEast;(6, 8);False;1;2745
;(7, 9);MoveWest;(6, 8);False;1;2746
;(7, 9);MoveWest;(6, 8);False;1;2747
;(7, 9);MoveWest;(6, 8);False;1;2748
;(7, 9);MoveWest;(6, 8);False;1;2749
;(7, 9);MoveWest;(6, 8);False;1;2750
GrabObject;(7, 9);MoveWest;(6, 8);False;1;2751
;(7, 9);MoveWest;(6, 8);False;1;2752
;(7, 9);MoveWest;(6, 8);False;1;2753
;(7, 9);MoveWest;(6, 8);False;1;2754
;(7, 9);MoveWest;(6, 8);False;1;2755
MoveWest;(6, 9);MoveWest;(5, 8);False;1;2756
;(6, 9);MoveWest;(5, 8);False;1;2757
;(6, 9);MoveWest;(5, 8);False;1;2758
;(6, 9);MoveWest;(5, 8);False;1;2759
MoveWest;(5, 9);MoveWest;(5, 8);False;1;2760
;(5, 9);MoveWest;(5, 8);False;1;2761
MoveWest;(4, 9);MoveWest;(5, 8);False;1;2762
;(4, 9);MoveWest;(5, 8);False;1;2763
;(4, 9);MoveWest;(5, 8);False;1;2764
;(4, 9);MoveWest;(5, 8);False;1;2765
MoveWest;(3, 9);MoveWest;(5, 8);False;1;2766
;(3, 9);MoveWest;(4, 8);False;1;2767
;(3, 9);MoveEast;(4, 8);False;1;2768
MoveWest;(2, 9);MoveEast;(4, 8);False;1;2769
;(2, 9);MoveEast;(4, 8);False;1;2770
;(2, 9);MoveEast;(4, 8);False;1;2771
;(2, 9);MoveEast;(4, 8);False;1;2772
DropObject;(2, 9);MoveEast;(4, 8);False;1;2773
;(2, 9);MoveEast;(4, 8);False;1;2774
;(2, 9);MoveEast;(4, 8);False;1;2775
MoveEast;(3, 9);MoveEast;(4, 8);False;1;2776
;(3, 9);MoveEast;(4, 8);False;1;2777
;(3, 9);MoveEast;(5, 8);False;1;2778
;(3, 9);MoveEast;(5, 8);False;1;2779
MoveEast;(4, 9);MoveEast;(5, 8);False;1;2780
;(4, 9);MoveEast;(5, 8);False;1;2781
;(4, 9);MoveEast;(5, 8);False;1;2782
MoveEast;(5, 9);MoveEast;(5, 8);False;1;2783
;(5, 9);MoveEast;(5, 8);False;1;2784
;(5, 9);MoveEast;(5, 8);False;1;2785
MoveEast;(6, 9);MoveEast;(5, 8);False;1;2786
;(6, 9);MoveEast;(5, 8);False;1;2787
;(6, 9);MoveEast;(5, 8);False;1;2788
;(6, 9);MoveEast;(6, 8);False;1;2789
MoveSouth;(6, 10);MoveWest;(6, 8);False;1;2790
;(6, 10);MoveWest;(6, 8);False;1;2791
;(6, 10);MoveWest;(6, 8);False;1;2792
;(6, 10);MoveWest;(6, 8);False;1;2793
;(6, 10);MoveWest;(6, 8);False;1;2794
;(6, 10);MoveWest;(6, 8);False;1;2795
;(6, 10);MoveWest;(6, 8);False;1;2796
;(6, 10);MoveWest;(6, 8);False;1;2797
;(6, 10);MoveWest;(6, 8);False;1;2798
MoveNorth;(6, 9);MoveWest;(6, 8);False;1;2799
;(6, 9);MoveWest;(5, 8);False;1;2800
;(6, 9);MoveWest;(5, 8);False;1;2801
;(6, 9);MoveWest;(5, 8);False;1;2802
;(6, 9);MoveWest;(5, 8);False;1;2803
;(6, 9);MoveWest;(5, 8);False;1;2804
;(6, 9);MoveWest;(5, 8);False;1;2805
;(6, 9);MoveWest;(5, 8);False;1;2806
;(6, 9);MoveWest;(5, 8);False;1;2807
MoveNorth;(6, 8);MoveWest;(5, 8);False;1;2808
;(6, 8);MoveWest;(5, 8);False;1;2809
;(6, 8);MoveWest;(5, 8);False;1;2810
;(6, 8);MoveWest;(4, 8);False;1;2811
;(6, 8);MoveEast;(4, 8);False;1;2812
;(6, 8);MoveEast;(4, 8);False;1;2813
;(6, 8);MoveEast;(4, 8);False;1;2814
;(6, 8);MoveEast;(4, 8);False;1;2815
;(6, 8);MoveEast;(4, 8);False;1;2816
;(6, 8);MoveEast;(4, 8);False;1;2817
MoveWest;(5, 8);MoveEast;(4, 8);False;1;2818
;(5, 8);MoveEast;(4, 8);False;1;2819
;(5, 8);MoveEast;(4, 8);False;1;2820
;(5, 8);MoveEast;(4, 8);False;1;2821
MoveWest;(4, 8);MoveEast;(5, 8);False;1;2822
;(4, 8);MoveEast;(5, 8);False;1;2823
;(4, 8);MoveEast;(5, 8);False;1;2824
;(4, 8);MoveEast;(5, 8);False;1;2825
MoveWest;(3, 8);MoveEast;(5, 8);False;1;2826
;(3, 8);MoveEast;(5, 8);False;1;2827
;(3, 8);MoveEast;(5, 8);False;1;2828
;(3, 8);MoveEast;(5, 8);False;1;2829
;(3, 8);MoveEast;(5, 8);False;1;2830
;(3, 8);MoveEast;(5, 8);False;1;2831
;(3, 8);MoveEast;(5, 8);False;1;2832
;(3, 8);MoveEast;(6, 8);False;1;2833
MoveEast;(4, 8);MoveWest;(6, 8);False;1;2834
;(4, 8);MoveWest;(6, 8);False;1;2835
;(4, 8);MoveWest;(6, 8);False;1;2836
;(4, 8);MoveWest;(6, 8);False;1;2837
;(4, 8);MoveWest;(6, 8);False;1;2838
MoveEast;(5, 8);MoveWest;(6, 8);False;1;2839
;(5, 8);MoveWest;(6, 8);False;1;2840
;(5, 8);MoveWest;(6, 8);False;1;2841
;(5, 8);MoveWest;(6, 8);False;1;2842
MoveEast;(6, 8);MoveWest;(6, 8);False;1;2843
;(6, 8);MoveWest;(5, 8);False;1;2844
;(6, 8);MoveWest;(5, 8);False;1;2845
;(6, 8);MoveWest;(5, 8);False;1;2846
MoveEast;(7, 8);MoveWest;(5, 8);False;1;2847
;(7, 8);MoveWest;(5, 8);False;1;2848
;(7, 8);MoveWest;(5, 8);False;1;2849
;(7, 8);MoveWest;(5, 8);False;1;2850
MoveEast;(8, 8);MoveWest;(5, 8);False;1;2851
;(8, 8);MoveWest;(5, 8);False;1;2852
;(8, 8);MoveWest;(5, 8);False;1;2853
;(8, 8);MoveWest;(5, 8);False;1;2854
MoveWest;(7, 8);MoveWest;(4, 8);False;1;2855
;(7, 8);;(4, 8);False;1;2856
;(7, 8);Idle;(4, 8);False;1;2857
;(7, 8);Idle;(4, 8);False;1;2858
MoveWest;(6, 8);Idle;(4, 8);False;1;2859
;(6, 8);Idle;(4, 8);False;1;2860
;(6, 8);Idle;(4, 8);False;1;2861
;(6, 8);Idle;(4, 8);False;1;2862
;(6, 8);Idle;(4, 8);False;1;2863
MoveWest;(5, 8);Idle;(4, 8);False;1;2864
;(5, 8);Idle;(4, 8);False;1;2865
;(5, 8);Idle;(4, 8);False;1;2866
;(5, 8);Idle;(4, 8);False;1;2867
;(5, 8);Idle;(4, 8);False;1;2868
MoveWest;(4, 8);Idle;(4, 8);False;1;2869
;(4, 8);Idle;(4, 8);False;1;2870
;(4, 8);Idle;(4, 8);False;1;2871
;(4, 8);Idle;(4, 8);False;1;2872
;(4, 8);Idle;(4, 8);False;1;2873
;(4, 8);Idle;(4, 8);False;1;2874
;(4, 8);Idle;(4, 8);False;1;2875
;(4, 8);Idle;(4, 8);False;1;2876
;(4, 8);Idle;(4, 8);False;1;2877
;(4, 8);Idle;(4, 8);False;1;2878
;(4, 8);Idle;(4, 8);False;1;2879
;(4, 8);Idle;(4, 8);False;1;2880
;(4, 8);Idle;(4, 8);False;1;2881
;(4, 8);Idle;(4, 8);False;1;2882
;(4, 8);Idle;(4, 8);False;1;2883
DropObject;(4, 8);Idle;(4, 8);False;1;2884
;(4, 8);Idle;(4, 8);False;1;2885
;(4, 8);Idle;(4, 8);False;1;2886
;(4, 8);Idle;(4, 8);False;1;2887
;(4, 8);Idle;(4, 8);False;1;2888
;(4, 8);Idle;(4, 8);False;1;2889
;(4, 8);Idle;(4, 8);False;1;2890
GrabObject;(4, 8);Idle;(4, 8);False;1;2891
;(4, 8);Idle;(4, 8);False;1;2892
;(4, 8);Idle;(4, 8);False;1;2893
;(4, 8);Idle;(4, 8);False;1;2894
GrabObject;(4, 8);Idle;(4, 8);False;1;2895
;(4, 8);Idle;(4, 8);False;1;2896
;(4, 8);Idle;(4, 8);False;1;2897
GrabObject;(4, 8);Idle;(4, 8);False;1;2898
;(4, 8);Idle;(4, 8);False;1;2899
;(4, 8);Idle;(4, 8);False;1;2900
DropObject;(4, 8);Idle;(4, 8);False;1;2901
;(4, 8);Idle;(4, 8);False;1;2902
;(4, 8);Idle;(4, 8);False;1;2903
;(4, 8);Idle;(4, 8);False;1;2904
DropObject;(4, 8);Idle;(4, 8);False;1;2905
;(4, 8);Idle;(4, 8);False;1;2906
;(4, 8);Idle;(4, 8);False;1;2907
DropObject;(4, 8);Idle;(4, 8);False;1;2908
;(4, 8);Idle;(4, 8);False;1;2909
;(4, 8);Idle;(4, 8);False;1;2910
;(4, 8);Idle;(4, 8);False;1;2911
;(4, 8);;(4, 8);False;1;2912
;(4, 8);MoveSouthEast;(4, 8);False;1;2913
MoveEast;(5, 8);MoveSouthEast;(4, 8);False;1;2914
;(5, 8);MoveSouthEast;(4, 8);False;1;2915
;(5, 8);MoveSouthEast;(4, 8);False;1;2916
;(5, 8);MoveSouthEast;(4, 8);False;1;2917
MoveWest;(4, 8);MoveSouthEast;(4, 8);False;1;2918
;(4, 8);MoveSouthEast;(4, 8);False;1;2919
;(4, 8);MoveSouthEast;(4, 8);False;1;2920
;(4, 8);MoveSouthEast;(4, 8);False;1;2921
;(4, 8);MoveSouthEast;(4, 8);False;1;2922
;(4, 8);MoveSouthEast;(5, 9);False;1;2923
;(4, 8);MoveSouthEast;(5, 9);False;1;2924
;(4, 8);MoveSouthEast;(5, 9);False;1;2925
MoveWest;(3, 8);MoveSouthEast;(5, 9);False;1;2926
;(3, 8);MoveSouthEast;(5, 9);False;1;2927
;(3, 8);MoveSouthEast;(5, 9);False;1;2928
;(3, 8);MoveSouthEast;(5, 9);False;1;2929
;(3, 8);MoveSouthEast;(5, 9);False;1;2930
MoveEast;(4, 8);MoveSouthEast;(5, 9);False;1;2931
;(4, 8);MoveSouthEast;(5, 9);False;1;2932
;(4, 8);MoveSouthEast;(5, 9);False;1;2933
;(4, 8);MoveSouthEast;(6, 10);False;1;2934
;(4, 8);BreakObject;(6, 10);False;1;2935
MoveEast;(5, 8);BreakObject;(6, 10);False;1;2936
;(5, 8);BreakObject;(6, 10);False;1;2937
;(5, 8);BreakObject;(6, 10);False;1;2938
;(5, 8);BreakObject;(6, 10);False;1;2939
;(5, 8);BreakObject;(6, 10);False;1;2940
MoveSouth;(5, 9);BreakObject;(6, 10);False;1;2941
;(5, 9);BreakObject;(6, 10);False;1;2942
;(5, 9);BreakObject;(6, 10);False;1;2943
;(5, 9);BreakObject;(6, 10);False;1;2944
;(5, 9);BreakObject;(6, 10);False;1;2945
;(5, 9);;(6, 10);False;1;2946
MoveEast;(6, 9);MoveWest;(6, 10);False;1;2947
;(6, 9);MoveWest;(6, 10);False;1;2948
;(6, 9);MoveWest;(6, 10);False;1;2949
;(6, 9);MoveWest;(6, 10);False;1;2950
MoveEast;(7, 9);MoveWest;(6, 10);False;1;2951
;(7, 9);MoveWest;(6, 10);False;1;2952
;(7, 9);MoveWest;(6, 10);False;1;2953
MoveSouth;(7, 10);MoveWest;(6, 10);False;1;2954
;(7, 10);MoveWest;(6, 10);False;1;2955
;(7, 10);MoveWest;(6, 10);False;1;2956
;(7, 10);MoveWest;(5, 10);False;1;2957
;(7, 10);MoveWest;(5, 10);False;1;2958
;(7, 10);MoveWest;(5, 10);False;1;2959
;(7, 10);MoveWest;(5, 10);False;1;2960
;(7, 10);MoveWest;(5, 10);False;1;2961
;(7, 10);MoveWest;(5, 10);False;1;2962
;(7, 10);MoveWest;(5, 10);False;1;2963
GrabObject;(7, 10);MoveWest;(5, 10);False;1;2964
;(7, 10);MoveWest;(5, 10);False;1;2965
;(7, 10);MoveWest;(5, 10);False;1;2966
MoveWest;(6, 10);MoveWest;(5, 10);False;1;2967
;(6, 10);MoveWest;(4, 10);False;1;2968
;(6, 10);MoveNorthWest;(4, 10);False;1;2969
;(6, 10);MoveNorthWest;(4, 10);False;1;2970
MoveWest;(5, 10);MoveNorthWest;(4, 10);False;1;2971
;(5, 10);MoveNorthWest;(4, 10);False;1;2972
;(5, 10);MoveNorthWest;(4, 10);False;1;2973
;(5, 10);MoveNorthWest;(4, 10);False;1;2974
MoveWest;(4, 10);MoveNorthWest;(4, 10);False;1;2975
;(4, 10);MoveNorthWest;(4, 10);False;1;2976
;(4, 10);MoveNorthWest;(4, 10);False;1;2977
;(4, 10);MoveNorthWest;(4, 10);False;1;2978
MoveWest;(3, 10);MoveNorthWest;(3, 9);False;1;2979
;(3, 10);MoveWest;(3, 9);False;1;2980
;(3, 10);MoveWest;(3, 9);False;1;2981
;(3, 10);MoveWest;(3, 9);False;1;2982
DropObject;(3, 10);MoveWest;(3, 9);False;1;2983
;(3, 10);MoveWest;(3, 9);False;1;2984
;(3, 10);MoveWest;(3, 9);False;1;2985
;(3, 10);MoveWest;(3, 9);False;1;2986
MoveEast;(4, 10);MoveWest;(3, 9);False;1;2987
;(4, 10);MoveWest;(3, 9);False;1;2988
;(4, 10);MoveWest;(3, 9);False;1;2989
;(4, 10);MoveWest;(2, 9);False;1;2990
MoveEast;(5, 10);MoveNorthWest;(2, 9);False;1;2991
;(5, 10);MoveNorthWest;(2, 9);False;1;2992
;(5, 10);MoveNorthWest;(2, 9);False;1;2993
MoveEast;(6, 10);MoveNorthWest;(2, 9);False;1;2994
;(6, 10);MoveNorthWest;(2, 9);False;1;2995
;(6, 10);MoveNorthWest;(2, 9);False;1;2996
;(6, 10);MoveNorthWest;(2, 9);False;1;2997
;(6, 10);MoveNorthWest;(2, 9);False;1;2998
;(6, 10);MoveNorthWest;(2, 9);False;1;2999
;(6, 10);MoveNorthWest;(2, 9);False;1;3000
GrabObject;(6, 10);MoveNorthWest;(1, 8);False;1;3001
;(6, 10);;(1, 8);False;1;3002
;(6, 10);;(1, 8);False;1;3003
;(6, 10);;(1, 8);False;1;3004
MoveWest;(5, 10);;(1, 8);False;1;3005
;(5, 10);;(1, 8);False;1;3006
;(5, 10);;(1, 8);False;1;3007
;(5, 10);;(1, 8);False;1;3008
MoveWest;(4, 10);;(1, 8);False;1;3009
;(4, 10);;(1, 8);False;1;3010
;(4, 10);;(1, 8);False;1;3011
MoveWest;(3, 10);;(1, 8);False;1;3012
;(3, 10);;(1, 8);False;1;3013
;(3, 10);;(1, 8);False;1;3014
;(3, 10);;(1, 8);False;1;3015
;(3, 10);;(1, 8);False;1;3016
;(3, 10);;(1, 8);False;1;3017
GrabObject;(3, 10);;(1, 8);False;1;3018
;(3, 10);;(1, 8);False;1;3019
