tick;corrected_tick;remaining_distance;victim_harm;idle_time_robot;q_table_cps;q_table_cps_runs;q_table_basic;world_nr;tick_nr
2933;2914;9;700;1;;;"                     Move back and forth  Stand Still    Pick up       Drop      Break
[4, 'equal', False]           -12.643125    -3.696086 -14.783064  -8.064000 -15.220000
[4, 'robot', False]            -4.000000    -4.220000  -7.250000  -5.062751  -3.625685
[4, 'robot', True]             -4.000000    -0.500000   1.100000  -7.000000  -9.735000
[3, 'robot', False]            -7.000000    -4.268750  -0.500000  -3.847600  -4.000000
[3, 'robot', True]             -4.000000   -37.643750  -4.000000   0.000000   0.000000
[4, 'equal', True]             -6.295096   -14.527968  -8.837500  -3.000000  -3.000000
[3, 'equal', False]           -14.118525   -18.900000  -2.996000 -13.550000 -23.813300
[3, 'equal', True]             -7.000000    -3.500000  -3.375000  -2.580000  -4.500000
[2, 'equal', False]            -4.000000    -0.500000   0.000000   0.000000 -12.500000
[2, 'equal', True]             -7.000000    -3.500000   0.250000   0.000000   0.000000
[4, 'human', False]            -6.000000    -5.667651  -5.500000  -3.500000  -6.500000
[3, 'human', False]            -6.000000    -6.140000  -6.700000 -81.250000  -7.500000
[3, 'human', True]             -7.000000    -3.500000  -3.350000   0.000000   0.000000
[2, 'robot', True]             -4.000000    -0.862500   0.000000 -52.550000 -18.500000
[2, 'robot', False]            -4.000000    -3.500000  -2.556000  -7.300000  -4.050000
[1, 'equal', False]           -28.500000     0.000000  -5.500000   0.000000   0.000000
[1, 'robot', False]           -26.000000     0.000000 -23.000000   0.000000   0.000000
[2, 'human', False]            -4.000000    -3.500000  -2.500000  -4.000000  -4.000000
[2, 'human', True]             -7.000000    -3.500000  -3.750000  -2.500000  -6.500000
[1, 'human', False]             0.000000     0.000000  -5.500000   0.000000   0.000000
[4, 'human', True]             -4.150000    -5.160365  -3.597600  -1.000000   0.000000";1;2933
