human_selector_action;human_selector_location;robot_action;robot_location;robot_executing_cp;world_nr;tick_nr
;(3, 4);;(4, 4);False;1;0
MoveEast;(4, 4);;(4, 4);False;1;1
;(4, 4);;(4, 4);Pick_up_small_rock_top_of_rock_pile;1;2
;(4, 4);;(4, 4);Pick_up_small_rock_top_of_rock_pile;1;3
;(4, 4);MoveEast;(4, 4);Pick_up_small_rock_top_of_rock_pile;1;4
;(4, 4);MoveEast;(4, 4);Pick_up_small_rock_top_of_rock_pile;1;5
;(4, 4);MoveEast;(4, 4);Pick_up_small_rock_top_of_rock_pile;1;6
;(4, 4);MoveEast;(4, 4);Pick_up_small_rock_top_of_rock_pile;1;7
;(4, 4);MoveEast;(4, 4);Pick_up_small_rock_top_of_rock_pile;1;8
;(4, 4);MoveEast;(4, 4);Pick_up_small_rock_top_of_rock_pile;1;9
;(4, 4);MoveEast;(4, 4);Pick_up_small_rock_top_of_rock_pile;1;10
MoveEast;(5, 4);MoveEast;(4, 4);Pick_up_small_rock_top_of_rock_pile;1;11
;(5, 4);MoveEast;(4, 4);Pick_up_small_rock_top_of_rock_pile;1;12
;(5, 4);MoveEast;(4, 4);Pick_up_small_rock_top_of_rock_pile;1;13
;(5, 4);MoveEast;(5, 4);Pick_up_small_rock_top_of_rock_pile;1;14
;(5, 4);MoveEast;(5, 4);Pick_up_small_rock_top_of_rock_pile;1;15
MoveEast;(6, 4);MoveEast;(5, 4);Pick_up_small_rock_top_of_rock_pile;1;16
;(6, 4);MoveEast;(5, 4);Pick_up_small_rock_top_of_rock_pile;1;17
;(6, 4);MoveEast;(5, 4);Pick_up_small_rock_top_of_rock_pile;1;18
;(6, 4);MoveEast;(5, 4);Pick_up_small_rock_top_of_rock_pile;1;19
;(6, 4);MoveEast;(5, 4);Pick_up_small_rock_top_of_rock_pile;1;20
;(6, 4);MoveEast;(5, 4);Pick_up_small_rock_top_of_rock_pile;1;21
MoveEast;(7, 4);MoveEast;(5, 4);Pick_up_small_rock_top_of_rock_pile;1;22
;(7, 4);MoveEast;(5, 4);Pick_up_small_rock_top_of_rock_pile;1;23
;(7, 4);MoveEast;(5, 4);Pick_up_small_rock_top_of_rock_pile;1;24
;(7, 4);MoveEast;(6, 4);Pick_up_small_rock_top_of_rock_pile;1;25
;(7, 4);MoveEast;(6, 4);Pick_up_small_rock_top_of_rock_pile;1;26
;(7, 4);MoveEast;(6, 4);Pick_up_small_rock_top_of_rock_pile;1;27
;(7, 4);MoveEast;(6, 4);Pick_up_small_rock_top_of_rock_pile;1;28
;(7, 4);MoveEast;(6, 4);Pick_up_small_rock_top_of_rock_pile;1;29
;(7, 4);MoveEast;(6, 4);Pick_up_small_rock_top_of_rock_pile;1;30
;(7, 4);MoveEast;(6, 4);Pick_up_small_rock_top_of_rock_pile;1;31
;(7, 4);MoveEast;(6, 4);Pick_up_small_rock_top_of_rock_pile;1;32
;(7, 4);MoveEast;(6, 4);Pick_up_small_rock_top_of_rock_pile;1;33
;(7, 4);MoveEast;(6, 4);Pick_up_small_rock_top_of_rock_pile;1;34
;(7, 4);MoveEast;(6, 4);Pick_up_small_rock_top_of_rock_pile;1;35
;(7, 4);MoveEast;(7, 4);Pick_up_small_rock_top_of_rock_pile;1;36
;(7, 4);MoveSouthEast;(7, 4);Pick_up_small_rock_top_of_rock_pile;1;37
;(7, 4);MoveSouthEast;(7, 4);Pick_up_small_rock_top_of_rock_pile;1;38
;(7, 4);MoveSouthEast;(7, 4);Pick_up_small_rock_top_of_rock_pile;1;39
;(7, 4);MoveSouthEast;(7, 4);Pick_up_small_rock_top_of_rock_pile;1;40
MoveEast;(8, 4);MoveSouthEast;(7, 4);Pick_up_small_rock_top_of_rock_pile;1;41
;(8, 4);MoveSouthEast;(7, 4);Pick_up_small_rock_top_of_rock_pile;1;42
;(8, 4);MoveSouthEast;(7, 4);Pick_up_small_rock_top_of_rock_pile;1;43
MoveEast;(9, 4);MoveSouthEast;(7, 4);Pick_up_small_rock_top_of_rock_pile;1;44
;(9, 4);MoveSouthEast;(7, 4);Pick_up_small_rock_top_of_rock_pile;1;45
;(9, 4);MoveSouthEast;(7, 4);Pick_up_small_rock_top_of_rock_pile;1;46
;(9, 4);MoveSouthEast;(8, 5);Pick_up_small_rock_top_of_rock_pile;1;47
;(9, 4);MoveEast;(8, 5);Pick_up_small_rock_top_of_rock_pile;1;48
;(9, 4);MoveEast;(8, 5);Pick_up_small_rock_top_of_rock_pile;1;49
;(9, 4);MoveEast;(8, 5);Pick_up_small_rock_top_of_rock_pile;1;50
;(9, 4);MoveEast;(8, 5);Pick_up_small_rock_top_of_rock_pile;1;51
;(9, 4);MoveEast;(8, 5);Pick_up_small_rock_top_of_rock_pile;1;52
;(9, 4);MoveEast;(8, 5);Pick_up_small_rock_top_of_rock_pile;1;53
;(9, 4);MoveEast;(8, 5);Pick_up_small_rock_top_of_rock_pile;1;54
;(9, 4);MoveEast;(8, 5);Pick_up_small_rock_top_of_rock_pile;1;55
;(9, 4);MoveEast;(8, 5);Pick_up_small_rock_top_of_rock_pile;1;56
;(9, 4);MoveEast;(8, 5);Pick_up_small_rock_top_of_rock_pile;1;57
;(9, 4);MoveEast;(9, 5);Pick_up_small_rock_top_of_rock_pile;1;58
;(9, 4);MoveEast;(9, 5);Pick_up_small_rock_top_of_rock_pile;1;59
;(9, 4);MoveEast;(9, 5);Pick_up_small_rock_top_of_rock_pile;1;60
;(9, 4);MoveEast;(9, 5);Pick_up_small_rock_top_of_rock_pile;1;61
MoveSouth;(9, 5);MoveEast;(9, 5);Pick_up_small_rock_top_of_rock_pile;1;62
;(9, 5);MoveEast;(9, 5);Pick_up_small_rock_top_of_rock_pile;1;63
;(9, 5);MoveEast;(9, 5);Pick_up_small_rock_top_of_rock_pile;1;64
;(9, 5);MoveEast;(9, 5);Pick_up_small_rock_top_of_rock_pile;1;65
MoveEast;(10, 5);MoveEast;(9, 5);Pick_up_small_rock_top_of_rock_pile;1;66
;(10, 5);MoveEast;(9, 5);Pick_up_small_rock_top_of_rock_pile;1;67
;(10, 5);MoveEast;(9, 5);Pick_up_small_rock_top_of_rock_pile;1;68
;(10, 5);MoveEast;(10, 5);Pick_up_small_rock_top_of_rock_pile;1;69
;(10, 5);MoveSouthEast;(10, 5);Pick_up_small_rock_top_of_rock_pile;1;70
;(10, 5);MoveSouthEast;(10, 5);Pick_up_small_rock_top_of_rock_pile;1;71
;(10, 5);MoveSouthEast;(10, 5);Pick_up_small_rock_top_of_rock_pile;1;72
;(10, 5);MoveSouthEast;(10, 5);Pick_up_small_rock_top_of_rock_pile;1;73
;(10, 5);MoveSouthEast;(10, 5);Pick_up_small_rock_top_of_rock_pile;1;74
;(10, 5);MoveSouthEast;(10, 5);Pick_up_small_rock_top_of_rock_pile;1;75
;(10, 5);MoveSouthEast;(10, 5);Pick_up_small_rock_top_of_rock_pile;1;76
;(10, 5);MoveSouthEast;(10, 5);Pick_up_small_rock_top_of_rock_pile;1;77
MoveWest;(9, 5);MoveSouthEast;(10, 5);Pick_up_small_rock_top_of_rock_pile;1;78
;(9, 5);MoveSouthEast;(10, 5);Pick_up_small_rock_top_of_rock_pile;1;79
;(9, 5);MoveSouthEast;(11, 6);Pick_up_small_rock_top_of_rock_pile;1;80
;(9, 5);GrabObject;(11, 6);Pick_up_small_rock_top_of_rock_pile;1;81
;(9, 5);GrabObject;(11, 6);Pick_up_small_rock_top_of_rock_pile;1;82
;(9, 5);GrabObject;(11, 6);Pick_up_small_rock_top_of_rock_pile;1;83
;(9, 5);GrabObject;(11, 6);Pick_up_small_rock_top_of_rock_pile;1;84
;(9, 5);GrabObject;(11, 6);Pick_up_small_rock_top_of_rock_pile;1;85
;(9, 5);GrabObject;(11, 6);Pick_up_small_rock_top_of_rock_pile;1;86
;(9, 5);GrabObject;(11, 6);Pick_up_small_rock_top_of_rock_pile;1;87
;(9, 5);GrabObject;(11, 6);Pick_up_small_rock_top_of_rock_pile;1;88
;(9, 5);GrabObject;(11, 6);Pick_up_small_rock_top_of_rock_pile;1;89
GrabObject;(9, 5);GrabObject;(11, 6);Pick_up_small_rock_top_of_rock_pile;1;90
;(9, 5);GrabObject;(11, 6);Pick_up_small_rock_top_of_rock_pile;1;91
;(9, 5);;(11, 6);Pick_up_small_rock_top_of_rock_pile;1;92
;(9, 5);;(11, 6);Pick_up_small_rock_top_of_rock_pile;1;93
;(9, 5);;(11, 6);Pick_up_small_rock_top_of_rock_pile;1;94
MoveWest;(8, 5);;(11, 6);Pick_up_small_rock_top_of_rock_pile;1;95
;(8, 5);;(11, 6);Pick_up_small_rock_top_of_rock_pile;1;96
MoveWest;(7, 5);;(11, 6);Pick_up_small_rock_top_of_rock_pile;1;97
;(7, 5);;(11, 6);Pick_up_small_rock_top_of_rock_pile;1;98
;(7, 5);;(11, 6);Pick_up_small_rock_top_of_rock_pile;1;99
MoveWest;(6, 5);;(11, 6);Pick_up_small_rock_top_of_rock_pile;1;100
;(6, 5);;(11, 6);Pick_up_small_rock_top_of_rock_pile;1;101
MoveWest;(5, 5);;(11, 6);Pick_up_small_rock_top_of_rock_pile;1;102
;(5, 5);;(11, 6);Pick_up_small_rock_top_of_rock_pile;1;103
;(5, 5);;(11, 6);Pick_up_small_rock_top_of_rock_pile;1;104
MoveWest;(4, 5);;(11, 6);Pick_up_small_rock_top_of_rock_pile;1;105
;(4, 5);;(11, 6);Pick_up_small_rock_top_of_rock_pile;1;106
;(4, 5);;(11, 6);Pick_up_small_rock_top_of_rock_pile;1;107
MoveWest;(3, 5);;(11, 6);Pick_up_small_rock_top_of_rock_pile;1;108
;(3, 5);;(11, 6);Pick_up_small_rock_top_of_rock_pile;1;109
;(3, 5);;(11, 6);Pick_up_small_rock_top_of_rock_pile;1;110
DropObject;(3, 5);;(11, 6);Pick_up_small_rock_top_of_rock_pile;1;111
;(3, 5);;(11, 6);Pick_up_small_rock_top_of_rock_pile;1;112
MoveEast;(4, 5);;(11, 6);Pick_up_small_rock_top_of_rock_pile;1;113
;(4, 5);;(11, 6);Pick_up_small_rock_top_of_rock_pile;1;114
;(4, 5);;(11, 6);Pick_up_small_rock_top_of_rock_pile;1;115
MoveEast;(5, 5);;(11, 6);Pick_up_small_rock_top_of_rock_pile;1;116
;(5, 5);;(11, 6);Pick_up_small_rock_top_of_rock_pile;1;117
;(5, 5);;(11, 6);Pick_up_small_rock_top_of_rock_pile;1;118
MoveEast;(6, 5);;(11, 6);Pick_up_small_rock_top_of_rock_pile;1;119
;(6, 5);;(11, 6);Pick_up_small_rock_top_of_rock_pile;1;120
;(6, 5);;(11, 6);Pick_up_small_rock_top_of_rock_pile;1;121
MoveEast;(7, 5);;(11, 6);Pick_up_small_rock_top_of_rock_pile;1;122
;(7, 5);;(11, 6);Pick_up_small_rock_top_of_rock_pile;1;123
;(7, 5);;(11, 6);Pick_up_small_rock_top_of_rock_pile;1;124
MoveEast;(8, 5);;(11, 6);Pick_up_small_rock_top_of_rock_pile;1;125
;(8, 5);;(11, 6);Pick_up_small_rock_top_of_rock_pile;1;126
;(8, 5);;(11, 6);Pick_up_small_rock_top_of_rock_pile;1;127
MoveEast;(9, 5);;(11, 6);Pick_up_small_rock_top_of_rock_pile;1;128
;(9, 5);;(11, 6);Pick_up_small_rock_top_of_rock_pile;1;129
;(9, 5);;(11, 6);Pick_up_small_rock_top_of_rock_pile;1;130
;(9, 5);;(11, 6);Pick_up_small_rock_top_of_rock_pile;1;131
;(9, 5);;(11, 6);Pick_up_small_rock_top_of_rock_pile;1;132
;(9, 5);;(11, 6);Pick_up_small_rock_top_of_rock_pile;1;133
;(9, 5);;(11, 6);Pick_up_small_rock_top_of_rock_pile;1;134
GrabObject;(9, 5);;(11, 6);Pick_up_small_rock_top_of_rock_pile;1;135
MoveWest;(8, 5);;(11, 6);Pick_up_small_rock_top_of_rock_pile;1;136
;(8, 5);;(11, 6);Pick_up_small_rock_top_of_rock_pile;1;137
;(8, 5);;(11, 6);Pick_up_small_rock_top_of_rock_pile;1;138
MoveWest;(7, 5);;(11, 6);Pick_up_small_rock_top_of_rock_pile;1;139
;(7, 5);;(11, 6);Pick_up_small_rock_top_of_rock_pile;1;140
;(7, 5);;(11, 6);Pick_up_small_rock_top_of_rock_pile;1;141
;(7, 5);;(11, 6);Pick_up_small_rock_top_of_rock_pile;1;142
MoveWest;(6, 5);;(11, 6);Pick_up_small_rock_top_of_rock_pile;1;143
MoveWest;(5, 5);;(11, 6);Pick_up_small_rock_top_of_rock_pile;1;144
;(5, 5);;(11, 6);Pick_up_small_rock_top_of_rock_pile;1;145
;(5, 5);;(11, 6);Pick_up_small_rock_top_of_rock_pile;1;146
MoveWest;(4, 5);;(11, 6);Pick_up_small_rock_top_of_rock_pile;1;147
;(4, 5);;(11, 6);Pick_up_small_rock_top_of_rock_pile;1;148
;(4, 5);;(11, 6);Pick_up_small_rock_top_of_rock_pile;1;149
MoveWest;(3, 5);;(11, 6);Pick_up_small_rock_top_of_rock_pile;1;150
;(3, 5);;(11, 6);Pick_up_small_rock_top_of_rock_pile;1;151
;(3, 5);;(11, 6);Pick_up_small_rock_top_of_rock_pile;1;152
MoveWest;(2, 5);;(11, 6);Pick_up_small_rock_top_of_rock_pile;1;153
;(2, 5);;(11, 6);Pick_up_small_rock_top_of_rock_pile;1;154
DropObject;(2, 5);;(11, 6);Pick_up_small_rock_top_of_rock_pile;1;155
;(2, 5);;(11, 6);Pick_up_small_rock_top_of_rock_pile;1;156
MoveEast;(3, 5);;(11, 6);Pick_up_small_rock_top_of_rock_pile;1;157
;(3, 5);;(11, 6);Pick_up_small_rock_top_of_rock_pile;1;158
;(3, 5);;(11, 6);Pick_up_small_rock_top_of_rock_pile;1;159
MoveEast;(4, 5);;(11, 6);Pick_up_small_rock_top_of_rock_pile;1;160
;(4, 5);;(11, 6);Pick_up_small_rock_top_of_rock_pile;1;161
;(4, 5);;(11, 6);Pick_up_small_rock_top_of_rock_pile;1;162
;(4, 5);;(11, 6);Pick_up_small_rock_top_of_rock_pile;1;163
;(4, 5);;(11, 6);Pick_up_small_rock_top_of_rock_pile;1;164
MoveSouth;(4, 6);;(11, 6);Pick_up_small_rock_top_of_rock_pile;1;165
;(4, 6);;(11, 6);Pick_up_small_rock_top_of_rock_pile;1;166
;(4, 6);;(11, 6);Pick_up_small_rock_top_of_rock_pile;1;167
;(4, 6);;(11, 6);Pick_up_small_rock_top_of_rock_pile;1;168
;(4, 6);;(11, 6);Pick_up_small_rock_top_of_rock_pile;1;169
;(4, 6);;(11, 6);Pick_up_small_rock_top_of_rock_pile;1;170
MoveSouth;(4, 7);;(11, 6);Pick_up_small_rock_top_of_rock_pile;1;171
;(4, 7);;(11, 6);Pick_up_small_rock_top_of_rock_pile;1;172
;(4, 7);;(11, 6);Pick_up_small_rock_top_of_rock_pile;1;173
MoveEast;(5, 7);;(11, 6);Pick_up_small_rock_top_of_rock_pile;1;174
;(5, 7);;(11, 6);Pick_up_small_rock_top_of_rock_pile;1;175
;(5, 7);;(11, 6);Pick_up_small_rock_top_of_rock_pile;1;176
;(5, 7);;(11, 6);Pick_up_small_rock_top_of_rock_pile;1;177
;(5, 7);;(11, 6);Pick_up_small_rock_top_of_rock_pile;1;178
;(5, 7);;(11, 6);Pick_up_small_rock_top_of_rock_pile;1;179
;(5, 7);;(11, 6);Pick_up_small_rock_top_of_rock_pile;1;180
;(5, 7);;(11, 6);Pick_up_small_rock_top_of_rock_pile;1;181
;(5, 7);;(11, 6);Pick_up_small_rock_top_of_rock_pile;1;182
;(5, 7);;(11, 6);Pick_up_small_rock_top_of_rock_pile;1;183
;(5, 7);;(11, 6);Pick_up_small_rock_top_of_rock_pile;1;184
;(5, 7);;(11, 6);Pick_up_small_rock_top_of_rock_pile;1;185
;(5, 7);;(11, 6);Pick_up_small_rock_top_of_rock_pile;1;186
;(5, 7);;(11, 6);Pick_up_small_rock_top_of_rock_pile;1;187
;(5, 7);;(11, 6);Pick_up_small_rock_top_of_rock_pile;1;188
;(5, 7);;(11, 6);Pick_up_small_rock_top_of_rock_pile;1;189
;(5, 7);;(11, 6);Pick_up_small_rock_top_of_rock_pile;1;190
MoveEast;(6, 7);;(11, 6);Pick_up_small_rock_top_of_rock_pile;1;191
;(6, 7);;(11, 6);Pick_up_small_rock_top_of_rock_pile;1;192
;(6, 7);;(11, 6);Pick_up_small_rock_top_of_rock_pile;1;193
;(6, 7);;(11, 6);Pick_up_small_rock_top_of_rock_pile;1;194
MoveEast;(7, 7);;(11, 6);Pick_up_small_rock_top_of_rock_pile;1;195
;(7, 7);;(11, 6);Pick_up_small_rock_top_of_rock_pile;1;196
;(7, 7);;(11, 6);Pick_up_small_rock_top_of_rock_pile;1;197
;(7, 7);;(11, 6);Pick_up_small_rock_top_of_rock_pile;1;198
MoveSouth;(7, 8);;(11, 6);Pick_up_small_rock_top_of_rock_pile;1;199
;(7, 8);;(11, 6);Pick_up_small_rock_top_of_rock_pile;1;200
;(7, 8);;(11, 6);Pick_up_small_rock_top_of_rock_pile;1;201
;(7, 8);;(11, 6);Pick_up_small_rock_top_of_rock_pile;1;202
;(7, 8);;(11, 6);Pick_up_small_rock_top_of_rock_pile;1;203
MoveEast;(8, 8);;(11, 6);Pick_up_small_rock_top_of_rock_pile;1;204
;(8, 8);;(11, 6);Pick_up_small_rock_top_of_rock_pile;1;205
;(8, 8);;(11, 6);Pick_up_small_rock_top_of_rock_pile;1;206
;(8, 8);;(11, 6);Pick_up_small_rock_top_of_rock_pile;1;207
;(8, 8);;(11, 6);Pick_up_small_rock_top_of_rock_pile;1;208
;(8, 8);;(11, 6);Pick_up_small_rock_top_of_rock_pile;1;209
;(8, 8);;(11, 6);Pick_up_small_rock_top_of_rock_pile;1;210
;(8, 8);;(11, 6);Pick_up_small_rock_top_of_rock_pile;1;211
;(8, 8);;(11, 6);Pick_up_small_rock_top_of_rock_pile;1;212
;(8, 8);;(11, 6);Pick_up_small_rock_top_of_rock_pile;1;213
MoveWest;(7, 8);;(11, 6);Pick_up_small_rock_top_of_rock_pile;1;214
;(7, 8);;(11, 6);Pick_up_small_rock_top_of_rock_pile;1;215
GrabObject;(7, 8);;(11, 6);Pick_up_small_rock_top_of_rock_pile;1;216
;(7, 8);;(11, 6);Pick_up_small_rock_top_of_rock_pile;1;217
MoveWest;(6, 8);;(11, 6);False;1;218
;(6, 8);Idle;(11, 6);False;1;219
;(6, 8);Idle;(11, 6);False;1;220
MoveWest;(5, 8);Idle;(11, 6);False;1;221
;(5, 8);Idle;(11, 6);False;1;222
;(5, 8);Idle;(11, 6);False;1;223
MoveWest;(4, 8);Idle;(11, 6);False;1;224
;(4, 8);Idle;(11, 6);False;1;225
;(4, 8);Idle;(11, 6);False;1;226
MoveWest;(3, 8);Idle;(11, 6);False;1;227
;(3, 8);Idle;(11, 6);False;1;228
;(3, 8);Idle;(11, 6);False;1;229
MoveWest;(2, 8);Idle;(11, 6);False;1;230
;(2, 8);Idle;(11, 6);False;1;231
DropObject;(2, 8);Idle;(11, 6);False;1;232
;(2, 8);Idle;(11, 6);False;1;233
MoveEast;(3, 8);Idle;(11, 6);False;1;234
;(3, 8);Idle;(11, 6);False;1;235
;(3, 8);Idle;(11, 6);False;1;236
MoveEast;(4, 8);Idle;(11, 6);False;1;237
;(4, 8);Idle;(11, 6);False;1;238
;(4, 8);Idle;(11, 6);False;1;239
MoveEast;(5, 8);Idle;(11, 6);False;1;240
;(5, 8);Idle;(11, 6);False;1;241
;(5, 8);Idle;(11, 6);False;1;242
MoveEast;(6, 8);Idle;(11, 6);False;1;243
;(6, 8);Idle;(11, 6);False;1;244
;(6, 8);Idle;(11, 6);False;1;245
MoveEast;(7, 8);Idle;(11, 6);False;1;246
;(7, 8);Idle;(11, 6);False;1;247
;(7, 8);Idle;(11, 6);False;1;248
;(7, 8);Idle;(11, 6);False;1;249
;(7, 8);Idle;(11, 6);False;1;250
;(7, 8);Idle;(11, 6);False;1;251
;(7, 8);Idle;(11, 6);False;1;252
;(7, 8);Idle;(11, 6);False;1;253
;(7, 8);Idle;(11, 6);False;1;254
;(7, 8);Idle;(11, 6);False;1;255
MoveEast;(8, 8);Idle;(11, 6);False;1;256
;(8, 8);Idle;(11, 6);False;1;257
;(8, 8);Idle;(11, 6);False;1;258
;(8, 8);Idle;(11, 6);False;1;259
;(8, 8);Idle;(11, 6);False;1;260
;(8, 8);Idle;(11, 6);False;1;261
GrabObject;(8, 8);Idle;(11, 6);False;1;262
;(8, 8);Idle;(11, 6);False;1;263
MoveWest;(7, 8);Idle;(11, 6);False;1;264
;(7, 8);Idle;(11, 6);False;1;265
;(7, 8);Idle;(11, 6);False;1;266
MoveWest;(6, 8);Idle;(11, 6);False;1;267
;(6, 8);Idle;(11, 6);False;1;268
;(6, 8);Idle;(11, 6);False;1;269
MoveWest;(5, 8);Idle;(11, 6);False;1;270
;(5, 8);Idle;(11, 6);False;1;271
MoveWest;(4, 8);Idle;(11, 6);False;1;272
;(4, 8);Idle;(11, 6);False;1;273
;(4, 8);;(11, 6);False;1;274
MoveWest;(3, 8);MoveEast;(11, 6);False;1;275
;(3, 8);MoveEast;(11, 6);False;1;276
DropObject;(3, 8);MoveEast;(11, 6);False;1;277
;(3, 8);MoveEast;(11, 6);False;1;278
MoveEast;(4, 8);MoveEast;(11, 6);False;1;279
;(4, 8);MoveEast;(11, 6);False;1;280
;(4, 8);MoveEast;(11, 6);False;1;281
MoveEast;(5, 8);MoveEast;(11, 6);False;1;282
;(5, 8);MoveEast;(11, 6);False;1;283
;(5, 8);MoveEast;(11, 6);False;1;284
MoveEast;(6, 8);MoveEast;(12, 6);False;1;285
;(6, 8);MoveEast;(12, 6);False;1;286
;(6, 8);MoveEast;(12, 6);False;1;287
MoveEast;(7, 8);MoveEast;(12, 6);False;1;288
;(7, 8);MoveEast;(12, 6);False;1;289
;(7, 8);MoveEast;(12, 6);False;1;290
MoveEast;(8, 8);MoveEast;(12, 6);False;1;291
;(8, 8);MoveEast;(12, 6);False;1;292
;(8, 8);MoveEast;(12, 6);False;1;293
;(8, 8);MoveEast;(12, 6);False;1;294
MoveEast;(9, 8);MoveEast;(12, 6);False;1;295
;(9, 8);MoveEast;(13, 6);False;1;296
;(9, 8);MoveNorthEast;(13, 6);False;1;297
;(9, 8);MoveNorthEast;(13, 6);False;1;298
;(9, 8);MoveNorthEast;(13, 6);False;1;299
;(9, 8);MoveNorthEast;(13, 6);False;1;300
GrabObject;(9, 8);MoveNorthEast;(13, 6);False;1;301
;(9, 8);MoveNorthEast;(13, 6);False;1;302
;(9, 8);MoveNorthEast;(13, 6);False;1;303
MoveWest;(8, 8);MoveNorthEast;(13, 6);False;1;304
;(8, 8);MoveNorthEast;(13, 6);False;1;305
MoveWest;(7, 8);MoveNorthEast;(13, 6);False;1;306
;(7, 8);MoveNorthEast;(14, 5);False;1;307
;(7, 8);MoveEast;(14, 5);False;1;308
MoveWest;(6, 8);MoveEast;(14, 5);False;1;309
;(6, 8);MoveEast;(14, 5);False;1;310
;(6, 8);MoveEast;(14, 5);False;1;311
MoveWest;(5, 8);MoveEast;(14, 5);False;1;312
;(5, 8);MoveEast;(14, 5);False;1;313
MoveWest;(4, 8);MoveEast;(14, 5);False;1;314
;(4, 8);MoveEast;(14, 5);False;1;315
;(4, 8);MoveEast;(14, 5);False;1;316
;(4, 8);MoveEast;(14, 5);False;1;317
DropObject;(4, 8);MoveEast;(15, 5);False;1;318
;(4, 8);MoveNorthEast;(15, 5);False;1;319
MoveEast;(5, 8);MoveNorthEast;(15, 5);False;1;320
;(5, 8);MoveNorthEast;(15, 5);False;1;321
;(5, 8);MoveNorthEast;(15, 5);False;1;322
MoveEast;(6, 8);MoveNorthEast;(15, 5);False;1;323
;(6, 8);MoveNorthEast;(15, 5);False;1;324
;(6, 8);MoveNorthEast;(15, 5);False;1;325
MoveEast;(7, 8);MoveNorthEast;(15, 5);False;1;326
;(7, 8);MoveNorthEast;(15, 5);False;1;327
;(7, 8);MoveNorthEast;(15, 5);False;1;328
MoveEast;(8, 8);MoveNorthEast;(16, 4);False;1;329
;(8, 8);MoveEast;(16, 4);False;1;330
;(8, 8);MoveEast;(16, 4);False;1;331
;(8, 8);MoveEast;(16, 4);False;1;332
MoveEast;(9, 8);MoveEast;(16, 4);False;1;333
;(9, 8);MoveEast;(16, 4);False;1;334
;(9, 8);MoveEast;(16, 4);False;1;335
MoveEast;(10, 8);MoveEast;(16, 4);False;1;336
;(10, 8);MoveEast;(16, 4);False;1;337
;(10, 8);MoveEast;(16, 4);False;1;338
;(10, 8);MoveEast;(16, 4);False;1;339
MoveEast;(11, 8);MoveEast;(17, 4);False;1;340
;(11, 8);DropObject;(17, 4);False;1;341
;(11, 8);DropObject;(17, 4);False;1;342
;(11, 8);DropObject;(17, 4);False;1;343
;(11, 8);DropObject;(17, 4);False;1;344
MoveEast;(12, 8);DropObject;(17, 4);False;1;345
;(12, 8);DropObject;(17, 4);False;1;346
;(12, 8);DropObject;(17, 4);False;1;347
;(12, 8);DropObject;(17, 4);False;1;348
;(12, 8);DropObject;(17, 4);False;1;349
;(12, 8);DropObject;(17, 4);False;1;350
;(12, 8);DropObject;(17, 4);False;1;351
;(12, 8);;(17, 4);False;1;352
;(12, 8);Idle;(17, 4);False;1;353
;(12, 8);Idle;(17, 4);False;1;354
MoveEast;(13, 8);Idle;(17, 4);False;1;355
;(13, 8);Idle;(17, 4);False;1;356
;(13, 8);Idle;(17, 4);False;1;357
;(13, 8);Idle;(17, 4);False;1;358
;(13, 8);Idle;(17, 4);False;1;359
;(13, 8);Idle;(17, 4);False;1;360
;(13, 8);Idle;(17, 4);False;1;361
;(13, 8);Idle;(17, 4);False;1;362
;(13, 8);Idle;(17, 4);False;1;363
GrabObject;(13, 8);Idle;(17, 4);False;1;364
;(13, 8);Idle;(17, 4);False;1;365
;(13, 8);Idle;(17, 4);False;1;366
MoveEast;(14, 8);Idle;(17, 4);False;1;367
;(14, 8);Idle;(17, 4);False;1;368
;(14, 8);Idle;(17, 4);False;1;369
MoveEast;(15, 8);Idle;(17, 4);False;1;370
;(15, 8);Idle;(17, 4);False;1;371
;(15, 8);Idle;(17, 4);False;1;372
MoveEast;(16, 8);Idle;(17, 4);False;1;373
;(16, 8);Idle;(17, 4);False;1;374
;(16, 8);Idle;(17, 4);False;1;375
MoveEast;(17, 8);Idle;(17, 4);False;1;376
;(17, 8);Idle;(17, 4);False;1;377
DropObject;(17, 8);Idle;(17, 4);False;1;378
MoveWest;(16, 8);Idle;(17, 4);False;1;379
;(16, 8);Idle;(17, 4);False;1;380
;(16, 8);Idle;(17, 4);False;1;381
MoveWest;(15, 8);Idle;(17, 4);False;1;382
;(15, 8);Idle;(17, 4);False;1;383
MoveWest;(14, 8);Idle;(17, 4);False;1;384
;(14, 8);Idle;(17, 4);False;1;385
;(14, 8);Idle;(17, 4);False;1;386
MoveWest;(13, 8);Idle;(17, 4);False;1;387
;(13, 8);Idle;(17, 4);False;1;388
;(13, 8);Idle;(17, 4);False;1;389
MoveWest;(12, 8);Idle;(17, 4);False;1;390
;(12, 8);Idle;(17, 4);False;1;391
;(12, 8);Idle;(17, 4);False;1;392
GrabObject;(12, 8);Idle;(17, 4);False;1;393
MoveEast;(13, 8);Idle;(17, 4);False;1;394
;(13, 8);Idle;(17, 4);False;1;395
;(13, 8);Idle;(17, 4);False;1;396
;(13, 8);Idle;(17, 4);False;1;397
MoveEast;(14, 8);Idle;(17, 4);False;1;398
;(14, 8);Idle;(17, 4);False;1;399
MoveEast;(15, 8);Idle;(17, 4);False;1;400
;(15, 8);Idle;(17, 4);False;1;401
;(15, 8);Idle;(17, 4);False;1;402
;(15, 8);Idle;(17, 4);False;1;403
MoveEast;(16, 8);Idle;(17, 4);False;1;404
;(16, 8);Idle;(17, 4);False;1;405
;(16, 8);Idle;(17, 4);False;1;406
DropObject;(16, 8);Idle;(17, 4);False;1;407
MoveWest;(15, 8);;(17, 4);False;1;408
;(15, 8);Idle;(17, 4);False;1;409
;(15, 8);Idle;(17, 4);False;1;410
MoveWest;(14, 8);Idle;(17, 4);False;1;411
;(14, 8);Idle;(17, 4);False;1;412
;(14, 8);Idle;(17, 4);False;1;413
MoveWest;(13, 8);Idle;(17, 4);False;1;414
;(13, 8);Idle;(17, 4);False;1;415
;(13, 8);Idle;(17, 4);False;1;416
MoveWest;(12, 8);Idle;(17, 4);False;1;417
;(12, 8);Idle;(17, 4);False;1;418
;(12, 8);Idle;(17, 4);False;1;419
MoveWest;(11, 8);Idle;(17, 4);False;1;420
;(11, 8);Idle;(17, 4);False;1;421
;(11, 8);Idle;(17, 4);False;1;422
;(11, 8);Idle;(17, 4);False;1;423
;(11, 8);Idle;(17, 4);False;1;424
;(11, 8);Idle;(17, 4);False;1;425
;(11, 8);Idle;(17, 4);False;1;426
;(11, 8);Idle;(17, 4);False;1;427
;(11, 8);Idle;(17, 4);False;1;428
MoveEast;(12, 8);Idle;(17, 4);False;1;429
;(12, 8);Idle;(17, 4);False;1;430
;(12, 8);Idle;(17, 4);False;1;431
MoveSouth;(12, 9);Idle;(17, 4);False;1;432
;(12, 9);Idle;(17, 4);False;1;433
;(12, 9);Idle;(17, 4);False;1;434
;(12, 9);Idle;(17, 4);False;1;435
;(12, 9);Idle;(17, 4);False;1;436
;(12, 9);Idle;(17, 4);False;1;437
;(12, 9);Idle;(17, 4);False;1;438
;(12, 9);Idle;(17, 4);False;1;439
;(12, 9);Idle;(17, 4);False;1;440
MoveEast;(13, 9);Idle;(17, 4);False;1;441
;(13, 9);Idle;(17, 4);False;1;442
;(13, 9);Idle;(17, 4);False;1;443
GrabObject;(13, 9);Idle;(17, 4);False;1;444
MoveEast;(14, 9);Idle;(17, 4);False;1;445
;(14, 9);Idle;(17, 4);False;1;446
;(14, 9);Idle;(17, 4);False;1;447
MoveEast;(15, 9);Idle;(17, 4);False;1;448
;(15, 9);Idle;(17, 4);False;1;449
;(15, 9);Idle;(17, 4);False;1;450
MoveEast;(16, 9);Idle;(17, 4);False;1;451
;(16, 9);Idle;(17, 4);False;1;452
;(16, 9);Idle;(17, 4);False;1;453
MoveEast;(17, 9);Idle;(17, 4);False;1;454
;(17, 9);Idle;(17, 4);False;1;455
DropObject;(17, 9);Idle;(17, 4);False;1;456
MoveWest;(16, 9);Idle;(17, 4);False;1;457
;(16, 9);Idle;(17, 4);False;1;458
;(16, 9);Idle;(17, 4);False;1;459
MoveWest;(15, 9);Idle;(17, 4);False;1;460
;(15, 9);Idle;(17, 4);False;1;461
MoveWest;(14, 9);Idle;(17, 4);False;1;462
;(14, 9);Idle;(17, 4);False;1;463
MoveSouth;(14, 10);;(17, 4);False;1;464
;(14, 10);MoveSouthWest;(17, 4);False;1;465
;(14, 10);MoveSouthWest;(17, 4);False;1;466
;(14, 10);MoveSouthWest;(17, 4);False;1;467
;(14, 10);MoveSouthWest;(17, 4);False;1;468
;(14, 10);MoveSouthWest;(17, 4);False;1;469
;(14, 10);MoveSouthWest;(17, 4);False;1;470
;(14, 10);MoveSouthWest;(17, 4);False;1;471
;(14, 10);MoveSouthWest;(17, 4);False;1;472
;(14, 10);MoveSouthWest;(17, 4);False;1;473
;(14, 10);MoveSouthWest;(17, 4);False;1;474
;(14, 10);MoveSouthWest;(16, 5);False;1;475
;(14, 10);MoveWest;(16, 5);False;1;476
;(14, 10);MoveWest;(16, 5);False;1;477
;(14, 10);MoveWest;(16, 5);False;1;478
;(14, 10);MoveWest;(16, 5);False;1;479
GrabObject;(14, 10);MoveWest;(16, 5);False;1;480
;(14, 10);MoveWest;(16, 5);False;1;481
;(14, 10);MoveWest;(16, 5);False;1;482
;(14, 10);MoveWest;(16, 5);False;1;483
;(14, 10);MoveWest;(16, 5);False;1;484
;(14, 10);MoveWest;(16, 5);False;1;485
MoveEast;(15, 10);MoveWest;(15, 5);False;1;486
;(15, 10);MoveSouthWest;(15, 5);False;1;487
MoveEast;(16, 10);MoveSouthWest;(15, 5);False;1;488
;(16, 10);MoveSouthWest;(15, 5);False;1;489
;(16, 10);MoveSouthWest;(15, 5);False;1;490
DropObject;(16, 10);MoveSouthWest;(15, 5);False;1;491
;(16, 10);MoveSouthWest;(15, 5);False;1;492
MoveWest;(15, 10);MoveSouthWest;(15, 5);False;1;493
;(15, 10);MoveSouthWest;(15, 5);False;1;494
;(15, 10);MoveSouthWest;(15, 5);False;1;495
MoveWest;(14, 10);MoveSouthWest;(15, 5);False;1;496
;(14, 10);MoveSouthWest;(14, 6);False;1;497
;(14, 10);MoveSouthWest;(14, 6);False;1;498
MoveWest;(13, 10);MoveSouthWest;(14, 6);False;1;499
;(13, 10);MoveSouthWest;(14, 6);False;1;500
;(13, 10);MoveSouthWest;(14, 6);False;1;501
MoveWest;(12, 10);MoveSouthWest;(14, 6);False;1;502
;(12, 10);MoveSouthWest;(14, 6);False;1;503
;(12, 10);MoveSouthWest;(14, 6);False;1;504
;(12, 10);MoveSouthWest;(14, 6);False;1;505
;(12, 10);MoveSouthWest;(14, 6);False;1;506
;(12, 10);MoveSouthWest;(14, 6);False;1;507
GrabObject;(12, 10);MoveSouthWest;(13, 7);False;1;508
MoveEast;(13, 10);MoveWest;(13, 7);False;1;509
;(13, 10);MoveWest;(13, 7);False;1;510
;(13, 10);MoveWest;(13, 7);False;1;511
MoveEast;(14, 10);MoveWest;(13, 7);False;1;512
;(14, 10);MoveWest;(13, 7);False;1;513
;(14, 10);MoveWest;(13, 7);False;1;514
;(14, 10);MoveWest;(13, 7);False;1;515
MoveEast;(15, 10);MoveWest;(13, 7);False;1;516
;(15, 10);MoveWest;(13, 7);False;1;517
MoveEast;(16, 10);MoveWest;(13, 7);False;1;518
;(16, 10);MoveWest;(12, 7);False;1;519
;(16, 10);MoveWest;(12, 7);False;1;520
;(16, 10);MoveWest;(12, 7);False;1;521
;(16, 10);MoveWest;(12, 7);False;1;522
DropObject;(16, 10);MoveWest;(12, 7);False;1;523
MoveWest;(15, 10);MoveWest;(12, 7);False;1;524
;(15, 10);MoveWest;(12, 7);False;1;525
;(15, 10);MoveWest;(12, 7);False;1;526
MoveWest;(14, 10);MoveWest;(12, 7);False;1;527
;(14, 10);MoveWest;(12, 7);False;1;528
;(14, 10);MoveWest;(12, 7);False;1;529
MoveWest;(13, 10);MoveWest;(11, 7);False;1;530
;(13, 10);MoveSouthWest;(11, 7);False;1;531
MoveWest;(12, 10);MoveSouthWest;(11, 7);False;1;532
;(12, 10);MoveSouthWest;(11, 7);False;1;533
;(12, 10);MoveSouthWest;(11, 7);False;1;534
;(12, 10);MoveSouthWest;(11, 7);False;1;535
;(12, 10);MoveSouthWest;(11, 7);False;1;536
;(12, 10);MoveSouthWest;(11, 7);False;1;537
;(12, 10);MoveSouthWest;(11, 7);False;1;538
;(12, 10);MoveSouthWest;(11, 7);False;1;539
;(12, 10);MoveSouthWest;(11, 7);False;1;540
;(12, 10);MoveSouthWest;(10, 8);False;1;541
GrabObject;(12, 10);GrabObject;(10, 8);False;1;542
;(12, 10);GrabObject;(10, 8);False;1;543
MoveEast;(13, 10);GrabObject;(10, 8);False;1;544
;(13, 10);GrabObject;(10, 8);False;1;545
;(13, 10);GrabObject;(10, 8);False;1;546
MoveEast;(14, 10);GrabObject;(10, 8);False;1;547
;(14, 10);GrabObject;(10, 8);False;1;548
;(14, 10);GrabObject;(10, 8);False;1;549
MoveEast;(15, 10);GrabObject;(10, 8);False;1;550
;(15, 10);GrabObject;(10, 8);False;1;551
MoveEast;(16, 10);GrabObject;(10, 8);False;1;552
;(16, 10);;(10, 8);False;1;553
;(16, 10);MoveWest;(10, 8);False;1;554
DropObject;(16, 10);MoveWest;(10, 8);False;1;555
;(16, 10);MoveWest;(10, 8);False;1;556
MoveWest;(15, 10);MoveWest;(10, 8);False;1;557
;(15, 10);MoveWest;(10, 8);False;1;558
;(15, 10);MoveWest;(10, 8);False;1;559
MoveWest;(14, 10);MoveWest;(10, 8);False;1;560
;(14, 10);MoveWest;(10, 8);False;1;561
MoveWest;(13, 10);MoveWest;(10, 8);False;1;562
;(13, 10);MoveWest;(10, 8);False;1;563
;(13, 10);MoveWest;(9, 8);False;1;564
;(13, 10);MoveWest;(9, 8);False;1;565
;(13, 10);MoveWest;(9, 8);False;1;566
;(13, 10);MoveWest;(9, 8);False;1;567
;(13, 10);MoveWest;(9, 8);False;1;568
;(13, 10);MoveWest;(9, 8);False;1;569
;(13, 10);MoveWest;(9, 8);False;1;570
GrabObject;(13, 10);MoveWest;(9, 8);False;1;571
;(13, 10);MoveWest;(9, 8);False;1;572
MoveEast;(14, 10);MoveWest;(9, 8);False;1;573
;(14, 10);MoveWest;(9, 8);False;1;574
;(14, 10);MoveWest;(8, 8);False;1;575
MoveEast;(15, 10);MoveWest;(8, 8);False;1;576
;(15, 10);MoveWest;(8, 8);False;1;577
;(15, 10);MoveWest;(8, 8);False;1;578
MoveEast;(16, 10);MoveWest;(8, 8);False;1;579
;(16, 10);MoveWest;(8, 8);False;1;580
;(16, 10);MoveWest;(8, 8);False;1;581
MoveEast;(17, 10);MoveWest;(8, 8);False;1;582
;(17, 10);MoveWest;(8, 8);False;1;583
DropObject;(17, 10);MoveWest;(8, 8);False;1;584
MoveWest;(16, 10);MoveWest;(8, 8);False;1;585
;(16, 10);MoveWest;(7, 8);False;1;586
;(16, 10);MoveWest;(7, 8);False;1;587
MoveWest;(15, 10);MoveWest;(7, 8);False;1;588
;(15, 10);MoveWest;(7, 8);False;1;589
;(15, 10);MoveWest;(7, 8);False;1;590
MoveWest;(14, 10);MoveWest;(7, 8);False;1;591
;(14, 10);MoveWest;(7, 8);False;1;592
;(14, 10);MoveWest;(7, 8);False;1;593
MoveWest;(13, 10);MoveWest;(7, 8);False;1;594
;(13, 10);MoveWest;(7, 8);False;1;595
;(13, 10);MoveWest;(7, 8);False;1;596
MoveNorth;(13, 9);MoveWest;(6, 8);False;1;597
;(13, 9);MoveWest;(6, 8);False;1;598
;(13, 9);MoveWest;(6, 8);False;1;599
MoveNorth;(13, 8);MoveWest;(6, 8);False;1;600
;(13, 8);MoveWest;(6, 8);False;1;601
;(13, 8);MoveWest;(6, 8);False;1;602
;(13, 8);MoveWest;(6, 8);False;1;603
;(13, 8);MoveWest;(6, 8);False;1;604
;(13, 8);MoveWest;(6, 8);False;1;605
;(13, 8);MoveWest;(6, 8);False;1;606
;(13, 8);MoveWest;(6, 8);False;1;607
;(13, 8);MoveWest;(5, 8);False;1;608
;(13, 8);MoveWest;(5, 8);False;1;609
;(13, 8);MoveWest;(5, 8);False;1;610
MoveWest;(12, 8);MoveWest;(5, 8);False;1;611
;(12, 8);MoveWest;(5, 8);False;1;612
;(12, 8);MoveWest;(5, 8);False;1;613
MoveWest;(11, 8);MoveWest;(5, 8);False;1;614
;(11, 8);MoveWest;(5, 8);False;1;615
;(11, 8);MoveWest;(5, 8);False;1;616
;(11, 8);MoveWest;(5, 8);False;1;617
;(11, 8);MoveWest;(5, 8);False;1;618
;(11, 8);MoveWest;(4, 8);False;1;619
;(11, 8);MoveNorthWest;(4, 8);False;1;620
;(11, 8);MoveNorthWest;(4, 8);False;1;621
;(11, 8);MoveNorthWest;(4, 8);False;1;622
;(11, 8);MoveNorthWest;(4, 8);False;1;623
;(11, 8);MoveNorthWest;(4, 8);False;1;624
;(11, 8);MoveNorthWest;(4, 8);False;1;625
;(11, 8);MoveNorthWest;(4, 8);False;1;626
;(11, 8);MoveNorthWest;(4, 8);False;1;627
;(11, 8);MoveNorthWest;(4, 8);False;1;628
;(11, 8);MoveNorthWest;(4, 8);False;1;629
;(11, 8);MoveNorthWest;(3, 7);False;1;630
;(11, 8);MoveNorthWest;(3, 7);False;1;631
;(11, 8);MoveNorthWest;(3, 7);False;1;632
;(11, 8);MoveNorthWest;(3, 7);False;1;633
;(11, 8);MoveNorthWest;(3, 7);False;1;634
;(11, 8);MoveNorthWest;(3, 7);False;1;635
;(11, 8);MoveNorthWest;(3, 7);False;1;636
;(11, 8);MoveNorthWest;(3, 7);False;1;637
;(11, 8);MoveNorthWest;(3, 7);False;1;638
;(11, 8);MoveNorthWest;(3, 7);False;1;639
;(11, 8);MoveNorthWest;(3, 7);False;1;640
;(11, 8);MoveNorthWest;(2, 6);False;1;641
;(11, 8);MoveWest;(2, 6);False;1;642
;(11, 8);MoveWest;(2, 6);False;1;643
;(11, 8);MoveWest;(2, 6);False;1;644
;(11, 8);MoveWest;(2, 6);False;1;645
;(11, 8);MoveWest;(2, 6);False;1;646
;(11, 8);MoveWest;(2, 6);False;1;647
;(11, 8);MoveWest;(2, 6);False;1;648
;(11, 8);MoveWest;(2, 6);False;1;649
;(11, 8);MoveWest;(2, 6);False;1;650
;(11, 8);MoveWest;(2, 6);False;1;651
;(11, 8);MoveWest;(1, 6);False;1;652
;(11, 8);MoveWest;(1, 6);False;1;653
;(11, 8);MoveWest;(1, 6);False;1;654
;(11, 8);MoveWest;(1, 6);False;1;655
;(11, 8);MoveWest;(1, 6);False;1;656
;(11, 8);MoveWest;(1, 6);False;1;657
;(11, 8);MoveWest;(1, 6);False;1;658
;(11, 8);MoveWest;(1, 6);False;1;659
;(11, 8);MoveWest;(1, 6);False;1;660
;(11, 8);MoveWest;(1, 6);False;1;661
;(11, 8);MoveWest;(1, 6);False;1;662
;(11, 8);MoveWest;(0, 6);False;1;663
;(11, 8);DropObject;(0, 6);False;1;664
;(11, 8);DropObject;(0, 6);False;1;665
;(11, 8);DropObject;(0, 6);False;1;666
;(11, 8);DropObject;(0, 6);False;1;667
;(11, 8);DropObject;(0, 6);False;1;668
;(11, 8);DropObject;(0, 6);False;1;669
;(11, 8);DropObject;(0, 6);False;1;670
;(11, 8);DropObject;(0, 6);False;1;671
;(11, 8);DropObject;(0, 6);False;1;672
;(11, 8);DropObject;(0, 6);False;1;673
;(11, 8);DropObject;(0, 6);False;1;674
;(11, 8);;(0, 6);False;1;675
;(11, 8);MoveSouthEast;(0, 6);False;1;676
;(11, 8);MoveSouthEast;(0, 6);False;1;677
;(11, 8);MoveSouthEast;(0, 6);False;1;678
;(11, 8);MoveSouthEast;(0, 6);False;1;679
;(11, 8);MoveSouthEast;(0, 6);False;1;680
;(11, 8);MoveSouthEast;(0, 6);False;1;681
;(11, 8);MoveSouthEast;(0, 6);False;1;682
;(11, 8);MoveSouthEast;(0, 6);False;1;683
;(11, 8);MoveSouthEast;(0, 6);False;1;684
;(11, 8);MoveSouthEast;(0, 6);False;1;685
;(11, 8);MoveSouthEast;(1, 7);False;1;686
;(11, 8);MoveEast;(1, 7);False;1;687
;(11, 8);MoveEast;(1, 7);False;1;688
;(11, 8);MoveEast;(1, 7);False;1;689
;(11, 8);MoveEast;(1, 7);False;1;690
MoveEast;(12, 8);MoveEast;(1, 7);False;1;691
;(12, 8);MoveEast;(1, 7);False;1;692
;(12, 8);MoveEast;(1, 7);False;1;693
;(12, 8);MoveEast;(1, 7);False;1;694
;(12, 8);MoveEast;(1, 7);False;1;695
;(12, 8);MoveEast;(1, 7);False;1;696
;(12, 8);MoveEast;(2, 7);False;1;697
;(12, 8);;(2, 7);False;1;698
;(12, 8);;(2, 7);Pick_up_small_rock_top_of_rock_pile;1;699
;(12, 8);;(2, 7);False;1;700
;(12, 8);;(2, 7);Pick_up_small_rock_top_of_rock_pile;1;701
;(12, 8);;(2, 7);False;1;702
;(12, 8);;(2, 7);Pick_up_large_rock_top_of_rock_pile;1;703
;(12, 8);;(2, 7);Pick_up_large_rock_top_of_rock_pile;1;704
;(12, 8);;(2, 7);Pick_up_large_rock_top_of_rock_pile;1;705
;(12, 8);;(2, 7);Pick_up_large_rock_top_of_rock_pile;1;706
;(12, 8);;(2, 7);Pick_up_large_rock_top_of_rock_pile;1;707
;(12, 8);;(2, 7);Pick_up_large_rock_top_of_rock_pile;1;708
;(12, 8);;(2, 7);Pick_up_large_rock_top_of_rock_pile;1;709
;(12, 8);;(2, 7);Pick_up_large_rock_top_of_rock_pile;1;710
;(12, 8);;(2, 7);Pick_up_large_rock_top_of_rock_pile;1;711
;(12, 8);;(2, 7);Pick_up_large_rock_top_of_rock_pile;1;712
;(12, 8);;(2, 7);Pick_up_large_rock_top_of_rock_pile;1;713
MoveEast;(13, 8);;(2, 7);Pick_up_large_rock_top_of_rock_pile;1;714
;(13, 8);;(2, 7);Pick_up_large_rock_top_of_rock_pile;1;715
;(13, 8);;(2, 7);Pick_up_large_rock_top_of_rock_pile;1;716
;(13, 8);;(2, 7);Pick_up_large_rock_top_of_rock_pile;1;717
;(13, 8);;(2, 7);Pick_up_large_rock_top_of_rock_pile;1;718
;(13, 8);;(2, 7);Pick_up_large_rock_top_of_rock_pile;1;719
;(13, 8);;(2, 7);Pick_up_large_rock_top_of_rock_pile;1;720
MoveEast;(14, 8);;(2, 7);Pick_up_large_rock_top_of_rock_pile;1;721
;(14, 8);;(2, 7);Pick_up_large_rock_top_of_rock_pile;1;722
;(14, 8);;(2, 7);Pick_up_large_rock_top_of_rock_pile;1;723
;(14, 8);;(2, 7);Pick_up_large_rock_top_of_rock_pile;1;724
MoveWest;(13, 8);;(2, 7);Pick_up_large_rock_top_of_rock_pile;1;725
;(13, 8);;(2, 7);Pick_up_large_rock_top_of_rock_pile;1;726
;(13, 8);;(2, 7);Pick_up_large_rock_top_of_rock_pile;1;727
;(13, 8);;(2, 7);Pick_up_large_rock_top_of_rock_pile;1;728
;(13, 8);;(2, 7);Pick_up_large_rock_top_of_rock_pile;1;729
MoveWest;(12, 8);;(2, 7);Pick_up_large_rock_top_of_rock_pile;1;730
;(12, 8);;(2, 7);Pick_up_large_rock_top_of_rock_pile;1;731
;(12, 8);;(2, 7);Pick_up_large_rock_top_of_rock_pile;1;732
;(12, 8);;(2, 7);Pick_up_large_rock_top_of_rock_pile;1;733
;(12, 8);;(2, 7);Pick_up_large_rock_top_of_rock_pile;1;734
;(12, 8);;(2, 7);Pick_up_large_rock_top_of_rock_pile;1;735
;(12, 8);;(2, 7);Pick_up_large_rock_top_of_rock_pile;1;736
;(12, 8);;(2, 7);Pick_up_large_rock_top_of_rock_pile;1;737
;(12, 8);;(2, 7);Pick_up_large_rock_top_of_rock_pile;1;738
;(12, 8);;(2, 7);Pick_up_large_rock_top_of_rock_pile;1;739
;(12, 8);;(2, 7);Pick_up_large_rock_top_of_rock_pile;1;740
;(12, 8);;(2, 7);Pick_up_large_rock_top_of_rock_pile;1;741
;(12, 8);;(2, 7);Pick_up_large_rock_top_of_rock_pile;1;742
;(12, 8);;(2, 7);Pick_up_large_rock_top_of_rock_pile;1;743
;(12, 8);;(2, 7);Pick_up_large_rock_top_of_rock_pile;1;744
;(12, 8);;(2, 7);Pick_up_large_rock_top_of_rock_pile;1;745
;(12, 8);;(2, 7);Pick_up_large_rock_top_of_rock_pile;1;746
;(12, 8);;(2, 7);Pick_up_large_rock_top_of_rock_pile;1;747
;(12, 8);;(2, 7);Pick_up_large_rock_top_of_rock_pile;1;748
;(12, 8);;(2, 7);Pick_up_large_rock_top_of_rock_pile;1;749
;(12, 8);;(2, 7);Pick_up_large_rock_top_of_rock_pile;1;750
;(12, 8);;(2, 7);Pick_up_large_rock_top_of_rock_pile;1;751
;(12, 8);;(2, 7);Pick_up_large_rock_top_of_rock_pile;1;752
;(12, 8);;(2, 7);Pick_up_large_rock_top_of_rock_pile;1;753
;(12, 8);;(2, 7);Pick_up_large_rock_top_of_rock_pile;1;754
;(12, 8);;(2, 7);Pick_up_large_rock_top_of_rock_pile;1;755
;(12, 8);;(2, 7);Pick_up_large_rock_top_of_rock_pile;1;756
MoveEast;(13, 8);;(2, 7);Pick_up_large_rock_top_of_rock_pile;1;757
;(13, 8);;(2, 7);Pick_up_large_rock_top_of_rock_pile;1;758
;(13, 8);;(2, 7);Pick_up_large_rock_top_of_rock_pile;1;759
MoveEast;(14, 8);;(2, 7);Pick_up_large_rock_top_of_rock_pile;1;760
;(14, 8);;(2, 7);Pick_up_large_rock_top_of_rock_pile;1;761
;(14, 8);;(2, 7);Pick_up_large_rock_top_of_rock_pile;1;762
MoveEast;(15, 8);;(2, 7);Pick_up_large_rock_top_of_rock_pile;1;763
;(15, 8);;(2, 7);Pick_up_large_rock_top_of_rock_pile;1;764
;(15, 8);;(2, 7);Pick_up_large_rock_top_of_rock_pile;1;765
;(15, 8);;(2, 7);Pick_up_large_rock_top_of_rock_pile;1;766
;(15, 8);;(2, 7);Pick_up_large_rock_top_of_rock_pile;1;767
;(15, 8);;(2, 7);Pick_up_large_rock_top_of_rock_pile;1;768
;(15, 8);;(2, 7);Pick_up_large_rock_top_of_rock_pile;1;769
;(15, 8);;(2, 7);Pick_up_large_rock_top_of_rock_pile;1;770
;(15, 8);;(2, 7);Pick_up_large_rock_top_of_rock_pile;1;771
;(15, 8);;(2, 7);Pick_up_large_rock_top_of_rock_pile;1;772
;(15, 8);;(2, 7);Pick_up_large_rock_top_of_rock_pile;1;773
;(15, 8);;(2, 7);Pick_up_large_rock_top_of_rock_pile;1;774
;(15, 8);;(2, 7);Pick_up_large_rock_top_of_rock_pile;1;775
;(15, 8);;(2, 7);Pick_up_large_rock_top_of_rock_pile;1;776
;(15, 8);;(2, 7);Pick_up_large_rock_top_of_rock_pile;1;777
;(15, 8);;(2, 7);Pick_up_large_rock_top_of_rock_pile;1;778
;(15, 8);;(2, 7);Pick_up_large_rock_top_of_rock_pile;1;779
;(15, 8);;(2, 7);Pick_up_large_rock_top_of_rock_pile;1;780
;(15, 8);;(2, 7);Pick_up_large_rock_top_of_rock_pile;1;781
;(15, 8);;(2, 7);Pick_up_large_rock_top_of_rock_pile;1;782
;(15, 8);;(2, 7);Pick_up_large_rock_top_of_rock_pile;1;783
;(15, 8);;(2, 7);Pick_up_large_rock_top_of_rock_pile;1;784
;(15, 8);;(2, 7);Pick_up_large_rock_top_of_rock_pile;1;785
;(15, 8);;(2, 7);Pick_up_large_rock_top_of_rock_pile;1;786
;(15, 8);;(2, 7);Pick_up_large_rock_top_of_rock_pile;1;787
;(15, 8);;(2, 7);Pick_up_large_rock_top_of_rock_pile;1;788
;(15, 8);;(2, 7);Pick_up_large_rock_top_of_rock_pile;1;789
;(15, 8);;(2, 7);Pick_up_large_rock_top_of_rock_pile;1;790
;(15, 8);;(2, 7);Pick_up_large_rock_top_of_rock_pile;1;791
;(15, 8);;(2, 7);Pick_up_large_rock_top_of_rock_pile;1;792
;(15, 8);;(2, 7);Pick_up_large_rock_top_of_rock_pile;1;793
;(15, 8);;(2, 7);Pick_up_large_rock_top_of_rock_pile;1;794
;(15, 8);;(2, 7);Pick_up_large_rock_top_of_rock_pile;1;795
;(15, 8);;(2, 7);Pick_up_large_rock_top_of_rock_pile;1;796
;(15, 8);;(2, 7);Pick_up_large_rock_top_of_rock_pile;1;797
;(15, 8);;(2, 7);Pick_up_large_rock_top_of_rock_pile;1;798
;(15, 8);;(2, 7);Pick_up_large_rock_top_of_rock_pile;1;799
;(15, 8);;(2, 7);Pick_up_large_rock_top_of_rock_pile;1;800
;(15, 8);;(2, 7);Pick_up_large_rock_top_of_rock_pile;1;801
;(15, 8);;(2, 7);Pick_up_large_rock_top_of_rock_pile;1;802
;(15, 8);;(2, 7);Pick_up_large_rock_top_of_rock_pile;1;803
;(15, 8);;(2, 7);Pick_up_large_rock_top_of_rock_pile;1;804
;(15, 8);;(2, 7);Pick_up_large_rock_top_of_rock_pile;1;805
;(15, 8);;(2, 7);Pick_up_large_rock_top_of_rock_pile;1;806
;(15, 8);;(2, 7);Pick_up_large_rock_top_of_rock_pile;1;807
;(15, 8);;(2, 7);Pick_up_large_rock_top_of_rock_pile;1;808
;(15, 8);;(2, 7);Pick_up_large_rock_top_of_rock_pile;1;809
;(15, 8);;(2, 7);Pick_up_large_rock_top_of_rock_pile;1;810
;(15, 8);;(2, 7);Pick_up_large_rock_top_of_rock_pile;1;811
;(15, 8);;(2, 7);Pick_up_large_rock_top_of_rock_pile;1;812
;(15, 8);;(2, 7);Pick_up_large_rock_top_of_rock_pile;1;813
;(15, 8);;(2, 7);Pick_up_large_rock_top_of_rock_pile;1;814
;(15, 8);;(2, 7);Pick_up_large_rock_top_of_rock_pile;1;815
;(15, 8);;(2, 7);Pick_up_large_rock_top_of_rock_pile;1;816
;(15, 8);;(2, 7);Pick_up_large_rock_top_of_rock_pile;1;817
;(15, 8);;(2, 7);Pick_up_large_rock_top_of_rock_pile;1;818
;(15, 8);;(2, 7);Pick_up_large_rock_top_of_rock_pile;1;819
;(15, 8);;(2, 7);Pick_up_large_rock_top_of_rock_pile;1;820
;(15, 8);;(2, 7);Pick_up_large_rock_top_of_rock_pile;1;821
;(15, 8);;(2, 7);Pick_up_large_rock_top_of_rock_pile;1;822
;(15, 8);;(2, 7);Pick_up_large_rock_top_of_rock_pile;1;823
;(15, 8);;(2, 7);Pick_up_large_rock_top_of_rock_pile;1;824
;(15, 8);;(2, 7);Pick_up_large_rock_top_of_rock_pile;1;825
;(15, 8);;(2, 7);Pick_up_large_rock_top_of_rock_pile;1;826
;(15, 8);;(2, 7);Pick_up_large_rock_top_of_rock_pile;1;827
;(15, 8);;(2, 7);Pick_up_large_rock_top_of_rock_pile;1;828
;(15, 8);;(2, 7);Pick_up_large_rock_top_of_rock_pile;1;829
;(15, 8);;(2, 7);Pick_up_large_rock_top_of_rock_pile;1;830
;(15, 8);;(2, 7);Pick_up_large_rock_top_of_rock_pile;1;831
;(15, 8);;(2, 7);Pick_up_large_rock_top_of_rock_pile;1;832
;(15, 8);;(2, 7);Pick_up_large_rock_top_of_rock_pile;1;833
;(15, 8);;(2, 7);Pick_up_large_rock_top_of_rock_pile;1;834
;(15, 8);;(2, 7);Pick_up_large_rock_top_of_rock_pile;1;835
;(15, 8);;(2, 7);Pick_up_large_rock_top_of_rock_pile;1;836
;(15, 8);;(2, 7);Pick_up_large_rock_top_of_rock_pile;1;837
;(15, 8);;(2, 7);Pick_up_large_rock_top_of_rock_pile;1;838
MoveEast;(16, 8);;(2, 7);Pick_up_large_rock_top_of_rock_pile;1;839
;(16, 8);;(2, 7);Pick_up_large_rock_top_of_rock_pile;1;840
;(16, 8);;(2, 7);Pick_up_large_rock_top_of_rock_pile;1;841
MoveEast;(17, 8);;(2, 7);Pick_up_large_rock_top_of_rock_pile;1;842
;(17, 8);;(2, 7);Pick_up_large_rock_top_of_rock_pile;1;843
MoveEast;(18, 8);;(2, 7);Pick_up_large_rock_top_of_rock_pile;1;844
;(18, 8);;(2, 7);Pick_up_large_rock_top_of_rock_pile;1;845
;(18, 8);;(2, 7);Pick_up_large_rock_top_of_rock_pile;1;846
MoveWest;(17, 8);;(2, 7);Pick_up_large_rock_top_of_rock_pile;1;847
;(17, 8);;(2, 7);Pick_up_large_rock_top_of_rock_pile;1;848
;(17, 8);;(2, 7);Pick_up_large_rock_top_of_rock_pile;1;849
MoveWest;(16, 8);;(2, 7);Pick_up_large_rock_top_of_rock_pile;1;850
;(16, 8);;(2, 7);Pick_up_large_rock_top_of_rock_pile;1;851
;(16, 8);;(2, 7);Pick_up_large_rock_top_of_rock_pile;1;852
MoveWest;(15, 8);;(2, 7);Pick_up_large_rock_top_of_rock_pile;1;853
;(15, 8);;(2, 7);Pick_up_large_rock_top_of_rock_pile;1;854
;(15, 8);;(2, 7);Pick_up_large_rock_top_of_rock_pile;1;855
MoveWest;(14, 8);;(2, 7);Pick_up_large_rock_top_of_rock_pile;1;856
;(14, 8);;(2, 7);Pick_up_large_rock_top_of_rock_pile;1;857
;(14, 8);;(2, 7);Pick_up_large_rock_top_of_rock_pile;1;858
;(14, 8);;(2, 7);Pick_up_large_rock_top_of_rock_pile;1;859
MoveNorth;(14, 7);;(2, 7);Pick_up_large_rock_top_of_rock_pile;1;860
;(14, 7);;(2, 7);Pick_up_large_rock_top_of_rock_pile;1;861
;(14, 7);;(2, 7);Pick_up_large_rock_top_of_rock_pile;1;862
;(14, 7);;(2, 7);Pick_up_large_rock_top_of_rock_pile;1;863
;(14, 7);;(2, 7);Pick_up_large_rock_top_of_rock_pile;1;864
;(14, 7);;(2, 7);Pick_up_large_rock_top_of_rock_pile;1;865
;(14, 7);;(2, 7);Pick_up_large_rock_top_of_rock_pile;1;866
;(14, 7);;(2, 7);Pick_up_large_rock_top_of_rock_pile;1;867
;(14, 7);;(2, 7);Pick_up_large_rock_top_of_rock_pile;1;868
;(14, 7);;(2, 7);Pick_up_large_rock_top_of_rock_pile;1;869
;(14, 7);;(2, 7);Pick_up_large_rock_top_of_rock_pile;1;870
;(14, 7);;(2, 7);Pick_up_large_rock_top_of_rock_pile;1;871
;(14, 7);;(2, 7);Pick_up_large_rock_top_of_rock_pile;1;872
;(14, 7);;(2, 7);Pick_up_large_rock_top_of_rock_pile;1;873
;(14, 7);;(2, 7);Pick_up_large_rock_top_of_rock_pile;1;874
;(14, 7);;(2, 7);Pick_up_large_rock_top_of_rock_pile;1;875
;(14, 7);;(2, 7);Pick_up_large_rock_top_of_rock_pile;1;876
;(14, 7);;(2, 7);Pick_up_large_rock_top_of_rock_pile;1;877
;(14, 7);;(2, 7);Pick_up_large_rock_top_of_rock_pile;1;878
;(14, 7);;(2, 7);Pick_up_large_rock_top_of_rock_pile;1;879
;(14, 7);;(2, 7);Pick_up_large_rock_top_of_rock_pile;1;880
;(14, 7);;(2, 7);Pick_up_large_rock_top_of_rock_pile;1;881
;(14, 7);;(2, 7);Pick_up_large_rock_top_of_rock_pile;1;882
;(14, 7);;(2, 7);Pick_up_large_rock_top_of_rock_pile;1;883
;(14, 7);;(2, 7);Pick_up_large_rock_top_of_rock_pile;1;884
;(14, 7);;(2, 7);Pick_up_large_rock_top_of_rock_pile;1;885
;(14, 7);;(2, 7);Pick_up_large_rock_top_of_rock_pile;1;886
;(14, 7);;(2, 7);Pick_up_large_rock_top_of_rock_pile;1;887
;(14, 7);;(2, 7);Pick_up_large_rock_top_of_rock_pile;1;888
;(14, 7);;(2, 7);Pick_up_large_rock_top_of_rock_pile;1;889
;(14, 7);;(2, 7);Pick_up_large_rock_top_of_rock_pile;1;890
;(14, 7);;(2, 7);Pick_up_large_rock_top_of_rock_pile;1;891
;(14, 7);;(2, 7);Pick_up_large_rock_top_of_rock_pile;1;892
;(14, 7);;(2, 7);Pick_up_large_rock_top_of_rock_pile;1;893
;(14, 7);;(2, 7);Pick_up_large_rock_top_of_rock_pile;1;894
;(14, 7);;(2, 7);Pick_up_large_rock_top_of_rock_pile;1;895
;(14, 7);;(2, 7);Pick_up_large_rock_top_of_rock_pile;1;896
;(14, 7);;(2, 7);Pick_up_large_rock_top_of_rock_pile;1;897
;(14, 7);;(2, 7);Pick_up_large_rock_top_of_rock_pile;1;898
;(14, 7);;(2, 7);Pick_up_large_rock_top_of_rock_pile;1;899
;(14, 7);;(2, 7);Pick_up_large_rock_top_of_rock_pile;1;900
;(14, 7);;(2, 7);Pick_up_large_rock_top_of_rock_pile;1;901
;(14, 7);;(2, 7);Pick_up_large_rock_top_of_rock_pile;1;902
;(14, 7);;(2, 7);Pick_up_large_rock_top_of_rock_pile;1;903
;(14, 7);;(2, 7);Pick_up_large_rock_top_of_rock_pile;1;904
;(14, 7);;(2, 7);Pick_up_large_rock_top_of_rock_pile;1;905
;(14, 7);;(2, 7);Pick_up_large_rock_top_of_rock_pile;1;906
;(14, 7);;(2, 7);Pick_up_large_rock_top_of_rock_pile;1;907
;(14, 7);;(2, 7);Pick_up_large_rock_top_of_rock_pile;1;908
;(14, 7);;(2, 7);Pick_up_large_rock_top_of_rock_pile;1;909
;(14, 7);;(2, 7);Pick_up_large_rock_top_of_rock_pile;1;910
;(14, 7);;(2, 7);Pick_up_large_rock_top_of_rock_pile;1;911
;(14, 7);;(2, 7);Pick_up_large_rock_top_of_rock_pile;1;912
;(14, 7);;(2, 7);Pick_up_large_rock_top_of_rock_pile;1;913
;(14, 7);;(2, 7);Pick_up_large_rock_top_of_rock_pile;1;914
;(14, 7);;(2, 7);Pick_up_large_rock_top_of_rock_pile;1;915
;(14, 7);;(2, 7);Pick_up_large_rock_top_of_rock_pile;1;916
;(14, 7);;(2, 7);Pick_up_large_rock_top_of_rock_pile;1;917
;(14, 7);;(2, 7);Pick_up_large_rock_top_of_rock_pile;1;918
;(14, 7);;(2, 7);Pick_up_large_rock_top_of_rock_pile;1;919
;(14, 7);;(2, 7);Pick_up_large_rock_top_of_rock_pile;1;920
;(14, 7);;(2, 7);Pick_up_large_rock_top_of_rock_pile;1;921
;(14, 7);;(2, 7);Pick_up_large_rock_top_of_rock_pile;1;922
;(14, 7);;(2, 7);Pick_up_large_rock_top_of_rock_pile;1;923
;(14, 7);;(2, 7);Pick_up_large_rock_top_of_rock_pile;1;924
;(14, 7);;(2, 7);Pick_up_large_rock_top_of_rock_pile;1;925
;(14, 7);;(2, 7);Pick_up_large_rock_top_of_rock_pile;1;926
;(14, 7);;(2, 7);Pick_up_large_rock_top_of_rock_pile;1;927
;(14, 7);;(2, 7);Pick_up_large_rock_top_of_rock_pile;1;928
;(14, 7);;(2, 7);Pick_up_large_rock_top_of_rock_pile;1;929
;(14, 7);;(2, 7);Pick_up_large_rock_top_of_rock_pile;1;930
;(14, 7);;(2, 7);Pick_up_large_rock_top_of_rock_pile;1;931
;(14, 7);;(2, 7);Pick_up_large_rock_top_of_rock_pile;1;932
;(14, 7);;(2, 7);Pick_up_large_rock_top_of_rock_pile;1;933
;(14, 7);;(2, 7);Pick_up_large_rock_top_of_rock_pile;1;934
;(14, 7);;(2, 7);Pick_up_large_rock_top_of_rock_pile;1;935
;(14, 7);;(2, 7);Pick_up_large_rock_top_of_rock_pile;1;936
;(14, 7);;(2, 7);Pick_up_large_rock_top_of_rock_pile;1;937
;(14, 7);;(2, 7);Pick_up_large_rock_top_of_rock_pile;1;938
;(14, 7);;(2, 7);Pick_up_large_rock_top_of_rock_pile;1;939
;(14, 7);;(2, 7);Pick_up_large_rock_top_of_rock_pile;1;940
;(14, 7);;(2, 7);Pick_up_large_rock_top_of_rock_pile;1;941
;(14, 7);;(2, 7);Pick_up_large_rock_top_of_rock_pile;1;942
;(14, 7);;(2, 7);Pick_up_large_rock_top_of_rock_pile;1;943
;(14, 7);;(2, 7);Pick_up_large_rock_top_of_rock_pile;1;944
;(14, 7);;(2, 7);Pick_up_large_rock_top_of_rock_pile;1;945
;(14, 7);;(2, 7);Pick_up_large_rock_top_of_rock_pile;1;946
;(14, 7);;(2, 7);Pick_up_large_rock_top_of_rock_pile;1;947
;(14, 7);;(2, 7);Pick_up_large_rock_top_of_rock_pile;1;948
;(14, 7);;(2, 7);Pick_up_large_rock_top_of_rock_pile;1;949
;(14, 7);;(2, 7);Pick_up_large_rock_top_of_rock_pile;1;950
;(14, 7);;(2, 7);Pick_up_large_rock_top_of_rock_pile;1;951
;(14, 7);;(2, 7);Pick_up_large_rock_top_of_rock_pile;1;952
;(14, 7);;(2, 7);Pick_up_large_rock_top_of_rock_pile;1;953
;(14, 7);;(2, 7);Pick_up_large_rock_top_of_rock_pile;1;954
;(14, 7);;(2, 7);Pick_up_large_rock_top_of_rock_pile;1;955
;(14, 7);;(2, 7);Pick_up_large_rock_top_of_rock_pile;1;956
;(14, 7);;(2, 7);Pick_up_large_rock_top_of_rock_pile;1;957
;(14, 7);;(2, 7);Pick_up_large_rock_top_of_rock_pile;1;958
;(14, 7);;(2, 7);Pick_up_large_rock_top_of_rock_pile;1;959
;(14, 7);;(2, 7);Pick_up_large_rock_top_of_rock_pile;1;960
;(14, 7);;(2, 7);Pick_up_large_rock_top_of_rock_pile;1;961
;(14, 7);;(2, 7);Pick_up_large_rock_top_of_rock_pile;1;962
;(14, 7);;(2, 7);Pick_up_large_rock_top_of_rock_pile;1;963
;(14, 7);;(2, 7);Pick_up_large_rock_top_of_rock_pile;1;964
;(14, 7);;(2, 7);Pick_up_large_rock_top_of_rock_pile;1;965
;(14, 7);;(2, 7);Pick_up_large_rock_top_of_rock_pile;1;966
;(14, 7);;(2, 7);Pick_up_large_rock_top_of_rock_pile;1;967
;(14, 7);;(2, 7);Pick_up_large_rock_top_of_rock_pile;1;968
;(14, 7);;(2, 7);Pick_up_large_rock_top_of_rock_pile;1;969
;(14, 7);;(2, 7);Pick_up_large_rock_top_of_rock_pile;1;970
;(14, 7);;(2, 7);Pick_up_large_rock_top_of_rock_pile;1;971
;(14, 7);;(2, 7);Pick_up_large_rock_top_of_rock_pile;1;972
;(14, 7);;(2, 7);Pick_up_large_rock_top_of_rock_pile;1;973
;(14, 7);;(2, 7);Pick_up_large_rock_top_of_rock_pile;1;974
;(14, 7);;(2, 7);Pick_up_large_rock_top_of_rock_pile;1;975
;(14, 7);;(2, 7);Pick_up_large_rock_top_of_rock_pile;1;976
;(14, 7);;(2, 7);Pick_up_large_rock_top_of_rock_pile;1;977
;(14, 7);;(2, 7);Pick_up_large_rock_top_of_rock_pile;1;978
;(14, 7);;(2, 7);Pick_up_large_rock_top_of_rock_pile;1;979
;(14, 7);;(2, 7);Pick_up_large_rock_top_of_rock_pile;1;980
;(14, 7);;(2, 7);Pick_up_large_rock_top_of_rock_pile;1;981
;(14, 7);;(2, 7);Pick_up_large_rock_top_of_rock_pile;1;982
;(14, 7);;(2, 7);Pick_up_large_rock_top_of_rock_pile;1;983
;(14, 7);;(2, 7);Pick_up_large_rock_top_of_rock_pile;1;984
;(14, 7);;(2, 7);Pick_up_large_rock_top_of_rock_pile;1;985
;(14, 7);;(2, 7);Pick_up_large_rock_top_of_rock_pile;1;986
;(14, 7);;(2, 7);Pick_up_large_rock_top_of_rock_pile;1;987
;(14, 7);;(2, 7);Pick_up_large_rock_top_of_rock_pile;1;988
;(14, 7);;(2, 7);Pick_up_large_rock_top_of_rock_pile;1;989
;(14, 7);;(2, 7);Pick_up_large_rock_top_of_rock_pile;1;990
;(14, 7);;(2, 7);Pick_up_large_rock_top_of_rock_pile;1;991
;(14, 7);;(2, 7);Pick_up_large_rock_top_of_rock_pile;1;992
;(14, 7);;(2, 7);Pick_up_large_rock_top_of_rock_pile;1;993
;(14, 7);;(2, 7);Pick_up_large_rock_top_of_rock_pile;1;994
;(14, 7);;(2, 7);Pick_up_large_rock_top_of_rock_pile;1;995
;(14, 7);;(2, 7);Pick_up_large_rock_top_of_rock_pile;1;996
;(14, 7);;(2, 7);Pick_up_large_rock_top_of_rock_pile;1;997
;(14, 7);;(2, 7);Pick_up_large_rock_top_of_rock_pile;1;998
;(14, 7);;(2, 7);Pick_up_large_rock_top_of_rock_pile;1;999
;(14, 7);;(2, 7);Pick_up_large_rock_top_of_rock_pile;1;1000
;(14, 7);;(2, 7);Pick_up_large_rock_top_of_rock_pile;1;1001
;(14, 7);;(2, 7);Pick_up_large_rock_top_of_rock_pile;1;1002
;(14, 7);;(2, 7);Pick_up_large_rock_top_of_rock_pile;1;1003
;(14, 7);;(2, 7);Pick_up_large_rock_top_of_rock_pile;1;1004
;(14, 7);;(2, 7);Pick_up_large_rock_top_of_rock_pile;1;1005
;(14, 7);;(2, 7);Pick_up_large_rock_top_of_rock_pile;1;1006
;(14, 7);;(2, 7);Pick_up_large_rock_top_of_rock_pile;1;1007
;(14, 7);;(2, 7);Pick_up_large_rock_top_of_rock_pile;1;1008
;(14, 7);;(2, 7);Pick_up_large_rock_top_of_rock_pile;1;1009
;(14, 7);;(2, 7);Pick_up_large_rock_top_of_rock_pile;1;1010
;(14, 7);;(2, 7);Pick_up_large_rock_top_of_rock_pile;1;1011
;(14, 7);;(2, 7);Pick_up_large_rock_top_of_rock_pile;1;1012
;(14, 7);;(2, 7);Pick_up_large_rock_top_of_rock_pile;1;1013
;(14, 7);;(2, 7);Pick_up_large_rock_top_of_rock_pile;1;1014
;(14, 7);;(2, 7);Pick_up_large_rock_top_of_rock_pile;1;1015
;(14, 7);;(2, 7);Pick_up_large_rock_top_of_rock_pile;1;1016
;(14, 7);;(2, 7);Pick_up_large_rock_top_of_rock_pile;1;1017
;(14, 7);;(2, 7);Pick_up_large_rock_top_of_rock_pile;1;1018
;(14, 7);;(2, 7);Pick_up_large_rock_top_of_rock_pile;1;1019
;(14, 7);;(2, 7);Pick_up_large_rock_top_of_rock_pile;1;1020
;(14, 7);;(2, 7);Pick_up_large_rock_top_of_rock_pile;1;1021
;(14, 7);;(2, 7);Pick_up_large_rock_top_of_rock_pile;1;1022
;(14, 7);;(2, 7);Pick_up_large_rock_top_of_rock_pile;1;1023
;(14, 7);;(2, 7);Pick_up_large_rock_top_of_rock_pile;1;1024
;(14, 7);;(2, 7);Pick_up_large_rock_top_of_rock_pile;1;1025
;(14, 7);;(2, 7);Pick_up_large_rock_top_of_rock_pile;1;1026
;(14, 7);;(2, 7);Pick_up_large_rock_top_of_rock_pile;1;1027
;(14, 7);;(2, 7);Pick_up_large_rock_top_of_rock_pile;1;1028
;(14, 7);;(2, 7);Pick_up_large_rock_top_of_rock_pile;1;1029
;(14, 7);;(2, 7);Pick_up_large_rock_top_of_rock_pile;1;1030
;(14, 7);;(2, 7);Pick_up_large_rock_top_of_rock_pile;1;1031
;(14, 7);;(2, 7);Pick_up_large_rock_top_of_rock_pile;1;1032
;(14, 7);;(2, 7);Pick_up_large_rock_top_of_rock_pile;1;1033
;(14, 7);;(2, 7);Pick_up_large_rock_top_of_rock_pile;1;1034
;(14, 7);;(2, 7);Pick_up_large_rock_top_of_rock_pile;1;1035
;(14, 7);;(2, 7);Pick_up_large_rock_top_of_rock_pile;1;1036
;(14, 7);;(2, 7);Pick_up_large_rock_top_of_rock_pile;1;1037
;(14, 7);;(2, 7);Pick_up_large_rock_top_of_rock_pile;1;1038
;(14, 7);;(2, 7);Pick_up_large_rock_top_of_rock_pile;1;1039
;(14, 7);;(2, 7);Pick_up_large_rock_top_of_rock_pile;1;1040
;(14, 7);;(2, 7);Pick_up_large_rock_top_of_rock_pile;1;1041
;(14, 7);;(2, 7);Pick_up_large_rock_top_of_rock_pile;1;1042
;(14, 7);;(2, 7);Pick_up_large_rock_top_of_rock_pile;1;1043
;(14, 7);;(2, 7);Pick_up_large_rock_top_of_rock_pile;1;1044
;(14, 7);;(2, 7);Pick_up_large_rock_top_of_rock_pile;1;1045
;(14, 7);;(2, 7);Pick_up_large_rock_top_of_rock_pile;1;1046
;(14, 7);;(2, 7);Pick_up_large_rock_top_of_rock_pile;1;1047
;(14, 7);;(2, 7);Pick_up_large_rock_top_of_rock_pile;1;1048
;(14, 7);;(2, 7);Pick_up_large_rock_top_of_rock_pile;1;1049
;(14, 7);;(2, 7);Pick_up_large_rock_top_of_rock_pile;1;1050
;(14, 7);;(2, 7);Pick_up_large_rock_top_of_rock_pile;1;1051
;(14, 7);;(2, 7);Pick_up_large_rock_top_of_rock_pile;1;1052
;(14, 7);;(2, 7);Pick_up_large_rock_top_of_rock_pile;1;1053
;(14, 7);;(2, 7);Pick_up_large_rock_top_of_rock_pile;1;1054
;(14, 7);;(2, 7);Pick_up_large_rock_top_of_rock_pile;1;1055
;(14, 7);;(2, 7);Pick_up_large_rock_top_of_rock_pile;1;1056
;(14, 7);;(2, 7);Pick_up_large_rock_top_of_rock_pile;1;1057
;(14, 7);;(2, 7);Pick_up_large_rock_top_of_rock_pile;1;1058
;(14, 7);;(2, 7);Pick_up_large_rock_top_of_rock_pile;1;1059
;(14, 7);;(2, 7);Pick_up_large_rock_top_of_rock_pile;1;1060
;(14, 7);;(2, 7);Pick_up_large_rock_top_of_rock_pile;1;1061
;(14, 7);;(2, 7);Pick_up_large_rock_top_of_rock_pile;1;1062
;(14, 7);;(2, 7);Pick_up_large_rock_top_of_rock_pile;1;1063
;(14, 7);;(2, 7);Pick_up_large_rock_top_of_rock_pile;1;1064
;(14, 7);;(2, 7);Pick_up_large_rock_top_of_rock_pile;1;1065
;(14, 7);;(2, 7);Pick_up_large_rock_top_of_rock_pile;1;1066
;(14, 7);;(2, 7);Pick_up_large_rock_top_of_rock_pile;1;1067
;(14, 7);;(2, 7);Pick_up_large_rock_top_of_rock_pile;1;1068
;(14, 7);;(2, 7);Pick_up_large_rock_top_of_rock_pile;1;1069
;(14, 7);;(2, 7);Pick_up_large_rock_top_of_rock_pile;1;1070
;(14, 7);;(2, 7);Pick_up_large_rock_top_of_rock_pile;1;1071
;(14, 7);;(2, 7);Pick_up_large_rock_top_of_rock_pile;1;1072
;(14, 7);;(2, 7);Pick_up_large_rock_top_of_rock_pile;1;1073
;(14, 7);;(2, 7);Pick_up_large_rock_top_of_rock_pile;1;1074
;(14, 7);;(2, 7);Pick_up_large_rock_top_of_rock_pile;1;1075
;(14, 7);;(2, 7);Pick_up_large_rock_top_of_rock_pile;1;1076
;(14, 7);;(2, 7);Pick_up_large_rock_top_of_rock_pile;1;1077
;(14, 7);;(2, 7);Pick_up_large_rock_top_of_rock_pile;1;1078
;(14, 7);;(2, 7);Pick_up_large_rock_top_of_rock_pile;1;1079
;(14, 7);;(2, 7);Pick_up_large_rock_top_of_rock_pile;1;1080
;(14, 7);;(2, 7);Pick_up_large_rock_top_of_rock_pile;1;1081
;(14, 7);;(2, 7);Pick_up_large_rock_top_of_rock_pile;1;1082
;(14, 7);;(2, 7);Pick_up_large_rock_top_of_rock_pile;1;1083
;(14, 7);;(2, 7);Pick_up_large_rock_top_of_rock_pile;1;1084
;(14, 7);;(2, 7);Pick_up_large_rock_top_of_rock_pile;1;1085
;(14, 7);;(2, 7);Pick_up_large_rock_top_of_rock_pile;1;1086
;(14, 7);;(2, 7);Pick_up_large_rock_top_of_rock_pile;1;1087
;(14, 7);;(2, 7);Pick_up_large_rock_top_of_rock_pile;1;1088
;(14, 7);;(2, 7);Pick_up_large_rock_top_of_rock_pile;1;1089
;(14, 7);;(2, 7);Pick_up_large_rock_top_of_rock_pile;1;1090
;(14, 7);;(2, 7);Pick_up_large_rock_top_of_rock_pile;1;1091
;(14, 7);;(2, 7);Pick_up_large_rock_top_of_rock_pile;1;1092
;(14, 7);;(2, 7);Pick_up_large_rock_top_of_rock_pile;1;1093
;(14, 7);;(2, 7);Pick_up_large_rock_top_of_rock_pile;1;1094
;(14, 7);;(2, 7);Pick_up_large_rock_top_of_rock_pile;1;1095
;(14, 7);;(2, 7);Pick_up_large_rock_top_of_rock_pile;1;1096
;(14, 7);;(2, 7);Pick_up_large_rock_top_of_rock_pile;1;1097
;(14, 7);;(2, 7);Pick_up_large_rock_top_of_rock_pile;1;1098
;(14, 7);;(2, 7);Pick_up_large_rock_top_of_rock_pile;1;1099
;(14, 7);;(2, 7);Pick_up_large_rock_top_of_rock_pile;1;1100
;(14, 7);;(2, 7);Pick_up_large_rock_top_of_rock_pile;1;1101
;(14, 7);;(2, 7);Pick_up_large_rock_top_of_rock_pile;1;1102
;(14, 7);;(2, 7);Pick_up_large_rock_top_of_rock_pile;1;1103
;(14, 7);;(2, 7);Pick_up_large_rock_top_of_rock_pile;1;1104
;(14, 7);;(2, 7);Pick_up_large_rock_top_of_rock_pile;1;1105
;(14, 7);;(2, 7);Pick_up_large_rock_top_of_rock_pile;1;1106
;(14, 7);;(2, 7);Pick_up_large_rock_top_of_rock_pile;1;1107
;(14, 7);;(2, 7);Pick_up_large_rock_top_of_rock_pile;1;1108
;(14, 7);;(2, 7);Pick_up_large_rock_top_of_rock_pile;1;1109
;(14, 7);;(2, 7);Pick_up_large_rock_top_of_rock_pile;1;1110
;(14, 7);;(2, 7);Pick_up_large_rock_top_of_rock_pile;1;1111
;(14, 7);;(2, 7);Pick_up_large_rock_top_of_rock_pile;1;1112
;(14, 7);;(2, 7);Pick_up_large_rock_top_of_rock_pile;1;1113
;(14, 7);;(2, 7);Pick_up_large_rock_top_of_rock_pile;1;1114
;(14, 7);;(2, 7);Pick_up_large_rock_top_of_rock_pile;1;1115
;(14, 7);;(2, 7);Pick_up_large_rock_top_of_rock_pile;1;1116
;(14, 7);;(2, 7);Pick_up_large_rock_top_of_rock_pile;1;1117
;(14, 7);;(2, 7);Pick_up_large_rock_top_of_rock_pile;1;1118
;(14, 7);;(2, 7);Pick_up_large_rock_top_of_rock_pile;1;1119
;(14, 7);;(2, 7);Pick_up_large_rock_top_of_rock_pile;1;1120
;(14, 7);;(2, 7);Pick_up_large_rock_top_of_rock_pile;1;1121
;(14, 7);;(2, 7);Pick_up_large_rock_top_of_rock_pile;1;1122
;(14, 7);;(2, 7);Pick_up_large_rock_top_of_rock_pile;1;1123
;(14, 7);;(2, 7);Pick_up_large_rock_top_of_rock_pile;1;1124
;(14, 7);;(2, 7);Pick_up_large_rock_top_of_rock_pile;1;1125
;(14, 7);;(2, 7);Pick_up_large_rock_top_of_rock_pile;1;1126
;(14, 7);;(2, 7);Pick_up_large_rock_top_of_rock_pile;1;1127
;(14, 7);;(2, 7);Pick_up_large_rock_top_of_rock_pile;1;1128
;(14, 7);;(2, 7);Pick_up_large_rock_top_of_rock_pile;1;1129
;(14, 7);;(2, 7);Pick_up_large_rock_top_of_rock_pile;1;1130
;(14, 7);;(2, 7);Pick_up_large_rock_top_of_rock_pile;1;1131
;(14, 7);;(2, 7);Pick_up_large_rock_top_of_rock_pile;1;1132
;(14, 7);;(2, 7);Pick_up_large_rock_top_of_rock_pile;1;1133
;(14, 7);;(2, 7);Pick_up_large_rock_top_of_rock_pile;1;1134
;(14, 7);;(2, 7);Pick_up_large_rock_top_of_rock_pile;1;1135
;(14, 7);;(2, 7);Pick_up_large_rock_top_of_rock_pile;1;1136
;(14, 7);;(2, 7);Pick_up_large_rock_top_of_rock_pile;1;1137
;(14, 7);;(2, 7);Pick_up_large_rock_top_of_rock_pile;1;1138
;(14, 7);;(2, 7);Pick_up_large_rock_top_of_rock_pile;1;1139
;(14, 7);;(2, 7);Pick_up_large_rock_top_of_rock_pile;1;1140
;(14, 7);;(2, 7);Pick_up_large_rock_top_of_rock_pile;1;1141
;(14, 7);;(2, 7);Pick_up_large_rock_top_of_rock_pile;1;1142
;(14, 7);;(2, 7);Pick_up_large_rock_top_of_rock_pile;1;1143
;(14, 7);;(2, 7);Pick_up_large_rock_top_of_rock_pile;1;1144
;(14, 7);;(2, 7);Pick_up_large_rock_top_of_rock_pile;1;1145
;(14, 7);;(2, 7);Pick_up_large_rock_top_of_rock_pile;1;1146
;(14, 7);;(2, 7);Pick_up_large_rock_top_of_rock_pile;1;1147
;(14, 7);;(2, 7);Pick_up_large_rock_top_of_rock_pile;1;1148
;(14, 7);;(2, 7);Pick_up_large_rock_top_of_rock_pile;1;1149
;(14, 7);;(2, 7);Pick_up_large_rock_top_of_rock_pile;1;1150
;(14, 7);;(2, 7);Pick_up_large_rock_top_of_rock_pile;1;1151
;(14, 7);;(2, 7);Pick_up_large_rock_top_of_rock_pile;1;1152
;(14, 7);;(2, 7);Pick_up_large_rock_top_of_rock_pile;1;1153
;(14, 7);;(2, 7);Pick_up_large_rock_top_of_rock_pile;1;1154
;(14, 7);;(2, 7);Pick_up_large_rock_top_of_rock_pile;1;1155
;(14, 7);;(2, 7);Pick_up_large_rock_top_of_rock_pile;1;1156
;(14, 7);;(2, 7);Pick_up_large_rock_top_of_rock_pile;1;1157
;(14, 7);;(2, 7);Pick_up_large_rock_top_of_rock_pile;1;1158
;(14, 7);;(2, 7);Pick_up_large_rock_top_of_rock_pile;1;1159
;(14, 7);;(2, 7);Pick_up_large_rock_top_of_rock_pile;1;1160
;(14, 7);;(2, 7);Pick_up_large_rock_top_of_rock_pile;1;1161
;(14, 7);;(2, 7);Pick_up_large_rock_top_of_rock_pile;1;1162
;(14, 7);;(2, 7);Pick_up_large_rock_top_of_rock_pile;1;1163
;(14, 7);;(2, 7);Pick_up_large_rock_top_of_rock_pile;1;1164
;(14, 7);;(2, 7);Pick_up_large_rock_top_of_rock_pile;1;1165
;(14, 7);;(2, 7);Pick_up_large_rock_top_of_rock_pile;1;1166
;(14, 7);;(2, 7);Pick_up_large_rock_top_of_rock_pile;1;1167
;(14, 7);;(2, 7);Pick_up_large_rock_top_of_rock_pile;1;1168
;(14, 7);;(2, 7);Pick_up_large_rock_top_of_rock_pile;1;1169
;(14, 7);;(2, 7);Pick_up_large_rock_top_of_rock_pile;1;1170
;(14, 7);;(2, 7);Pick_up_large_rock_top_of_rock_pile;1;1171
;(14, 7);;(2, 7);Pick_up_large_rock_top_of_rock_pile;1;1172
;(14, 7);;(2, 7);Pick_up_large_rock_top_of_rock_pile;1;1173
;(14, 7);;(2, 7);Pick_up_large_rock_top_of_rock_pile;1;1174
;(14, 7);;(2, 7);Pick_up_large_rock_top_of_rock_pile;1;1175
;(14, 7);;(2, 7);Pick_up_large_rock_top_of_rock_pile;1;1176
;(14, 7);;(2, 7);Pick_up_large_rock_top_of_rock_pile;1;1177
;(14, 7);;(2, 7);Pick_up_large_rock_top_of_rock_pile;1;1178
;(14, 7);;(2, 7);Pick_up_large_rock_top_of_rock_pile;1;1179
;(14, 7);;(2, 7);Pick_up_large_rock_top_of_rock_pile;1;1180
;(14, 7);;(2, 7);Pick_up_large_rock_top_of_rock_pile;1;1181
;(14, 7);;(2, 7);Pick_up_large_rock_top_of_rock_pile;1;1182
;(14, 7);;(2, 7);Pick_up_large_rock_top_of_rock_pile;1;1183
;(14, 7);;(2, 7);Pick_up_large_rock_top_of_rock_pile;1;1184
;(14, 7);;(2, 7);Pick_up_large_rock_top_of_rock_pile;1;1185
;(14, 7);;(2, 7);Pick_up_large_rock_top_of_rock_pile;1;1186
;(14, 7);;(2, 7);Pick_up_large_rock_top_of_rock_pile;1;1187
;(14, 7);;(2, 7);Pick_up_large_rock_top_of_rock_pile;1;1188
;(14, 7);;(2, 7);Pick_up_large_rock_top_of_rock_pile;1;1189
;(14, 7);;(2, 7);Pick_up_large_rock_top_of_rock_pile;1;1190
;(14, 7);;(2, 7);Pick_up_large_rock_top_of_rock_pile;1;1191
;(14, 7);;(2, 7);Pick_up_large_rock_top_of_rock_pile;1;1192
;(14, 7);;(2, 7);Pick_up_large_rock_top_of_rock_pile;1;1193
;(14, 7);;(2, 7);Pick_up_large_rock_top_of_rock_pile;1;1194
;(14, 7);;(2, 7);Pick_up_large_rock_top_of_rock_pile;1;1195
;(14, 7);;(2, 7);Pick_up_large_rock_top_of_rock_pile;1;1196
;(14, 7);;(2, 7);Pick_up_large_rock_top_of_rock_pile;1;1197
;(14, 7);;(2, 7);Pick_up_large_rock_top_of_rock_pile;1;1198
;(14, 7);;(2, 7);Pick_up_large_rock_top_of_rock_pile;1;1199
;(14, 7);;(2, 7);Pick_up_large_rock_top_of_rock_pile;1;1200
;(14, 7);;(2, 7);Pick_up_large_rock_top_of_rock_pile;1;1201
;(14, 7);;(2, 7);Pick_up_large_rock_top_of_rock_pile;1;1202
;(14, 7);;(2, 7);Pick_up_large_rock_top_of_rock_pile;1;1203
;(14, 7);;(2, 7);Pick_up_large_rock_top_of_rock_pile;1;1204
;(14, 7);;(2, 7);Pick_up_large_rock_top_of_rock_pile;1;1205
;(14, 7);;(2, 7);Pick_up_large_rock_top_of_rock_pile;1;1206
;(14, 7);;(2, 7);Pick_up_large_rock_top_of_rock_pile;1;1207
;(14, 7);;(2, 7);Pick_up_large_rock_top_of_rock_pile;1;1208
;(14, 7);;(2, 7);Pick_up_large_rock_top_of_rock_pile;1;1209
;(14, 7);;(2, 7);Pick_up_large_rock_top_of_rock_pile;1;1210
;(14, 7);;(2, 7);Pick_up_large_rock_top_of_rock_pile;1;1211
;(14, 7);;(2, 7);Pick_up_large_rock_top_of_rock_pile;1;1212
;(14, 7);;(2, 7);Pick_up_large_rock_top_of_rock_pile;1;1213
;(14, 7);;(2, 7);Pick_up_large_rock_top_of_rock_pile;1;1214
;(14, 7);;(2, 7);Pick_up_large_rock_top_of_rock_pile;1;1215
;(14, 7);;(2, 7);Pick_up_large_rock_top_of_rock_pile;1;1216
;(14, 7);;(2, 7);Pick_up_large_rock_top_of_rock_pile;1;1217
;(14, 7);;(2, 7);Pick_up_large_rock_top_of_rock_pile;1;1218
;(14, 7);;(2, 7);Pick_up_large_rock_top_of_rock_pile;1;1219
;(14, 7);;(2, 7);Pick_up_large_rock_top_of_rock_pile;1;1220
;(14, 7);;(2, 7);Pick_up_large_rock_top_of_rock_pile;1;1221
;(14, 7);;(2, 7);Pick_up_large_rock_top_of_rock_pile;1;1222
;(14, 7);;(2, 7);Pick_up_large_rock_top_of_rock_pile;1;1223
;(14, 7);;(2, 7);Pick_up_large_rock_top_of_rock_pile;1;1224
;(14, 7);;(2, 7);Pick_up_large_rock_top_of_rock_pile;1;1225
;(14, 7);;(2, 7);Pick_up_large_rock_top_of_rock_pile;1;1226
;(14, 7);;(2, 7);Pick_up_large_rock_top_of_rock_pile;1;1227
;(14, 7);;(2, 7);Pick_up_large_rock_top_of_rock_pile;1;1228
;(14, 7);;(2, 7);Pick_up_large_rock_top_of_rock_pile;1;1229
;(14, 7);;(2, 7);Pick_up_large_rock_top_of_rock_pile;1;1230
;(14, 7);;(2, 7);Pick_up_large_rock_top_of_rock_pile;1;1231
;(14, 7);;(2, 7);Pick_up_large_rock_top_of_rock_pile;1;1232
;(14, 7);;(2, 7);Pick_up_large_rock_top_of_rock_pile;1;1233
;(14, 7);;(2, 7);Pick_up_large_rock_top_of_rock_pile;1;1234
;(14, 7);;(2, 7);Pick_up_large_rock_top_of_rock_pile;1;1235
;(14, 7);;(2, 7);Pick_up_large_rock_top_of_rock_pile;1;1236
;(14, 7);;(2, 7);Pick_up_large_rock_top_of_rock_pile;1;1237
;(14, 7);;(2, 7);Pick_up_large_rock_top_of_rock_pile;1;1238
;(14, 7);;(2, 7);Pick_up_large_rock_top_of_rock_pile;1;1239
;(14, 7);;(2, 7);Pick_up_large_rock_top_of_rock_pile;1;1240
;(14, 7);;(2, 7);Pick_up_large_rock_top_of_rock_pile;1;1241
;(14, 7);;(2, 7);Pick_up_large_rock_top_of_rock_pile;1;1242
;(14, 7);;(2, 7);Pick_up_large_rock_top_of_rock_pile;1;1243
;(14, 7);;(2, 7);Pick_up_large_rock_top_of_rock_pile;1;1244
;(14, 7);;(2, 7);Pick_up_large_rock_top_of_rock_pile;1;1245
;(14, 7);;(2, 7);Pick_up_large_rock_top_of_rock_pile;1;1246
;(14, 7);;(2, 7);Pick_up_large_rock_top_of_rock_pile;1;1247
;(14, 7);;(2, 7);Pick_up_large_rock_top_of_rock_pile;1;1248
;(14, 7);;(2, 7);Pick_up_large_rock_top_of_rock_pile;1;1249
;(14, 7);;(2, 7);Pick_up_large_rock_top_of_rock_pile;1;1250
;(14, 7);;(2, 7);Pick_up_large_rock_top_of_rock_pile;1;1251
;(14, 7);;(2, 7);Pick_up_large_rock_top_of_rock_pile;1;1252
;(14, 7);;(2, 7);Pick_up_large_rock_top_of_rock_pile;1;1253
;(14, 7);;(2, 7);Pick_up_large_rock_top_of_rock_pile;1;1254
;(14, 7);;(2, 7);Pick_up_large_rock_top_of_rock_pile;1;1255
;(14, 7);;(2, 7);Pick_up_large_rock_top_of_rock_pile;1;1256
;(14, 7);;(2, 7);Pick_up_large_rock_top_of_rock_pile;1;1257
;(14, 7);;(2, 7);Pick_up_large_rock_top_of_rock_pile;1;1258
;(14, 7);;(2, 7);Pick_up_large_rock_top_of_rock_pile;1;1259
;(14, 7);;(2, 7);Pick_up_large_rock_top_of_rock_pile;1;1260
;(14, 7);;(2, 7);Pick_up_large_rock_top_of_rock_pile;1;1261
;(14, 7);;(2, 7);Pick_up_large_rock_top_of_rock_pile;1;1262
;(14, 7);;(2, 7);Pick_up_large_rock_top_of_rock_pile;1;1263
;(14, 7);;(2, 7);Pick_up_large_rock_top_of_rock_pile;1;1264
;(14, 7);;(2, 7);Pick_up_large_rock_top_of_rock_pile;1;1265
;(14, 7);;(2, 7);Pick_up_large_rock_top_of_rock_pile;1;1266
;(14, 7);;(2, 7);Pick_up_large_rock_top_of_rock_pile;1;1267
;(14, 7);;(2, 7);Pick_up_large_rock_top_of_rock_pile;1;1268
;(14, 7);;(2, 7);Pick_up_large_rock_top_of_rock_pile;1;1269
;(14, 7);;(2, 7);Pick_up_large_rock_top_of_rock_pile;1;1270
;(14, 7);;(2, 7);Pick_up_large_rock_top_of_rock_pile;1;1271
;(14, 7);;(2, 7);Pick_up_large_rock_top_of_rock_pile;1;1272
;(14, 7);;(2, 7);Pick_up_large_rock_top_of_rock_pile;1;1273
;(14, 7);;(2, 7);Pick_up_large_rock_top_of_rock_pile;1;1274
;(14, 7);;(2, 7);Pick_up_large_rock_top_of_rock_pile;1;1275
;(14, 7);;(2, 7);Pick_up_large_rock_top_of_rock_pile;1;1276
;(14, 7);;(2, 7);Pick_up_large_rock_top_of_rock_pile;1;1277
;(14, 7);;(2, 7);Pick_up_large_rock_top_of_rock_pile;1;1278
;(14, 7);;(2, 7);Pick_up_large_rock_top_of_rock_pile;1;1279
;(14, 7);;(2, 7);Pick_up_large_rock_top_of_rock_pile;1;1280
;(14, 7);;(2, 7);Pick_up_large_rock_top_of_rock_pile;1;1281
;(14, 7);;(2, 7);Pick_up_large_rock_top_of_rock_pile;1;1282
;(14, 7);;(2, 7);Pick_up_large_rock_top_of_rock_pile;1;1283
;(14, 7);;(2, 7);Pick_up_large_rock_top_of_rock_pile;1;1284
;(14, 7);;(2, 7);Pick_up_large_rock_top_of_rock_pile;1;1285
;(14, 7);;(2, 7);Pick_up_large_rock_top_of_rock_pile;1;1286
;(14, 7);;(2, 7);Pick_up_large_rock_top_of_rock_pile;1;1287
;(14, 7);;(2, 7);Pick_up_large_rock_top_of_rock_pile;1;1288
;(14, 7);;(2, 7);Pick_up_large_rock_top_of_rock_pile;1;1289
;(14, 7);;(2, 7);Pick_up_large_rock_top_of_rock_pile;1;1290
;(14, 7);;(2, 7);Pick_up_large_rock_top_of_rock_pile;1;1291
;(14, 7);;(2, 7);Pick_up_large_rock_top_of_rock_pile;1;1292
;(14, 7);;(2, 7);Pick_up_large_rock_top_of_rock_pile;1;1293
;(14, 7);;(2, 7);Pick_up_large_rock_top_of_rock_pile;1;1294
;(14, 7);;(2, 7);Pick_up_large_rock_top_of_rock_pile;1;1295
;(14, 7);;(2, 7);Pick_up_large_rock_top_of_rock_pile;1;1296
;(14, 7);;(2, 7);Pick_up_large_rock_top_of_rock_pile;1;1297
;(14, 7);;(2, 7);Pick_up_large_rock_top_of_rock_pile;1;1298
;(14, 7);;(2, 7);Pick_up_large_rock_top_of_rock_pile;1;1299
;(14, 7);;(2, 7);Pick_up_large_rock_top_of_rock_pile;1;1300
;(14, 7);;(2, 7);Pick_up_large_rock_top_of_rock_pile;1;1301
;(14, 7);;(2, 7);Pick_up_large_rock_top_of_rock_pile;1;1302
;(14, 7);;(2, 7);Pick_up_large_rock_top_of_rock_pile;1;1303
;(14, 7);;(2, 7);Pick_up_large_rock_top_of_rock_pile;1;1304
;(14, 7);;(2, 7);Pick_up_large_rock_top_of_rock_pile;1;1305
;(14, 7);;(2, 7);Pick_up_large_rock_top_of_rock_pile;1;1306
;(14, 7);;(2, 7);Pick_up_large_rock_top_of_rock_pile;1;1307
;(14, 7);;(2, 7);Pick_up_large_rock_top_of_rock_pile;1;1308
;(14, 7);;(2, 7);Pick_up_large_rock_top_of_rock_pile;1;1309
;(14, 7);;(2, 7);Pick_up_large_rock_top_of_rock_pile;1;1310
;(14, 7);;(2, 7);Pick_up_large_rock_top_of_rock_pile;1;1311
;(14, 7);;(2, 7);Pick_up_large_rock_top_of_rock_pile;1;1312
;(14, 7);;(2, 7);Pick_up_large_rock_top_of_rock_pile;1;1313
;(14, 7);;(2, 7);Pick_up_large_rock_top_of_rock_pile;1;1314
;(14, 7);;(2, 7);Pick_up_large_rock_top_of_rock_pile;1;1315
;(14, 7);;(2, 7);Pick_up_large_rock_top_of_rock_pile;1;1316
;(14, 7);;(2, 7);Pick_up_large_rock_top_of_rock_pile;1;1317
;(14, 7);;(2, 7);Pick_up_large_rock_top_of_rock_pile;1;1318
;(14, 7);;(2, 7);Pick_up_large_rock_top_of_rock_pile;1;1319
;(14, 7);;(2, 7);Pick_up_large_rock_top_of_rock_pile;1;1320
;(14, 7);;(2, 7);Pick_up_large_rock_top_of_rock_pile;1;1321
;(14, 7);;(2, 7);Pick_up_large_rock_top_of_rock_pile;1;1322
;(14, 7);;(2, 7);Pick_up_large_rock_top_of_rock_pile;1;1323
;(14, 7);;(2, 7);Pick_up_large_rock_top_of_rock_pile;1;1324
;(14, 7);;(2, 7);Pick_up_large_rock_top_of_rock_pile;1;1325
;(14, 7);;(2, 7);Pick_up_large_rock_top_of_rock_pile;1;1326
;(14, 7);;(2, 7);Pick_up_large_rock_top_of_rock_pile;1;1327
;(14, 7);;(2, 7);Pick_up_large_rock_top_of_rock_pile;1;1328
;(14, 7);;(2, 7);Pick_up_large_rock_top_of_rock_pile;1;1329
;(14, 7);;(2, 7);Pick_up_large_rock_top_of_rock_pile;1;1330
;(14, 7);;(2, 7);Pick_up_large_rock_top_of_rock_pile;1;1331
;(14, 7);;(2, 7);Pick_up_large_rock_top_of_rock_pile;1;1332
;(14, 7);;(2, 7);Pick_up_large_rock_top_of_rock_pile;1;1333
;(14, 7);;(2, 7);Pick_up_large_rock_top_of_rock_pile;1;1334
;(14, 7);;(2, 7);Pick_up_large_rock_top_of_rock_pile;1;1335
;(14, 7);;(2, 7);Pick_up_large_rock_top_of_rock_pile;1;1336
;(14, 7);;(2, 7);Pick_up_large_rock_top_of_rock_pile;1;1337
;(14, 7);;(2, 7);Pick_up_large_rock_top_of_rock_pile;1;1338
;(14, 7);;(2, 7);Pick_up_large_rock_top_of_rock_pile;1;1339
;(14, 7);;(2, 7);Pick_up_large_rock_top_of_rock_pile;1;1340
;(14, 7);;(2, 7);Pick_up_large_rock_top_of_rock_pile;1;1341
;(14, 7);;(2, 7);Pick_up_large_rock_top_of_rock_pile;1;1342
;(14, 7);;(2, 7);Pick_up_large_rock_top_of_rock_pile;1;1343
;(14, 7);;(2, 7);Pick_up_large_rock_top_of_rock_pile;1;1344
;(14, 7);;(2, 7);Pick_up_large_rock_top_of_rock_pile;1;1345
;(14, 7);;(2, 7);Pick_up_large_rock_top_of_rock_pile;1;1346
;(14, 7);;(2, 7);Pick_up_large_rock_top_of_rock_pile;1;1347
;(14, 7);;(2, 7);Pick_up_large_rock_top_of_rock_pile;1;1348
;(14, 7);;(2, 7);Pick_up_large_rock_top_of_rock_pile;1;1349
;(14, 7);;(2, 7);Pick_up_large_rock_top_of_rock_pile;1;1350
;(14, 7);;(2, 7);Pick_up_large_rock_top_of_rock_pile;1;1351
;(14, 7);;(2, 7);Pick_up_large_rock_top_of_rock_pile;1;1352
;(14, 7);;(2, 7);Pick_up_large_rock_top_of_rock_pile;1;1353
;(14, 7);;(2, 7);Pick_up_large_rock_top_of_rock_pile;1;1354
;(14, 7);;(2, 7);Pick_up_large_rock_top_of_rock_pile;1;1355
;(14, 7);;(2, 7);Pick_up_large_rock_top_of_rock_pile;1;1356
;(14, 7);;(2, 7);Pick_up_large_rock_top_of_rock_pile;1;1357
;(14, 7);;(2, 7);Pick_up_large_rock_top_of_rock_pile;1;1358
;(14, 7);;(2, 7);Pick_up_large_rock_top_of_rock_pile;1;1359
;(14, 7);;(2, 7);Pick_up_large_rock_top_of_rock_pile;1;1360
;(14, 7);;(2, 7);Pick_up_large_rock_top_of_rock_pile;1;1361
;(14, 7);;(2, 7);Pick_up_large_rock_top_of_rock_pile;1;1362
;(14, 7);;(2, 7);Pick_up_large_rock_top_of_rock_pile;1;1363
;(14, 7);;(2, 7);Pick_up_large_rock_top_of_rock_pile;1;1364
;(14, 7);;(2, 7);Pick_up_large_rock_top_of_rock_pile;1;1365
;(14, 7);;(2, 7);Pick_up_large_rock_top_of_rock_pile;1;1366
;(14, 7);;(2, 7);Pick_up_large_rock_top_of_rock_pile;1;1367
;(14, 7);;(2, 7);Pick_up_large_rock_top_of_rock_pile;1;1368
;(14, 7);;(2, 7);Pick_up_large_rock_top_of_rock_pile;1;1369
;(14, 7);;(2, 7);Pick_up_large_rock_top_of_rock_pile;1;1370
;(14, 7);;(2, 7);Pick_up_large_rock_top_of_rock_pile;1;1371
;(14, 7);;(2, 7);Pick_up_large_rock_top_of_rock_pile;1;1372
;(14, 7);;(2, 7);Pick_up_large_rock_top_of_rock_pile;1;1373
;(14, 7);;(2, 7);Pick_up_large_rock_top_of_rock_pile;1;1374
;(14, 7);;(2, 7);Pick_up_large_rock_top_of_rock_pile;1;1375
;(14, 7);;(2, 7);Pick_up_large_rock_top_of_rock_pile;1;1376
;(14, 7);;(2, 7);Pick_up_large_rock_top_of_rock_pile;1;1377
;(14, 7);;(2, 7);Pick_up_large_rock_top_of_rock_pile;1;1378
;(14, 7);;(2, 7);Pick_up_large_rock_top_of_rock_pile;1;1379
;(14, 7);;(2, 7);Pick_up_large_rock_top_of_rock_pile;1;1380
;(14, 7);;(2, 7);Pick_up_large_rock_top_of_rock_pile;1;1381
;(14, 7);;(2, 7);Pick_up_large_rock_top_of_rock_pile;1;1382
;(14, 7);;(2, 7);Pick_up_large_rock_top_of_rock_pile;1;1383
;(14, 7);;(2, 7);Pick_up_large_rock_top_of_rock_pile;1;1384
;(14, 7);;(2, 7);Pick_up_large_rock_top_of_rock_pile;1;1385
;(14, 7);;(2, 7);Pick_up_large_rock_top_of_rock_pile;1;1386
;(14, 7);;(2, 7);Pick_up_large_rock_top_of_rock_pile;1;1387
;(14, 7);;(2, 7);Pick_up_large_rock_top_of_rock_pile;1;1388
;(14, 7);;(2, 7);Pick_up_large_rock_top_of_rock_pile;1;1389
;(14, 7);;(2, 7);Pick_up_large_rock_top_of_rock_pile;1;1390
;(14, 7);;(2, 7);Pick_up_large_rock_top_of_rock_pile;1;1391
;(14, 7);;(2, 7);Pick_up_large_rock_top_of_rock_pile;1;1392
;(14, 7);;(2, 7);Pick_up_large_rock_top_of_rock_pile;1;1393
;(14, 7);;(2, 7);Pick_up_large_rock_top_of_rock_pile;1;1394
;(14, 7);;(2, 7);Pick_up_large_rock_top_of_rock_pile;1;1395
;(14, 7);;(2, 7);Pick_up_large_rock_top_of_rock_pile;1;1396
;(14, 7);;(2, 7);Pick_up_large_rock_top_of_rock_pile;1;1397
;(14, 7);;(2, 7);Pick_up_large_rock_top_of_rock_pile;1;1398
;(14, 7);;(2, 7);Pick_up_large_rock_top_of_rock_pile;1;1399
;(14, 7);;(2, 7);Pick_up_large_rock_top_of_rock_pile;1;1400
;(14, 7);;(2, 7);Pick_up_large_rock_top_of_rock_pile;1;1401
;(14, 7);;(2, 7);Pick_up_large_rock_top_of_rock_pile;1;1402
;(14, 7);;(2, 7);Pick_up_large_rock_top_of_rock_pile;1;1403
;(14, 7);;(2, 7);Pick_up_large_rock_top_of_rock_pile;1;1404
;(14, 7);;(2, 7);Pick_up_large_rock_top_of_rock_pile;1;1405
;(14, 7);;(2, 7);Pick_up_large_rock_top_of_rock_pile;1;1406
;(14, 7);;(2, 7);Pick_up_large_rock_top_of_rock_pile;1;1407
;(14, 7);;(2, 7);Pick_up_large_rock_top_of_rock_pile;1;1408
;(14, 7);;(2, 7);Pick_up_large_rock_top_of_rock_pile;1;1409
;(14, 7);;(2, 7);Pick_up_large_rock_top_of_rock_pile;1;1410
;(14, 7);;(2, 7);Pick_up_large_rock_top_of_rock_pile;1;1411
;(14, 7);;(2, 7);Pick_up_large_rock_top_of_rock_pile;1;1412
;(14, 7);;(2, 7);Pick_up_large_rock_top_of_rock_pile;1;1413
;(14, 7);;(2, 7);Pick_up_large_rock_top_of_rock_pile;1;1414
;(14, 7);;(2, 7);Pick_up_large_rock_top_of_rock_pile;1;1415
;(14, 7);;(2, 7);Pick_up_large_rock_top_of_rock_pile;1;1416
;(14, 7);;(2, 7);Pick_up_large_rock_top_of_rock_pile;1;1417
;(14, 7);;(2, 7);Pick_up_large_rock_top_of_rock_pile;1;1418
;(14, 7);;(2, 7);Pick_up_large_rock_top_of_rock_pile;1;1419
;(14, 7);;(2, 7);Pick_up_large_rock_top_of_rock_pile;1;1420
;(14, 7);;(2, 7);Pick_up_large_rock_top_of_rock_pile;1;1421
;(14, 7);;(2, 7);Pick_up_large_rock_top_of_rock_pile;1;1422
;(14, 7);;(2, 7);Pick_up_large_rock_top_of_rock_pile;1;1423
;(14, 7);;(2, 7);Pick_up_large_rock_top_of_rock_pile;1;1424
;(14, 7);;(2, 7);Pick_up_large_rock_top_of_rock_pile;1;1425
;(14, 7);;(2, 7);Pick_up_large_rock_top_of_rock_pile;1;1426
;(14, 7);;(2, 7);Pick_up_large_rock_top_of_rock_pile;1;1427
;(14, 7);;(2, 7);Pick_up_large_rock_top_of_rock_pile;1;1428
;(14, 7);;(2, 7);Pick_up_large_rock_top_of_rock_pile;1;1429
;(14, 7);;(2, 7);Pick_up_large_rock_top_of_rock_pile;1;1430
;(14, 7);;(2, 7);Pick_up_large_rock_top_of_rock_pile;1;1431
;(14, 7);;(2, 7);Pick_up_large_rock_top_of_rock_pile;1;1432
;(14, 7);;(2, 7);Pick_up_large_rock_top_of_rock_pile;1;1433
;(14, 7);;(2, 7);Pick_up_large_rock_top_of_rock_pile;1;1434
;(14, 7);;(2, 7);Pick_up_large_rock_top_of_rock_pile;1;1435
;(14, 7);;(2, 7);Pick_up_large_rock_top_of_rock_pile;1;1436
;(14, 7);;(2, 7);Pick_up_large_rock_top_of_rock_pile;1;1437
;(14, 7);;(2, 7);Pick_up_large_rock_top_of_rock_pile;1;1438
;(14, 7);;(2, 7);Pick_up_large_rock_top_of_rock_pile;1;1439
;(14, 7);;(2, 7);Pick_up_large_rock_top_of_rock_pile;1;1440
;(14, 7);;(2, 7);Pick_up_large_rock_top_of_rock_pile;1;1441
;(14, 7);;(2, 7);Pick_up_large_rock_top_of_rock_pile;1;1442
;(14, 7);;(2, 7);Pick_up_large_rock_top_of_rock_pile;1;1443
;(14, 7);;(2, 7);Pick_up_large_rock_top_of_rock_pile;1;1444
;(14, 7);;(2, 7);Pick_up_large_rock_top_of_rock_pile;1;1445
;(14, 7);;(2, 7);Pick_up_large_rock_top_of_rock_pile;1;1446
;(14, 7);;(2, 7);Pick_up_large_rock_top_of_rock_pile;1;1447
;(14, 7);;(2, 7);Pick_up_large_rock_top_of_rock_pile;1;1448
;(14, 7);;(2, 7);Pick_up_large_rock_top_of_rock_pile;1;1449
;(14, 7);;(2, 7);Pick_up_large_rock_top_of_rock_pile;1;1450
;(14, 7);;(2, 7);Pick_up_large_rock_top_of_rock_pile;1;1451
;(14, 7);;(2, 7);Pick_up_large_rock_top_of_rock_pile;1;1452
;(14, 7);;(2, 7);Pick_up_large_rock_top_of_rock_pile;1;1453
;(14, 7);;(2, 7);Pick_up_large_rock_top_of_rock_pile;1;1454
;(14, 7);;(2, 7);Pick_up_large_rock_top_of_rock_pile;1;1455
;(14, 7);;(2, 7);Pick_up_large_rock_top_of_rock_pile;1;1456
;(14, 7);;(2, 7);Pick_up_large_rock_top_of_rock_pile;1;1457
;(14, 7);;(2, 7);Pick_up_large_rock_top_of_rock_pile;1;1458
;(14, 7);;(2, 7);Pick_up_large_rock_top_of_rock_pile;1;1459
;(14, 7);;(2, 7);Pick_up_large_rock_top_of_rock_pile;1;1460
;(14, 7);;(2, 7);Pick_up_large_rock_top_of_rock_pile;1;1461
;(14, 7);;(2, 7);Pick_up_large_rock_top_of_rock_pile;1;1462
;(14, 7);;(2, 7);Pick_up_large_rock_top_of_rock_pile;1;1463
;(14, 7);;(2, 7);Pick_up_large_rock_top_of_rock_pile;1;1464
;(14, 7);;(2, 7);Pick_up_large_rock_top_of_rock_pile;1;1465
;(14, 7);;(2, 7);Pick_up_large_rock_top_of_rock_pile;1;1466
;(14, 7);;(2, 7);Pick_up_large_rock_top_of_rock_pile;1;1467
;(14, 7);;(2, 7);Pick_up_large_rock_top_of_rock_pile;1;1468
;(14, 7);;(2, 7);Pick_up_large_rock_top_of_rock_pile;1;1469
;(14, 7);;(2, 7);Pick_up_large_rock_top_of_rock_pile;1;1470
;(14, 7);;(2, 7);Pick_up_large_rock_top_of_rock_pile;1;1471
;(14, 7);;(2, 7);Pick_up_large_rock_top_of_rock_pile;1;1472
;(14, 7);;(2, 7);Pick_up_large_rock_top_of_rock_pile;1;1473
;(14, 7);;(2, 7);Pick_up_large_rock_top_of_rock_pile;1;1474
;(14, 7);;(2, 7);Pick_up_large_rock_top_of_rock_pile;1;1475
;(14, 7);;(2, 7);Pick_up_large_rock_top_of_rock_pile;1;1476
;(14, 7);;(2, 7);Pick_up_large_rock_top_of_rock_pile;1;1477
;(14, 7);;(2, 7);Pick_up_large_rock_top_of_rock_pile;1;1478
;(14, 7);;(2, 7);Pick_up_large_rock_top_of_rock_pile;1;1479
;(14, 7);;(2, 7);Pick_up_large_rock_top_of_rock_pile;1;1480
;(14, 7);;(2, 7);Pick_up_large_rock_top_of_rock_pile;1;1481
;(14, 7);;(2, 7);Pick_up_large_rock_top_of_rock_pile;1;1482
;(14, 7);;(2, 7);Pick_up_large_rock_top_of_rock_pile;1;1483
;(14, 7);;(2, 7);Pick_up_large_rock_top_of_rock_pile;1;1484
;(14, 7);;(2, 7);Pick_up_large_rock_top_of_rock_pile;1;1485
;(14, 7);;(2, 7);Pick_up_large_rock_top_of_rock_pile;1;1486
;(14, 7);;(2, 7);Pick_up_large_rock_top_of_rock_pile;1;1487
;(14, 7);;(2, 7);Pick_up_large_rock_top_of_rock_pile;1;1488
;(14, 7);;(2, 7);Pick_up_large_rock_top_of_rock_pile;1;1489
;(14, 7);;(2, 7);Pick_up_large_rock_top_of_rock_pile;1;1490
;(14, 7);;(2, 7);Pick_up_large_rock_top_of_rock_pile;1;1491
;(14, 7);;(2, 7);Pick_up_large_rock_top_of_rock_pile;1;1492
;(14, 7);;(2, 7);Pick_up_large_rock_top_of_rock_pile;1;1493
;(14, 7);;(2, 7);Pick_up_large_rock_top_of_rock_pile;1;1494
;(14, 7);;(2, 7);Pick_up_large_rock_top_of_rock_pile;1;1495
;(14, 7);;(2, 7);Pick_up_large_rock_top_of_rock_pile;1;1496
;(14, 7);;(2, 7);Pick_up_large_rock_top_of_rock_pile;1;1497
;(14, 7);;(2, 7);Pick_up_large_rock_top_of_rock_pile;1;1498
;(14, 7);;(2, 7);Pick_up_large_rock_top_of_rock_pile;1;1499
;(14, 7);;(2, 7);Pick_up_large_rock_top_of_rock_pile;1;1500
;(14, 7);;(2, 7);Pick_up_large_rock_top_of_rock_pile;1;1501
;(14, 7);;(2, 7);Pick_up_large_rock_top_of_rock_pile;1;1502
;(14, 7);;(2, 7);Pick_up_large_rock_top_of_rock_pile;1;1503
;(14, 7);;(2, 7);Pick_up_large_rock_top_of_rock_pile;1;1504
;(14, 7);;(2, 7);Pick_up_large_rock_top_of_rock_pile;1;1505
;(14, 7);;(2, 7);Pick_up_large_rock_top_of_rock_pile;1;1506
;(14, 7);;(2, 7);Pick_up_large_rock_top_of_rock_pile;1;1507
;(14, 7);;(2, 7);Pick_up_large_rock_top_of_rock_pile;1;1508
;(14, 7);;(2, 7);Pick_up_large_rock_top_of_rock_pile;1;1509
;(14, 7);;(2, 7);Pick_up_large_rock_top_of_rock_pile;1;1510
;(14, 7);;(2, 7);Pick_up_large_rock_top_of_rock_pile;1;1511
;(14, 7);;(2, 7);Pick_up_large_rock_top_of_rock_pile;1;1512
;(14, 7);;(2, 7);Pick_up_large_rock_top_of_rock_pile;1;1513
;(14, 7);;(2, 7);Pick_up_large_rock_top_of_rock_pile;1;1514
;(14, 7);;(2, 7);Pick_up_large_rock_top_of_rock_pile;1;1515
;(14, 7);;(2, 7);Pick_up_large_rock_top_of_rock_pile;1;1516
;(14, 7);;(2, 7);Pick_up_large_rock_top_of_rock_pile;1;1517
;(14, 7);;(2, 7);Pick_up_large_rock_top_of_rock_pile;1;1518
;(14, 7);;(2, 7);Pick_up_large_rock_top_of_rock_pile;1;1519
;(14, 7);;(2, 7);Pick_up_large_rock_top_of_rock_pile;1;1520
;(14, 7);;(2, 7);Pick_up_large_rock_top_of_rock_pile;1;1521
;(14, 7);;(2, 7);Pick_up_large_rock_top_of_rock_pile;1;1522
;(14, 7);;(2, 7);Pick_up_large_rock_top_of_rock_pile;1;1523
;(14, 7);;(2, 7);Pick_up_large_rock_top_of_rock_pile;1;1524
;(14, 7);;(2, 7);Pick_up_large_rock_top_of_rock_pile;1;1525
;(14, 7);;(2, 7);Pick_up_large_rock_top_of_rock_pile;1;1526
;(14, 7);;(2, 7);Pick_up_large_rock_top_of_rock_pile;1;1527
;(14, 7);;(2, 7);Pick_up_large_rock_top_of_rock_pile;1;1528
;(14, 7);;(2, 7);Pick_up_large_rock_top_of_rock_pile;1;1529
;(14, 7);;(2, 7);Pick_up_large_rock_top_of_rock_pile;1;1530
;(14, 7);;(2, 7);Pick_up_large_rock_top_of_rock_pile;1;1531
;(14, 7);;(2, 7);Pick_up_large_rock_top_of_rock_pile;1;1532
;(14, 7);;(2, 7);Pick_up_large_rock_top_of_rock_pile;1;1533
;(14, 7);;(2, 7);Pick_up_large_rock_top_of_rock_pile;1;1534
;(14, 7);;(2, 7);Pick_up_large_rock_top_of_rock_pile;1;1535
;(14, 7);;(2, 7);Pick_up_large_rock_top_of_rock_pile;1;1536
;(14, 7);;(2, 7);Pick_up_large_rock_top_of_rock_pile;1;1537
;(14, 7);;(2, 7);Pick_up_large_rock_top_of_rock_pile;1;1538
;(14, 7);;(2, 7);Pick_up_large_rock_top_of_rock_pile;1;1539
;(14, 7);;(2, 7);Pick_up_large_rock_top_of_rock_pile;1;1540
;(14, 7);;(2, 7);Pick_up_large_rock_top_of_rock_pile;1;1541
;(14, 7);;(2, 7);Pick_up_large_rock_top_of_rock_pile;1;1542
;(14, 7);;(2, 7);Pick_up_large_rock_top_of_rock_pile;1;1543
;(14, 7);;(2, 7);Pick_up_large_rock_top_of_rock_pile;1;1544
;(14, 7);;(2, 7);Pick_up_large_rock_top_of_rock_pile;1;1545
;(14, 7);;(2, 7);Pick_up_large_rock_top_of_rock_pile;1;1546
;(14, 7);;(2, 7);Pick_up_large_rock_top_of_rock_pile;1;1547
;(14, 7);;(2, 7);Pick_up_large_rock_top_of_rock_pile;1;1548
;(14, 7);;(2, 7);Pick_up_large_rock_top_of_rock_pile;1;1549
;(14, 7);;(2, 7);Pick_up_large_rock_top_of_rock_pile;1;1550
;(14, 7);;(2, 7);Pick_up_large_rock_top_of_rock_pile;1;1551
;(14, 7);;(2, 7);Pick_up_large_rock_top_of_rock_pile;1;1552
;(14, 7);;(2, 7);Pick_up_large_rock_top_of_rock_pile;1;1553
;(14, 7);;(2, 7);Pick_up_large_rock_top_of_rock_pile;1;1554
;(14, 7);;(2, 7);Pick_up_large_rock_top_of_rock_pile;1;1555
;(14, 7);;(2, 7);Pick_up_large_rock_top_of_rock_pile;1;1556
;(14, 7);;(2, 7);Pick_up_large_rock_top_of_rock_pile;1;1557
;(14, 7);;(2, 7);Pick_up_large_rock_top_of_rock_pile;1;1558
;(14, 7);;(2, 7);Pick_up_large_rock_top_of_rock_pile;1;1559
;(14, 7);;(2, 7);Pick_up_large_rock_top_of_rock_pile;1;1560
;(14, 7);;(2, 7);Pick_up_large_rock_top_of_rock_pile;1;1561
;(14, 7);;(2, 7);Pick_up_large_rock_top_of_rock_pile;1;1562
;(14, 7);;(2, 7);Pick_up_large_rock_top_of_rock_pile;1;1563
;(14, 7);;(2, 7);Pick_up_large_rock_top_of_rock_pile;1;1564
;(14, 7);;(2, 7);Pick_up_large_rock_top_of_rock_pile;1;1565
;(14, 7);;(2, 7);Pick_up_large_rock_top_of_rock_pile;1;1566
;(14, 7);;(2, 7);Pick_up_large_rock_top_of_rock_pile;1;1567
;(14, 7);;(2, 7);Pick_up_large_rock_top_of_rock_pile;1;1568
;(14, 7);;(2, 7);Pick_up_large_rock_top_of_rock_pile;1;1569
;(14, 7);;(2, 7);Pick_up_large_rock_top_of_rock_pile;1;1570
;(14, 7);;(2, 7);Pick_up_large_rock_top_of_rock_pile;1;1571
;(14, 7);;(2, 7);Pick_up_large_rock_top_of_rock_pile;1;1572
;(14, 7);;(2, 7);Pick_up_large_rock_top_of_rock_pile;1;1573
;(14, 7);;(2, 7);Pick_up_large_rock_top_of_rock_pile;1;1574
;(14, 7);;(2, 7);Pick_up_large_rock_top_of_rock_pile;1;1575
;(14, 7);;(2, 7);Pick_up_large_rock_top_of_rock_pile;1;1576
;(14, 7);;(2, 7);Pick_up_large_rock_top_of_rock_pile;1;1577
;(14, 7);;(2, 7);Pick_up_large_rock_top_of_rock_pile;1;1578
;(14, 7);;(2, 7);Pick_up_large_rock_top_of_rock_pile;1;1579
;(14, 7);;(2, 7);Pick_up_large_rock_top_of_rock_pile;1;1580
;(14, 7);;(2, 7);Pick_up_large_rock_top_of_rock_pile;1;1581
;(14, 7);;(2, 7);Pick_up_large_rock_top_of_rock_pile;1;1582
;(14, 7);;(2, 7);Pick_up_large_rock_top_of_rock_pile;1;1583
;(14, 7);;(2, 7);Pick_up_large_rock_top_of_rock_pile;1;1584
;(14, 7);;(2, 7);Pick_up_large_rock_top_of_rock_pile;1;1585
;(14, 7);;(2, 7);Pick_up_large_rock_top_of_rock_pile;1;1586
;(14, 7);;(2, 7);Pick_up_large_rock_top_of_rock_pile;1;1587
;(14, 7);;(2, 7);Pick_up_large_rock_top_of_rock_pile;1;1588
;(14, 7);;(2, 7);Pick_up_large_rock_top_of_rock_pile;1;1589
;(14, 7);;(2, 7);Pick_up_large_rock_top_of_rock_pile;1;1590
;(14, 7);;(2, 7);Pick_up_large_rock_top_of_rock_pile;1;1591
;(14, 7);;(2, 7);Pick_up_large_rock_top_of_rock_pile;1;1592
;(14, 7);;(2, 7);Pick_up_large_rock_top_of_rock_pile;1;1593
;(14, 7);;(2, 7);Pick_up_large_rock_top_of_rock_pile;1;1594
;(14, 7);;(2, 7);Pick_up_large_rock_top_of_rock_pile;1;1595
;(14, 7);;(2, 7);Pick_up_large_rock_top_of_rock_pile;1;1596
;(14, 7);;(2, 7);Pick_up_large_rock_top_of_rock_pile;1;1597
;(14, 7);;(2, 7);Pick_up_large_rock_top_of_rock_pile;1;1598
;(14, 7);;(2, 7);Pick_up_large_rock_top_of_rock_pile;1;1599
;(14, 7);;(2, 7);Pick_up_large_rock_top_of_rock_pile;1;1600
;(14, 7);;(2, 7);Pick_up_large_rock_top_of_rock_pile;1;1601
;(14, 7);;(2, 7);Pick_up_large_rock_top_of_rock_pile;1;1602
;(14, 7);;(2, 7);Pick_up_large_rock_top_of_rock_pile;1;1603
;(14, 7);;(2, 7);Pick_up_large_rock_top_of_rock_pile;1;1604
;(14, 7);;(2, 7);Pick_up_large_rock_top_of_rock_pile;1;1605
;(14, 7);;(2, 7);Pick_up_large_rock_top_of_rock_pile;1;1606
;(14, 7);;(2, 7);Pick_up_large_rock_top_of_rock_pile;1;1607
;(14, 7);;(2, 7);Pick_up_large_rock_top_of_rock_pile;1;1608
;(14, 7);;(2, 7);Pick_up_large_rock_top_of_rock_pile;1;1609
;(14, 7);;(2, 7);Pick_up_large_rock_top_of_rock_pile;1;1610
;(14, 7);;(2, 7);Pick_up_large_rock_top_of_rock_pile;1;1611
;(14, 7);;(2, 7);Pick_up_large_rock_top_of_rock_pile;1;1612
;(14, 7);;(2, 7);Pick_up_large_rock_top_of_rock_pile;1;1613
;(14, 7);;(2, 7);Pick_up_large_rock_top_of_rock_pile;1;1614
;(14, 7);;(2, 7);Pick_up_large_rock_top_of_rock_pile;1;1615
;(14, 7);;(2, 7);Pick_up_large_rock_top_of_rock_pile;1;1616
;(14, 7);;(2, 7);Pick_up_large_rock_top_of_rock_pile;1;1617
;(14, 7);;(2, 7);Pick_up_large_rock_top_of_rock_pile;1;1618
;(14, 7);;(2, 7);Pick_up_large_rock_top_of_rock_pile;1;1619
;(14, 7);;(2, 7);Pick_up_large_rock_top_of_rock_pile;1;1620
;(14, 7);;(2, 7);Pick_up_large_rock_top_of_rock_pile;1;1621
;(14, 7);;(2, 7);Pick_up_large_rock_top_of_rock_pile;1;1622
;(14, 7);;(2, 7);Pick_up_large_rock_top_of_rock_pile;1;1623
;(14, 7);;(2, 7);Pick_up_large_rock_top_of_rock_pile;1;1624
;(14, 7);;(2, 7);Pick_up_large_rock_top_of_rock_pile;1;1625
;(14, 7);;(2, 7);Pick_up_large_rock_top_of_rock_pile;1;1626
;(14, 7);;(2, 7);Pick_up_large_rock_top_of_rock_pile;1;1627
;(14, 7);;(2, 7);Pick_up_large_rock_top_of_rock_pile;1;1628
;(14, 7);;(2, 7);Pick_up_large_rock_top_of_rock_pile;1;1629
;(14, 7);;(2, 7);Pick_up_large_rock_top_of_rock_pile;1;1630
;(14, 7);;(2, 7);Pick_up_large_rock_top_of_rock_pile;1;1631
;(14, 7);;(2, 7);Pick_up_large_rock_top_of_rock_pile;1;1632
;(14, 7);;(2, 7);Pick_up_large_rock_top_of_rock_pile;1;1633
;(14, 7);;(2, 7);Pick_up_large_rock_top_of_rock_pile;1;1634
;(14, 7);;(2, 7);Pick_up_large_rock_top_of_rock_pile;1;1635
;(14, 7);;(2, 7);Pick_up_large_rock_top_of_rock_pile;1;1636
;(14, 7);;(2, 7);Pick_up_large_rock_top_of_rock_pile;1;1637
;(14, 7);;(2, 7);Pick_up_large_rock_top_of_rock_pile;1;1638
;(14, 7);;(2, 7);Pick_up_large_rock_top_of_rock_pile;1;1639
;(14, 7);;(2, 7);Pick_up_large_rock_top_of_rock_pile;1;1640
;(14, 7);;(2, 7);Pick_up_large_rock_top_of_rock_pile;1;1641
;(14, 7);;(2, 7);Pick_up_large_rock_top_of_rock_pile;1;1642
;(14, 7);;(2, 7);Pick_up_large_rock_top_of_rock_pile;1;1643
;(14, 7);;(2, 7);Pick_up_large_rock_top_of_rock_pile;1;1644
;(14, 7);;(2, 7);Pick_up_large_rock_top_of_rock_pile;1;1645
;(14, 7);;(2, 7);Pick_up_large_rock_top_of_rock_pile;1;1646
;(14, 7);;(2, 7);Pick_up_large_rock_top_of_rock_pile;1;1647
;(14, 7);;(2, 7);Pick_up_large_rock_top_of_rock_pile;1;1648
;(14, 7);;(2, 7);Pick_up_large_rock_top_of_rock_pile;1;1649
;(14, 7);;(2, 7);Pick_up_large_rock_top_of_rock_pile;1;1650
;(14, 7);;(2, 7);Pick_up_large_rock_top_of_rock_pile;1;1651
;(14, 7);;(2, 7);Pick_up_large_rock_top_of_rock_pile;1;1652
;(14, 7);;(2, 7);Pick_up_large_rock_top_of_rock_pile;1;1653
;(14, 7);;(2, 7);Pick_up_large_rock_top_of_rock_pile;1;1654
;(14, 7);;(2, 7);Pick_up_large_rock_top_of_rock_pile;1;1655
;(14, 7);;(2, 7);Pick_up_large_rock_top_of_rock_pile;1;1656
;(14, 7);;(2, 7);Pick_up_large_rock_top_of_rock_pile;1;1657
;(14, 7);;(2, 7);Pick_up_large_rock_top_of_rock_pile;1;1658
;(14, 7);;(2, 7);Pick_up_large_rock_top_of_rock_pile;1;1659
;(14, 7);;(2, 7);Pick_up_large_rock_top_of_rock_pile;1;1660
;(14, 7);;(2, 7);Pick_up_large_rock_top_of_rock_pile;1;1661
;(14, 7);;(2, 7);Pick_up_large_rock_top_of_rock_pile;1;1662
;(14, 7);;(2, 7);Pick_up_large_rock_top_of_rock_pile;1;1663
;(14, 7);;(2, 7);Pick_up_large_rock_top_of_rock_pile;1;1664
;(14, 7);;(2, 7);Pick_up_large_rock_top_of_rock_pile;1;1665
;(14, 7);;(2, 7);Pick_up_large_rock_top_of_rock_pile;1;1666
;(14, 7);;(2, 7);Pick_up_large_rock_top_of_rock_pile;1;1667
;(14, 7);;(2, 7);Pick_up_large_rock_top_of_rock_pile;1;1668
;(14, 7);;(2, 7);Pick_up_large_rock_top_of_rock_pile;1;1669
;(14, 7);;(2, 7);Pick_up_large_rock_top_of_rock_pile;1;1670
;(14, 7);;(2, 7);Pick_up_large_rock_top_of_rock_pile;1;1671
;(14, 7);;(2, 7);Pick_up_large_rock_top_of_rock_pile;1;1672
;(14, 7);;(2, 7);Pick_up_large_rock_top_of_rock_pile;1;1673
;(14, 7);;(2, 7);Pick_up_large_rock_top_of_rock_pile;1;1674
;(14, 7);;(2, 7);Pick_up_large_rock_top_of_rock_pile;1;1675
;(14, 7);;(2, 7);Pick_up_large_rock_top_of_rock_pile;1;1676
;(14, 7);;(2, 7);Pick_up_large_rock_top_of_rock_pile;1;1677
;(14, 7);;(2, 7);Pick_up_large_rock_top_of_rock_pile;1;1678
;(14, 7);;(2, 7);Pick_up_large_rock_top_of_rock_pile;1;1679
;(14, 7);;(2, 7);Pick_up_large_rock_top_of_rock_pile;1;1680
;(14, 7);;(2, 7);Pick_up_large_rock_top_of_rock_pile;1;1681
;(14, 7);;(2, 7);Pick_up_large_rock_top_of_rock_pile;1;1682
;(14, 7);;(2, 7);Pick_up_large_rock_top_of_rock_pile;1;1683
;(14, 7);;(2, 7);Pick_up_large_rock_top_of_rock_pile;1;1684
;(14, 7);;(2, 7);Pick_up_large_rock_top_of_rock_pile;1;1685
;(14, 7);;(2, 7);Pick_up_large_rock_top_of_rock_pile;1;1686
;(14, 7);;(2, 7);Pick_up_large_rock_top_of_rock_pile;1;1687
;(14, 7);;(2, 7);Pick_up_large_rock_top_of_rock_pile;1;1688
;(14, 7);;(2, 7);Pick_up_large_rock_top_of_rock_pile;1;1689
;(14, 7);;(2, 7);Pick_up_large_rock_top_of_rock_pile;1;1690
;(14, 7);;(2, 7);Pick_up_large_rock_top_of_rock_pile;1;1691
;(14, 7);;(2, 7);Pick_up_large_rock_top_of_rock_pile;1;1692
;(14, 7);;(2, 7);Pick_up_large_rock_top_of_rock_pile;1;1693
;(14, 7);;(2, 7);Pick_up_large_rock_top_of_rock_pile;1;1694
;(14, 7);;(2, 7);Pick_up_large_rock_top_of_rock_pile;1;1695
;(14, 7);;(2, 7);Pick_up_large_rock_top_of_rock_pile;1;1696
;(14, 7);;(2, 7);Pick_up_large_rock_top_of_rock_pile;1;1697
;(14, 7);;(2, 7);Pick_up_large_rock_top_of_rock_pile;1;1698
;(14, 7);;(2, 7);Pick_up_large_rock_top_of_rock_pile;1;1699
;(14, 7);;(2, 7);Pick_up_large_rock_top_of_rock_pile;1;1700
;(14, 7);;(2, 7);Pick_up_large_rock_top_of_rock_pile;1;1701
;(14, 7);;(2, 7);Pick_up_large_rock_top_of_rock_pile;1;1702
;(14, 7);;(2, 7);Pick_up_large_rock_top_of_rock_pile;1;1703
;(14, 7);;(2, 7);Pick_up_large_rock_top_of_rock_pile;1;1704
;(14, 7);;(2, 7);Pick_up_large_rock_top_of_rock_pile;1;1705
;(14, 7);;(2, 7);Pick_up_large_rock_top_of_rock_pile;1;1706
;(14, 7);;(2, 7);Pick_up_large_rock_top_of_rock_pile;1;1707
;(14, 7);;(2, 7);Pick_up_large_rock_top_of_rock_pile;1;1708
;(14, 7);;(2, 7);Pick_up_large_rock_top_of_rock_pile;1;1709
;(14, 7);;(2, 7);Pick_up_large_rock_top_of_rock_pile;1;1710
;(14, 7);;(2, 7);Pick_up_large_rock_top_of_rock_pile;1;1711
;(14, 7);;(2, 7);Pick_up_large_rock_top_of_rock_pile;1;1712
;(14, 7);;(2, 7);Pick_up_large_rock_top_of_rock_pile;1;1713
;(14, 7);;(2, 7);Pick_up_large_rock_top_of_rock_pile;1;1714
;(14, 7);;(2, 7);Pick_up_large_rock_top_of_rock_pile;1;1715
;(14, 7);;(2, 7);Pick_up_large_rock_top_of_rock_pile;1;1716
;(14, 7);;(2, 7);Pick_up_large_rock_top_of_rock_pile;1;1717
;(14, 7);;(2, 7);Pick_up_large_rock_top_of_rock_pile;1;1718
;(14, 7);;(2, 7);Pick_up_large_rock_top_of_rock_pile;1;1719
;(14, 7);;(2, 7);Pick_up_large_rock_top_of_rock_pile;1;1720
;(14, 7);;(2, 7);Pick_up_large_rock_top_of_rock_pile;1;1721
;(14, 7);;(2, 7);Pick_up_large_rock_top_of_rock_pile;1;1722
;(14, 7);;(2, 7);Pick_up_large_rock_top_of_rock_pile;1;1723
;(14, 7);;(2, 7);Pick_up_large_rock_top_of_rock_pile;1;1724
;(14, 7);;(2, 7);Pick_up_large_rock_top_of_rock_pile;1;1725
;(14, 7);;(2, 7);Pick_up_large_rock_top_of_rock_pile;1;1726
;(14, 7);;(2, 7);Pick_up_large_rock_top_of_rock_pile;1;1727
;(14, 7);;(2, 7);Pick_up_large_rock_top_of_rock_pile;1;1728
;(14, 7);;(2, 7);Pick_up_large_rock_top_of_rock_pile;1;1729
;(14, 7);;(2, 7);Pick_up_large_rock_top_of_rock_pile;1;1730
;(14, 7);;(2, 7);Pick_up_large_rock_top_of_rock_pile;1;1731
;(14, 7);;(2, 7);Pick_up_large_rock_top_of_rock_pile;1;1732
;(14, 7);;(2, 7);Pick_up_large_rock_top_of_rock_pile;1;1733
;(14, 7);;(2, 7);Pick_up_large_rock_top_of_rock_pile;1;1734
;(14, 7);;(2, 7);Pick_up_large_rock_top_of_rock_pile;1;1735
;(14, 7);;(2, 7);Pick_up_large_rock_top_of_rock_pile;1;1736
;(14, 7);;(2, 7);Pick_up_large_rock_top_of_rock_pile;1;1737
;(14, 7);;(2, 7);Pick_up_large_rock_top_of_rock_pile;1;1738
;(14, 7);;(2, 7);Pick_up_large_rock_top_of_rock_pile;1;1739
;(14, 7);;(2, 7);Pick_up_large_rock_top_of_rock_pile;1;1740
;(14, 7);;(2, 7);Pick_up_large_rock_top_of_rock_pile;1;1741
;(14, 7);;(2, 7);Pick_up_large_rock_top_of_rock_pile;1;1742
;(14, 7);;(2, 7);Pick_up_large_rock_top_of_rock_pile;1;1743
;(14, 7);;(2, 7);Pick_up_large_rock_top_of_rock_pile;1;1744
;(14, 7);;(2, 7);Pick_up_large_rock_top_of_rock_pile;1;1745
;(14, 7);;(2, 7);Pick_up_large_rock_top_of_rock_pile;1;1746
;(14, 7);;(2, 7);Pick_up_large_rock_top_of_rock_pile;1;1747
;(14, 7);;(2, 7);Pick_up_large_rock_top_of_rock_pile;1;1748
;(14, 7);;(2, 7);Pick_up_large_rock_top_of_rock_pile;1;1749
;(14, 7);;(2, 7);Pick_up_large_rock_top_of_rock_pile;1;1750
;(14, 7);;(2, 7);Pick_up_large_rock_top_of_rock_pile;1;1751
;(14, 7);;(2, 7);Pick_up_large_rock_top_of_rock_pile;1;1752
;(14, 7);;(2, 7);Pick_up_large_rock_top_of_rock_pile;1;1753
;(14, 7);;(2, 7);Pick_up_large_rock_top_of_rock_pile;1;1754
;(14, 7);;(2, 7);Pick_up_large_rock_top_of_rock_pile;1;1755
;(14, 7);;(2, 7);Pick_up_large_rock_top_of_rock_pile;1;1756
;(14, 7);;(2, 7);Pick_up_large_rock_top_of_rock_pile;1;1757
;(14, 7);;(2, 7);Pick_up_large_rock_top_of_rock_pile;1;1758
;(14, 7);;(2, 7);Pick_up_large_rock_top_of_rock_pile;1;1759
;(14, 7);;(2, 7);Pick_up_large_rock_top_of_rock_pile;1;1760
;(14, 7);;(2, 7);Pick_up_large_rock_top_of_rock_pile;1;1761
;(14, 7);;(2, 7);Pick_up_large_rock_top_of_rock_pile;1;1762
;(14, 7);;(2, 7);Pick_up_large_rock_top_of_rock_pile;1;1763
;(14, 7);;(2, 7);Pick_up_large_rock_top_of_rock_pile;1;1764
;(14, 7);;(2, 7);Pick_up_large_rock_top_of_rock_pile;1;1765
;(14, 7);;(2, 7);Pick_up_large_rock_top_of_rock_pile;1;1766
;(14, 7);;(2, 7);Pick_up_large_rock_top_of_rock_pile;1;1767
;(14, 7);;(2, 7);Pick_up_large_rock_top_of_rock_pile;1;1768
;(14, 7);;(2, 7);Pick_up_large_rock_top_of_rock_pile;1;1769
;(14, 7);;(2, 7);Pick_up_large_rock_top_of_rock_pile;1;1770
;(14, 7);;(2, 7);Pick_up_large_rock_top_of_rock_pile;1;1771
;(14, 7);;(2, 7);Pick_up_large_rock_top_of_rock_pile;1;1772
;(14, 7);;(2, 7);Pick_up_large_rock_top_of_rock_pile;1;1773
;(14, 7);;(2, 7);Pick_up_large_rock_top_of_rock_pile;1;1774
;(14, 7);;(2, 7);Pick_up_large_rock_top_of_rock_pile;1;1775
;(14, 7);;(2, 7);Pick_up_large_rock_top_of_rock_pile;1;1776
;(14, 7);;(2, 7);Pick_up_large_rock_top_of_rock_pile;1;1777
;(14, 7);;(2, 7);Pick_up_large_rock_top_of_rock_pile;1;1778
;(14, 7);;(2, 7);Pick_up_large_rock_top_of_rock_pile;1;1779
;(14, 7);;(2, 7);Pick_up_large_rock_top_of_rock_pile;1;1780
;(14, 7);;(2, 7);Pick_up_large_rock_top_of_rock_pile;1;1781
;(14, 7);;(2, 7);Pick_up_large_rock_top_of_rock_pile;1;1782
;(14, 7);;(2, 7);Pick_up_large_rock_top_of_rock_pile;1;1783
;(14, 7);;(2, 7);Pick_up_large_rock_top_of_rock_pile;1;1784
;(14, 7);;(2, 7);Pick_up_large_rock_top_of_rock_pile;1;1785
;(14, 7);;(2, 7);Pick_up_large_rock_top_of_rock_pile;1;1786
;(14, 7);;(2, 7);Pick_up_large_rock_top_of_rock_pile;1;1787
;(14, 7);;(2, 7);Pick_up_large_rock_top_of_rock_pile;1;1788
;(14, 7);;(2, 7);Pick_up_large_rock_top_of_rock_pile;1;1789
;(14, 7);;(2, 7);Pick_up_large_rock_top_of_rock_pile;1;1790
;(14, 7);;(2, 7);Pick_up_large_rock_top_of_rock_pile;1;1791
;(14, 7);;(2, 7);Pick_up_large_rock_top_of_rock_pile;1;1792
;(14, 7);;(2, 7);Pick_up_large_rock_top_of_rock_pile;1;1793
;(14, 7);;(2, 7);Pick_up_large_rock_top_of_rock_pile;1;1794
;(14, 7);;(2, 7);Pick_up_large_rock_top_of_rock_pile;1;1795
;(14, 7);;(2, 7);Pick_up_large_rock_top_of_rock_pile;1;1796
;(14, 7);;(2, 7);Pick_up_large_rock_top_of_rock_pile;1;1797
;(14, 7);;(2, 7);Pick_up_large_rock_top_of_rock_pile;1;1798
;(14, 7);;(2, 7);Pick_up_large_rock_top_of_rock_pile;1;1799
;(14, 7);;(2, 7);Pick_up_large_rock_top_of_rock_pile;1;1800
;(14, 7);;(2, 7);Pick_up_large_rock_top_of_rock_pile;1;1801
;(14, 7);;(2, 7);Pick_up_large_rock_top_of_rock_pile;1;1802
;(14, 7);;(2, 7);Pick_up_large_rock_top_of_rock_pile;1;1803
;(14, 7);;(2, 7);Pick_up_large_rock_top_of_rock_pile;1;1804
;(14, 7);;(2, 7);Pick_up_large_rock_top_of_rock_pile;1;1805
;(14, 7);;(2, 7);Pick_up_large_rock_top_of_rock_pile;1;1806
;(14, 7);;(2, 7);Pick_up_large_rock_top_of_rock_pile;1;1807
;(14, 7);;(2, 7);Pick_up_large_rock_top_of_rock_pile;1;1808
;(14, 7);;(2, 7);Pick_up_large_rock_top_of_rock_pile;1;1809
;(14, 7);;(2, 7);Pick_up_large_rock_top_of_rock_pile;1;1810
;(14, 7);;(2, 7);Pick_up_large_rock_top_of_rock_pile;1;1811
;(14, 7);;(2, 7);Pick_up_large_rock_top_of_rock_pile;1;1812
;(14, 7);;(2, 7);Pick_up_large_rock_top_of_rock_pile;1;1813
;(14, 7);;(2, 7);Pick_up_large_rock_top_of_rock_pile;1;1814
;(14, 7);;(2, 7);Pick_up_large_rock_top_of_rock_pile;1;1815
;(14, 7);;(2, 7);Pick_up_large_rock_top_of_rock_pile;1;1816
;(14, 7);;(2, 7);Pick_up_large_rock_top_of_rock_pile;1;1817
;(14, 7);;(2, 7);Pick_up_large_rock_top_of_rock_pile;1;1818
;(14, 7);;(2, 7);Pick_up_large_rock_top_of_rock_pile;1;1819
;(14, 7);;(2, 7);Pick_up_large_rock_top_of_rock_pile;1;1820
;(14, 7);;(2, 7);Pick_up_large_rock_top_of_rock_pile;1;1821
;(14, 7);;(2, 7);Pick_up_large_rock_top_of_rock_pile;1;1822
;(14, 7);;(2, 7);Pick_up_large_rock_top_of_rock_pile;1;1823
;(14, 7);;(2, 7);Pick_up_large_rock_top_of_rock_pile;1;1824
;(14, 7);;(2, 7);Pick_up_large_rock_top_of_rock_pile;1;1825
;(14, 7);;(2, 7);Pick_up_large_rock_top_of_rock_pile;1;1826
;(14, 7);;(2, 7);Pick_up_large_rock_top_of_rock_pile;1;1827
;(14, 7);;(2, 7);Pick_up_large_rock_top_of_rock_pile;1;1828
;(14, 7);;(2, 7);Pick_up_large_rock_top_of_rock_pile;1;1829
;(14, 7);;(2, 7);Pick_up_large_rock_top_of_rock_pile;1;1830
;(14, 7);;(2, 7);Pick_up_large_rock_top_of_rock_pile;1;1831
;(14, 7);;(2, 7);Pick_up_large_rock_top_of_rock_pile;1;1832
;(14, 7);;(2, 7);Pick_up_large_rock_top_of_rock_pile;1;1833
;(14, 7);;(2, 7);Pick_up_large_rock_top_of_rock_pile;1;1834
;(14, 7);;(2, 7);Pick_up_large_rock_top_of_rock_pile;1;1835
;(14, 7);;(2, 7);Pick_up_large_rock_top_of_rock_pile;1;1836
;(14, 7);;(2, 7);Pick_up_large_rock_top_of_rock_pile;1;1837
;(14, 7);;(2, 7);Pick_up_large_rock_top_of_rock_pile;1;1838
;(14, 7);;(2, 7);Pick_up_large_rock_top_of_rock_pile;1;1839
;(14, 7);;(2, 7);Pick_up_large_rock_top_of_rock_pile;1;1840
;(14, 7);;(2, 7);Pick_up_large_rock_top_of_rock_pile;1;1841
;(14, 7);;(2, 7);Pick_up_large_rock_top_of_rock_pile;1;1842
;(14, 7);;(2, 7);Pick_up_large_rock_top_of_rock_pile;1;1843
;(14, 7);;(2, 7);Pick_up_large_rock_top_of_rock_pile;1;1844
;(14, 7);;(2, 7);Pick_up_large_rock_top_of_rock_pile;1;1845
;(14, 7);;(2, 7);Pick_up_large_rock_top_of_rock_pile;1;1846
;(14, 7);;(2, 7);Pick_up_large_rock_top_of_rock_pile;1;1847
;(14, 7);;(2, 7);Pick_up_large_rock_top_of_rock_pile;1;1848
;(14, 7);;(2, 7);Pick_up_large_rock_top_of_rock_pile;1;1849
;(14, 7);;(2, 7);Pick_up_large_rock_top_of_rock_pile;1;1850
;(14, 7);;(2, 7);Pick_up_large_rock_top_of_rock_pile;1;1851
;(14, 7);;(2, 7);Pick_up_large_rock_top_of_rock_pile;1;1852
;(14, 7);;(2, 7);Pick_up_large_rock_top_of_rock_pile;1;1853
;(14, 7);;(2, 7);Pick_up_large_rock_top_of_rock_pile;1;1854
;(14, 7);;(2, 7);Pick_up_large_rock_top_of_rock_pile;1;1855
;(14, 7);;(2, 7);Pick_up_large_rock_top_of_rock_pile;1;1856
;(14, 7);;(2, 7);Pick_up_large_rock_top_of_rock_pile;1;1857
;(14, 7);;(2, 7);Pick_up_large_rock_top_of_rock_pile;1;1858
;(14, 7);;(2, 7);Pick_up_large_rock_top_of_rock_pile;1;1859
;(14, 7);;(2, 7);Pick_up_large_rock_top_of_rock_pile;1;1860
;(14, 7);;(2, 7);Pick_up_large_rock_top_of_rock_pile;1;1861
;(14, 7);;(2, 7);Pick_up_large_rock_top_of_rock_pile;1;1862
;(14, 7);;(2, 7);Pick_up_large_rock_top_of_rock_pile;1;1863
;(14, 7);;(2, 7);Pick_up_large_rock_top_of_rock_pile;1;1864
;(14, 7);;(2, 7);Pick_up_large_rock_top_of_rock_pile;1;1865
;(14, 7);;(2, 7);Pick_up_large_rock_top_of_rock_pile;1;1866
;(14, 7);;(2, 7);Pick_up_large_rock_top_of_rock_pile;1;1867
;(14, 7);;(2, 7);Pick_up_large_rock_top_of_rock_pile;1;1868
;(14, 7);;(2, 7);Pick_up_large_rock_top_of_rock_pile;1;1869
;(14, 7);;(2, 7);Pick_up_large_rock_top_of_rock_pile;1;1870
;(14, 7);;(2, 7);Pick_up_large_rock_top_of_rock_pile;1;1871
;(14, 7);;(2, 7);Pick_up_large_rock_top_of_rock_pile;1;1872
;(14, 7);;(2, 7);Pick_up_large_rock_top_of_rock_pile;1;1873
;(14, 7);;(2, 7);Pick_up_large_rock_top_of_rock_pile;1;1874
;(14, 7);;(2, 7);Pick_up_large_rock_top_of_rock_pile;1;1875
;(14, 7);;(2, 7);Pick_up_large_rock_top_of_rock_pile;1;1876
;(14, 7);;(2, 7);Pick_up_large_rock_top_of_rock_pile;1;1877
;(14, 7);;(2, 7);Pick_up_large_rock_top_of_rock_pile;1;1878
;(14, 7);;(2, 7);Pick_up_large_rock_top_of_rock_pile;1;1879
;(14, 7);;(2, 7);Pick_up_large_rock_top_of_rock_pile;1;1880
;(14, 7);;(2, 7);Pick_up_large_rock_top_of_rock_pile;1;1881
;(14, 7);;(2, 7);Pick_up_large_rock_top_of_rock_pile;1;1882
;(14, 7);;(2, 7);Pick_up_large_rock_top_of_rock_pile;1;1883
;(14, 7);;(2, 7);Pick_up_large_rock_top_of_rock_pile;1;1884
;(14, 7);;(2, 7);Pick_up_large_rock_top_of_rock_pile;1;1885
;(14, 7);;(2, 7);Pick_up_large_rock_top_of_rock_pile;1;1886
;(14, 7);;(2, 7);Pick_up_large_rock_top_of_rock_pile;1;1887
;(14, 7);;(2, 7);Pick_up_large_rock_top_of_rock_pile;1;1888
;(14, 7);;(2, 7);Pick_up_large_rock_top_of_rock_pile;1;1889
;(14, 7);;(2, 7);Pick_up_large_rock_top_of_rock_pile;1;1890
;(14, 7);;(2, 7);Pick_up_large_rock_top_of_rock_pile;1;1891
;(14, 7);;(2, 7);Pick_up_large_rock_top_of_rock_pile;1;1892
;(14, 7);;(2, 7);Pick_up_large_rock_top_of_rock_pile;1;1893
;(14, 7);;(2, 7);Pick_up_large_rock_top_of_rock_pile;1;1894
;(14, 7);;(2, 7);Pick_up_large_rock_top_of_rock_pile;1;1895
;(14, 7);;(2, 7);Pick_up_large_rock_top_of_rock_pile;1;1896
;(14, 7);;(2, 7);Pick_up_large_rock_top_of_rock_pile;1;1897
;(14, 7);;(2, 7);Pick_up_large_rock_top_of_rock_pile;1;1898
;(14, 7);;(2, 7);Pick_up_large_rock_top_of_rock_pile;1;1899
;(14, 7);;(2, 7);Pick_up_large_rock_top_of_rock_pile;1;1900
;(14, 7);;(2, 7);Pick_up_large_rock_top_of_rock_pile;1;1901
;(14, 7);;(2, 7);Pick_up_large_rock_top_of_rock_pile;1;1902
;(14, 7);;(2, 7);Pick_up_large_rock_top_of_rock_pile;1;1903
;(14, 7);;(2, 7);Pick_up_large_rock_top_of_rock_pile;1;1904
;(14, 7);;(2, 7);Pick_up_large_rock_top_of_rock_pile;1;1905
;(14, 7);;(2, 7);Pick_up_large_rock_top_of_rock_pile;1;1906
;(14, 7);;(2, 7);Pick_up_large_rock_top_of_rock_pile;1;1907
;(14, 7);;(2, 7);Pick_up_large_rock_top_of_rock_pile;1;1908
;(14, 7);;(2, 7);Pick_up_large_rock_top_of_rock_pile;1;1909
;(14, 7);;(2, 7);Pick_up_large_rock_top_of_rock_pile;1;1910
;(14, 7);;(2, 7);Pick_up_large_rock_top_of_rock_pile;1;1911
;(14, 7);;(2, 7);Pick_up_large_rock_top_of_rock_pile;1;1912
;(14, 7);;(2, 7);Pick_up_large_rock_top_of_rock_pile;1;1913
;(14, 7);;(2, 7);Pick_up_large_rock_top_of_rock_pile;1;1914
;(14, 7);;(2, 7);Pick_up_large_rock_top_of_rock_pile;1;1915
;(14, 7);;(2, 7);Pick_up_large_rock_top_of_rock_pile;1;1916
;(14, 7);;(2, 7);Pick_up_large_rock_top_of_rock_pile;1;1917
;(14, 7);;(2, 7);Pick_up_large_rock_top_of_rock_pile;1;1918
;(14, 7);;(2, 7);Pick_up_large_rock_top_of_rock_pile;1;1919
;(14, 7);;(2, 7);Pick_up_large_rock_top_of_rock_pile;1;1920
;(14, 7);;(2, 7);Pick_up_large_rock_top_of_rock_pile;1;1921
;(14, 7);;(2, 7);Pick_up_large_rock_top_of_rock_pile;1;1922
;(14, 7);;(2, 7);Pick_up_large_rock_top_of_rock_pile;1;1923
;(14, 7);;(2, 7);Pick_up_large_rock_top_of_rock_pile;1;1924
;(14, 7);;(2, 7);Pick_up_large_rock_top_of_rock_pile;1;1925
;(14, 7);;(2, 7);Pick_up_large_rock_top_of_rock_pile;1;1926
;(14, 7);;(2, 7);Pick_up_large_rock_top_of_rock_pile;1;1927
;(14, 7);;(2, 7);Pick_up_large_rock_top_of_rock_pile;1;1928
;(14, 7);;(2, 7);Pick_up_large_rock_top_of_rock_pile;1;1929
;(14, 7);;(2, 7);Pick_up_large_rock_top_of_rock_pile;1;1930
;(14, 7);;(2, 7);Pick_up_large_rock_top_of_rock_pile;1;1931
;(14, 7);;(2, 7);Pick_up_large_rock_top_of_rock_pile;1;1932
;(14, 7);;(2, 7);Pick_up_large_rock_top_of_rock_pile;1;1933
;(14, 7);;(2, 7);Pick_up_large_rock_top_of_rock_pile;1;1934
;(14, 7);;(2, 7);Pick_up_large_rock_top_of_rock_pile;1;1935
;(14, 7);;(2, 7);Pick_up_large_rock_top_of_rock_pile;1;1936
;(14, 7);;(2, 7);Pick_up_large_rock_top_of_rock_pile;1;1937
;(14, 7);;(2, 7);Pick_up_large_rock_top_of_rock_pile;1;1938
;(14, 7);;(2, 7);Pick_up_large_rock_top_of_rock_pile;1;1939
;(14, 7);;(2, 7);Pick_up_large_rock_top_of_rock_pile;1;1940
;(14, 7);;(2, 7);Pick_up_large_rock_top_of_rock_pile;1;1941
;(14, 7);;(2, 7);Pick_up_large_rock_top_of_rock_pile;1;1942
;(14, 7);;(2, 7);Pick_up_large_rock_top_of_rock_pile;1;1943
;(14, 7);;(2, 7);Pick_up_large_rock_top_of_rock_pile;1;1944
;(14, 7);;(2, 7);Pick_up_large_rock_top_of_rock_pile;1;1945
;(14, 7);;(2, 7);Pick_up_large_rock_top_of_rock_pile;1;1946
;(14, 7);;(2, 7);Pick_up_large_rock_top_of_rock_pile;1;1947
;(14, 7);;(2, 7);Pick_up_large_rock_top_of_rock_pile;1;1948
;(14, 7);;(2, 7);Pick_up_large_rock_top_of_rock_pile;1;1949
;(14, 7);;(2, 7);Pick_up_large_rock_top_of_rock_pile;1;1950
;(14, 7);;(2, 7);Pick_up_large_rock_top_of_rock_pile;1;1951
;(14, 7);;(2, 7);Pick_up_large_rock_top_of_rock_pile;1;1952
;(14, 7);;(2, 7);Pick_up_large_rock_top_of_rock_pile;1;1953
;(14, 7);;(2, 7);Pick_up_large_rock_top_of_rock_pile;1;1954
;(14, 7);;(2, 7);Pick_up_large_rock_top_of_rock_pile;1;1955
;(14, 7);;(2, 7);Pick_up_large_rock_top_of_rock_pile;1;1956
;(14, 7);;(2, 7);Pick_up_large_rock_top_of_rock_pile;1;1957
;(14, 7);;(2, 7);Pick_up_large_rock_top_of_rock_pile;1;1958
;(14, 7);;(2, 7);Pick_up_large_rock_top_of_rock_pile;1;1959
;(14, 7);;(2, 7);Pick_up_large_rock_top_of_rock_pile;1;1960
;(14, 7);;(2, 7);Pick_up_large_rock_top_of_rock_pile;1;1961
;(14, 7);;(2, 7);Pick_up_large_rock_top_of_rock_pile;1;1962
;(14, 7);;(2, 7);Pick_up_large_rock_top_of_rock_pile;1;1963
;(14, 7);;(2, 7);Pick_up_large_rock_top_of_rock_pile;1;1964
;(14, 7);;(2, 7);Pick_up_large_rock_top_of_rock_pile;1;1965
;(14, 7);;(2, 7);Pick_up_large_rock_top_of_rock_pile;1;1966
;(14, 7);;(2, 7);Pick_up_large_rock_top_of_rock_pile;1;1967
;(14, 7);;(2, 7);Pick_up_large_rock_top_of_rock_pile;1;1968
;(14, 7);;(2, 7);Pick_up_large_rock_top_of_rock_pile;1;1969
;(14, 7);;(2, 7);Pick_up_large_rock_top_of_rock_pile;1;1970
;(14, 7);;(2, 7);Pick_up_large_rock_top_of_rock_pile;1;1971
;(14, 7);;(2, 7);Pick_up_large_rock_top_of_rock_pile;1;1972
;(14, 7);;(2, 7);Pick_up_large_rock_top_of_rock_pile;1;1973
;(14, 7);;(2, 7);Pick_up_large_rock_top_of_rock_pile;1;1974
;(14, 7);;(2, 7);Pick_up_large_rock_top_of_rock_pile;1;1975
;(14, 7);;(2, 7);Pick_up_large_rock_top_of_rock_pile;1;1976
;(14, 7);;(2, 7);Pick_up_large_rock_top_of_rock_pile;1;1977
;(14, 7);;(2, 7);Pick_up_large_rock_top_of_rock_pile;1;1978
;(14, 7);;(2, 7);Pick_up_large_rock_top_of_rock_pile;1;1979
;(14, 7);;(2, 7);Pick_up_large_rock_top_of_rock_pile;1;1980
;(14, 7);;(2, 7);Pick_up_large_rock_top_of_rock_pile;1;1981
;(14, 7);;(2, 7);Pick_up_large_rock_top_of_rock_pile;1;1982
;(14, 7);;(2, 7);Pick_up_large_rock_top_of_rock_pile;1;1983
;(14, 7);;(2, 7);Pick_up_large_rock_top_of_rock_pile;1;1984
;(14, 7);;(2, 7);Pick_up_large_rock_top_of_rock_pile;1;1985
;(14, 7);;(2, 7);Pick_up_large_rock_top_of_rock_pile;1;1986
;(14, 7);;(2, 7);Pick_up_large_rock_top_of_rock_pile;1;1987
;(14, 7);;(2, 7);Pick_up_large_rock_top_of_rock_pile;1;1988
;(14, 7);;(2, 7);Pick_up_large_rock_top_of_rock_pile;1;1989
;(14, 7);;(2, 7);Pick_up_large_rock_top_of_rock_pile;1;1990
;(14, 7);;(2, 7);Pick_up_large_rock_top_of_rock_pile;1;1991
;(14, 7);;(2, 7);Pick_up_large_rock_top_of_rock_pile;1;1992
;(14, 7);;(2, 7);Pick_up_large_rock_top_of_rock_pile;1;1993
;(14, 7);;(2, 7);Pick_up_large_rock_top_of_rock_pile;1;1994
;(14, 7);;(2, 7);Pick_up_large_rock_top_of_rock_pile;1;1995
;(14, 7);;(2, 7);Pick_up_large_rock_top_of_rock_pile;1;1996
;(14, 7);;(2, 7);Pick_up_large_rock_top_of_rock_pile;1;1997
;(14, 7);;(2, 7);Pick_up_large_rock_top_of_rock_pile;1;1998
;(14, 7);;(2, 7);Pick_up_large_rock_top_of_rock_pile;1;1999
;(14, 7);;(2, 7);Pick_up_large_rock_top_of_rock_pile;1;2000
;(14, 7);;(2, 7);Pick_up_large_rock_top_of_rock_pile;1;2001
;(14, 7);;(2, 7);Pick_up_large_rock_top_of_rock_pile;1;2002
;(14, 7);;(2, 7);Pick_up_large_rock_top_of_rock_pile;1;2003
;(14, 7);;(2, 7);Pick_up_large_rock_top_of_rock_pile;1;2004
;(14, 7);;(2, 7);Pick_up_large_rock_top_of_rock_pile;1;2005
;(14, 7);;(2, 7);Pick_up_large_rock_top_of_rock_pile;1;2006
;(14, 7);;(2, 7);Pick_up_large_rock_top_of_rock_pile;1;2007
;(14, 7);;(2, 7);Pick_up_large_rock_top_of_rock_pile;1;2008
;(14, 7);;(2, 7);Pick_up_large_rock_top_of_rock_pile;1;2009
;(14, 7);;(2, 7);Pick_up_large_rock_top_of_rock_pile;1;2010
;(14, 7);;(2, 7);Pick_up_large_rock_top_of_rock_pile;1;2011
;(14, 7);;(2, 7);Pick_up_large_rock_top_of_rock_pile;1;2012
;(14, 7);;(2, 7);Pick_up_large_rock_top_of_rock_pile;1;2013
;(14, 7);;(2, 7);Pick_up_large_rock_top_of_rock_pile;1;2014
;(14, 7);;(2, 7);Pick_up_large_rock_top_of_rock_pile;1;2015
;(14, 7);;(2, 7);Pick_up_large_rock_top_of_rock_pile;1;2016
;(14, 7);;(2, 7);Pick_up_large_rock_top_of_rock_pile;1;2017
;(14, 7);;(2, 7);Pick_up_large_rock_top_of_rock_pile;1;2018
;(14, 7);;(2, 7);Pick_up_large_rock_top_of_rock_pile;1;2019
;(14, 7);;(2, 7);Pick_up_large_rock_top_of_rock_pile;1;2020
;(14, 7);;(2, 7);Pick_up_large_rock_top_of_rock_pile;1;2021
;(14, 7);;(2, 7);Pick_up_large_rock_top_of_rock_pile;1;2022
;(14, 7);;(2, 7);Pick_up_large_rock_top_of_rock_pile;1;2023
;(14, 7);;(2, 7);Pick_up_large_rock_top_of_rock_pile;1;2024
;(14, 7);;(2, 7);Pick_up_large_rock_top_of_rock_pile;1;2025
;(14, 7);;(2, 7);Pick_up_large_rock_top_of_rock_pile;1;2026
;(14, 7);;(2, 7);Pick_up_large_rock_top_of_rock_pile;1;2027
;(14, 7);;(2, 7);Pick_up_large_rock_top_of_rock_pile;1;2028
;(14, 7);;(2, 7);Pick_up_large_rock_top_of_rock_pile;1;2029
;(14, 7);;(2, 7);Pick_up_large_rock_top_of_rock_pile;1;2030
;(14, 7);;(2, 7);Pick_up_large_rock_top_of_rock_pile;1;2031
;(14, 7);;(2, 7);Pick_up_large_rock_top_of_rock_pile;1;2032
;(14, 7);;(2, 7);Pick_up_large_rock_top_of_rock_pile;1;2033
;(14, 7);;(2, 7);Pick_up_large_rock_top_of_rock_pile;1;2034
;(14, 7);;(2, 7);Pick_up_large_rock_top_of_rock_pile;1;2035
;(14, 7);;(2, 7);Pick_up_large_rock_top_of_rock_pile;1;2036
;(14, 7);;(2, 7);Pick_up_large_rock_top_of_rock_pile;1;2037
;(14, 7);;(2, 7);Pick_up_large_rock_top_of_rock_pile;1;2038
;(14, 7);;(2, 7);Pick_up_large_rock_top_of_rock_pile;1;2039
;(14, 7);;(2, 7);Pick_up_large_rock_top_of_rock_pile;1;2040
;(14, 7);;(2, 7);Pick_up_large_rock_top_of_rock_pile;1;2041
;(14, 7);;(2, 7);Pick_up_large_rock_top_of_rock_pile;1;2042
;(14, 7);;(2, 7);Pick_up_large_rock_top_of_rock_pile;1;2043
;(14, 7);;(2, 7);Pick_up_large_rock_top_of_rock_pile;1;2044
;(14, 7);;(2, 7);Pick_up_large_rock_top_of_rock_pile;1;2045
;(14, 7);;(2, 7);Pick_up_large_rock_top_of_rock_pile;1;2046
;(14, 7);;(2, 7);Pick_up_large_rock_top_of_rock_pile;1;2047
;(14, 7);;(2, 7);Pick_up_large_rock_top_of_rock_pile;1;2048
;(14, 7);;(2, 7);Pick_up_large_rock_top_of_rock_pile;1;2049
;(14, 7);;(2, 7);Pick_up_large_rock_top_of_rock_pile;1;2050
;(14, 7);;(2, 7);Pick_up_large_rock_top_of_rock_pile;1;2051
;(14, 7);;(2, 7);Pick_up_large_rock_top_of_rock_pile;1;2052
;(14, 7);;(2, 7);Pick_up_large_rock_top_of_rock_pile;1;2053
;(14, 7);;(2, 7);Pick_up_large_rock_top_of_rock_pile;1;2054
;(14, 7);;(2, 7);Pick_up_large_rock_top_of_rock_pile;1;2055
;(14, 7);;(2, 7);Pick_up_large_rock_top_of_rock_pile;1;2056
;(14, 7);;(2, 7);Pick_up_large_rock_top_of_rock_pile;1;2057
;(14, 7);;(2, 7);Pick_up_large_rock_top_of_rock_pile;1;2058
;(14, 7);;(2, 7);Pick_up_large_rock_top_of_rock_pile;1;2059
;(14, 7);;(2, 7);Pick_up_large_rock_top_of_rock_pile;1;2060
;(14, 7);;(2, 7);Pick_up_large_rock_top_of_rock_pile;1;2061
;(14, 7);;(2, 7);Pick_up_large_rock_top_of_rock_pile;1;2062
;(14, 7);;(2, 7);Pick_up_large_rock_top_of_rock_pile;1;2063
;(14, 7);;(2, 7);Pick_up_large_rock_top_of_rock_pile;1;2064
;(14, 7);;(2, 7);Pick_up_large_rock_top_of_rock_pile;1;2065
;(14, 7);;(2, 7);Pick_up_large_rock_top_of_rock_pile;1;2066
;(14, 7);;(2, 7);Pick_up_large_rock_top_of_rock_pile;1;2067
;(14, 7);;(2, 7);Pick_up_large_rock_top_of_rock_pile;1;2068
;(14, 7);;(2, 7);Pick_up_large_rock_top_of_rock_pile;1;2069
;(14, 7);;(2, 7);Pick_up_large_rock_top_of_rock_pile;1;2070
;(14, 7);;(2, 7);Pick_up_large_rock_top_of_rock_pile;1;2071
;(14, 7);;(2, 7);Pick_up_large_rock_top_of_rock_pile;1;2072
;(14, 7);;(2, 7);Pick_up_large_rock_top_of_rock_pile;1;2073
;(14, 7);;(2, 7);Pick_up_large_rock_top_of_rock_pile;1;2074
;(14, 7);;(2, 7);Pick_up_large_rock_top_of_rock_pile;1;2075
;(14, 7);;(2, 7);Pick_up_large_rock_top_of_rock_pile;1;2076
;(14, 7);;(2, 7);Pick_up_large_rock_top_of_rock_pile;1;2077
;(14, 7);;(2, 7);Pick_up_large_rock_top_of_rock_pile;1;2078
;(14, 7);;(2, 7);Pick_up_large_rock_top_of_rock_pile;1;2079
;(14, 7);;(2, 7);Pick_up_large_rock_top_of_rock_pile;1;2080
;(14, 7);;(2, 7);Pick_up_large_rock_top_of_rock_pile;1;2081
;(14, 7);;(2, 7);Pick_up_large_rock_top_of_rock_pile;1;2082
;(14, 7);;(2, 7);Pick_up_large_rock_top_of_rock_pile;1;2083
;(14, 7);;(2, 7);Pick_up_large_rock_top_of_rock_pile;1;2084
;(14, 7);;(2, 7);Pick_up_large_rock_top_of_rock_pile;1;2085
;(14, 7);;(2, 7);Pick_up_large_rock_top_of_rock_pile;1;2086
;(14, 7);;(2, 7);Pick_up_large_rock_top_of_rock_pile;1;2087
;(14, 7);;(2, 7);Pick_up_large_rock_top_of_rock_pile;1;2088
;(14, 7);;(2, 7);Pick_up_large_rock_top_of_rock_pile;1;2089
;(14, 7);;(2, 7);Pick_up_large_rock_top_of_rock_pile;1;2090
;(14, 7);;(2, 7);Pick_up_large_rock_top_of_rock_pile;1;2091
;(14, 7);;(2, 7);Pick_up_large_rock_top_of_rock_pile;1;2092
;(14, 7);;(2, 7);Pick_up_large_rock_top_of_rock_pile;1;2093
;(14, 7);;(2, 7);Pick_up_large_rock_top_of_rock_pile;1;2094
;(14, 7);;(2, 7);Pick_up_large_rock_top_of_rock_pile;1;2095
;(14, 7);;(2, 7);Pick_up_large_rock_top_of_rock_pile;1;2096
;(14, 7);;(2, 7);Pick_up_large_rock_top_of_rock_pile;1;2097
;(14, 7);;(2, 7);Pick_up_large_rock_top_of_rock_pile;1;2098
;(14, 7);;(2, 7);Pick_up_large_rock_top_of_rock_pile;1;2099
;(14, 7);;(2, 7);Pick_up_large_rock_top_of_rock_pile;1;2100
;(14, 7);;(2, 7);Pick_up_large_rock_top_of_rock_pile;1;2101
;(14, 7);;(2, 7);Pick_up_large_rock_top_of_rock_pile;1;2102
;(14, 7);;(2, 7);Pick_up_large_rock_top_of_rock_pile;1;2103
;(14, 7);;(2, 7);Pick_up_large_rock_top_of_rock_pile;1;2104
;(14, 7);;(2, 7);Pick_up_large_rock_top_of_rock_pile;1;2105
;(14, 7);;(2, 7);Pick_up_large_rock_top_of_rock_pile;1;2106
;(14, 7);;(2, 7);Pick_up_large_rock_top_of_rock_pile;1;2107
;(14, 7);;(2, 7);Pick_up_large_rock_top_of_rock_pile;1;2108
;(14, 7);;(2, 7);Pick_up_large_rock_top_of_rock_pile;1;2109
;(14, 7);;(2, 7);Pick_up_large_rock_top_of_rock_pile;1;2110
;(14, 7);;(2, 7);Pick_up_large_rock_top_of_rock_pile;1;2111
;(14, 7);;(2, 7);Pick_up_large_rock_top_of_rock_pile;1;2112
;(14, 7);;(2, 7);Pick_up_large_rock_top_of_rock_pile;1;2113
;(14, 7);;(2, 7);Pick_up_large_rock_top_of_rock_pile;1;2114
;(14, 7);;(2, 7);Pick_up_large_rock_top_of_rock_pile;1;2115
;(14, 7);;(2, 7);Pick_up_large_rock_top_of_rock_pile;1;2116
;(14, 7);;(2, 7);Pick_up_large_rock_top_of_rock_pile;1;2117
;(14, 7);;(2, 7);Pick_up_large_rock_top_of_rock_pile;1;2118
;(14, 7);;(2, 7);Pick_up_large_rock_top_of_rock_pile;1;2119
;(14, 7);;(2, 7);Pick_up_large_rock_top_of_rock_pile;1;2120
;(14, 7);;(2, 7);Pick_up_large_rock_top_of_rock_pile;1;2121
;(14, 7);;(2, 7);Pick_up_large_rock_top_of_rock_pile;1;2122
;(14, 7);;(2, 7);Pick_up_large_rock_top_of_rock_pile;1;2123
;(14, 7);;(2, 7);Pick_up_large_rock_top_of_rock_pile;1;2124
;(14, 7);;(2, 7);Pick_up_large_rock_top_of_rock_pile;1;2125
;(14, 7);;(2, 7);Pick_up_large_rock_top_of_rock_pile;1;2126
;(14, 7);;(2, 7);Pick_up_large_rock_top_of_rock_pile;1;2127
;(14, 7);;(2, 7);Pick_up_large_rock_top_of_rock_pile;1;2128
;(14, 7);;(2, 7);Pick_up_large_rock_top_of_rock_pile;1;2129
;(14, 7);;(2, 7);Pick_up_large_rock_top_of_rock_pile;1;2130
;(14, 7);;(2, 7);Pick_up_large_rock_top_of_rock_pile;1;2131
;(14, 7);;(2, 7);Pick_up_large_rock_top_of_rock_pile;1;2132
;(14, 7);;(2, 7);Pick_up_large_rock_top_of_rock_pile;1;2133
;(14, 7);;(2, 7);Pick_up_large_rock_top_of_rock_pile;1;2134
;(14, 7);;(2, 7);Pick_up_large_rock_top_of_rock_pile;1;2135
;(14, 7);;(2, 7);Pick_up_large_rock_top_of_rock_pile;1;2136
;(14, 7);;(2, 7);Pick_up_large_rock_top_of_rock_pile;1;2137
;(14, 7);;(2, 7);Pick_up_large_rock_top_of_rock_pile;1;2138
;(14, 7);;(2, 7);Pick_up_large_rock_top_of_rock_pile;1;2139
;(14, 7);;(2, 7);Pick_up_large_rock_top_of_rock_pile;1;2140
;(14, 7);;(2, 7);Pick_up_large_rock_top_of_rock_pile;1;2141
;(14, 7);;(2, 7);Pick_up_large_rock_top_of_rock_pile;1;2142
;(14, 7);;(2, 7);Pick_up_large_rock_top_of_rock_pile;1;2143
;(14, 7);;(2, 7);Pick_up_large_rock_top_of_rock_pile;1;2144
;(14, 7);;(2, 7);Pick_up_large_rock_top_of_rock_pile;1;2145
;(14, 7);;(2, 7);Pick_up_large_rock_top_of_rock_pile;1;2146
;(14, 7);;(2, 7);Pick_up_large_rock_top_of_rock_pile;1;2147
;(14, 7);;(2, 7);Pick_up_large_rock_top_of_rock_pile;1;2148
;(14, 7);;(2, 7);Pick_up_large_rock_top_of_rock_pile;1;2149
;(14, 7);;(2, 7);Pick_up_large_rock_top_of_rock_pile;1;2150
;(14, 7);;(2, 7);Pick_up_large_rock_top_of_rock_pile;1;2151
;(14, 7);;(2, 7);Pick_up_large_rock_top_of_rock_pile;1;2152
;(14, 7);;(2, 7);Pick_up_large_rock_top_of_rock_pile;1;2153
;(14, 7);;(2, 7);Pick_up_large_rock_top_of_rock_pile;1;2154
;(14, 7);;(2, 7);Pick_up_large_rock_top_of_rock_pile;1;2155
;(14, 7);;(2, 7);Pick_up_large_rock_top_of_rock_pile;1;2156
;(14, 7);;(2, 7);Pick_up_large_rock_top_of_rock_pile;1;2157
;(14, 7);;(2, 7);Pick_up_large_rock_top_of_rock_pile;1;2158
;(14, 7);;(2, 7);Pick_up_large_rock_top_of_rock_pile;1;2159
;(14, 7);;(2, 7);Pick_up_large_rock_top_of_rock_pile;1;2160
;(14, 7);;(2, 7);Pick_up_large_rock_top_of_rock_pile;1;2161
;(14, 7);;(2, 7);Pick_up_large_rock_top_of_rock_pile;1;2162
;(14, 7);;(2, 7);Pick_up_large_rock_top_of_rock_pile;1;2163
;(14, 7);;(2, 7);Pick_up_large_rock_top_of_rock_pile;1;2164
;(14, 7);;(2, 7);Pick_up_large_rock_top_of_rock_pile;1;2165
;(14, 7);;(2, 7);Pick_up_large_rock_top_of_rock_pile;1;2166
;(14, 7);;(2, 7);Pick_up_large_rock_top_of_rock_pile;1;2167
;(14, 7);;(2, 7);Pick_up_large_rock_top_of_rock_pile;1;2168
;(14, 7);;(2, 7);Pick_up_large_rock_top_of_rock_pile;1;2169
;(14, 7);;(2, 7);Pick_up_large_rock_top_of_rock_pile;1;2170
;(14, 7);;(2, 7);Pick_up_large_rock_top_of_rock_pile;1;2171
;(14, 7);;(2, 7);Pick_up_large_rock_top_of_rock_pile;1;2172
;(14, 7);;(2, 7);Pick_up_large_rock_top_of_rock_pile;1;2173
;(14, 7);;(2, 7);Pick_up_large_rock_top_of_rock_pile;1;2174
;(14, 7);;(2, 7);Pick_up_large_rock_top_of_rock_pile;1;2175
;(14, 7);;(2, 7);Pick_up_large_rock_top_of_rock_pile;1;2176
;(14, 7);;(2, 7);Pick_up_large_rock_top_of_rock_pile;1;2177
;(14, 7);;(2, 7);Pick_up_large_rock_top_of_rock_pile;1;2178
;(14, 7);;(2, 7);Pick_up_large_rock_top_of_rock_pile;1;2179
;(14, 7);;(2, 7);Pick_up_large_rock_top_of_rock_pile;1;2180
;(14, 7);;(2, 7);Pick_up_large_rock_top_of_rock_pile;1;2181
;(14, 7);;(2, 7);Pick_up_large_rock_top_of_rock_pile;1;2182
;(14, 7);;(2, 7);Pick_up_large_rock_top_of_rock_pile;1;2183
;(14, 7);;(2, 7);Pick_up_large_rock_top_of_rock_pile;1;2184
;(14, 7);;(2, 7);Pick_up_large_rock_top_of_rock_pile;1;2185
;(14, 7);;(2, 7);Pick_up_large_rock_top_of_rock_pile;1;2186
;(14, 7);;(2, 7);Pick_up_large_rock_top_of_rock_pile;1;2187
;(14, 7);;(2, 7);Pick_up_large_rock_top_of_rock_pile;1;2188
;(14, 7);;(2, 7);Pick_up_large_rock_top_of_rock_pile;1;2189
;(14, 7);;(2, 7);Pick_up_large_rock_top_of_rock_pile;1;2190
;(14, 7);;(2, 7);Pick_up_large_rock_top_of_rock_pile;1;2191
;(14, 7);;(2, 7);Pick_up_large_rock_top_of_rock_pile;1;2192
;(14, 7);;(2, 7);Pick_up_large_rock_top_of_rock_pile;1;2193
;(14, 7);;(2, 7);Pick_up_large_rock_top_of_rock_pile;1;2194
;(14, 7);;(2, 7);Pick_up_large_rock_top_of_rock_pile;1;2195
;(14, 7);;(2, 7);Pick_up_large_rock_top_of_rock_pile;1;2196
;(14, 7);;(2, 7);Pick_up_large_rock_top_of_rock_pile;1;2197
;(14, 7);;(2, 7);Pick_up_large_rock_top_of_rock_pile;1;2198
;(14, 7);;(2, 7);Pick_up_large_rock_top_of_rock_pile;1;2199
;(14, 7);;(2, 7);Pick_up_large_rock_top_of_rock_pile;1;2200
;(14, 7);;(2, 7);Pick_up_large_rock_top_of_rock_pile;1;2201
;(14, 7);;(2, 7);Pick_up_large_rock_top_of_rock_pile;1;2202
;(14, 7);;(2, 7);Pick_up_large_rock_top_of_rock_pile;1;2203
;(14, 7);;(2, 7);Pick_up_large_rock_top_of_rock_pile;1;2204
;(14, 7);;(2, 7);Pick_up_large_rock_top_of_rock_pile;1;2205
;(14, 7);;(2, 7);Pick_up_large_rock_top_of_rock_pile;1;2206
;(14, 7);;(2, 7);Pick_up_large_rock_top_of_rock_pile;1;2207
;(14, 7);;(2, 7);Pick_up_large_rock_top_of_rock_pile;1;2208
;(14, 7);;(2, 7);Pick_up_large_rock_top_of_rock_pile;1;2209
;(14, 7);;(2, 7);Pick_up_large_rock_top_of_rock_pile;1;2210
;(14, 7);;(2, 7);Pick_up_large_rock_top_of_rock_pile;1;2211
;(14, 7);;(2, 7);Pick_up_large_rock_top_of_rock_pile;1;2212
;(14, 7);;(2, 7);Pick_up_large_rock_top_of_rock_pile;1;2213
;(14, 7);;(2, 7);Pick_up_large_rock_top_of_rock_pile;1;2214
;(14, 7);;(2, 7);Pick_up_large_rock_top_of_rock_pile;1;2215
;(14, 7);;(2, 7);Pick_up_large_rock_top_of_rock_pile;1;2216
;(14, 7);;(2, 7);Pick_up_large_rock_top_of_rock_pile;1;2217
;(14, 7);;(2, 7);Pick_up_large_rock_top_of_rock_pile;1;2218
;(14, 7);;(2, 7);Pick_up_large_rock_top_of_rock_pile;1;2219
;(14, 7);;(2, 7);Pick_up_large_rock_top_of_rock_pile;1;2220
;(14, 7);;(2, 7);Pick_up_large_rock_top_of_rock_pile;1;2221
;(14, 7);;(2, 7);Pick_up_large_rock_top_of_rock_pile;1;2222
;(14, 7);;(2, 7);Pick_up_large_rock_top_of_rock_pile;1;2223
;(14, 7);;(2, 7);Pick_up_large_rock_top_of_rock_pile;1;2224
;(14, 7);;(2, 7);Pick_up_large_rock_top_of_rock_pile;1;2225
;(14, 7);;(2, 7);Pick_up_large_rock_top_of_rock_pile;1;2226
;(14, 7);;(2, 7);Pick_up_large_rock_top_of_rock_pile;1;2227
;(14, 7);;(2, 7);Pick_up_large_rock_top_of_rock_pile;1;2228
;(14, 7);;(2, 7);Pick_up_large_rock_top_of_rock_pile;1;2229
;(14, 7);;(2, 7);Pick_up_large_rock_top_of_rock_pile;1;2230
;(14, 7);;(2, 7);Pick_up_large_rock_top_of_rock_pile;1;2231
;(14, 7);;(2, 7);Pick_up_large_rock_top_of_rock_pile;1;2232
;(14, 7);;(2, 7);Pick_up_large_rock_top_of_rock_pile;1;2233
;(14, 7);;(2, 7);Pick_up_large_rock_top_of_rock_pile;1;2234
;(14, 7);;(2, 7);Pick_up_large_rock_top_of_rock_pile;1;2235
;(14, 7);;(2, 7);Pick_up_large_rock_top_of_rock_pile;1;2236
;(14, 7);;(2, 7);Pick_up_large_rock_top_of_rock_pile;1;2237
;(14, 7);;(2, 7);Pick_up_large_rock_top_of_rock_pile;1;2238
;(14, 7);;(2, 7);Pick_up_large_rock_top_of_rock_pile;1;2239
;(14, 7);;(2, 7);Pick_up_large_rock_top_of_rock_pile;1;2240
;(14, 7);;(2, 7);Pick_up_large_rock_top_of_rock_pile;1;2241
;(14, 7);;(2, 7);Pick_up_large_rock_top_of_rock_pile;1;2242
;(14, 7);;(2, 7);Pick_up_large_rock_top_of_rock_pile;1;2243
;(14, 7);;(2, 7);Pick_up_large_rock_top_of_rock_pile;1;2244
;(14, 7);;(2, 7);Pick_up_large_rock_top_of_rock_pile;1;2245
;(14, 7);;(2, 7);Pick_up_large_rock_top_of_rock_pile;1;2246
;(14, 7);;(2, 7);Pick_up_large_rock_top_of_rock_pile;1;2247
;(14, 7);;(2, 7);Pick_up_large_rock_top_of_rock_pile;1;2248
;(14, 7);;(2, 7);Pick_up_large_rock_top_of_rock_pile;1;2249
;(14, 7);;(2, 7);Pick_up_large_rock_top_of_rock_pile;1;2250
;(14, 7);;(2, 7);Pick_up_large_rock_top_of_rock_pile;1;2251
;(14, 7);;(2, 7);Pick_up_large_rock_top_of_rock_pile;1;2252
;(14, 7);;(2, 7);Pick_up_large_rock_top_of_rock_pile;1;2253
;(14, 7);;(2, 7);Pick_up_large_rock_top_of_rock_pile;1;2254
;(14, 7);;(2, 7);Pick_up_large_rock_top_of_rock_pile;1;2255
;(14, 7);;(2, 7);Pick_up_large_rock_top_of_rock_pile;1;2256
;(14, 7);;(2, 7);Pick_up_large_rock_top_of_rock_pile;1;2257
;(14, 7);;(2, 7);Pick_up_large_rock_top_of_rock_pile;1;2258
;(14, 7);;(2, 7);Pick_up_large_rock_top_of_rock_pile;1;2259
;(14, 7);;(2, 7);Pick_up_large_rock_top_of_rock_pile;1;2260
;(14, 7);;(2, 7);Pick_up_large_rock_top_of_rock_pile;1;2261
;(14, 7);;(2, 7);Pick_up_large_rock_top_of_rock_pile;1;2262
;(14, 7);;(2, 7);Pick_up_large_rock_top_of_rock_pile;1;2263
;(14, 7);;(2, 7);Pick_up_large_rock_top_of_rock_pile;1;2264
;(14, 7);;(2, 7);Pick_up_large_rock_top_of_rock_pile;1;2265
;(14, 7);;(2, 7);Pick_up_large_rock_top_of_rock_pile;1;2266
;(14, 7);;(2, 7);Pick_up_large_rock_top_of_rock_pile;1;2267
;(14, 7);;(2, 7);Pick_up_large_rock_top_of_rock_pile;1;2268
;(14, 7);;(2, 7);Pick_up_large_rock_top_of_rock_pile;1;2269
;(14, 7);;(2, 7);Pick_up_large_rock_top_of_rock_pile;1;2270
;(14, 7);;(2, 7);Pick_up_large_rock_top_of_rock_pile;1;2271
;(14, 7);;(2, 7);Pick_up_large_rock_top_of_rock_pile;1;2272
;(14, 7);;(2, 7);Pick_up_large_rock_top_of_rock_pile;1;2273
;(14, 7);;(2, 7);Pick_up_large_rock_top_of_rock_pile;1;2274
;(14, 7);;(2, 7);Pick_up_large_rock_top_of_rock_pile;1;2275
;(14, 7);;(2, 7);Pick_up_large_rock_top_of_rock_pile;1;2276
;(14, 7);;(2, 7);Pick_up_large_rock_top_of_rock_pile;1;2277
;(14, 7);;(2, 7);Pick_up_large_rock_top_of_rock_pile;1;2278
;(14, 7);;(2, 7);Pick_up_large_rock_top_of_rock_pile;1;2279
;(14, 7);;(2, 7);Pick_up_large_rock_top_of_rock_pile;1;2280
;(14, 7);;(2, 7);Pick_up_large_rock_top_of_rock_pile;1;2281
;(14, 7);;(2, 7);Pick_up_large_rock_top_of_rock_pile;1;2282
;(14, 7);;(2, 7);Pick_up_large_rock_top_of_rock_pile;1;2283
;(14, 7);;(2, 7);Pick_up_large_rock_top_of_rock_pile;1;2284
;(14, 7);;(2, 7);Pick_up_large_rock_top_of_rock_pile;1;2285
;(14, 7);;(2, 7);Pick_up_large_rock_top_of_rock_pile;1;2286
;(14, 7);;(2, 7);Pick_up_large_rock_top_of_rock_pile;1;2287
;(14, 7);;(2, 7);Pick_up_large_rock_top_of_rock_pile;1;2288
;(14, 7);;(2, 7);Pick_up_large_rock_top_of_rock_pile;1;2289
;(14, 7);;(2, 7);Pick_up_large_rock_top_of_rock_pile;1;2290
;(14, 7);;(2, 7);Pick_up_large_rock_top_of_rock_pile;1;2291
;(14, 7);;(2, 7);Pick_up_large_rock_top_of_rock_pile;1;2292
;(14, 7);;(2, 7);Pick_up_large_rock_top_of_rock_pile;1;2293
;(14, 7);;(2, 7);Pick_up_large_rock_top_of_rock_pile;1;2294
;(14, 7);;(2, 7);Pick_up_large_rock_top_of_rock_pile;1;2295
;(14, 7);;(2, 7);Pick_up_large_rock_top_of_rock_pile;1;2296
;(14, 7);;(2, 7);Pick_up_large_rock_top_of_rock_pile;1;2297
;(14, 7);;(2, 7);Pick_up_large_rock_top_of_rock_pile;1;2298
;(14, 7);;(2, 7);Pick_up_large_rock_top_of_rock_pile;1;2299
;(14, 7);;(2, 7);Pick_up_large_rock_top_of_rock_pile;1;2300
;(14, 7);;(2, 7);Pick_up_large_rock_top_of_rock_pile;1;2301
;(14, 7);;(2, 7);Pick_up_large_rock_top_of_rock_pile;1;2302
;(14, 7);;(2, 7);Pick_up_large_rock_top_of_rock_pile;1;2303
;(14, 7);;(2, 7);Pick_up_large_rock_top_of_rock_pile;1;2304
;(14, 7);;(2, 7);Pick_up_large_rock_top_of_rock_pile;1;2305
;(14, 7);;(2, 7);Pick_up_large_rock_top_of_rock_pile;1;2306
;(14, 7);;(2, 7);Pick_up_large_rock_top_of_rock_pile;1;2307
;(14, 7);;(2, 7);Pick_up_large_rock_top_of_rock_pile;1;2308
;(14, 7);;(2, 7);Pick_up_large_rock_top_of_rock_pile;1;2309
;(14, 7);;(2, 7);Pick_up_large_rock_top_of_rock_pile;1;2310
;(14, 7);;(2, 7);Pick_up_large_rock_top_of_rock_pile;1;2311
;(14, 7);;(2, 7);Pick_up_large_rock_top_of_rock_pile;1;2312
;(14, 7);;(2, 7);Pick_up_large_rock_top_of_rock_pile;1;2313
;(14, 7);;(2, 7);Pick_up_large_rock_top_of_rock_pile;1;2314
;(14, 7);;(2, 7);Pick_up_large_rock_top_of_rock_pile;1;2315
;(14, 7);;(2, 7);Pick_up_large_rock_top_of_rock_pile;1;2316
;(14, 7);;(2, 7);Pick_up_large_rock_top_of_rock_pile;1;2317
;(14, 7);;(2, 7);Pick_up_large_rock_top_of_rock_pile;1;2318
;(14, 7);;(2, 7);Pick_up_large_rock_top_of_rock_pile;1;2319
;(14, 7);;(2, 7);Pick_up_large_rock_top_of_rock_pile;1;2320
;(14, 7);;(2, 7);Pick_up_large_rock_top_of_rock_pile;1;2321
;(14, 7);;(2, 7);Pick_up_large_rock_top_of_rock_pile;1;2322
;(14, 7);;(2, 7);Pick_up_large_rock_top_of_rock_pile;1;2323
;(14, 7);;(2, 7);Pick_up_large_rock_top_of_rock_pile;1;2324
;(14, 7);;(2, 7);Pick_up_large_rock_top_of_rock_pile;1;2325
;(14, 7);;(2, 7);Pick_up_large_rock_top_of_rock_pile;1;2326
;(14, 7);;(2, 7);Pick_up_large_rock_top_of_rock_pile;1;2327
;(14, 7);;(2, 7);Pick_up_large_rock_top_of_rock_pile;1;2328
;(14, 7);;(2, 7);Pick_up_large_rock_top_of_rock_pile;1;2329
;(14, 7);;(2, 7);Pick_up_large_rock_top_of_rock_pile;1;2330
;(14, 7);;(2, 7);Pick_up_large_rock_top_of_rock_pile;1;2331
;(14, 7);;(2, 7);Pick_up_large_rock_top_of_rock_pile;1;2332
;(14, 7);;(2, 7);Pick_up_large_rock_top_of_rock_pile;1;2333
;(14, 7);;(2, 7);Pick_up_large_rock_top_of_rock_pile;1;2334
;(14, 7);;(2, 7);Pick_up_large_rock_top_of_rock_pile;1;2335
;(14, 7);;(2, 7);Pick_up_large_rock_top_of_rock_pile;1;2336
;(14, 7);;(2, 7);Pick_up_large_rock_top_of_rock_pile;1;2337
;(14, 7);;(2, 7);Pick_up_large_rock_top_of_rock_pile;1;2338
;(14, 7);;(2, 7);Pick_up_large_rock_top_of_rock_pile;1;2339
;(14, 7);;(2, 7);Pick_up_large_rock_top_of_rock_pile;1;2340
;(14, 7);;(2, 7);Pick_up_large_rock_top_of_rock_pile;1;2341
;(14, 7);;(2, 7);Pick_up_large_rock_top_of_rock_pile;1;2342
;(14, 7);;(2, 7);Pick_up_large_rock_top_of_rock_pile;1;2343
;(14, 7);;(2, 7);Pick_up_large_rock_top_of_rock_pile;1;2344
;(14, 7);;(2, 7);Pick_up_large_rock_top_of_rock_pile;1;2345
;(14, 7);;(2, 7);Pick_up_large_rock_top_of_rock_pile;1;2346
;(14, 7);;(2, 7);Pick_up_large_rock_top_of_rock_pile;1;2347
;(14, 7);;(2, 7);Pick_up_large_rock_top_of_rock_pile;1;2348
;(14, 7);;(2, 7);Pick_up_large_rock_top_of_rock_pile;1;2349
;(14, 7);;(2, 7);Pick_up_large_rock_top_of_rock_pile;1;2350
;(14, 7);;(2, 7);Pick_up_large_rock_top_of_rock_pile;1;2351
;(14, 7);;(2, 7);Pick_up_large_rock_top_of_rock_pile;1;2352
;(14, 7);;(2, 7);Pick_up_large_rock_top_of_rock_pile;1;2353
;(14, 7);;(2, 7);Pick_up_large_rock_top_of_rock_pile;1;2354
;(14, 7);;(2, 7);Pick_up_large_rock_top_of_rock_pile;1;2355
;(14, 7);;(2, 7);Pick_up_large_rock_top_of_rock_pile;1;2356
;(14, 7);;(2, 7);Pick_up_large_rock_top_of_rock_pile;1;2357
;(14, 7);;(2, 7);Pick_up_large_rock_top_of_rock_pile;1;2358
;(14, 7);;(2, 7);Pick_up_large_rock_top_of_rock_pile;1;2359
;(14, 7);;(2, 7);Pick_up_large_rock_top_of_rock_pile;1;2360
;(14, 7);;(2, 7);Pick_up_large_rock_top_of_rock_pile;1;2361
;(14, 7);;(2, 7);Pick_up_large_rock_top_of_rock_pile;1;2362
;(14, 7);;(2, 7);Pick_up_large_rock_top_of_rock_pile;1;2363
;(14, 7);;(2, 7);Pick_up_large_rock_top_of_rock_pile;1;2364
;(14, 7);;(2, 7);Pick_up_large_rock_top_of_rock_pile;1;2365
;(14, 7);;(2, 7);Pick_up_large_rock_top_of_rock_pile;1;2366
;(14, 7);;(2, 7);Pick_up_large_rock_top_of_rock_pile;1;2367
;(14, 7);;(2, 7);Pick_up_large_rock_top_of_rock_pile;1;2368
;(14, 7);;(2, 7);Pick_up_large_rock_top_of_rock_pile;1;2369
;(14, 7);;(2, 7);Pick_up_large_rock_top_of_rock_pile;1;2370
;(14, 7);;(2, 7);Pick_up_large_rock_top_of_rock_pile;1;2371
;(14, 7);;(2, 7);Pick_up_large_rock_top_of_rock_pile;1;2372
;(14, 7);;(2, 7);Pick_up_large_rock_top_of_rock_pile;1;2373
;(14, 7);;(2, 7);Pick_up_large_rock_top_of_rock_pile;1;2374
;(14, 7);;(2, 7);Pick_up_large_rock_top_of_rock_pile;1;2375
;(14, 7);;(2, 7);Pick_up_large_rock_top_of_rock_pile;1;2376
;(14, 7);;(2, 7);Pick_up_large_rock_top_of_rock_pile;1;2377
;(14, 7);;(2, 7);Pick_up_large_rock_top_of_rock_pile;1;2378
;(14, 7);;(2, 7);Pick_up_large_rock_top_of_rock_pile;1;2379
;(14, 7);;(2, 7);Pick_up_large_rock_top_of_rock_pile;1;2380
;(14, 7);;(2, 7);Pick_up_large_rock_top_of_rock_pile;1;2381
;(14, 7);;(2, 7);Pick_up_large_rock_top_of_rock_pile;1;2382
;(14, 7);;(2, 7);Pick_up_large_rock_top_of_rock_pile;1;2383
;(14, 7);;(2, 7);Pick_up_large_rock_top_of_rock_pile;1;2384
;(14, 7);;(2, 7);Pick_up_large_rock_top_of_rock_pile;1;2385
;(14, 7);;(2, 7);Pick_up_large_rock_top_of_rock_pile;1;2386
;(14, 7);;(2, 7);Pick_up_large_rock_top_of_rock_pile;1;2387
;(14, 7);;(2, 7);Pick_up_large_rock_top_of_rock_pile;1;2388
;(14, 7);;(2, 7);Pick_up_large_rock_top_of_rock_pile;1;2389
;(14, 7);;(2, 7);Pick_up_large_rock_top_of_rock_pile;1;2390
;(14, 7);;(2, 7);Pick_up_large_rock_top_of_rock_pile;1;2391
;(14, 7);;(2, 7);Pick_up_large_rock_top_of_rock_pile;1;2392
;(14, 7);;(2, 7);Pick_up_large_rock_top_of_rock_pile;1;2393
;(14, 7);;(2, 7);Pick_up_large_rock_top_of_rock_pile;1;2394
MoveEast;(15, 7);;(2, 7);Pick_up_large_rock_top_of_rock_pile;1;2395
;(15, 7);;(2, 7);Pick_up_large_rock_top_of_rock_pile;1;2396
MoveEast;(16, 7);;(2, 7);Pick_up_large_rock_top_of_rock_pile;1;2397
;(16, 7);;(2, 7);Pick_up_large_rock_top_of_rock_pile;1;2398
;(16, 7);;(2, 7);Pick_up_large_rock_top_of_rock_pile;1;2399
;(16, 7);;(2, 7);Pick_up_large_rock_top_of_rock_pile;1;2400
;(16, 7);;(2, 7);Pick_up_large_rock_top_of_rock_pile;1;2401
;(16, 7);;(2, 7);Pick_up_large_rock_top_of_rock_pile;1;2402
MoveWest;(15, 7);;(2, 7);Pick_up_large_rock_top_of_rock_pile;1;2403
;(15, 7);;(2, 7);Pick_up_large_rock_top_of_rock_pile;1;2404
;(15, 7);;(2, 7);Pick_up_large_rock_top_of_rock_pile;1;2405
;(15, 7);;(2, 7);Pick_up_large_rock_top_of_rock_pile;1;2406
;(15, 7);;(2, 7);Pick_up_large_rock_top_of_rock_pile;1;2407
;(15, 7);;(2, 7);Pick_up_large_rock_top_of_rock_pile;1;2408
;(15, 7);;(2, 7);Pick_up_large_rock_top_of_rock_pile;1;2409
MoveWest;(14, 7);;(2, 7);Pick_up_large_rock_top_of_rock_pile;1;2410
MoveWest;(13, 7);;(2, 7);Pick_up_large_rock_top_of_rock_pile;1;2411
MoveWest;(12, 7);;(2, 7);Pick_up_large_rock_top_of_rock_pile;1;2412
MoveWest;(11, 7);;(2, 7);Pick_up_large_rock_top_of_rock_pile;1;2413
MoveWest;(10, 7);;(2, 7);Pick_up_large_rock_top_of_rock_pile;1;2414
MoveWest;(9, 7);;(2, 7);Pick_up_large_rock_top_of_rock_pile;1;2415
MoveWest;(8, 7);;(2, 7);Pick_up_large_rock_top_of_rock_pile;1;2416
MoveWest;(7, 7);;(2, 7);Pick_up_large_rock_top_of_rock_pile;1;2417
MoveWest;(6, 7);;(2, 7);Pick_up_large_rock_top_of_rock_pile;1;2418
MoveWest;(5, 7);;(2, 7);Pick_up_large_rock_top_of_rock_pile;1;2419
MoveWest;(4, 7);;(2, 7);Pick_up_large_rock_top_of_rock_pile;1;2420
MoveWest;(3, 7);;(2, 7);Pick_up_large_rock_top_of_rock_pile;1;2421
;(3, 7);;(2, 7);Pick_up_large_rock_top_of_rock_pile;1;2422
;(3, 7);;(2, 7);Pick_up_large_rock_top_of_rock_pile;1;2423
;(3, 7);;(2, 7);Pick_up_large_rock_top_of_rock_pile;1;2424
MoveSouth;(3, 8);;(2, 7);Pick_up_large_rock_top_of_rock_pile;1;2425
;(3, 8);;(2, 7);Pick_up_large_rock_top_of_rock_pile;1;2426
;(3, 8);;(2, 7);Pick_up_large_rock_top_of_rock_pile;1;2427
;(3, 8);;(2, 7);Pick_up_large_rock_top_of_rock_pile;1;2428
;(3, 8);;(2, 7);Pick_up_large_rock_top_of_rock_pile;1;2429
;(3, 8);;(2, 7);Pick_up_large_rock_top_of_rock_pile;1;2430
;(3, 8);;(2, 7);Pick_up_large_rock_top_of_rock_pile;1;2431
MoveSouth;(3, 9);;(2, 7);Pick_up_large_rock_top_of_rock_pile;1;2432
MoveSouth;(3, 10);;(2, 7);Pick_up_large_rock_top_of_rock_pile;1;2433
MoveSouth;(3, 11);;(2, 7);Pick_up_large_rock_top_of_rock_pile;1;2434
MoveSouth;(3, 11);;(2, 7);Pick_up_large_rock_top_of_rock_pile;1;2435
MoveSouth;(3, 11);;(2, 7);Pick_up_large_rock_top_of_rock_pile;1;2436
MoveSouth;(3, 11);;(2, 7);Pick_up_large_rock_top_of_rock_pile;1;2437
MoveSouth;(3, 11);;(2, 7);Pick_up_large_rock_top_of_rock_pile;1;2438
MoveSouth;(3, 11);;(2, 7);Pick_up_large_rock_top_of_rock_pile;1;2439
MoveSouth;(3, 11);;(2, 7);Pick_up_large_rock_top_of_rock_pile;1;2440
MoveSouth;(3, 11);;(2, 7);Pick_up_large_rock_top_of_rock_pile;1;2441
MoveSouth;(3, 11);;(2, 7);Pick_up_large_rock_top_of_rock_pile;1;2442
MoveSouth;(3, 11);;(2, 7);Pick_up_large_rock_top_of_rock_pile;1;2443
;(3, 11);;(2, 7);Pick_up_large_rock_top_of_rock_pile;1;2444
;(3, 11);;(2, 7);Pick_up_large_rock_top_of_rock_pile;1;2445
MoveNorth;(3, 10);;(2, 7);Pick_up_large_rock_top_of_rock_pile;1;2446
;(3, 10);;(2, 7);Pick_up_large_rock_top_of_rock_pile;1;2447
;(3, 10);;(2, 7);Pick_up_large_rock_top_of_rock_pile;1;2448
;(3, 10);;(2, 7);Pick_up_large_rock_top_of_rock_pile;1;2449
;(3, 10);;(2, 7);Pick_up_large_rock_top_of_rock_pile;1;2450
;(3, 10);;(2, 7);Pick_up_large_rock_top_of_rock_pile;1;2451
;(3, 10);;(2, 7);Pick_up_large_rock_top_of_rock_pile;1;2452
MoveNorth;(3, 9);;(2, 7);Pick_up_large_rock_top_of_rock_pile;1;2453
MoveNorth;(3, 8);;(2, 7);Pick_up_large_rock_top_of_rock_pile;1;2454
MoveNorth;(3, 7);;(2, 7);Pick_up_large_rock_top_of_rock_pile;1;2455
MoveNorth;(3, 6);;(2, 7);Pick_up_large_rock_top_of_rock_pile;1;2456
MoveNorth;(3, 5);;(2, 7);Pick_up_large_rock_top_of_rock_pile;1;2457
MoveNorth;(3, 4);;(2, 7);Pick_up_large_rock_top_of_rock_pile;1;2458
MoveNorth;(3, 3);;(2, 7);Pick_up_large_rock_top_of_rock_pile;1;2459
MoveNorth;(3, 2);;(2, 7);Pick_up_large_rock_top_of_rock_pile;1;2460
MoveNorth;(3, 1);;(2, 7);Pick_up_large_rock_top_of_rock_pile;1;2461
MoveNorth;(3, 0);;(2, 7);Pick_up_large_rock_top_of_rock_pile;1;2462
MoveNorth;(3, 0);;(2, 7);Pick_up_large_rock_top_of_rock_pile;1;2463
MoveNorth;(3, 0);;(2, 7);Pick_up_large_rock_top_of_rock_pile;1;2464
MoveNorth;(3, 0);;(2, 7);Pick_up_large_rock_top_of_rock_pile;1;2465
MoveNorth;(3, 0);;(2, 7);Pick_up_large_rock_top_of_rock_pile;1;2466
MoveNorth;(3, 0);;(2, 7);Pick_up_large_rock_top_of_rock_pile;1;2467
MoveNorth;(3, 0);;(2, 7);Pick_up_large_rock_top_of_rock_pile;1;2468
MoveNorth;(3, 0);;(2, 7);Pick_up_large_rock_top_of_rock_pile;1;2469
MoveNorth;(3, 0);;(2, 7);Pick_up_large_rock_top_of_rock_pile;1;2470
;(3, 0);;(2, 7);Pick_up_large_rock_top_of_rock_pile;1;2471
;(3, 0);;(2, 7);Pick_up_large_rock_top_of_rock_pile;1;2472
;(3, 0);;(2, 7);Pick_up_large_rock_top_of_rock_pile;1;2473
;(3, 0);;(2, 7);Pick_up_large_rock_top_of_rock_pile;1;2474
;(3, 0);;(2, 7);Pick_up_large_rock_top_of_rock_pile;1;2475
;(3, 0);;(2, 7);Pick_up_large_rock_top_of_rock_pile;1;2476
;(3, 0);;(2, 7);Pick_up_large_rock_top_of_rock_pile;1;2477
;(3, 0);;(2, 7);Pick_up_large_rock_top_of_rock_pile;1;2478
;(3, 0);;(2, 7);Pick_up_large_rock_top_of_rock_pile;1;2479
;(3, 0);;(2, 7);Pick_up_large_rock_top_of_rock_pile;1;2480
;(3, 0);;(2, 7);Pick_up_large_rock_top_of_rock_pile;1;2481
;(3, 0);;(2, 7);Pick_up_large_rock_top_of_rock_pile;1;2482
;(3, 0);;(2, 7);Pick_up_large_rock_top_of_rock_pile;1;2483
;(3, 0);;(2, 7);Pick_up_large_rock_top_of_rock_pile;1;2484
;(3, 0);;(2, 7);Pick_up_large_rock_top_of_rock_pile;1;2485
;(3, 0);;(2, 7);Pick_up_large_rock_top_of_rock_pile;1;2486
;(3, 0);;(2, 7);Pick_up_large_rock_top_of_rock_pile;1;2487
;(3, 0);;(2, 7);Pick_up_large_rock_top_of_rock_pile;1;2488
;(3, 0);;(2, 7);Pick_up_large_rock_top_of_rock_pile;1;2489
;(3, 0);;(2, 7);Pick_up_large_rock_top_of_rock_pile;1;2490
;(3, 0);;(2, 7);Pick_up_large_rock_top_of_rock_pile;1;2491
;(3, 0);;(2, 7);Pick_up_large_rock_top_of_rock_pile;1;2492
;(3, 0);;(2, 7);Pick_up_large_rock_top_of_rock_pile;1;2493
;(3, 0);;(2, 7);Pick_up_large_rock_top_of_rock_pile;1;2494
;(3, 0);;(2, 7);Pick_up_large_rock_top_of_rock_pile;1;2495
;(3, 0);;(2, 7);Pick_up_large_rock_top_of_rock_pile;1;2496
;(3, 0);;(2, 7);Pick_up_large_rock_top_of_rock_pile;1;2497
;(3, 0);;(2, 7);Pick_up_large_rock_top_of_rock_pile;1;2498
;(3, 0);;(2, 7);Pick_up_large_rock_top_of_rock_pile;1;2499
;(3, 0);;(2, 7);Pick_up_large_rock_top_of_rock_pile;1;2500
;(3, 0);;(2, 7);Pick_up_large_rock_top_of_rock_pile;1;2501
;(3, 0);;(2, 7);Pick_up_large_rock_top_of_rock_pile;1;2502
;(3, 0);;(2, 7);Pick_up_large_rock_top_of_rock_pile;1;2503
;(3, 0);;(2, 7);Pick_up_large_rock_top_of_rock_pile;1;2504
;(3, 0);;(2, 7);Pick_up_large_rock_top_of_rock_pile;1;2505
;(3, 0);;(2, 7);Pick_up_large_rock_top_of_rock_pile;1;2506
;(3, 0);;(2, 7);Pick_up_large_rock_top_of_rock_pile;1;2507
;(3, 0);;(2, 7);Pick_up_large_rock_top_of_rock_pile;1;2508
;(3, 0);;(2, 7);Pick_up_large_rock_top_of_rock_pile;1;2509
;(3, 0);;(2, 7);Pick_up_large_rock_top_of_rock_pile;1;2510
;(3, 0);;(2, 7);Pick_up_large_rock_top_of_rock_pile;1;2511
;(3, 0);;(2, 7);Pick_up_large_rock_top_of_rock_pile;1;2512
;(3, 0);;(2, 7);Pick_up_large_rock_top_of_rock_pile;1;2513
;(3, 0);;(2, 7);Pick_up_large_rock_top_of_rock_pile;1;2514
;(3, 0);;(2, 7);Pick_up_large_rock_top_of_rock_pile;1;2515
;(3, 0);;(2, 7);Pick_up_large_rock_top_of_rock_pile;1;2516
;(3, 0);;(2, 7);Pick_up_large_rock_top_of_rock_pile;1;2517
;(3, 0);;(2, 7);Pick_up_large_rock_top_of_rock_pile;1;2518
;(3, 0);;(2, 7);Pick_up_large_rock_top_of_rock_pile;1;2519
;(3, 0);;(2, 7);Pick_up_large_rock_top_of_rock_pile;1;2520
;(3, 0);;(2, 7);Pick_up_large_rock_top_of_rock_pile;1;2521
;(3, 0);;(2, 7);Pick_up_large_rock_top_of_rock_pile;1;2522
;(3, 0);;(2, 7);Pick_up_large_rock_top_of_rock_pile;1;2523
;(3, 0);;(2, 7);Pick_up_large_rock_top_of_rock_pile;1;2524
;(3, 0);;(2, 7);Pick_up_large_rock_top_of_rock_pile;1;2525
;(3, 0);;(2, 7);Pick_up_large_rock_top_of_rock_pile;1;2526
;(3, 0);;(2, 7);Pick_up_large_rock_top_of_rock_pile;1;2527
;(3, 0);;(2, 7);Pick_up_large_rock_top_of_rock_pile;1;2528
;(3, 0);;(2, 7);Pick_up_large_rock_top_of_rock_pile;1;2529
;(3, 0);;(2, 7);Pick_up_large_rock_top_of_rock_pile;1;2530
;(3, 0);;(2, 7);Pick_up_large_rock_top_of_rock_pile;1;2531
;(3, 0);;(2, 7);Pick_up_large_rock_top_of_rock_pile;1;2532
;(3, 0);;(2, 7);Pick_up_large_rock_top_of_rock_pile;1;2533
;(3, 0);;(2, 7);Pick_up_large_rock_top_of_rock_pile;1;2534
;(3, 0);;(2, 7);Pick_up_large_rock_top_of_rock_pile;1;2535
;(3, 0);;(2, 7);Pick_up_large_rock_top_of_rock_pile;1;2536
;(3, 0);;(2, 7);Pick_up_large_rock_top_of_rock_pile;1;2537
;(3, 0);;(2, 7);Pick_up_large_rock_top_of_rock_pile;1;2538
;(3, 0);;(2, 7);Pick_up_large_rock_top_of_rock_pile;1;2539
;(3, 0);;(2, 7);Pick_up_large_rock_top_of_rock_pile;1;2540
;(3, 0);;(2, 7);Pick_up_large_rock_top_of_rock_pile;1;2541
;(3, 0);;(2, 7);Pick_up_large_rock_top_of_rock_pile;1;2542
;(3, 0);;(2, 7);Pick_up_large_rock_top_of_rock_pile;1;2543
;(3, 0);;(2, 7);Pick_up_large_rock_top_of_rock_pile;1;2544
;(3, 0);;(2, 7);Pick_up_large_rock_top_of_rock_pile;1;2545
;(3, 0);;(2, 7);Pick_up_large_rock_top_of_rock_pile;1;2546
;(3, 0);;(2, 7);Pick_up_large_rock_top_of_rock_pile;1;2547
;(3, 0);;(2, 7);Pick_up_large_rock_top_of_rock_pile;1;2548
;(3, 0);;(2, 7);Pick_up_large_rock_top_of_rock_pile;1;2549
;(3, 0);;(2, 7);Pick_up_large_rock_top_of_rock_pile;1;2550
;(3, 0);;(2, 7);Pick_up_large_rock_top_of_rock_pile;1;2551
;(3, 0);;(2, 7);Pick_up_large_rock_top_of_rock_pile;1;2552
;(3, 0);;(2, 7);Pick_up_large_rock_top_of_rock_pile;1;2553
;(3, 0);;(2, 7);Pick_up_large_rock_top_of_rock_pile;1;2554
;(3, 0);;(2, 7);Pick_up_large_rock_top_of_rock_pile;1;2555
;(3, 0);;(2, 7);Pick_up_large_rock_top_of_rock_pile;1;2556
;(3, 0);;(2, 7);Pick_up_large_rock_top_of_rock_pile;1;2557
;(3, 0);;(2, 7);Pick_up_large_rock_top_of_rock_pile;1;2558
;(3, 0);;(2, 7);Pick_up_large_rock_top_of_rock_pile;1;2559
;(3, 0);;(2, 7);Pick_up_large_rock_top_of_rock_pile;1;2560
;(3, 0);;(2, 7);Pick_up_large_rock_top_of_rock_pile;1;2561
;(3, 0);;(2, 7);Pick_up_large_rock_top_of_rock_pile;1;2562
;(3, 0);;(2, 7);Pick_up_large_rock_top_of_rock_pile;1;2563
;(3, 0);;(2, 7);Pick_up_large_rock_top_of_rock_pile;1;2564
;(3, 0);;(2, 7);Pick_up_large_rock_top_of_rock_pile;1;2565
;(3, 0);;(2, 7);Pick_up_large_rock_top_of_rock_pile;1;2566
;(3, 0);;(2, 7);Pick_up_large_rock_top_of_rock_pile;1;2567
;(3, 0);;(2, 7);Pick_up_large_rock_top_of_rock_pile;1;2568
;(3, 0);;(2, 7);Pick_up_large_rock_top_of_rock_pile;1;2569
;(3, 0);;(2, 7);Pick_up_large_rock_top_of_rock_pile;1;2570
;(3, 0);;(2, 7);Pick_up_large_rock_top_of_rock_pile;1;2571
;(3, 0);;(2, 7);Pick_up_large_rock_top_of_rock_pile;1;2572
;(3, 0);;(2, 7);Pick_up_large_rock_top_of_rock_pile;1;2573
;(3, 0);;(2, 7);Pick_up_large_rock_top_of_rock_pile;1;2574
;(3, 0);;(2, 7);Pick_up_large_rock_top_of_rock_pile;1;2575
;(3, 0);;(2, 7);Pick_up_large_rock_top_of_rock_pile;1;2576
;(3, 0);;(2, 7);Pick_up_large_rock_top_of_rock_pile;1;2577
;(3, 0);;(2, 7);Pick_up_large_rock_top_of_rock_pile;1;2578
;(3, 0);;(2, 7);Pick_up_large_rock_top_of_rock_pile;1;2579
;(3, 0);;(2, 7);Pick_up_large_rock_top_of_rock_pile;1;2580
;(3, 0);;(2, 7);Pick_up_large_rock_top_of_rock_pile;1;2581
;(3, 0);;(2, 7);Pick_up_large_rock_top_of_rock_pile;1;2582
;(3, 0);;(2, 7);Pick_up_large_rock_top_of_rock_pile;1;2583
;(3, 0);;(2, 7);Pick_up_large_rock_top_of_rock_pile;1;2584
;(3, 0);;(2, 7);Pick_up_large_rock_top_of_rock_pile;1;2585
;(3, 0);;(2, 7);Pick_up_large_rock_top_of_rock_pile;1;2586
;(3, 0);;(2, 7);Pick_up_large_rock_top_of_rock_pile;1;2587
;(3, 0);;(2, 7);Pick_up_large_rock_top_of_rock_pile;1;2588
;(3, 0);;(2, 7);Pick_up_large_rock_top_of_rock_pile;1;2589
;(3, 0);;(2, 7);Pick_up_large_rock_top_of_rock_pile;1;2590
;(3, 0);;(2, 7);Pick_up_large_rock_top_of_rock_pile;1;2591
;(3, 0);;(2, 7);Pick_up_large_rock_top_of_rock_pile;1;2592
;(3, 0);;(2, 7);Pick_up_large_rock_top_of_rock_pile;1;2593
;(3, 0);;(2, 7);Pick_up_large_rock_top_of_rock_pile;1;2594
;(3, 0);;(2, 7);Pick_up_large_rock_top_of_rock_pile;1;2595
;(3, 0);;(2, 7);Pick_up_large_rock_top_of_rock_pile;1;2596
;(3, 0);;(2, 7);Pick_up_large_rock_top_of_rock_pile;1;2597
;(3, 0);;(2, 7);Pick_up_large_rock_top_of_rock_pile;1;2598
;(3, 0);;(2, 7);Pick_up_large_rock_top_of_rock_pile;1;2599
;(3, 0);;(2, 7);Pick_up_large_rock_top_of_rock_pile;1;2600
;(3, 0);;(2, 7);Pick_up_large_rock_top_of_rock_pile;1;2601
;(3, 0);;(2, 7);Pick_up_large_rock_top_of_rock_pile;1;2602
;(3, 0);;(2, 7);Pick_up_large_rock_top_of_rock_pile;1;2603
;(3, 0);;(2, 7);Pick_up_large_rock_top_of_rock_pile;1;2604
;(3, 0);;(2, 7);Pick_up_large_rock_top_of_rock_pile;1;2605
;(3, 0);;(2, 7);Pick_up_large_rock_top_of_rock_pile;1;2606
;(3, 0);;(2, 7);Pick_up_large_rock_top_of_rock_pile;1;2607
;(3, 0);;(2, 7);Pick_up_large_rock_top_of_rock_pile;1;2608
;(3, 0);;(2, 7);Pick_up_large_rock_top_of_rock_pile;1;2609
;(3, 0);;(2, 7);Pick_up_large_rock_top_of_rock_pile;1;2610
;(3, 0);;(2, 7);Pick_up_large_rock_top_of_rock_pile;1;2611
;(3, 0);;(2, 7);Pick_up_large_rock_top_of_rock_pile;1;2612
;(3, 0);;(2, 7);Pick_up_large_rock_top_of_rock_pile;1;2613
;(3, 0);;(2, 7);Pick_up_large_rock_top_of_rock_pile;1;2614
;(3, 0);;(2, 7);Pick_up_large_rock_top_of_rock_pile;1;2615
;(3, 0);;(2, 7);Pick_up_large_rock_top_of_rock_pile;1;2616
;(3, 0);;(2, 7);Pick_up_large_rock_top_of_rock_pile;1;2617
;(3, 0);;(2, 7);Pick_up_large_rock_top_of_rock_pile;1;2618
;(3, 0);;(2, 7);Pick_up_large_rock_top_of_rock_pile;1;2619
;(3, 0);;(2, 7);Pick_up_large_rock_top_of_rock_pile;1;2620
;(3, 0);;(2, 7);Pick_up_large_rock_top_of_rock_pile;1;2621
;(3, 0);;(2, 7);Pick_up_large_rock_top_of_rock_pile;1;2622
;(3, 0);;(2, 7);Pick_up_large_rock_top_of_rock_pile;1;2623
;(3, 0);;(2, 7);Pick_up_large_rock_top_of_rock_pile;1;2624
;(3, 0);;(2, 7);Pick_up_large_rock_top_of_rock_pile;1;2625
;(3, 0);;(2, 7);Pick_up_large_rock_top_of_rock_pile;1;2626
;(3, 0);;(2, 7);Pick_up_large_rock_top_of_rock_pile;1;2627
;(3, 0);;(2, 7);Pick_up_large_rock_top_of_rock_pile;1;2628
;(3, 0);;(2, 7);Pick_up_large_rock_top_of_rock_pile;1;2629
;(3, 0);;(2, 7);Pick_up_large_rock_top_of_rock_pile;1;2630
;(3, 0);;(2, 7);Pick_up_large_rock_top_of_rock_pile;1;2631
;(3, 0);;(2, 7);Pick_up_large_rock_top_of_rock_pile;1;2632
;(3, 0);;(2, 7);Pick_up_large_rock_top_of_rock_pile;1;2633
;(3, 0);;(2, 7);Pick_up_large_rock_top_of_rock_pile;1;2634
;(3, 0);;(2, 7);Pick_up_large_rock_top_of_rock_pile;1;2635
;(3, 0);;(2, 7);Pick_up_large_rock_top_of_rock_pile;1;2636
;(3, 0);;(2, 7);Pick_up_large_rock_top_of_rock_pile;1;2637
;(3, 0);;(2, 7);Pick_up_large_rock_top_of_rock_pile;1;2638
;(3, 0);;(2, 7);Pick_up_large_rock_top_of_rock_pile;1;2639
;(3, 0);;(2, 7);Pick_up_large_rock_top_of_rock_pile;1;2640
;(3, 0);;(2, 7);Pick_up_large_rock_top_of_rock_pile;1;2641
;(3, 0);;(2, 7);Pick_up_large_rock_top_of_rock_pile;1;2642
;(3, 0);;(2, 7);Pick_up_large_rock_top_of_rock_pile;1;2643
;(3, 0);;(2, 7);Pick_up_large_rock_top_of_rock_pile;1;2644
;(3, 0);;(2, 7);Pick_up_large_rock_top_of_rock_pile;1;2645
;(3, 0);;(2, 7);Pick_up_large_rock_top_of_rock_pile;1;2646
;(3, 0);;(2, 7);Pick_up_large_rock_top_of_rock_pile;1;2647
;(3, 0);;(2, 7);Pick_up_large_rock_top_of_rock_pile;1;2648
;(3, 0);;(2, 7);Pick_up_large_rock_top_of_rock_pile;1;2649
;(3, 0);;(2, 7);Pick_up_large_rock_top_of_rock_pile;1;2650
;(3, 0);;(2, 7);Pick_up_large_rock_top_of_rock_pile;1;2651
;(3, 0);;(2, 7);Pick_up_large_rock_top_of_rock_pile;1;2652
;(3, 0);;(2, 7);Pick_up_large_rock_top_of_rock_pile;1;2653
;(3, 0);;(2, 7);Pick_up_large_rock_top_of_rock_pile;1;2654
;(3, 0);;(2, 7);Pick_up_large_rock_top_of_rock_pile;1;2655
;(3, 0);;(2, 7);Pick_up_large_rock_top_of_rock_pile;1;2656
;(3, 0);;(2, 7);Pick_up_large_rock_top_of_rock_pile;1;2657
;(3, 0);;(2, 7);Pick_up_large_rock_top_of_rock_pile;1;2658
;(3, 0);;(2, 7);Pick_up_large_rock_top_of_rock_pile;1;2659
;(3, 0);;(2, 7);Pick_up_large_rock_top_of_rock_pile;1;2660
;(3, 0);;(2, 7);Pick_up_large_rock_top_of_rock_pile;1;2661
;(3, 0);;(2, 7);Pick_up_large_rock_top_of_rock_pile;1;2662
;(3, 0);;(2, 7);Pick_up_large_rock_top_of_rock_pile;1;2663
;(3, 0);;(2, 7);Pick_up_large_rock_top_of_rock_pile;1;2664
;(3, 0);;(2, 7);Pick_up_large_rock_top_of_rock_pile;1;2665
;(3, 0);;(2, 7);Pick_up_large_rock_top_of_rock_pile;1;2666
;(3, 0);;(2, 7);Pick_up_large_rock_top_of_rock_pile;1;2667
;(3, 0);;(2, 7);Pick_up_large_rock_top_of_rock_pile;1;2668
;(3, 0);;(2, 7);Pick_up_large_rock_top_of_rock_pile;1;2669
;(3, 0);;(2, 7);Pick_up_large_rock_top_of_rock_pile;1;2670
;(3, 0);;(2, 7);Pick_up_large_rock_top_of_rock_pile;1;2671
;(3, 0);;(2, 7);Pick_up_large_rock_top_of_rock_pile;1;2672
;(3, 0);;(2, 7);Pick_up_large_rock_top_of_rock_pile;1;2673
;(3, 0);;(2, 7);Pick_up_large_rock_top_of_rock_pile;1;2674
;(3, 0);;(2, 7);Pick_up_large_rock_top_of_rock_pile;1;2675
;(3, 0);;(2, 7);Pick_up_large_rock_top_of_rock_pile;1;2676
;(3, 0);;(2, 7);Pick_up_large_rock_top_of_rock_pile;1;2677
;(3, 0);;(2, 7);Pick_up_large_rock_top_of_rock_pile;1;2678
;(3, 0);;(2, 7);Pick_up_large_rock_top_of_rock_pile;1;2679
;(3, 0);;(2, 7);Pick_up_large_rock_top_of_rock_pile;1;2680
;(3, 0);;(2, 7);Pick_up_large_rock_top_of_rock_pile;1;2681
;(3, 0);;(2, 7);Pick_up_large_rock_top_of_rock_pile;1;2682
;(3, 0);;(2, 7);Pick_up_large_rock_top_of_rock_pile;1;2683
;(3, 0);;(2, 7);Pick_up_large_rock_top_of_rock_pile;1;2684
;(3, 0);;(2, 7);Pick_up_large_rock_top_of_rock_pile;1;2685
;(3, 0);;(2, 7);Pick_up_large_rock_top_of_rock_pile;1;2686
;(3, 0);;(2, 7);Pick_up_large_rock_top_of_rock_pile;1;2687
;(3, 0);;(2, 7);Pick_up_large_rock_top_of_rock_pile;1;2688
;(3, 0);;(2, 7);Pick_up_large_rock_top_of_rock_pile;1;2689
;(3, 0);;(2, 7);Pick_up_large_rock_top_of_rock_pile;1;2690
;(3, 0);;(2, 7);Pick_up_large_rock_top_of_rock_pile;1;2691
;(3, 0);;(2, 7);Pick_up_large_rock_top_of_rock_pile;1;2692
;(3, 0);;(2, 7);Pick_up_large_rock_top_of_rock_pile;1;2693
;(3, 0);;(2, 7);Pick_up_large_rock_top_of_rock_pile;1;2694
;(3, 0);;(2, 7);Pick_up_large_rock_top_of_rock_pile;1;2695
;(3, 0);;(2, 7);Pick_up_large_rock_top_of_rock_pile;1;2696
;(3, 0);;(2, 7);Pick_up_large_rock_top_of_rock_pile;1;2697
;(3, 0);;(2, 7);Pick_up_large_rock_top_of_rock_pile;1;2698
;(3, 0);;(2, 7);Pick_up_large_rock_top_of_rock_pile;1;2699
;(3, 0);;(2, 7);Pick_up_large_rock_top_of_rock_pile;1;2700
;(3, 0);;(2, 7);Pick_up_large_rock_top_of_rock_pile;1;2701
;(3, 0);;(2, 7);Pick_up_large_rock_top_of_rock_pile;1;2702
;(3, 0);;(2, 7);Pick_up_large_rock_top_of_rock_pile;1;2703
;(3, 0);;(2, 7);Pick_up_large_rock_top_of_rock_pile;1;2704
;(3, 0);;(2, 7);Pick_up_large_rock_top_of_rock_pile;1;2705
;(3, 0);;(2, 7);Pick_up_large_rock_top_of_rock_pile;1;2706
;(3, 0);;(2, 7);Pick_up_large_rock_top_of_rock_pile;1;2707
;(3, 0);;(2, 7);Pick_up_large_rock_top_of_rock_pile;1;2708
;(3, 0);;(2, 7);Pick_up_large_rock_top_of_rock_pile;1;2709
;(3, 0);;(2, 7);Pick_up_large_rock_top_of_rock_pile;1;2710
;(3, 0);;(2, 7);Pick_up_large_rock_top_of_rock_pile;1;2711
;(3, 0);;(2, 7);Pick_up_large_rock_top_of_rock_pile;1;2712
;(3, 0);;(2, 7);Pick_up_large_rock_top_of_rock_pile;1;2713
;(3, 0);;(2, 7);Pick_up_large_rock_top_of_rock_pile;1;2714
;(3, 0);;(2, 7);Pick_up_large_rock_top_of_rock_pile;1;2715
;(3, 0);;(2, 7);Pick_up_large_rock_top_of_rock_pile;1;2716
;(3, 0);;(2, 7);Pick_up_large_rock_top_of_rock_pile;1;2717
;(3, 0);;(2, 7);Pick_up_large_rock_top_of_rock_pile;1;2718
;(3, 0);;(2, 7);Pick_up_large_rock_top_of_rock_pile;1;2719
;(3, 0);;(2, 7);Pick_up_large_rock_top_of_rock_pile;1;2720
;(3, 0);;(2, 7);Pick_up_large_rock_top_of_rock_pile;1;2721
;(3, 0);;(2, 7);Pick_up_large_rock_top_of_rock_pile;1;2722
;(3, 0);;(2, 7);Pick_up_large_rock_top_of_rock_pile;1;2723
;(3, 0);;(2, 7);Pick_up_large_rock_top_of_rock_pile;1;2724
;(3, 0);;(2, 7);Pick_up_large_rock_top_of_rock_pile;1;2725
;(3, 0);;(2, 7);Pick_up_large_rock_top_of_rock_pile;1;2726
;(3, 0);;(2, 7);Pick_up_large_rock_top_of_rock_pile;1;2727
;(3, 0);;(2, 7);Pick_up_large_rock_top_of_rock_pile;1;2728
;(3, 0);;(2, 7);Pick_up_large_rock_top_of_rock_pile;1;2729
;(3, 0);;(2, 7);Pick_up_large_rock_top_of_rock_pile;1;2730
;(3, 0);;(2, 7);Pick_up_large_rock_top_of_rock_pile;1;2731
;(3, 0);;(2, 7);Pick_up_large_rock_top_of_rock_pile;1;2732
;(3, 0);;(2, 7);Pick_up_large_rock_top_of_rock_pile;1;2733
;(3, 0);;(2, 7);Pick_up_large_rock_top_of_rock_pile;1;2734
;(3, 0);;(2, 7);Pick_up_large_rock_top_of_rock_pile;1;2735
;(3, 0);;(2, 7);Pick_up_large_rock_top_of_rock_pile;1;2736
;(3, 0);;(2, 7);Pick_up_large_rock_top_of_rock_pile;1;2737
;(3, 0);;(2, 7);Pick_up_large_rock_top_of_rock_pile;1;2738
;(3, 0);;(2, 7);Pick_up_large_rock_top_of_rock_pile;1;2739
;(3, 0);;(2, 7);Pick_up_large_rock_top_of_rock_pile;1;2740
;(3, 0);;(2, 7);Pick_up_large_rock_top_of_rock_pile;1;2741
;(3, 0);;(2, 7);Pick_up_large_rock_top_of_rock_pile;1;2742
;(3, 0);;(2, 7);Pick_up_large_rock_top_of_rock_pile;1;2743
;(3, 0);;(2, 7);Pick_up_large_rock_top_of_rock_pile;1;2744
;(3, 0);;(2, 7);Pick_up_large_rock_top_of_rock_pile;1;2745
;(3, 0);;(2, 7);Pick_up_large_rock_top_of_rock_pile;1;2746
;(3, 0);;(2, 7);Pick_up_large_rock_top_of_rock_pile;1;2747
;(3, 0);;(2, 7);Pick_up_large_rock_top_of_rock_pile;1;2748
;(3, 0);;(2, 7);Pick_up_large_rock_top_of_rock_pile;1;2749
;(3, 0);;(2, 7);Pick_up_large_rock_top_of_rock_pile;1;2750
;(3, 0);;(2, 7);Pick_up_large_rock_top_of_rock_pile;1;2751
;(3, 0);;(2, 7);Pick_up_large_rock_top_of_rock_pile;1;2752
;(3, 0);;(2, 7);Pick_up_large_rock_top_of_rock_pile;1;2753
;(3, 0);;(2, 7);Pick_up_large_rock_top_of_rock_pile;1;2754
;(3, 0);;(2, 7);Pick_up_large_rock_top_of_rock_pile;1;2755
;(3, 0);;(2, 7);Pick_up_large_rock_top_of_rock_pile;1;2756
;(3, 0);;(2, 7);Pick_up_large_rock_top_of_rock_pile;1;2757
;(3, 0);;(2, 7);Pick_up_large_rock_top_of_rock_pile;1;2758
;(3, 0);;(2, 7);Pick_up_large_rock_top_of_rock_pile;1;2759
;(3, 0);;(2, 7);Pick_up_large_rock_top_of_rock_pile;1;2760
;(3, 0);;(2, 7);Pick_up_large_rock_top_of_rock_pile;1;2761
;(3, 0);;(2, 7);Pick_up_large_rock_top_of_rock_pile;1;2762
;(3, 0);;(2, 7);Pick_up_large_rock_top_of_rock_pile;1;2763
;(3, 0);;(2, 7);Pick_up_large_rock_top_of_rock_pile;1;2764
;(3, 0);;(2, 7);Pick_up_large_rock_top_of_rock_pile;1;2765
;(3, 0);;(2, 7);Pick_up_large_rock_top_of_rock_pile;1;2766
;(3, 0);;(2, 7);Pick_up_large_rock_top_of_rock_pile;1;2767
;(3, 0);;(2, 7);Pick_up_large_rock_top_of_rock_pile;1;2768
;(3, 0);;(2, 7);Pick_up_large_rock_top_of_rock_pile;1;2769
;(3, 0);;(2, 7);Pick_up_large_rock_top_of_rock_pile;1;2770
;(3, 0);;(2, 7);Pick_up_large_rock_top_of_rock_pile;1;2771
;(3, 0);;(2, 7);Pick_up_large_rock_top_of_rock_pile;1;2772
;(3, 0);;(2, 7);Pick_up_large_rock_top_of_rock_pile;1;2773
;(3, 0);;(2, 7);Pick_up_large_rock_top_of_rock_pile;1;2774
;(3, 0);;(2, 7);Pick_up_large_rock_top_of_rock_pile;1;2775
;(3, 0);;(2, 7);Pick_up_large_rock_top_of_rock_pile;1;2776
;(3, 0);;(2, 7);Pick_up_large_rock_top_of_rock_pile;1;2777
;(3, 0);;(2, 7);Pick_up_large_rock_top_of_rock_pile;1;2778
;(3, 0);;(2, 7);Pick_up_large_rock_top_of_rock_pile;1;2779
;(3, 0);;(2, 7);Pick_up_large_rock_top_of_rock_pile;1;2780
;(3, 0);;(2, 7);Pick_up_large_rock_top_of_rock_pile;1;2781
;(3, 0);;(2, 7);Pick_up_large_rock_top_of_rock_pile;1;2782
;(3, 0);;(2, 7);Pick_up_large_rock_top_of_rock_pile;1;2783
;(3, 0);;(2, 7);Pick_up_large_rock_top_of_rock_pile;1;2784
;(3, 0);;(2, 7);Pick_up_large_rock_top_of_rock_pile;1;2785
;(3, 0);;(2, 7);Pick_up_large_rock_top_of_rock_pile;1;2786
;(3, 0);;(2, 7);Pick_up_large_rock_top_of_rock_pile;1;2787
;(3, 0);;(2, 7);Pick_up_large_rock_top_of_rock_pile;1;2788
;(3, 0);;(2, 7);Pick_up_large_rock_top_of_rock_pile;1;2789
;(3, 0);;(2, 7);Pick_up_large_rock_top_of_rock_pile;1;2790
;(3, 0);;(2, 7);Pick_up_large_rock_top_of_rock_pile;1;2791
;(3, 0);;(2, 7);Pick_up_large_rock_top_of_rock_pile;1;2792
;(3, 0);;(2, 7);Pick_up_large_rock_top_of_rock_pile;1;2793
;(3, 0);;(2, 7);Pick_up_large_rock_top_of_rock_pile;1;2794
;(3, 0);;(2, 7);Pick_up_large_rock_top_of_rock_pile;1;2795
;(3, 0);;(2, 7);Pick_up_large_rock_top_of_rock_pile;1;2796
;(3, 0);;(2, 7);Pick_up_large_rock_top_of_rock_pile;1;2797
;(3, 0);;(2, 7);Pick_up_large_rock_top_of_rock_pile;1;2798
;(3, 0);;(2, 7);Pick_up_large_rock_top_of_rock_pile;1;2799
;(3, 0);;(2, 7);Pick_up_large_rock_top_of_rock_pile;1;2800
;(3, 0);;(2, 7);Pick_up_large_rock_top_of_rock_pile;1;2801
;(3, 0);;(2, 7);Pick_up_large_rock_top_of_rock_pile;1;2802
;(3, 0);;(2, 7);Pick_up_large_rock_top_of_rock_pile;1;2803
;(3, 0);;(2, 7);Pick_up_large_rock_top_of_rock_pile;1;2804
;(3, 0);;(2, 7);Pick_up_large_rock_top_of_rock_pile;1;2805
;(3, 0);;(2, 7);Pick_up_large_rock_top_of_rock_pile;1;2806
;(3, 0);;(2, 7);Pick_up_large_rock_top_of_rock_pile;1;2807
;(3, 0);;(2, 7);Pick_up_large_rock_top_of_rock_pile;1;2808
;(3, 0);;(2, 7);Pick_up_large_rock_top_of_rock_pile;1;2809
;(3, 0);;(2, 7);Pick_up_large_rock_top_of_rock_pile;1;2810
;(3, 0);;(2, 7);Pick_up_large_rock_top_of_rock_pile;1;2811
;(3, 0);;(2, 7);Pick_up_large_rock_top_of_rock_pile;1;2812
;(3, 0);;(2, 7);Pick_up_large_rock_top_of_rock_pile;1;2813
;(3, 0);;(2, 7);Pick_up_large_rock_top_of_rock_pile;1;2814
;(3, 0);;(2, 7);Pick_up_large_rock_top_of_rock_pile;1;2815
;(3, 0);;(2, 7);Pick_up_large_rock_top_of_rock_pile;1;2816
;(3, 0);;(2, 7);Pick_up_large_rock_top_of_rock_pile;1;2817
;(3, 0);;(2, 7);Pick_up_large_rock_top_of_rock_pile;1;2818
;(3, 0);;(2, 7);Pick_up_large_rock_top_of_rock_pile;1;2819
;(3, 0);;(2, 7);Pick_up_large_rock_top_of_rock_pile;1;2820
;(3, 0);;(2, 7);Pick_up_large_rock_top_of_rock_pile;1;2821
;(3, 0);;(2, 7);Pick_up_large_rock_top_of_rock_pile;1;2822
;(3, 0);;(2, 7);Pick_up_large_rock_top_of_rock_pile;1;2823
;(3, 0);;(2, 7);Pick_up_large_rock_top_of_rock_pile;1;2824
;(3, 0);;(2, 7);Pick_up_large_rock_top_of_rock_pile;1;2825
;(3, 0);;(2, 7);Pick_up_large_rock_top_of_rock_pile;1;2826
;(3, 0);;(2, 7);Pick_up_large_rock_top_of_rock_pile;1;2827
;(3, 0);;(2, 7);Pick_up_large_rock_top_of_rock_pile;1;2828
;(3, 0);;(2, 7);Pick_up_large_rock_top_of_rock_pile;1;2829
;(3, 0);;(2, 7);Pick_up_large_rock_top_of_rock_pile;1;2830
;(3, 0);;(2, 7);Pick_up_large_rock_top_of_rock_pile;1;2831
;(3, 0);;(2, 7);Pick_up_large_rock_top_of_rock_pile;1;2832
;(3, 0);;(2, 7);Pick_up_large_rock_top_of_rock_pile;1;2833
;(3, 0);;(2, 7);Pick_up_large_rock_top_of_rock_pile;1;2834
;(3, 0);;(2, 7);Pick_up_large_rock_top_of_rock_pile;1;2835
;(3, 0);;(2, 7);Pick_up_large_rock_top_of_rock_pile;1;2836
;(3, 0);;(2, 7);Pick_up_large_rock_top_of_rock_pile;1;2837
;(3, 0);;(2, 7);Pick_up_large_rock_top_of_rock_pile;1;2838
;(3, 0);;(2, 7);Pick_up_large_rock_top_of_rock_pile;1;2839
;(3, 0);;(2, 7);Pick_up_large_rock_top_of_rock_pile;1;2840
;(3, 0);;(2, 7);Pick_up_large_rock_top_of_rock_pile;1;2841
;(3, 0);;(2, 7);Pick_up_large_rock_top_of_rock_pile;1;2842
;(3, 0);;(2, 7);Pick_up_large_rock_top_of_rock_pile;1;2843
;(3, 0);;(2, 7);Pick_up_large_rock_top_of_rock_pile;1;2844
;(3, 0);;(2, 7);Pick_up_large_rock_top_of_rock_pile;1;2845
;(3, 0);;(2, 7);Pick_up_large_rock_top_of_rock_pile;1;2846
;(3, 0);;(2, 7);Pick_up_large_rock_top_of_rock_pile;1;2847
;(3, 0);;(2, 7);Pick_up_large_rock_top_of_rock_pile;1;2848
;(3, 0);;(2, 7);Pick_up_large_rock_top_of_rock_pile;1;2849
;(3, 0);;(2, 7);Pick_up_large_rock_top_of_rock_pile;1;2850
;(3, 0);;(2, 7);Pick_up_large_rock_top_of_rock_pile;1;2851
;(3, 0);;(2, 7);Pick_up_large_rock_top_of_rock_pile;1;2852
;(3, 0);;(2, 7);Pick_up_large_rock_top_of_rock_pile;1;2853
;(3, 0);;(2, 7);Pick_up_large_rock_top_of_rock_pile;1;2854
;(3, 0);;(2, 7);Pick_up_large_rock_top_of_rock_pile;1;2855
;(3, 0);;(2, 7);Pick_up_large_rock_top_of_rock_pile;1;2856
;(3, 0);;(2, 7);Pick_up_large_rock_top_of_rock_pile;1;2857
;(3, 0);;(2, 7);Pick_up_large_rock_top_of_rock_pile;1;2858
;(3, 0);;(2, 7);Pick_up_large_rock_top_of_rock_pile;1;2859
;(3, 0);;(2, 7);Pick_up_large_rock_top_of_rock_pile;1;2860
;(3, 0);;(2, 7);Pick_up_large_rock_top_of_rock_pile;1;2861
;(3, 0);;(2, 7);Pick_up_large_rock_top_of_rock_pile;1;2862
;(3, 0);;(2, 7);Pick_up_large_rock_top_of_rock_pile;1;2863
;(3, 0);;(2, 7);Pick_up_large_rock_top_of_rock_pile;1;2864
;(3, 0);;(2, 7);Pick_up_large_rock_top_of_rock_pile;1;2865
;(3, 0);;(2, 7);Pick_up_large_rock_top_of_rock_pile;1;2866
;(3, 0);;(2, 7);Pick_up_large_rock_top_of_rock_pile;1;2867
;(3, 0);;(2, 7);Pick_up_large_rock_top_of_rock_pile;1;2868
;(3, 0);;(2, 7);Pick_up_large_rock_top_of_rock_pile;1;2869
;(3, 0);;(2, 7);Pick_up_large_rock_top_of_rock_pile;1;2870
;(3, 0);;(2, 7);Pick_up_large_rock_top_of_rock_pile;1;2871
;(3, 0);;(2, 7);Pick_up_large_rock_top_of_rock_pile;1;2872
;(3, 0);;(2, 7);Pick_up_large_rock_top_of_rock_pile;1;2873
;(3, 0);;(2, 7);Pick_up_large_rock_top_of_rock_pile;1;2874
;(3, 0);;(2, 7);Pick_up_large_rock_top_of_rock_pile;1;2875
;(3, 0);;(2, 7);Pick_up_large_rock_top_of_rock_pile;1;2876
;(3, 0);;(2, 7);Pick_up_large_rock_top_of_rock_pile;1;2877
;(3, 0);;(2, 7);Pick_up_large_rock_top_of_rock_pile;1;2878
;(3, 0);;(2, 7);Pick_up_large_rock_top_of_rock_pile;1;2879
;(3, 0);;(2, 7);Pick_up_large_rock_top_of_rock_pile;1;2880
;(3, 0);;(2, 7);Pick_up_large_rock_top_of_rock_pile;1;2881
;(3, 0);;(2, 7);Pick_up_large_rock_top_of_rock_pile;1;2882
;(3, 0);;(2, 7);Pick_up_large_rock_top_of_rock_pile;1;2883
;(3, 0);;(2, 7);Pick_up_large_rock_top_of_rock_pile;1;2884
;(3, 0);;(2, 7);Pick_up_large_rock_top_of_rock_pile;1;2885
;(3, 0);;(2, 7);Pick_up_large_rock_top_of_rock_pile;1;2886
;(3, 0);;(2, 7);Pick_up_large_rock_top_of_rock_pile;1;2887
;(3, 0);;(2, 7);Pick_up_large_rock_top_of_rock_pile;1;2888
;(3, 0);;(2, 7);Pick_up_large_rock_top_of_rock_pile;1;2889
;(3, 0);;(2, 7);Pick_up_large_rock_top_of_rock_pile;1;2890
;(3, 0);;(2, 7);Pick_up_large_rock_top_of_rock_pile;1;2891
;(3, 0);;(2, 7);Pick_up_large_rock_top_of_rock_pile;1;2892
;(3, 0);;(2, 7);Pick_up_large_rock_top_of_rock_pile;1;2893
;(3, 0);;(2, 7);Pick_up_large_rock_top_of_rock_pile;1;2894
;(3, 0);;(2, 7);Pick_up_large_rock_top_of_rock_pile;1;2895
;(3, 0);;(2, 7);Pick_up_large_rock_top_of_rock_pile;1;2896
;(3, 0);;(2, 7);Pick_up_large_rock_top_of_rock_pile;1;2897
;(3, 0);;(2, 7);Pick_up_large_rock_top_of_rock_pile;1;2898
;(3, 0);;(2, 7);Pick_up_large_rock_top_of_rock_pile;1;2899
;(3, 0);;(2, 7);Pick_up_large_rock_top_of_rock_pile;1;2900
;(3, 0);;(2, 7);Pick_up_large_rock_top_of_rock_pile;1;2901
;(3, 0);;(2, 7);Pick_up_large_rock_top_of_rock_pile;1;2902
;(3, 0);;(2, 7);Pick_up_large_rock_top_of_rock_pile;1;2903
;(3, 0);;(2, 7);Pick_up_large_rock_top_of_rock_pile;1;2904
;(3, 0);;(2, 7);Pick_up_large_rock_top_of_rock_pile;1;2905
;(3, 0);;(2, 7);Pick_up_large_rock_top_of_rock_pile;1;2906
;(3, 0);;(2, 7);Pick_up_large_rock_top_of_rock_pile;1;2907
;(3, 0);;(2, 7);Pick_up_large_rock_top_of_rock_pile;1;2908
;(3, 0);;(2, 7);Pick_up_large_rock_top_of_rock_pile;1;2909
;(3, 0);;(2, 7);Pick_up_large_rock_top_of_rock_pile;1;2910
;(3, 0);;(2, 7);Pick_up_large_rock_top_of_rock_pile;1;2911
;(3, 0);;(2, 7);Pick_up_large_rock_top_of_rock_pile;1;2912
;(3, 0);;(2, 7);Pick_up_large_rock_top_of_rock_pile;1;2913
;(3, 0);;(2, 7);Pick_up_large_rock_top_of_rock_pile;1;2914
;(3, 0);;(2, 7);Pick_up_large_rock_top_of_rock_pile;1;2915
;(3, 0);;(2, 7);Pick_up_large_rock_top_of_rock_pile;1;2916
;(3, 0);;(2, 7);Pick_up_large_rock_top_of_rock_pile;1;2917
;(3, 0);;(2, 7);Pick_up_large_rock_top_of_rock_pile;1;2918
;(3, 0);;(2, 7);Pick_up_large_rock_top_of_rock_pile;1;2919
;(3, 0);;(2, 7);Pick_up_large_rock_top_of_rock_pile;1;2920
;(3, 0);;(2, 7);Pick_up_large_rock_top_of_rock_pile;1;2921
;(3, 0);;(2, 7);Pick_up_large_rock_top_of_rock_pile;1;2922
;(3, 0);;(2, 7);Pick_up_large_rock_top_of_rock_pile;1;2923
;(3, 0);;(2, 7);Pick_up_large_rock_top_of_rock_pile;1;2924
;(3, 0);;(2, 7);Pick_up_large_rock_top_of_rock_pile;1;2925
;(3, 0);;(2, 7);Pick_up_large_rock_top_of_rock_pile;1;2926
;(3, 0);;(2, 7);Pick_up_large_rock_top_of_rock_pile;1;2927
;(3, 0);;(2, 7);Pick_up_large_rock_top_of_rock_pile;1;2928
;(3, 0);;(2, 7);Pick_up_large_rock_top_of_rock_pile;1;2929
;(3, 0);;(2, 7);Pick_up_large_rock_top_of_rock_pile;1;2930
;(3, 0);;(2, 7);Pick_up_large_rock_top_of_rock_pile;1;2931
;(3, 0);;(2, 7);Pick_up_large_rock_top_of_rock_pile;1;2932
;(3, 0);;(2, 7);Pick_up_large_rock_top_of_rock_pile;1;2933
;(3, 0);;(2, 7);Pick_up_large_rock_top_of_rock_pile;1;2934
;(3, 0);;(2, 7);Pick_up_large_rock_top_of_rock_pile;1;2935
;(3, 0);;(2, 7);Pick_up_large_rock_top_of_rock_pile;1;2936
;(3, 0);;(2, 7);Pick_up_large_rock_top_of_rock_pile;1;2937
;(3, 0);;(2, 7);Pick_up_large_rock_top_of_rock_pile;1;2938
;(3, 0);;(2, 7);Pick_up_large_rock_top_of_rock_pile;1;2939
;(3, 0);;(2, 7);Pick_up_large_rock_top_of_rock_pile;1;2940
;(3, 0);;(2, 7);Pick_up_large_rock_top_of_rock_pile;1;2941
;(3, 0);;(2, 7);Pick_up_large_rock_top_of_rock_pile;1;2942
;(3, 0);;(2, 7);Pick_up_large_rock_top_of_rock_pile;1;2943
;(3, 0);;(2, 7);Pick_up_large_rock_top_of_rock_pile;1;2944
;(3, 0);;(2, 7);Pick_up_large_rock_top_of_rock_pile;1;2945
;(3, 0);;(2, 7);Pick_up_large_rock_top_of_rock_pile;1;2946
;(3, 0);;(2, 7);Pick_up_large_rock_top_of_rock_pile;1;2947
;(3, 0);;(2, 7);Pick_up_large_rock_top_of_rock_pile;1;2948
;(3, 0);;(2, 7);Pick_up_large_rock_top_of_rock_pile;1;2949
;(3, 0);;(2, 7);Pick_up_large_rock_top_of_rock_pile;1;2950
;(3, 0);;(2, 7);Pick_up_large_rock_top_of_rock_pile;1;2951
;(3, 0);;(2, 7);Pick_up_large_rock_top_of_rock_pile;1;2952
;(3, 0);;(2, 7);Pick_up_large_rock_top_of_rock_pile;1;2953
;(3, 0);;(2, 7);Pick_up_large_rock_top_of_rock_pile;1;2954
;(3, 0);;(2, 7);Pick_up_large_rock_top_of_rock_pile;1;2955
;(3, 0);;(2, 7);Pick_up_large_rock_top_of_rock_pile;1;2956
;(3, 0);;(2, 7);Pick_up_large_rock_top_of_rock_pile;1;2957
;(3, 0);;(2, 7);Pick_up_large_rock_top_of_rock_pile;1;2958
;(3, 0);;(2, 7);Pick_up_large_rock_top_of_rock_pile;1;2959
;(3, 0);;(2, 7);Pick_up_large_rock_top_of_rock_pile;1;2960
;(3, 0);;(2, 7);Pick_up_large_rock_top_of_rock_pile;1;2961
;(3, 0);;(2, 7);Pick_up_large_rock_top_of_rock_pile;1;2962
;(3, 0);;(2, 7);Pick_up_large_rock_top_of_rock_pile;1;2963
;(3, 0);;(2, 7);Pick_up_large_rock_top_of_rock_pile;1;2964
;(3, 0);;(2, 7);Pick_up_large_rock_top_of_rock_pile;1;2965
;(3, 0);;(2, 7);Pick_up_large_rock_top_of_rock_pile;1;2966
;(3, 0);;(2, 7);Pick_up_large_rock_top_of_rock_pile;1;2967
;(3, 0);;(2, 7);Pick_up_large_rock_top_of_rock_pile;1;2968
;(3, 0);;(2, 7);Pick_up_large_rock_top_of_rock_pile;1;2969
;(3, 0);;(2, 7);Pick_up_large_rock_top_of_rock_pile;1;2970
;(3, 0);;(2, 7);Pick_up_large_rock_top_of_rock_pile;1;2971
;(3, 0);;(2, 7);Pick_up_large_rock_top_of_rock_pile;1;2972
;(3, 0);;(2, 7);Pick_up_large_rock_top_of_rock_pile;1;2973
;(3, 0);;(2, 7);Pick_up_large_rock_top_of_rock_pile;1;2974
;(3, 0);;(2, 7);Pick_up_large_rock_top_of_rock_pile;1;2975
;(3, 0);;(2, 7);Pick_up_large_rock_top_of_rock_pile;1;2976
;(3, 0);;(2, 7);Pick_up_large_rock_top_of_rock_pile;1;2977
;(3, 0);;(2, 7);Pick_up_large_rock_top_of_rock_pile;1;2978
;(3, 0);;(2, 7);Pick_up_large_rock_top_of_rock_pile;1;2979
;(3, 0);;(2, 7);Pick_up_large_rock_top_of_rock_pile;1;2980
;(3, 0);;(2, 7);Pick_up_large_rock_top_of_rock_pile;1;2981
;(3, 0);;(2, 7);Pick_up_large_rock_top_of_rock_pile;1;2982
;(3, 0);;(2, 7);Pick_up_large_rock_top_of_rock_pile;1;2983
;(3, 0);;(2, 7);Pick_up_large_rock_top_of_rock_pile;1;2984
;(3, 0);;(2, 7);Pick_up_large_rock_top_of_rock_pile;1;2985
;(3, 0);;(2, 7);Pick_up_large_rock_top_of_rock_pile;1;2986
;(3, 0);;(2, 7);Pick_up_large_rock_top_of_rock_pile;1;2987
;(3, 0);;(2, 7);Pick_up_large_rock_top_of_rock_pile;1;2988
;(3, 0);;(2, 7);Pick_up_large_rock_top_of_rock_pile;1;2989
;(3, 0);;(2, 7);Pick_up_large_rock_top_of_rock_pile;1;2990
;(3, 0);;(2, 7);Pick_up_large_rock_top_of_rock_pile;1;2991
;(3, 0);;(2, 7);Pick_up_large_rock_top_of_rock_pile;1;2992
;(3, 0);;(2, 7);Pick_up_large_rock_top_of_rock_pile;1;2993
;(3, 0);;(2, 7);Pick_up_large_rock_top_of_rock_pile;1;2994
;(3, 0);;(2, 7);Pick_up_large_rock_top_of_rock_pile;1;2995
;(3, 0);;(2, 7);Pick_up_large_rock_top_of_rock_pile;1;2996
;(3, 0);;(2, 7);Pick_up_large_rock_top_of_rock_pile;1;2997
;(3, 0);;(2, 7);Pick_up_large_rock_top_of_rock_pile;1;2998
;(3, 0);;(2, 7);Pick_up_large_rock_top_of_rock_pile;1;2999
