human_selector_action;human_selector_location;robot_action;robot_location;robot_executing_cp;world_nr;tick_nr
;(3, 4);;(4, 4);False;1;0
;(3, 4);;(4, 4);False;1;1
;(3, 4);Idle;(4, 4);False;1;2
;(3, 4);Idle;(4, 4);False;1;3
;(3, 4);Idle;(4, 4);False;1;4
;(3, 4);Idle;(4, 4);False;1;5
;(3, 4);Idle;(4, 4);False;1;6
;(3, 4);Idle;(4, 4);False;1;7
;(3, 4);Idle;(4, 4);False;1;8
;(3, 4);Idle;(4, 4);False;1;9
;(3, 4);Idle;(4, 4);False;1;10
;(3, 4);Idle;(4, 4);False;1;11
;(3, 4);Idle;(4, 4);False;1;12
;(3, 4);Idle;(4, 4);False;1;13
;(3, 4);Idle;(4, 4);False;1;14
;(3, 4);Idle;(4, 4);False;1;15
;(3, 4);Idle;(4, 4);False;1;16
;(3, 4);Idle;(4, 4);False;1;17
;(3, 4);Idle;(4, 4);False;1;18
;(3, 4);Idle;(4, 4);False;1;19
;(3, 4);Idle;(4, 4);False;1;20
;(3, 4);Idle;(4, 4);False;1;21
;(3, 4);Idle;(4, 4);False;1;22
;(3, 4);Idle;(4, 4);False;1;23
;(3, 4);Idle;(4, 4);False;1;24
;(3, 4);Idle;(4, 4);False;1;25
;(3, 4);Idle;(4, 4);False;1;26
;(3, 4);Idle;(4, 4);False;1;27
;(3, 4);Idle;(4, 4);False;1;28
;(3, 4);Idle;(4, 4);False;1;29
;(3, 4);Idle;(4, 4);False;1;30
;(3, 4);Idle;(4, 4);False;1;31
;(3, 4);Idle;(4, 4);False;1;32
;(3, 4);Idle;(4, 4);False;1;33
;(3, 4);Idle;(4, 4);False;1;34
;(3, 4);Idle;(4, 4);False;1;35
;(3, 4);Idle;(4, 4);False;1;36
;(3, 4);Idle;(4, 4);False;1;37
;(3, 4);Idle;(4, 4);False;1;38
;(3, 4);Idle;(4, 4);False;1;39
;(3, 4);Idle;(4, 4);False;1;40
;(3, 4);Idle;(4, 4);False;1;41
;(3, 4);Idle;(4, 4);False;1;42
;(3, 4);Idle;(4, 4);False;1;43
;(3, 4);Idle;(4, 4);False;1;44
;(3, 4);Idle;(4, 4);False;1;45
;(3, 4);Idle;(4, 4);False;1;46
;(3, 4);Idle;(4, 4);False;1;47
;(3, 4);Idle;(4, 4);False;1;48
;(3, 4);Idle;(4, 4);False;1;49
;(3, 4);Idle;(4, 4);False;1;50
;(3, 4);Idle;(4, 4);False;1;51
;(3, 4);Idle;(4, 4);False;1;52
;(3, 4);Idle;(4, 4);False;1;53
;(3, 4);Idle;(4, 4);False;1;54
;(3, 4);Idle;(4, 4);False;1;55
;(3, 4);Idle;(4, 4);False;1;56
;(3, 4);;(4, 4);False;1;57
;(3, 4);MoveSouth;(4, 4);False;1;58
;(3, 4);MoveSouth;(4, 4);False;1;59
;(3, 4);MoveSouth;(4, 4);False;1;60
;(3, 4);MoveSouth;(4, 4);False;1;61
;(3, 4);MoveSouth;(4, 4);False;1;62
;(3, 4);MoveSouth;(4, 4);False;1;63
;(3, 4);MoveSouth;(4, 4);False;1;64
;(3, 4);MoveSouth;(4, 4);False;1;65
;(3, 4);MoveSouth;(4, 4);False;1;66
MoveEast;(4, 4);MoveSouth;(4, 4);False;1;67
;(4, 4);MoveSouth;(4, 5);False;1;68
;(4, 4);MoveSouthEast;(4, 5);False;1;69
;(4, 4);MoveSouthEast;(4, 5);False;1;70
;(4, 4);MoveSouthEast;(4, 5);False;1;71
;(4, 4);MoveSouthEast;(4, 5);False;1;72
MoveEast;(5, 4);MoveSouthEast;(4, 5);False;1;73
MoveEast;(6, 4);MoveSouthEast;(4, 5);False;1;74
MoveEast;(7, 4);MoveSouthEast;(4, 5);False;1;75
MoveEast;(8, 4);MoveSouthEast;(4, 5);False;1;76
;(8, 4);MoveSouthEast;(4, 5);False;1;77
;(8, 4);MoveSouthEast;(4, 5);False;1;78
;(8, 4);MoveSouthEast;(5, 6);False;1;79
;(8, 4);MoveSouth;(5, 6);False;1;80
;(8, 4);MoveSouth;(5, 6);False;1;81
MoveEast;(9, 4);MoveSouth;(5, 6);False;1;82
;(9, 4);MoveSouth;(5, 6);False;1;83
;(9, 4);MoveSouth;(5, 6);False;1;84
;(9, 4);MoveSouth;(5, 6);False;1;85
;(9, 4);MoveSouth;(5, 6);False;1;86
;(9, 4);MoveSouth;(5, 6);False;1;87
;(9, 4);MoveSouth;(5, 6);False;1;88
;(9, 4);MoveSouth;(5, 6);False;1;89
;(9, 4);MoveSouth;(5, 7);False;1;90
;(9, 4);MoveSouth;(5, 7);False;1;91
;(9, 4);MoveSouth;(5, 7);False;1;92
;(9, 4);MoveSouth;(5, 7);False;1;93
;(9, 4);MoveSouth;(5, 7);False;1;94
;(9, 4);MoveSouth;(5, 7);False;1;95
;(9, 4);MoveSouth;(5, 7);False;1;96
;(9, 4);MoveSouth;(5, 7);False;1;97
;(9, 4);MoveSouth;(5, 7);False;1;98
;(9, 4);MoveSouth;(5, 7);False;1;99
;(9, 4);MoveSouth;(5, 7);False;1;100
;(9, 4);MoveSouth;(5, 8);False;1;101
;(9, 4);MoveSouthEast;(5, 8);False;1;102
;(9, 4);MoveSouthEast;(5, 8);False;1;103
;(9, 4);MoveSouthEast;(5, 8);False;1;104
;(9, 4);MoveSouthEast;(5, 8);False;1;105
;(9, 4);MoveSouthEast;(5, 8);False;1;106
;(9, 4);MoveSouthEast;(5, 8);False;1;107
;(9, 4);MoveSouthEast;(5, 8);False;1;108
;(9, 4);MoveSouthEast;(5, 8);False;1;109
;(9, 4);MoveSouthEast;(5, 8);False;1;110
;(9, 4);MoveSouthEast;(5, 8);False;1;111
;(9, 4);MoveSouthEast;(6, 9);False;1;112
;(9, 4);GrabLargeObject;(6, 9);False;1;113
;(9, 4);GrabLargeObject;(6, 9);False;1;114
;(9, 4);GrabLargeObject;(6, 9);False;1;115
;(9, 4);GrabLargeObject;(6, 9);False;1;116
;(9, 4);GrabLargeObject;(6, 9);False;1;117
;(9, 4);GrabLargeObject;(6, 9);False;1;118
;(9, 4);GrabLargeObject;(6, 9);False;1;119
;(9, 4);GrabLargeObject;(6, 9);False;1;120
;(9, 4);GrabLargeObject;(6, 9);False;1;121
;(9, 4);GrabLargeObject;(6, 9);False;1;122
MoveSouth;(9, 5);GrabLargeObject;(6, 9);False;1;123
;(9, 5);;(6, 9);False;1;124
;(9, 5);MoveWest;(6, 9);False;1;125
;(9, 5);MoveWest;(6, 9);False;1;126
;(9, 5);MoveWest;(6, 9);False;1;127
;(9, 5);MoveWest;(6, 9);False;1;128
;(9, 5);MoveWest;(6, 9);False;1;129
;(9, 5);MoveWest;(6, 9);False;1;130
;(9, 5);MoveWest;(6, 9);False;1;131
;(9, 5);MoveWest;(6, 9);False;1;132
;(9, 5);MoveWest;(6, 9);False;1;133
;(9, 5);MoveWest;(6, 9);False;1;134
;(9, 5);MoveWest;(5, 9);False;1;135
;(9, 5);MoveWest;(5, 9);False;1;136
;(9, 5);MoveWest;(5, 9);False;1;137
;(9, 5);MoveWest;(5, 9);False;1;138
;(9, 5);MoveWest;(5, 9);False;1;139
;(9, 5);MoveWest;(5, 9);False;1;140
;(9, 5);MoveWest;(5, 9);False;1;141
;(9, 5);MoveWest;(5, 9);False;1;142
;(9, 5);MoveWest;(5, 9);False;1;143
;(9, 5);MoveWest;(5, 9);False;1;144
MoveSouth;(9, 6);MoveWest;(5, 9);False;1;145
;(9, 6);MoveWest;(4, 9);False;1;146
;(9, 6);MoveNorthWest;(4, 9);False;1;147
;(9, 6);MoveNorthWest;(4, 9);False;1;148
;(9, 6);MoveNorthWest;(4, 9);False;1;149
;(9, 6);MoveNorthWest;(4, 9);False;1;150
;(9, 6);MoveNorthWest;(4, 9);False;1;151
;(9, 6);MoveNorthWest;(4, 9);False;1;152
;(9, 6);MoveNorthWest;(4, 9);False;1;153
;(9, 6);MoveNorthWest;(4, 9);False;1;154
MoveSouth;(9, 7);MoveNorthWest;(4, 9);False;1;155
MoveSouth;(9, 8);MoveNorthWest;(4, 9);False;1;156
MoveSouth;(9, 9);MoveNorthWest;(3, 8);False;1;157
MoveSouth;(9, 10);MoveWest;(3, 8);False;1;158
MoveSouth;(9, 11);MoveWest;(3, 8);False;1;159
MoveSouth;(9, 11);MoveWest;(3, 8);False;1;160
;(9, 11);MoveWest;(3, 8);False;1;161
;(9, 11);MoveWest;(3, 8);False;1;162
;(9, 11);MoveWest;(3, 8);False;1;163
;(9, 11);MoveWest;(3, 8);False;1;164
;(9, 11);MoveWest;(3, 8);False;1;165
;(9, 11);MoveWest;(3, 8);False;1;166
;(9, 11);MoveWest;(3, 8);False;1;167
;(9, 11);MoveWest;(2, 8);False;1;168
;(9, 11);MoveNorthWest;(2, 8);False;1;169
;(9, 11);MoveNorthWest;(2, 8);False;1;170
MoveWest;(8, 11);MoveNorthWest;(2, 8);False;1;171
;(8, 11);MoveNorthWest;(2, 8);False;1;172
;(8, 11);MoveNorthWest;(2, 8);False;1;173
;(8, 11);MoveNorthWest;(2, 8);False;1;174
MoveWest;(7, 11);MoveNorthWest;(2, 8);False;1;175
;(7, 11);MoveNorthWest;(2, 8);False;1;176
;(7, 11);MoveNorthWest;(2, 8);False;1;177
;(7, 11);MoveNorthWest;(2, 8);False;1;178
;(7, 11);MoveNorthWest;(1, 7);False;1;179
;(7, 11);MoveWest;(1, 7);False;1;180
;(7, 11);MoveWest;(1, 7);False;1;181
;(7, 11);MoveWest;(1, 7);False;1;182
;(7, 11);MoveWest;(1, 7);False;1;183
;(7, 11);MoveWest;(1, 7);False;1;184
;(7, 11);MoveWest;(1, 7);False;1;185
;(7, 11);MoveWest;(1, 7);False;1;186
MoveNorth;(7, 10);MoveWest;(1, 7);False;1;187
;(7, 10);MoveWest;(1, 7);False;1;188
;(7, 10);MoveWest;(1, 7);False;1;189
;(7, 10);MoveWest;(0, 7);False;1;190
;(7, 10);DropLargeObject;(0, 7);False;1;191
;(7, 10);DropLargeObject;(0, 7);False;1;192
;(7, 10);DropLargeObject;(0, 7);False;1;193
;(7, 10);DropLargeObject;(0, 7);False;1;194
;(7, 10);DropLargeObject;(0, 7);False;1;195
;(7, 10);DropLargeObject;(0, 7);False;1;196
;(7, 10);DropLargeObject;(0, 7);False;1;197
;(7, 10);DropLargeObject;(0, 7);False;1;198
;(7, 10);DropLargeObject;(0, 7);False;1;199
;(7, 10);DropLargeObject;(0, 7);False;1;200
;(7, 10);DropLargeObject;(0, 7);False;1;201
;(7, 10);;(0, 7);False;1;202
;(7, 10);MoveEast;(0, 7);False;1;203
;(7, 10);MoveEast;(0, 7);False;1;204
;(7, 10);MoveEast;(0, 7);False;1;205
;(7, 10);MoveEast;(0, 7);False;1;206
;(7, 10);MoveEast;(0, 7);False;1;207
;(7, 10);MoveEast;(0, 7);False;1;208
GrabObject;(7, 10);MoveEast;(0, 7);False;1;209
;(7, 10);MoveEast;(0, 7);False;1;210
;(7, 10);MoveEast;(0, 7);False;1;211
;(7, 10);MoveEast;(0, 7);False;1;212
;(7, 10);MoveEast;(1, 7);False;1;213
;(7, 10);MoveEast;(1, 7);False;1;214
;(7, 10);MoveEast;(1, 7);False;1;215
;(7, 10);MoveEast;(1, 7);False;1;216
MoveWest;(6, 10);MoveEast;(1, 7);False;1;217
;(6, 10);MoveEast;(1, 7);False;1;218
;(6, 10);MoveEast;(1, 7);False;1;219
;(6, 10);MoveEast;(1, 7);False;1;220
MoveWest;(5, 10);MoveEast;(1, 7);False;1;221
MoveWest;(4, 10);MoveEast;(1, 7);False;1;222
MoveWest;(3, 10);MoveEast;(1, 7);False;1;223
MoveWest;(2, 10);MoveEast;(2, 7);False;1;224
;(2, 10);MoveEast;(2, 7);False;1;225
;(2, 10);MoveEast;(2, 7);False;1;226
;(2, 10);MoveEast;(2, 7);False;1;227
;(2, 10);MoveEast;(2, 7);False;1;228
;(2, 10);MoveEast;(2, 7);False;1;229
;(2, 10);MoveEast;(2, 7);False;1;230
;(2, 10);MoveEast;(2, 7);False;1;231
;(2, 10);MoveEast;(2, 7);False;1;232
DropObject;(2, 10);MoveEast;(2, 7);False;1;233
;(2, 10);MoveEast;(2, 7);False;1;234
;(2, 10);MoveEast;(3, 7);False;1;235
;(2, 10);MoveNorthEast;(3, 7);False;1;236
;(2, 10);MoveNorthEast;(3, 7);False;1;237
;(2, 10);MoveNorthEast;(3, 7);False;1;238
;(2, 10);MoveNorthEast;(3, 7);False;1;239
;(2, 10);MoveNorthEast;(3, 7);False;1;240
;(2, 10);MoveNorthEast;(3, 7);False;1;241
;(2, 10);MoveNorthEast;(3, 7);False;1;242
;(2, 10);MoveNorthEast;(3, 7);False;1;243
;(2, 10);MoveNorthEast;(3, 7);False;1;244
;(2, 10);MoveNorthEast;(3, 7);False;1;245
;(2, 10);MoveNorthEast;(4, 6);False;1;246
;(2, 10);MoveNorthEast;(4, 6);False;1;247
;(2, 10);MoveNorthEast;(4, 6);False;1;248
MoveEast;(3, 10);MoveNorthEast;(4, 6);False;1;249
;(3, 10);MoveNorthEast;(4, 6);False;1;250
;(3, 10);MoveNorthEast;(4, 6);False;1;251
;(3, 10);MoveNorthEast;(4, 6);False;1;252
;(3, 10);MoveNorthEast;(4, 6);False;1;253
;(3, 10);MoveNorthEast;(4, 6);False;1;254
;(3, 10);MoveNorthEast;(4, 6);False;1;255
;(3, 10);MoveNorthEast;(4, 6);False;1;256
;(3, 10);MoveNorthEast;(5, 5);False;1;257
;(3, 10);MoveNorthEast;(5, 5);False;1;258
MoveEast;(4, 10);MoveNorthEast;(5, 5);False;1;259
MoveEast;(5, 10);MoveNorthEast;(5, 5);False;1;260
MoveEast;(6, 10);MoveNorthEast;(5, 5);False;1;261
;(6, 10);MoveNorthEast;(5, 5);False;1;262
MoveEast;(7, 10);MoveNorthEast;(5, 5);False;1;263
MoveEast;(8, 10);MoveNorthEast;(5, 5);False;1;264
MoveEast;(9, 10);MoveNorthEast;(5, 5);False;1;265
;(9, 10);MoveNorthEast;(5, 5);False;1;266
MoveEast;(10, 10);MoveNorthEast;(5, 5);False;1;267
MoveEast;(11, 10);MoveNorthEast;(6, 4);False;1;268
;(11, 10);MoveEast;(6, 4);False;1;269
;(11, 10);MoveEast;(6, 4);False;1;270
;(11, 10);MoveEast;(6, 4);False;1;271
;(11, 10);MoveEast;(6, 4);False;1;272
;(11, 10);MoveEast;(6, 4);False;1;273
;(11, 10);MoveEast;(6, 4);False;1;274
;(11, 10);MoveEast;(6, 4);False;1;275
;(11, 10);MoveEast;(6, 4);False;1;276
;(11, 10);MoveEast;(6, 4);False;1;277
;(11, 10);MoveEast;(6, 4);False;1;278
;(11, 10);MoveEast;(7, 4);False;1;279
;(11, 10);MoveEast;(7, 4);False;1;280
;(11, 10);MoveEast;(7, 4);False;1;281
MoveEast;(12, 10);MoveEast;(7, 4);False;1;282
;(12, 10);MoveEast;(7, 4);False;1;283
;(12, 10);MoveEast;(7, 4);False;1;284
;(12, 10);MoveEast;(7, 4);False;1;285
;(12, 10);MoveEast;(7, 4);False;1;286
;(12, 10);MoveEast;(7, 4);False;1;287
;(12, 10);MoveEast;(7, 4);False;1;288
;(12, 10);MoveEast;(7, 4);False;1;289
MoveEast;(13, 10);MoveEast;(8, 4);False;1;290
;(13, 10);MoveEast;(8, 4);False;1;291
;(13, 10);MoveEast;(8, 4);False;1;292
;(13, 10);MoveEast;(8, 4);False;1;293
;(13, 10);MoveEast;(8, 4);False;1;294
MoveEast;(14, 10);MoveEast;(8, 4);False;1;295
;(14, 10);MoveEast;(8, 4);False;1;296
;(14, 10);MoveEast;(8, 4);False;1;297
;(14, 10);MoveEast;(8, 4);False;1;298
;(14, 10);MoveEast;(8, 4);False;1;299
;(14, 10);MoveEast;(8, 4);False;1;300
;(14, 10);MoveEast;(9, 4);False;1;301
;(14, 10);GrabObject;(9, 4);False;1;302
;(14, 10);GrabObject;(9, 4);False;1;303
;(14, 10);GrabObject;(9, 4);False;1;304
MoveEast;(15, 10);GrabObject;(9, 4);False;1;305
;(15, 10);GrabObject;(9, 4);False;1;306
;(15, 10);GrabObject;(9, 4);False;1;307
;(15, 10);GrabObject;(9, 4);False;1;308
;(15, 10);GrabObject;(9, 4);False;1;309
;(15, 10);GrabObject;(9, 4);False;1;310
;(15, 10);GrabObject;(9, 4);False;1;311
;(15, 10);GrabObject;(9, 4);False;1;312
;(15, 10);;(9, 4);False;1;313
;(15, 10);MoveWest;(9, 4);False;1;314
;(15, 10);MoveWest;(9, 4);False;1;315
;(15, 10);MoveWest;(9, 4);False;1;316
;(15, 10);MoveWest;(9, 4);False;1;317
;(15, 10);MoveWest;(9, 4);False;1;318
MoveWest;(14, 10);MoveWest;(9, 4);False;1;319
;(14, 10);MoveWest;(9, 4);False;1;320
;(14, 10);MoveWest;(9, 4);False;1;321
;(14, 10);MoveWest;(9, 4);False;1;322
;(14, 10);MoveWest;(9, 4);False;1;323
;(14, 10);MoveWest;(8, 4);False;1;324
;(14, 10);MoveWest;(8, 4);False;1;325
GrabObject;(14, 10);MoveWest;(8, 4);False;1;326
;(14, 10);MoveWest;(8, 4);False;1;327
;(14, 10);MoveWest;(8, 4);False;1;328
;(14, 10);MoveWest;(8, 4);False;1;329
MoveEast;(15, 10);MoveWest;(8, 4);False;1;330
;(15, 10);MoveWest;(8, 4);False;1;331
;(15, 10);MoveWest;(8, 4);False;1;332
;(15, 10);MoveWest;(8, 4);False;1;333
;(15, 10);MoveWest;(8, 4);False;1;334
;(15, 10);MoveWest;(7, 4);False;1;335
;(15, 10);MoveWest;(7, 4);False;1;336
;(15, 10);MoveWest;(7, 4);False;1;337
;(15, 10);MoveWest;(7, 4);False;1;338
;(15, 10);MoveWest;(7, 4);False;1;339
MoveEast;(16, 10);MoveWest;(7, 4);False;1;340
MoveEast;(17, 10);MoveWest;(7, 4);False;1;341
MoveEast;(18, 10);MoveWest;(7, 4);False;1;342
;(18, 10);MoveWest;(7, 4);False;1;343
MoveEast;(19, 10);MoveWest;(7, 4);False;1;344
MoveEast;(19, 10);MoveWest;(7, 4);False;1;345
;(19, 10);MoveWest;(6, 4);False;1;346
;(19, 10);MoveWest;(6, 4);False;1;347
;(19, 10);MoveWest;(6, 4);False;1;348
;(19, 10);MoveWest;(6, 4);False;1;349
;(19, 10);MoveWest;(6, 4);False;1;350
;(19, 10);MoveWest;(6, 4);False;1;351
;(19, 10);MoveWest;(6, 4);False;1;352
;(19, 10);MoveWest;(6, 4);False;1;353
DropObject;(19, 10);MoveWest;(6, 4);False;1;354
;(19, 10);MoveWest;(6, 4);False;1;355
;(19, 10);MoveWest;(6, 4);False;1;356
;(19, 10);MoveWest;(5, 4);False;1;357
;(19, 10);MoveNorthWest;(5, 4);False;1;358
;(19, 10);MoveNorthWest;(5, 4);False;1;359
MoveWest;(18, 10);MoveNorthWest;(5, 4);False;1;360
;(18, 10);MoveNorthWest;(5, 4);False;1;361
;(18, 10);MoveNorthWest;(5, 4);False;1;362
;(18, 10);MoveNorthWest;(5, 4);False;1;363
;(18, 10);MoveNorthWest;(5, 4);False;1;364
;(18, 10);MoveNorthWest;(5, 4);False;1;365
;(18, 10);MoveNorthWest;(5, 4);False;1;366
;(18, 10);MoveNorthWest;(5, 4);False;1;367
;(18, 10);MoveNorthWest;(4, 3);False;1;368
;(18, 10);MoveWest;(4, 3);False;1;369
MoveWest;(17, 10);MoveWest;(4, 3);False;1;370
MoveWest;(16, 10);MoveWest;(4, 3);False;1;371
MoveWest;(15, 10);MoveWest;(4, 3);False;1;372
MoveWest;(14, 10);MoveWest;(4, 3);False;1;373
MoveWest;(13, 10);MoveWest;(4, 3);False;1;374
;(13, 10);MoveWest;(4, 3);False;1;375
;(13, 10);MoveWest;(4, 3);False;1;376
;(13, 10);MoveWest;(4, 3);False;1;377
;(13, 10);MoveWest;(4, 3);False;1;378
MoveWest;(12, 10);MoveWest;(3, 3);False;1;379
;(12, 10);MoveNorthWest;(3, 3);False;1;380
;(12, 10);MoveNorthWest;(3, 3);False;1;381
;(12, 10);MoveNorthWest;(3, 3);False;1;382
;(12, 10);MoveNorthWest;(3, 3);False;1;383
;(12, 10);MoveNorthWest;(3, 3);False;1;384
;(12, 10);MoveNorthWest;(3, 3);False;1;385
;(12, 10);MoveNorthWest;(3, 3);False;1;386
;(12, 10);MoveNorthWest;(3, 3);False;1;387
;(12, 10);MoveNorthWest;(3, 3);False;1;388
;(12, 10);MoveNorthWest;(3, 3);False;1;389
;(12, 10);MoveNorthWest;(2, 2);False;1;390
;(12, 10);MoveWest;(2, 2);False;1;391
;(12, 10);MoveWest;(2, 2);False;1;392
;(12, 10);MoveWest;(2, 2);False;1;393
;(12, 10);MoveWest;(2, 2);False;1;394
GrabObject;(12, 10);MoveWest;(2, 2);False;1;395
;(12, 10);MoveWest;(2, 2);False;1;396
;(12, 10);MoveWest;(2, 2);False;1;397
;(12, 10);MoveWest;(2, 2);False;1;398
MoveEast;(13, 10);MoveWest;(2, 2);False;1;399
;(13, 10);MoveWest;(2, 2);False;1;400
;(13, 10);MoveWest;(1, 2);False;1;401
;(13, 10);DropObject;(1, 2);False;1;402
;(13, 10);DropObject;(1, 2);False;1;403
;(13, 10);DropObject;(1, 2);False;1;404
;(13, 10);DropObject;(1, 2);False;1;405
;(13, 10);DropObject;(1, 2);False;1;406
;(13, 10);DropObject;(1, 2);False;1;407
;(13, 10);DropObject;(1, 2);False;1;408
MoveEast;(14, 10);DropObject;(1, 2);False;1;409
MoveEast;(15, 10);DropObject;(1, 2);False;1;410
;(15, 10);DropObject;(1, 2);False;1;411
MoveEast;(16, 10);DropObject;(1, 2);False;1;412
MoveEast;(17, 10);;(1, 2);False;1;413
MoveEast;(18, 10);MoveEast;(1, 2);False;1;414
MoveEast;(19, 10);MoveEast;(1, 2);False;1;415
;(19, 10);MoveEast;(1, 2);False;1;416
;(19, 10);MoveEast;(1, 2);False;1;417
;(19, 10);MoveEast;(1, 2);False;1;418
;(19, 10);MoveEast;(1, 2);False;1;419
;(19, 10);MoveEast;(1, 2);False;1;420
;(19, 10);MoveEast;(1, 2);False;1;421
;(19, 10);MoveEast;(1, 2);False;1;422
MoveEast;(19, 10);MoveEast;(1, 2);False;1;423
;(19, 10);MoveEast;(2, 2);False;1;424
;(19, 10);MoveEast;(2, 2);False;1;425
;(19, 10);MoveEast;(2, 2);False;1;426
;(19, 10);MoveEast;(2, 2);False;1;427
;(19, 10);MoveEast;(2, 2);False;1;428
;(19, 10);MoveEast;(2, 2);False;1;429
DropObject;(19, 10);MoveEast;(2, 2);False;1;430
;(19, 10);MoveEast;(2, 2);False;1;431
;(19, 10);MoveEast;(2, 2);False;1;432
;(19, 10);MoveEast;(2, 2);False;1;433
;(19, 10);MoveEast;(2, 2);False;1;434
MoveWest;(18, 10);MoveEast;(3, 2);False;1;435
;(18, 10);MoveSouthEast;(3, 2);False;1;436
;(18, 10);MoveSouthEast;(3, 2);False;1;437
;(18, 10);MoveSouthEast;(3, 2);False;1;438
;(18, 10);MoveSouthEast;(3, 2);False;1;439
;(18, 10);MoveSouthEast;(3, 2);False;1;440
;(18, 10);MoveSouthEast;(3, 2);False;1;441
;(18, 10);MoveSouthEast;(3, 2);False;1;442
;(18, 10);MoveSouthEast;(3, 2);False;1;443
;(18, 10);MoveSouthEast;(3, 2);False;1;444
MoveWest;(17, 10);MoveSouthEast;(3, 2);False;1;445
MoveWest;(16, 10);MoveSouthEast;(4, 3);False;1;446
MoveWest;(15, 10);MoveEast;(4, 3);False;1;447
MoveWest;(14, 10);MoveEast;(4, 3);False;1;448
;(14, 10);MoveEast;(4, 3);False;1;449
;(14, 10);MoveEast;(4, 3);False;1;450
;(14, 10);MoveEast;(4, 3);False;1;451
;(14, 10);MoveEast;(4, 3);False;1;452
;(14, 10);MoveEast;(4, 3);False;1;453
;(14, 10);MoveEast;(4, 3);False;1;454
;(14, 10);MoveEast;(4, 3);False;1;455
;(14, 10);MoveEast;(4, 3);False;1;456
;(14, 10);MoveEast;(5, 3);False;1;457
;(14, 10);MoveSouthEast;(5, 3);False;1;458
;(14, 10);MoveSouthEast;(5, 3);False;1;459
MoveWest;(13, 10);MoveSouthEast;(5, 3);False;1;460
;(13, 10);MoveSouthEast;(5, 3);False;1;461
;(13, 10);MoveSouthEast;(5, 3);False;1;462
;(13, 10);MoveSouthEast;(5, 3);False;1;463
;(13, 10);MoveSouthEast;(5, 3);False;1;464
;(13, 10);MoveSouthEast;(5, 3);False;1;465
;(13, 10);MoveSouthEast;(5, 3);False;1;466
;(13, 10);MoveSouthEast;(5, 3);False;1;467
;(13, 10);MoveSouthEast;(6, 4);False;1;468
;(13, 10);MoveSouthEast;(6, 4);False;1;469
;(13, 10);MoveSouthEast;(6, 4);False;1;470
;(13, 10);MoveSouthEast;(6, 4);False;1;471
;(13, 10);MoveSouthEast;(6, 4);False;1;472
;(13, 10);MoveSouthEast;(6, 4);False;1;473
;(13, 10);MoveSouthEast;(6, 4);False;1;474
;(13, 10);MoveSouthEast;(6, 4);False;1;475
;(13, 10);MoveSouthEast;(6, 4);False;1;476
;(13, 10);MoveSouthEast;(6, 4);False;1;477
;(13, 10);MoveSouthEast;(6, 4);False;1;478
GrabObject;(13, 10);MoveSouthEast;(7, 5);False;1;479
;(13, 10);MoveEast;(7, 5);False;1;480
;(13, 10);MoveEast;(7, 5);False;1;481
;(13, 10);MoveEast;(7, 5);False;1;482
;(13, 10);MoveEast;(7, 5);False;1;483
MoveEast;(14, 10);MoveEast;(7, 5);False;1;484
;(14, 10);MoveEast;(7, 5);False;1;485
;(14, 10);MoveEast;(7, 5);False;1;486
;(14, 10);MoveEast;(7, 5);False;1;487
;(14, 10);MoveEast;(7, 5);False;1;488
;(14, 10);MoveEast;(7, 5);False;1;489
;(14, 10);MoveEast;(8, 5);False;1;490
;(14, 10);MoveEast;(8, 5);False;1;491
;(14, 10);MoveEast;(8, 5);False;1;492
;(14, 10);MoveEast;(8, 5);False;1;493
;(14, 10);MoveEast;(8, 5);False;1;494
MoveEast;(15, 10);MoveEast;(8, 5);False;1;495
MoveEast;(16, 10);MoveEast;(8, 5);False;1;496
MoveEast;(17, 10);MoveEast;(8, 5);False;1;497
;(17, 10);MoveEast;(8, 5);False;1;498
MoveEast;(18, 10);MoveEast;(8, 5);False;1;499
MoveEast;(19, 10);MoveEast;(8, 5);False;1;500
;(19, 10);MoveEast;(9, 5);False;1;501
;(19, 10);GrabObject;(9, 5);False;1;502
;(19, 10);GrabObject;(9, 5);False;1;503
;(19, 10);GrabObject;(9, 5);False;1;504
;(19, 10);GrabObject;(9, 5);False;1;505
;(19, 10);GrabObject;(9, 5);False;1;506
;(19, 10);GrabObject;(9, 5);False;1;507
;(19, 10);GrabObject;(9, 5);False;1;508
;(19, 10);GrabObject;(9, 5);False;1;509
;(19, 10);GrabObject;(9, 5);False;1;510
;(19, 10);GrabObject;(9, 5);False;1;511
GrabObject;(19, 10);GrabObject;(9, 5);False;1;512
;(19, 10);;(9, 5);False;1;513
;(19, 10);MoveSouthEast;(9, 5);False;1;514
;(19, 10);MoveSouthEast;(9, 5);False;1;515
;(19, 10);MoveSouthEast;(9, 5);False;1;516
;(19, 10);MoveSouthEast;(9, 5);False;1;517
;(19, 10);MoveSouthEast;(9, 5);False;1;518
;(19, 10);MoveSouthEast;(9, 5);False;1;519
;(19, 10);MoveSouthEast;(9, 5);False;1;520
;(19, 10);MoveSouthEast;(9, 5);False;1;521
;(19, 10);MoveSouthEast;(9, 5);False;1;522
;(19, 10);MoveSouthEast;(9, 5);False;1;523
DropObject;(19, 10);MoveSouthEast;(10, 6);False;1;524
;(19, 10);MoveEast;(10, 6);False;1;525
;(19, 10);MoveEast;(10, 6);False;1;526
;(19, 10);MoveEast;(10, 6);False;1;527
;(19, 10);MoveEast;(10, 6);False;1;528
MoveWest;(18, 10);MoveEast;(10, 6);False;1;529
;(18, 10);MoveEast;(10, 6);False;1;530
;(18, 10);MoveEast;(10, 6);False;1;531
;(18, 10);MoveEast;(10, 6);False;1;532
;(18, 10);MoveEast;(10, 6);False;1;533
;(18, 10);MoveEast;(10, 6);False;1;534
;(18, 10);MoveEast;(11, 6);False;1;535
;(18, 10);MoveSouthEast;(11, 6);False;1;536
;(18, 10);MoveSouthEast;(11, 6);False;1;537
;(18, 10);MoveSouthEast;(11, 6);False;1;538
;(18, 10);MoveSouthEast;(11, 6);False;1;539
MoveWest;(17, 10);MoveSouthEast;(11, 6);False;1;540
;(17, 10);MoveSouthEast;(11, 6);False;1;541
MoveWest;(16, 10);MoveSouthEast;(11, 6);False;1;542
MoveWest;(15, 10);MoveSouthEast;(11, 6);False;1;543
MoveWest;(14, 10);MoveSouthEast;(11, 6);False;1;544
MoveWest;(13, 10);MoveSouthEast;(11, 6);False;1;545
MoveWest;(12, 10);MoveSouthEast;(12, 7);False;1;546
;(12, 10);MoveEast;(12, 7);False;1;547
;(12, 10);MoveEast;(12, 7);False;1;548
;(12, 10);MoveEast;(12, 7);False;1;549
;(12, 10);MoveEast;(12, 7);False;1;550
;(12, 10);MoveEast;(12, 7);False;1;551
;(12, 10);MoveEast;(12, 7);False;1;552
;(12, 10);MoveEast;(12, 7);False;1;553
;(12, 10);MoveEast;(12, 7);False;1;554
;(12, 10);MoveEast;(12, 7);False;1;555
;(12, 10);MoveEast;(12, 7);False;1;556
;(12, 10);MoveEast;(13, 7);False;1;557
;(12, 10);MoveSouthEast;(13, 7);False;1;558
;(12, 10);MoveSouthEast;(13, 7);False;1;559
;(12, 10);MoveSouthEast;(13, 7);False;1;560
;(12, 10);MoveSouthEast;(13, 7);False;1;561
;(12, 10);MoveSouthEast;(13, 7);False;1;562
;(12, 10);MoveSouthEast;(13, 7);False;1;563
;(12, 10);MoveSouthEast;(13, 7);False;1;564
;(12, 10);MoveSouthEast;(13, 7);False;1;565
;(12, 10);MoveSouthEast;(13, 7);False;1;566
DropObject;(12, 10);MoveSouthEast;(13, 7);False;1;567
;(12, 10);MoveSouthEast;(14, 8);False;1;568
;(12, 10);MoveEast;(14, 8);False;1;569
;(12, 10);MoveEast;(14, 8);False;1;570
;(12, 10);MoveEast;(14, 8);False;1;571
;(12, 10);MoveEast;(14, 8);False;1;572
;(12, 10);MoveEast;(14, 8);False;1;573
;(12, 10);MoveEast;(14, 8);False;1;574
;(12, 10);MoveEast;(14, 8);False;1;575
;(12, 10);MoveEast;(14, 8);False;1;576
;(12, 10);MoveEast;(14, 8);False;1;577
;(12, 10);MoveEast;(14, 8);False;1;578
;(12, 10);MoveEast;(15, 8);False;1;579
GrabObject;(12, 10);MoveSouthEast;(15, 8);False;1;580
;(12, 10);MoveSouthEast;(15, 8);False;1;581
;(12, 10);MoveSouthEast;(15, 8);False;1;582
MoveEast;(13, 10);MoveSouthEast;(15, 8);False;1;583
;(13, 10);MoveSouthEast;(15, 8);False;1;584
;(13, 10);MoveSouthEast;(15, 8);False;1;585
;(13, 10);MoveSouthEast;(15, 8);False;1;586
;(13, 10);MoveSouthEast;(15, 8);False;1;587
;(13, 10);MoveSouthEast;(15, 8);False;1;588
;(13, 10);MoveSouthEast;(15, 8);False;1;589
;(13, 10);MoveSouthEast;(16, 9);False;1;590
;(13, 10);MoveEast;(16, 9);False;1;591
;(13, 10);MoveEast;(16, 9);False;1;592
MoveEast;(14, 10);MoveEast;(16, 9);False;1;593
MoveEast;(15, 10);MoveEast;(16, 9);False;1;594
MoveEast;(16, 10);MoveEast;(16, 9);False;1;595
MoveEast;(17, 10);MoveEast;(16, 9);False;1;596
MoveEast;(18, 10);MoveEast;(16, 9);False;1;597
MoveEast;(19, 10);MoveEast;(16, 9);False;1;598
;(19, 10);MoveEast;(16, 9);False;1;599
MoveEast;(19, 10);MoveEast;(16, 9);False;1;600
MoveEast;(19, 10);MoveEast;(17, 9);False;1;601
;(19, 10);MoveEast;(17, 9);False;1;602
;(19, 10);MoveEast;(17, 9);False;1;603
;(19, 10);MoveEast;(17, 9);False;1;604
;(19, 10);MoveEast;(17, 9);False;1;605
;(19, 10);MoveEast;(17, 9);False;1;606
;(19, 10);MoveEast;(17, 9);False;1;607
;(19, 10);MoveEast;(17, 9);False;1;608
;(19, 10);MoveEast;(17, 9);False;1;609
;(19, 10);MoveEast;(17, 9);False;1;610
DropObject;(19, 10);MoveEast;(17, 9);False;1;611
;(19, 10);MoveEast;(18, 9);False;1;612
;(19, 10);MoveSouthEast;(18, 9);False;1;613
;(19, 10);MoveSouthEast;(18, 9);False;1;614
;(19, 10);MoveSouthEast;(18, 9);False;1;615
;(19, 10);MoveSouthEast;(18, 9);False;1;616
MoveWest;(18, 10);MoveSouthEast;(18, 9);False;1;617
;(18, 10);MoveSouthEast;(18, 9);False;1;618
;(18, 10);MoveSouthEast;(18, 9);False;1;619
;(18, 10);MoveSouthEast;(18, 9);False;1;620
;(18, 10);MoveSouthEast;(18, 9);False;1;621
;(18, 10);MoveSouthEast;(18, 9);False;1;622
;(18, 10);MoveSouthEast;(19, 10);False;1;623
;(18, 10);Idle;(19, 10);False;1;624
;(18, 10);Idle;(19, 10);False;1;625
;(18, 10);Idle;(19, 10);False;1;626
MoveWest;(17, 10);Idle;(19, 10);False;1;627
MoveWest;(16, 10);Idle;(19, 10);False;1;628
MoveWest;(15, 10);Idle;(19, 10);False;1;629
MoveWest;(14, 10);Idle;(19, 10);False;1;630
MoveWest;(13, 10);Idle;(19, 10);False;1;631
MoveWest;(12, 10);Idle;(19, 10);False;1;632
MoveWest;(11, 10);Idle;(19, 10);False;1;633
MoveWest;(10, 10);Idle;(19, 10);False;1;634
;(10, 10);Idle;(19, 10);False;1;635
;(10, 10);Idle;(19, 10);False;1;636
;(10, 10);Idle;(19, 10);False;1;637
;(10, 10);Idle;(19, 10);False;1;638
;(10, 10);Idle;(19, 10);False;1;639
;(10, 10);Idle;(19, 10);False;1;640
;(10, 10);Idle;(19, 10);False;1;641
;(10, 10);Idle;(19, 10);False;1;642
;(10, 10);Idle;(19, 10);False;1;643
;(10, 10);Idle;(19, 10);False;1;644
MoveEast;(11, 10);Idle;(19, 10);False;1;645
;(11, 10);Idle;(19, 10);False;1;646
;(11, 10);Idle;(19, 10);False;1;647
;(11, 10);Idle;(19, 10);False;1;648
;(11, 10);Idle;(19, 10);False;1;649
;(11, 10);Idle;(19, 10);False;1;650
MoveEast;(12, 10);Idle;(19, 10);False;1;651
;(12, 10);Idle;(19, 10);False;1;652
;(12, 10);Idle;(19, 10);False;1;653
;(12, 10);Idle;(19, 10);False;1;654
;(12, 10);Idle;(19, 10);False;1;655
MoveEast;(13, 10);Idle;(19, 10);False;1;656
;(13, 10);Idle;(19, 10);False;1;657
;(13, 10);Idle;(19, 10);False;1;658
;(13, 10);Idle;(19, 10);False;1;659
;(13, 10);Idle;(19, 10);False;1;660
;(13, 10);Idle;(19, 10);False;1;661
;(13, 10);Idle;(19, 10);False;1;662
;(13, 10);Idle;(19, 10);False;1;663
;(13, 10);Idle;(19, 10);False;1;664
;(13, 10);Idle;(19, 10);False;1;665
;(13, 10);Idle;(19, 10);False;1;666
MoveWest;(12, 10);Idle;(19, 10);False;1;667
;(12, 10);Idle;(19, 10);False;1;668
;(12, 10);Idle;(19, 10);False;1;669
;(12, 10);Idle;(19, 10);False;1;670
;(12, 10);Idle;(19, 10);False;1;671
;(12, 10);Idle;(19, 10);False;1;672
;(12, 10);Idle;(19, 10);False;1;673
GrabObject;(12, 10);Idle;(19, 10);False;1;674
;(12, 10);Idle;(19, 10);False;1;675
;(12, 10);Idle;(19, 10);False;1;676
;(12, 10);Idle;(19, 10);False;1;677
MoveEast;(13, 10);Idle;(19, 10);False;1;678
;(13, 10);;(19, 10);False;1;679
;(13, 10);MoveWest;(19, 10);False;1;680
;(13, 10);MoveWest;(19, 10);False;1;681
;(13, 10);MoveWest;(19, 10);False;1;682
;(13, 10);MoveWest;(19, 10);False;1;683
;(13, 10);MoveWest;(19, 10);False;1;684
;(13, 10);MoveWest;(19, 10);False;1;685
;(13, 10);MoveWest;(19, 10);False;1;686
;(13, 10);MoveWest;(19, 10);False;1;687
MoveEast;(14, 10);MoveWest;(19, 10);False;1;688
MoveEast;(15, 10);MoveWest;(19, 10);False;1;689
MoveEast;(16, 10);MoveWest;(18, 10);False;1;690
MoveEast;(17, 10);MoveWest;(18, 10);False;1;691
MoveEast;(18, 10);MoveWest;(18, 10);False;1;692
MoveEast;(19, 10);MoveWest;(18, 10);False;1;693
MoveEast;(19, 10);MoveWest;(18, 10);False;1;694
;(19, 10);MoveWest;(18, 10);False;1;695
MoveEast;(19, 10);MoveWest;(18, 10);False;1;696
MoveEast;(19, 10);MoveWest;(18, 10);False;1;697
;(19, 10);MoveWest;(18, 10);False;1;698
;(19, 10);MoveWest;(18, 10);False;1;699
;(19, 10);MoveWest;(18, 10);False;1;700
;(19, 10);MoveWest;(17, 10);False;1;701
;(19, 10);MoveWest;(17, 10);False;1;702
;(19, 10);MoveWest;(17, 10);False;1;703
;(19, 10);MoveWest;(17, 10);False;1;704
;(19, 10);MoveWest;(17, 10);False;1;705
DropObject;(19, 10);MoveWest;(17, 10);False;1;706
;(19, 10);MoveWest;(17, 10);False;1;707
;(19, 10);MoveWest;(17, 10);False;1;708
;(19, 10);MoveWest;(17, 10);False;1;709
;(19, 10);MoveWest;(17, 10);False;1;710
;(19, 10);MoveWest;(17, 10);False;1;711
;(19, 10);MoveWest;(16, 10);False;1;712
MoveWest;(18, 10);MoveWest;(16, 10);False;1;713
;(18, 10);MoveWest;(16, 10);False;1;714
;(18, 10);MoveWest;(16, 10);False;1;715
;(18, 10);MoveWest;(16, 10);False;1;716
;(18, 10);MoveWest;(16, 10);False;1;717
;(18, 10);MoveWest;(16, 10);False;1;718
;(18, 10);MoveWest;(16, 10);False;1;719
;(18, 10);MoveWest;(16, 10);False;1;720
;(18, 10);MoveWest;(16, 10);False;1;721
;(18, 10);MoveWest;(16, 10);False;1;722
MoveWest;(17, 10);MoveWest;(15, 10);False;1;723
MoveWest;(16, 10);MoveWest;(15, 10);False;1;724
MoveWest;(15, 10);MoveWest;(15, 10);False;1;725
MoveWest;(14, 10);MoveWest;(15, 10);False;1;726
;(14, 10);MoveWest;(15, 10);False;1;727
;(14, 10);MoveWest;(15, 10);False;1;728
;(14, 10);MoveWest;(15, 10);False;1;729
;(14, 10);MoveWest;(15, 10);False;1;730
;(14, 10);MoveWest;(15, 10);False;1;731
;(14, 10);MoveWest;(15, 10);False;1;732
;(14, 10);MoveWest;(15, 10);False;1;733
;(14, 10);MoveWest;(14, 10);False;1;734
;(14, 10);MoveWest;(14, 10);False;1;735
;(14, 10);MoveWest;(14, 10);False;1;736
;(14, 10);MoveWest;(14, 10);False;1;737
;(14, 10);MoveWest;(14, 10);False;1;738
;(14, 10);MoveWest;(14, 10);False;1;739
;(14, 10);MoveWest;(14, 10);False;1;740
;(14, 10);MoveWest;(14, 10);False;1;741
;(14, 10);MoveWest;(14, 10);False;1;742
;(14, 10);MoveWest;(14, 10);False;1;743
MoveWest;(13, 10);MoveWest;(14, 10);False;1;744
;(13, 10);MoveWest;(13, 10);False;1;745
;(13, 10);Idle;(13, 10);False;1;746
;(13, 10);Idle;(13, 10);False;1;747
;(13, 10);Idle;(13, 10);False;1;748
;(13, 10);Idle;(13, 10);False;1;749
;(13, 10);Idle;(13, 10);False;1;750
;(13, 10);Idle;(13, 10);False;1;751
;(13, 10);Idle;(13, 10);False;1;752
;(13, 10);Idle;(13, 10);False;1;753
;(13, 10);Idle;(13, 10);False;1;754
;(13, 10);Idle;(13, 10);False;1;755
;(13, 10);Idle;(13, 10);False;1;756
;(13, 10);Idle;(13, 10);False;1;757
;(13, 10);Idle;(13, 10);False;1;758
;(13, 10);Idle;(13, 10);False;1;759
;(13, 10);Idle;(13, 10);False;1;760
;(13, 10);Idle;(13, 10);False;1;761
;(13, 10);Idle;(13, 10);False;1;762
GrabObject;(13, 10);Idle;(13, 10);False;1;763
;(13, 10);Idle;(13, 10);False;1;764
;(13, 10);Idle;(13, 10);False;1;765
;(13, 10);Idle;(13, 10);False;1;766
;(13, 10);Idle;(13, 10);False;1;767
;(13, 10);Idle;(13, 10);False;1;768
MoveEast;(14, 10);Idle;(13, 10);False;1;769
;(14, 10);Idle;(13, 10);False;1;770
;(14, 10);Idle;(13, 10);False;1;771
;(14, 10);Idle;(13, 10);False;1;772
;(14, 10);Idle;(13, 10);False;1;773
;(14, 10);Idle;(13, 10);False;1;774
;(14, 10);Idle;(13, 10);False;1;775
;(14, 10);Idle;(13, 10);False;1;776
;(14, 10);Idle;(13, 10);False;1;777
;(14, 10);Idle;(13, 10);False;1;778
;(14, 10);Idle;(13, 10);False;1;779
MoveEast;(15, 10);Idle;(13, 10);False;1;780
MoveEast;(16, 10);Idle;(13, 10);False;1;781
;(16, 10);Idle;(13, 10);False;1;782
MoveEast;(17, 10);Idle;(13, 10);False;1;783
MoveEast;(18, 10);Idle;(13, 10);False;1;784
MoveEast;(19, 10);Idle;(13, 10);False;1;785
MoveEast;(19, 10);Idle;(13, 10);False;1;786
MoveEast;(19, 10);Idle;(13, 10);False;1;787
MoveEast;(19, 10);Idle;(13, 10);False;1;788
;(19, 10);Idle;(13, 10);False;1;789
;(19, 10);Idle;(13, 10);False;1;790
;(19, 10);Idle;(13, 10);False;1;791
;(19, 10);Idle;(13, 10);False;1;792
;(19, 10);Idle;(13, 10);False;1;793
;(19, 10);Idle;(13, 10);False;1;794
;(19, 10);Idle;(13, 10);False;1;795
DropObject;(19, 10);Idle;(13, 10);False;1;796
;(19, 10);Idle;(13, 10);False;1;797
;(19, 10);Idle;(13, 10);False;1;798
;(19, 10);Idle;(13, 10);False;1;799
;(19, 10);Idle;(13, 10);False;1;800
;(19, 10);;(13, 10);False;1;801
;(19, 10);Idle;(13, 10);False;1;802
;(19, 10);Idle;(13, 10);False;1;803
;(19, 10);Idle;(13, 10);False;1;804
;(19, 10);Idle;(13, 10);False;1;805
;(19, 10);Idle;(13, 10);False;1;806
;(19, 10);Idle;(13, 10);False;1;807
;(19, 10);Idle;(13, 10);False;1;808
MoveWest;(18, 10);Idle;(13, 10);False;1;809
;(18, 10);Idle;(13, 10);False;1;810
;(18, 10);Idle;(13, 10);False;1;811
;(18, 10);Idle;(13, 10);False;1;812
;(18, 10);Idle;(13, 10);False;1;813
;(18, 10);Idle;(13, 10);False;1;814
;(18, 10);Idle;(13, 10);False;1;815
;(18, 10);Idle;(13, 10);False;1;816
;(18, 10);Idle;(13, 10);False;1;817
MoveWest;(17, 10);Idle;(13, 10);False;1;818
MoveWest;(16, 10);Idle;(13, 10);False;1;819
MoveWest;(15, 10);Idle;(13, 10);False;1;820
MoveWest;(14, 10);Idle;(13, 10);False;1;821
MoveWest;(13, 10);Idle;(13, 10);False;1;822
MoveWest;(12, 10);Idle;(13, 10);False;1;823
MoveWest;(11, 10);Idle;(13, 10);False;1;824
MoveWest;(10, 10);Idle;(13, 10);False;1;825
MoveWest;(9, 10);Idle;(13, 10);False;1;826
MoveWest;(8, 10);Idle;(13, 10);False;1;827
MoveWest;(7, 10);Idle;(13, 10);False;1;828
MoveWest;(6, 10);Idle;(13, 10);False;1;829
MoveWest;(5, 10);Idle;(13, 10);False;1;830
MoveWest;(4, 10);Idle;(13, 10);False;1;831
;(4, 10);Idle;(13, 10);False;1;832
;(4, 10);Idle;(13, 10);False;1;833
;(4, 10);Idle;(13, 10);False;1;834
;(4, 10);Idle;(13, 10);False;1;835
;(4, 10);Idle;(13, 10);False;1;836
;(4, 10);Idle;(13, 10);False;1;837
;(4, 10);Idle;(13, 10);False;1;838
;(4, 10);Idle;(13, 10);False;1;839
;(4, 10);Idle;(13, 10);False;1;840
;(4, 10);Idle;(13, 10);False;1;841
MoveNorth;(4, 9);Idle;(13, 10);False;1;842
;(4, 9);Idle;(13, 10);False;1;843
;(4, 9);Idle;(13, 10);False;1;844
;(4, 9);Idle;(13, 10);False;1;845
;(4, 9);Idle;(13, 10);False;1;846
;(4, 9);Idle;(13, 10);False;1;847
;(4, 9);Idle;(13, 10);False;1;848
;(4, 9);Idle;(13, 10);False;1;849
;(4, 9);Idle;(13, 10);False;1;850
;(4, 9);Idle;(13, 10);False;1;851
MoveNorth;(4, 8);Idle;(13, 10);False;1;852
MoveNorth;(4, 7);Idle;(13, 10);False;1;853
;(4, 7);Idle;(13, 10);False;1;854
;(4, 7);Idle;(13, 10);False;1;855
;(4, 7);Idle;(13, 10);False;1;856
;(4, 7);;(13, 10);False;1;857
;(4, 7);MoveNorthEast;(13, 10);False;1;858
;(4, 7);MoveNorthEast;(13, 10);False;1;859
;(4, 7);MoveNorthEast;(13, 10);False;1;860
;(4, 7);MoveNorthEast;(13, 10);False;1;861
;(4, 7);MoveNorthEast;(13, 10);False;1;862
;(4, 7);MoveNorthEast;(13, 10);False;1;863
;(4, 7);MoveNorthEast;(13, 10);False;1;864
;(4, 7);MoveNorthEast;(13, 10);False;1;865
;(4, 7);MoveNorthEast;(13, 10);False;1;866
;(4, 7);MoveNorthEast;(13, 10);False;1;867
;(4, 7);MoveNorthEast;(14, 9);False;1;868
;(4, 7);MoveEast;(14, 9);False;1;869
;(4, 7);MoveEast;(14, 9);False;1;870
;(4, 7);MoveEast;(14, 9);False;1;871
;(4, 7);MoveEast;(14, 9);False;1;872
;(4, 7);MoveEast;(14, 9);False;1;873
;(4, 7);MoveEast;(14, 9);False;1;874
;(4, 7);MoveEast;(14, 9);False;1;875
;(4, 7);MoveEast;(14, 9);False;1;876
;(4, 7);MoveEast;(14, 9);False;1;877
;(4, 7);MoveEast;(14, 9);False;1;878
;(4, 7);MoveEast;(15, 9);False;1;879
;(4, 7);MoveNorthEast;(15, 9);False;1;880
;(4, 7);MoveNorthEast;(15, 9);False;1;881
;(4, 7);MoveNorthEast;(15, 9);False;1;882
;(4, 7);MoveNorthEast;(15, 9);False;1;883
;(4, 7);MoveNorthEast;(15, 9);False;1;884
;(4, 7);MoveNorthEast;(15, 9);False;1;885
;(4, 7);MoveNorthEast;(15, 9);False;1;886
;(4, 7);MoveNorthEast;(15, 9);False;1;887
;(4, 7);MoveNorthEast;(15, 9);False;1;888
MoveEast;(5, 7);MoveNorthEast;(15, 9);False;1;889
;(5, 7);MoveNorthEast;(16, 8);False;1;890
;(5, 7);DropObject;(16, 8);False;1;891
;(5, 7);DropObject;(16, 8);False;1;892
;(5, 7);DropObject;(16, 8);False;1;893
;(5, 7);DropObject;(16, 8);False;1;894
;(5, 7);DropObject;(16, 8);False;1;895
;(5, 7);DropObject;(16, 8);False;1;896
;(5, 7);DropObject;(16, 8);False;1;897
;(5, 7);DropObject;(16, 8);False;1;898
;(5, 7);DropObject;(16, 8);False;1;899
MoveEast;(6, 7);DropObject;(16, 8);False;1;900
MoveEast;(7, 7);DropObject;(16, 8);False;1;901
MoveEast;(8, 7);;(16, 8);False;1;902
MoveEast;(9, 7);MoveWest;(16, 8);False;1;903
MoveEast;(10, 7);MoveWest;(16, 8);False;1;904
MoveEast;(11, 7);MoveWest;(16, 8);False;1;905
MoveEast;(12, 7);MoveWest;(16, 8);False;1;906
MoveEast;(13, 7);MoveWest;(16, 8);False;1;907
MoveEast;(14, 7);MoveWest;(16, 8);False;1;908
MoveEast;(15, 7);MoveWest;(16, 8);False;1;909
;(15, 7);MoveWest;(16, 8);False;1;910
;(15, 7);MoveWest;(16, 8);False;1;911
;(15, 7);MoveWest;(16, 8);False;1;912
;(15, 7);MoveWest;(15, 8);False;1;913
;(15, 7);MoveNorthWest;(15, 8);False;1;914
;(15, 7);MoveNorthWest;(15, 8);False;1;915
;(15, 7);MoveNorthWest;(15, 8);False;1;916
;(15, 7);MoveNorthWest;(15, 8);False;1;917
;(15, 7);MoveNorthWest;(15, 8);False;1;918
;(15, 7);MoveNorthWest;(15, 8);False;1;919
;(15, 7);MoveNorthWest;(15, 8);False;1;920
;(15, 7);MoveNorthWest;(15, 8);False;1;921
;(15, 7);MoveNorthWest;(15, 8);False;1;922
MoveSouth;(15, 8);MoveNorthWest;(15, 8);False;1;923
;(15, 8);MoveNorthWest;(14, 7);False;1;924
;(15, 8);MoveWest;(14, 7);False;1;925
;(15, 8);MoveWest;(14, 7);False;1;926
;(15, 8);MoveWest;(14, 7);False;1;927
;(15, 8);MoveWest;(14, 7);False;1;928
;(15, 8);MoveWest;(14, 7);False;1;929
;(15, 8);MoveWest;(14, 7);False;1;930
;(15, 8);MoveWest;(14, 7);False;1;931
;(15, 8);MoveWest;(14, 7);False;1;932
;(15, 8);MoveWest;(14, 7);False;1;933
;(15, 8);MoveWest;(14, 7);False;1;934
;(15, 8);MoveWest;(13, 7);False;1;935
;(15, 8);MoveNorthWest;(13, 7);False;1;936
;(15, 8);MoveNorthWest;(13, 7);False;1;937
;(15, 8);MoveNorthWest;(13, 7);False;1;938
;(15, 8);MoveNorthWest;(13, 7);False;1;939
;(15, 8);MoveNorthWest;(13, 7);False;1;940
;(15, 8);MoveNorthWest;(13, 7);False;1;941
;(15, 8);MoveNorthWest;(13, 7);False;1;942
MoveSouth;(15, 9);MoveNorthWest;(13, 7);False;1;943
;(15, 9);MoveNorthWest;(13, 7);False;1;944
;(15, 9);MoveNorthWest;(13, 7);False;1;945
;(15, 9);MoveNorthWest;(12, 6);False;1;946
;(15, 9);MoveWest;(12, 6);False;1;947
;(15, 9);MoveWest;(12, 6);False;1;948
;(15, 9);MoveWest;(12, 6);False;1;949
;(15, 9);MoveWest;(12, 6);False;1;950
MoveSouth;(15, 10);MoveWest;(12, 6);False;1;951
;(15, 10);MoveWest;(12, 6);False;1;952
;(15, 10);MoveWest;(12, 6);False;1;953
;(15, 10);MoveWest;(12, 6);False;1;954
;(15, 10);MoveWest;(12, 6);False;1;955
;(15, 10);MoveWest;(12, 6);False;1;956
;(15, 10);MoveWest;(11, 6);False;1;957
;(15, 10);GrabObject;(11, 6);False;1;958
;(15, 10);GrabObject;(11, 6);False;1;959
MoveWest;(14, 10);GrabObject;(11, 6);False;1;960
;(14, 10);GrabObject;(11, 6);False;1;961
;(14, 10);GrabObject;(11, 6);False;1;962
;(14, 10);GrabObject;(11, 6);False;1;963
;(14, 10);GrabObject;(11, 6);False;1;964
;(14, 10);GrabObject;(11, 6);False;1;965
MoveWest;(13, 10);GrabObject;(11, 6);False;1;966
;(13, 10);GrabObject;(11, 6);False;1;967
;(13, 10);GrabObject;(11, 6);False;1;968
;(13, 10);;(11, 6);False;1;969
;(13, 10);MoveSouthWest;(11, 6);False;1;970
;(13, 10);MoveSouthWest;(11, 6);False;1;971
;(13, 10);MoveSouthWest;(11, 6);False;1;972
;(13, 10);MoveSouthWest;(11, 6);False;1;973
;(13, 10);MoveSouthWest;(11, 6);False;1;974
;(13, 10);MoveSouthWest;(11, 6);False;1;975
;(13, 10);MoveSouthWest;(11, 6);False;1;976
;(13, 10);MoveSouthWest;(11, 6);False;1;977
;(13, 10);MoveSouthWest;(11, 6);False;1;978
;(13, 10);MoveSouthWest;(11, 6);False;1;979
;(13, 10);MoveSouthWest;(10, 7);False;1;980
;(13, 10);MoveWest;(10, 7);False;1;981
;(13, 10);MoveWest;(10, 7);False;1;982
GrabObject;(13, 10);MoveWest;(10, 7);False;1;983
;(13, 10);MoveWest;(10, 7);False;1;984
;(13, 10);MoveWest;(10, 7);False;1;985
MoveEast;(14, 10);MoveWest;(10, 7);False;1;986
;(14, 10);MoveWest;(10, 7);False;1;987
;(14, 10);MoveWest;(10, 7);False;1;988
;(14, 10);MoveWest;(10, 7);False;1;989
;(14, 10);MoveWest;(10, 7);False;1;990
;(14, 10);MoveWest;(9, 7);False;1;991
;(14, 10);MoveSouthWest;(9, 7);False;1;992
;(14, 10);MoveSouthWest;(9, 7);False;1;993
;(14, 10);MoveSouthWest;(9, 7);False;1;994
;(14, 10);MoveSouthWest;(9, 7);False;1;995
MoveEast;(15, 10);MoveSouthWest;(9, 7);False;1;996
MoveEast;(16, 10);MoveSouthWest;(9, 7);False;1;997
MoveEast;(17, 10);MoveSouthWest;(9, 7);False;1;998
MoveEast;(18, 10);MoveSouthWest;(9, 7);False;1;999
MoveEast;(19, 10);MoveSouthWest;(9, 7);False;1;1000
MoveEast;(19, 10);MoveSouthWest;(9, 7);False;1;1001
MoveEast;(19, 10);MoveSouthWest;(8, 8);False;1;1002
MoveEast;(19, 10);GrabObject;(8, 8);False;1;1003
;(19, 10);GrabObject;(8, 8);False;1;1004
;(19, 10);GrabObject;(8, 8);False;1;1005
;(19, 10);GrabObject;(8, 8);False;1;1006
;(19, 10);GrabObject;(8, 8);False;1;1007
;(19, 10);GrabObject;(8, 8);False;1;1008
;(19, 10);GrabObject;(8, 8);False;1;1009
;(19, 10);GrabObject;(8, 8);False;1;1010
;(19, 10);GrabObject;(8, 8);False;1;1011
;(19, 10);GrabObject;(8, 8);False;1;1012
DropObject;(19, 10);GrabObject;(8, 8);False;1;1013
;(19, 10);;(8, 8);False;1;1014
;(19, 10);MoveEast;(8, 8);False;1;1015
;(19, 10);MoveEast;(8, 8);False;1;1016
;(19, 10);MoveEast;(8, 8);False;1;1017
;(19, 10);MoveEast;(8, 8);False;1;1018
;(19, 10);MoveEast;(8, 8);False;1;1019
;(19, 10);MoveEast;(8, 8);False;1;1020
;(19, 10);MoveEast;(8, 8);False;1;1021
;(19, 10);MoveEast;(8, 8);False;1;1022
;(19, 10);MoveEast;(8, 8);False;1;1023
;(19, 10);MoveEast;(8, 8);False;1;1024
;(19, 10);MoveEast;(9, 8);False;1;1025
;(19, 10);GrabObject;(9, 8);False;1;1026
;(19, 10);GrabObject;(9, 8);False;1;1027
;(19, 10);GrabObject;(9, 8);False;1;1028
;(19, 10);GrabObject;(9, 8);False;1;1029
;(19, 10);GrabObject;(9, 8);False;1;1030
;(19, 10);GrabObject;(9, 8);False;1;1031
MoveWest;(18, 10);GrabObject;(9, 8);False;1;1032
;(18, 10);GrabObject;(9, 8);False;1;1033
;(18, 10);GrabObject;(9, 8);False;1;1034
;(18, 10);GrabObject;(9, 8);False;1;1035
;(18, 10);GrabObject;(9, 8);False;1;1036
;(18, 10);;(9, 8);False;1;1037
;(18, 10);MoveEast;(9, 8);False;1;1038
;(18, 10);MoveEast;(9, 8);False;1;1039
;(18, 10);MoveEast;(9, 8);False;1;1040
;(18, 10);MoveEast;(9, 8);False;1;1041
MoveWest;(17, 10);MoveEast;(9, 8);False;1;1042
MoveWest;(16, 10);MoveEast;(9, 8);False;1;1043
MoveWest;(15, 10);MoveEast;(9, 8);False;1;1044
MoveWest;(14, 10);MoveEast;(9, 8);False;1;1045
MoveWest;(13, 10);MoveEast;(9, 8);False;1;1046
MoveWest;(12, 10);MoveEast;(9, 8);False;1;1047
MoveWest;(11, 10);MoveEast;(10, 8);False;1;1048
MoveWest;(10, 10);GrabObject;(10, 8);False;1;1049
MoveWest;(9, 10);GrabObject;(10, 8);False;1;1050
;(9, 10);GrabObject;(10, 8);False;1;1051
;(9, 10);GrabObject;(10, 8);False;1;1052
;(9, 10);GrabObject;(10, 8);False;1;1053
;(9, 10);GrabObject;(10, 8);False;1;1054
;(9, 10);GrabObject;(10, 8);False;1;1055
;(9, 10);GrabObject;(10, 8);False;1;1056
;(9, 10);GrabObject;(10, 8);False;1;1057
;(9, 10);GrabObject;(10, 8);False;1;1058
;(9, 10);GrabObject;(10, 8);False;1;1059
;(9, 10);;(10, 8);False;1;1060
;(9, 10);MoveEast;(10, 8);False;1;1061
;(9, 10);MoveEast;(10, 8);False;1;1062
;(9, 10);MoveEast;(10, 8);False;1;1063
;(9, 10);MoveEast;(10, 8);False;1;1064
;(9, 10);MoveEast;(10, 8);False;1;1065
MoveNorth;(9, 9);MoveEast;(10, 8);False;1;1066
;(9, 9);MoveEast;(10, 8);False;1;1067
;(9, 9);MoveEast;(10, 8);False;1;1068
;(9, 9);MoveEast;(10, 8);False;1;1069
;(9, 9);MoveEast;(10, 8);False;1;1070
;(9, 9);MoveEast;(11, 8);False;1;1071
;(9, 9);GrabObject;(11, 8);False;1;1072
;(9, 9);GrabObject;(11, 8);False;1;1073
;(9, 9);GrabObject;(11, 8);False;1;1074
;(9, 9);GrabObject;(11, 8);False;1;1075
;(9, 9);GrabObject;(11, 8);False;1;1076
;(9, 9);GrabObject;(11, 8);False;1;1077
;(9, 9);GrabObject;(11, 8);False;1;1078
;(9, 9);GrabObject;(11, 8);False;1;1079
;(9, 9);GrabObject;(11, 8);False;1;1080
;(9, 9);GrabObject;(11, 8);False;1;1081
;(9, 9);GrabObject;(11, 8);False;1;1082
;(9, 9);;(11, 8);False;1;1083
;(9, 9);MoveWest;(11, 8);False;1;1084
;(9, 9);MoveWest;(11, 8);False;1;1085
;(9, 9);MoveWest;(11, 8);False;1;1086
;(9, 9);MoveWest;(11, 8);False;1;1087
;(9, 9);MoveWest;(11, 8);False;1;1088
;(9, 9);MoveWest;(11, 8);False;1;1089
;(9, 9);MoveWest;(11, 8);False;1;1090
;(9, 9);MoveWest;(11, 8);False;1;1091
;(9, 9);MoveWest;(11, 8);False;1;1092
;(9, 9);MoveWest;(11, 8);False;1;1093
;(9, 9);MoveWest;(10, 8);False;1;1094
;(9, 9);MoveSouthWest;(10, 8);False;1;1095
;(9, 9);MoveSouthWest;(10, 8);False;1;1096
;(9, 9);MoveSouthWest;(10, 8);False;1;1097
;(9, 9);MoveSouthWest;(10, 8);False;1;1098
;(9, 9);MoveSouthWest;(10, 8);False;1;1099
;(9, 9);MoveSouthWest;(10, 8);False;1;1100
;(9, 9);MoveSouthWest;(10, 8);False;1;1101
;(9, 9);MoveSouthWest;(10, 8);False;1;1102
;(9, 9);MoveSouthWest;(10, 8);False;1;1103
;(9, 9);MoveSouthWest;(10, 8);False;1;1104
;(9, 9);MoveSouthWest;(9, 9);False;1;1105
;(9, 9);Idle;(9, 9);False;1;1106
;(9, 9);Idle;(9, 9);False;1;1107
;(9, 9);Idle;(9, 9);False;1;1108
;(9, 9);Idle;(9, 9);False;1;1109
;(9, 9);Idle;(9, 9);False;1;1110
;(9, 9);Idle;(9, 9);False;1;1111
;(9, 9);Idle;(9, 9);False;1;1112
;(9, 9);Idle;(9, 9);False;1;1113
;(9, 9);Idle;(9, 9);False;1;1114
;(9, 9);Idle;(9, 9);False;1;1115
;(9, 9);Idle;(9, 9);False;1;1116
;(9, 9);Idle;(9, 9);False;1;1117
;(9, 9);Idle;(9, 9);False;1;1118
;(9, 9);Idle;(9, 9);False;1;1119
;(9, 9);Idle;(9, 9);False;1;1120
;(9, 9);Idle;(9, 9);False;1;1121
;(9, 9);Idle;(9, 9);False;1;1122
;(9, 9);Idle;(9, 9);False;1;1123
;(9, 9);Idle;(9, 9);False;1;1124
;(9, 9);Idle;(9, 9);False;1;1125
;(9, 9);Idle;(9, 9);False;1;1126
;(9, 9);Idle;(9, 9);False;1;1127
;(9, 9);Idle;(9, 9);False;1;1128
;(9, 9);Idle;(9, 9);False;1;1129
;(9, 9);Idle;(9, 9);False;1;1130
;(9, 9);Idle;(9, 9);False;1;1131
;(9, 9);Idle;(9, 9);False;1;1132
;(9, 9);Idle;(9, 9);False;1;1133
;(9, 9);Idle;(9, 9);False;1;1134
;(9, 9);Idle;(9, 9);False;1;1135
;(9, 9);Idle;(9, 9);False;1;1136
;(9, 9);Idle;(9, 9);False;1;1137
;(9, 9);Idle;(9, 9);False;1;1138
;(9, 9);Idle;(9, 9);False;1;1139
;(9, 9);Idle;(9, 9);False;1;1140
;(9, 9);Idle;(9, 9);False;1;1141
;(9, 9);Idle;(9, 9);False;1;1142
;(9, 9);Idle;(9, 9);False;1;1143
;(9, 9);Idle;(9, 9);False;1;1144
;(9, 9);Idle;(9, 9);False;1;1145
;(9, 9);Idle;(9, 9);False;1;1146
;(9, 9);Idle;(9, 9);False;1;1147
;(9, 9);Idle;(9, 9);False;1;1148
;(9, 9);Idle;(9, 9);False;1;1149
;(9, 9);Idle;(9, 9);False;1;1150
;(9, 9);Idle;(9, 9);False;1;1151
;(9, 9);Idle;(9, 9);False;1;1152
;(9, 9);Idle;(9, 9);False;1;1153
;(9, 9);Idle;(9, 9);False;1;1154
;(9, 9);Idle;(9, 9);False;1;1155
;(9, 9);Idle;(9, 9);False;1;1156
;(9, 9);Idle;(9, 9);False;1;1157
;(9, 9);Idle;(9, 9);False;1;1158
;(9, 9);Idle;(9, 9);False;1;1159
;(9, 9);Idle;(9, 9);False;1;1160
;(9, 9);;(9, 9);False;1;1161
;(9, 9);MoveWest;(9, 9);False;1;1162
;(9, 9);MoveWest;(9, 9);False;1;1163
;(9, 9);MoveWest;(9, 9);False;1;1164
;(9, 9);MoveWest;(9, 9);False;1;1165
;(9, 9);MoveWest;(9, 9);False;1;1166
;(9, 9);MoveWest;(9, 9);False;1;1167
;(9, 9);MoveWest;(9, 9);False;1;1168
;(9, 9);MoveWest;(9, 9);False;1;1169
;(9, 9);MoveWest;(9, 9);False;1;1170
;(9, 9);MoveWest;(9, 9);False;1;1171
;(9, 9);MoveWest;(8, 9);False;1;1172
;(9, 9);BreakObject;(8, 9);False;1;1173
MoveWest;(8, 9);BreakObject;(8, 9);False;1;1174
;(8, 9);BreakObject;(8, 9);False;1;1175
;(8, 9);BreakObject;(8, 9);False;1;1176
;(8, 9);BreakObject;(8, 9);False;1;1177
;(8, 9);BreakObject;(8, 9);False;1;1178
;(8, 9);BreakObject;(8, 9);False;1;1179
;(8, 9);BreakObject;(8, 9);False;1;1180
;(8, 9);BreakObject;(8, 9);False;1;1181
;(8, 9);BreakObject;(8, 9);False;1;1182
MoveWest;(7, 9);BreakObject;(8, 9);False;1;1183
MoveWest;(6, 9);;(8, 9);False;1;1184
MoveWest;(5, 9);MoveWest;(8, 9);False;1;1185
;(5, 9);MoveWest;(8, 9);False;1;1186
;(5, 9);MoveWest;(8, 9);False;1;1187
;(5, 9);MoveWest;(8, 9);False;1;1188
;(5, 9);MoveWest;(8, 9);False;1;1189
;(5, 9);MoveWest;(8, 9);False;1;1190
;(5, 9);MoveWest;(8, 9);False;1;1191
;(5, 9);MoveWest;(8, 9);False;1;1192
;(5, 9);MoveWest;(8, 9);False;1;1193
;(5, 9);MoveWest;(8, 9);False;1;1194
;(5, 9);MoveWest;(7, 9);False;1;1195
;(5, 9);Idle;(7, 9);False;1;1196
;(5, 9);Idle;(7, 9);False;1;1197
;(5, 9);Idle;(7, 9);False;1;1198
;(5, 9);Idle;(7, 9);False;1;1199
;(5, 9);Idle;(7, 9);False;1;1200
;(5, 9);Idle;(7, 9);False;1;1201
;(5, 9);Idle;(7, 9);False;1;1202
;(5, 9);Idle;(7, 9);False;1;1203
;(5, 9);Idle;(7, 9);False;1;1204
;(5, 9);Idle;(7, 9);False;1;1205
;(5, 9);Idle;(7, 9);False;1;1206
;(5, 9);Idle;(7, 9);False;1;1207
;(5, 9);Idle;(7, 9);False;1;1208
;(5, 9);Idle;(7, 9);False;1;1209
;(5, 9);Idle;(7, 9);False;1;1210
;(5, 9);Idle;(7, 9);False;1;1211
;(5, 9);Idle;(7, 9);False;1;1212
;(5, 9);Idle;(7, 9);False;1;1213
;(5, 9);Idle;(7, 9);False;1;1214
;(5, 9);Idle;(7, 9);False;1;1215
;(5, 9);Idle;(7, 9);False;1;1216
;(5, 9);Idle;(7, 9);False;1;1217
;(5, 9);Idle;(7, 9);False;1;1218
;(5, 9);Idle;(7, 9);False;1;1219
;(5, 9);Idle;(7, 9);False;1;1220
;(5, 9);Idle;(7, 9);False;1;1221
;(5, 9);Idle;(7, 9);False;1;1222
;(5, 9);Idle;(7, 9);False;1;1223
;(5, 9);Idle;(7, 9);False;1;1224
;(5, 9);Idle;(7, 9);False;1;1225
;(5, 9);Idle;(7, 9);False;1;1226
;(5, 9);Idle;(7, 9);False;1;1227
;(5, 9);Idle;(7, 9);False;1;1228
;(5, 9);Idle;(7, 9);False;1;1229
;(5, 9);Idle;(7, 9);False;1;1230
;(5, 9);Idle;(7, 9);False;1;1231
;(5, 9);Idle;(7, 9);False;1;1232
;(5, 9);Idle;(7, 9);False;1;1233
;(5, 9);Idle;(7, 9);False;1;1234
;(5, 9);Idle;(7, 9);False;1;1235
;(5, 9);Idle;(7, 9);False;1;1236
;(5, 9);Idle;(7, 9);False;1;1237
;(5, 9);Idle;(7, 9);False;1;1238
;(5, 9);Idle;(7, 9);False;1;1239
;(5, 9);Idle;(7, 9);False;1;1240
;(5, 9);Idle;(7, 9);False;1;1241
;(5, 9);Idle;(7, 9);False;1;1242
;(5, 9);Idle;(7, 9);False;1;1243
;(5, 9);Idle;(7, 9);False;1;1244
;(5, 9);Idle;(7, 9);False;1;1245
;(5, 9);Idle;(7, 9);False;1;1246
;(5, 9);Idle;(7, 9);False;1;1247
;(5, 9);Idle;(7, 9);False;1;1248
;(5, 9);Idle;(7, 9);False;1;1249
;(5, 9);Idle;(7, 9);False;1;1250
;(5, 9);;(7, 9);False;1;1251
;(5, 9);MoveNorth;(7, 9);False;1;1252
;(5, 9);MoveNorth;(7, 9);False;1;1253
;(5, 9);MoveNorth;(7, 9);False;1;1254
;(5, 9);MoveNorth;(7, 9);False;1;1255
;(5, 9);MoveNorth;(7, 9);False;1;1256
;(5, 9);MoveNorth;(7, 9);False;1;1257
;(5, 9);MoveNorth;(7, 9);False;1;1258
;(5, 9);MoveNorth;(7, 9);False;1;1259
;(5, 9);MoveNorth;(7, 9);False;1;1260
;(5, 9);MoveNorth;(7, 9);False;1;1261
;(5, 9);MoveNorth;(7, 8);False;1;1262
;(5, 9);MoveNorthEast;(7, 8);False;1;1263
;(5, 9);MoveNorthEast;(7, 8);False;1;1264
;(5, 9);MoveNorthEast;(7, 8);False;1;1265
;(5, 9);MoveNorthEast;(7, 8);False;1;1266
;(5, 9);MoveNorthEast;(7, 8);False;1;1267
;(5, 9);MoveNorthEast;(7, 8);False;1;1268
;(5, 9);MoveNorthEast;(7, 8);False;1;1269
;(5, 9);MoveNorthEast;(7, 8);False;1;1270
;(5, 9);MoveNorthEast;(7, 8);False;1;1271
;(5, 9);MoveNorthEast;(7, 8);False;1;1272
;(5, 9);MoveNorthEast;(8, 7);False;1;1273
;(5, 9);BreakObject;(8, 7);False;1;1274
;(5, 9);BreakObject;(8, 7);False;1;1275
;(5, 9);BreakObject;(8, 7);False;1;1276
;(5, 9);BreakObject;(8, 7);False;1;1277
;(5, 9);BreakObject;(8, 7);False;1;1278
;(5, 9);BreakObject;(8, 7);False;1;1279
;(5, 9);BreakObject;(8, 7);False;1;1280
;(5, 9);BreakObject;(8, 7);False;1;1281
;(5, 9);BreakObject;(8, 7);False;1;1282
;(5, 9);BreakObject;(8, 7);False;1;1283
;(5, 9);BreakObject;(8, 7);False;1;1284
;(5, 9);;(8, 7);False;1;1285
;(5, 9);MoveNorthEast;(8, 7);False;1;1286
;(5, 9);MoveNorthEast;(8, 7);False;1;1287
;(5, 9);MoveNorthEast;(8, 7);False;1;1288
;(5, 9);MoveNorthEast;(8, 7);False;1;1289
;(5, 9);MoveNorthEast;(8, 7);False;1;1290
;(5, 9);MoveNorthEast;(8, 7);False;1;1291
;(5, 9);MoveNorthEast;(8, 7);False;1;1292
;(5, 9);MoveNorthEast;(8, 7);False;1;1293
;(5, 9);MoveNorthEast;(8, 7);False;1;1294
;(5, 9);MoveNorthEast;(8, 7);False;1;1295
;(5, 9);MoveNorthEast;(9, 6);False;1;1296
;(5, 9);MoveEast;(9, 6);False;1;1297
;(5, 9);MoveEast;(9, 6);False;1;1298
;(5, 9);MoveEast;(9, 6);False;1;1299
;(5, 9);MoveEast;(9, 6);False;1;1300
;(5, 9);MoveEast;(9, 6);False;1;1301
;(5, 9);MoveEast;(9, 6);False;1;1302
;(5, 9);MoveEast;(9, 6);False;1;1303
;(5, 9);MoveEast;(9, 6);False;1;1304
;(5, 9);MoveEast;(9, 6);False;1;1305
;(5, 9);MoveEast;(9, 6);False;1;1306
;(5, 9);MoveEast;(10, 6);False;1;1307
;(5, 9);BreakObject;(10, 6);False;1;1308
;(5, 9);BreakObject;(10, 6);False;1;1309
;(5, 9);BreakObject;(10, 6);False;1;1310
;(5, 9);BreakObject;(10, 6);False;1;1311
;(5, 9);BreakObject;(10, 6);False;1;1312
;(5, 9);BreakObject;(10, 6);False;1;1313
;(5, 9);BreakObject;(10, 6);False;1;1314
;(5, 9);BreakObject;(10, 6);False;1;1315
;(5, 9);BreakObject;(10, 6);False;1;1316
;(5, 9);BreakObject;(10, 6);False;1;1317
;(5, 9);BreakObject;(10, 6);False;1;1318
;(5, 9);;(10, 6);False;1;1319
;(5, 9);Idle;(10, 6);False;1;1320
;(5, 9);Idle;(10, 6);False;1;1321
;(5, 9);Idle;(10, 6);False;1;1322
;(5, 9);Idle;(10, 6);False;1;1323
;(5, 9);Idle;(10, 6);False;1;1324
;(5, 9);Idle;(10, 6);False;1;1325
;(5, 9);Idle;(10, 6);False;1;1326
;(5, 9);Idle;(10, 6);False;1;1327
;(5, 9);Idle;(10, 6);False;1;1328
;(5, 9);Idle;(10, 6);False;1;1329
;(5, 9);Idle;(10, 6);False;1;1330
;(5, 9);Idle;(10, 6);False;1;1331
;(5, 9);Idle;(10, 6);False;1;1332
;(5, 9);Idle;(10, 6);False;1;1333
;(5, 9);Idle;(10, 6);False;1;1334
;(5, 9);Idle;(10, 6);False;1;1335
;(5, 9);Idle;(10, 6);False;1;1336
;(5, 9);Idle;(10, 6);False;1;1337
;(5, 9);Idle;(10, 6);False;1;1338
;(5, 9);Idle;(10, 6);False;1;1339
;(5, 9);Idle;(10, 6);False;1;1340
;(5, 9);Idle;(10, 6);False;1;1341
;(5, 9);Idle;(10, 6);False;1;1342
;(5, 9);Idle;(10, 6);False;1;1343
;(5, 9);Idle;(10, 6);False;1;1344
;(5, 9);Idle;(10, 6);False;1;1345
;(5, 9);Idle;(10, 6);False;1;1346
;(5, 9);Idle;(10, 6);False;1;1347
;(5, 9);Idle;(10, 6);False;1;1348
;(5, 9);Idle;(10, 6);False;1;1349
;(5, 9);Idle;(10, 6);False;1;1350
;(5, 9);Idle;(10, 6);False;1;1351
;(5, 9);Idle;(10, 6);False;1;1352
;(5, 9);Idle;(10, 6);False;1;1353
;(5, 9);Idle;(10, 6);False;1;1354
;(5, 9);Idle;(10, 6);False;1;1355
;(5, 9);Idle;(10, 6);False;1;1356
;(5, 9);Idle;(10, 6);False;1;1357
;(5, 9);Idle;(10, 6);False;1;1358
;(5, 9);Idle;(10, 6);False;1;1359
;(5, 9);Idle;(10, 6);False;1;1360
;(5, 9);Idle;(10, 6);False;1;1361
;(5, 9);Idle;(10, 6);False;1;1362
;(5, 9);Idle;(10, 6);False;1;1363
;(5, 9);Idle;(10, 6);False;1;1364
;(5, 9);Idle;(10, 6);False;1;1365
;(5, 9);Idle;(10, 6);False;1;1366
;(5, 9);Idle;(10, 6);False;1;1367
;(5, 9);Idle;(10, 6);False;1;1368
;(5, 9);Idle;(10, 6);False;1;1369
;(5, 9);Idle;(10, 6);False;1;1370
;(5, 9);Idle;(10, 6);False;1;1371
;(5, 9);Idle;(10, 6);False;1;1372
;(5, 9);Idle;(10, 6);False;1;1373
;(5, 9);Idle;(10, 6);False;1;1374
;(5, 9);;(10, 6);False;1;1375
;(5, 9);MoveWest;(10, 6);False;1;1376
;(5, 9);MoveWest;(10, 6);False;1;1377
;(5, 9);MoveWest;(10, 6);False;1;1378
;(5, 9);MoveWest;(10, 6);False;1;1379
;(5, 9);MoveWest;(10, 6);False;1;1380
;(5, 9);MoveWest;(10, 6);False;1;1381
;(5, 9);MoveWest;(10, 6);False;1;1382
;(5, 9);MoveWest;(10, 6);False;1;1383
;(5, 9);MoveWest;(10, 6);False;1;1384
;(5, 9);MoveWest;(10, 6);False;1;1385
;(5, 9);MoveWest;(9, 6);False;1;1386
;(5, 9);MoveWest;(9, 6);False;1;1387
;(5, 9);MoveWest;(9, 6);False;1;1388
;(5, 9);MoveWest;(9, 6);False;1;1389
;(5, 9);MoveWest;(9, 6);False;1;1390
;(5, 9);MoveWest;(9, 6);False;1;1391
;(5, 9);MoveWest;(9, 6);False;1;1392
;(5, 9);MoveWest;(9, 6);False;1;1393
;(5, 9);MoveWest;(9, 6);False;1;1394
;(5, 9);MoveWest;(9, 6);False;1;1395
;(5, 9);MoveWest;(9, 6);False;1;1396
;(5, 9);MoveWest;(8, 6);False;1;1397
;(5, 9);MoveWest;(8, 6);False;1;1398
;(5, 9);MoveWest;(8, 6);False;1;1399
;(5, 9);MoveWest;(8, 6);False;1;1400
;(5, 9);MoveWest;(8, 6);False;1;1401
;(5, 9);MoveWest;(8, 6);False;1;1402
;(5, 9);MoveWest;(8, 6);False;1;1403
;(5, 9);MoveWest;(8, 6);False;1;1404
;(5, 9);MoveWest;(8, 6);False;1;1405
;(5, 9);MoveWest;(8, 6);False;1;1406
;(5, 9);MoveWest;(8, 6);False;1;1407
;(5, 9);MoveWest;(7, 6);False;1;1408
;(5, 9);MoveWest;(7, 6);False;1;1409
;(5, 9);MoveWest;(7, 6);False;1;1410
;(5, 9);MoveWest;(7, 6);False;1;1411
;(5, 9);MoveWest;(7, 6);False;1;1412
;(5, 9);MoveWest;(7, 6);False;1;1413
;(5, 9);MoveWest;(7, 6);False;1;1414
;(5, 9);MoveWest;(7, 6);False;1;1415
;(5, 9);MoveWest;(7, 6);False;1;1416
;(5, 9);MoveWest;(7, 6);False;1;1417
;(5, 9);MoveWest;(7, 6);False;1;1418
;(5, 9);MoveWest;(6, 6);False;1;1419
;(5, 9);MoveWest;(6, 6);False;1;1420
;(5, 9);MoveWest;(6, 6);False;1;1421
;(5, 9);MoveWest;(6, 6);False;1;1422
;(5, 9);MoveWest;(6, 6);False;1;1423
;(5, 9);MoveWest;(6, 6);False;1;1424
;(5, 9);MoveWest;(6, 6);False;1;1425
;(5, 9);MoveWest;(6, 6);False;1;1426
;(5, 9);MoveWest;(6, 6);False;1;1427
;(5, 9);MoveWest;(6, 6);False;1;1428
;(5, 9);MoveWest;(6, 6);False;1;1429
;(5, 9);MoveWest;(5, 6);False;1;1430
;(5, 9);MoveNorthWest;(5, 6);False;1;1431
;(5, 9);MoveNorthWest;(5, 6);False;1;1432
;(5, 9);MoveNorthWest;(5, 6);False;1;1433
;(5, 9);MoveNorthWest;(5, 6);False;1;1434
;(5, 9);MoveNorthWest;(5, 6);False;1;1435
;(5, 9);MoveNorthWest;(5, 6);False;1;1436
;(5, 9);MoveNorthWest;(5, 6);False;1;1437
;(5, 9);MoveNorthWest;(5, 6);False;1;1438
;(5, 9);MoveNorthWest;(5, 6);False;1;1439
;(5, 9);MoveNorthWest;(5, 6);False;1;1440
;(5, 9);MoveNorthWest;(4, 5);False;1;1441
;(5, 9);MoveWest;(4, 5);False;1;1442
;(5, 9);MoveWest;(4, 5);False;1;1443
;(5, 9);MoveWest;(4, 5);False;1;1444
;(5, 9);MoveWest;(4, 5);False;1;1445
;(5, 9);MoveWest;(4, 5);False;1;1446
;(5, 9);MoveWest;(4, 5);False;1;1447
;(5, 9);MoveWest;(4, 5);False;1;1448
;(5, 9);MoveWest;(4, 5);False;1;1449
;(5, 9);MoveWest;(4, 5);False;1;1450
;(5, 9);MoveWest;(4, 5);False;1;1451
;(5, 9);MoveWest;(3, 5);False;1;1452
;(5, 9);MoveNorthWest;(3, 5);False;1;1453
;(5, 9);MoveNorthWest;(3, 5);False;1;1454
;(5, 9);MoveNorthWest;(3, 5);False;1;1455
;(5, 9);MoveNorthWest;(3, 5);False;1;1456
;(5, 9);MoveNorthWest;(3, 5);False;1;1457
;(5, 9);MoveNorthWest;(3, 5);False;1;1458
;(5, 9);MoveNorthWest;(3, 5);False;1;1459
;(5, 9);MoveNorthWest;(3, 5);False;1;1460
;(5, 9);MoveNorthWest;(3, 5);False;1;1461
;(5, 9);MoveNorthWest;(3, 5);False;1;1462
;(5, 9);MoveNorthWest;(2, 4);False;1;1463
;(5, 9);MoveWest;(2, 4);False;1;1464
;(5, 9);MoveWest;(2, 4);False;1;1465
;(5, 9);MoveWest;(2, 4);False;1;1466
;(5, 9);MoveWest;(2, 4);False;1;1467
;(5, 9);MoveWest;(2, 4);False;1;1468
;(5, 9);MoveWest;(2, 4);False;1;1469
;(5, 9);MoveWest;(2, 4);False;1;1470
;(5, 9);MoveWest;(2, 4);False;1;1471
;(5, 9);MoveWest;(2, 4);False;1;1472
;(5, 9);MoveWest;(2, 4);False;1;1473
;(5, 9);MoveWest;(1, 4);False;1;1474
;(5, 9);DropObject;(1, 4);False;1;1475
;(5, 9);DropObject;(1, 4);False;1;1476
;(5, 9);DropObject;(1, 4);False;1;1477
;(5, 9);DropObject;(1, 4);False;1;1478
;(5, 9);DropObject;(1, 4);False;1;1479
;(5, 9);DropObject;(1, 4);False;1;1480
;(5, 9);DropObject;(1, 4);False;1;1481
;(5, 9);DropObject;(1, 4);False;1;1482
;(5, 9);DropObject;(1, 4);False;1;1483
;(5, 9);DropObject;(1, 4);False;1;1484
;(5, 9);DropObject;(1, 4);False;1;1485
;(5, 9);DropObject;(1, 4);False;1;1486
;(5, 9);DropObject;(1, 4);False;1;1487
;(5, 9);DropObject;(1, 4);False;1;1488
;(5, 9);DropObject;(1, 4);False;1;1489
;(5, 9);DropObject;(1, 4);False;1;1490
;(5, 9);DropObject;(1, 4);False;1;1491
;(5, 9);DropObject;(1, 4);False;1;1492
;(5, 9);DropObject;(1, 4);False;1;1493
;(5, 9);DropObject;(1, 4);False;1;1494
;(5, 9);DropObject;(1, 4);False;1;1495
;(5, 9);DropObject;(1, 4);False;1;1496
;(5, 9);DropObject;(1, 4);False;1;1497
;(5, 9);DropObject;(1, 4);False;1;1498
;(5, 9);DropObject;(1, 4);False;1;1499
;(5, 9);DropObject;(1, 4);False;1;1500
;(5, 9);DropObject;(1, 4);False;1;1501
;(5, 9);DropObject;(1, 4);False;1;1502
;(5, 9);DropObject;(1, 4);False;1;1503
;(5, 9);DropObject;(1, 4);False;1;1504
;(5, 9);DropObject;(1, 4);False;1;1505
;(5, 9);DropObject;(1, 4);False;1;1506
;(5, 9);DropObject;(1, 4);False;1;1507
;(5, 9);DropObject;(1, 4);False;1;1508
;(5, 9);DropObject;(1, 4);False;1;1509
;(5, 9);DropObject;(1, 4);False;1;1510
;(5, 9);DropObject;(1, 4);False;1;1511
;(5, 9);DropObject;(1, 4);False;1;1512
;(5, 9);DropObject;(1, 4);False;1;1513
;(5, 9);DropObject;(1, 4);False;1;1514
;(5, 9);DropObject;(1, 4);False;1;1515
;(5, 9);DropObject;(1, 4);False;1;1516
;(5, 9);DropObject;(1, 4);False;1;1517
;(5, 9);DropObject;(1, 4);False;1;1518
;(5, 9);DropObject;(1, 4);False;1;1519
;(5, 9);DropObject;(1, 4);False;1;1520
;(5, 9);DropObject;(1, 4);False;1;1521
;(5, 9);DropObject;(1, 4);False;1;1522
;(5, 9);DropObject;(1, 4);False;1;1523
;(5, 9);DropObject;(1, 4);False;1;1524
;(5, 9);DropObject;(1, 4);False;1;1525
;(5, 9);DropObject;(1, 4);False;1;1526
;(5, 9);DropObject;(1, 4);False;1;1527
;(5, 9);DropObject;(1, 4);False;1;1528
;(5, 9);DropObject;(1, 4);False;1;1529
;(5, 9);;(1, 4);False;1;1530
;(5, 9);MoveSouthEast;(1, 4);False;1;1531
;(5, 9);MoveSouthEast;(1, 4);False;1;1532
;(5, 9);MoveSouthEast;(1, 4);False;1;1533
;(5, 9);MoveSouthEast;(1, 4);False;1;1534
;(5, 9);MoveSouthEast;(1, 4);False;1;1535
;(5, 9);MoveSouthEast;(1, 4);False;1;1536
;(5, 9);MoveSouthEast;(1, 4);False;1;1537
;(5, 9);MoveSouthEast;(1, 4);False;1;1538
;(5, 9);MoveSouthEast;(1, 4);False;1;1539
;(5, 9);MoveSouthEast;(1, 4);False;1;1540
;(5, 9);MoveSouthEast;(2, 5);False;1;1541
;(5, 9);MoveEast;(2, 5);False;1;1542
;(5, 9);MoveEast;(2, 5);False;1;1543
;(5, 9);MoveEast;(2, 5);False;1;1544
;(5, 9);MoveEast;(2, 5);False;1;1545
;(5, 9);MoveEast;(2, 5);False;1;1546
;(5, 9);MoveEast;(2, 5);False;1;1547
;(5, 9);MoveEast;(2, 5);False;1;1548
;(5, 9);MoveEast;(2, 5);False;1;1549
;(5, 9);MoveEast;(2, 5);False;1;1550
;(5, 9);MoveEast;(2, 5);False;1;1551
;(5, 9);MoveEast;(3, 5);False;1;1552
;(5, 9);MoveSouthEast;(3, 5);False;1;1553
;(5, 9);MoveSouthEast;(3, 5);False;1;1554
;(5, 9);MoveSouthEast;(3, 5);False;1;1555
;(5, 9);MoveSouthEast;(3, 5);False;1;1556
;(5, 9);MoveSouthEast;(3, 5);False;1;1557
;(5, 9);MoveSouthEast;(3, 5);False;1;1558
;(5, 9);MoveSouthEast;(3, 5);False;1;1559
;(5, 9);MoveSouthEast;(3, 5);False;1;1560
;(5, 9);MoveSouthEast;(3, 5);False;1;1561
;(5, 9);MoveSouthEast;(3, 5);False;1;1562
;(5, 9);MoveSouthEast;(4, 6);False;1;1563
;(5, 9);MoveEast;(4, 6);False;1;1564
;(5, 9);MoveEast;(4, 6);False;1;1565
;(5, 9);MoveEast;(4, 6);False;1;1566
;(5, 9);MoveEast;(4, 6);False;1;1567
;(5, 9);MoveEast;(4, 6);False;1;1568
;(5, 9);MoveEast;(4, 6);False;1;1569
;(5, 9);MoveEast;(4, 6);False;1;1570
;(5, 9);MoveEast;(4, 6);False;1;1571
;(5, 9);MoveEast;(4, 6);False;1;1572
;(5, 9);MoveEast;(4, 6);False;1;1573
;(5, 9);MoveEast;(5, 6);False;1;1574
;(5, 9);MoveSouthEast;(5, 6);False;1;1575
;(5, 9);MoveSouthEast;(5, 6);False;1;1576
;(5, 9);MoveSouthEast;(5, 6);False;1;1577
;(5, 9);MoveSouthEast;(5, 6);False;1;1578
;(5, 9);MoveSouthEast;(5, 6);False;1;1579
;(5, 9);MoveSouthEast;(5, 6);False;1;1580
;(5, 9);MoveSouthEast;(5, 6);False;1;1581
;(5, 9);MoveSouthEast;(5, 6);False;1;1582
;(5, 9);MoveSouthEast;(5, 6);False;1;1583
;(5, 9);MoveSouthEast;(5, 6);False;1;1584
;(5, 9);MoveSouthEast;(6, 7);False;1;1585
;(5, 9);MoveEast;(6, 7);False;1;1586
;(5, 9);MoveEast;(6, 7);False;1;1587
;(5, 9);MoveEast;(6, 7);False;1;1588
;(5, 9);MoveEast;(6, 7);False;1;1589
;(5, 9);MoveEast;(6, 7);False;1;1590
;(5, 9);MoveEast;(6, 7);False;1;1591
;(5, 9);MoveEast;(6, 7);False;1;1592
;(5, 9);MoveEast;(6, 7);False;1;1593
;(5, 9);MoveEast;(6, 7);False;1;1594
;(5, 9);MoveEast;(6, 7);False;1;1595
;(5, 9);MoveEast;(7, 7);False;1;1596
;(5, 9);MoveSouthEast;(7, 7);False;1;1597
;(5, 9);MoveSouthEast;(7, 7);False;1;1598
;(5, 9);MoveSouthEast;(7, 7);False;1;1599
;(5, 9);MoveSouthEast;(7, 7);False;1;1600
;(5, 9);MoveSouthEast;(7, 7);False;1;1601
;(5, 9);MoveSouthEast;(7, 7);False;1;1602
;(5, 9);MoveSouthEast;(7, 7);False;1;1603
;(5, 9);MoveSouthEast;(7, 7);False;1;1604
;(5, 9);MoveSouthEast;(7, 7);False;1;1605
;(5, 9);MoveSouthEast;(7, 7);False;1;1606
;(5, 9);MoveSouthEast;(8, 8);False;1;1607
;(5, 9);MoveEast;(8, 8);False;1;1608
;(5, 9);MoveEast;(8, 8);False;1;1609
;(5, 9);MoveEast;(8, 8);False;1;1610
;(5, 9);MoveEast;(8, 8);False;1;1611
;(5, 9);MoveEast;(8, 8);False;1;1612
;(5, 9);MoveEast;(8, 8);False;1;1613
;(5, 9);MoveEast;(8, 8);False;1;1614
;(5, 9);MoveEast;(8, 8);False;1;1615
;(5, 9);MoveEast;(8, 8);False;1;1616
;(5, 9);MoveEast;(8, 8);False;1;1617
;(5, 9);MoveEast;(9, 8);False;1;1618
;(5, 9);MoveEast;(9, 8);False;1;1619
;(5, 9);MoveEast;(9, 8);False;1;1620
;(5, 9);MoveEast;(9, 8);False;1;1621
;(5, 9);MoveEast;(9, 8);False;1;1622
;(5, 9);MoveEast;(9, 8);False;1;1623
;(5, 9);MoveEast;(9, 8);False;1;1624
;(5, 9);MoveEast;(9, 8);False;1;1625
;(5, 9);MoveEast;(9, 8);False;1;1626
;(5, 9);MoveEast;(9, 8);False;1;1627
;(5, 9);MoveEast;(9, 8);False;1;1628
;(5, 9);MoveEast;(10, 8);False;1;1629
;(5, 9);MoveSouthEast;(10, 8);False;1;1630
;(5, 9);MoveSouthEast;(10, 8);False;1;1631
;(5, 9);MoveSouthEast;(10, 8);False;1;1632
;(5, 9);MoveSouthEast;(10, 8);False;1;1633
;(5, 9);MoveSouthEast;(10, 8);False;1;1634
;(5, 9);MoveSouthEast;(10, 8);False;1;1635
;(5, 9);MoveSouthEast;(10, 8);False;1;1636
;(5, 9);MoveSouthEast;(10, 8);False;1;1637
;(5, 9);MoveSouthEast;(10, 8);False;1;1638
;(5, 9);MoveSouthEast;(10, 8);False;1;1639
;(5, 9);MoveSouthEast;(11, 9);False;1;1640
;(5, 9);GrabLargeObject;(11, 9);False;1;1641
;(5, 9);GrabLargeObject;(11, 9);False;1;1642
;(5, 9);GrabLargeObject;(11, 9);False;1;1643
;(5, 9);GrabLargeObject;(11, 9);False;1;1644
;(5, 9);GrabLargeObject;(11, 9);False;1;1645
;(5, 9);GrabLargeObject;(11, 9);False;1;1646
;(5, 9);GrabLargeObject;(11, 9);False;1;1647
;(5, 9);GrabLargeObject;(11, 9);False;1;1648
;(5, 9);GrabLargeObject;(11, 9);False;1;1649
;(5, 9);GrabLargeObject;(11, 9);False;1;1650
;(5, 9);GrabLargeObject;(11, 9);False;1;1651
;(5, 9);;(11, 9);False;1;1652
;(5, 9);Idle;(11, 9);False;1;1653
;(5, 9);Idle;(11, 9);False;1;1654
;(5, 9);Idle;(11, 9);False;1;1655
;(5, 9);Idle;(11, 9);False;1;1656
;(5, 9);Idle;(11, 9);False;1;1657
;(5, 9);Idle;(11, 9);False;1;1658
;(5, 9);Idle;(11, 9);False;1;1659
;(5, 9);Idle;(11, 9);False;1;1660
;(5, 9);Idle;(11, 9);False;1;1661
;(5, 9);Idle;(11, 9);False;1;1662
;(5, 9);Idle;(11, 9);False;1;1663
;(5, 9);Idle;(11, 9);False;1;1664
;(5, 9);Idle;(11, 9);False;1;1665
;(5, 9);Idle;(11, 9);False;1;1666
;(5, 9);Idle;(11, 9);False;1;1667
;(5, 9);Idle;(11, 9);False;1;1668
;(5, 9);Idle;(11, 9);False;1;1669
;(5, 9);Idle;(11, 9);False;1;1670
;(5, 9);Idle;(11, 9);False;1;1671
;(5, 9);Idle;(11, 9);False;1;1672
;(5, 9);Idle;(11, 9);False;1;1673
;(5, 9);Idle;(11, 9);False;1;1674
;(5, 9);Idle;(11, 9);False;1;1675
;(5, 9);Idle;(11, 9);False;1;1676
;(5, 9);Idle;(11, 9);False;1;1677
;(5, 9);Idle;(11, 9);False;1;1678
;(5, 9);Idle;(11, 9);False;1;1679
;(5, 9);Idle;(11, 9);False;1;1680
;(5, 9);Idle;(11, 9);False;1;1681
;(5, 9);Idle;(11, 9);False;1;1682
;(5, 9);Idle;(11, 9);False;1;1683
;(5, 9);Idle;(11, 9);False;1;1684
;(5, 9);Idle;(11, 9);False;1;1685
;(5, 9);Idle;(11, 9);False;1;1686
;(5, 9);Idle;(11, 9);False;1;1687
;(5, 9);Idle;(11, 9);False;1;1688
;(5, 9);Idle;(11, 9);False;1;1689
;(5, 9);Idle;(11, 9);False;1;1690
;(5, 9);Idle;(11, 9);False;1;1691
;(5, 9);Idle;(11, 9);False;1;1692
;(5, 9);Idle;(11, 9);False;1;1693
;(5, 9);Idle;(11, 9);False;1;1694
;(5, 9);Idle;(11, 9);False;1;1695
;(5, 9);Idle;(11, 9);False;1;1696
;(5, 9);Idle;(11, 9);False;1;1697
;(5, 9);Idle;(11, 9);False;1;1698
;(5, 9);Idle;(11, 9);False;1;1699
;(5, 9);Idle;(11, 9);False;1;1700
;(5, 9);Idle;(11, 9);False;1;1701
;(5, 9);Idle;(11, 9);False;1;1702
;(5, 9);Idle;(11, 9);False;1;1703
;(5, 9);Idle;(11, 9);False;1;1704
;(5, 9);Idle;(11, 9);False;1;1705
;(5, 9);Idle;(11, 9);False;1;1706
;(5, 9);Idle;(11, 9);False;1;1707
;(5, 9);;(11, 9);False;1;1708
;(5, 9);MoveNorth;(11, 9);False;1;1709
;(5, 9);MoveNorth;(11, 9);False;1;1710
;(5, 9);MoveNorth;(11, 9);False;1;1711
;(5, 9);MoveNorth;(11, 9);False;1;1712
;(5, 9);MoveNorth;(11, 9);False;1;1713
;(5, 9);MoveNorth;(11, 9);False;1;1714
;(5, 9);MoveNorth;(11, 9);False;1;1715
;(5, 9);MoveNorth;(11, 9);False;1;1716
;(5, 9);MoveNorth;(11, 9);False;1;1717
;(5, 9);MoveNorth;(11, 9);False;1;1718
;(5, 9);MoveNorth;(11, 8);False;1;1719
;(5, 9);MoveNorthWest;(11, 8);False;1;1720
;(5, 9);MoveNorthWest;(11, 8);False;1;1721
;(5, 9);MoveNorthWest;(11, 8);False;1;1722
;(5, 9);MoveNorthWest;(11, 8);False;1;1723
;(5, 9);MoveNorthWest;(11, 8);False;1;1724
;(5, 9);MoveNorthWest;(11, 8);False;1;1725
;(5, 9);MoveNorthWest;(11, 8);False;1;1726
;(5, 9);MoveNorthWest;(11, 8);False;1;1727
;(5, 9);MoveNorthWest;(11, 8);False;1;1728
;(5, 9);MoveNorthWest;(11, 8);False;1;1729
;(5, 9);MoveNorthWest;(10, 7);False;1;1730
;(5, 9);MoveNorth;(10, 7);False;1;1731
;(5, 9);MoveNorth;(10, 7);False;1;1732
;(5, 9);MoveNorth;(10, 7);False;1;1733
;(5, 9);MoveNorth;(10, 7);False;1;1734
;(5, 9);MoveNorth;(10, 7);False;1;1735
;(5, 9);MoveNorth;(10, 7);False;1;1736
;(5, 9);MoveNorth;(10, 7);False;1;1737
;(5, 9);MoveNorth;(10, 7);False;1;1738
;(5, 9);MoveNorth;(10, 7);False;1;1739
;(5, 9);MoveNorth;(10, 7);False;1;1740
;(5, 9);MoveNorth;(10, 6);False;1;1741
;(5, 9);MoveNorthWest;(10, 6);False;1;1742
;(5, 9);MoveNorthWest;(10, 6);False;1;1743
;(5, 9);MoveNorthWest;(10, 6);False;1;1744
;(5, 9);MoveNorthWest;(10, 6);False;1;1745
;(5, 9);MoveNorthWest;(10, 6);False;1;1746
;(5, 9);MoveNorthWest;(10, 6);False;1;1747
;(5, 9);MoveNorthWest;(10, 6);False;1;1748
;(5, 9);MoveNorthWest;(10, 6);False;1;1749
;(5, 9);MoveNorthWest;(10, 6);False;1;1750
;(5, 9);MoveNorthWest;(10, 6);False;1;1751
;(5, 9);MoveNorthWest;(9, 5);False;1;1752
;(5, 9);MoveNorth;(9, 5);False;1;1753
;(5, 9);MoveNorth;(9, 5);False;1;1754
;(5, 9);MoveNorth;(9, 5);False;1;1755
;(5, 9);MoveNorth;(9, 5);False;1;1756
;(5, 9);MoveNorth;(9, 5);False;1;1757
;(5, 9);MoveNorth;(9, 5);False;1;1758
;(5, 9);MoveNorth;(9, 5);False;1;1759
;(5, 9);MoveNorth;(9, 5);False;1;1760
;(5, 9);MoveNorth;(9, 5);False;1;1761
;(5, 9);MoveNorth;(9, 5);False;1;1762
;(5, 9);MoveNorth;(9, 4);False;1;1763
;(5, 9);BreakObject;(9, 4);False;1;1764
;(5, 9);BreakObject;(9, 4);False;1;1765
;(5, 9);BreakObject;(9, 4);False;1;1766
;(5, 9);BreakObject;(9, 4);False;1;1767
;(5, 9);BreakObject;(9, 4);False;1;1768
;(5, 9);BreakObject;(9, 4);False;1;1769
;(5, 9);BreakObject;(9, 4);False;1;1770
;(5, 9);BreakObject;(9, 4);False;1;1771
;(5, 9);BreakObject;(9, 4);False;1;1772
;(5, 9);BreakObject;(9, 4);False;1;1773
;(5, 9);BreakObject;(9, 4);False;1;1774
;(5, 9);;(9, 4);False;1;1775
;(5, 9);Idle;(9, 4);False;1;1776
;(5, 9);Idle;(9, 4);False;1;1777
;(5, 9);Idle;(9, 4);False;1;1778
;(5, 9);Idle;(9, 4);False;1;1779
;(5, 9);Idle;(9, 4);False;1;1780
;(5, 9);Idle;(9, 4);False;1;1781
;(5, 9);Idle;(9, 4);False;1;1782
;(5, 9);Idle;(9, 4);False;1;1783
;(5, 9);Idle;(9, 4);False;1;1784
;(5, 9);Idle;(9, 4);False;1;1785
;(5, 9);Idle;(9, 4);False;1;1786
;(5, 9);Idle;(9, 4);False;1;1787
;(5, 9);Idle;(9, 4);False;1;1788
;(5, 9);Idle;(9, 4);False;1;1789
;(5, 9);Idle;(9, 4);False;1;1790
;(5, 9);Idle;(9, 4);False;1;1791
;(5, 9);Idle;(9, 4);False;1;1792
;(5, 9);Idle;(9, 4);False;1;1793
;(5, 9);Idle;(9, 4);False;1;1794
;(5, 9);Idle;(9, 4);False;1;1795
;(5, 9);Idle;(9, 4);False;1;1796
;(5, 9);Idle;(9, 4);False;1;1797
;(5, 9);Idle;(9, 4);False;1;1798
;(5, 9);Idle;(9, 4);False;1;1799
;(5, 9);Idle;(9, 4);False;1;1800
;(5, 9);Idle;(9, 4);False;1;1801
;(5, 9);Idle;(9, 4);False;1;1802
;(5, 9);Idle;(9, 4);False;1;1803
;(5, 9);Idle;(9, 4);False;1;1804
;(5, 9);Idle;(9, 4);False;1;1805
;(5, 9);Idle;(9, 4);False;1;1806
;(5, 9);Idle;(9, 4);False;1;1807
;(5, 9);Idle;(9, 4);False;1;1808
;(5, 9);Idle;(9, 4);False;1;1809
;(5, 9);Idle;(9, 4);False;1;1810
;(5, 9);Idle;(9, 4);False;1;1811
;(5, 9);Idle;(9, 4);False;1;1812
;(5, 9);Idle;(9, 4);False;1;1813
;(5, 9);Idle;(9, 4);False;1;1814
;(5, 9);Idle;(9, 4);False;1;1815
;(5, 9);Idle;(9, 4);False;1;1816
;(5, 9);Idle;(9, 4);False;1;1817
;(5, 9);Idle;(9, 4);False;1;1818
;(5, 9);Idle;(9, 4);False;1;1819
;(5, 9);Idle;(9, 4);False;1;1820
;(5, 9);Idle;(9, 4);False;1;1821
;(5, 9);Idle;(9, 4);False;1;1822
;(5, 9);Idle;(9, 4);False;1;1823
;(5, 9);Idle;(9, 4);False;1;1824
;(5, 9);Idle;(9, 4);False;1;1825
;(5, 9);Idle;(9, 4);False;1;1826
;(5, 9);Idle;(9, 4);False;1;1827
;(5, 9);Idle;(9, 4);False;1;1828
;(5, 9);Idle;(9, 4);False;1;1829
;(5, 9);Idle;(9, 4);False;1;1830
;(5, 9);;(9, 4);False;1;1831
;(5, 9);MoveEast;(9, 4);False;1;1832
;(5, 9);MoveEast;(9, 4);False;1;1833
;(5, 9);MoveEast;(9, 4);False;1;1834
;(5, 9);MoveEast;(9, 4);False;1;1835
;(5, 9);MoveEast;(9, 4);False;1;1836
;(5, 9);MoveEast;(9, 4);False;1;1837
;(5, 9);MoveEast;(9, 4);False;1;1838
;(5, 9);MoveEast;(9, 4);False;1;1839
;(5, 9);MoveEast;(9, 4);False;1;1840
;(5, 9);MoveEast;(9, 4);False;1;1841
;(5, 9);MoveEast;(10, 4);False;1;1842
;(5, 9);MoveEast;(10, 4);False;1;1843
;(5, 9);MoveEast;(10, 4);False;1;1844
;(5, 9);MoveEast;(10, 4);False;1;1845
;(5, 9);MoveEast;(10, 4);False;1;1846
;(5, 9);MoveEast;(10, 4);False;1;1847
;(5, 9);MoveEast;(10, 4);False;1;1848
;(5, 9);MoveEast;(10, 4);False;1;1849
;(5, 9);MoveEast;(10, 4);False;1;1850
;(5, 9);MoveEast;(10, 4);False;1;1851
;(5, 9);MoveEast;(10, 4);False;1;1852
;(5, 9);MoveEast;(11, 4);False;1;1853
;(5, 9);MoveWest;(11, 4);False;1;1854
;(5, 9);MoveWest;(11, 4);False;1;1855
;(5, 9);MoveWest;(11, 4);False;1;1856
;(5, 9);MoveWest;(11, 4);False;1;1857
;(5, 9);MoveWest;(11, 4);False;1;1858
;(5, 9);MoveWest;(11, 4);False;1;1859
;(5, 9);MoveWest;(11, 4);False;1;1860
;(5, 9);MoveWest;(11, 4);False;1;1861
;(5, 9);MoveWest;(11, 4);False;1;1862
;(5, 9);MoveWest;(11, 4);False;1;1863
;(5, 9);MoveWest;(10, 4);False;1;1864
;(5, 9);MoveWest;(10, 4);False;1;1865
;(5, 9);MoveWest;(10, 4);False;1;1866
;(5, 9);MoveWest;(10, 4);False;1;1867
;(5, 9);MoveWest;(10, 4);False;1;1868
;(5, 9);MoveWest;(10, 4);False;1;1869
;(5, 9);MoveWest;(10, 4);False;1;1870
;(5, 9);MoveWest;(10, 4);False;1;1871
;(5, 9);MoveWest;(10, 4);False;1;1872
;(5, 9);MoveWest;(10, 4);False;1;1873
;(5, 9);MoveWest;(10, 4);False;1;1874
;(5, 9);MoveWest;(9, 4);False;1;1875
;(5, 9);MoveEast;(9, 4);False;1;1876
;(5, 9);MoveEast;(9, 4);False;1;1877
;(5, 9);MoveEast;(9, 4);False;1;1878
;(5, 9);MoveEast;(9, 4);False;1;1879
;(5, 9);MoveEast;(9, 4);False;1;1880
;(5, 9);MoveEast;(9, 4);False;1;1881
;(5, 9);MoveEast;(9, 4);False;1;1882
;(5, 9);MoveEast;(9, 4);False;1;1883
;(5, 9);MoveEast;(9, 4);False;1;1884
;(5, 9);MoveEast;(9, 4);False;1;1885
;(5, 9);MoveEast;(10, 4);False;1;1886
;(5, 9);MoveEast;(10, 4);False;1;1887
;(5, 9);MoveEast;(10, 4);False;1;1888
;(5, 9);MoveEast;(10, 4);False;1;1889
;(5, 9);MoveEast;(10, 4);False;1;1890
;(5, 9);MoveEast;(10, 4);False;1;1891
;(5, 9);MoveEast;(10, 4);False;1;1892
;(5, 9);MoveEast;(10, 4);False;1;1893
;(5, 9);MoveEast;(10, 4);False;1;1894
;(5, 9);MoveEast;(10, 4);False;1;1895
;(5, 9);MoveEast;(10, 4);False;1;1896
;(5, 9);MoveEast;(11, 4);False;1;1897
;(5, 9);MoveWest;(11, 4);False;1;1898
;(5, 9);MoveWest;(11, 4);False;1;1899
;(5, 9);MoveWest;(11, 4);False;1;1900
;(5, 9);MoveWest;(11, 4);False;1;1901
;(5, 9);MoveWest;(11, 4);False;1;1902
;(5, 9);MoveWest;(11, 4);False;1;1903
;(5, 9);MoveWest;(11, 4);False;1;1904
;(5, 9);MoveWest;(11, 4);False;1;1905
;(5, 9);MoveWest;(11, 4);False;1;1906
;(5, 9);MoveWest;(11, 4);False;1;1907
;(5, 9);MoveWest;(10, 4);False;1;1908
;(5, 9);MoveWest;(10, 4);False;1;1909
;(5, 9);MoveWest;(10, 4);False;1;1910
;(5, 9);MoveWest;(10, 4);False;1;1911
;(5, 9);MoveWest;(10, 4);False;1;1912
;(5, 9);MoveWest;(10, 4);False;1;1913
;(5, 9);MoveWest;(10, 4);False;1;1914
;(5, 9);MoveWest;(10, 4);False;1;1915
;(5, 9);MoveWest;(10, 4);False;1;1916
;(5, 9);MoveWest;(10, 4);False;1;1917
;(5, 9);MoveWest;(10, 4);False;1;1918
;(5, 9);MoveWest;(9, 4);False;1;1919
;(5, 9);MoveEast;(9, 4);False;1;1920
;(5, 9);MoveEast;(9, 4);False;1;1921
;(5, 9);MoveEast;(9, 4);False;1;1922
;(5, 9);MoveEast;(9, 4);False;1;1923
;(5, 9);MoveEast;(9, 4);False;1;1924
;(5, 9);MoveEast;(9, 4);False;1;1925
;(5, 9);MoveEast;(9, 4);False;1;1926
;(5, 9);MoveEast;(9, 4);False;1;1927
;(5, 9);MoveEast;(9, 4);False;1;1928
;(5, 9);MoveEast;(9, 4);False;1;1929
;(5, 9);MoveEast;(10, 4);False;1;1930
;(5, 9);MoveEast;(10, 4);False;1;1931
;(5, 9);MoveEast;(10, 4);False;1;1932
;(5, 9);MoveEast;(10, 4);False;1;1933
;(5, 9);MoveEast;(10, 4);False;1;1934
;(5, 9);MoveEast;(10, 4);False;1;1935
;(5, 9);MoveEast;(10, 4);False;1;1936
;(5, 9);MoveEast;(10, 4);False;1;1937
;(5, 9);MoveEast;(10, 4);False;1;1938
;(5, 9);MoveEast;(10, 4);False;1;1939
;(5, 9);MoveEast;(10, 4);False;1;1940
;(5, 9);MoveEast;(11, 4);False;1;1941
;(5, 9);MoveWest;(11, 4);False;1;1942
;(5, 9);MoveWest;(11, 4);False;1;1943
;(5, 9);MoveWest;(11, 4);False;1;1944
;(5, 9);MoveWest;(11, 4);False;1;1945
;(5, 9);MoveWest;(11, 4);False;1;1946
;(5, 9);MoveWest;(11, 4);False;1;1947
;(5, 9);MoveWest;(11, 4);False;1;1948
;(5, 9);MoveWest;(11, 4);False;1;1949
;(5, 9);MoveWest;(11, 4);False;1;1950
;(5, 9);MoveWest;(11, 4);False;1;1951
;(5, 9);MoveWest;(10, 4);False;1;1952
;(5, 9);MoveWest;(10, 4);False;1;1953
;(5, 9);MoveWest;(10, 4);False;1;1954
;(5, 9);MoveWest;(10, 4);False;1;1955
;(5, 9);MoveWest;(10, 4);False;1;1956
;(5, 9);MoveWest;(10, 4);False;1;1957
;(5, 9);MoveWest;(10, 4);False;1;1958
;(5, 9);MoveWest;(10, 4);False;1;1959
;(5, 9);MoveWest;(10, 4);False;1;1960
;(5, 9);MoveWest;(10, 4);False;1;1961
;(5, 9);MoveWest;(10, 4);False;1;1962
;(5, 9);MoveWest;(9, 4);False;1;1963
;(5, 9);;(9, 4);False;1;1964
;(5, 9);Idle;(9, 4);False;1;1965
;(5, 9);Idle;(9, 4);False;1;1966
;(5, 9);Idle;(9, 4);False;1;1967
;(5, 9);Idle;(9, 4);False;1;1968
;(5, 9);Idle;(9, 4);False;1;1969
;(5, 9);Idle;(9, 4);False;1;1970
;(5, 9);Idle;(9, 4);False;1;1971
;(5, 9);Idle;(9, 4);False;1;1972
;(5, 9);Idle;(9, 4);False;1;1973
;(5, 9);Idle;(9, 4);False;1;1974
;(5, 9);Idle;(9, 4);False;1;1975
;(5, 9);Idle;(9, 4);False;1;1976
;(5, 9);Idle;(9, 4);False;1;1977
;(5, 9);Idle;(9, 4);False;1;1978
;(5, 9);Idle;(9, 4);False;1;1979
;(5, 9);Idle;(9, 4);False;1;1980
;(5, 9);Idle;(9, 4);False;1;1981
;(5, 9);Idle;(9, 4);False;1;1982
;(5, 9);Idle;(9, 4);False;1;1983
;(5, 9);Idle;(9, 4);False;1;1984
;(5, 9);Idle;(9, 4);False;1;1985
;(5, 9);Idle;(9, 4);False;1;1986
;(5, 9);Idle;(9, 4);False;1;1987
;(5, 9);Idle;(9, 4);False;1;1988
;(5, 9);Idle;(9, 4);False;1;1989
;(5, 9);Idle;(9, 4);False;1;1990
;(5, 9);Idle;(9, 4);False;1;1991
;(5, 9);Idle;(9, 4);False;1;1992
;(5, 9);Idle;(9, 4);False;1;1993
;(5, 9);Idle;(9, 4);False;1;1994
;(5, 9);Idle;(9, 4);False;1;1995
;(5, 9);Idle;(9, 4);False;1;1996
;(5, 9);Idle;(9, 4);False;1;1997
;(5, 9);Idle;(9, 4);False;1;1998
;(5, 9);Idle;(9, 4);False;1;1999
;(5, 9);Idle;(9, 4);False;1;2000
;(5, 9);Idle;(9, 4);False;1;2001
;(5, 9);Idle;(9, 4);False;1;2002
;(5, 9);Idle;(9, 4);False;1;2003
;(5, 9);Idle;(9, 4);False;1;2004
;(5, 9);Idle;(9, 4);False;1;2005
;(5, 9);Idle;(9, 4);False;1;2006
;(5, 9);Idle;(9, 4);False;1;2007
;(5, 9);Idle;(9, 4);False;1;2008
;(5, 9);Idle;(9, 4);False;1;2009
;(5, 9);Idle;(9, 4);False;1;2010
;(5, 9);Idle;(9, 4);False;1;2011
;(5, 9);Idle;(9, 4);False;1;2012
;(5, 9);Idle;(9, 4);False;1;2013
;(5, 9);Idle;(9, 4);False;1;2014
;(5, 9);Idle;(9, 4);False;1;2015
;(5, 9);Idle;(9, 4);False;1;2016
;(5, 9);Idle;(9, 4);False;1;2017
;(5, 9);Idle;(9, 4);False;1;2018
;(5, 9);Idle;(9, 4);False;1;2019
;(5, 9);;(9, 4);False;1;2020
;(5, 9);Idle;(9, 4);False;1;2021
;(5, 9);Idle;(9, 4);False;1;2022
;(5, 9);Idle;(9, 4);False;1;2023
;(5, 9);Idle;(9, 4);False;1;2024
;(5, 9);Idle;(9, 4);False;1;2025
;(5, 9);Idle;(9, 4);False;1;2026
;(5, 9);Idle;(9, 4);False;1;2027
;(5, 9);Idle;(9, 4);False;1;2028
;(5, 9);Idle;(9, 4);False;1;2029
;(5, 9);Idle;(9, 4);False;1;2030
;(5, 9);Idle;(9, 4);False;1;2031
;(5, 9);Idle;(9, 4);False;1;2032
;(5, 9);Idle;(9, 4);False;1;2033
;(5, 9);Idle;(9, 4);False;1;2034
;(5, 9);Idle;(9, 4);False;1;2035
;(5, 9);Idle;(9, 4);False;1;2036
;(5, 9);Idle;(9, 4);False;1;2037
;(5, 9);Idle;(9, 4);False;1;2038
;(5, 9);Idle;(9, 4);False;1;2039
;(5, 9);Idle;(9, 4);False;1;2040
;(5, 9);Idle;(9, 4);False;1;2041
;(5, 9);Idle;(9, 4);False;1;2042
;(5, 9);Idle;(9, 4);False;1;2043
;(5, 9);Idle;(9, 4);False;1;2044
;(5, 9);Idle;(9, 4);False;1;2045
;(5, 9);Idle;(9, 4);False;1;2046
;(5, 9);Idle;(9, 4);False;1;2047
;(5, 9);Idle;(9, 4);False;1;2048
;(5, 9);Idle;(9, 4);False;1;2049
;(5, 9);Idle;(9, 4);False;1;2050
;(5, 9);Idle;(9, 4);False;1;2051
;(5, 9);Idle;(9, 4);False;1;2052
;(5, 9);Idle;(9, 4);False;1;2053
;(5, 9);Idle;(9, 4);False;1;2054
;(5, 9);Idle;(9, 4);False;1;2055
;(5, 9);Idle;(9, 4);False;1;2056
;(5, 9);Idle;(9, 4);False;1;2057
;(5, 9);Idle;(9, 4);False;1;2058
;(5, 9);Idle;(9, 4);False;1;2059
;(5, 9);Idle;(9, 4);False;1;2060
;(5, 9);Idle;(9, 4);False;1;2061
;(5, 9);Idle;(9, 4);False;1;2062
;(5, 9);Idle;(9, 4);False;1;2063
;(5, 9);Idle;(9, 4);False;1;2064
;(5, 9);Idle;(9, 4);False;1;2065
;(5, 9);Idle;(9, 4);False;1;2066
;(5, 9);Idle;(9, 4);False;1;2067
;(5, 9);Idle;(9, 4);False;1;2068
;(5, 9);Idle;(9, 4);False;1;2069
;(5, 9);Idle;(9, 4);False;1;2070
;(5, 9);Idle;(9, 4);False;1;2071
;(5, 9);Idle;(9, 4);False;1;2072
;(5, 9);Idle;(9, 4);False;1;2073
;(5, 9);Idle;(9, 4);False;1;2074
;(5, 9);Idle;(9, 4);False;1;2075
;(5, 9);;(9, 4);False;1;2076
;(5, 9);Idle;(9, 4);False;1;2077
;(5, 9);Idle;(9, 4);False;1;2078
;(5, 9);Idle;(9, 4);False;1;2079
;(5, 9);Idle;(9, 4);False;1;2080
;(5, 9);Idle;(9, 4);False;1;2081
;(5, 9);Idle;(9, 4);False;1;2082
;(5, 9);Idle;(9, 4);False;1;2083
;(5, 9);Idle;(9, 4);False;1;2084
;(5, 9);Idle;(9, 4);False;1;2085
;(5, 9);Idle;(9, 4);False;1;2086
;(5, 9);Idle;(9, 4);False;1;2087
;(5, 9);Idle;(9, 4);False;1;2088
;(5, 9);Idle;(9, 4);False;1;2089
;(5, 9);Idle;(9, 4);False;1;2090
;(5, 9);Idle;(9, 4);False;1;2091
;(5, 9);Idle;(9, 4);False;1;2092
;(5, 9);Idle;(9, 4);False;1;2093
;(5, 9);Idle;(9, 4);False;1;2094
;(5, 9);Idle;(9, 4);False;1;2095
;(5, 9);Idle;(9, 4);False;1;2096
;(5, 9);Idle;(9, 4);False;1;2097
;(5, 9);Idle;(9, 4);False;1;2098
;(5, 9);Idle;(9, 4);False;1;2099
;(5, 9);Idle;(9, 4);False;1;2100
;(5, 9);Idle;(9, 4);False;1;2101
;(5, 9);Idle;(9, 4);False;1;2102
;(5, 9);Idle;(9, 4);False;1;2103
;(5, 9);Idle;(9, 4);False;1;2104
;(5, 9);Idle;(9, 4);False;1;2105
;(5, 9);Idle;(9, 4);False;1;2106
;(5, 9);Idle;(9, 4);False;1;2107
;(5, 9);Idle;(9, 4);False;1;2108
;(5, 9);Idle;(9, 4);False;1;2109
;(5, 9);Idle;(9, 4);False;1;2110
;(5, 9);Idle;(9, 4);False;1;2111
;(5, 9);Idle;(9, 4);False;1;2112
;(5, 9);Idle;(9, 4);False;1;2113
;(5, 9);Idle;(9, 4);False;1;2114
;(5, 9);Idle;(9, 4);False;1;2115
;(5, 9);Idle;(9, 4);False;1;2116
;(5, 9);Idle;(9, 4);False;1;2117
;(5, 9);Idle;(9, 4);False;1;2118
;(5, 9);Idle;(9, 4);False;1;2119
;(5, 9);Idle;(9, 4);False;1;2120
;(5, 9);Idle;(9, 4);False;1;2121
;(5, 9);Idle;(9, 4);False;1;2122
;(5, 9);Idle;(9, 4);False;1;2123
;(5, 9);Idle;(9, 4);False;1;2124
;(5, 9);Idle;(9, 4);False;1;2125
;(5, 9);Idle;(9, 4);False;1;2126
;(5, 9);Idle;(9, 4);False;1;2127
;(5, 9);Idle;(9, 4);False;1;2128
;(5, 9);Idle;(9, 4);False;1;2129
;(5, 9);Idle;(9, 4);False;1;2130
;(5, 9);Idle;(9, 4);False;1;2131
;(5, 9);;(9, 4);False;1;2132
;(5, 9);Idle;(9, 4);False;1;2133
;(5, 9);Idle;(9, 4);False;1;2134
;(5, 9);Idle;(9, 4);False;1;2135
;(5, 9);Idle;(9, 4);False;1;2136
;(5, 9);Idle;(9, 4);False;1;2137
;(5, 9);Idle;(9, 4);False;1;2138
;(5, 9);Idle;(9, 4);False;1;2139
;(5, 9);Idle;(9, 4);False;1;2140
;(5, 9);Idle;(9, 4);False;1;2141
;(5, 9);Idle;(9, 4);False;1;2142
;(5, 9);Idle;(9, 4);False;1;2143
;(5, 9);Idle;(9, 4);False;1;2144
;(5, 9);Idle;(9, 4);False;1;2145
;(5, 9);Idle;(9, 4);False;1;2146
;(5, 9);Idle;(9, 4);False;1;2147
;(5, 9);Idle;(9, 4);False;1;2148
;(5, 9);Idle;(9, 4);False;1;2149
;(5, 9);Idle;(9, 4);False;1;2150
;(5, 9);Idle;(9, 4);False;1;2151
;(5, 9);Idle;(9, 4);False;1;2152
;(5, 9);Idle;(9, 4);False;1;2153
;(5, 9);Idle;(9, 4);False;1;2154
;(5, 9);Idle;(9, 4);False;1;2155
;(5, 9);Idle;(9, 4);False;1;2156
;(5, 9);Idle;(9, 4);False;1;2157
;(5, 9);Idle;(9, 4);False;1;2158
;(5, 9);Idle;(9, 4);False;1;2159
;(5, 9);Idle;(9, 4);False;1;2160
;(5, 9);Idle;(9, 4);False;1;2161
;(5, 9);Idle;(9, 4);False;1;2162
;(5, 9);Idle;(9, 4);False;1;2163
;(5, 9);Idle;(9, 4);False;1;2164
;(5, 9);Idle;(9, 4);False;1;2165
;(5, 9);Idle;(9, 4);False;1;2166
;(5, 9);Idle;(9, 4);False;1;2167
;(5, 9);Idle;(9, 4);False;1;2168
;(5, 9);Idle;(9, 4);False;1;2169
;(5, 9);Idle;(9, 4);False;1;2170
;(5, 9);Idle;(9, 4);False;1;2171
;(5, 9);Idle;(9, 4);False;1;2172
;(5, 9);Idle;(9, 4);False;1;2173
;(5, 9);Idle;(9, 4);False;1;2174
;(5, 9);Idle;(9, 4);False;1;2175
;(5, 9);Idle;(9, 4);False;1;2176
;(5, 9);Idle;(9, 4);False;1;2177
;(5, 9);Idle;(9, 4);False;1;2178
;(5, 9);Idle;(9, 4);False;1;2179
;(5, 9);Idle;(9, 4);False;1;2180
;(5, 9);Idle;(9, 4);False;1;2181
;(5, 9);Idle;(9, 4);False;1;2182
;(5, 9);Idle;(9, 4);False;1;2183
;(5, 9);Idle;(9, 4);False;1;2184
;(5, 9);Idle;(9, 4);False;1;2185
;(5, 9);Idle;(9, 4);False;1;2186
;(5, 9);Idle;(9, 4);False;1;2187
;(5, 9);;(9, 4);False;1;2188
;(5, 9);Idle;(9, 4);False;1;2189
;(5, 9);Idle;(9, 4);False;1;2190
;(5, 9);Idle;(9, 4);False;1;2191
;(5, 9);Idle;(9, 4);False;1;2192
;(5, 9);Idle;(9, 4);False;1;2193
;(5, 9);Idle;(9, 4);False;1;2194
;(5, 9);Idle;(9, 4);False;1;2195
;(5, 9);Idle;(9, 4);False;1;2196
;(5, 9);Idle;(9, 4);False;1;2197
;(5, 9);Idle;(9, 4);False;1;2198
;(5, 9);Idle;(9, 4);False;1;2199
;(5, 9);Idle;(9, 4);False;1;2200
;(5, 9);Idle;(9, 4);False;1;2201
;(5, 9);Idle;(9, 4);False;1;2202
;(5, 9);Idle;(9, 4);False;1;2203
;(5, 9);Idle;(9, 4);False;1;2204
;(5, 9);Idle;(9, 4);False;1;2205
;(5, 9);Idle;(9, 4);False;1;2206
;(5, 9);Idle;(9, 4);False;1;2207
;(5, 9);Idle;(9, 4);False;1;2208
;(5, 9);Idle;(9, 4);False;1;2209
;(5, 9);Idle;(9, 4);False;1;2210
;(5, 9);Idle;(9, 4);False;1;2211
;(5, 9);Idle;(9, 4);False;1;2212
;(5, 9);Idle;(9, 4);False;1;2213
;(5, 9);Idle;(9, 4);False;1;2214
;(5, 9);Idle;(9, 4);False;1;2215
;(5, 9);Idle;(9, 4);False;1;2216
;(5, 9);Idle;(9, 4);False;1;2217
;(5, 9);Idle;(9, 4);False;1;2218
;(5, 9);Idle;(9, 4);False;1;2219
;(5, 9);Idle;(9, 4);False;1;2220
;(5, 9);Idle;(9, 4);False;1;2221
;(5, 9);Idle;(9, 4);False;1;2222
;(5, 9);Idle;(9, 4);False;1;2223
;(5, 9);Idle;(9, 4);False;1;2224
;(5, 9);Idle;(9, 4);False;1;2225
;(5, 9);Idle;(9, 4);False;1;2226
;(5, 9);Idle;(9, 4);False;1;2227
;(5, 9);Idle;(9, 4);False;1;2228
;(5, 9);Idle;(9, 4);False;1;2229
;(5, 9);Idle;(9, 4);False;1;2230
;(5, 9);Idle;(9, 4);False;1;2231
;(5, 9);Idle;(9, 4);False;1;2232
;(5, 9);Idle;(9, 4);False;1;2233
;(5, 9);Idle;(9, 4);False;1;2234
;(5, 9);Idle;(9, 4);False;1;2235
;(5, 9);Idle;(9, 4);False;1;2236
;(5, 9);Idle;(9, 4);False;1;2237
;(5, 9);Idle;(9, 4);False;1;2238
;(5, 9);Idle;(9, 4);False;1;2239
;(5, 9);Idle;(9, 4);False;1;2240
;(5, 9);Idle;(9, 4);False;1;2241
;(5, 9);Idle;(9, 4);False;1;2242
;(5, 9);Idle;(9, 4);False;1;2243
;(5, 9);;(9, 4);False;1;2244
;(5, 9);Idle;(9, 4);False;1;2245
;(5, 9);Idle;(9, 4);False;1;2246
;(5, 9);Idle;(9, 4);False;1;2247
;(5, 9);Idle;(9, 4);False;1;2248
;(5, 9);Idle;(9, 4);False;1;2249
;(5, 9);Idle;(9, 4);False;1;2250
;(5, 9);Idle;(9, 4);False;1;2251
;(5, 9);Idle;(9, 4);False;1;2252
;(5, 9);Idle;(9, 4);False;1;2253
;(5, 9);Idle;(9, 4);False;1;2254
;(5, 9);Idle;(9, 4);False;1;2255
;(5, 9);Idle;(9, 4);False;1;2256
;(5, 9);Idle;(9, 4);False;1;2257
;(5, 9);Idle;(9, 4);False;1;2258
;(5, 9);Idle;(9, 4);False;1;2259
;(5, 9);Idle;(9, 4);False;1;2260
;(5, 9);Idle;(9, 4);False;1;2261
;(5, 9);Idle;(9, 4);False;1;2262
;(5, 9);Idle;(9, 4);False;1;2263
;(5, 9);Idle;(9, 4);False;1;2264
;(5, 9);Idle;(9, 4);False;1;2265
;(5, 9);Idle;(9, 4);False;1;2266
;(5, 9);Idle;(9, 4);False;1;2267
;(5, 9);Idle;(9, 4);False;1;2268
;(5, 9);Idle;(9, 4);False;1;2269
;(5, 9);Idle;(9, 4);False;1;2270
;(5, 9);Idle;(9, 4);False;1;2271
;(5, 9);Idle;(9, 4);False;1;2272
;(5, 9);Idle;(9, 4);False;1;2273
;(5, 9);Idle;(9, 4);False;1;2274
;(5, 9);Idle;(9, 4);False;1;2275
;(5, 9);Idle;(9, 4);False;1;2276
;(5, 9);Idle;(9, 4);False;1;2277
;(5, 9);Idle;(9, 4);False;1;2278
;(5, 9);Idle;(9, 4);False;1;2279
;(5, 9);Idle;(9, 4);False;1;2280
;(5, 9);Idle;(9, 4);False;1;2281
;(5, 9);Idle;(9, 4);False;1;2282
;(5, 9);Idle;(9, 4);False;1;2283
;(5, 9);Idle;(9, 4);False;1;2284
;(5, 9);Idle;(9, 4);False;1;2285
;(5, 9);Idle;(9, 4);False;1;2286
;(5, 9);Idle;(9, 4);False;1;2287
;(5, 9);Idle;(9, 4);False;1;2288
;(5, 9);Idle;(9, 4);False;1;2289
;(5, 9);Idle;(9, 4);False;1;2290
;(5, 9);Idle;(9, 4);False;1;2291
;(5, 9);Idle;(9, 4);False;1;2292
;(5, 9);Idle;(9, 4);False;1;2293
;(5, 9);Idle;(9, 4);False;1;2294
;(5, 9);Idle;(9, 4);False;1;2295
;(5, 9);Idle;(9, 4);False;1;2296
;(5, 9);Idle;(9, 4);False;1;2297
;(5, 9);Idle;(9, 4);False;1;2298
;(5, 9);Idle;(9, 4);False;1;2299
;(5, 9);;(9, 4);False;1;2300
;(5, 9);Idle;(9, 4);False;1;2301
;(5, 9);Idle;(9, 4);False;1;2302
;(5, 9);Idle;(9, 4);False;1;2303
;(5, 9);Idle;(9, 4);False;1;2304
;(5, 9);Idle;(9, 4);False;1;2305
;(5, 9);Idle;(9, 4);False;1;2306
;(5, 9);Idle;(9, 4);False;1;2307
;(5, 9);Idle;(9, 4);False;1;2308
;(5, 9);Idle;(9, 4);False;1;2309
;(5, 9);Idle;(9, 4);False;1;2310
;(5, 9);Idle;(9, 4);False;1;2311
;(5, 9);Idle;(9, 4);False;1;2312
;(5, 9);Idle;(9, 4);False;1;2313
;(5, 9);Idle;(9, 4);False;1;2314
;(5, 9);Idle;(9, 4);False;1;2315
;(5, 9);Idle;(9, 4);False;1;2316
;(5, 9);Idle;(9, 4);False;1;2317
;(5, 9);Idle;(9, 4);False;1;2318
;(5, 9);Idle;(9, 4);False;1;2319
;(5, 9);Idle;(9, 4);False;1;2320
;(5, 9);Idle;(9, 4);False;1;2321
;(5, 9);Idle;(9, 4);False;1;2322
;(5, 9);Idle;(9, 4);False;1;2323
;(5, 9);Idle;(9, 4);False;1;2324
;(5, 9);Idle;(9, 4);False;1;2325
;(5, 9);Idle;(9, 4);False;1;2326
;(5, 9);Idle;(9, 4);False;1;2327
;(5, 9);Idle;(9, 4);False;1;2328
;(5, 9);Idle;(9, 4);False;1;2329
;(5, 9);Idle;(9, 4);False;1;2330
;(5, 9);Idle;(9, 4);False;1;2331
;(5, 9);Idle;(9, 4);False;1;2332
;(5, 9);Idle;(9, 4);False;1;2333
;(5, 9);Idle;(9, 4);False;1;2334
;(5, 9);Idle;(9, 4);False;1;2335
;(5, 9);Idle;(9, 4);False;1;2336
;(5, 9);Idle;(9, 4);False;1;2337
;(5, 9);Idle;(9, 4);False;1;2338
;(5, 9);Idle;(9, 4);False;1;2339
;(5, 9);Idle;(9, 4);False;1;2340
;(5, 9);Idle;(9, 4);False;1;2341
;(5, 9);Idle;(9, 4);False;1;2342
;(5, 9);Idle;(9, 4);False;1;2343
;(5, 9);Idle;(9, 4);False;1;2344
;(5, 9);Idle;(9, 4);False;1;2345
;(5, 9);Idle;(9, 4);False;1;2346
;(5, 9);Idle;(9, 4);False;1;2347
;(5, 9);Idle;(9, 4);False;1;2348
;(5, 9);Idle;(9, 4);False;1;2349
;(5, 9);Idle;(9, 4);False;1;2350
;(5, 9);Idle;(9, 4);False;1;2351
;(5, 9);Idle;(9, 4);False;1;2352
;(5, 9);Idle;(9, 4);False;1;2353
;(5, 9);Idle;(9, 4);False;1;2354
;(5, 9);Idle;(9, 4);False;1;2355
;(5, 9);;(9, 4);False;1;2356
;(5, 9);Idle;(9, 4);False;1;2357
;(5, 9);Idle;(9, 4);False;1;2358
;(5, 9);Idle;(9, 4);False;1;2359
;(5, 9);Idle;(9, 4);False;1;2360
;(5, 9);Idle;(9, 4);False;1;2361
;(5, 9);Idle;(9, 4);False;1;2362
;(5, 9);Idle;(9, 4);False;1;2363
;(5, 9);Idle;(9, 4);False;1;2364
;(5, 9);Idle;(9, 4);False;1;2365
;(5, 9);Idle;(9, 4);False;1;2366
;(5, 9);Idle;(9, 4);False;1;2367
;(5, 9);Idle;(9, 4);False;1;2368
;(5, 9);Idle;(9, 4);False;1;2369
;(5, 9);Idle;(9, 4);False;1;2370
;(5, 9);Idle;(9, 4);False;1;2371
;(5, 9);Idle;(9, 4);False;1;2372
;(5, 9);Idle;(9, 4);False;1;2373
;(5, 9);Idle;(9, 4);False;1;2374
;(5, 9);Idle;(9, 4);False;1;2375
;(5, 9);Idle;(9, 4);False;1;2376
;(5, 9);Idle;(9, 4);False;1;2377
;(5, 9);Idle;(9, 4);False;1;2378
;(5, 9);Idle;(9, 4);False;1;2379
;(5, 9);Idle;(9, 4);False;1;2380
;(5, 9);Idle;(9, 4);False;1;2381
;(5, 9);Idle;(9, 4);False;1;2382
;(5, 9);Idle;(9, 4);False;1;2383
;(5, 9);Idle;(9, 4);False;1;2384
;(5, 9);Idle;(9, 4);False;1;2385
;(5, 9);Idle;(9, 4);False;1;2386
;(5, 9);Idle;(9, 4);False;1;2387
;(5, 9);Idle;(9, 4);False;1;2388
;(5, 9);Idle;(9, 4);False;1;2389
;(5, 9);Idle;(9, 4);False;1;2390
;(5, 9);Idle;(9, 4);False;1;2391
;(5, 9);Idle;(9, 4);False;1;2392
;(5, 9);Idle;(9, 4);False;1;2393
;(5, 9);Idle;(9, 4);False;1;2394
;(5, 9);Idle;(9, 4);False;1;2395
;(5, 9);Idle;(9, 4);False;1;2396
;(5, 9);Idle;(9, 4);False;1;2397
;(5, 9);Idle;(9, 4);False;1;2398
;(5, 9);Idle;(9, 4);False;1;2399
;(5, 9);Idle;(9, 4);False;1;2400
;(5, 9);Idle;(9, 4);False;1;2401
;(5, 9);Idle;(9, 4);False;1;2402
;(5, 9);Idle;(9, 4);False;1;2403
;(5, 9);Idle;(9, 4);False;1;2404
;(5, 9);Idle;(9, 4);False;1;2405
;(5, 9);Idle;(9, 4);False;1;2406
;(5, 9);Idle;(9, 4);False;1;2407
;(5, 9);Idle;(9, 4);False;1;2408
;(5, 9);Idle;(9, 4);False;1;2409
;(5, 9);Idle;(9, 4);False;1;2410
;(5, 9);Idle;(9, 4);False;1;2411
;(5, 9);;(9, 4);False;1;2412
;(5, 9);Idle;(9, 4);False;1;2413
;(5, 9);Idle;(9, 4);False;1;2414
;(5, 9);Idle;(9, 4);False;1;2415
;(5, 9);Idle;(9, 4);False;1;2416
;(5, 9);Idle;(9, 4);False;1;2417
;(5, 9);Idle;(9, 4);False;1;2418
;(5, 9);Idle;(9, 4);False;1;2419
;(5, 9);Idle;(9, 4);False;1;2420
;(5, 9);Idle;(9, 4);False;1;2421
;(5, 9);Idle;(9, 4);False;1;2422
;(5, 9);Idle;(9, 4);False;1;2423
;(5, 9);Idle;(9, 4);False;1;2424
;(5, 9);Idle;(9, 4);False;1;2425
;(5, 9);Idle;(9, 4);False;1;2426
;(5, 9);Idle;(9, 4);False;1;2427
;(5, 9);Idle;(9, 4);False;1;2428
;(5, 9);Idle;(9, 4);False;1;2429
;(5, 9);Idle;(9, 4);False;1;2430
;(5, 9);Idle;(9, 4);False;1;2431
;(5, 9);Idle;(9, 4);False;1;2432
;(5, 9);Idle;(9, 4);False;1;2433
;(5, 9);Idle;(9, 4);False;1;2434
;(5, 9);Idle;(9, 4);False;1;2435
;(5, 9);Idle;(9, 4);False;1;2436
;(5, 9);Idle;(9, 4);False;1;2437
;(5, 9);Idle;(9, 4);False;1;2438
;(5, 9);Idle;(9, 4);False;1;2439
;(5, 9);Idle;(9, 4);False;1;2440
;(5, 9);Idle;(9, 4);False;1;2441
;(5, 9);Idle;(9, 4);False;1;2442
;(5, 9);Idle;(9, 4);False;1;2443
;(5, 9);Idle;(9, 4);False;1;2444
;(5, 9);Idle;(9, 4);False;1;2445
;(5, 9);Idle;(9, 4);False;1;2446
;(5, 9);Idle;(9, 4);False;1;2447
;(5, 9);Idle;(9, 4);False;1;2448
;(5, 9);Idle;(9, 4);False;1;2449
;(5, 9);Idle;(9, 4);False;1;2450
;(5, 9);Idle;(9, 4);False;1;2451
;(5, 9);Idle;(9, 4);False;1;2452
;(5, 9);Idle;(9, 4);False;1;2453
;(5, 9);Idle;(9, 4);False;1;2454
;(5, 9);Idle;(9, 4);False;1;2455
;(5, 9);Idle;(9, 4);False;1;2456
;(5, 9);Idle;(9, 4);False;1;2457
;(5, 9);Idle;(9, 4);False;1;2458
;(5, 9);Idle;(9, 4);False;1;2459
;(5, 9);Idle;(9, 4);False;1;2460
;(5, 9);Idle;(9, 4);False;1;2461
;(5, 9);Idle;(9, 4);False;1;2462
;(5, 9);Idle;(9, 4);False;1;2463
;(5, 9);Idle;(9, 4);False;1;2464
;(5, 9);Idle;(9, 4);False;1;2465
;(5, 9);Idle;(9, 4);False;1;2466
;(5, 9);Idle;(9, 4);False;1;2467
;(5, 9);;(9, 4);False;1;2468
;(5, 9);Idle;(9, 4);False;1;2469
;(5, 9);Idle;(9, 4);False;1;2470
;(5, 9);Idle;(9, 4);False;1;2471
;(5, 9);Idle;(9, 4);False;1;2472
;(5, 9);Idle;(9, 4);False;1;2473
;(5, 9);Idle;(9, 4);False;1;2474
;(5, 9);Idle;(9, 4);False;1;2475
;(5, 9);Idle;(9, 4);False;1;2476
;(5, 9);Idle;(9, 4);False;1;2477
;(5, 9);Idle;(9, 4);False;1;2478
;(5, 9);Idle;(9, 4);False;1;2479
;(5, 9);Idle;(9, 4);False;1;2480
;(5, 9);Idle;(9, 4);False;1;2481
;(5, 9);Idle;(9, 4);False;1;2482
;(5, 9);Idle;(9, 4);False;1;2483
;(5, 9);Idle;(9, 4);False;1;2484
;(5, 9);Idle;(9, 4);False;1;2485
;(5, 9);Idle;(9, 4);False;1;2486
;(5, 9);Idle;(9, 4);False;1;2487
;(5, 9);Idle;(9, 4);False;1;2488
;(5, 9);Idle;(9, 4);False;1;2489
;(5, 9);Idle;(9, 4);False;1;2490
;(5, 9);Idle;(9, 4);False;1;2491
;(5, 9);Idle;(9, 4);False;1;2492
;(5, 9);Idle;(9, 4);False;1;2493
;(5, 9);Idle;(9, 4);False;1;2494
;(5, 9);Idle;(9, 4);False;1;2495
;(5, 9);Idle;(9, 4);False;1;2496
;(5, 9);Idle;(9, 4);False;1;2497
;(5, 9);Idle;(9, 4);False;1;2498
;(5, 9);Idle;(9, 4);False;1;2499
;(5, 9);Idle;(9, 4);False;1;2500
;(5, 9);Idle;(9, 4);False;1;2501
;(5, 9);Idle;(9, 4);False;1;2502
;(5, 9);Idle;(9, 4);False;1;2503
;(5, 9);Idle;(9, 4);False;1;2504
;(5, 9);Idle;(9, 4);False;1;2505
;(5, 9);Idle;(9, 4);False;1;2506
;(5, 9);Idle;(9, 4);False;1;2507
;(5, 9);Idle;(9, 4);False;1;2508
;(5, 9);Idle;(9, 4);False;1;2509
;(5, 9);Idle;(9, 4);False;1;2510
;(5, 9);Idle;(9, 4);False;1;2511
;(5, 9);Idle;(9, 4);False;1;2512
;(5, 9);Idle;(9, 4);False;1;2513
;(5, 9);Idle;(9, 4);False;1;2514
;(5, 9);Idle;(9, 4);False;1;2515
;(5, 9);Idle;(9, 4);False;1;2516
;(5, 9);Idle;(9, 4);False;1;2517
;(5, 9);Idle;(9, 4);False;1;2518
;(5, 9);Idle;(9, 4);False;1;2519
;(5, 9);Idle;(9, 4);False;1;2520
;(5, 9);Idle;(9, 4);False;1;2521
;(5, 9);Idle;(9, 4);False;1;2522
;(5, 9);Idle;(9, 4);False;1;2523
;(5, 9);;(9, 4);False;1;2524
;(5, 9);Idle;(9, 4);False;1;2525
;(5, 9);Idle;(9, 4);False;1;2526
;(5, 9);Idle;(9, 4);False;1;2527
;(5, 9);Idle;(9, 4);False;1;2528
;(5, 9);Idle;(9, 4);False;1;2529
;(5, 9);Idle;(9, 4);False;1;2530
;(5, 9);Idle;(9, 4);False;1;2531
;(5, 9);Idle;(9, 4);False;1;2532
;(5, 9);Idle;(9, 4);False;1;2533
;(5, 9);Idle;(9, 4);False;1;2534
;(5, 9);Idle;(9, 4);False;1;2535
;(5, 9);Idle;(9, 4);False;1;2536
;(5, 9);Idle;(9, 4);False;1;2537
;(5, 9);Idle;(9, 4);False;1;2538
;(5, 9);Idle;(9, 4);False;1;2539
;(5, 9);Idle;(9, 4);False;1;2540
;(5, 9);Idle;(9, 4);False;1;2541
;(5, 9);Idle;(9, 4);False;1;2542
;(5, 9);Idle;(9, 4);False;1;2543
;(5, 9);Idle;(9, 4);False;1;2544
;(5, 9);Idle;(9, 4);False;1;2545
;(5, 9);Idle;(9, 4);False;1;2546
;(5, 9);Idle;(9, 4);False;1;2547
;(5, 9);Idle;(9, 4);False;1;2548
;(5, 9);Idle;(9, 4);False;1;2549
;(5, 9);Idle;(9, 4);False;1;2550
;(5, 9);Idle;(9, 4);False;1;2551
;(5, 9);Idle;(9, 4);False;1;2552
;(5, 9);Idle;(9, 4);False;1;2553
;(5, 9);Idle;(9, 4);False;1;2554
;(5, 9);Idle;(9, 4);False;1;2555
;(5, 9);Idle;(9, 4);False;1;2556
;(5, 9);Idle;(9, 4);False;1;2557
;(5, 9);Idle;(9, 4);False;1;2558
;(5, 9);Idle;(9, 4);False;1;2559
;(5, 9);Idle;(9, 4);False;1;2560
;(5, 9);Idle;(9, 4);False;1;2561
;(5, 9);Idle;(9, 4);False;1;2562
;(5, 9);Idle;(9, 4);False;1;2563
;(5, 9);Idle;(9, 4);False;1;2564
;(5, 9);Idle;(9, 4);False;1;2565
;(5, 9);Idle;(9, 4);False;1;2566
;(5, 9);Idle;(9, 4);False;1;2567
;(5, 9);Idle;(9, 4);False;1;2568
;(5, 9);Idle;(9, 4);False;1;2569
;(5, 9);Idle;(9, 4);False;1;2570
;(5, 9);Idle;(9, 4);False;1;2571
;(5, 9);Idle;(9, 4);False;1;2572
;(5, 9);Idle;(9, 4);False;1;2573
;(5, 9);Idle;(9, 4);False;1;2574
;(5, 9);Idle;(9, 4);False;1;2575
;(5, 9);Idle;(9, 4);False;1;2576
;(5, 9);Idle;(9, 4);False;1;2577
;(5, 9);Idle;(9, 4);False;1;2578
;(5, 9);Idle;(9, 4);False;1;2579
;(5, 9);;(9, 4);False;1;2580
;(5, 9);Idle;(9, 4);False;1;2581
;(5, 9);Idle;(9, 4);False;1;2582
;(5, 9);Idle;(9, 4);False;1;2583
;(5, 9);Idle;(9, 4);False;1;2584
;(5, 9);Idle;(9, 4);False;1;2585
;(5, 9);Idle;(9, 4);False;1;2586
;(5, 9);Idle;(9, 4);False;1;2587
;(5, 9);Idle;(9, 4);False;1;2588
;(5, 9);Idle;(9, 4);False;1;2589
;(5, 9);Idle;(9, 4);False;1;2590
;(5, 9);Idle;(9, 4);False;1;2591
;(5, 9);Idle;(9, 4);False;1;2592
;(5, 9);Idle;(9, 4);False;1;2593
;(5, 9);Idle;(9, 4);False;1;2594
;(5, 9);Idle;(9, 4);False;1;2595
;(5, 9);Idle;(9, 4);False;1;2596
;(5, 9);Idle;(9, 4);False;1;2597
;(5, 9);Idle;(9, 4);False;1;2598
;(5, 9);Idle;(9, 4);False;1;2599
;(5, 9);Idle;(9, 4);False;1;2600
;(5, 9);Idle;(9, 4);False;1;2601
;(5, 9);Idle;(9, 4);False;1;2602
;(5, 9);Idle;(9, 4);False;1;2603
;(5, 9);Idle;(9, 4);False;1;2604
;(5, 9);Idle;(9, 4);False;1;2605
;(5, 9);Idle;(9, 4);False;1;2606
;(5, 9);Idle;(9, 4);False;1;2607
;(5, 9);Idle;(9, 4);False;1;2608
;(5, 9);Idle;(9, 4);False;1;2609
;(5, 9);Idle;(9, 4);False;1;2610
;(5, 9);Idle;(9, 4);False;1;2611
;(5, 9);Idle;(9, 4);False;1;2612
;(5, 9);Idle;(9, 4);False;1;2613
;(5, 9);Idle;(9, 4);False;1;2614
;(5, 9);Idle;(9, 4);False;1;2615
;(5, 9);Idle;(9, 4);False;1;2616
;(5, 9);Idle;(9, 4);False;1;2617
;(5, 9);Idle;(9, 4);False;1;2618
;(5, 9);Idle;(9, 4);False;1;2619
;(5, 9);Idle;(9, 4);False;1;2620
;(5, 9);Idle;(9, 4);False;1;2621
;(5, 9);Idle;(9, 4);False;1;2622
;(5, 9);Idle;(9, 4);False;1;2623
;(5, 9);Idle;(9, 4);False;1;2624
;(5, 9);Idle;(9, 4);False;1;2625
;(5, 9);Idle;(9, 4);False;1;2626
;(5, 9);Idle;(9, 4);False;1;2627
;(5, 9);Idle;(9, 4);False;1;2628
;(5, 9);Idle;(9, 4);False;1;2629
;(5, 9);Idle;(9, 4);False;1;2630
;(5, 9);Idle;(9, 4);False;1;2631
;(5, 9);Idle;(9, 4);False;1;2632
;(5, 9);Idle;(9, 4);False;1;2633
;(5, 9);Idle;(9, 4);False;1;2634
;(5, 9);Idle;(9, 4);False;1;2635
;(5, 9);;(9, 4);False;1;2636
;(5, 9);Idle;(9, 4);False;1;2637
;(5, 9);Idle;(9, 4);False;1;2638
;(5, 9);Idle;(9, 4);False;1;2639
;(5, 9);Idle;(9, 4);False;1;2640
;(5, 9);Idle;(9, 4);False;1;2641
;(5, 9);Idle;(9, 4);False;1;2642
;(5, 9);Idle;(9, 4);False;1;2643
;(5, 9);Idle;(9, 4);False;1;2644
;(5, 9);Idle;(9, 4);False;1;2645
;(5, 9);Idle;(9, 4);False;1;2646
;(5, 9);Idle;(9, 4);False;1;2647
;(5, 9);Idle;(9, 4);False;1;2648
;(5, 9);Idle;(9, 4);False;1;2649
;(5, 9);Idle;(9, 4);False;1;2650
;(5, 9);Idle;(9, 4);False;1;2651
;(5, 9);Idle;(9, 4);False;1;2652
;(5, 9);Idle;(9, 4);False;1;2653
;(5, 9);Idle;(9, 4);False;1;2654
;(5, 9);Idle;(9, 4);False;1;2655
;(5, 9);Idle;(9, 4);False;1;2656
;(5, 9);Idle;(9, 4);False;1;2657
;(5, 9);Idle;(9, 4);False;1;2658
;(5, 9);Idle;(9, 4);False;1;2659
;(5, 9);Idle;(9, 4);False;1;2660
;(5, 9);Idle;(9, 4);False;1;2661
;(5, 9);Idle;(9, 4);False;1;2662
;(5, 9);Idle;(9, 4);False;1;2663
;(5, 9);Idle;(9, 4);False;1;2664
;(5, 9);Idle;(9, 4);False;1;2665
;(5, 9);Idle;(9, 4);False;1;2666
;(5, 9);Idle;(9, 4);False;1;2667
;(5, 9);Idle;(9, 4);False;1;2668
;(5, 9);Idle;(9, 4);False;1;2669
;(5, 9);Idle;(9, 4);False;1;2670
;(5, 9);Idle;(9, 4);False;1;2671
;(5, 9);Idle;(9, 4);False;1;2672
;(5, 9);Idle;(9, 4);False;1;2673
;(5, 9);Idle;(9, 4);False;1;2674
;(5, 9);Idle;(9, 4);False;1;2675
;(5, 9);Idle;(9, 4);False;1;2676
;(5, 9);Idle;(9, 4);False;1;2677
;(5, 9);Idle;(9, 4);False;1;2678
;(5, 9);Idle;(9, 4);False;1;2679
;(5, 9);Idle;(9, 4);False;1;2680
;(5, 9);Idle;(9, 4);False;1;2681
;(5, 9);Idle;(9, 4);False;1;2682
;(5, 9);Idle;(9, 4);False;1;2683
;(5, 9);Idle;(9, 4);False;1;2684
;(5, 9);Idle;(9, 4);False;1;2685
;(5, 9);Idle;(9, 4);False;1;2686
;(5, 9);Idle;(9, 4);False;1;2687
;(5, 9);Idle;(9, 4);False;1;2688
;(5, 9);Idle;(9, 4);False;1;2689
;(5, 9);Idle;(9, 4);False;1;2690
;(5, 9);Idle;(9, 4);False;1;2691
;(5, 9);;(9, 4);False;1;2692
;(5, 9);Idle;(9, 4);False;1;2693
;(5, 9);Idle;(9, 4);False;1;2694
;(5, 9);Idle;(9, 4);False;1;2695
;(5, 9);Idle;(9, 4);False;1;2696
;(5, 9);Idle;(9, 4);False;1;2697
;(5, 9);Idle;(9, 4);False;1;2698
;(5, 9);Idle;(9, 4);False;1;2699
;(5, 9);Idle;(9, 4);False;1;2700
;(5, 9);Idle;(9, 4);False;1;2701
;(5, 9);Idle;(9, 4);False;1;2702
;(5, 9);Idle;(9, 4);False;1;2703
;(5, 9);Idle;(9, 4);False;1;2704
;(5, 9);Idle;(9, 4);False;1;2705
;(5, 9);Idle;(9, 4);False;1;2706
;(5, 9);Idle;(9, 4);False;1;2707
;(5, 9);Idle;(9, 4);False;1;2708
;(5, 9);Idle;(9, 4);False;1;2709
;(5, 9);Idle;(9, 4);False;1;2710
;(5, 9);Idle;(9, 4);False;1;2711
;(5, 9);Idle;(9, 4);False;1;2712
;(5, 9);Idle;(9, 4);False;1;2713
;(5, 9);Idle;(9, 4);False;1;2714
;(5, 9);Idle;(9, 4);False;1;2715
;(5, 9);Idle;(9, 4);False;1;2716
;(5, 9);Idle;(9, 4);False;1;2717
;(5, 9);Idle;(9, 4);False;1;2718
;(5, 9);Idle;(9, 4);False;1;2719
;(5, 9);Idle;(9, 4);False;1;2720
;(5, 9);Idle;(9, 4);False;1;2721
;(5, 9);Idle;(9, 4);False;1;2722
;(5, 9);Idle;(9, 4);False;1;2723
;(5, 9);Idle;(9, 4);False;1;2724
;(5, 9);Idle;(9, 4);False;1;2725
;(5, 9);Idle;(9, 4);False;1;2726
;(5, 9);Idle;(9, 4);False;1;2727
;(5, 9);Idle;(9, 4);False;1;2728
;(5, 9);Idle;(9, 4);False;1;2729
;(5, 9);Idle;(9, 4);False;1;2730
;(5, 9);Idle;(9, 4);False;1;2731
;(5, 9);Idle;(9, 4);False;1;2732
;(5, 9);Idle;(9, 4);False;1;2733
;(5, 9);Idle;(9, 4);False;1;2734
;(5, 9);Idle;(9, 4);False;1;2735
;(5, 9);Idle;(9, 4);False;1;2736
;(5, 9);Idle;(9, 4);False;1;2737
;(5, 9);Idle;(9, 4);False;1;2738
;(5, 9);Idle;(9, 4);False;1;2739
;(5, 9);Idle;(9, 4);False;1;2740
;(5, 9);Idle;(9, 4);False;1;2741
;(5, 9);Idle;(9, 4);False;1;2742
;(5, 9);Idle;(9, 4);False;1;2743
;(5, 9);Idle;(9, 4);False;1;2744
;(5, 9);Idle;(9, 4);False;1;2745
;(5, 9);Idle;(9, 4);False;1;2746
;(5, 9);Idle;(9, 4);False;1;2747
;(5, 9);;(9, 4);False;1;2748
;(5, 9);Idle;(9, 4);False;1;2749
;(5, 9);Idle;(9, 4);False;1;2750
;(5, 9);Idle;(9, 4);False;1;2751
;(5, 9);Idle;(9, 4);False;1;2752
;(5, 9);Idle;(9, 4);False;1;2753
;(5, 9);Idle;(9, 4);False;1;2754
;(5, 9);Idle;(9, 4);False;1;2755
;(5, 9);Idle;(9, 4);False;1;2756
;(5, 9);Idle;(9, 4);False;1;2757
;(5, 9);Idle;(9, 4);False;1;2758
;(5, 9);Idle;(9, 4);False;1;2759
;(5, 9);Idle;(9, 4);False;1;2760
;(5, 9);Idle;(9, 4);False;1;2761
;(5, 9);Idle;(9, 4);False;1;2762
;(5, 9);Idle;(9, 4);False;1;2763
;(5, 9);Idle;(9, 4);False;1;2764
;(5, 9);Idle;(9, 4);False;1;2765
;(5, 9);Idle;(9, 4);False;1;2766
;(5, 9);Idle;(9, 4);False;1;2767
;(5, 9);Idle;(9, 4);False;1;2768
;(5, 9);Idle;(9, 4);False;1;2769
;(5, 9);Idle;(9, 4);False;1;2770
;(5, 9);Idle;(9, 4);False;1;2771
;(5, 9);Idle;(9, 4);False;1;2772
;(5, 9);Idle;(9, 4);False;1;2773
;(5, 9);Idle;(9, 4);False;1;2774
;(5, 9);Idle;(9, 4);False;1;2775
;(5, 9);Idle;(9, 4);False;1;2776
;(5, 9);Idle;(9, 4);False;1;2777
;(5, 9);Idle;(9, 4);False;1;2778
;(5, 9);Idle;(9, 4);False;1;2779
;(5, 9);Idle;(9, 4);False;1;2780
;(5, 9);Idle;(9, 4);False;1;2781
;(5, 9);Idle;(9, 4);False;1;2782
;(5, 9);Idle;(9, 4);False;1;2783
;(5, 9);Idle;(9, 4);False;1;2784
;(5, 9);Idle;(9, 4);False;1;2785
;(5, 9);Idle;(9, 4);False;1;2786
;(5, 9);Idle;(9, 4);False;1;2787
;(5, 9);Idle;(9, 4);False;1;2788
;(5, 9);Idle;(9, 4);False;1;2789
;(5, 9);Idle;(9, 4);False;1;2790
;(5, 9);Idle;(9, 4);False;1;2791
;(5, 9);Idle;(9, 4);False;1;2792
;(5, 9);Idle;(9, 4);False;1;2793
;(5, 9);Idle;(9, 4);False;1;2794
;(5, 9);Idle;(9, 4);False;1;2795
;(5, 9);Idle;(9, 4);False;1;2796
;(5, 9);Idle;(9, 4);False;1;2797
;(5, 9);Idle;(9, 4);False;1;2798
;(5, 9);Idle;(9, 4);False;1;2799
;(5, 9);Idle;(9, 4);False;1;2800
;(5, 9);Idle;(9, 4);False;1;2801
;(5, 9);Idle;(9, 4);False;1;2802
;(5, 9);Idle;(9, 4);False;1;2803
;(5, 9);;(9, 4);False;1;2804
;(5, 9);Idle;(9, 4);False;1;2805
;(5, 9);Idle;(9, 4);False;1;2806
;(5, 9);Idle;(9, 4);False;1;2807
;(5, 9);Idle;(9, 4);False;1;2808
;(5, 9);Idle;(9, 4);False;1;2809
;(5, 9);Idle;(9, 4);False;1;2810
;(5, 9);Idle;(9, 4);False;1;2811
;(5, 9);Idle;(9, 4);False;1;2812
;(5, 9);Idle;(9, 4);False;1;2813
;(5, 9);Idle;(9, 4);False;1;2814
;(5, 9);Idle;(9, 4);False;1;2815
;(5, 9);Idle;(9, 4);False;1;2816
;(5, 9);Idle;(9, 4);False;1;2817
;(5, 9);Idle;(9, 4);False;1;2818
;(5, 9);Idle;(9, 4);False;1;2819
;(5, 9);Idle;(9, 4);False;1;2820
;(5, 9);Idle;(9, 4);False;1;2821
;(5, 9);Idle;(9, 4);False;1;2822
;(5, 9);Idle;(9, 4);False;1;2823
;(5, 9);Idle;(9, 4);False;1;2824
;(5, 9);Idle;(9, 4);False;1;2825
;(5, 9);Idle;(9, 4);False;1;2826
;(5, 9);Idle;(9, 4);False;1;2827
;(5, 9);Idle;(9, 4);False;1;2828
;(5, 9);Idle;(9, 4);False;1;2829
;(5, 9);Idle;(9, 4);False;1;2830
;(5, 9);Idle;(9, 4);False;1;2831
;(5, 9);Idle;(9, 4);False;1;2832
;(5, 9);Idle;(9, 4);False;1;2833
;(5, 9);Idle;(9, 4);False;1;2834
;(5, 9);Idle;(9, 4);False;1;2835
;(5, 9);Idle;(9, 4);False;1;2836
;(5, 9);Idle;(9, 4);False;1;2837
;(5, 9);Idle;(9, 4);False;1;2838
;(5, 9);Idle;(9, 4);False;1;2839
;(5, 9);Idle;(9, 4);False;1;2840
;(5, 9);Idle;(9, 4);False;1;2841
;(5, 9);Idle;(9, 4);False;1;2842
;(5, 9);Idle;(9, 4);False;1;2843
;(5, 9);Idle;(9, 4);False;1;2844
;(5, 9);Idle;(9, 4);False;1;2845
;(5, 9);Idle;(9, 4);False;1;2846
;(5, 9);Idle;(9, 4);False;1;2847
;(5, 9);Idle;(9, 4);False;1;2848
;(5, 9);Idle;(9, 4);False;1;2849
;(5, 9);Idle;(9, 4);False;1;2850
;(5, 9);Idle;(9, 4);False;1;2851
;(5, 9);Idle;(9, 4);False;1;2852
;(5, 9);Idle;(9, 4);False;1;2853
;(5, 9);Idle;(9, 4);False;1;2854
;(5, 9);Idle;(9, 4);False;1;2855
;(5, 9);Idle;(9, 4);False;1;2856
;(5, 9);Idle;(9, 4);False;1;2857
;(5, 9);Idle;(9, 4);False;1;2858
;(5, 9);Idle;(9, 4);False;1;2859
;(5, 9);;(9, 4);False;1;2860
;(5, 9);Idle;(9, 4);False;1;2861
;(5, 9);Idle;(9, 4);False;1;2862
;(5, 9);Idle;(9, 4);False;1;2863
;(5, 9);Idle;(9, 4);False;1;2864
;(5, 9);Idle;(9, 4);False;1;2865
;(5, 9);Idle;(9, 4);False;1;2866
;(5, 9);Idle;(9, 4);False;1;2867
;(5, 9);Idle;(9, 4);False;1;2868
;(5, 9);Idle;(9, 4);False;1;2869
;(5, 9);Idle;(9, 4);False;1;2870
;(5, 9);Idle;(9, 4);False;1;2871
;(5, 9);Idle;(9, 4);False;1;2872
;(5, 9);Idle;(9, 4);False;1;2873
;(5, 9);Idle;(9, 4);False;1;2874
;(5, 9);Idle;(9, 4);False;1;2875
;(5, 9);Idle;(9, 4);False;1;2876
;(5, 9);Idle;(9, 4);False;1;2877
;(5, 9);Idle;(9, 4);False;1;2878
;(5, 9);Idle;(9, 4);False;1;2879
;(5, 9);Idle;(9, 4);False;1;2880
;(5, 9);Idle;(9, 4);False;1;2881
;(5, 9);Idle;(9, 4);False;1;2882
;(5, 9);Idle;(9, 4);False;1;2883
;(5, 9);Idle;(9, 4);False;1;2884
;(5, 9);Idle;(9, 4);False;1;2885
;(5, 9);Idle;(9, 4);False;1;2886
;(5, 9);Idle;(9, 4);False;1;2887
;(5, 9);Idle;(9, 4);False;1;2888
;(5, 9);Idle;(9, 4);False;1;2889
;(5, 9);Idle;(9, 4);False;1;2890
;(5, 9);Idle;(9, 4);False;1;2891
;(5, 9);Idle;(9, 4);False;1;2892
;(5, 9);Idle;(9, 4);False;1;2893
;(5, 9);Idle;(9, 4);False;1;2894
;(5, 9);Idle;(9, 4);False;1;2895
;(5, 9);Idle;(9, 4);False;1;2896
;(5, 9);Idle;(9, 4);False;1;2897
;(5, 9);Idle;(9, 4);False;1;2898
;(5, 9);Idle;(9, 4);False;1;2899
;(5, 9);Idle;(9, 4);False;1;2900
;(5, 9);Idle;(9, 4);False;1;2901
;(5, 9);Idle;(9, 4);False;1;2902
;(5, 9);Idle;(9, 4);False;1;2903
;(5, 9);Idle;(9, 4);False;1;2904
;(5, 9);Idle;(9, 4);False;1;2905
;(5, 9);Idle;(9, 4);False;1;2906
;(5, 9);Idle;(9, 4);False;1;2907
;(5, 9);Idle;(9, 4);False;1;2908
;(5, 9);Idle;(9, 4);False;1;2909
;(5, 9);Idle;(9, 4);False;1;2910
;(5, 9);Idle;(9, 4);False;1;2911
;(5, 9);Idle;(9, 4);False;1;2912
;(5, 9);Idle;(9, 4);False;1;2913
;(5, 9);Idle;(9, 4);False;1;2914
;(5, 9);Idle;(9, 4);False;1;2915
;(5, 9);;(9, 4);False;1;2916
;(5, 9);Idle;(9, 4);False;1;2917
;(5, 9);Idle;(9, 4);False;1;2918
;(5, 9);Idle;(9, 4);False;1;2919
;(5, 9);Idle;(9, 4);False;1;2920
;(5, 9);Idle;(9, 4);False;1;2921
;(5, 9);Idle;(9, 4);False;1;2922
;(5, 9);Idle;(9, 4);False;1;2923
;(5, 9);Idle;(9, 4);False;1;2924
;(5, 9);Idle;(9, 4);False;1;2925
;(5, 9);Idle;(9, 4);False;1;2926
;(5, 9);Idle;(9, 4);False;1;2927
;(5, 9);Idle;(9, 4);False;1;2928
;(5, 9);Idle;(9, 4);False;1;2929
;(5, 9);Idle;(9, 4);False;1;2930
;(5, 9);Idle;(9, 4);False;1;2931
;(5, 9);Idle;(9, 4);False;1;2932
;(5, 9);Idle;(9, 4);False;1;2933
;(5, 9);Idle;(9, 4);False;1;2934
;(5, 9);Idle;(9, 4);False;1;2935
;(5, 9);Idle;(9, 4);False;1;2936
;(5, 9);Idle;(9, 4);False;1;2937
;(5, 9);Idle;(9, 4);False;1;2938
;(5, 9);Idle;(9, 4);False;1;2939
;(5, 9);Idle;(9, 4);False;1;2940
;(5, 9);Idle;(9, 4);False;1;2941
;(5, 9);Idle;(9, 4);False;1;2942
;(5, 9);Idle;(9, 4);False;1;2943
;(5, 9);Idle;(9, 4);False;1;2944
;(5, 9);Idle;(9, 4);False;1;2945
;(5, 9);Idle;(9, 4);False;1;2946
;(5, 9);Idle;(9, 4);False;1;2947
;(5, 9);Idle;(9, 4);False;1;2948
;(5, 9);Idle;(9, 4);False;1;2949
;(5, 9);Idle;(9, 4);False;1;2950
;(5, 9);Idle;(9, 4);False;1;2951
;(5, 9);Idle;(9, 4);False;1;2952
;(5, 9);Idle;(9, 4);False;1;2953
;(5, 9);Idle;(9, 4);False;1;2954
;(5, 9);Idle;(9, 4);False;1;2955
;(5, 9);Idle;(9, 4);False;1;2956
;(5, 9);Idle;(9, 4);False;1;2957
;(5, 9);Idle;(9, 4);False;1;2958
;(5, 9);Idle;(9, 4);False;1;2959
;(5, 9);Idle;(9, 4);False;1;2960
;(5, 9);Idle;(9, 4);False;1;2961
;(5, 9);Idle;(9, 4);False;1;2962
;(5, 9);Idle;(9, 4);False;1;2963
;(5, 9);Idle;(9, 4);False;1;2964
;(5, 9);Idle;(9, 4);False;1;2965
;(5, 9);Idle;(9, 4);False;1;2966
;(5, 9);Idle;(9, 4);False;1;2967
;(5, 9);Idle;(9, 4);False;1;2968
;(5, 9);Idle;(9, 4);False;1;2969
;(5, 9);Idle;(9, 4);False;1;2970
;(5, 9);Idle;(9, 4);False;1;2971
;(5, 9);;(9, 4);False;1;2972
;(5, 9);Idle;(9, 4);False;1;2973
;(5, 9);Idle;(9, 4);False;1;2974
;(5, 9);Idle;(9, 4);False;1;2975
;(5, 9);Idle;(9, 4);False;1;2976
;(5, 9);Idle;(9, 4);False;1;2977
;(5, 9);Idle;(9, 4);False;1;2978
;(5, 9);Idle;(9, 4);False;1;2979
;(5, 9);Idle;(9, 4);False;1;2980
;(5, 9);Idle;(9, 4);False;1;2981
;(5, 9);Idle;(9, 4);False;1;2982
;(5, 9);Idle;(9, 4);False;1;2983
;(5, 9);Idle;(9, 4);False;1;2984
;(5, 9);Idle;(9, 4);False;1;2985
;(5, 9);Idle;(9, 4);False;1;2986
;(5, 9);Idle;(9, 4);False;1;2987
;(5, 9);Idle;(9, 4);False;1;2988
;(5, 9);Idle;(9, 4);False;1;2989
;(5, 9);Idle;(9, 4);False;1;2990
;(5, 9);Idle;(9, 4);False;1;2991
;(5, 9);Idle;(9, 4);False;1;2992
;(5, 9);Idle;(9, 4);False;1;2993
;(5, 9);Idle;(9, 4);False;1;2994
;(5, 9);Idle;(9, 4);False;1;2995
;(5, 9);Idle;(9, 4);False;1;2996
;(5, 9);Idle;(9, 4);False;1;2997
;(5, 9);Idle;(9, 4);False;1;2998
;(5, 9);Idle;(9, 4);False;1;2999
;(5, 9);Idle;(9, 4);False;1;3000
;(5, 9);Idle;(9, 4);False;1;3001
;(5, 9);Idle;(9, 4);False;1;3002
;(5, 9);Idle;(9, 4);False;1;3003
;(5, 9);Idle;(9, 4);False;1;3004
;(5, 9);Idle;(9, 4);False;1;3005
;(5, 9);;(9, 4);False;1;3006
;(5, 9);;(9, 4);False;1;3007
;(5, 9);;(9, 4);False;1;3008
;(5, 9);;(9, 4);False;1;3009
;(5, 9);;(9, 4);False;1;3010
;(5, 9);;(9, 4);False;1;3011
;(5, 9);;(9, 4);False;1;3012
;(5, 9);;(9, 4);False;1;3013
;(5, 9);;(9, 4);False;1;3014
;(5, 9);;(9, 4);False;1;3015
;(5, 9);;(9, 4);False;1;3016
;(5, 9);;(9, 4);False;1;3017
;(5, 9);;(9, 4);False;1;3018
;(5, 9);;(9, 4);False;1;3019
