tick;corrected_tick;remaining_distance;victim_harm;idle_time_robot;q_table_cps;q_table_cps_runs;q_table_basic;world_nr;tick_nr
3019;3000;9;700;1;;;"                     Move back and forth  Stand Still    Pick up       Drop   Break
[4, 'equal', False]              -13.000    -9.032800 -12.296686  -6.432928 -10.116
[4, 'human', False]               -4.000    -3.650000   0.150000  -3.500000  -9.000
[3, 'human', True]                -7.000   -13.800000  -2.150000  -5.500000  -6.300
[3, 'equal', False]              -11.500    -7.383844  -4.790000 -17.650000 -40.000
[3, 'human', False]                0.000     0.000000  -1.000000   0.000000   0.000
[2, 'equal', False]              -58.500   -27.250000  -2.101203  -5.297000  -9.500
[2, 'human', False]                0.000     0.000000  -2.150000   0.000000   0.000
[2, 'equal', True]                -4.150     0.000000   0.000000  -5.650000   0.000
[4, 'equal', True]                -8.308    -5.687120  -3.000000   0.000000   0.000
[4, 'robot', True]                -4.150     0.000000   0.000000   0.000000   0.000
[3, 'equal', True]                -7.000    -6.698000  -3.500000  -6.000000  -1.822
[3, 'robot', True]                -4.000    -3.500000   1.500000   0.000000   0.000
[3, 'robot', False]               -7.000    -2.910500  -1.200000  -2.495000  -2.500
[2, 'robot', True]                -7.000   -20.520000  -0.900000 -20.150000  -1.000
[2, 'robot', False]               -7.150   -11.000000   0.000000 -43.000000   0.000
[4, 'robot', False]                0.000     0.000000   0.000000   0.000000   1.000
[1, 'equal', True]                -7.000    -3.500000   0.000000 -26.000000  -2.000
[1, 'equal', False]               -7.000    -0.500000   0.000000   0.000000   0.000";1;3019
