human_selector_action;human_selector_location;robot_action;robot_location;robot_executing_cp;world_nr;tick_nr
;(3, 4);;(4, 4);False;1;0
GrabObject;(3, 4);;(4, 4);False;1;1
;(3, 4);MoveEast;(4, 4);False;1;2
;(3, 4);MoveEast;(4, 4);False;1;3
;(3, 4);MoveEast;(4, 4);False;1;4
;(3, 4);MoveEast;(4, 4);False;1;5
;(3, 4);MoveEast;(4, 4);False;1;6
;(3, 4);MoveEast;(4, 4);False;1;7
;(3, 4);MoveEast;(4, 4);False;1;8
;(3, 4);MoveEast;(4, 4);False;1;9
;(3, 4);MoveEast;(4, 4);False;1;10
;(3, 4);MoveEast;(4, 4);False;1;11
;(3, 4);MoveEast;(5, 4);False;1;12
;(3, 4);MoveEast;(5, 4);False;1;13
;(3, 4);MoveEast;(5, 4);False;1;14
;(3, 4);MoveEast;(5, 4);False;1;15
;(3, 4);MoveEast;(5, 4);False;1;16
;(3, 4);MoveEast;(5, 4);False;1;17
;(3, 4);MoveEast;(5, 4);False;1;18
;(3, 4);MoveEast;(5, 4);False;1;19
;(3, 4);MoveEast;(5, 4);False;1;20
;(3, 4);MoveEast;(5, 4);False;1;21
;(3, 4);MoveEast;(5, 4);False;1;22
;(3, 4);MoveEast;(6, 4);False;1;23
;(3, 4);MoveEast;(6, 4);False;1;24
;(3, 4);MoveEast;(6, 4);False;1;25
;(3, 4);MoveEast;(6, 4);False;1;26
;(3, 4);MoveEast;(6, 4);False;1;27
;(3, 4);MoveEast;(6, 4);False;1;28
;(3, 4);MoveEast;(6, 4);False;1;29
;(3, 4);MoveEast;(6, 4);False;1;30
;(3, 4);MoveEast;(6, 4);False;1;31
;(3, 4);MoveEast;(6, 4);False;1;32
;(3, 4);MoveEast;(6, 4);False;1;33
;(3, 4);MoveEast;(7, 4);False;1;34
;(3, 4);MoveEast;(7, 4);False;1;35
;(3, 4);MoveEast;(7, 4);False;1;36
;(3, 4);MoveEast;(7, 4);False;1;37
;(3, 4);MoveEast;(7, 4);False;1;38
;(3, 4);MoveEast;(7, 4);False;1;39
;(3, 4);MoveEast;(7, 4);False;1;40
;(3, 4);MoveEast;(7, 4);False;1;41
;(3, 4);MoveEast;(7, 4);False;1;42
;(3, 4);MoveEast;(7, 4);False;1;43
;(3, 4);MoveEast;(7, 4);False;1;44
;(3, 4);MoveEast;(8, 4);False;1;45
;(3, 4);MoveEast;(8, 4);False;1;46
;(3, 4);MoveEast;(8, 4);False;1;47
;(3, 4);MoveEast;(8, 4);False;1;48
;(3, 4);MoveEast;(8, 4);False;1;49
;(3, 4);MoveEast;(8, 4);False;1;50
;(3, 4);MoveEast;(8, 4);False;1;51
;(3, 4);MoveEast;(8, 4);False;1;52
;(3, 4);MoveEast;(8, 4);False;1;53
;(3, 4);MoveEast;(8, 4);False;1;54
;(3, 4);MoveEast;(8, 4);False;1;55
;(3, 4);MoveEast;(9, 4);False;1;56
;(3, 4);GrabObject;(9, 4);False;1;57
;(3, 4);GrabObject;(9, 4);False;1;58
;(3, 4);GrabObject;(9, 4);False;1;59
;(3, 4);GrabObject;(9, 4);False;1;60
;(3, 4);GrabObject;(9, 4);False;1;61
;(3, 4);GrabObject;(9, 4);False;1;62
;(3, 4);GrabObject;(9, 4);False;1;63
;(3, 4);GrabObject;(9, 4);False;1;64
;(3, 4);GrabObject;(9, 4);False;1;65
;(3, 4);GrabObject;(9, 4);False;1;66
;(3, 4);GrabObject;(9, 4);False;1;67
;(3, 4);;(9, 4);False;1;68
;(3, 4);MoveWest;(9, 4);False;1;69
;(3, 4);MoveWest;(9, 4);False;1;70
;(3, 4);MoveWest;(9, 4);False;1;71
;(3, 4);MoveWest;(9, 4);False;1;72
;(3, 4);MoveWest;(9, 4);False;1;73
MoveEast;(4, 4);MoveWest;(9, 4);False;1;74
;(4, 4);MoveWest;(9, 4);False;1;75
;(4, 4);MoveWest;(9, 4);False;1;76
;(4, 4);MoveWest;(9, 4);False;1;77
;(4, 4);MoveWest;(9, 4);False;1;78
;(4, 4);MoveWest;(8, 4);False;1;79
;(4, 4);MoveWest;(8, 4);False;1;80
;(4, 4);MoveWest;(8, 4);False;1;81
;(4, 4);MoveWest;(8, 4);False;1;82
;(4, 4);MoveWest;(8, 4);False;1;83
;(4, 4);MoveWest;(8, 4);False;1;84
;(4, 4);MoveWest;(8, 4);False;1;85
;(4, 4);MoveWest;(8, 4);False;1;86
;(4, 4);MoveWest;(8, 4);False;1;87
;(4, 4);MoveWest;(8, 4);False;1;88
;(4, 4);MoveWest;(8, 4);False;1;89
;(4, 4);MoveWest;(7, 4);False;1;90
;(4, 4);MoveWest;(7, 4);False;1;91
;(4, 4);MoveWest;(7, 4);False;1;92
;(4, 4);MoveWest;(7, 4);False;1;93
;(4, 4);MoveWest;(7, 4);False;1;94
;(4, 4);MoveWest;(7, 4);False;1;95
;(4, 4);MoveWest;(7, 4);False;1;96
;(4, 4);MoveWest;(7, 4);False;1;97
;(4, 4);MoveWest;(7, 4);False;1;98
;(4, 4);MoveWest;(7, 4);False;1;99
;(4, 4);MoveWest;(7, 4);False;1;100
;(4, 4);MoveWest;(6, 4);False;1;101
;(4, 4);MoveWest;(6, 4);False;1;102
;(4, 4);MoveWest;(6, 4);False;1;103
;(4, 4);MoveWest;(6, 4);False;1;104
;(4, 4);MoveWest;(6, 4);False;1;105
;(4, 4);MoveWest;(6, 4);False;1;106
MoveSouth;(4, 5);MoveWest;(6, 4);False;1;107
;(4, 5);MoveWest;(6, 4);False;1;108
;(4, 5);MoveWest;(6, 4);False;1;109
;(4, 5);MoveWest;(6, 4);False;1;110
;(4, 5);MoveWest;(6, 4);False;1;111
;(4, 5);MoveWest;(5, 4);False;1;112
;(4, 5);MoveNorthWest;(5, 4);False;1;113
;(4, 5);MoveNorthWest;(5, 4);False;1;114
;(4, 5);MoveNorthWest;(5, 4);False;1;115
;(4, 5);MoveNorthWest;(5, 4);False;1;116
;(4, 5);MoveNorthWest;(5, 4);False;1;117
;(4, 5);MoveNorthWest;(5, 4);False;1;118
;(4, 5);MoveNorthWest;(5, 4);False;1;119
;(4, 5);MoveNorthWest;(5, 4);False;1;120
MoveEast;(5, 5);MoveNorthWest;(5, 4);False;1;121
;(5, 5);MoveNorthWest;(5, 4);False;1;122
;(5, 5);MoveNorthWest;(4, 3);False;1;123
;(5, 5);MoveWest;(4, 3);False;1;124
MoveEast;(6, 5);MoveWest;(4, 3);False;1;125
;(6, 5);MoveWest;(4, 3);False;1;126
;(6, 5);MoveWest;(4, 3);False;1;127
;(6, 5);MoveWest;(4, 3);False;1;128
;(6, 5);MoveWest;(4, 3);False;1;129
MoveEast;(7, 5);MoveWest;(4, 3);False;1;130
;(7, 5);MoveWest;(4, 3);False;1;131
;(7, 5);MoveWest;(4, 3);False;1;132
;(7, 5);MoveWest;(4, 3);False;1;133
;(7, 5);MoveWest;(3, 3);False;1;134
;(7, 5);MoveNorthWest;(3, 3);False;1;135
;(7, 5);MoveNorthWest;(3, 3);False;1;136
;(7, 5);MoveNorthWest;(3, 3);False;1;137
MoveEast;(8, 5);MoveNorthWest;(3, 3);False;1;138
;(8, 5);MoveNorthWest;(3, 3);False;1;139
;(8, 5);MoveNorthWest;(3, 3);False;1;140
;(8, 5);MoveNorthWest;(3, 3);False;1;141
;(8, 5);MoveNorthWest;(3, 3);False;1;142
;(8, 5);MoveNorthWest;(3, 3);False;1;143
;(8, 5);MoveNorthWest;(3, 3);False;1;144
;(8, 5);MoveNorthWest;(2, 2);False;1;145
;(8, 5);MoveWest;(2, 2);False;1;146
;(8, 5);MoveWest;(2, 2);False;1;147
;(8, 5);MoveWest;(2, 2);False;1;148
MoveEast;(9, 5);MoveWest;(2, 2);False;1;149
;(9, 5);MoveWest;(2, 2);False;1;150
;(9, 5);MoveWest;(2, 2);False;1;151
;(9, 5);MoveWest;(2, 2);False;1;152
;(9, 5);MoveWest;(2, 2);False;1;153
;(9, 5);MoveWest;(2, 2);False;1;154
;(9, 5);MoveWest;(2, 2);False;1;155
;(9, 5);MoveWest;(1, 2);False;1;156
;(9, 5);DropObject;(1, 2);False;1;157
;(9, 5);DropObject;(1, 2);False;1;158
;(9, 5);DropObject;(1, 2);False;1;159
;(9, 5);DropObject;(1, 2);False;1;160
;(9, 5);DropObject;(1, 2);False;1;161
MoveEast;(10, 5);DropObject;(1, 2);False;1;162
;(10, 5);DropObject;(1, 2);False;1;163
;(10, 5);DropObject;(1, 2);False;1;164
;(10, 5);DropObject;(1, 2);False;1;165
;(10, 5);DropObject;(1, 2);False;1;166
MoveEast;(11, 5);DropObject;(1, 2);False;1;167
;(11, 5);;(1, 2);False;1;168
;(11, 5);MoveEast;(1, 2);False;1;169
;(11, 5);MoveEast;(1, 2);False;1;170
;(11, 5);MoveEast;(1, 2);False;1;171
;(11, 5);MoveEast;(1, 2);False;1;172
MoveEast;(12, 5);MoveEast;(1, 2);False;1;173
;(12, 5);MoveEast;(1, 2);False;1;174
;(12, 5);MoveEast;(1, 2);False;1;175
;(12, 5);MoveEast;(1, 2);False;1;176
;(12, 5);MoveEast;(1, 2);False;1;177
;(12, 5);MoveEast;(1, 2);False;1;178
;(12, 5);MoveEast;(2, 2);False;1;179
;(12, 5);MoveEast;(2, 2);False;1;180
;(12, 5);MoveEast;(2, 2);False;1;181
;(12, 5);MoveEast;(2, 2);False;1;182
;(12, 5);MoveEast;(2, 2);False;1;183
;(12, 5);MoveEast;(2, 2);False;1;184
;(12, 5);MoveEast;(2, 2);False;1;185
;(12, 5);MoveEast;(2, 2);False;1;186
;(12, 5);MoveEast;(2, 2);False;1;187
;(12, 5);MoveEast;(2, 2);False;1;188
;(12, 5);MoveEast;(2, 2);False;1;189
;(12, 5);MoveEast;(3, 2);False;1;190
;(12, 5);MoveSouthEast;(3, 2);False;1;191
;(12, 5);MoveSouthEast;(3, 2);False;1;192
;(12, 5);MoveSouthEast;(3, 2);False;1;193
;(12, 5);MoveSouthEast;(3, 2);False;1;194
;(12, 5);MoveSouthEast;(3, 2);False;1;195
;(12, 5);MoveSouthEast;(3, 2);False;1;196
;(12, 5);MoveSouthEast;(3, 2);False;1;197
MoveSouth;(12, 6);MoveSouthEast;(3, 2);False;1;198
;(12, 6);MoveSouthEast;(3, 2);False;1;199
;(12, 6);MoveSouthEast;(3, 2);False;1;200
;(12, 6);MoveSouthEast;(4, 3);False;1;201
;(12, 6);MoveEast;(4, 3);False;1;202
;(12, 6);MoveEast;(4, 3);False;1;203
;(12, 6);MoveEast;(4, 3);False;1;204
;(12, 6);MoveEast;(4, 3);False;1;205
;(12, 6);MoveEast;(4, 3);False;1;206
;(12, 6);MoveEast;(4, 3);False;1;207
;(12, 6);MoveEast;(4, 3);False;1;208
;(12, 6);MoveEast;(4, 3);False;1;209
;(12, 6);MoveEast;(4, 3);False;1;210
;(12, 6);MoveEast;(4, 3);False;1;211
MoveWest;(11, 6);MoveEast;(5, 3);False;1;212
;(11, 6);MoveSouthEast;(5, 3);False;1;213
;(11, 6);MoveSouthEast;(5, 3);False;1;214
;(11, 6);MoveSouthEast;(5, 3);False;1;215
;(11, 6);MoveSouthEast;(5, 3);False;1;216
;(11, 6);MoveSouthEast;(5, 3);False;1;217
;(11, 6);MoveSouthEast;(5, 3);False;1;218
;(11, 6);MoveSouthEast;(5, 3);False;1;219
;(11, 6);MoveSouthEast;(5, 3);False;1;220
;(11, 6);MoveSouthEast;(5, 3);False;1;221
;(11, 6);MoveSouthEast;(5, 3);False;1;222
;(11, 6);MoveSouthEast;(6, 4);False;1;223
;(11, 6);MoveSouthEast;(6, 4);False;1;224
;(11, 6);MoveSouthEast;(6, 4);False;1;225
;(11, 6);MoveSouthEast;(6, 4);False;1;226
;(11, 6);MoveSouthEast;(6, 4);False;1;227
;(11, 6);MoveSouthEast;(6, 4);False;1;228
;(11, 6);MoveSouthEast;(6, 4);False;1;229
;(11, 6);MoveSouthEast;(6, 4);False;1;230
;(11, 6);MoveSouthEast;(6, 4);False;1;231
;(11, 6);MoveSouthEast;(6, 4);False;1;232
;(11, 6);MoveSouthEast;(6, 4);False;1;233
;(11, 6);MoveSouthEast;(7, 5);False;1;234
;(11, 6);MoveEast;(7, 5);False;1;235
;(11, 6);MoveEast;(7, 5);False;1;236
;(11, 6);MoveEast;(7, 5);False;1;237
;(11, 6);MoveEast;(7, 5);False;1;238
;(11, 6);MoveEast;(7, 5);False;1;239
;(11, 6);MoveEast;(7, 5);False;1;240
;(11, 6);MoveEast;(7, 5);False;1;241
;(11, 6);MoveEast;(7, 5);False;1;242
;(11, 6);MoveEast;(7, 5);False;1;243
;(11, 6);MoveEast;(7, 5);False;1;244
GrabObject;(11, 6);MoveEast;(8, 5);False;1;245
;(11, 6);MoveEast;(8, 5);False;1;246
;(11, 6);MoveEast;(8, 5);False;1;247
;(11, 6);MoveEast;(8, 5);False;1;248
;(11, 6);MoveEast;(8, 5);False;1;249
;(11, 6);MoveEast;(8, 5);False;1;250
;(11, 6);MoveEast;(8, 5);False;1;251
;(11, 6);MoveEast;(8, 5);False;1;252
;(11, 6);MoveEast;(8, 5);False;1;253
;(11, 6);MoveEast;(8, 5);False;1;254
;(11, 6);MoveEast;(8, 5);False;1;255
;(11, 6);MoveEast;(9, 5);False;1;256
;(11, 6);GrabObject;(9, 5);False;1;257
;(11, 6);GrabObject;(9, 5);False;1;258
MoveWest;(10, 6);GrabObject;(9, 5);False;1;259
;(10, 6);GrabObject;(9, 5);False;1;260
;(10, 6);GrabObject;(9, 5);False;1;261
MoveWest;(9, 6);GrabObject;(9, 5);False;1;262
;(9, 6);GrabObject;(9, 5);False;1;263
;(9, 6);GrabObject;(9, 5);False;1;264
;(9, 6);GrabObject;(9, 5);False;1;265
MoveWest;(8, 6);GrabObject;(9, 5);False;1;266
;(8, 6);GrabObject;(9, 5);False;1;267
;(8, 6);;(9, 5);False;1;268
MoveWest;(7, 6);MoveWest;(9, 5);False;1;269
;(7, 6);MoveWest;(9, 5);False;1;270
;(7, 6);MoveWest;(9, 5);False;1;271
;(7, 6);MoveWest;(9, 5);False;1;272
;(7, 6);MoveWest;(9, 5);False;1;273
MoveWest;(6, 6);MoveWest;(9, 5);False;1;274
;(6, 6);MoveWest;(9, 5);False;1;275
;(6, 6);MoveWest;(9, 5);False;1;276
;(6, 6);MoveWest;(9, 5);False;1;277
;(6, 6);MoveWest;(9, 5);False;1;278
MoveWest;(5, 6);MoveWest;(8, 5);False;1;279
;(5, 6);MoveWest;(8, 5);False;1;280
;(5, 6);MoveWest;(8, 5);False;1;281
;(5, 6);MoveWest;(8, 5);False;1;282
;(5, 6);MoveWest;(8, 5);False;1;283
MoveWest;(4, 6);MoveWest;(8, 5);False;1;284
;(4, 6);MoveWest;(8, 5);False;1;285
;(4, 6);MoveWest;(8, 5);False;1;286
;(4, 6);MoveWest;(8, 5);False;1;287
;(4, 6);MoveWest;(8, 5);False;1;288
;(4, 6);MoveWest;(8, 5);False;1;289
;(4, 6);MoveWest;(7, 5);False;1;290
;(4, 6);MoveWest;(7, 5);False;1;291
MoveWest;(3, 6);MoveWest;(7, 5);False;1;292
;(3, 6);MoveWest;(7, 5);False;1;293
;(3, 6);MoveWest;(7, 5);False;1;294
;(3, 6);MoveWest;(7, 5);False;1;295
MoveWest;(2, 6);MoveWest;(7, 5);False;1;296
;(2, 6);MoveWest;(7, 5);False;1;297
;(2, 6);MoveWest;(7, 5);False;1;298
;(2, 6);MoveWest;(7, 5);False;1;299
MoveWest;(1, 6);MoveWest;(7, 5);False;1;300
;(1, 6);MoveWest;(6, 5);False;1;301
;(1, 6);MoveWest;(6, 5);False;1;302
;(1, 6);MoveWest;(6, 5);False;1;303
;(1, 6);MoveWest;(6, 5);False;1;304
;(1, 6);MoveWest;(6, 5);False;1;305
;(1, 6);MoveWest;(6, 5);False;1;306
;(1, 6);MoveWest;(6, 5);False;1;307
MoveWest;(0, 6);MoveWest;(6, 5);False;1;308
;(0, 6);MoveWest;(6, 5);False;1;309
;(0, 6);MoveWest;(6, 5);False;1;310
;(0, 6);MoveWest;(6, 5);False;1;311
;(0, 6);MoveWest;(5, 5);False;1;312
;(0, 6);MoveWest;(5, 5);False;1;313
;(0, 6);MoveWest;(5, 5);False;1;314
;(0, 6);MoveWest;(5, 5);False;1;315
;(0, 6);MoveWest;(5, 5);False;1;316
;(0, 6);MoveWest;(5, 5);False;1;317
;(0, 6);MoveWest;(5, 5);False;1;318
;(0, 6);MoveWest;(5, 5);False;1;319
DropObject;(0, 6);MoveWest;(5, 5);False;1;320
;(0, 6);MoveWest;(5, 5);False;1;321
;(0, 6);MoveWest;(5, 5);False;1;322
;(0, 6);MoveWest;(4, 5);False;1;323
;(0, 6);MoveNorthWest;(4, 5);False;1;324
;(0, 6);MoveNorthWest;(4, 5);False;1;325
;(0, 6);MoveNorthWest;(4, 5);False;1;326
;(0, 6);MoveNorthWest;(4, 5);False;1;327
;(0, 6);MoveNorthWest;(4, 5);False;1;328
;(0, 6);MoveNorthWest;(4, 5);False;1;329
;(0, 6);MoveNorthWest;(4, 5);False;1;330
;(0, 6);MoveNorthWest;(4, 5);False;1;331
;(0, 6);MoveNorthWest;(4, 5);False;1;332
;(0, 6);MoveNorthWest;(4, 5);False;1;333
;(0, 6);MoveNorthWest;(3, 4);False;1;334
;(0, 6);MoveWest;(3, 4);False;1;335
;(0, 6);MoveWest;(3, 4);False;1;336
MoveEast;(1, 6);MoveWest;(3, 4);False;1;337
;(1, 6);MoveWest;(3, 4);False;1;338
;(1, 6);MoveWest;(3, 4);False;1;339
;(1, 6);MoveWest;(3, 4);False;1;340
;(1, 6);MoveWest;(3, 4);False;1;341
MoveEast;(2, 6);MoveWest;(3, 4);False;1;342
MoveEast;(3, 6);MoveWest;(3, 4);False;1;343
MoveEast;(4, 6);MoveWest;(3, 4);False;1;344
MoveEast;(5, 6);MoveWest;(2, 4);False;1;345
;(5, 6);MoveNorthWest;(2, 4);False;1;346
;(5, 6);MoveNorthWest;(2, 4);False;1;347
;(5, 6);MoveNorthWest;(2, 4);False;1;348
;(5, 6);MoveNorthWest;(2, 4);False;1;349
;(5, 6);MoveNorthWest;(2, 4);False;1;350
;(5, 6);MoveNorthWest;(2, 4);False;1;351
;(5, 6);MoveNorthWest;(2, 4);False;1;352
;(5, 6);MoveNorthWest;(2, 4);False;1;353
MoveEast;(6, 6);MoveNorthWest;(2, 4);False;1;354
;(6, 6);MoveNorthWest;(2, 4);False;1;355
;(6, 6);MoveNorthWest;(1, 3);False;1;356
;(6, 6);MoveWest;(1, 3);False;1;357
;(6, 6);MoveWest;(1, 3);False;1;358
;(6, 6);MoveWest;(1, 3);False;1;359
;(6, 6);MoveWest;(1, 3);False;1;360
;(6, 6);MoveWest;(1, 3);False;1;361
;(6, 6);MoveWest;(1, 3);False;1;362
;(6, 6);MoveWest;(1, 3);False;1;363
;(6, 6);MoveWest;(1, 3);False;1;364
;(6, 6);MoveWest;(1, 3);False;1;365
MoveSouth;(6, 7);MoveWest;(1, 3);False;1;366
;(6, 7);MoveWest;(0, 3);False;1;367
;(6, 7);DropObject;(0, 3);False;1;368
;(6, 7);DropObject;(0, 3);False;1;369
;(6, 7);DropObject;(0, 3);False;1;370
;(6, 7);DropObject;(0, 3);False;1;371
;(6, 7);DropObject;(0, 3);False;1;372
;(6, 7);DropObject;(0, 3);False;1;373
;(6, 7);DropObject;(0, 3);False;1;374
;(6, 7);DropObject;(0, 3);False;1;375
MoveSouth;(6, 8);DropObject;(0, 3);False;1;376
;(6, 8);DropObject;(0, 3);False;1;377
;(6, 8);DropObject;(0, 3);False;1;378
;(6, 8);;(0, 3);False;1;379
;(6, 8);MoveSouthEast;(0, 3);False;1;380
;(6, 8);MoveSouthEast;(0, 3);False;1;381
;(6, 8);MoveSouthEast;(0, 3);False;1;382
;(6, 8);MoveSouthEast;(0, 3);False;1;383
;(6, 8);MoveSouthEast;(0, 3);False;1;384
;(6, 8);MoveSouthEast;(0, 3);False;1;385
MoveEast;(7, 8);MoveSouthEast;(0, 3);False;1;386
;(7, 8);MoveSouthEast;(0, 3);False;1;387
;(7, 8);MoveSouthEast;(0, 3);False;1;388
;(7, 8);MoveSouthEast;(0, 3);False;1;389
;(7, 8);MoveSouthEast;(1, 4);False;1;390
;(7, 8);MoveEast;(1, 4);False;1;391
;(7, 8);MoveEast;(1, 4);False;1;392
;(7, 8);MoveEast;(1, 4);False;1;393
;(7, 8);MoveEast;(1, 4);False;1;394
;(7, 8);MoveEast;(1, 4);False;1;395
;(7, 8);MoveEast;(1, 4);False;1;396
;(7, 8);MoveEast;(1, 4);False;1;397
;(7, 8);MoveEast;(1, 4);False;1;398
;(7, 8);MoveEast;(1, 4);False;1;399
;(7, 8);MoveEast;(1, 4);False;1;400
;(7, 8);MoveEast;(2, 4);False;1;401
;(7, 8);MoveSouthEast;(2, 4);False;1;402
;(7, 8);MoveSouthEast;(2, 4);False;1;403
;(7, 8);MoveSouthEast;(2, 4);False;1;404
;(7, 8);MoveSouthEast;(2, 4);False;1;405
;(7, 8);MoveSouthEast;(2, 4);False;1;406
;(7, 8);MoveSouthEast;(2, 4);False;1;407
;(7, 8);MoveSouthEast;(2, 4);False;1;408
;(7, 8);MoveSouthEast;(2, 4);False;1;409
;(7, 8);MoveSouthEast;(2, 4);False;1;410
;(7, 8);MoveSouthEast;(2, 4);False;1;411
GrabObject;(7, 8);MoveSouthEast;(3, 5);False;1;412
;(7, 8);MoveSouthEast;(3, 5);False;1;413
;(7, 8);MoveSouthEast;(3, 5);False;1;414
;(7, 8);MoveSouthEast;(3, 5);False;1;415
;(7, 8);MoveSouthEast;(3, 5);False;1;416
;(7, 8);MoveSouthEast;(3, 5);False;1;417
;(7, 8);MoveSouthEast;(3, 5);False;1;418
;(7, 8);MoveSouthEast;(3, 5);False;1;419
;(7, 8);MoveSouthEast;(3, 5);False;1;420
;(7, 8);MoveSouthEast;(3, 5);False;1;421
MoveWest;(6, 8);MoveSouthEast;(3, 5);False;1;422
;(6, 8);MoveSouthEast;(4, 6);False;1;423
;(6, 8);MoveSouthEast;(4, 6);False;1;424
;(6, 8);MoveSouthEast;(4, 6);False;1;425
;(6, 8);MoveSouthEast;(4, 6);False;1;426
MoveWest;(5, 8);MoveSouthEast;(4, 6);False;1;427
MoveWest;(4, 8);MoveSouthEast;(4, 6);False;1;428
MoveWest;(3, 8);MoveSouthEast;(4, 6);False;1;429
MoveWest;(2, 8);MoveSouthEast;(4, 6);False;1;430
MoveWest;(1, 8);MoveSouthEast;(4, 6);False;1;431
MoveWest;(0, 8);MoveSouthEast;(4, 6);False;1;432
;(0, 8);MoveSouthEast;(4, 6);False;1;433
;(0, 8);MoveSouthEast;(5, 7);False;1;434
;(0, 8);MoveEast;(5, 7);False;1;435
;(0, 8);MoveEast;(5, 7);False;1;436
;(0, 8);MoveEast;(5, 7);False;1;437
;(0, 8);MoveEast;(5, 7);False;1;438
;(0, 8);MoveEast;(5, 7);False;1;439
;(0, 8);MoveEast;(5, 7);False;1;440
;(0, 8);MoveEast;(5, 7);False;1;441
;(0, 8);MoveEast;(5, 7);False;1;442
;(0, 8);MoveEast;(5, 7);False;1;443
;(0, 8);MoveEast;(5, 7);False;1;444
;(0, 8);MoveEast;(6, 7);False;1;445
;(0, 8);MoveSouthEast;(6, 7);False;1;446
;(0, 8);MoveSouthEast;(6, 7);False;1;447
;(0, 8);MoveSouthEast;(6, 7);False;1;448
;(0, 8);MoveSouthEast;(6, 7);False;1;449
;(0, 8);MoveSouthEast;(6, 7);False;1;450
;(0, 8);MoveSouthEast;(6, 7);False;1;451
;(0, 8);MoveSouthEast;(6, 7);False;1;452
DropObject;(0, 8);MoveSouthEast;(6, 7);False;1;453
;(0, 8);MoveSouthEast;(6, 7);False;1;454
;(0, 8);MoveSouthEast;(6, 7);False;1;455
;(0, 8);MoveSouthEast;(7, 8);False;1;456
;(0, 8);GrabObject;(7, 8);False;1;457
;(0, 8);GrabObject;(7, 8);False;1;458
;(0, 8);GrabObject;(7, 8);False;1;459
;(0, 8);GrabObject;(7, 8);False;1;460
;(0, 8);GrabObject;(7, 8);False;1;461
;(0, 8);GrabObject;(7, 8);False;1;462
;(0, 8);GrabObject;(7, 8);False;1;463
;(0, 8);GrabObject;(7, 8);False;1;464
;(0, 8);GrabObject;(7, 8);False;1;465
;(0, 8);GrabObject;(7, 8);False;1;466
;(0, 8);GrabObject;(7, 8);False;1;467
;(0, 8);;(7, 8);False;1;468
;(0, 8);MoveEast;(7, 8);False;1;469
;(0, 8);MoveEast;(7, 8);False;1;470
;(0, 8);MoveEast;(7, 8);False;1;471
;(0, 8);MoveEast;(7, 8);False;1;472
;(0, 8);MoveEast;(7, 8);False;1;473
MoveEast;(1, 8);MoveEast;(7, 8);False;1;474
;(1, 8);MoveEast;(7, 8);False;1;475
;(1, 8);MoveEast;(7, 8);False;1;476
;(1, 8);MoveEast;(7, 8);False;1;477
;(1, 8);MoveEast;(7, 8);False;1;478
MoveEast;(2, 8);MoveEast;(8, 8);False;1;479
MoveEast;(3, 8);MoveEast;(8, 8);False;1;480
MoveEast;(4, 8);MoveEast;(8, 8);False;1;481
MoveEast;(5, 8);MoveEast;(8, 8);False;1;482
MoveEast;(6, 8);MoveEast;(8, 8);False;1;483
MoveEast;(7, 8);MoveEast;(8, 8);False;1;484
;(7, 8);MoveEast;(8, 8);False;1;485
;(7, 8);MoveEast;(8, 8);False;1;486
;(7, 8);MoveEast;(8, 8);False;1;487
;(7, 8);MoveEast;(8, 8);False;1;488
;(7, 8);MoveEast;(8, 8);False;1;489
;(7, 8);MoveEast;(9, 8);False;1;490
;(7, 8);MoveWest;(9, 8);False;1;491
;(7, 8);MoveWest;(9, 8);False;1;492
;(7, 8);MoveWest;(9, 8);False;1;493
;(7, 8);MoveWest;(9, 8);False;1;494
;(7, 8);MoveWest;(9, 8);False;1;495
;(7, 8);MoveWest;(9, 8);False;1;496
;(7, 8);MoveWest;(9, 8);False;1;497
;(7, 8);MoveWest;(9, 8);False;1;498
;(7, 8);MoveWest;(9, 8);False;1;499
;(7, 8);MoveWest;(9, 8);False;1;500
;(7, 8);MoveWest;(8, 8);False;1;501
;(7, 8);MoveWest;(8, 8);False;1;502
;(7, 8);MoveWest;(8, 8);False;1;503
;(7, 8);MoveWest;(8, 8);False;1;504
;(7, 8);MoveWest;(8, 8);False;1;505
MoveEast;(8, 8);MoveWest;(8, 8);False;1;506
;(8, 8);MoveWest;(8, 8);False;1;507
;(8, 8);MoveWest;(8, 8);False;1;508
;(8, 8);MoveWest;(8, 8);False;1;509
;(8, 8);MoveWest;(8, 8);False;1;510
;(8, 8);MoveWest;(8, 8);False;1;511
;(8, 8);MoveWest;(7, 8);False;1;512
;(8, 8);MoveEast;(7, 8);False;1;513
;(8, 8);MoveEast;(7, 8);False;1;514
;(8, 8);MoveEast;(7, 8);False;1;515
;(8, 8);MoveEast;(7, 8);False;1;516
;(8, 8);MoveEast;(7, 8);False;1;517
;(8, 8);MoveEast;(7, 8);False;1;518
;(8, 8);MoveEast;(7, 8);False;1;519
;(8, 8);MoveEast;(7, 8);False;1;520
;(8, 8);MoveEast;(7, 8);False;1;521
;(8, 8);MoveEast;(7, 8);False;1;522
;(8, 8);MoveEast;(8, 8);False;1;523
;(8, 8);MoveEast;(8, 8);False;1;524
;(8, 8);MoveEast;(8, 8);False;1;525
;(8, 8);MoveEast;(8, 8);False;1;526
;(8, 8);MoveEast;(8, 8);False;1;527
;(8, 8);MoveEast;(8, 8);False;1;528
;(8, 8);MoveEast;(8, 8);False;1;529
;(8, 8);MoveEast;(8, 8);False;1;530
;(8, 8);MoveEast;(8, 8);False;1;531
;(8, 8);MoveEast;(8, 8);False;1;532
;(8, 8);MoveEast;(8, 8);False;1;533
;(8, 8);MoveEast;(9, 8);False;1;534
;(8, 8);MoveWest;(9, 8);False;1;535
;(8, 8);MoveWest;(9, 8);False;1;536
;(8, 8);MoveWest;(9, 8);False;1;537
;(8, 8);MoveWest;(9, 8);False;1;538
;(8, 8);MoveWest;(9, 8);False;1;539
;(8, 8);MoveWest;(9, 8);False;1;540
;(8, 8);MoveWest;(9, 8);False;1;541
;(8, 8);MoveWest;(9, 8);False;1;542
;(8, 8);MoveWest;(9, 8);False;1;543
;(8, 8);MoveWest;(9, 8);False;1;544
;(8, 8);MoveWest;(8, 8);False;1;545
;(8, 8);MoveWest;(8, 8);False;1;546
;(8, 8);MoveWest;(8, 8);False;1;547
;(8, 8);MoveWest;(8, 8);False;1;548
;(8, 8);MoveWest;(8, 8);False;1;549
;(8, 8);MoveWest;(8, 8);False;1;550
;(8, 8);MoveWest;(8, 8);False;1;551
;(8, 8);MoveWest;(8, 8);False;1;552
;(8, 8);MoveWest;(8, 8);False;1;553
;(8, 8);MoveWest;(8, 8);False;1;554
;(8, 8);MoveWest;(8, 8);False;1;555
;(8, 8);MoveWest;(7, 8);False;1;556
;(8, 8);MoveEast;(7, 8);False;1;557
;(8, 8);MoveEast;(7, 8);False;1;558
;(8, 8);MoveEast;(7, 8);False;1;559
;(8, 8);MoveEast;(7, 8);False;1;560
;(8, 8);MoveEast;(7, 8);False;1;561
;(8, 8);MoveEast;(7, 8);False;1;562
MoveEast;(9, 8);MoveEast;(7, 8);False;1;563
;(9, 8);MoveEast;(7, 8);False;1;564
;(9, 8);MoveEast;(7, 8);False;1;565
;(9, 8);MoveEast;(7, 8);False;1;566
;(9, 8);MoveEast;(8, 8);False;1;567
;(9, 8);MoveEast;(8, 8);False;1;568
;(9, 8);MoveEast;(8, 8);False;1;569
;(9, 8);MoveEast;(8, 8);False;1;570
;(9, 8);MoveEast;(8, 8);False;1;571
;(9, 8);MoveEast;(8, 8);False;1;572
;(9, 8);MoveEast;(8, 8);False;1;573
;(9, 8);MoveEast;(8, 8);False;1;574
;(9, 8);MoveEast;(8, 8);False;1;575
;(9, 8);MoveEast;(8, 8);False;1;576
;(9, 8);MoveEast;(8, 8);False;1;577
;(9, 8);MoveEast;(9, 8);False;1;578
;(9, 8);MoveWest;(9, 8);False;1;579
;(9, 8);MoveWest;(9, 8);False;1;580
;(9, 8);MoveWest;(9, 8);False;1;581
;(9, 8);MoveWest;(9, 8);False;1;582
;(9, 8);MoveWest;(9, 8);False;1;583
;(9, 8);MoveWest;(9, 8);False;1;584
MoveEast;(10, 8);MoveWest;(9, 8);False;1;585
;(10, 8);MoveWest;(9, 8);False;1;586
;(10, 8);MoveWest;(9, 8);False;1;587
;(10, 8);MoveWest;(9, 8);False;1;588
;(10, 8);MoveWest;(8, 8);False;1;589
;(10, 8);MoveWest;(8, 8);False;1;590
;(10, 8);MoveWest;(8, 8);False;1;591
MoveEast;(11, 8);MoveWest;(8, 8);False;1;592
;(11, 8);MoveWest;(8, 8);False;1;593
;(11, 8);MoveWest;(8, 8);False;1;594
;(11, 8);MoveWest;(8, 8);False;1;595
;(11, 8);MoveWest;(8, 8);False;1;596
;(11, 8);MoveWest;(8, 8);False;1;597
;(11, 8);MoveWest;(8, 8);False;1;598
;(11, 8);MoveWest;(8, 8);False;1;599
;(11, 8);MoveWest;(7, 8);False;1;600
;(11, 8);;(7, 8);False;1;601
;(11, 8);MoveEast;(7, 8);False;1;602
;(11, 8);MoveEast;(7, 8);False;1;603
;(11, 8);MoveEast;(7, 8);False;1;604
;(11, 8);MoveEast;(7, 8);False;1;605
;(11, 8);MoveEast;(7, 8);False;1;606
;(11, 8);MoveEast;(7, 8);False;1;607
;(11, 8);MoveEast;(7, 8);False;1;608
;(11, 8);MoveEast;(7, 8);False;1;609
;(11, 8);MoveEast;(7, 8);False;1;610
;(11, 8);MoveEast;(7, 8);False;1;611
;(11, 8);MoveEast;(8, 8);False;1;612
;(11, 8);GrabObject;(8, 8);False;1;613
;(11, 8);GrabObject;(8, 8);False;1;614
;(11, 8);GrabObject;(8, 8);False;1;615
;(11, 8);GrabObject;(8, 8);False;1;616
;(11, 8);GrabObject;(8, 8);False;1;617
;(11, 8);GrabObject;(8, 8);False;1;618
;(11, 8);GrabObject;(8, 8);False;1;619
;(11, 8);GrabObject;(8, 8);False;1;620
;(11, 8);GrabObject;(8, 8);False;1;621
;(11, 8);GrabObject;(8, 8);False;1;622
;(11, 8);GrabObject;(8, 8);False;1;623
;(11, 8);;(8, 8);False;1;624
;(11, 8);Idle;(8, 8);False;1;625
;(11, 8);Idle;(8, 8);False;1;626
;(11, 8);Idle;(8, 8);False;1;627
;(11, 8);Idle;(8, 8);False;1;628
;(11, 8);Idle;(8, 8);False;1;629
;(11, 8);Idle;(8, 8);False;1;630
;(11, 8);Idle;(8, 8);False;1;631
;(11, 8);Idle;(8, 8);False;1;632
;(11, 8);Idle;(8, 8);False;1;633
;(11, 8);Idle;(8, 8);False;1;634
;(11, 8);Idle;(8, 8);False;1;635
;(11, 8);Idle;(8, 8);False;1;636
;(11, 8);Idle;(8, 8);False;1;637
;(11, 8);Idle;(8, 8);False;1;638
;(11, 8);Idle;(8, 8);False;1;639
;(11, 8);Idle;(8, 8);False;1;640
;(11, 8);Idle;(8, 8);False;1;641
;(11, 8);Idle;(8, 8);False;1;642
;(11, 8);Idle;(8, 8);False;1;643
;(11, 8);Idle;(8, 8);False;1;644
;(11, 8);Idle;(8, 8);False;1;645
;(11, 8);Idle;(8, 8);False;1;646
;(11, 8);Idle;(8, 8);False;1;647
;(11, 8);Idle;(8, 8);False;1;648
;(11, 8);Idle;(8, 8);False;1;649
;(11, 8);Idle;(8, 8);False;1;650
;(11, 8);Idle;(8, 8);False;1;651
;(11, 8);Idle;(8, 8);False;1;652
;(11, 8);Idle;(8, 8);False;1;653
;(11, 8);Idle;(8, 8);False;1;654
;(11, 8);Idle;(8, 8);False;1;655
;(11, 8);Idle;(8, 8);False;1;656
;(11, 8);Idle;(8, 8);False;1;657
;(11, 8);Idle;(8, 8);False;1;658
;(11, 8);Idle;(8, 8);False;1;659
;(11, 8);Idle;(8, 8);False;1;660
;(11, 8);Idle;(8, 8);False;1;661
;(11, 8);Idle;(8, 8);False;1;662
;(11, 8);Idle;(8, 8);False;1;663
;(11, 8);Idle;(8, 8);False;1;664
;(11, 8);Idle;(8, 8);False;1;665
;(11, 8);Idle;(8, 8);False;1;666
;(11, 8);Idle;(8, 8);False;1;667
;(11, 8);Idle;(8, 8);False;1;668
;(11, 8);Idle;(8, 8);False;1;669
;(11, 8);Idle;(8, 8);False;1;670
;(11, 8);Idle;(8, 8);False;1;671
;(11, 8);Idle;(8, 8);False;1;672
;(11, 8);Idle;(8, 8);False;1;673
;(11, 8);Idle;(8, 8);False;1;674
;(11, 8);Idle;(8, 8);False;1;675
;(11, 8);Idle;(8, 8);False;1;676
;(11, 8);Idle;(8, 8);False;1;677
;(11, 8);Idle;(8, 8);False;1;678
;(11, 8);Idle;(8, 8);False;1;679
;(11, 8);;(8, 8);False;1;680
;(11, 8);MoveWest;(8, 8);False;1;681
;(11, 8);MoveWest;(8, 8);False;1;682
;(11, 8);MoveWest;(8, 8);False;1;683
;(11, 8);MoveWest;(8, 8);False;1;684
;(11, 8);MoveWest;(8, 8);False;1;685
;(11, 8);MoveWest;(8, 8);False;1;686
;(11, 8);MoveWest;(8, 8);False;1;687
;(11, 8);MoveWest;(8, 8);False;1;688
;(11, 8);MoveWest;(8, 8);False;1;689
;(11, 8);MoveWest;(8, 8);False;1;690
;(11, 8);MoveWest;(7, 8);False;1;691
;(11, 8);MoveWest;(7, 8);False;1;692
;(11, 8);MoveWest;(7, 8);False;1;693
;(11, 8);MoveWest;(7, 8);False;1;694
;(11, 8);MoveWest;(7, 8);False;1;695
;(11, 8);MoveWest;(7, 8);False;1;696
;(11, 8);MoveWest;(7, 8);False;1;697
;(11, 8);MoveWest;(7, 8);False;1;698
;(11, 8);MoveWest;(7, 8);False;1;699
;(11, 8);MoveWest;(7, 8);False;1;700
;(11, 8);MoveWest;(7, 8);False;1;701
;(11, 8);MoveWest;(6, 8);False;1;702
;(11, 8);MoveWest;(6, 8);False;1;703
;(11, 8);MoveWest;(6, 8);False;1;704
;(11, 8);MoveWest;(6, 8);False;1;705
;(11, 8);MoveWest;(6, 8);False;1;706
;(11, 8);MoveWest;(6, 8);False;1;707
;(11, 8);MoveWest;(6, 8);False;1;708
;(11, 8);MoveWest;(6, 8);False;1;709
;(11, 8);MoveWest;(6, 8);False;1;710
;(11, 8);MoveWest;(6, 8);False;1;711
;(11, 8);MoveWest;(6, 8);False;1;712
;(11, 8);MoveWest;(5, 8);False;1;713
;(11, 8);MoveWest;(5, 8);False;1;714
MoveEast;(12, 8);MoveWest;(5, 8);False;1;715
;(12, 8);MoveWest;(5, 8);False;1;716
;(12, 8);MoveWest;(5, 8);False;1;717
;(12, 8);MoveWest;(5, 8);False;1;718
;(12, 8);MoveWest;(5, 8);False;1;719
;(12, 8);MoveWest;(5, 8);False;1;720
;(12, 8);MoveWest;(5, 8);False;1;721
;(12, 8);MoveWest;(5, 8);False;1;722
;(12, 8);MoveWest;(5, 8);False;1;723
;(12, 8);MoveWest;(4, 8);False;1;724
;(12, 8);MoveNorthWest;(4, 8);False;1;725
;(12, 8);MoveNorthWest;(4, 8);False;1;726
MoveWest;(11, 8);MoveNorthWest;(4, 8);False;1;727
;(11, 8);MoveNorthWest;(4, 8);False;1;728
;(11, 8);MoveNorthWest;(4, 8);False;1;729
;(11, 8);MoveNorthWest;(4, 8);False;1;730
;(11, 8);MoveNorthWest;(4, 8);False;1;731
;(11, 8);MoveNorthWest;(4, 8);False;1;732
MoveWest;(10, 8);MoveNorthWest;(4, 8);False;1;733
;(10, 8);MoveNorthWest;(4, 8);False;1;734
;(10, 8);MoveNorthWest;(3, 7);False;1;735
;(10, 8);MoveWest;(3, 7);False;1;736
;(10, 8);MoveWest;(3, 7);False;1;737
;(10, 8);MoveWest;(3, 7);False;1;738
;(10, 8);MoveWest;(3, 7);False;1;739
;(10, 8);MoveWest;(3, 7);False;1;740
;(10, 8);MoveWest;(3, 7);False;1;741
;(10, 8);MoveWest;(3, 7);False;1;742
;(10, 8);MoveWest;(3, 7);False;1;743
;(10, 8);MoveWest;(3, 7);False;1;744
;(10, 8);MoveWest;(3, 7);False;1;745
MoveWest;(9, 8);MoveWest;(2, 7);False;1;746
;(9, 8);MoveNorthWest;(2, 7);False;1;747
;(9, 8);MoveNorthWest;(2, 7);False;1;748
;(9, 8);MoveNorthWest;(2, 7);False;1;749
;(9, 8);MoveNorthWest;(2, 7);False;1;750
;(9, 8);MoveNorthWest;(2, 7);False;1;751
;(9, 8);MoveNorthWest;(2, 7);False;1;752
;(9, 8);MoveNorthWest;(2, 7);False;1;753
;(9, 8);MoveNorthWest;(2, 7);False;1;754
;(9, 8);MoveNorthWest;(2, 7);False;1;755
;(9, 8);MoveNorthWest;(2, 7);False;1;756
;(9, 8);MoveNorthWest;(1, 6);False;1;757
;(9, 8);MoveWest;(1, 6);False;1;758
;(9, 8);MoveWest;(1, 6);False;1;759
;(9, 8);MoveWest;(1, 6);False;1;760
;(9, 8);MoveWest;(1, 6);False;1;761
;(9, 8);MoveWest;(1, 6);False;1;762
;(9, 8);MoveWest;(1, 6);False;1;763
;(9, 8);MoveWest;(1, 6);False;1;764
;(9, 8);MoveWest;(1, 6);False;1;765
;(9, 8);MoveWest;(1, 6);False;1;766
;(9, 8);MoveWest;(1, 6);False;1;767
;(9, 8);MoveWest;(0, 6);False;1;768
;(9, 8);DropObject;(0, 6);False;1;769
;(9, 8);DropObject;(0, 6);False;1;770
;(9, 8);DropObject;(0, 6);False;1;771
;(9, 8);DropObject;(0, 6);False;1;772
;(9, 8);DropObject;(0, 6);False;1;773
;(9, 8);DropObject;(0, 6);False;1;774
;(9, 8);DropObject;(0, 6);False;1;775
;(9, 8);DropObject;(0, 6);False;1;776
;(9, 8);DropObject;(0, 6);False;1;777
;(9, 8);DropObject;(0, 6);False;1;778
;(9, 8);DropObject;(0, 6);False;1;779
;(9, 8);;(0, 6);False;1;780
;(9, 8);MoveSouthEast;(0, 6);False;1;781
;(9, 8);MoveSouthEast;(0, 6);False;1;782
;(9, 8);MoveSouthEast;(0, 6);False;1;783
;(9, 8);MoveSouthEast;(0, 6);False;1;784
;(9, 8);MoveSouthEast;(0, 6);False;1;785
;(9, 8);MoveSouthEast;(0, 6);False;1;786
;(9, 8);MoveSouthEast;(0, 6);False;1;787
;(9, 8);MoveSouthEast;(0, 6);False;1;788
;(9, 8);MoveSouthEast;(0, 6);False;1;789
;(9, 8);MoveSouthEast;(0, 6);False;1;790
;(9, 8);MoveSouthEast;(1, 7);False;1;791
;(9, 8);MoveEast;(1, 7);False;1;792
;(9, 8);MoveEast;(1, 7);False;1;793
;(9, 8);MoveEast;(1, 7);False;1;794
;(9, 8);MoveEast;(1, 7);False;1;795
;(9, 8);MoveEast;(1, 7);False;1;796
;(9, 8);MoveEast;(1, 7);False;1;797
;(9, 8);MoveEast;(1, 7);False;1;798
;(9, 8);MoveEast;(1, 7);False;1;799
;(9, 8);MoveEast;(1, 7);False;1;800
;(9, 8);MoveEast;(1, 7);False;1;801
;(9, 8);MoveEast;(2, 7);False;1;802
;(9, 8);MoveSouthEast;(2, 7);False;1;803
;(9, 8);MoveSouthEast;(2, 7);False;1;804
;(9, 8);MoveSouthEast;(2, 7);False;1;805
;(9, 8);MoveSouthEast;(2, 7);False;1;806
;(9, 8);MoveSouthEast;(2, 7);False;1;807
;(9, 8);MoveSouthEast;(2, 7);False;1;808
;(9, 8);MoveSouthEast;(2, 7);False;1;809
;(9, 8);MoveSouthEast;(2, 7);False;1;810
;(9, 8);MoveSouthEast;(2, 7);False;1;811
;(9, 8);MoveSouthEast;(2, 7);False;1;812
;(9, 8);MoveSouthEast;(3, 8);False;1;813
;(9, 8);MoveEast;(3, 8);False;1;814
;(9, 8);MoveEast;(3, 8);False;1;815
;(9, 8);MoveEast;(3, 8);False;1;816
;(9, 8);MoveEast;(3, 8);False;1;817
;(9, 8);MoveEast;(3, 8);False;1;818
;(9, 8);MoveEast;(3, 8);False;1;819
;(9, 8);MoveEast;(3, 8);False;1;820
;(9, 8);MoveEast;(3, 8);False;1;821
;(9, 8);MoveEast;(3, 8);False;1;822
;(9, 8);MoveEast;(3, 8);False;1;823
;(9, 8);MoveEast;(4, 8);False;1;824
;(9, 8);MoveEast;(4, 8);False;1;825
;(9, 8);MoveEast;(4, 8);False;1;826
;(9, 8);MoveEast;(4, 8);False;1;827
;(9, 8);MoveEast;(4, 8);False;1;828
;(9, 8);MoveEast;(4, 8);False;1;829
;(9, 8);MoveEast;(4, 8);False;1;830
;(9, 8);MoveEast;(4, 8);False;1;831
;(9, 8);MoveEast;(4, 8);False;1;832
;(9, 8);MoveEast;(4, 8);False;1;833
;(9, 8);MoveEast;(4, 8);False;1;834
;(9, 8);MoveEast;(5, 8);False;1;835
;(9, 8);MoveSouthEast;(5, 8);False;1;836
;(9, 8);MoveSouthEast;(5, 8);False;1;837
;(9, 8);MoveSouthEast;(5, 8);False;1;838
;(9, 8);MoveSouthEast;(5, 8);False;1;839
;(9, 8);MoveSouthEast;(5, 8);False;1;840
;(9, 8);MoveSouthEast;(5, 8);False;1;841
;(9, 8);MoveSouthEast;(5, 8);False;1;842
;(9, 8);MoveSouthEast;(5, 8);False;1;843
;(9, 8);MoveSouthEast;(5, 8);False;1;844
;(9, 8);MoveSouthEast;(5, 8);False;1;845
;(9, 8);MoveSouthEast;(6, 9);False;1;846
;(9, 8);BreakObject;(6, 9);False;1;847
;(9, 8);BreakObject;(6, 9);False;1;848
;(9, 8);BreakObject;(6, 9);False;1;849
;(9, 8);BreakObject;(6, 9);False;1;850
;(9, 8);BreakObject;(6, 9);False;1;851
;(9, 8);BreakObject;(6, 9);False;1;852
;(9, 8);BreakObject;(6, 9);False;1;853
;(9, 8);BreakObject;(6, 9);False;1;854
;(9, 8);BreakObject;(6, 9);False;1;855
;(9, 8);BreakObject;(6, 9);False;1;856
;(9, 8);BreakObject;(6, 9);False;1;857
;(9, 8);;(6, 9);False;1;858
;(9, 8);MoveEast;(6, 9);False;1;859
;(9, 8);MoveEast;(6, 9);False;1;860
;(9, 8);MoveEast;(6, 9);False;1;861
;(9, 8);MoveEast;(6, 9);False;1;862
;(9, 8);MoveEast;(6, 9);False;1;863
;(9, 8);MoveEast;(6, 9);False;1;864
;(9, 8);MoveEast;(6, 9);False;1;865
;(9, 8);MoveEast;(6, 9);False;1;866
;(9, 8);MoveEast;(6, 9);False;1;867
;(9, 8);MoveEast;(6, 9);False;1;868
;(9, 8);MoveEast;(7, 9);False;1;869
;(9, 8);MoveEast;(7, 9);False;1;870
;(9, 8);MoveEast;(7, 9);False;1;871
;(9, 8);MoveEast;(7, 9);False;1;872
;(9, 8);MoveEast;(7, 9);False;1;873
;(9, 8);MoveEast;(7, 9);False;1;874
;(9, 8);MoveEast;(7, 9);False;1;875
;(9, 8);MoveEast;(7, 9);False;1;876
;(9, 8);MoveEast;(7, 9);False;1;877
;(9, 8);MoveEast;(7, 9);False;1;878
;(9, 8);MoveEast;(7, 9);False;1;879
;(9, 8);MoveEast;(8, 9);False;1;880
;(9, 8);GrabLargeObject;(8, 9);False;1;881
;(9, 8);GrabLargeObject;(8, 9);False;1;882
;(9, 8);GrabLargeObject;(8, 9);False;1;883
;(9, 8);GrabLargeObject;(8, 9);False;1;884
;(9, 8);GrabLargeObject;(8, 9);False;1;885
;(9, 8);GrabLargeObject;(8, 9);False;1;886
;(9, 8);GrabLargeObject;(8, 9);False;1;887
;(9, 8);GrabLargeObject;(8, 9);False;1;888
;(9, 8);GrabLargeObject;(8, 9);False;1;889
;(9, 8);GrabLargeObject;(8, 9);False;1;890
;(9, 8);GrabLargeObject;(8, 9);False;1;891
;(9, 8);;(8, 9);False;1;892
;(9, 8);MoveWest;(8, 9);False;1;893
;(9, 8);MoveWest;(8, 9);False;1;894
;(9, 8);MoveWest;(8, 9);False;1;895
;(9, 8);MoveWest;(8, 9);False;1;896
;(9, 8);MoveWest;(8, 9);False;1;897
;(9, 8);MoveWest;(8, 9);False;1;898
;(9, 8);MoveWest;(8, 9);False;1;899
;(9, 8);MoveWest;(8, 9);False;1;900
;(9, 8);MoveWest;(8, 9);False;1;901
;(9, 8);MoveWest;(8, 9);False;1;902
;(9, 8);MoveWest;(7, 9);False;1;903
;(9, 8);MoveWest;(7, 9);False;1;904
;(9, 8);MoveWest;(7, 9);False;1;905
;(9, 8);MoveWest;(7, 9);False;1;906
;(9, 8);MoveWest;(7, 9);False;1;907
;(9, 8);MoveWest;(7, 9);False;1;908
;(9, 8);MoveWest;(7, 9);False;1;909
;(9, 8);MoveWest;(7, 9);False;1;910
;(9, 8);MoveWest;(7, 9);False;1;911
;(9, 8);MoveWest;(7, 9);False;1;912
;(9, 8);MoveWest;(7, 9);False;1;913
;(9, 8);MoveWest;(6, 9);False;1;914
;(9, 8);MoveWest;(6, 9);False;1;915
;(9, 8);MoveWest;(6, 9);False;1;916
;(9, 8);MoveWest;(6, 9);False;1;917
;(9, 8);MoveWest;(6, 9);False;1;918
;(9, 8);MoveWest;(6, 9);False;1;919
;(9, 8);MoveWest;(6, 9);False;1;920
;(9, 8);MoveWest;(6, 9);False;1;921
;(9, 8);MoveWest;(6, 9);False;1;922
;(9, 8);MoveWest;(6, 9);False;1;923
;(9, 8);MoveWest;(6, 9);False;1;924
;(9, 8);MoveWest;(5, 9);False;1;925
;(9, 8);MoveNorthWest;(5, 9);False;1;926
;(9, 8);MoveNorthWest;(5, 9);False;1;927
;(9, 8);MoveNorthWest;(5, 9);False;1;928
;(9, 8);MoveNorthWest;(5, 9);False;1;929
;(9, 8);MoveNorthWest;(5, 9);False;1;930
;(9, 8);MoveNorthWest;(5, 9);False;1;931
;(9, 8);MoveNorthWest;(5, 9);False;1;932
;(9, 8);MoveNorthWest;(5, 9);False;1;933
;(9, 8);MoveNorthWest;(5, 9);False;1;934
;(9, 8);MoveNorthWest;(5, 9);False;1;935
;(9, 8);MoveNorthWest;(4, 8);False;1;936
;(9, 8);MoveWest;(4, 8);False;1;937
;(9, 8);MoveWest;(4, 8);False;1;938
;(9, 8);MoveWest;(4, 8);False;1;939
;(9, 8);MoveWest;(4, 8);False;1;940
;(9, 8);MoveWest;(4, 8);False;1;941
;(9, 8);MoveWest;(4, 8);False;1;942
;(9, 8);MoveWest;(4, 8);False;1;943
;(9, 8);MoveWest;(4, 8);False;1;944
;(9, 8);MoveWest;(4, 8);False;1;945
;(9, 8);MoveWest;(4, 8);False;1;946
;(9, 8);MoveWest;(3, 8);False;1;947
;(9, 8);MoveNorthWest;(3, 8);False;1;948
;(9, 8);MoveNorthWest;(3, 8);False;1;949
;(9, 8);MoveNorthWest;(3, 8);False;1;950
;(9, 8);MoveNorthWest;(3, 8);False;1;951
;(9, 8);MoveNorthWest;(3, 8);False;1;952
;(9, 8);MoveNorthWest;(3, 8);False;1;953
;(9, 8);MoveNorthWest;(3, 8);False;1;954
;(9, 8);MoveNorthWest;(3, 8);False;1;955
;(9, 8);MoveNorthWest;(3, 8);False;1;956
;(9, 8);MoveNorthWest;(3, 8);False;1;957
;(9, 8);MoveNorthWest;(2, 7);False;1;958
;(9, 8);MoveWest;(2, 7);False;1;959
;(9, 8);MoveWest;(2, 7);False;1;960
;(9, 8);MoveWest;(2, 7);False;1;961
;(9, 8);MoveWest;(2, 7);False;1;962
;(9, 8);MoveWest;(2, 7);False;1;963
;(9, 8);MoveWest;(2, 7);False;1;964
;(9, 8);MoveWest;(2, 7);False;1;965
;(9, 8);MoveWest;(2, 7);False;1;966
;(9, 8);MoveWest;(2, 7);False;1;967
;(9, 8);MoveWest;(2, 7);False;1;968
;(9, 8);MoveWest;(1, 7);False;1;969
;(9, 8);DropLargeObject;(1, 7);False;1;970
;(9, 8);DropLargeObject;(1, 7);False;1;971
;(9, 8);DropLargeObject;(1, 7);False;1;972
MoveSouth;(9, 9);DropLargeObject;(1, 7);False;1;973
;(9, 9);DropLargeObject;(1, 7);False;1;974
;(9, 9);DropLargeObject;(1, 7);False;1;975
;(9, 9);DropLargeObject;(1, 7);False;1;976
;(9, 9);DropLargeObject;(1, 7);False;1;977
;(9, 9);DropLargeObject;(1, 7);False;1;978
;(9, 9);DropLargeObject;(1, 7);False;1;979
MoveSouth;(9, 10);DropLargeObject;(1, 7);False;1;980
;(9, 10);;(1, 7);False;1;981
;(9, 10);MoveEast;(1, 7);False;1;982
;(9, 10);MoveEast;(1, 7);False;1;983
;(9, 10);MoveEast;(1, 7);False;1;984
;(9, 10);MoveEast;(1, 7);False;1;985
;(9, 10);MoveEast;(1, 7);False;1;986
;(9, 10);MoveEast;(1, 7);False;1;987
;(9, 10);MoveEast;(1, 7);False;1;988
;(9, 10);MoveEast;(1, 7);False;1;989
;(9, 10);MoveEast;(1, 7);False;1;990
;(9, 10);MoveEast;(1, 7);False;1;991
;(9, 10);MoveEast;(2, 7);False;1;992
;(9, 10);MoveEast;(2, 7);False;1;993
;(9, 10);MoveEast;(2, 7);False;1;994
;(9, 10);MoveEast;(2, 7);False;1;995
;(9, 10);MoveEast;(2, 7);False;1;996
;(9, 10);MoveEast;(2, 7);False;1;997
;(9, 10);MoveEast;(2, 7);False;1;998
;(9, 10);MoveEast;(2, 7);False;1;999
;(9, 10);MoveEast;(2, 7);False;1;1000
;(9, 10);MoveEast;(2, 7);False;1;1001
;(9, 10);MoveEast;(2, 7);False;1;1002
;(9, 10);MoveEast;(3, 7);False;1;1003
;(9, 10);MoveEast;(3, 7);False;1;1004
;(9, 10);MoveEast;(3, 7);False;1;1005
;(9, 10);MoveEast;(3, 7);False;1;1006
;(9, 10);MoveEast;(3, 7);False;1;1007
;(9, 10);MoveEast;(3, 7);False;1;1008
;(9, 10);MoveEast;(3, 7);False;1;1009
;(9, 10);MoveEast;(3, 7);False;1;1010
;(9, 10);MoveEast;(3, 7);False;1;1011
;(9, 10);MoveEast;(3, 7);False;1;1012
;(9, 10);MoveEast;(3, 7);False;1;1013
;(9, 10);MoveEast;(4, 7);False;1;1014
;(9, 10);MoveEast;(4, 7);False;1;1015
;(9, 10);MoveEast;(4, 7);False;1;1016
;(9, 10);MoveEast;(4, 7);False;1;1017
;(9, 10);MoveEast;(4, 7);False;1;1018
;(9, 10);MoveEast;(4, 7);False;1;1019
;(9, 10);MoveEast;(4, 7);False;1;1020
;(9, 10);MoveEast;(4, 7);False;1;1021
;(9, 10);MoveEast;(4, 7);False;1;1022
;(9, 10);MoveEast;(4, 7);False;1;1023
;(9, 10);MoveEast;(4, 7);False;1;1024
;(9, 10);MoveEast;(5, 7);False;1;1025
;(9, 10);MoveEast;(5, 7);False;1;1026
;(9, 10);MoveEast;(5, 7);False;1;1027
;(9, 10);MoveEast;(5, 7);False;1;1028
;(9, 10);MoveEast;(5, 7);False;1;1029
;(9, 10);MoveEast;(5, 7);False;1;1030
;(9, 10);MoveEast;(5, 7);False;1;1031
;(9, 10);MoveEast;(5, 7);False;1;1032
;(9, 10);MoveEast;(5, 7);False;1;1033
;(9, 10);MoveEast;(5, 7);False;1;1034
;(9, 10);MoveEast;(5, 7);False;1;1035
;(9, 10);MoveEast;(6, 7);False;1;1036
;(9, 10);MoveEast;(6, 7);False;1;1037
;(9, 10);MoveEast;(6, 7);False;1;1038
;(9, 10);MoveEast;(6, 7);False;1;1039
;(9, 10);MoveEast;(6, 7);False;1;1040
;(9, 10);MoveEast;(6, 7);False;1;1041
MoveEast;(10, 10);MoveEast;(6, 7);False;1;1042
;(10, 10);MoveEast;(6, 7);False;1;1043
;(10, 10);MoveEast;(6, 7);False;1;1044
;(10, 10);MoveEast;(6, 7);False;1;1045
;(10, 10);MoveEast;(6, 7);False;1;1046
MoveEast;(11, 10);MoveEast;(7, 7);False;1;1047
;(11, 10);MoveEast;(7, 7);False;1;1048
;(11, 10);MoveEast;(7, 7);False;1;1049
;(11, 10);MoveEast;(7, 7);False;1;1050
;(11, 10);MoveEast;(7, 7);False;1;1051
MoveEast;(12, 10);MoveEast;(7, 7);False;1;1052
;(12, 10);MoveEast;(7, 7);False;1;1053
;(12, 10);MoveEast;(7, 7);False;1;1054
;(12, 10);MoveEast;(7, 7);False;1;1055
;(12, 10);MoveEast;(7, 7);False;1;1056
;(12, 10);MoveEast;(7, 7);False;1;1057
;(12, 10);MoveEast;(8, 7);False;1;1058
;(12, 10);MoveEast;(8, 7);False;1;1059
;(12, 10);MoveEast;(8, 7);False;1;1060
;(12, 10);MoveEast;(8, 7);False;1;1061
;(12, 10);MoveEast;(8, 7);False;1;1062
;(12, 10);MoveEast;(8, 7);False;1;1063
;(12, 10);MoveEast;(8, 7);False;1;1064
;(12, 10);MoveEast;(8, 7);False;1;1065
;(12, 10);MoveEast;(8, 7);False;1;1066
MoveWest;(11, 10);MoveEast;(8, 7);False;1;1067
;(11, 10);MoveEast;(8, 7);False;1;1068
;(11, 10);MoveEast;(9, 7);False;1;1069
;(11, 10);MoveEast;(9, 7);False;1;1070
;(11, 10);MoveEast;(9, 7);False;1;1071
;(11, 10);MoveEast;(9, 7);False;1;1072
;(11, 10);MoveEast;(9, 7);False;1;1073
;(11, 10);MoveEast;(9, 7);False;1;1074
;(11, 10);MoveEast;(9, 7);False;1;1075
;(11, 10);MoveEast;(9, 7);False;1;1076
;(11, 10);MoveEast;(9, 7);False;1;1077
;(11, 10);MoveEast;(9, 7);False;1;1078
;(11, 10);MoveEast;(9, 7);False;1;1079
;(11, 10);MoveEast;(10, 7);False;1;1080
;(11, 10);MoveEast;(10, 7);False;1;1081
;(11, 10);MoveEast;(10, 7);False;1;1082
;(11, 10);MoveEast;(10, 7);False;1;1083
;(11, 10);MoveEast;(10, 7);False;1;1084
GrabObject;(11, 10);MoveEast;(10, 7);False;1;1085
;(11, 10);MoveEast;(10, 7);False;1;1086
;(11, 10);MoveEast;(10, 7);False;1;1087
;(11, 10);MoveEast;(10, 7);False;1;1088
;(11, 10);MoveEast;(10, 7);False;1;1089
;(11, 10);MoveEast;(10, 7);False;1;1090
;(11, 10);MoveEast;(11, 7);False;1;1091
;(11, 10);MoveSouthEast;(11, 7);False;1;1092
;(11, 10);MoveSouthEast;(11, 7);False;1;1093
;(11, 10);MoveSouthEast;(11, 7);False;1;1094
;(11, 10);MoveSouthEast;(11, 7);False;1;1095
MoveWest;(10, 10);MoveSouthEast;(11, 7);False;1;1096
;(10, 10);MoveSouthEast;(11, 7);False;1;1097
;(10, 10);MoveSouthEast;(11, 7);False;1;1098
;(10, 10);MoveSouthEast;(11, 7);False;1;1099
;(10, 10);MoveSouthEast;(11, 7);False;1;1100
MoveWest;(9, 10);MoveSouthEast;(11, 7);False;1;1101
MoveWest;(8, 10);MoveSouthEast;(12, 8);False;1;1102
MoveWest;(7, 10);GrabObject;(12, 8);False;1;1103
MoveWest;(6, 10);GrabObject;(12, 8);False;1;1104
MoveWest;(5, 10);GrabObject;(12, 8);False;1;1105
MoveWest;(4, 10);GrabObject;(12, 8);False;1;1106
MoveWest;(3, 10);GrabObject;(12, 8);False;1;1107
MoveWest;(2, 10);GrabObject;(12, 8);False;1;1108
;(2, 10);GrabObject;(12, 8);False;1;1109
;(2, 10);GrabObject;(12, 8);False;1;1110
;(2, 10);GrabObject;(12, 8);False;1;1111
;(2, 10);GrabObject;(12, 8);False;1;1112
MoveWest;(1, 10);GrabObject;(12, 8);False;1;1113
;(1, 10);;(12, 8);False;1;1114
;(1, 10);Idle;(12, 8);False;1;1115
;(1, 10);Idle;(12, 8);False;1;1116
;(1, 10);Idle;(12, 8);False;1;1117
;(1, 10);Idle;(12, 8);False;1;1118
;(1, 10);Idle;(12, 8);False;1;1119
;(1, 10);Idle;(12, 8);False;1;1120
;(1, 10);Idle;(12, 8);False;1;1121
;(1, 10);Idle;(12, 8);False;1;1122
;(1, 10);Idle;(12, 8);False;1;1123
MoveWest;(0, 10);Idle;(12, 8);False;1;1124
;(0, 10);Idle;(12, 8);False;1;1125
;(0, 10);Idle;(12, 8);False;1;1126
;(0, 10);Idle;(12, 8);False;1;1127
;(0, 10);Idle;(12, 8);False;1;1128
;(0, 10);Idle;(12, 8);False;1;1129
;(0, 10);Idle;(12, 8);False;1;1130
;(0, 10);Idle;(12, 8);False;1;1131
;(0, 10);Idle;(12, 8);False;1;1132
;(0, 10);Idle;(12, 8);False;1;1133
;(0, 10);Idle;(12, 8);False;1;1134
;(0, 10);Idle;(12, 8);False;1;1135
;(0, 10);Idle;(12, 8);False;1;1136
;(0, 10);Idle;(12, 8);False;1;1137
;(0, 10);Idle;(12, 8);False;1;1138
;(0, 10);Idle;(12, 8);False;1;1139
;(0, 10);Idle;(12, 8);False;1;1140
;(0, 10);Idle;(12, 8);False;1;1141
DropObject;(0, 10);Idle;(12, 8);False;1;1142
;(0, 10);Idle;(12, 8);False;1;1143
;(0, 10);Idle;(12, 8);False;1;1144
;(0, 10);Idle;(12, 8);False;1;1145
;(0, 10);Idle;(12, 8);False;1;1146
;(0, 10);Idle;(12, 8);False;1;1147
;(0, 10);Idle;(12, 8);False;1;1148
;(0, 10);Idle;(12, 8);False;1;1149
;(0, 10);Idle;(12, 8);False;1;1150
;(0, 10);Idle;(12, 8);False;1;1151
MoveEast;(1, 10);Idle;(12, 8);False;1;1152
;(1, 10);Idle;(12, 8);False;1;1153
;(1, 10);Idle;(12, 8);False;1;1154
;(1, 10);Idle;(12, 8);False;1;1155
;(1, 10);Idle;(12, 8);False;1;1156
MoveEast;(2, 10);Idle;(12, 8);False;1;1157
MoveEast;(3, 10);Idle;(12, 8);False;1;1158
MoveEast;(4, 10);Idle;(12, 8);False;1;1159
MoveEast;(5, 10);Idle;(12, 8);False;1;1160
MoveEast;(6, 10);Idle;(12, 8);False;1;1161
MoveEast;(7, 10);Idle;(12, 8);False;1;1162
MoveEast;(8, 10);Idle;(12, 8);False;1;1163
MoveEast;(9, 10);Idle;(12, 8);False;1;1164
MoveEast;(10, 10);Idle;(12, 8);False;1;1165
MoveEast;(11, 10);Idle;(12, 8);False;1;1166
;(11, 10);Idle;(12, 8);False;1;1167
;(11, 10);Idle;(12, 8);False;1;1168
;(11, 10);Idle;(12, 8);False;1;1169
;(11, 10);;(12, 8);False;1;1170
MoveEast;(12, 10);MoveEast;(12, 8);False;1;1171
;(12, 10);MoveEast;(12, 8);False;1;1172
;(12, 10);MoveEast;(12, 8);False;1;1173
;(12, 10);MoveEast;(12, 8);False;1;1174
;(12, 10);MoveEast;(12, 8);False;1;1175
;(12, 10);MoveEast;(12, 8);False;1;1176
;(12, 10);MoveEast;(12, 8);False;1;1177
;(12, 10);MoveEast;(12, 8);False;1;1178
;(12, 10);MoveEast;(12, 8);False;1;1179
;(12, 10);MoveEast;(12, 8);False;1;1180
;(12, 10);MoveEast;(13, 8);False;1;1181
;(12, 10);GrabObject;(13, 8);False;1;1182
MoveWest;(11, 10);GrabObject;(13, 8);False;1;1183
;(11, 10);GrabObject;(13, 8);False;1;1184
;(11, 10);GrabObject;(13, 8);False;1;1185
;(11, 10);GrabObject;(13, 8);False;1;1186
;(11, 10);GrabObject;(13, 8);False;1;1187
;(11, 10);GrabObject;(13, 8);False;1;1188
MoveWest;(10, 10);GrabObject;(13, 8);False;1;1189
;(10, 10);GrabObject;(13, 8);False;1;1190
;(10, 10);GrabObject;(13, 8);False;1;1191
;(10, 10);GrabObject;(13, 8);False;1;1192
;(10, 10);;(13, 8);False;1;1193
;(10, 10);MoveEast;(13, 8);False;1;1194
;(10, 10);MoveEast;(13, 8);False;1;1195
;(10, 10);MoveEast;(13, 8);False;1;1196
;(10, 10);MoveEast;(13, 8);False;1;1197
;(10, 10);MoveEast;(13, 8);False;1;1198
;(10, 10);MoveEast;(13, 8);False;1;1199
;(10, 10);MoveEast;(13, 8);False;1;1200
;(10, 10);MoveEast;(13, 8);False;1;1201
;(10, 10);MoveEast;(13, 8);False;1;1202
;(10, 10);MoveEast;(13, 8);False;1;1203
;(10, 10);MoveEast;(14, 8);False;1;1204
;(10, 10);MoveNorthEast;(14, 8);False;1;1205
;(10, 10);MoveNorthEast;(14, 8);False;1;1206
;(10, 10);MoveNorthEast;(14, 8);False;1;1207
;(10, 10);MoveNorthEast;(14, 8);False;1;1208
;(10, 10);MoveNorthEast;(14, 8);False;1;1209
;(10, 10);MoveNorthEast;(14, 8);False;1;1210
;(10, 10);MoveNorthEast;(14, 8);False;1;1211
;(10, 10);MoveNorthEast;(14, 8);False;1;1212
;(10, 10);MoveNorthEast;(14, 8);False;1;1213
;(10, 10);MoveNorthEast;(14, 8);False;1;1214
;(10, 10);MoveNorthEast;(15, 7);False;1;1215
;(10, 10);MoveEast;(15, 7);False;1;1216
;(10, 10);MoveEast;(15, 7);False;1;1217
;(10, 10);MoveEast;(15, 7);False;1;1218
;(10, 10);MoveEast;(15, 7);False;1;1219
MoveWest;(9, 10);MoveEast;(15, 7);False;1;1220
;(9, 10);MoveEast;(15, 7);False;1;1221
;(9, 10);MoveEast;(15, 7);False;1;1222
;(9, 10);MoveEast;(15, 7);False;1;1223
;(9, 10);MoveEast;(15, 7);False;1;1224
;(9, 10);MoveEast;(15, 7);False;1;1225
;(9, 10);MoveEast;(16, 7);False;1;1226
;(9, 10);MoveNorthEast;(16, 7);False;1;1227
;(9, 10);MoveNorthEast;(16, 7);False;1;1228
;(9, 10);MoveNorthEast;(16, 7);False;1;1229
;(9, 10);MoveNorthEast;(16, 7);False;1;1230
;(9, 10);MoveNorthEast;(16, 7);False;1;1231
;(9, 10);MoveNorthEast;(16, 7);False;1;1232
;(9, 10);MoveNorthEast;(16, 7);False;1;1233
;(9, 10);MoveNorthEast;(16, 7);False;1;1234
;(9, 10);MoveNorthEast;(16, 7);False;1;1235
;(9, 10);MoveNorthEast;(16, 7);False;1;1236
;(9, 10);MoveNorthEast;(17, 6);False;1;1237
;(9, 10);MoveEast;(17, 6);False;1;1238
;(9, 10);MoveEast;(17, 6);False;1;1239
;(9, 10);MoveEast;(17, 6);False;1;1240
;(9, 10);MoveEast;(17, 6);False;1;1241
;(9, 10);MoveEast;(17, 6);False;1;1242
;(9, 10);MoveEast;(17, 6);False;1;1243
;(9, 10);MoveEast;(17, 6);False;1;1244
;(9, 10);MoveEast;(17, 6);False;1;1245
;(9, 10);MoveEast;(17, 6);False;1;1246
;(9, 10);MoveEast;(17, 6);False;1;1247
;(9, 10);MoveEast;(18, 6);False;1;1248
;(9, 10);DropObject;(18, 6);False;1;1249
;(9, 10);DropObject;(18, 6);False;1;1250
;(9, 10);DropObject;(18, 6);False;1;1251
;(9, 10);DropObject;(18, 6);False;1;1252
;(9, 10);DropObject;(18, 6);False;1;1253
;(9, 10);DropObject;(18, 6);False;1;1254
;(9, 10);DropObject;(18, 6);False;1;1255
;(9, 10);DropObject;(18, 6);False;1;1256
;(9, 10);DropObject;(18, 6);False;1;1257
;(9, 10);DropObject;(18, 6);False;1;1258
;(9, 10);DropObject;(18, 6);False;1;1259
;(9, 10);DropObject;(18, 6);False;1;1260
;(9, 10);DropObject;(18, 6);False;1;1261
;(9, 10);DropObject;(18, 6);False;1;1262
;(9, 10);DropObject;(18, 6);False;1;1263
;(9, 10);DropObject;(18, 6);False;1;1264
;(9, 10);DropObject;(18, 6);False;1;1265
;(9, 10);DropObject;(18, 6);False;1;1266
;(9, 10);DropObject;(18, 6);False;1;1267
;(9, 10);DropObject;(18, 6);False;1;1268
;(9, 10);DropObject;(18, 6);False;1;1269
;(9, 10);DropObject;(18, 6);False;1;1270
;(9, 10);;(18, 6);False;1;1271
;(9, 10);MoveWest;(18, 6);False;1;1272
;(9, 10);MoveWest;(18, 6);False;1;1273
;(9, 10);MoveWest;(18, 6);False;1;1274
;(9, 10);MoveWest;(18, 6);False;1;1275
;(9, 10);MoveWest;(18, 6);False;1;1276
MoveNorth;(9, 9);MoveWest;(18, 6);False;1;1277
;(9, 9);MoveWest;(18, 6);False;1;1278
;(9, 9);MoveWest;(18, 6);False;1;1279
;(9, 9);MoveWest;(18, 6);False;1;1280
;(9, 9);MoveWest;(18, 6);False;1;1281
;(9, 9);MoveWest;(17, 6);False;1;1282
;(9, 9);MoveWest;(17, 6);False;1;1283
;(9, 9);MoveWest;(17, 6);False;1;1284
;(9, 9);MoveWest;(17, 6);False;1;1285
;(9, 9);MoveWest;(17, 6);False;1;1286
;(9, 9);MoveWest;(17, 6);False;1;1287
;(9, 9);MoveWest;(17, 6);False;1;1288
;(9, 9);MoveWest;(17, 6);False;1;1289
;(9, 9);MoveWest;(17, 6);False;1;1290
;(9, 9);MoveWest;(17, 6);False;1;1291
;(9, 9);MoveWest;(17, 6);False;1;1292
;(9, 9);MoveWest;(16, 6);False;1;1293
;(9, 9);MoveWest;(16, 6);False;1;1294
;(9, 9);MoveWest;(16, 6);False;1;1295
;(9, 9);MoveWest;(16, 6);False;1;1296
;(9, 9);MoveWest;(16, 6);False;1;1297
;(9, 9);MoveWest;(16, 6);False;1;1298
;(9, 9);MoveWest;(16, 6);False;1;1299
MoveSouth;(9, 10);MoveWest;(16, 6);False;1;1300
;(9, 10);MoveWest;(16, 6);False;1;1301
;(9, 10);MoveWest;(16, 6);False;1;1302
;(9, 10);MoveWest;(16, 6);False;1;1303
;(9, 10);MoveWest;(15, 6);False;1;1304
;(9, 10);MoveSouthWest;(15, 6);False;1;1305
;(9, 10);MoveSouthWest;(15, 6);False;1;1306
;(9, 10);MoveSouthWest;(15, 6);False;1;1307
;(9, 10);MoveSouthWest;(15, 6);False;1;1308
;(9, 10);MoveSouthWest;(15, 6);False;1;1309
;(9, 10);MoveSouthWest;(15, 6);False;1;1310
;(9, 10);MoveSouthWest;(15, 6);False;1;1311
;(9, 10);MoveSouthWest;(15, 6);False;1;1312
;(9, 10);MoveSouthWest;(15, 6);False;1;1313
;(9, 10);MoveSouthWest;(15, 6);False;1;1314
;(9, 10);MoveSouthWest;(14, 7);False;1;1315
;(9, 10);MoveWest;(14, 7);False;1;1316
;(9, 10);MoveWest;(14, 7);False;1;1317
;(9, 10);MoveWest;(14, 7);False;1;1318
;(9, 10);MoveWest;(14, 7);False;1;1319
;(9, 10);MoveWest;(14, 7);False;1;1320
;(9, 10);MoveWest;(14, 7);False;1;1321
;(9, 10);MoveWest;(14, 7);False;1;1322
;(9, 10);MoveWest;(14, 7);False;1;1323
;(9, 10);MoveWest;(14, 7);False;1;1324
;(9, 10);MoveWest;(14, 7);False;1;1325
;(9, 10);MoveWest;(13, 7);False;1;1326
;(9, 10);MoveWest;(13, 7);False;1;1327
;(9, 10);MoveWest;(13, 7);False;1;1328
;(9, 10);MoveWest;(13, 7);False;1;1329
;(9, 10);MoveWest;(13, 7);False;1;1330
;(9, 10);MoveWest;(13, 7);False;1;1331
;(9, 10);MoveWest;(13, 7);False;1;1332
;(9, 10);MoveWest;(13, 7);False;1;1333
;(9, 10);MoveWest;(13, 7);False;1;1334
;(9, 10);MoveWest;(13, 7);False;1;1335
;(9, 10);MoveWest;(13, 7);False;1;1336
GrabObject;(9, 10);MoveWest;(12, 7);False;1;1337
;(9, 10);MoveSouthWest;(12, 7);False;1;1338
;(9, 10);MoveSouthWest;(12, 7);False;1;1339
;(9, 10);MoveSouthWest;(12, 7);False;1;1340
;(9, 10);MoveSouthWest;(12, 7);False;1;1341
;(9, 10);MoveSouthWest;(12, 7);False;1;1342
;(9, 10);MoveSouthWest;(12, 7);False;1;1343
;(9, 10);MoveSouthWest;(12, 7);False;1;1344
;(9, 10);MoveSouthWest;(12, 7);False;1;1345
;(9, 10);MoveSouthWest;(12, 7);False;1;1346
;(9, 10);MoveSouthWest;(12, 7);False;1;1347
MoveWest;(8, 10);MoveSouthWest;(11, 8);False;1;1348
;(8, 10);GrabLargeObject;(11, 8);False;1;1349
;(8, 10);GrabLargeObject;(11, 8);False;1;1350
;(8, 10);GrabLargeObject;(11, 8);False;1;1351
MoveWest;(7, 10);GrabLargeObject;(11, 8);False;1;1352
MoveWest;(6, 10);GrabLargeObject;(11, 8);False;1;1353
;(6, 10);GrabLargeObject;(11, 8);False;1;1354
;(6, 10);GrabLargeObject;(11, 8);False;1;1355
;(6, 10);GrabLargeObject;(11, 8);False;1;1356
;(6, 10);GrabLargeObject;(11, 8);False;1;1357
;(6, 10);GrabLargeObject;(11, 8);False;1;1358
;(6, 10);GrabLargeObject;(11, 8);False;1;1359
;(6, 10);;(11, 8);False;1;1360
;(6, 10);MoveEast;(11, 8);False;1;1361
;(6, 10);MoveEast;(11, 8);False;1;1362
;(6, 10);MoveEast;(11, 8);False;1;1363
;(6, 10);MoveEast;(11, 8);False;1;1364
;(6, 10);MoveEast;(11, 8);False;1;1365
;(6, 10);MoveEast;(11, 8);False;1;1366
;(6, 10);MoveEast;(11, 8);False;1;1367
MoveWest;(5, 10);MoveEast;(11, 8);False;1;1368
;(5, 10);MoveEast;(11, 8);False;1;1369
;(5, 10);MoveEast;(11, 8);False;1;1370
;(5, 10);MoveEast;(12, 8);False;1;1371
;(5, 10);MoveEast;(12, 8);False;1;1372
MoveWest;(4, 10);MoveEast;(12, 8);False;1;1373
;(4, 10);MoveEast;(12, 8);False;1;1374
;(4, 10);MoveEast;(12, 8);False;1;1375
MoveWest;(3, 10);MoveEast;(12, 8);False;1;1376
;(3, 10);MoveEast;(12, 8);False;1;1377
;(3, 10);MoveEast;(12, 8);False;1;1378
;(3, 10);MoveEast;(12, 8);False;1;1379
;(3, 10);MoveEast;(12, 8);False;1;1380
MoveWest;(2, 10);MoveEast;(12, 8);False;1;1381
;(2, 10);MoveEast;(13, 8);False;1;1382
;(2, 10);MoveEast;(13, 8);False;1;1383
;(2, 10);MoveEast;(13, 8);False;1;1384
;(2, 10);MoveEast;(13, 8);False;1;1385
;(2, 10);MoveEast;(13, 8);False;1;1386
;(2, 10);MoveEast;(13, 8);False;1;1387
;(2, 10);MoveEast;(13, 8);False;1;1388
;(2, 10);MoveEast;(13, 8);False;1;1389
;(2, 10);MoveEast;(13, 8);False;1;1390
;(2, 10);MoveEast;(13, 8);False;1;1391
;(2, 10);MoveEast;(13, 8);False;1;1392
;(2, 10);MoveEast;(14, 8);False;1;1393
;(2, 10);MoveNorthEast;(14, 8);False;1;1394
;(2, 10);MoveNorthEast;(14, 8);False;1;1395
GrabObject;(2, 10);MoveNorthEast;(14, 8);False;1;1396
;(2, 10);MoveNorthEast;(14, 8);False;1;1397
;(2, 10);MoveNorthEast;(14, 8);False;1;1398
;(2, 10);MoveNorthEast;(14, 8);False;1;1399
;(2, 10);MoveNorthEast;(14, 8);False;1;1400
;(2, 10);MoveNorthEast;(14, 8);False;1;1401
;(2, 10);MoveNorthEast;(14, 8);False;1;1402
;(2, 10);MoveNorthEast;(14, 8);False;1;1403
;(2, 10);MoveNorthEast;(15, 7);False;1;1404
;(2, 10);MoveEast;(15, 7);False;1;1405
;(2, 10);MoveEast;(15, 7);False;1;1406
;(2, 10);MoveEast;(15, 7);False;1;1407
DropObject;(2, 10);MoveEast;(15, 7);False;1;1408
;(2, 10);MoveEast;(15, 7);False;1;1409
;(2, 10);MoveEast;(15, 7);False;1;1410
;(2, 10);MoveEast;(15, 7);False;1;1411
;(2, 10);MoveEast;(15, 7);False;1;1412
;(2, 10);MoveEast;(15, 7);False;1;1413
;(2, 10);MoveEast;(15, 7);False;1;1414
;(2, 10);MoveEast;(16, 7);False;1;1415
;(2, 10);MoveNorthEast;(16, 7);False;1;1416
;(2, 10);MoveNorthEast;(16, 7);False;1;1417
;(2, 10);MoveNorthEast;(16, 7);False;1;1418
;(2, 10);MoveNorthEast;(16, 7);False;1;1419
;(2, 10);MoveNorthEast;(16, 7);False;1;1420
;(2, 10);MoveNorthEast;(16, 7);False;1;1421
;(2, 10);MoveNorthEast;(16, 7);False;1;1422
;(2, 10);MoveNorthEast;(16, 7);False;1;1423
;(2, 10);MoveNorthEast;(16, 7);False;1;1424
MoveEast;(3, 10);MoveNorthEast;(16, 7);False;1;1425
;(3, 10);MoveNorthEast;(17, 6);False;1;1426
;(3, 10);MoveEast;(17, 6);False;1;1427
;(3, 10);MoveEast;(17, 6);False;1;1428
;(3, 10);MoveEast;(17, 6);False;1;1429
MoveEast;(4, 10);MoveEast;(17, 6);False;1;1430
MoveEast;(5, 10);MoveEast;(17, 6);False;1;1431
MoveEast;(6, 10);MoveEast;(17, 6);False;1;1432
MoveEast;(7, 10);MoveEast;(17, 6);False;1;1433
;(7, 10);MoveEast;(17, 6);False;1;1434
;(7, 10);MoveEast;(17, 6);False;1;1435
;(7, 10);MoveEast;(17, 6);False;1;1436
;(7, 10);MoveEast;(18, 6);False;1;1437
;(7, 10);DropLargeObject;(18, 6);False;1;1438
;(7, 10);DropLargeObject;(18, 6);False;1;1439
;(7, 10);DropLargeObject;(18, 6);False;1;1440
;(7, 10);DropLargeObject;(18, 6);False;1;1441
;(7, 10);DropLargeObject;(18, 6);False;1;1442
;(7, 10);DropLargeObject;(18, 6);False;1;1443
;(7, 10);DropLargeObject;(18, 6);False;1;1444
;(7, 10);DropLargeObject;(18, 6);False;1;1445
MoveEast;(8, 10);DropLargeObject;(18, 6);False;1;1446
;(8, 10);DropLargeObject;(18, 6);False;1;1447
;(8, 10);DropLargeObject;(18, 6);False;1;1448
;(8, 10);;(18, 6);False;1;1449
;(8, 10);Idle;(18, 6);False;1;1450
;(8, 10);Idle;(18, 6);False;1;1451
;(8, 10);Idle;(18, 6);False;1;1452
;(8, 10);Idle;(18, 6);False;1;1453
;(8, 10);Idle;(18, 6);False;1;1454
;(8, 10);Idle;(18, 6);False;1;1455
MoveEast;(9, 10);Idle;(18, 6);False;1;1456
;(9, 10);Idle;(18, 6);False;1;1457
;(9, 10);Idle;(18, 6);False;1;1458
;(9, 10);Idle;(18, 6);False;1;1459
;(9, 10);Idle;(18, 6);False;1;1460
;(9, 10);Idle;(18, 6);False;1;1461
;(9, 10);Idle;(18, 6);False;1;1462
;(9, 10);Idle;(18, 6);False;1;1463
;(9, 10);Idle;(18, 6);False;1;1464
;(9, 10);Idle;(18, 6);False;1;1465
;(9, 10);Idle;(18, 6);False;1;1466
;(9, 10);Idle;(18, 6);False;1;1467
;(9, 10);Idle;(18, 6);False;1;1468
;(9, 10);Idle;(18, 6);False;1;1469
;(9, 10);Idle;(18, 6);False;1;1470
;(9, 10);Idle;(18, 6);False;1;1471
;(9, 10);Idle;(18, 6);False;1;1472
;(9, 10);Idle;(18, 6);False;1;1473
;(9, 10);Idle;(18, 6);False;1;1474
;(9, 10);Idle;(18, 6);False;1;1475
;(9, 10);Idle;(18, 6);False;1;1476
;(9, 10);Idle;(18, 6);False;1;1477
;(9, 10);Idle;(18, 6);False;1;1478
;(9, 10);Idle;(18, 6);False;1;1479
;(9, 10);Idle;(18, 6);False;1;1480
;(9, 10);Idle;(18, 6);False;1;1481
;(9, 10);Idle;(18, 6);False;1;1482
;(9, 10);Idle;(18, 6);False;1;1483
;(9, 10);Idle;(18, 6);False;1;1484
;(9, 10);Idle;(18, 6);False;1;1485
;(9, 10);Idle;(18, 6);False;1;1486
;(9, 10);Idle;(18, 6);False;1;1487
;(9, 10);Idle;(18, 6);False;1;1488
;(9, 10);Idle;(18, 6);False;1;1489
;(9, 10);Idle;(18, 6);False;1;1490
;(9, 10);Idle;(18, 6);False;1;1491
;(9, 10);Idle;(18, 6);False;1;1492
;(9, 10);Idle;(18, 6);False;1;1493
;(9, 10);Idle;(18, 6);False;1;1494
MoveSouth;(9, 11);Idle;(18, 6);False;1;1495
;(9, 11);Idle;(18, 6);False;1;1496
;(9, 11);Idle;(18, 6);False;1;1497
;(9, 11);Idle;(18, 6);False;1;1498
;(9, 11);Idle;(18, 6);False;1;1499
;(9, 11);Idle;(18, 6);False;1;1500
;(9, 11);Idle;(18, 6);False;1;1501
;(9, 11);Idle;(18, 6);False;1;1502
;(9, 11);Idle;(18, 6);False;1;1503
MoveNorth;(9, 10);Idle;(18, 6);False;1;1504
;(9, 10);;(18, 6);False;1;1505
;(9, 10);Idle;(18, 6);False;1;1506
;(9, 10);Idle;(18, 6);False;1;1507
;(9, 10);Idle;(18, 6);False;1;1508
MoveNorth;(9, 9);Idle;(18, 6);False;1;1509
;(9, 9);Idle;(18, 6);False;1;1510
;(9, 9);Idle;(18, 6);False;1;1511
;(9, 9);Idle;(18, 6);False;1;1512
;(9, 9);Idle;(18, 6);False;1;1513
;(9, 9);Idle;(18, 6);False;1;1514
;(9, 9);Idle;(18, 6);False;1;1515
;(9, 9);Idle;(18, 6);False;1;1516
;(9, 9);Idle;(18, 6);False;1;1517
;(9, 9);Idle;(18, 6);False;1;1518
MoveWest;(8, 9);Idle;(18, 6);False;1;1519
;(8, 9);Idle;(18, 6);False;1;1520
;(8, 9);Idle;(18, 6);False;1;1521
;(8, 9);Idle;(18, 6);False;1;1522
MoveWest;(7, 9);Idle;(18, 6);False;1;1523
;(7, 9);Idle;(18, 6);False;1;1524
;(7, 9);Idle;(18, 6);False;1;1525
;(7, 9);Idle;(18, 6);False;1;1526
MoveWest;(6, 9);Idle;(18, 6);False;1;1527
;(6, 9);Idle;(18, 6);False;1;1528
;(6, 9);Idle;(18, 6);False;1;1529
;(6, 9);Idle;(18, 6);False;1;1530
;(6, 9);Idle;(18, 6);False;1;1531
;(6, 9);Idle;(18, 6);False;1;1532
;(6, 9);Idle;(18, 6);False;1;1533
;(6, 9);Idle;(18, 6);False;1;1534
;(6, 9);Idle;(18, 6);False;1;1535
;(6, 9);Idle;(18, 6);False;1;1536
;(6, 9);Idle;(18, 6);False;1;1537
;(6, 9);Idle;(18, 6);False;1;1538
;(6, 9);Idle;(18, 6);False;1;1539
;(6, 9);Idle;(18, 6);False;1;1540
;(6, 9);Idle;(18, 6);False;1;1541
;(6, 9);Idle;(18, 6);False;1;1542
;(6, 9);Idle;(18, 6);False;1;1543
;(6, 9);Idle;(18, 6);False;1;1544
;(6, 9);Idle;(18, 6);False;1;1545
GrabObject;(6, 9);Idle;(18, 6);False;1;1546
;(6, 9);Idle;(18, 6);False;1;1547
;(6, 9);Idle;(18, 6);False;1;1548
;(6, 9);Idle;(18, 6);False;1;1549
;(6, 9);Idle;(18, 6);False;1;1550
;(6, 9);Idle;(18, 6);False;1;1551
;(6, 9);Idle;(18, 6);False;1;1552
;(6, 9);Idle;(18, 6);False;1;1553
;(6, 9);Idle;(18, 6);False;1;1554
;(6, 9);Idle;(18, 6);False;1;1555
MoveWest;(5, 9);Idle;(18, 6);False;1;1556
;(5, 9);Idle;(18, 6);False;1;1557
;(5, 9);Idle;(18, 6);False;1;1558
;(5, 9);Idle;(18, 6);False;1;1559
;(5, 9);Idle;(18, 6);False;1;1560
MoveWest;(4, 9);;(18, 6);False;1;1561
MoveWest;(3, 9);Idle;(18, 6);False;1;1562
MoveWest;(2, 9);Idle;(18, 6);False;1;1563
;(2, 9);Idle;(18, 6);False;1;1564
;(2, 9);Idle;(18, 6);False;1;1565
;(2, 9);Idle;(18, 6);False;1;1566
;(2, 9);Idle;(18, 6);False;1;1567
;(2, 9);Idle;(18, 6);False;1;1568
;(2, 9);Idle;(18, 6);False;1;1569
;(2, 9);Idle;(18, 6);False;1;1570
MoveWest;(1, 9);Idle;(18, 6);False;1;1571
;(1, 9);Idle;(18, 6);False;1;1572
;(1, 9);Idle;(18, 6);False;1;1573
;(1, 9);Idle;(18, 6);False;1;1574
;(1, 9);Idle;(18, 6);False;1;1575
;(1, 9);Idle;(18, 6);False;1;1576
;(1, 9);Idle;(18, 6);False;1;1577
;(1, 9);Idle;(18, 6);False;1;1578
;(1, 9);Idle;(18, 6);False;1;1579
;(1, 9);Idle;(18, 6);False;1;1580
;(1, 9);Idle;(18, 6);False;1;1581
;(1, 9);Idle;(18, 6);False;1;1582
;(1, 9);Idle;(18, 6);False;1;1583
DropObject;(1, 9);Idle;(18, 6);False;1;1584
;(1, 9);Idle;(18, 6);False;1;1585
;(1, 9);Idle;(18, 6);False;1;1586
;(1, 9);Idle;(18, 6);False;1;1587
;(1, 9);Idle;(18, 6);False;1;1588
;(1, 9);Idle;(18, 6);False;1;1589
;(1, 9);Idle;(18, 6);False;1;1590
;(1, 9);Idle;(18, 6);False;1;1591
;(1, 9);Idle;(18, 6);False;1;1592
;(1, 9);Idle;(18, 6);False;1;1593
;(1, 9);Idle;(18, 6);False;1;1594
;(1, 9);Idle;(18, 6);False;1;1595
;(1, 9);Idle;(18, 6);False;1;1596
;(1, 9);Idle;(18, 6);False;1;1597
;(1, 9);Idle;(18, 6);False;1;1598
MoveEast;(2, 9);Idle;(18, 6);False;1;1599
;(2, 9);Idle;(18, 6);False;1;1600
;(2, 9);Idle;(18, 6);False;1;1601
MoveEast;(3, 9);Idle;(18, 6);False;1;1602
;(3, 9);Idle;(18, 6);False;1;1603
;(3, 9);Idle;(18, 6);False;1;1604
;(3, 9);Idle;(18, 6);False;1;1605
;(3, 9);Idle;(18, 6);False;1;1606
;(3, 9);Idle;(18, 6);False;1;1607
;(3, 9);Idle;(18, 6);False;1;1608
;(3, 9);Idle;(18, 6);False;1;1609
MoveEast;(4, 9);Idle;(18, 6);False;1;1610
;(4, 9);Idle;(18, 6);False;1;1611
;(4, 9);Idle;(18, 6);False;1;1612
;(4, 9);Idle;(18, 6);False;1;1613
;(4, 9);Idle;(18, 6);False;1;1614
MoveEast;(5, 9);Idle;(18, 6);False;1;1615
;(5, 9);Idle;(18, 6);False;1;1616
;(5, 9);;(18, 6);False;1;1617
;(5, 9);Idle;(18, 6);False;1;1618
;(5, 9);Idle;(18, 6);False;1;1619
;(5, 9);Idle;(18, 6);False;1;1620
;(5, 9);Idle;(18, 6);False;1;1621
;(5, 9);Idle;(18, 6);False;1;1622
;(5, 9);Idle;(18, 6);False;1;1623
;(5, 9);Idle;(18, 6);False;1;1624
;(5, 9);Idle;(18, 6);False;1;1625
;(5, 9);Idle;(18, 6);False;1;1626
MoveEast;(6, 9);Idle;(18, 6);False;1;1627
;(6, 9);Idle;(18, 6);False;1;1628
;(6, 9);Idle;(18, 6);False;1;1629
;(6, 9);Idle;(18, 6);False;1;1630
;(6, 9);Idle;(18, 6);False;1;1631
;(6, 9);Idle;(18, 6);False;1;1632
;(6, 9);Idle;(18, 6);False;1;1633
;(6, 9);Idle;(18, 6);False;1;1634
;(6, 9);Idle;(18, 6);False;1;1635
;(6, 9);Idle;(18, 6);False;1;1636
;(6, 9);Idle;(18, 6);False;1;1637
;(6, 9);Idle;(18, 6);False;1;1638
MoveSouth;(6, 10);Idle;(18, 6);False;1;1639
;(6, 10);Idle;(18, 6);False;1;1640
;(6, 10);Idle;(18, 6);False;1;1641
;(6, 10);Idle;(18, 6);False;1;1642
;(6, 10);Idle;(18, 6);False;1;1643
;(6, 10);Idle;(18, 6);False;1;1644
;(6, 10);Idle;(18, 6);False;1;1645
;(6, 10);Idle;(18, 6);False;1;1646
;(6, 10);Idle;(18, 6);False;1;1647
;(6, 10);Idle;(18, 6);False;1;1648
;(6, 10);Idle;(18, 6);False;1;1649
;(6, 10);Idle;(18, 6);False;1;1650
;(6, 10);Idle;(18, 6);False;1;1651
;(6, 10);Idle;(18, 6);False;1;1652
;(6, 10);Idle;(18, 6);False;1;1653
;(6, 10);Idle;(18, 6);False;1;1654
;(6, 10);Idle;(18, 6);False;1;1655
;(6, 10);Idle;(18, 6);False;1;1656
GrabObject;(6, 10);Idle;(18, 6);False;1;1657
;(6, 10);Idle;(18, 6);False;1;1658
;(6, 10);Idle;(18, 6);False;1;1659
;(6, 10);Idle;(18, 6);False;1;1660
;(6, 10);Idle;(18, 6);False;1;1661
;(6, 10);Idle;(18, 6);False;1;1662
;(6, 10);Idle;(18, 6);False;1;1663
;(6, 10);Idle;(18, 6);False;1;1664
;(6, 10);Idle;(18, 6);False;1;1665
;(6, 10);Idle;(18, 6);False;1;1666
MoveWest;(5, 10);Idle;(18, 6);False;1;1667
;(5, 10);Idle;(18, 6);False;1;1668
;(5, 10);Idle;(18, 6);False;1;1669
;(5, 10);Idle;(18, 6);False;1;1670
;(5, 10);Idle;(18, 6);False;1;1671
MoveWest;(4, 10);Idle;(18, 6);False;1;1672
MoveWest;(3, 10);;(18, 6);False;1;1673
MoveWest;(2, 10);Idle;(18, 6);False;1;1674
;(2, 10);Idle;(18, 6);False;1;1675
;(2, 10);Idle;(18, 6);False;1;1676
;(2, 10);Idle;(18, 6);False;1;1677
;(2, 10);Idle;(18, 6);False;1;1678
;(2, 10);Idle;(18, 6);False;1;1679
MoveWest;(1, 10);Idle;(18, 6);False;1;1680
;(1, 10);Idle;(18, 6);False;1;1681
;(1, 10);Idle;(18, 6);False;1;1682
;(1, 10);Idle;(18, 6);False;1;1683
;(1, 10);Idle;(18, 6);False;1;1684
;(1, 10);Idle;(18, 6);False;1;1685
;(1, 10);Idle;(18, 6);False;1;1686
;(1, 10);Idle;(18, 6);False;1;1687
;(1, 10);Idle;(18, 6);False;1;1688
;(1, 10);Idle;(18, 6);False;1;1689
;(1, 10);Idle;(18, 6);False;1;1690
;(1, 10);Idle;(18, 6);False;1;1691
;(1, 10);Idle;(18, 6);False;1;1692
;(1, 10);Idle;(18, 6);False;1;1693
;(1, 10);Idle;(18, 6);False;1;1694
;(1, 10);Idle;(18, 6);False;1;1695
;(1, 10);Idle;(18, 6);False;1;1696
;(1, 10);Idle;(18, 6);False;1;1697
;(1, 10);Idle;(18, 6);False;1;1698
;(1, 10);Idle;(18, 6);False;1;1699
;(1, 10);Idle;(18, 6);False;1;1700
;(1, 10);Idle;(18, 6);False;1;1701
;(1, 10);Idle;(18, 6);False;1;1702
;(1, 10);Idle;(18, 6);False;1;1703
;(1, 10);Idle;(18, 6);False;1;1704
;(1, 10);Idle;(18, 6);False;1;1705
;(1, 10);Idle;(18, 6);False;1;1706
;(1, 10);Idle;(18, 6);False;1;1707
;(1, 10);Idle;(18, 6);False;1;1708
;(1, 10);Idle;(18, 6);False;1;1709
;(1, 10);Idle;(18, 6);False;1;1710
;(1, 10);Idle;(18, 6);False;1;1711
;(1, 10);Idle;(18, 6);False;1;1712
;(1, 10);Idle;(18, 6);False;1;1713
;(1, 10);Idle;(18, 6);False;1;1714
;(1, 10);Idle;(18, 6);False;1;1715
;(1, 10);Idle;(18, 6);False;1;1716
;(1, 10);Idle;(18, 6);False;1;1717
;(1, 10);Idle;(18, 6);False;1;1718
;(1, 10);Idle;(18, 6);False;1;1719
;(1, 10);Idle;(18, 6);False;1;1720
;(1, 10);Idle;(18, 6);False;1;1721
;(1, 10);Idle;(18, 6);False;1;1722
;(1, 10);Idle;(18, 6);False;1;1723
DropObject;(1, 10);Idle;(18, 6);False;1;1724
;(1, 10);Idle;(18, 6);False;1;1725
;(1, 10);Idle;(18, 6);False;1;1726
;(1, 10);Idle;(18, 6);False;1;1727
;(1, 10);Idle;(18, 6);False;1;1728
;(1, 10);;(18, 6);False;1;1729
;(1, 10);MoveWest;(18, 6);False;1;1730
;(1, 10);MoveWest;(18, 6);False;1;1731
;(1, 10);MoveWest;(18, 6);False;1;1732
;(1, 10);MoveWest;(18, 6);False;1;1733
;(1, 10);MoveWest;(18, 6);False;1;1734
;(1, 10);MoveWest;(18, 6);False;1;1735
;(1, 10);MoveWest;(18, 6);False;1;1736
;(1, 10);MoveWest;(18, 6);False;1;1737
;(1, 10);MoveWest;(18, 6);False;1;1738
;(1, 10);MoveWest;(18, 6);False;1;1739
;(1, 10);MoveWest;(17, 6);False;1;1740
MoveEast;(2, 10);MoveWest;(17, 6);False;1;1741
;(2, 10);MoveWest;(17, 6);False;1;1742
;(2, 10);MoveWest;(17, 6);False;1;1743
;(2, 10);MoveWest;(17, 6);False;1;1744
;(2, 10);MoveWest;(17, 6);False;1;1745
MoveEast;(3, 10);MoveWest;(17, 6);False;1;1746
MoveEast;(4, 10);MoveWest;(17, 6);False;1;1747
;(4, 10);MoveWest;(17, 6);False;1;1748
;(4, 10);MoveWest;(17, 6);False;1;1749
;(4, 10);MoveWest;(17, 6);False;1;1750
;(4, 10);MoveWest;(16, 6);False;1;1751
;(4, 10);MoveWest;(16, 6);False;1;1752
;(4, 10);MoveWest;(16, 6);False;1;1753
;(4, 10);MoveWest;(16, 6);False;1;1754
;(4, 10);MoveWest;(16, 6);False;1;1755
;(4, 10);MoveWest;(16, 6);False;1;1756
;(4, 10);MoveWest;(16, 6);False;1;1757
;(4, 10);MoveWest;(16, 6);False;1;1758
;(4, 10);MoveWest;(16, 6);False;1;1759
;(4, 10);MoveWest;(16, 6);False;1;1760
;(4, 10);MoveWest;(16, 6);False;1;1761
;(4, 10);MoveWest;(15, 6);False;1;1762
;(4, 10);MoveWest;(15, 6);False;1;1763
;(4, 10);MoveWest;(15, 6);False;1;1764
MoveEast;(5, 10);MoveWest;(15, 6);False;1;1765
;(5, 10);MoveWest;(15, 6);False;1;1766
;(5, 10);MoveWest;(15, 6);False;1;1767
;(5, 10);MoveWest;(15, 6);False;1;1768
;(5, 10);MoveWest;(15, 6);False;1;1769
MoveEast;(6, 10);MoveWest;(15, 6);False;1;1770
;(6, 10);MoveWest;(15, 6);False;1;1771
;(6, 10);MoveWest;(15, 6);False;1;1772
;(6, 10);MoveWest;(14, 6);False;1;1773
;(6, 10);MoveWest;(14, 6);False;1;1774
;(6, 10);MoveWest;(14, 6);False;1;1775
MoveEast;(7, 10);MoveWest;(14, 6);False;1;1776
;(7, 10);MoveWest;(14, 6);False;1;1777
;(7, 10);MoveWest;(14, 6);False;1;1778
;(7, 10);MoveWest;(14, 6);False;1;1779
;(7, 10);MoveWest;(14, 6);False;1;1780
;(7, 10);MoveWest;(14, 6);False;1;1781
;(7, 10);MoveWest;(14, 6);False;1;1782
;(7, 10);MoveWest;(14, 6);False;1;1783
;(7, 10);MoveWest;(13, 6);False;1;1784
;(7, 10);MoveWest;(13, 6);False;1;1785
;(7, 10);MoveWest;(13, 6);False;1;1786
;(7, 10);MoveWest;(13, 6);False;1;1787
MoveNorth;(7, 9);MoveWest;(13, 6);False;1;1788
;(7, 9);MoveWest;(13, 6);False;1;1789
;(7, 9);MoveWest;(13, 6);False;1;1790
;(7, 9);MoveWest;(13, 6);False;1;1791
;(7, 9);MoveWest;(13, 6);False;1;1792
;(7, 9);MoveWest;(13, 6);False;1;1793
;(7, 9);MoveWest;(13, 6);False;1;1794
;(7, 9);MoveWest;(12, 6);False;1;1795
;(7, 9);MoveWest;(12, 6);False;1;1796
;(7, 9);MoveWest;(12, 6);False;1;1797
;(7, 9);MoveWest;(12, 6);False;1;1798
;(7, 9);MoveWest;(12, 6);False;1;1799
;(7, 9);MoveWest;(12, 6);False;1;1800
;(7, 9);MoveWest;(12, 6);False;1;1801
;(7, 9);MoveWest;(12, 6);False;1;1802
;(7, 9);MoveWest;(12, 6);False;1;1803
;(7, 9);MoveWest;(12, 6);False;1;1804
;(7, 9);MoveWest;(12, 6);False;1;1805
;(7, 9);MoveWest;(11, 6);False;1;1806
;(7, 9);MoveWest;(11, 6);False;1;1807
;(7, 9);MoveWest;(11, 6);False;1;1808
;(7, 9);MoveWest;(11, 6);False;1;1809
;(7, 9);MoveWest;(11, 6);False;1;1810
;(7, 9);MoveWest;(11, 6);False;1;1811
;(7, 9);MoveWest;(11, 6);False;1;1812
;(7, 9);MoveWest;(11, 6);False;1;1813
;(7, 9);MoveWest;(11, 6);False;1;1814
;(7, 9);MoveWest;(11, 6);False;1;1815
;(7, 9);MoveWest;(11, 6);False;1;1816
;(7, 9);MoveWest;(10, 6);False;1;1817
GrabObject;(7, 9);BreakObject;(10, 6);False;1;1818
;(7, 9);BreakObject;(10, 6);False;1;1819
;(7, 9);BreakObject;(10, 6);False;1;1820
;(7, 9);BreakObject;(10, 6);False;1;1821
;(7, 9);BreakObject;(10, 6);False;1;1822
;(7, 9);BreakObject;(10, 6);False;1;1823
;(7, 9);BreakObject;(10, 6);False;1;1824
;(7, 9);BreakObject;(10, 6);False;1;1825
;(7, 9);BreakObject;(10, 6);False;1;1826
;(7, 9);BreakObject;(10, 6);False;1;1827
;(7, 9);BreakObject;(10, 6);False;1;1828
;(7, 9);;(10, 6);False;1;1829
;(7, 9);Idle;(10, 6);False;1;1830
MoveWest;(6, 9);Idle;(10, 6);False;1;1831
;(6, 9);Idle;(10, 6);False;1;1832
;(6, 9);Idle;(10, 6);False;1;1833
;(6, 9);Idle;(10, 6);False;1;1834
MoveWest;(5, 9);Idle;(10, 6);False;1;1835
MoveWest;(4, 9);Idle;(10, 6);False;1;1836
MoveWest;(3, 9);Idle;(10, 6);False;1;1837
;(3, 9);Idle;(10, 6);False;1;1838
;(3, 9);Idle;(10, 6);False;1;1839
;(3, 9);Idle;(10, 6);False;1;1840
;(3, 9);Idle;(10, 6);False;1;1841
;(3, 9);Idle;(10, 6);False;1;1842
;(3, 9);Idle;(10, 6);False;1;1843
;(3, 9);Idle;(10, 6);False;1;1844
;(3, 9);Idle;(10, 6);False;1;1845
;(3, 9);Idle;(10, 6);False;1;1846
;(3, 9);Idle;(10, 6);False;1;1847
;(3, 9);Idle;(10, 6);False;1;1848
;(3, 9);Idle;(10, 6);False;1;1849
;(3, 9);Idle;(10, 6);False;1;1850
;(3, 9);Idle;(10, 6);False;1;1851
;(3, 9);Idle;(10, 6);False;1;1852
;(3, 9);Idle;(10, 6);False;1;1853
;(3, 9);Idle;(10, 6);False;1;1854
;(3, 9);Idle;(10, 6);False;1;1855
;(3, 9);Idle;(10, 6);False;1;1856
MoveWest;(2, 9);Idle;(10, 6);False;1;1857
;(2, 9);Idle;(10, 6);False;1;1858
;(2, 9);Idle;(10, 6);False;1;1859
;(2, 9);Idle;(10, 6);False;1;1860
;(2, 9);Idle;(10, 6);False;1;1861
;(2, 9);Idle;(10, 6);False;1;1862
MoveWest;(1, 9);Idle;(10, 6);False;1;1863
;(1, 9);Idle;(10, 6);False;1;1864
;(1, 9);Idle;(10, 6);False;1;1865
;(1, 9);Idle;(10, 6);False;1;1866
;(1, 9);Idle;(10, 6);False;1;1867
;(1, 9);Idle;(10, 6);False;1;1868
;(1, 9);Idle;(10, 6);False;1;1869
;(1, 9);Idle;(10, 6);False;1;1870
;(1, 9);Idle;(10, 6);False;1;1871
;(1, 9);Idle;(10, 6);False;1;1872
;(1, 9);Idle;(10, 6);False;1;1873
;(1, 9);Idle;(10, 6);False;1;1874
;(1, 9);Idle;(10, 6);False;1;1875
;(1, 9);Idle;(10, 6);False;1;1876
;(1, 9);Idle;(10, 6);False;1;1877
;(1, 9);Idle;(10, 6);False;1;1878
;(1, 9);Idle;(10, 6);False;1;1879
;(1, 9);Idle;(10, 6);False;1;1880
;(1, 9);Idle;(10, 6);False;1;1881
;(1, 9);Idle;(10, 6);False;1;1882
DropObject;(1, 9);Idle;(10, 6);False;1;1883
;(1, 9);Idle;(10, 6);False;1;1884
;(1, 9);;(10, 6);False;1;1885
;(1, 9);Idle;(10, 6);False;1;1886
;(1, 9);Idle;(10, 6);False;1;1887
;(1, 9);Idle;(10, 6);False;1;1888
;(1, 9);Idle;(10, 6);False;1;1889
;(1, 9);Idle;(10, 6);False;1;1890
;(1, 9);Idle;(10, 6);False;1;1891
;(1, 9);Idle;(10, 6);False;1;1892
;(1, 9);Idle;(10, 6);False;1;1893
;(1, 9);Idle;(10, 6);False;1;1894
;(1, 9);Idle;(10, 6);False;1;1895
MoveEast;(2, 9);Idle;(10, 6);False;1;1896
;(2, 9);Idle;(10, 6);False;1;1897
;(2, 9);Idle;(10, 6);False;1;1898
;(2, 9);Idle;(10, 6);False;1;1899
MoveEast;(3, 9);Idle;(10, 6);False;1;1900
;(3, 9);Idle;(10, 6);False;1;1901
;(3, 9);Idle;(10, 6);False;1;1902
;(3, 9);Idle;(10, 6);False;1;1903
;(3, 9);Idle;(10, 6);False;1;1904
MoveEast;(4, 9);Idle;(10, 6);False;1;1905
;(4, 9);Idle;(10, 6);False;1;1906
;(4, 9);Idle;(10, 6);False;1;1907
;(4, 9);Idle;(10, 6);False;1;1908
;(4, 9);Idle;(10, 6);False;1;1909
;(4, 9);Idle;(10, 6);False;1;1910
;(4, 9);Idle;(10, 6);False;1;1911
MoveEast;(5, 9);Idle;(10, 6);False;1;1912
;(5, 9);Idle;(10, 6);False;1;1913
;(5, 9);Idle;(10, 6);False;1;1914
;(5, 9);Idle;(10, 6);False;1;1915
MoveEast;(6, 9);Idle;(10, 6);False;1;1916
;(6, 9);Idle;(10, 6);False;1;1917
;(6, 9);Idle;(10, 6);False;1;1918
;(6, 9);Idle;(10, 6);False;1;1919
MoveEast;(7, 9);Idle;(10, 6);False;1;1920
;(7, 9);Idle;(10, 6);False;1;1921
;(7, 9);Idle;(10, 6);False;1;1922
;(7, 9);Idle;(10, 6);False;1;1923
;(7, 9);Idle;(10, 6);False;1;1924
;(7, 9);Idle;(10, 6);False;1;1925
MoveEast;(8, 9);Idle;(10, 6);False;1;1926
;(8, 9);Idle;(10, 6);False;1;1927
;(8, 9);Idle;(10, 6);False;1;1928
;(8, 9);Idle;(10, 6);False;1;1929
;(8, 9);Idle;(10, 6);False;1;1930
;(8, 9);Idle;(10, 6);False;1;1931
;(8, 9);Idle;(10, 6);False;1;1932
;(8, 9);Idle;(10, 6);False;1;1933
;(8, 9);Idle;(10, 6);False;1;1934
;(8, 9);Idle;(10, 6);False;1;1935
;(8, 9);Idle;(10, 6);False;1;1936
;(8, 9);Idle;(10, 6);False;1;1937
;(8, 9);Idle;(10, 6);False;1;1938
MoveWest;(7, 9);Idle;(10, 6);False;1;1939
;(7, 9);Idle;(10, 6);False;1;1940
;(7, 9);;(10, 6);False;1;1941
;(7, 9);Idle;(10, 6);False;1;1942
;(7, 9);Idle;(10, 6);False;1;1943
;(7, 9);Idle;(10, 6);False;1;1944
;(7, 9);Idle;(10, 6);False;1;1945
;(7, 9);Idle;(10, 6);False;1;1946
MoveSouth;(7, 10);Idle;(10, 6);False;1;1947
;(7, 10);Idle;(10, 6);False;1;1948
;(7, 10);Idle;(10, 6);False;1;1949
;(7, 10);Idle;(10, 6);False;1;1950
;(7, 10);Idle;(10, 6);False;1;1951
;(7, 10);Idle;(10, 6);False;1;1952
;(7, 10);Idle;(10, 6);False;1;1953
;(7, 10);Idle;(10, 6);False;1;1954
;(7, 10);Idle;(10, 6);False;1;1955
;(7, 10);Idle;(10, 6);False;1;1956
;(7, 10);Idle;(10, 6);False;1;1957
;(7, 10);Idle;(10, 6);False;1;1958
;(7, 10);Idle;(10, 6);False;1;1959
;(7, 10);Idle;(10, 6);False;1;1960
;(7, 10);Idle;(10, 6);False;1;1961
;(7, 10);Idle;(10, 6);False;1;1962
;(7, 10);Idle;(10, 6);False;1;1963
GrabObject;(7, 10);Idle;(10, 6);False;1;1964
;(7, 10);Idle;(10, 6);False;1;1965
;(7, 10);Idle;(10, 6);False;1;1966
;(7, 10);Idle;(10, 6);False;1;1967
;(7, 10);Idle;(10, 6);False;1;1968
;(7, 10);Idle;(10, 6);False;1;1969
;(7, 10);Idle;(10, 6);False;1;1970
;(7, 10);Idle;(10, 6);False;1;1971
;(7, 10);Idle;(10, 6);False;1;1972
MoveWest;(6, 10);Idle;(10, 6);False;1;1973
;(6, 10);Idle;(10, 6);False;1;1974
;(6, 10);Idle;(10, 6);False;1;1975
;(6, 10);Idle;(10, 6);False;1;1976
MoveWest;(5, 10);Idle;(10, 6);False;1;1977
MoveWest;(4, 10);Idle;(10, 6);False;1;1978
MoveWest;(3, 10);Idle;(10, 6);False;1;1979
;(3, 10);Idle;(10, 6);False;1;1980
;(3, 10);Idle;(10, 6);False;1;1981
;(3, 10);Idle;(10, 6);False;1;1982
;(3, 10);Idle;(10, 6);False;1;1983
MoveWest;(2, 10);Idle;(10, 6);False;1;1984
;(2, 10);Idle;(10, 6);False;1;1985
;(2, 10);Idle;(10, 6);False;1;1986
;(2, 10);Idle;(10, 6);False;1;1987
;(2, 10);Idle;(10, 6);False;1;1988
;(2, 10);Idle;(10, 6);False;1;1989
;(2, 10);Idle;(10, 6);False;1;1990
;(2, 10);Idle;(10, 6);False;1;1991
;(2, 10);Idle;(10, 6);False;1;1992
;(2, 10);Idle;(10, 6);False;1;1993
;(2, 10);Idle;(10, 6);False;1;1994
;(2, 10);Idle;(10, 6);False;1;1995
;(2, 10);Idle;(10, 6);False;1;1996
;(2, 10);;(10, 6);False;1;1997
;(2, 10);Idle;(10, 6);False;1;1998
;(2, 10);Idle;(10, 6);False;1;1999
;(2, 10);Idle;(10, 6);False;1;2000
;(2, 10);Idle;(10, 6);False;1;2001
;(2, 10);Idle;(10, 6);False;1;2002
;(2, 10);Idle;(10, 6);False;1;2003
;(2, 10);Idle;(10, 6);False;1;2004
;(2, 10);Idle;(10, 6);False;1;2005
;(2, 10);Idle;(10, 6);False;1;2006
;(2, 10);Idle;(10, 6);False;1;2007
DropObject;(2, 10);Idle;(10, 6);False;1;2008
;(2, 10);Idle;(10, 6);False;1;2009
;(2, 10);Idle;(10, 6);False;1;2010
;(2, 10);Idle;(10, 6);False;1;2011
;(2, 10);Idle;(10, 6);False;1;2012
;(2, 10);Idle;(10, 6);False;1;2013
;(2, 10);Idle;(10, 6);False;1;2014
;(2, 10);Idle;(10, 6);False;1;2015
;(2, 10);Idle;(10, 6);False;1;2016
;(2, 10);Idle;(10, 6);False;1;2017
;(2, 10);Idle;(10, 6);False;1;2018
;(2, 10);Idle;(10, 6);False;1;2019
;(2, 10);Idle;(10, 6);False;1;2020
;(2, 10);Idle;(10, 6);False;1;2021
;(2, 10);Idle;(10, 6);False;1;2022
;(2, 10);Idle;(10, 6);False;1;2023
;(2, 10);Idle;(10, 6);False;1;2024
;(2, 10);Idle;(10, 6);False;1;2025
;(2, 10);Idle;(10, 6);False;1;2026
;(2, 10);Idle;(10, 6);False;1;2027
;(2, 10);Idle;(10, 6);False;1;2028
;(2, 10);Idle;(10, 6);False;1;2029
;(2, 10);Idle;(10, 6);False;1;2030
;(2, 10);Idle;(10, 6);False;1;2031
;(2, 10);Idle;(10, 6);False;1;2032
;(2, 10);Idle;(10, 6);False;1;2033
;(2, 10);Idle;(10, 6);False;1;2034
;(2, 10);Idle;(10, 6);False;1;2035
;(2, 10);Idle;(10, 6);False;1;2036
;(2, 10);Idle;(10, 6);False;1;2037
;(2, 10);Idle;(10, 6);False;1;2038
;(2, 10);Idle;(10, 6);False;1;2039
;(2, 10);Idle;(10, 6);False;1;2040
;(2, 10);Idle;(10, 6);False;1;2041
;(2, 10);Idle;(10, 6);False;1;2042
MoveEast;(3, 10);Idle;(10, 6);False;1;2043
;(3, 10);Idle;(10, 6);False;1;2044
;(3, 10);Idle;(10, 6);False;1;2045
;(3, 10);Idle;(10, 6);False;1;2046
;(3, 10);Idle;(10, 6);False;1;2047
MoveEast;(4, 10);Idle;(10, 6);False;1;2048
MoveEast;(5, 10);Idle;(10, 6);False;1;2049
MoveEast;(6, 10);Idle;(10, 6);False;1;2050
MoveEast;(7, 10);Idle;(10, 6);False;1;2051
MoveEast;(8, 10);Idle;(10, 6);False;1;2052
MoveEast;(9, 10);;(10, 6);False;1;2053
;(9, 10);Idle;(10, 6);False;1;2054
;(9, 10);Idle;(10, 6);False;1;2055
;(9, 10);Idle;(10, 6);False;1;2056
;(9, 10);Idle;(10, 6);False;1;2057
;(9, 10);Idle;(10, 6);False;1;2058
;(9, 10);Idle;(10, 6);False;1;2059
;(9, 10);Idle;(10, 6);False;1;2060
;(9, 10);Idle;(10, 6);False;1;2061
;(9, 10);Idle;(10, 6);False;1;2062
;(9, 10);Idle;(10, 6);False;1;2063
;(9, 10);Idle;(10, 6);False;1;2064
;(9, 10);Idle;(10, 6);False;1;2065
;(9, 10);Idle;(10, 6);False;1;2066
;(9, 10);Idle;(10, 6);False;1;2067
;(9, 10);Idle;(10, 6);False;1;2068
;(9, 10);Idle;(10, 6);False;1;2069
;(9, 10);Idle;(10, 6);False;1;2070
;(9, 10);Idle;(10, 6);False;1;2071
;(9, 10);Idle;(10, 6);False;1;2072
;(9, 10);Idle;(10, 6);False;1;2073
;(9, 10);Idle;(10, 6);False;1;2074
;(9, 10);Idle;(10, 6);False;1;2075
;(9, 10);Idle;(10, 6);False;1;2076
;(9, 10);Idle;(10, 6);False;1;2077
;(9, 10);Idle;(10, 6);False;1;2078
;(9, 10);Idle;(10, 6);False;1;2079
;(9, 10);Idle;(10, 6);False;1;2080
;(9, 10);Idle;(10, 6);False;1;2081
;(9, 10);Idle;(10, 6);False;1;2082
;(9, 10);Idle;(10, 6);False;1;2083
;(9, 10);Idle;(10, 6);False;1;2084
;(9, 10);Idle;(10, 6);False;1;2085
;(9, 10);Idle;(10, 6);False;1;2086
;(9, 10);Idle;(10, 6);False;1;2087
;(9, 10);Idle;(10, 6);False;1;2088
;(9, 10);Idle;(10, 6);False;1;2089
;(9, 10);Idle;(10, 6);False;1;2090
;(9, 10);Idle;(10, 6);False;1;2091
;(9, 10);Idle;(10, 6);False;1;2092
;(9, 10);Idle;(10, 6);False;1;2093
;(9, 10);Idle;(10, 6);False;1;2094
;(9, 10);Idle;(10, 6);False;1;2095
;(9, 10);Idle;(10, 6);False;1;2096
;(9, 10);Idle;(10, 6);False;1;2097
MoveEast;(10, 10);Idle;(10, 6);False;1;2098
;(10, 10);Idle;(10, 6);False;1;2099
;(10, 10);Idle;(10, 6);False;1;2100
;(10, 10);Idle;(10, 6);False;1;2101
;(10, 10);Idle;(10, 6);False;1;2102
;(10, 10);Idle;(10, 6);False;1;2103
;(10, 10);Idle;(10, 6);False;1;2104
;(10, 10);Idle;(10, 6);False;1;2105
;(10, 10);Idle;(10, 6);False;1;2106
;(10, 10);Idle;(10, 6);False;1;2107
;(10, 10);Idle;(10, 6);False;1;2108
;(10, 10);;(10, 6);False;1;2109
;(10, 10);MoveEast;(10, 6);False;1;2110
;(10, 10);MoveEast;(10, 6);False;1;2111
;(10, 10);MoveEast;(10, 6);False;1;2112
;(10, 10);MoveEast;(10, 6);False;1;2113
;(10, 10);MoveEast;(10, 6);False;1;2114
;(10, 10);MoveEast;(10, 6);False;1;2115
;(10, 10);MoveEast;(10, 6);False;1;2116
;(10, 10);MoveEast;(10, 6);False;1;2117
;(10, 10);MoveEast;(10, 6);False;1;2118
;(10, 10);MoveEast;(10, 6);False;1;2119
;(10, 10);MoveEast;(11, 6);False;1;2120
;(10, 10);MoveEast;(11, 6);False;1;2121
;(10, 10);MoveEast;(11, 6);False;1;2122
;(10, 10);MoveEast;(11, 6);False;1;2123
;(10, 10);MoveEast;(11, 6);False;1;2124
;(10, 10);MoveEast;(11, 6);False;1;2125
;(10, 10);MoveEast;(11, 6);False;1;2126
;(10, 10);MoveEast;(11, 6);False;1;2127
;(10, 10);MoveEast;(11, 6);False;1;2128
;(10, 10);MoveEast;(11, 6);False;1;2129
;(10, 10);MoveEast;(11, 6);False;1;2130
;(10, 10);MoveEast;(12, 6);False;1;2131
;(10, 10);MoveWest;(12, 6);False;1;2132
;(10, 10);MoveWest;(12, 6);False;1;2133
;(10, 10);MoveWest;(12, 6);False;1;2134
;(10, 10);MoveWest;(12, 6);False;1;2135
;(10, 10);MoveWest;(12, 6);False;1;2136
;(10, 10);MoveWest;(12, 6);False;1;2137
;(10, 10);MoveWest;(12, 6);False;1;2138
;(10, 10);MoveWest;(12, 6);False;1;2139
;(10, 10);MoveWest;(12, 6);False;1;2140
;(10, 10);MoveWest;(12, 6);False;1;2141
;(10, 10);MoveWest;(11, 6);False;1;2142
;(10, 10);MoveWest;(11, 6);False;1;2143
;(10, 10);MoveWest;(11, 6);False;1;2144
;(10, 10);MoveWest;(11, 6);False;1;2145
;(10, 10);MoveWest;(11, 6);False;1;2146
;(10, 10);MoveWest;(11, 6);False;1;2147
;(10, 10);MoveWest;(11, 6);False;1;2148
;(10, 10);MoveWest;(11, 6);False;1;2149
;(10, 10);MoveWest;(11, 6);False;1;2150
;(10, 10);MoveWest;(11, 6);False;1;2151
;(10, 10);MoveWest;(11, 6);False;1;2152
;(10, 10);MoveWest;(10, 6);False;1;2153
;(10, 10);MoveEast;(10, 6);False;1;2154
;(10, 10);MoveEast;(10, 6);False;1;2155
;(10, 10);MoveEast;(10, 6);False;1;2156
;(10, 10);MoveEast;(10, 6);False;1;2157
;(10, 10);MoveEast;(10, 6);False;1;2158
;(10, 10);MoveEast;(10, 6);False;1;2159
;(10, 10);MoveEast;(10, 6);False;1;2160
;(10, 10);MoveEast;(10, 6);False;1;2161
;(10, 10);MoveEast;(10, 6);False;1;2162
;(10, 10);MoveEast;(10, 6);False;1;2163
;(10, 10);MoveEast;(11, 6);False;1;2164
;(10, 10);MoveEast;(11, 6);False;1;2165
;(10, 10);MoveEast;(11, 6);False;1;2166
;(10, 10);MoveEast;(11, 6);False;1;2167
;(10, 10);MoveEast;(11, 6);False;1;2168
;(10, 10);MoveEast;(11, 6);False;1;2169
;(10, 10);MoveEast;(11, 6);False;1;2170
;(10, 10);MoveEast;(11, 6);False;1;2171
;(10, 10);MoveEast;(11, 6);False;1;2172
;(10, 10);MoveEast;(11, 6);False;1;2173
;(10, 10);MoveEast;(11, 6);False;1;2174
;(10, 10);MoveEast;(12, 6);False;1;2175
;(10, 10);MoveWest;(12, 6);False;1;2176
;(10, 10);MoveWest;(12, 6);False;1;2177
;(10, 10);MoveWest;(12, 6);False;1;2178
;(10, 10);MoveWest;(12, 6);False;1;2179
;(10, 10);MoveWest;(12, 6);False;1;2180
;(10, 10);MoveWest;(12, 6);False;1;2181
;(10, 10);MoveWest;(12, 6);False;1;2182
;(10, 10);MoveWest;(12, 6);False;1;2183
;(10, 10);MoveWest;(12, 6);False;1;2184
;(10, 10);MoveWest;(12, 6);False;1;2185
;(10, 10);MoveWest;(11, 6);False;1;2186
;(10, 10);MoveWest;(11, 6);False;1;2187
;(10, 10);MoveWest;(11, 6);False;1;2188
;(10, 10);MoveWest;(11, 6);False;1;2189
;(10, 10);MoveWest;(11, 6);False;1;2190
;(10, 10);MoveWest;(11, 6);False;1;2191
;(10, 10);MoveWest;(11, 6);False;1;2192
;(10, 10);MoveWest;(11, 6);False;1;2193
;(10, 10);MoveWest;(11, 6);False;1;2194
;(10, 10);MoveWest;(11, 6);False;1;2195
;(10, 10);MoveWest;(11, 6);False;1;2196
;(10, 10);MoveWest;(10, 6);False;1;2197
;(10, 10);MoveEast;(10, 6);False;1;2198
;(10, 10);MoveEast;(10, 6);False;1;2199
;(10, 10);MoveEast;(10, 6);False;1;2200
;(10, 10);MoveEast;(10, 6);False;1;2201
;(10, 10);MoveEast;(10, 6);False;1;2202
;(10, 10);MoveEast;(10, 6);False;1;2203
;(10, 10);MoveEast;(10, 6);False;1;2204
;(10, 10);MoveEast;(10, 6);False;1;2205
;(10, 10);MoveEast;(10, 6);False;1;2206
;(10, 10);MoveEast;(10, 6);False;1;2207
;(10, 10);MoveEast;(11, 6);False;1;2208
;(10, 10);MoveEast;(11, 6);False;1;2209
;(10, 10);MoveEast;(11, 6);False;1;2210
;(10, 10);MoveEast;(11, 6);False;1;2211
;(10, 10);MoveEast;(11, 6);False;1;2212
;(10, 10);MoveEast;(11, 6);False;1;2213
;(10, 10);MoveEast;(11, 6);False;1;2214
;(10, 10);MoveEast;(11, 6);False;1;2215
;(10, 10);MoveEast;(11, 6);False;1;2216
;(10, 10);MoveEast;(11, 6);False;1;2217
;(10, 10);MoveEast;(11, 6);False;1;2218
;(10, 10);MoveEast;(12, 6);False;1;2219
;(10, 10);MoveWest;(12, 6);False;1;2220
;(10, 10);MoveWest;(12, 6);False;1;2221
;(10, 10);MoveWest;(12, 6);False;1;2222
;(10, 10);MoveWest;(12, 6);False;1;2223
;(10, 10);MoveWest;(12, 6);False;1;2224
;(10, 10);MoveWest;(12, 6);False;1;2225
;(10, 10);MoveWest;(12, 6);False;1;2226
;(10, 10);MoveWest;(12, 6);False;1;2227
;(10, 10);MoveWest;(12, 6);False;1;2228
;(10, 10);MoveWest;(12, 6);False;1;2229
;(10, 10);MoveWest;(11, 6);False;1;2230
;(10, 10);MoveWest;(11, 6);False;1;2231
;(10, 10);MoveWest;(11, 6);False;1;2232
;(10, 10);MoveWest;(11, 6);False;1;2233
;(10, 10);MoveWest;(11, 6);False;1;2234
;(10, 10);MoveWest;(11, 6);False;1;2235
;(10, 10);MoveWest;(11, 6);False;1;2236
;(10, 10);MoveWest;(11, 6);False;1;2237
;(10, 10);MoveWest;(11, 6);False;1;2238
;(10, 10);MoveWest;(11, 6);False;1;2239
;(10, 10);MoveWest;(11, 6);False;1;2240
;(10, 10);MoveWest;(10, 6);False;1;2241
;(10, 10);;(10, 6);False;1;2242
;(10, 10);MoveSouthWest;(10, 6);False;1;2243
;(10, 10);MoveSouthWest;(10, 6);False;1;2244
;(10, 10);MoveSouthWest;(10, 6);False;1;2245
;(10, 10);MoveSouthWest;(10, 6);False;1;2246
;(10, 10);MoveSouthWest;(10, 6);False;1;2247
;(10, 10);MoveSouthWest;(10, 6);False;1;2248
;(10, 10);MoveSouthWest;(10, 6);False;1;2249
;(10, 10);MoveSouthWest;(10, 6);False;1;2250
;(10, 10);MoveSouthWest;(10, 6);False;1;2251
;(10, 10);MoveSouthWest;(10, 6);False;1;2252
;(10, 10);MoveSouthWest;(9, 7);False;1;2253
;(10, 10);MoveSouthWest;(9, 7);False;1;2254
;(10, 10);MoveSouthWest;(9, 7);False;1;2255
;(10, 10);MoveSouthWest;(9, 7);False;1;2256
;(10, 10);MoveSouthWest;(9, 7);False;1;2257
;(10, 10);MoveSouthWest;(9, 7);False;1;2258
;(10, 10);MoveSouthWest;(9, 7);False;1;2259
;(10, 10);MoveSouthWest;(9, 7);False;1;2260
;(10, 10);MoveSouthWest;(9, 7);False;1;2261
;(10, 10);MoveSouthWest;(9, 7);False;1;2262
;(10, 10);MoveSouthWest;(9, 7);False;1;2263
;(10, 10);MoveSouthWest;(8, 8);False;1;2264
;(10, 10);GrabLargeObject;(8, 8);False;1;2265
;(10, 10);GrabLargeObject;(8, 8);False;1;2266
;(10, 10);GrabLargeObject;(8, 8);False;1;2267
;(10, 10);GrabLargeObject;(8, 8);False;1;2268
;(10, 10);GrabLargeObject;(8, 8);False;1;2269
;(10, 10);GrabLargeObject;(8, 8);False;1;2270
;(10, 10);GrabLargeObject;(8, 8);False;1;2271
;(10, 10);GrabLargeObject;(8, 8);False;1;2272
;(10, 10);GrabLargeObject;(8, 8);False;1;2273
;(10, 10);GrabLargeObject;(8, 8);False;1;2274
;(10, 10);GrabLargeObject;(8, 8);False;1;2275
;(10, 10);;(8, 8);False;1;2276
;(10, 10);MoveEast;(8, 8);False;1;2277
;(10, 10);MoveEast;(8, 8);False;1;2278
;(10, 10);MoveEast;(8, 8);False;1;2279
;(10, 10);MoveEast;(8, 8);False;1;2280
;(10, 10);MoveEast;(8, 8);False;1;2281
;(10, 10);MoveEast;(8, 8);False;1;2282
;(10, 10);MoveEast;(8, 8);False;1;2283
;(10, 10);MoveEast;(8, 8);False;1;2284
;(10, 10);MoveEast;(8, 8);False;1;2285
;(10, 10);MoveEast;(8, 8);False;1;2286
;(10, 10);MoveEast;(9, 8);False;1;2287
;(10, 10);MoveEast;(9, 8);False;1;2288
;(10, 10);MoveEast;(9, 8);False;1;2289
;(10, 10);MoveEast;(9, 8);False;1;2290
;(10, 10);MoveEast;(9, 8);False;1;2291
;(10, 10);MoveEast;(9, 8);False;1;2292
;(10, 10);MoveEast;(9, 8);False;1;2293
;(10, 10);MoveEast;(9, 8);False;1;2294
;(10, 10);MoveEast;(9, 8);False;1;2295
MoveNorth;(10, 9);MoveEast;(9, 8);False;1;2296
;(10, 9);MoveEast;(9, 8);False;1;2297
;(10, 9);MoveEast;(10, 8);False;1;2298
;(10, 9);MoveWest;(10, 8);False;1;2299
;(10, 9);MoveWest;(10, 8);False;1;2300
;(10, 9);MoveWest;(10, 8);False;1;2301
;(10, 9);MoveWest;(10, 8);False;1;2302
;(10, 9);MoveWest;(10, 8);False;1;2303
;(10, 9);MoveWest;(10, 8);False;1;2304
MoveNorth;(10, 8);MoveWest;(10, 8);False;1;2305
;(10, 8);MoveWest;(10, 8);False;1;2306
;(10, 8);MoveWest;(10, 8);False;1;2307
;(10, 8);MoveWest;(10, 8);False;1;2308
;(10, 8);MoveWest;(9, 8);False;1;2309
MoveNorth;(10, 7);MoveWest;(9, 8);False;1;2310
;(10, 7);MoveWest;(9, 8);False;1;2311
;(10, 7);MoveWest;(9, 8);False;1;2312
;(10, 7);MoveWest;(9, 8);False;1;2313
;(10, 7);MoveWest;(9, 8);False;1;2314
;(10, 7);MoveWest;(9, 8);False;1;2315
;(10, 7);MoveWest;(9, 8);False;1;2316
;(10, 7);MoveWest;(9, 8);False;1;2317
;(10, 7);MoveWest;(9, 8);False;1;2318
;(10, 7);MoveWest;(9, 8);False;1;2319
;(10, 7);MoveWest;(8, 8);False;1;2320
;(10, 7);MoveEast;(8, 8);False;1;2321
;(10, 7);MoveEast;(8, 8);False;1;2322
;(10, 7);MoveEast;(8, 8);False;1;2323
;(10, 7);MoveEast;(8, 8);False;1;2324
;(10, 7);MoveEast;(8, 8);False;1;2325
;(10, 7);MoveEast;(8, 8);False;1;2326
;(10, 7);MoveEast;(8, 8);False;1;2327
;(10, 7);MoveEast;(8, 8);False;1;2328
;(10, 7);MoveEast;(8, 8);False;1;2329
;(10, 7);MoveEast;(8, 8);False;1;2330
;(10, 7);MoveEast;(9, 8);False;1;2331
;(10, 7);MoveEast;(9, 8);False;1;2332
;(10, 7);MoveEast;(9, 8);False;1;2333
;(10, 7);MoveEast;(9, 8);False;1;2334
;(10, 7);MoveEast;(9, 8);False;1;2335
;(10, 7);MoveEast;(9, 8);False;1;2336
MoveNorth;(10, 6);MoveEast;(9, 8);False;1;2337
;(10, 6);MoveEast;(9, 8);False;1;2338
;(10, 6);MoveEast;(9, 8);False;1;2339
;(10, 6);MoveEast;(9, 8);False;1;2340
;(10, 6);MoveEast;(9, 8);False;1;2341
;(10, 6);MoveEast;(10, 8);False;1;2342
;(10, 6);MoveWest;(10, 8);False;1;2343
;(10, 6);MoveWest;(10, 8);False;1;2344
;(10, 6);MoveWest;(10, 8);False;1;2345
;(10, 6);MoveWest;(10, 8);False;1;2346
;(10, 6);MoveWest;(10, 8);False;1;2347
;(10, 6);MoveWest;(10, 8);False;1;2348
;(10, 6);MoveWest;(10, 8);False;1;2349
;(10, 6);MoveWest;(10, 8);False;1;2350
;(10, 6);MoveWest;(10, 8);False;1;2351
;(10, 6);MoveWest;(10, 8);False;1;2352
;(10, 6);MoveWest;(9, 8);False;1;2353
;(10, 6);MoveWest;(9, 8);False;1;2354
;(10, 6);MoveWest;(9, 8);False;1;2355
;(10, 6);MoveWest;(9, 8);False;1;2356
;(10, 6);MoveWest;(9, 8);False;1;2357
;(10, 6);MoveWest;(9, 8);False;1;2358
;(10, 6);MoveWest;(9, 8);False;1;2359
;(10, 6);MoveWest;(9, 8);False;1;2360
;(10, 6);MoveWest;(9, 8);False;1;2361
;(10, 6);MoveWest;(9, 8);False;1;2362
;(10, 6);MoveWest;(9, 8);False;1;2363
;(10, 6);MoveWest;(8, 8);False;1;2364
;(10, 6);MoveEast;(8, 8);False;1;2365
;(10, 6);MoveEast;(8, 8);False;1;2366
;(10, 6);MoveEast;(8, 8);False;1;2367
;(10, 6);MoveEast;(8, 8);False;1;2368
;(10, 6);MoveEast;(8, 8);False;1;2369
;(10, 6);MoveEast;(8, 8);False;1;2370
;(10, 6);MoveEast;(8, 8);False;1;2371
;(10, 6);MoveEast;(8, 8);False;1;2372
;(10, 6);MoveEast;(8, 8);False;1;2373
;(10, 6);MoveEast;(8, 8);False;1;2374
;(10, 6);MoveEast;(9, 8);False;1;2375
;(10, 6);MoveEast;(9, 8);False;1;2376
;(10, 6);MoveEast;(9, 8);False;1;2377
;(10, 6);MoveEast;(9, 8);False;1;2378
;(10, 6);MoveEast;(9, 8);False;1;2379
;(10, 6);MoveEast;(9, 8);False;1;2380
;(10, 6);MoveEast;(9, 8);False;1;2381
;(10, 6);MoveEast;(9, 8);False;1;2382
;(10, 6);MoveEast;(9, 8);False;1;2383
;(10, 6);MoveEast;(9, 8);False;1;2384
;(10, 6);MoveEast;(9, 8);False;1;2385
;(10, 6);MoveEast;(10, 8);False;1;2386
;(10, 6);MoveWest;(10, 8);False;1;2387
GrabObject;(10, 6);MoveWest;(10, 8);False;1;2388
;(10, 6);MoveWest;(10, 8);False;1;2389
;(10, 6);MoveWest;(10, 8);False;1;2390
;(10, 6);MoveWest;(10, 8);False;1;2391
;(10, 6);MoveWest;(10, 8);False;1;2392
;(10, 6);MoveWest;(10, 8);False;1;2393
;(10, 6);MoveWest;(10, 8);False;1;2394
;(10, 6);MoveWest;(10, 8);False;1;2395
;(10, 6);MoveWest;(10, 8);False;1;2396
;(10, 6);MoveWest;(9, 8);False;1;2397
;(10, 6);MoveWest;(9, 8);False;1;2398
;(10, 6);MoveWest;(9, 8);False;1;2399
;(10, 6);MoveWest;(9, 8);False;1;2400
;(10, 6);MoveWest;(9, 8);False;1;2401
;(10, 6);MoveWest;(9, 8);False;1;2402
;(10, 6);MoveWest;(9, 8);False;1;2403
;(10, 6);MoveWest;(9, 8);False;1;2404
;(10, 6);MoveWest;(9, 8);False;1;2405
;(10, 6);MoveWest;(9, 8);False;1;2406
;(10, 6);MoveWest;(9, 8);False;1;2407
;(10, 6);MoveWest;(8, 8);False;1;2408
;(10, 6);;(8, 8);False;1;2409
MoveWest;(9, 6);Idle;(8, 8);False;1;2410
;(9, 6);Idle;(8, 8);False;1;2411
;(9, 6);Idle;(8, 8);False;1;2412
;(9, 6);Idle;(8, 8);False;1;2413
;(9, 6);Idle;(8, 8);False;1;2414
;(9, 6);Idle;(8, 8);False;1;2415
MoveWest;(8, 6);Idle;(8, 8);False;1;2416
;(8, 6);Idle;(8, 8);False;1;2417
;(8, 6);Idle;(8, 8);False;1;2418
;(8, 6);Idle;(8, 8);False;1;2419
MoveWest;(7, 6);Idle;(8, 8);False;1;2420
;(7, 6);Idle;(8, 8);False;1;2421
;(7, 6);Idle;(8, 8);False;1;2422
MoveWest;(6, 6);Idle;(8, 8);False;1;2423
;(6, 6);Idle;(8, 8);False;1;2424
;(6, 6);Idle;(8, 8);False;1;2425
;(6, 6);Idle;(8, 8);False;1;2426
;(6, 6);Idle;(8, 8);False;1;2427
;(6, 6);Idle;(8, 8);False;1;2428
MoveWest;(5, 6);Idle;(8, 8);False;1;2429
;(5, 6);Idle;(8, 8);False;1;2430
;(5, 6);Idle;(8, 8);False;1;2431
;(5, 6);Idle;(8, 8);False;1;2432
;(5, 6);Idle;(8, 8);False;1;2433
;(5, 6);Idle;(8, 8);False;1;2434
MoveWest;(4, 6);Idle;(8, 8);False;1;2435
;(4, 6);Idle;(8, 8);False;1;2436
;(4, 6);Idle;(8, 8);False;1;2437
;(4, 6);Idle;(8, 8);False;1;2438
;(4, 6);Idle;(8, 8);False;1;2439
MoveWest;(3, 6);Idle;(8, 8);False;1;2440
;(3, 6);Idle;(8, 8);False;1;2441
;(3, 6);Idle;(8, 8);False;1;2442
;(3, 6);Idle;(8, 8);False;1;2443
;(3, 6);Idle;(8, 8);False;1;2444
;(3, 6);Idle;(8, 8);False;1;2445
;(3, 6);Idle;(8, 8);False;1;2446
;(3, 6);Idle;(8, 8);False;1;2447
;(3, 6);Idle;(8, 8);False;1;2448
MoveWest;(2, 6);Idle;(8, 8);False;1;2449
;(2, 6);Idle;(8, 8);False;1;2450
;(2, 6);Idle;(8, 8);False;1;2451
;(2, 6);Idle;(8, 8);False;1;2452
;(2, 6);Idle;(8, 8);False;1;2453
;(2, 6);Idle;(8, 8);False;1;2454
;(2, 6);Idle;(8, 8);False;1;2455
;(2, 6);Idle;(8, 8);False;1;2456
;(2, 6);Idle;(8, 8);False;1;2457
;(2, 6);Idle;(8, 8);False;1;2458
;(2, 6);Idle;(8, 8);False;1;2459
;(2, 6);Idle;(8, 8);False;1;2460
;(2, 6);Idle;(8, 8);False;1;2461
;(2, 6);Idle;(8, 8);False;1;2462
;(2, 6);Idle;(8, 8);False;1;2463
;(2, 6);Idle;(8, 8);False;1;2464
;(2, 6);;(8, 8);False;1;2465
;(2, 6);Idle;(8, 8);False;1;2466
;(2, 6);Idle;(8, 8);False;1;2467
DropObject;(2, 6);Idle;(8, 8);False;1;2468
;(2, 6);Idle;(8, 8);False;1;2469
;(2, 6);Idle;(8, 8);False;1;2470
;(2, 6);Idle;(8, 8);False;1;2471
;(2, 6);Idle;(8, 8);False;1;2472
;(2, 6);Idle;(8, 8);False;1;2473
;(2, 6);Idle;(8, 8);False;1;2474
;(2, 6);Idle;(8, 8);False;1;2475
;(2, 6);Idle;(8, 8);False;1;2476
;(2, 6);Idle;(8, 8);False;1;2477
;(2, 6);Idle;(8, 8);False;1;2478
;(2, 6);Idle;(8, 8);False;1;2479
;(2, 6);Idle;(8, 8);False;1;2480
;(2, 6);Idle;(8, 8);False;1;2481
;(2, 6);Idle;(8, 8);False;1;2482
;(2, 6);Idle;(8, 8);False;1;2483
;(2, 6);Idle;(8, 8);False;1;2484
;(2, 6);Idle;(8, 8);False;1;2485
;(2, 6);Idle;(8, 8);False;1;2486
;(2, 6);Idle;(8, 8);False;1;2487
;(2, 6);Idle;(8, 8);False;1;2488
;(2, 6);Idle;(8, 8);False;1;2489
;(2, 6);Idle;(8, 8);False;1;2490
;(2, 6);Idle;(8, 8);False;1;2491
;(2, 6);Idle;(8, 8);False;1;2492
;(2, 6);Idle;(8, 8);False;1;2493
MoveEast;(3, 6);Idle;(8, 8);False;1;2494
;(3, 6);Idle;(8, 8);False;1;2495
;(3, 6);Idle;(8, 8);False;1;2496
;(3, 6);Idle;(8, 8);False;1;2497
MoveEast;(4, 6);Idle;(8, 8);False;1;2498
;(4, 6);Idle;(8, 8);False;1;2499
;(4, 6);Idle;(8, 8);False;1;2500
;(4, 6);Idle;(8, 8);False;1;2501
;(4, 6);Idle;(8, 8);False;1;2502
MoveEast;(5, 6);Idle;(8, 8);False;1;2503
MoveEast;(6, 6);Idle;(8, 8);False;1;2504
MoveEast;(7, 6);Idle;(8, 8);False;1;2505
MoveEast;(8, 6);Idle;(8, 8);False;1;2506
MoveEast;(9, 6);Idle;(8, 8);False;1;2507
;(9, 6);Idle;(8, 8);False;1;2508
;(9, 6);Idle;(8, 8);False;1;2509
;(9, 6);Idle;(8, 8);False;1;2510
;(9, 6);Idle;(8, 8);False;1;2511
;(9, 6);Idle;(8, 8);False;1;2512
;(9, 6);Idle;(8, 8);False;1;2513
;(9, 6);Idle;(8, 8);False;1;2514
;(9, 6);Idle;(8, 8);False;1;2515
;(9, 6);Idle;(8, 8);False;1;2516
;(9, 6);Idle;(8, 8);False;1;2517
;(9, 6);Idle;(8, 8);False;1;2518
MoveEast;(10, 6);Idle;(8, 8);False;1;2519
;(10, 6);Idle;(8, 8);False;1;2520
;(10, 6);;(8, 8);False;1;2521
;(10, 6);MoveNorthEast;(8, 8);False;1;2522
;(10, 6);MoveNorthEast;(8, 8);False;1;2523
;(10, 6);MoveNorthEast;(8, 8);False;1;2524
;(10, 6);MoveNorthEast;(8, 8);False;1;2525
;(10, 6);MoveNorthEast;(8, 8);False;1;2526
;(10, 6);MoveNorthEast;(8, 8);False;1;2527
;(10, 6);MoveNorthEast;(8, 8);False;1;2528
MoveSouth;(10, 7);MoveNorthEast;(8, 8);False;1;2529
;(10, 7);MoveNorthEast;(8, 8);False;1;2530
;(10, 7);MoveNorthEast;(8, 8);False;1;2531
;(10, 7);MoveNorthEast;(9, 7);False;1;2532
;(10, 7);MoveNorthEast;(9, 7);False;1;2533
;(10, 7);MoveNorthEast;(9, 7);False;1;2534
;(10, 7);MoveNorthEast;(9, 7);False;1;2535
;(10, 7);MoveNorthEast;(9, 7);False;1;2536
;(10, 7);MoveNorthEast;(9, 7);False;1;2537
;(10, 7);MoveNorthEast;(9, 7);False;1;2538
;(10, 7);MoveNorthEast;(9, 7);False;1;2539
;(10, 7);MoveNorthEast;(9, 7);False;1;2540
;(10, 7);MoveNorthEast;(9, 7);False;1;2541
;(10, 7);MoveNorthEast;(9, 7);False;1;2542
;(10, 7);MoveNorthEast;(10, 6);False;1;2543
;(10, 7);Idle;(10, 6);False;1;2544
;(10, 7);Idle;(10, 6);False;1;2545
;(10, 7);Idle;(10, 6);False;1;2546
;(10, 7);Idle;(10, 6);False;1;2547
;(10, 7);Idle;(10, 6);False;1;2548
;(10, 7);Idle;(10, 6);False;1;2549
;(10, 7);Idle;(10, 6);False;1;2550
;(10, 7);Idle;(10, 6);False;1;2551
;(10, 7);Idle;(10, 6);False;1;2552
;(10, 7);Idle;(10, 6);False;1;2553
;(10, 7);Idle;(10, 6);False;1;2554
;(10, 7);Idle;(10, 6);False;1;2555
;(10, 7);Idle;(10, 6);False;1;2556
;(10, 7);Idle;(10, 6);False;1;2557
;(10, 7);Idle;(10, 6);False;1;2558
;(10, 7);Idle;(10, 6);False;1;2559
;(10, 7);Idle;(10, 6);False;1;2560
;(10, 7);Idle;(10, 6);False;1;2561
;(10, 7);Idle;(10, 6);False;1;2562
;(10, 7);Idle;(10, 6);False;1;2563
;(10, 7);Idle;(10, 6);False;1;2564
;(10, 7);Idle;(10, 6);False;1;2565
;(10, 7);Idle;(10, 6);False;1;2566
GrabObject;(10, 7);Idle;(10, 6);False;1;2567
;(10, 7);Idle;(10, 6);False;1;2568
;(10, 7);Idle;(10, 6);False;1;2569
;(10, 7);Idle;(10, 6);False;1;2570
;(10, 7);Idle;(10, 6);False;1;2571
;(10, 7);Idle;(10, 6);False;1;2572
;(10, 7);Idle;(10, 6);False;1;2573
;(10, 7);Idle;(10, 6);False;1;2574
;(10, 7);Idle;(10, 6);False;1;2575
;(10, 7);Idle;(10, 6);False;1;2576
MoveWest;(9, 7);Idle;(10, 6);False;1;2577
;(9, 7);Idle;(10, 6);False;1;2578
;(9, 7);Idle;(10, 6);False;1;2579
;(9, 7);Idle;(10, 6);False;1;2580
;(9, 7);Idle;(10, 6);False;1;2581
MoveWest;(8, 7);Idle;(10, 6);False;1;2582
MoveWest;(7, 7);Idle;(10, 6);False;1;2583
MoveWest;(6, 7);Idle;(10, 6);False;1;2584
;(6, 7);Idle;(10, 6);False;1;2585
;(6, 7);Idle;(10, 6);False;1;2586
;(6, 7);Idle;(10, 6);False;1;2587
;(6, 7);Idle;(10, 6);False;1;2588
;(6, 7);Idle;(10, 6);False;1;2589
MoveWest;(5, 7);Idle;(10, 6);False;1;2590
;(5, 7);Idle;(10, 6);False;1;2591
;(5, 7);Idle;(10, 6);False;1;2592
;(5, 7);Idle;(10, 6);False;1;2593
;(5, 7);Idle;(10, 6);False;1;2594
MoveWest;(4, 7);Idle;(10, 6);False;1;2595
MoveWest;(3, 7);Idle;(10, 6);False;1;2596
MoveWest;(2, 7);Idle;(10, 6);False;1;2597
MoveWest;(1, 7);Idle;(10, 6);False;1;2598
MoveWest;(0, 7);;(10, 6);False;1;2599
MoveWest;(0, 7);MoveWest;(10, 6);False;1;2600
MoveWest;(0, 7);MoveWest;(10, 6);False;1;2601
;(0, 7);MoveWest;(10, 6);False;1;2602
;(0, 7);MoveWest;(10, 6);False;1;2603
;(0, 7);MoveWest;(10, 6);False;1;2604
;(0, 7);MoveWest;(10, 6);False;1;2605
;(0, 7);MoveWest;(10, 6);False;1;2606
;(0, 7);MoveWest;(10, 6);False;1;2607
;(0, 7);MoveWest;(10, 6);False;1;2608
;(0, 7);MoveWest;(10, 6);False;1;2609
;(0, 7);MoveWest;(9, 6);False;1;2610
;(0, 7);MoveWest;(9, 6);False;1;2611
;(0, 7);MoveWest;(9, 6);False;1;2612
;(0, 7);MoveWest;(9, 6);False;1;2613
;(0, 7);MoveWest;(9, 6);False;1;2614
;(0, 7);MoveWest;(9, 6);False;1;2615
;(0, 7);MoveWest;(9, 6);False;1;2616
;(0, 7);MoveWest;(9, 6);False;1;2617
DropObject;(0, 7);MoveWest;(9, 6);False;1;2618
;(0, 7);MoveWest;(9, 6);False;1;2619
;(0, 7);MoveWest;(9, 6);False;1;2620
;(0, 7);MoveWest;(8, 6);False;1;2621
;(0, 7);MoveWest;(8, 6);False;1;2622
;(0, 7);MoveWest;(8, 6);False;1;2623
;(0, 7);MoveWest;(8, 6);False;1;2624
MoveEast;(1, 7);MoveWest;(8, 6);False;1;2625
;(1, 7);MoveWest;(8, 6);False;1;2626
;(1, 7);MoveWest;(8, 6);False;1;2627
;(1, 7);MoveWest;(8, 6);False;1;2628
;(1, 7);MoveWest;(8, 6);False;1;2629
MoveEast;(2, 7);MoveWest;(8, 6);False;1;2630
MoveEast;(3, 7);MoveWest;(8, 6);False;1;2631
MoveEast;(4, 7);MoveWest;(7, 6);False;1;2632
MoveEast;(5, 7);MoveWest;(7, 6);False;1;2633
MoveEast;(6, 7);MoveWest;(7, 6);False;1;2634
MoveEast;(7, 7);MoveWest;(7, 6);False;1;2635
MoveEast;(8, 7);MoveWest;(7, 6);False;1;2636
MoveEast;(9, 7);MoveWest;(7, 6);False;1;2637
MoveEast;(10, 7);MoveWest;(7, 6);False;1;2638
MoveEast;(11, 7);MoveWest;(7, 6);False;1;2639
MoveEast;(12, 7);MoveWest;(7, 6);False;1;2640
MoveEast;(13, 7);MoveWest;(7, 6);False;1;2641
;(13, 7);MoveWest;(7, 6);False;1;2642
;(13, 7);MoveWest;(6, 6);False;1;2643
;(13, 7);MoveWest;(6, 6);False;1;2644
;(13, 7);MoveWest;(6, 6);False;1;2645
;(13, 7);MoveWest;(6, 6);False;1;2646
;(13, 7);MoveWest;(6, 6);False;1;2647
;(13, 7);MoveWest;(6, 6);False;1;2648
;(13, 7);MoveWest;(6, 6);False;1;2649
;(13, 7);MoveWest;(6, 6);False;1;2650
;(13, 7);MoveWest;(6, 6);False;1;2651
;(13, 7);MoveWest;(6, 6);False;1;2652
;(13, 7);MoveWest;(6, 6);False;1;2653
;(13, 7);MoveWest;(5, 6);False;1;2654
;(13, 7);MoveWest;(5, 6);False;1;2655
;(13, 7);MoveWest;(5, 6);False;1;2656
;(13, 7);MoveWest;(5, 6);False;1;2657
;(13, 7);MoveWest;(5, 6);False;1;2658
;(13, 7);MoveWest;(5, 6);False;1;2659
;(13, 7);MoveWest;(5, 6);False;1;2660
;(13, 7);MoveWest;(5, 6);False;1;2661
;(13, 7);MoveWest;(5, 6);False;1;2662
;(13, 7);MoveWest;(5, 6);False;1;2663
;(13, 7);MoveWest;(5, 6);False;1;2664
;(13, 7);MoveWest;(4, 6);False;1;2665
;(13, 7);MoveWest;(4, 6);False;1;2666
;(13, 7);MoveWest;(4, 6);False;1;2667
MoveWest;(12, 7);MoveWest;(4, 6);False;1;2668
;(12, 7);MoveWest;(4, 6);False;1;2669
;(12, 7);MoveWest;(4, 6);False;1;2670
;(12, 7);MoveWest;(4, 6);False;1;2671
MoveWest;(11, 7);MoveWest;(4, 6);False;1;2672
;(11, 7);MoveWest;(4, 6);False;1;2673
;(11, 7);MoveWest;(4, 6);False;1;2674
;(11, 7);MoveWest;(4, 6);False;1;2675
MoveWest;(10, 7);MoveWest;(3, 6);False;1;2676
;(10, 7);MoveWest;(3, 6);False;1;2677
;(10, 7);MoveWest;(3, 6);False;1;2678
;(10, 7);MoveWest;(3, 6);False;1;2679
;(10, 7);MoveWest;(3, 6);False;1;2680
;(10, 7);MoveWest;(3, 6);False;1;2681
;(10, 7);MoveWest;(3, 6);False;1;2682
;(10, 7);MoveWest;(3, 6);False;1;2683
;(10, 7);MoveWest;(3, 6);False;1;2684
;(10, 7);MoveWest;(3, 6);False;1;2685
;(10, 7);MoveWest;(3, 6);False;1;2686
MoveSouth;(10, 8);MoveWest;(2, 6);False;1;2687
;(10, 8);MoveSouthWest;(2, 6);False;1;2688
;(10, 8);MoveSouthWest;(2, 6);False;1;2689
;(10, 8);MoveSouthWest;(2, 6);False;1;2690
;(10, 8);MoveSouthWest;(2, 6);False;1;2691
;(10, 8);MoveSouthWest;(2, 6);False;1;2692
;(10, 8);MoveSouthWest;(2, 6);False;1;2693
;(10, 8);MoveSouthWest;(2, 6);False;1;2694
;(10, 8);MoveSouthWest;(2, 6);False;1;2695
;(10, 8);MoveSouthWest;(2, 6);False;1;2696
;(10, 8);MoveSouthWest;(2, 6);False;1;2697
;(10, 8);MoveSouthWest;(1, 7);False;1;2698
;(10, 8);Idle;(1, 7);False;1;2699
;(10, 8);Idle;(1, 7);False;1;2700
;(10, 8);Idle;(1, 7);False;1;2701
;(10, 8);Idle;(1, 7);False;1;2702
;(10, 8);Idle;(1, 7);False;1;2703
;(10, 8);Idle;(1, 7);False;1;2704
;(10, 8);Idle;(1, 7);False;1;2705
;(10, 8);Idle;(1, 7);False;1;2706
GrabObject;(10, 8);Idle;(1, 7);False;1;2707
;(10, 8);Idle;(1, 7);False;1;2708
;(10, 8);Idle;(1, 7);False;1;2709
;(10, 8);Idle;(1, 7);False;1;2710
;(10, 8);Idle;(1, 7);False;1;2711
;(10, 8);Idle;(1, 7);False;1;2712
;(10, 8);Idle;(1, 7);False;1;2713
;(10, 8);Idle;(1, 7);False;1;2714
;(10, 8);Idle;(1, 7);False;1;2715
;(10, 8);Idle;(1, 7);False;1;2716
;(10, 8);Idle;(1, 7);False;1;2717
;(10, 8);Idle;(1, 7);False;1;2718
;(10, 8);Idle;(1, 7);False;1;2719
MoveWest;(9, 8);Idle;(1, 7);False;1;2720
;(9, 8);Idle;(1, 7);False;1;2721
;(9, 8);Idle;(1, 7);False;1;2722
;(9, 8);Idle;(1, 7);False;1;2723
;(9, 8);Idle;(1, 7);False;1;2724
MoveWest;(8, 8);Idle;(1, 7);False;1;2725
MoveWest;(7, 8);Idle;(1, 7);False;1;2726
MoveWest;(6, 8);Idle;(1, 7);False;1;2727
MoveWest;(5, 8);Idle;(1, 7);False;1;2728
MoveWest;(4, 8);Idle;(1, 7);False;1;2729
MoveWest;(3, 8);Idle;(1, 7);False;1;2730
MoveWest;(2, 8);Idle;(1, 7);False;1;2731
MoveWest;(1, 8);Idle;(1, 7);False;1;2732
MoveWest;(0, 8);Idle;(1, 7);False;1;2733
MoveWest;(0, 8);Idle;(1, 7);False;1;2734
;(0, 8);Idle;(1, 7);False;1;2735
;(0, 8);Idle;(1, 7);False;1;2736
;(0, 8);Idle;(1, 7);False;1;2737
;(0, 8);Idle;(1, 7);False;1;2738
;(0, 8);Idle;(1, 7);False;1;2739
;(0, 8);Idle;(1, 7);False;1;2740
;(0, 8);Idle;(1, 7);False;1;2741
;(0, 8);Idle;(1, 7);False;1;2742
;(0, 8);Idle;(1, 7);False;1;2743
;(0, 8);Idle;(1, 7);False;1;2744
;(0, 8);Idle;(1, 7);False;1;2745
;(0, 8);Idle;(1, 7);False;1;2746
;(0, 8);Idle;(1, 7);False;1;2747
MoveEast;(1, 8);Idle;(1, 7);False;1;2748
;(1, 8);Idle;(1, 7);False;1;2749
;(1, 8);Idle;(1, 7);False;1;2750
;(1, 8);Idle;(1, 7);False;1;2751
;(1, 8);Idle;(1, 7);False;1;2752
;(1, 8);Idle;(1, 7);False;1;2753
;(1, 8);;(1, 7);False;1;2754
;(1, 8);MoveEast;(1, 7);False;1;2755
;(1, 8);MoveEast;(1, 7);False;1;2756
;(1, 8);MoveEast;(1, 7);False;1;2757
;(1, 8);MoveEast;(1, 7);False;1;2758
;(1, 8);MoveEast;(1, 7);False;1;2759
;(1, 8);MoveEast;(1, 7);False;1;2760
;(1, 8);MoveEast;(1, 7);False;1;2761
;(1, 8);MoveEast;(1, 7);False;1;2762
;(1, 8);MoveEast;(1, 7);False;1;2763
;(1, 8);MoveEast;(1, 7);False;1;2764
;(1, 8);MoveEast;(2, 7);False;1;2765
;(1, 8);MoveEast;(2, 7);False;1;2766
;(1, 8);MoveEast;(2, 7);False;1;2767
;(1, 8);MoveEast;(2, 7);False;1;2768
DropObject;(1, 8);MoveEast;(2, 7);False;1;2769
;(1, 8);MoveEast;(2, 7);False;1;2770
;(1, 8);MoveEast;(2, 7);False;1;2771
;(1, 8);MoveEast;(2, 7);False;1;2772
;(1, 8);MoveEast;(2, 7);False;1;2773
;(1, 8);MoveEast;(2, 7);False;1;2774
;(1, 8);MoveEast;(2, 7);False;1;2775
;(1, 8);MoveEast;(3, 7);False;1;2776
;(1, 8);MoveWest;(3, 7);False;1;2777
;(1, 8);MoveWest;(3, 7);False;1;2778
MoveEast;(2, 8);MoveWest;(3, 7);False;1;2779
;(2, 8);MoveWest;(3, 7);False;1;2780
;(2, 8);MoveWest;(3, 7);False;1;2781
;(2, 8);MoveWest;(3, 7);False;1;2782
;(2, 8);MoveWest;(3, 7);False;1;2783
MoveEast;(3, 8);MoveWest;(3, 7);False;1;2784
MoveEast;(4, 8);MoveWest;(3, 7);False;1;2785
MoveEast;(5, 8);MoveWest;(3, 7);False;1;2786
MoveEast;(6, 8);MoveWest;(2, 7);False;1;2787
MoveEast;(7, 8);MoveWest;(2, 7);False;1;2788
MoveEast;(8, 8);MoveWest;(2, 7);False;1;2789
MoveEast;(9, 8);MoveWest;(2, 7);False;1;2790
MoveEast;(10, 8);MoveWest;(2, 7);False;1;2791
;(10, 8);MoveWest;(2, 7);False;1;2792
;(10, 8);MoveWest;(2, 7);False;1;2793
;(10, 8);MoveWest;(2, 7);False;1;2794
;(10, 8);MoveWest;(2, 7);False;1;2795
;(10, 8);MoveWest;(2, 7);False;1;2796
;(10, 8);MoveWest;(2, 7);False;1;2797
;(10, 8);MoveWest;(1, 7);False;1;2798
;(10, 8);MoveEast;(1, 7);False;1;2799
;(10, 8);MoveEast;(1, 7);False;1;2800
;(10, 8);MoveEast;(1, 7);False;1;2801
;(10, 8);MoveEast;(1, 7);False;1;2802
;(10, 8);MoveEast;(1, 7);False;1;2803
;(10, 8);MoveEast;(1, 7);False;1;2804
;(10, 8);MoveEast;(1, 7);False;1;2805
;(10, 8);MoveEast;(1, 7);False;1;2806
MoveSouth;(10, 9);MoveEast;(1, 7);False;1;2807
;(10, 9);MoveEast;(1, 7);False;1;2808
;(10, 9);MoveEast;(2, 7);False;1;2809
;(10, 9);MoveEast;(2, 7);False;1;2810
;(10, 9);MoveEast;(2, 7);False;1;2811
;(10, 9);MoveEast;(2, 7);False;1;2812
;(10, 9);MoveEast;(2, 7);False;1;2813
;(10, 9);MoveEast;(2, 7);False;1;2814
;(10, 9);MoveEast;(2, 7);False;1;2815
;(10, 9);MoveEast;(2, 7);False;1;2816
;(10, 9);MoveEast;(2, 7);False;1;2817
;(10, 9);MoveEast;(2, 7);False;1;2818
;(10, 9);MoveEast;(2, 7);False;1;2819
;(10, 9);MoveEast;(3, 7);False;1;2820
;(10, 9);MoveWest;(3, 7);False;1;2821
;(10, 9);MoveWest;(3, 7);False;1;2822
;(10, 9);MoveWest;(3, 7);False;1;2823
;(10, 9);MoveWest;(3, 7);False;1;2824
;(10, 9);MoveWest;(3, 7);False;1;2825
;(10, 9);MoveWest;(3, 7);False;1;2826
;(10, 9);MoveWest;(3, 7);False;1;2827
;(10, 9);MoveWest;(3, 7);False;1;2828
;(10, 9);MoveWest;(3, 7);False;1;2829
;(10, 9);MoveWest;(3, 7);False;1;2830
;(10, 9);MoveWest;(2, 7);False;1;2831
;(10, 9);MoveWest;(2, 7);False;1;2832
;(10, 9);MoveWest;(2, 7);False;1;2833
;(10, 9);MoveWest;(2, 7);False;1;2834
;(10, 9);MoveWest;(2, 7);False;1;2835
;(10, 9);MoveWest;(2, 7);False;1;2836
;(10, 9);MoveWest;(2, 7);False;1;2837
;(10, 9);MoveWest;(2, 7);False;1;2838
;(10, 9);MoveWest;(2, 7);False;1;2839
;(10, 9);MoveWest;(2, 7);False;1;2840
;(10, 9);MoveWest;(2, 7);False;1;2841
;(10, 9);MoveWest;(1, 7);False;1;2842
;(10, 9);MoveEast;(1, 7);False;1;2843
;(10, 9);MoveEast;(1, 7);False;1;2844
GrabObject;(10, 9);MoveEast;(1, 7);False;1;2845
;(10, 9);MoveEast;(1, 7);False;1;2846
;(10, 9);MoveEast;(1, 7);False;1;2847
;(10, 9);MoveEast;(1, 7);False;1;2848
;(10, 9);MoveEast;(1, 7);False;1;2849
;(10, 9);MoveEast;(1, 7);False;1;2850
;(10, 9);MoveEast;(1, 7);False;1;2851
;(10, 9);MoveEast;(1, 7);False;1;2852
;(10, 9);MoveEast;(2, 7);False;1;2853
;(10, 9);MoveEast;(2, 7);False;1;2854
;(10, 9);MoveEast;(2, 7);False;1;2855
;(10, 9);MoveEast;(2, 7);False;1;2856
;(10, 9);MoveEast;(2, 7);False;1;2857
;(10, 9);MoveEast;(2, 7);False;1;2858
;(10, 9);MoveEast;(2, 7);False;1;2859
;(10, 9);MoveEast;(2, 7);False;1;2860
;(10, 9);MoveEast;(2, 7);False;1;2861
;(10, 9);MoveEast;(2, 7);False;1;2862
;(10, 9);MoveEast;(2, 7);False;1;2863
;(10, 9);MoveEast;(3, 7);False;1;2864
;(10, 9);MoveWest;(3, 7);False;1;2865
;(10, 9);MoveWest;(3, 7);False;1;2866
;(10, 9);MoveWest;(3, 7);False;1;2867
;(10, 9);MoveWest;(3, 7);False;1;2868
MoveWest;(9, 9);MoveWest;(3, 7);False;1;2869
;(9, 9);MoveWest;(3, 7);False;1;2870
;(9, 9);MoveWest;(3, 7);False;1;2871
;(9, 9);MoveWest;(3, 7);False;1;2872
;(9, 9);MoveWest;(3, 7);False;1;2873
MoveWest;(8, 9);MoveWest;(3, 7);False;1;2874
MoveWest;(7, 9);MoveWest;(2, 7);False;1;2875
MoveWest;(6, 9);MoveWest;(2, 7);False;1;2876
MoveWest;(5, 9);MoveWest;(2, 7);False;1;2877
MoveWest;(4, 9);MoveWest;(2, 7);False;1;2878
MoveWest;(3, 9);MoveWest;(2, 7);False;1;2879
;(3, 9);MoveWest;(2, 7);False;1;2880
;(3, 9);MoveWest;(2, 7);False;1;2881
;(3, 9);MoveWest;(2, 7);False;1;2882
;(3, 9);MoveWest;(2, 7);False;1;2883
;(3, 9);MoveWest;(2, 7);False;1;2884
;(3, 9);MoveWest;(2, 7);False;1;2885
MoveWest;(2, 9);MoveWest;(1, 7);False;1;2886
;(2, 9);;(1, 7);False;1;2887
;(2, 9);Idle;(1, 7);False;1;2888
;(2, 9);Idle;(1, 7);False;1;2889
MoveWest;(1, 9);Idle;(1, 7);False;1;2890
;(1, 9);Idle;(1, 7);False;1;2891
;(1, 9);Idle;(1, 7);False;1;2892
;(1, 9);Idle;(1, 7);False;1;2893
;(1, 9);Idle;(1, 7);False;1;2894
;(1, 9);Idle;(1, 7);False;1;2895
;(1, 9);Idle;(1, 7);False;1;2896
;(1, 9);Idle;(1, 7);False;1;2897
;(1, 9);Idle;(1, 7);False;1;2898
;(1, 9);Idle;(1, 7);False;1;2899
;(1, 9);Idle;(1, 7);False;1;2900
;(1, 9);Idle;(1, 7);False;1;2901
;(1, 9);Idle;(1, 7);False;1;2902
;(1, 9);Idle;(1, 7);False;1;2903
;(1, 9);Idle;(1, 7);False;1;2904
DropObject;(1, 9);Idle;(1, 7);False;1;2905
;(1, 9);Idle;(1, 7);False;1;2906
;(1, 9);Idle;(1, 7);False;1;2907
;(1, 9);Idle;(1, 7);False;1;2908
;(1, 9);Idle;(1, 7);False;1;2909
;(1, 9);Idle;(1, 7);False;1;2910
;(1, 9);Idle;(1, 7);False;1;2911
;(1, 9);Idle;(1, 7);False;1;2912
;(1, 9);Idle;(1, 7);False;1;2913
;(1, 9);Idle;(1, 7);False;1;2914
;(1, 9);Idle;(1, 7);False;1;2915
;(1, 9);Idle;(1, 7);False;1;2916
MoveEast;(2, 9);Idle;(1, 7);False;1;2917
;(2, 9);Idle;(1, 7);False;1;2918
;(2, 9);Idle;(1, 7);False;1;2919
;(2, 9);Idle;(1, 7);False;1;2920
;(2, 9);Idle;(1, 7);False;1;2921
MoveEast;(3, 9);Idle;(1, 7);False;1;2922
MoveEast;(4, 9);Idle;(1, 7);False;1;2923
MoveEast;(5, 9);Idle;(1, 7);False;1;2924
MoveEast;(6, 9);Idle;(1, 7);False;1;2925
MoveEast;(7, 9);Idle;(1, 7);False;1;2926
MoveEast;(8, 9);Idle;(1, 7);False;1;2927
;(8, 9);Idle;(1, 7);False;1;2928
;(8, 9);Idle;(1, 7);False;1;2929
;(8, 9);Idle;(1, 7);False;1;2930
;(8, 9);Idle;(1, 7);False;1;2931
;(8, 9);Idle;(1, 7);False;1;2932
;(8, 9);Idle;(1, 7);False;1;2933
;(8, 9);Idle;(1, 7);False;1;2934
;(8, 9);Idle;(1, 7);False;1;2935
;(8, 9);Idle;(1, 7);False;1;2936
;(8, 9);Idle;(1, 7);False;1;2937
;(8, 9);Idle;(1, 7);False;1;2938
;(8, 9);Idle;(1, 7);False;1;2939
;(8, 9);Idle;(1, 7);False;1;2940
;(8, 9);Idle;(1, 7);False;1;2941
;(8, 9);Idle;(1, 7);False;1;2942
;(8, 9);;(1, 7);False;1;2943
;(8, 9);Idle;(1, 7);False;1;2944
;(8, 9);Idle;(1, 7);False;1;2945
;(8, 9);Idle;(1, 7);False;1;2946
;(8, 9);Idle;(1, 7);False;1;2947
;(8, 9);Idle;(1, 7);False;1;2948
;(8, 9);Idle;(1, 7);False;1;2949
;(8, 9);Idle;(1, 7);False;1;2950
;(8, 9);Idle;(1, 7);False;1;2951
;(8, 9);Idle;(1, 7);False;1;2952
;(8, 9);Idle;(1, 7);False;1;2953
;(8, 9);Idle;(1, 7);False;1;2954
;(8, 9);Idle;(1, 7);False;1;2955
;(8, 9);Idle;(1, 7);False;1;2956
;(8, 9);Idle;(1, 7);False;1;2957
;(8, 9);Idle;(1, 7);False;1;2958
;(8, 9);Idle;(1, 7);False;1;2959
;(8, 9);Idle;(1, 7);False;1;2960
;(8, 9);Idle;(1, 7);False;1;2961
;(8, 9);Idle;(1, 7);False;1;2962
MoveEast;(9, 9);Idle;(1, 7);False;1;2963
;(9, 9);Idle;(1, 7);False;1;2964
;(9, 9);Idle;(1, 7);False;1;2965
;(9, 9);Idle;(1, 7);False;1;2966
;(9, 9);Idle;(1, 7);False;1;2967
;(9, 9);Idle;(1, 7);False;1;2968
;(9, 9);Idle;(1, 7);False;1;2969
;(9, 9);Idle;(1, 7);False;1;2970
;(9, 9);Idle;(1, 7);False;1;2971
;(9, 9);Idle;(1, 7);False;1;2972
;(9, 9);Idle;(1, 7);False;1;2973
;(9, 9);Idle;(1, 7);False;1;2974
;(9, 9);Idle;(1, 7);False;1;2975
;(9, 9);Idle;(1, 7);False;1;2976
MoveEast;(10, 9);Idle;(1, 7);False;1;2977
;(10, 9);Idle;(1, 7);False;1;2978
;(10, 9);Idle;(1, 7);False;1;2979
;(10, 9);Idle;(1, 7);False;1;2980
;(10, 9);Idle;(1, 7);False;1;2981
;(10, 9);Idle;(1, 7);False;1;2982
;(10, 9);Idle;(1, 7);False;1;2983
;(10, 9);Idle;(1, 7);False;1;2984
;(10, 9);Idle;(1, 7);False;1;2985
;(10, 9);Idle;(1, 7);False;1;2986
;(10, 9);Idle;(1, 7);False;1;2987
;(10, 9);Idle;(1, 7);False;1;2988
;(10, 9);Idle;(1, 7);False;1;2989
;(10, 9);Idle;(1, 7);False;1;2990
;(10, 9);Idle;(1, 7);False;1;2991
;(10, 9);Idle;(1, 7);False;1;2992
;(10, 9);Idle;(1, 7);False;1;2993
;(10, 9);Idle;(1, 7);False;1;2994
;(10, 9);Idle;(1, 7);False;1;2995
;(10, 9);Idle;(1, 7);False;1;2996
;(10, 9);Idle;(1, 7);False;1;2997
;(10, 9);Idle;(1, 7);False;1;2998
;(10, 9);;(1, 7);False;1;2999
;(10, 9);;(1, 7);False;1;3000
;(10, 9);;(1, 7);False;1;3001
;(10, 9);;(1, 7);False;1;3002
;(10, 9);;(1, 7);False;1;3003
;(10, 9);;(1, 7);False;1;3004
;(10, 9);;(1, 7);False;1;3005
;(10, 9);;(1, 7);False;1;3006
;(10, 9);;(1, 7);False;1;3007
;(10, 9);;(1, 7);False;1;3008
;(10, 9);;(1, 7);False;1;3009
;(10, 9);;(1, 7);False;1;3010
;(10, 9);;(1, 7);False;1;3011
;(10, 9);;(1, 7);False;1;3012
;(10, 9);;(1, 7);False;1;3013
;(10, 9);;(1, 7);False;1;3014
;(10, 9);;(1, 7);False;1;3015
;(10, 9);;(1, 7);False;1;3016
;(10, 9);;(1, 7);False;1;3017
;(10, 9);;(1, 7);False;1;3018
;(10, 9);;(1, 7);False;1;3019
