human_selector_action;human_selector_location;robot_action;robot_location;robot_executing_cp;world_nr;tick_nr
;(3, 4);;(4, 4);False;1;0
MoveWest;(2, 4);;(4, 4);False;1;1
;(2, 4);MoveWest;(4, 4);False;1;2
;(2, 4);MoveWest;(4, 4);False;1;3
;(2, 4);MoveWest;(4, 4);False;1;4
;(2, 4);MoveWest;(4, 4);False;1;5
;(2, 4);MoveWest;(4, 4);False;1;6
;(2, 4);MoveWest;(4, 4);False;1;7
;(2, 4);MoveWest;(4, 4);False;1;8
;(2, 4);MoveWest;(4, 4);False;1;9
;(2, 4);MoveWest;(4, 4);False;1;10
;(2, 4);MoveWest;(4, 4);False;1;11
;(2, 4);MoveWest;(3, 4);False;1;12
;(2, 4);Idle;(3, 4);False;1;13
;(2, 4);Idle;(3, 4);False;1;14
;(2, 4);Idle;(3, 4);False;1;15
;(2, 4);Idle;(3, 4);False;1;16
;(2, 4);Idle;(3, 4);False;1;17
MoveEast;(3, 4);Idle;(3, 4);False;1;18
;(3, 4);Idle;(3, 4);False;1;19
;(3, 4);Idle;(3, 4);False;1;20
MoveEast;(4, 4);Idle;(3, 4);False;1;21
;(4, 4);Idle;(3, 4);False;1;22
;(4, 4);Idle;(3, 4);False;1;23
;(4, 4);Idle;(3, 4);False;1;24
MoveEast;(5, 4);Idle;(3, 4);False;1;25
;(5, 4);Idle;(3, 4);False;1;26
;(5, 4);Idle;(3, 4);False;1;27
;(5, 4);Idle;(3, 4);False;1;28
MoveEast;(6, 4);Idle;(3, 4);False;1;29
;(6, 4);Idle;(3, 4);False;1;30
;(6, 4);Idle;(3, 4);False;1;31
;(6, 4);Idle;(3, 4);False;1;32
MoveEast;(7, 4);Idle;(3, 4);False;1;33
;(7, 4);Idle;(3, 4);False;1;34
;(7, 4);Idle;(3, 4);False;1;35
;(7, 4);Idle;(3, 4);False;1;36
MoveEast;(8, 4);Idle;(3, 4);False;1;37
;(8, 4);Idle;(3, 4);False;1;38
;(8, 4);Idle;(3, 4);False;1;39
;(8, 4);Idle;(3, 4);False;1;40
;(8, 4);Idle;(3, 4);False;1;41
;(8, 4);Idle;(3, 4);False;1;42
;(8, 4);Idle;(3, 4);False;1;43
;(8, 4);Idle;(3, 4);False;1;44
;(8, 4);Idle;(3, 4);False;1;45
MoveEast;(9, 4);Idle;(3, 4);False;1;46
;(9, 4);Idle;(3, 4);False;1;47
MoveEast;(10, 4);Idle;(3, 4);False;1;48
;(10, 4);Idle;(3, 4);False;1;49
;(10, 4);Idle;(3, 4);False;1;50
;(10, 4);Idle;(3, 4);False;1;51
;(10, 4);Idle;(3, 4);False;1;52
MoveEast;(11, 4);Idle;(3, 4);False;1;53
;(11, 4);Idle;(3, 4);False;1;54
;(11, 4);Idle;(3, 4);False;1;55
;(11, 4);Idle;(3, 4);False;1;56
;(11, 4);Idle;(3, 4);False;1;57
;(11, 4);Idle;(3, 4);False;1;58
;(11, 4);Idle;(3, 4);False;1;59
MoveEast;(12, 4);Idle;(3, 4);False;1;60
;(12, 4);Idle;(3, 4);False;1;61
MoveEast;(13, 4);Idle;(3, 4);False;1;62
;(13, 4);Idle;(3, 4);False;1;63
;(13, 4);Idle;(3, 4);False;1;64
;(13, 4);Idle;(3, 4);False;1;65
;(13, 4);Idle;(3, 4);False;1;66
;(13, 4);Idle;(3, 4);False;1;67
;(13, 4);;(3, 4);False;1;68
MoveEast;(14, 4);MoveEast;(3, 4);False;1;69
;(14, 4);MoveEast;(3, 4);False;1;70
;(14, 4);MoveEast;(3, 4);False;1;71
;(14, 4);MoveEast;(3, 4);False;1;72
;(14, 4);MoveEast;(3, 4);False;1;73
;(14, 4);MoveEast;(3, 4);False;1;74
;(14, 4);MoveEast;(3, 4);False;1;75
;(14, 4);MoveEast;(3, 4);False;1;76
;(14, 4);MoveEast;(3, 4);False;1;77
MoveWest;(13, 4);MoveEast;(3, 4);False;1;78
;(13, 4);MoveEast;(4, 4);False;1;79
;(13, 4);MoveEast;(4, 4);False;1;80
;(13, 4);MoveEast;(4, 4);False;1;81
;(13, 4);MoveEast;(4, 4);False;1;82
;(13, 4);MoveEast;(4, 4);False;1;83
;(13, 4);MoveEast;(4, 4);False;1;84
;(13, 4);MoveEast;(4, 4);False;1;85
;(13, 4);MoveEast;(4, 4);False;1;86
MoveWest;(12, 4);MoveEast;(4, 4);False;1;87
;(12, 4);MoveEast;(4, 4);False;1;88
;(12, 4);MoveEast;(4, 4);False;1;89
MoveWest;(11, 4);MoveEast;(5, 4);False;1;90
MoveWest;(10, 4);MoveEast;(5, 4);False;1;91
MoveWest;(9, 4);MoveEast;(5, 4);False;1;92
MoveWest;(8, 4);MoveEast;(5, 4);False;1;93
MoveWest;(7, 4);MoveEast;(5, 4);False;1;94
MoveWest;(6, 4);MoveEast;(5, 4);False;1;95
;(6, 4);MoveEast;(5, 4);False;1;96
;(6, 4);MoveEast;(5, 4);False;1;97
;(6, 4);MoveEast;(5, 4);False;1;98
MoveWest;(5, 4);MoveEast;(5, 4);False;1;99
;(5, 4);MoveEast;(5, 4);False;1;100
;(5, 4);MoveEast;(6, 4);False;1;101
;(5, 4);MoveNorthEast;(6, 4);False;1;102
;(5, 4);MoveNorthEast;(6, 4);False;1;103
;(5, 4);MoveNorthEast;(6, 4);False;1;104
;(5, 4);MoveNorthEast;(6, 4);False;1;105
;(5, 4);MoveNorthEast;(6, 4);False;1;106
;(5, 4);MoveNorthEast;(6, 4);False;1;107
;(5, 4);MoveNorthEast;(6, 4);False;1;108
;(5, 4);MoveNorthEast;(6, 4);False;1;109
;(5, 4);MoveNorthEast;(6, 4);False;1;110
;(5, 4);MoveNorthEast;(6, 4);False;1;111
MoveEast;(6, 4);MoveNorthEast;(7, 3);False;1;112
;(6, 4);MoveEast;(7, 3);False;1;113
;(6, 4);MoveEast;(7, 3);False;1;114
;(6, 4);MoveEast;(7, 3);False;1;115
;(6, 4);MoveEast;(7, 3);False;1;116
;(6, 4);MoveEast;(7, 3);False;1;117
;(6, 4);MoveEast;(7, 3);False;1;118
;(6, 4);MoveEast;(7, 3);False;1;119
;(6, 4);MoveEast;(7, 3);False;1;120
;(6, 4);MoveEast;(7, 3);False;1;121
;(6, 4);MoveEast;(7, 3);False;1;122
;(6, 4);MoveEast;(8, 3);False;1;123
;(6, 4);GrabObject;(8, 3);False;1;124
;(6, 4);GrabObject;(8, 3);False;1;125
;(6, 4);GrabObject;(8, 3);False;1;126
;(6, 4);GrabObject;(8, 3);False;1;127
;(6, 4);GrabObject;(8, 3);False;1;128
MoveEast;(7, 4);GrabObject;(8, 3);False;1;129
;(7, 4);GrabObject;(8, 3);False;1;130
;(7, 4);GrabObject;(8, 3);False;1;131
;(7, 4);GrabObject;(8, 3);False;1;132
;(7, 4);GrabObject;(8, 3);False;1;133
;(7, 4);GrabObject;(8, 3);False;1;134
;(7, 4);;(8, 3);False;1;135
;(7, 4);MoveEast;(8, 3);False;1;136
;(7, 4);MoveEast;(8, 3);False;1;137
;(7, 4);MoveEast;(8, 3);False;1;138
;(7, 4);MoveEast;(8, 3);False;1;139
;(7, 4);MoveEast;(8, 3);False;1;140
;(7, 4);MoveEast;(8, 3);False;1;141
;(7, 4);MoveEast;(8, 3);False;1;142
;(7, 4);MoveEast;(8, 3);False;1;143
;(7, 4);MoveEast;(8, 3);False;1;144
;(7, 4);MoveEast;(8, 3);False;1;145
;(7, 4);MoveEast;(9, 3);False;1;146
;(7, 4);MoveSouthEast;(9, 3);False;1;147
;(7, 4);MoveSouthEast;(9, 3);False;1;148
;(7, 4);MoveSouthEast;(9, 3);False;1;149
;(7, 4);MoveSouthEast;(9, 3);False;1;150
;(7, 4);MoveSouthEast;(9, 3);False;1;151
;(7, 4);MoveSouthEast;(9, 3);False;1;152
;(7, 4);MoveSouthEast;(9, 3);False;1;153
;(7, 4);MoveSouthEast;(9, 3);False;1;154
;(7, 4);MoveSouthEast;(9, 3);False;1;155
;(7, 4);MoveSouthEast;(9, 3);False;1;156
;(7, 4);MoveSouthEast;(10, 4);False;1;157
;(7, 4);GrabObject;(10, 4);False;1;158
;(7, 4);GrabObject;(10, 4);False;1;159
;(7, 4);GrabObject;(10, 4);False;1;160
;(7, 4);GrabObject;(10, 4);False;1;161
;(7, 4);GrabObject;(10, 4);False;1;162
;(7, 4);GrabObject;(10, 4);False;1;163
;(7, 4);GrabObject;(10, 4);False;1;164
;(7, 4);GrabObject;(10, 4);False;1;165
;(7, 4);GrabObject;(10, 4);False;1;166
;(7, 4);GrabObject;(10, 4);False;1;167
;(7, 4);GrabObject;(10, 4);False;1;168
;(7, 4);;(10, 4);False;1;169
;(7, 4);MoveWest;(10, 4);False;1;170
;(7, 4);MoveWest;(10, 4);False;1;171
;(7, 4);MoveWest;(10, 4);False;1;172
;(7, 4);MoveWest;(10, 4);False;1;173
;(7, 4);MoveWest;(10, 4);False;1;174
;(7, 4);MoveWest;(10, 4);False;1;175
;(7, 4);MoveWest;(10, 4);False;1;176
;(7, 4);MoveWest;(10, 4);False;1;177
;(7, 4);MoveWest;(10, 4);False;1;178
;(7, 4);MoveWest;(10, 4);False;1;179
;(7, 4);MoveWest;(9, 4);False;1;180
;(7, 4);MoveWest;(9, 4);False;1;181
;(7, 4);MoveWest;(9, 4);False;1;182
;(7, 4);MoveWest;(9, 4);False;1;183
;(7, 4);MoveWest;(9, 4);False;1;184
;(7, 4);MoveWest;(9, 4);False;1;185
;(7, 4);MoveWest;(9, 4);False;1;186
;(7, 4);MoveWest;(9, 4);False;1;187
;(7, 4);MoveWest;(9, 4);False;1;188
;(7, 4);MoveWest;(9, 4);False;1;189
;(7, 4);MoveWest;(9, 4);False;1;190
;(7, 4);MoveWest;(8, 4);False;1;191
;(7, 4);MoveWest;(8, 4);False;1;192
;(7, 4);MoveWest;(8, 4);False;1;193
;(7, 4);MoveWest;(8, 4);False;1;194
;(7, 4);MoveWest;(8, 4);False;1;195
;(7, 4);MoveWest;(8, 4);False;1;196
;(7, 4);MoveWest;(8, 4);False;1;197
;(7, 4);MoveWest;(8, 4);False;1;198
;(7, 4);MoveWest;(8, 4);False;1;199
;(7, 4);MoveWest;(8, 4);False;1;200
;(7, 4);MoveWest;(8, 4);False;1;201
;(7, 4);MoveWest;(7, 4);False;1;202
;(7, 4);MoveWest;(7, 4);False;1;203
;(7, 4);MoveWest;(7, 4);False;1;204
;(7, 4);MoveWest;(7, 4);False;1;205
;(7, 4);MoveWest;(7, 4);False;1;206
;(7, 4);MoveWest;(7, 4);False;1;207
;(7, 4);MoveWest;(7, 4);False;1;208
;(7, 4);MoveWest;(7, 4);False;1;209
;(7, 4);MoveWest;(7, 4);False;1;210
;(7, 4);MoveWest;(7, 4);False;1;211
;(7, 4);MoveWest;(7, 4);False;1;212
;(7, 4);MoveWest;(6, 4);False;1;213
;(7, 4);MoveWest;(6, 4);False;1;214
;(7, 4);MoveWest;(6, 4);False;1;215
;(7, 4);MoveWest;(6, 4);False;1;216
;(7, 4);MoveWest;(6, 4);False;1;217
;(7, 4);MoveWest;(6, 4);False;1;218
;(7, 4);MoveWest;(6, 4);False;1;219
;(7, 4);MoveWest;(6, 4);False;1;220
;(7, 4);MoveWest;(6, 4);False;1;221
;(7, 4);MoveWest;(6, 4);False;1;222
;(7, 4);MoveWest;(6, 4);False;1;223
;(7, 4);MoveWest;(5, 4);False;1;224
;(7, 4);MoveNorthWest;(5, 4);False;1;225
;(7, 4);MoveNorthWest;(5, 4);False;1;226
;(7, 4);MoveNorthWest;(5, 4);False;1;227
;(7, 4);MoveNorthWest;(5, 4);False;1;228
;(7, 4);MoveNorthWest;(5, 4);False;1;229
;(7, 4);MoveNorthWest;(5, 4);False;1;230
;(7, 4);MoveNorthWest;(5, 4);False;1;231
;(7, 4);MoveNorthWest;(5, 4);False;1;232
;(7, 4);MoveNorthWest;(5, 4);False;1;233
;(7, 4);MoveNorthWest;(5, 4);False;1;234
;(7, 4);MoveNorthWest;(4, 3);False;1;235
;(7, 4);MoveWest;(4, 3);False;1;236
;(7, 4);MoveWest;(4, 3);False;1;237
;(7, 4);MoveWest;(4, 3);False;1;238
;(7, 4);MoveWest;(4, 3);False;1;239
;(7, 4);MoveWest;(4, 3);False;1;240
;(7, 4);MoveWest;(4, 3);False;1;241
;(7, 4);MoveWest;(4, 3);False;1;242
;(7, 4);MoveWest;(4, 3);False;1;243
;(7, 4);MoveWest;(4, 3);False;1;244
;(7, 4);MoveWest;(4, 3);False;1;245
;(7, 4);MoveWest;(3, 3);False;1;246
;(7, 4);MoveNorthWest;(3, 3);False;1;247
;(7, 4);MoveNorthWest;(3, 3);False;1;248
;(7, 4);MoveNorthWest;(3, 3);False;1;249
;(7, 4);MoveNorthWest;(3, 3);False;1;250
;(7, 4);MoveNorthWest;(3, 3);False;1;251
;(7, 4);MoveNorthWest;(3, 3);False;1;252
;(7, 4);MoveNorthWest;(3, 3);False;1;253
;(7, 4);MoveNorthWest;(3, 3);False;1;254
;(7, 4);MoveNorthWest;(3, 3);False;1;255
;(7, 4);MoveNorthWest;(3, 3);False;1;256
;(7, 4);MoveNorthWest;(2, 2);False;1;257
;(7, 4);MoveWest;(2, 2);False;1;258
;(7, 4);MoveWest;(2, 2);False;1;259
;(7, 4);MoveWest;(2, 2);False;1;260
;(7, 4);MoveWest;(2, 2);False;1;261
;(7, 4);MoveWest;(2, 2);False;1;262
;(7, 4);MoveWest;(2, 2);False;1;263
;(7, 4);MoveWest;(2, 2);False;1;264
;(7, 4);MoveWest;(2, 2);False;1;265
;(7, 4);MoveWest;(2, 2);False;1;266
;(7, 4);MoveWest;(2, 2);False;1;267
;(7, 4);MoveWest;(1, 2);False;1;268
;(7, 4);DropObject;(1, 2);False;1;269
MoveEast;(8, 4);DropObject;(1, 2);False;1;270
;(8, 4);DropObject;(1, 2);False;1;271
MoveEast;(9, 4);DropObject;(1, 2);False;1;272
;(9, 4);DropObject;(1, 2);False;1;273
;(9, 4);DropObject;(1, 2);False;1;274
;(9, 4);DropObject;(1, 2);False;1;275
;(9, 4);DropObject;(1, 2);False;1;276
;(9, 4);DropObject;(1, 2);False;1;277
;(9, 4);DropObject;(1, 2);False;1;278
MoveEast;(10, 4);DropObject;(1, 2);False;1;279
;(10, 4);DropObject;(1, 2);False;1;280
;(10, 4);DropObject;(1, 2);False;1;281
;(10, 4);DropObject;(1, 2);False;1;282
;(10, 4);DropObject;(1, 2);False;1;283
;(10, 4);DropObject;(1, 2);False;1;284
;(10, 4);DropObject;(1, 2);False;1;285
;(10, 4);DropObject;(1, 2);False;1;286
;(10, 4);DropObject;(1, 2);False;1;287
;(10, 4);DropObject;(1, 2);False;1;288
MoveEast;(11, 4);DropObject;(1, 2);False;1;289
;(11, 4);DropObject;(1, 2);False;1;290
;(11, 4);;(1, 2);False;1;291
;(11, 4);MoveEast;(1, 2);False;1;292
;(11, 4);MoveEast;(1, 2);False;1;293
;(11, 4);MoveEast;(1, 2);False;1;294
;(11, 4);MoveEast;(1, 2);False;1;295
;(11, 4);MoveEast;(1, 2);False;1;296
;(11, 4);MoveEast;(1, 2);False;1;297
;(11, 4);MoveEast;(1, 2);False;1;298
;(11, 4);MoveEast;(1, 2);False;1;299
;(11, 4);MoveEast;(1, 2);False;1;300
MoveWest;(10, 4);MoveEast;(1, 2);False;1;301
;(10, 4);MoveEast;(2, 2);False;1;302
;(10, 4);MoveEast;(2, 2);False;1;303
;(10, 4);MoveEast;(2, 2);False;1;304
;(10, 4);MoveEast;(2, 2);False;1;305
;(10, 4);MoveEast;(2, 2);False;1;306
;(10, 4);MoveEast;(2, 2);False;1;307
;(10, 4);MoveEast;(2, 2);False;1;308
;(10, 4);MoveEast;(2, 2);False;1;309
;(10, 4);MoveEast;(2, 2);False;1;310
;(10, 4);MoveEast;(2, 2);False;1;311
;(10, 4);MoveEast;(2, 2);False;1;312
MoveSouth;(10, 5);MoveEast;(3, 2);False;1;313
;(10, 5);MoveEast;(3, 2);False;1;314
;(10, 5);MoveEast;(3, 2);False;1;315
;(10, 5);MoveEast;(3, 2);False;1;316
;(10, 5);MoveEast;(3, 2);False;1;317
;(10, 5);MoveEast;(3, 2);False;1;318
;(10, 5);MoveEast;(3, 2);False;1;319
;(10, 5);MoveEast;(3, 2);False;1;320
;(10, 5);MoveEast;(3, 2);False;1;321
;(10, 5);MoveEast;(3, 2);False;1;322
;(10, 5);MoveEast;(3, 2);False;1;323
;(10, 5);MoveEast;(4, 2);False;1;324
;(10, 5);MoveSouthEast;(4, 2);False;1;325
;(10, 5);MoveSouthEast;(4, 2);False;1;326
;(10, 5);MoveSouthEast;(4, 2);False;1;327
;(10, 5);MoveSouthEast;(4, 2);False;1;328
;(10, 5);MoveSouthEast;(4, 2);False;1;329
;(10, 5);MoveSouthEast;(4, 2);False;1;330
;(10, 5);MoveSouthEast;(4, 2);False;1;331
;(10, 5);MoveSouthEast;(4, 2);False;1;332
GrabObject;(10, 5);MoveSouthEast;(4, 2);False;1;333
;(10, 5);MoveSouthEast;(4, 2);False;1;334
;(10, 5);MoveSouthEast;(5, 3);False;1;335
;(10, 5);MoveSouthEast;(5, 3);False;1;336
;(10, 5);MoveSouthEast;(5, 3);False;1;337
;(10, 5);MoveSouthEast;(5, 3);False;1;338
;(10, 5);MoveSouthEast;(5, 3);False;1;339
;(10, 5);MoveSouthEast;(5, 3);False;1;340
;(10, 5);MoveSouthEast;(5, 3);False;1;341
;(10, 5);MoveSouthEast;(5, 3);False;1;342
;(10, 5);MoveSouthEast;(5, 3);False;1;343
;(10, 5);MoveSouthEast;(5, 3);False;1;344
;(10, 5);MoveSouthEast;(5, 3);False;1;345
MoveEast;(11, 5);MoveSouthEast;(6, 4);False;1;346
;(11, 5);MoveSouthEast;(6, 4);False;1;347
;(11, 5);MoveSouthEast;(6, 4);False;1;348
MoveEast;(12, 5);MoveSouthEast;(6, 4);False;1;349
MoveEast;(13, 5);MoveSouthEast;(6, 4);False;1;350
;(13, 5);MoveSouthEast;(6, 4);False;1;351
MoveEast;(14, 5);MoveSouthEast;(6, 4);False;1;352
;(14, 5);MoveSouthEast;(6, 4);False;1;353
;(14, 5);MoveSouthEast;(6, 4);False;1;354
MoveEast;(15, 5);MoveSouthEast;(6, 4);False;1;355
;(15, 5);MoveSouthEast;(6, 4);False;1;356
;(15, 5);MoveSouthEast;(7, 5);False;1;357
MoveEast;(16, 5);MoveEast;(7, 5);False;1;358
;(16, 5);MoveEast;(7, 5);False;1;359
;(16, 5);MoveEast;(7, 5);False;1;360
;(16, 5);MoveEast;(7, 5);False;1;361
;(16, 5);MoveEast;(7, 5);False;1;362
;(16, 5);MoveEast;(7, 5);False;1;363
;(16, 5);MoveEast;(7, 5);False;1;364
;(16, 5);MoveEast;(7, 5);False;1;365
;(16, 5);MoveEast;(7, 5);False;1;366
;(16, 5);MoveEast;(7, 5);False;1;367
;(16, 5);MoveEast;(8, 5);False;1;368
;(16, 5);MoveEast;(8, 5);False;1;369
;(16, 5);MoveEast;(8, 5);False;1;370
;(16, 5);MoveEast;(8, 5);False;1;371
DropObject;(16, 5);MoveEast;(8, 5);False;1;372
;(16, 5);MoveEast;(8, 5);False;1;373
;(16, 5);MoveEast;(8, 5);False;1;374
;(16, 5);MoveEast;(8, 5);False;1;375
;(16, 5);MoveEast;(8, 5);False;1;376
;(16, 5);MoveEast;(8, 5);False;1;377
;(16, 5);MoveEast;(8, 5);False;1;378
;(16, 5);MoveEast;(9, 5);False;1;379
;(16, 5);MoveEast;(9, 5);False;1;380
;(16, 5);MoveEast;(9, 5);False;1;381
;(16, 5);MoveEast;(9, 5);False;1;382
;(16, 5);MoveEast;(9, 5);False;1;383
;(16, 5);MoveEast;(9, 5);False;1;384
;(16, 5);MoveEast;(9, 5);False;1;385
;(16, 5);MoveEast;(9, 5);False;1;386
;(16, 5);MoveEast;(9, 5);False;1;387
;(16, 5);MoveEast;(9, 5);False;1;388
;(16, 5);MoveEast;(9, 5);False;1;389
;(16, 5);MoveEast;(10, 5);False;1;390
;(16, 5);GrabObject;(10, 5);False;1;391
;(16, 5);GrabObject;(10, 5);False;1;392
;(16, 5);GrabObject;(10, 5);False;1;393
;(16, 5);GrabObject;(10, 5);False;1;394
;(16, 5);GrabObject;(10, 5);False;1;395
;(16, 5);GrabObject;(10, 5);False;1;396
;(16, 5);GrabObject;(10, 5);False;1;397
;(16, 5);GrabObject;(10, 5);False;1;398
;(16, 5);GrabObject;(10, 5);False;1;399
;(16, 5);GrabObject;(10, 5);False;1;400
;(16, 5);GrabObject;(10, 5);False;1;401
;(16, 5);;(10, 5);False;1;402
;(16, 5);MoveEast;(10, 5);False;1;403
;(16, 5);MoveEast;(10, 5);False;1;404
;(16, 5);MoveEast;(10, 5);False;1;405
;(16, 5);MoveEast;(10, 5);False;1;406
;(16, 5);MoveEast;(10, 5);False;1;407
;(16, 5);MoveEast;(10, 5);False;1;408
;(16, 5);MoveEast;(10, 5);False;1;409
;(16, 5);MoveEast;(10, 5);False;1;410
;(16, 5);MoveEast;(10, 5);False;1;411
;(16, 5);MoveEast;(10, 5);False;1;412
MoveWest;(15, 5);MoveEast;(11, 5);False;1;413
;(15, 5);MoveEast;(11, 5);False;1;414
;(15, 5);MoveEast;(11, 5);False;1;415
MoveWest;(14, 5);MoveEast;(11, 5);False;1;416
;(14, 5);MoveEast;(11, 5);False;1;417
;(14, 5);MoveEast;(11, 5);False;1;418
;(14, 5);MoveEast;(11, 5);False;1;419
;(14, 5);MoveEast;(11, 5);False;1;420
;(14, 5);MoveEast;(11, 5);False;1;421
;(14, 5);MoveEast;(11, 5);False;1;422
MoveWest;(13, 5);MoveEast;(11, 5);False;1;423
;(13, 5);MoveEast;(12, 5);False;1;424
;(13, 5);MoveWest;(12, 5);False;1;425
MoveWest;(12, 5);MoveWest;(12, 5);False;1;426
;(12, 5);MoveWest;(12, 5);False;1;427
;(12, 5);MoveWest;(12, 5);False;1;428
;(12, 5);MoveWest;(12, 5);False;1;429
MoveWest;(11, 5);MoveWest;(12, 5);False;1;430
MoveWest;(10, 5);MoveWest;(12, 5);False;1;431
;(10, 5);MoveWest;(12, 5);False;1;432
;(10, 5);MoveWest;(12, 5);False;1;433
;(10, 5);MoveWest;(12, 5);False;1;434
;(10, 5);MoveWest;(11, 5);False;1;435
;(10, 5);MoveWest;(11, 5);False;1;436
;(10, 5);MoveWest;(11, 5);False;1;437
MoveWest;(9, 5);MoveWest;(11, 5);False;1;438
;(9, 5);MoveWest;(11, 5);False;1;439
;(9, 5);MoveWest;(11, 5);False;1;440
;(9, 5);MoveWest;(11, 5);False;1;441
;(9, 5);MoveWest;(11, 5);False;1;442
;(9, 5);MoveWest;(11, 5);False;1;443
;(9, 5);MoveWest;(11, 5);False;1;444
MoveWest;(8, 5);MoveWest;(11, 5);False;1;445
;(8, 5);MoveWest;(10, 5);False;1;446
;(8, 5);MoveEast;(10, 5);False;1;447
;(8, 5);MoveEast;(10, 5);False;1;448
;(8, 5);MoveEast;(10, 5);False;1;449
;(8, 5);MoveEast;(10, 5);False;1;450
;(8, 5);MoveEast;(10, 5);False;1;451
;(8, 5);MoveEast;(10, 5);False;1;452
MoveWest;(7, 5);MoveEast;(10, 5);False;1;453
;(7, 5);MoveEast;(10, 5);False;1;454
;(7, 5);MoveEast;(10, 5);False;1;455
;(7, 5);MoveEast;(10, 5);False;1;456
;(7, 5);MoveEast;(11, 5);False;1;457
;(7, 5);MoveEast;(11, 5);False;1;458
;(7, 5);MoveEast;(11, 5);False;1;459
;(7, 5);MoveEast;(11, 5);False;1;460
;(7, 5);MoveEast;(11, 5);False;1;461
;(7, 5);MoveEast;(11, 5);False;1;462
;(7, 5);MoveEast;(11, 5);False;1;463
;(7, 5);MoveEast;(11, 5);False;1;464
;(7, 5);MoveEast;(11, 5);False;1;465
;(7, 5);MoveEast;(11, 5);False;1;466
;(7, 5);MoveEast;(11, 5);False;1;467
;(7, 5);MoveEast;(12, 5);False;1;468
;(7, 5);MoveWest;(12, 5);False;1;469
;(7, 5);MoveWest;(12, 5);False;1;470
;(7, 5);MoveWest;(12, 5);False;1;471
;(7, 5);MoveWest;(12, 5);False;1;472
;(7, 5);MoveWest;(12, 5);False;1;473
;(7, 5);MoveWest;(12, 5);False;1;474
;(7, 5);MoveWest;(12, 5);False;1;475
;(7, 5);MoveWest;(12, 5);False;1;476
;(7, 5);MoveWest;(12, 5);False;1;477
;(7, 5);MoveWest;(12, 5);False;1;478
;(7, 5);MoveWest;(11, 5);False;1;479
;(7, 5);MoveWest;(11, 5);False;1;480
;(7, 5);MoveWest;(11, 5);False;1;481
;(7, 5);MoveWest;(11, 5);False;1;482
;(7, 5);MoveWest;(11, 5);False;1;483
;(7, 5);MoveWest;(11, 5);False;1;484
;(7, 5);MoveWest;(11, 5);False;1;485
;(7, 5);MoveWest;(11, 5);False;1;486
;(7, 5);MoveWest;(11, 5);False;1;487
;(7, 5);MoveWest;(11, 5);False;1;488
;(7, 5);MoveWest;(11, 5);False;1;489
;(7, 5);MoveWest;(10, 5);False;1;490
;(7, 5);MoveEast;(10, 5);False;1;491
;(7, 5);MoveEast;(10, 5);False;1;492
;(7, 5);MoveEast;(10, 5);False;1;493
;(7, 5);MoveEast;(10, 5);False;1;494
;(7, 5);MoveEast;(10, 5);False;1;495
;(7, 5);MoveEast;(10, 5);False;1;496
;(7, 5);MoveEast;(10, 5);False;1;497
;(7, 5);MoveEast;(10, 5);False;1;498
;(7, 5);MoveEast;(10, 5);False;1;499
;(7, 5);MoveEast;(10, 5);False;1;500
;(7, 5);MoveEast;(11, 5);False;1;501
;(7, 5);MoveEast;(11, 5);False;1;502
;(7, 5);MoveEast;(11, 5);False;1;503
;(7, 5);MoveEast;(11, 5);False;1;504
;(7, 5);MoveEast;(11, 5);False;1;505
;(7, 5);MoveEast;(11, 5);False;1;506
;(7, 5);MoveEast;(11, 5);False;1;507
;(7, 5);MoveEast;(11, 5);False;1;508
;(7, 5);MoveEast;(11, 5);False;1;509
;(7, 5);MoveEast;(11, 5);False;1;510
;(7, 5);MoveEast;(11, 5);False;1;511
;(7, 5);MoveEast;(12, 5);False;1;512
;(7, 5);MoveWest;(12, 5);False;1;513
;(7, 5);MoveWest;(12, 5);False;1;514
;(7, 5);MoveWest;(12, 5);False;1;515
;(7, 5);MoveWest;(12, 5);False;1;516
;(7, 5);MoveWest;(12, 5);False;1;517
;(7, 5);MoveWest;(12, 5);False;1;518
;(7, 5);MoveWest;(12, 5);False;1;519
;(7, 5);MoveWest;(12, 5);False;1;520
;(7, 5);MoveWest;(12, 5);False;1;521
;(7, 5);MoveWest;(12, 5);False;1;522
;(7, 5);MoveWest;(11, 5);False;1;523
;(7, 5);MoveWest;(11, 5);False;1;524
;(7, 5);MoveWest;(11, 5);False;1;525
;(7, 5);MoveWest;(11, 5);False;1;526
;(7, 5);MoveWest;(11, 5);False;1;527
;(7, 5);MoveWest;(11, 5);False;1;528
;(7, 5);MoveWest;(11, 5);False;1;529
;(7, 5);MoveWest;(11, 5);False;1;530
;(7, 5);MoveWest;(11, 5);False;1;531
;(7, 5);MoveWest;(11, 5);False;1;532
;(7, 5);MoveWest;(11, 5);False;1;533
;(7, 5);MoveWest;(10, 5);False;1;534
;(7, 5);;(10, 5);False;1;535
;(7, 5);Idle;(10, 5);False;1;536
;(7, 5);Idle;(10, 5);False;1;537
;(7, 5);Idle;(10, 5);False;1;538
;(7, 5);Idle;(10, 5);False;1;539
;(7, 5);Idle;(10, 5);False;1;540
;(7, 5);Idle;(10, 5);False;1;541
;(7, 5);Idle;(10, 5);False;1;542
;(7, 5);Idle;(10, 5);False;1;543
;(7, 5);Idle;(10, 5);False;1;544
;(7, 5);Idle;(10, 5);False;1;545
;(7, 5);Idle;(10, 5);False;1;546
;(7, 5);Idle;(10, 5);False;1;547
;(7, 5);Idle;(10, 5);False;1;548
;(7, 5);Idle;(10, 5);False;1;549
;(7, 5);Idle;(10, 5);False;1;550
;(7, 5);Idle;(10, 5);False;1;551
;(7, 5);Idle;(10, 5);False;1;552
;(7, 5);Idle;(10, 5);False;1;553
;(7, 5);Idle;(10, 5);False;1;554
;(7, 5);Idle;(10, 5);False;1;555
;(7, 5);Idle;(10, 5);False;1;556
;(7, 5);Idle;(10, 5);False;1;557
;(7, 5);Idle;(10, 5);False;1;558
;(7, 5);Idle;(10, 5);False;1;559
;(7, 5);Idle;(10, 5);False;1;560
;(7, 5);Idle;(10, 5);False;1;561
;(7, 5);Idle;(10, 5);False;1;562
;(7, 5);Idle;(10, 5);False;1;563
;(7, 5);Idle;(10, 5);False;1;564
;(7, 5);Idle;(10, 5);False;1;565
;(7, 5);Idle;(10, 5);False;1;566
;(7, 5);Idle;(10, 5);False;1;567
;(7, 5);Idle;(10, 5);False;1;568
;(7, 5);Idle;(10, 5);False;1;569
;(7, 5);Idle;(10, 5);False;1;570
;(7, 5);Idle;(10, 5);False;1;571
;(7, 5);Idle;(10, 5);False;1;572
;(7, 5);Idle;(10, 5);False;1;573
;(7, 5);Idle;(10, 5);False;1;574
;(7, 5);Idle;(10, 5);False;1;575
;(7, 5);Idle;(10, 5);False;1;576
;(7, 5);Idle;(10, 5);False;1;577
;(7, 5);Idle;(10, 5);False;1;578
;(7, 5);Idle;(10, 5);False;1;579
;(7, 5);Idle;(10, 5);False;1;580
;(7, 5);Idle;(10, 5);False;1;581
;(7, 5);Idle;(10, 5);False;1;582
;(7, 5);Idle;(10, 5);False;1;583
;(7, 5);Idle;(10, 5);False;1;584
;(7, 5);Idle;(10, 5);False;1;585
;(7, 5);Idle;(10, 5);False;1;586
;(7, 5);Idle;(10, 5);False;1;587
;(7, 5);Idle;(10, 5);False;1;588
;(7, 5);Idle;(10, 5);False;1;589
;(7, 5);Idle;(10, 5);False;1;590
;(7, 5);;(10, 5);False;1;591
;(7, 5);MoveNorthWest;(10, 5);False;1;592
;(7, 5);MoveNorthWest;(10, 5);False;1;593
;(7, 5);MoveNorthWest;(10, 5);False;1;594
;(7, 5);MoveNorthWest;(10, 5);False;1;595
;(7, 5);MoveNorthWest;(10, 5);False;1;596
;(7, 5);MoveNorthWest;(10, 5);False;1;597
;(7, 5);MoveNorthWest;(10, 5);False;1;598
;(7, 5);MoveNorthWest;(10, 5);False;1;599
;(7, 5);MoveNorthWest;(10, 5);False;1;600
;(7, 5);MoveNorthWest;(10, 5);False;1;601
;(7, 5);MoveNorthWest;(9, 4);False;1;602
;(7, 5);MoveWest;(9, 4);False;1;603
;(7, 5);MoveWest;(9, 4);False;1;604
;(7, 5);MoveWest;(9, 4);False;1;605
;(7, 5);MoveWest;(9, 4);False;1;606
;(7, 5);MoveWest;(9, 4);False;1;607
;(7, 5);MoveWest;(9, 4);False;1;608
;(7, 5);MoveWest;(9, 4);False;1;609
;(7, 5);MoveWest;(9, 4);False;1;610
;(7, 5);MoveWest;(9, 4);False;1;611
;(7, 5);MoveWest;(9, 4);False;1;612
;(7, 5);MoveWest;(8, 4);False;1;613
MoveEast;(8, 5);GrabLargeObject;(8, 4);False;1;614
;(8, 5);GrabLargeObject;(8, 4);False;1;615
;(8, 5);GrabLargeObject;(8, 4);False;1;616
;(8, 5);GrabLargeObject;(8, 4);False;1;617
;(8, 5);GrabLargeObject;(8, 4);False;1;618
;(8, 5);GrabLargeObject;(8, 4);False;1;619
;(8, 5);GrabLargeObject;(8, 4);False;1;620
;(8, 5);GrabLargeObject;(8, 4);False;1;621
;(8, 5);GrabLargeObject;(8, 4);False;1;622
;(8, 5);GrabLargeObject;(8, 4);False;1;623
;(8, 5);GrabLargeObject;(8, 4);False;1;624
;(8, 5);;(8, 4);False;1;625
;(8, 5);Idle;(8, 4);False;1;626
;(8, 5);Idle;(8, 4);False;1;627
;(8, 5);Idle;(8, 4);False;1;628
;(8, 5);Idle;(8, 4);False;1;629
;(8, 5);Idle;(8, 4);False;1;630
;(8, 5);Idle;(8, 4);False;1;631
;(8, 5);Idle;(8, 4);False;1;632
;(8, 5);Idle;(8, 4);False;1;633
;(8, 5);Idle;(8, 4);False;1;634
;(8, 5);Idle;(8, 4);False;1;635
;(8, 5);Idle;(8, 4);False;1;636
;(8, 5);Idle;(8, 4);False;1;637
;(8, 5);Idle;(8, 4);False;1;638
;(8, 5);Idle;(8, 4);False;1;639
;(8, 5);Idle;(8, 4);False;1;640
;(8, 5);Idle;(8, 4);False;1;641
;(8, 5);Idle;(8, 4);False;1;642
;(8, 5);Idle;(8, 4);False;1;643
;(8, 5);Idle;(8, 4);False;1;644
;(8, 5);Idle;(8, 4);False;1;645
;(8, 5);Idle;(8, 4);False;1;646
;(8, 5);Idle;(8, 4);False;1;647
;(8, 5);Idle;(8, 4);False;1;648
MoveWest;(7, 5);Idle;(8, 4);False;1;649
;(7, 5);Idle;(8, 4);False;1;650
;(7, 5);Idle;(8, 4);False;1;651
;(7, 5);Idle;(8, 4);False;1;652
;(7, 5);Idle;(8, 4);False;1;653
;(7, 5);Idle;(8, 4);False;1;654
;(7, 5);Idle;(8, 4);False;1;655
;(7, 5);Idle;(8, 4);False;1;656
;(7, 5);Idle;(8, 4);False;1;657
;(7, 5);Idle;(8, 4);False;1;658
;(7, 5);Idle;(8, 4);False;1;659
;(7, 5);Idle;(8, 4);False;1;660
;(7, 5);Idle;(8, 4);False;1;661
;(7, 5);Idle;(8, 4);False;1;662
;(7, 5);Idle;(8, 4);False;1;663
;(7, 5);Idle;(8, 4);False;1;664
;(7, 5);Idle;(8, 4);False;1;665
;(7, 5);Idle;(8, 4);False;1;666
;(7, 5);Idle;(8, 4);False;1;667
;(7, 5);Idle;(8, 4);False;1;668
;(7, 5);Idle;(8, 4);False;1;669
;(7, 5);Idle;(8, 4);False;1;670
;(7, 5);Idle;(8, 4);False;1;671
;(7, 5);Idle;(8, 4);False;1;672
;(7, 5);Idle;(8, 4);False;1;673
;(7, 5);Idle;(8, 4);False;1;674
;(7, 5);Idle;(8, 4);False;1;675
;(7, 5);Idle;(8, 4);False;1;676
;(7, 5);Idle;(8, 4);False;1;677
;(7, 5);Idle;(8, 4);False;1;678
;(7, 5);Idle;(8, 4);False;1;679
;(7, 5);Idle;(8, 4);False;1;680
;(7, 5);;(8, 4);False;1;681
;(7, 5);MoveWest;(8, 4);False;1;682
;(7, 5);MoveWest;(8, 4);False;1;683
;(7, 5);MoveWest;(8, 4);False;1;684
;(7, 5);MoveWest;(8, 4);False;1;685
;(7, 5);MoveWest;(8, 4);False;1;686
;(7, 5);MoveWest;(8, 4);False;1;687
;(7, 5);MoveWest;(8, 4);False;1;688
;(7, 5);MoveWest;(8, 4);False;1;689
MoveWest;(6, 5);MoveWest;(8, 4);False;1;690
;(6, 5);MoveWest;(8, 4);False;1;691
;(6, 5);MoveWest;(7, 4);False;1;692
;(6, 5);MoveWest;(7, 4);False;1;693
;(6, 5);MoveWest;(7, 4);False;1;694
MoveWest;(5, 5);MoveWest;(7, 4);False;1;695
;(5, 5);MoveWest;(7, 4);False;1;696
;(5, 5);MoveWest;(7, 4);False;1;697
MoveWest;(4, 5);MoveWest;(7, 4);False;1;698
;(4, 5);MoveWest;(7, 4);False;1;699
;(4, 5);MoveWest;(7, 4);False;1;700
MoveWest;(3, 5);MoveWest;(7, 4);False;1;701
;(3, 5);MoveWest;(7, 4);False;1;702
;(3, 5);MoveWest;(6, 4);False;1;703
MoveWest;(2, 5);MoveWest;(6, 4);False;1;704
;(2, 5);MoveWest;(6, 4);False;1;705
;(2, 5);MoveWest;(6, 4);False;1;706
;(2, 5);MoveWest;(6, 4);False;1;707
;(2, 5);MoveWest;(6, 4);False;1;708
;(2, 5);MoveWest;(6, 4);False;1;709
;(2, 5);MoveWest;(6, 4);False;1;710
MoveWest;(1, 5);MoveWest;(6, 4);False;1;711
;(1, 5);MoveWest;(6, 4);False;1;712
;(1, 5);MoveWest;(6, 4);False;1;713
;(1, 5);MoveWest;(5, 4);False;1;714
;(1, 5);MoveNorthWest;(5, 4);False;1;715
;(1, 5);MoveNorthWest;(5, 4);False;1;716
;(1, 5);MoveNorthWest;(5, 4);False;1;717
;(1, 5);MoveNorthWest;(5, 4);False;1;718
;(1, 5);MoveNorthWest;(5, 4);False;1;719
;(1, 5);MoveNorthWest;(5, 4);False;1;720
;(1, 5);MoveNorthWest;(5, 4);False;1;721
;(1, 5);MoveNorthWest;(5, 4);False;1;722
;(1, 5);MoveNorthWest;(5, 4);False;1;723
;(1, 5);MoveNorthWest;(5, 4);False;1;724
;(1, 5);MoveNorthWest;(4, 3);False;1;725
;(1, 5);MoveWest;(4, 3);False;1;726
;(1, 5);MoveWest;(4, 3);False;1;727
;(1, 5);MoveWest;(4, 3);False;1;728
;(1, 5);MoveWest;(4, 3);False;1;729
;(1, 5);MoveWest;(4, 3);False;1;730
;(1, 5);MoveWest;(4, 3);False;1;731
;(1, 5);MoveWest;(4, 3);False;1;732
;(1, 5);MoveWest;(4, 3);False;1;733
;(1, 5);MoveWest;(4, 3);False;1;734
;(1, 5);MoveWest;(4, 3);False;1;735
;(1, 5);MoveWest;(3, 3);False;1;736
;(1, 5);MoveNorthWest;(3, 3);False;1;737
;(1, 5);MoveNorthWest;(3, 3);False;1;738
MoveWest;(0, 5);MoveNorthWest;(3, 3);False;1;739
;(0, 5);MoveNorthWest;(3, 3);False;1;740
;(0, 5);MoveNorthWest;(3, 3);False;1;741
;(0, 5);MoveNorthWest;(3, 3);False;1;742
;(0, 5);MoveNorthWest;(3, 3);False;1;743
;(0, 5);MoveNorthWest;(3, 3);False;1;744
;(0, 5);MoveNorthWest;(3, 3);False;1;745
;(0, 5);MoveNorthWest;(3, 3);False;1;746
;(0, 5);MoveNorthWest;(2, 2);False;1;747
;(0, 5);MoveWest;(2, 2);False;1;748
;(0, 5);MoveWest;(2, 2);False;1;749
;(0, 5);MoveWest;(2, 2);False;1;750
;(0, 5);MoveWest;(2, 2);False;1;751
;(0, 5);MoveWest;(2, 2);False;1;752
;(0, 5);MoveWest;(2, 2);False;1;753
;(0, 5);MoveWest;(2, 2);False;1;754
;(0, 5);MoveWest;(2, 2);False;1;755
;(0, 5);MoveWest;(2, 2);False;1;756
;(0, 5);MoveWest;(2, 2);False;1;757
;(0, 5);MoveWest;(1, 2);False;1;758
;(0, 5);DropLargeObject;(1, 2);False;1;759
;(0, 5);DropLargeObject;(1, 2);False;1;760
;(0, 5);DropLargeObject;(1, 2);False;1;761
;(0, 5);DropLargeObject;(1, 2);False;1;762
;(0, 5);DropLargeObject;(1, 2);False;1;763
;(0, 5);DropLargeObject;(1, 2);False;1;764
;(0, 5);DropLargeObject;(1, 2);False;1;765
;(0, 5);DropLargeObject;(1, 2);False;1;766
;(0, 5);DropLargeObject;(1, 2);False;1;767
;(0, 5);DropLargeObject;(1, 2);False;1;768
;(0, 5);DropLargeObject;(1, 2);False;1;769
;(0, 5);;(1, 2);False;1;770
;(0, 5);MoveSouthEast;(1, 2);False;1;771
;(0, 5);MoveSouthEast;(1, 2);False;1;772
;(0, 5);MoveSouthEast;(1, 2);False;1;773
;(0, 5);MoveSouthEast;(1, 2);False;1;774
;(0, 5);MoveSouthEast;(1, 2);False;1;775
;(0, 5);MoveSouthEast;(1, 2);False;1;776
;(0, 5);MoveSouthEast;(1, 2);False;1;777
;(0, 5);MoveSouthEast;(1, 2);False;1;778
;(0, 5);MoveSouthEast;(1, 2);False;1;779
;(0, 5);MoveSouthEast;(1, 2);False;1;780
;(0, 5);MoveSouthEast;(2, 3);False;1;781
;(0, 5);MoveSouthEast;(2, 3);False;1;782
;(0, 5);MoveSouthEast;(2, 3);False;1;783
MoveEast;(1, 5);MoveSouthEast;(2, 3);False;1;784
;(1, 5);MoveSouthEast;(2, 3);False;1;785
;(1, 5);MoveSouthEast;(2, 3);False;1;786
;(1, 5);MoveSouthEast;(2, 3);False;1;787
MoveEast;(2, 5);MoveSouthEast;(2, 3);False;1;788
;(2, 5);MoveSouthEast;(2, 3);False;1;789
;(2, 5);MoveSouthEast;(2, 3);False;1;790
MoveEast;(3, 5);MoveSouthEast;(2, 3);False;1;791
;(3, 5);MoveSouthEast;(3, 4);False;1;792
;(3, 5);MoveSouthEast;(3, 4);False;1;793
;(3, 5);MoveSouthEast;(3, 4);False;1;794
MoveEast;(4, 5);MoveSouthEast;(3, 4);False;1;795
;(4, 5);MoveSouthEast;(3, 4);False;1;796
;(4, 5);MoveSouthEast;(3, 4);False;1;797
;(4, 5);MoveSouthEast;(3, 4);False;1;798
;(4, 5);MoveSouthEast;(3, 4);False;1;799
MoveEast;(5, 5);MoveSouthEast;(3, 4);False;1;800
;(5, 5);MoveSouthEast;(3, 4);False;1;801
;(5, 5);MoveSouthEast;(3, 4);False;1;802
;(5, 5);MoveSouthEast;(4, 5);False;1;803
;(5, 5);MoveSouthEast;(4, 5);False;1;804
;(5, 5);MoveSouthEast;(4, 5);False;1;805
;(5, 5);MoveSouthEast;(4, 5);False;1;806
;(5, 5);MoveSouthEast;(4, 5);False;1;807
;(5, 5);MoveSouthEast;(4, 5);False;1;808
;(5, 5);MoveSouthEast;(4, 5);False;1;809
MoveEast;(6, 5);MoveSouthEast;(4, 5);False;1;810
MoveEast;(7, 5);MoveSouthEast;(4, 5);False;1;811
;(7, 5);MoveSouthEast;(4, 5);False;1;812
MoveEast;(8, 5);MoveSouthEast;(4, 5);False;1;813
;(8, 5);MoveSouthEast;(5, 6);False;1;814
MoveEast;(9, 5);GrabLargeObject;(5, 6);False;1;815
MoveEast;(10, 5);GrabLargeObject;(5, 6);False;1;816
;(10, 5);GrabLargeObject;(5, 6);False;1;817
;(10, 5);GrabLargeObject;(5, 6);False;1;818
;(10, 5);GrabLargeObject;(5, 6);False;1;819
;(10, 5);GrabLargeObject;(5, 6);False;1;820
;(10, 5);GrabLargeObject;(5, 6);False;1;821
;(10, 5);GrabLargeObject;(5, 6);False;1;822
;(10, 5);GrabLargeObject;(5, 6);False;1;823
;(10, 5);GrabLargeObject;(5, 6);False;1;824
;(10, 5);GrabLargeObject;(5, 6);False;1;825
;(10, 5);;(5, 6);False;1;826
MoveWest;(9, 5);Idle;(5, 6);False;1;827
;(9, 5);Idle;(5, 6);False;1;828
;(9, 5);Idle;(5, 6);False;1;829
;(9, 5);Idle;(5, 6);False;1;830
;(9, 5);Idle;(5, 6);False;1;831
MoveWest;(8, 5);Idle;(5, 6);False;1;832
;(8, 5);Idle;(5, 6);False;1;833
;(8, 5);Idle;(5, 6);False;1;834
;(8, 5);Idle;(5, 6);False;1;835
;(8, 5);Idle;(5, 6);False;1;836
;(8, 5);Idle;(5, 6);False;1;837
;(8, 5);Idle;(5, 6);False;1;838
;(8, 5);Idle;(5, 6);False;1;839
;(8, 5);Idle;(5, 6);False;1;840
;(8, 5);Idle;(5, 6);False;1;841
;(8, 5);Idle;(5, 6);False;1;842
;(8, 5);Idle;(5, 6);False;1;843
;(8, 5);Idle;(5, 6);False;1;844
;(8, 5);Idle;(5, 6);False;1;845
;(8, 5);Idle;(5, 6);False;1;846
;(8, 5);Idle;(5, 6);False;1;847
;(8, 5);Idle;(5, 6);False;1;848
;(8, 5);Idle;(5, 6);False;1;849
;(8, 5);Idle;(5, 6);False;1;850
;(8, 5);Idle;(5, 6);False;1;851
;(8, 5);Idle;(5, 6);False;1;852
;(8, 5);Idle;(5, 6);False;1;853
;(8, 5);Idle;(5, 6);False;1;854
;(8, 5);Idle;(5, 6);False;1;855
;(8, 5);Idle;(5, 6);False;1;856
MoveWest;(7, 5);Idle;(5, 6);False;1;857
;(7, 5);Idle;(5, 6);False;1;858
;(7, 5);Idle;(5, 6);False;1;859
;(7, 5);Idle;(5, 6);False;1;860
;(7, 5);Idle;(5, 6);False;1;861
;(7, 5);Idle;(5, 6);False;1;862
;(7, 5);Idle;(5, 6);False;1;863
MoveWest;(6, 5);Idle;(5, 6);False;1;864
;(6, 5);Idle;(5, 6);False;1;865
;(6, 5);Idle;(5, 6);False;1;866
;(6, 5);Idle;(5, 6);False;1;867
;(6, 5);Idle;(5, 6);False;1;868
;(6, 5);Idle;(5, 6);False;1;869
;(6, 5);Idle;(5, 6);False;1;870
;(6, 5);Idle;(5, 6);False;1;871
;(6, 5);Idle;(5, 6);False;1;872
;(6, 5);Idle;(5, 6);False;1;873
;(6, 5);Idle;(5, 6);False;1;874
;(6, 5);Idle;(5, 6);False;1;875
;(6, 5);Idle;(5, 6);False;1;876
;(6, 5);Idle;(5, 6);False;1;877
;(6, 5);Idle;(5, 6);False;1;878
;(6, 5);Idle;(5, 6);False;1;879
MoveEast;(7, 5);Idle;(5, 6);False;1;880
;(7, 5);Idle;(5, 6);False;1;881
;(7, 5);;(5, 6);False;1;882
;(7, 5);Idle;(5, 6);False;1;883
;(7, 5);Idle;(5, 6);False;1;884
;(7, 5);Idle;(5, 6);False;1;885
;(7, 5);Idle;(5, 6);False;1;886
;(7, 5);Idle;(5, 6);False;1;887
;(7, 5);Idle;(5, 6);False;1;888
;(7, 5);Idle;(5, 6);False;1;889
;(7, 5);Idle;(5, 6);False;1;890
;(7, 5);Idle;(5, 6);False;1;891
;(7, 5);Idle;(5, 6);False;1;892
;(7, 5);Idle;(5, 6);False;1;893
;(7, 5);Idle;(5, 6);False;1;894
;(7, 5);Idle;(5, 6);False;1;895
;(7, 5);Idle;(5, 6);False;1;896
;(7, 5);Idle;(5, 6);False;1;897
;(7, 5);Idle;(5, 6);False;1;898
;(7, 5);Idle;(5, 6);False;1;899
;(7, 5);Idle;(5, 6);False;1;900
;(7, 5);Idle;(5, 6);False;1;901
;(7, 5);Idle;(5, 6);False;1;902
;(7, 5);Idle;(5, 6);False;1;903
;(7, 5);Idle;(5, 6);False;1;904
;(7, 5);Idle;(5, 6);False;1;905
;(7, 5);Idle;(5, 6);False;1;906
;(7, 5);Idle;(5, 6);False;1;907
;(7, 5);Idle;(5, 6);False;1;908
;(7, 5);Idle;(5, 6);False;1;909
;(7, 5);Idle;(5, 6);False;1;910
;(7, 5);Idle;(5, 6);False;1;911
;(7, 5);Idle;(5, 6);False;1;912
;(7, 5);Idle;(5, 6);False;1;913
;(7, 5);Idle;(5, 6);False;1;914
;(7, 5);Idle;(5, 6);False;1;915
;(7, 5);Idle;(5, 6);False;1;916
;(7, 5);Idle;(5, 6);False;1;917
;(7, 5);Idle;(5, 6);False;1;918
;(7, 5);Idle;(5, 6);False;1;919
;(7, 5);Idle;(5, 6);False;1;920
;(7, 5);Idle;(5, 6);False;1;921
;(7, 5);Idle;(5, 6);False;1;922
;(7, 5);Idle;(5, 6);False;1;923
;(7, 5);Idle;(5, 6);False;1;924
;(7, 5);Idle;(5, 6);False;1;925
;(7, 5);Idle;(5, 6);False;1;926
;(7, 5);Idle;(5, 6);False;1;927
;(7, 5);Idle;(5, 6);False;1;928
;(7, 5);Idle;(5, 6);False;1;929
;(7, 5);Idle;(5, 6);False;1;930
;(7, 5);Idle;(5, 6);False;1;931
;(7, 5);Idle;(5, 6);False;1;932
;(7, 5);Idle;(5, 6);False;1;933
;(7, 5);Idle;(5, 6);False;1;934
;(7, 5);Idle;(5, 6);False;1;935
;(7, 5);Idle;(5, 6);False;1;936
;(7, 5);Idle;(5, 6);False;1;937
;(7, 5);;(5, 6);False;1;938
;(7, 5);MoveNorthWest;(5, 6);False;1;939
;(7, 5);MoveNorthWest;(5, 6);False;1;940
;(7, 5);MoveNorthWest;(5, 6);False;1;941
;(7, 5);MoveNorthWest;(5, 6);False;1;942
;(7, 5);MoveNorthWest;(5, 6);False;1;943
;(7, 5);MoveNorthWest;(5, 6);False;1;944
;(7, 5);MoveNorthWest;(5, 6);False;1;945
;(7, 5);MoveNorthWest;(5, 6);False;1;946
;(7, 5);MoveNorthWest;(5, 6);False;1;947
;(7, 5);MoveNorthWest;(5, 6);False;1;948
;(7, 5);MoveNorthWest;(4, 5);False;1;949
;(7, 5);MoveWest;(4, 5);False;1;950
;(7, 5);MoveWest;(4, 5);False;1;951
MoveWest;(6, 5);MoveWest;(4, 5);False;1;952
;(6, 5);MoveWest;(4, 5);False;1;953
;(6, 5);MoveWest;(4, 5);False;1;954
;(6, 5);MoveWest;(4, 5);False;1;955
;(6, 5);MoveWest;(4, 5);False;1;956
;(6, 5);MoveWest;(4, 5);False;1;957
;(6, 5);MoveWest;(4, 5);False;1;958
;(6, 5);MoveWest;(4, 5);False;1;959
;(6, 5);MoveWest;(3, 5);False;1;960
;(6, 5);MoveNorthWest;(3, 5);False;1;961
;(6, 5);MoveNorthWest;(3, 5);False;1;962
;(6, 5);MoveNorthWest;(3, 5);False;1;963
;(6, 5);MoveNorthWest;(3, 5);False;1;964
MoveWest;(5, 5);MoveNorthWest;(3, 5);False;1;965
;(5, 5);MoveNorthWest;(3, 5);False;1;966
;(5, 5);MoveNorthWest;(3, 5);False;1;967
;(5, 5);MoveNorthWest;(3, 5);False;1;968
;(5, 5);MoveNorthWest;(3, 5);False;1;969
;(5, 5);MoveNorthWest;(3, 5);False;1;970
;(5, 5);MoveNorthWest;(2, 4);False;1;971
;(5, 5);MoveWest;(2, 4);False;1;972
;(5, 5);MoveWest;(2, 4);False;1;973
;(5, 5);MoveWest;(2, 4);False;1;974
;(5, 5);MoveWest;(2, 4);False;1;975
;(5, 5);MoveWest;(2, 4);False;1;976
;(5, 5);MoveWest;(2, 4);False;1;977
;(5, 5);MoveWest;(2, 4);False;1;978
;(5, 5);MoveWest;(2, 4);False;1;979
MoveWest;(4, 5);MoveWest;(2, 4);False;1;980
;(4, 5);MoveWest;(2, 4);False;1;981
;(4, 5);MoveWest;(1, 4);False;1;982
;(4, 5);DropLargeObject;(1, 4);False;1;983
;(4, 5);DropLargeObject;(1, 4);False;1;984
;(4, 5);DropLargeObject;(1, 4);False;1;985
;(4, 5);DropLargeObject;(1, 4);False;1;986
MoveWest;(3, 5);DropLargeObject;(1, 4);False;1;987
;(3, 5);DropLargeObject;(1, 4);False;1;988
;(3, 5);DropLargeObject;(1, 4);False;1;989
;(3, 5);DropLargeObject;(1, 4);False;1;990
;(3, 5);DropLargeObject;(1, 4);False;1;991
;(3, 5);DropLargeObject;(1, 4);False;1;992
;(3, 5);DropLargeObject;(1, 4);False;1;993
;(3, 5);;(1, 4);False;1;994
MoveWest;(2, 5);MoveSouthEast;(1, 4);False;1;995
;(2, 5);MoveSouthEast;(1, 4);False;1;996
;(2, 5);MoveSouthEast;(1, 4);False;1;997
;(2, 5);MoveSouthEast;(1, 4);False;1;998
;(2, 5);MoveSouthEast;(1, 4);False;1;999
;(2, 5);MoveSouthEast;(1, 4);False;1;1000
;(2, 5);MoveSouthEast;(1, 4);False;1;1001
;(2, 5);MoveSouthEast;(1, 4);False;1;1002
MoveWest;(1, 5);MoveSouthEast;(1, 4);False;1;1003
;(1, 5);MoveSouthEast;(1, 4);False;1;1004
;(1, 5);MoveSouthEast;(2, 5);False;1;1005
;(1, 5);MoveEast;(2, 5);False;1;1006
;(1, 5);MoveEast;(2, 5);False;1;1007
;(1, 5);MoveEast;(2, 5);False;1;1008
;(1, 5);MoveEast;(2, 5);False;1;1009
;(1, 5);MoveEast;(2, 5);False;1;1010
;(1, 5);MoveEast;(2, 5);False;1;1011
;(1, 5);MoveEast;(2, 5);False;1;1012
;(1, 5);MoveEast;(2, 5);False;1;1013
;(1, 5);MoveEast;(2, 5);False;1;1014
;(1, 5);MoveEast;(2, 5);False;1;1015
MoveEast;(2, 5);MoveEast;(3, 5);False;1;1016
;(2, 5);MoveSouthEast;(3, 5);False;1;1017
;(2, 5);MoveSouthEast;(3, 5);False;1;1018
;(2, 5);MoveSouthEast;(3, 5);False;1;1019
;(2, 5);MoveSouthEast;(3, 5);False;1;1020
;(2, 5);MoveSouthEast;(3, 5);False;1;1021
MoveEast;(3, 5);MoveSouthEast;(3, 5);False;1;1022
;(3, 5);MoveSouthEast;(3, 5);False;1;1023
;(3, 5);MoveSouthEast;(3, 5);False;1;1024
;(3, 5);MoveSouthEast;(3, 5);False;1;1025
;(3, 5);MoveSouthEast;(3, 5);False;1;1026
;(3, 5);MoveSouthEast;(4, 6);False;1;1027
;(3, 5);MoveEast;(4, 6);False;1;1028
;(3, 5);MoveEast;(4, 6);False;1;1029
MoveEast;(4, 5);MoveEast;(4, 6);False;1;1030
;(4, 5);MoveEast;(4, 6);False;1;1031
MoveEast;(5, 5);MoveEast;(4, 6);False;1;1032
;(5, 5);MoveEast;(4, 6);False;1;1033
;(5, 5);MoveEast;(4, 6);False;1;1034
;(5, 5);MoveEast;(4, 6);False;1;1035
;(5, 5);MoveEast;(4, 6);False;1;1036
;(5, 5);MoveEast;(4, 6);False;1;1037
;(5, 5);MoveEast;(5, 6);False;1;1038
;(5, 5);MoveEast;(5, 6);False;1;1039
;(5, 5);MoveEast;(5, 6);False;1;1040
;(5, 5);MoveEast;(5, 6);False;1;1041
MoveEast;(6, 5);MoveEast;(5, 6);False;1;1042
;(6, 5);MoveEast;(5, 6);False;1;1043
;(6, 5);MoveEast;(5, 6);False;1;1044
;(6, 5);MoveEast;(5, 6);False;1;1045
;(6, 5);MoveEast;(5, 6);False;1;1046
;(6, 5);MoveEast;(5, 6);False;1;1047
;(6, 5);MoveEast;(5, 6);False;1;1048
;(6, 5);MoveEast;(6, 6);False;1;1049
MoveEast;(7, 5);MoveSouthEast;(6, 6);False;1;1050
;(7, 5);MoveSouthEast;(6, 6);False;1;1051
;(7, 5);MoveSouthEast;(6, 6);False;1;1052
;(7, 5);MoveSouthEast;(6, 6);False;1;1053
;(7, 5);MoveSouthEast;(6, 6);False;1;1054
;(7, 5);MoveSouthEast;(6, 6);False;1;1055
;(7, 5);MoveSouthEast;(6, 6);False;1;1056
;(7, 5);MoveSouthEast;(6, 6);False;1;1057
;(7, 5);MoveSouthEast;(6, 6);False;1;1058
;(7, 5);MoveSouthEast;(6, 6);False;1;1059
;(7, 5);MoveSouthEast;(7, 7);False;1;1060
;(7, 5);GrabObject;(7, 7);False;1;1061
;(7, 5);GrabObject;(7, 7);False;1;1062
;(7, 5);GrabObject;(7, 7);False;1;1063
;(7, 5);GrabObject;(7, 7);False;1;1064
;(7, 5);GrabObject;(7, 7);False;1;1065
;(7, 5);GrabObject;(7, 7);False;1;1066
;(7, 5);GrabObject;(7, 7);False;1;1067
;(7, 5);GrabObject;(7, 7);False;1;1068
;(7, 5);GrabObject;(7, 7);False;1;1069
;(7, 5);GrabObject;(7, 7);False;1;1070
;(7, 5);GrabObject;(7, 7);False;1;1071
;(7, 5);;(7, 7);False;1;1072
;(7, 5);MoveWest;(7, 7);False;1;1073
;(7, 5);MoveWest;(7, 7);False;1;1074
;(7, 5);MoveWest;(7, 7);False;1;1075
;(7, 5);MoveWest;(7, 7);False;1;1076
;(7, 5);MoveWest;(7, 7);False;1;1077
;(7, 5);MoveWest;(7, 7);False;1;1078
;(7, 5);MoveWest;(7, 7);False;1;1079
;(7, 5);MoveWest;(7, 7);False;1;1080
;(7, 5);MoveWest;(7, 7);False;1;1081
;(7, 5);MoveWest;(7, 7);False;1;1082
;(7, 5);MoveWest;(6, 7);False;1;1083
;(7, 5);MoveWest;(6, 7);False;1;1084
;(7, 5);MoveWest;(6, 7);False;1;1085
;(7, 5);MoveWest;(6, 7);False;1;1086
;(7, 5);MoveWest;(6, 7);False;1;1087
;(7, 5);MoveWest;(6, 7);False;1;1088
;(7, 5);MoveWest;(6, 7);False;1;1089
;(7, 5);MoveWest;(6, 7);False;1;1090
;(7, 5);MoveWest;(6, 7);False;1;1091
;(7, 5);MoveWest;(6, 7);False;1;1092
;(7, 5);MoveWest;(6, 7);False;1;1093
;(7, 5);MoveWest;(5, 7);False;1;1094
;(7, 5);MoveNorthWest;(5, 7);False;1;1095
;(7, 5);MoveNorthWest;(5, 7);False;1;1096
;(7, 5);MoveNorthWest;(5, 7);False;1;1097
;(7, 5);MoveNorthWest;(5, 7);False;1;1098
;(7, 5);MoveNorthWest;(5, 7);False;1;1099
;(7, 5);MoveNorthWest;(5, 7);False;1;1100
;(7, 5);MoveNorthWest;(5, 7);False;1;1101
;(7, 5);MoveNorthWest;(5, 7);False;1;1102
;(7, 5);MoveNorthWest;(5, 7);False;1;1103
;(7, 5);MoveNorthWest;(5, 7);False;1;1104
;(7, 5);MoveNorthWest;(4, 6);False;1;1105
;(7, 5);MoveWest;(4, 6);False;1;1106
;(7, 5);MoveWest;(4, 6);False;1;1107
;(7, 5);MoveWest;(4, 6);False;1;1108
;(7, 5);MoveWest;(4, 6);False;1;1109
;(7, 5);MoveWest;(4, 6);False;1;1110
;(7, 5);MoveWest;(4, 6);False;1;1111
;(7, 5);MoveWest;(4, 6);False;1;1112
;(7, 5);MoveWest;(4, 6);False;1;1113
;(7, 5);MoveWest;(4, 6);False;1;1114
;(7, 5);MoveWest;(4, 6);False;1;1115
;(7, 5);MoveWest;(3, 6);False;1;1116
;(7, 5);MoveNorthWest;(3, 6);False;1;1117
;(7, 5);MoveNorthWest;(3, 6);False;1;1118
;(7, 5);MoveNorthWest;(3, 6);False;1;1119
;(7, 5);MoveNorthWest;(3, 6);False;1;1120
;(7, 5);MoveNorthWest;(3, 6);False;1;1121
;(7, 5);MoveNorthWest;(3, 6);False;1;1122
;(7, 5);MoveNorthWest;(3, 6);False;1;1123
;(7, 5);MoveNorthWest;(3, 6);False;1;1124
;(7, 5);MoveNorthWest;(3, 6);False;1;1125
;(7, 5);MoveNorthWest;(3, 6);False;1;1126
;(7, 5);MoveNorthWest;(2, 5);False;1;1127
;(7, 5);MoveWest;(2, 5);False;1;1128
;(7, 5);MoveWest;(2, 5);False;1;1129
;(7, 5);MoveWest;(2, 5);False;1;1130
;(7, 5);MoveWest;(2, 5);False;1;1131
;(7, 5);MoveWest;(2, 5);False;1;1132
;(7, 5);MoveWest;(2, 5);False;1;1133
;(7, 5);MoveWest;(2, 5);False;1;1134
;(7, 5);MoveWest;(2, 5);False;1;1135
;(7, 5);MoveWest;(2, 5);False;1;1136
;(7, 5);MoveWest;(2, 5);False;1;1137
;(7, 5);MoveWest;(1, 5);False;1;1138
;(7, 5);DropObject;(1, 5);False;1;1139
;(7, 5);DropObject;(1, 5);False;1;1140
;(7, 5);DropObject;(1, 5);False;1;1141
;(7, 5);DropObject;(1, 5);False;1;1142
;(7, 5);DropObject;(1, 5);False;1;1143
;(7, 5);DropObject;(1, 5);False;1;1144
;(7, 5);DropObject;(1, 5);False;1;1145
;(7, 5);DropObject;(1, 5);False;1;1146
;(7, 5);DropObject;(1, 5);False;1;1147
;(7, 5);DropObject;(1, 5);False;1;1148
;(7, 5);DropObject;(1, 5);False;1;1149
;(7, 5);;(1, 5);False;1;1150
;(7, 5);Idle;(1, 5);False;1;1151
;(7, 5);Idle;(1, 5);False;1;1152
;(7, 5);Idle;(1, 5);False;1;1153
;(7, 5);Idle;(1, 5);False;1;1154
;(7, 5);Idle;(1, 5);False;1;1155
;(7, 5);Idle;(1, 5);False;1;1156
;(7, 5);Idle;(1, 5);False;1;1157
;(7, 5);Idle;(1, 5);False;1;1158
;(7, 5);Idle;(1, 5);False;1;1159
;(7, 5);Idle;(1, 5);False;1;1160
;(7, 5);Idle;(1, 5);False;1;1161
;(7, 5);Idle;(1, 5);False;1;1162
;(7, 5);Idle;(1, 5);False;1;1163
;(7, 5);Idle;(1, 5);False;1;1164
;(7, 5);Idle;(1, 5);False;1;1165
;(7, 5);Idle;(1, 5);False;1;1166
;(7, 5);Idle;(1, 5);False;1;1167
;(7, 5);Idle;(1, 5);False;1;1168
;(7, 5);Idle;(1, 5);False;1;1169
;(7, 5);Idle;(1, 5);False;1;1170
;(7, 5);Idle;(1, 5);False;1;1171
;(7, 5);Idle;(1, 5);False;1;1172
;(7, 5);Idle;(1, 5);False;1;1173
;(7, 5);Idle;(1, 5);False;1;1174
;(7, 5);Idle;(1, 5);False;1;1175
;(7, 5);Idle;(1, 5);False;1;1176
;(7, 5);Idle;(1, 5);False;1;1177
;(7, 5);Idle;(1, 5);False;1;1178
;(7, 5);Idle;(1, 5);False;1;1179
;(7, 5);Idle;(1, 5);False;1;1180
;(7, 5);Idle;(1, 5);False;1;1181
;(7, 5);Idle;(1, 5);False;1;1182
;(7, 5);Idle;(1, 5);False;1;1183
;(7, 5);Idle;(1, 5);False;1;1184
;(7, 5);Idle;(1, 5);False;1;1185
;(7, 5);Idle;(1, 5);False;1;1186
;(7, 5);Idle;(1, 5);False;1;1187
;(7, 5);Idle;(1, 5);False;1;1188
;(7, 5);Idle;(1, 5);False;1;1189
;(7, 5);Idle;(1, 5);False;1;1190
;(7, 5);Idle;(1, 5);False;1;1191
;(7, 5);Idle;(1, 5);False;1;1192
;(7, 5);Idle;(1, 5);False;1;1193
;(7, 5);Idle;(1, 5);False;1;1194
;(7, 5);Idle;(1, 5);False;1;1195
;(7, 5);Idle;(1, 5);False;1;1196
;(7, 5);Idle;(1, 5);False;1;1197
;(7, 5);Idle;(1, 5);False;1;1198
;(7, 5);Idle;(1, 5);False;1;1199
;(7, 5);Idle;(1, 5);False;1;1200
;(7, 5);Idle;(1, 5);False;1;1201
;(7, 5);Idle;(1, 5);False;1;1202
;(7, 5);Idle;(1, 5);False;1;1203
;(7, 5);Idle;(1, 5);False;1;1204
;(7, 5);Idle;(1, 5);False;1;1205
;(7, 5);;(1, 5);False;1;1206
;(7, 5);MoveEast;(1, 5);False;1;1207
;(7, 5);MoveEast;(1, 5);False;1;1208
;(7, 5);MoveEast;(1, 5);False;1;1209
;(7, 5);MoveEast;(1, 5);False;1;1210
;(7, 5);MoveEast;(1, 5);False;1;1211
;(7, 5);MoveEast;(1, 5);False;1;1212
;(7, 5);MoveEast;(1, 5);False;1;1213
;(7, 5);MoveEast;(1, 5);False;1;1214
;(7, 5);MoveEast;(1, 5);False;1;1215
;(7, 5);MoveEast;(1, 5);False;1;1216
;(7, 5);MoveEast;(2, 5);False;1;1217
;(7, 5);MoveEast;(2, 5);False;1;1218
;(7, 5);MoveEast;(2, 5);False;1;1219
;(7, 5);MoveEast;(2, 5);False;1;1220
;(7, 5);MoveEast;(2, 5);False;1;1221
;(7, 5);MoveEast;(2, 5);False;1;1222
;(7, 5);MoveEast;(2, 5);False;1;1223
;(7, 5);MoveEast;(2, 5);False;1;1224
;(7, 5);MoveEast;(2, 5);False;1;1225
;(7, 5);MoveEast;(2, 5);False;1;1226
;(7, 5);MoveEast;(2, 5);False;1;1227
;(7, 5);MoveEast;(3, 5);False;1;1228
;(7, 5);MoveEast;(3, 5);False;1;1229
;(7, 5);MoveEast;(3, 5);False;1;1230
;(7, 5);MoveEast;(3, 5);False;1;1231
;(7, 5);MoveEast;(3, 5);False;1;1232
;(7, 5);MoveEast;(3, 5);False;1;1233
;(7, 5);MoveEast;(3, 5);False;1;1234
;(7, 5);MoveEast;(3, 5);False;1;1235
;(7, 5);MoveEast;(3, 5);False;1;1236
;(7, 5);MoveEast;(3, 5);False;1;1237
;(7, 5);MoveEast;(3, 5);False;1;1238
;(7, 5);MoveEast;(4, 5);False;1;1239
;(7, 5);MoveEast;(4, 5);False;1;1240
;(7, 5);MoveEast;(4, 5);False;1;1241
;(7, 5);MoveEast;(4, 5);False;1;1242
;(7, 5);MoveEast;(4, 5);False;1;1243
;(7, 5);MoveEast;(4, 5);False;1;1244
;(7, 5);MoveEast;(4, 5);False;1;1245
;(7, 5);MoveEast;(4, 5);False;1;1246
;(7, 5);MoveEast;(4, 5);False;1;1247
;(7, 5);MoveEast;(4, 5);False;1;1248
;(7, 5);MoveEast;(4, 5);False;1;1249
;(7, 5);MoveEast;(5, 5);False;1;1250
;(7, 5);MoveNorthEast;(5, 5);False;1;1251
;(7, 5);MoveNorthEast;(5, 5);False;1;1252
;(7, 5);MoveNorthEast;(5, 5);False;1;1253
;(7, 5);MoveNorthEast;(5, 5);False;1;1254
;(7, 5);MoveNorthEast;(5, 5);False;1;1255
;(7, 5);MoveNorthEast;(5, 5);False;1;1256
;(7, 5);MoveNorthEast;(5, 5);False;1;1257
;(7, 5);MoveNorthEast;(5, 5);False;1;1258
;(7, 5);MoveNorthEast;(5, 5);False;1;1259
;(7, 5);MoveNorthEast;(5, 5);False;1;1260
;(7, 5);MoveNorthEast;(6, 4);False;1;1261
;(7, 5);MoveEast;(6, 4);False;1;1262
;(7, 5);MoveEast;(6, 4);False;1;1263
;(7, 5);MoveEast;(6, 4);False;1;1264
;(7, 5);MoveEast;(6, 4);False;1;1265
;(7, 5);MoveEast;(6, 4);False;1;1266
;(7, 5);MoveEast;(6, 4);False;1;1267
;(7, 5);MoveEast;(6, 4);False;1;1268
;(7, 5);MoveEast;(6, 4);False;1;1269
;(7, 5);MoveEast;(6, 4);False;1;1270
;(7, 5);MoveEast;(6, 4);False;1;1271
;(7, 5);MoveEast;(7, 4);False;1;1272
;(7, 5);GrabLargeObject;(7, 4);False;1;1273
;(7, 5);GrabLargeObject;(7, 4);False;1;1274
;(7, 5);GrabLargeObject;(7, 4);False;1;1275
;(7, 5);GrabLargeObject;(7, 4);False;1;1276
;(7, 5);GrabLargeObject;(7, 4);False;1;1277
;(7, 5);GrabLargeObject;(7, 4);False;1;1278
;(7, 5);GrabLargeObject;(7, 4);False;1;1279
;(7, 5);GrabLargeObject;(7, 4);False;1;1280
;(7, 5);GrabLargeObject;(7, 4);False;1;1281
;(7, 5);GrabLargeObject;(7, 4);False;1;1282
;(7, 5);GrabLargeObject;(7, 4);False;1;1283
;(7, 5);;(7, 4);False;1;1284
;(7, 5);MoveWest;(7, 4);False;1;1285
;(7, 5);MoveWest;(7, 4);False;1;1286
;(7, 5);MoveWest;(7, 4);False;1;1287
;(7, 5);MoveWest;(7, 4);False;1;1288
;(7, 5);MoveWest;(7, 4);False;1;1289
;(7, 5);MoveWest;(7, 4);False;1;1290
;(7, 5);MoveWest;(7, 4);False;1;1291
;(7, 5);MoveWest;(7, 4);False;1;1292
;(7, 5);MoveWest;(7, 4);False;1;1293
;(7, 5);MoveWest;(7, 4);False;1;1294
;(7, 5);MoveWest;(6, 4);False;1;1295
;(7, 5);MoveWest;(6, 4);False;1;1296
;(7, 5);MoveWest;(6, 4);False;1;1297
;(7, 5);MoveWest;(6, 4);False;1;1298
;(7, 5);MoveWest;(6, 4);False;1;1299
;(7, 5);MoveWest;(6, 4);False;1;1300
;(7, 5);MoveWest;(6, 4);False;1;1301
;(7, 5);MoveWest;(6, 4);False;1;1302
;(7, 5);MoveWest;(6, 4);False;1;1303
;(7, 5);MoveWest;(6, 4);False;1;1304
;(7, 5);MoveWest;(6, 4);False;1;1305
;(7, 5);MoveWest;(5, 4);False;1;1306
;(7, 5);MoveWest;(5, 4);False;1;1307
;(7, 5);MoveWest;(5, 4);False;1;1308
;(7, 5);MoveWest;(5, 4);False;1;1309
;(7, 5);MoveWest;(5, 4);False;1;1310
;(7, 5);MoveWest;(5, 4);False;1;1311
;(7, 5);MoveWest;(5, 4);False;1;1312
;(7, 5);MoveWest;(5, 4);False;1;1313
MoveSouth;(7, 6);MoveWest;(5, 4);False;1;1314
;(7, 6);MoveWest;(5, 4);False;1;1315
MoveSouth;(7, 7);MoveWest;(5, 4);False;1;1316
MoveSouth;(7, 8);MoveWest;(4, 4);False;1;1317
;(7, 8);MoveNorthWest;(4, 4);False;1;1318
;(7, 8);MoveNorthWest;(4, 4);False;1;1319
;(7, 8);MoveNorthWest;(4, 4);False;1;1320
;(7, 8);MoveNorthWest;(4, 4);False;1;1321
;(7, 8);MoveNorthWest;(4, 4);False;1;1322
;(7, 8);MoveNorthWest;(4, 4);False;1;1323
;(7, 8);MoveNorthWest;(4, 4);False;1;1324
;(7, 8);MoveNorthWest;(4, 4);False;1;1325
;(7, 8);MoveNorthWest;(4, 4);False;1;1326
;(7, 8);MoveNorthWest;(4, 4);False;1;1327
;(7, 8);MoveNorthWest;(3, 3);False;1;1328
;(7, 8);MoveWest;(3, 3);False;1;1329
;(7, 8);MoveWest;(3, 3);False;1;1330
;(7, 8);MoveWest;(3, 3);False;1;1331
;(7, 8);MoveWest;(3, 3);False;1;1332
;(7, 8);MoveWest;(3, 3);False;1;1333
;(7, 8);MoveWest;(3, 3);False;1;1334
;(7, 8);MoveWest;(3, 3);False;1;1335
;(7, 8);MoveWest;(3, 3);False;1;1336
;(7, 8);MoveWest;(3, 3);False;1;1337
MoveSouth;(7, 9);MoveWest;(3, 3);False;1;1338
;(7, 9);MoveWest;(2, 3);False;1;1339
;(7, 9);MoveNorthWest;(2, 3);False;1;1340
;(7, 9);MoveNorthWest;(2, 3);False;1;1341
GrabObject;(7, 9);MoveNorthWest;(2, 3);False;1;1342
;(7, 9);MoveNorthWest;(2, 3);False;1;1343
;(7, 9);MoveNorthWest;(2, 3);False;1;1344
;(7, 9);MoveNorthWest;(2, 3);False;1;1345
;(7, 9);MoveNorthWest;(2, 3);False;1;1346
;(7, 9);MoveNorthWest;(2, 3);False;1;1347
;(7, 9);MoveNorthWest;(2, 3);False;1;1348
;(7, 9);MoveNorthWest;(2, 3);False;1;1349
;(7, 9);MoveNorthWest;(1, 2);False;1;1350
;(7, 9);MoveWest;(1, 2);False;1;1351
;(7, 9);MoveWest;(1, 2);False;1;1352
;(7, 9);MoveWest;(1, 2);False;1;1353
;(7, 9);MoveWest;(1, 2);False;1;1354
;(7, 9);MoveWest;(1, 2);False;1;1355
;(7, 9);MoveWest;(1, 2);False;1;1356
;(7, 9);MoveWest;(1, 2);False;1;1357
;(7, 9);MoveWest;(1, 2);False;1;1358
MoveWest;(6, 9);MoveWest;(1, 2);False;1;1359
;(6, 9);MoveWest;(1, 2);False;1;1360
;(6, 9);MoveWest;(0, 2);False;1;1361
;(6, 9);DropLargeObject;(0, 2);False;1;1362
;(6, 9);DropLargeObject;(0, 2);False;1;1363
;(6, 9);DropLargeObject;(0, 2);False;1;1364
MoveWest;(5, 9);DropLargeObject;(0, 2);False;1;1365
;(5, 9);DropLargeObject;(0, 2);False;1;1366
;(5, 9);DropLargeObject;(0, 2);False;1;1367
;(5, 9);DropLargeObject;(0, 2);False;1;1368
;(5, 9);DropLargeObject;(0, 2);False;1;1369
;(5, 9);DropLargeObject;(0, 2);False;1;1370
;(5, 9);DropLargeObject;(0, 2);False;1;1371
;(5, 9);DropLargeObject;(0, 2);False;1;1372
MoveWest;(4, 9);;(0, 2);False;1;1373
;(4, 9);MoveEast;(0, 2);False;1;1374
MoveWest;(3, 9);MoveEast;(0, 2);False;1;1375
;(3, 9);MoveEast;(0, 2);False;1;1376
;(3, 9);MoveEast;(0, 2);False;1;1377
;(3, 9);MoveEast;(0, 2);False;1;1378
;(3, 9);MoveEast;(0, 2);False;1;1379
;(3, 9);MoveEast;(0, 2);False;1;1380
;(3, 9);MoveEast;(0, 2);False;1;1381
;(3, 9);MoveEast;(0, 2);False;1;1382
;(3, 9);MoveEast;(0, 2);False;1;1383
;(3, 9);MoveEast;(1, 2);False;1;1384
;(3, 9);MoveEast;(1, 2);False;1;1385
DropObject;(3, 9);MoveEast;(1, 2);False;1;1386
;(3, 9);MoveEast;(1, 2);False;1;1387
;(3, 9);MoveEast;(1, 2);False;1;1388
;(3, 9);MoveEast;(1, 2);False;1;1389
;(3, 9);MoveEast;(1, 2);False;1;1390
;(3, 9);MoveEast;(1, 2);False;1;1391
;(3, 9);MoveEast;(1, 2);False;1;1392
;(3, 9);MoveEast;(1, 2);False;1;1393
;(3, 9);MoveEast;(1, 2);False;1;1394
;(3, 9);MoveEast;(2, 2);False;1;1395
MoveEast;(4, 9);MoveSouthEast;(2, 2);False;1;1396
;(4, 9);MoveSouthEast;(2, 2);False;1;1397
;(4, 9);MoveSouthEast;(2, 2);False;1;1398
;(4, 9);MoveSouthEast;(2, 2);False;1;1399
MoveEast;(5, 9);MoveSouthEast;(2, 2);False;1;1400
;(5, 9);MoveSouthEast;(2, 2);False;1;1401
;(5, 9);MoveSouthEast;(2, 2);False;1;1402
MoveEast;(6, 9);MoveSouthEast;(2, 2);False;1;1403
;(6, 9);MoveSouthEast;(2, 2);False;1;1404
;(6, 9);MoveSouthEast;(2, 2);False;1;1405
;(6, 9);MoveSouthEast;(3, 3);False;1;1406
;(6, 9);MoveEast;(3, 3);False;1;1407
;(6, 9);MoveEast;(3, 3);False;1;1408
MoveEast;(7, 9);MoveEast;(3, 3);False;1;1409
;(7, 9);MoveEast;(3, 3);False;1;1410
;(7, 9);MoveEast;(3, 3);False;1;1411
;(7, 9);MoveEast;(3, 3);False;1;1412
;(7, 9);MoveEast;(3, 3);False;1;1413
;(7, 9);MoveEast;(3, 3);False;1;1414
;(7, 9);MoveEast;(3, 3);False;1;1415
;(7, 9);MoveEast;(3, 3);False;1;1416
;(7, 9);MoveEast;(4, 3);False;1;1417
;(7, 9);MoveSouthEast;(4, 3);False;1;1418
MoveEast;(8, 9);MoveSouthEast;(4, 3);False;1;1419
;(8, 9);MoveSouthEast;(4, 3);False;1;1420
;(8, 9);MoveSouthEast;(4, 3);False;1;1421
;(8, 9);MoveSouthEast;(4, 3);False;1;1422
;(8, 9);MoveSouthEast;(4, 3);False;1;1423
;(8, 9);MoveSouthEast;(4, 3);False;1;1424
;(8, 9);MoveSouthEast;(4, 3);False;1;1425
;(8, 9);MoveSouthEast;(4, 3);False;1;1426
;(8, 9);MoveSouthEast;(4, 3);False;1;1427
;(8, 9);MoveSouthEast;(5, 4);False;1;1428
MoveWest;(7, 9);MoveSouthEast;(5, 4);False;1;1429
;(7, 9);MoveSouthEast;(5, 4);False;1;1430
;(7, 9);MoveSouthEast;(5, 4);False;1;1431
;(7, 9);MoveSouthEast;(5, 4);False;1;1432
;(7, 9);MoveSouthEast;(5, 4);False;1;1433
;(7, 9);MoveSouthEast;(5, 4);False;1;1434
;(7, 9);MoveSouthEast;(5, 4);False;1;1435
;(7, 9);MoveSouthEast;(5, 4);False;1;1436
;(7, 9);MoveSouthEast;(5, 4);False;1;1437
;(7, 9);MoveSouthEast;(5, 4);False;1;1438
;(7, 9);MoveSouthEast;(6, 5);False;1;1439
;(7, 9);MoveEast;(6, 5);False;1;1440
;(7, 9);MoveEast;(6, 5);False;1;1441
;(7, 9);MoveEast;(6, 5);False;1;1442
;(7, 9);MoveEast;(6, 5);False;1;1443
;(7, 9);MoveEast;(6, 5);False;1;1444
;(7, 9);MoveEast;(6, 5);False;1;1445
;(7, 9);MoveEast;(6, 5);False;1;1446
;(7, 9);MoveEast;(6, 5);False;1;1447
;(7, 9);MoveEast;(6, 5);False;1;1448
;(7, 9);MoveEast;(6, 5);False;1;1449
;(7, 9);MoveEast;(7, 5);False;1;1450
;(7, 9);MoveEast;(7, 5);False;1;1451
;(7, 9);MoveEast;(7, 5);False;1;1452
;(7, 9);MoveEast;(7, 5);False;1;1453
GrabObject;(7, 9);MoveEast;(7, 5);False;1;1454
;(7, 9);MoveEast;(7, 5);False;1;1455
;(7, 9);MoveEast;(7, 5);False;1;1456
;(7, 9);MoveEast;(7, 5);False;1;1457
;(7, 9);MoveEast;(7, 5);False;1;1458
;(7, 9);MoveEast;(7, 5);False;1;1459
;(7, 9);MoveEast;(7, 5);False;1;1460
;(7, 9);MoveEast;(8, 5);False;1;1461
;(7, 9);MoveSouthEast;(8, 5);False;1;1462
;(7, 9);MoveSouthEast;(8, 5);False;1;1463
;(7, 9);MoveSouthEast;(8, 5);False;1;1464
;(7, 9);MoveSouthEast;(8, 5);False;1;1465
;(7, 9);MoveSouthEast;(8, 5);False;1;1466
;(7, 9);MoveSouthEast;(8, 5);False;1;1467
;(7, 9);MoveSouthEast;(8, 5);False;1;1468
;(7, 9);MoveSouthEast;(8, 5);False;1;1469
;(7, 9);MoveSouthEast;(8, 5);False;1;1470
MoveWest;(6, 9);MoveSouthEast;(8, 5);False;1;1471
;(6, 9);MoveSouthEast;(9, 6);False;1;1472
;(6, 9);MoveEast;(9, 6);False;1;1473
;(6, 9);MoveEast;(9, 6);False;1;1474
MoveWest;(5, 9);MoveEast;(9, 6);False;1;1475
MoveWest;(4, 9);MoveEast;(9, 6);False;1;1476
;(4, 9);MoveEast;(9, 6);False;1;1477
;(4, 9);MoveEast;(9, 6);False;1;1478
;(4, 9);MoveEast;(9, 6);False;1;1479
MoveWest;(3, 9);MoveEast;(9, 6);False;1;1480
;(3, 9);MoveEast;(9, 6);False;1;1481
;(3, 9);MoveEast;(9, 6);False;1;1482
MoveWest;(2, 9);MoveEast;(10, 6);False;1;1483
MoveWest;(1, 9);MoveEast;(10, 6);False;1;1484
;(1, 9);MoveEast;(10, 6);False;1;1485
MoveWest;(0, 9);MoveEast;(10, 6);False;1;1486
;(0, 9);MoveEast;(10, 6);False;1;1487
;(0, 9);MoveEast;(10, 6);False;1;1488
MoveWest;(0, 9);MoveEast;(10, 6);False;1;1489
;(0, 9);MoveEast;(10, 6);False;1;1490
;(0, 9);MoveEast;(10, 6);False;1;1491
;(0, 9);MoveEast;(10, 6);False;1;1492
;(0, 9);MoveEast;(10, 6);False;1;1493
;(0, 9);MoveEast;(11, 6);False;1;1494
;(0, 9);MoveSouthEast;(11, 6);False;1;1495
;(0, 9);MoveSouthEast;(11, 6);False;1;1496
;(0, 9);MoveSouthEast;(11, 6);False;1;1497
DropObject;(0, 9);MoveSouthEast;(11, 6);False;1;1498
;(0, 9);MoveSouthEast;(11, 6);False;1;1499
;(0, 9);MoveSouthEast;(11, 6);False;1;1500
;(0, 9);MoveSouthEast;(11, 6);False;1;1501
;(0, 9);MoveSouthEast;(11, 6);False;1;1502
;(0, 9);MoveSouthEast;(11, 6);False;1;1503
;(0, 9);MoveSouthEast;(11, 6);False;1;1504
;(0, 9);MoveSouthEast;(12, 7);False;1;1505
;(0, 9);GrabObject;(12, 7);False;1;1506
;(0, 9);GrabObject;(12, 7);False;1;1507
;(0, 9);GrabObject;(12, 7);False;1;1508
;(0, 9);GrabObject;(12, 7);False;1;1509
;(0, 9);GrabObject;(12, 7);False;1;1510
;(0, 9);GrabObject;(12, 7);False;1;1511
;(0, 9);GrabObject;(12, 7);False;1;1512
;(0, 9);GrabObject;(12, 7);False;1;1513
;(0, 9);GrabObject;(12, 7);False;1;1514
;(0, 9);GrabObject;(12, 7);False;1;1515
;(0, 9);GrabObject;(12, 7);False;1;1516
;(0, 9);;(12, 7);False;1;1517
MoveEast;(1, 9);MoveEast;(12, 7);False;1;1518
;(1, 9);MoveEast;(12, 7);False;1;1519
;(1, 9);MoveEast;(12, 7);False;1;1520
;(1, 9);MoveEast;(12, 7);False;1;1521
;(1, 9);MoveEast;(12, 7);False;1;1522
MoveEast;(2, 9);MoveEast;(12, 7);False;1;1523
MoveEast;(3, 9);MoveEast;(12, 7);False;1;1524
;(3, 9);MoveEast;(12, 7);False;1;1525
;(3, 9);MoveEast;(12, 7);False;1;1526
;(3, 9);MoveEast;(12, 7);False;1;1527
MoveEast;(4, 9);MoveEast;(13, 7);False;1;1528
;(4, 9);MoveNorthEast;(13, 7);False;1;1529
;(4, 9);MoveNorthEast;(13, 7);False;1;1530
;(4, 9);MoveNorthEast;(13, 7);False;1;1531
;(4, 9);MoveNorthEast;(13, 7);False;1;1532
;(4, 9);MoveNorthEast;(13, 7);False;1;1533
;(4, 9);MoveNorthEast;(13, 7);False;1;1534
;(4, 9);MoveNorthEast;(13, 7);False;1;1535
MoveEast;(5, 9);MoveNorthEast;(13, 7);False;1;1536
;(5, 9);MoveNorthEast;(13, 7);False;1;1537
;(5, 9);MoveNorthEast;(13, 7);False;1;1538
;(5, 9);MoveNorthEast;(14, 6);False;1;1539
;(5, 9);MoveEast;(14, 6);False;1;1540
MoveEast;(6, 9);MoveEast;(14, 6);False;1;1541
;(6, 9);MoveEast;(14, 6);False;1;1542
;(6, 9);MoveEast;(14, 6);False;1;1543
;(6, 9);MoveEast;(14, 6);False;1;1544
;(6, 9);MoveEast;(14, 6);False;1;1545
;(6, 9);MoveEast;(14, 6);False;1;1546
;(6, 9);MoveEast;(14, 6);False;1;1547
;(6, 9);MoveEast;(14, 6);False;1;1548
;(6, 9);MoveEast;(14, 6);False;1;1549
;(6, 9);MoveEast;(15, 6);False;1;1550
;(6, 9);MoveNorthEast;(15, 6);False;1;1551
;(6, 9);MoveNorthEast;(15, 6);False;1;1552
;(6, 9);MoveNorthEast;(15, 6);False;1;1553
;(6, 9);MoveNorthEast;(15, 6);False;1;1554
;(6, 9);MoveNorthEast;(15, 6);False;1;1555
;(6, 9);MoveNorthEast;(15, 6);False;1;1556
;(6, 9);MoveNorthEast;(15, 6);False;1;1557
;(6, 9);MoveNorthEast;(15, 6);False;1;1558
;(6, 9);MoveNorthEast;(15, 6);False;1;1559
;(6, 9);MoveNorthEast;(15, 6);False;1;1560
;(6, 9);MoveNorthEast;(16, 5);False;1;1561
;(6, 9);MoveEast;(16, 5);False;1;1562
;(6, 9);MoveEast;(16, 5);False;1;1563
;(6, 9);MoveEast;(16, 5);False;1;1564
;(6, 9);MoveEast;(16, 5);False;1;1565
;(6, 9);MoveEast;(16, 5);False;1;1566
;(6, 9);MoveEast;(16, 5);False;1;1567
;(6, 9);MoveEast;(16, 5);False;1;1568
;(6, 9);MoveEast;(16, 5);False;1;1569
;(6, 9);MoveEast;(16, 5);False;1;1570
;(6, 9);MoveEast;(16, 5);False;1;1571
;(6, 9);MoveEast;(17, 5);False;1;1572
;(6, 9);DropObject;(17, 5);False;1;1573
;(6, 9);DropObject;(17, 5);False;1;1574
;(6, 9);DropObject;(17, 5);False;1;1575
;(6, 9);DropObject;(17, 5);False;1;1576
;(6, 9);DropObject;(17, 5);False;1;1577
;(6, 9);DropObject;(17, 5);False;1;1578
;(6, 9);DropObject;(17, 5);False;1;1579
;(6, 9);DropObject;(17, 5);False;1;1580
;(6, 9);DropObject;(17, 5);False;1;1581
;(6, 9);DropObject;(17, 5);False;1;1582
;(6, 9);DropObject;(17, 5);False;1;1583
;(6, 9);;(17, 5);False;1;1584
;(6, 9);MoveWest;(17, 5);False;1;1585
;(6, 9);MoveWest;(17, 5);False;1;1586
;(6, 9);MoveWest;(17, 5);False;1;1587
;(6, 9);MoveWest;(17, 5);False;1;1588
;(6, 9);MoveWest;(17, 5);False;1;1589
;(6, 9);MoveWest;(17, 5);False;1;1590
;(6, 9);MoveWest;(17, 5);False;1;1591
;(6, 9);MoveWest;(17, 5);False;1;1592
;(6, 9);MoveWest;(17, 5);False;1;1593
;(6, 9);MoveWest;(17, 5);False;1;1594
;(6, 9);MoveWest;(16, 5);False;1;1595
;(6, 9);MoveWest;(16, 5);False;1;1596
;(6, 9);MoveWest;(16, 5);False;1;1597
;(6, 9);MoveWest;(16, 5);False;1;1598
;(6, 9);MoveWest;(16, 5);False;1;1599
;(6, 9);MoveWest;(16, 5);False;1;1600
;(6, 9);MoveWest;(16, 5);False;1;1601
;(6, 9);MoveWest;(16, 5);False;1;1602
;(6, 9);MoveWest;(16, 5);False;1;1603
MoveWest;(5, 9);MoveWest;(16, 5);False;1;1604
;(5, 9);MoveWest;(16, 5);False;1;1605
;(5, 9);MoveWest;(15, 5);False;1;1606
;(5, 9);MoveWest;(15, 5);False;1;1607
;(5, 9);MoveWest;(15, 5);False;1;1608
;(5, 9);MoveWest;(15, 5);False;1;1609
;(5, 9);MoveWest;(15, 5);False;1;1610
;(5, 9);MoveWest;(15, 5);False;1;1611
;(5, 9);MoveWest;(15, 5);False;1;1612
;(5, 9);MoveWest;(15, 5);False;1;1613
GrabObject;(5, 9);MoveWest;(15, 5);False;1;1614
;(5, 9);MoveWest;(15, 5);False;1;1615
;(5, 9);MoveWest;(15, 5);False;1;1616
;(5, 9);MoveWest;(14, 5);False;1;1617
;(5, 9);MoveWest;(14, 5);False;1;1618
GrabObject;(5, 9);MoveWest;(14, 5);False;1;1619
;(5, 9);MoveWest;(14, 5);False;1;1620
;(5, 9);MoveWest;(14, 5);False;1;1621
;(5, 9);MoveWest;(14, 5);False;1;1622
;(5, 9);MoveWest;(14, 5);False;1;1623
MoveEast;(6, 9);MoveWest;(14, 5);False;1;1624
;(6, 9);MoveWest;(14, 5);False;1;1625
;(6, 9);MoveWest;(14, 5);False;1;1626
;(6, 9);MoveWest;(14, 5);False;1;1627
;(6, 9);MoveWest;(13, 5);False;1;1628
;(6, 9);MoveSouthWest;(13, 5);False;1;1629
;(6, 9);MoveSouthWest;(13, 5);False;1;1630
;(6, 9);MoveSouthWest;(13, 5);False;1;1631
;(6, 9);MoveSouthWest;(13, 5);False;1;1632
;(6, 9);MoveSouthWest;(13, 5);False;1;1633
;(6, 9);MoveSouthWest;(13, 5);False;1;1634
;(6, 9);MoveSouthWest;(13, 5);False;1;1635
;(6, 9);MoveSouthWest;(13, 5);False;1;1636
;(6, 9);MoveSouthWest;(13, 5);False;1;1637
;(6, 9);MoveSouthWest;(13, 5);False;1;1638
;(6, 9);MoveSouthWest;(12, 6);False;1;1639
;(6, 9);MoveWest;(12, 6);False;1;1640
MoveWest;(5, 9);MoveWest;(12, 6);False;1;1641
;(5, 9);MoveWest;(12, 6);False;1;1642
;(5, 9);MoveWest;(12, 6);False;1;1643
MoveWest;(4, 9);MoveWest;(12, 6);False;1;1644
;(4, 9);MoveWest;(12, 6);False;1;1645
;(4, 9);MoveWest;(12, 6);False;1;1646
MoveWest;(3, 9);MoveWest;(12, 6);False;1;1647
;(3, 9);MoveWest;(12, 6);False;1;1648
MoveWest;(2, 9);MoveWest;(12, 6);False;1;1649
;(2, 9);MoveWest;(11, 6);False;1;1650
;(2, 9);MoveWest;(11, 6);False;1;1651
MoveWest;(1, 9);MoveWest;(11, 6);False;1;1652
;(1, 9);MoveWest;(11, 6);False;1;1653
;(1, 9);MoveWest;(11, 6);False;1;1654
DropObject;(1, 9);MoveWest;(11, 6);False;1;1655
;(1, 9);MoveWest;(11, 6);False;1;1656
;(1, 9);MoveWest;(11, 6);False;1;1657
;(1, 9);MoveWest;(11, 6);False;1;1658
;(1, 9);MoveWest;(11, 6);False;1;1659
;(1, 9);MoveWest;(11, 6);False;1;1660
;(1, 9);MoveWest;(10, 6);False;1;1661
;(1, 9);MoveSouthWest;(10, 6);False;1;1662
;(1, 9);MoveSouthWest;(10, 6);False;1;1663
;(1, 9);MoveSouthWest;(10, 6);False;1;1664
MoveEast;(2, 9);MoveSouthWest;(10, 6);False;1;1665
MoveEast;(3, 9);MoveSouthWest;(10, 6);False;1;1666
;(3, 9);MoveSouthWest;(10, 6);False;1;1667
MoveEast;(4, 9);MoveSouthWest;(10, 6);False;1;1668
;(4, 9);MoveSouthWest;(10, 6);False;1;1669
;(4, 9);MoveSouthWest;(10, 6);False;1;1670
;(4, 9);MoveSouthWest;(10, 6);False;1;1671
MoveEast;(5, 9);MoveSouthWest;(9, 7);False;1;1672
;(5, 9);GrabLargeObject;(9, 7);False;1;1673
;(5, 9);GrabLargeObject;(9, 7);False;1;1674
MoveEast;(6, 9);GrabLargeObject;(9, 7);False;1;1675
;(6, 9);GrabLargeObject;(9, 7);False;1;1676
;(6, 9);GrabLargeObject;(9, 7);False;1;1677
;(6, 9);GrabLargeObject;(9, 7);False;1;1678
;(6, 9);GrabLargeObject;(9, 7);False;1;1679
;(6, 9);GrabLargeObject;(9, 7);False;1;1680
MoveEast;(7, 9);GrabLargeObject;(9, 7);False;1;1681
;(7, 9);GrabLargeObject;(9, 7);False;1;1682
;(7, 9);GrabLargeObject;(9, 7);False;1;1683
;(7, 9);;(9, 7);False;1;1684
;(7, 9);MoveSouthWest;(9, 7);False;1;1685
;(7, 9);MoveSouthWest;(9, 7);False;1;1686
;(7, 9);MoveSouthWest;(9, 7);False;1;1687
;(7, 9);MoveSouthWest;(9, 7);False;1;1688
;(7, 9);MoveSouthWest;(9, 7);False;1;1689
;(7, 9);MoveSouthWest;(9, 7);False;1;1690
;(7, 9);MoveSouthWest;(9, 7);False;1;1691
;(7, 9);MoveSouthWest;(9, 7);False;1;1692
;(7, 9);MoveSouthWest;(9, 7);False;1;1693
;(7, 9);MoveSouthWest;(9, 7);False;1;1694
;(7, 9);MoveSouthWest;(8, 8);False;1;1695
;(7, 9);MoveSouthWest;(8, 8);False;1;1696
MoveWest;(6, 9);MoveSouthWest;(8, 8);False;1;1697
;(6, 9);MoveSouthWest;(8, 8);False;1;1698
;(6, 9);MoveSouthWest;(8, 8);False;1;1699
;(6, 9);MoveSouthWest;(8, 8);False;1;1700
;(6, 9);MoveSouthWest;(8, 8);False;1;1701
;(6, 9);MoveSouthWest;(8, 8);False;1;1702
;(6, 9);MoveSouthWest;(8, 8);False;1;1703
;(6, 9);MoveSouthWest;(8, 8);False;1;1704
;(6, 9);MoveSouthWest;(8, 8);False;1;1705
;(6, 9);MoveSouthWest;(7, 9);False;1;1706
;(6, 9);Idle;(7, 9);False;1;1707
;(6, 9);Idle;(7, 9);False;1;1708
;(6, 9);Idle;(7, 9);False;1;1709
;(6, 9);Idle;(7, 9);False;1;1710
;(6, 9);Idle;(7, 9);False;1;1711
;(6, 9);Idle;(7, 9);False;1;1712
;(6, 9);Idle;(7, 9);False;1;1713
;(6, 9);Idle;(7, 9);False;1;1714
;(6, 9);Idle;(7, 9);False;1;1715
;(6, 9);Idle;(7, 9);False;1;1716
;(6, 9);Idle;(7, 9);False;1;1717
;(6, 9);Idle;(7, 9);False;1;1718
;(6, 9);Idle;(7, 9);False;1;1719
;(6, 9);Idle;(7, 9);False;1;1720
;(6, 9);Idle;(7, 9);False;1;1721
;(6, 9);Idle;(7, 9);False;1;1722
;(6, 9);Idle;(7, 9);False;1;1723
;(6, 9);Idle;(7, 9);False;1;1724
;(6, 9);Idle;(7, 9);False;1;1725
;(6, 9);Idle;(7, 9);False;1;1726
;(6, 9);Idle;(7, 9);False;1;1727
;(6, 9);Idle;(7, 9);False;1;1728
;(6, 9);Idle;(7, 9);False;1;1729
;(6, 9);Idle;(7, 9);False;1;1730
;(6, 9);Idle;(7, 9);False;1;1731
;(6, 9);Idle;(7, 9);False;1;1732
;(6, 9);Idle;(7, 9);False;1;1733
;(6, 9);Idle;(7, 9);False;1;1734
;(6, 9);Idle;(7, 9);False;1;1735
;(6, 9);Idle;(7, 9);False;1;1736
;(6, 9);Idle;(7, 9);False;1;1737
;(6, 9);Idle;(7, 9);False;1;1738
;(6, 9);Idle;(7, 9);False;1;1739
;(6, 9);Idle;(7, 9);False;1;1740
;(6, 9);Idle;(7, 9);False;1;1741
;(6, 9);Idle;(7, 9);False;1;1742
;(6, 9);Idle;(7, 9);False;1;1743
;(6, 9);Idle;(7, 9);False;1;1744
MoveWest;(5, 9);Idle;(7, 9);False;1;1745
;(5, 9);Idle;(7, 9);False;1;1746
;(5, 9);Idle;(7, 9);False;1;1747
MoveWest;(4, 9);Idle;(7, 9);False;1;1748
;(4, 9);Idle;(7, 9);False;1;1749
;(4, 9);Idle;(7, 9);False;1;1750
;(4, 9);Idle;(7, 9);False;1;1751
;(4, 9);Idle;(7, 9);False;1;1752
;(4, 9);Idle;(7, 9);False;1;1753
;(4, 9);Idle;(7, 9);False;1;1754
MoveWest;(3, 9);Idle;(7, 9);False;1;1755
;(3, 9);Idle;(7, 9);False;1;1756
;(3, 9);Idle;(7, 9);False;1;1757
;(3, 9);Idle;(7, 9);False;1;1758
;(3, 9);Idle;(7, 9);False;1;1759
;(3, 9);Idle;(7, 9);False;1;1760
;(3, 9);Idle;(7, 9);False;1;1761
;(3, 9);;(7, 9);False;1;1762
;(3, 9);MoveWest;(7, 9);False;1;1763
;(3, 9);MoveWest;(7, 9);False;1;1764
;(3, 9);MoveWest;(7, 9);False;1;1765
;(3, 9);MoveWest;(7, 9);False;1;1766
;(3, 9);MoveWest;(7, 9);False;1;1767
;(3, 9);MoveWest;(7, 9);False;1;1768
;(3, 9);MoveWest;(7, 9);False;1;1769
;(3, 9);MoveWest;(7, 9);False;1;1770
MoveEast;(4, 9);MoveWest;(7, 9);False;1;1771
;(4, 9);MoveWest;(7, 9);False;1;1772
;(4, 9);MoveWest;(6, 9);False;1;1773
;(4, 9);MoveWest;(6, 9);False;1;1774
MoveEast;(5, 9);MoveWest;(6, 9);False;1;1775
;(5, 9);MoveWest;(6, 9);False;1;1776
;(5, 9);MoveWest;(6, 9);False;1;1777
MoveEast;(6, 9);MoveWest;(6, 9);False;1;1778
;(6, 9);MoveWest;(6, 9);False;1;1779
MoveWest;(5, 9);MoveWest;(6, 9);False;1;1780
;(5, 9);MoveWest;(6, 9);False;1;1781
;(5, 9);MoveWest;(6, 9);False;1;1782
MoveEast;(6, 9);MoveWest;(6, 9);False;1;1783
;(6, 9);MoveWest;(5, 9);False;1;1784
;(6, 9);MoveWest;(5, 9);False;1;1785
;(6, 9);MoveWest;(5, 9);False;1;1786
;(6, 9);MoveWest;(5, 9);False;1;1787
;(6, 9);MoveWest;(5, 9);False;1;1788
;(6, 9);MoveWest;(5, 9);False;1;1789
GrabObject;(6, 9);MoveWest;(5, 9);False;1;1790
;(6, 9);MoveWest;(5, 9);False;1;1791
;(6, 9);MoveWest;(5, 9);False;1;1792
;(6, 9);MoveWest;(5, 9);False;1;1793
;(6, 9);MoveWest;(5, 9);False;1;1794
;(6, 9);MoveWest;(4, 9);False;1;1795
;(6, 9);MoveWest;(4, 9);False;1;1796
;(6, 9);MoveWest;(4, 9);False;1;1797
;(6, 9);MoveWest;(4, 9);False;1;1798
;(6, 9);MoveWest;(4, 9);False;1;1799
;(6, 9);MoveWest;(4, 9);False;1;1800
;(6, 9);MoveWest;(4, 9);False;1;1801
;(6, 9);MoveWest;(4, 9);False;1;1802
;(6, 9);MoveWest;(4, 9);False;1;1803
;(6, 9);MoveWest;(4, 9);False;1;1804
;(6, 9);MoveWest;(4, 9);False;1;1805
;(6, 9);MoveWest;(3, 9);False;1;1806
;(6, 9);Idle;(3, 9);False;1;1807
MoveWest;(5, 9);Idle;(3, 9);False;1;1808
;(5, 9);Idle;(3, 9);False;1;1809
;(5, 9);Idle;(3, 9);False;1;1810
;(5, 9);Idle;(3, 9);False;1;1811
MoveWest;(4, 9);Idle;(3, 9);False;1;1812
;(4, 9);Idle;(3, 9);False;1;1813
;(4, 9);Idle;(3, 9);False;1;1814
;(4, 9);Idle;(3, 9);False;1;1815
MoveWest;(3, 9);Idle;(3, 9);False;1;1816
;(3, 9);Idle;(3, 9);False;1;1817
;(3, 9);Idle;(3, 9);False;1;1818
MoveWest;(2, 9);Idle;(3, 9);False;1;1819
;(2, 9);Idle;(3, 9);False;1;1820
;(2, 9);Idle;(3, 9);False;1;1821
MoveWest;(1, 9);Idle;(3, 9);False;1;1822
;(1, 9);Idle;(3, 9);False;1;1823
;(1, 9);Idle;(3, 9);False;1;1824
;(1, 9);Idle;(3, 9);False;1;1825
;(1, 9);Idle;(3, 9);False;1;1826
;(1, 9);Idle;(3, 9);False;1;1827
;(1, 9);Idle;(3, 9);False;1;1828
;(1, 9);Idle;(3, 9);False;1;1829
;(1, 9);Idle;(3, 9);False;1;1830
;(1, 9);Idle;(3, 9);False;1;1831
;(1, 9);Idle;(3, 9);False;1;1832
DropObject;(1, 9);Idle;(3, 9);False;1;1833
;(1, 9);Idle;(3, 9);False;1;1834
;(1, 9);Idle;(3, 9);False;1;1835
;(1, 9);Idle;(3, 9);False;1;1836
;(1, 9);Idle;(3, 9);False;1;1837
;(1, 9);Idle;(3, 9);False;1;1838
;(1, 9);Idle;(3, 9);False;1;1839
;(1, 9);Idle;(3, 9);False;1;1840
;(1, 9);Idle;(3, 9);False;1;1841
MoveEast;(2, 9);Idle;(3, 9);False;1;1842
;(2, 9);Idle;(3, 9);False;1;1843
;(2, 9);Idle;(3, 9);False;1;1844
;(2, 9);Idle;(3, 9);False;1;1845
;(2, 9);Idle;(3, 9);False;1;1846
;(2, 9);Idle;(3, 9);False;1;1847
MoveEast;(3, 9);Idle;(3, 9);False;1;1848
;(3, 9);Idle;(3, 9);False;1;1849
;(3, 9);Idle;(3, 9);False;1;1850
;(3, 9);Idle;(3, 9);False;1;1851
;(3, 9);Idle;(3, 9);False;1;1852
;(3, 9);Idle;(3, 9);False;1;1853
MoveEast;(4, 9);Idle;(3, 9);False;1;1854
MoveEast;(5, 9);Idle;(3, 9);False;1;1855
MoveEast;(6, 9);Idle;(3, 9);False;1;1856
;(6, 9);Idle;(3, 9);False;1;1857
;(6, 9);Idle;(3, 9);False;1;1858
;(6, 9);Idle;(3, 9);False;1;1859
;(6, 9);Idle;(3, 9);False;1;1860
;(6, 9);Idle;(3, 9);False;1;1861
;(6, 9);;(3, 9);False;1;1862
;(6, 9);MoveEast;(3, 9);False;1;1863
;(6, 9);MoveEast;(3, 9);False;1;1864
;(6, 9);MoveEast;(3, 9);False;1;1865
;(6, 9);MoveEast;(3, 9);False;1;1866
;(6, 9);MoveEast;(3, 9);False;1;1867
;(6, 9);MoveEast;(3, 9);False;1;1868
MoveEast;(7, 9);MoveEast;(3, 9);False;1;1869
;(7, 9);MoveEast;(3, 9);False;1;1870
;(7, 9);MoveEast;(3, 9);False;1;1871
;(7, 9);MoveEast;(3, 9);False;1;1872
;(7, 9);MoveEast;(4, 9);False;1;1873
;(7, 9);MoveEast;(4, 9);False;1;1874
;(7, 9);MoveEast;(4, 9);False;1;1875
;(7, 9);MoveEast;(4, 9);False;1;1876
;(7, 9);MoveEast;(4, 9);False;1;1877
MoveEast;(8, 9);MoveEast;(4, 9);False;1;1878
;(8, 9);MoveEast;(4, 9);False;1;1879
;(8, 9);MoveEast;(4, 9);False;1;1880
MoveEast;(9, 9);MoveEast;(4, 9);False;1;1881
;(9, 9);MoveEast;(4, 9);False;1;1882
;(9, 9);MoveEast;(4, 9);False;1;1883
;(9, 9);MoveEast;(5, 9);False;1;1884
;(9, 9);MoveEast;(5, 9);False;1;1885
;(9, 9);MoveEast;(5, 9);False;1;1886
;(9, 9);MoveEast;(5, 9);False;1;1887
;(9, 9);MoveEast;(5, 9);False;1;1888
;(9, 9);MoveEast;(5, 9);False;1;1889
;(9, 9);MoveEast;(5, 9);False;1;1890
;(9, 9);MoveEast;(5, 9);False;1;1891
;(9, 9);MoveEast;(5, 9);False;1;1892
;(9, 9);MoveEast;(5, 9);False;1;1893
;(9, 9);MoveEast;(5, 9);False;1;1894
;(9, 9);MoveEast;(6, 9);False;1;1895
;(9, 9);Idle;(6, 9);False;1;1896
;(9, 9);Idle;(6, 9);False;1;1897
;(9, 9);Idle;(6, 9);False;1;1898
;(9, 9);Idle;(6, 9);False;1;1899
;(9, 9);Idle;(6, 9);False;1;1900
;(9, 9);Idle;(6, 9);False;1;1901
;(9, 9);Idle;(6, 9);False;1;1902
;(9, 9);Idle;(6, 9);False;1;1903
;(9, 9);Idle;(6, 9);False;1;1904
;(9, 9);Idle;(6, 9);False;1;1905
;(9, 9);Idle;(6, 9);False;1;1906
;(9, 9);Idle;(6, 9);False;1;1907
;(9, 9);Idle;(6, 9);False;1;1908
;(9, 9);Idle;(6, 9);False;1;1909
;(9, 9);Idle;(6, 9);False;1;1910
MoveEast;(10, 9);Idle;(6, 9);False;1;1911
;(10, 9);Idle;(6, 9);False;1;1912
;(10, 9);Idle;(6, 9);False;1;1913
;(10, 9);Idle;(6, 9);False;1;1914
;(10, 9);Idle;(6, 9);False;1;1915
;(10, 9);Idle;(6, 9);False;1;1916
;(10, 9);Idle;(6, 9);False;1;1917
;(10, 9);Idle;(6, 9);False;1;1918
;(10, 9);Idle;(6, 9);False;1;1919
;(10, 9);Idle;(6, 9);False;1;1920
;(10, 9);Idle;(6, 9);False;1;1921
;(10, 9);Idle;(6, 9);False;1;1922
;(10, 9);Idle;(6, 9);False;1;1923
;(10, 9);Idle;(6, 9);False;1;1924
;(10, 9);Idle;(6, 9);False;1;1925
;(10, 9);Idle;(6, 9);False;1;1926
;(10, 9);Idle;(6, 9);False;1;1927
;(10, 9);Idle;(6, 9);False;1;1928
;(10, 9);Idle;(6, 9);False;1;1929
;(10, 9);Idle;(6, 9);False;1;1930
;(10, 9);Idle;(6, 9);False;1;1931
;(10, 9);Idle;(6, 9);False;1;1932
;(10, 9);Idle;(6, 9);False;1;1933
;(10, 9);Idle;(6, 9);False;1;1934
;(10, 9);Idle;(6, 9);False;1;1935
GrabObject;(10, 9);Idle;(6, 9);False;1;1936
;(10, 9);Idle;(6, 9);False;1;1937
;(10, 9);Idle;(6, 9);False;1;1938
;(10, 9);Idle;(6, 9);False;1;1939
;(10, 9);Idle;(6, 9);False;1;1940
;(10, 9);Idle;(6, 9);False;1;1941
;(10, 9);Idle;(6, 9);False;1;1942
;(10, 9);Idle;(6, 9);False;1;1943
;(10, 9);Idle;(6, 9);False;1;1944
;(10, 9);Idle;(6, 9);False;1;1945
;(10, 9);Idle;(6, 9);False;1;1946
MoveWest;(9, 9);Idle;(6, 9);False;1;1947
;(9, 9);Idle;(6, 9);False;1;1948
;(9, 9);Idle;(6, 9);False;1;1949
;(9, 9);Idle;(6, 9);False;1;1950
MoveWest;(8, 9);;(6, 9);False;1;1951
;(8, 9);MoveEast;(6, 9);False;1;1952
MoveWest;(7, 9);MoveEast;(6, 9);False;1;1953
;(7, 9);MoveEast;(6, 9);False;1;1954
;(7, 9);MoveEast;(6, 9);False;1;1955
;(7, 9);MoveEast;(6, 9);False;1;1956
;(7, 9);MoveEast;(6, 9);False;1;1957
;(7, 9);MoveEast;(6, 9);False;1;1958
;(7, 9);MoveEast;(6, 9);False;1;1959
MoveWest;(6, 9);MoveEast;(6, 9);False;1;1960
MoveWest;(5, 9);MoveEast;(6, 9);False;1;1961
;(5, 9);MoveEast;(7, 9);False;1;1962
MoveWest;(4, 9);MoveEast;(7, 9);False;1;1963
;(4, 9);MoveEast;(7, 9);False;1;1964
;(4, 9);MoveEast;(7, 9);False;1;1965
;(4, 9);MoveEast;(7, 9);False;1;1966
MoveWest;(3, 9);MoveEast;(7, 9);False;1;1967
MoveWest;(2, 9);MoveEast;(7, 9);False;1;1968
;(2, 9);MoveEast;(7, 9);False;1;1969
;(2, 9);MoveEast;(7, 9);False;1;1970
;(2, 9);MoveEast;(7, 9);False;1;1971
;(2, 9);MoveEast;(7, 9);False;1;1972
;(2, 9);MoveEast;(8, 9);False;1;1973
MoveWest;(1, 9);MoveEast;(8, 9);False;1;1974
;(1, 9);MoveEast;(8, 9);False;1;1975
MoveWest;(0, 9);MoveEast;(8, 9);False;1;1976
;(0, 9);MoveEast;(8, 9);False;1;1977
;(0, 9);MoveEast;(8, 9);False;1;1978
;(0, 9);MoveEast;(8, 9);False;1;1979
;(0, 9);MoveEast;(8, 9);False;1;1980
;(0, 9);MoveEast;(8, 9);False;1;1981
DropObject;(0, 9);MoveEast;(8, 9);False;1;1982
;(0, 9);MoveEast;(8, 9);False;1;1983
;(0, 9);MoveEast;(9, 9);False;1;1984
;(0, 9);Idle;(9, 9);False;1;1985
;(0, 9);Idle;(9, 9);False;1;1986
;(0, 9);Idle;(9, 9);False;1;1987
;(0, 9);Idle;(9, 9);False;1;1988
;(0, 9);Idle;(9, 9);False;1;1989
;(0, 9);Idle;(9, 9);False;1;1990
MoveEast;(1, 9);Idle;(9, 9);False;1;1991
;(1, 9);Idle;(9, 9);False;1;1992
;(1, 9);Idle;(9, 9);False;1;1993
;(1, 9);Idle;(9, 9);False;1;1994
;(1, 9);Idle;(9, 9);False;1;1995
;(1, 9);Idle;(9, 9);False;1;1996
;(1, 9);Idle;(9, 9);False;1;1997
;(1, 9);Idle;(9, 9);False;1;1998
MoveEast;(2, 9);Idle;(9, 9);False;1;1999
MoveEast;(3, 9);Idle;(9, 9);False;1;2000
;(3, 9);Idle;(9, 9);False;1;2001
;(3, 9);Idle;(9, 9);False;1;2002
MoveEast;(4, 9);Idle;(9, 9);False;1;2003
;(4, 9);Idle;(9, 9);False;1;2004
;(4, 9);Idle;(9, 9);False;1;2005
;(4, 9);Idle;(9, 9);False;1;2006
;(4, 9);Idle;(9, 9);False;1;2007
;(4, 9);Idle;(9, 9);False;1;2008
;(4, 9);Idle;(9, 9);False;1;2009
;(4, 9);Idle;(9, 9);False;1;2010
;(4, 9);Idle;(9, 9);False;1;2011
;(4, 9);Idle;(9, 9);False;1;2012
;(4, 9);Idle;(9, 9);False;1;2013
MoveEast;(5, 9);Idle;(9, 9);False;1;2014
;(5, 9);Idle;(9, 9);False;1;2015
;(5, 9);Idle;(9, 9);False;1;2016
MoveEast;(6, 9);Idle;(9, 9);False;1;2017
;(6, 9);Idle;(9, 9);False;1;2018
;(6, 9);Idle;(9, 9);False;1;2019
;(6, 9);Idle;(9, 9);False;1;2020
;(6, 9);Idle;(9, 9);False;1;2021
MoveEast;(7, 9);Idle;(9, 9);False;1;2022
;(7, 9);Idle;(9, 9);False;1;2023
;(7, 9);Idle;(9, 9);False;1;2024
;(7, 9);Idle;(9, 9);False;1;2025
;(7, 9);Idle;(9, 9);False;1;2026
MoveEast;(8, 9);Idle;(9, 9);False;1;2027
;(8, 9);Idle;(9, 9);False;1;2028
;(8, 9);Idle;(9, 9);False;1;2029
;(8, 9);Idle;(9, 9);False;1;2030
;(8, 9);Idle;(9, 9);False;1;2031
MoveEast;(9, 9);Idle;(9, 9);False;1;2032
;(9, 9);Idle;(9, 9);False;1;2033
MoveEast;(10, 9);Idle;(9, 9);False;1;2034
;(10, 9);Idle;(9, 9);False;1;2035
;(10, 9);Idle;(9, 9);False;1;2036
;(10, 9);Idle;(9, 9);False;1;2037
;(10, 9);Idle;(9, 9);False;1;2038
;(10, 9);Idle;(9, 9);False;1;2039
;(10, 9);;(9, 9);False;1;2040
;(10, 9);Idle;(9, 9);False;1;2041
;(10, 9);Idle;(9, 9);False;1;2042
;(10, 9);Idle;(9, 9);False;1;2043
;(10, 9);Idle;(9, 9);False;1;2044
;(10, 9);Idle;(9, 9);False;1;2045
;(10, 9);Idle;(9, 9);False;1;2046
;(10, 9);Idle;(9, 9);False;1;2047
;(10, 9);Idle;(9, 9);False;1;2048
;(10, 9);Idle;(9, 9);False;1;2049
MoveSouth;(10, 10);Idle;(9, 9);False;1;2050
;(10, 10);Idle;(9, 9);False;1;2051
;(10, 10);Idle;(9, 9);False;1;2052
;(10, 10);Idle;(9, 9);False;1;2053
;(10, 10);Idle;(9, 9);False;1;2054
;(10, 10);Idle;(9, 9);False;1;2055
;(10, 10);Idle;(9, 9);False;1;2056
;(10, 10);Idle;(9, 9);False;1;2057
;(10, 10);Idle;(9, 9);False;1;2058
;(10, 10);Idle;(9, 9);False;1;2059
;(10, 10);Idle;(9, 9);False;1;2060
;(10, 10);Idle;(9, 9);False;1;2061
;(10, 10);Idle;(9, 9);False;1;2062
;(10, 10);Idle;(9, 9);False;1;2063
;(10, 10);Idle;(9, 9);False;1;2064
;(10, 10);Idle;(9, 9);False;1;2065
;(10, 10);Idle;(9, 9);False;1;2066
;(10, 10);Idle;(9, 9);False;1;2067
;(10, 10);Idle;(9, 9);False;1;2068
GrabObject;(10, 10);Idle;(9, 9);False;1;2069
;(10, 10);Idle;(9, 9);False;1;2070
;(10, 10);Idle;(9, 9);False;1;2071
;(10, 10);Idle;(9, 9);False;1;2072
;(10, 10);Idle;(9, 9);False;1;2073
;(10, 10);Idle;(9, 9);False;1;2074
;(10, 10);Idle;(9, 9);False;1;2075
;(10, 10);Idle;(9, 9);False;1;2076
;(10, 10);Idle;(9, 9);False;1;2077
;(10, 10);Idle;(9, 9);False;1;2078
;(10, 10);Idle;(9, 9);False;1;2079
;(10, 10);Idle;(9, 9);False;1;2080
MoveWest;(9, 10);Idle;(9, 9);False;1;2081
;(9, 10);Idle;(9, 9);False;1;2082
;(9, 10);Idle;(9, 9);False;1;2083
MoveWest;(8, 10);Idle;(9, 9);False;1;2084
;(8, 10);Idle;(9, 9);False;1;2085
;(8, 10);Idle;(9, 9);False;1;2086
MoveWest;(7, 10);Idle;(9, 9);False;1;2087
;(7, 10);Idle;(9, 9);False;1;2088
;(7, 10);Idle;(9, 9);False;1;2089
MoveWest;(6, 10);Idle;(9, 9);False;1;2090
;(6, 10);Idle;(9, 9);False;1;2091
;(6, 10);Idle;(9, 9);False;1;2092
;(6, 10);Idle;(9, 9);False;1;2093
MoveWest;(5, 10);Idle;(9, 9);False;1;2094
;(5, 10);Idle;(9, 9);False;1;2095
;(5, 10);;(9, 9);False;1;2096
MoveWest;(4, 10);Idle;(9, 9);False;1;2097
;(4, 10);Idle;(9, 9);False;1;2098
;(4, 10);Idle;(9, 9);False;1;2099
MoveWest;(3, 10);Idle;(9, 9);False;1;2100
;(3, 10);Idle;(9, 9);False;1;2101
;(3, 10);Idle;(9, 9);False;1;2102
;(3, 10);Idle;(9, 9);False;1;2103
;(3, 10);Idle;(9, 9);False;1;2104
;(3, 10);Idle;(9, 9);False;1;2105
;(3, 10);Idle;(9, 9);False;1;2106
DropObject;(3, 10);Idle;(9, 9);False;1;2107
;(3, 10);Idle;(9, 9);False;1;2108
;(3, 10);Idle;(9, 9);False;1;2109
;(3, 10);Idle;(9, 9);False;1;2110
;(3, 10);Idle;(9, 9);False;1;2111
;(3, 10);Idle;(9, 9);False;1;2112
;(3, 10);Idle;(9, 9);False;1;2113
;(3, 10);Idle;(9, 9);False;1;2114
;(3, 10);Idle;(9, 9);False;1;2115
;(3, 10);Idle;(9, 9);False;1;2116
;(3, 10);Idle;(9, 9);False;1;2117
MoveEast;(4, 10);Idle;(9, 9);False;1;2118
;(4, 10);Idle;(9, 9);False;1;2119
;(4, 10);Idle;(9, 9);False;1;2120
;(4, 10);Idle;(9, 9);False;1;2121
;(4, 10);Idle;(9, 9);False;1;2122
;(4, 10);Idle;(9, 9);False;1;2123
;(4, 10);Idle;(9, 9);False;1;2124
;(4, 10);Idle;(9, 9);False;1;2125
;(4, 10);Idle;(9, 9);False;1;2126
MoveEast;(5, 10);Idle;(9, 9);False;1;2127
;(5, 10);Idle;(9, 9);False;1;2128
;(5, 10);Idle;(9, 9);False;1;2129
;(5, 10);Idle;(9, 9);False;1;2130
MoveEast;(6, 10);Idle;(9, 9);False;1;2131
;(6, 10);Idle;(9, 9);False;1;2132
;(6, 10);Idle;(9, 9);False;1;2133
;(6, 10);Idle;(9, 9);False;1;2134
MoveEast;(7, 10);Idle;(9, 9);False;1;2135
;(7, 10);Idle;(9, 9);False;1;2136
;(7, 10);Idle;(9, 9);False;1;2137
;(7, 10);Idle;(9, 9);False;1;2138
;(7, 10);Idle;(9, 9);False;1;2139
;(7, 10);Idle;(9, 9);False;1;2140
;(7, 10);Idle;(9, 9);False;1;2141
MoveEast;(8, 10);Idle;(9, 9);False;1;2142
;(8, 10);Idle;(9, 9);False;1;2143
;(8, 10);Idle;(9, 9);False;1;2144
;(8, 10);Idle;(9, 9);False;1;2145
;(8, 10);Idle;(9, 9);False;1;2146
;(8, 10);Idle;(9, 9);False;1;2147
;(8, 10);Idle;(9, 9);False;1;2148
;(8, 10);Idle;(9, 9);False;1;2149
;(8, 10);Idle;(9, 9);False;1;2150
;(8, 10);Idle;(9, 9);False;1;2151
;(8, 10);;(9, 9);False;1;2152
;(8, 10);Idle;(9, 9);False;1;2153
;(8, 10);Idle;(9, 9);False;1;2154
;(8, 10);Idle;(9, 9);False;1;2155
;(8, 10);Idle;(9, 9);False;1;2156
;(8, 10);Idle;(9, 9);False;1;2157
;(8, 10);Idle;(9, 9);False;1;2158
;(8, 10);Idle;(9, 9);False;1;2159
;(8, 10);Idle;(9, 9);False;1;2160
;(8, 10);Idle;(9, 9);False;1;2161
;(8, 10);Idle;(9, 9);False;1;2162
;(8, 10);Idle;(9, 9);False;1;2163
;(8, 10);Idle;(9, 9);False;1;2164
;(8, 10);Idle;(9, 9);False;1;2165
;(8, 10);Idle;(9, 9);False;1;2166
;(8, 10);Idle;(9, 9);False;1;2167
;(8, 10);Idle;(9, 9);False;1;2168
;(8, 10);Idle;(9, 9);False;1;2169
GrabObject;(8, 10);Idle;(9, 9);False;1;2170
;(8, 10);Idle;(9, 9);False;1;2171
;(8, 10);Idle;(9, 9);False;1;2172
;(8, 10);Idle;(9, 9);False;1;2173
;(8, 10);Idle;(9, 9);False;1;2174
;(8, 10);Idle;(9, 9);False;1;2175
;(8, 10);Idle;(9, 9);False;1;2176
MoveWest;(7, 10);Idle;(9, 9);False;1;2177
;(7, 10);Idle;(9, 9);False;1;2178
;(7, 10);Idle;(9, 9);False;1;2179
;(7, 10);Idle;(9, 9);False;1;2180
MoveWest;(6, 10);Idle;(9, 9);False;1;2181
;(6, 10);Idle;(9, 9);False;1;2182
;(6, 10);Idle;(9, 9);False;1;2183
;(6, 10);Idle;(9, 9);False;1;2184
MoveWest;(5, 10);Idle;(9, 9);False;1;2185
;(5, 10);Idle;(9, 9);False;1;2186
;(5, 10);Idle;(9, 9);False;1;2187
MoveWest;(4, 10);Idle;(9, 9);False;1;2188
;(4, 10);Idle;(9, 9);False;1;2189
;(4, 10);Idle;(9, 9);False;1;2190
;(4, 10);Idle;(9, 9);False;1;2191
MoveWest;(3, 10);Idle;(9, 9);False;1;2192
;(3, 10);Idle;(9, 9);False;1;2193
;(3, 10);Idle;(9, 9);False;1;2194
MoveWest;(2, 10);Idle;(9, 9);False;1;2195
;(2, 10);Idle;(9, 9);False;1;2196
;(2, 10);Idle;(9, 9);False;1;2197
;(2, 10);Idle;(9, 9);False;1;2198
DropObject;(2, 10);Idle;(9, 9);False;1;2199
;(2, 10);Idle;(9, 9);False;1;2200
;(2, 10);Idle;(9, 9);False;1;2201
;(2, 10);Idle;(9, 9);False;1;2202
;(2, 10);Idle;(9, 9);False;1;2203
;(2, 10);Idle;(9, 9);False;1;2204
;(2, 10);Idle;(9, 9);False;1;2205
;(2, 10);Idle;(9, 9);False;1;2206
;(2, 10);Idle;(9, 9);False;1;2207
;(2, 10);;(9, 9);False;1;2208
;(2, 10);Idle;(9, 9);False;1;2209
;(2, 10);Idle;(9, 9);False;1;2210
;(2, 10);Idle;(9, 9);False;1;2211
MoveEast;(3, 10);Idle;(9, 9);False;1;2212
;(3, 10);Idle;(9, 9);False;1;2213
;(3, 10);Idle;(9, 9);False;1;2214
;(3, 10);Idle;(9, 9);False;1;2215
;(3, 10);Idle;(9, 9);False;1;2216
MoveEast;(4, 10);Idle;(9, 9);False;1;2217
;(4, 10);Idle;(9, 9);False;1;2218
MoveEast;(5, 10);Idle;(9, 9);False;1;2219
;(5, 10);Idle;(9, 9);False;1;2220
;(5, 10);Idle;(9, 9);False;1;2221
MoveEast;(6, 10);Idle;(9, 9);False;1;2222
;(6, 10);Idle;(9, 9);False;1;2223
;(6, 10);Idle;(9, 9);False;1;2224
;(6, 10);Idle;(9, 9);False;1;2225
;(6, 10);Idle;(9, 9);False;1;2226
;(6, 10);Idle;(9, 9);False;1;2227
MoveEast;(7, 10);Idle;(9, 9);False;1;2228
;(7, 10);Idle;(9, 9);False;1;2229
;(7, 10);Idle;(9, 9);False;1;2230
;(7, 10);Idle;(9, 9);False;1;2231
;(7, 10);Idle;(9, 9);False;1;2232
;(7, 10);Idle;(9, 9);False;1;2233
;(7, 10);Idle;(9, 9);False;1;2234
MoveEast;(8, 10);Idle;(9, 9);False;1;2235
;(8, 10);Idle;(9, 9);False;1;2236
;(8, 10);Idle;(9, 9);False;1;2237
;(8, 10);Idle;(9, 9);False;1;2238
;(8, 10);Idle;(9, 9);False;1;2239
;(8, 10);Idle;(9, 9);False;1;2240
;(8, 10);Idle;(9, 9);False;1;2241
;(8, 10);Idle;(9, 9);False;1;2242
;(8, 10);Idle;(9, 9);False;1;2243
;(8, 10);Idle;(9, 9);False;1;2244
;(8, 10);Idle;(9, 9);False;1;2245
;(8, 10);Idle;(9, 9);False;1;2246
;(8, 10);Idle;(9, 9);False;1;2247
;(8, 10);Idle;(9, 9);False;1;2248
;(8, 10);Idle;(9, 9);False;1;2249
;(8, 10);Idle;(9, 9);False;1;2250
;(8, 10);Idle;(9, 9);False;1;2251
;(8, 10);Idle;(9, 9);False;1;2252
;(8, 10);Idle;(9, 9);False;1;2253
;(8, 10);Idle;(9, 9);False;1;2254
;(8, 10);Idle;(9, 9);False;1;2255
;(8, 10);Idle;(9, 9);False;1;2256
;(8, 10);Idle;(9, 9);False;1;2257
MoveNorth;(8, 9);Idle;(9, 9);False;1;2258
;(8, 9);Idle;(9, 9);False;1;2259
;(8, 9);Idle;(9, 9);False;1;2260
;(8, 9);Idle;(9, 9);False;1;2261
;(8, 9);Idle;(9, 9);False;1;2262
;(8, 9);Idle;(9, 9);False;1;2263
;(8, 9);;(9, 9);False;1;2264
;(8, 9);Idle;(9, 9);False;1;2265
;(8, 9);Idle;(9, 9);False;1;2266
;(8, 9);Idle;(9, 9);False;1;2267
;(8, 9);Idle;(9, 9);False;1;2268
MoveEast;(9, 9);Idle;(9, 9);False;1;2269
;(9, 9);Idle;(9, 9);False;1;2270
;(9, 9);Idle;(9, 9);False;1;2271
;(9, 9);Idle;(9, 9);False;1;2272
;(9, 9);Idle;(9, 9);False;1;2273
;(9, 9);Idle;(9, 9);False;1;2274
;(9, 9);Idle;(9, 9);False;1;2275
;(9, 9);Idle;(9, 9);False;1;2276
;(9, 9);Idle;(9, 9);False;1;2277
;(9, 9);Idle;(9, 9);False;1;2278
;(9, 9);Idle;(9, 9);False;1;2279
;(9, 9);Idle;(9, 9);False;1;2280
;(9, 9);Idle;(9, 9);False;1;2281
;(9, 9);Idle;(9, 9);False;1;2282
;(9, 9);Idle;(9, 9);False;1;2283
;(9, 9);Idle;(9, 9);False;1;2284
;(9, 9);Idle;(9, 9);False;1;2285
;(9, 9);Idle;(9, 9);False;1;2286
;(9, 9);Idle;(9, 9);False;1;2287
;(9, 9);Idle;(9, 9);False;1;2288
;(9, 9);Idle;(9, 9);False;1;2289
;(9, 9);Idle;(9, 9);False;1;2290
MoveWest;(8, 9);Idle;(9, 9);False;1;2291
;(8, 9);Idle;(9, 9);False;1;2292
;(8, 9);Idle;(9, 9);False;1;2293
;(8, 9);Idle;(9, 9);False;1;2294
;(8, 9);Idle;(9, 9);False;1;2295
MoveWest;(7, 9);Idle;(9, 9);False;1;2296
;(7, 9);Idle;(9, 9);False;1;2297
;(7, 9);Idle;(9, 9);False;1;2298
;(7, 9);Idle;(9, 9);False;1;2299
;(7, 9);Idle;(9, 9);False;1;2300
;(7, 9);Idle;(9, 9);False;1;2301
MoveWest;(6, 9);Idle;(9, 9);False;1;2302
;(6, 9);Idle;(9, 9);False;1;2303
;(6, 9);Idle;(9, 9);False;1;2304
;(6, 9);Idle;(9, 9);False;1;2305
;(6, 9);Idle;(9, 9);False;1;2306
;(6, 9);Idle;(9, 9);False;1;2307
;(6, 9);Idle;(9, 9);False;1;2308
;(6, 9);Idle;(9, 9);False;1;2309
;(6, 9);Idle;(9, 9);False;1;2310
;(6, 9);Idle;(9, 9);False;1;2311
;(6, 9);Idle;(9, 9);False;1;2312
;(6, 9);Idle;(9, 9);False;1;2313
MoveSouth;(6, 10);Idle;(9, 9);False;1;2314
;(6, 10);Idle;(9, 9);False;1;2315
;(6, 10);Idle;(9, 9);False;1;2316
;(6, 10);Idle;(9, 9);False;1;2317
;(6, 10);Idle;(9, 9);False;1;2318
;(6, 10);Idle;(9, 9);False;1;2319
;(6, 10);;(9, 9);False;1;2320
;(6, 10);Idle;(9, 9);False;1;2321
;(6, 10);Idle;(9, 9);False;1;2322
;(6, 10);Idle;(9, 9);False;1;2323
;(6, 10);Idle;(9, 9);False;1;2324
MoveEast;(7, 10);Idle;(9, 9);False;1;2325
;(7, 10);Idle;(9, 9);False;1;2326
;(7, 10);Idle;(9, 9);False;1;2327
;(7, 10);Idle;(9, 9);False;1;2328
;(7, 10);Idle;(9, 9);False;1;2329
;(7, 10);Idle;(9, 9);False;1;2330
;(7, 10);Idle;(9, 9);False;1;2331
;(7, 10);Idle;(9, 9);False;1;2332
;(7, 10);Idle;(9, 9);False;1;2333
;(7, 10);Idle;(9, 9);False;1;2334
;(7, 10);Idle;(9, 9);False;1;2335
;(7, 10);Idle;(9, 9);False;1;2336
;(7, 10);Idle;(9, 9);False;1;2337
;(7, 10);Idle;(9, 9);False;1;2338
;(7, 10);Idle;(9, 9);False;1;2339
;(7, 10);Idle;(9, 9);False;1;2340
;(7, 10);Idle;(9, 9);False;1;2341
;(7, 10);Idle;(9, 9);False;1;2342
;(7, 10);Idle;(9, 9);False;1;2343
;(7, 10);Idle;(9, 9);False;1;2344
;(7, 10);Idle;(9, 9);False;1;2345
;(7, 10);Idle;(9, 9);False;1;2346
GrabObject;(7, 10);Idle;(9, 9);False;1;2347
;(7, 10);Idle;(9, 9);False;1;2348
;(7, 10);Idle;(9, 9);False;1;2349
MoveWest;(6, 10);Idle;(9, 9);False;1;2350
;(6, 10);Idle;(9, 9);False;1;2351
;(6, 10);Idle;(9, 9);False;1;2352
;(6, 10);Idle;(9, 9);False;1;2353
MoveWest;(5, 10);Idle;(9, 9);False;1;2354
;(5, 10);Idle;(9, 9);False;1;2355
;(5, 10);Idle;(9, 9);False;1;2356
MoveWest;(4, 10);Idle;(9, 9);False;1;2357
;(4, 10);Idle;(9, 9);False;1;2358
;(4, 10);Idle;(9, 9);False;1;2359
MoveWest;(3, 10);Idle;(9, 9);False;1;2360
;(3, 10);Idle;(9, 9);False;1;2361
;(3, 10);Idle;(9, 9);False;1;2362
;(3, 10);Idle;(9, 9);False;1;2363
;(3, 10);Idle;(9, 9);False;1;2364
;(3, 10);Idle;(9, 9);False;1;2365
;(3, 10);Idle;(9, 9);False;1;2366
MoveWest;(2, 10);Idle;(9, 9);False;1;2367
;(2, 10);Idle;(9, 9);False;1;2368
MoveWest;(1, 10);Idle;(9, 9);False;1;2369
;(1, 10);Idle;(9, 9);False;1;2370
;(1, 10);Idle;(9, 9);False;1;2371
DropObject;(1, 10);Idle;(9, 9);False;1;2372
;(1, 10);Idle;(9, 9);False;1;2373
;(1, 10);Idle;(9, 9);False;1;2374
;(1, 10);Idle;(9, 9);False;1;2375
;(1, 10);;(9, 9);False;1;2376
;(1, 10);Idle;(9, 9);False;1;2377
;(1, 10);Idle;(9, 9);False;1;2378
;(1, 10);Idle;(9, 9);False;1;2379
;(1, 10);Idle;(9, 9);False;1;2380
;(1, 10);Idle;(9, 9);False;1;2381
;(1, 10);Idle;(9, 9);False;1;2382
MoveEast;(2, 10);Idle;(9, 9);False;1;2383
;(2, 10);Idle;(9, 9);False;1;2384
;(2, 10);Idle;(9, 9);False;1;2385
;(2, 10);Idle;(9, 9);False;1;2386
;(2, 10);Idle;(9, 9);False;1;2387
MoveEast;(3, 10);Idle;(9, 9);False;1;2388
;(3, 10);Idle;(9, 9);False;1;2389
MoveEast;(4, 10);Idle;(9, 9);False;1;2390
;(4, 10);Idle;(9, 9);False;1;2391
;(4, 10);Idle;(9, 9);False;1;2392
;(4, 10);Idle;(9, 9);False;1;2393
;(4, 10);Idle;(9, 9);False;1;2394
MoveEast;(5, 10);Idle;(9, 9);False;1;2395
;(5, 10);Idle;(9, 9);False;1;2396
;(5, 10);Idle;(9, 9);False;1;2397
;(5, 10);Idle;(9, 9);False;1;2398
MoveEast;(6, 10);Idle;(9, 9);False;1;2399
;(6, 10);Idle;(9, 9);False;1;2400
;(6, 10);Idle;(9, 9);False;1;2401
MoveEast;(7, 10);Idle;(9, 9);False;1;2402
;(7, 10);Idle;(9, 9);False;1;2403
;(7, 10);Idle;(9, 9);False;1;2404
;(7, 10);Idle;(9, 9);False;1;2405
;(7, 10);Idle;(9, 9);False;1;2406
MoveEast;(8, 10);Idle;(9, 9);False;1;2407
;(8, 10);Idle;(9, 9);False;1;2408
;(8, 10);Idle;(9, 9);False;1;2409
;(8, 10);Idle;(9, 9);False;1;2410
;(8, 10);Idle;(9, 9);False;1;2411
;(8, 10);Idle;(9, 9);False;1;2412
;(8, 10);Idle;(9, 9);False;1;2413
;(8, 10);Idle;(9, 9);False;1;2414
;(8, 10);Idle;(9, 9);False;1;2415
;(8, 10);Idle;(9, 9);False;1;2416
;(8, 10);Idle;(9, 9);False;1;2417
;(8, 10);Idle;(9, 9);False;1;2418
;(8, 10);Idle;(9, 9);False;1;2419
;(8, 10);Idle;(9, 9);False;1;2420
MoveNorth;(8, 9);Idle;(9, 9);False;1;2421
;(8, 9);Idle;(9, 9);False;1;2422
;(8, 9);Idle;(9, 9);False;1;2423
;(8, 9);Idle;(9, 9);False;1;2424
;(8, 9);Idle;(9, 9);False;1;2425
;(8, 9);Idle;(9, 9);False;1;2426
;(8, 9);Idle;(9, 9);False;1;2427
;(8, 9);Idle;(9, 9);False;1;2428
;(8, 9);Idle;(9, 9);False;1;2429
;(8, 9);Idle;(9, 9);False;1;2430
;(8, 9);Idle;(9, 9);False;1;2431
;(8, 9);;(9, 9);False;1;2432
MoveEast;(9, 9);Idle;(9, 9);False;1;2433
;(9, 9);Idle;(9, 9);False;1;2434
;(9, 9);Idle;(9, 9);False;1;2435
;(9, 9);Idle;(9, 9);False;1;2436
;(9, 9);Idle;(9, 9);False;1;2437
;(9, 9);Idle;(9, 9);False;1;2438
;(9, 9);Idle;(9, 9);False;1;2439
;(9, 9);Idle;(9, 9);False;1;2440
;(9, 9);Idle;(9, 9);False;1;2441
;(9, 9);Idle;(9, 9);False;1;2442
;(9, 9);Idle;(9, 9);False;1;2443
;(9, 9);Idle;(9, 9);False;1;2444
;(9, 9);Idle;(9, 9);False;1;2445
;(9, 9);Idle;(9, 9);False;1;2446
;(9, 9);Idle;(9, 9);False;1;2447
;(9, 9);Idle;(9, 9);False;1;2448
;(9, 9);Idle;(9, 9);False;1;2449
;(9, 9);Idle;(9, 9);False;1;2450
;(9, 9);Idle;(9, 9);False;1;2451
;(9, 9);Idle;(9, 9);False;1;2452
GrabObject;(9, 9);Idle;(9, 9);False;1;2453
;(9, 9);Idle;(9, 9);False;1;2454
;(9, 9);Idle;(9, 9);False;1;2455
;(9, 9);Idle;(9, 9);False;1;2456
MoveWest;(8, 9);Idle;(9, 9);False;1;2457
;(8, 9);Idle;(9, 9);False;1;2458
;(8, 9);Idle;(9, 9);False;1;2459
;(8, 9);Idle;(9, 9);False;1;2460
MoveWest;(7, 9);Idle;(9, 9);False;1;2461
;(7, 9);Idle;(9, 9);False;1;2462
;(7, 9);Idle;(9, 9);False;1;2463
;(7, 9);Idle;(9, 9);False;1;2464
;(7, 9);Idle;(9, 9);False;1;2465
;(7, 9);Idle;(9, 9);False;1;2466
;(7, 9);Idle;(9, 9);False;1;2467
MoveWest;(6, 9);Idle;(9, 9);False;1;2468
;(6, 9);Idle;(9, 9);False;1;2469
;(6, 9);Idle;(9, 9);False;1;2470
;(6, 9);Idle;(9, 9);False;1;2471
;(6, 9);Idle;(9, 9);False;1;2472
;(6, 9);Idle;(9, 9);False;1;2473
;(6, 9);Idle;(9, 9);False;1;2474
MoveWest;(5, 9);Idle;(9, 9);False;1;2475
;(5, 9);Idle;(9, 9);False;1;2476
;(5, 9);Idle;(9, 9);False;1;2477
;(5, 9);Idle;(9, 9);False;1;2478
MoveWest;(4, 9);Idle;(9, 9);False;1;2479
;(4, 9);Idle;(9, 9);False;1;2480
;(4, 9);Idle;(9, 9);False;1;2481
MoveWest;(3, 9);Idle;(9, 9);False;1;2482
;(3, 9);Idle;(9, 9);False;1;2483
;(3, 9);Idle;(9, 9);False;1;2484
;(3, 9);Idle;(9, 9);False;1;2485
;(3, 9);Idle;(9, 9);False;1;2486
;(3, 9);Idle;(9, 9);False;1;2487
;(3, 9);;(9, 9);False;1;2488
;(3, 9);Idle;(9, 9);False;1;2489
;(3, 9);Idle;(9, 9);False;1;2490
;(3, 9);Idle;(9, 9);False;1;2491
;(3, 9);Idle;(9, 9);False;1;2492
;(3, 9);Idle;(9, 9);False;1;2493
;(3, 9);Idle;(9, 9);False;1;2494
;(3, 9);Idle;(9, 9);False;1;2495
;(3, 9);Idle;(9, 9);False;1;2496
;(3, 9);Idle;(9, 9);False;1;2497
;(3, 9);Idle;(9, 9);False;1;2498
;(3, 9);Idle;(9, 9);False;1;2499
;(3, 9);Idle;(9, 9);False;1;2500
;(3, 9);Idle;(9, 9);False;1;2501
;(3, 9);Idle;(9, 9);False;1;2502
;(3, 9);Idle;(9, 9);False;1;2503
;(3, 9);Idle;(9, 9);False;1;2504
;(3, 9);Idle;(9, 9);False;1;2505
;(3, 9);Idle;(9, 9);False;1;2506
;(3, 9);Idle;(9, 9);False;1;2507
;(3, 9);Idle;(9, 9);False;1;2508
;(3, 9);Idle;(9, 9);False;1;2509
;(3, 9);Idle;(9, 9);False;1;2510
;(3, 9);Idle;(9, 9);False;1;2511
;(3, 9);Idle;(9, 9);False;1;2512
;(3, 9);Idle;(9, 9);False;1;2513
;(3, 9);Idle;(9, 9);False;1;2514
;(3, 9);Idle;(9, 9);False;1;2515
;(3, 9);Idle;(9, 9);False;1;2516
;(3, 9);Idle;(9, 9);False;1;2517
;(3, 9);Idle;(9, 9);False;1;2518
;(3, 9);Idle;(9, 9);False;1;2519
;(3, 9);Idle;(9, 9);False;1;2520
;(3, 9);Idle;(9, 9);False;1;2521
;(3, 9);Idle;(9, 9);False;1;2522
;(3, 9);Idle;(9, 9);False;1;2523
;(3, 9);Idle;(9, 9);False;1;2524
;(3, 9);Idle;(9, 9);False;1;2525
;(3, 9);Idle;(9, 9);False;1;2526
;(3, 9);Idle;(9, 9);False;1;2527
;(3, 9);Idle;(9, 9);False;1;2528
;(3, 9);Idle;(9, 9);False;1;2529
;(3, 9);Idle;(9, 9);False;1;2530
;(3, 9);Idle;(9, 9);False;1;2531
;(3, 9);Idle;(9, 9);False;1;2532
;(3, 9);Idle;(9, 9);False;1;2533
;(3, 9);Idle;(9, 9);False;1;2534
;(3, 9);Idle;(9, 9);False;1;2535
;(3, 9);Idle;(9, 9);False;1;2536
;(3, 9);Idle;(9, 9);False;1;2537
;(3, 9);Idle;(9, 9);False;1;2538
;(3, 9);Idle;(9, 9);False;1;2539
;(3, 9);Idle;(9, 9);False;1;2540
;(3, 9);Idle;(9, 9);False;1;2541
;(3, 9);Idle;(9, 9);False;1;2542
;(3, 9);Idle;(9, 9);False;1;2543
;(3, 9);;(9, 9);False;1;2544
;(3, 9);MoveEast;(9, 9);False;1;2545
;(3, 9);MoveEast;(9, 9);False;1;2546
;(3, 9);MoveEast;(9, 9);False;1;2547
;(3, 9);MoveEast;(9, 9);False;1;2548
;(3, 9);MoveEast;(9, 9);False;1;2549
;(3, 9);MoveEast;(9, 9);False;1;2550
;(3, 9);MoveEast;(9, 9);False;1;2551
;(3, 9);MoveEast;(9, 9);False;1;2552
;(3, 9);MoveEast;(9, 9);False;1;2553
;(3, 9);MoveEast;(9, 9);False;1;2554
;(3, 9);MoveEast;(10, 9);False;1;2555
;(3, 9);MoveEast;(10, 9);False;1;2556
;(3, 9);MoveEast;(10, 9);False;1;2557
;(3, 9);MoveEast;(10, 9);False;1;2558
;(3, 9);MoveEast;(10, 9);False;1;2559
;(3, 9);MoveEast;(10, 9);False;1;2560
;(3, 9);MoveEast;(10, 9);False;1;2561
;(3, 9);MoveEast;(10, 9);False;1;2562
;(3, 9);MoveEast;(10, 9);False;1;2563
;(3, 9);MoveEast;(10, 9);False;1;2564
;(3, 9);MoveEast;(10, 9);False;1;2565
;(3, 9);MoveEast;(11, 9);False;1;2566
;(3, 9);MoveEast;(11, 9);False;1;2567
;(3, 9);MoveEast;(11, 9);False;1;2568
;(3, 9);MoveEast;(11, 9);False;1;2569
;(3, 9);MoveEast;(11, 9);False;1;2570
;(3, 9);MoveEast;(11, 9);False;1;2571
;(3, 9);MoveEast;(11, 9);False;1;2572
;(3, 9);MoveEast;(11, 9);False;1;2573
;(3, 9);MoveEast;(11, 9);False;1;2574
;(3, 9);MoveEast;(11, 9);False;1;2575
;(3, 9);MoveEast;(11, 9);False;1;2576
;(3, 9);MoveEast;(12, 9);False;1;2577
;(3, 9);BreakObject;(12, 9);False;1;2578
;(3, 9);BreakObject;(12, 9);False;1;2579
;(3, 9);BreakObject;(12, 9);False;1;2580
;(3, 9);BreakObject;(12, 9);False;1;2581
;(3, 9);BreakObject;(12, 9);False;1;2582
;(3, 9);BreakObject;(12, 9);False;1;2583
;(3, 9);BreakObject;(12, 9);False;1;2584
;(3, 9);BreakObject;(12, 9);False;1;2585
;(3, 9);BreakObject;(12, 9);False;1;2586
;(3, 9);BreakObject;(12, 9);False;1;2587
;(3, 9);BreakObject;(12, 9);False;1;2588
;(3, 9);;(12, 9);False;1;2589
;(3, 9);MoveEast;(12, 9);False;1;2590
;(3, 9);MoveEast;(12, 9);False;1;2591
;(3, 9);MoveEast;(12, 9);False;1;2592
;(3, 9);MoveEast;(12, 9);False;1;2593
;(3, 9);MoveEast;(12, 9);False;1;2594
;(3, 9);MoveEast;(12, 9);False;1;2595
;(3, 9);MoveEast;(12, 9);False;1;2596
;(3, 9);MoveEast;(12, 9);False;1;2597
;(3, 9);MoveEast;(12, 9);False;1;2598
;(3, 9);MoveEast;(12, 9);False;1;2599
;(3, 9);MoveEast;(13, 9);False;1;2600
;(3, 9);MoveEast;(13, 9);False;1;2601
;(3, 9);MoveEast;(13, 9);False;1;2602
;(3, 9);MoveEast;(13, 9);False;1;2603
;(3, 9);MoveEast;(13, 9);False;1;2604
;(3, 9);MoveEast;(13, 9);False;1;2605
;(3, 9);MoveEast;(13, 9);False;1;2606
;(3, 9);MoveEast;(13, 9);False;1;2607
;(3, 9);MoveEast;(13, 9);False;1;2608
;(3, 9);MoveEast;(13, 9);False;1;2609
;(3, 9);MoveEast;(13, 9);False;1;2610
;(3, 9);MoveEast;(14, 9);False;1;2611
;(3, 9);MoveWest;(14, 9);False;1;2612
;(3, 9);MoveWest;(14, 9);False;1;2613
;(3, 9);MoveWest;(14, 9);False;1;2614
;(3, 9);MoveWest;(14, 9);False;1;2615
;(3, 9);MoveWest;(14, 9);False;1;2616
;(3, 9);MoveWest;(14, 9);False;1;2617
;(3, 9);MoveWest;(14, 9);False;1;2618
;(3, 9);MoveWest;(14, 9);False;1;2619
;(3, 9);MoveWest;(14, 9);False;1;2620
;(3, 9);MoveWest;(14, 9);False;1;2621
;(3, 9);MoveWest;(13, 9);False;1;2622
;(3, 9);MoveWest;(13, 9);False;1;2623
;(3, 9);MoveWest;(13, 9);False;1;2624
;(3, 9);MoveWest;(13, 9);False;1;2625
;(3, 9);MoveWest;(13, 9);False;1;2626
;(3, 9);MoveWest;(13, 9);False;1;2627
;(3, 9);MoveWest;(13, 9);False;1;2628
;(3, 9);MoveWest;(13, 9);False;1;2629
;(3, 9);MoveWest;(13, 9);False;1;2630
;(3, 9);MoveWest;(13, 9);False;1;2631
MoveEast;(4, 9);MoveWest;(13, 9);False;1;2632
;(4, 9);MoveWest;(12, 9);False;1;2633
;(4, 9);MoveEast;(12, 9);False;1;2634
;(4, 9);MoveEast;(12, 9);False;1;2635
;(4, 9);MoveEast;(12, 9);False;1;2636
;(4, 9);MoveEast;(12, 9);False;1;2637
;(4, 9);MoveEast;(12, 9);False;1;2638
MoveEast;(5, 9);MoveEast;(12, 9);False;1;2639
;(5, 9);MoveEast;(12, 9);False;1;2640
;(5, 9);MoveEast;(12, 9);False;1;2641
;(5, 9);MoveEast;(12, 9);False;1;2642
MoveEast;(6, 9);MoveEast;(12, 9);False;1;2643
MoveEast;(7, 9);MoveEast;(13, 9);False;1;2644
;(7, 9);MoveEast;(13, 9);False;1;2645
;(7, 9);MoveEast;(13, 9);False;1;2646
;(7, 9);MoveEast;(13, 9);False;1;2647
;(7, 9);MoveEast;(13, 9);False;1;2648
;(7, 9);MoveEast;(13, 9);False;1;2649
;(7, 9);MoveEast;(13, 9);False;1;2650
;(7, 9);MoveEast;(13, 9);False;1;2651
;(7, 9);MoveEast;(13, 9);False;1;2652
;(7, 9);MoveEast;(13, 9);False;1;2653
MoveEast;(8, 9);MoveEast;(13, 9);False;1;2654
;(8, 9);MoveEast;(14, 9);False;1;2655
;(8, 9);MoveWest;(14, 9);False;1;2656
;(8, 9);MoveWest;(14, 9);False;1;2657
;(8, 9);MoveWest;(14, 9);False;1;2658
;(8, 9);MoveWest;(14, 9);False;1;2659
;(8, 9);MoveWest;(14, 9);False;1;2660
;(8, 9);MoveWest;(14, 9);False;1;2661
MoveEast;(9, 9);MoveWest;(14, 9);False;1;2662
;(9, 9);MoveWest;(14, 9);False;1;2663
;(9, 9);MoveWest;(14, 9);False;1;2664
;(9, 9);MoveWest;(14, 9);False;1;2665
;(9, 9);MoveWest;(13, 9);False;1;2666
;(9, 9);MoveWest;(13, 9);False;1;2667
;(9, 9);MoveWest;(13, 9);False;1;2668
;(9, 9);MoveWest;(13, 9);False;1;2669
;(9, 9);MoveWest;(13, 9);False;1;2670
;(9, 9);MoveWest;(13, 9);False;1;2671
;(9, 9);MoveWest;(13, 9);False;1;2672
;(9, 9);MoveWest;(13, 9);False;1;2673
;(9, 9);MoveWest;(13, 9);False;1;2674
;(9, 9);MoveWest;(13, 9);False;1;2675
;(9, 9);MoveWest;(13, 9);False;1;2676
MoveEast;(10, 9);MoveWest;(12, 9);False;1;2677
;(10, 9);MoveEast;(12, 9);False;1;2678
;(10, 9);MoveEast;(12, 9);False;1;2679
;(10, 9);MoveEast;(12, 9);False;1;2680
;(10, 9);MoveEast;(12, 9);False;1;2681
MoveEast;(11, 9);MoveEast;(12, 9);False;1;2682
;(11, 9);MoveEast;(12, 9);False;1;2683
;(11, 9);MoveEast;(12, 9);False;1;2684
;(11, 9);MoveEast;(12, 9);False;1;2685
;(11, 9);MoveEast;(12, 9);False;1;2686
;(11, 9);MoveEast;(12, 9);False;1;2687
MoveEast;(12, 9);MoveEast;(13, 9);False;1;2688
;(12, 9);MoveEast;(13, 9);False;1;2689
;(12, 9);MoveEast;(13, 9);False;1;2690
;(12, 9);MoveEast;(13, 9);False;1;2691
;(12, 9);MoveEast;(13, 9);False;1;2692
MoveNorth;(12, 8);MoveEast;(13, 9);False;1;2693
;(12, 8);MoveEast;(13, 9);False;1;2694
;(12, 8);MoveEast;(13, 9);False;1;2695
;(12, 8);MoveEast;(13, 9);False;1;2696
;(12, 8);MoveEast;(13, 9);False;1;2697
;(12, 8);MoveEast;(13, 9);False;1;2698
;(12, 8);MoveEast;(14, 9);False;1;2699
MoveNorth;(12, 7);MoveWest;(14, 9);False;1;2700
;(12, 7);MoveWest;(14, 9);False;1;2701
;(12, 7);MoveWest;(14, 9);False;1;2702
;(12, 7);MoveWest;(14, 9);False;1;2703
;(12, 7);MoveWest;(14, 9);False;1;2704
;(12, 7);MoveWest;(14, 9);False;1;2705
;(12, 7);MoveWest;(14, 9);False;1;2706
MoveNorth;(12, 6);MoveWest;(14, 9);False;1;2707
;(12, 6);MoveWest;(14, 9);False;1;2708
;(12, 6);MoveWest;(14, 9);False;1;2709
;(12, 6);MoveWest;(13, 9);False;1;2710
;(12, 6);MoveWest;(13, 9);False;1;2711
;(12, 6);MoveWest;(13, 9);False;1;2712
;(12, 6);MoveWest;(13, 9);False;1;2713
;(12, 6);MoveWest;(13, 9);False;1;2714
;(12, 6);MoveWest;(13, 9);False;1;2715
;(12, 6);MoveWest;(13, 9);False;1;2716
;(12, 6);MoveWest;(13, 9);False;1;2717
;(12, 6);MoveWest;(13, 9);False;1;2718
;(12, 6);MoveWest;(13, 9);False;1;2719
;(12, 6);MoveWest;(13, 9);False;1;2720
;(12, 6);MoveWest;(12, 9);False;1;2721
MoveSouth;(12, 7);;(12, 9);False;1;2722
;(12, 7);Idle;(12, 9);False;1;2723
;(12, 7);Idle;(12, 9);False;1;2724
;(12, 7);Idle;(12, 9);False;1;2725
;(12, 7);Idle;(12, 9);False;1;2726
;(12, 7);Idle;(12, 9);False;1;2727
;(12, 7);Idle;(12, 9);False;1;2728
;(12, 7);Idle;(12, 9);False;1;2729
;(12, 7);Idle;(12, 9);False;1;2730
;(12, 7);Idle;(12, 9);False;1;2731
;(12, 7);Idle;(12, 9);False;1;2732
;(12, 7);Idle;(12, 9);False;1;2733
;(12, 7);Idle;(12, 9);False;1;2734
;(12, 7);Idle;(12, 9);False;1;2735
;(12, 7);Idle;(12, 9);False;1;2736
;(12, 7);Idle;(12, 9);False;1;2737
;(12, 7);Idle;(12, 9);False;1;2738
;(12, 7);Idle;(12, 9);False;1;2739
;(12, 7);Idle;(12, 9);False;1;2740
;(12, 7);Idle;(12, 9);False;1;2741
;(12, 7);Idle;(12, 9);False;1;2742
;(12, 7);Idle;(12, 9);False;1;2743
;(12, 7);Idle;(12, 9);False;1;2744
;(12, 7);Idle;(12, 9);False;1;2745
;(12, 7);Idle;(12, 9);False;1;2746
;(12, 7);Idle;(12, 9);False;1;2747
;(12, 7);Idle;(12, 9);False;1;2748
;(12, 7);Idle;(12, 9);False;1;2749
;(12, 7);Idle;(12, 9);False;1;2750
;(12, 7);Idle;(12, 9);False;1;2751
;(12, 7);Idle;(12, 9);False;1;2752
;(12, 7);Idle;(12, 9);False;1;2753
;(12, 7);Idle;(12, 9);False;1;2754
;(12, 7);Idle;(12, 9);False;1;2755
;(12, 7);Idle;(12, 9);False;1;2756
;(12, 7);Idle;(12, 9);False;1;2757
;(12, 7);Idle;(12, 9);False;1;2758
;(12, 7);Idle;(12, 9);False;1;2759
;(12, 7);Idle;(12, 9);False;1;2760
;(12, 7);Idle;(12, 9);False;1;2761
;(12, 7);Idle;(12, 9);False;1;2762
;(12, 7);Idle;(12, 9);False;1;2763
;(12, 7);Idle;(12, 9);False;1;2764
;(12, 7);Idle;(12, 9);False;1;2765
;(12, 7);Idle;(12, 9);False;1;2766
;(12, 7);Idle;(12, 9);False;1;2767
;(12, 7);Idle;(12, 9);False;1;2768
;(12, 7);Idle;(12, 9);False;1;2769
;(12, 7);Idle;(12, 9);False;1;2770
;(12, 7);Idle;(12, 9);False;1;2771
;(12, 7);Idle;(12, 9);False;1;2772
;(12, 7);Idle;(12, 9);False;1;2773
;(12, 7);Idle;(12, 9);False;1;2774
;(12, 7);Idle;(12, 9);False;1;2775
;(12, 7);Idle;(12, 9);False;1;2776
;(12, 7);Idle;(12, 9);False;1;2777
;(12, 7);;(12, 9);False;1;2778
;(12, 7);Idle;(12, 9);False;1;2779
;(12, 7);Idle;(12, 9);False;1;2780
;(12, 7);Idle;(12, 9);False;1;2781
;(12, 7);Idle;(12, 9);False;1;2782
;(12, 7);Idle;(12, 9);False;1;2783
;(12, 7);Idle;(12, 9);False;1;2784
;(12, 7);Idle;(12, 9);False;1;2785
;(12, 7);Idle;(12, 9);False;1;2786
;(12, 7);Idle;(12, 9);False;1;2787
;(12, 7);Idle;(12, 9);False;1;2788
;(12, 7);Idle;(12, 9);False;1;2789
MoveSouth;(12, 8);Idle;(12, 9);False;1;2790
;(12, 8);Idle;(12, 9);False;1;2791
;(12, 8);Idle;(12, 9);False;1;2792
;(12, 8);Idle;(12, 9);False;1;2793
;(12, 8);Idle;(12, 9);False;1;2794
MoveSouth;(12, 9);Idle;(12, 9);False;1;2795
;(12, 9);Idle;(12, 9);False;1;2796
;(12, 9);Idle;(12, 9);False;1;2797
;(12, 9);Idle;(12, 9);False;1;2798
;(12, 9);Idle;(12, 9);False;1;2799
;(12, 9);Idle;(12, 9);False;1;2800
;(12, 9);Idle;(12, 9);False;1;2801
;(12, 9);Idle;(12, 9);False;1;2802
MoveWest;(11, 9);Idle;(12, 9);False;1;2803
;(11, 9);Idle;(12, 9);False;1;2804
;(11, 9);Idle;(12, 9);False;1;2805
MoveWest;(10, 9);Idle;(12, 9);False;1;2806
;(10, 9);Idle;(12, 9);False;1;2807
;(10, 9);Idle;(12, 9);False;1;2808
;(10, 9);Idle;(12, 9);False;1;2809
;(10, 9);Idle;(12, 9);False;1;2810
MoveWest;(9, 9);Idle;(12, 9);False;1;2811
;(9, 9);Idle;(12, 9);False;1;2812
;(9, 9);Idle;(12, 9);False;1;2813
;(9, 9);Idle;(12, 9);False;1;2814
MoveSouth;(9, 10);Idle;(12, 9);False;1;2815
MoveWest;(8, 10);Idle;(12, 9);False;1;2816
;(8, 10);Idle;(12, 9);False;1;2817
;(8, 10);Idle;(12, 9);False;1;2818
;(8, 10);Idle;(12, 9);False;1;2819
;(8, 10);Idle;(12, 9);False;1;2820
;(8, 10);Idle;(12, 9);False;1;2821
;(8, 10);Idle;(12, 9);False;1;2822
;(8, 10);Idle;(12, 9);False;1;2823
;(8, 10);Idle;(12, 9);False;1;2824
;(8, 10);Idle;(12, 9);False;1;2825
;(8, 10);Idle;(12, 9);False;1;2826
;(8, 10);Idle;(12, 9);False;1;2827
;(8, 10);Idle;(12, 9);False;1;2828
MoveSouth;(8, 11);Idle;(12, 9);False;1;2829
;(8, 11);Idle;(12, 9);False;1;2830
;(8, 11);Idle;(12, 9);False;1;2831
;(8, 11);Idle;(12, 9);False;1;2832
;(8, 11);Idle;(12, 9);False;1;2833
MoveWest;(7, 11);;(12, 9);False;1;2834
;(7, 11);MoveSouthWest;(12, 9);False;1;2835
;(7, 11);MoveSouthWest;(12, 9);False;1;2836
;(7, 11);MoveSouthWest;(12, 9);False;1;2837
;(7, 11);MoveSouthWest;(12, 9);False;1;2838
;(7, 11);MoveSouthWest;(12, 9);False;1;2839
;(7, 11);MoveSouthWest;(12, 9);False;1;2840
;(7, 11);MoveSouthWest;(12, 9);False;1;2841
;(7, 11);MoveSouthWest;(12, 9);False;1;2842
;(7, 11);MoveSouthWest;(12, 9);False;1;2843
;(7, 11);MoveSouthWest;(12, 9);False;1;2844
;(7, 11);MoveSouthWest;(11, 10);False;1;2845
;(7, 11);MoveWest;(11, 10);False;1;2846
;(7, 11);MoveWest;(11, 10);False;1;2847
;(7, 11);MoveWest;(11, 10);False;1;2848
;(7, 11);MoveWest;(11, 10);False;1;2849
;(7, 11);MoveWest;(11, 10);False;1;2850
;(7, 11);MoveWest;(11, 10);False;1;2851
;(7, 11);MoveWest;(11, 10);False;1;2852
MoveNorth;(7, 10);MoveWest;(11, 10);False;1;2853
;(7, 10);MoveWest;(11, 10);False;1;2854
;(7, 10);MoveWest;(11, 10);False;1;2855
;(7, 10);MoveWest;(10, 10);False;1;2856
;(7, 10);MoveWest;(10, 10);False;1;2857
;(7, 10);MoveWest;(10, 10);False;1;2858
;(7, 10);MoveWest;(10, 10);False;1;2859
;(7, 10);MoveWest;(10, 10);False;1;2860
;(7, 10);MoveWest;(10, 10);False;1;2861
;(7, 10);MoveWest;(10, 10);False;1;2862
;(7, 10);MoveWest;(10, 10);False;1;2863
;(7, 10);MoveWest;(10, 10);False;1;2864
;(7, 10);MoveWest;(10, 10);False;1;2865
MoveWest;(6, 10);MoveWest;(10, 10);False;1;2866
;(6, 10);MoveWest;(9, 10);False;1;2867
;(6, 10);MoveSouthWest;(9, 10);False;1;2868
;(6, 10);MoveSouthWest;(9, 10);False;1;2869
;(6, 10);MoveSouthWest;(9, 10);False;1;2870
;(6, 10);MoveSouthWest;(9, 10);False;1;2871
;(6, 10);MoveSouthWest;(9, 10);False;1;2872
;(6, 10);MoveSouthWest;(9, 10);False;1;2873
;(6, 10);MoveSouthWest;(9, 10);False;1;2874
;(6, 10);MoveSouthWest;(9, 10);False;1;2875
;(6, 10);MoveSouthWest;(9, 10);False;1;2876
;(6, 10);MoveSouthWest;(9, 10);False;1;2877
;(6, 10);MoveSouthWest;(8, 11);False;1;2878
;(6, 10);Idle;(8, 11);False;1;2879
;(6, 10);Idle;(8, 11);False;1;2880
;(6, 10);Idle;(8, 11);False;1;2881
;(6, 10);Idle;(8, 11);False;1;2882
;(6, 10);Idle;(8, 11);False;1;2883
;(6, 10);Idle;(8, 11);False;1;2884
;(6, 10);Idle;(8, 11);False;1;2885
;(6, 10);Idle;(8, 11);False;1;2886
;(6, 10);Idle;(8, 11);False;1;2887
;(6, 10);Idle;(8, 11);False;1;2888
GrabObject;(6, 10);Idle;(8, 11);False;1;2889
;(6, 10);;(8, 11);False;1;2890
;(6, 10);;(8, 11);False;1;2891
;(6, 10);;(8, 11);False;1;2892
;(6, 10);;(8, 11);False;1;2893
;(6, 10);;(8, 11);False;1;2894
;(6, 10);;(8, 11);False;1;2895
;(6, 10);;(8, 11);False;1;2896
;(6, 10);;(8, 11);False;1;2897
;(6, 10);;(8, 11);False;1;2898
;(6, 10);;(8, 11);False;1;2899
;(6, 10);;(8, 11);False;1;2900
;(6, 10);;(8, 11);False;1;2901
;(6, 10);;(8, 11);False;1;2902
;(6, 10);;(8, 11);False;1;2903
;(6, 10);;(8, 11);False;1;2904
;(6, 10);;(8, 11);False;1;2905
;(6, 10);;(8, 11);False;1;2906
;(6, 10);;(8, 11);False;1;2907
;(6, 10);;(8, 11);False;1;2908
;(6, 10);;(8, 11);False;1;2909
