human_selector_action;human_selector_location;robot_action;robot_location;robot_executing_cp;world_nr;tick_nr
;(3, 4);;(4, 4);False;1;0
;(3, 4);;(4, 4);False;1;1
;(3, 4);MoveEast;(4, 4);False;1;2
;(3, 4);MoveEast;(4, 4);False;1;3
;(3, 4);MoveEast;(4, 4);False;1;4
;(3, 4);MoveEast;(4, 4);False;1;5
;(3, 4);MoveEast;(4, 4);False;1;6
;(3, 4);MoveEast;(4, 4);False;1;7
;(3, 4);MoveEast;(4, 4);False;1;8
;(3, 4);MoveEast;(4, 4);False;1;9
;(3, 4);MoveEast;(4, 4);False;1;10
;(3, 4);MoveEast;(4, 4);False;1;11
;(3, 4);MoveEast;(5, 4);False;1;12
;(3, 4);MoveEast;(5, 4);False;1;13
;(3, 4);MoveEast;(5, 4);False;1;14
;(3, 4);MoveEast;(5, 4);False;1;15
;(3, 4);MoveEast;(5, 4);False;1;16
;(3, 4);MoveEast;(5, 4);False;1;17
;(3, 4);MoveEast;(5, 4);False;1;18
;(3, 4);MoveEast;(5, 4);False;1;19
;(3, 4);MoveEast;(5, 4);False;1;20
;(3, 4);MoveEast;(5, 4);False;1;21
;(3, 4);MoveEast;(5, 4);False;1;22
;(3, 4);MoveEast;(6, 4);False;1;23
;(3, 4);MoveWest;(6, 4);False;1;24
;(3, 4);MoveWest;(6, 4);False;1;25
;(3, 4);MoveWest;(6, 4);False;1;26
;(3, 4);MoveWest;(6, 4);False;1;27
;(3, 4);MoveWest;(6, 4);False;1;28
;(3, 4);MoveWest;(6, 4);False;1;29
;(3, 4);MoveWest;(6, 4);False;1;30
;(3, 4);MoveWest;(6, 4);False;1;31
;(3, 4);MoveWest;(6, 4);False;1;32
;(3, 4);MoveWest;(6, 4);False;1;33
;(3, 4);MoveWest;(5, 4);False;1;34
;(3, 4);MoveWest;(5, 4);False;1;35
;(3, 4);MoveWest;(5, 4);False;1;36
;(3, 4);MoveWest;(5, 4);False;1;37
;(3, 4);MoveWest;(5, 4);False;1;38
;(3, 4);MoveWest;(5, 4);False;1;39
;(3, 4);MoveWest;(5, 4);False;1;40
;(3, 4);MoveWest;(5, 4);False;1;41
;(3, 4);MoveWest;(5, 4);False;1;42
MoveEast;(4, 4);MoveWest;(5, 4);False;1;43
;(4, 4);MoveWest;(5, 4);False;1;44
;(4, 4);MoveWest;(4, 4);False;1;45
MoveEast;(5, 4);MoveEast;(4, 4);False;1;46
;(5, 4);MoveEast;(4, 4);False;1;47
;(5, 4);MoveEast;(4, 4);False;1;48
MoveEast;(6, 4);MoveEast;(4, 4);False;1;49
;(6, 4);MoveEast;(4, 4);False;1;50
;(6, 4);MoveEast;(4, 4);False;1;51
;(6, 4);MoveEast;(4, 4);False;1;52
;(6, 4);MoveEast;(4, 4);False;1;53
MoveEast;(7, 4);MoveEast;(4, 4);False;1;54
;(7, 4);MoveEast;(4, 4);False;1;55
;(7, 4);MoveEast;(5, 4);False;1;56
;(7, 4);MoveEast;(5, 4);False;1;57
;(7, 4);MoveEast;(5, 4);False;1;58
;(7, 4);MoveEast;(5, 4);False;1;59
;(7, 4);MoveEast;(5, 4);False;1;60
;(7, 4);MoveEast;(5, 4);False;1;61
;(7, 4);MoveEast;(5, 4);False;1;62
;(7, 4);MoveEast;(5, 4);False;1;63
;(7, 4);MoveEast;(5, 4);False;1;64
;(7, 4);MoveEast;(5, 4);False;1;65
;(7, 4);MoveEast;(5, 4);False;1;66
;(7, 4);MoveEast;(6, 4);False;1;67
;(7, 4);MoveWest;(6, 4);False;1;68
;(7, 4);MoveWest;(6, 4);False;1;69
;(7, 4);MoveWest;(6, 4);False;1;70
;(7, 4);MoveWest;(6, 4);False;1;71
;(7, 4);MoveWest;(6, 4);False;1;72
;(7, 4);MoveWest;(6, 4);False;1;73
;(7, 4);MoveWest;(6, 4);False;1;74
;(7, 4);MoveWest;(6, 4);False;1;75
;(7, 4);MoveWest;(6, 4);False;1;76
;(7, 4);MoveWest;(6, 4);False;1;77
;(7, 4);MoveWest;(5, 4);False;1;78
;(7, 4);MoveWest;(5, 4);False;1;79
;(7, 4);MoveWest;(5, 4);False;1;80
;(7, 4);MoveWest;(5, 4);False;1;81
;(7, 4);MoveWest;(5, 4);False;1;82
;(7, 4);MoveWest;(5, 4);False;1;83
;(7, 4);MoveWest;(5, 4);False;1;84
;(7, 4);MoveWest;(5, 4);False;1;85
;(7, 4);MoveWest;(5, 4);False;1;86
;(7, 4);MoveWest;(5, 4);False;1;87
;(7, 4);MoveWest;(5, 4);False;1;88
;(7, 4);MoveWest;(4, 4);False;1;89
;(7, 4);MoveEast;(4, 4);False;1;90
;(7, 4);MoveEast;(4, 4);False;1;91
;(7, 4);MoveEast;(4, 4);False;1;92
;(7, 4);MoveEast;(4, 4);False;1;93
;(7, 4);MoveEast;(4, 4);False;1;94
;(7, 4);MoveEast;(4, 4);False;1;95
;(7, 4);MoveEast;(4, 4);False;1;96
;(7, 4);MoveEast;(4, 4);False;1;97
;(7, 4);MoveEast;(4, 4);False;1;98
;(7, 4);MoveEast;(4, 4);False;1;99
;(7, 4);MoveEast;(5, 4);False;1;100
;(7, 4);MoveEast;(5, 4);False;1;101
;(7, 4);MoveEast;(5, 4);False;1;102
;(7, 4);MoveEast;(5, 4);False;1;103
;(7, 4);MoveEast;(5, 4);False;1;104
;(7, 4);MoveEast;(5, 4);False;1;105
;(7, 4);MoveEast;(5, 4);False;1;106
;(7, 4);MoveEast;(5, 4);False;1;107
;(7, 4);MoveEast;(5, 4);False;1;108
;(7, 4);MoveEast;(5, 4);False;1;109
;(7, 4);MoveEast;(5, 4);False;1;110
;(7, 4);MoveEast;(6, 4);False;1;111
;(7, 4);MoveWest;(6, 4);False;1;112
;(7, 4);MoveWest;(6, 4);False;1;113
;(7, 4);MoveWest;(6, 4);False;1;114
;(7, 4);MoveWest;(6, 4);False;1;115
;(7, 4);MoveWest;(6, 4);False;1;116
;(7, 4);MoveWest;(6, 4);False;1;117
;(7, 4);MoveWest;(6, 4);False;1;118
;(7, 4);MoveWest;(6, 4);False;1;119
;(7, 4);MoveWest;(6, 4);False;1;120
;(7, 4);MoveWest;(6, 4);False;1;121
;(7, 4);MoveWest;(5, 4);False;1;122
;(7, 4);MoveWest;(5, 4);False;1;123
;(7, 4);MoveWest;(5, 4);False;1;124
;(7, 4);MoveWest;(5, 4);False;1;125
;(7, 4);MoveWest;(5, 4);False;1;126
;(7, 4);MoveWest;(5, 4);False;1;127
;(7, 4);MoveWest;(5, 4);False;1;128
;(7, 4);MoveWest;(5, 4);False;1;129
;(7, 4);MoveWest;(5, 4);False;1;130
;(7, 4);MoveWest;(5, 4);False;1;131
;(7, 4);MoveWest;(5, 4);False;1;132
;(7, 4);MoveWest;(4, 4);False;1;133
;(7, 4);;(4, 4);False;1;134
;(7, 4);MoveEast;(4, 4);False;1;135
;(7, 4);MoveEast;(4, 4);False;1;136
;(7, 4);MoveEast;(4, 4);False;1;137
;(7, 4);MoveEast;(4, 4);False;1;138
;(7, 4);MoveEast;(4, 4);False;1;139
;(7, 4);MoveEast;(4, 4);False;1;140
;(7, 4);MoveEast;(4, 4);False;1;141
;(7, 4);MoveEast;(4, 4);False;1;142
;(7, 4);MoveEast;(4, 4);False;1;143
;(7, 4);MoveEast;(4, 4);False;1;144
;(7, 4);MoveEast;(5, 4);False;1;145
;(7, 4);MoveEast;(5, 4);False;1;146
;(7, 4);MoveEast;(5, 4);False;1;147
;(7, 4);MoveEast;(5, 4);False;1;148
;(7, 4);MoveEast;(5, 4);False;1;149
;(7, 4);MoveEast;(5, 4);False;1;150
;(7, 4);MoveEast;(5, 4);False;1;151
;(7, 4);MoveEast;(5, 4);False;1;152
;(7, 4);MoveEast;(5, 4);False;1;153
;(7, 4);MoveEast;(5, 4);False;1;154
;(7, 4);MoveEast;(5, 4);False;1;155
;(7, 4);MoveEast;(6, 4);False;1;156
;(7, 4);MoveEast;(6, 4);False;1;157
;(7, 4);MoveEast;(6, 4);False;1;158
;(7, 4);MoveEast;(6, 4);False;1;159
;(7, 4);MoveEast;(6, 4);False;1;160
;(7, 4);MoveEast;(6, 4);False;1;161
;(7, 4);MoveEast;(6, 4);False;1;162
;(7, 4);MoveEast;(6, 4);False;1;163
;(7, 4);MoveEast;(6, 4);False;1;164
;(7, 4);MoveEast;(6, 4);False;1;165
;(7, 4);MoveEast;(6, 4);False;1;166
;(7, 4);MoveEast;(7, 4);False;1;167
;(7, 4);MoveEast;(7, 4);False;1;168
;(7, 4);MoveEast;(7, 4);False;1;169
;(7, 4);MoveEast;(7, 4);False;1;170
;(7, 4);MoveEast;(7, 4);False;1;171
;(7, 4);MoveEast;(7, 4);False;1;172
;(7, 4);MoveEast;(7, 4);False;1;173
;(7, 4);MoveEast;(7, 4);False;1;174
;(7, 4);MoveEast;(7, 4);False;1;175
;(7, 4);MoveEast;(7, 4);False;1;176
;(7, 4);MoveEast;(7, 4);False;1;177
;(7, 4);MoveEast;(8, 4);False;1;178
;(7, 4);MoveEast;(8, 4);False;1;179
;(7, 4);MoveEast;(8, 4);False;1;180
;(7, 4);MoveEast;(8, 4);False;1;181
;(7, 4);MoveEast;(8, 4);False;1;182
;(7, 4);MoveEast;(8, 4);False;1;183
;(7, 4);MoveEast;(8, 4);False;1;184
;(7, 4);MoveEast;(8, 4);False;1;185
;(7, 4);MoveEast;(8, 4);False;1;186
;(7, 4);MoveEast;(8, 4);False;1;187
;(7, 4);MoveEast;(8, 4);False;1;188
;(7, 4);MoveEast;(9, 4);False;1;189
;(7, 4);MoveEast;(9, 4);False;1;190
;(7, 4);MoveEast;(9, 4);False;1;191
;(7, 4);MoveEast;(9, 4);False;1;192
;(7, 4);MoveEast;(9, 4);False;1;193
;(7, 4);MoveEast;(9, 4);False;1;194
;(7, 4);MoveEast;(9, 4);False;1;195
;(7, 4);MoveEast;(9, 4);False;1;196
;(7, 4);MoveEast;(9, 4);False;1;197
;(7, 4);MoveEast;(9, 4);False;1;198
;(7, 4);MoveEast;(9, 4);False;1;199
;(7, 4);MoveEast;(10, 4);False;1;200
;(7, 4);GrabLargeObject;(10, 4);False;1;201
;(7, 4);GrabLargeObject;(10, 4);False;1;202
;(7, 4);GrabLargeObject;(10, 4);False;1;203
;(7, 4);GrabLargeObject;(10, 4);False;1;204
;(7, 4);GrabLargeObject;(10, 4);False;1;205
;(7, 4);GrabLargeObject;(10, 4);False;1;206
;(7, 4);GrabLargeObject;(10, 4);False;1;207
;(7, 4);GrabLargeObject;(10, 4);False;1;208
;(7, 4);GrabLargeObject;(10, 4);False;1;209
;(7, 4);GrabLargeObject;(10, 4);False;1;210
;(7, 4);GrabLargeObject;(10, 4);False;1;211
;(7, 4);;(10, 4);False;1;212
;(7, 4);MoveWest;(10, 4);False;1;213
;(7, 4);MoveWest;(10, 4);False;1;214
;(7, 4);MoveWest;(10, 4);False;1;215
;(7, 4);MoveWest;(10, 4);False;1;216
;(7, 4);MoveWest;(10, 4);False;1;217
;(7, 4);MoveWest;(10, 4);False;1;218
;(7, 4);MoveWest;(10, 4);False;1;219
;(7, 4);MoveWest;(10, 4);False;1;220
;(7, 4);MoveWest;(10, 4);False;1;221
;(7, 4);MoveWest;(10, 4);False;1;222
;(7, 4);MoveWest;(9, 4);False;1;223
;(7, 4);MoveWest;(9, 4);False;1;224
;(7, 4);MoveWest;(9, 4);False;1;225
;(7, 4);MoveWest;(9, 4);False;1;226
;(7, 4);MoveWest;(9, 4);False;1;227
;(7, 4);MoveWest;(9, 4);False;1;228
;(7, 4);MoveWest;(9, 4);False;1;229
;(7, 4);MoveWest;(9, 4);False;1;230
;(7, 4);MoveWest;(9, 4);False;1;231
;(7, 4);MoveWest;(9, 4);False;1;232
;(7, 4);MoveWest;(9, 4);False;1;233
;(7, 4);MoveWest;(8, 4);False;1;234
;(7, 4);MoveWest;(8, 4);False;1;235
;(7, 4);MoveWest;(8, 4);False;1;236
;(7, 4);MoveWest;(8, 4);False;1;237
;(7, 4);MoveWest;(8, 4);False;1;238
;(7, 4);MoveWest;(8, 4);False;1;239
;(7, 4);MoveWest;(8, 4);False;1;240
;(7, 4);MoveWest;(8, 4);False;1;241
;(7, 4);MoveWest;(8, 4);False;1;242
;(7, 4);MoveWest;(8, 4);False;1;243
;(7, 4);MoveWest;(8, 4);False;1;244
;(7, 4);MoveWest;(7, 4);False;1;245
;(7, 4);MoveWest;(7, 4);False;1;246
;(7, 4);MoveWest;(7, 4);False;1;247
;(7, 4);MoveWest;(7, 4);False;1;248
MoveEast;(8, 4);MoveWest;(7, 4);False;1;249
;(8, 4);MoveWest;(7, 4);False;1;250
;(8, 4);MoveWest;(7, 4);False;1;251
;(8, 4);MoveWest;(7, 4);False;1;252
;(8, 4);MoveWest;(7, 4);False;1;253
;(8, 4);MoveWest;(7, 4);False;1;254
;(8, 4);MoveWest;(7, 4);False;1;255
;(8, 4);MoveWest;(6, 4);False;1;256
;(8, 4);MoveWest;(6, 4);False;1;257
;(8, 4);MoveWest;(6, 4);False;1;258
;(8, 4);MoveWest;(6, 4);False;1;259
;(8, 4);MoveWest;(6, 4);False;1;260
;(8, 4);MoveWest;(6, 4);False;1;261
;(8, 4);MoveWest;(6, 4);False;1;262
;(8, 4);MoveWest;(6, 4);False;1;263
;(8, 4);MoveWest;(6, 4);False;1;264
;(8, 4);MoveWest;(6, 4);False;1;265
MoveEast;(9, 4);MoveWest;(6, 4);False;1;266
;(9, 4);MoveWest;(5, 4);False;1;267
;(9, 4);MoveNorthWest;(5, 4);False;1;268
;(9, 4);MoveNorthWest;(5, 4);False;1;269
;(9, 4);MoveNorthWest;(5, 4);False;1;270
;(9, 4);MoveNorthWest;(5, 4);False;1;271
;(9, 4);MoveNorthWest;(5, 4);False;1;272
;(9, 4);MoveNorthWest;(5, 4);False;1;273
;(9, 4);MoveNorthWest;(5, 4);False;1;274
;(9, 4);MoveNorthWest;(5, 4);False;1;275
;(9, 4);MoveNorthWest;(5, 4);False;1;276
;(9, 4);MoveNorthWest;(5, 4);False;1;277
;(9, 4);MoveNorthWest;(4, 3);False;1;278
;(9, 4);MoveWest;(4, 3);False;1;279
;(9, 4);MoveWest;(4, 3);False;1;280
;(9, 4);MoveWest;(4, 3);False;1;281
;(9, 4);MoveWest;(4, 3);False;1;282
;(9, 4);MoveWest;(4, 3);False;1;283
;(9, 4);MoveWest;(4, 3);False;1;284
;(9, 4);MoveWest;(4, 3);False;1;285
;(9, 4);MoveWest;(4, 3);False;1;286
;(9, 4);MoveWest;(4, 3);False;1;287
;(9, 4);MoveWest;(4, 3);False;1;288
;(9, 4);MoveWest;(3, 3);False;1;289
;(9, 4);MoveNorthWest;(3, 3);False;1;290
;(9, 4);MoveNorthWest;(3, 3);False;1;291
;(9, 4);MoveNorthWest;(3, 3);False;1;292
;(9, 4);MoveNorthWest;(3, 3);False;1;293
;(9, 4);MoveNorthWest;(3, 3);False;1;294
;(9, 4);MoveNorthWest;(3, 3);False;1;295
;(9, 4);MoveNorthWest;(3, 3);False;1;296
;(9, 4);MoveNorthWest;(3, 3);False;1;297
;(9, 4);MoveNorthWest;(3, 3);False;1;298
;(9, 4);MoveNorthWest;(3, 3);False;1;299
;(9, 4);MoveNorthWest;(2, 2);False;1;300
;(9, 4);MoveWest;(2, 2);False;1;301
;(9, 4);MoveWest;(2, 2);False;1;302
;(9, 4);MoveWest;(2, 2);False;1;303
;(9, 4);MoveWest;(2, 2);False;1;304
;(9, 4);MoveWest;(2, 2);False;1;305
;(9, 4);MoveWest;(2, 2);False;1;306
MoveSouth;(9, 5);MoveWest;(2, 2);False;1;307
;(9, 5);MoveWest;(2, 2);False;1;308
;(9, 5);MoveWest;(2, 2);False;1;309
;(9, 5);MoveWest;(2, 2);False;1;310
MoveSouth;(9, 6);MoveWest;(1, 2);False;1;311
;(9, 6);DropLargeObject;(1, 2);False;1;312
;(9, 6);DropLargeObject;(1, 2);False;1;313
;(9, 6);DropLargeObject;(1, 2);False;1;314
MoveEast;(10, 6);DropLargeObject;(1, 2);False;1;315
;(10, 6);DropLargeObject;(1, 2);False;1;316
;(10, 6);DropLargeObject;(1, 2);False;1;317
;(10, 6);DropLargeObject;(1, 2);False;1;318
;(10, 6);DropLargeObject;(1, 2);False;1;319
;(10, 6);DropLargeObject;(1, 2);False;1;320
MoveEast;(11, 6);DropLargeObject;(1, 2);False;1;321
;(11, 6);DropLargeObject;(1, 2);False;1;322
;(11, 6);;(1, 2);False;1;323
;(11, 6);MoveEast;(1, 2);False;1;324
;(11, 6);MoveEast;(1, 2);False;1;325
;(11, 6);MoveEast;(1, 2);False;1;326
;(11, 6);MoveEast;(1, 2);False;1;327
;(11, 6);MoveEast;(1, 2);False;1;328
;(11, 6);MoveEast;(1, 2);False;1;329
;(11, 6);MoveEast;(1, 2);False;1;330
;(11, 6);MoveEast;(1, 2);False;1;331
;(11, 6);MoveEast;(1, 2);False;1;332
;(11, 6);MoveEast;(1, 2);False;1;333
;(11, 6);MoveEast;(2, 2);False;1;334
;(11, 6);MoveEast;(2, 2);False;1;335
;(11, 6);MoveEast;(2, 2);False;1;336
;(11, 6);MoveEast;(2, 2);False;1;337
;(11, 6);MoveEast;(2, 2);False;1;338
;(11, 6);MoveEast;(2, 2);False;1;339
;(11, 6);MoveEast;(2, 2);False;1;340
;(11, 6);MoveEast;(2, 2);False;1;341
;(11, 6);MoveEast;(2, 2);False;1;342
;(11, 6);MoveEast;(2, 2);False;1;343
;(11, 6);MoveEast;(2, 2);False;1;344
;(11, 6);MoveEast;(3, 2);False;1;345
;(11, 6);MoveSouthEast;(3, 2);False;1;346
;(11, 6);MoveSouthEast;(3, 2);False;1;347
;(11, 6);MoveSouthEast;(3, 2);False;1;348
;(11, 6);MoveSouthEast;(3, 2);False;1;349
;(11, 6);MoveSouthEast;(3, 2);False;1;350
GrabObject;(11, 6);MoveSouthEast;(3, 2);False;1;351
;(11, 6);MoveSouthEast;(3, 2);False;1;352
;(11, 6);MoveSouthEast;(3, 2);False;1;353
;(11, 6);MoveSouthEast;(3, 2);False;1;354
;(11, 6);MoveSouthEast;(3, 2);False;1;355
;(11, 6);MoveSouthEast;(4, 3);False;1;356
;(11, 6);MoveEast;(4, 3);False;1;357
;(11, 6);MoveEast;(4, 3);False;1;358
;(11, 6);MoveEast;(4, 3);False;1;359
;(11, 6);MoveEast;(4, 3);False;1;360
;(11, 6);MoveEast;(4, 3);False;1;361
;(11, 6);MoveEast;(4, 3);False;1;362
MoveNorth;(11, 5);MoveEast;(4, 3);False;1;363
;(11, 5);MoveEast;(4, 3);False;1;364
;(11, 5);MoveEast;(4, 3);False;1;365
;(11, 5);MoveEast;(4, 3);False;1;366
MoveWest;(10, 5);MoveEast;(5, 3);False;1;367
;(10, 5);MoveSouthEast;(5, 3);False;1;368
;(10, 5);MoveSouthEast;(5, 3);False;1;369
;(10, 5);MoveSouthEast;(5, 3);False;1;370
MoveWest;(9, 5);MoveSouthEast;(5, 3);False;1;371
;(9, 5);MoveSouthEast;(5, 3);False;1;372
;(9, 5);MoveSouthEast;(5, 3);False;1;373
MoveWest;(8, 5);MoveSouthEast;(5, 3);False;1;374
;(8, 5);MoveSouthEast;(5, 3);False;1;375
;(8, 5);MoveSouthEast;(5, 3);False;1;376
;(8, 5);MoveSouthEast;(5, 3);False;1;377
MoveWest;(7, 5);MoveSouthEast;(6, 4);False;1;378
;(7, 5);MoveSouthEast;(6, 4);False;1;379
;(7, 5);MoveSouthEast;(6, 4);False;1;380
MoveWest;(6, 5);MoveSouthEast;(6, 4);False;1;381
;(6, 5);MoveSouthEast;(6, 4);False;1;382
;(6, 5);MoveSouthEast;(6, 4);False;1;383
;(6, 5);MoveSouthEast;(6, 4);False;1;384
MoveWest;(5, 5);MoveSouthEast;(6, 4);False;1;385
;(5, 5);MoveSouthEast;(6, 4);False;1;386
;(5, 5);MoveSouthEast;(6, 4);False;1;387
;(5, 5);MoveSouthEast;(6, 4);False;1;388
MoveWest;(4, 5);MoveSouthEast;(7, 5);False;1;389
;(4, 5);MoveEast;(7, 5);False;1;390
;(4, 5);MoveEast;(7, 5);False;1;391
;(4, 5);MoveEast;(7, 5);False;1;392
MoveWest;(3, 5);MoveEast;(7, 5);False;1;393
;(3, 5);MoveEast;(7, 5);False;1;394
;(3, 5);MoveEast;(7, 5);False;1;395
MoveWest;(2, 5);MoveEast;(7, 5);False;1;396
;(2, 5);MoveEast;(7, 5);False;1;397
;(2, 5);MoveEast;(7, 5);False;1;398
;(2, 5);MoveEast;(7, 5);False;1;399
MoveWest;(1, 5);MoveEast;(8, 5);False;1;400
;(1, 5);MoveEast;(8, 5);False;1;401
;(1, 5);MoveEast;(8, 5);False;1;402
;(1, 5);MoveEast;(8, 5);False;1;403
;(1, 5);MoveEast;(8, 5);False;1;404
;(1, 5);MoveEast;(8, 5);False;1;405
;(1, 5);MoveEast;(8, 5);False;1;406
;(1, 5);MoveEast;(8, 5);False;1;407
;(1, 5);MoveEast;(8, 5);False;1;408
;(1, 5);MoveEast;(8, 5);False;1;409
;(1, 5);MoveEast;(8, 5);False;1;410
;(1, 5);MoveEast;(9, 5);False;1;411
;(1, 5);MoveEast;(9, 5);False;1;412
;(1, 5);MoveEast;(9, 5);False;1;413
;(1, 5);MoveEast;(9, 5);False;1;414
;(1, 5);MoveEast;(9, 5);False;1;415
;(1, 5);MoveEast;(9, 5);False;1;416
;(1, 5);MoveEast;(9, 5);False;1;417
;(1, 5);MoveEast;(9, 5);False;1;418
DropObject;(1, 5);MoveEast;(9, 5);False;1;419
;(1, 5);MoveEast;(9, 5);False;1;420
;(1, 5);MoveEast;(9, 5);False;1;421
;(1, 5);MoveEast;(10, 5);False;1;422
;(1, 5);MoveSouthEast;(10, 5);False;1;423
;(1, 5);MoveSouthEast;(10, 5);False;1;424
;(1, 5);MoveSouthEast;(10, 5);False;1;425
;(1, 5);MoveSouthEast;(10, 5);False;1;426
;(1, 5);MoveSouthEast;(10, 5);False;1;427
;(1, 5);MoveSouthEast;(10, 5);False;1;428
;(1, 5);MoveSouthEast;(10, 5);False;1;429
MoveEast;(2, 5);MoveSouthEast;(10, 5);False;1;430
;(2, 5);MoveSouthEast;(10, 5);False;1;431
;(2, 5);MoveSouthEast;(10, 5);False;1;432
;(2, 5);MoveSouthEast;(11, 6);False;1;433
;(2, 5);Idle;(11, 6);False;1;434
MoveEast;(3, 5);Idle;(11, 6);False;1;435
;(3, 5);Idle;(11, 6);False;1;436
;(3, 5);Idle;(11, 6);False;1;437
;(3, 5);Idle;(11, 6);False;1;438
MoveEast;(4, 5);Idle;(11, 6);False;1;439
;(4, 5);Idle;(11, 6);False;1;440
;(4, 5);Idle;(11, 6);False;1;441
;(4, 5);Idle;(11, 6);False;1;442
MoveEast;(5, 5);Idle;(11, 6);False;1;443
;(5, 5);Idle;(11, 6);False;1;444
;(5, 5);Idle;(11, 6);False;1;445
;(5, 5);Idle;(11, 6);False;1;446
;(5, 5);Idle;(11, 6);False;1;447
;(5, 5);Idle;(11, 6);False;1;448
;(5, 5);Idle;(11, 6);False;1;449
;(5, 5);Idle;(11, 6);False;1;450
;(5, 5);Idle;(11, 6);False;1;451
;(5, 5);Idle;(11, 6);False;1;452
;(5, 5);Idle;(11, 6);False;1;453
;(5, 5);Idle;(11, 6);False;1;454
;(5, 5);Idle;(11, 6);False;1;455
;(5, 5);Idle;(11, 6);False;1;456
;(5, 5);Idle;(11, 6);False;1;457
;(5, 5);Idle;(11, 6);False;1;458
;(5, 5);Idle;(11, 6);False;1;459
;(5, 5);Idle;(11, 6);False;1;460
;(5, 5);Idle;(11, 6);False;1;461
;(5, 5);Idle;(11, 6);False;1;462
;(5, 5);Idle;(11, 6);False;1;463
;(5, 5);Idle;(11, 6);False;1;464
;(5, 5);Idle;(11, 6);False;1;465
;(5, 5);Idle;(11, 6);False;1;466
;(5, 5);Idle;(11, 6);False;1;467
;(5, 5);Idle;(11, 6);False;1;468
;(5, 5);Idle;(11, 6);False;1;469
;(5, 5);Idle;(11, 6);False;1;470
;(5, 5);Idle;(11, 6);False;1;471
;(5, 5);Idle;(11, 6);False;1;472
;(5, 5);Idle;(11, 6);False;1;473
;(5, 5);Idle;(11, 6);False;1;474
;(5, 5);Idle;(11, 6);False;1;475
;(5, 5);Idle;(11, 6);False;1;476
;(5, 5);Idle;(11, 6);False;1;477
MoveEast;(6, 5);Idle;(11, 6);False;1;478
;(6, 5);Idle;(11, 6);False;1;479
;(6, 5);Idle;(11, 6);False;1;480
;(6, 5);Idle;(11, 6);False;1;481
;(6, 5);Idle;(11, 6);False;1;482
;(6, 5);Idle;(11, 6);False;1;483
;(6, 5);Idle;(11, 6);False;1;484
;(6, 5);Idle;(11, 6);False;1;485
;(6, 5);Idle;(11, 6);False;1;486
;(6, 5);Idle;(11, 6);False;1;487
;(6, 5);Idle;(11, 6);False;1;488
;(6, 5);;(11, 6);False;1;489
;(6, 5);MoveWest;(11, 6);False;1;490
;(6, 5);MoveWest;(11, 6);False;1;491
MoveEast;(7, 5);MoveWest;(11, 6);False;1;492
;(7, 5);MoveWest;(11, 6);False;1;493
;(7, 5);MoveWest;(11, 6);False;1;494
;(7, 5);MoveWest;(11, 6);False;1;495
MoveEast;(8, 5);MoveWest;(11, 6);False;1;496
;(8, 5);MoveWest;(11, 6);False;1;497
;(8, 5);MoveWest;(11, 6);False;1;498
;(8, 5);MoveWest;(11, 6);False;1;499
;(8, 5);MoveWest;(10, 6);False;1;500
;(8, 5);MoveWest;(10, 6);False;1;501
;(8, 5);MoveWest;(10, 6);False;1;502
;(8, 5);MoveWest;(10, 6);False;1;503
;(8, 5);MoveWest;(10, 6);False;1;504
;(8, 5);MoveWest;(10, 6);False;1;505
;(8, 5);MoveWest;(10, 6);False;1;506
MoveEast;(9, 5);MoveWest;(10, 6);False;1;507
;(9, 5);MoveWest;(10, 6);False;1;508
;(9, 5);MoveWest;(10, 6);False;1;509
;(9, 5);MoveWest;(10, 6);False;1;510
;(9, 5);MoveWest;(9, 6);False;1;511
;(9, 5);MoveWest;(9, 6);False;1;512
;(9, 5);MoveWest;(9, 6);False;1;513
;(9, 5);MoveWest;(9, 6);False;1;514
;(9, 5);MoveWest;(9, 6);False;1;515
;(9, 5);MoveWest;(9, 6);False;1;516
;(9, 5);MoveWest;(9, 6);False;1;517
;(9, 5);MoveWest;(9, 6);False;1;518
;(9, 5);MoveWest;(9, 6);False;1;519
;(9, 5);MoveWest;(9, 6);False;1;520
;(9, 5);MoveWest;(9, 6);False;1;521
;(9, 5);MoveWest;(8, 6);False;1;522
;(9, 5);MoveNorthWest;(8, 6);False;1;523
;(9, 5);MoveNorthWest;(8, 6);False;1;524
;(9, 5);MoveNorthWest;(8, 6);False;1;525
;(9, 5);MoveNorthWest;(8, 6);False;1;526
;(9, 5);MoveNorthWest;(8, 6);False;1;527
;(9, 5);MoveNorthWest;(8, 6);False;1;528
;(9, 5);MoveNorthWest;(8, 6);False;1;529
;(9, 5);MoveNorthWest;(8, 6);False;1;530
;(9, 5);MoveNorthWest;(8, 6);False;1;531
;(9, 5);MoveNorthWest;(8, 6);False;1;532
;(9, 5);MoveNorthWest;(7, 5);False;1;533
;(9, 5);MoveWest;(7, 5);False;1;534
;(9, 5);MoveWest;(7, 5);False;1;535
;(9, 5);MoveWest;(7, 5);False;1;536
;(9, 5);MoveWest;(7, 5);False;1;537
;(9, 5);MoveWest;(7, 5);False;1;538
;(9, 5);MoveWest;(7, 5);False;1;539
;(9, 5);MoveWest;(7, 5);False;1;540
;(9, 5);MoveWest;(7, 5);False;1;541
;(9, 5);MoveWest;(7, 5);False;1;542
;(9, 5);MoveWest;(7, 5);False;1;543
;(9, 5);MoveWest;(6, 5);False;1;544
;(9, 5);Idle;(6, 5);False;1;545
;(9, 5);Idle;(6, 5);False;1;546
;(9, 5);Idle;(6, 5);False;1;547
;(9, 5);Idle;(6, 5);False;1;548
;(9, 5);Idle;(6, 5);False;1;549
;(9, 5);Idle;(6, 5);False;1;550
;(9, 5);Idle;(6, 5);False;1;551
;(9, 5);Idle;(6, 5);False;1;552
;(9, 5);Idle;(6, 5);False;1;553
;(9, 5);Idle;(6, 5);False;1;554
;(9, 5);Idle;(6, 5);False;1;555
;(9, 5);Idle;(6, 5);False;1;556
;(9, 5);Idle;(6, 5);False;1;557
;(9, 5);Idle;(6, 5);False;1;558
;(9, 5);Idle;(6, 5);False;1;559
;(9, 5);Idle;(6, 5);False;1;560
;(9, 5);Idle;(6, 5);False;1;561
;(9, 5);Idle;(6, 5);False;1;562
;(9, 5);Idle;(6, 5);False;1;563
;(9, 5);Idle;(6, 5);False;1;564
;(9, 5);Idle;(6, 5);False;1;565
;(9, 5);Idle;(6, 5);False;1;566
;(9, 5);Idle;(6, 5);False;1;567
;(9, 5);Idle;(6, 5);False;1;568
;(9, 5);Idle;(6, 5);False;1;569
;(9, 5);Idle;(6, 5);False;1;570
;(9, 5);Idle;(6, 5);False;1;571
;(9, 5);Idle;(6, 5);False;1;572
;(9, 5);Idle;(6, 5);False;1;573
;(9, 5);Idle;(6, 5);False;1;574
;(9, 5);Idle;(6, 5);False;1;575
;(9, 5);Idle;(6, 5);False;1;576
;(9, 5);Idle;(6, 5);False;1;577
;(9, 5);Idle;(6, 5);False;1;578
;(9, 5);Idle;(6, 5);False;1;579
;(9, 5);Idle;(6, 5);False;1;580
;(9, 5);Idle;(6, 5);False;1;581
;(9, 5);Idle;(6, 5);False;1;582
;(9, 5);Idle;(6, 5);False;1;583
;(9, 5);Idle;(6, 5);False;1;584
MoveNorth;(9, 4);Idle;(6, 5);False;1;585
;(9, 4);Idle;(6, 5);False;1;586
;(9, 4);Idle;(6, 5);False;1;587
;(9, 4);Idle;(6, 5);False;1;588
;(9, 4);Idle;(6, 5);False;1;589
;(9, 4);Idle;(6, 5);False;1;590
;(9, 4);Idle;(6, 5);False;1;591
;(9, 4);Idle;(6, 5);False;1;592
;(9, 4);Idle;(6, 5);False;1;593
;(9, 4);Idle;(6, 5);False;1;594
;(9, 4);Idle;(6, 5);False;1;595
;(9, 4);Idle;(6, 5);False;1;596
;(9, 4);Idle;(6, 5);False;1;597
;(9, 4);Idle;(6, 5);False;1;598
;(9, 4);Idle;(6, 5);False;1;599
;(9, 4);;(6, 5);False;1;600
;(9, 4);MoveEast;(6, 5);False;1;601
;(9, 4);MoveEast;(6, 5);False;1;602
;(9, 4);MoveEast;(6, 5);False;1;603
;(9, 4);MoveEast;(6, 5);False;1;604
;(9, 4);MoveEast;(6, 5);False;1;605
DropObject;(9, 4);MoveEast;(6, 5);False;1;606
;(9, 4);MoveEast;(6, 5);False;1;607
;(9, 4);MoveEast;(6, 5);False;1;608
;(9, 4);MoveEast;(6, 5);False;1;609
;(9, 4);MoveEast;(6, 5);False;1;610
;(9, 4);MoveEast;(7, 5);False;1;611
;(9, 4);MoveNorthEast;(7, 5);False;1;612
;(9, 4);MoveNorthEast;(7, 5);False;1;613
;(9, 4);MoveNorthEast;(7, 5);False;1;614
;(9, 4);MoveNorthEast;(7, 5);False;1;615
;(9, 4);MoveNorthEast;(7, 5);False;1;616
;(9, 4);MoveNorthEast;(7, 5);False;1;617
;(9, 4);MoveNorthEast;(7, 5);False;1;618
;(9, 4);MoveNorthEast;(7, 5);False;1;619
;(9, 4);MoveNorthEast;(7, 5);False;1;620
;(9, 4);MoveNorthEast;(7, 5);False;1;621
;(9, 4);MoveNorthEast;(8, 4);False;1;622
;(9, 4);MoveEast;(8, 4);False;1;623
;(9, 4);MoveEast;(8, 4);False;1;624
;(9, 4);MoveEast;(8, 4);False;1;625
;(9, 4);MoveEast;(8, 4);False;1;626
;(9, 4);MoveEast;(8, 4);False;1;627
GrabObject;(9, 4);MoveEast;(8, 4);False;1;628
;(9, 4);MoveEast;(8, 4);False;1;629
;(9, 4);MoveEast;(8, 4);False;1;630
;(9, 4);MoveEast;(8, 4);False;1;631
;(9, 4);MoveEast;(8, 4);False;1;632
;(9, 4);MoveEast;(9, 4);False;1;633
;(9, 4);Idle;(9, 4);False;1;634
;(9, 4);Idle;(9, 4);False;1;635
;(9, 4);Idle;(9, 4);False;1;636
;(9, 4);Idle;(9, 4);False;1;637
;(9, 4);Idle;(9, 4);False;1;638
;(9, 4);Idle;(9, 4);False;1;639
;(9, 4);Idle;(9, 4);False;1;640
;(9, 4);Idle;(9, 4);False;1;641
;(9, 4);Idle;(9, 4);False;1;642
;(9, 4);Idle;(9, 4);False;1;643
;(9, 4);Idle;(9, 4);False;1;644
;(9, 4);Idle;(9, 4);False;1;645
;(9, 4);Idle;(9, 4);False;1;646
;(9, 4);Idle;(9, 4);False;1;647
MoveWest;(8, 4);Idle;(9, 4);False;1;648
;(8, 4);Idle;(9, 4);False;1;649
;(8, 4);Idle;(9, 4);False;1;650
;(8, 4);Idle;(9, 4);False;1;651
;(8, 4);Idle;(9, 4);False;1;652
MoveWest;(7, 4);Idle;(9, 4);False;1;653
;(7, 4);Idle;(9, 4);False;1;654
;(7, 4);Idle;(9, 4);False;1;655
;(7, 4);Idle;(9, 4);False;1;656
MoveWest;(6, 4);Idle;(9, 4);False;1;657
;(6, 4);Idle;(9, 4);False;1;658
;(6, 4);Idle;(9, 4);False;1;659
MoveWest;(5, 4);Idle;(9, 4);False;1;660
;(5, 4);Idle;(9, 4);False;1;661
;(5, 4);Idle;(9, 4);False;1;662
;(5, 4);Idle;(9, 4);False;1;663
MoveWest;(4, 4);Idle;(9, 4);False;1;664
;(4, 4);Idle;(9, 4);False;1;665
;(4, 4);Idle;(9, 4);False;1;666
;(4, 4);Idle;(9, 4);False;1;667
MoveWest;(3, 4);Idle;(9, 4);False;1;668
;(3, 4);Idle;(9, 4);False;1;669
;(3, 4);Idle;(9, 4);False;1;670
MoveWest;(2, 4);Idle;(9, 4);False;1;671
;(2, 4);Idle;(9, 4);False;1;672
;(2, 4);Idle;(9, 4);False;1;673
;(2, 4);Idle;(9, 4);False;1;674
MoveWest;(1, 4);Idle;(9, 4);False;1;675
;(1, 4);Idle;(9, 4);False;1;676
;(1, 4);Idle;(9, 4);False;1;677
;(1, 4);Idle;(9, 4);False;1;678
MoveWest;(0, 4);Idle;(9, 4);False;1;679
;(0, 4);Idle;(9, 4);False;1;680
;(0, 4);Idle;(9, 4);False;1;681
;(0, 4);Idle;(9, 4);False;1;682
;(0, 4);Idle;(9, 4);False;1;683
;(0, 4);Idle;(9, 4);False;1;684
;(0, 4);Idle;(9, 4);False;1;685
;(0, 4);Idle;(9, 4);False;1;686
DropObject;(0, 4);Idle;(9, 4);False;1;687
;(0, 4);Idle;(9, 4);False;1;688
;(0, 4);;(9, 4);False;1;689
;(0, 4);MoveSouth;(9, 4);False;1;690
;(0, 4);MoveSouth;(9, 4);False;1;691
;(0, 4);MoveSouth;(9, 4);False;1;692
;(0, 4);MoveSouth;(9, 4);False;1;693
;(0, 4);MoveSouth;(9, 4);False;1;694
;(0, 4);MoveSouth;(9, 4);False;1;695
MoveEast;(1, 4);MoveSouth;(9, 4);False;1;696
;(1, 4);MoveSouth;(9, 4);False;1;697
;(1, 4);MoveSouth;(9, 4);False;1;698
;(1, 4);MoveSouth;(9, 4);False;1;699
;(1, 4);MoveSouth;(9, 5);False;1;700
MoveEast;(2, 4);GrabObject;(9, 5);False;1;701
;(2, 4);GrabObject;(9, 5);False;1;702
;(2, 4);GrabObject;(9, 5);False;1;703
MoveEast;(3, 4);GrabObject;(9, 5);False;1;704
;(3, 4);GrabObject;(9, 5);False;1;705
;(3, 4);GrabObject;(9, 5);False;1;706
;(3, 4);GrabObject;(9, 5);False;1;707
;(3, 4);GrabObject;(9, 5);False;1;708
MoveEast;(4, 4);GrabObject;(9, 5);False;1;709
;(4, 4);GrabObject;(9, 5);False;1;710
;(4, 4);GrabObject;(9, 5);False;1;711
;(4, 4);;(9, 5);False;1;712
;(4, 4);MoveWest;(9, 5);False;1;713
;(4, 4);MoveWest;(9, 5);False;1;714
;(4, 4);MoveWest;(9, 5);False;1;715
MoveEast;(5, 4);MoveWest;(9, 5);False;1;716
;(5, 4);MoveWest;(9, 5);False;1;717
;(5, 4);MoveWest;(9, 5);False;1;718
;(5, 4);MoveWest;(9, 5);False;1;719
MoveEast;(6, 4);MoveWest;(9, 5);False;1;720
;(6, 4);MoveWest;(9, 5);False;1;721
;(6, 4);MoveWest;(9, 5);False;1;722
;(6, 4);MoveWest;(8, 5);False;1;723
;(6, 4);MoveWest;(8, 5);False;1;724
;(6, 4);MoveWest;(8, 5);False;1;725
;(6, 4);MoveWest;(8, 5);False;1;726
;(6, 4);MoveWest;(8, 5);False;1;727
;(6, 4);MoveWest;(8, 5);False;1;728
;(6, 4);MoveWest;(8, 5);False;1;729
;(6, 4);MoveWest;(8, 5);False;1;730
MoveSouth;(6, 5);MoveWest;(8, 5);False;1;731
;(6, 5);MoveWest;(8, 5);False;1;732
;(6, 5);MoveWest;(8, 5);False;1;733
;(6, 5);MoveWest;(7, 5);False;1;734
;(6, 5);MoveWest;(7, 5);False;1;735
;(6, 5);MoveWest;(7, 5);False;1;736
MoveEast;(7, 5);MoveWest;(7, 5);False;1;737
;(7, 5);MoveWest;(7, 5);False;1;738
;(7, 5);MoveWest;(7, 5);False;1;739
;(7, 5);MoveWest;(7, 5);False;1;740
;(7, 5);MoveWest;(7, 5);False;1;741
MoveEast;(8, 5);MoveWest;(7, 5);False;1;742
;(8, 5);MoveWest;(7, 5);False;1;743
;(8, 5);MoveWest;(7, 5);False;1;744
;(8, 5);MoveWest;(6, 5);False;1;745
MoveEast;(9, 5);MoveWest;(6, 5);False;1;746
;(9, 5);MoveWest;(6, 5);False;1;747
;(9, 5);MoveWest;(6, 5);False;1;748
;(9, 5);MoveWest;(6, 5);False;1;749
MoveEast;(10, 5);MoveWest;(6, 5);False;1;750
;(10, 5);MoveWest;(6, 5);False;1;751
;(10, 5);MoveWest;(6, 5);False;1;752
;(10, 5);MoveWest;(6, 5);False;1;753
;(10, 5);MoveWest;(6, 5);False;1;754
;(10, 5);MoveWest;(6, 5);False;1;755
;(10, 5);MoveWest;(5, 5);False;1;756
GrabObject;(10, 5);MoveNorthWest;(5, 5);False;1;757
;(10, 5);MoveNorthWest;(5, 5);False;1;758
;(10, 5);MoveNorthWest;(5, 5);False;1;759
;(10, 5);MoveNorthWest;(5, 5);False;1;760
;(10, 5);MoveNorthWest;(5, 5);False;1;761
;(10, 5);MoveNorthWest;(5, 5);False;1;762
;(10, 5);MoveNorthWest;(5, 5);False;1;763
;(10, 5);MoveNorthWest;(5, 5);False;1;764
;(10, 5);MoveNorthWest;(5, 5);False;1;765
;(10, 5);MoveNorthWest;(5, 5);False;1;766
;(10, 5);MoveNorthWest;(4, 4);False;1;767
;(10, 5);MoveWest;(4, 4);False;1;768
;(10, 5);MoveWest;(4, 4);False;1;769
;(10, 5);MoveWest;(4, 4);False;1;770
;(10, 5);MoveWest;(4, 4);False;1;771
;(10, 5);MoveWest;(4, 4);False;1;772
;(10, 5);MoveWest;(4, 4);False;1;773
;(10, 5);MoveWest;(4, 4);False;1;774
;(10, 5);MoveWest;(4, 4);False;1;775
;(10, 5);MoveWest;(4, 4);False;1;776
;(10, 5);MoveWest;(4, 4);False;1;777
;(10, 5);MoveWest;(3, 4);False;1;778
;(10, 5);MoveNorthWest;(3, 4);False;1;779
;(10, 5);MoveNorthWest;(3, 4);False;1;780
;(10, 5);MoveNorthWest;(3, 4);False;1;781
;(10, 5);MoveNorthWest;(3, 4);False;1;782
;(10, 5);MoveNorthWest;(3, 4);False;1;783
;(10, 5);MoveNorthWest;(3, 4);False;1;784
;(10, 5);MoveNorthWest;(3, 4);False;1;785
;(10, 5);MoveNorthWest;(3, 4);False;1;786
;(10, 5);MoveNorthWest;(3, 4);False;1;787
;(10, 5);MoveNorthWest;(3, 4);False;1;788
;(10, 5);MoveNorthWest;(2, 3);False;1;789
;(10, 5);MoveWest;(2, 3);False;1;790
;(10, 5);MoveWest;(2, 3);False;1;791
;(10, 5);MoveWest;(2, 3);False;1;792
;(10, 5);MoveWest;(2, 3);False;1;793
;(10, 5);MoveWest;(2, 3);False;1;794
;(10, 5);MoveWest;(2, 3);False;1;795
;(10, 5);MoveWest;(2, 3);False;1;796
;(10, 5);MoveWest;(2, 3);False;1;797
;(10, 5);MoveWest;(2, 3);False;1;798
;(10, 5);MoveWest;(2, 3);False;1;799
;(10, 5);MoveWest;(1, 3);False;1;800
;(10, 5);DropObject;(1, 3);False;1;801
;(10, 5);DropObject;(1, 3);False;1;802
;(10, 5);DropObject;(1, 3);False;1;803
;(10, 5);DropObject;(1, 3);False;1;804
;(10, 5);DropObject;(1, 3);False;1;805
;(10, 5);DropObject;(1, 3);False;1;806
;(10, 5);DropObject;(1, 3);False;1;807
;(10, 5);DropObject;(1, 3);False;1;808
;(10, 5);DropObject;(1, 3);False;1;809
;(10, 5);DropObject;(1, 3);False;1;810
;(10, 5);DropObject;(1, 3);False;1;811
;(10, 5);;(1, 3);False;1;812
;(10, 5);MoveSouthEast;(1, 3);False;1;813
;(10, 5);MoveSouthEast;(1, 3);False;1;814
;(10, 5);MoveSouthEast;(1, 3);False;1;815
;(10, 5);MoveSouthEast;(1, 3);False;1;816
;(10, 5);MoveSouthEast;(1, 3);False;1;817
;(10, 5);MoveSouthEast;(1, 3);False;1;818
;(10, 5);MoveSouthEast;(1, 3);False;1;819
;(10, 5);MoveSouthEast;(1, 3);False;1;820
;(10, 5);MoveSouthEast;(1, 3);False;1;821
;(10, 5);MoveSouthEast;(1, 3);False;1;822
;(10, 5);MoveSouthEast;(2, 4);False;1;823
;(10, 5);MoveSouth;(2, 4);False;1;824
;(10, 5);MoveSouth;(2, 4);False;1;825
;(10, 5);MoveSouth;(2, 4);False;1;826
;(10, 5);MoveSouth;(2, 4);False;1;827
;(10, 5);MoveSouth;(2, 4);False;1;828
;(10, 5);MoveSouth;(2, 4);False;1;829
;(10, 5);MoveSouth;(2, 4);False;1;830
;(10, 5);MoveSouth;(2, 4);False;1;831
;(10, 5);MoveSouth;(2, 4);False;1;832
;(10, 5);MoveSouth;(2, 4);False;1;833
;(10, 5);MoveSouth;(2, 5);False;1;834
;(10, 5);MoveSouthEast;(2, 5);False;1;835
;(10, 5);MoveSouthEast;(2, 5);False;1;836
;(10, 5);MoveSouthEast;(2, 5);False;1;837
;(10, 5);MoveSouthEast;(2, 5);False;1;838
;(10, 5);MoveSouthEast;(2, 5);False;1;839
;(10, 5);MoveSouthEast;(2, 5);False;1;840
MoveSouth;(10, 6);MoveSouthEast;(2, 5);False;1;841
;(10, 6);MoveSouthEast;(2, 5);False;1;842
MoveSouth;(10, 7);MoveSouthEast;(2, 5);False;1;843
;(10, 7);MoveSouthEast;(2, 5);False;1;844
;(10, 7);MoveSouthEast;(3, 6);False;1;845
;(10, 7);MoveSouthEast;(3, 6);False;1;846
MoveSouth;(10, 8);MoveSouthEast;(3, 6);False;1;847
;(10, 8);MoveSouthEast;(3, 6);False;1;848
;(10, 8);MoveSouthEast;(3, 6);False;1;849
;(10, 8);MoveSouthEast;(3, 6);False;1;850
;(10, 8);MoveSouthEast;(3, 6);False;1;851
;(10, 8);MoveSouthEast;(3, 6);False;1;852
;(10, 8);MoveSouthEast;(3, 6);False;1;853
;(10, 8);MoveSouthEast;(3, 6);False;1;854
;(10, 8);MoveSouthEast;(3, 6);False;1;855
;(10, 8);MoveSouthEast;(4, 7);False;1;856
;(10, 8);MoveSouthEast;(4, 7);False;1;857
;(10, 8);MoveSouthEast;(4, 7);False;1;858
MoveWest;(9, 8);MoveSouthEast;(4, 7);False;1;859
;(9, 8);MoveSouthEast;(4, 7);False;1;860
;(9, 8);MoveSouthEast;(4, 7);False;1;861
;(9, 8);MoveSouthEast;(4, 7);False;1;862
;(9, 8);MoveSouthEast;(4, 7);False;1;863
MoveWest;(8, 8);MoveSouthEast;(4, 7);False;1;864
;(8, 8);MoveSouthEast;(4, 7);False;1;865
;(8, 8);MoveSouthEast;(4, 7);False;1;866
MoveWest;(7, 8);MoveSouthEast;(5, 8);False;1;867
;(7, 8);MoveSouthEast;(5, 8);False;1;868
;(7, 8);MoveSouthEast;(5, 8);False;1;869
;(7, 8);MoveSouthEast;(5, 8);False;1;870
;(7, 8);MoveSouthEast;(5, 8);False;1;871
;(7, 8);MoveSouthEast;(5, 8);False;1;872
;(7, 8);MoveSouthEast;(5, 8);False;1;873
;(7, 8);MoveSouthEast;(5, 8);False;1;874
;(7, 8);MoveSouthEast;(5, 8);False;1;875
;(7, 8);MoveSouthEast;(5, 8);False;1;876
;(7, 8);MoveSouthEast;(5, 8);False;1;877
;(7, 8);MoveSouthEast;(6, 9);False;1;878
;(7, 8);BreakObject;(6, 9);False;1;879
;(7, 8);BreakObject;(6, 9);False;1;880
;(7, 8);BreakObject;(6, 9);False;1;881
;(7, 8);BreakObject;(6, 9);False;1;882
;(7, 8);BreakObject;(6, 9);False;1;883
;(7, 8);BreakObject;(6, 9);False;1;884
;(7, 8);BreakObject;(6, 9);False;1;885
;(7, 8);BreakObject;(6, 9);False;1;886
DropObject;(7, 8);BreakObject;(6, 9);False;1;887
;(7, 8);BreakObject;(6, 9);False;1;888
;(7, 8);BreakObject;(6, 9);False;1;889
;(7, 8);;(6, 9);False;1;890
;(7, 8);MoveEast;(6, 9);False;1;891
;(7, 8);MoveEast;(6, 9);False;1;892
;(7, 8);MoveEast;(6, 9);False;1;893
;(7, 8);MoveEast;(6, 9);False;1;894
;(7, 8);MoveEast;(6, 9);False;1;895
;(7, 8);MoveEast;(6, 9);False;1;896
;(7, 8);MoveEast;(6, 9);False;1;897
;(7, 8);MoveEast;(6, 9);False;1;898
;(7, 8);MoveEast;(6, 9);False;1;899
;(7, 8);MoveEast;(6, 9);False;1;900
;(7, 8);MoveEast;(7, 9);False;1;901
;(7, 8);MoveEast;(7, 9);False;1;902
;(7, 8);MoveEast;(7, 9);False;1;903
;(7, 8);MoveEast;(7, 9);False;1;904
;(7, 8);MoveEast;(7, 9);False;1;905
;(7, 8);MoveEast;(7, 9);False;1;906
;(7, 8);MoveEast;(7, 9);False;1;907
;(7, 8);MoveEast;(7, 9);False;1;908
;(7, 8);MoveEast;(7, 9);False;1;909
;(7, 8);MoveEast;(7, 9);False;1;910
;(7, 8);MoveEast;(7, 9);False;1;911
;(7, 8);MoveEast;(8, 9);False;1;912
;(7, 8);BreakObject;(8, 9);False;1;913
;(7, 8);BreakObject;(8, 9);False;1;914
;(7, 8);BreakObject;(8, 9);False;1;915
GrabObject;(7, 8);BreakObject;(8, 9);False;1;916
;(7, 8);BreakObject;(8, 9);False;1;917
;(7, 8);BreakObject;(8, 9);False;1;918
;(7, 8);BreakObject;(8, 9);False;1;919
;(7, 8);BreakObject;(8, 9);False;1;920
;(7, 8);BreakObject;(8, 9);False;1;921
MoveWest;(6, 8);BreakObject;(8, 9);False;1;922
;(6, 8);BreakObject;(8, 9);False;1;923
;(6, 8);;(8, 9);False;1;924
;(6, 8);MoveNorthWest;(8, 9);False;1;925
;(6, 8);MoveNorthWest;(8, 9);False;1;926
;(6, 8);MoveNorthWest;(8, 9);False;1;927
MoveWest;(5, 8);MoveNorthWest;(8, 9);False;1;928
;(5, 8);MoveNorthWest;(8, 9);False;1;929
;(5, 8);MoveNorthWest;(8, 9);False;1;930
;(5, 8);MoveNorthWest;(8, 9);False;1;931
MoveWest;(4, 8);MoveNorthWest;(8, 9);False;1;932
;(4, 8);MoveNorthWest;(8, 9);False;1;933
;(4, 8);MoveNorthWest;(8, 9);False;1;934
MoveWest;(3, 8);MoveNorthWest;(7, 8);False;1;935
;(3, 8);MoveWest;(7, 8);False;1;936
;(3, 8);MoveWest;(7, 8);False;1;937
;(3, 8);MoveWest;(7, 8);False;1;938
;(3, 8);MoveWest;(7, 8);False;1;939
;(3, 8);MoveWest;(7, 8);False;1;940
;(3, 8);MoveWest;(7, 8);False;1;941
;(3, 8);MoveWest;(7, 8);False;1;942
;(3, 8);MoveWest;(7, 8);False;1;943
;(3, 8);MoveWest;(7, 8);False;1;944
;(3, 8);MoveWest;(7, 8);False;1;945
;(3, 8);MoveWest;(6, 8);False;1;946
;(3, 8);Idle;(6, 8);False;1;947
;(3, 8);Idle;(6, 8);False;1;948
;(3, 8);Idle;(6, 8);False;1;949
;(3, 8);Idle;(6, 8);False;1;950
;(3, 8);Idle;(6, 8);False;1;951
MoveWest;(2, 8);Idle;(6, 8);False;1;952
;(2, 8);Idle;(6, 8);False;1;953
;(2, 8);Idle;(6, 8);False;1;954
;(2, 8);Idle;(6, 8);False;1;955
;(2, 8);Idle;(6, 8);False;1;956
;(2, 8);Idle;(6, 8);False;1;957
;(2, 8);Idle;(6, 8);False;1;958
;(2, 8);Idle;(6, 8);False;1;959
;(2, 8);Idle;(6, 8);False;1;960
;(2, 8);Idle;(6, 8);False;1;961
;(2, 8);Idle;(6, 8);False;1;962
GrabObject;(2, 8);Idle;(6, 8);False;1;963
;(2, 8);Idle;(6, 8);False;1;964
;(2, 8);Idle;(6, 8);False;1;965
;(2, 8);Idle;(6, 8);False;1;966
;(2, 8);Idle;(6, 8);False;1;967
;(2, 8);Idle;(6, 8);False;1;968
;(2, 8);Idle;(6, 8);False;1;969
;(2, 8);Idle;(6, 8);False;1;970
MoveEast;(3, 8);Idle;(6, 8);False;1;971
;(3, 8);Idle;(6, 8);False;1;972
;(3, 8);Idle;(6, 8);False;1;973
;(3, 8);Idle;(6, 8);False;1;974
;(3, 8);Idle;(6, 8);False;1;975
MoveEast;(4, 8);Idle;(6, 8);False;1;976
;(4, 8);Idle;(6, 8);False;1;977
;(4, 8);Idle;(6, 8);False;1;978
;(4, 8);Idle;(6, 8);False;1;979
;(4, 8);Idle;(6, 8);False;1;980
;(4, 8);Idle;(6, 8);False;1;981
;(4, 8);Idle;(6, 8);False;1;982
;(4, 8);Idle;(6, 8);False;1;983
;(4, 8);Idle;(6, 8);False;1;984
;(4, 8);Idle;(6, 8);False;1;985
;(4, 8);Idle;(6, 8);False;1;986
;(4, 8);Idle;(6, 8);False;1;987
;(4, 8);Idle;(6, 8);False;1;988
;(4, 8);Idle;(6, 8);False;1;989
;(4, 8);Idle;(6, 8);False;1;990
;(4, 8);Idle;(6, 8);False;1;991
;(4, 8);Idle;(6, 8);False;1;992
;(4, 8);Idle;(6, 8);False;1;993
;(4, 8);Idle;(6, 8);False;1;994
;(4, 8);Idle;(6, 8);False;1;995
;(4, 8);Idle;(6, 8);False;1;996
;(4, 8);Idle;(6, 8);False;1;997
DropObject;(4, 8);Idle;(6, 8);False;1;998
;(4, 8);Idle;(6, 8);False;1;999
;(4, 8);Idle;(6, 8);False;1;1000
;(4, 8);Idle;(6, 8);False;1;1001
;(4, 8);;(6, 8);False;1;1002
;(4, 8);Idle;(6, 8);False;1;1003
;(4, 8);Idle;(6, 8);False;1;1004
;(4, 8);Idle;(6, 8);False;1;1005
;(4, 8);Idle;(6, 8);False;1;1006
;(4, 8);Idle;(6, 8);False;1;1007
;(4, 8);Idle;(6, 8);False;1;1008
;(4, 8);Idle;(6, 8);False;1;1009
;(4, 8);Idle;(6, 8);False;1;1010
;(4, 8);Idle;(6, 8);False;1;1011
;(4, 8);Idle;(6, 8);False;1;1012
;(4, 8);Idle;(6, 8);False;1;1013
;(4, 8);Idle;(6, 8);False;1;1014
;(4, 8);Idle;(6, 8);False;1;1015
;(4, 8);Idle;(6, 8);False;1;1016
;(4, 8);Idle;(6, 8);False;1;1017
;(4, 8);Idle;(6, 8);False;1;1018
;(4, 8);Idle;(6, 8);False;1;1019
MoveEast;(5, 8);Idle;(6, 8);False;1;1020
;(5, 8);Idle;(6, 8);False;1;1021
;(5, 8);Idle;(6, 8);False;1;1022
;(5, 8);Idle;(6, 8);False;1;1023
;(5, 8);Idle;(6, 8);False;1;1024
;(5, 8);Idle;(6, 8);False;1;1025
MoveEast;(6, 8);Idle;(6, 8);False;1;1026
;(6, 8);Idle;(6, 8);False;1;1027
;(6, 8);Idle;(6, 8);False;1;1028
;(6, 8);Idle;(6, 8);False;1;1029
;(6, 8);Idle;(6, 8);False;1;1030
;(6, 8);Idle;(6, 8);False;1;1031
;(6, 8);Idle;(6, 8);False;1;1032
MoveSouth;(6, 9);Idle;(6, 8);False;1;1033
;(6, 9);Idle;(6, 8);False;1;1034
;(6, 9);Idle;(6, 8);False;1;1035
;(6, 9);Idle;(6, 8);False;1;1036
;(6, 9);Idle;(6, 8);False;1;1037
;(6, 9);Idle;(6, 8);False;1;1038
;(6, 9);Idle;(6, 8);False;1;1039
;(6, 9);Idle;(6, 8);False;1;1040
;(6, 9);Idle;(6, 8);False;1;1041
GrabObject;(6, 9);Idle;(6, 8);False;1;1042
;(6, 9);Idle;(6, 8);False;1;1043
;(6, 9);Idle;(6, 8);False;1;1044
;(6, 9);Idle;(6, 8);False;1;1045
;(6, 9);Idle;(6, 8);False;1;1046
;(6, 9);Idle;(6, 8);False;1;1047
;(6, 9);Idle;(6, 8);False;1;1048
;(6, 9);Idle;(6, 8);False;1;1049
MoveNorth;(6, 8);Idle;(6, 8);False;1;1050
;(6, 8);Idle;(6, 8);False;1;1051
;(6, 8);Idle;(6, 8);False;1;1052
;(6, 8);Idle;(6, 8);False;1;1053
;(6, 8);Idle;(6, 8);False;1;1054
;(6, 8);Idle;(6, 8);False;1;1055
MoveWest;(5, 8);Idle;(6, 8);False;1;1056
;(5, 8);Idle;(6, 8);False;1;1057
MoveWest;(4, 8);;(6, 8);False;1;1058
;(4, 8);MoveEast;(6, 8);False;1;1059
;(4, 8);MoveEast;(6, 8);False;1;1060
;(4, 8);MoveEast;(6, 8);False;1;1061
;(4, 8);MoveEast;(6, 8);False;1;1062
MoveWest;(3, 8);MoveEast;(6, 8);False;1;1063
;(3, 8);MoveEast;(6, 8);False;1;1064
;(3, 8);MoveEast;(6, 8);False;1;1065
;(3, 8);MoveEast;(6, 8);False;1;1066
MoveWest;(2, 8);MoveEast;(6, 8);False;1;1067
;(2, 8);MoveEast;(6, 8);False;1;1068
;(2, 8);MoveEast;(7, 8);False;1;1069
;(2, 8);MoveEast;(7, 8);False;1;1070
DropObject;(2, 8);MoveEast;(7, 8);False;1;1071
;(2, 8);MoveEast;(7, 8);False;1;1072
;(2, 8);MoveEast;(7, 8);False;1;1073
;(2, 8);MoveEast;(7, 8);False;1;1074
;(2, 8);MoveEast;(7, 8);False;1;1075
;(2, 8);MoveEast;(7, 8);False;1;1076
;(2, 8);MoveEast;(7, 8);False;1;1077
;(2, 8);MoveEast;(7, 8);False;1;1078
;(2, 8);MoveEast;(7, 8);False;1;1079
;(2, 8);MoveEast;(8, 8);False;1;1080
;(2, 8);MoveEast;(8, 8);False;1;1081
;(2, 8);MoveEast;(8, 8);False;1;1082
;(2, 8);MoveEast;(8, 8);False;1;1083
MoveEast;(3, 8);MoveEast;(8, 8);False;1;1084
;(3, 8);MoveEast;(8, 8);False;1;1085
;(3, 8);MoveEast;(8, 8);False;1;1086
;(3, 8);MoveEast;(8, 8);False;1;1087
;(3, 8);MoveEast;(8, 8);False;1;1088
;(3, 8);MoveEast;(8, 8);False;1;1089
MoveEast;(4, 8);MoveEast;(8, 8);False;1;1090
;(4, 8);MoveEast;(9, 8);False;1;1091
;(4, 8);GrabObject;(9, 8);False;1;1092
;(4, 8);GrabObject;(9, 8);False;1;1093
MoveEast;(5, 8);GrabObject;(9, 8);False;1;1094
;(5, 8);GrabObject;(9, 8);False;1;1095
;(5, 8);GrabObject;(9, 8);False;1;1096
;(5, 8);GrabObject;(9, 8);False;1;1097
;(5, 8);GrabObject;(9, 8);False;1;1098
;(5, 8);GrabObject;(9, 8);False;1;1099
MoveSouth;(5, 9);GrabObject;(9, 8);False;1;1100
;(5, 9);GrabObject;(9, 8);False;1;1101
;(5, 9);GrabObject;(9, 8);False;1;1102
;(5, 9);;(9, 8);False;1;1103
MoveEast;(6, 9);MoveEast;(9, 8);False;1;1104
;(6, 9);MoveEast;(9, 8);False;1;1105
;(6, 9);MoveEast;(9, 8);False;1;1106
;(6, 9);MoveEast;(9, 8);False;1;1107
;(6, 9);MoveEast;(9, 8);False;1;1108
;(6, 9);MoveEast;(9, 8);False;1;1109
;(6, 9);MoveEast;(9, 8);False;1;1110
;(6, 9);MoveEast;(9, 8);False;1;1111
;(6, 9);MoveEast;(9, 8);False;1;1112
;(6, 9);MoveEast;(9, 8);False;1;1113
;(6, 9);MoveEast;(10, 8);False;1;1114
;(6, 9);MoveEast;(10, 8);False;1;1115
;(6, 9);MoveEast;(10, 8);False;1;1116
;(6, 9);MoveEast;(10, 8);False;1;1117
;(6, 9);MoveEast;(10, 8);False;1;1118
;(6, 9);MoveEast;(10, 8);False;1;1119
;(6, 9);MoveEast;(10, 8);False;1;1120
;(6, 9);MoveEast;(10, 8);False;1;1121
;(6, 9);MoveEast;(10, 8);False;1;1122
;(6, 9);MoveEast;(10, 8);False;1;1123
;(6, 9);MoveEast;(10, 8);False;1;1124
;(6, 9);MoveEast;(11, 8);False;1;1125
;(6, 9);MoveEast;(11, 8);False;1;1126
;(6, 9);MoveEast;(11, 8);False;1;1127
;(6, 9);MoveEast;(11, 8);False;1;1128
;(6, 9);MoveEast;(11, 8);False;1;1129
;(6, 9);MoveEast;(11, 8);False;1;1130
;(6, 9);MoveEast;(11, 8);False;1;1131
;(6, 9);MoveEast;(11, 8);False;1;1132
;(6, 9);MoveEast;(11, 8);False;1;1133
MoveSouth;(6, 10);MoveEast;(11, 8);False;1;1134
;(6, 10);MoveEast;(11, 8);False;1;1135
;(6, 10);MoveEast;(12, 8);False;1;1136
;(6, 10);GrabObject;(12, 8);False;1;1137
;(6, 10);GrabObject;(12, 8);False;1;1138
;(6, 10);GrabObject;(12, 8);False;1;1139
;(6, 10);GrabObject;(12, 8);False;1;1140
;(6, 10);GrabObject;(12, 8);False;1;1141
;(6, 10);GrabObject;(12, 8);False;1;1142
;(6, 10);GrabObject;(12, 8);False;1;1143
;(6, 10);GrabObject;(12, 8);False;1;1144
;(6, 10);GrabObject;(12, 8);False;1;1145
;(6, 10);GrabObject;(12, 8);False;1;1146
;(6, 10);GrabObject;(12, 8);False;1;1147
;(6, 10);;(12, 8);False;1;1148
;(6, 10);MoveNorthEast;(12, 8);False;1;1149
;(6, 10);MoveNorthEast;(12, 8);False;1;1150
;(6, 10);MoveNorthEast;(12, 8);False;1;1151
;(6, 10);MoveNorthEast;(12, 8);False;1;1152
;(6, 10);MoveNorthEast;(12, 8);False;1;1153
;(6, 10);MoveNorthEast;(12, 8);False;1;1154
;(6, 10);MoveNorthEast;(12, 8);False;1;1155
DropObject;(6, 10);MoveNorthEast;(12, 8);False;1;1156
;(6, 10);MoveNorthEast;(12, 8);False;1;1157
;(6, 10);MoveNorthEast;(12, 8);False;1;1158
;(6, 10);MoveNorthEast;(13, 7);False;1;1159
;(6, 10);MoveEast;(13, 7);False;1;1160
;(6, 10);MoveEast;(13, 7);False;1;1161
;(6, 10);MoveEast;(13, 7);False;1;1162
GrabObject;(6, 10);MoveEast;(13, 7);False;1;1163
;(6, 10);MoveEast;(13, 7);False;1;1164
;(6, 10);MoveEast;(13, 7);False;1;1165
;(6, 10);MoveEast;(13, 7);False;1;1166
;(6, 10);MoveEast;(13, 7);False;1;1167
;(6, 10);MoveEast;(13, 7);False;1;1168
MoveNorth;(6, 9);MoveEast;(13, 7);False;1;1169
;(6, 9);MoveEast;(14, 7);False;1;1170
;(6, 9);MoveNorthEast;(14, 7);False;1;1171
;(6, 9);MoveNorthEast;(14, 7);False;1;1172
MoveNorth;(6, 8);MoveNorthEast;(14, 7);False;1;1173
;(6, 8);MoveNorthEast;(14, 7);False;1;1174
;(6, 8);MoveNorthEast;(14, 7);False;1;1175
;(6, 8);MoveNorthEast;(14, 7);False;1;1176
;(6, 8);MoveNorthEast;(14, 7);False;1;1177
MoveNorth;(6, 7);MoveNorthEast;(14, 7);False;1;1178
;(6, 7);MoveNorthEast;(14, 7);False;1;1179
;(6, 7);MoveNorthEast;(14, 7);False;1;1180
MoveWest;(5, 7);MoveNorthEast;(15, 6);False;1;1181
;(5, 7);MoveEast;(15, 6);False;1;1182
;(5, 7);MoveEast;(15, 6);False;1;1183
;(5, 7);MoveEast;(15, 6);False;1;1184
MoveWest;(4, 7);MoveEast;(15, 6);False;1;1185
;(4, 7);MoveEast;(15, 6);False;1;1186
;(4, 7);MoveEast;(15, 6);False;1;1187
;(4, 7);MoveEast;(15, 6);False;1;1188
MoveWest;(3, 7);MoveEast;(15, 6);False;1;1189
;(3, 7);MoveEast;(15, 6);False;1;1190
;(3, 7);MoveEast;(15, 6);False;1;1191
;(3, 7);MoveEast;(16, 6);False;1;1192
;(3, 7);DropObject;(16, 6);False;1;1193
;(3, 7);DropObject;(16, 6);False;1;1194
;(3, 7);DropObject;(16, 6);False;1;1195
;(3, 7);DropObject;(16, 6);False;1;1196
;(3, 7);DropObject;(16, 6);False;1;1197
;(3, 7);DropObject;(16, 6);False;1;1198
DropObject;(3, 7);DropObject;(16, 6);False;1;1199
;(3, 7);DropObject;(16, 6);False;1;1200
;(3, 7);DropObject;(16, 6);False;1;1201
;(3, 7);DropObject;(16, 6);False;1;1202
;(3, 7);DropObject;(16, 6);False;1;1203
;(3, 7);DropObject;(16, 6);False;1;1204
;(3, 7);DropObject;(16, 6);False;1;1205
MoveEast;(4, 7);DropObject;(16, 6);False;1;1206
;(4, 7);DropObject;(16, 6);False;1;1207
;(4, 7);DropObject;(16, 6);False;1;1208
;(4, 7);DropObject;(16, 6);False;1;1209
MoveEast;(5, 7);DropObject;(16, 6);False;1;1210
;(5, 7);DropObject;(16, 6);False;1;1211
;(5, 7);DropObject;(16, 6);False;1;1212
;(5, 7);DropObject;(16, 6);False;1;1213
MoveEast;(6, 7);DropObject;(16, 6);False;1;1214
;(6, 7);;(16, 6);False;1;1215
;(6, 7);MoveWest;(16, 6);False;1;1216
;(6, 7);MoveWest;(16, 6);False;1;1217
MoveEast;(7, 7);MoveWest;(16, 6);False;1;1218
;(7, 7);MoveWest;(16, 6);False;1;1219
;(7, 7);MoveWest;(16, 6);False;1;1220
;(7, 7);MoveWest;(16, 6);False;1;1221
;(7, 7);MoveWest;(16, 6);False;1;1222
MoveSouth;(7, 8);MoveWest;(16, 6);False;1;1223
;(7, 8);MoveWest;(16, 6);False;1;1224
;(7, 8);MoveWest;(16, 6);False;1;1225
;(7, 8);MoveWest;(15, 6);False;1;1226
;(7, 8);MoveWest;(15, 6);False;1;1227
;(7, 8);MoveWest;(15, 6);False;1;1228
;(7, 8);MoveWest;(15, 6);False;1;1229
;(7, 8);MoveWest;(15, 6);False;1;1230
;(7, 8);MoveWest;(15, 6);False;1;1231
;(7, 8);MoveWest;(15, 6);False;1;1232
;(7, 8);MoveWest;(15, 6);False;1;1233
;(7, 8);MoveWest;(15, 6);False;1;1234
;(7, 8);MoveWest;(15, 6);False;1;1235
MoveSouth;(7, 9);MoveWest;(15, 6);False;1;1236
;(7, 9);MoveWest;(14, 6);False;1;1237
;(7, 9);MoveWest;(14, 6);False;1;1238
;(7, 9);MoveWest;(14, 6);False;1;1239
;(7, 9);MoveWest;(14, 6);False;1;1240
;(7, 9);MoveWest;(14, 6);False;1;1241
;(7, 9);MoveWest;(14, 6);False;1;1242
;(7, 9);MoveWest;(14, 6);False;1;1243
;(7, 9);MoveWest;(14, 6);False;1;1244
;(7, 9);MoveWest;(14, 6);False;1;1245
;(7, 9);MoveWest;(14, 6);False;1;1246
GrabObject;(7, 9);MoveWest;(14, 6);False;1;1247
;(7, 9);MoveWest;(13, 6);False;1;1248
;(7, 9);MoveWest;(13, 6);False;1;1249
;(7, 9);MoveWest;(13, 6);False;1;1250
;(7, 9);MoveWest;(13, 6);False;1;1251
;(7, 9);MoveWest;(13, 6);False;1;1252
MoveNorth;(7, 8);MoveWest;(13, 6);False;1;1253
;(7, 8);MoveWest;(13, 6);False;1;1254
;(7, 8);MoveWest;(13, 6);False;1;1255
;(7, 8);MoveWest;(13, 6);False;1;1256
;(7, 8);MoveWest;(13, 6);False;1;1257
MoveWest;(6, 8);MoveWest;(13, 6);False;1;1258
;(6, 8);MoveWest;(12, 6);False;1;1259
;(6, 8);MoveWest;(12, 6);False;1;1260
MoveWest;(5, 8);MoveWest;(12, 6);False;1;1261
;(5, 8);MoveWest;(12, 6);False;1;1262
;(5, 8);MoveWest;(12, 6);False;1;1263
;(5, 8);MoveWest;(12, 6);False;1;1264
MoveWest;(4, 8);MoveWest;(12, 6);False;1;1265
;(4, 8);MoveWest;(12, 6);False;1;1266
;(4, 8);MoveWest;(12, 6);False;1;1267
;(4, 8);MoveWest;(12, 6);False;1;1268
MoveWest;(3, 8);MoveWest;(12, 6);False;1;1269
;(3, 8);MoveWest;(11, 6);False;1;1270
;(3, 8);MoveWest;(11, 6);False;1;1271
;(3, 8);MoveWest;(11, 6);False;1;1272
DropObject;(3, 8);MoveWest;(11, 6);False;1;1273
;(3, 8);MoveWest;(11, 6);False;1;1274
;(3, 8);MoveWest;(11, 6);False;1;1275
;(3, 8);MoveWest;(11, 6);False;1;1276
MoveEast;(4, 8);MoveWest;(11, 6);False;1;1277
;(4, 8);MoveWest;(11, 6);False;1;1278
;(4, 8);MoveWest;(11, 6);False;1;1279
;(4, 8);MoveWest;(11, 6);False;1;1280
;(4, 8);MoveWest;(10, 6);False;1;1281
MoveEast;(5, 8);MoveWest;(10, 6);False;1;1282
;(5, 8);MoveWest;(10, 6);False;1;1283
;(5, 8);MoveWest;(10, 6);False;1;1284
;(5, 8);MoveWest;(10, 6);False;1;1285
MoveEast;(6, 8);MoveWest;(10, 6);False;1;1286
;(6, 8);MoveWest;(10, 6);False;1;1287
;(6, 8);MoveWest;(10, 6);False;1;1288
MoveEast;(7, 8);MoveWest;(10, 6);False;1;1289
;(7, 8);MoveWest;(10, 6);False;1;1290
;(7, 8);MoveWest;(10, 6);False;1;1291
MoveSouth;(7, 9);MoveWest;(9, 6);False;1;1292
;(7, 9);MoveWest;(9, 6);False;1;1293
;(7, 9);MoveWest;(9, 6);False;1;1294
;(7, 9);MoveWest;(9, 6);False;1;1295
;(7, 9);MoveWest;(9, 6);False;1;1296
;(7, 9);MoveWest;(9, 6);False;1;1297
;(7, 9);MoveWest;(9, 6);False;1;1298
;(7, 9);MoveWest;(9, 6);False;1;1299
;(7, 9);MoveWest;(9, 6);False;1;1300
;(7, 9);MoveWest;(9, 6);False;1;1301
MoveSouth;(7, 10);MoveWest;(9, 6);False;1;1302
;(7, 10);MoveWest;(8, 6);False;1;1303
;(7, 10);MoveWest;(8, 6);False;1;1304
;(7, 10);MoveWest;(8, 6);False;1;1305
;(7, 10);MoveWest;(8, 6);False;1;1306
;(7, 10);MoveWest;(8, 6);False;1;1307
;(7, 10);MoveWest;(8, 6);False;1;1308
;(7, 10);MoveWest;(8, 6);False;1;1309
;(7, 10);MoveWest;(8, 6);False;1;1310
GrabObject;(7, 10);MoveWest;(8, 6);False;1;1311
;(7, 10);MoveWest;(8, 6);False;1;1312
;(7, 10);MoveWest;(8, 6);False;1;1313
;(7, 10);MoveWest;(7, 6);False;1;1314
;(7, 10);MoveSouthWest;(7, 6);False;1;1315
MoveNorth;(7, 9);MoveSouthWest;(7, 6);False;1;1316
;(7, 9);MoveSouthWest;(7, 6);False;1;1317
;(7, 9);MoveSouthWest;(7, 6);False;1;1318
;(7, 9);MoveSouthWest;(7, 6);False;1;1319
MoveNorth;(7, 8);MoveSouthWest;(7, 6);False;1;1320
;(7, 8);MoveSouthWest;(7, 6);False;1;1321
;(7, 8);MoveSouthWest;(7, 6);False;1;1322
;(7, 8);MoveSouthWest;(7, 6);False;1;1323
MoveNorth;(7, 7);MoveSouthWest;(7, 6);False;1;1324
;(7, 7);MoveSouthWest;(6, 7);False;1;1325
;(7, 7);Idle;(6, 7);False;1;1326
;(7, 7);Idle;(6, 7);False;1;1327
MoveWest;(6, 7);Idle;(6, 7);False;1;1328
;(6, 7);Idle;(6, 7);False;1;1329
;(6, 7);Idle;(6, 7);False;1;1330
;(6, 7);Idle;(6, 7);False;1;1331
MoveWest;(5, 7);Idle;(6, 7);False;1;1332
;(5, 7);Idle;(6, 7);False;1;1333
;(5, 7);Idle;(6, 7);False;1;1334
;(5, 7);Idle;(6, 7);False;1;1335
MoveWest;(4, 7);Idle;(6, 7);False;1;1336
;(4, 7);Idle;(6, 7);False;1;1337
;(4, 7);Idle;(6, 7);False;1;1338
MoveWest;(3, 7);Idle;(6, 7);False;1;1339
;(3, 7);Idle;(6, 7);False;1;1340
;(3, 7);Idle;(6, 7);False;1;1341
;(3, 7);Idle;(6, 7);False;1;1342
MoveWest;(2, 7);Idle;(6, 7);False;1;1343
;(2, 7);Idle;(6, 7);False;1;1344
;(2, 7);Idle;(6, 7);False;1;1345
;(2, 7);Idle;(6, 7);False;1;1346
;(2, 7);Idle;(6, 7);False;1;1347
;(2, 7);Idle;(6, 7);False;1;1348
;(2, 7);Idle;(6, 7);False;1;1349
;(2, 7);Idle;(6, 7);False;1;1350
DropObject;(2, 7);Idle;(6, 7);False;1;1351
;(2, 7);Idle;(6, 7);False;1;1352
;(2, 7);Idle;(6, 7);False;1;1353
;(2, 7);Idle;(6, 7);False;1;1354
;(2, 7);Idle;(6, 7);False;1;1355
MoveEast;(3, 7);Idle;(6, 7);False;1;1356
;(3, 7);Idle;(6, 7);False;1;1357
;(3, 7);Idle;(6, 7);False;1;1358
;(3, 7);Idle;(6, 7);False;1;1359
;(3, 7);Idle;(6, 7);False;1;1360
;(3, 7);Idle;(6, 7);False;1;1361
MoveEast;(4, 7);Idle;(6, 7);False;1;1362
;(4, 7);Idle;(6, 7);False;1;1363
MoveEast;(5, 7);Idle;(6, 7);False;1;1364
;(5, 7);Idle;(6, 7);False;1;1365
;(5, 7);Idle;(6, 7);False;1;1366
;(5, 7);Idle;(6, 7);False;1;1367
MoveEast;(6, 7);Idle;(6, 7);False;1;1368
;(6, 7);Idle;(6, 7);False;1;1369
;(6, 7);Idle;(6, 7);False;1;1370
;(6, 7);Idle;(6, 7);False;1;1371
MoveEast;(7, 7);Idle;(6, 7);False;1;1372
;(7, 7);Idle;(6, 7);False;1;1373
;(7, 7);Idle;(6, 7);False;1;1374
;(7, 7);Idle;(6, 7);False;1;1375
MoveEast;(8, 7);Idle;(6, 7);False;1;1376
;(8, 7);Idle;(6, 7);False;1;1377
;(8, 7);Idle;(6, 7);False;1;1378
;(8, 7);Idle;(6, 7);False;1;1379
MoveEast;(9, 7);Idle;(6, 7);False;1;1380
;(9, 7);;(6, 7);False;1;1381
;(9, 7);MoveEast;(6, 7);False;1;1382
;(9, 7);MoveEast;(6, 7);False;1;1383
MoveEast;(10, 7);MoveEast;(6, 7);False;1;1384
;(10, 7);MoveEast;(6, 7);False;1;1385
;(10, 7);MoveEast;(6, 7);False;1;1386
;(10, 7);MoveEast;(6, 7);False;1;1387
MoveEast;(11, 7);MoveEast;(6, 7);False;1;1388
;(11, 7);MoveEast;(6, 7);False;1;1389
;(11, 7);MoveEast;(6, 7);False;1;1390
;(11, 7);MoveEast;(6, 7);False;1;1391
MoveEast;(12, 7);MoveEast;(7, 7);False;1;1392
;(12, 7);MoveEast;(7, 7);False;1;1393
;(12, 7);MoveEast;(7, 7);False;1;1394
;(12, 7);MoveEast;(7, 7);False;1;1395
MoveEast;(13, 7);MoveEast;(7, 7);False;1;1396
;(13, 7);MoveEast;(7, 7);False;1;1397
;(13, 7);MoveEast;(7, 7);False;1;1398
;(13, 7);MoveEast;(7, 7);False;1;1399
;(13, 7);MoveEast;(7, 7);False;1;1400
;(13, 7);MoveEast;(7, 7);False;1;1401
MoveSouth;(13, 8);MoveEast;(7, 7);False;1;1402
;(13, 8);MoveEast;(8, 7);False;1;1403
;(13, 8);MoveEast;(8, 7);False;1;1404
;(13, 8);MoveEast;(8, 7);False;1;1405
;(13, 8);MoveEast;(8, 7);False;1;1406
;(13, 8);MoveEast;(8, 7);False;1;1407
;(13, 8);MoveEast;(8, 7);False;1;1408
;(13, 8);MoveEast;(8, 7);False;1;1409
;(13, 8);MoveEast;(8, 7);False;1;1410
;(13, 8);MoveEast;(8, 7);False;1;1411
;(13, 8);MoveEast;(8, 7);False;1;1412
GrabObject;(13, 8);MoveEast;(8, 7);False;1;1413
;(13, 8);MoveEast;(9, 7);False;1;1414
;(13, 8);MoveEast;(9, 7);False;1;1415
;(13, 8);MoveEast;(9, 7);False;1;1416
;(13, 8);MoveEast;(9, 7);False;1;1417
MoveNorth;(13, 7);MoveEast;(9, 7);False;1;1418
;(13, 7);MoveEast;(9, 7);False;1;1419
;(13, 7);MoveEast;(9, 7);False;1;1420
;(13, 7);MoveEast;(9, 7);False;1;1421
MoveNorth;(13, 6);MoveEast;(9, 7);False;1;1422
;(13, 6);MoveEast;(9, 7);False;1;1423
;(13, 6);MoveEast;(9, 7);False;1;1424
;(13, 6);MoveEast;(10, 7);False;1;1425
;(13, 6);MoveEast;(10, 7);False;1;1426
MoveWest;(12, 6);MoveEast;(10, 7);False;1;1427
;(12, 6);MoveEast;(10, 7);False;1;1428
;(12, 6);MoveEast;(10, 7);False;1;1429
;(12, 6);MoveEast;(10, 7);False;1;1430
MoveWest;(11, 6);MoveEast;(10, 7);False;1;1431
;(11, 6);MoveEast;(10, 7);False;1;1432
;(11, 6);MoveEast;(10, 7);False;1;1433
;(11, 6);MoveEast;(10, 7);False;1;1434
MoveWest;(10, 6);MoveEast;(10, 7);False;1;1435
;(10, 6);MoveEast;(11, 7);False;1;1436
;(10, 6);MoveEast;(11, 7);False;1;1437
;(10, 6);MoveEast;(11, 7);False;1;1438
MoveWest;(9, 6);MoveEast;(11, 7);False;1;1439
;(9, 6);MoveEast;(11, 7);False;1;1440
;(9, 6);MoveEast;(11, 7);False;1;1441
;(9, 6);MoveEast;(11, 7);False;1;1442
MoveWest;(8, 6);MoveEast;(11, 7);False;1;1443
;(8, 6);MoveEast;(11, 7);False;1;1444
;(8, 6);MoveEast;(11, 7);False;1;1445
MoveWest;(7, 6);MoveEast;(11, 7);False;1;1446
;(7, 6);MoveEast;(12, 7);False;1;1447
;(7, 6);MoveSouthEast;(12, 7);False;1;1448
;(7, 6);MoveSouthEast;(12, 7);False;1;1449
;(7, 6);MoveSouthEast;(12, 7);False;1;1450
MoveWest;(6, 6);MoveSouthEast;(12, 7);False;1;1451
;(6, 6);MoveSouthEast;(12, 7);False;1;1452
;(6, 6);MoveSouthEast;(12, 7);False;1;1453
MoveWest;(5, 6);MoveSouthEast;(12, 7);False;1;1454
;(5, 6);MoveSouthEast;(12, 7);False;1;1455
;(5, 6);MoveSouthEast;(12, 7);False;1;1456
;(5, 6);MoveSouthEast;(12, 7);False;1;1457
MoveWest;(4, 6);MoveSouthEast;(13, 8);False;1;1458
;(4, 6);GrabObject;(13, 8);False;1;1459
;(4, 6);GrabObject;(13, 8);False;1;1460
;(4, 6);GrabObject;(13, 8);False;1;1461
;(4, 6);GrabObject;(13, 8);False;1;1462
;(4, 6);GrabObject;(13, 8);False;1;1463
;(4, 6);GrabObject;(13, 8);False;1;1464
DropObject;(4, 6);GrabObject;(13, 8);False;1;1465
;(4, 6);GrabObject;(13, 8);False;1;1466
;(4, 6);GrabObject;(13, 8);False;1;1467
;(4, 6);GrabObject;(13, 8);False;1;1468
;(4, 6);GrabObject;(13, 8);False;1;1469
;(4, 6);;(13, 8);False;1;1470
;(4, 6);MoveWest;(13, 8);False;1;1471
;(4, 6);MoveWest;(13, 8);False;1;1472
;(4, 6);MoveWest;(13, 8);False;1;1473
;(4, 6);MoveWest;(13, 8);False;1;1474
;(4, 6);MoveWest;(13, 8);False;1;1475
;(4, 6);MoveWest;(13, 8);False;1;1476
;(4, 6);MoveWest;(13, 8);False;1;1477
;(4, 6);MoveWest;(13, 8);False;1;1478
;(4, 6);MoveWest;(13, 8);False;1;1479
;(4, 6);MoveWest;(13, 8);False;1;1480
MoveSouth;(4, 7);MoveWest;(12, 8);False;1;1481
;(4, 7);MoveWest;(12, 8);False;1;1482
;(4, 7);MoveWest;(12, 8);False;1;1483
;(4, 7);MoveWest;(12, 8);False;1;1484
;(4, 7);MoveWest;(12, 8);False;1;1485
MoveEast;(5, 7);MoveWest;(12, 8);False;1;1486
;(5, 7);MoveWest;(12, 8);False;1;1487
;(5, 7);MoveWest;(12, 8);False;1;1488
;(5, 7);MoveWest;(12, 8);False;1;1489
;(5, 7);MoveWest;(12, 8);False;1;1490
;(5, 7);MoveWest;(12, 8);False;1;1491
;(5, 7);MoveWest;(11, 8);False;1;1492
;(5, 7);MoveWest;(11, 8);False;1;1493
;(5, 7);MoveWest;(11, 8);False;1;1494
;(5, 7);MoveWest;(11, 8);False;1;1495
;(5, 7);MoveWest;(11, 8);False;1;1496
;(5, 7);MoveWest;(11, 8);False;1;1497
;(5, 7);MoveWest;(11, 8);False;1;1498
;(5, 7);MoveWest;(11, 8);False;1;1499
;(5, 7);MoveWest;(11, 8);False;1;1500
;(5, 7);MoveWest;(11, 8);False;1;1501
;(5, 7);MoveWest;(11, 8);False;1;1502
;(5, 7);MoveWest;(10, 8);False;1;1503
;(5, 7);MoveSouthWest;(10, 8);False;1;1504
;(5, 7);MoveSouthWest;(10, 8);False;1;1505
;(5, 7);MoveSouthWest;(10, 8);False;1;1506
;(5, 7);MoveSouthWest;(10, 8);False;1;1507
;(5, 7);MoveSouthWest;(10, 8);False;1;1508
;(5, 7);MoveSouthWest;(10, 8);False;1;1509
;(5, 7);MoveSouthWest;(10, 8);False;1;1510
;(5, 7);MoveSouthWest;(10, 8);False;1;1511
;(5, 7);MoveSouthWest;(10, 8);False;1;1512
;(5, 7);MoveSouthWest;(10, 8);False;1;1513
;(5, 7);MoveSouthWest;(9, 9);False;1;1514
;(5, 7);GrabObject;(9, 9);False;1;1515
;(5, 7);GrabObject;(9, 9);False;1;1516
;(5, 7);GrabObject;(9, 9);False;1;1517
;(5, 7);GrabObject;(9, 9);False;1;1518
;(5, 7);GrabObject;(9, 9);False;1;1519
;(5, 7);GrabObject;(9, 9);False;1;1520
MoveSouth;(5, 8);GrabObject;(9, 9);False;1;1521
;(5, 8);GrabObject;(9, 9);False;1;1522
;(5, 8);GrabObject;(9, 9);False;1;1523
;(5, 8);GrabObject;(9, 9);False;1;1524
;(5, 8);GrabObject;(9, 9);False;1;1525
;(5, 8);;(9, 9);False;1;1526
MoveSouth;(5, 9);MoveWest;(9, 9);False;1;1527
;(5, 9);MoveWest;(9, 9);False;1;1528
;(5, 9);MoveWest;(9, 9);False;1;1529
;(5, 9);MoveWest;(9, 9);False;1;1530
;(5, 9);MoveWest;(9, 9);False;1;1531
;(5, 9);MoveWest;(9, 9);False;1;1532
;(5, 9);MoveWest;(9, 9);False;1;1533
;(5, 9);MoveWest;(9, 9);False;1;1534
;(5, 9);MoveWest;(9, 9);False;1;1535
;(5, 9);MoveWest;(9, 9);False;1;1536
;(5, 9);MoveWest;(8, 9);False;1;1537
;(5, 9);MoveWest;(8, 9);False;1;1538
;(5, 9);MoveWest;(8, 9);False;1;1539
;(5, 9);MoveWest;(8, 9);False;1;1540
;(5, 9);MoveWest;(8, 9);False;1;1541
;(5, 9);MoveWest;(8, 9);False;1;1542
;(5, 9);MoveWest;(8, 9);False;1;1543
;(5, 9);MoveWest;(8, 9);False;1;1544
;(5, 9);MoveWest;(8, 9);False;1;1545
;(5, 9);MoveWest;(8, 9);False;1;1546
;(5, 9);MoveWest;(8, 9);False;1;1547
;(5, 9);MoveWest;(7, 9);False;1;1548
;(5, 9);MoveWest;(7, 9);False;1;1549
;(5, 9);MoveWest;(7, 9);False;1;1550
;(5, 9);MoveWest;(7, 9);False;1;1551
;(5, 9);MoveWest;(7, 9);False;1;1552
;(5, 9);MoveWest;(7, 9);False;1;1553
;(5, 9);MoveWest;(7, 9);False;1;1554
;(5, 9);MoveWest;(7, 9);False;1;1555
;(5, 9);MoveWest;(7, 9);False;1;1556
;(5, 9);MoveWest;(7, 9);False;1;1557
;(5, 9);MoveWest;(7, 9);False;1;1558
;(5, 9);MoveWest;(6, 9);False;1;1559
;(5, 9);MoveWest;(6, 9);False;1;1560
;(5, 9);MoveWest;(6, 9);False;1;1561
;(5, 9);MoveWest;(6, 9);False;1;1562
;(5, 9);MoveWest;(6, 9);False;1;1563
;(5, 9);MoveWest;(6, 9);False;1;1564
;(5, 9);MoveWest;(6, 9);False;1;1565
;(5, 9);MoveWest;(6, 9);False;1;1566
;(5, 9);MoveWest;(6, 9);False;1;1567
MoveEast;(6, 9);MoveWest;(6, 9);False;1;1568
;(6, 9);MoveWest;(6, 9);False;1;1569
;(6, 9);MoveWest;(5, 9);False;1;1570
;(6, 9);MoveNorthWest;(5, 9);False;1;1571
MoveEast;(7, 9);MoveNorthWest;(5, 9);False;1;1572
;(7, 9);MoveNorthWest;(5, 9);False;1;1573
;(7, 9);MoveNorthWest;(5, 9);False;1;1574
;(7, 9);MoveNorthWest;(5, 9);False;1;1575
;(7, 9);MoveNorthWest;(5, 9);False;1;1576
;(7, 9);MoveNorthWest;(5, 9);False;1;1577
;(7, 9);MoveNorthWest;(5, 9);False;1;1578
;(7, 9);MoveNorthWest;(5, 9);False;1;1579
;(7, 9);MoveNorthWest;(5, 9);False;1;1580
;(7, 9);MoveNorthWest;(4, 8);False;1;1581
;(7, 9);MoveWest;(4, 8);False;1;1582
;(7, 9);MoveWest;(4, 8);False;1;1583
;(7, 9);MoveWest;(4, 8);False;1;1584
;(7, 9);MoveWest;(4, 8);False;1;1585
;(7, 9);MoveWest;(4, 8);False;1;1586
;(7, 9);MoveWest;(4, 8);False;1;1587
;(7, 9);MoveWest;(4, 8);False;1;1588
;(7, 9);MoveWest;(4, 8);False;1;1589
;(7, 9);MoveWest;(4, 8);False;1;1590
;(7, 9);MoveWest;(4, 8);False;1;1591
;(7, 9);MoveWest;(3, 8);False;1;1592
;(7, 9);MoveNorthWest;(3, 8);False;1;1593
;(7, 9);MoveNorthWest;(3, 8);False;1;1594
;(7, 9);MoveNorthWest;(3, 8);False;1;1595
;(7, 9);MoveNorthWest;(3, 8);False;1;1596
;(7, 9);MoveNorthWest;(3, 8);False;1;1597
;(7, 9);MoveNorthWest;(3, 8);False;1;1598
;(7, 9);MoveNorthWest;(3, 8);False;1;1599
;(7, 9);MoveNorthWest;(3, 8);False;1;1600
;(7, 9);MoveNorthWest;(3, 8);False;1;1601
;(7, 9);MoveNorthWest;(3, 8);False;1;1602
;(7, 9);MoveNorthWest;(2, 7);False;1;1603
;(7, 9);MoveWest;(2, 7);False;1;1604
;(7, 9);MoveWest;(2, 7);False;1;1605
;(7, 9);MoveWest;(2, 7);False;1;1606
;(7, 9);MoveWest;(2, 7);False;1;1607
;(7, 9);MoveWest;(2, 7);False;1;1608
;(7, 9);MoveWest;(2, 7);False;1;1609
;(7, 9);MoveWest;(2, 7);False;1;1610
;(7, 9);MoveWest;(2, 7);False;1;1611
;(7, 9);MoveWest;(2, 7);False;1;1612
;(7, 9);MoveWest;(2, 7);False;1;1613
;(7, 9);MoveWest;(1, 7);False;1;1614
;(7, 9);DropObject;(1, 7);False;1;1615
;(7, 9);DropObject;(1, 7);False;1;1616
;(7, 9);DropObject;(1, 7);False;1;1617
;(7, 9);DropObject;(1, 7);False;1;1618
;(7, 9);DropObject;(1, 7);False;1;1619
;(7, 9);DropObject;(1, 7);False;1;1620
;(7, 9);DropObject;(1, 7);False;1;1621
;(7, 9);DropObject;(1, 7);False;1;1622
;(7, 9);DropObject;(1, 7);False;1;1623
;(7, 9);DropObject;(1, 7);False;1;1624
;(7, 9);DropObject;(1, 7);False;1;1625
;(7, 9);;(1, 7);False;1;1626
;(7, 9);MoveEast;(1, 7);False;1;1627
;(7, 9);MoveEast;(1, 7);False;1;1628
;(7, 9);MoveEast;(1, 7);False;1;1629
;(7, 9);MoveEast;(1, 7);False;1;1630
;(7, 9);MoveEast;(1, 7);False;1;1631
;(7, 9);MoveEast;(1, 7);False;1;1632
;(7, 9);MoveEast;(1, 7);False;1;1633
;(7, 9);MoveEast;(1, 7);False;1;1634
;(7, 9);MoveEast;(1, 7);False;1;1635
;(7, 9);MoveEast;(1, 7);False;1;1636
;(7, 9);MoveEast;(2, 7);False;1;1637
;(7, 9);MoveEast;(2, 7);False;1;1638
;(7, 9);MoveEast;(2, 7);False;1;1639
;(7, 9);MoveEast;(2, 7);False;1;1640
;(7, 9);MoveEast;(2, 7);False;1;1641
;(7, 9);MoveEast;(2, 7);False;1;1642
;(7, 9);MoveEast;(2, 7);False;1;1643
;(7, 9);MoveEast;(2, 7);False;1;1644
;(7, 9);MoveEast;(2, 7);False;1;1645
;(7, 9);MoveEast;(2, 7);False;1;1646
;(7, 9);MoveEast;(2, 7);False;1;1647
;(7, 9);MoveEast;(3, 7);False;1;1648
;(7, 9);MoveEast;(3, 7);False;1;1649
;(7, 9);MoveEast;(3, 7);False;1;1650
;(7, 9);MoveEast;(3, 7);False;1;1651
;(7, 9);MoveEast;(3, 7);False;1;1652
;(7, 9);MoveEast;(3, 7);False;1;1653
;(7, 9);MoveEast;(3, 7);False;1;1654
;(7, 9);MoveEast;(3, 7);False;1;1655
;(7, 9);MoveEast;(3, 7);False;1;1656
;(7, 9);MoveEast;(3, 7);False;1;1657
MoveSouth;(7, 10);MoveEast;(3, 7);False;1;1658
;(7, 10);MoveEast;(4, 7);False;1;1659
;(7, 10);MoveEast;(4, 7);False;1;1660
MoveNorth;(7, 9);MoveEast;(4, 7);False;1;1661
;(7, 9);MoveEast;(4, 7);False;1;1662
;(7, 9);MoveEast;(4, 7);False;1;1663
MoveNorth;(7, 8);MoveEast;(4, 7);False;1;1664
;(7, 8);MoveEast;(4, 7);False;1;1665
;(7, 8);MoveEast;(4, 7);False;1;1666
;(7, 8);MoveEast;(4, 7);False;1;1667
MoveNorth;(7, 7);MoveEast;(4, 7);False;1;1668
;(7, 7);MoveEast;(4, 7);False;1;1669
;(7, 7);MoveEast;(5, 7);False;1;1670
;(7, 7);MoveEast;(5, 7);False;1;1671
MoveNorth;(7, 6);MoveEast;(5, 7);False;1;1672
;(7, 6);MoveEast;(5, 7);False;1;1673
;(7, 6);MoveEast;(5, 7);False;1;1674
;(7, 6);MoveEast;(5, 7);False;1;1675
MoveEast;(8, 6);MoveEast;(5, 7);False;1;1676
;(8, 6);MoveEast;(5, 7);False;1;1677
;(8, 6);MoveEast;(5, 7);False;1;1678
;(8, 6);MoveEast;(5, 7);False;1;1679
;(8, 6);MoveEast;(5, 7);False;1;1680
MoveEast;(9, 6);MoveEast;(6, 7);False;1;1681
;(9, 6);MoveEast;(6, 7);False;1;1682
;(9, 6);MoveEast;(6, 7);False;1;1683
;(9, 6);MoveEast;(6, 7);False;1;1684
;(9, 6);MoveEast;(6, 7);False;1;1685
;(9, 6);MoveEast;(6, 7);False;1;1686
;(9, 6);MoveEast;(6, 7);False;1;1687
MoveNorth;(9, 5);MoveEast;(6, 7);False;1;1688
;(9, 5);MoveEast;(6, 7);False;1;1689
;(9, 5);MoveEast;(6, 7);False;1;1690
;(9, 5);MoveEast;(6, 7);False;1;1691
MoveNorth;(9, 4);MoveEast;(7, 7);False;1;1692
;(9, 4);MoveEast;(7, 7);False;1;1693
;(9, 4);MoveEast;(7, 7);False;1;1694
;(9, 4);MoveEast;(7, 7);False;1;1695
MoveNorth;(9, 3);MoveEast;(7, 7);False;1;1696
;(9, 3);MoveEast;(7, 7);False;1;1697
;(9, 3);MoveEast;(7, 7);False;1;1698
;(9, 3);MoveEast;(7, 7);False;1;1699
;(9, 3);MoveEast;(7, 7);False;1;1700
;(9, 3);MoveEast;(7, 7);False;1;1701
MoveEast;(10, 3);MoveEast;(7, 7);False;1;1702
;(10, 3);MoveEast;(8, 7);False;1;1703
;(10, 3);BreakObject;(8, 7);False;1;1704
;(10, 3);BreakObject;(8, 7);False;1;1705
;(10, 3);BreakObject;(8, 7);False;1;1706
;(10, 3);BreakObject;(8, 7);False;1;1707
;(10, 3);BreakObject;(8, 7);False;1;1708
;(10, 3);BreakObject;(8, 7);False;1;1709
;(10, 3);BreakObject;(8, 7);False;1;1710
MoveSouth;(10, 4);BreakObject;(8, 7);False;1;1711
;(10, 4);BreakObject;(8, 7);False;1;1712
;(10, 4);BreakObject;(8, 7);False;1;1713
;(10, 4);BreakObject;(8, 7);False;1;1714
;(10, 4);;(8, 7);False;1;1715
;(10, 4);GrabObject;(8, 7);False;1;1716
;(10, 4);GrabObject;(8, 7);False;1;1717
;(10, 4);GrabObject;(8, 7);False;1;1718
;(10, 4);GrabObject;(8, 7);False;1;1719
;(10, 4);GrabObject;(8, 7);False;1;1720
;(10, 4);GrabObject;(8, 7);False;1;1721
;(10, 4);GrabObject;(8, 7);False;1;1722
;(10, 4);GrabObject;(8, 7);False;1;1723
;(10, 4);GrabObject;(8, 7);False;1;1724
;(10, 4);GrabObject;(8, 7);False;1;1725
;(10, 4);GrabObject;(8, 7);False;1;1726
;(10, 4);;(8, 7);False;1;1727
;(10, 4);MoveWest;(8, 7);False;1;1728
;(10, 4);MoveWest;(8, 7);False;1;1729
;(10, 4);MoveWest;(8, 7);False;1;1730
;(10, 4);MoveWest;(8, 7);False;1;1731
;(10, 4);MoveWest;(8, 7);False;1;1732
;(10, 4);MoveWest;(8, 7);False;1;1733
;(10, 4);MoveWest;(8, 7);False;1;1734
;(10, 4);MoveWest;(8, 7);False;1;1735
;(10, 4);MoveWest;(8, 7);False;1;1736
;(10, 4);MoveWest;(8, 7);False;1;1737
;(10, 4);MoveWest;(7, 7);False;1;1738
;(10, 4);MoveWest;(7, 7);False;1;1739
;(10, 4);MoveWest;(7, 7);False;1;1740
MoveWest;(9, 4);MoveWest;(7, 7);False;1;1741
;(9, 4);MoveWest;(7, 7);False;1;1742
;(9, 4);MoveWest;(7, 7);False;1;1743
;(9, 4);MoveWest;(7, 7);False;1;1744
MoveSouth;(9, 5);MoveWest;(7, 7);False;1;1745
;(9, 5);MoveWest;(7, 7);False;1;1746
;(9, 5);MoveWest;(7, 7);False;1;1747
;(9, 5);MoveWest;(7, 7);False;1;1748
;(9, 5);MoveWest;(6, 7);False;1;1749
;(9, 5);MoveWest;(6, 7);False;1;1750
;(9, 5);MoveWest;(6, 7);False;1;1751
;(9, 5);MoveWest;(6, 7);False;1;1752
;(9, 5);MoveWest;(6, 7);False;1;1753
;(9, 5);MoveWest;(6, 7);False;1;1754
;(9, 5);MoveWest;(6, 7);False;1;1755
;(9, 5);MoveWest;(6, 7);False;1;1756
;(9, 5);MoveWest;(6, 7);False;1;1757
;(9, 5);MoveWest;(6, 7);False;1;1758
;(9, 5);MoveWest;(6, 7);False;1;1759
;(9, 5);MoveWest;(5, 7);False;1;1760
;(9, 5);MoveWest;(5, 7);False;1;1761
;(9, 5);MoveWest;(5, 7);False;1;1762
;(9, 5);MoveWest;(5, 7);False;1;1763
;(9, 5);MoveWest;(5, 7);False;1;1764
;(9, 5);MoveWest;(5, 7);False;1;1765
;(9, 5);MoveWest;(5, 7);False;1;1766
;(9, 5);MoveWest;(5, 7);False;1;1767
;(9, 5);MoveWest;(5, 7);False;1;1768
;(9, 5);MoveWest;(5, 7);False;1;1769
;(9, 5);MoveWest;(5, 7);False;1;1770
;(9, 5);MoveWest;(4, 7);False;1;1771
;(9, 5);MoveNorthWest;(4, 7);False;1;1772
;(9, 5);MoveNorthWest;(4, 7);False;1;1773
;(9, 5);MoveNorthWest;(4, 7);False;1;1774
;(9, 5);MoveNorthWest;(4, 7);False;1;1775
;(9, 5);MoveNorthWest;(4, 7);False;1;1776
;(9, 5);MoveNorthWest;(4, 7);False;1;1777
;(9, 5);MoveNorthWest;(4, 7);False;1;1778
;(9, 5);MoveNorthWest;(4, 7);False;1;1779
;(9, 5);MoveNorthWest;(4, 7);False;1;1780
;(9, 5);MoveNorthWest;(4, 7);False;1;1781
;(9, 5);MoveNorthWest;(3, 6);False;1;1782
;(9, 5);MoveWest;(3, 6);False;1;1783
;(9, 5);MoveWest;(3, 6);False;1;1784
;(9, 5);MoveWest;(3, 6);False;1;1785
;(9, 5);MoveWest;(3, 6);False;1;1786
;(9, 5);MoveWest;(3, 6);False;1;1787
;(9, 5);MoveWest;(3, 6);False;1;1788
;(9, 5);MoveWest;(3, 6);False;1;1789
;(9, 5);MoveWest;(3, 6);False;1;1790
;(9, 5);MoveWest;(3, 6);False;1;1791
;(9, 5);MoveWest;(3, 6);False;1;1792
;(9, 5);MoveWest;(2, 6);False;1;1793
;(9, 5);MoveNorthWest;(2, 6);False;1;1794
;(9, 5);MoveNorthWest;(2, 6);False;1;1795
;(9, 5);MoveNorthWest;(2, 6);False;1;1796
;(9, 5);MoveNorthWest;(2, 6);False;1;1797
;(9, 5);MoveNorthWest;(2, 6);False;1;1798
;(9, 5);MoveNorthWest;(2, 6);False;1;1799
;(9, 5);MoveNorthWest;(2, 6);False;1;1800
;(9, 5);MoveNorthWest;(2, 6);False;1;1801
;(9, 5);MoveNorthWest;(2, 6);False;1;1802
;(9, 5);MoveNorthWest;(2, 6);False;1;1803
;(9, 5);MoveNorthWest;(1, 5);False;1;1804
;(9, 5);MoveWest;(1, 5);False;1;1805
;(9, 5);MoveWest;(1, 5);False;1;1806
;(9, 5);MoveWest;(1, 5);False;1;1807
;(9, 5);MoveWest;(1, 5);False;1;1808
;(9, 5);MoveWest;(1, 5);False;1;1809
;(9, 5);MoveWest;(1, 5);False;1;1810
;(9, 5);MoveWest;(1, 5);False;1;1811
;(9, 5);MoveWest;(1, 5);False;1;1812
;(9, 5);MoveWest;(1, 5);False;1;1813
;(9, 5);MoveWest;(1, 5);False;1;1814
;(9, 5);MoveWest;(0, 5);False;1;1815
;(9, 5);DropObject;(0, 5);False;1;1816
;(9, 5);DropObject;(0, 5);False;1;1817
;(9, 5);DropObject;(0, 5);False;1;1818
;(9, 5);DropObject;(0, 5);False;1;1819
;(9, 5);DropObject;(0, 5);False;1;1820
;(9, 5);DropObject;(0, 5);False;1;1821
;(9, 5);DropObject;(0, 5);False;1;1822
;(9, 5);DropObject;(0, 5);False;1;1823
;(9, 5);DropObject;(0, 5);False;1;1824
;(9, 5);DropObject;(0, 5);False;1;1825
;(9, 5);DropObject;(0, 5);False;1;1826
;(9, 5);;(0, 5);False;1;1827
;(9, 5);Idle;(0, 5);False;1;1828
;(9, 5);Idle;(0, 5);False;1;1829
;(9, 5);Idle;(0, 5);False;1;1830
;(9, 5);Idle;(0, 5);False;1;1831
;(9, 5);Idle;(0, 5);False;1;1832
;(9, 5);Idle;(0, 5);False;1;1833
;(9, 5);Idle;(0, 5);False;1;1834
;(9, 5);Idle;(0, 5);False;1;1835
;(9, 5);Idle;(0, 5);False;1;1836
;(9, 5);Idle;(0, 5);False;1;1837
;(9, 5);Idle;(0, 5);False;1;1838
;(9, 5);Idle;(0, 5);False;1;1839
;(9, 5);Idle;(0, 5);False;1;1840
;(9, 5);Idle;(0, 5);False;1;1841
;(9, 5);Idle;(0, 5);False;1;1842
;(9, 5);Idle;(0, 5);False;1;1843
;(9, 5);Idle;(0, 5);False;1;1844
;(9, 5);Idle;(0, 5);False;1;1845
;(9, 5);Idle;(0, 5);False;1;1846
;(9, 5);Idle;(0, 5);False;1;1847
;(9, 5);Idle;(0, 5);False;1;1848
;(9, 5);Idle;(0, 5);False;1;1849
;(9, 5);Idle;(0, 5);False;1;1850
;(9, 5);Idle;(0, 5);False;1;1851
;(9, 5);Idle;(0, 5);False;1;1852
;(9, 5);Idle;(0, 5);False;1;1853
;(9, 5);Idle;(0, 5);False;1;1854
;(9, 5);Idle;(0, 5);False;1;1855
;(9, 5);Idle;(0, 5);False;1;1856
;(9, 5);Idle;(0, 5);False;1;1857
;(9, 5);Idle;(0, 5);False;1;1858
;(9, 5);Idle;(0, 5);False;1;1859
;(9, 5);Idle;(0, 5);False;1;1860
;(9, 5);Idle;(0, 5);False;1;1861
;(9, 5);Idle;(0, 5);False;1;1862
;(9, 5);Idle;(0, 5);False;1;1863
;(9, 5);Idle;(0, 5);False;1;1864
;(9, 5);Idle;(0, 5);False;1;1865
;(9, 5);Idle;(0, 5);False;1;1866
;(9, 5);Idle;(0, 5);False;1;1867
;(9, 5);Idle;(0, 5);False;1;1868
;(9, 5);Idle;(0, 5);False;1;1869
;(9, 5);Idle;(0, 5);False;1;1870
;(9, 5);Idle;(0, 5);False;1;1871
;(9, 5);Idle;(0, 5);False;1;1872
;(9, 5);Idle;(0, 5);False;1;1873
;(9, 5);Idle;(0, 5);False;1;1874
;(9, 5);Idle;(0, 5);False;1;1875
;(9, 5);Idle;(0, 5);False;1;1876
;(9, 5);Idle;(0, 5);False;1;1877
;(9, 5);Idle;(0, 5);False;1;1878
;(9, 5);Idle;(0, 5);False;1;1879
;(9, 5);Idle;(0, 5);False;1;1880
;(9, 5);Idle;(0, 5);False;1;1881
;(9, 5);Idle;(0, 5);False;1;1882
;(9, 5);;(0, 5);False;1;1883
;(9, 5);MoveEast;(0, 5);False;1;1884
;(9, 5);MoveEast;(0, 5);False;1;1885
;(9, 5);MoveEast;(0, 5);False;1;1886
;(9, 5);MoveEast;(0, 5);False;1;1887
;(9, 5);MoveEast;(0, 5);False;1;1888
;(9, 5);MoveEast;(0, 5);False;1;1889
;(9, 5);MoveEast;(0, 5);False;1;1890
;(9, 5);MoveEast;(0, 5);False;1;1891
;(9, 5);MoveEast;(0, 5);False;1;1892
;(9, 5);MoveEast;(0, 5);False;1;1893
;(9, 5);MoveEast;(1, 5);False;1;1894
;(9, 5);MoveEast;(1, 5);False;1;1895
;(9, 5);MoveEast;(1, 5);False;1;1896
;(9, 5);MoveEast;(1, 5);False;1;1897
;(9, 5);MoveEast;(1, 5);False;1;1898
;(9, 5);MoveEast;(1, 5);False;1;1899
;(9, 5);MoveEast;(1, 5);False;1;1900
;(9, 5);MoveEast;(1, 5);False;1;1901
;(9, 5);MoveEast;(1, 5);False;1;1902
;(9, 5);MoveEast;(1, 5);False;1;1903
;(9, 5);MoveEast;(1, 5);False;1;1904
;(9, 5);MoveEast;(2, 5);False;1;1905
;(9, 5);MoveWest;(2, 5);False;1;1906
;(9, 5);MoveWest;(2, 5);False;1;1907
;(9, 5);MoveWest;(2, 5);False;1;1908
;(9, 5);MoveWest;(2, 5);False;1;1909
;(9, 5);MoveWest;(2, 5);False;1;1910
;(9, 5);MoveWest;(2, 5);False;1;1911
;(9, 5);MoveWest;(2, 5);False;1;1912
;(9, 5);MoveWest;(2, 5);False;1;1913
;(9, 5);MoveWest;(2, 5);False;1;1914
;(9, 5);MoveWest;(2, 5);False;1;1915
;(9, 5);MoveWest;(1, 5);False;1;1916
;(9, 5);MoveWest;(1, 5);False;1;1917
;(9, 5);MoveWest;(1, 5);False;1;1918
;(9, 5);MoveWest;(1, 5);False;1;1919
;(9, 5);MoveWest;(1, 5);False;1;1920
;(9, 5);MoveWest;(1, 5);False;1;1921
;(9, 5);MoveWest;(1, 5);False;1;1922
;(9, 5);MoveWest;(1, 5);False;1;1923
;(9, 5);MoveWest;(1, 5);False;1;1924
;(9, 5);MoveWest;(1, 5);False;1;1925
;(9, 5);MoveWest;(1, 5);False;1;1926
;(9, 5);MoveWest;(0, 5);False;1;1927
;(9, 5);MoveEast;(0, 5);False;1;1928
;(9, 5);MoveEast;(0, 5);False;1;1929
;(9, 5);MoveEast;(0, 5);False;1;1930
;(9, 5);MoveEast;(0, 5);False;1;1931
;(9, 5);MoveEast;(0, 5);False;1;1932
;(9, 5);MoveEast;(0, 5);False;1;1933
;(9, 5);MoveEast;(0, 5);False;1;1934
;(9, 5);MoveEast;(0, 5);False;1;1935
;(9, 5);MoveEast;(0, 5);False;1;1936
;(9, 5);MoveEast;(0, 5);False;1;1937
;(9, 5);MoveEast;(1, 5);False;1;1938
;(9, 5);MoveEast;(1, 5);False;1;1939
;(9, 5);MoveEast;(1, 5);False;1;1940
;(9, 5);MoveEast;(1, 5);False;1;1941
;(9, 5);MoveEast;(1, 5);False;1;1942
;(9, 5);MoveEast;(1, 5);False;1;1943
;(9, 5);MoveEast;(1, 5);False;1;1944
;(9, 5);MoveEast;(1, 5);False;1;1945
;(9, 5);MoveEast;(1, 5);False;1;1946
;(9, 5);MoveEast;(1, 5);False;1;1947
;(9, 5);MoveEast;(1, 5);False;1;1948
;(9, 5);MoveEast;(2, 5);False;1;1949
;(9, 5);MoveWest;(2, 5);False;1;1950
;(9, 5);MoveWest;(2, 5);False;1;1951
;(9, 5);MoveWest;(2, 5);False;1;1952
;(9, 5);MoveWest;(2, 5);False;1;1953
;(9, 5);MoveWest;(2, 5);False;1;1954
;(9, 5);MoveWest;(2, 5);False;1;1955
;(9, 5);MoveWest;(2, 5);False;1;1956
;(9, 5);MoveWest;(2, 5);False;1;1957
;(9, 5);MoveWest;(2, 5);False;1;1958
;(9, 5);MoveWest;(2, 5);False;1;1959
;(9, 5);MoveWest;(1, 5);False;1;1960
;(9, 5);MoveWest;(1, 5);False;1;1961
;(9, 5);MoveWest;(1, 5);False;1;1962
;(9, 5);MoveWest;(1, 5);False;1;1963
;(9, 5);MoveWest;(1, 5);False;1;1964
;(9, 5);MoveWest;(1, 5);False;1;1965
;(9, 5);MoveWest;(1, 5);False;1;1966
;(9, 5);MoveWest;(1, 5);False;1;1967
;(9, 5);MoveWest;(1, 5);False;1;1968
;(9, 5);MoveWest;(1, 5);False;1;1969
;(9, 5);MoveWest;(1, 5);False;1;1970
;(9, 5);MoveWest;(0, 5);False;1;1971
;(9, 5);MoveEast;(0, 5);False;1;1972
;(9, 5);MoveEast;(0, 5);False;1;1973
;(9, 5);MoveEast;(0, 5);False;1;1974
;(9, 5);MoveEast;(0, 5);False;1;1975
;(9, 5);MoveEast;(0, 5);False;1;1976
;(9, 5);MoveEast;(0, 5);False;1;1977
;(9, 5);MoveEast;(0, 5);False;1;1978
;(9, 5);MoveEast;(0, 5);False;1;1979
;(9, 5);MoveEast;(0, 5);False;1;1980
;(9, 5);MoveEast;(0, 5);False;1;1981
;(9, 5);MoveEast;(1, 5);False;1;1982
;(9, 5);MoveEast;(1, 5);False;1;1983
;(9, 5);MoveEast;(1, 5);False;1;1984
;(9, 5);MoveEast;(1, 5);False;1;1985
;(9, 5);MoveEast;(1, 5);False;1;1986
;(9, 5);MoveEast;(1, 5);False;1;1987
;(9, 5);MoveEast;(1, 5);False;1;1988
;(9, 5);MoveEast;(1, 5);False;1;1989
;(9, 5);MoveEast;(1, 5);False;1;1990
;(9, 5);MoveEast;(1, 5);False;1;1991
;(9, 5);MoveEast;(1, 5);False;1;1992
;(9, 5);MoveEast;(2, 5);False;1;1993
;(9, 5);MoveWest;(2, 5);False;1;1994
;(9, 5);MoveWest;(2, 5);False;1;1995
;(9, 5);MoveWest;(2, 5);False;1;1996
;(9, 5);MoveWest;(2, 5);False;1;1997
;(9, 5);MoveWest;(2, 5);False;1;1998
;(9, 5);MoveWest;(2, 5);False;1;1999
;(9, 5);MoveWest;(2, 5);False;1;2000
;(9, 5);MoveWest;(2, 5);False;1;2001
;(9, 5);MoveWest;(2, 5);False;1;2002
;(9, 5);MoveWest;(2, 5);False;1;2003
;(9, 5);MoveWest;(1, 5);False;1;2004
;(9, 5);MoveWest;(1, 5);False;1;2005
;(9, 5);MoveWest;(1, 5);False;1;2006
;(9, 5);MoveWest;(1, 5);False;1;2007
;(9, 5);MoveWest;(1, 5);False;1;2008
;(9, 5);MoveWest;(1, 5);False;1;2009
;(9, 5);MoveWest;(1, 5);False;1;2010
;(9, 5);MoveWest;(1, 5);False;1;2011
;(9, 5);MoveWest;(1, 5);False;1;2012
;(9, 5);MoveWest;(1, 5);False;1;2013
;(9, 5);MoveWest;(1, 5);False;1;2014
;(9, 5);MoveWest;(0, 5);False;1;2015
;(9, 5);;(0, 5);False;1;2016
;(9, 5);MoveEast;(0, 5);False;1;2017
;(9, 5);MoveEast;(0, 5);False;1;2018
MoveSouth;(9, 6);MoveEast;(0, 5);False;1;2019
;(9, 6);MoveEast;(0, 5);False;1;2020
;(9, 6);MoveEast;(0, 5);False;1;2021
;(9, 6);MoveEast;(0, 5);False;1;2022
;(9, 6);MoveEast;(0, 5);False;1;2023
;(9, 6);MoveEast;(0, 5);False;1;2024
;(9, 6);MoveEast;(0, 5);False;1;2025
;(9, 6);MoveEast;(0, 5);False;1;2026
;(9, 6);MoveEast;(1, 5);False;1;2027
;(9, 6);MoveEast;(1, 5);False;1;2028
;(9, 6);MoveEast;(1, 5);False;1;2029
;(9, 6);MoveEast;(1, 5);False;1;2030
;(9, 6);MoveEast;(1, 5);False;1;2031
;(9, 6);MoveEast;(1, 5);False;1;2032
;(9, 6);MoveEast;(1, 5);False;1;2033
;(9, 6);MoveEast;(1, 5);False;1;2034
;(9, 6);MoveEast;(1, 5);False;1;2035
;(9, 6);MoveEast;(1, 5);False;1;2036
;(9, 6);MoveEast;(1, 5);False;1;2037
;(9, 6);MoveEast;(2, 5);False;1;2038
;(9, 6);MoveEast;(2, 5);False;1;2039
;(9, 6);MoveEast;(2, 5);False;1;2040
;(9, 6);MoveEast;(2, 5);False;1;2041
;(9, 6);MoveEast;(2, 5);False;1;2042
;(9, 6);MoveEast;(2, 5);False;1;2043
;(9, 6);MoveEast;(2, 5);False;1;2044
;(9, 6);MoveEast;(2, 5);False;1;2045
;(9, 6);MoveEast;(2, 5);False;1;2046
;(9, 6);MoveEast;(2, 5);False;1;2047
;(9, 6);MoveEast;(2, 5);False;1;2048
;(9, 6);MoveEast;(3, 5);False;1;2049
;(9, 6);MoveEast;(3, 5);False;1;2050
;(9, 6);MoveEast;(3, 5);False;1;2051
;(9, 6);MoveEast;(3, 5);False;1;2052
;(9, 6);MoveEast;(3, 5);False;1;2053
;(9, 6);MoveEast;(3, 5);False;1;2054
;(9, 6);MoveEast;(3, 5);False;1;2055
;(9, 6);MoveEast;(3, 5);False;1;2056
;(9, 6);MoveEast;(3, 5);False;1;2057
;(9, 6);MoveEast;(3, 5);False;1;2058
;(9, 6);MoveEast;(3, 5);False;1;2059
;(9, 6);MoveEast;(4, 5);False;1;2060
;(9, 6);MoveEast;(4, 5);False;1;2061
;(9, 6);MoveEast;(4, 5);False;1;2062
;(9, 6);MoveEast;(4, 5);False;1;2063
;(9, 6);MoveEast;(4, 5);False;1;2064
;(9, 6);MoveEast;(4, 5);False;1;2065
;(9, 6);MoveEast;(4, 5);False;1;2066
;(9, 6);MoveEast;(4, 5);False;1;2067
;(9, 6);MoveEast;(4, 5);False;1;2068
;(9, 6);MoveEast;(4, 5);False;1;2069
;(9, 6);MoveEast;(4, 5);False;1;2070
;(9, 6);MoveEast;(5, 5);False;1;2071
;(9, 6);MoveEast;(5, 5);False;1;2072
;(9, 6);MoveEast;(5, 5);False;1;2073
;(9, 6);MoveEast;(5, 5);False;1;2074
;(9, 6);MoveEast;(5, 5);False;1;2075
;(9, 6);MoveEast;(5, 5);False;1;2076
;(9, 6);MoveEast;(5, 5);False;1;2077
;(9, 6);MoveEast;(5, 5);False;1;2078
;(9, 6);MoveEast;(5, 5);False;1;2079
;(9, 6);MoveEast;(5, 5);False;1;2080
;(9, 6);MoveEast;(5, 5);False;1;2081
;(9, 6);MoveEast;(6, 5);False;1;2082
;(9, 6);MoveEast;(6, 5);False;1;2083
;(9, 6);MoveEast;(6, 5);False;1;2084
;(9, 6);MoveEast;(6, 5);False;1;2085
;(9, 6);MoveEast;(6, 5);False;1;2086
;(9, 6);MoveEast;(6, 5);False;1;2087
;(9, 6);MoveEast;(6, 5);False;1;2088
;(9, 6);MoveEast;(6, 5);False;1;2089
;(9, 6);MoveEast;(6, 5);False;1;2090
;(9, 6);MoveEast;(6, 5);False;1;2091
;(9, 6);MoveEast;(6, 5);False;1;2092
;(9, 6);MoveEast;(7, 5);False;1;2093
;(9, 6);MoveEast;(7, 5);False;1;2094
;(9, 6);MoveEast;(7, 5);False;1;2095
;(9, 6);MoveEast;(7, 5);False;1;2096
;(9, 6);MoveEast;(7, 5);False;1;2097
;(9, 6);MoveEast;(7, 5);False;1;2098
;(9, 6);MoveEast;(7, 5);False;1;2099
;(9, 6);MoveEast;(7, 5);False;1;2100
;(9, 6);MoveEast;(7, 5);False;1;2101
;(9, 6);MoveEast;(7, 5);False;1;2102
;(9, 6);MoveEast;(7, 5);False;1;2103
;(9, 6);MoveEast;(8, 5);False;1;2104
;(9, 6);MoveSouthEast;(8, 5);False;1;2105
;(9, 6);MoveSouthEast;(8, 5);False;1;2106
;(9, 6);MoveSouthEast;(8, 5);False;1;2107
;(9, 6);MoveSouthEast;(8, 5);False;1;2108
;(9, 6);MoveSouthEast;(8, 5);False;1;2109
;(9, 6);MoveSouthEast;(8, 5);False;1;2110
;(9, 6);MoveSouthEast;(8, 5);False;1;2111
;(9, 6);MoveSouthEast;(8, 5);False;1;2112
;(9, 6);MoveSouthEast;(8, 5);False;1;2113
;(9, 6);MoveSouthEast;(8, 5);False;1;2114
;(9, 6);MoveSouthEast;(9, 6);False;1;2115
;(9, 6);GrabLargeObject;(9, 6);False;1;2116
;(9, 6);GrabLargeObject;(9, 6);False;1;2117
;(9, 6);GrabLargeObject;(9, 6);False;1;2118
;(9, 6);GrabLargeObject;(9, 6);False;1;2119
;(9, 6);GrabLargeObject;(9, 6);False;1;2120
;(9, 6);GrabLargeObject;(9, 6);False;1;2121
;(9, 6);GrabLargeObject;(9, 6);False;1;2122
;(9, 6);GrabLargeObject;(9, 6);False;1;2123
;(9, 6);GrabLargeObject;(9, 6);False;1;2124
;(9, 6);GrabLargeObject;(9, 6);False;1;2125
;(9, 6);GrabLargeObject;(9, 6);False;1;2126
;(9, 6);;(9, 6);False;1;2127
;(9, 6);MoveSouthEast;(9, 6);False;1;2128
;(9, 6);MoveSouthEast;(9, 6);False;1;2129
;(9, 6);MoveSouthEast;(9, 6);False;1;2130
;(9, 6);MoveSouthEast;(9, 6);False;1;2131
;(9, 6);MoveSouthEast;(9, 6);False;1;2132
;(9, 6);MoveSouthEast;(9, 6);False;1;2133
;(9, 6);MoveSouthEast;(9, 6);False;1;2134
;(9, 6);MoveSouthEast;(9, 6);False;1;2135
;(9, 6);MoveSouthEast;(9, 6);False;1;2136
;(9, 6);MoveSouthEast;(9, 6);False;1;2137
;(9, 6);MoveSouthEast;(10, 7);False;1;2138
;(9, 6);MoveSouthEast;(10, 7);False;1;2139
;(9, 6);MoveSouthEast;(10, 7);False;1;2140
;(9, 6);MoveSouthEast;(10, 7);False;1;2141
;(9, 6);MoveSouthEast;(10, 7);False;1;2142
MoveSouth;(9, 7);MoveSouthEast;(10, 7);False;1;2143
;(9, 7);MoveSouthEast;(10, 7);False;1;2144
;(9, 7);MoveSouthEast;(10, 7);False;1;2145
;(9, 7);MoveSouthEast;(10, 7);False;1;2146
MoveSouth;(9, 8);MoveSouthEast;(10, 7);False;1;2147
;(9, 8);MoveSouthEast;(10, 7);False;1;2148
;(9, 8);MoveSouthEast;(11, 8);False;1;2149
;(9, 8);BreakObject;(11, 8);False;1;2150
;(9, 8);BreakObject;(11, 8);False;1;2151
;(9, 8);BreakObject;(11, 8);False;1;2152
;(9, 8);BreakObject;(11, 8);False;1;2153
;(9, 8);BreakObject;(11, 8);False;1;2154
;(9, 8);BreakObject;(11, 8);False;1;2155
;(9, 8);BreakObject;(11, 8);False;1;2156
;(9, 8);BreakObject;(11, 8);False;1;2157
;(9, 8);BreakObject;(11, 8);False;1;2158
;(9, 8);BreakObject;(11, 8);False;1;2159
;(9, 8);BreakObject;(11, 8);False;1;2160
;(9, 8);;(11, 8);False;1;2161
;(9, 8);MoveEast;(11, 8);False;1;2162
;(9, 8);MoveEast;(11, 8);False;1;2163
;(9, 8);MoveEast;(11, 8);False;1;2164
;(9, 8);MoveEast;(11, 8);False;1;2165
;(9, 8);MoveEast;(11, 8);False;1;2166
DropObject;(9, 8);MoveEast;(11, 8);False;1;2167
;(9, 8);MoveEast;(11, 8);False;1;2168
;(9, 8);MoveEast;(11, 8);False;1;2169
;(9, 8);MoveEast;(11, 8);False;1;2170
;(9, 8);MoveEast;(11, 8);False;1;2171
;(9, 8);MoveEast;(12, 8);False;1;2172
;(9, 8);MoveEast;(12, 8);False;1;2173
;(9, 8);MoveEast;(12, 8);False;1;2174
;(9, 8);MoveEast;(12, 8);False;1;2175
;(9, 8);MoveEast;(12, 8);False;1;2176
;(9, 8);MoveEast;(12, 8);False;1;2177
;(9, 8);MoveEast;(12, 8);False;1;2178
;(9, 8);MoveEast;(12, 8);False;1;2179
;(9, 8);MoveEast;(12, 8);False;1;2180
;(9, 8);MoveEast;(12, 8);False;1;2181
;(9, 8);MoveEast;(12, 8);False;1;2182
;(9, 8);MoveEast;(13, 8);False;1;2183
;(9, 8);MoveNorthEast;(13, 8);False;1;2184
;(9, 8);MoveNorthEast;(13, 8);False;1;2185
GrabObject;(9, 8);MoveNorthEast;(13, 8);False;1;2186
;(9, 8);MoveNorthEast;(13, 8);False;1;2187
;(9, 8);MoveNorthEast;(13, 8);False;1;2188
;(9, 8);MoveNorthEast;(13, 8);False;1;2189
;(9, 8);MoveNorthEast;(13, 8);False;1;2190
;(9, 8);MoveNorthEast;(13, 8);False;1;2191
;(9, 8);MoveNorthEast;(13, 8);False;1;2192
;(9, 8);MoveNorthEast;(13, 8);False;1;2193
;(9, 8);MoveNorthEast;(14, 7);False;1;2194
;(9, 8);MoveEast;(14, 7);False;1;2195
;(9, 8);MoveEast;(14, 7);False;1;2196
;(9, 8);MoveEast;(14, 7);False;1;2197
MoveNorth;(9, 7);MoveEast;(14, 7);False;1;2198
;(9, 7);MoveEast;(14, 7);False;1;2199
;(9, 7);MoveEast;(14, 7);False;1;2200
;(9, 7);MoveEast;(14, 7);False;1;2201
MoveNorth;(9, 6);MoveEast;(14, 7);False;1;2202
;(9, 6);MoveEast;(14, 7);False;1;2203
;(9, 6);MoveEast;(14, 7);False;1;2204
MoveWest;(8, 6);MoveEast;(15, 7);False;1;2205
;(8, 6);MoveNorthEast;(15, 7);False;1;2206
;(8, 6);MoveNorthEast;(15, 7);False;1;2207
;(8, 6);MoveNorthEast;(15, 7);False;1;2208
MoveWest;(7, 6);MoveNorthEast;(15, 7);False;1;2209
;(7, 6);MoveNorthEast;(15, 7);False;1;2210
;(7, 6);MoveNorthEast;(15, 7);False;1;2211
;(7, 6);MoveNorthEast;(15, 7);False;1;2212
MoveWest;(6, 6);MoveNorthEast;(15, 7);False;1;2213
;(6, 6);MoveNorthEast;(15, 7);False;1;2214
;(6, 6);MoveNorthEast;(15, 7);False;1;2215
;(6, 6);MoveNorthEast;(16, 6);False;1;2216
MoveWest;(5, 6);MoveEast;(16, 6);False;1;2217
;(5, 6);MoveEast;(16, 6);False;1;2218
;(5, 6);MoveEast;(16, 6);False;1;2219
MoveWest;(4, 6);MoveEast;(16, 6);False;1;2220
;(4, 6);MoveEast;(16, 6);False;1;2221
;(4, 6);MoveEast;(16, 6);False;1;2222
MoveWest;(3, 6);MoveEast;(16, 6);False;1;2223
;(3, 6);MoveEast;(16, 6);False;1;2224
;(3, 6);MoveEast;(16, 6);False;1;2225
;(3, 6);MoveEast;(16, 6);False;1;2226
;(3, 6);MoveEast;(17, 6);False;1;2227
;(3, 6);DropLargeObject;(17, 6);False;1;2228
;(3, 6);DropLargeObject;(17, 6);False;1;2229
;(3, 6);DropLargeObject;(17, 6);False;1;2230
DropObject;(3, 6);DropLargeObject;(17, 6);False;1;2231
;(3, 6);DropLargeObject;(17, 6);False;1;2232
;(3, 6);DropLargeObject;(17, 6);False;1;2233
;(3, 6);DropLargeObject;(17, 6);False;1;2234
;(3, 6);DropLargeObject;(17, 6);False;1;2235
MoveEast;(4, 6);DropLargeObject;(17, 6);False;1;2236
;(4, 6);DropLargeObject;(17, 6);False;1;2237
;(4, 6);DropLargeObject;(17, 6);False;1;2238
MoveEast;(5, 6);;(17, 6);False;1;2239
;(5, 6);MoveWest;(17, 6);False;1;2240
;(5, 6);MoveWest;(17, 6);False;1;2241
;(5, 6);MoveWest;(17, 6);False;1;2242
;(5, 6);MoveWest;(17, 6);False;1;2243
;(5, 6);MoveWest;(17, 6);False;1;2244
MoveEast;(6, 6);MoveWest;(17, 6);False;1;2245
;(6, 6);MoveWest;(17, 6);False;1;2246
MoveEast;(7, 6);MoveWest;(17, 6);False;1;2247
;(7, 6);MoveWest;(17, 6);False;1;2248
;(7, 6);MoveWest;(17, 6);False;1;2249
;(7, 6);MoveWest;(16, 6);False;1;2250
MoveSouth;(7, 7);MoveWest;(16, 6);False;1;2251
;(7, 7);MoveWest;(16, 6);False;1;2252
;(7, 7);MoveWest;(16, 6);False;1;2253
;(7, 7);MoveWest;(16, 6);False;1;2254
;(7, 7);MoveWest;(16, 6);False;1;2255
;(7, 7);MoveWest;(16, 6);False;1;2256
MoveSouth;(7, 8);MoveWest;(16, 6);False;1;2257
;(7, 8);MoveWest;(16, 6);False;1;2258
;(7, 8);MoveWest;(16, 6);False;1;2259
;(7, 8);MoveWest;(16, 6);False;1;2260
;(7, 8);MoveWest;(15, 6);False;1;2261
;(7, 8);MoveSouthWest;(15, 6);False;1;2262
;(7, 8);MoveSouthWest;(15, 6);False;1;2263
;(7, 8);MoveSouthWest;(15, 6);False;1;2264
;(7, 8);MoveSouthWest;(15, 6);False;1;2265
;(7, 8);MoveSouthWest;(15, 6);False;1;2266
;(7, 8);MoveSouthWest;(15, 6);False;1;2267
;(7, 8);MoveSouthWest;(15, 6);False;1;2268
;(7, 8);MoveSouthWest;(15, 6);False;1;2269
;(7, 8);MoveSouthWest;(15, 6);False;1;2270
;(7, 8);MoveSouthWest;(15, 6);False;1;2271
MoveEast;(8, 8);MoveSouthWest;(14, 7);False;1;2272
;(8, 8);MoveWest;(14, 7);False;1;2273
;(8, 8);MoveWest;(14, 7);False;1;2274
;(8, 8);MoveWest;(14, 7);False;1;2275
;(8, 8);MoveWest;(14, 7);False;1;2276
;(8, 8);MoveWest;(14, 7);False;1;2277
;(8, 8);MoveWest;(14, 7);False;1;2278
;(8, 8);MoveWest;(14, 7);False;1;2279
;(8, 8);MoveWest;(14, 7);False;1;2280
GrabObject;(8, 8);MoveWest;(14, 7);False;1;2281
;(8, 8);MoveWest;(14, 7);False;1;2282
;(8, 8);MoveWest;(13, 7);False;1;2283
;(8, 8);MoveWest;(13, 7);False;1;2284
MoveWest;(7, 8);MoveWest;(13, 7);False;1;2285
;(7, 8);MoveWest;(13, 7);False;1;2286
;(7, 8);MoveWest;(13, 7);False;1;2287
;(7, 8);MoveWest;(13, 7);False;1;2288
;(7, 8);MoveWest;(13, 7);False;1;2289
MoveWest;(6, 8);MoveWest;(13, 7);False;1;2290
;(6, 8);MoveWest;(13, 7);False;1;2291
;(6, 8);MoveWest;(13, 7);False;1;2292
;(6, 8);MoveWest;(13, 7);False;1;2293
MoveWest;(5, 8);MoveWest;(12, 7);False;1;2294
;(5, 8);MoveSouthWest;(12, 7);False;1;2295
;(5, 8);MoveSouthWest;(12, 7);False;1;2296
MoveWest;(4, 8);MoveSouthWest;(12, 7);False;1;2297
;(4, 8);MoveSouthWest;(12, 7);False;1;2298
;(4, 8);MoveSouthWest;(12, 7);False;1;2299
;(4, 8);MoveSouthWest;(12, 7);False;1;2300
;(4, 8);MoveSouthWest;(12, 7);False;1;2301
MoveWest;(3, 8);MoveSouthWest;(12, 7);False;1;2302
;(3, 8);MoveSouthWest;(12, 7);False;1;2303
;(3, 8);MoveSouthWest;(12, 7);False;1;2304
;(3, 8);MoveSouthWest;(11, 8);False;1;2305
;(3, 8);GrabObject;(11, 8);False;1;2306
;(3, 8);GrabObject;(11, 8);False;1;2307
;(3, 8);GrabObject;(11, 8);False;1;2308
;(3, 8);GrabObject;(11, 8);False;1;2309
;(3, 8);GrabObject;(11, 8);False;1;2310
;(3, 8);GrabObject;(11, 8);False;1;2311
DropObject;(3, 8);GrabObject;(11, 8);False;1;2312
;(3, 8);GrabObject;(11, 8);False;1;2313
;(3, 8);GrabObject;(11, 8);False;1;2314
;(3, 8);GrabObject;(11, 8);False;1;2315
MoveEast;(4, 8);GrabObject;(11, 8);False;1;2316
;(4, 8);;(11, 8);False;1;2317
;(4, 8);MoveEast;(11, 8);False;1;2318
;(4, 8);MoveEast;(11, 8);False;1;2319
MoveEast;(5, 8);MoveEast;(11, 8);False;1;2320
;(5, 8);MoveEast;(11, 8);False;1;2321
;(5, 8);MoveEast;(11, 8);False;1;2322
;(5, 8);MoveEast;(11, 8);False;1;2323
MoveEast;(6, 8);MoveEast;(11, 8);False;1;2324
;(6, 8);MoveEast;(11, 8);False;1;2325
;(6, 8);MoveEast;(11, 8);False;1;2326
;(6, 8);MoveEast;(11, 8);False;1;2327
MoveEast;(7, 8);MoveEast;(12, 8);False;1;2328
;(7, 8);MoveEast;(12, 8);False;1;2329
;(7, 8);MoveEast;(12, 8);False;1;2330
;(7, 8);MoveEast;(12, 8);False;1;2331
MoveEast;(8, 8);MoveEast;(12, 8);False;1;2332
;(8, 8);MoveEast;(12, 8);False;1;2333
;(8, 8);MoveEast;(12, 8);False;1;2334
;(8, 8);MoveEast;(12, 8);False;1;2335
MoveEast;(9, 8);MoveEast;(12, 8);False;1;2336
;(9, 8);MoveEast;(12, 8);False;1;2337
;(9, 8);MoveEast;(12, 8);False;1;2338
;(9, 8);MoveEast;(13, 8);False;1;2339
MoveSouth;(9, 9);MoveEast;(13, 8);False;1;2340
;(9, 9);MoveEast;(13, 8);False;1;2341
;(9, 9);MoveEast;(13, 8);False;1;2342
;(9, 9);MoveEast;(13, 8);False;1;2343
;(9, 9);MoveEast;(13, 8);False;1;2344
;(9, 9);MoveEast;(13, 8);False;1;2345
;(9, 9);MoveEast;(13, 8);False;1;2346
;(9, 9);MoveEast;(13, 8);False;1;2347
;(9, 9);MoveEast;(13, 8);False;1;2348
;(9, 9);MoveEast;(13, 8);False;1;2349
;(9, 9);MoveEast;(14, 8);False;1;2350
;(9, 9);MoveNorthEast;(14, 8);False;1;2351
;(9, 9);MoveNorthEast;(14, 8);False;1;2352
;(9, 9);MoveNorthEast;(14, 8);False;1;2353
;(9, 9);MoveNorthEast;(14, 8);False;1;2354
;(9, 9);MoveNorthEast;(14, 8);False;1;2355
;(9, 9);MoveNorthEast;(14, 8);False;1;2356
GrabObject;(9, 9);MoveNorthEast;(14, 8);False;1;2357
MoveNorth;(9, 8);MoveNorthEast;(14, 8);False;1;2358
;(9, 8);MoveNorthEast;(14, 8);False;1;2359
;(9, 8);MoveNorthEast;(14, 8);False;1;2360
;(9, 8);MoveNorthEast;(15, 7);False;1;2361
MoveNorth;(9, 7);MoveEast;(15, 7);False;1;2362
;(9, 7);MoveEast;(15, 7);False;1;2363
;(9, 7);MoveEast;(15, 7);False;1;2364
MoveNorth;(9, 6);MoveEast;(15, 7);False;1;2365
;(9, 6);MoveEast;(15, 7);False;1;2366
;(9, 6);MoveEast;(15, 7);False;1;2367
MoveWest;(8, 6);MoveEast;(15, 7);False;1;2368
;(8, 6);MoveEast;(15, 7);False;1;2369
;(8, 6);MoveEast;(15, 7);False;1;2370
;(8, 6);MoveEast;(15, 7);False;1;2371
MoveWest;(7, 6);MoveEast;(16, 7);False;1;2372
;(7, 6);MoveNorthEast;(16, 7);False;1;2373
;(7, 6);MoveNorthEast;(16, 7);False;1;2374
;(7, 6);MoveNorthEast;(16, 7);False;1;2375
MoveWest;(6, 6);MoveNorthEast;(16, 7);False;1;2376
;(6, 6);MoveNorthEast;(16, 7);False;1;2377
;(6, 6);MoveNorthEast;(16, 7);False;1;2378
;(6, 6);MoveNorthEast;(16, 7);False;1;2379
MoveWest;(5, 6);MoveNorthEast;(16, 7);False;1;2380
;(5, 6);MoveNorthEast;(16, 7);False;1;2381
;(5, 6);MoveNorthEast;(16, 7);False;1;2382
MoveWest;(4, 6);MoveNorthEast;(17, 6);False;1;2383
;(4, 6);MoveEast;(17, 6);False;1;2384
;(4, 6);MoveEast;(17, 6);False;1;2385
;(4, 6);MoveEast;(17, 6);False;1;2386
MoveWest;(3, 6);MoveEast;(17, 6);False;1;2387
;(3, 6);MoveEast;(17, 6);False;1;2388
;(3, 6);MoveEast;(17, 6);False;1;2389
;(3, 6);MoveEast;(17, 6);False;1;2390
MoveWest;(2, 6);MoveEast;(17, 6);False;1;2391
;(2, 6);MoveEast;(17, 6);False;1;2392
;(2, 6);MoveEast;(17, 6);False;1;2393
;(2, 6);MoveEast;(18, 6);False;1;2394
;(2, 6);DropObject;(18, 6);False;1;2395
;(2, 6);DropObject;(18, 6);False;1;2396
;(2, 6);DropObject;(18, 6);False;1;2397
;(2, 6);DropObject;(18, 6);False;1;2398
;(2, 6);DropObject;(18, 6);False;1;2399
DropObject;(2, 6);DropObject;(18, 6);False;1;2400
;(2, 6);DropObject;(18, 6);False;1;2401
;(2, 6);DropObject;(18, 6);False;1;2402
MoveEast;(3, 6);DropObject;(18, 6);False;1;2403
;(3, 6);DropObject;(18, 6);False;1;2404
;(3, 6);DropObject;(18, 6);False;1;2405
MoveEast;(4, 6);;(18, 6);False;1;2406
;(4, 6);MoveWest;(18, 6);False;1;2407
;(4, 6);MoveWest;(18, 6);False;1;2408
;(4, 6);MoveWest;(18, 6);False;1;2409
MoveEast;(5, 6);MoveWest;(18, 6);False;1;2410
;(5, 6);MoveWest;(18, 6);False;1;2411
;(5, 6);MoveWest;(18, 6);False;1;2412
MoveEast;(6, 6);MoveWest;(18, 6);False;1;2413
;(6, 6);MoveWest;(18, 6);False;1;2414
;(6, 6);MoveWest;(18, 6);False;1;2415
;(6, 6);MoveWest;(18, 6);False;1;2416
MoveEast;(7, 6);MoveWest;(17, 6);False;1;2417
;(7, 6);MoveWest;(17, 6);False;1;2418
;(7, 6);MoveWest;(17, 6);False;1;2419
;(7, 6);MoveWest;(17, 6);False;1;2420
MoveSouth;(7, 7);MoveWest;(17, 6);False;1;2421
;(7, 7);MoveWest;(17, 6);False;1;2422
;(7, 7);MoveWest;(17, 6);False;1;2423
;(7, 7);MoveWest;(17, 6);False;1;2424
MoveSouth;(7, 8);MoveWest;(17, 6);False;1;2425
;(7, 8);MoveWest;(17, 6);False;1;2426
;(7, 8);MoveWest;(17, 6);False;1;2427
;(7, 8);MoveWest;(16, 6);False;1;2428
;(7, 8);MoveSouthWest;(16, 6);False;1;2429
;(7, 8);MoveSouthWest;(16, 6);False;1;2430
;(7, 8);MoveSouthWest;(16, 6);False;1;2431
;(7, 8);MoveSouthWest;(16, 6);False;1;2432
;(7, 8);MoveSouthWest;(16, 6);False;1;2433
;(7, 8);MoveSouthWest;(16, 6);False;1;2434
;(7, 8);MoveSouthWest;(16, 6);False;1;2435
;(7, 8);MoveSouthWest;(16, 6);False;1;2436
;(7, 8);MoveSouthWest;(16, 6);False;1;2437
MoveSouth;(7, 9);MoveSouthWest;(16, 6);False;1;2438
;(7, 9);MoveSouthWest;(15, 7);False;1;2439
MoveEast;(8, 9);MoveWest;(15, 7);False;1;2440
;(8, 9);MoveWest;(15, 7);False;1;2441
;(8, 9);MoveWest;(15, 7);False;1;2442
;(8, 9);MoveWest;(15, 7);False;1;2443
;(8, 9);MoveWest;(15, 7);False;1;2444
;(8, 9);MoveWest;(15, 7);False;1;2445
;(8, 9);MoveWest;(15, 7);False;1;2446
;(8, 9);MoveWest;(15, 7);False;1;2447
;(8, 9);MoveWest;(15, 7);False;1;2448
;(8, 9);MoveWest;(15, 7);False;1;2449
;(8, 9);MoveWest;(14, 7);False;1;2450
;(8, 9);MoveWest;(14, 7);False;1;2451
;(8, 9);MoveWest;(14, 7);False;1;2452
;(8, 9);MoveWest;(14, 7);False;1;2453
;(8, 9);MoveWest;(14, 7);False;1;2454
;(8, 9);MoveWest;(14, 7);False;1;2455
;(8, 9);MoveWest;(14, 7);False;1;2456
;(8, 9);MoveWest;(14, 7);False;1;2457
;(8, 9);MoveWest;(14, 7);False;1;2458
;(8, 9);MoveWest;(14, 7);False;1;2459
;(8, 9);MoveWest;(14, 7);False;1;2460
;(8, 9);MoveWest;(13, 7);False;1;2461
GrabObject;(8, 9);MoveSouthWest;(13, 7);False;1;2462
;(8, 9);MoveSouthWest;(13, 7);False;1;2463
;(8, 9);MoveSouthWest;(13, 7);False;1;2464
;(8, 9);MoveSouthWest;(13, 7);False;1;2465
;(8, 9);MoveSouthWest;(13, 7);False;1;2466
;(8, 9);MoveSouthWest;(13, 7);False;1;2467
;(8, 9);MoveSouthWest;(13, 7);False;1;2468
DropObject;(8, 9);MoveSouthWest;(13, 7);False;1;2469
;(8, 9);MoveSouthWest;(13, 7);False;1;2470
;(8, 9);MoveSouthWest;(13, 7);False;1;2471
;(8, 9);MoveSouthWest;(12, 8);False;1;2472
;(8, 9);GrabObject;(12, 8);False;1;2473
;(8, 9);GrabObject;(12, 8);False;1;2474
;(8, 9);GrabObject;(12, 8);False;1;2475
;(8, 9);GrabObject;(12, 8);False;1;2476
;(8, 9);GrabObject;(12, 8);False;1;2477
;(8, 9);GrabObject;(12, 8);False;1;2478
MoveNorth;(8, 8);GrabObject;(12, 8);False;1;2479
;(8, 8);GrabObject;(12, 8);False;1;2480
;(8, 8);GrabObject;(12, 8);False;1;2481
;(8, 8);GrabObject;(12, 8);False;1;2482
;(8, 8);GrabObject;(12, 8);False;1;2483
;(8, 8);;(12, 8);False;1;2484
;(8, 8);MoveEast;(12, 8);False;1;2485
;(8, 8);MoveEast;(12, 8);False;1;2486
;(8, 8);MoveEast;(12, 8);False;1;2487
;(8, 8);MoveEast;(12, 8);False;1;2488
MoveSouth;(8, 9);MoveEast;(12, 8);False;1;2489
;(8, 9);MoveEast;(12, 8);False;1;2490
;(8, 9);MoveEast;(12, 8);False;1;2491
;(8, 9);MoveEast;(12, 8);False;1;2492
;(8, 9);MoveEast;(12, 8);False;1;2493
;(8, 9);MoveEast;(12, 8);False;1;2494
GrabObject;(8, 9);MoveEast;(13, 8);False;1;2495
;(8, 9);MoveNorthEast;(13, 8);False;1;2496
;(8, 9);MoveNorthEast;(13, 8);False;1;2497
;(8, 9);MoveNorthEast;(13, 8);False;1;2498
;(8, 9);MoveNorthEast;(13, 8);False;1;2499
;(8, 9);MoveNorthEast;(13, 8);False;1;2500
;(8, 9);MoveNorthEast;(13, 8);False;1;2501
;(8, 9);MoveNorthEast;(13, 8);False;1;2502
MoveNorth;(8, 8);MoveNorthEast;(13, 8);False;1;2503
;(8, 8);MoveNorthEast;(13, 8);False;1;2504
;(8, 8);MoveNorthEast;(13, 8);False;1;2505
;(8, 8);MoveNorthEast;(14, 7);False;1;2506
MoveNorth;(8, 7);MoveEast;(14, 7);False;1;2507
;(8, 7);MoveEast;(14, 7);False;1;2508
;(8, 7);MoveEast;(14, 7);False;1;2509
;(8, 7);MoveEast;(14, 7);False;1;2510
MoveWest;(7, 7);MoveEast;(14, 7);False;1;2511
;(7, 7);MoveEast;(14, 7);False;1;2512
;(7, 7);MoveEast;(14, 7);False;1;2513
;(7, 7);MoveEast;(14, 7);False;1;2514
MoveWest;(6, 7);MoveEast;(14, 7);False;1;2515
;(6, 7);MoveEast;(14, 7);False;1;2516
;(6, 7);MoveEast;(15, 7);False;1;2517
;(6, 7);MoveNorthEast;(15, 7);False;1;2518
MoveWest;(5, 7);MoveNorthEast;(15, 7);False;1;2519
;(5, 7);MoveNorthEast;(15, 7);False;1;2520
;(5, 7);MoveNorthEast;(15, 7);False;1;2521
MoveWest;(4, 7);MoveNorthEast;(15, 7);False;1;2522
;(4, 7);MoveNorthEast;(15, 7);False;1;2523
;(4, 7);MoveNorthEast;(15, 7);False;1;2524
;(4, 7);MoveNorthEast;(15, 7);False;1;2525
;(4, 7);MoveNorthEast;(15, 7);False;1;2526
DropObject;(4, 7);MoveNorthEast;(15, 7);False;1;2527
;(4, 7);MoveNorthEast;(16, 6);False;1;2528
MoveSouth;(4, 8);MoveEast;(16, 6);False;1;2529
;(4, 8);MoveEast;(16, 6);False;1;2530
;(4, 8);MoveEast;(16, 6);False;1;2531
;(4, 8);MoveEast;(16, 6);False;1;2532
;(4, 8);MoveEast;(16, 6);False;1;2533
MoveSouth;(4, 9);MoveEast;(16, 6);False;1;2534
;(4, 9);MoveEast;(16, 6);False;1;2535
;(4, 9);MoveEast;(16, 6);False;1;2536
MoveSouth;(4, 10);MoveEast;(16, 6);False;1;2537
;(4, 10);MoveEast;(16, 6);False;1;2538
;(4, 10);MoveEast;(17, 6);False;1;2539
;(4, 10);DropObject;(17, 6);False;1;2540
;(4, 10);DropObject;(17, 6);False;1;2541
;(4, 10);DropObject;(17, 6);False;1;2542
MoveEast;(5, 10);DropObject;(17, 6);False;1;2543
;(5, 10);DropObject;(17, 6);False;1;2544
;(5, 10);DropObject;(17, 6);False;1;2545
;(5, 10);DropObject;(17, 6);False;1;2546
MoveEast;(6, 10);DropObject;(17, 6);False;1;2547
;(6, 10);DropObject;(17, 6);False;1;2548
;(6, 10);DropObject;(17, 6);False;1;2549
;(6, 10);DropObject;(17, 6);False;1;2550
MoveEast;(7, 10);;(17, 6);False;1;2551
;(7, 10);Idle;(17, 6);False;1;2552
;(7, 10);Idle;(17, 6);False;1;2553
;(7, 10);Idle;(17, 6);False;1;2554
;(7, 10);Idle;(17, 6);False;1;2555
MoveEast;(8, 10);Idle;(17, 6);False;1;2556
;(8, 10);Idle;(17, 6);False;1;2557
;(8, 10);Idle;(17, 6);False;1;2558
;(8, 10);Idle;(17, 6);False;1;2559
;(8, 10);Idle;(17, 6);False;1;2560
;(8, 10);Idle;(17, 6);False;1;2561
;(8, 10);Idle;(17, 6);False;1;2562
;(8, 10);Idle;(17, 6);False;1;2563
;(8, 10);Idle;(17, 6);False;1;2564
;(8, 10);Idle;(17, 6);False;1;2565
;(8, 10);Idle;(17, 6);False;1;2566
;(8, 10);Idle;(17, 6);False;1;2567
;(8, 10);Idle;(17, 6);False;1;2568
;(8, 10);Idle;(17, 6);False;1;2569
;(8, 10);Idle;(17, 6);False;1;2570
GrabObject;(8, 10);Idle;(17, 6);False;1;2571
;(8, 10);Idle;(17, 6);False;1;2572
MoveNorth;(8, 9);Idle;(17, 6);False;1;2573
;(8, 9);Idle;(17, 6);False;1;2574
;(8, 9);Idle;(17, 6);False;1;2575
MoveNorth;(8, 8);Idle;(17, 6);False;1;2576
;(8, 8);Idle;(17, 6);False;1;2577
;(8, 8);Idle;(17, 6);False;1;2578
;(8, 8);Idle;(17, 6);False;1;2579
MoveNorth;(8, 7);Idle;(17, 6);False;1;2580
;(8, 7);Idle;(17, 6);False;1;2581
;(8, 7);Idle;(17, 6);False;1;2582
MoveNorth;(8, 6);Idle;(17, 6);False;1;2583
;(8, 6);Idle;(17, 6);False;1;2584
;(8, 6);Idle;(17, 6);False;1;2585
;(8, 6);Idle;(17, 6);False;1;2586
MoveWest;(7, 6);Idle;(17, 6);False;1;2587
;(7, 6);Idle;(17, 6);False;1;2588
;(7, 6);Idle;(17, 6);False;1;2589
;(7, 6);Idle;(17, 6);False;1;2590
;(7, 6);Idle;(17, 6);False;1;2591
MoveWest;(6, 6);Idle;(17, 6);False;1;2592
;(6, 6);Idle;(17, 6);False;1;2593
;(6, 6);Idle;(17, 6);False;1;2594
;(6, 6);Idle;(17, 6);False;1;2595
MoveWest;(5, 6);Idle;(17, 6);False;1;2596
;(5, 6);Idle;(17, 6);False;1;2597
;(5, 6);Idle;(17, 6);False;1;2598
;(5, 6);Idle;(17, 6);False;1;2599
MoveWest;(4, 6);Idle;(17, 6);False;1;2600
;(4, 6);Idle;(17, 6);False;1;2601
;(4, 6);Idle;(17, 6);False;1;2602
;(4, 6);Idle;(17, 6);False;1;2603
MoveWest;(3, 6);Idle;(17, 6);False;1;2604
;(3, 6);Idle;(17, 6);False;1;2605
;(3, 6);Idle;(17, 6);False;1;2606
MoveWest;(2, 6);;(17, 6);False;1;2607
;(2, 6);Idle;(17, 6);False;1;2608
;(2, 6);Idle;(17, 6);False;1;2609
;(2, 6);Idle;(17, 6);False;1;2610
;(2, 6);Idle;(17, 6);False;1;2611
;(2, 6);Idle;(17, 6);False;1;2612
;(2, 6);Idle;(17, 6);False;1;2613
DropObject;(2, 6);Idle;(17, 6);False;1;2614
;(2, 6);Idle;(17, 6);False;1;2615
MoveEast;(3, 6);Idle;(17, 6);False;1;2616
;(3, 6);Idle;(17, 6);False;1;2617
;(3, 6);Idle;(17, 6);False;1;2618
;(3, 6);Idle;(17, 6);False;1;2619
MoveEast;(4, 6);Idle;(17, 6);False;1;2620
;(4, 6);Idle;(17, 6);False;1;2621
;(4, 6);Idle;(17, 6);False;1;2622
;(4, 6);Idle;(17, 6);False;1;2623
MoveEast;(5, 6);Idle;(17, 6);False;1;2624
;(5, 6);Idle;(17, 6);False;1;2625
;(5, 6);Idle;(17, 6);False;1;2626
MoveEast;(6, 6);Idle;(17, 6);False;1;2627
;(6, 6);Idle;(17, 6);False;1;2628
;(6, 6);Idle;(17, 6);False;1;2629
MoveEast;(7, 6);Idle;(17, 6);False;1;2630
;(7, 6);Idle;(17, 6);False;1;2631
;(7, 6);Idle;(17, 6);False;1;2632
;(7, 6);Idle;(17, 6);False;1;2633
MoveEast;(8, 6);Idle;(17, 6);False;1;2634
;(8, 6);Idle;(17, 6);False;1;2635
;(8, 6);Idle;(17, 6);False;1;2636
;(8, 6);Idle;(17, 6);False;1;2637
;(8, 6);Idle;(17, 6);False;1;2638
;(8, 6);Idle;(17, 6);False;1;2639
;(8, 6);Idle;(17, 6);False;1;2640
;(8, 6);Idle;(17, 6);False;1;2641
MoveSouth;(8, 7);Idle;(17, 6);False;1;2642
;(8, 7);Idle;(17, 6);False;1;2643
;(8, 7);Idle;(17, 6);False;1;2644
;(8, 7);Idle;(17, 6);False;1;2645
MoveSouth;(8, 8);Idle;(17, 6);False;1;2646
;(8, 8);Idle;(17, 6);False;1;2647
;(8, 8);Idle;(17, 6);False;1;2648
MoveSouth;(8, 9);Idle;(17, 6);False;1;2649
;(8, 9);Idle;(17, 6);False;1;2650
;(8, 9);Idle;(17, 6);False;1;2651
;(8, 9);Idle;(17, 6);False;1;2652
MoveSouth;(8, 10);Idle;(17, 6);False;1;2653
;(8, 10);Idle;(17, 6);False;1;2654
;(8, 10);Idle;(17, 6);False;1;2655
;(8, 10);Idle;(17, 6);False;1;2656
;(8, 10);Idle;(17, 6);False;1;2657
;(8, 10);Idle;(17, 6);False;1;2658
;(8, 10);Idle;(17, 6);False;1;2659
;(8, 10);Idle;(17, 6);False;1;2660
;(8, 10);Idle;(17, 6);False;1;2661
;(8, 10);Idle;(17, 6);False;1;2662
;(8, 10);;(17, 6);False;1;2663
;(8, 10);MoveEast;(17, 6);False;1;2664
;(8, 10);MoveEast;(17, 6);False;1;2665
;(8, 10);MoveEast;(17, 6);False;1;2666
;(8, 10);MoveEast;(17, 6);False;1;2667
;(8, 10);MoveEast;(17, 6);False;1;2668
MoveEast;(9, 10);MoveEast;(17, 6);False;1;2669
;(9, 10);MoveEast;(17, 6);False;1;2670
;(9, 10);MoveEast;(17, 6);False;1;2671
;(9, 10);MoveEast;(17, 6);False;1;2672
;(9, 10);MoveEast;(17, 6);False;1;2673
;(9, 10);MoveEast;(18, 6);False;1;2674
;(9, 10);MoveEast;(18, 6);False;1;2675
;(9, 10);MoveEast;(18, 6);False;1;2676
GrabObject;(9, 10);MoveEast;(18, 6);False;1;2677
;(9, 10);MoveEast;(18, 6);False;1;2678
;(9, 10);MoveEast;(18, 6);False;1;2679
;(9, 10);MoveEast;(18, 6);False;1;2680
MoveNorth;(9, 9);MoveEast;(18, 6);False;1;2681
;(9, 9);MoveEast;(18, 6);False;1;2682
;(9, 9);MoveEast;(18, 6);False;1;2683
;(9, 9);MoveEast;(18, 6);False;1;2684
MoveNorth;(9, 8);MoveEast;(19, 6);False;1;2685
;(9, 8);MoveWest;(19, 6);False;1;2686
;(9, 8);MoveWest;(19, 6);False;1;2687
MoveNorth;(9, 7);MoveWest;(19, 6);False;1;2688
;(9, 7);MoveWest;(19, 6);False;1;2689
;(9, 7);MoveWest;(19, 6);False;1;2690
;(9, 7);MoveWest;(19, 6);False;1;2691
MoveNorth;(9, 6);MoveWest;(19, 6);False;1;2692
;(9, 6);MoveWest;(19, 6);False;1;2693
;(9, 6);MoveWest;(19, 6);False;1;2694
;(9, 6);MoveWest;(19, 6);False;1;2695
MoveNorth;(9, 5);MoveWest;(18, 6);False;1;2696
;(9, 5);MoveWest;(18, 6);False;1;2697
;(9, 5);MoveWest;(18, 6);False;1;2698
MoveWest;(8, 5);MoveWest;(18, 6);False;1;2699
;(8, 5);MoveWest;(18, 6);False;1;2700
;(8, 5);MoveWest;(18, 6);False;1;2701
;(8, 5);MoveWest;(18, 6);False;1;2702
MoveWest;(7, 5);MoveWest;(18, 6);False;1;2703
;(7, 5);MoveWest;(18, 6);False;1;2704
;(7, 5);MoveWest;(18, 6);False;1;2705
;(7, 5);MoveWest;(18, 6);False;1;2706
MoveWest;(6, 5);MoveWest;(17, 6);False;1;2707
;(6, 5);MoveEast;(17, 6);False;1;2708
;(6, 5);MoveEast;(17, 6);False;1;2709
;(6, 5);MoveEast;(17, 6);False;1;2710
MoveWest;(5, 5);MoveEast;(17, 6);False;1;2711
;(5, 5);MoveEast;(17, 6);False;1;2712
;(5, 5);MoveEast;(17, 6);False;1;2713
MoveWest;(4, 5);MoveEast;(17, 6);False;1;2714
;(4, 5);MoveEast;(17, 6);False;1;2715
;(4, 5);MoveEast;(17, 6);False;1;2716
MoveWest;(3, 5);MoveEast;(17, 6);False;1;2717
;(3, 5);MoveEast;(18, 6);False;1;2718
;(3, 5);MoveEast;(18, 6);False;1;2719
;(3, 5);MoveEast;(18, 6);False;1;2720
;(3, 5);MoveEast;(18, 6);False;1;2721
DropObject;(3, 5);MoveEast;(18, 6);False;1;2722
;(3, 5);MoveEast;(18, 6);False;1;2723
MoveEast;(4, 5);MoveEast;(18, 6);False;1;2724
;(4, 5);MoveEast;(18, 6);False;1;2725
;(4, 5);MoveEast;(18, 6);False;1;2726
;(4, 5);MoveEast;(18, 6);False;1;2727
MoveEast;(5, 5);MoveEast;(18, 6);False;1;2728
;(5, 5);MoveEast;(19, 6);False;1;2729
;(5, 5);MoveWest;(19, 6);False;1;2730
;(5, 5);MoveWest;(19, 6);False;1;2731
MoveEast;(6, 5);MoveWest;(19, 6);False;1;2732
;(6, 5);MoveWest;(19, 6);False;1;2733
;(6, 5);MoveWest;(19, 6);False;1;2734
MoveEast;(7, 5);MoveWest;(19, 6);False;1;2735
;(7, 5);MoveWest;(19, 6);False;1;2736
;(7, 5);MoveWest;(19, 6);False;1;2737
;(7, 5);MoveWest;(19, 6);False;1;2738
MoveEast;(8, 5);MoveWest;(19, 6);False;1;2739
;(8, 5);MoveWest;(18, 6);False;1;2740
;(8, 5);MoveWest;(18, 6);False;1;2741
MoveEast;(9, 5);MoveWest;(18, 6);False;1;2742
;(9, 5);MoveWest;(18, 6);False;1;2743
;(9, 5);MoveWest;(18, 6);False;1;2744
;(9, 5);MoveWest;(18, 6);False;1;2745
MoveEast;(10, 5);MoveWest;(18, 6);False;1;2746
;(10, 5);MoveWest;(18, 6);False;1;2747
;(10, 5);MoveWest;(18, 6);False;1;2748
MoveSouth;(10, 6);MoveWest;(18, 6);False;1;2749
;(10, 6);MoveWest;(18, 6);False;1;2750
;(10, 6);MoveWest;(17, 6);False;1;2751
MoveSouth;(10, 7);MoveEast;(17, 6);False;1;2752
;(10, 7);MoveEast;(17, 6);False;1;2753
;(10, 7);MoveEast;(17, 6);False;1;2754
;(10, 7);MoveEast;(17, 6);False;1;2755
MoveSouth;(10, 8);MoveEast;(17, 6);False;1;2756
;(10, 8);MoveEast;(17, 6);False;1;2757
;(10, 8);MoveEast;(17, 6);False;1;2758
;(10, 8);MoveEast;(17, 6);False;1;2759
MoveSouth;(10, 9);MoveEast;(17, 6);False;1;2760
;(10, 9);MoveEast;(17, 6);False;1;2761
;(10, 9);MoveEast;(18, 6);False;1;2762
MoveSouth;(10, 10);MoveEast;(18, 6);False;1;2763
;(10, 10);MoveEast;(18, 6);False;1;2764
;(10, 10);MoveEast;(18, 6);False;1;2765
GrabObject;(10, 10);MoveEast;(18, 6);False;1;2766
;(10, 10);MoveEast;(18, 6);False;1;2767
MoveNorth;(10, 9);MoveEast;(18, 6);False;1;2768
;(10, 9);MoveEast;(18, 6);False;1;2769
;(10, 9);MoveEast;(18, 6);False;1;2770
;(10, 9);MoveEast;(18, 6);False;1;2771
MoveNorth;(10, 8);MoveEast;(18, 6);False;1;2772
;(10, 8);MoveEast;(19, 6);False;1;2773
;(10, 8);MoveWest;(19, 6);False;1;2774
;(10, 8);MoveWest;(19, 6);False;1;2775
;(10, 8);MoveWest;(19, 6);False;1;2776
MoveNorth;(10, 7);MoveWest;(19, 6);False;1;2777
;(10, 7);MoveWest;(19, 6);False;1;2778
;(10, 7);MoveWest;(19, 6);False;1;2779
;(10, 7);MoveWest;(19, 6);False;1;2780
MoveWest;(9, 7);MoveWest;(19, 6);False;1;2781
;(9, 7);MoveWest;(19, 6);False;1;2782
;(9, 7);MoveWest;(19, 6);False;1;2783
;(9, 7);MoveWest;(18, 6);False;1;2784
MoveWest;(8, 7);MoveWest;(18, 6);False;1;2785
;(8, 7);MoveWest;(18, 6);False;1;2786
;(8, 7);MoveWest;(18, 6);False;1;2787
;(8, 7);MoveWest;(18, 6);False;1;2788
MoveWest;(7, 7);MoveWest;(18, 6);False;1;2789
;(7, 7);MoveWest;(18, 6);False;1;2790
;(7, 7);MoveWest;(18, 6);False;1;2791
;(7, 7);MoveWest;(18, 6);False;1;2792
MoveWest;(6, 7);MoveWest;(18, 6);False;1;2793
;(6, 7);MoveWest;(18, 6);False;1;2794
;(6, 7);MoveWest;(17, 6);False;1;2795
;(6, 7);;(17, 6);False;1;2796
MoveWest;(5, 7);Idle;(17, 6);False;1;2797
;(5, 7);Idle;(17, 6);False;1;2798
;(5, 7);Idle;(17, 6);False;1;2799
MoveWest;(4, 7);Idle;(17, 6);False;1;2800
;(4, 7);Idle;(17, 6);False;1;2801
;(4, 7);Idle;(17, 6);False;1;2802
;(4, 7);Idle;(17, 6);False;1;2803
MoveWest;(3, 7);Idle;(17, 6);False;1;2804
;(3, 7);Idle;(17, 6);False;1;2805
DropObject;(3, 7);Idle;(17, 6);False;1;2806
;(3, 7);Idle;(17, 6);False;1;2807
;(3, 7);Idle;(17, 6);False;1;2808
MoveEast;(4, 7);Idle;(17, 6);False;1;2809
;(4, 7);Idle;(17, 6);False;1;2810
;(4, 7);Idle;(17, 6);False;1;2811
;(4, 7);Idle;(17, 6);False;1;2812
MoveEast;(5, 7);Idle;(17, 6);False;1;2813
;(5, 7);Idle;(17, 6);False;1;2814
;(5, 7);Idle;(17, 6);False;1;2815
MoveEast;(6, 7);Idle;(17, 6);False;1;2816
;(6, 7);Idle;(17, 6);False;1;2817
;(6, 7);Idle;(17, 6);False;1;2818
;(6, 7);Idle;(17, 6);False;1;2819
MoveEast;(7, 7);Idle;(17, 6);False;1;2820
;(7, 7);Idle;(17, 6);False;1;2821
;(7, 7);Idle;(17, 6);False;1;2822
;(7, 7);Idle;(17, 6);False;1;2823
MoveEast;(8, 7);Idle;(17, 6);False;1;2824
;(8, 7);Idle;(17, 6);False;1;2825
;(8, 7);Idle;(17, 6);False;1;2826
MoveSouth;(8, 8);Idle;(17, 6);False;1;2827
;(8, 8);Idle;(17, 6);False;1;2828
;(8, 8);Idle;(17, 6);False;1;2829
MoveSouth;(8, 9);Idle;(17, 6);False;1;2830
;(8, 9);Idle;(17, 6);False;1;2831
;(8, 9);Idle;(17, 6);False;1;2832
MoveEast;(9, 9);Idle;(17, 6);False;1;2833
;(9, 9);Idle;(17, 6);False;1;2834
;(9, 9);Idle;(17, 6);False;1;2835
;(9, 9);Idle;(17, 6);False;1;2836
MoveEast;(10, 9);Idle;(17, 6);False;1;2837
;(10, 9);Idle;(17, 6);False;1;2838
;(10, 9);Idle;(17, 6);False;1;2839
;(10, 9);Idle;(17, 6);False;1;2840
MoveEast;(11, 9);Idle;(17, 6);False;1;2841
;(11, 9);Idle;(17, 6);False;1;2842
;(11, 9);Idle;(17, 6);False;1;2843
;(11, 9);Idle;(17, 6);False;1;2844
;(11, 9);Idle;(17, 6);False;1;2845
MoveEast;(12, 9);Idle;(17, 6);False;1;2846
;(12, 9);Idle;(17, 6);False;1;2847
;(12, 9);Idle;(17, 6);False;1;2848
DropObject;(12, 9);Idle;(17, 6);False;1;2849
MoveNorth;(12, 8);Idle;(17, 6);False;1;2850
;(12, 8);Idle;(17, 6);False;1;2851
;(12, 8);;(17, 6);False;1;2852
;(12, 8);Idle;(17, 6);False;1;2853
;(12, 8);Idle;(17, 6);False;1;2854
;(12, 8);Idle;(17, 6);False;1;2855
;(12, 8);Idle;(17, 6);False;1;2856
MoveWest;(11, 8);Idle;(17, 6);False;1;2857
;(11, 8);Idle;(17, 6);False;1;2858
;(11, 8);Idle;(17, 6);False;1;2859
;(11, 8);Idle;(17, 6);False;1;2860
;(11, 8);Idle;(17, 6);False;1;2861
MoveWest;(10, 8);Idle;(17, 6);False;1;2862
;(10, 8);Idle;(17, 6);False;1;2863
;(10, 8);Idle;(17, 6);False;1;2864
;(10, 8);Idle;(17, 6);False;1;2865
;(10, 8);Idle;(17, 6);False;1;2866
;(10, 8);Idle;(17, 6);False;1;2867
MoveSouth;(10, 9);Idle;(17, 6);False;1;2868
;(10, 9);Idle;(17, 6);False;1;2869
;(10, 9);Idle;(17, 6);False;1;2870
;(10, 9);Idle;(17, 6);False;1;2871
;(10, 9);Idle;(17, 6);False;1;2872
;(10, 9);Idle;(17, 6);False;1;2873
;(10, 9);Idle;(17, 6);False;1;2874
MoveEast;(11, 9);Idle;(17, 6);False;1;2875
;(11, 9);Idle;(17, 6);False;1;2876
;(11, 9);Idle;(17, 6);False;1;2877
;(11, 9);Idle;(17, 6);False;1;2878
;(11, 9);Idle;(17, 6);False;1;2879
;(11, 9);Idle;(17, 6);False;1;2880
;(11, 9);Idle;(17, 6);False;1;2881
;(11, 9);Idle;(17, 6);False;1;2882
;(11, 9);Idle;(17, 6);False;1;2883
;(11, 9);Idle;(17, 6);False;1;2884
;(11, 9);Idle;(17, 6);False;1;2885
;(11, 9);Idle;(17, 6);False;1;2886
;(11, 9);Idle;(17, 6);False;1;2887
GrabObject;(11, 9);Idle;(17, 6);False;1;2888
MoveNorth;(11, 8);Idle;(17, 6);False;1;2889
;(11, 8);Idle;(17, 6);False;1;2890
;(11, 8);Idle;(17, 6);False;1;2891
;(11, 8);Idle;(17, 6);False;1;2892
MoveWest;(10, 8);Idle;(17, 6);False;1;2893
;(10, 8);Idle;(17, 6);False;1;2894
;(10, 8);Idle;(17, 6);False;1;2895
;(10, 8);Idle;(17, 6);False;1;2896
MoveWest;(9, 8);Idle;(17, 6);False;1;2897
;(9, 8);Idle;(17, 6);False;1;2898
;(9, 8);Idle;(17, 6);False;1;2899
;(9, 8);Idle;(17, 6);False;1;2900
MoveWest;(8, 8);Idle;(17, 6);False;1;2901
;(8, 8);Idle;(17, 6);False;1;2902
;(8, 8);Idle;(17, 6);False;1;2903
;(8, 8);Idle;(17, 6);False;1;2904
MoveWest;(7, 8);Idle;(17, 6);False;1;2905
;(7, 8);Idle;(17, 6);False;1;2906
;(7, 8);Idle;(17, 6);False;1;2907
;(7, 8);;(17, 6);False;1;2908
DropObject;(7, 8);Idle;(17, 6);False;1;2909
;(7, 8);Idle;(17, 6);False;1;2910
;(7, 8);Idle;(17, 6);False;1;2911
;(7, 8);Idle;(17, 6);False;1;2912
;(7, 8);Idle;(17, 6);False;1;2913
;(7, 8);Idle;(17, 6);False;1;2914
;(7, 8);Idle;(17, 6);False;1;2915
;(7, 8);Idle;(17, 6);False;1;2916
;(7, 8);Idle;(17, 6);False;1;2917
;(7, 8);Idle;(17, 6);False;1;2918
;(7, 8);Idle;(17, 6);False;1;2919
;(7, 8);Idle;(17, 6);False;1;2920
;(7, 8);Idle;(17, 6);False;1;2921
;(7, 8);Idle;(17, 6);False;1;2922
MoveSouth;(7, 9);Idle;(17, 6);False;1;2923
;(7, 9);Idle;(17, 6);False;1;2924
MoveEast;(8, 9);Idle;(17, 6);False;1;2925
;(8, 9);Idle;(17, 6);False;1;2926
;(8, 9);Idle;(17, 6);False;1;2927
;(8, 9);Idle;(17, 6);False;1;2928
;(8, 9);Idle;(17, 6);False;1;2929
MoveSouth;(8, 10);Idle;(17, 6);False;1;2930
;(8, 10);Idle;(17, 6);False;1;2931
;(8, 10);Idle;(17, 6);False;1;2932
;(8, 10);Idle;(17, 6);False;1;2933
;(8, 10);Idle;(17, 6);False;1;2934
;(8, 10);Idle;(17, 6);False;1;2935
MoveEast;(9, 10);Idle;(17, 6);False;1;2936
;(9, 10);Idle;(17, 6);False;1;2937
;(9, 10);Idle;(17, 6);False;1;2938
;(9, 10);Idle;(17, 6);False;1;2939
;(9, 10);Idle;(17, 6);False;1;2940
;(9, 10);Idle;(17, 6);False;1;2941
;(9, 10);Idle;(17, 6);False;1;2942
;(9, 10);Idle;(17, 6);False;1;2943
;(9, 10);Idle;(17, 6);False;1;2944
;(9, 10);Idle;(17, 6);False;1;2945
;(9, 10);Idle;(17, 6);False;1;2946
MoveEast;(10, 10);Idle;(17, 6);False;1;2947
;(10, 10);Idle;(17, 6);False;1;2948
;(10, 10);Idle;(17, 6);False;1;2949
;(10, 10);Idle;(17, 6);False;1;2950
;(10, 10);Idle;(17, 6);False;1;2951
;(10, 10);Idle;(17, 6);False;1;2952
GrabObject;(10, 10);Idle;(17, 6);False;1;2953
;(10, 10);Idle;(17, 6);False;1;2954
MoveNorth;(10, 9);Idle;(17, 6);False;1;2955
;(10, 9);Idle;(17, 6);False;1;2956
;(10, 9);Idle;(17, 6);False;1;2957
;(10, 9);Idle;(17, 6);False;1;2958
;(10, 9);Idle;(17, 6);False;1;2959
MoveWest;(9, 9);Idle;(17, 6);False;1;2960
;(9, 9);Idle;(17, 6);False;1;2961
;(9, 9);Idle;(17, 6);False;1;2962
;(9, 9);Idle;(17, 6);False;1;2963
MoveWest;(8, 9);;(17, 6);False;1;2964
;(8, 9);Idle;(17, 6);False;1;2965
;(8, 9);Idle;(17, 6);False;1;2966
;(8, 9);Idle;(17, 6);False;1;2967
MoveWest;(7, 9);Idle;(17, 6);False;1;2968
;(7, 9);Idle;(17, 6);False;1;2969
;(7, 9);Idle;(17, 6);False;1;2970
;(7, 9);Idle;(17, 6);False;1;2971
MoveWest;(6, 9);Idle;(17, 6);False;1;2972
;(6, 9);Idle;(17, 6);False;1;2973
;(6, 9);Idle;(17, 6);False;1;2974
;(6, 9);Idle;(17, 6);False;1;2975
MoveWest;(5, 9);Idle;(17, 6);False;1;2976
;(5, 9);Idle;(17, 6);False;1;2977
;(5, 9);Idle;(17, 6);False;1;2978
DropObject;(5, 9);Idle;(17, 6);False;1;2979
;(5, 9);Idle;(17, 6);False;1;2980
MoveEast;(6, 9);Idle;(17, 6);False;1;2981
;(6, 9);Idle;(17, 6);False;1;2982
;(6, 9);Idle;(17, 6);False;1;2983
;(6, 9);Idle;(17, 6);False;1;2984
MoveEast;(7, 9);Idle;(17, 6);False;1;2985
;(7, 9);Idle;(17, 6);False;1;2986
;(7, 9);Idle;(17, 6);False;1;2987
;(7, 9);Idle;(17, 6);False;1;2988
;(7, 9);Idle;(17, 6);False;1;2989
;(7, 9);Idle;(17, 6);False;1;2990
MoveEast;(8, 9);Idle;(17, 6);False;1;2991
;(8, 9);Idle;(17, 6);False;1;2992
MoveEast;(9, 9);Idle;(17, 6);False;1;2993
;(9, 9);Idle;(17, 6);False;1;2994
;(9, 9);Idle;(17, 6);False;1;2995
MoveEast;(10, 9);Idle;(17, 6);False;1;2996
;(10, 9);Idle;(17, 6);False;1;2997
;(10, 9);Idle;(17, 6);False;1;2998
MoveEast;(11, 9);Idle;(17, 6);False;1;2999
;(11, 9);Idle;(17, 6);False;1;3000
;(11, 9);Idle;(17, 6);False;1;3001
;(11, 9);Idle;(17, 6);False;1;3002
;(11, 9);Idle;(17, 6);False;1;3003
MoveSouth;(11, 10);Idle;(17, 6);False;1;3004
;(11, 10);Idle;(17, 6);False;1;3005
;(11, 10);Idle;(17, 6);False;1;3006
;(11, 10);Idle;(17, 6);False;1;3007
;(11, 10);Idle;(17, 6);False;1;3008
;(11, 10);;(17, 6);False;1;3009
;(11, 10);;(17, 6);False;1;3010
;(11, 10);;(17, 6);False;1;3011
;(11, 10);;(17, 6);False;1;3012
;(11, 10);;(17, 6);False;1;3013
;(11, 10);;(17, 6);False;1;3014
;(11, 10);;(17, 6);False;1;3015
;(11, 10);;(17, 6);False;1;3016
;(11, 10);;(17, 6);False;1;3017
;(11, 10);;(17, 6);False;1;3018
;(11, 10);;(17, 6);False;1;3019
