human_selector_action;human_selector_location;robot_action;robot_location;robot_executing_cp;world_nr;tick_nr
;(3, 4);;(4, 4);False;1;0
DropObject;(3, 4);;(4, 4);False;1;1
;(3, 4);Idle;(4, 4);False;1;2
;(3, 4);Idle;(4, 4);False;1;3
;(3, 4);Idle;(4, 4);False;1;4
;(3, 4);Idle;(4, 4);False;1;5
;(3, 4);Idle;(4, 4);False;1;6
;(3, 4);Idle;(4, 4);False;1;7
;(3, 4);Idle;(4, 4);False;1;8
;(3, 4);Idle;(4, 4);False;1;9
MoveNorth;(3, 3);Idle;(4, 4);False;1;10
;(3, 3);Idle;(4, 4);False;1;11
;(3, 3);Idle;(4, 4);False;1;12
;(3, 3);Idle;(4, 4);False;1;13
MoveEast;(4, 3);Idle;(4, 4);False;1;14
;(4, 3);Idle;(4, 4);False;1;15
;(4, 3);Idle;(4, 4);False;1;16
;(4, 3);Idle;(4, 4);False;1;17
;(4, 3);Idle;(4, 4);False;1;18
MoveNorth;(4, 2);Idle;(4, 4);False;1;19
MoveEast;(5, 2);Idle;(4, 4);False;1;20
;(5, 2);Idle;(4, 4);False;1;21
;(5, 2);Idle;(4, 4);False;1;22
MoveEast;(6, 2);Idle;(4, 4);False;1;23
;(6, 2);Idle;(4, 4);False;1;24
;(6, 2);Idle;(4, 4);False;1;25
;(6, 2);Idle;(4, 4);False;1;26
;(6, 2);Idle;(4, 4);False;1;27
MoveEast;(7, 2);Idle;(4, 4);False;1;28
;(7, 2);Idle;(4, 4);False;1;29
;(7, 2);Idle;(4, 4);False;1;30
;(7, 2);Idle;(4, 4);False;1;31
MoveEast;(8, 2);Idle;(4, 4);False;1;32
;(8, 2);Idle;(4, 4);False;1;33
;(8, 2);Idle;(4, 4);False;1;34
;(8, 2);Idle;(4, 4);False;1;35
MoveEast;(9, 2);Idle;(4, 4);False;1;36
;(9, 2);Idle;(4, 4);False;1;37
;(9, 2);Idle;(4, 4);False;1;38
;(9, 2);Idle;(4, 4);False;1;39
MoveEast;(10, 2);Idle;(4, 4);False;1;40
;(10, 2);Idle;(4, 4);False;1;41
;(10, 2);Idle;(4, 4);False;1;42
;(10, 2);Idle;(4, 4);False;1;43
;(10, 2);Idle;(4, 4);False;1;44
;(10, 2);Idle;(4, 4);False;1;45
;(10, 2);Idle;(4, 4);False;1;46
;(10, 2);Idle;(4, 4);False;1;47
;(10, 2);Idle;(4, 4);False;1;48
;(10, 2);Idle;(4, 4);False;1;49
;(10, 2);Idle;(4, 4);False;1;50
;(10, 2);Idle;(4, 4);False;1;51
;(10, 2);Idle;(4, 4);False;1;52
GrabObject;(10, 2);Idle;(4, 4);False;1;53
;(10, 2);Idle;(4, 4);False;1;54
;(10, 2);Idle;(4, 4);False;1;55
MoveWest;(9, 2);Idle;(4, 4);False;1;56
;(9, 2);;(4, 4);False;1;57
;(9, 2);MoveEast;(4, 4);False;1;58
;(9, 2);MoveEast;(4, 4);False;1;59
;(9, 2);MoveEast;(4, 4);False;1;60
MoveWest;(8, 2);MoveEast;(4, 4);False;1;61
MoveSouth;(8, 3);MoveEast;(4, 4);False;1;62
;(8, 3);MoveEast;(4, 4);False;1;63
;(8, 3);MoveEast;(4, 4);False;1;64
MoveWest;(7, 3);MoveEast;(4, 4);False;1;65
;(7, 3);MoveEast;(4, 4);False;1;66
;(7, 3);MoveEast;(4, 4);False;1;67
;(7, 3);MoveEast;(5, 4);False;1;68
MoveWest;(6, 3);MoveEast;(5, 4);False;1;69
;(6, 3);MoveEast;(5, 4);False;1;70
;(6, 3);MoveEast;(5, 4);False;1;71
;(6, 3);MoveEast;(5, 4);False;1;72
;(6, 3);MoveEast;(5, 4);False;1;73
MoveSouth;(6, 4);MoveEast;(5, 4);False;1;74
;(6, 4);MoveEast;(5, 4);False;1;75
;(6, 4);MoveEast;(5, 4);False;1;76
;(6, 4);MoveEast;(5, 4);False;1;77
;(6, 4);MoveEast;(5, 4);False;1;78
MoveSouth;(6, 5);MoveEast;(6, 4);False;1;79
;(6, 5);MoveWest;(6, 4);False;1;80
;(6, 5);MoveWest;(6, 4);False;1;81
MoveSouth;(6, 6);MoveWest;(6, 4);False;1;82
;(6, 6);MoveWest;(6, 4);False;1;83
;(6, 6);MoveWest;(6, 4);False;1;84
;(6, 6);MoveWest;(6, 4);False;1;85
MoveSouth;(6, 7);MoveWest;(6, 4);False;1;86
;(6, 7);MoveWest;(6, 4);False;1;87
;(6, 7);MoveWest;(6, 4);False;1;88
MoveWest;(5, 7);MoveWest;(6, 4);False;1;89
;(5, 7);MoveWest;(5, 4);False;1;90
;(5, 7);MoveWest;(5, 4);False;1;91
;(5, 7);MoveWest;(5, 4);False;1;92
;(5, 7);MoveWest;(5, 4);False;1;93
MoveWest;(4, 7);MoveWest;(5, 4);False;1;94
;(4, 7);MoveWest;(5, 4);False;1;95
;(4, 7);MoveWest;(5, 4);False;1;96
;(4, 7);MoveWest;(5, 4);False;1;97
MoveWest;(3, 7);MoveWest;(5, 4);False;1;98
;(3, 7);MoveWest;(5, 4);False;1;99
;(3, 7);MoveWest;(5, 4);False;1;100
MoveWest;(2, 7);MoveWest;(4, 4);False;1;101
;(2, 7);MoveEast;(4, 4);False;1;102
;(2, 7);MoveEast;(4, 4);False;1;103
MoveWest;(1, 7);MoveEast;(4, 4);False;1;104
;(1, 7);MoveEast;(4, 4);False;1;105
;(1, 7);MoveEast;(4, 4);False;1;106
;(1, 7);MoveEast;(4, 4);False;1;107
MoveWest;(0, 7);MoveEast;(4, 4);False;1;108
;(0, 7);MoveEast;(4, 4);False;1;109
;(0, 7);MoveEast;(4, 4);False;1;110
;(0, 7);MoveEast;(4, 4);False;1;111
MoveWest;(0, 7);MoveEast;(5, 4);False;1;112
;(0, 7);MoveEast;(5, 4);False;1;113
;(0, 7);MoveEast;(5, 4);False;1;114
;(0, 7);MoveEast;(5, 4);False;1;115
;(0, 7);MoveEast;(5, 4);False;1;116
;(0, 7);MoveEast;(5, 4);False;1;117
DropObject;(0, 7);MoveEast;(5, 4);False;1;118
;(0, 7);MoveEast;(5, 4);False;1;119
;(0, 7);MoveEast;(5, 4);False;1;120
;(0, 7);MoveEast;(5, 4);False;1;121
MoveNorth;(0, 6);MoveEast;(5, 4);False;1;122
;(0, 6);MoveEast;(6, 4);False;1;123
;(0, 6);MoveWest;(6, 4);False;1;124
;(0, 6);MoveWest;(6, 4);False;1;125
MoveNorth;(0, 5);MoveWest;(6, 4);False;1;126
;(0, 5);MoveWest;(6, 4);False;1;127
;(0, 5);MoveWest;(6, 4);False;1;128
;(0, 5);MoveWest;(6, 4);False;1;129
;(0, 5);MoveWest;(6, 4);False;1;130
MoveNorth;(0, 4);MoveWest;(6, 4);False;1;131
;(0, 4);MoveWest;(6, 4);False;1;132
;(0, 4);MoveWest;(6, 4);False;1;133
MoveNorth;(0, 3);MoveWest;(5, 4);False;1;134
;(0, 3);MoveWest;(5, 4);False;1;135
;(0, 3);MoveWest;(5, 4);False;1;136
;(0, 3);MoveWest;(5, 4);False;1;137
MoveNorth;(0, 2);MoveWest;(5, 4);False;1;138
;(0, 2);MoveWest;(5, 4);False;1;139
;(0, 2);MoveWest;(5, 4);False;1;140
;(0, 2);MoveWest;(5, 4);False;1;141
MoveEast;(1, 2);MoveWest;(5, 4);False;1;142
;(1, 2);MoveWest;(5, 4);False;1;143
;(1, 2);MoveWest;(5, 4);False;1;144
;(1, 2);MoveWest;(4, 4);False;1;145
MoveEast;(2, 2);MoveEast;(4, 4);False;1;146
;(2, 2);MoveEast;(4, 4);False;1;147
;(2, 2);MoveEast;(4, 4);False;1;148
;(2, 2);MoveEast;(4, 4);False;1;149
MoveEast;(3, 2);MoveEast;(4, 4);False;1;150
;(3, 2);MoveEast;(4, 4);False;1;151
;(3, 2);MoveEast;(4, 4);False;1;152
MoveEast;(4, 2);MoveEast;(4, 4);False;1;153
;(4, 2);MoveEast;(4, 4);False;1;154
;(4, 2);MoveEast;(4, 4);False;1;155
MoveEast;(5, 2);MoveEast;(5, 4);False;1;156
;(5, 2);MoveEast;(5, 4);False;1;157
;(5, 2);MoveEast;(5, 4);False;1;158
;(5, 2);MoveEast;(5, 4);False;1;159
MoveEast;(6, 2);MoveEast;(5, 4);False;1;160
;(6, 2);MoveEast;(5, 4);False;1;161
;(6, 2);MoveEast;(5, 4);False;1;162
MoveEast;(7, 2);MoveEast;(5, 4);False;1;163
;(7, 2);MoveEast;(5, 4);False;1;164
;(7, 2);MoveEast;(5, 4);False;1;165
;(7, 2);MoveEast;(5, 4);False;1;166
;(7, 2);MoveEast;(6, 4);False;1;167
MoveEast;(8, 2);MoveWest;(6, 4);False;1;168
;(8, 2);MoveWest;(6, 4);False;1;169
;(8, 2);MoveWest;(6, 4);False;1;170
;(8, 2);MoveWest;(6, 4);False;1;171
MoveEast;(9, 2);MoveWest;(6, 4);False;1;172
;(9, 2);MoveWest;(6, 4);False;1;173
;(9, 2);MoveWest;(6, 4);False;1;174
MoveEast;(10, 2);MoveWest;(6, 4);False;1;175
;(10, 2);MoveWest;(6, 4);False;1;176
;(10, 2);MoveWest;(6, 4);False;1;177
;(10, 2);MoveWest;(5, 4);False;1;178
MoveEast;(11, 2);MoveWest;(5, 4);False;1;179
;(11, 2);MoveWest;(5, 4);False;1;180
;(11, 2);MoveWest;(5, 4);False;1;181
;(11, 2);MoveWest;(5, 4);False;1;182
;(11, 2);MoveWest;(5, 4);False;1;183
;(11, 2);MoveWest;(5, 4);False;1;184
;(11, 2);MoveWest;(5, 4);False;1;185
;(11, 2);MoveWest;(5, 4);False;1;186
MoveWest;(10, 2);MoveWest;(5, 4);False;1;187
;(10, 2);MoveWest;(5, 4);False;1;188
;(10, 2);MoveWest;(4, 4);False;1;189
;(10, 2);;(4, 4);False;1;190
;(10, 2);MoveEast;(4, 4);False;1;191
;(10, 2);MoveEast;(4, 4);False;1;192
;(10, 2);MoveEast;(4, 4);False;1;193
;(10, 2);MoveEast;(4, 4);False;1;194
;(10, 2);MoveEast;(4, 4);False;1;195
;(10, 2);MoveEast;(4, 4);False;1;196
;(10, 2);MoveEast;(4, 4);False;1;197
;(10, 2);MoveEast;(4, 4);False;1;198
;(10, 2);MoveEast;(4, 4);False;1;199
;(10, 2);MoveEast;(4, 4);False;1;200
;(10, 2);MoveEast;(5, 4);False;1;201
;(10, 2);MoveEast;(5, 4);False;1;202
;(10, 2);MoveEast;(5, 4);False;1;203
;(10, 2);MoveEast;(5, 4);False;1;204
;(10, 2);MoveEast;(5, 4);False;1;205
;(10, 2);MoveEast;(5, 4);False;1;206
;(10, 2);MoveEast;(5, 4);False;1;207
;(10, 2);MoveEast;(5, 4);False;1;208
;(10, 2);MoveEast;(5, 4);False;1;209
;(10, 2);MoveEast;(5, 4);False;1;210
;(10, 2);MoveEast;(5, 4);False;1;211
;(10, 2);MoveEast;(6, 4);False;1;212
;(10, 2);MoveNorthEast;(6, 4);False;1;213
;(10, 2);MoveNorthEast;(6, 4);False;1;214
;(10, 2);MoveNorthEast;(6, 4);False;1;215
;(10, 2);MoveNorthEast;(6, 4);False;1;216
;(10, 2);MoveNorthEast;(6, 4);False;1;217
;(10, 2);MoveNorthEast;(6, 4);False;1;218
;(10, 2);MoveNorthEast;(6, 4);False;1;219
;(10, 2);MoveNorthEast;(6, 4);False;1;220
;(10, 2);MoveNorthEast;(6, 4);False;1;221
;(10, 2);MoveNorthEast;(6, 4);False;1;222
;(10, 2);MoveNorthEast;(7, 3);False;1;223
;(10, 2);MoveEast;(7, 3);False;1;224
;(10, 2);MoveEast;(7, 3);False;1;225
;(10, 2);MoveEast;(7, 3);False;1;226
;(10, 2);MoveEast;(7, 3);False;1;227
;(10, 2);MoveEast;(7, 3);False;1;228
;(10, 2);MoveEast;(7, 3);False;1;229
;(10, 2);MoveEast;(7, 3);False;1;230
;(10, 2);MoveEast;(7, 3);False;1;231
;(10, 2);MoveEast;(7, 3);False;1;232
;(10, 2);MoveEast;(7, 3);False;1;233
;(10, 2);MoveEast;(8, 3);False;1;234
;(10, 2);MoveNorthEast;(8, 3);False;1;235
;(10, 2);MoveNorthEast;(8, 3);False;1;236
;(10, 2);MoveNorthEast;(8, 3);False;1;237
;(10, 2);MoveNorthEast;(8, 3);False;1;238
;(10, 2);MoveNorthEast;(8, 3);False;1;239
;(10, 2);MoveNorthEast;(8, 3);False;1;240
;(10, 2);MoveNorthEast;(8, 3);False;1;241
;(10, 2);MoveNorthEast;(8, 3);False;1;242
;(10, 2);MoveNorthEast;(8, 3);False;1;243
;(10, 2);MoveNorthEast;(8, 3);False;1;244
;(10, 2);MoveNorthEast;(9, 2);False;1;245
;(10, 2);MoveEast;(9, 2);False;1;246
;(10, 2);MoveEast;(9, 2);False;1;247
;(10, 2);MoveEast;(9, 2);False;1;248
;(10, 2);MoveEast;(9, 2);False;1;249
;(10, 2);MoveEast;(9, 2);False;1;250
;(10, 2);MoveEast;(9, 2);False;1;251
;(10, 2);MoveEast;(9, 2);False;1;252
;(10, 2);MoveEast;(9, 2);False;1;253
;(10, 2);MoveEast;(9, 2);False;1;254
;(10, 2);MoveEast;(9, 2);False;1;255
;(10, 2);MoveEast;(10, 2);False;1;256
;(10, 2);Idle;(10, 2);False;1;257
;(10, 2);Idle;(10, 2);False;1;258
;(10, 2);Idle;(10, 2);False;1;259
;(10, 2);Idle;(10, 2);False;1;260
;(10, 2);Idle;(10, 2);False;1;261
;(10, 2);Idle;(10, 2);False;1;262
;(10, 2);Idle;(10, 2);False;1;263
;(10, 2);Idle;(10, 2);False;1;264
;(10, 2);Idle;(10, 2);False;1;265
;(10, 2);Idle;(10, 2);False;1;266
;(10, 2);Idle;(10, 2);False;1;267
;(10, 2);Idle;(10, 2);False;1;268
;(10, 2);Idle;(10, 2);False;1;269
;(10, 2);Idle;(10, 2);False;1;270
;(10, 2);Idle;(10, 2);False;1;271
;(10, 2);Idle;(10, 2);False;1;272
;(10, 2);Idle;(10, 2);False;1;273
;(10, 2);Idle;(10, 2);False;1;274
;(10, 2);Idle;(10, 2);False;1;275
;(10, 2);Idle;(10, 2);False;1;276
;(10, 2);Idle;(10, 2);False;1;277
;(10, 2);Idle;(10, 2);False;1;278
;(10, 2);Idle;(10, 2);False;1;279
;(10, 2);Idle;(10, 2);False;1;280
;(10, 2);Idle;(10, 2);False;1;281
;(10, 2);Idle;(10, 2);False;1;282
;(10, 2);Idle;(10, 2);False;1;283
;(10, 2);Idle;(10, 2);False;1;284
;(10, 2);Idle;(10, 2);False;1;285
;(10, 2);Idle;(10, 2);False;1;286
;(10, 2);Idle;(10, 2);False;1;287
;(10, 2);Idle;(10, 2);False;1;288
;(10, 2);Idle;(10, 2);False;1;289
;(10, 2);Idle;(10, 2);False;1;290
;(10, 2);Idle;(10, 2);False;1;291
;(10, 2);Idle;(10, 2);False;1;292
;(10, 2);Idle;(10, 2);False;1;293
;(10, 2);Idle;(10, 2);False;1;294
;(10, 2);Idle;(10, 2);False;1;295
;(10, 2);Idle;(10, 2);False;1;296
;(10, 2);Idle;(10, 2);False;1;297
;(10, 2);Idle;(10, 2);False;1;298
;(10, 2);Idle;(10, 2);False;1;299
;(10, 2);Idle;(10, 2);False;1;300
;(10, 2);Idle;(10, 2);False;1;301
;(10, 2);Idle;(10, 2);False;1;302
;(10, 2);Idle;(10, 2);False;1;303
;(10, 2);Idle;(10, 2);False;1;304
;(10, 2);Idle;(10, 2);False;1;305
MoveSouth;(10, 3);Idle;(10, 2);False;1;306
;(10, 3);Idle;(10, 2);False;1;307
;(10, 3);Idle;(10, 2);False;1;308
;(10, 3);Idle;(10, 2);False;1;309
;(10, 3);Idle;(10, 2);False;1;310
;(10, 3);Idle;(10, 2);False;1;311
;(10, 3);;(10, 2);False;1;312
;(10, 3);Idle;(10, 2);False;1;313
;(10, 3);Idle;(10, 2);False;1;314
;(10, 3);Idle;(10, 2);False;1;315
;(10, 3);Idle;(10, 2);False;1;316
;(10, 3);Idle;(10, 2);False;1;317
;(10, 3);Idle;(10, 2);False;1;318
;(10, 3);Idle;(10, 2);False;1;319
;(10, 3);Idle;(10, 2);False;1;320
;(10, 3);Idle;(10, 2);False;1;321
;(10, 3);Idle;(10, 2);False;1;322
MoveWest;(9, 3);Idle;(10, 2);False;1;323
;(9, 3);Idle;(10, 2);False;1;324
;(9, 3);Idle;(10, 2);False;1;325
;(9, 3);Idle;(10, 2);False;1;326
;(9, 3);Idle;(10, 2);False;1;327
;(9, 3);Idle;(10, 2);False;1;328
;(9, 3);Idle;(10, 2);False;1;329
;(9, 3);Idle;(10, 2);False;1;330
;(9, 3);Idle;(10, 2);False;1;331
MoveNorth;(9, 2);Idle;(10, 2);False;1;332
;(9, 2);Idle;(10, 2);False;1;333
;(9, 2);Idle;(10, 2);False;1;334
;(9, 2);Idle;(10, 2);False;1;335
;(9, 2);Idle;(10, 2);False;1;336
;(9, 2);Idle;(10, 2);False;1;337
;(9, 2);Idle;(10, 2);False;1;338
;(9, 2);Idle;(10, 2);False;1;339
;(9, 2);Idle;(10, 2);False;1;340
;(9, 2);Idle;(10, 2);False;1;341
;(9, 2);Idle;(10, 2);False;1;342
;(9, 2);Idle;(10, 2);False;1;343
;(9, 2);Idle;(10, 2);False;1;344
;(9, 2);Idle;(10, 2);False;1;345
;(9, 2);Idle;(10, 2);False;1;346
;(9, 2);Idle;(10, 2);False;1;347
;(9, 2);Idle;(10, 2);False;1;348
;(9, 2);Idle;(10, 2);False;1;349
;(9, 2);Idle;(10, 2);False;1;350
;(9, 2);Idle;(10, 2);False;1;351
MoveSouth;(9, 3);Idle;(10, 2);False;1;352
;(9, 3);Idle;(10, 2);False;1;353
;(9, 3);Idle;(10, 2);False;1;354
;(9, 3);Idle;(10, 2);False;1;355
;(9, 3);Idle;(10, 2);False;1;356
MoveSouth;(9, 4);Idle;(10, 2);False;1;357
;(9, 4);Idle;(10, 2);False;1;358
;(9, 4);Idle;(10, 2);False;1;359
;(9, 4);Idle;(10, 2);False;1;360
MoveWest;(8, 4);Idle;(10, 2);False;1;361
;(8, 4);Idle;(10, 2);False;1;362
;(8, 4);Idle;(10, 2);False;1;363
;(8, 4);Idle;(10, 2);False;1;364
;(8, 4);Idle;(10, 2);False;1;365
;(8, 4);Idle;(10, 2);False;1;366
;(8, 4);Idle;(10, 2);False;1;367
;(8, 4);;(10, 2);False;1;368
;(8, 4);Idle;(10, 2);False;1;369
;(8, 4);Idle;(10, 2);False;1;370
;(8, 4);Idle;(10, 2);False;1;371
;(8, 4);Idle;(10, 2);False;1;372
;(8, 4);Idle;(10, 2);False;1;373
;(8, 4);Idle;(10, 2);False;1;374
;(8, 4);Idle;(10, 2);False;1;375
;(8, 4);Idle;(10, 2);False;1;376
;(8, 4);Idle;(10, 2);False;1;377
;(8, 4);Idle;(10, 2);False;1;378
;(8, 4);Idle;(10, 2);False;1;379
GrabObject;(8, 4);Idle;(10, 2);False;1;380
;(8, 4);Idle;(10, 2);False;1;381
;(8, 4);Idle;(10, 2);False;1;382
MoveWest;(7, 4);Idle;(10, 2);False;1;383
;(7, 4);Idle;(10, 2);False;1;384
;(7, 4);Idle;(10, 2);False;1;385
;(7, 4);Idle;(10, 2);False;1;386
MoveWest;(6, 4);Idle;(10, 2);False;1;387
;(6, 4);Idle;(10, 2);False;1;388
;(6, 4);Idle;(10, 2);False;1;389
MoveWest;(5, 4);Idle;(10, 2);False;1;390
;(5, 4);Idle;(10, 2);False;1;391
;(5, 4);Idle;(10, 2);False;1;392
MoveWest;(4, 4);Idle;(10, 2);False;1;393
;(4, 4);Idle;(10, 2);False;1;394
;(4, 4);Idle;(10, 2);False;1;395
;(4, 4);Idle;(10, 2);False;1;396
MoveWest;(3, 4);Idle;(10, 2);False;1;397
;(3, 4);Idle;(10, 2);False;1;398
;(3, 4);Idle;(10, 2);False;1;399
MoveWest;(2, 4);Idle;(10, 2);False;1;400
;(2, 4);Idle;(10, 2);False;1;401
;(2, 4);Idle;(10, 2);False;1;402
;(2, 4);Idle;(10, 2);False;1;403
MoveWest;(1, 4);Idle;(10, 2);False;1;404
;(1, 4);Idle;(10, 2);False;1;405
;(1, 4);Idle;(10, 2);False;1;406
;(1, 4);Idle;(10, 2);False;1;407
;(1, 4);Idle;(10, 2);False;1;408
;(1, 4);Idle;(10, 2);False;1;409
;(1, 4);Idle;(10, 2);False;1;410
;(1, 4);Idle;(10, 2);False;1;411
;(1, 4);Idle;(10, 2);False;1;412
;(1, 4);Idle;(10, 2);False;1;413
;(1, 4);Idle;(10, 2);False;1;414
;(1, 4);Idle;(10, 2);False;1;415
;(1, 4);Idle;(10, 2);False;1;416
DropObject;(1, 4);Idle;(10, 2);False;1;417
;(1, 4);Idle;(10, 2);False;1;418
;(1, 4);Idle;(10, 2);False;1;419
;(1, 4);Idle;(10, 2);False;1;420
;(1, 4);Idle;(10, 2);False;1;421
MoveEast;(2, 4);Idle;(10, 2);False;1;422
;(2, 4);Idle;(10, 2);False;1;423
;(2, 4);;(10, 2);False;1;424
;(2, 4);Idle;(10, 2);False;1;425
MoveEast;(3, 4);Idle;(10, 2);False;1;426
;(3, 4);Idle;(10, 2);False;1;427
;(3, 4);Idle;(10, 2);False;1;428
MoveEast;(4, 4);Idle;(10, 2);False;1;429
;(4, 4);Idle;(10, 2);False;1;430
;(4, 4);Idle;(10, 2);False;1;431
;(4, 4);Idle;(10, 2);False;1;432
;(4, 4);Idle;(10, 2);False;1;433
;(4, 4);Idle;(10, 2);False;1;434
MoveSouth;(4, 5);Idle;(10, 2);False;1;435
;(4, 5);Idle;(10, 2);False;1;436
;(4, 5);Idle;(10, 2);False;1;437
;(4, 5);Idle;(10, 2);False;1;438
;(4, 5);Idle;(10, 2);False;1;439
MoveEast;(5, 5);Idle;(10, 2);False;1;440
MoveSouth;(5, 6);Idle;(10, 2);False;1;441
;(5, 6);Idle;(10, 2);False;1;442
;(5, 6);Idle;(10, 2);False;1;443
MoveEast;(6, 6);Idle;(10, 2);False;1;444
;(6, 6);Idle;(10, 2);False;1;445
;(6, 6);Idle;(10, 2);False;1;446
;(6, 6);Idle;(10, 2);False;1;447
MoveEast;(7, 6);Idle;(10, 2);False;1;448
;(7, 6);Idle;(10, 2);False;1;449
;(7, 6);Idle;(10, 2);False;1;450
;(7, 6);Idle;(10, 2);False;1;451
;(7, 6);Idle;(10, 2);False;1;452
MoveEast;(8, 6);Idle;(10, 2);False;1;453
;(8, 6);Idle;(10, 2);False;1;454
;(8, 6);Idle;(10, 2);False;1;455
MoveNorth;(8, 5);Idle;(10, 2);False;1;456
;(8, 5);Idle;(10, 2);False;1;457
;(8, 5);Idle;(10, 2);False;1;458
;(8, 5);Idle;(10, 2);False;1;459
;(8, 5);Idle;(10, 2);False;1;460
;(8, 5);Idle;(10, 2);False;1;461
;(8, 5);Idle;(10, 2);False;1;462
;(8, 5);Idle;(10, 2);False;1;463
;(8, 5);Idle;(10, 2);False;1;464
;(8, 5);Idle;(10, 2);False;1;465
;(8, 5);Idle;(10, 2);False;1;466
;(8, 5);Idle;(10, 2);False;1;467
;(8, 5);Idle;(10, 2);False;1;468
;(8, 5);Idle;(10, 2);False;1;469
;(8, 5);Idle;(10, 2);False;1;470
;(8, 5);Idle;(10, 2);False;1;471
;(8, 5);Idle;(10, 2);False;1;472
;(8, 5);Idle;(10, 2);False;1;473
GrabObject;(8, 5);Idle;(10, 2);False;1;474
;(8, 5);Idle;(10, 2);False;1;475
;(8, 5);Idle;(10, 2);False;1;476
;(8, 5);Idle;(10, 2);False;1;477
;(8, 5);Idle;(10, 2);False;1;478
;(8, 5);Idle;(10, 2);False;1;479
MoveWest;(7, 5);;(10, 2);False;1;480
;(7, 5);Idle;(10, 2);False;1;481
;(7, 5);Idle;(10, 2);False;1;482
;(7, 5);Idle;(10, 2);False;1;483
MoveWest;(6, 5);Idle;(10, 2);False;1;484
;(6, 5);Idle;(10, 2);False;1;485
;(6, 5);Idle;(10, 2);False;1;486
MoveWest;(5, 5);Idle;(10, 2);False;1;487
;(5, 5);Idle;(10, 2);False;1;488
;(5, 5);Idle;(10, 2);False;1;489
;(5, 5);Idle;(10, 2);False;1;490
MoveWest;(4, 5);Idle;(10, 2);False;1;491
;(4, 5);Idle;(10, 2);False;1;492
;(4, 5);Idle;(10, 2);False;1;493
MoveWest;(3, 5);Idle;(10, 2);False;1;494
;(3, 5);Idle;(10, 2);False;1;495
;(3, 5);Idle;(10, 2);False;1;496
;(3, 5);Idle;(10, 2);False;1;497
MoveWest;(2, 5);Idle;(10, 2);False;1;498
;(2, 5);Idle;(10, 2);False;1;499
;(2, 5);Idle;(10, 2);False;1;500
MoveWest;(1, 5);Idle;(10, 2);False;1;501
;(1, 5);Idle;(10, 2);False;1;502
;(1, 5);Idle;(10, 2);False;1;503
MoveWest;(0, 5);Idle;(10, 2);False;1;504
;(0, 5);Idle;(10, 2);False;1;505
;(0, 5);Idle;(10, 2);False;1;506
;(0, 5);Idle;(10, 2);False;1;507
DropObject;(0, 5);Idle;(10, 2);False;1;508
;(0, 5);Idle;(10, 2);False;1;509
MoveEast;(1, 5);Idle;(10, 2);False;1;510
;(1, 5);Idle;(10, 2);False;1;511
;(1, 5);Idle;(10, 2);False;1;512
;(1, 5);Idle;(10, 2);False;1;513
MoveEast;(2, 5);Idle;(10, 2);False;1;514
;(2, 5);Idle;(10, 2);False;1;515
;(2, 5);Idle;(10, 2);False;1;516
;(2, 5);Idle;(10, 2);False;1;517
MoveEast;(3, 5);Idle;(10, 2);False;1;518
;(3, 5);Idle;(10, 2);False;1;519
MoveEast;(4, 5);Idle;(10, 2);False;1;520
;(4, 5);Idle;(10, 2);False;1;521
;(4, 5);Idle;(10, 2);False;1;522
MoveEast;(5, 5);Idle;(10, 2);False;1;523
;(5, 5);Idle;(10, 2);False;1;524
;(5, 5);Idle;(10, 2);False;1;525
;(5, 5);Idle;(10, 2);False;1;526
MoveEast;(6, 5);Idle;(10, 2);False;1;527
;(6, 5);Idle;(10, 2);False;1;528
;(6, 5);Idle;(10, 2);False;1;529
MoveEast;(7, 5);Idle;(10, 2);False;1;530
;(7, 5);Idle;(10, 2);False;1;531
;(7, 5);Idle;(10, 2);False;1;532
;(7, 5);Idle;(10, 2);False;1;533
;(7, 5);Idle;(10, 2);False;1;534
;(7, 5);Idle;(10, 2);False;1;535
;(7, 5);;(10, 2);False;1;536
;(7, 5);Idle;(10, 2);False;1;537
;(7, 5);Idle;(10, 2);False;1;538
;(7, 5);Idle;(10, 2);False;1;539
;(7, 5);Idle;(10, 2);False;1;540
;(7, 5);Idle;(10, 2);False;1;541
;(7, 5);Idle;(10, 2);False;1;542
;(7, 5);Idle;(10, 2);False;1;543
;(7, 5);Idle;(10, 2);False;1;544
;(7, 5);Idle;(10, 2);False;1;545
;(7, 5);Idle;(10, 2);False;1;546
GrabObject;(7, 5);Idle;(10, 2);False;1;547
;(7, 5);Idle;(10, 2);False;1;548
;(7, 5);Idle;(10, 2);False;1;549
MoveWest;(6, 5);Idle;(10, 2);False;1;550
;(6, 5);Idle;(10, 2);False;1;551
;(6, 5);Idle;(10, 2);False;1;552
MoveWest;(5, 5);Idle;(10, 2);False;1;553
;(5, 5);Idle;(10, 2);False;1;554
;(5, 5);Idle;(10, 2);False;1;555
;(5, 5);Idle;(10, 2);False;1;556
MoveWest;(4, 5);Idle;(10, 2);False;1;557
;(4, 5);Idle;(10, 2);False;1;558
;(4, 5);Idle;(10, 2);False;1;559
MoveWest;(3, 5);Idle;(10, 2);False;1;560
;(3, 5);Idle;(10, 2);False;1;561
;(3, 5);Idle;(10, 2);False;1;562
;(3, 5);Idle;(10, 2);False;1;563
MoveWest;(2, 5);Idle;(10, 2);False;1;564
;(2, 5);Idle;(10, 2);False;1;565
;(2, 5);Idle;(10, 2);False;1;566
MoveWest;(1, 5);Idle;(10, 2);False;1;567
;(1, 5);Idle;(10, 2);False;1;568
;(1, 5);Idle;(10, 2);False;1;569
;(1, 5);Idle;(10, 2);False;1;570
MoveWest;(0, 5);Idle;(10, 2);False;1;571
;(0, 5);Idle;(10, 2);False;1;572
;(0, 5);Idle;(10, 2);False;1;573
;(0, 5);Idle;(10, 2);False;1;574
;(0, 5);Idle;(10, 2);False;1;575
DropObject;(0, 5);Idle;(10, 2);False;1;576
;(0, 5);Idle;(10, 2);False;1;577
;(0, 5);Idle;(10, 2);False;1;578
;(0, 5);Idle;(10, 2);False;1;579
MoveEast;(1, 5);Idle;(10, 2);False;1;580
;(1, 5);Idle;(10, 2);False;1;581
;(1, 5);Idle;(10, 2);False;1;582
;(1, 5);Idle;(10, 2);False;1;583
MoveEast;(2, 5);Idle;(10, 2);False;1;584
;(2, 5);Idle;(10, 2);False;1;585
;(2, 5);Idle;(10, 2);False;1;586
;(2, 5);Idle;(10, 2);False;1;587
MoveNorth;(2, 4);Idle;(10, 2);False;1;588
;(2, 4);Idle;(10, 2);False;1;589
;(2, 4);Idle;(10, 2);False;1;590
;(2, 4);Idle;(10, 2);False;1;591
;(2, 4);;(10, 2);False;1;592
MoveNorth;(2, 3);Idle;(10, 2);False;1;593
;(2, 3);Idle;(10, 2);False;1;594
;(2, 3);Idle;(10, 2);False;1;595
;(2, 3);Idle;(10, 2);False;1;596
MoveEast;(3, 3);Idle;(10, 2);False;1;597
;(3, 3);Idle;(10, 2);False;1;598
;(3, 3);Idle;(10, 2);False;1;599
;(3, 3);Idle;(10, 2);False;1;600
MoveEast;(4, 3);Idle;(10, 2);False;1;601
;(4, 3);Idle;(10, 2);False;1;602
MoveNorth;(4, 2);Idle;(10, 2);False;1;603
;(4, 2);Idle;(10, 2);False;1;604
;(4, 2);Idle;(10, 2);False;1;605
;(4, 2);Idle;(10, 2);False;1;606
;(4, 2);Idle;(10, 2);False;1;607
MoveEast;(5, 2);Idle;(10, 2);False;1;608
;(5, 2);Idle;(10, 2);False;1;609
;(5, 2);Idle;(10, 2);False;1;610
;(5, 2);Idle;(10, 2);False;1;611
MoveEast;(6, 2);Idle;(10, 2);False;1;612
;(6, 2);Idle;(10, 2);False;1;613
;(6, 2);Idle;(10, 2);False;1;614
;(6, 2);Idle;(10, 2);False;1;615
MoveEast;(7, 2);Idle;(10, 2);False;1;616
;(7, 2);Idle;(10, 2);False;1;617
;(7, 2);Idle;(10, 2);False;1;618
;(7, 2);Idle;(10, 2);False;1;619
;(7, 2);Idle;(10, 2);False;1;620
MoveEast;(8, 2);Idle;(10, 2);False;1;621
;(8, 2);Idle;(10, 2);False;1;622
;(8, 2);Idle;(10, 2);False;1;623
MoveEast;(9, 2);Idle;(10, 2);False;1;624
;(9, 2);Idle;(10, 2);False;1;625
;(9, 2);Idle;(10, 2);False;1;626
;(9, 2);Idle;(10, 2);False;1;627
MoveEast;(10, 2);Idle;(10, 2);False;1;628
;(10, 2);Idle;(10, 2);False;1;629
;(10, 2);Idle;(10, 2);False;1;630
;(10, 2);Idle;(10, 2);False;1;631
;(10, 2);Idle;(10, 2);False;1;632
;(10, 2);Idle;(10, 2);False;1;633
;(10, 2);Idle;(10, 2);False;1;634
;(10, 2);Idle;(10, 2);False;1;635
;(10, 2);Idle;(10, 2);False;1;636
;(10, 2);Idle;(10, 2);False;1;637
;(10, 2);Idle;(10, 2);False;1;638
MoveWest;(9, 2);Idle;(10, 2);False;1;639
;(9, 2);Idle;(10, 2);False;1;640
;(9, 2);Idle;(10, 2);False;1;641
;(9, 2);Idle;(10, 2);False;1;642
;(9, 2);Idle;(10, 2);False;1;643
;(9, 2);Idle;(10, 2);False;1;644
;(9, 2);Idle;(10, 2);False;1;645
;(9, 2);Idle;(10, 2);False;1;646
;(9, 2);Idle;(10, 2);False;1;647
;(9, 2);;(10, 2);False;1;648
;(9, 2);Idle;(10, 2);False;1;649
MoveEast;(10, 2);Idle;(10, 2);False;1;650
;(10, 2);Idle;(10, 2);False;1;651
;(10, 2);Idle;(10, 2);False;1;652
;(10, 2);Idle;(10, 2);False;1;653
;(10, 2);Idle;(10, 2);False;1;654
;(10, 2);Idle;(10, 2);False;1;655
;(10, 2);Idle;(10, 2);False;1;656
;(10, 2);Idle;(10, 2);False;1;657
;(10, 2);Idle;(10, 2);False;1;658
;(10, 2);Idle;(10, 2);False;1;659
;(10, 2);Idle;(10, 2);False;1;660
;(10, 2);Idle;(10, 2);False;1;661
;(10, 2);Idle;(10, 2);False;1;662
;(10, 2);Idle;(10, 2);False;1;663
;(10, 2);Idle;(10, 2);False;1;664
;(10, 2);Idle;(10, 2);False;1;665
;(10, 2);Idle;(10, 2);False;1;666
;(10, 2);Idle;(10, 2);False;1;667
;(10, 2);Idle;(10, 2);False;1;668
;(10, 2);Idle;(10, 2);False;1;669
;(10, 2);Idle;(10, 2);False;1;670
;(10, 2);Idle;(10, 2);False;1;671
;(10, 2);Idle;(10, 2);False;1;672
;(10, 2);Idle;(10, 2);False;1;673
;(10, 2);Idle;(10, 2);False;1;674
;(10, 2);Idle;(10, 2);False;1;675
;(10, 2);Idle;(10, 2);False;1;676
;(10, 2);Idle;(10, 2);False;1;677
;(10, 2);Idle;(10, 2);False;1;678
;(10, 2);Idle;(10, 2);False;1;679
;(10, 2);Idle;(10, 2);False;1;680
;(10, 2);Idle;(10, 2);False;1;681
;(10, 2);Idle;(10, 2);False;1;682
;(10, 2);Idle;(10, 2);False;1;683
;(10, 2);Idle;(10, 2);False;1;684
;(10, 2);Idle;(10, 2);False;1;685
;(10, 2);Idle;(10, 2);False;1;686
;(10, 2);Idle;(10, 2);False;1;687
;(10, 2);Idle;(10, 2);False;1;688
;(10, 2);Idle;(10, 2);False;1;689
;(10, 2);Idle;(10, 2);False;1;690
;(10, 2);Idle;(10, 2);False;1;691
;(10, 2);Idle;(10, 2);False;1;692
;(10, 2);Idle;(10, 2);False;1;693
;(10, 2);Idle;(10, 2);False;1;694
;(10, 2);Idle;(10, 2);False;1;695
;(10, 2);Idle;(10, 2);False;1;696
;(10, 2);Idle;(10, 2);False;1;697
;(10, 2);Idle;(10, 2);False;1;698
;(10, 2);Idle;(10, 2);False;1;699
;(10, 2);Idle;(10, 2);False;1;700
;(10, 2);Idle;(10, 2);False;1;701
;(10, 2);Idle;(10, 2);False;1;702
;(10, 2);Idle;(10, 2);False;1;703
;(10, 2);;(10, 2);False;1;704
;(10, 2);MoveEast;(10, 2);False;1;705
;(10, 2);MoveEast;(10, 2);False;1;706
;(10, 2);MoveEast;(10, 2);False;1;707
;(10, 2);MoveEast;(10, 2);False;1;708
;(10, 2);MoveEast;(10, 2);False;1;709
;(10, 2);MoveEast;(10, 2);False;1;710
;(10, 2);MoveEast;(10, 2);False;1;711
;(10, 2);MoveEast;(10, 2);False;1;712
;(10, 2);MoveEast;(10, 2);False;1;713
;(10, 2);MoveEast;(10, 2);False;1;714
;(10, 2);MoveEast;(11, 2);False;1;715
;(10, 2);MoveEast;(11, 2);False;1;716
;(10, 2);MoveEast;(11, 2);False;1;717
;(10, 2);MoveEast;(11, 2);False;1;718
;(10, 2);MoveEast;(11, 2);False;1;719
;(10, 2);MoveEast;(11, 2);False;1;720
;(10, 2);MoveEast;(11, 2);False;1;721
;(10, 2);MoveEast;(11, 2);False;1;722
;(10, 2);MoveEast;(11, 2);False;1;723
;(10, 2);MoveEast;(11, 2);False;1;724
;(10, 2);MoveEast;(11, 2);False;1;725
;(10, 2);MoveEast;(12, 2);False;1;726
;(10, 2);MoveWest;(12, 2);False;1;727
;(10, 2);MoveWest;(12, 2);False;1;728
;(10, 2);MoveWest;(12, 2);False;1;729
;(10, 2);MoveWest;(12, 2);False;1;730
;(10, 2);MoveWest;(12, 2);False;1;731
;(10, 2);MoveWest;(12, 2);False;1;732
;(10, 2);MoveWest;(12, 2);False;1;733
;(10, 2);MoveWest;(12, 2);False;1;734
;(10, 2);MoveWest;(12, 2);False;1;735
;(10, 2);MoveWest;(12, 2);False;1;736
;(10, 2);MoveWest;(11, 2);False;1;737
;(10, 2);MoveWest;(11, 2);False;1;738
;(10, 2);MoveWest;(11, 2);False;1;739
;(10, 2);MoveWest;(11, 2);False;1;740
;(10, 2);MoveWest;(11, 2);False;1;741
;(10, 2);MoveWest;(11, 2);False;1;742
;(10, 2);MoveWest;(11, 2);False;1;743
;(10, 2);MoveWest;(11, 2);False;1;744
;(10, 2);MoveWest;(11, 2);False;1;745
;(10, 2);MoveWest;(11, 2);False;1;746
;(10, 2);MoveWest;(11, 2);False;1;747
;(10, 2);MoveWest;(10, 2);False;1;748
;(10, 2);MoveEast;(10, 2);False;1;749
;(10, 2);MoveEast;(10, 2);False;1;750
;(10, 2);MoveEast;(10, 2);False;1;751
;(10, 2);MoveEast;(10, 2);False;1;752
;(10, 2);MoveEast;(10, 2);False;1;753
;(10, 2);MoveEast;(10, 2);False;1;754
;(10, 2);MoveEast;(10, 2);False;1;755
;(10, 2);MoveEast;(10, 2);False;1;756
;(10, 2);MoveEast;(10, 2);False;1;757
;(10, 2);MoveEast;(10, 2);False;1;758
;(10, 2);MoveEast;(11, 2);False;1;759
;(10, 2);MoveEast;(11, 2);False;1;760
;(10, 2);MoveEast;(11, 2);False;1;761
;(10, 2);MoveEast;(11, 2);False;1;762
;(10, 2);MoveEast;(11, 2);False;1;763
;(10, 2);MoveEast;(11, 2);False;1;764
;(10, 2);MoveEast;(11, 2);False;1;765
;(10, 2);MoveEast;(11, 2);False;1;766
;(10, 2);MoveEast;(11, 2);False;1;767
;(10, 2);MoveEast;(11, 2);False;1;768
;(10, 2);MoveEast;(11, 2);False;1;769
;(10, 2);MoveEast;(12, 2);False;1;770
;(10, 2);MoveWest;(12, 2);False;1;771
;(10, 2);MoveWest;(12, 2);False;1;772
;(10, 2);MoveWest;(12, 2);False;1;773
;(10, 2);MoveWest;(12, 2);False;1;774
;(10, 2);MoveWest;(12, 2);False;1;775
;(10, 2);MoveWest;(12, 2);False;1;776
;(10, 2);MoveWest;(12, 2);False;1;777
;(10, 2);MoveWest;(12, 2);False;1;778
;(10, 2);MoveWest;(12, 2);False;1;779
;(10, 2);MoveWest;(12, 2);False;1;780
;(10, 2);MoveWest;(11, 2);False;1;781
;(10, 2);MoveWest;(11, 2);False;1;782
;(10, 2);MoveWest;(11, 2);False;1;783
;(10, 2);MoveWest;(11, 2);False;1;784
;(10, 2);MoveWest;(11, 2);False;1;785
;(10, 2);MoveWest;(11, 2);False;1;786
;(10, 2);MoveWest;(11, 2);False;1;787
;(10, 2);MoveWest;(11, 2);False;1;788
;(10, 2);MoveWest;(11, 2);False;1;789
;(10, 2);MoveWest;(11, 2);False;1;790
;(10, 2);MoveWest;(11, 2);False;1;791
;(10, 2);MoveWest;(10, 2);False;1;792
;(10, 2);MoveEast;(10, 2);False;1;793
;(10, 2);MoveEast;(10, 2);False;1;794
;(10, 2);MoveEast;(10, 2);False;1;795
;(10, 2);MoveEast;(10, 2);False;1;796
;(10, 2);MoveEast;(10, 2);False;1;797
;(10, 2);MoveEast;(10, 2);False;1;798
;(10, 2);MoveEast;(10, 2);False;1;799
;(10, 2);MoveEast;(10, 2);False;1;800
;(10, 2);MoveEast;(10, 2);False;1;801
;(10, 2);MoveEast;(10, 2);False;1;802
;(10, 2);MoveEast;(11, 2);False;1;803
;(10, 2);MoveEast;(11, 2);False;1;804
;(10, 2);MoveEast;(11, 2);False;1;805
;(10, 2);MoveEast;(11, 2);False;1;806
;(10, 2);MoveEast;(11, 2);False;1;807
;(10, 2);MoveEast;(11, 2);False;1;808
;(10, 2);MoveEast;(11, 2);False;1;809
;(10, 2);MoveEast;(11, 2);False;1;810
;(10, 2);MoveEast;(11, 2);False;1;811
;(10, 2);MoveEast;(11, 2);False;1;812
;(10, 2);MoveEast;(11, 2);False;1;813
;(10, 2);MoveEast;(12, 2);False;1;814
;(10, 2);;(12, 2);False;1;815
;(10, 2);MoveWest;(12, 2);False;1;816
;(10, 2);MoveWest;(12, 2);False;1;817
;(10, 2);MoveWest;(12, 2);False;1;818
;(10, 2);MoveWest;(12, 2);False;1;819
;(10, 2);MoveWest;(12, 2);False;1;820
;(10, 2);MoveWest;(12, 2);False;1;821
;(10, 2);MoveWest;(12, 2);False;1;822
;(10, 2);MoveWest;(12, 2);False;1;823
;(10, 2);MoveWest;(12, 2);False;1;824
;(10, 2);MoveWest;(12, 2);False;1;825
;(10, 2);MoveWest;(11, 2);False;1;826
;(10, 2);MoveWest;(11, 2);False;1;827
;(10, 2);MoveWest;(11, 2);False;1;828
;(10, 2);MoveWest;(11, 2);False;1;829
;(10, 2);MoveWest;(11, 2);False;1;830
;(10, 2);MoveWest;(11, 2);False;1;831
;(10, 2);MoveWest;(11, 2);False;1;832
;(10, 2);MoveWest;(11, 2);False;1;833
;(10, 2);MoveWest;(11, 2);False;1;834
;(10, 2);MoveWest;(11, 2);False;1;835
;(10, 2);MoveWest;(11, 2);False;1;836
;(10, 2);MoveWest;(10, 2);False;1;837
;(10, 2);MoveSouthWest;(10, 2);False;1;838
;(10, 2);MoveSouthWest;(10, 2);False;1;839
;(10, 2);MoveSouthWest;(10, 2);False;1;840
;(10, 2);MoveSouthWest;(10, 2);False;1;841
;(10, 2);MoveSouthWest;(10, 2);False;1;842
;(10, 2);MoveSouthWest;(10, 2);False;1;843
;(10, 2);MoveSouthWest;(10, 2);False;1;844
;(10, 2);MoveSouthWest;(10, 2);False;1;845
;(10, 2);MoveSouthWest;(10, 2);False;1;846
;(10, 2);MoveSouthWest;(10, 2);False;1;847
;(10, 2);MoveSouthWest;(9, 3);False;1;848
;(10, 2);GrabLargeObject;(9, 3);False;1;849
;(10, 2);GrabLargeObject;(9, 3);False;1;850
;(10, 2);GrabLargeObject;(9, 3);False;1;851
;(10, 2);GrabLargeObject;(9, 3);False;1;852
;(10, 2);GrabLargeObject;(9, 3);False;1;853
;(10, 2);GrabLargeObject;(9, 3);False;1;854
;(10, 2);GrabLargeObject;(9, 3);False;1;855
;(10, 2);GrabLargeObject;(9, 3);False;1;856
;(10, 2);GrabLargeObject;(9, 3);False;1;857
;(10, 2);GrabLargeObject;(9, 3);False;1;858
;(10, 2);GrabLargeObject;(9, 3);False;1;859
;(10, 2);;(9, 3);False;1;860
;(10, 2);MoveSouth;(9, 3);False;1;861
;(10, 2);MoveSouth;(9, 3);False;1;862
;(10, 2);MoveSouth;(9, 3);False;1;863
;(10, 2);MoveSouth;(9, 3);False;1;864
;(10, 2);MoveSouth;(9, 3);False;1;865
;(10, 2);MoveSouth;(9, 3);False;1;866
;(10, 2);MoveSouth;(9, 3);False;1;867
;(10, 2);MoveSouth;(9, 3);False;1;868
;(10, 2);MoveSouth;(9, 3);False;1;869
;(10, 2);MoveSouth;(9, 3);False;1;870
;(10, 2);MoveSouth;(9, 4);False;1;871
;(10, 2);MoveSouthEast;(9, 4);False;1;872
;(10, 2);MoveSouthEast;(9, 4);False;1;873
;(10, 2);MoveSouthEast;(9, 4);False;1;874
;(10, 2);MoveSouthEast;(9, 4);False;1;875
;(10, 2);MoveSouthEast;(9, 4);False;1;876
;(10, 2);MoveSouthEast;(9, 4);False;1;877
;(10, 2);MoveSouthEast;(9, 4);False;1;878
;(10, 2);MoveSouthEast;(9, 4);False;1;879
;(10, 2);MoveSouthEast;(9, 4);False;1;880
;(10, 2);MoveSouthEast;(9, 4);False;1;881
;(10, 2);MoveSouthEast;(10, 5);False;1;882
;(10, 2);BreakObject;(10, 5);False;1;883
;(10, 2);BreakObject;(10, 5);False;1;884
;(10, 2);BreakObject;(10, 5);False;1;885
;(10, 2);BreakObject;(10, 5);False;1;886
;(10, 2);BreakObject;(10, 5);False;1;887
;(10, 2);BreakObject;(10, 5);False;1;888
;(10, 2);BreakObject;(10, 5);False;1;889
;(10, 2);BreakObject;(10, 5);False;1;890
;(10, 2);BreakObject;(10, 5);False;1;891
;(10, 2);BreakObject;(10, 5);False;1;892
;(10, 2);BreakObject;(10, 5);False;1;893
;(10, 2);;(10, 5);False;1;894
;(10, 2);MoveSouthEast;(10, 5);False;1;895
;(10, 2);MoveSouthEast;(10, 5);False;1;896
;(10, 2);MoveSouthEast;(10, 5);False;1;897
;(10, 2);MoveSouthEast;(10, 5);False;1;898
;(10, 2);MoveSouthEast;(10, 5);False;1;899
;(10, 2);MoveSouthEast;(10, 5);False;1;900
;(10, 2);MoveSouthEast;(10, 5);False;1;901
;(10, 2);MoveSouthEast;(10, 5);False;1;902
;(10, 2);MoveSouthEast;(10, 5);False;1;903
;(10, 2);MoveSouthEast;(10, 5);False;1;904
;(10, 2);MoveSouthEast;(11, 6);False;1;905
;(10, 2);BreakObject;(11, 6);False;1;906
;(10, 2);BreakObject;(11, 6);False;1;907
;(10, 2);BreakObject;(11, 6);False;1;908
;(10, 2);BreakObject;(11, 6);False;1;909
;(10, 2);BreakObject;(11, 6);False;1;910
;(10, 2);BreakObject;(11, 6);False;1;911
;(10, 2);BreakObject;(11, 6);False;1;912
;(10, 2);BreakObject;(11, 6);False;1;913
;(10, 2);BreakObject;(11, 6);False;1;914
;(10, 2);BreakObject;(11, 6);False;1;915
;(10, 2);BreakObject;(11, 6);False;1;916
;(10, 2);;(11, 6);False;1;917
;(10, 2);MoveWest;(11, 6);False;1;918
MoveSouth;(10, 3);MoveWest;(11, 6);False;1;919
;(10, 3);MoveWest;(11, 6);False;1;920
;(10, 3);MoveWest;(11, 6);False;1;921
;(10, 3);MoveWest;(11, 6);False;1;922
;(10, 3);MoveWest;(11, 6);False;1;923
MoveSouth;(10, 4);MoveWest;(11, 6);False;1;924
;(10, 4);MoveWest;(11, 6);False;1;925
;(10, 4);MoveWest;(11, 6);False;1;926
;(10, 4);MoveWest;(11, 6);False;1;927
;(10, 4);MoveWest;(10, 6);False;1;928
;(10, 4);MoveWest;(10, 6);False;1;929
;(10, 4);MoveWest;(10, 6);False;1;930
;(10, 4);MoveWest;(10, 6);False;1;931
;(10, 4);MoveWest;(10, 6);False;1;932
;(10, 4);MoveWest;(10, 6);False;1;933
;(10, 4);MoveWest;(10, 6);False;1;934
;(10, 4);MoveWest;(10, 6);False;1;935
;(10, 4);MoveWest;(10, 6);False;1;936
;(10, 4);MoveWest;(10, 6);False;1;937
;(10, 4);MoveWest;(10, 6);False;1;938
;(10, 4);MoveWest;(9, 6);False;1;939
;(10, 4);MoveWest;(9, 6);False;1;940
;(10, 4);MoveWest;(9, 6);False;1;941
;(10, 4);MoveWest;(9, 6);False;1;942
MoveSouth;(10, 5);MoveWest;(9, 6);False;1;943
;(10, 5);MoveWest;(9, 6);False;1;944
;(10, 5);MoveWest;(9, 6);False;1;945
;(10, 5);MoveWest;(9, 6);False;1;946
;(10, 5);MoveWest;(9, 6);False;1;947
;(10, 5);MoveWest;(9, 6);False;1;948
;(10, 5);MoveWest;(9, 6);False;1;949
;(10, 5);MoveWest;(8, 6);False;1;950
;(10, 5);MoveWest;(8, 6);False;1;951
MoveSouth;(10, 6);MoveWest;(8, 6);False;1;952
;(10, 6);MoveWest;(8, 6);False;1;953
;(10, 6);MoveWest;(8, 6);False;1;954
;(10, 6);MoveWest;(8, 6);False;1;955
;(10, 6);MoveWest;(8, 6);False;1;956
;(10, 6);MoveWest;(8, 6);False;1;957
;(10, 6);MoveWest;(8, 6);False;1;958
;(10, 6);MoveWest;(8, 6);False;1;959
;(10, 6);MoveWest;(8, 6);False;1;960
;(10, 6);MoveWest;(7, 6);False;1;961
;(10, 6);BreakObject;(7, 6);False;1;962
;(10, 6);BreakObject;(7, 6);False;1;963
;(10, 6);BreakObject;(7, 6);False;1;964
;(10, 6);BreakObject;(7, 6);False;1;965
;(10, 6);BreakObject;(7, 6);False;1;966
;(10, 6);BreakObject;(7, 6);False;1;967
MoveNorth;(10, 5);BreakObject;(7, 6);False;1;968
;(10, 5);BreakObject;(7, 6);False;1;969
;(10, 5);BreakObject;(7, 6);False;1;970
;(10, 5);BreakObject;(7, 6);False;1;971
;(10, 5);BreakObject;(7, 6);False;1;972
;(10, 5);;(7, 6);False;1;973
;(10, 5);Idle;(7, 6);False;1;974
;(10, 5);Idle;(7, 6);False;1;975
;(10, 5);Idle;(7, 6);False;1;976
;(10, 5);Idle;(7, 6);False;1;977
;(10, 5);Idle;(7, 6);False;1;978
;(10, 5);Idle;(7, 6);False;1;979
;(10, 5);Idle;(7, 6);False;1;980
;(10, 5);Idle;(7, 6);False;1;981
;(10, 5);Idle;(7, 6);False;1;982
;(10, 5);Idle;(7, 6);False;1;983
;(10, 5);Idle;(7, 6);False;1;984
;(10, 5);Idle;(7, 6);False;1;985
;(10, 5);Idle;(7, 6);False;1;986
;(10, 5);Idle;(7, 6);False;1;987
;(10, 5);Idle;(7, 6);False;1;988
;(10, 5);Idle;(7, 6);False;1;989
;(10, 5);Idle;(7, 6);False;1;990
;(10, 5);Idle;(7, 6);False;1;991
;(10, 5);Idle;(7, 6);False;1;992
;(10, 5);Idle;(7, 6);False;1;993
;(10, 5);Idle;(7, 6);False;1;994
;(10, 5);Idle;(7, 6);False;1;995
;(10, 5);Idle;(7, 6);False;1;996
;(10, 5);Idle;(7, 6);False;1;997
;(10, 5);Idle;(7, 6);False;1;998
;(10, 5);Idle;(7, 6);False;1;999
;(10, 5);Idle;(7, 6);False;1;1000
;(10, 5);Idle;(7, 6);False;1;1001
;(10, 5);Idle;(7, 6);False;1;1002
;(10, 5);Idle;(7, 6);False;1;1003
;(10, 5);Idle;(7, 6);False;1;1004
;(10, 5);Idle;(7, 6);False;1;1005
;(10, 5);Idle;(7, 6);False;1;1006
;(10, 5);Idle;(7, 6);False;1;1007
;(10, 5);Idle;(7, 6);False;1;1008
MoveWest;(9, 5);Idle;(7, 6);False;1;1009
;(9, 5);Idle;(7, 6);False;1;1010
;(9, 5);Idle;(7, 6);False;1;1011
;(9, 5);Idle;(7, 6);False;1;1012
;(9, 5);Idle;(7, 6);False;1;1013
;(9, 5);Idle;(7, 6);False;1;1014
;(9, 5);Idle;(7, 6);False;1;1015
;(9, 5);Idle;(7, 6);False;1;1016
;(9, 5);Idle;(7, 6);False;1;1017
;(9, 5);Idle;(7, 6);False;1;1018
;(9, 5);Idle;(7, 6);False;1;1019
;(9, 5);Idle;(7, 6);False;1;1020
;(9, 5);Idle;(7, 6);False;1;1021
;(9, 5);Idle;(7, 6);False;1;1022
;(9, 5);Idle;(7, 6);False;1;1023
;(9, 5);Idle;(7, 6);False;1;1024
;(9, 5);Idle;(7, 6);False;1;1025
;(9, 5);Idle;(7, 6);False;1;1026
;(9, 5);Idle;(7, 6);False;1;1027
;(9, 5);Idle;(7, 6);False;1;1028
;(9, 5);;(7, 6);False;1;1029
;(9, 5);MoveWest;(7, 6);False;1;1030
;(9, 5);MoveWest;(7, 6);False;1;1031
;(9, 5);MoveWest;(7, 6);False;1;1032
;(9, 5);MoveWest;(7, 6);False;1;1033
;(9, 5);MoveWest;(7, 6);False;1;1034
;(9, 5);MoveWest;(7, 6);False;1;1035
;(9, 5);MoveWest;(7, 6);False;1;1036
;(9, 5);MoveWest;(7, 6);False;1;1037
;(9, 5);MoveWest;(7, 6);False;1;1038
;(9, 5);MoveWest;(7, 6);False;1;1039
;(9, 5);MoveWest;(6, 6);False;1;1040
;(9, 5);MoveWest;(6, 6);False;1;1041
;(9, 5);MoveWest;(6, 6);False;1;1042
;(9, 5);MoveWest;(6, 6);False;1;1043
;(9, 5);MoveWest;(6, 6);False;1;1044
;(9, 5);MoveWest;(6, 6);False;1;1045
;(9, 5);MoveWest;(6, 6);False;1;1046
;(9, 5);MoveWest;(6, 6);False;1;1047
;(9, 5);MoveWest;(6, 6);False;1;1048
;(9, 5);MoveWest;(6, 6);False;1;1049
;(9, 5);MoveWest;(6, 6);False;1;1050
;(9, 5);MoveWest;(5, 6);False;1;1051
;(9, 5);MoveNorthWest;(5, 6);False;1;1052
;(9, 5);MoveNorthWest;(5, 6);False;1;1053
;(9, 5);MoveNorthWest;(5, 6);False;1;1054
;(9, 5);MoveNorthWest;(5, 6);False;1;1055
;(9, 5);MoveNorthWest;(5, 6);False;1;1056
;(9, 5);MoveNorthWest;(5, 6);False;1;1057
;(9, 5);MoveNorthWest;(5, 6);False;1;1058
;(9, 5);MoveNorthWest;(5, 6);False;1;1059
;(9, 5);MoveNorthWest;(5, 6);False;1;1060
;(9, 5);MoveNorthWest;(5, 6);False;1;1061
;(9, 5);MoveNorthWest;(4, 5);False;1;1062
;(9, 5);MoveWest;(4, 5);False;1;1063
MoveSouth;(9, 6);MoveWest;(4, 5);False;1;1064
;(9, 6);MoveWest;(4, 5);False;1;1065
;(9, 6);MoveWest;(4, 5);False;1;1066
;(9, 6);MoveWest;(4, 5);False;1;1067
;(9, 6);MoveWest;(4, 5);False;1;1068
;(9, 6);MoveWest;(4, 5);False;1;1069
;(9, 6);MoveWest;(4, 5);False;1;1070
;(9, 6);MoveWest;(4, 5);False;1;1071
MoveSouth;(9, 7);MoveWest;(4, 5);False;1;1072
;(9, 7);MoveWest;(3, 5);False;1;1073
;(9, 7);MoveNorthWest;(3, 5);False;1;1074
;(9, 7);MoveNorthWest;(3, 5);False;1;1075
;(9, 7);MoveNorthWest;(3, 5);False;1;1076
;(9, 7);MoveNorthWest;(3, 5);False;1;1077
;(9, 7);MoveNorthWest;(3, 5);False;1;1078
;(9, 7);MoveNorthWest;(3, 5);False;1;1079
;(9, 7);MoveNorthWest;(3, 5);False;1;1080
;(9, 7);MoveNorthWest;(3, 5);False;1;1081
;(9, 7);MoveNorthWest;(3, 5);False;1;1082
;(9, 7);MoveNorthWest;(3, 5);False;1;1083
;(9, 7);MoveNorthWest;(2, 4);False;1;1084
;(9, 7);MoveWest;(2, 4);False;1;1085
;(9, 7);MoveWest;(2, 4);False;1;1086
;(9, 7);MoveWest;(2, 4);False;1;1087
;(9, 7);MoveWest;(2, 4);False;1;1088
;(9, 7);MoveWest;(2, 4);False;1;1089
;(9, 7);MoveWest;(2, 4);False;1;1090
;(9, 7);MoveWest;(2, 4);False;1;1091
;(9, 7);MoveWest;(2, 4);False;1;1092
;(9, 7);MoveWest;(2, 4);False;1;1093
;(9, 7);MoveWest;(2, 4);False;1;1094
;(9, 7);MoveWest;(1, 4);False;1;1095
;(9, 7);DropLargeObject;(1, 4);False;1;1096
;(9, 7);DropLargeObject;(1, 4);False;1;1097
;(9, 7);DropLargeObject;(1, 4);False;1;1098
GrabObject;(9, 7);DropLargeObject;(1, 4);False;1;1099
;(9, 7);DropLargeObject;(1, 4);False;1;1100
;(9, 7);DropLargeObject;(1, 4);False;1;1101
MoveWest;(8, 7);DropLargeObject;(1, 4);False;1;1102
;(8, 7);DropLargeObject;(1, 4);False;1;1103
;(8, 7);DropLargeObject;(1, 4);False;1;1104
MoveWest;(7, 7);DropLargeObject;(1, 4);False;1;1105
;(7, 7);DropLargeObject;(1, 4);False;1;1106
;(7, 7);;(1, 4);False;1;1107
;(7, 7);MoveEast;(1, 4);False;1;1108
;(7, 7);MoveEast;(1, 4);False;1;1109
MoveWest;(6, 7);MoveEast;(1, 4);False;1;1110
;(6, 7);MoveEast;(1, 4);False;1;1111
;(6, 7);MoveEast;(1, 4);False;1;1112
MoveWest;(5, 7);MoveEast;(1, 4);False;1;1113
;(5, 7);MoveEast;(1, 4);False;1;1114
;(5, 7);MoveEast;(1, 4);False;1;1115
MoveWest;(4, 7);MoveEast;(1, 4);False;1;1116
;(4, 7);MoveEast;(1, 4);False;1;1117
;(4, 7);MoveEast;(2, 4);False;1;1118
;(4, 7);MoveEast;(2, 4);False;1;1119
MoveWest;(3, 7);MoveEast;(2, 4);False;1;1120
;(3, 7);MoveEast;(2, 4);False;1;1121
;(3, 7);MoveEast;(2, 4);False;1;1122
;(3, 7);MoveEast;(2, 4);False;1;1123
;(3, 7);MoveEast;(2, 4);False;1;1124
;(3, 7);MoveEast;(2, 4);False;1;1125
DropObject;(3, 7);MoveEast;(2, 4);False;1;1126
;(3, 7);MoveEast;(2, 4);False;1;1127
;(3, 7);MoveEast;(2, 4);False;1;1128
;(3, 7);MoveEast;(3, 4);False;1;1129
MoveEast;(4, 7);MoveEast;(3, 4);False;1;1130
;(4, 7);MoveEast;(3, 4);False;1;1131
;(4, 7);MoveEast;(3, 4);False;1;1132
;(4, 7);MoveEast;(3, 4);False;1;1133
;(4, 7);MoveEast;(3, 4);False;1;1134
MoveEast;(5, 7);MoveEast;(3, 4);False;1;1135
;(5, 7);MoveEast;(3, 4);False;1;1136
;(5, 7);MoveEast;(3, 4);False;1;1137
;(5, 7);MoveEast;(3, 4);False;1;1138
MoveEast;(6, 7);MoveEast;(3, 4);False;1;1139
;(6, 7);MoveEast;(4, 4);False;1;1140
;(6, 7);MoveEast;(4, 4);False;1;1141
;(6, 7);MoveEast;(4, 4);False;1;1142
;(6, 7);MoveEast;(4, 4);False;1;1143
;(6, 7);MoveEast;(4, 4);False;1;1144
MoveEast;(7, 7);MoveEast;(4, 4);False;1;1145
;(7, 7);MoveEast;(4, 4);False;1;1146
;(7, 7);MoveEast;(4, 4);False;1;1147
;(7, 7);MoveEast;(4, 4);False;1;1148
;(7, 7);MoveEast;(4, 4);False;1;1149
;(7, 7);MoveEast;(4, 4);False;1;1150
MoveEast;(8, 7);MoveEast;(5, 4);False;1;1151
;(8, 7);MoveEast;(5, 4);False;1;1152
;(8, 7);MoveEast;(5, 4);False;1;1153
;(8, 7);MoveEast;(5, 4);False;1;1154
;(8, 7);MoveEast;(5, 4);False;1;1155
;(8, 7);MoveEast;(5, 4);False;1;1156
;(8, 7);MoveEast;(5, 4);False;1;1157
;(8, 7);MoveEast;(5, 4);False;1;1158
;(8, 7);MoveEast;(5, 4);False;1;1159
MoveSouth;(8, 8);MoveEast;(5, 4);False;1;1160
;(8, 8);MoveEast;(5, 4);False;1;1161
;(8, 8);MoveEast;(6, 4);False;1;1162
;(8, 8);MoveEast;(6, 4);False;1;1163
;(8, 8);MoveEast;(6, 4);False;1;1164
;(8, 8);MoveEast;(6, 4);False;1;1165
;(8, 8);MoveEast;(6, 4);False;1;1166
;(8, 8);MoveEast;(6, 4);False;1;1167
;(8, 8);MoveEast;(6, 4);False;1;1168
;(8, 8);MoveEast;(6, 4);False;1;1169
;(8, 8);MoveEast;(6, 4);False;1;1170
;(8, 8);MoveEast;(6, 4);False;1;1171
;(8, 8);MoveEast;(6, 4);False;1;1172
;(8, 8);MoveEast;(7, 4);False;1;1173
;(8, 8);MoveEast;(7, 4);False;1;1174
;(8, 8);MoveEast;(7, 4);False;1;1175
;(8, 8);MoveEast;(7, 4);False;1;1176
;(8, 8);MoveEast;(7, 4);False;1;1177
GrabObject;(8, 8);MoveEast;(7, 4);False;1;1178
MoveWest;(7, 8);MoveEast;(7, 4);False;1;1179
;(7, 8);MoveEast;(7, 4);False;1;1180
;(7, 8);MoveEast;(7, 4);False;1;1181
;(7, 8);MoveEast;(7, 4);False;1;1182
MoveWest;(6, 8);MoveEast;(7, 4);False;1;1183
;(6, 8);MoveEast;(8, 4);False;1;1184
;(6, 8);MoveEast;(8, 4);False;1;1185
;(6, 8);MoveEast;(8, 4);False;1;1186
MoveWest;(5, 8);MoveEast;(8, 4);False;1;1187
;(5, 8);MoveEast;(8, 4);False;1;1188
;(5, 8);MoveEast;(8, 4);False;1;1189
MoveWest;(4, 8);MoveEast;(8, 4);False;1;1190
;(4, 8);MoveEast;(8, 4);False;1;1191
;(4, 8);MoveEast;(8, 4);False;1;1192
MoveWest;(3, 8);MoveEast;(8, 4);False;1;1193
;(3, 8);MoveEast;(8, 4);False;1;1194
;(3, 8);MoveEast;(9, 4);False;1;1195
MoveWest;(2, 8);MoveEast;(9, 4);False;1;1196
;(2, 8);MoveEast;(9, 4);False;1;1197
;(2, 8);MoveEast;(9, 4);False;1;1198
MoveWest;(1, 8);MoveEast;(9, 4);False;1;1199
;(1, 8);MoveEast;(9, 4);False;1;1200
;(1, 8);MoveEast;(9, 4);False;1;1201
;(1, 8);MoveEast;(9, 4);False;1;1202
;(1, 8);MoveEast;(9, 4);False;1;1203
;(1, 8);MoveEast;(9, 4);False;1;1204
;(1, 8);MoveEast;(9, 4);False;1;1205
;(1, 8);MoveEast;(10, 4);False;1;1206
;(1, 8);MoveEast;(10, 4);False;1;1207
DropObject;(1, 8);MoveEast;(10, 4);False;1;1208
;(1, 8);MoveEast;(10, 4);False;1;1209
;(1, 8);MoveEast;(10, 4);False;1;1210
MoveEast;(2, 8);MoveEast;(10, 4);False;1;1211
;(2, 8);MoveEast;(10, 4);False;1;1212
;(2, 8);MoveEast;(10, 4);False;1;1213
;(2, 8);MoveEast;(10, 4);False;1;1214
MoveEast;(3, 8);MoveEast;(10, 4);False;1;1215
;(3, 8);MoveEast;(10, 4);False;1;1216
;(3, 8);MoveEast;(11, 4);False;1;1217
;(3, 8);MoveEast;(11, 4);False;1;1218
MoveEast;(4, 8);MoveEast;(11, 4);False;1;1219
;(4, 8);MoveEast;(11, 4);False;1;1220
;(4, 8);MoveEast;(11, 4);False;1;1221
;(4, 8);MoveEast;(11, 4);False;1;1222
MoveEast;(5, 8);MoveEast;(11, 4);False;1;1223
;(5, 8);MoveEast;(11, 4);False;1;1224
;(5, 8);MoveEast;(11, 4);False;1;1225
;(5, 8);MoveEast;(11, 4);False;1;1226
MoveEast;(6, 8);MoveEast;(11, 4);False;1;1227
;(6, 8);MoveEast;(12, 4);False;1;1228
;(6, 8);GrabObject;(12, 4);False;1;1229
MoveEast;(7, 8);GrabObject;(12, 4);False;1;1230
;(7, 8);GrabObject;(12, 4);False;1;1231
;(7, 8);GrabObject;(12, 4);False;1;1232
MoveEast;(8, 8);GrabObject;(12, 4);False;1;1233
;(8, 8);GrabObject;(12, 4);False;1;1234
;(8, 8);GrabObject;(12, 4);False;1;1235
;(8, 8);GrabObject;(12, 4);False;1;1236
MoveEast;(9, 8);GrabObject;(12, 4);False;1;1237
;(9, 8);GrabObject;(12, 4);False;1;1238
;(9, 8);GrabObject;(12, 4);False;1;1239
;(9, 8);;(12, 4);False;1;1240
;(9, 8);MoveEast;(12, 4);False;1;1241
;(9, 8);MoveEast;(12, 4);False;1;1242
;(9, 8);MoveEast;(12, 4);False;1;1243
;(9, 8);MoveEast;(12, 4);False;1;1244
;(9, 8);MoveEast;(12, 4);False;1;1245
;(9, 8);MoveEast;(12, 4);False;1;1246
;(9, 8);MoveEast;(12, 4);False;1;1247
;(9, 8);MoveEast;(12, 4);False;1;1248
;(9, 8);MoveEast;(12, 4);False;1;1249
;(9, 8);MoveEast;(12, 4);False;1;1250
;(9, 8);MoveEast;(13, 4);False;1;1251
;(9, 8);MoveEast;(13, 4);False;1;1252
;(9, 8);MoveEast;(13, 4);False;1;1253
;(9, 8);MoveEast;(13, 4);False;1;1254
;(9, 8);MoveEast;(13, 4);False;1;1255
;(9, 8);MoveEast;(13, 4);False;1;1256
;(9, 8);MoveEast;(13, 4);False;1;1257
GrabObject;(9, 8);MoveEast;(13, 4);False;1;1258
;(9, 8);MoveEast;(13, 4);False;1;1259
;(9, 8);MoveEast;(13, 4);False;1;1260
;(9, 8);MoveEast;(13, 4);False;1;1261
MoveWest;(8, 8);MoveEast;(14, 4);False;1;1262
;(8, 8);MoveNorthEast;(14, 4);False;1;1263
;(8, 8);MoveNorthEast;(14, 4);False;1;1264
;(8, 8);MoveNorthEast;(14, 4);False;1;1265
MoveWest;(7, 8);MoveNorthEast;(14, 4);False;1;1266
;(7, 8);MoveNorthEast;(14, 4);False;1;1267
;(7, 8);MoveNorthEast;(14, 4);False;1;1268
;(7, 8);MoveNorthEast;(14, 4);False;1;1269
MoveWest;(6, 8);MoveNorthEast;(14, 4);False;1;1270
;(6, 8);MoveNorthEast;(14, 4);False;1;1271
;(6, 8);MoveNorthEast;(14, 4);False;1;1272
MoveWest;(5, 8);MoveNorthEast;(15, 3);False;1;1273
;(5, 8);MoveEast;(15, 3);False;1;1274
;(5, 8);MoveEast;(15, 3);False;1;1275
;(5, 8);MoveEast;(15, 3);False;1;1276
MoveWest;(4, 8);MoveEast;(15, 3);False;1;1277
;(4, 8);MoveEast;(15, 3);False;1;1278
;(4, 8);MoveEast;(15, 3);False;1;1279
MoveWest;(3, 8);MoveEast;(15, 3);False;1;1280
;(3, 8);MoveEast;(15, 3);False;1;1281
;(3, 8);MoveEast;(15, 3);False;1;1282
MoveWest;(2, 8);MoveEast;(15, 3);False;1;1283
;(2, 8);MoveEast;(16, 3);False;1;1284
;(2, 8);MoveNorthEast;(16, 3);False;1;1285
;(2, 8);MoveNorthEast;(16, 3);False;1;1286
DropObject;(2, 8);MoveNorthEast;(16, 3);False;1;1287
;(2, 8);MoveNorthEast;(16, 3);False;1;1288
;(2, 8);MoveNorthEast;(16, 3);False;1;1289
;(2, 8);MoveNorthEast;(16, 3);False;1;1290
MoveEast;(3, 8);MoveNorthEast;(16, 3);False;1;1291
;(3, 8);MoveNorthEast;(16, 3);False;1;1292
;(3, 8);MoveNorthEast;(16, 3);False;1;1293
;(3, 8);MoveNorthEast;(16, 3);False;1;1294
MoveEast;(4, 8);MoveNorthEast;(17, 2);False;1;1295
;(4, 8);MoveEast;(17, 2);False;1;1296
;(4, 8);MoveEast;(17, 2);False;1;1297
MoveEast;(5, 8);MoveEast;(17, 2);False;1;1298
;(5, 8);MoveEast;(17, 2);False;1;1299
;(5, 8);MoveEast;(17, 2);False;1;1300
MoveEast;(6, 8);MoveEast;(17, 2);False;1;1301
;(6, 8);MoveEast;(17, 2);False;1;1302
;(6, 8);MoveEast;(17, 2);False;1;1303
;(6, 8);MoveEast;(17, 2);False;1;1304
;(6, 8);MoveEast;(17, 2);False;1;1305
;(6, 8);MoveEast;(18, 2);False;1;1306
MoveEast;(7, 8);DropObject;(18, 2);False;1;1307
;(7, 8);DropObject;(18, 2);False;1;1308
;(7, 8);DropObject;(18, 2);False;1;1309
MoveEast;(8, 8);DropObject;(18, 2);False;1;1310
;(8, 8);DropObject;(18, 2);False;1;1311
;(8, 8);DropObject;(18, 2);False;1;1312
;(8, 8);DropObject;(18, 2);False;1;1313
;(8, 8);DropObject;(18, 2);False;1;1314
;(8, 8);DropObject;(18, 2);False;1;1315
;(8, 8);DropObject;(18, 2);False;1;1316
MoveSouth;(8, 9);DropObject;(18, 2);False;1;1317
;(8, 9);;(18, 2);False;1;1318
;(8, 9);MoveEast;(18, 2);False;1;1319
;(8, 9);MoveEast;(18, 2);False;1;1320
;(8, 9);MoveEast;(18, 2);False;1;1321
;(8, 9);MoveEast;(18, 2);False;1;1322
;(8, 9);MoveEast;(18, 2);False;1;1323
;(8, 9);MoveEast;(18, 2);False;1;1324
;(8, 9);MoveEast;(18, 2);False;1;1325
;(8, 9);MoveEast;(18, 2);False;1;1326
;(8, 9);MoveEast;(18, 2);False;1;1327
;(8, 9);MoveEast;(18, 2);False;1;1328
;(8, 9);MoveEast;(19, 2);False;1;1329
;(8, 9);MoveEast;(19, 2);False;1;1330
;(8, 9);MoveEast;(19, 2);False;1;1331
;(8, 9);MoveEast;(19, 2);False;1;1332
;(8, 9);MoveEast;(19, 2);False;1;1333
;(8, 9);MoveEast;(19, 2);False;1;1334
;(8, 9);MoveEast;(19, 2);False;1;1335
GrabObject;(8, 9);MoveEast;(19, 2);False;1;1336
;(8, 9);MoveEast;(19, 2);False;1;1337
MoveWest;(7, 9);MoveEast;(19, 2);False;1;1338
;(7, 9);MoveEast;(19, 2);False;1;1339
;(7, 9);MoveEast;(19, 2);False;1;1340
MoveWest;(6, 9);MoveWest;(19, 2);False;1;1341
;(6, 9);MoveWest;(19, 2);False;1;1342
;(6, 9);MoveWest;(19, 2);False;1;1343
MoveWest;(5, 9);MoveWest;(19, 2);False;1;1344
;(5, 9);MoveWest;(19, 2);False;1;1345
;(5, 9);MoveWest;(19, 2);False;1;1346
;(5, 9);MoveWest;(19, 2);False;1;1347
MoveWest;(4, 9);MoveWest;(19, 2);False;1;1348
;(4, 9);MoveWest;(19, 2);False;1;1349
;(4, 9);MoveWest;(19, 2);False;1;1350
MoveWest;(3, 9);MoveWest;(18, 2);False;1;1351
;(3, 9);MoveWest;(18, 2);False;1;1352
;(3, 9);MoveWest;(18, 2);False;1;1353
MoveWest;(2, 9);MoveWest;(18, 2);False;1;1354
;(2, 9);MoveWest;(18, 2);False;1;1355
;(2, 9);MoveWest;(18, 2);False;1;1356
;(2, 9);MoveWest;(18, 2);False;1;1357
;(2, 9);MoveWest;(18, 2);False;1;1358
;(2, 9);MoveWest;(18, 2);False;1;1359
DropObject;(2, 9);MoveWest;(18, 2);False;1;1360
MoveEast;(3, 9);MoveWest;(18, 2);False;1;1361
;(3, 9);MoveWest;(17, 2);False;1;1362
;(3, 9);MoveEast;(17, 2);False;1;1363
;(3, 9);MoveEast;(17, 2);False;1;1364
MoveEast;(4, 9);MoveEast;(17, 2);False;1;1365
;(4, 9);MoveEast;(17, 2);False;1;1366
;(4, 9);MoveEast;(17, 2);False;1;1367
;(4, 9);MoveEast;(17, 2);False;1;1368
MoveEast;(5, 9);MoveEast;(17, 2);False;1;1369
;(5, 9);MoveEast;(17, 2);False;1;1370
;(5, 9);MoveEast;(17, 2);False;1;1371
MoveEast;(6, 9);MoveEast;(17, 2);False;1;1372
;(6, 9);MoveEast;(18, 2);False;1;1373
;(6, 9);MoveEast;(18, 2);False;1;1374
;(6, 9);MoveEast;(18, 2);False;1;1375
MoveEast;(7, 9);MoveEast;(18, 2);False;1;1376
;(7, 9);MoveEast;(18, 2);False;1;1377
;(7, 9);MoveEast;(18, 2);False;1;1378
;(7, 9);MoveEast;(18, 2);False;1;1379
MoveEast;(8, 9);MoveEast;(18, 2);False;1;1380
;(8, 9);MoveEast;(18, 2);False;1;1381
;(8, 9);MoveEast;(18, 2);False;1;1382
MoveEast;(9, 9);MoveEast;(18, 2);False;1;1383
;(9, 9);MoveEast;(19, 2);False;1;1384
;(9, 9);MoveWest;(19, 2);False;1;1385
;(9, 9);MoveWest;(19, 2);False;1;1386
;(9, 9);MoveWest;(19, 2);False;1;1387
;(9, 9);MoveWest;(19, 2);False;1;1388
;(9, 9);MoveWest;(19, 2);False;1;1389
;(9, 9);MoveWest;(19, 2);False;1;1390
;(9, 9);MoveWest;(19, 2);False;1;1391
;(9, 9);MoveWest;(19, 2);False;1;1392
;(9, 9);MoveWest;(19, 2);False;1;1393
;(9, 9);MoveWest;(19, 2);False;1;1394
;(9, 9);MoveWest;(18, 2);False;1;1395
;(9, 9);MoveWest;(18, 2);False;1;1396
;(9, 9);MoveWest;(18, 2);False;1;1397
;(9, 9);MoveWest;(18, 2);False;1;1398
;(9, 9);MoveWest;(18, 2);False;1;1399
GrabObject;(9, 9);MoveWest;(18, 2);False;1;1400
;(9, 9);MoveWest;(18, 2);False;1;1401
MoveWest;(8, 9);MoveWest;(18, 2);False;1;1402
;(8, 9);MoveWest;(18, 2);False;1;1403
;(8, 9);MoveWest;(18, 2);False;1;1404
MoveWest;(7, 9);MoveWest;(18, 2);False;1;1405
;(7, 9);MoveWest;(17, 2);False;1;1406
;(7, 9);MoveEast;(17, 2);False;1;1407
;(7, 9);MoveEast;(17, 2);False;1;1408
MoveWest;(6, 9);MoveEast;(17, 2);False;1;1409
;(6, 9);MoveEast;(17, 2);False;1;1410
;(6, 9);MoveEast;(17, 2);False;1;1411
MoveWest;(5, 9);MoveEast;(17, 2);False;1;1412
;(5, 9);MoveEast;(17, 2);False;1;1413
;(5, 9);MoveEast;(17, 2);False;1;1414
MoveWest;(4, 9);MoveEast;(17, 2);False;1;1415
;(4, 9);MoveEast;(17, 2);False;1;1416
;(4, 9);MoveEast;(18, 2);False;1;1417
;(4, 9);MoveEast;(18, 2);False;1;1418
MoveWest;(3, 9);MoveEast;(18, 2);False;1;1419
;(3, 9);MoveEast;(18, 2);False;1;1420
;(3, 9);MoveEast;(18, 2);False;1;1421
MoveWest;(2, 9);MoveEast;(18, 2);False;1;1422
;(2, 9);MoveEast;(18, 2);False;1;1423
;(2, 9);MoveEast;(18, 2);False;1;1424
;(2, 9);MoveEast;(18, 2);False;1;1425
;(2, 9);MoveEast;(18, 2);False;1;1426
;(2, 9);MoveEast;(18, 2);False;1;1427
DropObject;(2, 9);MoveEast;(19, 2);False;1;1428
;(2, 9);MoveWest;(19, 2);False;1;1429
MoveEast;(3, 9);MoveWest;(19, 2);False;1;1430
;(3, 9);MoveWest;(19, 2);False;1;1431
;(3, 9);MoveWest;(19, 2);False;1;1432
;(3, 9);MoveWest;(19, 2);False;1;1433
MoveEast;(4, 9);MoveWest;(19, 2);False;1;1434
;(4, 9);MoveWest;(19, 2);False;1;1435
;(4, 9);MoveWest;(19, 2);False;1;1436
;(4, 9);MoveWest;(19, 2);False;1;1437
MoveEast;(5, 9);MoveWest;(19, 2);False;1;1438
;(5, 9);MoveWest;(18, 2);False;1;1439
;(5, 9);MoveWest;(18, 2);False;1;1440
MoveEast;(6, 9);MoveWest;(18, 2);False;1;1441
;(6, 9);MoveWest;(18, 2);False;1;1442
;(6, 9);MoveWest;(18, 2);False;1;1443
;(6, 9);MoveWest;(18, 2);False;1;1444
MoveEast;(7, 9);MoveWest;(18, 2);False;1;1445
;(7, 9);MoveWest;(18, 2);False;1;1446
;(7, 9);MoveWest;(18, 2);False;1;1447
;(7, 9);MoveWest;(18, 2);False;1;1448
MoveEast;(8, 9);MoveWest;(18, 2);False;1;1449
;(8, 9);MoveWest;(17, 2);False;1;1450
;(8, 9);;(17, 2);False;1;1451
MoveEast;(9, 9);MoveEast;(17, 2);False;1;1452
;(9, 9);MoveEast;(17, 2);False;1;1453
;(9, 9);MoveEast;(17, 2);False;1;1454
;(9, 9);MoveEast;(17, 2);False;1;1455
;(9, 9);MoveEast;(17, 2);False;1;1456
;(9, 9);MoveEast;(17, 2);False;1;1457
;(9, 9);MoveEast;(17, 2);False;1;1458
;(9, 9);MoveEast;(17, 2);False;1;1459
;(9, 9);MoveEast;(17, 2);False;1;1460
MoveEast;(10, 9);MoveEast;(17, 2);False;1;1461
;(10, 9);MoveEast;(18, 2);False;1;1462
;(10, 9);MoveEast;(18, 2);False;1;1463
;(10, 9);MoveEast;(18, 2);False;1;1464
;(10, 9);MoveEast;(18, 2);False;1;1465
;(10, 9);MoveEast;(18, 2);False;1;1466
;(10, 9);MoveEast;(18, 2);False;1;1467
;(10, 9);MoveEast;(18, 2);False;1;1468
;(10, 9);MoveEast;(18, 2);False;1;1469
;(10, 9);MoveEast;(18, 2);False;1;1470
;(10, 9);MoveEast;(18, 2);False;1;1471
;(10, 9);MoveEast;(18, 2);False;1;1472
;(10, 9);MoveEast;(19, 2);False;1;1473
;(10, 9);MoveWest;(19, 2);False;1;1474
;(10, 9);MoveWest;(19, 2);False;1;1475
;(10, 9);MoveWest;(19, 2);False;1;1476
;(10, 9);MoveWest;(19, 2);False;1;1477
GrabObject;(10, 9);MoveWest;(19, 2);False;1;1478
;(10, 9);MoveWest;(19, 2);False;1;1479
;(10, 9);MoveWest;(19, 2);False;1;1480
;(10, 9);MoveWest;(19, 2);False;1;1481
MoveWest;(9, 9);MoveWest;(19, 2);False;1;1482
;(9, 9);MoveWest;(19, 2);False;1;1483
MoveWest;(8, 9);MoveWest;(18, 2);False;1;1484
;(8, 9);MoveWest;(18, 2);False;1;1485
;(8, 9);MoveWest;(18, 2);False;1;1486
;(8, 9);MoveWest;(18, 2);False;1;1487
MoveWest;(7, 9);MoveWest;(18, 2);False;1;1488
;(7, 9);MoveWest;(18, 2);False;1;1489
;(7, 9);MoveWest;(18, 2);False;1;1490
;(7, 9);MoveWest;(18, 2);False;1;1491
MoveWest;(6, 9);MoveWest;(18, 2);False;1;1492
;(6, 9);MoveWest;(18, 2);False;1;1493
;(6, 9);MoveWest;(18, 2);False;1;1494
MoveWest;(5, 9);MoveWest;(17, 2);False;1;1495
;(5, 9);MoveEast;(17, 2);False;1;1496
;(5, 9);MoveEast;(17, 2);False;1;1497
;(5, 9);MoveEast;(17, 2);False;1;1498
MoveWest;(4, 9);MoveEast;(17, 2);False;1;1499
;(4, 9);MoveEast;(17, 2);False;1;1500
;(4, 9);MoveEast;(17, 2);False;1;1501
MoveWest;(3, 9);MoveEast;(17, 2);False;1;1502
;(3, 9);MoveEast;(17, 2);False;1;1503
;(3, 9);MoveEast;(17, 2);False;1;1504
;(3, 9);MoveEast;(17, 2);False;1;1505
;(3, 9);MoveEast;(18, 2);False;1;1506
;(3, 9);MoveEast;(18, 2);False;1;1507
;(3, 9);MoveEast;(18, 2);False;1;1508
;(3, 9);MoveEast;(18, 2);False;1;1509
;(3, 9);MoveEast;(18, 2);False;1;1510
;(3, 9);MoveEast;(18, 2);False;1;1511
DropObject;(3, 9);MoveEast;(18, 2);False;1;1512
;(3, 9);MoveEast;(18, 2);False;1;1513
;(3, 9);MoveEast;(18, 2);False;1;1514
MoveEast;(4, 9);MoveEast;(18, 2);False;1;1515
;(4, 9);MoveEast;(18, 2);False;1;1516
;(4, 9);MoveEast;(19, 2);False;1;1517
;(4, 9);MoveWest;(19, 2);False;1;1518
MoveEast;(5, 9);MoveWest;(19, 2);False;1;1519
;(5, 9);MoveWest;(19, 2);False;1;1520
;(5, 9);MoveWest;(19, 2);False;1;1521
;(5, 9);MoveWest;(19, 2);False;1;1522
MoveEast;(6, 9);MoveWest;(19, 2);False;1;1523
;(6, 9);MoveWest;(19, 2);False;1;1524
;(6, 9);MoveWest;(19, 2);False;1;1525
MoveEast;(7, 9);MoveWest;(19, 2);False;1;1526
;(7, 9);MoveWest;(19, 2);False;1;1527
;(7, 9);MoveWest;(18, 2);False;1;1528
MoveEast;(8, 9);MoveWest;(18, 2);False;1;1529
;(8, 9);MoveWest;(18, 2);False;1;1530
;(8, 9);MoveWest;(18, 2);False;1;1531
;(8, 9);MoveWest;(18, 2);False;1;1532
MoveEast;(9, 9);MoveWest;(18, 2);False;1;1533
;(9, 9);MoveWest;(18, 2);False;1;1534
;(9, 9);MoveWest;(18, 2);False;1;1535
MoveEast;(10, 9);MoveWest;(18, 2);False;1;1536
;(10, 9);MoveWest;(18, 2);False;1;1537
;(10, 9);MoveWest;(18, 2);False;1;1538
;(10, 9);MoveWest;(17, 2);False;1;1539
;(10, 9);MoveEast;(17, 2);False;1;1540
;(10, 9);MoveEast;(17, 2);False;1;1541
;(10, 9);MoveEast;(17, 2);False;1;1542
;(10, 9);MoveEast;(17, 2);False;1;1543
;(10, 9);MoveEast;(17, 2);False;1;1544
;(10, 9);MoveEast;(17, 2);False;1;1545
;(10, 9);MoveEast;(17, 2);False;1;1546
MoveEast;(11, 9);MoveEast;(17, 2);False;1;1547
;(11, 9);MoveEast;(17, 2);False;1;1548
;(11, 9);MoveEast;(17, 2);False;1;1549
;(11, 9);MoveEast;(18, 2);False;1;1550
;(11, 9);MoveEast;(18, 2);False;1;1551
;(11, 9);MoveEast;(18, 2);False;1;1552
DropObject;(11, 9);MoveEast;(18, 2);False;1;1553
;(11, 9);MoveEast;(18, 2);False;1;1554
;(11, 9);MoveEast;(18, 2);False;1;1555
MoveWest;(10, 9);MoveEast;(18, 2);False;1;1556
;(10, 9);MoveEast;(18, 2);False;1;1557
;(10, 9);MoveEast;(18, 2);False;1;1558
;(10, 9);MoveEast;(18, 2);False;1;1559
MoveWest;(9, 9);MoveEast;(18, 2);False;1;1560
;(9, 9);MoveEast;(19, 2);False;1;1561
;(9, 9);MoveWest;(19, 2);False;1;1562
;(9, 9);MoveWest;(19, 2);False;1;1563
MoveWest;(8, 9);MoveWest;(19, 2);False;1;1564
;(8, 9);MoveWest;(19, 2);False;1;1565
;(8, 9);MoveWest;(19, 2);False;1;1566
;(8, 9);MoveWest;(19, 2);False;1;1567
;(8, 9);MoveWest;(19, 2);False;1;1568
MoveEast;(9, 9);MoveWest;(19, 2);False;1;1569
;(9, 9);MoveWest;(19, 2);False;1;1570
;(9, 9);MoveWest;(19, 2);False;1;1571
;(9, 9);MoveWest;(18, 2);False;1;1572
;(9, 9);MoveWest;(18, 2);False;1;1573
;(9, 9);MoveWest;(18, 2);False;1;1574
MoveEast;(10, 9);MoveWest;(18, 2);False;1;1575
;(10, 9);MoveWest;(18, 2);False;1;1576
;(10, 9);MoveWest;(18, 2);False;1;1577
;(10, 9);MoveWest;(18, 2);False;1;1578
;(10, 9);MoveWest;(18, 2);False;1;1579
;(10, 9);MoveWest;(18, 2);False;1;1580
;(10, 9);MoveWest;(18, 2);False;1;1581
;(10, 9);MoveWest;(18, 2);False;1;1582
;(10, 9);MoveWest;(17, 2);False;1;1583
;(10, 9);;(17, 2);False;1;1584
;(10, 9);Idle;(17, 2);False;1;1585
;(10, 9);Idle;(17, 2);False;1;1586
;(10, 9);Idle;(17, 2);False;1;1587
MoveWest;(9, 9);Idle;(17, 2);False;1;1588
;(9, 9);Idle;(17, 2);False;1;1589
;(9, 9);Idle;(17, 2);False;1;1590
;(9, 9);Idle;(17, 2);False;1;1591
;(9, 9);Idle;(17, 2);False;1;1592
MoveWest;(8, 9);Idle;(17, 2);False;1;1593
;(8, 9);Idle;(17, 2);False;1;1594
;(8, 9);Idle;(17, 2);False;1;1595
;(8, 9);Idle;(17, 2);False;1;1596
;(8, 9);Idle;(17, 2);False;1;1597
MoveSouth;(8, 10);Idle;(17, 2);False;1;1598
;(8, 10);Idle;(17, 2);False;1;1599
;(8, 10);Idle;(17, 2);False;1;1600
;(8, 10);Idle;(17, 2);False;1;1601
;(8, 10);Idle;(17, 2);False;1;1602
;(8, 10);Idle;(17, 2);False;1;1603
;(8, 10);Idle;(17, 2);False;1;1604
;(8, 10);Idle;(17, 2);False;1;1605
;(8, 10);Idle;(17, 2);False;1;1606
;(8, 10);Idle;(17, 2);False;1;1607
;(8, 10);Idle;(17, 2);False;1;1608
;(8, 10);Idle;(17, 2);False;1;1609
;(8, 10);Idle;(17, 2);False;1;1610
;(8, 10);Idle;(17, 2);False;1;1611
;(8, 10);Idle;(17, 2);False;1;1612
;(8, 10);Idle;(17, 2);False;1;1613
;(8, 10);Idle;(17, 2);False;1;1614
;(8, 10);Idle;(17, 2);False;1;1615
GrabObject;(8, 10);Idle;(17, 2);False;1;1616
;(8, 10);Idle;(17, 2);False;1;1617
;(8, 10);Idle;(17, 2);False;1;1618
MoveWest;(7, 10);Idle;(17, 2);False;1;1619
;(7, 10);Idle;(17, 2);False;1;1620
;(7, 10);Idle;(17, 2);False;1;1621
MoveWest;(6, 10);Idle;(17, 2);False;1;1622
;(6, 10);Idle;(17, 2);False;1;1623
;(6, 10);Idle;(17, 2);False;1;1624
;(6, 10);Idle;(17, 2);False;1;1625
MoveWest;(5, 10);Idle;(17, 2);False;1;1626
;(5, 10);Idle;(17, 2);False;1;1627
;(5, 10);Idle;(17, 2);False;1;1628
;(5, 10);Idle;(17, 2);False;1;1629
MoveWest;(4, 10);Idle;(17, 2);False;1;1630
;(4, 10);Idle;(17, 2);False;1;1631
;(4, 10);Idle;(17, 2);False;1;1632
MoveWest;(3, 10);Idle;(17, 2);False;1;1633
;(3, 10);Idle;(17, 2);False;1;1634
;(3, 10);Idle;(17, 2);False;1;1635
;(3, 10);Idle;(17, 2);False;1;1636
;(3, 10);Idle;(17, 2);False;1;1637
;(3, 10);Idle;(17, 2);False;1;1638
;(3, 10);Idle;(17, 2);False;1;1639
;(3, 10);;(17, 2);False;1;1640
;(3, 10);MoveEast;(17, 2);False;1;1641
;(3, 10);MoveEast;(17, 2);False;1;1642
;(3, 10);MoveEast;(17, 2);False;1;1643
;(3, 10);MoveEast;(17, 2);False;1;1644
;(3, 10);MoveEast;(17, 2);False;1;1645
;(3, 10);MoveEast;(17, 2);False;1;1646
;(3, 10);MoveEast;(17, 2);False;1;1647
DropObject;(3, 10);MoveEast;(17, 2);False;1;1648
;(3, 10);MoveEast;(17, 2);False;1;1649
;(3, 10);MoveEast;(17, 2);False;1;1650
;(3, 10);MoveEast;(18, 2);False;1;1651
MoveEast;(4, 10);GrabObject;(18, 2);False;1;1652
MoveNorth;(4, 9);GrabObject;(18, 2);False;1;1653
;(4, 9);GrabObject;(18, 2);False;1;1654
;(4, 9);GrabObject;(18, 2);False;1;1655
;(4, 9);GrabObject;(18, 2);False;1;1656
;(4, 9);GrabObject;(18, 2);False;1;1657
MoveNorth;(4, 8);GrabObject;(18, 2);False;1;1658
;(4, 8);GrabObject;(18, 2);False;1;1659
;(4, 8);GrabObject;(18, 2);False;1;1660
MoveNorth;(4, 7);GrabObject;(18, 2);False;1;1661
MoveEast;(5, 7);GrabObject;(18, 2);False;1;1662
;(5, 7);;(18, 2);False;1;1663
;(5, 7);MoveSouthWest;(18, 2);False;1;1664
;(5, 7);MoveSouthWest;(18, 2);False;1;1665
MoveEast;(6, 7);MoveSouthWest;(18, 2);False;1;1666
;(6, 7);MoveSouthWest;(18, 2);False;1;1667
;(6, 7);MoveSouthWest;(18, 2);False;1;1668
;(6, 7);MoveSouthWest;(18, 2);False;1;1669
;(6, 7);MoveSouthWest;(18, 2);False;1;1670
;(6, 7);MoveSouthWest;(18, 2);False;1;1671
;(6, 7);MoveSouthWest;(18, 2);False;1;1672
MoveEast;(7, 7);MoveSouthWest;(18, 2);False;1;1673
MoveNorth;(7, 6);MoveSouthWest;(17, 3);False;1;1674
;(7, 6);MoveWest;(17, 3);False;1;1675
;(7, 6);MoveWest;(17, 3);False;1;1676
;(7, 6);MoveWest;(17, 3);False;1;1677
;(7, 6);MoveWest;(17, 3);False;1;1678
;(7, 6);MoveWest;(17, 3);False;1;1679
;(7, 6);MoveWest;(17, 3);False;1;1680
;(7, 6);MoveWest;(17, 3);False;1;1681
;(7, 6);MoveWest;(17, 3);False;1;1682
;(7, 6);MoveWest;(17, 3);False;1;1683
;(7, 6);MoveWest;(17, 3);False;1;1684
;(7, 6);MoveWest;(16, 3);False;1;1685
;(7, 6);MoveSouthWest;(16, 3);False;1;1686
;(7, 6);MoveSouthWest;(16, 3);False;1;1687
;(7, 6);MoveSouthWest;(16, 3);False;1;1688
;(7, 6);MoveSouthWest;(16, 3);False;1;1689
;(7, 6);MoveSouthWest;(16, 3);False;1;1690
;(7, 6);MoveSouthWest;(16, 3);False;1;1691
;(7, 6);MoveSouthWest;(16, 3);False;1;1692
;(7, 6);MoveSouthWest;(16, 3);False;1;1693
GrabObject;(7, 6);MoveSouthWest;(16, 3);False;1;1694
;(7, 6);MoveSouthWest;(16, 3);False;1;1695
MoveWest;(6, 6);MoveSouthWest;(15, 4);False;1;1696
;(6, 6);MoveWest;(15, 4);False;1;1697
;(6, 6);MoveWest;(15, 4);False;1;1698
;(6, 6);MoveWest;(15, 4);False;1;1699
MoveWest;(5, 6);MoveWest;(15, 4);False;1;1700
;(5, 6);MoveWest;(15, 4);False;1;1701
;(5, 6);MoveWest;(15, 4);False;1;1702
MoveWest;(4, 6);MoveWest;(15, 4);False;1;1703
;(4, 6);MoveWest;(15, 4);False;1;1704
;(4, 6);MoveWest;(15, 4);False;1;1705
;(4, 6);MoveWest;(15, 4);False;1;1706
MoveWest;(3, 6);MoveWest;(14, 4);False;1;1707
;(3, 6);MoveWest;(14, 4);False;1;1708
;(3, 6);MoveWest;(14, 4);False;1;1709
MoveWest;(2, 6);MoveWest;(14, 4);False;1;1710
;(2, 6);MoveWest;(14, 4);False;1;1711
;(2, 6);MoveWest;(14, 4);False;1;1712
;(2, 6);MoveWest;(14, 4);False;1;1713
DropObject;(2, 6);MoveWest;(14, 4);False;1;1714
;(2, 6);MoveWest;(14, 4);False;1;1715
;(2, 6);MoveWest;(14, 4);False;1;1716
;(2, 6);MoveWest;(14, 4);False;1;1717
;(2, 6);MoveWest;(13, 4);False;1;1718
;(2, 6);MoveSouthWest;(13, 4);False;1;1719
MoveEast;(3, 6);MoveSouthWest;(13, 4);False;1;1720
;(3, 6);MoveSouthWest;(13, 4);False;1;1721
;(3, 6);MoveSouthWest;(13, 4);False;1;1722
;(3, 6);MoveSouthWest;(13, 4);False;1;1723
MoveEast;(4, 6);MoveSouthWest;(13, 4);False;1;1724
;(4, 6);MoveSouthWest;(13, 4);False;1;1725
;(4, 6);MoveSouthWest;(13, 4);False;1;1726
;(4, 6);MoveSouthWest;(13, 4);False;1;1727
MoveEast;(5, 6);MoveSouthWest;(13, 4);False;1;1728
;(5, 6);MoveSouthWest;(12, 5);False;1;1729
;(5, 6);Idle;(12, 5);False;1;1730
;(5, 6);Idle;(12, 5);False;1;1731
MoveEast;(6, 6);Idle;(12, 5);False;1;1732
;(6, 6);Idle;(12, 5);False;1;1733
;(6, 6);Idle;(12, 5);False;1;1734
MoveEast;(7, 6);Idle;(12, 5);False;1;1735
;(7, 6);Idle;(12, 5);False;1;1736
;(7, 6);Idle;(12, 5);False;1;1737
;(7, 6);Idle;(12, 5);False;1;1738
;(7, 6);Idle;(12, 5);False;1;1739
;(7, 6);Idle;(12, 5);False;1;1740
;(7, 6);Idle;(12, 5);False;1;1741
;(7, 6);Idle;(12, 5);False;1;1742
;(7, 6);Idle;(12, 5);False;1;1743
;(7, 6);Idle;(12, 5);False;1;1744
;(7, 6);Idle;(12, 5);False;1;1745
;(7, 6);Idle;(12, 5);False;1;1746
;(7, 6);Idle;(12, 5);False;1;1747
;(7, 6);Idle;(12, 5);False;1;1748
;(7, 6);Idle;(12, 5);False;1;1749
;(7, 6);Idle;(12, 5);False;1;1750
;(7, 6);Idle;(12, 5);False;1;1751
;(7, 6);Idle;(12, 5);False;1;1752
;(7, 6);Idle;(12, 5);False;1;1753
;(7, 6);Idle;(12, 5);False;1;1754
;(7, 6);Idle;(12, 5);False;1;1755
;(7, 6);Idle;(12, 5);False;1;1756
;(7, 6);Idle;(12, 5);False;1;1757
;(7, 6);Idle;(12, 5);False;1;1758
;(7, 6);Idle;(12, 5);False;1;1759
;(7, 6);Idle;(12, 5);False;1;1760
;(7, 6);Idle;(12, 5);False;1;1761
;(7, 6);Idle;(12, 5);False;1;1762
;(7, 6);Idle;(12, 5);False;1;1763
;(7, 6);Idle;(12, 5);False;1;1764
;(7, 6);Idle;(12, 5);False;1;1765
;(7, 6);Idle;(12, 5);False;1;1766
;(7, 6);Idle;(12, 5);False;1;1767
;(7, 6);Idle;(12, 5);False;1;1768
;(7, 6);Idle;(12, 5);False;1;1769
;(7, 6);Idle;(12, 5);False;1;1770
;(7, 6);Idle;(12, 5);False;1;1771
;(7, 6);Idle;(12, 5);False;1;1772
;(7, 6);Idle;(12, 5);False;1;1773
;(7, 6);Idle;(12, 5);False;1;1774
;(7, 6);Idle;(12, 5);False;1;1775
;(7, 6);Idle;(12, 5);False;1;1776
;(7, 6);Idle;(12, 5);False;1;1777
;(7, 6);Idle;(12, 5);False;1;1778
;(7, 6);Idle;(12, 5);False;1;1779
;(7, 6);Idle;(12, 5);False;1;1780
;(7, 6);Idle;(12, 5);False;1;1781
;(7, 6);Idle;(12, 5);False;1;1782
;(7, 6);Idle;(12, 5);False;1;1783
;(7, 6);Idle;(12, 5);False;1;1784
;(7, 6);;(12, 5);False;1;1785
;(7, 6);Idle;(12, 5);False;1;1786
;(7, 6);Idle;(12, 5);False;1;1787
;(7, 6);Idle;(12, 5);False;1;1788
;(7, 6);Idle;(12, 5);False;1;1789
;(7, 6);Idle;(12, 5);False;1;1790
;(7, 6);Idle;(12, 5);False;1;1791
;(7, 6);Idle;(12, 5);False;1;1792
;(7, 6);Idle;(12, 5);False;1;1793
;(7, 6);Idle;(12, 5);False;1;1794
;(7, 6);Idle;(12, 5);False;1;1795
;(7, 6);Idle;(12, 5);False;1;1796
;(7, 6);Idle;(12, 5);False;1;1797
;(7, 6);Idle;(12, 5);False;1;1798
;(7, 6);Idle;(12, 5);False;1;1799
;(7, 6);Idle;(12, 5);False;1;1800
;(7, 6);Idle;(12, 5);False;1;1801
;(7, 6);Idle;(12, 5);False;1;1802
;(7, 6);Idle;(12, 5);False;1;1803
;(7, 6);Idle;(12, 5);False;1;1804
;(7, 6);Idle;(12, 5);False;1;1805
;(7, 6);Idle;(12, 5);False;1;1806
;(7, 6);Idle;(12, 5);False;1;1807
;(7, 6);Idle;(12, 5);False;1;1808
;(7, 6);Idle;(12, 5);False;1;1809
;(7, 6);Idle;(12, 5);False;1;1810
;(7, 6);Idle;(12, 5);False;1;1811
;(7, 6);Idle;(12, 5);False;1;1812
;(7, 6);Idle;(12, 5);False;1;1813
;(7, 6);Idle;(12, 5);False;1;1814
;(7, 6);Idle;(12, 5);False;1;1815
;(7, 6);Idle;(12, 5);False;1;1816
;(7, 6);Idle;(12, 5);False;1;1817
;(7, 6);Idle;(12, 5);False;1;1818
;(7, 6);Idle;(12, 5);False;1;1819
;(7, 6);Idle;(12, 5);False;1;1820
;(7, 6);Idle;(12, 5);False;1;1821
;(7, 6);Idle;(12, 5);False;1;1822
;(7, 6);Idle;(12, 5);False;1;1823
;(7, 6);Idle;(12, 5);False;1;1824
;(7, 6);Idle;(12, 5);False;1;1825
;(7, 6);Idle;(12, 5);False;1;1826
;(7, 6);Idle;(12, 5);False;1;1827
;(7, 6);Idle;(12, 5);False;1;1828
;(7, 6);Idle;(12, 5);False;1;1829
;(7, 6);Idle;(12, 5);False;1;1830
;(7, 6);Idle;(12, 5);False;1;1831
MoveNorth;(7, 5);Idle;(12, 5);False;1;1832
;(7, 5);Idle;(12, 5);False;1;1833
;(7, 5);Idle;(12, 5);False;1;1834
;(7, 5);Idle;(12, 5);False;1;1835
;(7, 5);Idle;(12, 5);False;1;1836
;(7, 5);Idle;(12, 5);False;1;1837
;(7, 5);Idle;(12, 5);False;1;1838
;(7, 5);Idle;(12, 5);False;1;1839
;(7, 5);Idle;(12, 5);False;1;1840
;(7, 5);;(12, 5);False;1;1841
;(7, 5);Idle;(12, 5);False;1;1842
;(7, 5);Idle;(12, 5);False;1;1843
;(7, 5);Idle;(12, 5);False;1;1844
;(7, 5);Idle;(12, 5);False;1;1845
;(7, 5);Idle;(12, 5);False;1;1846
MoveSouth;(7, 6);Idle;(12, 5);False;1;1847
;(7, 6);Idle;(12, 5);False;1;1848
;(7, 6);Idle;(12, 5);False;1;1849
;(7, 6);Idle;(12, 5);False;1;1850
;(7, 6);Idle;(12, 5);False;1;1851
;(7, 6);Idle;(12, 5);False;1;1852
;(7, 6);Idle;(12, 5);False;1;1853
;(7, 6);Idle;(12, 5);False;1;1854
;(7, 6);Idle;(12, 5);False;1;1855
;(7, 6);Idle;(12, 5);False;1;1856
;(7, 6);Idle;(12, 5);False;1;1857
;(7, 6);Idle;(12, 5);False;1;1858
;(7, 6);Idle;(12, 5);False;1;1859
;(7, 6);Idle;(12, 5);False;1;1860
;(7, 6);Idle;(12, 5);False;1;1861
;(7, 6);Idle;(12, 5);False;1;1862
;(7, 6);Idle;(12, 5);False;1;1863
;(7, 6);Idle;(12, 5);False;1;1864
;(7, 6);Idle;(12, 5);False;1;1865
;(7, 6);Idle;(12, 5);False;1;1866
;(7, 6);Idle;(12, 5);False;1;1867
;(7, 6);Idle;(12, 5);False;1;1868
;(7, 6);Idle;(12, 5);False;1;1869
;(7, 6);Idle;(12, 5);False;1;1870
;(7, 6);Idle;(12, 5);False;1;1871
;(7, 6);Idle;(12, 5);False;1;1872
;(7, 6);Idle;(12, 5);False;1;1873
;(7, 6);Idle;(12, 5);False;1;1874
;(7, 6);Idle;(12, 5);False;1;1875
;(7, 6);Idle;(12, 5);False;1;1876
;(7, 6);Idle;(12, 5);False;1;1877
;(7, 6);Idle;(12, 5);False;1;1878
;(7, 6);Idle;(12, 5);False;1;1879
;(7, 6);Idle;(12, 5);False;1;1880
;(7, 6);Idle;(12, 5);False;1;1881
;(7, 6);Idle;(12, 5);False;1;1882
;(7, 6);Idle;(12, 5);False;1;1883
;(7, 6);Idle;(12, 5);False;1;1884
;(7, 6);Idle;(12, 5);False;1;1885
;(7, 6);Idle;(12, 5);False;1;1886
;(7, 6);Idle;(12, 5);False;1;1887
;(7, 6);Idle;(12, 5);False;1;1888
;(7, 6);Idle;(12, 5);False;1;1889
;(7, 6);Idle;(12, 5);False;1;1890
;(7, 6);Idle;(12, 5);False;1;1891
;(7, 6);Idle;(12, 5);False;1;1892
;(7, 6);Idle;(12, 5);False;1;1893
;(7, 6);Idle;(12, 5);False;1;1894
;(7, 6);Idle;(12, 5);False;1;1895
;(7, 6);Idle;(12, 5);False;1;1896
;(7, 6);;(12, 5);False;1;1897
;(7, 6);MoveEast;(12, 5);False;1;1898
;(7, 6);MoveEast;(12, 5);False;1;1899
;(7, 6);MoveEast;(12, 5);False;1;1900
;(7, 6);MoveEast;(12, 5);False;1;1901
;(7, 6);MoveEast;(12, 5);False;1;1902
;(7, 6);MoveEast;(12, 5);False;1;1903
;(7, 6);MoveEast;(12, 5);False;1;1904
;(7, 6);MoveEast;(12, 5);False;1;1905
;(7, 6);MoveEast;(12, 5);False;1;1906
;(7, 6);MoveEast;(12, 5);False;1;1907
;(7, 6);MoveEast;(13, 5);False;1;1908
;(7, 6);MoveEast;(13, 5);False;1;1909
;(7, 6);MoveEast;(13, 5);False;1;1910
;(7, 6);MoveEast;(13, 5);False;1;1911
;(7, 6);MoveEast;(13, 5);False;1;1912
;(7, 6);MoveEast;(13, 5);False;1;1913
;(7, 6);MoveEast;(13, 5);False;1;1914
;(7, 6);MoveEast;(13, 5);False;1;1915
;(7, 6);MoveEast;(13, 5);False;1;1916
;(7, 6);MoveEast;(13, 5);False;1;1917
;(7, 6);MoveEast;(13, 5);False;1;1918
;(7, 6);MoveEast;(14, 5);False;1;1919
;(7, 6);MoveWest;(14, 5);False;1;1920
;(7, 6);MoveWest;(14, 5);False;1;1921
;(7, 6);MoveWest;(14, 5);False;1;1922
;(7, 6);MoveWest;(14, 5);False;1;1923
;(7, 6);MoveWest;(14, 5);False;1;1924
;(7, 6);MoveWest;(14, 5);False;1;1925
;(7, 6);MoveWest;(14, 5);False;1;1926
;(7, 6);MoveWest;(14, 5);False;1;1927
;(7, 6);MoveWest;(14, 5);False;1;1928
;(7, 6);MoveWest;(14, 5);False;1;1929
;(7, 6);MoveWest;(13, 5);False;1;1930
;(7, 6);MoveWest;(13, 5);False;1;1931
;(7, 6);MoveWest;(13, 5);False;1;1932
;(7, 6);MoveWest;(13, 5);False;1;1933
;(7, 6);MoveWest;(13, 5);False;1;1934
;(7, 6);MoveWest;(13, 5);False;1;1935
;(7, 6);MoveWest;(13, 5);False;1;1936
;(7, 6);MoveWest;(13, 5);False;1;1937
;(7, 6);MoveWest;(13, 5);False;1;1938
;(7, 6);MoveWest;(13, 5);False;1;1939
;(7, 6);MoveWest;(13, 5);False;1;1940
;(7, 6);MoveWest;(12, 5);False;1;1941
;(7, 6);MoveEast;(12, 5);False;1;1942
;(7, 6);MoveEast;(12, 5);False;1;1943
;(7, 6);MoveEast;(12, 5);False;1;1944
;(7, 6);MoveEast;(12, 5);False;1;1945
;(7, 6);MoveEast;(12, 5);False;1;1946
;(7, 6);MoveEast;(12, 5);False;1;1947
;(7, 6);MoveEast;(12, 5);False;1;1948
;(7, 6);MoveEast;(12, 5);False;1;1949
;(7, 6);MoveEast;(12, 5);False;1;1950
;(7, 6);MoveEast;(12, 5);False;1;1951
;(7, 6);MoveEast;(13, 5);False;1;1952
;(7, 6);MoveEast;(13, 5);False;1;1953
;(7, 6);MoveEast;(13, 5);False;1;1954
;(7, 6);MoveEast;(13, 5);False;1;1955
;(7, 6);MoveEast;(13, 5);False;1;1956
;(7, 6);MoveEast;(13, 5);False;1;1957
;(7, 6);MoveEast;(13, 5);False;1;1958
;(7, 6);MoveEast;(13, 5);False;1;1959
;(7, 6);MoveEast;(13, 5);False;1;1960
;(7, 6);MoveEast;(13, 5);False;1;1961
;(7, 6);MoveEast;(13, 5);False;1;1962
;(7, 6);MoveEast;(14, 5);False;1;1963
;(7, 6);MoveWest;(14, 5);False;1;1964
;(7, 6);MoveWest;(14, 5);False;1;1965
;(7, 6);MoveWest;(14, 5);False;1;1966
;(7, 6);MoveWest;(14, 5);False;1;1967
;(7, 6);MoveWest;(14, 5);False;1;1968
;(7, 6);MoveWest;(14, 5);False;1;1969
;(7, 6);MoveWest;(14, 5);False;1;1970
;(7, 6);MoveWest;(14, 5);False;1;1971
;(7, 6);MoveWest;(14, 5);False;1;1972
;(7, 6);MoveWest;(14, 5);False;1;1973
;(7, 6);MoveWest;(13, 5);False;1;1974
;(7, 6);MoveWest;(13, 5);False;1;1975
;(7, 6);MoveWest;(13, 5);False;1;1976
;(7, 6);MoveWest;(13, 5);False;1;1977
;(7, 6);MoveWest;(13, 5);False;1;1978
;(7, 6);MoveWest;(13, 5);False;1;1979
;(7, 6);MoveWest;(13, 5);False;1;1980
;(7, 6);MoveWest;(13, 5);False;1;1981
;(7, 6);MoveWest;(13, 5);False;1;1982
;(7, 6);MoveWest;(13, 5);False;1;1983
;(7, 6);MoveWest;(13, 5);False;1;1984
;(7, 6);MoveWest;(12, 5);False;1;1985
;(7, 6);MoveEast;(12, 5);False;1;1986
;(7, 6);MoveEast;(12, 5);False;1;1987
;(7, 6);MoveEast;(12, 5);False;1;1988
;(7, 6);MoveEast;(12, 5);False;1;1989
;(7, 6);MoveEast;(12, 5);False;1;1990
;(7, 6);MoveEast;(12, 5);False;1;1991
;(7, 6);MoveEast;(12, 5);False;1;1992
;(7, 6);MoveEast;(12, 5);False;1;1993
;(7, 6);MoveEast;(12, 5);False;1;1994
;(7, 6);MoveEast;(12, 5);False;1;1995
;(7, 6);MoveEast;(13, 5);False;1;1996
;(7, 6);MoveEast;(13, 5);False;1;1997
;(7, 6);MoveEast;(13, 5);False;1;1998
;(7, 6);MoveEast;(13, 5);False;1;1999
;(7, 6);MoveEast;(13, 5);False;1;2000
;(7, 6);MoveEast;(13, 5);False;1;2001
;(7, 6);MoveEast;(13, 5);False;1;2002
;(7, 6);MoveEast;(13, 5);False;1;2003
;(7, 6);MoveEast;(13, 5);False;1;2004
;(7, 6);MoveEast;(13, 5);False;1;2005
;(7, 6);MoveEast;(13, 5);False;1;2006
;(7, 6);MoveEast;(14, 5);False;1;2007
;(7, 6);MoveWest;(14, 5);False;1;2008
;(7, 6);MoveWest;(14, 5);False;1;2009
;(7, 6);MoveWest;(14, 5);False;1;2010
;(7, 6);MoveWest;(14, 5);False;1;2011
;(7, 6);MoveWest;(14, 5);False;1;2012
;(7, 6);MoveWest;(14, 5);False;1;2013
;(7, 6);MoveWest;(14, 5);False;1;2014
;(7, 6);MoveWest;(14, 5);False;1;2015
;(7, 6);MoveWest;(14, 5);False;1;2016
;(7, 6);MoveWest;(14, 5);False;1;2017
;(7, 6);MoveWest;(13, 5);False;1;2018
;(7, 6);MoveWest;(13, 5);False;1;2019
;(7, 6);MoveWest;(13, 5);False;1;2020
;(7, 6);MoveWest;(13, 5);False;1;2021
;(7, 6);MoveWest;(13, 5);False;1;2022
;(7, 6);MoveWest;(13, 5);False;1;2023
;(7, 6);MoveWest;(13, 5);False;1;2024
;(7, 6);MoveWest;(13, 5);False;1;2025
;(7, 6);MoveWest;(13, 5);False;1;2026
;(7, 6);MoveWest;(13, 5);False;1;2027
;(7, 6);MoveWest;(13, 5);False;1;2028
;(7, 6);MoveWest;(12, 5);False;1;2029
;(7, 6);;(12, 5);False;1;2030
;(7, 6);MoveWest;(12, 5);False;1;2031
;(7, 6);MoveWest;(12, 5);False;1;2032
;(7, 6);MoveWest;(12, 5);False;1;2033
;(7, 6);MoveWest;(12, 5);False;1;2034
;(7, 6);MoveWest;(12, 5);False;1;2035
;(7, 6);MoveWest;(12, 5);False;1;2036
;(7, 6);MoveWest;(12, 5);False;1;2037
;(7, 6);MoveWest;(12, 5);False;1;2038
;(7, 6);MoveWest;(12, 5);False;1;2039
;(7, 6);MoveWest;(12, 5);False;1;2040
;(7, 6);MoveWest;(11, 5);False;1;2041
;(7, 6);MoveWest;(11, 5);False;1;2042
;(7, 6);MoveWest;(11, 5);False;1;2043
;(7, 6);MoveWest;(11, 5);False;1;2044
;(7, 6);MoveWest;(11, 5);False;1;2045
;(7, 6);MoveWest;(11, 5);False;1;2046
;(7, 6);MoveWest;(11, 5);False;1;2047
;(7, 6);MoveWest;(11, 5);False;1;2048
;(7, 6);MoveWest;(11, 5);False;1;2049
;(7, 6);MoveWest;(11, 5);False;1;2050
;(7, 6);MoveWest;(11, 5);False;1;2051
;(7, 6);MoveWest;(10, 5);False;1;2052
;(7, 6);MoveWest;(10, 5);False;1;2053
;(7, 6);MoveWest;(10, 5);False;1;2054
;(7, 6);MoveWest;(10, 5);False;1;2055
;(7, 6);MoveWest;(10, 5);False;1;2056
;(7, 6);MoveWest;(10, 5);False;1;2057
;(7, 6);MoveWest;(10, 5);False;1;2058
;(7, 6);MoveWest;(10, 5);False;1;2059
;(7, 6);MoveWest;(10, 5);False;1;2060
;(7, 6);MoveWest;(10, 5);False;1;2061
;(7, 6);MoveWest;(10, 5);False;1;2062
;(7, 6);MoveWest;(9, 5);False;1;2063
;(7, 6);MoveSouthWest;(9, 5);False;1;2064
;(7, 6);MoveSouthWest;(9, 5);False;1;2065
;(7, 6);MoveSouthWest;(9, 5);False;1;2066
;(7, 6);MoveSouthWest;(9, 5);False;1;2067
;(7, 6);MoveSouthWest;(9, 5);False;1;2068
;(7, 6);MoveSouthWest;(9, 5);False;1;2069
;(7, 6);MoveSouthWest;(9, 5);False;1;2070
;(7, 6);MoveSouthWest;(9, 5);False;1;2071
;(7, 6);MoveSouthWest;(9, 5);False;1;2072
;(7, 6);MoveSouthWest;(9, 5);False;1;2073
;(7, 6);MoveSouthWest;(8, 6);False;1;2074
;(7, 6);MoveWest;(8, 6);False;1;2075
;(7, 6);MoveWest;(8, 6);False;1;2076
;(7, 6);MoveWest;(8, 6);False;1;2077
;(7, 6);MoveWest;(8, 6);False;1;2078
;(7, 6);MoveWest;(8, 6);False;1;2079
;(7, 6);MoveWest;(8, 6);False;1;2080
;(7, 6);MoveWest;(8, 6);False;1;2081
;(7, 6);MoveWest;(8, 6);False;1;2082
;(7, 6);MoveWest;(8, 6);False;1;2083
;(7, 6);MoveWest;(8, 6);False;1;2084
;(7, 6);MoveWest;(7, 6);False;1;2085
;(7, 6);MoveWest;(7, 6);False;1;2086
;(7, 6);MoveWest;(7, 6);False;1;2087
;(7, 6);MoveWest;(7, 6);False;1;2088
;(7, 6);MoveWest;(7, 6);False;1;2089
;(7, 6);MoveWest;(7, 6);False;1;2090
;(7, 6);MoveWest;(7, 6);False;1;2091
;(7, 6);MoveWest;(7, 6);False;1;2092
;(7, 6);MoveWest;(7, 6);False;1;2093
;(7, 6);MoveWest;(7, 6);False;1;2094
;(7, 6);MoveWest;(7, 6);False;1;2095
;(7, 6);MoveWest;(6, 6);False;1;2096
;(7, 6);MoveSouthWest;(6, 6);False;1;2097
;(7, 6);MoveSouthWest;(6, 6);False;1;2098
;(7, 6);MoveSouthWest;(6, 6);False;1;2099
;(7, 6);MoveSouthWest;(6, 6);False;1;2100
;(7, 6);MoveSouthWest;(6, 6);False;1;2101
;(7, 6);MoveSouthWest;(6, 6);False;1;2102
;(7, 6);MoveSouthWest;(6, 6);False;1;2103
;(7, 6);MoveSouthWest;(6, 6);False;1;2104
;(7, 6);MoveSouthWest;(6, 6);False;1;2105
;(7, 6);MoveSouthWest;(6, 6);False;1;2106
;(7, 6);MoveSouthWest;(5, 7);False;1;2107
;(7, 6);GrabLargeObject;(5, 7);False;1;2108
;(7, 6);GrabLargeObject;(5, 7);False;1;2109
;(7, 6);GrabLargeObject;(5, 7);False;1;2110
;(7, 6);GrabLargeObject;(5, 7);False;1;2111
;(7, 6);GrabLargeObject;(5, 7);False;1;2112
;(7, 6);GrabLargeObject;(5, 7);False;1;2113
;(7, 6);GrabLargeObject;(5, 7);False;1;2114
;(7, 6);GrabLargeObject;(5, 7);False;1;2115
;(7, 6);GrabLargeObject;(5, 7);False;1;2116
;(7, 6);GrabLargeObject;(5, 7);False;1;2117
;(7, 6);GrabLargeObject;(5, 7);False;1;2118
;(7, 6);;(5, 7);False;1;2119
;(7, 6);;(5, 7);False;1;2120
;(7, 6);MoveEast;(5, 7);False;1;2121
;(7, 6);MoveEast;(5, 7);False;1;2122
;(7, 6);MoveEast;(5, 7);False;1;2123
;(7, 6);MoveEast;(5, 7);False;1;2124
;(7, 6);MoveEast;(5, 7);False;1;2125
;(7, 6);MoveEast;(5, 7);False;1;2126
;(7, 6);MoveEast;(5, 7);False;1;2127
;(7, 6);MoveEast;(5, 7);False;1;2128
;(7, 6);MoveEast;(5, 7);False;1;2129
;(7, 6);MoveEast;(5, 7);False;1;2130
;(7, 6);MoveEast;(6, 7);False;1;2131
;(7, 6);MoveEast;(6, 7);False;1;2132
;(7, 6);MoveEast;(6, 7);False;1;2133
;(7, 6);MoveEast;(6, 7);False;1;2134
;(7, 6);MoveEast;(6, 7);False;1;2135
;(7, 6);MoveEast;(6, 7);False;1;2136
;(7, 6);MoveEast;(6, 7);False;1;2137
;(7, 6);MoveEast;(6, 7);False;1;2138
;(7, 6);MoveEast;(6, 7);False;1;2139
;(7, 6);MoveEast;(6, 7);False;1;2140
;(7, 6);MoveEast;(6, 7);False;1;2141
;(7, 6);MoveEast;(7, 7);False;1;2142
;(7, 6);DropLargeObject;(7, 7);False;1;2143
;(7, 6);DropLargeObject;(7, 7);False;1;2144
;(7, 6);DropLargeObject;(7, 7);False;1;2145
;(7, 6);DropLargeObject;(7, 7);False;1;2146
;(7, 6);DropLargeObject;(7, 7);False;1;2147
;(7, 6);DropLargeObject;(7, 7);False;1;2148
;(7, 6);DropLargeObject;(7, 7);False;1;2149
;(7, 6);DropLargeObject;(7, 7);False;1;2150
;(7, 6);DropLargeObject;(7, 7);False;1;2151
;(7, 6);DropLargeObject;(7, 7);False;1;2152
;(7, 6);DropLargeObject;(7, 7);False;1;2153
;(7, 6);;(7, 7);False;1;2154
;(7, 6);MoveWest;(7, 7);False;1;2155
;(7, 6);MoveWest;(7, 7);False;1;2156
;(7, 6);MoveWest;(7, 7);False;1;2157
;(7, 6);MoveWest;(7, 7);False;1;2158
;(7, 6);MoveWest;(7, 7);False;1;2159
;(7, 6);MoveWest;(7, 7);False;1;2160
;(7, 6);MoveWest;(7, 7);False;1;2161
;(7, 6);MoveWest;(7, 7);False;1;2162
;(7, 6);MoveWest;(7, 7);False;1;2163
;(7, 6);MoveWest;(7, 7);False;1;2164
;(7, 6);MoveWest;(6, 7);False;1;2165
;(7, 6);MoveWest;(6, 7);False;1;2166
;(7, 6);MoveWest;(6, 7);False;1;2167
;(7, 6);MoveWest;(6, 7);False;1;2168
;(7, 6);MoveWest;(6, 7);False;1;2169
;(7, 6);MoveWest;(6, 7);False;1;2170
;(7, 6);MoveWest;(6, 7);False;1;2171
;(7, 6);MoveWest;(6, 7);False;1;2172
;(7, 6);MoveWest;(6, 7);False;1;2173
;(7, 6);MoveWest;(6, 7);False;1;2174
;(7, 6);MoveWest;(6, 7);False;1;2175
;(7, 6);MoveWest;(5, 7);False;1;2176
;(7, 6);MoveWest;(5, 7);False;1;2177
;(7, 6);MoveWest;(5, 7);False;1;2178
;(7, 6);MoveWest;(5, 7);False;1;2179
;(7, 6);MoveWest;(5, 7);False;1;2180
;(7, 6);MoveWest;(5, 7);False;1;2181
;(7, 6);MoveWest;(5, 7);False;1;2182
;(7, 6);MoveWest;(5, 7);False;1;2183
;(7, 6);MoveWest;(5, 7);False;1;2184
;(7, 6);MoveWest;(5, 7);False;1;2185
;(7, 6);MoveWest;(5, 7);False;1;2186
;(7, 6);MoveWest;(4, 7);False;1;2187
;(7, 6);MoveNorthWest;(4, 7);False;1;2188
;(7, 6);MoveNorthWest;(4, 7);False;1;2189
;(7, 6);MoveNorthWest;(4, 7);False;1;2190
;(7, 6);MoveNorthWest;(4, 7);False;1;2191
;(7, 6);MoveNorthWest;(4, 7);False;1;2192
;(7, 6);MoveNorthWest;(4, 7);False;1;2193
;(7, 6);MoveNorthWest;(4, 7);False;1;2194
;(7, 6);MoveNorthWest;(4, 7);False;1;2195
;(7, 6);MoveNorthWest;(4, 7);False;1;2196
;(7, 6);MoveNorthWest;(4, 7);False;1;2197
;(7, 6);MoveNorthWest;(3, 6);False;1;2198
;(7, 6);MoveWest;(3, 6);False;1;2199
;(7, 6);MoveWest;(3, 6);False;1;2200
;(7, 6);MoveWest;(3, 6);False;1;2201
;(7, 6);MoveWest;(3, 6);False;1;2202
;(7, 6);MoveWest;(3, 6);False;1;2203
;(7, 6);MoveWest;(3, 6);False;1;2204
;(7, 6);MoveWest;(3, 6);False;1;2205
;(7, 6);MoveWest;(3, 6);False;1;2206
;(7, 6);MoveWest;(3, 6);False;1;2207
;(7, 6);MoveWest;(3, 6);False;1;2208
;(7, 6);MoveWest;(2, 6);False;1;2209
;(7, 6);MoveNorthWest;(2, 6);False;1;2210
;(7, 6);MoveNorthWest;(2, 6);False;1;2211
;(7, 6);MoveNorthWest;(2, 6);False;1;2212
;(7, 6);MoveNorthWest;(2, 6);False;1;2213
;(7, 6);MoveNorthWest;(2, 6);False;1;2214
;(7, 6);MoveNorthWest;(2, 6);False;1;2215
;(7, 6);MoveNorthWest;(2, 6);False;1;2216
;(7, 6);MoveNorthWest;(2, 6);False;1;2217
;(7, 6);MoveNorthWest;(2, 6);False;1;2218
;(7, 6);MoveNorthWest;(2, 6);False;1;2219
;(7, 6);MoveNorthWest;(1, 5);False;1;2220
;(7, 6);MoveWest;(1, 5);False;1;2221
;(7, 6);MoveWest;(1, 5);False;1;2222
;(7, 6);MoveWest;(1, 5);False;1;2223
;(7, 6);MoveWest;(1, 5);False;1;2224
;(7, 6);MoveWest;(1, 5);False;1;2225
;(7, 6);MoveWest;(1, 5);False;1;2226
;(7, 6);MoveWest;(1, 5);False;1;2227
;(7, 6);MoveWest;(1, 5);False;1;2228
;(7, 6);MoveWest;(1, 5);False;1;2229
;(7, 6);MoveWest;(1, 5);False;1;2230
;(7, 6);MoveWest;(0, 5);False;1;2231
;(7, 6);BreakObject;(0, 5);False;1;2232
;(7, 6);BreakObject;(0, 5);False;1;2233
;(7, 6);BreakObject;(0, 5);False;1;2234
;(7, 6);BreakObject;(0, 5);False;1;2235
;(7, 6);BreakObject;(0, 5);False;1;2236
;(7, 6);BreakObject;(0, 5);False;1;2237
;(7, 6);BreakObject;(0, 5);False;1;2238
;(7, 6);BreakObject;(0, 5);False;1;2239
;(7, 6);BreakObject;(0, 5);False;1;2240
;(7, 6);BreakObject;(0, 5);False;1;2241
;(7, 6);BreakObject;(0, 5);False;1;2242
;(7, 6);;(0, 5);False;1;2243
;(7, 6);;(0, 5);False;1;2244
;(7, 6);;(0, 5);False;1;2245
;(7, 6);;(0, 5);False;1;2246
;(7, 6);;(0, 5);False;1;2247
;(7, 6);;(0, 5);False;1;2248
;(7, 6);;(0, 5);False;1;2249
;(7, 6);;(0, 5);False;1;2250
;(7, 6);;(0, 5);False;1;2251
;(7, 6);;(0, 5);False;1;2252
;(7, 6);;(0, 5);False;1;2253
;(7, 6);;(0, 5);False;1;2254
;(7, 6);;(0, 5);False;1;2255
;(7, 6);;(0, 5);False;1;2256
;(7, 6);;(0, 5);False;1;2257
;(7, 6);;(0, 5);False;1;2258
;(7, 6);;(0, 5);False;1;2259
;(7, 6);;(0, 5);False;1;2260
;(7, 6);;(0, 5);False;1;2261
;(7, 6);;(0, 5);False;1;2262
;(7, 6);;(0, 5);False;1;2263
;(7, 6);;(0, 5);False;1;2264
;(7, 6);;(0, 5);False;1;2265
;(7, 6);;(0, 5);False;1;2266
;(7, 6);;(0, 5);False;1;2267
;(7, 6);;(0, 5);False;1;2268
;(7, 6);;(0, 5);False;1;2269
;(7, 6);;(0, 5);False;1;2270
;(7, 6);;(0, 5);False;1;2271
;(7, 6);;(0, 5);False;1;2272
;(7, 6);;(0, 5);False;1;2273
;(7, 6);;(0, 5);False;1;2274
;(7, 6);;(0, 5);False;1;2275
;(7, 6);;(0, 5);False;1;2276
;(7, 6);;(0, 5);False;1;2277
;(7, 6);;(0, 5);False;1;2278
;(7, 6);;(0, 5);False;1;2279
;(7, 6);;(0, 5);False;1;2280
;(7, 6);;(0, 5);False;1;2281
;(7, 6);;(0, 5);False;1;2282
;(7, 6);;(0, 5);False;1;2283
;(7, 6);;(0, 5);False;1;2284
;(7, 6);;(0, 5);False;1;2285
;(7, 6);;(0, 5);False;1;2286
;(7, 6);;(0, 5);False;1;2287
;(7, 6);;(0, 5);False;1;2288
;(7, 6);;(0, 5);False;1;2289
;(7, 6);;(0, 5);False;1;2290
;(7, 6);;(0, 5);False;1;2291
;(7, 6);;(0, 5);False;1;2292
;(7, 6);;(0, 5);False;1;2293
;(7, 6);;(0, 5);False;1;2294
;(7, 6);;(0, 5);False;1;2295
;(7, 6);;(0, 5);False;1;2296
;(7, 6);;(0, 5);False;1;2297
;(7, 6);;(0, 5);False;1;2298
;(7, 6);;(0, 5);False;1;2299
;(7, 6);;(0, 5);False;1;2300
;(7, 6);;(0, 5);False;1;2301
;(7, 6);;(0, 5);False;1;2302
;(7, 6);;(0, 5);False;1;2303
;(7, 6);;(0, 5);False;1;2304
;(7, 6);;(0, 5);False;1;2305
;(7, 6);;(0, 5);False;1;2306
;(7, 6);;(0, 5);False;1;2307
;(7, 6);;(0, 5);False;1;2308
;(7, 6);;(0, 5);False;1;2309
;(7, 6);;(0, 5);False;1;2310
;(7, 6);;(0, 5);False;1;2311
;(7, 6);;(0, 5);False;1;2312
;(7, 6);;(0, 5);False;1;2313
;(7, 6);;(0, 5);False;1;2314
;(7, 6);;(0, 5);False;1;2315
MoveSouth;(7, 7);;(0, 5);False;1;2316
;(7, 7);;(0, 5);False;1;2317
GrabObject;(7, 7);MoveEast;(0, 5);False;1;2318
;(7, 7);MoveEast;(0, 5);False;1;2319
;(7, 7);MoveEast;(0, 5);False;1;2320
;(7, 7);MoveEast;(0, 5);False;1;2321
;(7, 7);MoveEast;(0, 5);False;1;2322
;(7, 7);MoveEast;(0, 5);False;1;2323
;(7, 7);MoveEast;(0, 5);False;1;2324
;(7, 7);MoveEast;(0, 5);False;1;2325
;(7, 7);MoveEast;(0, 5);False;1;2326
MoveWest;(6, 7);MoveEast;(0, 5);False;1;2327
;(6, 7);MoveEast;(1, 5);False;1;2328
;(6, 7);MoveEast;(1, 5);False;1;2329
;(6, 7);MoveEast;(1, 5);False;1;2330
MoveWest;(5, 7);MoveEast;(1, 5);False;1;2331
;(5, 7);MoveEast;(1, 5);False;1;2332
;(5, 7);MoveEast;(1, 5);False;1;2333
;(5, 7);MoveEast;(1, 5);False;1;2334
MoveWest;(4, 7);MoveEast;(1, 5);False;1;2335
;(4, 7);MoveEast;(1, 5);False;1;2336
;(4, 7);MoveEast;(1, 5);False;1;2337
MoveWest;(3, 7);MoveEast;(1, 5);False;1;2338
;(3, 7);MoveEast;(2, 5);False;1;2339
;(3, 7);MoveEast;(2, 5);False;1;2340
MoveWest;(2, 7);MoveEast;(2, 5);False;1;2341
;(2, 7);MoveEast;(2, 5);False;1;2342
;(2, 7);MoveEast;(2, 5);False;1;2343
;(2, 7);MoveEast;(2, 5);False;1;2344
MoveWest;(1, 7);MoveEast;(2, 5);False;1;2345
;(1, 7);MoveEast;(2, 5);False;1;2346
;(1, 7);MoveEast;(2, 5);False;1;2347
;(1, 7);MoveEast;(2, 5);False;1;2348
DropObject;(1, 7);MoveEast;(2, 5);False;1;2349
;(1, 7);MoveEast;(3, 5);False;1;2350
;(1, 7);MoveSouthEast;(3, 5);False;1;2351
;(1, 7);MoveSouthEast;(3, 5);False;1;2352
MoveEast;(2, 7);MoveSouthEast;(3, 5);False;1;2353
;(2, 7);MoveSouthEast;(3, 5);False;1;2354
;(2, 7);MoveSouthEast;(3, 5);False;1;2355
;(2, 7);MoveSouthEast;(3, 5);False;1;2356
MoveEast;(3, 7);MoveSouthEast;(3, 5);False;1;2357
;(3, 7);MoveSouthEast;(3, 5);False;1;2358
;(3, 7);MoveSouthEast;(3, 5);False;1;2359
;(3, 7);MoveSouthEast;(3, 5);False;1;2360
MoveEast;(4, 7);MoveSouthEast;(4, 6);False;1;2361
MoveSouth;(4, 8);MoveEast;(4, 6);False;1;2362
;(4, 8);MoveEast;(4, 6);False;1;2363
;(4, 8);MoveEast;(4, 6);False;1;2364
MoveEast;(5, 8);MoveEast;(4, 6);False;1;2365
;(5, 8);MoveEast;(4, 6);False;1;2366
;(5, 8);MoveEast;(4, 6);False;1;2367
;(5, 8);MoveEast;(4, 6);False;1;2368
;(5, 8);MoveEast;(4, 6);False;1;2369
MoveEast;(6, 8);MoveEast;(4, 6);False;1;2370
;(6, 8);MoveEast;(4, 6);False;1;2371
;(6, 8);MoveEast;(5, 6);False;1;2372
;(6, 8);MoveEast;(5, 6);False;1;2373
MoveEast;(7, 8);MoveEast;(5, 6);False;1;2374
;(7, 8);MoveEast;(5, 6);False;1;2375
;(7, 8);MoveEast;(5, 6);False;1;2376
;(7, 8);MoveEast;(5, 6);False;1;2377
;(7, 8);MoveEast;(5, 6);False;1;2378
;(7, 8);MoveEast;(5, 6);False;1;2379
;(7, 8);MoveEast;(5, 6);False;1;2380
;(7, 8);MoveEast;(5, 6);False;1;2381
;(7, 8);MoveEast;(5, 6);False;1;2382
;(7, 8);MoveEast;(6, 6);False;1;2383
;(7, 8);MoveSouthEast;(6, 6);False;1;2384
;(7, 8);MoveSouthEast;(6, 6);False;1;2385
;(7, 8);MoveSouthEast;(6, 6);False;1;2386
;(7, 8);MoveSouthEast;(6, 6);False;1;2387
;(7, 8);MoveSouthEast;(6, 6);False;1;2388
;(7, 8);MoveSouthEast;(6, 6);False;1;2389
;(7, 8);MoveSouthEast;(6, 6);False;1;2390
;(7, 8);MoveSouthEast;(6, 6);False;1;2391
;(7, 8);MoveSouthEast;(6, 6);False;1;2392
GrabObject;(7, 8);MoveSouthEast;(6, 6);False;1;2393
;(7, 8);MoveSouthEast;(7, 7);False;1;2394
;(7, 8);GrabObject;(7, 7);False;1;2395
MoveWest;(6, 8);GrabObject;(7, 7);False;1;2396
;(6, 8);GrabObject;(7, 7);False;1;2397
;(6, 8);GrabObject;(7, 7);False;1;2398
;(6, 8);GrabObject;(7, 7);False;1;2399
MoveWest;(5, 8);GrabObject;(7, 7);False;1;2400
;(5, 8);GrabObject;(7, 7);False;1;2401
;(5, 8);GrabObject;(7, 7);False;1;2402
MoveWest;(4, 8);GrabObject;(7, 7);False;1;2403
;(4, 8);GrabObject;(7, 7);False;1;2404
;(4, 8);GrabObject;(7, 7);False;1;2405
MoveWest;(3, 8);;(7, 7);False;1;2406
;(3, 8);MoveEast;(7, 7);False;1;2407
;(3, 8);MoveEast;(7, 7);False;1;2408
;(3, 8);MoveEast;(7, 7);False;1;2409
MoveWest;(2, 8);MoveEast;(7, 7);False;1;2410
;(2, 8);MoveEast;(7, 7);False;1;2411
;(2, 8);MoveEast;(7, 7);False;1;2412
;(2, 8);MoveEast;(7, 7);False;1;2413
;(2, 8);MoveEast;(7, 7);False;1;2414
;(2, 8);MoveEast;(7, 7);False;1;2415
;(2, 8);MoveEast;(7, 7);False;1;2416
;(2, 8);MoveEast;(8, 7);False;1;2417
DropObject;(2, 8);MoveNorthEast;(8, 7);False;1;2418
;(2, 8);MoveNorthEast;(8, 7);False;1;2419
;(2, 8);MoveNorthEast;(8, 7);False;1;2420
;(2, 8);MoveNorthEast;(8, 7);False;1;2421
MoveEast;(3, 8);MoveNorthEast;(8, 7);False;1;2422
;(3, 8);MoveNorthEast;(8, 7);False;1;2423
;(3, 8);MoveNorthEast;(8, 7);False;1;2424
;(3, 8);MoveNorthEast;(8, 7);False;1;2425
MoveEast;(4, 8);MoveNorthEast;(8, 7);False;1;2426
;(4, 8);MoveNorthEast;(8, 7);False;1;2427
;(4, 8);MoveNorthEast;(9, 6);False;1;2428
;(4, 8);MoveEast;(9, 6);False;1;2429
MoveEast;(5, 8);MoveEast;(9, 6);False;1;2430
;(5, 8);MoveEast;(9, 6);False;1;2431
;(5, 8);MoveEast;(9, 6);False;1;2432
;(5, 8);MoveEast;(9, 6);False;1;2433
;(5, 8);MoveEast;(9, 6);False;1;2434
MoveEast;(6, 8);MoveEast;(9, 6);False;1;2435
;(6, 8);MoveEast;(9, 6);False;1;2436
;(6, 8);MoveEast;(9, 6);False;1;2437
;(6, 8);MoveEast;(9, 6);False;1;2438
;(6, 8);MoveEast;(10, 6);False;1;2439
MoveEast;(7, 8);MoveNorthEast;(10, 6);False;1;2440
;(7, 8);MoveNorthEast;(10, 6);False;1;2441
;(7, 8);MoveNorthEast;(10, 6);False;1;2442
;(7, 8);MoveNorthEast;(10, 6);False;1;2443
;(7, 8);MoveNorthEast;(10, 6);False;1;2444
MoveSouth;(7, 9);MoveNorthEast;(10, 6);False;1;2445
;(7, 9);MoveNorthEast;(10, 6);False;1;2446
;(7, 9);MoveNorthEast;(10, 6);False;1;2447
;(7, 9);MoveNorthEast;(10, 6);False;1;2448
;(7, 9);MoveNorthEast;(10, 6);False;1;2449
;(7, 9);MoveNorthEast;(11, 5);False;1;2450
;(7, 9);MoveEast;(11, 5);False;1;2451
DropObject;(7, 9);MoveEast;(11, 5);False;1;2452
;(7, 9);MoveEast;(11, 5);False;1;2453
;(7, 9);MoveEast;(11, 5);False;1;2454
MoveWest;(6, 9);MoveEast;(11, 5);False;1;2455
;(6, 9);MoveEast;(11, 5);False;1;2456
;(6, 9);MoveEast;(11, 5);False;1;2457
;(6, 9);MoveEast;(11, 5);False;1;2458
MoveWest;(5, 9);MoveEast;(11, 5);False;1;2459
;(5, 9);MoveEast;(11, 5);False;1;2460
;(5, 9);MoveEast;(12, 5);False;1;2461
;(5, 9);GrabObject;(12, 5);False;1;2462
MoveWest;(4, 9);GrabObject;(12, 5);False;1;2463
;(4, 9);GrabObject;(12, 5);False;1;2464
;(4, 9);GrabObject;(12, 5);False;1;2465
;(4, 9);GrabObject;(12, 5);False;1;2466
MoveEast;(5, 9);GrabObject;(12, 5);False;1;2467
;(5, 9);GrabObject;(12, 5);False;1;2468
;(5, 9);GrabObject;(12, 5);False;1;2469
;(5, 9);GrabObject;(12, 5);False;1;2470
;(5, 9);GrabObject;(12, 5);False;1;2471
MoveEast;(6, 9);GrabObject;(12, 5);False;1;2472
;(6, 9);;(12, 5);False;1;2473
;(6, 9);MoveSouth;(12, 5);False;1;2474
;(6, 9);MoveSouth;(12, 5);False;1;2475
;(6, 9);MoveSouth;(12, 5);False;1;2476
;(6, 9);MoveSouth;(12, 5);False;1;2477
;(6, 9);MoveSouth;(12, 5);False;1;2478
;(6, 9);MoveSouth;(12, 5);False;1;2479
;(6, 9);MoveSouth;(12, 5);False;1;2480
;(6, 9);MoveSouth;(12, 5);False;1;2481
;(6, 9);MoveSouth;(12, 5);False;1;2482
MoveEast;(7, 9);MoveSouth;(12, 5);False;1;2483
;(7, 9);MoveSouth;(12, 6);False;1;2484
;(7, 9);GrabObject;(12, 6);False;1;2485
;(7, 9);GrabObject;(12, 6);False;1;2486
;(7, 9);GrabObject;(12, 6);False;1;2487
;(7, 9);GrabObject;(12, 6);False;1;2488
;(7, 9);GrabObject;(12, 6);False;1;2489
GrabObject;(7, 9);GrabObject;(12, 6);False;1;2490
;(7, 9);GrabObject;(12, 6);False;1;2491
;(7, 9);GrabObject;(12, 6);False;1;2492
;(7, 9);GrabObject;(12, 6);False;1;2493
MoveWest;(6, 9);GrabObject;(12, 6);False;1;2494
;(6, 9);GrabObject;(12, 6);False;1;2495
;(6, 9);;(12, 6);False;1;2496
;(6, 9);MoveSouthWest;(12, 6);False;1;2497
MoveWest;(5, 9);MoveSouthWest;(12, 6);False;1;2498
;(5, 9);MoveSouthWest;(12, 6);False;1;2499
;(5, 9);MoveSouthWest;(12, 6);False;1;2500
MoveWest;(4, 9);MoveSouthWest;(12, 6);False;1;2501
;(4, 9);MoveSouthWest;(12, 6);False;1;2502
;(4, 9);MoveSouthWest;(12, 6);False;1;2503
MoveWest;(3, 9);MoveSouthWest;(12, 6);False;1;2504
;(3, 9);MoveSouthWest;(12, 6);False;1;2505
;(3, 9);MoveSouthWest;(12, 6);False;1;2506
;(3, 9);MoveSouthWest;(11, 7);False;1;2507
MoveWest;(2, 9);MoveWest;(11, 7);False;1;2508
;(2, 9);MoveWest;(11, 7);False;1;2509
;(2, 9);MoveWest;(11, 7);False;1;2510
MoveWest;(1, 9);MoveWest;(11, 7);False;1;2511
;(1, 9);MoveWest;(11, 7);False;1;2512
;(1, 9);MoveWest;(11, 7);False;1;2513
;(1, 9);MoveWest;(11, 7);False;1;2514
DropObject;(1, 9);MoveWest;(11, 7);False;1;2515
;(1, 9);MoveWest;(11, 7);False;1;2516
;(1, 9);MoveWest;(11, 7);False;1;2517
;(1, 9);MoveWest;(10, 7);False;1;2518
MoveEast;(2, 9);MoveSouthWest;(10, 7);False;1;2519
;(2, 9);MoveSouthWest;(10, 7);False;1;2520
;(2, 9);MoveSouthWest;(10, 7);False;1;2521
MoveEast;(3, 9);MoveSouthWest;(10, 7);False;1;2522
;(3, 9);MoveSouthWest;(10, 7);False;1;2523
;(3, 9);MoveSouthWest;(10, 7);False;1;2524
;(3, 9);MoveSouthWest;(10, 7);False;1;2525
MoveEast;(4, 9);MoveSouthWest;(10, 7);False;1;2526
;(4, 9);MoveSouthWest;(10, 7);False;1;2527
;(4, 9);MoveSouthWest;(10, 7);False;1;2528
;(4, 9);MoveSouthWest;(9, 8);False;1;2529
MoveEast;(5, 9);MoveWest;(9, 8);False;1;2530
;(5, 9);MoveWest;(9, 8);False;1;2531
;(5, 9);MoveWest;(9, 8);False;1;2532
;(5, 9);MoveWest;(9, 8);False;1;2533
MoveEast;(6, 9);MoveWest;(9, 8);False;1;2534
;(6, 9);MoveWest;(9, 8);False;1;2535
;(6, 9);MoveWest;(9, 8);False;1;2536
;(6, 9);MoveWest;(9, 8);False;1;2537
;(6, 9);MoveWest;(9, 8);False;1;2538
;(6, 9);MoveWest;(9, 8);False;1;2539
;(6, 9);MoveWest;(8, 8);False;1;2540
;(6, 9);MoveWest;(8, 8);False;1;2541
MoveEast;(7, 9);MoveWest;(8, 8);False;1;2542
;(7, 9);MoveWest;(8, 8);False;1;2543
;(7, 9);MoveWest;(8, 8);False;1;2544
;(7, 9);MoveWest;(8, 8);False;1;2545
;(7, 9);MoveWest;(8, 8);False;1;2546
;(7, 9);MoveWest;(8, 8);False;1;2547
;(7, 9);MoveWest;(8, 8);False;1;2548
;(7, 9);MoveWest;(8, 8);False;1;2549
MoveSouth;(7, 10);MoveWest;(8, 8);False;1;2550
;(7, 10);MoveWest;(7, 8);False;1;2551
;(7, 10);MoveSouthWest;(7, 8);False;1;2552
;(7, 10);MoveSouthWest;(7, 8);False;1;2553
;(7, 10);MoveSouthWest;(7, 8);False;1;2554
;(7, 10);MoveSouthWest;(7, 8);False;1;2555
;(7, 10);MoveSouthWest;(7, 8);False;1;2556
;(7, 10);MoveSouthWest;(7, 8);False;1;2557
;(7, 10);MoveSouthWest;(7, 8);False;1;2558
;(7, 10);MoveSouthWest;(7, 8);False;1;2559
;(7, 10);MoveSouthWest;(7, 8);False;1;2560
;(7, 10);MoveSouthWest;(7, 8);False;1;2561
;(7, 10);MoveSouthWest;(6, 9);False;1;2562
;(7, 10);Idle;(6, 9);False;1;2563
;(7, 10);Idle;(6, 9);False;1;2564
;(7, 10);Idle;(6, 9);False;1;2565
;(7, 10);Idle;(6, 9);False;1;2566
;(7, 10);Idle;(6, 9);False;1;2567
GrabObject;(7, 10);Idle;(6, 9);False;1;2568
;(7, 10);Idle;(6, 9);False;1;2569
;(7, 10);Idle;(6, 9);False;1;2570
MoveWest;(6, 10);Idle;(6, 9);False;1;2571
;(6, 10);Idle;(6, 9);False;1;2572
;(6, 10);Idle;(6, 9);False;1;2573
MoveWest;(5, 10);Idle;(6, 9);False;1;2574
;(5, 10);Idle;(6, 9);False;1;2575
;(5, 10);Idle;(6, 9);False;1;2576
;(5, 10);Idle;(6, 9);False;1;2577
MoveWest;(4, 10);Idle;(6, 9);False;1;2578
;(4, 10);Idle;(6, 9);False;1;2579
;(4, 10);Idle;(6, 9);False;1;2580
MoveWest;(3, 10);Idle;(6, 9);False;1;2581
;(3, 10);Idle;(6, 9);False;1;2582
;(3, 10);Idle;(6, 9);False;1;2583
MoveWest;(2, 10);Idle;(6, 9);False;1;2584
;(2, 10);Idle;(6, 9);False;1;2585
;(2, 10);Idle;(6, 9);False;1;2586
;(2, 10);Idle;(6, 9);False;1;2587
MoveWest;(1, 10);Idle;(6, 9);False;1;2588
;(1, 10);Idle;(6, 9);False;1;2589
;(1, 10);Idle;(6, 9);False;1;2590
;(1, 10);Idle;(6, 9);False;1;2591
DropObject;(1, 10);Idle;(6, 9);False;1;2592
;(1, 10);Idle;(6, 9);False;1;2593
;(1, 10);Idle;(6, 9);False;1;2594
;(1, 10);Idle;(6, 9);False;1;2595
;(1, 10);Idle;(6, 9);False;1;2596
MoveEast;(2, 10);Idle;(6, 9);False;1;2597
;(2, 10);Idle;(6, 9);False;1;2598
;(2, 10);Idle;(6, 9);False;1;2599
;(2, 10);Idle;(6, 9);False;1;2600
MoveEast;(3, 10);Idle;(6, 9);False;1;2601
;(3, 10);Idle;(6, 9);False;1;2602
;(3, 10);Idle;(6, 9);False;1;2603
MoveEast;(4, 10);Idle;(6, 9);False;1;2604
;(4, 10);Idle;(6, 9);False;1;2605
;(4, 10);Idle;(6, 9);False;1;2606
;(4, 10);Idle;(6, 9);False;1;2607
MoveEast;(5, 10);Idle;(6, 9);False;1;2608
;(5, 10);Idle;(6, 9);False;1;2609
;(5, 10);Idle;(6, 9);False;1;2610
;(5, 10);Idle;(6, 9);False;1;2611
;(5, 10);Idle;(6, 9);False;1;2612
;(5, 10);Idle;(6, 9);False;1;2613
;(5, 10);Idle;(6, 9);False;1;2614
;(5, 10);Idle;(6, 9);False;1;2615
;(5, 10);Idle;(6, 9);False;1;2616
;(5, 10);Idle;(6, 9);False;1;2617
;(5, 10);;(6, 9);False;1;2618
MoveEast;(6, 10);MoveWest;(6, 9);False;1;2619
;(6, 10);MoveWest;(6, 9);False;1;2620
;(6, 10);MoveWest;(6, 9);False;1;2621
;(6, 10);MoveWest;(6, 9);False;1;2622
;(6, 10);MoveWest;(6, 9);False;1;2623
;(6, 10);MoveWest;(6, 9);False;1;2624
;(6, 10);MoveWest;(6, 9);False;1;2625
;(6, 10);MoveWest;(6, 9);False;1;2626
;(6, 10);MoveWest;(6, 9);False;1;2627
;(6, 10);MoveWest;(6, 9);False;1;2628
;(6, 10);MoveWest;(5, 9);False;1;2629
;(6, 10);MoveNorthWest;(5, 9);False;1;2630
;(6, 10);MoveNorthWest;(5, 9);False;1;2631
;(6, 10);MoveNorthWest;(5, 9);False;1;2632
;(6, 10);MoveNorthWest;(5, 9);False;1;2633
;(6, 10);MoveNorthWest;(5, 9);False;1;2634
;(6, 10);MoveNorthWest;(5, 9);False;1;2635
GrabObject;(6, 10);MoveNorthWest;(5, 9);False;1;2636
;(6, 10);MoveNorthWest;(5, 9);False;1;2637
;(6, 10);MoveNorthWest;(5, 9);False;1;2638
;(6, 10);MoveNorthWest;(5, 9);False;1;2639
MoveWest;(5, 10);MoveNorthWest;(4, 8);False;1;2640
;(5, 10);MoveWest;(4, 8);False;1;2641
;(5, 10);MoveWest;(4, 8);False;1;2642
MoveWest;(4, 10);MoveWest;(4, 8);False;1;2643
;(4, 10);MoveWest;(4, 8);False;1;2644
;(4, 10);MoveWest;(4, 8);False;1;2645
;(4, 10);MoveWest;(4, 8);False;1;2646
MoveWest;(3, 10);MoveWest;(4, 8);False;1;2647
;(3, 10);MoveWest;(4, 8);False;1;2648
;(3, 10);MoveWest;(4, 8);False;1;2649
MoveWest;(2, 10);MoveWest;(4, 8);False;1;2650
;(2, 10);MoveWest;(3, 8);False;1;2651
;(2, 10);MoveNorthWest;(3, 8);False;1;2652
MoveWest;(1, 10);MoveNorthWest;(3, 8);False;1;2653
;(1, 10);MoveNorthWest;(3, 8);False;1;2654
;(1, 10);MoveNorthWest;(3, 8);False;1;2655
;(1, 10);MoveNorthWest;(3, 8);False;1;2656
;(1, 10);MoveNorthWest;(3, 8);False;1;2657
;(1, 10);MoveNorthWest;(3, 8);False;1;2658
;(1, 10);MoveNorthWest;(3, 8);False;1;2659
;(1, 10);MoveNorthWest;(3, 8);False;1;2660
;(1, 10);MoveNorthWest;(3, 8);False;1;2661
DropObject;(1, 10);MoveNorthWest;(2, 7);False;1;2662
;(1, 10);MoveWest;(2, 7);False;1;2663
MoveEast;(2, 10);MoveWest;(2, 7);False;1;2664
;(2, 10);MoveWest;(2, 7);False;1;2665
;(2, 10);MoveWest;(2, 7);False;1;2666
;(2, 10);MoveWest;(2, 7);False;1;2667
MoveEast;(3, 10);MoveWest;(2, 7);False;1;2668
;(3, 10);MoveWest;(2, 7);False;1;2669
;(3, 10);MoveWest;(2, 7);False;1;2670
MoveEast;(4, 10);MoveWest;(2, 7);False;1;2671
;(4, 10);MoveWest;(2, 7);False;1;2672
;(4, 10);MoveWest;(1, 7);False;1;2673
;(4, 10);DropObject;(1, 7);False;1;2674
MoveEast;(5, 10);DropObject;(1, 7);False;1;2675
;(5, 10);DropObject;(1, 7);False;1;2676
;(5, 10);DropObject;(1, 7);False;1;2677
;(5, 10);DropObject;(1, 7);False;1;2678
;(5, 10);DropObject;(1, 7);False;1;2679
MoveEast;(6, 10);DropObject;(1, 7);False;1;2680
;(6, 10);DropObject;(1, 7);False;1;2681
;(6, 10);DropObject;(1, 7);False;1;2682
;(6, 10);DropObject;(1, 7);False;1;2683
;(6, 10);DropObject;(1, 7);False;1;2684
;(6, 10);DropObject;(1, 7);False;1;2685
;(6, 10);DropObject;(1, 7);False;1;2686
;(6, 10);DropObject;(1, 7);False;1;2687
;(6, 10);DropObject;(1, 7);False;1;2688
;(6, 10);DropObject;(1, 7);False;1;2689
;(6, 10);DropObject;(1, 7);False;1;2690
;(6, 10);DropObject;(1, 7);False;1;2691
;(6, 10);DropObject;(1, 7);False;1;2692
;(6, 10);DropObject;(1, 7);False;1;2693
;(6, 10);DropObject;(1, 7);False;1;2694
;(6, 10);DropObject;(1, 7);False;1;2695
;(6, 10);;(1, 7);False;1;2696
GrabObject;(6, 10);Idle;(1, 7);False;1;2697
;(6, 10);Idle;(1, 7);False;1;2698
;(6, 10);Idle;(1, 7);False;1;2699
MoveWest;(5, 10);Idle;(1, 7);False;1;2700
;(5, 10);Idle;(1, 7);False;1;2701
;(5, 10);Idle;(1, 7);False;1;2702
MoveWest;(4, 10);Idle;(1, 7);False;1;2703
;(4, 10);Idle;(1, 7);False;1;2704
;(4, 10);Idle;(1, 7);False;1;2705
;(4, 10);Idle;(1, 7);False;1;2706
MoveWest;(3, 10);Idle;(1, 7);False;1;2707
;(3, 10);Idle;(1, 7);False;1;2708
;(3, 10);Idle;(1, 7);False;1;2709
MoveWest;(2, 10);Idle;(1, 7);False;1;2710
;(2, 10);Idle;(1, 7);False;1;2711
;(2, 10);Idle;(1, 7);False;1;2712
MoveWest;(1, 10);Idle;(1, 7);False;1;2713
;(1, 10);Idle;(1, 7);False;1;2714
;(1, 10);Idle;(1, 7);False;1;2715
MoveWest;(0, 10);Idle;(1, 7);False;1;2716
;(0, 10);Idle;(1, 7);False;1;2717
;(0, 10);Idle;(1, 7);False;1;2718
;(0, 10);Idle;(1, 7);False;1;2719
;(0, 10);Idle;(1, 7);False;1;2720
;(0, 10);Idle;(1, 7);False;1;2721
;(0, 10);Idle;(1, 7);False;1;2722
;(0, 10);Idle;(1, 7);False;1;2723
;(0, 10);Idle;(1, 7);False;1;2724
;(0, 10);Idle;(1, 7);False;1;2725
;(0, 10);Idle;(1, 7);False;1;2726
;(0, 10);Idle;(1, 7);False;1;2727
;(0, 10);Idle;(1, 7);False;1;2728
;(0, 10);Idle;(1, 7);False;1;2729
;(0, 10);Idle;(1, 7);False;1;2730
;(0, 10);Idle;(1, 7);False;1;2731
;(0, 10);Idle;(1, 7);False;1;2732
;(0, 10);Idle;(1, 7);False;1;2733
;(0, 10);Idle;(1, 7);False;1;2734
;(0, 10);Idle;(1, 7);False;1;2735
;(0, 10);Idle;(1, 7);False;1;2736
DropObject;(0, 10);Idle;(1, 7);False;1;2737
;(0, 10);Idle;(1, 7);False;1;2738
;(0, 10);Idle;(1, 7);False;1;2739
MoveEast;(1, 10);Idle;(1, 7);False;1;2740
;(1, 10);Idle;(1, 7);False;1;2741
;(1, 10);Idle;(1, 7);False;1;2742
MoveEast;(2, 10);Idle;(1, 7);False;1;2743
;(2, 10);Idle;(1, 7);False;1;2744
;(2, 10);Idle;(1, 7);False;1;2745
;(2, 10);Idle;(1, 7);False;1;2746
MoveEast;(3, 10);Idle;(1, 7);False;1;2747
;(3, 10);Idle;(1, 7);False;1;2748
;(3, 10);Idle;(1, 7);False;1;2749
;(3, 10);Idle;(1, 7);False;1;2750
MoveEast;(4, 10);Idle;(1, 7);False;1;2751
;(4, 10);;(1, 7);False;1;2752
;(4, 10);MoveEast;(1, 7);False;1;2753
;(4, 10);MoveEast;(1, 7);False;1;2754
MoveEast;(5, 10);MoveEast;(1, 7);False;1;2755
;(5, 10);MoveEast;(1, 7);False;1;2756
;(5, 10);MoveEast;(1, 7);False;1;2757
MoveEast;(6, 10);MoveEast;(1, 7);False;1;2758
;(6, 10);MoveEast;(1, 7);False;1;2759
;(6, 10);MoveEast;(1, 7);False;1;2760
;(6, 10);MoveEast;(1, 7);False;1;2761
MoveEast;(7, 10);MoveEast;(1, 7);False;1;2762
;(7, 10);MoveEast;(2, 7);False;1;2763
;(7, 10);MoveEast;(2, 7);False;1;2764
;(7, 10);MoveEast;(2, 7);False;1;2765
MoveEast;(8, 10);MoveEast;(2, 7);False;1;2766
;(8, 10);MoveEast;(2, 7);False;1;2767
;(8, 10);MoveEast;(2, 7);False;1;2768
MoveEast;(9, 10);MoveEast;(2, 7);False;1;2769
;(9, 10);MoveEast;(2, 7);False;1;2770
;(9, 10);MoveEast;(2, 7);False;1;2771
;(9, 10);MoveEast;(2, 7);False;1;2772
;(9, 10);MoveEast;(2, 7);False;1;2773
;(9, 10);MoveEast;(3, 7);False;1;2774
;(9, 10);MoveWest;(3, 7);False;1;2775
;(9, 10);MoveWest;(3, 7);False;1;2776
;(9, 10);MoveWest;(3, 7);False;1;2777
;(9, 10);MoveWest;(3, 7);False;1;2778
;(9, 10);MoveWest;(3, 7);False;1;2779
;(9, 10);MoveWest;(3, 7);False;1;2780
;(9, 10);MoveWest;(3, 7);False;1;2781
;(9, 10);MoveWest;(3, 7);False;1;2782
;(9, 10);MoveWest;(3, 7);False;1;2783
;(9, 10);MoveWest;(3, 7);False;1;2784
;(9, 10);MoveWest;(2, 7);False;1;2785
;(9, 10);MoveWest;(2, 7);False;1;2786
GrabObject;(9, 10);MoveWest;(2, 7);False;1;2787
;(9, 10);MoveWest;(2, 7);False;1;2788
;(9, 10);MoveWest;(2, 7);False;1;2789
MoveWest;(8, 10);MoveWest;(2, 7);False;1;2790
;(8, 10);MoveWest;(2, 7);False;1;2791
;(8, 10);MoveWest;(2, 7);False;1;2792
MoveWest;(7, 10);MoveWest;(2, 7);False;1;2793
;(7, 10);MoveWest;(2, 7);False;1;2794
;(7, 10);MoveWest;(2, 7);False;1;2795
MoveWest;(6, 10);MoveWest;(1, 7);False;1;2796
;(6, 10);MoveEast;(1, 7);False;1;2797
;(6, 10);MoveEast;(1, 7);False;1;2798
;(6, 10);MoveEast;(1, 7);False;1;2799
MoveWest;(5, 10);MoveEast;(1, 7);False;1;2800
;(5, 10);MoveEast;(1, 7);False;1;2801
;(5, 10);MoveEast;(1, 7);False;1;2802
MoveWest;(4, 10);MoveEast;(1, 7);False;1;2803
;(4, 10);MoveEast;(1, 7);False;1;2804
;(4, 10);MoveEast;(1, 7);False;1;2805
MoveWest;(3, 10);MoveEast;(1, 7);False;1;2806
;(3, 10);MoveEast;(2, 7);False;1;2807
;(3, 10);MoveEast;(2, 7);False;1;2808
MoveWest;(2, 10);MoveEast;(2, 7);False;1;2809
;(2, 10);MoveEast;(2, 7);False;1;2810
;(2, 10);MoveEast;(2, 7);False;1;2811
;(2, 10);MoveEast;(2, 7);False;1;2812
;(2, 10);MoveEast;(2, 7);False;1;2813
;(2, 10);MoveEast;(2, 7);False;1;2814
;(2, 10);MoveEast;(2, 7);False;1;2815
;(2, 10);MoveEast;(2, 7);False;1;2816
;(2, 10);MoveEast;(2, 7);False;1;2817
;(2, 10);MoveEast;(3, 7);False;1;2818
DropObject;(2, 10);MoveWest;(3, 7);False;1;2819
;(2, 10);MoveWest;(3, 7);False;1;2820
;(2, 10);MoveWest;(3, 7);False;1;2821
MoveEast;(3, 10);MoveWest;(3, 7);False;1;2822
;(3, 10);MoveWest;(3, 7);False;1;2823
;(3, 10);MoveWest;(3, 7);False;1;2824
;(3, 10);MoveWest;(3, 7);False;1;2825
MoveEast;(4, 10);MoveWest;(3, 7);False;1;2826
;(4, 10);MoveWest;(3, 7);False;1;2827
;(4, 10);MoveWest;(3, 7);False;1;2828
;(4, 10);MoveWest;(2, 7);False;1;2829
MoveEast;(5, 10);MoveWest;(2, 7);False;1;2830
;(5, 10);MoveWest;(2, 7);False;1;2831
;(5, 10);MoveWest;(2, 7);False;1;2832
;(5, 10);MoveWest;(2, 7);False;1;2833
MoveEast;(6, 10);MoveWest;(2, 7);False;1;2834
;(6, 10);MoveWest;(2, 7);False;1;2835
;(6, 10);MoveWest;(2, 7);False;1;2836
;(6, 10);MoveWest;(2, 7);False;1;2837
MoveEast;(7, 10);MoveWest;(2, 7);False;1;2838
;(7, 10);MoveWest;(2, 7);False;1;2839
;(7, 10);MoveWest;(1, 7);False;1;2840
MoveEast;(8, 10);MoveEast;(1, 7);False;1;2841
;(8, 10);MoveEast;(1, 7);False;1;2842
;(8, 10);MoveEast;(1, 7);False;1;2843
MoveEast;(9, 10);MoveEast;(1, 7);False;1;2844
;(9, 10);MoveEast;(1, 7);False;1;2845
;(9, 10);MoveEast;(1, 7);False;1;2846
;(9, 10);MoveEast;(1, 7);False;1;2847
MoveEast;(10, 10);MoveEast;(1, 7);False;1;2848
;(10, 10);MoveEast;(1, 7);False;1;2849
;(10, 10);MoveEast;(1, 7);False;1;2850
;(10, 10);MoveEast;(2, 7);False;1;2851
;(10, 10);MoveEast;(2, 7);False;1;2852
;(10, 10);MoveEast;(2, 7);False;1;2853
;(10, 10);MoveEast;(2, 7);False;1;2854
;(10, 10);MoveEast;(2, 7);False;1;2855
;(10, 10);MoveEast;(2, 7);False;1;2856
;(10, 10);MoveEast;(2, 7);False;1;2857
;(10, 10);MoveEast;(2, 7);False;1;2858
;(10, 10);MoveEast;(2, 7);False;1;2859
;(10, 10);MoveEast;(2, 7);False;1;2860
;(10, 10);MoveEast;(2, 7);False;1;2861
;(10, 10);MoveEast;(3, 7);False;1;2862
;(10, 10);MoveWest;(3, 7);False;1;2863
;(10, 10);MoveWest;(3, 7);False;1;2864
GrabObject;(10, 10);MoveWest;(3, 7);False;1;2865
;(10, 10);MoveWest;(3, 7);False;1;2866
MoveWest;(9, 10);MoveWest;(3, 7);False;1;2867
;(9, 10);MoveWest;(3, 7);False;1;2868
;(9, 10);MoveWest;(3, 7);False;1;2869
;(9, 10);MoveWest;(3, 7);False;1;2870
MoveWest;(8, 10);MoveWest;(3, 7);False;1;2871
;(8, 10);MoveWest;(3, 7);False;1;2872
;(8, 10);MoveWest;(2, 7);False;1;2873
MoveWest;(7, 10);MoveWest;(2, 7);False;1;2874
;(7, 10);MoveWest;(2, 7);False;1;2875
;(7, 10);MoveWest;(2, 7);False;1;2876
MoveWest;(6, 10);MoveWest;(2, 7);False;1;2877
;(6, 10);MoveWest;(2, 7);False;1;2878
;(6, 10);MoveWest;(2, 7);False;1;2879
;(6, 10);MoveWest;(2, 7);False;1;2880
MoveWest;(5, 10);MoveWest;(2, 7);False;1;2881
;(5, 10);MoveWest;(2, 7);False;1;2882
;(5, 10);MoveWest;(2, 7);False;1;2883
MoveWest;(4, 10);MoveWest;(1, 7);False;1;2884
;(4, 10);;(1, 7);False;1;2885
;(4, 10);MoveEast;(1, 7);False;1;2886
;(4, 10);MoveEast;(1, 7);False;1;2887
MoveWest;(3, 10);MoveEast;(1, 7);False;1;2888
;(3, 10);MoveEast;(1, 7);False;1;2889
;(3, 10);MoveEast;(1, 7);False;1;2890
;(3, 10);MoveEast;(1, 7);False;1;2891
;(3, 10);MoveEast;(1, 7);False;1;2892
;(3, 10);MoveEast;(1, 7);False;1;2893
;(3, 10);MoveEast;(1, 7);False;1;2894
;(3, 10);MoveEast;(1, 7);False;1;2895
;(3, 10);MoveEast;(2, 7);False;1;2896
;(3, 10);MoveEast;(2, 7);False;1;2897
;(3, 10);MoveEast;(2, 7);False;1;2898
;(3, 10);MoveEast;(2, 7);False;1;2899
;(3, 10);MoveEast;(2, 7);False;1;2900
;(3, 10);MoveEast;(2, 7);False;1;2901
DropObject;(3, 10);MoveEast;(2, 7);False;1;2902
;(3, 10);MoveEast;(2, 7);False;1;2903
;(3, 10);MoveEast;(2, 7);False;1;2904
MoveEast;(4, 10);MoveEast;(2, 7);False;1;2905
;(4, 10);MoveEast;(2, 7);False;1;2906
;(4, 10);MoveEast;(3, 7);False;1;2907
;(4, 10);MoveEast;(3, 7);False;1;2908
MoveEast;(5, 10);MoveEast;(3, 7);False;1;2909
;(5, 10);MoveEast;(3, 7);False;1;2910
;(5, 10);MoveEast;(3, 7);False;1;2911
MoveEast;(6, 10);MoveEast;(3, 7);False;1;2912
;(6, 10);MoveEast;(3, 7);False;1;2913
;(6, 10);MoveEast;(3, 7);False;1;2914
;(6, 10);MoveEast;(3, 7);False;1;2915
MoveEast;(7, 10);MoveEast;(3, 7);False;1;2916
;(7, 10);MoveEast;(3, 7);False;1;2917
;(7, 10);MoveEast;(4, 7);False;1;2918
MoveEast;(8, 10);MoveEast;(4, 7);False;1;2919
;(8, 10);MoveEast;(4, 7);False;1;2920
;(8, 10);MoveEast;(4, 7);False;1;2921
;(8, 10);MoveEast;(4, 7);False;1;2922
MoveEast;(9, 10);MoveEast;(4, 7);False;1;2923
;(9, 10);MoveEast;(4, 7);False;1;2924
;(9, 10);MoveEast;(4, 7);False;1;2925
MoveEast;(10, 10);MoveEast;(4, 7);False;1;2926
;(10, 10);MoveEast;(4, 7);False;1;2927
;(10, 10);MoveEast;(4, 7);False;1;2928
;(10, 10);MoveEast;(5, 7);False;1;2929
;(10, 10);MoveEast;(5, 7);False;1;2930
;(10, 10);MoveEast;(5, 7);False;1;2931
;(10, 10);MoveEast;(5, 7);False;1;2932
MoveEast;(11, 10);MoveEast;(5, 7);False;1;2933
;(11, 10);MoveEast;(5, 7);False;1;2934
;(11, 10);MoveEast;(5, 7);False;1;2935
;(11, 10);MoveEast;(5, 7);False;1;2936
;(11, 10);MoveEast;(5, 7);False;1;2937
;(11, 10);MoveEast;(5, 7);False;1;2938
;(11, 10);MoveEast;(5, 7);False;1;2939
;(11, 10);MoveEast;(6, 7);False;1;2940
;(11, 10);MoveEast;(6, 7);False;1;2941
;(11, 10);MoveEast;(6, 7);False;1;2942
;(11, 10);MoveEast;(6, 7);False;1;2943
;(11, 10);MoveEast;(6, 7);False;1;2944
;(11, 10);MoveEast;(6, 7);False;1;2945
;(11, 10);MoveEast;(6, 7);False;1;2946
;(11, 10);MoveEast;(6, 7);False;1;2947
;(11, 10);MoveEast;(6, 7);False;1;2948
GrabObject;(11, 10);MoveEast;(6, 7);False;1;2949
;(11, 10);MoveEast;(6, 7);False;1;2950
MoveWest;(10, 10);MoveEast;(7, 7);False;1;2951
;(10, 10);MoveEast;(7, 7);False;1;2952
;(10, 10);MoveEast;(7, 7);False;1;2953
MoveWest;(9, 10);MoveEast;(7, 7);False;1;2954
;(9, 10);MoveEast;(7, 7);False;1;2955
;(9, 10);MoveEast;(7, 7);False;1;2956
;(9, 10);MoveEast;(7, 7);False;1;2957
MoveWest;(8, 10);MoveEast;(7, 7);False;1;2958
;(8, 10);MoveEast;(7, 7);False;1;2959
;(8, 10);MoveEast;(7, 7);False;1;2960
MoveWest;(7, 10);MoveEast;(7, 7);False;1;2961
;(7, 10);MoveEast;(8, 7);False;1;2962
;(7, 10);MoveEast;(8, 7);False;1;2963
;(7, 10);MoveEast;(8, 7);False;1;2964
MoveWest;(6, 10);MoveEast;(8, 7);False;1;2965
;(6, 10);MoveEast;(8, 7);False;1;2966
;(6, 10);MoveEast;(8, 7);False;1;2967
;(6, 10);MoveEast;(8, 7);False;1;2968
;(6, 10);MoveEast;(8, 7);False;1;2969
MoveWest;(5, 10);MoveEast;(8, 7);False;1;2970
;(5, 10);MoveEast;(8, 7);False;1;2971
;(5, 10);MoveEast;(8, 7);False;1;2972
;(5, 10);MoveEast;(9, 7);False;1;2973
;(5, 10);MoveEast;(9, 7);False;1;2974
;(5, 10);MoveEast;(9, 7);False;1;2975
;(5, 10);MoveEast;(9, 7);False;1;2976
;(5, 10);MoveEast;(9, 7);False;1;2977
MoveWest;(4, 10);MoveEast;(9, 7);False;1;2978
;(4, 10);MoveEast;(9, 7);False;1;2979
;(4, 10);MoveEast;(9, 7);False;1;2980
;(4, 10);MoveEast;(9, 7);False;1;2981
;(4, 10);MoveEast;(9, 7);False;1;2982
;(4, 10);MoveEast;(9, 7);False;1;2983
;(4, 10);MoveEast;(10, 7);False;1;2984
;(4, 10);MoveEast;(10, 7);False;1;2985
;(4, 10);MoveEast;(10, 7);False;1;2986
;(4, 10);MoveEast;(10, 7);False;1;2987
;(4, 10);MoveEast;(10, 7);False;1;2988
;(4, 10);MoveEast;(10, 7);False;1;2989
;(4, 10);MoveEast;(10, 7);False;1;2990
;(4, 10);MoveEast;(10, 7);False;1;2991
DropObject;(4, 10);MoveEast;(10, 7);False;1;2992
;(4, 10);MoveEast;(10, 7);False;1;2993
;(4, 10);MoveEast;(10, 7);False;1;2994
;(4, 10);MoveEast;(11, 7);False;1;2995
;(4, 10);GrabObject;(11, 7);False;1;2996
MoveEast;(5, 10);GrabObject;(11, 7);False;1;2997
;(5, 10);GrabObject;(11, 7);False;1;2998
;(5, 10);GrabObject;(11, 7);False;1;2999
;(5, 10);GrabObject;(11, 7);False;1;3000
MoveEast;(6, 10);GrabObject;(11, 7);False;1;3001
;(6, 10);GrabObject;(11, 7);False;1;3002
;(6, 10);GrabObject;(11, 7);False;1;3003
MoveEast;(7, 10);GrabObject;(11, 7);False;1;3004
;(7, 10);GrabObject;(11, 7);False;1;3005
;(7, 10);GrabObject;(11, 7);False;1;3006
;(7, 10);;(11, 7);False;1;3007
;(7, 10);;(11, 7);False;1;3008
;(7, 10);;(11, 7);False;1;3009
;(7, 10);;(11, 7);False;1;3010
;(7, 10);;(11, 7);False;1;3011
;(7, 10);;(11, 7);False;1;3012
;(7, 10);;(11, 7);False;1;3013
;(7, 10);;(11, 7);False;1;3014
;(7, 10);;(11, 7);False;1;3015
;(7, 10);;(11, 7);False;1;3016
;(7, 10);;(11, 7);False;1;3017
;(7, 10);;(11, 7);False;1;3018
;(7, 10);;(11, 7);False;1;3019
