tick;corrected_tick;remaining_distance;victim_harm;idle_time_robot;q_table_cps;q_table_cps_runs;q_table_basic;world_nr;tick_nr
1874;1855;23;300;1;;;"                     Move back and forth  Stand Still    Pick up       Drop      Break
[4, 'equal', False]           -13.080000    -4.447226 -11.789650  -8.447500 -12.829437
[4, 'human', False]           -10.964063    -3.106789  -9.864000  -1.546875  -8.214063
[4, 'human', True]             -7.750000    -3.500000   0.250000  -0.500000   0.000000
[3, 'human', False]           -15.160000   -13.158894 -13.278000 -29.050000 -15.610000
[3, 'human', True]             -7.000000    -7.198504  -4.437126  -8.913994  -7.267871
[3, 'equal', False]            -7.000000    -7.747680 -10.759951  -6.422276  -7.050000
[2, 'equal', False]           -14.500000    -6.620000 -30.468000  -3.120000 -40.500000
[2, 'equal', True]              0.000000    -0.650000   0.000000   0.000000   0.000000
[4, 'equal', True]             -4.150000    -5.374996   0.000000  -1.000000  -4.065687
[3, 'equal', True]             -7.000000    -0.500000  -3.000000  -7.963500 -24.926683
[3, 'robot', True]             -4.150000    -3.500000  -4.000000  -3.000000  -4.395967
[3, 'robot', False]           -14.441862   -25.588702 -31.719769 -14.908877 -58.320000
[2, 'robot', False]           -16.403464   -48.300000  -5.037120 -34.380000 -31.018096
[4, 'robot', False]            -4.000000    -4.458000  -1.357000  -4.000000  -5.500000
[2, 'robot', True]             -7.000000    -3.500000  -1.050000  -6.500000  -4.500000
[4, 'robot', True]              0.000000     0.000000   0.000000   0.000000  -0.121480
[2, 'human', False]            -4.000000   -28.800000  -4.000000  -4.500000  -4.000000
[2, 'human', True]              0.000000     0.000000   0.000000   0.000000  -6.000000";1;1874
