tick;corrected_tick;remaining_distance;victim_harm;idle_time_robot;q_table_cps;q_table_cps_runs;q_table_basic;world_nr;tick_nr
2860;2841;7;1800;1;;;"                     Move back and forth  Stand Still    Pick up       Drop      Break
[4, 'equal', False]           -13.000000   -16.838684 -12.296686  -6.811464 -10.568863
[4, 'human', False]            -9.075000    -6.388498  -9.357660  -3.500000  -9.000000
[3, 'human', True]             -7.000000   -13.800000  -2.638880  -4.135450  -6.300000
[3, 'equal', False]           -20.116720   -20.241922  -8.319207 -14.411252 -40.000000
[3, 'human', False]            -9.189580    -9.258811 -11.093400  -5.222400 -13.073612
[2, 'equal', False]           -58.500000   -27.250000 -22.388465 -12.278861  -6.895841
[2, 'human', False]            -9.000000    -5.730469   0.962500   0.000000  -7.150000
[2, 'equal', True]             -7.720674    -6.098905  -7.128270 -28.413592 -26.650260
[4, 'equal', True]             -8.308000    -5.970060  -9.500000  -4.518156  -7.318439
[4, 'robot', True]             -4.150000    -3.500000  -3.200000   0.000000   0.000000
[3, 'equal', True]             -7.000000    -6.698000  -3.500000 -27.500000  -6.724000
[3, 'robot', True]             -4.000000    -3.500000   1.500000   0.000000   0.000000
[3, 'robot', False]            -7.000000    -2.910500   1.412800  -5.184500  -2.500000
[2, 'robot', True]            -30.000000   -20.520000  -0.900000 -20.150000 -32.222500
[2, 'robot', False]           -10.421134   -11.000000   0.000000 -43.000000  -7.191419
[4, 'robot', False]            -4.360000     0.000000   0.000000   0.000000  -0.700000
[1, 'equal', True]             -7.000000    -3.500000 -24.600000 -26.000000  -2.000000
[1, 'equal', False]            -7.000000    -0.500000  -1.650000  -0.650000  -1.000000
[4, 'human', True]             -4.376500    -4.550000  -1.763250   0.000000 -17.800000
[2, 'human', True]             -7.891716    -3.500000   1.324594   0.000000   0.000000";1;2860
