human_selector_action;human_selector_location;robot_action;robot_location;robot_executing_cp;world_nr;tick_nr
;(3, 4);;(4, 4);False;1;0
MoveEast;(4, 4);;(4, 4);False;1;1
;(4, 4);Idle;(4, 4);False;1;2
;(4, 4);Idle;(4, 4);False;1;3
;(4, 4);Idle;(4, 4);False;1;4
;(4, 4);Idle;(4, 4);False;1;5
;(4, 4);Idle;(4, 4);False;1;6
;(4, 4);Idle;(4, 4);False;1;7
;(4, 4);Idle;(4, 4);False;1;8
;(4, 4);Idle;(4, 4);False;1;9
MoveEast;(5, 4);Idle;(4, 4);False;1;10
;(5, 4);Idle;(4, 4);False;1;11
;(5, 4);Idle;(4, 4);False;1;12
;(5, 4);Idle;(4, 4);False;1;13
;(5, 4);Idle;(4, 4);False;1;14
MoveEast;(6, 4);Idle;(4, 4);False;1;15
;(6, 4);Idle;(4, 4);False;1;16
;(6, 4);Idle;(4, 4);False;1;17
;(6, 4);Idle;(4, 4);False;1;18
;(6, 4);Idle;(4, 4);False;1;19
;(6, 4);Idle;(4, 4);False;1;20
;(6, 4);Idle;(4, 4);False;1;21
MoveSouth;(6, 5);Idle;(4, 4);False;1;22
;(6, 5);Idle;(4, 4);False;1;23
;(6, 5);Idle;(4, 4);False;1;24
;(6, 5);Idle;(4, 4);False;1;25
;(6, 5);Idle;(4, 4);False;1;26
;(6, 5);Idle;(4, 4);False;1;27
;(6, 5);Idle;(4, 4);False;1;28
;(6, 5);Idle;(4, 4);False;1;29
;(6, 5);Idle;(4, 4);False;1;30
;(6, 5);Idle;(4, 4);False;1;31
;(6, 5);Idle;(4, 4);False;1;32
;(6, 5);Idle;(4, 4);False;1;33
;(6, 5);Idle;(4, 4);False;1;34
;(6, 5);Idle;(4, 4);False;1;35
;(6, 5);Idle;(4, 4);False;1;36
;(6, 5);Idle;(4, 4);False;1;37
;(6, 5);Idle;(4, 4);False;1;38
;(6, 5);Idle;(4, 4);False;1;39
;(6, 5);Idle;(4, 4);False;1;40
;(6, 5);Idle;(4, 4);False;1;41
;(6, 5);Idle;(4, 4);False;1;42
;(6, 5);Idle;(4, 4);False;1;43
;(6, 5);Idle;(4, 4);False;1;44
;(6, 5);Idle;(4, 4);False;1;45
;(6, 5);Idle;(4, 4);False;1;46
;(6, 5);Idle;(4, 4);False;1;47
;(6, 5);Idle;(4, 4);False;1;48
;(6, 5);Idle;(4, 4);False;1;49
;(6, 5);Idle;(4, 4);False;1;50
;(6, 5);Idle;(4, 4);False;1;51
;(6, 5);Idle;(4, 4);False;1;52
;(6, 5);Idle;(4, 4);False;1;53
;(6, 5);Idle;(4, 4);False;1;54
;(6, 5);Idle;(4, 4);False;1;55
;(6, 5);Idle;(4, 4);False;1;56
;(6, 5);;(4, 4);False;1;57
;(6, 5);MoveEast;(4, 4);False;1;58
;(6, 5);MoveEast;(4, 4);False;1;59
;(6, 5);MoveEast;(4, 4);False;1;60
;(6, 5);MoveEast;(4, 4);False;1;61
;(6, 5);MoveEast;(4, 4);False;1;62
;(6, 5);MoveEast;(4, 4);False;1;63
;(6, 5);MoveEast;(4, 4);False;1;64
;(6, 5);MoveEast;(4, 4);False;1;65
;(6, 5);MoveEast;(4, 4);False;1;66
;(6, 5);MoveEast;(4, 4);False;1;67
;(6, 5);MoveEast;(5, 4);False;1;68
;(6, 5);MoveSouthEast;(5, 4);False;1;69
;(6, 5);MoveSouthEast;(5, 4);False;1;70
;(6, 5);MoveSouthEast;(5, 4);False;1;71
;(6, 5);MoveSouthEast;(5, 4);False;1;72
;(6, 5);MoveSouthEast;(5, 4);False;1;73
;(6, 5);MoveSouthEast;(5, 4);False;1;74
;(6, 5);MoveSouthEast;(5, 4);False;1;75
;(6, 5);MoveSouthEast;(5, 4);False;1;76
;(6, 5);MoveSouthEast;(5, 4);False;1;77
;(6, 5);MoveSouthEast;(5, 4);False;1;78
;(6, 5);MoveSouthEast;(6, 5);False;1;79
;(6, 5);GrabLargeObject;(6, 5);False;1;80
;(6, 5);GrabLargeObject;(6, 5);False;1;81
;(6, 5);GrabLargeObject;(6, 5);False;1;82
;(6, 5);GrabLargeObject;(6, 5);False;1;83
;(6, 5);GrabLargeObject;(6, 5);False;1;84
;(6, 5);GrabLargeObject;(6, 5);False;1;85
;(6, 5);GrabLargeObject;(6, 5);False;1;86
;(6, 5);GrabLargeObject;(6, 5);False;1;87
;(6, 5);GrabLargeObject;(6, 5);False;1;88
;(6, 5);GrabLargeObject;(6, 5);False;1;89
;(6, 5);GrabLargeObject;(6, 5);False;1;90
;(6, 5);;(6, 5);False;1;91
;(6, 5);Idle;(6, 5);False;1;92
;(6, 5);Idle;(6, 5);False;1;93
;(6, 5);Idle;(6, 5);False;1;94
;(6, 5);Idle;(6, 5);False;1;95
;(6, 5);Idle;(6, 5);False;1;96
;(6, 5);Idle;(6, 5);False;1;97
;(6, 5);Idle;(6, 5);False;1;98
MoveSouth;(6, 6);Idle;(6, 5);False;1;99
;(6, 6);Idle;(6, 5);False;1;100
;(6, 6);Idle;(6, 5);False;1;101
;(6, 6);Idle;(6, 5);False;1;102
;(6, 6);Idle;(6, 5);False;1;103
DropObject;(6, 6);Idle;(6, 5);False;1;104
;(6, 6);Idle;(6, 5);False;1;105
;(6, 6);Idle;(6, 5);False;1;106
MoveWest;(5, 6);Idle;(6, 5);False;1;107
;(5, 6);Idle;(6, 5);False;1;108
;(5, 6);Idle;(6, 5);False;1;109
;(5, 6);Idle;(6, 5);False;1;110
MoveWest;(4, 6);Idle;(6, 5);False;1;111
;(4, 6);Idle;(6, 5);False;1;112
;(4, 6);Idle;(6, 5);False;1;113
;(4, 6);Idle;(6, 5);False;1;114
;(4, 6);Idle;(6, 5);False;1;115
MoveWest;(3, 6);Idle;(6, 5);False;1;116
;(3, 6);Idle;(6, 5);False;1;117
;(3, 6);Idle;(6, 5);False;1;118
;(3, 6);Idle;(6, 5);False;1;119
MoveWest;(2, 6);Idle;(6, 5);False;1;120
;(2, 6);Idle;(6, 5);False;1;121
;(2, 6);Idle;(6, 5);False;1;122
;(2, 6);Idle;(6, 5);False;1;123
;(2, 6);Idle;(6, 5);False;1;124
;(2, 6);Idle;(6, 5);False;1;125
;(2, 6);Idle;(6, 5);False;1;126
;(2, 6);Idle;(6, 5);False;1;127
MoveEast;(3, 6);Idle;(6, 5);False;1;128
;(3, 6);Idle;(6, 5);False;1;129
;(3, 6);Idle;(6, 5);False;1;130
;(3, 6);Idle;(6, 5);False;1;131
MoveEast;(4, 6);Idle;(6, 5);False;1;132
;(4, 6);Idle;(6, 5);False;1;133
;(4, 6);Idle;(6, 5);False;1;134
MoveEast;(5, 6);Idle;(6, 5);False;1;135
;(5, 6);Idle;(6, 5);False;1;136
;(5, 6);Idle;(6, 5);False;1;137
;(5, 6);Idle;(6, 5);False;1;138
MoveEast;(6, 6);Idle;(6, 5);False;1;139
;(6, 6);Idle;(6, 5);False;1;140
;(6, 6);Idle;(6, 5);False;1;141
;(6, 6);Idle;(6, 5);False;1;142
MoveEast;(7, 6);Idle;(6, 5);False;1;143
;(7, 6);Idle;(6, 5);False;1;144
;(7, 6);Idle;(6, 5);False;1;145
;(7, 6);Idle;(6, 5);False;1;146
GrabObject;(7, 6);;(6, 5);False;1;147
;(7, 6);MoveEast;(6, 5);False;1;148
;(7, 6);MoveEast;(6, 5);False;1;149
;(7, 6);MoveEast;(6, 5);False;1;150
;(7, 6);MoveEast;(6, 5);False;1;151
;(7, 6);MoveEast;(6, 5);False;1;152
MoveWest;(6, 6);MoveEast;(6, 5);False;1;153
;(6, 6);MoveEast;(6, 5);False;1;154
;(6, 6);MoveEast;(6, 5);False;1;155
;(6, 6);MoveEast;(6, 5);False;1;156
;(6, 6);MoveEast;(6, 5);False;1;157
MoveWest;(5, 6);MoveEast;(7, 5);False;1;158
;(5, 6);MoveEast;(7, 5);False;1;159
;(5, 6);MoveEast;(7, 5);False;1;160
MoveWest;(4, 6);MoveEast;(7, 5);False;1;161
;(4, 6);MoveEast;(7, 5);False;1;162
;(4, 6);MoveEast;(7, 5);False;1;163
MoveWest;(3, 6);MoveEast;(7, 5);False;1;164
;(3, 6);MoveEast;(7, 5);False;1;165
;(3, 6);MoveEast;(7, 5);False;1;166
;(3, 6);MoveEast;(7, 5);False;1;167
DropObject;(3, 6);MoveEast;(7, 5);False;1;168
;(3, 6);MoveEast;(8, 5);False;1;169
MoveEast;(4, 6);MoveWest;(8, 5);False;1;170
;(4, 6);MoveWest;(8, 5);False;1;171
;(4, 6);MoveWest;(8, 5);False;1;172
;(4, 6);MoveWest;(8, 5);False;1;173
;(4, 6);MoveWest;(8, 5);False;1;174
MoveEast;(5, 6);MoveWest;(8, 5);False;1;175
;(5, 6);MoveWest;(8, 5);False;1;176
;(5, 6);MoveWest;(8, 5);False;1;177
MoveEast;(6, 6);MoveWest;(8, 5);False;1;178
;(6, 6);MoveWest;(8, 5);False;1;179
;(6, 6);MoveWest;(7, 5);False;1;180
;(6, 6);MoveWest;(7, 5);False;1;181
;(6, 6);MoveWest;(7, 5);False;1;182
MoveEast;(7, 6);MoveWest;(7, 5);False;1;183
;(7, 6);MoveWest;(7, 5);False;1;184
GrabObject;(7, 6);MoveWest;(7, 5);False;1;185
;(7, 6);MoveWest;(7, 5);False;1;186
;(7, 6);MoveWest;(7, 5);False;1;187
;(7, 6);MoveWest;(7, 5);False;1;188
;(7, 6);MoveWest;(7, 5);False;1;189
;(7, 6);MoveWest;(7, 5);False;1;190
;(7, 6);MoveWest;(6, 5);False;1;191
;(7, 6);MoveEast;(6, 5);False;1;192
;(7, 6);MoveEast;(6, 5);False;1;193
MoveWest;(6, 6);MoveEast;(6, 5);False;1;194
;(6, 6);MoveEast;(6, 5);False;1;195
;(6, 6);MoveEast;(6, 5);False;1;196
;(6, 6);MoveEast;(6, 5);False;1;197
;(6, 6);MoveEast;(6, 5);False;1;198
MoveWest;(5, 6);MoveEast;(6, 5);False;1;199
;(5, 6);MoveEast;(6, 5);False;1;200
MoveWest;(4, 6);MoveEast;(6, 5);False;1;201
;(4, 6);MoveEast;(7, 5);False;1;202
;(4, 6);MoveEast;(7, 5);False;1;203
MoveWest;(3, 6);MoveEast;(7, 5);False;1;204
;(3, 6);MoveEast;(7, 5);False;1;205
;(3, 6);MoveEast;(7, 5);False;1;206
;(3, 6);MoveEast;(7, 5);False;1;207
;(3, 6);MoveEast;(7, 5);False;1;208
;(3, 6);MoveEast;(7, 5);False;1;209
;(3, 6);MoveEast;(7, 5);False;1;210
;(3, 6);MoveEast;(7, 5);False;1;211
;(3, 6);MoveEast;(7, 5);False;1;212
;(3, 6);MoveEast;(8, 5);False;1;213
DropObject;(3, 6);MoveWest;(8, 5);False;1;214
;(3, 6);MoveWest;(8, 5);False;1;215
;(3, 6);MoveWest;(8, 5);False;1;216
;(3, 6);MoveWest;(8, 5);False;1;217
MoveSouth;(3, 7);MoveWest;(8, 5);False;1;218
;(3, 7);MoveWest;(8, 5);False;1;219
;(3, 7);MoveWest;(8, 5);False;1;220
;(3, 7);MoveWest;(8, 5);False;1;221
;(3, 7);MoveWest;(8, 5);False;1;222
;(3, 7);MoveWest;(8, 5);False;1;223
MoveSouth;(3, 8);MoveWest;(7, 5);False;1;224
;(3, 8);MoveWest;(7, 5);False;1;225
MoveEast;(4, 8);MoveWest;(7, 5);False;1;226
;(4, 8);MoveWest;(7, 5);False;1;227
;(4, 8);MoveWest;(7, 5);False;1;228
;(4, 8);MoveWest;(7, 5);False;1;229
MoveEast;(5, 8);MoveWest;(7, 5);False;1;230
;(5, 8);MoveWest;(7, 5);False;1;231
;(5, 8);MoveWest;(7, 5);False;1;232
;(5, 8);MoveWest;(7, 5);False;1;233
MoveEast;(6, 8);MoveWest;(7, 5);False;1;234
;(6, 8);MoveWest;(6, 5);False;1;235
;(6, 8);MoveEast;(6, 5);False;1;236
;(6, 8);MoveEast;(6, 5);False;1;237
;(6, 8);MoveEast;(6, 5);False;1;238
;(6, 8);MoveEast;(6, 5);False;1;239
GrabObject;(6, 8);MoveEast;(6, 5);False;1;240
;(6, 8);MoveEast;(6, 5);False;1;241
;(6, 8);MoveEast;(6, 5);False;1;242
MoveWest;(5, 8);MoveEast;(6, 5);False;1;243
;(5, 8);MoveEast;(6, 5);False;1;244
;(5, 8);MoveEast;(6, 5);False;1;245
MoveWest;(4, 8);MoveEast;(7, 5);False;1;246
;(4, 8);MoveEast;(7, 5);False;1;247
;(4, 8);MoveEast;(7, 5);False;1;248
;(4, 8);MoveEast;(7, 5);False;1;249
MoveWest;(3, 8);MoveEast;(7, 5);False;1;250
;(3, 8);MoveEast;(7, 5);False;1;251
DropObject;(3, 8);MoveEast;(7, 5);False;1;252
;(3, 8);MoveEast;(7, 5);False;1;253
;(3, 8);MoveEast;(7, 5);False;1;254
MoveEast;(4, 8);MoveEast;(7, 5);False;1;255
;(4, 8);MoveEast;(7, 5);False;1;256
;(4, 8);MoveEast;(8, 5);False;1;257
;(4, 8);MoveWest;(8, 5);False;1;258
MoveEast;(5, 8);MoveWest;(8, 5);False;1;259
;(5, 8);MoveWest;(8, 5);False;1;260
;(5, 8);MoveWest;(8, 5);False;1;261
;(5, 8);MoveWest;(8, 5);False;1;262
MoveEast;(6, 8);MoveWest;(8, 5);False;1;263
;(6, 8);MoveWest;(8, 5);False;1;264
;(6, 8);MoveWest;(8, 5);False;1;265
;(6, 8);MoveWest;(8, 5);False;1;266
GrabObject;(6, 8);MoveWest;(8, 5);False;1;267
;(6, 8);MoveWest;(7, 5);False;1;268
;(6, 8);MoveWest;(7, 5);False;1;269
MoveWest;(5, 8);MoveWest;(7, 5);False;1;270
;(5, 8);MoveWest;(7, 5);False;1;271
;(5, 8);MoveWest;(7, 5);False;1;272
;(5, 8);MoveWest;(7, 5);False;1;273
MoveWest;(4, 8);MoveWest;(7, 5);False;1;274
;(4, 8);MoveWest;(7, 5);False;1;275
;(4, 8);MoveWest;(7, 5);False;1;276
;(4, 8);MoveWest;(7, 5);False;1;277
;(4, 8);MoveWest;(7, 5);False;1;278
;(4, 8);MoveWest;(6, 5);False;1;279
;(4, 8);;(6, 5);False;1;280
;(4, 8);MoveWest;(6, 5);False;1;281
;(4, 8);MoveWest;(6, 5);False;1;282
MoveWest;(3, 8);MoveWest;(6, 5);False;1;283
;(3, 8);MoveWest;(6, 5);False;1;284
;(3, 8);MoveWest;(6, 5);False;1;285
;(3, 8);MoveWest;(6, 5);False;1;286
;(3, 8);MoveWest;(6, 5);False;1;287
;(3, 8);MoveWest;(6, 5);False;1;288
DropObject;(3, 8);MoveWest;(6, 5);False;1;289
;(3, 8);MoveWest;(6, 5);False;1;290
;(3, 8);MoveWest;(5, 5);False;1;291
MoveEast;(4, 8);MoveWest;(5, 5);False;1;292
;(4, 8);MoveWest;(5, 5);False;1;293
;(4, 8);MoveWest;(5, 5);False;1;294
MoveEast;(5, 8);MoveWest;(5, 5);False;1;295
;(5, 8);MoveWest;(5, 5);False;1;296
;(5, 8);MoveWest;(5, 5);False;1;297
;(5, 8);MoveWest;(5, 5);False;1;298
MoveEast;(6, 8);MoveWest;(5, 5);False;1;299
;(6, 8);MoveWest;(5, 5);False;1;300
;(6, 8);MoveWest;(5, 5);False;1;301
;(6, 8);MoveWest;(4, 5);False;1;302
MoveEast;(7, 8);MoveNorthWest;(4, 5);False;1;303
;(7, 8);MoveNorthWest;(4, 5);False;1;304
;(7, 8);MoveNorthWest;(4, 5);False;1;305
;(7, 8);MoveNorthWest;(4, 5);False;1;306
;(7, 8);MoveNorthWest;(4, 5);False;1;307
;(7, 8);MoveNorthWest;(4, 5);False;1;308
;(7, 8);MoveNorthWest;(4, 5);False;1;309
;(7, 8);MoveNorthWest;(4, 5);False;1;310
;(7, 8);MoveNorthWest;(4, 5);False;1;311
MoveNorth;(7, 7);MoveNorthWest;(4, 5);False;1;312
;(7, 7);MoveNorthWest;(3, 4);False;1;313
;(7, 7);MoveWest;(3, 4);False;1;314
GrabObject;(7, 7);MoveWest;(3, 4);False;1;315
;(7, 7);MoveWest;(3, 4);False;1;316
;(7, 7);MoveWest;(3, 4);False;1;317
;(7, 7);MoveWest;(3, 4);False;1;318
;(7, 7);MoveWest;(3, 4);False;1;319
;(7, 7);MoveWest;(3, 4);False;1;320
MoveWest;(6, 7);MoveWest;(3, 4);False;1;321
;(6, 7);MoveWest;(3, 4);False;1;322
;(6, 7);MoveWest;(3, 4);False;1;323
;(6, 7);MoveWest;(2, 4);False;1;324
MoveWest;(5, 7);MoveNorthWest;(2, 4);False;1;325
;(5, 7);MoveNorthWest;(2, 4);False;1;326
;(5, 7);MoveNorthWest;(2, 4);False;1;327
MoveWest;(4, 7);MoveNorthWest;(2, 4);False;1;328
;(4, 7);MoveNorthWest;(2, 4);False;1;329
;(4, 7);MoveNorthWest;(2, 4);False;1;330
MoveWest;(3, 7);MoveNorthWest;(2, 4);False;1;331
;(3, 7);MoveNorthWest;(2, 4);False;1;332
;(3, 7);MoveNorthWest;(2, 4);False;1;333
;(3, 7);MoveNorthWest;(2, 4);False;1;334
;(3, 7);MoveNorthWest;(1, 3);False;1;335
DropObject;(3, 7);MoveWest;(1, 3);False;1;336
;(3, 7);MoveWest;(1, 3);False;1;337
;(3, 7);MoveWest;(1, 3);False;1;338
MoveSouth;(3, 8);MoveWest;(1, 3);False;1;339
;(3, 8);MoveWest;(1, 3);False;1;340
;(3, 8);MoveWest;(1, 3);False;1;341
;(3, 8);MoveWest;(1, 3);False;1;342
;(3, 8);MoveWest;(1, 3);False;1;343
MoveSouth;(3, 9);MoveWest;(1, 3);False;1;344
;(3, 9);MoveWest;(1, 3);False;1;345
;(3, 9);MoveWest;(0, 3);False;1;346
;(3, 9);DropLargeObject;(0, 3);False;1;347
MoveEast;(4, 9);DropLargeObject;(0, 3);False;1;348
;(4, 9);DropLargeObject;(0, 3);False;1;349
;(4, 9);DropLargeObject;(0, 3);False;1;350
;(4, 9);DropLargeObject;(0, 3);False;1;351
MoveEast;(5, 9);DropLargeObject;(0, 3);False;1;352
;(5, 9);DropLargeObject;(0, 3);False;1;353
;(5, 9);DropLargeObject;(0, 3);False;1;354
;(5, 9);DropLargeObject;(0, 3);False;1;355
MoveEast;(6, 9);DropLargeObject;(0, 3);False;1;356
;(6, 9);DropLargeObject;(0, 3);False;1;357
;(6, 9);;(0, 3);False;1;358
MoveEast;(7, 9);Idle;(0, 3);False;1;359
;(7, 9);Idle;(0, 3);False;1;360
;(7, 9);Idle;(0, 3);False;1;361
;(7, 9);Idle;(0, 3);False;1;362
;(7, 9);Idle;(0, 3);False;1;363
;(7, 9);Idle;(0, 3);False;1;364
MoveNorth;(7, 8);Idle;(0, 3);False;1;365
;(7, 8);Idle;(0, 3);False;1;366
;(7, 8);Idle;(0, 3);False;1;367
GrabObject;(7, 8);Idle;(0, 3);False;1;368
;(7, 8);Idle;(0, 3);False;1;369
;(7, 8);Idle;(0, 3);False;1;370
;(7, 8);Idle;(0, 3);False;1;371
MoveWest;(6, 8);Idle;(0, 3);False;1;372
;(6, 8);Idle;(0, 3);False;1;373
;(6, 8);Idle;(0, 3);False;1;374
;(6, 8);Idle;(0, 3);False;1;375
MoveWest;(5, 8);Idle;(0, 3);False;1;376
;(5, 8);Idle;(0, 3);False;1;377
;(5, 8);Idle;(0, 3);False;1;378
MoveWest;(4, 8);Idle;(0, 3);False;1;379
;(4, 8);Idle;(0, 3);False;1;380
;(4, 8);Idle;(0, 3);False;1;381
;(4, 8);Idle;(0, 3);False;1;382
MoveWest;(3, 8);Idle;(0, 3);False;1;383
;(3, 8);Idle;(0, 3);False;1;384
;(3, 8);Idle;(0, 3);False;1;385
;(3, 8);Idle;(0, 3);False;1;386
;(3, 8);Idle;(0, 3);False;1;387
;(3, 8);Idle;(0, 3);False;1;388
;(3, 8);Idle;(0, 3);False;1;389
MoveWest;(2, 8);Idle;(0, 3);False;1;390
;(2, 8);Idle;(0, 3);False;1;391
;(2, 8);Idle;(0, 3);False;1;392
;(2, 8);Idle;(0, 3);False;1;393
;(2, 8);Idle;(0, 3);False;1;394
DropObject;(2, 8);Idle;(0, 3);False;1;395
;(2, 8);Idle;(0, 3);False;1;396
;(2, 8);Idle;(0, 3);False;1;397
;(2, 8);Idle;(0, 3);False;1;398
MoveEast;(3, 8);Idle;(0, 3);False;1;399
;(3, 8);Idle;(0, 3);False;1;400
;(3, 8);Idle;(0, 3);False;1;401
MoveEast;(4, 8);Idle;(0, 3);False;1;402
;(4, 8);Idle;(0, 3);False;1;403
;(4, 8);Idle;(0, 3);False;1;404
;(4, 8);Idle;(0, 3);False;1;405
MoveEast;(5, 8);Idle;(0, 3);False;1;406
;(5, 8);Idle;(0, 3);False;1;407
;(5, 8);Idle;(0, 3);False;1;408
MoveEast;(6, 8);Idle;(0, 3);False;1;409
;(6, 8);Idle;(0, 3);False;1;410
;(6, 8);Idle;(0, 3);False;1;411
MoveEast;(7, 8);Idle;(0, 3);False;1;412
;(7, 8);Idle;(0, 3);False;1;413
;(7, 8);;(0, 3);False;1;414
;(7, 8);MoveSouthEast;(0, 3);False;1;415
;(7, 8);MoveSouthEast;(0, 3);False;1;416
MoveSouth;(7, 9);MoveSouthEast;(0, 3);False;1;417
;(7, 9);MoveSouthEast;(0, 3);False;1;418
;(7, 9);MoveSouthEast;(0, 3);False;1;419
;(7, 9);MoveSouthEast;(0, 3);False;1;420
;(7, 9);MoveSouthEast;(0, 3);False;1;421
;(7, 9);MoveSouthEast;(0, 3);False;1;422
;(7, 9);MoveSouthEast;(0, 3);False;1;423
MoveWest;(6, 9);MoveSouthEast;(0, 3);False;1;424
;(6, 9);MoveSouthEast;(1, 4);False;1;425
;(6, 9);MoveEast;(1, 4);False;1;426
;(6, 9);MoveEast;(1, 4);False;1;427
;(6, 9);MoveEast;(1, 4);False;1;428
;(6, 9);MoveEast;(1, 4);False;1;429
;(6, 9);MoveEast;(1, 4);False;1;430
;(6, 9);MoveEast;(1, 4);False;1;431
;(6, 9);MoveEast;(1, 4);False;1;432
;(6, 9);MoveEast;(1, 4);False;1;433
;(6, 9);MoveEast;(1, 4);False;1;434
;(6, 9);MoveEast;(1, 4);False;1;435
;(6, 9);MoveEast;(2, 4);False;1;436
;(6, 9);MoveSouthEast;(2, 4);False;1;437
;(6, 9);MoveSouthEast;(2, 4);False;1;438
;(6, 9);MoveSouthEast;(2, 4);False;1;439
;(6, 9);MoveSouthEast;(2, 4);False;1;440
;(6, 9);MoveSouthEast;(2, 4);False;1;441
;(6, 9);MoveSouthEast;(2, 4);False;1;442
;(6, 9);MoveSouthEast;(2, 4);False;1;443
;(6, 9);MoveSouthEast;(2, 4);False;1;444
;(6, 9);MoveSouthEast;(2, 4);False;1;445
;(6, 9);MoveSouthEast;(2, 4);False;1;446
;(6, 9);MoveSouthEast;(3, 5);False;1;447
;(6, 9);MoveSouthEast;(3, 5);False;1;448
;(6, 9);MoveSouthEast;(3, 5);False;1;449
;(6, 9);MoveSouthEast;(3, 5);False;1;450
;(6, 9);MoveSouthEast;(3, 5);False;1;451
;(6, 9);MoveSouthEast;(3, 5);False;1;452
;(6, 9);MoveSouthEast;(3, 5);False;1;453
;(6, 9);MoveSouthEast;(3, 5);False;1;454
;(6, 9);MoveSouthEast;(3, 5);False;1;455
;(6, 9);MoveSouthEast;(3, 5);False;1;456
;(6, 9);MoveSouthEast;(3, 5);False;1;457
;(6, 9);MoveSouthEast;(4, 6);False;1;458
;(6, 9);MoveSouthEast;(4, 6);False;1;459
;(6, 9);MoveSouthEast;(4, 6);False;1;460
;(6, 9);MoveSouthEast;(4, 6);False;1;461
;(6, 9);MoveSouthEast;(4, 6);False;1;462
;(6, 9);MoveSouthEast;(4, 6);False;1;463
;(6, 9);MoveSouthEast;(4, 6);False;1;464
;(6, 9);MoveSouthEast;(4, 6);False;1;465
;(6, 9);MoveSouthEast;(4, 6);False;1;466
;(6, 9);MoveSouthEast;(4, 6);False;1;467
;(6, 9);MoveSouthEast;(4, 6);False;1;468
;(6, 9);MoveSouthEast;(5, 7);False;1;469
;(6, 9);MoveEast;(5, 7);False;1;470
;(6, 9);MoveEast;(5, 7);False;1;471
;(6, 9);MoveEast;(5, 7);False;1;472
;(6, 9);MoveEast;(5, 7);False;1;473
;(6, 9);MoveEast;(5, 7);False;1;474
;(6, 9);MoveEast;(5, 7);False;1;475
;(6, 9);MoveEast;(5, 7);False;1;476
;(6, 9);MoveEast;(5, 7);False;1;477
;(6, 9);MoveEast;(5, 7);False;1;478
;(6, 9);MoveEast;(5, 7);False;1;479
;(6, 9);MoveEast;(6, 7);False;1;480
;(6, 9);MoveSouthEast;(6, 7);False;1;481
;(6, 9);MoveSouthEast;(6, 7);False;1;482
;(6, 9);MoveSouthEast;(6, 7);False;1;483
;(6, 9);MoveSouthEast;(6, 7);False;1;484
;(6, 9);MoveSouthEast;(6, 7);False;1;485
;(6, 9);MoveSouthEast;(6, 7);False;1;486
;(6, 9);MoveSouthEast;(6, 7);False;1;487
;(6, 9);MoveSouthEast;(6, 7);False;1;488
;(6, 9);MoveSouthEast;(6, 7);False;1;489
;(6, 9);MoveSouthEast;(6, 7);False;1;490
;(6, 9);MoveSouthEast;(7, 8);False;1;491
;(6, 9);Idle;(7, 8);False;1;492
;(6, 9);Idle;(7, 8);False;1;493
;(6, 9);Idle;(7, 8);False;1;494
;(6, 9);Idle;(7, 8);False;1;495
;(6, 9);Idle;(7, 8);False;1;496
;(6, 9);Idle;(7, 8);False;1;497
;(6, 9);Idle;(7, 8);False;1;498
;(6, 9);Idle;(7, 8);False;1;499
;(6, 9);Idle;(7, 8);False;1;500
;(6, 9);Idle;(7, 8);False;1;501
;(6, 9);Idle;(7, 8);False;1;502
;(6, 9);Idle;(7, 8);False;1;503
;(6, 9);Idle;(7, 8);False;1;504
;(6, 9);Idle;(7, 8);False;1;505
;(6, 9);Idle;(7, 8);False;1;506
;(6, 9);Idle;(7, 8);False;1;507
;(6, 9);Idle;(7, 8);False;1;508
;(6, 9);Idle;(7, 8);False;1;509
;(6, 9);Idle;(7, 8);False;1;510
;(6, 9);Idle;(7, 8);False;1;511
;(6, 9);Idle;(7, 8);False;1;512
;(6, 9);Idle;(7, 8);False;1;513
;(6, 9);Idle;(7, 8);False;1;514
;(6, 9);Idle;(7, 8);False;1;515
;(6, 9);Idle;(7, 8);False;1;516
;(6, 9);Idle;(7, 8);False;1;517
;(6, 9);Idle;(7, 8);False;1;518
;(6, 9);Idle;(7, 8);False;1;519
;(6, 9);Idle;(7, 8);False;1;520
;(6, 9);Idle;(7, 8);False;1;521
;(6, 9);Idle;(7, 8);False;1;522
;(6, 9);Idle;(7, 8);False;1;523
;(6, 9);Idle;(7, 8);False;1;524
;(6, 9);Idle;(7, 8);False;1;525
;(6, 9);Idle;(7, 8);False;1;526
;(6, 9);Idle;(7, 8);False;1;527
;(6, 9);Idle;(7, 8);False;1;528
;(6, 9);Idle;(7, 8);False;1;529
;(6, 9);Idle;(7, 8);False;1;530
;(6, 9);Idle;(7, 8);False;1;531
;(6, 9);Idle;(7, 8);False;1;532
;(6, 9);Idle;(7, 8);False;1;533
;(6, 9);Idle;(7, 8);False;1;534
;(6, 9);Idle;(7, 8);False;1;535
;(6, 9);Idle;(7, 8);False;1;536
;(6, 9);Idle;(7, 8);False;1;537
;(6, 9);Idle;(7, 8);False;1;538
;(6, 9);Idle;(7, 8);False;1;539
;(6, 9);Idle;(7, 8);False;1;540
;(6, 9);Idle;(7, 8);False;1;541
;(6, 9);Idle;(7, 8);False;1;542
;(6, 9);Idle;(7, 8);False;1;543
;(6, 9);Idle;(7, 8);False;1;544
;(6, 9);Idle;(7, 8);False;1;545
;(6, 9);Idle;(7, 8);False;1;546
;(6, 9);;(7, 8);False;1;547
;(6, 9);MoveSouthWest;(7, 8);False;1;548
;(6, 9);MoveSouthWest;(7, 8);False;1;549
;(6, 9);MoveSouthWest;(7, 8);False;1;550
;(6, 9);MoveSouthWest;(7, 8);False;1;551
;(6, 9);MoveSouthWest;(7, 8);False;1;552
;(6, 9);MoveSouthWest;(7, 8);False;1;553
;(6, 9);MoveSouthWest;(7, 8);False;1;554
;(6, 9);MoveSouthWest;(7, 8);False;1;555
;(6, 9);MoveSouthWest;(7, 8);False;1;556
;(6, 9);MoveSouthWest;(7, 8);False;1;557
;(6, 9);MoveSouthWest;(6, 9);False;1;558
;(6, 9);GrabLargeObject;(6, 9);False;1;559
;(6, 9);GrabLargeObject;(6, 9);False;1;560
;(6, 9);GrabLargeObject;(6, 9);False;1;561
;(6, 9);GrabLargeObject;(6, 9);False;1;562
;(6, 9);GrabLargeObject;(6, 9);False;1;563
;(6, 9);GrabLargeObject;(6, 9);False;1;564
;(6, 9);GrabLargeObject;(6, 9);False;1;565
;(6, 9);GrabLargeObject;(6, 9);False;1;566
;(6, 9);GrabLargeObject;(6, 9);False;1;567
;(6, 9);GrabLargeObject;(6, 9);False;1;568
;(6, 9);GrabLargeObject;(6, 9);False;1;569
;(6, 9);;(6, 9);False;1;570
;(6, 9);MoveNorthEast;(6, 9);False;1;571
;(6, 9);MoveNorthEast;(6, 9);False;1;572
;(6, 9);MoveNorthEast;(6, 9);False;1;573
;(6, 9);MoveNorthEast;(6, 9);False;1;574
;(6, 9);MoveNorthEast;(6, 9);False;1;575
;(6, 9);MoveNorthEast;(6, 9);False;1;576
;(6, 9);MoveNorthEast;(6, 9);False;1;577
;(6, 9);MoveNorthEast;(6, 9);False;1;578
;(6, 9);MoveNorthEast;(6, 9);False;1;579
;(6, 9);MoveNorthEast;(6, 9);False;1;580
MoveEast;(7, 9);MoveNorthEast;(7, 8);False;1;581
;(7, 9);MoveNorth;(7, 8);False;1;582
;(7, 9);MoveNorth;(7, 8);False;1;583
;(7, 9);MoveNorth;(7, 8);False;1;584
;(7, 9);MoveNorth;(7, 8);False;1;585
;(7, 9);MoveNorth;(7, 8);False;1;586
;(7, 9);MoveNorth;(7, 8);False;1;587
;(7, 9);MoveNorth;(7, 8);False;1;588
;(7, 9);MoveNorth;(7, 8);False;1;589
;(7, 9);MoveNorth;(7, 8);False;1;590
MoveEast;(8, 9);MoveNorth;(7, 8);False;1;591
;(8, 9);MoveNorth;(7, 7);False;1;592
;(8, 9);MoveNorthEast;(7, 7);False;1;593
;(8, 9);MoveNorthEast;(7, 7);False;1;594
;(8, 9);MoveNorthEast;(7, 7);False;1;595
;(8, 9);MoveNorthEast;(7, 7);False;1;596
;(8, 9);MoveNorthEast;(7, 7);False;1;597
;(8, 9);MoveNorthEast;(7, 7);False;1;598
;(8, 9);MoveNorthEast;(7, 7);False;1;599
;(8, 9);MoveNorthEast;(7, 7);False;1;600
;(8, 9);MoveNorthEast;(7, 7);False;1;601
;(8, 9);MoveNorthEast;(7, 7);False;1;602
;(8, 9);MoveNorthEast;(8, 6);False;1;603
;(8, 9);BreakObject;(8, 6);False;1;604
;(8, 9);BreakObject;(8, 6);False;1;605
;(8, 9);BreakObject;(8, 6);False;1;606
;(8, 9);BreakObject;(8, 6);False;1;607
;(8, 9);BreakObject;(8, 6);False;1;608
;(8, 9);BreakObject;(8, 6);False;1;609
;(8, 9);BreakObject;(8, 6);False;1;610
;(8, 9);BreakObject;(8, 6);False;1;611
;(8, 9);BreakObject;(8, 6);False;1;612
;(8, 9);BreakObject;(8, 6);False;1;613
;(8, 9);BreakObject;(8, 6);False;1;614
;(8, 9);;(8, 6);False;1;615
;(8, 9);MoveWest;(8, 6);False;1;616
;(8, 9);MoveWest;(8, 6);False;1;617
;(8, 9);MoveWest;(8, 6);False;1;618
;(8, 9);MoveWest;(8, 6);False;1;619
;(8, 9);MoveWest;(8, 6);False;1;620
;(8, 9);MoveWest;(8, 6);False;1;621
;(8, 9);MoveWest;(8, 6);False;1;622
;(8, 9);MoveWest;(8, 6);False;1;623
;(8, 9);MoveWest;(8, 6);False;1;624
;(8, 9);MoveWest;(8, 6);False;1;625
;(8, 9);MoveWest;(7, 6);False;1;626
;(8, 9);MoveWest;(7, 6);False;1;627
;(8, 9);MoveWest;(7, 6);False;1;628
;(8, 9);MoveWest;(7, 6);False;1;629
;(8, 9);MoveWest;(7, 6);False;1;630
;(8, 9);MoveWest;(7, 6);False;1;631
;(8, 9);MoveWest;(7, 6);False;1;632
;(8, 9);MoveWest;(7, 6);False;1;633
;(8, 9);MoveWest;(7, 6);False;1;634
GrabObject;(8, 9);MoveWest;(7, 6);False;1;635
;(8, 9);MoveWest;(7, 6);False;1;636
;(8, 9);MoveWest;(6, 6);False;1;637
;(8, 9);MoveWest;(6, 6);False;1;638
;(8, 9);MoveWest;(6, 6);False;1;639
;(8, 9);MoveWest;(6, 6);False;1;640
MoveWest;(7, 9);MoveWest;(6, 6);False;1;641
;(7, 9);MoveWest;(6, 6);False;1;642
;(7, 9);MoveWest;(6, 6);False;1;643
;(7, 9);MoveWest;(6, 6);False;1;644
MoveWest;(6, 9);MoveWest;(6, 6);False;1;645
;(6, 9);MoveWest;(6, 6);False;1;646
;(6, 9);MoveWest;(6, 6);False;1;647
;(6, 9);MoveWest;(5, 6);False;1;648
MoveWest;(5, 9);MoveNorthWest;(5, 6);False;1;649
;(5, 9);MoveNorthWest;(5, 6);False;1;650
;(5, 9);MoveNorthWest;(5, 6);False;1;651
MoveWest;(4, 9);MoveNorthWest;(5, 6);False;1;652
;(4, 9);MoveNorthWest;(5, 6);False;1;653
DropObject;(4, 9);MoveNorthWest;(5, 6);False;1;654
;(4, 9);MoveNorthWest;(5, 6);False;1;655
;(4, 9);MoveNorthWest;(5, 6);False;1;656
MoveEast;(5, 9);MoveNorthWest;(5, 6);False;1;657
;(5, 9);MoveNorthWest;(5, 6);False;1;658
;(5, 9);MoveNorthWest;(4, 5);False;1;659
;(5, 9);MoveWest;(4, 5);False;1;660
MoveEast;(6, 9);MoveWest;(4, 5);False;1;661
;(6, 9);MoveWest;(4, 5);False;1;662
;(6, 9);MoveWest;(4, 5);False;1;663
;(6, 9);MoveWest;(4, 5);False;1;664
;(6, 9);MoveWest;(4, 5);False;1;665
MoveEast;(7, 9);MoveWest;(4, 5);False;1;666
;(7, 9);MoveWest;(4, 5);False;1;667
;(7, 9);MoveWest;(4, 5);False;1;668
;(7, 9);MoveWest;(4, 5);False;1;669
;(7, 9);MoveWest;(3, 5);False;1;670
;(7, 9);MoveNorthWest;(3, 5);False;1;671
;(7, 9);MoveNorthWest;(3, 5);False;1;672
MoveNorth;(7, 8);MoveNorthWest;(3, 5);False;1;673
;(7, 8);MoveNorthWest;(3, 5);False;1;674
;(7, 8);MoveNorthWest;(3, 5);False;1;675
;(7, 8);MoveNorthWest;(3, 5);False;1;676
;(7, 8);MoveNorthWest;(3, 5);False;1;677
;(7, 8);MoveNorthWest;(3, 5);False;1;678
;(7, 8);MoveNorthWest;(3, 5);False;1;679
MoveEast;(8, 8);MoveNorthWest;(3, 5);False;1;680
;(8, 8);MoveNorthWest;(2, 4);False;1;681
;(8, 8);MoveWest;(2, 4);False;1;682
;(8, 8);MoveWest;(2, 4);False;1;683
GrabObject;(8, 8);MoveWest;(2, 4);False;1;684
;(8, 8);MoveWest;(2, 4);False;1;685
;(8, 8);MoveWest;(2, 4);False;1;686
MoveWest;(7, 8);MoveWest;(2, 4);False;1;687
;(7, 8);MoveWest;(2, 4);False;1;688
;(7, 8);MoveWest;(2, 4);False;1;689
;(7, 8);MoveWest;(2, 4);False;1;690
MoveWest;(6, 8);MoveWest;(2, 4);False;1;691
;(6, 8);MoveWest;(1, 4);False;1;692
;(6, 8);DropLargeObject;(1, 4);False;1;693
MoveWest;(5, 8);DropLargeObject;(1, 4);False;1;694
;(5, 8);DropLargeObject;(1, 4);False;1;695
;(5, 8);DropLargeObject;(1, 4);False;1;696
MoveWest;(4, 8);DropLargeObject;(1, 4);False;1;697
;(4, 8);DropLargeObject;(1, 4);False;1;698
;(4, 8);DropLargeObject;(1, 4);False;1;699
;(4, 8);DropLargeObject;(1, 4);False;1;700
;(4, 8);DropLargeObject;(1, 4);False;1;701
DropObject;(4, 8);DropLargeObject;(1, 4);False;1;702
;(4, 8);DropLargeObject;(1, 4);False;1;703
;(4, 8);;(1, 4);False;1;704
MoveEast;(5, 8);MoveSouthEast;(1, 4);False;1;705
;(5, 8);MoveSouthEast;(1, 4);False;1;706
;(5, 8);MoveSouthEast;(1, 4);False;1;707
MoveEast;(6, 8);MoveSouthEast;(1, 4);False;1;708
;(6, 8);MoveSouthEast;(1, 4);False;1;709
;(6, 8);MoveSouthEast;(1, 4);False;1;710
;(6, 8);MoveSouthEast;(1, 4);False;1;711
MoveEast;(7, 8);MoveSouthEast;(1, 4);False;1;712
;(7, 8);MoveSouthEast;(1, 4);False;1;713
;(7, 8);MoveSouthEast;(1, 4);False;1;714
MoveEast;(8, 8);MoveSouthEast;(2, 5);False;1;715
;(8, 8);MoveSouth;(2, 5);False;1;716
;(8, 8);MoveSouth;(2, 5);False;1;717
;(8, 8);MoveSouth;(2, 5);False;1;718
;(8, 8);MoveSouth;(2, 5);False;1;719
GrabObject;(8, 8);MoveSouth;(2, 5);False;1;720
;(8, 8);MoveSouth;(2, 5);False;1;721
MoveWest;(7, 8);MoveSouth;(2, 5);False;1;722
;(7, 8);MoveSouth;(2, 5);False;1;723
;(7, 8);MoveSouth;(2, 5);False;1;724
;(7, 8);MoveSouth;(2, 5);False;1;725
MoveWest;(6, 8);MoveSouth;(2, 6);False;1;726
;(6, 8);MoveSouthEast;(2, 6);False;1;727
;(6, 8);MoveSouthEast;(2, 6);False;1;728
MoveWest;(5, 8);MoveSouthEast;(2, 6);False;1;729
;(5, 8);MoveSouthEast;(2, 6);False;1;730
;(5, 8);MoveSouthEast;(2, 6);False;1;731
MoveWest;(4, 8);MoveSouthEast;(2, 6);False;1;732
;(4, 8);MoveSouthEast;(2, 6);False;1;733
;(4, 8);MoveSouthEast;(2, 6);False;1;734
MoveWest;(3, 8);MoveSouthEast;(2, 6);False;1;735
;(3, 8);MoveSouthEast;(2, 6);False;1;736
;(3, 8);MoveSouthEast;(3, 7);False;1;737
DropObject;(3, 8);MoveSouthEast;(3, 7);False;1;738
;(3, 8);MoveSouthEast;(3, 7);False;1;739
;(3, 8);MoveSouthEast;(3, 7);False;1;740
;(3, 8);MoveSouthEast;(3, 7);False;1;741
;(3, 8);MoveSouthEast;(3, 7);False;1;742
MoveSouth;(3, 9);MoveSouthEast;(3, 7);False;1;743
;(3, 9);MoveSouthEast;(3, 7);False;1;744
;(3, 9);MoveSouthEast;(3, 7);False;1;745
;(3, 9);MoveSouthEast;(3, 7);False;1;746
;(3, 9);MoveSouthEast;(3, 7);False;1;747
;(3, 9);MoveSouthEast;(4, 8);False;1;748
;(3, 9);Idle;(4, 8);False;1;749
MoveEast;(4, 9);Idle;(4, 8);False;1;750
;(4, 9);Idle;(4, 8);False;1;751
;(4, 9);Idle;(4, 8);False;1;752
;(4, 9);Idle;(4, 8);False;1;753
;(4, 9);Idle;(4, 8);False;1;754
MoveEast;(5, 9);Idle;(4, 8);False;1;755
;(5, 9);Idle;(4, 8);False;1;756
;(5, 9);Idle;(4, 8);False;1;757
MoveEast;(6, 9);Idle;(4, 8);False;1;758
;(6, 9);Idle;(4, 8);False;1;759
;(6, 9);Idle;(4, 8);False;1;760
MoveEast;(7, 9);Idle;(4, 8);False;1;761
;(7, 9);Idle;(4, 8);False;1;762
;(7, 9);Idle;(4, 8);False;1;763
;(7, 9);Idle;(4, 8);False;1;764
MoveEast;(8, 9);Idle;(4, 8);False;1;765
;(8, 9);Idle;(4, 8);False;1;766
;(8, 9);Idle;(4, 8);False;1;767
;(8, 9);Idle;(4, 8);False;1;768
;(8, 9);Idle;(4, 8);False;1;769
;(8, 9);Idle;(4, 8);False;1;770
;(8, 9);Idle;(4, 8);False;1;771
GrabObject;(8, 9);Idle;(4, 8);False;1;772
MoveWest;(7, 9);Idle;(4, 8);False;1;773
;(7, 9);Idle;(4, 8);False;1;774
;(7, 9);Idle;(4, 8);False;1;775
;(7, 9);Idle;(4, 8);False;1;776
;(7, 9);Idle;(4, 8);False;1;777
;(7, 9);Idle;(4, 8);False;1;778
;(7, 9);Idle;(4, 8);False;1;779
;(7, 9);Idle;(4, 8);False;1;780
MoveWest;(6, 9);Idle;(4, 8);False;1;781
;(6, 9);Idle;(4, 8);False;1;782
;(6, 9);Idle;(4, 8);False;1;783
MoveWest;(5, 9);Idle;(4, 8);False;1;784
;(5, 9);Idle;(4, 8);False;1;785
;(5, 9);Idle;(4, 8);False;1;786
;(5, 9);Idle;(4, 8);False;1;787
;(5, 9);Idle;(4, 8);False;1;788
DropObject;(5, 9);Idle;(4, 8);False;1;789
;(5, 9);Idle;(4, 8);False;1;790
MoveEast;(6, 9);Idle;(4, 8);False;1;791
;(6, 9);Idle;(4, 8);False;1;792
;(6, 9);Idle;(4, 8);False;1;793
;(6, 9);Idle;(4, 8);False;1;794
MoveEast;(7, 9);Idle;(4, 8);False;1;795
;(7, 9);Idle;(4, 8);False;1;796
;(7, 9);Idle;(4, 8);False;1;797
;(7, 9);Idle;(4, 8);False;1;798
;(7, 9);Idle;(4, 8);False;1;799
MoveEast;(8, 9);Idle;(4, 8);False;1;800
;(8, 9);Idle;(4, 8);False;1;801
;(8, 9);Idle;(4, 8);False;1;802
;(8, 9);Idle;(4, 8);False;1;803
;(8, 9);;(4, 8);False;1;804
MoveSouth;(8, 10);MoveNorthEast;(4, 8);False;1;805
;(8, 10);MoveNorthEast;(4, 8);False;1;806
;(8, 10);MoveNorthEast;(4, 8);False;1;807
GrabObject;(8, 10);MoveNorthEast;(4, 8);False;1;808
;(8, 10);MoveNorthEast;(4, 8);False;1;809
;(8, 10);MoveNorthEast;(4, 8);False;1;810
;(8, 10);MoveNorthEast;(4, 8);False;1;811
MoveWest;(7, 10);MoveNorthEast;(4, 8);False;1;812
;(7, 10);MoveNorthEast;(4, 8);False;1;813
;(7, 10);MoveNorthEast;(4, 8);False;1;814
;(7, 10);MoveNorthEast;(5, 7);False;1;815
MoveWest;(6, 10);MoveNorthEast;(5, 7);False;1;816
;(6, 10);MoveNorthEast;(5, 7);False;1;817
MoveWest;(5, 10);MoveNorthEast;(5, 7);False;1;818
;(5, 10);MoveNorthEast;(5, 7);False;1;819
;(5, 10);MoveNorthEast;(5, 7);False;1;820
;(5, 10);MoveNorthEast;(5, 7);False;1;821
;(5, 10);MoveNorthEast;(5, 7);False;1;822
DropObject;(5, 10);MoveNorthEast;(5, 7);False;1;823
;(5, 10);MoveNorthEast;(5, 7);False;1;824
;(5, 10);MoveNorthEast;(5, 7);False;1;825
;(5, 10);MoveNorthEast;(6, 6);False;1;826
;(5, 10);MoveNorthEast;(6, 6);False;1;827
MoveNorth;(5, 9);MoveNorthEast;(6, 6);False;1;828
;(5, 9);MoveNorthEast;(6, 6);False;1;829
;(5, 9);MoveNorthEast;(6, 6);False;1;830
;(5, 9);MoveNorthEast;(6, 6);False;1;831
MoveNorth;(5, 8);MoveNorthEast;(6, 6);False;1;832
;(5, 8);MoveNorthEast;(6, 6);False;1;833
;(5, 8);MoveNorthEast;(6, 6);False;1;834
;(5, 8);MoveNorthEast;(6, 6);False;1;835
MoveEast;(6, 8);MoveNorthEast;(6, 6);False;1;836
;(6, 8);MoveNorthEast;(7, 5);False;1;837
;(6, 8);MoveNorthEast;(7, 5);False;1;838
;(6, 8);MoveNorthEast;(7, 5);False;1;839
MoveEast;(7, 8);MoveNorthEast;(7, 5);False;1;840
;(7, 8);MoveNorthEast;(7, 5);False;1;841
;(7, 8);MoveNorthEast;(7, 5);False;1;842
MoveEast;(8, 8);MoveNorthEast;(7, 5);False;1;843
;(8, 8);MoveNorthEast;(7, 5);False;1;844
;(8, 8);MoveNorthEast;(7, 5);False;1;845
;(8, 8);MoveNorthEast;(7, 5);False;1;846
;(8, 8);MoveNorthEast;(7, 5);False;1;847
;(8, 8);MoveNorthEast;(8, 4);False;1;848
;(8, 8);MoveNorthEast;(8, 4);False;1;849
MoveEast;(9, 8);MoveNorthEast;(8, 4);False;1;850
;(9, 8);MoveNorthEast;(8, 4);False;1;851
;(9, 8);MoveNorthEast;(8, 4);False;1;852
;(9, 8);MoveNorthEast;(8, 4);False;1;853
MoveSouth;(9, 9);MoveNorthEast;(8, 4);False;1;854
;(9, 9);MoveNorthEast;(8, 4);False;1;855
;(9, 9);MoveNorthEast;(8, 4);False;1;856
;(9, 9);MoveNorthEast;(8, 4);False;1;857
;(9, 9);MoveNorthEast;(8, 4);False;1;858
;(9, 9);MoveNorthEast;(9, 3);False;1;859
GrabObject;(9, 9);GrabObject;(9, 3);False;1;860
;(9, 9);GrabObject;(9, 3);False;1;861
;(9, 9);GrabObject;(9, 3);False;1;862
MoveWest;(8, 9);GrabObject;(9, 3);False;1;863
;(8, 9);GrabObject;(9, 3);False;1;864
;(8, 9);GrabObject;(9, 3);False;1;865
MoveWest;(7, 9);GrabObject;(9, 3);False;1;866
;(7, 9);GrabObject;(9, 3);False;1;867
;(7, 9);GrabObject;(9, 3);False;1;868
;(7, 9);GrabObject;(9, 3);False;1;869
MoveWest;(6, 9);GrabObject;(9, 3);False;1;870
;(6, 9);;(9, 3);False;1;871
;(6, 9);Idle;(9, 3);False;1;872
MoveWest;(5, 9);Idle;(9, 3);False;1;873
;(5, 9);Idle;(9, 3);False;1;874
;(5, 9);Idle;(9, 3);False;1;875
MoveWest;(4, 9);Idle;(9, 3);False;1;876
;(4, 9);Idle;(9, 3);False;1;877
;(4, 9);Idle;(9, 3);False;1;878
MoveWest;(3, 9);Idle;(9, 3);False;1;879
;(3, 9);Idle;(9, 3);False;1;880
;(3, 9);Idle;(9, 3);False;1;881
DropObject;(3, 9);Idle;(9, 3);False;1;882
;(3, 9);Idle;(9, 3);False;1;883
MoveEast;(4, 9);Idle;(9, 3);False;1;884
;(4, 9);Idle;(9, 3);False;1;885
;(4, 9);Idle;(9, 3);False;1;886
;(4, 9);Idle;(9, 3);False;1;887
MoveEast;(5, 9);Idle;(9, 3);False;1;888
;(5, 9);Idle;(9, 3);False;1;889
;(5, 9);Idle;(9, 3);False;1;890
MoveEast;(6, 9);Idle;(9, 3);False;1;891
;(6, 9);Idle;(9, 3);False;1;892
;(6, 9);Idle;(9, 3);False;1;893
;(6, 9);Idle;(9, 3);False;1;894
MoveEast;(7, 9);Idle;(9, 3);False;1;895
;(7, 9);Idle;(9, 3);False;1;896
;(7, 9);Idle;(9, 3);False;1;897
MoveEast;(8, 9);Idle;(9, 3);False;1;898
;(8, 9);Idle;(9, 3);False;1;899
;(8, 9);Idle;(9, 3);False;1;900
;(8, 9);Idle;(9, 3);False;1;901
MoveEast;(9, 9);Idle;(9, 3);False;1;902
;(9, 9);Idle;(9, 3);False;1;903
;(9, 9);Idle;(9, 3);False;1;904
;(9, 9);Idle;(9, 3);False;1;905
;(9, 9);Idle;(9, 3);False;1;906
MoveSouth;(9, 10);Idle;(9, 3);False;1;907
;(9, 10);Idle;(9, 3);False;1;908
;(9, 10);Idle;(9, 3);False;1;909
;(9, 10);Idle;(9, 3);False;1;910
;(9, 10);Idle;(9, 3);False;1;911
;(9, 10);Idle;(9, 3);False;1;912
GrabObject;(9, 10);Idle;(9, 3);False;1;913
;(9, 10);Idle;(9, 3);False;1;914
;(9, 10);Idle;(9, 3);False;1;915
MoveWest;(8, 10);Idle;(9, 3);False;1;916
;(8, 10);Idle;(9, 3);False;1;917
;(8, 10);Idle;(9, 3);False;1;918
;(8, 10);Idle;(9, 3);False;1;919
MoveWest;(7, 10);Idle;(9, 3);False;1;920
;(7, 10);Idle;(9, 3);False;1;921
;(7, 10);Idle;(9, 3);False;1;922
MoveWest;(6, 10);Idle;(9, 3);False;1;923
;(6, 10);Idle;(9, 3);False;1;924
;(6, 10);Idle;(9, 3);False;1;925
;(6, 10);Idle;(9, 3);False;1;926
;(6, 10);;(9, 3);False;1;927
MoveWest;(5, 10);Idle;(9, 3);False;1;928
;(5, 10);Idle;(9, 3);False;1;929
;(5, 10);Idle;(9, 3);False;1;930
;(5, 10);Idle;(9, 3);False;1;931
MoveNorth;(5, 9);Idle;(9, 3);False;1;932
;(5, 9);Idle;(9, 3);False;1;933
;(5, 9);Idle;(9, 3);False;1;934
;(5, 9);Idle;(9, 3);False;1;935
MoveNorth;(5, 8);Idle;(9, 3);False;1;936
;(5, 8);Idle;(9, 3);False;1;937
DropObject;(5, 8);Idle;(9, 3);False;1;938
;(5, 8);Idle;(9, 3);False;1;939
;(5, 8);Idle;(9, 3);False;1;940
;(5, 8);Idle;(9, 3);False;1;941
;(5, 8);Idle;(9, 3);False;1;942
;(5, 8);Idle;(9, 3);False;1;943
;(5, 8);Idle;(9, 3);False;1;944
;(5, 8);Idle;(9, 3);False;1;945
;(5, 8);Idle;(9, 3);False;1;946
;(5, 8);Idle;(9, 3);False;1;947
;(5, 8);Idle;(9, 3);False;1;948
;(5, 8);Idle;(9, 3);False;1;949
;(5, 8);Idle;(9, 3);False;1;950
;(5, 8);Idle;(9, 3);False;1;951
;(5, 8);Idle;(9, 3);False;1;952
;(5, 8);Idle;(9, 3);False;1;953
MoveWest;(4, 8);Idle;(9, 3);False;1;954
;(4, 8);Idle;(9, 3);False;1;955
;(4, 8);Idle;(9, 3);False;1;956
;(4, 8);Idle;(9, 3);False;1;957
;(4, 8);Idle;(9, 3);False;1;958
;(4, 8);Idle;(9, 3);False;1;959
MoveNorth;(4, 7);Idle;(9, 3);False;1;960
;(4, 7);Idle;(9, 3);False;1;961
;(4, 7);Idle;(9, 3);False;1;962
;(4, 7);Idle;(9, 3);False;1;963
;(4, 7);Idle;(9, 3);False;1;964
;(4, 7);Idle;(9, 3);False;1;965
;(4, 7);Idle;(9, 3);False;1;966
;(4, 7);Idle;(9, 3);False;1;967
;(4, 7);Idle;(9, 3);False;1;968
;(4, 7);Idle;(9, 3);False;1;969
;(4, 7);Idle;(9, 3);False;1;970
;(4, 7);Idle;(9, 3);False;1;971
;(4, 7);Idle;(9, 3);False;1;972
;(4, 7);Idle;(9, 3);False;1;973
;(4, 7);Idle;(9, 3);False;1;974
;(4, 7);Idle;(9, 3);False;1;975
;(4, 7);Idle;(9, 3);False;1;976
;(4, 7);Idle;(9, 3);False;1;977
;(4, 7);Idle;(9, 3);False;1;978
;(4, 7);Idle;(9, 3);False;1;979
;(4, 7);Idle;(9, 3);False;1;980
;(4, 7);Idle;(9, 3);False;1;981
;(4, 7);Idle;(9, 3);False;1;982
;(4, 7);;(9, 3);False;1;983
;(4, 7);MoveSouth;(9, 3);False;1;984
;(4, 7);MoveSouth;(9, 3);False;1;985
;(4, 7);MoveSouth;(9, 3);False;1;986
;(4, 7);MoveSouth;(9, 3);False;1;987
;(4, 7);MoveSouth;(9, 3);False;1;988
;(4, 7);MoveSouth;(9, 3);False;1;989
;(4, 7);MoveSouth;(9, 3);False;1;990
;(4, 7);MoveSouth;(9, 3);False;1;991
;(4, 7);MoveSouth;(9, 3);False;1;992
;(4, 7);MoveSouth;(9, 3);False;1;993
;(4, 7);MoveSouth;(9, 4);False;1;994
;(4, 7);MoveSouthEast;(9, 4);False;1;995
;(4, 7);MoveSouthEast;(9, 4);False;1;996
;(4, 7);MoveSouthEast;(9, 4);False;1;997
;(4, 7);MoveSouthEast;(9, 4);False;1;998
;(4, 7);MoveSouthEast;(9, 4);False;1;999
;(4, 7);MoveSouthEast;(9, 4);False;1;1000
;(4, 7);MoveSouthEast;(9, 4);False;1;1001
;(4, 7);MoveSouthEast;(9, 4);False;1;1002
;(4, 7);MoveSouthEast;(9, 4);False;1;1003
;(4, 7);MoveSouthEast;(9, 4);False;1;1004
;(4, 7);MoveSouthEast;(10, 5);False;1;1005
;(4, 7);GrabObject;(10, 5);False;1;1006
;(4, 7);GrabObject;(10, 5);False;1;1007
;(4, 7);GrabObject;(10, 5);False;1;1008
;(4, 7);GrabObject;(10, 5);False;1;1009
;(4, 7);GrabObject;(10, 5);False;1;1010
;(4, 7);GrabObject;(10, 5);False;1;1011
;(4, 7);GrabObject;(10, 5);False;1;1012
;(4, 7);GrabObject;(10, 5);False;1;1013
;(4, 7);GrabObject;(10, 5);False;1;1014
MoveWest;(3, 7);GrabObject;(10, 5);False;1;1015
;(3, 7);GrabObject;(10, 5);False;1;1016
;(3, 7);;(10, 5);False;1;1017
;(3, 7);MoveSouthEast;(10, 5);False;1;1018
;(3, 7);MoveSouthEast;(10, 5);False;1;1019
;(3, 7);MoveSouthEast;(10, 5);False;1;1020
;(3, 7);MoveSouthEast;(10, 5);False;1;1021
;(3, 7);MoveSouthEast;(10, 5);False;1;1022
;(3, 7);MoveSouthEast;(10, 5);False;1;1023
;(3, 7);MoveSouthEast;(10, 5);False;1;1024
;(3, 7);MoveSouthEast;(10, 5);False;1;1025
;(3, 7);MoveSouthEast;(10, 5);False;1;1026
;(3, 7);MoveSouthEast;(10, 5);False;1;1027
;(3, 7);MoveSouthEast;(11, 6);False;1;1028
;(3, 7);GrabObject;(11, 6);False;1;1029
;(3, 7);GrabObject;(11, 6);False;1;1030
;(3, 7);GrabObject;(11, 6);False;1;1031
;(3, 7);GrabObject;(11, 6);False;1;1032
;(3, 7);GrabObject;(11, 6);False;1;1033
;(3, 7);GrabObject;(11, 6);False;1;1034
;(3, 7);GrabObject;(11, 6);False;1;1035
;(3, 7);GrabObject;(11, 6);False;1;1036
;(3, 7);GrabObject;(11, 6);False;1;1037
;(3, 7);GrabObject;(11, 6);False;1;1038
;(3, 7);GrabObject;(11, 6);False;1;1039
;(3, 7);;(11, 6);False;1;1040
;(3, 7);MoveWest;(11, 6);False;1;1041
;(3, 7);MoveWest;(11, 6);False;1;1042
;(3, 7);MoveWest;(11, 6);False;1;1043
;(3, 7);MoveWest;(11, 6);False;1;1044
;(3, 7);MoveWest;(11, 6);False;1;1045
;(3, 7);MoveWest;(11, 6);False;1;1046
;(3, 7);MoveWest;(11, 6);False;1;1047
;(3, 7);MoveWest;(11, 6);False;1;1048
;(3, 7);MoveWest;(11, 6);False;1;1049
;(3, 7);MoveWest;(11, 6);False;1;1050
;(3, 7);MoveWest;(10, 6);False;1;1051
;(3, 7);MoveWest;(10, 6);False;1;1052
;(3, 7);MoveWest;(10, 6);False;1;1053
;(3, 7);MoveWest;(10, 6);False;1;1054
;(3, 7);MoveWest;(10, 6);False;1;1055
;(3, 7);MoveWest;(10, 6);False;1;1056
;(3, 7);MoveWest;(10, 6);False;1;1057
;(3, 7);MoveWest;(10, 6);False;1;1058
;(3, 7);MoveWest;(10, 6);False;1;1059
;(3, 7);MoveWest;(10, 6);False;1;1060
;(3, 7);MoveWest;(10, 6);False;1;1061
;(3, 7);MoveWest;(9, 6);False;1;1062
;(3, 7);BreakObject;(9, 6);False;1;1063
;(3, 7);BreakObject;(9, 6);False;1;1064
;(3, 7);BreakObject;(9, 6);False;1;1065
;(3, 7);BreakObject;(9, 6);False;1;1066
;(3, 7);BreakObject;(9, 6);False;1;1067
;(3, 7);BreakObject;(9, 6);False;1;1068
;(3, 7);BreakObject;(9, 6);False;1;1069
;(3, 7);BreakObject;(9, 6);False;1;1070
;(3, 7);BreakObject;(9, 6);False;1;1071
;(3, 7);BreakObject;(9, 6);False;1;1072
;(3, 7);BreakObject;(9, 6);False;1;1073
;(3, 7);;(9, 6);False;1;1074
;(3, 7);MoveSouth;(9, 6);False;1;1075
;(3, 7);MoveSouth;(9, 6);False;1;1076
;(3, 7);MoveSouth;(9, 6);False;1;1077
;(3, 7);MoveSouth;(9, 6);False;1;1078
;(3, 7);MoveSouth;(9, 6);False;1;1079
;(3, 7);MoveSouth;(9, 6);False;1;1080
;(3, 7);MoveSouth;(9, 6);False;1;1081
;(3, 7);MoveSouth;(9, 6);False;1;1082
;(3, 7);MoveSouth;(9, 6);False;1;1083
;(3, 7);MoveSouth;(9, 6);False;1;1084
;(3, 7);MoveSouth;(9, 7);False;1;1085
;(3, 7);MoveSouthEast;(9, 7);False;1;1086
;(3, 7);MoveSouthEast;(9, 7);False;1;1087
;(3, 7);MoveSouthEast;(9, 7);False;1;1088
;(3, 7);MoveSouthEast;(9, 7);False;1;1089
;(3, 7);MoveSouthEast;(9, 7);False;1;1090
;(3, 7);MoveSouthEast;(9, 7);False;1;1091
;(3, 7);MoveSouthEast;(9, 7);False;1;1092
;(3, 7);MoveSouthEast;(9, 7);False;1;1093
;(3, 7);MoveSouthEast;(9, 7);False;1;1094
;(3, 7);MoveSouthEast;(9, 7);False;1;1095
;(3, 7);MoveSouthEast;(10, 8);False;1;1096
;(3, 7);BreakObject;(10, 8);False;1;1097
;(3, 7);BreakObject;(10, 8);False;1;1098
MoveEast;(4, 7);BreakObject;(10, 8);False;1;1099
;(4, 7);BreakObject;(10, 8);False;1;1100
;(4, 7);BreakObject;(10, 8);False;1;1101
;(4, 7);BreakObject;(10, 8);False;1;1102
;(4, 7);BreakObject;(10, 8);False;1;1103
;(4, 7);BreakObject;(10, 8);False;1;1104
;(4, 7);BreakObject;(10, 8);False;1;1105
MoveEast;(5, 7);BreakObject;(10, 8);False;1;1106
;(5, 7);BreakObject;(10, 8);False;1;1107
;(5, 7);;(10, 8);False;1;1108
;(5, 7);MoveNorth;(10, 8);False;1;1109
MoveEast;(6, 7);MoveNorth;(10, 8);False;1;1110
;(6, 7);MoveNorth;(10, 8);False;1;1111
;(6, 7);MoveNorth;(10, 8);False;1;1112
;(6, 7);MoveNorth;(10, 8);False;1;1113
;(6, 7);MoveNorth;(10, 8);False;1;1114
MoveEast;(7, 7);MoveNorth;(10, 8);False;1;1115
;(7, 7);MoveNorth;(10, 8);False;1;1116
;(7, 7);MoveNorth;(10, 8);False;1;1117
;(7, 7);MoveNorth;(10, 8);False;1;1118
;(7, 7);MoveNorth;(10, 7);False;1;1119
;(7, 7);MoveNorth;(10, 7);False;1;1120
;(7, 7);MoveNorth;(10, 7);False;1;1121
;(7, 7);MoveNorth;(10, 7);False;1;1122
;(7, 7);MoveNorth;(10, 7);False;1;1123
;(7, 7);MoveNorth;(10, 7);False;1;1124
;(7, 7);MoveNorth;(10, 7);False;1;1125
;(7, 7);MoveNorth;(10, 7);False;1;1126
;(7, 7);MoveNorth;(10, 7);False;1;1127
MoveWest;(6, 7);MoveNorth;(10, 7);False;1;1128
;(6, 7);MoveNorth;(10, 7);False;1;1129
;(6, 7);MoveNorth;(10, 6);False;1;1130
;(6, 7);GrabObject;(10, 6);False;1;1131
;(6, 7);GrabObject;(10, 6);False;1;1132
;(6, 7);GrabObject;(10, 6);False;1;1133
;(6, 7);GrabObject;(10, 6);False;1;1134
;(6, 7);GrabObject;(10, 6);False;1;1135
;(6, 7);GrabObject;(10, 6);False;1;1136
MoveWest;(5, 7);GrabObject;(10, 6);False;1;1137
;(5, 7);GrabObject;(10, 6);False;1;1138
;(5, 7);GrabObject;(10, 6);False;1;1139
;(5, 7);GrabObject;(10, 6);False;1;1140
;(5, 7);GrabObject;(10, 6);False;1;1141
;(5, 7);;(10, 6);False;1;1142
;(5, 7);MoveWest;(10, 6);False;1;1143
;(5, 7);MoveWest;(10, 6);False;1;1144
;(5, 7);MoveWest;(10, 6);False;1;1145
;(5, 7);MoveWest;(10, 6);False;1;1146
;(5, 7);MoveWest;(10, 6);False;1;1147
;(5, 7);MoveWest;(10, 6);False;1;1148
;(5, 7);MoveWest;(10, 6);False;1;1149
MoveSouth;(5, 8);MoveWest;(10, 6);False;1;1150
;(5, 8);MoveWest;(10, 6);False;1;1151
;(5, 8);MoveWest;(10, 6);False;1;1152
;(5, 8);MoveWest;(9, 6);False;1;1153
;(5, 8);MoveWest;(9, 6);False;1;1154
;(5, 8);MoveWest;(9, 6);False;1;1155
;(5, 8);MoveWest;(9, 6);False;1;1156
;(5, 8);MoveWest;(9, 6);False;1;1157
;(5, 8);MoveWest;(9, 6);False;1;1158
;(5, 8);MoveWest;(9, 6);False;1;1159
;(5, 8);MoveWest;(9, 6);False;1;1160
;(5, 8);MoveWest;(9, 6);False;1;1161
;(5, 8);MoveWest;(9, 6);False;1;1162
;(5, 8);MoveWest;(9, 6);False;1;1163
;(5, 8);MoveWest;(8, 6);False;1;1164
;(5, 8);MoveWest;(8, 6);False;1;1165
;(5, 8);MoveWest;(8, 6);False;1;1166
;(5, 8);MoveWest;(8, 6);False;1;1167
;(5, 8);MoveWest;(8, 6);False;1;1168
;(5, 8);MoveWest;(8, 6);False;1;1169
;(5, 8);MoveWest;(8, 6);False;1;1170
;(5, 8);MoveWest;(8, 6);False;1;1171
;(5, 8);MoveWest;(8, 6);False;1;1172
;(5, 8);MoveWest;(8, 6);False;1;1173
;(5, 8);MoveWest;(8, 6);False;1;1174
;(5, 8);MoveWest;(7, 6);False;1;1175
;(5, 8);MoveWest;(7, 6);False;1;1176
;(5, 8);MoveWest;(7, 6);False;1;1177
;(5, 8);MoveWest;(7, 6);False;1;1178
;(5, 8);MoveWest;(7, 6);False;1;1179
;(5, 8);MoveWest;(7, 6);False;1;1180
;(5, 8);MoveWest;(7, 6);False;1;1181
;(5, 8);MoveWest;(7, 6);False;1;1182
;(5, 8);MoveWest;(7, 6);False;1;1183
;(5, 8);MoveWest;(7, 6);False;1;1184
;(5, 8);MoveWest;(7, 6);False;1;1185
;(5, 8);MoveWest;(6, 6);False;1;1186
;(5, 8);MoveWest;(6, 6);False;1;1187
;(5, 8);MoveWest;(6, 6);False;1;1188
;(5, 8);MoveWest;(6, 6);False;1;1189
;(5, 8);MoveWest;(6, 6);False;1;1190
;(5, 8);MoveWest;(6, 6);False;1;1191
;(5, 8);MoveWest;(6, 6);False;1;1192
;(5, 8);MoveWest;(6, 6);False;1;1193
;(5, 8);MoveWest;(6, 6);False;1;1194
;(5, 8);MoveWest;(6, 6);False;1;1195
;(5, 8);MoveWest;(6, 6);False;1;1196
;(5, 8);MoveWest;(5, 6);False;1;1197
;(5, 8);MoveWest;(5, 6);False;1;1198
;(5, 8);MoveWest;(5, 6);False;1;1199
;(5, 8);MoveWest;(5, 6);False;1;1200
;(5, 8);MoveWest;(5, 6);False;1;1201
;(5, 8);MoveWest;(5, 6);False;1;1202
;(5, 8);MoveWest;(5, 6);False;1;1203
;(5, 8);MoveWest;(5, 6);False;1;1204
;(5, 8);MoveWest;(5, 6);False;1;1205
;(5, 8);MoveWest;(5, 6);False;1;1206
;(5, 8);MoveWest;(5, 6);False;1;1207
;(5, 8);MoveWest;(4, 6);False;1;1208
;(5, 8);MoveNorthWest;(4, 6);False;1;1209
;(5, 8);MoveNorthWest;(4, 6);False;1;1210
;(5, 8);MoveNorthWest;(4, 6);False;1;1211
;(5, 8);MoveNorthWest;(4, 6);False;1;1212
;(5, 8);MoveNorthWest;(4, 6);False;1;1213
;(5, 8);MoveNorthWest;(4, 6);False;1;1214
;(5, 8);MoveNorthWest;(4, 6);False;1;1215
;(5, 8);MoveNorthWest;(4, 6);False;1;1216
;(5, 8);MoveNorthWest;(4, 6);False;1;1217
;(5, 8);MoveNorthWest;(4, 6);False;1;1218
;(5, 8);MoveNorthWest;(3, 5);False;1;1219
;(5, 8);MoveNorthWest;(3, 5);False;1;1220
;(5, 8);MoveNorthWest;(3, 5);False;1;1221
;(5, 8);MoveNorthWest;(3, 5);False;1;1222
;(5, 8);MoveNorthWest;(3, 5);False;1;1223
;(5, 8);MoveNorthWest;(3, 5);False;1;1224
;(5, 8);MoveNorthWest;(3, 5);False;1;1225
;(5, 8);MoveNorthWest;(3, 5);False;1;1226
;(5, 8);MoveNorthWest;(3, 5);False;1;1227
;(5, 8);MoveNorthWest;(3, 5);False;1;1228
;(5, 8);MoveNorthWest;(3, 5);False;1;1229
;(5, 8);MoveNorthWest;(2, 4);False;1;1230
;(5, 8);MoveWest;(2, 4);False;1;1231
;(5, 8);MoveWest;(2, 4);False;1;1232
;(5, 8);MoveWest;(2, 4);False;1;1233
;(5, 8);MoveWest;(2, 4);False;1;1234
;(5, 8);MoveWest;(2, 4);False;1;1235
;(5, 8);MoveWest;(2, 4);False;1;1236
;(5, 8);MoveWest;(2, 4);False;1;1237
;(5, 8);MoveWest;(2, 4);False;1;1238
;(5, 8);MoveWest;(2, 4);False;1;1239
;(5, 8);MoveWest;(2, 4);False;1;1240
;(5, 8);MoveWest;(1, 4);False;1;1241
;(5, 8);MoveWest;(1, 4);False;1;1242
;(5, 8);MoveWest;(1, 4);False;1;1243
;(5, 8);MoveWest;(1, 4);False;1;1244
;(5, 8);MoveWest;(1, 4);False;1;1245
;(5, 8);MoveWest;(1, 4);False;1;1246
;(5, 8);MoveWest;(1, 4);False;1;1247
;(5, 8);MoveWest;(1, 4);False;1;1248
;(5, 8);MoveWest;(1, 4);False;1;1249
;(5, 8);MoveWest;(1, 4);False;1;1250
;(5, 8);MoveWest;(1, 4);False;1;1251
;(5, 8);MoveWest;(0, 4);False;1;1252
;(5, 8);DropObject;(0, 4);False;1;1253
;(5, 8);DropObject;(0, 4);False;1;1254
;(5, 8);DropObject;(0, 4);False;1;1255
;(5, 8);DropObject;(0, 4);False;1;1256
;(5, 8);DropObject;(0, 4);False;1;1257
;(5, 8);DropObject;(0, 4);False;1;1258
;(5, 8);DropObject;(0, 4);False;1;1259
;(5, 8);DropObject;(0, 4);False;1;1260
;(5, 8);DropObject;(0, 4);False;1;1261
;(5, 8);DropObject;(0, 4);False;1;1262
;(5, 8);DropObject;(0, 4);False;1;1263
;(5, 8);DropObject;(0, 4);False;1;1264
;(5, 8);DropObject;(0, 4);False;1;1265
;(5, 8);DropObject;(0, 4);False;1;1266
;(5, 8);DropObject;(0, 4);False;1;1267
;(5, 8);DropObject;(0, 4);False;1;1268
;(5, 8);DropObject;(0, 4);False;1;1269
;(5, 8);DropObject;(0, 4);False;1;1270
;(5, 8);DropObject;(0, 4);False;1;1271
;(5, 8);DropObject;(0, 4);False;1;1272
;(5, 8);DropObject;(0, 4);False;1;1273
MoveEast;(6, 8);DropObject;(0, 4);False;1;1274
;(6, 8);DropObject;(0, 4);False;1;1275
;(6, 8);DropObject;(0, 4);False;1;1276
;(6, 8);DropObject;(0, 4);False;1;1277
;(6, 8);DropObject;(0, 4);False;1;1278
;(6, 8);DropObject;(0, 4);False;1;1279
MoveEast;(7, 8);DropObject;(0, 4);False;1;1280
;(7, 8);DropObject;(0, 4);False;1;1281
;(7, 8);DropObject;(0, 4);False;1;1282
;(7, 8);DropObject;(0, 4);False;1;1283
;(7, 8);DropObject;(0, 4);False;1;1284
;(7, 8);DropObject;(0, 4);False;1;1285
MoveEast;(8, 8);;(0, 4);False;1;1286
;(8, 8);MoveSouthEast;(0, 4);False;1;1287
;(8, 8);MoveSouthEast;(0, 4);False;1;1288
;(8, 8);MoveSouthEast;(0, 4);False;1;1289
;(8, 8);MoveSouthEast;(0, 4);False;1;1290
MoveEast;(9, 8);MoveSouthEast;(0, 4);False;1;1291
;(9, 8);MoveSouthEast;(0, 4);False;1;1292
;(9, 8);MoveSouthEast;(0, 4);False;1;1293
;(9, 8);MoveSouthEast;(0, 4);False;1;1294
;(9, 8);MoveSouthEast;(0, 4);False;1;1295
;(9, 8);MoveSouthEast;(0, 4);False;1;1296
;(9, 8);MoveSouthEast;(1, 5);False;1;1297
;(9, 8);MoveEast;(1, 5);False;1;1298
;(9, 8);MoveEast;(1, 5);False;1;1299
;(9, 8);MoveEast;(1, 5);False;1;1300
MoveSouth;(9, 9);MoveEast;(1, 5);False;1;1301
;(9, 9);MoveEast;(1, 5);False;1;1302
;(9, 9);MoveEast;(1, 5);False;1;1303
;(9, 9);MoveEast;(1, 5);False;1;1304
;(9, 9);MoveEast;(1, 5);False;1;1305
;(9, 9);MoveEast;(1, 5);False;1;1306
;(9, 9);MoveEast;(1, 5);False;1;1307
;(9, 9);MoveEast;(2, 5);False;1;1308
;(9, 9);MoveSouthEast;(2, 5);False;1;1309
GrabObject;(9, 9);MoveSouthEast;(2, 5);False;1;1310
;(9, 9);MoveSouthEast;(2, 5);False;1;1311
;(9, 9);MoveSouthEast;(2, 5);False;1;1312
;(9, 9);MoveSouthEast;(2, 5);False;1;1313
;(9, 9);MoveSouthEast;(2, 5);False;1;1314
;(9, 9);MoveSouthEast;(2, 5);False;1;1315
MoveWest;(8, 9);MoveSouthEast;(2, 5);False;1;1316
;(8, 9);MoveSouthEast;(2, 5);False;1;1317
;(8, 9);MoveSouthEast;(2, 5);False;1;1318
;(8, 9);MoveSouthEast;(3, 6);False;1;1319
MoveWest;(7, 9);MoveSouthEast;(3, 6);False;1;1320
;(7, 9);MoveSouthEast;(3, 6);False;1;1321
;(7, 9);MoveSouthEast;(3, 6);False;1;1322
;(7, 9);MoveSouthEast;(3, 6);False;1;1323
MoveWest;(6, 9);MoveSouthEast;(3, 6);False;1;1324
;(6, 9);MoveSouthEast;(3, 6);False;1;1325
;(6, 9);MoveSouthEast;(3, 6);False;1;1326
;(6, 9);MoveSouthEast;(3, 6);False;1;1327
MoveWest;(5, 9);MoveSouthEast;(3, 6);False;1;1328
;(5, 9);MoveSouthEast;(3, 6);False;1;1329
;(5, 9);MoveSouthEast;(4, 7);False;1;1330
;(5, 9);MoveEast;(4, 7);False;1;1331
;(5, 9);MoveEast;(4, 7);False;1;1332
MoveWest;(4, 9);MoveEast;(4, 7);False;1;1333
;(4, 9);MoveEast;(4, 7);False;1;1334
;(4, 9);MoveEast;(4, 7);False;1;1335
;(4, 9);MoveEast;(4, 7);False;1;1336
MoveNorth;(4, 8);MoveEast;(4, 7);False;1;1337
;(4, 8);MoveEast;(4, 7);False;1;1338
;(4, 8);MoveEast;(4, 7);False;1;1339
;(4, 8);MoveEast;(4, 7);False;1;1340
DropObject;(4, 8);MoveEast;(5, 7);False;1;1341
;(4, 8);MoveEast;(5, 7);False;1;1342
;(4, 8);MoveEast;(5, 7);False;1;1343
;(4, 8);MoveEast;(5, 7);False;1;1344
;(4, 8);MoveEast;(5, 7);False;1;1345
MoveEast;(5, 8);MoveEast;(5, 7);False;1;1346
;(5, 8);MoveEast;(5, 7);False;1;1347
;(5, 8);MoveEast;(5, 7);False;1;1348
;(5, 8);MoveEast;(5, 7);False;1;1349
MoveEast;(6, 8);MoveEast;(5, 7);False;1;1350
;(6, 8);MoveEast;(5, 7);False;1;1351
;(6, 8);MoveEast;(6, 7);False;1;1352
;(6, 8);MoveSouthEast;(6, 7);False;1;1353
;(6, 8);MoveSouthEast;(6, 7);False;1;1354
MoveEast;(7, 8);MoveSouthEast;(6, 7);False;1;1355
;(7, 8);MoveSouthEast;(6, 7);False;1;1356
;(7, 8);MoveSouthEast;(6, 7);False;1;1357
;(7, 8);MoveSouthEast;(6, 7);False;1;1358
;(7, 8);MoveSouthEast;(6, 7);False;1;1359
;(7, 8);MoveSouthEast;(6, 7);False;1;1360
;(7, 8);MoveSouthEast;(6, 7);False;1;1361
;(7, 8);MoveSouthEast;(6, 7);False;1;1362
MoveEast;(8, 8);MoveSouthEast;(7, 8);False;1;1363
;(8, 8);Idle;(7, 8);False;1;1364
;(8, 8);Idle;(7, 8);False;1;1365
;(8, 8);Idle;(7, 8);False;1;1366
;(8, 8);Idle;(7, 8);False;1;1367
;(8, 8);Idle;(7, 8);False;1;1368
MoveEast;(9, 8);Idle;(7, 8);False;1;1369
;(9, 8);Idle;(7, 8);False;1;1370
;(9, 8);Idle;(7, 8);False;1;1371
;(9, 8);Idle;(7, 8);False;1;1372
MoveEast;(10, 8);Idle;(7, 8);False;1;1373
;(10, 8);Idle;(7, 8);False;1;1374
;(10, 8);Idle;(7, 8);False;1;1375
;(10, 8);Idle;(7, 8);False;1;1376
GrabObject;(10, 8);Idle;(7, 8);False;1;1377
;(10, 8);Idle;(7, 8);False;1;1378
;(10, 8);Idle;(7, 8);False;1;1379
;(10, 8);Idle;(7, 8);False;1;1380
MoveWest;(9, 8);Idle;(7, 8);False;1;1381
;(9, 8);Idle;(7, 8);False;1;1382
;(9, 8);Idle;(7, 8);False;1;1383
;(9, 8);Idle;(7, 8);False;1;1384
;(9, 8);Idle;(7, 8);False;1;1385
;(9, 8);Idle;(7, 8);False;1;1386
;(9, 8);Idle;(7, 8);False;1;1387
MoveWest;(8, 8);Idle;(7, 8);False;1;1388
;(8, 8);Idle;(7, 8);False;1;1389
;(8, 8);Idle;(7, 8);False;1;1390
;(8, 8);Idle;(7, 8);False;1;1391
MoveWest;(7, 8);Idle;(7, 8);False;1;1392
;(7, 8);Idle;(7, 8);False;1;1393
;(7, 8);Idle;(7, 8);False;1;1394
;(7, 8);Idle;(7, 8);False;1;1395
MoveWest;(6, 8);Idle;(7, 8);False;1;1396
;(6, 8);Idle;(7, 8);False;1;1397
;(6, 8);Idle;(7, 8);False;1;1398
;(6, 8);Idle;(7, 8);False;1;1399
MoveWest;(5, 8);Idle;(7, 8);False;1;1400
;(5, 8);Idle;(7, 8);False;1;1401
;(5, 8);Idle;(7, 8);False;1;1402
;(5, 8);Idle;(7, 8);False;1;1403
;(5, 8);Idle;(7, 8);False;1;1404
;(5, 8);Idle;(7, 8);False;1;1405
;(5, 8);Idle;(7, 8);False;1;1406
DropObject;(5, 8);Idle;(7, 8);False;1;1407
;(5, 8);Idle;(7, 8);False;1;1408
;(5, 8);Idle;(7, 8);False;1;1409
MoveEast;(6, 8);Idle;(7, 8);False;1;1410
;(6, 8);Idle;(7, 8);False;1;1411
;(6, 8);Idle;(7, 8);False;1;1412
;(6, 8);Idle;(7, 8);False;1;1413
;(6, 8);Idle;(7, 8);False;1;1414
;(6, 8);Idle;(7, 8);False;1;1415
;(6, 8);Idle;(7, 8);False;1;1416
MoveEast;(7, 8);Idle;(7, 8);False;1;1417
;(7, 8);Idle;(7, 8);False;1;1418
;(7, 8);;(7, 8);False;1;1419
;(7, 8);Idle;(7, 8);False;1;1420
;(7, 8);Idle;(7, 8);False;1;1421
MoveEast;(8, 8);Idle;(7, 8);False;1;1422
;(8, 8);Idle;(7, 8);False;1;1423
;(8, 8);Idle;(7, 8);False;1;1424
;(8, 8);Idle;(7, 8);False;1;1425
MoveEast;(9, 8);Idle;(7, 8);False;1;1426
;(9, 8);Idle;(7, 8);False;1;1427
;(9, 8);Idle;(7, 8);False;1;1428
;(9, 8);Idle;(7, 8);False;1;1429
;(9, 8);Idle;(7, 8);False;1;1430
;(9, 8);Idle;(7, 8);False;1;1431
MoveSouth;(9, 9);Idle;(7, 8);False;1;1432
;(9, 9);Idle;(7, 8);False;1;1433
;(9, 9);Idle;(7, 8);False;1;1434
;(9, 9);Idle;(7, 8);False;1;1435
;(9, 9);Idle;(7, 8);False;1;1436
MoveSouth;(9, 10);Idle;(7, 8);False;1;1437
;(9, 10);Idle;(7, 8);False;1;1438
;(9, 10);Idle;(7, 8);False;1;1439
;(9, 10);Idle;(7, 8);False;1;1440
GrabObject;(9, 10);Idle;(7, 8);False;1;1441
;(9, 10);Idle;(7, 8);False;1;1442
MoveWest;(8, 10);Idle;(7, 8);False;1;1443
;(8, 10);Idle;(7, 8);False;1;1444
;(8, 10);Idle;(7, 8);False;1;1445
;(8, 10);Idle;(7, 8);False;1;1446
;(8, 10);Idle;(7, 8);False;1;1447
;(8, 10);Idle;(7, 8);False;1;1448
;(8, 10);Idle;(7, 8);False;1;1449
MoveWest;(7, 10);Idle;(7, 8);False;1;1450
;(7, 10);Idle;(7, 8);False;1;1451
;(7, 10);Idle;(7, 8);False;1;1452
;(7, 10);Idle;(7, 8);False;1;1453
;(7, 10);Idle;(7, 8);False;1;1454
MoveWest;(6, 10);Idle;(7, 8);False;1;1455
;(6, 10);Idle;(7, 8);False;1;1456
;(6, 10);Idle;(7, 8);False;1;1457
;(6, 10);Idle;(7, 8);False;1;1458
;(6, 10);Idle;(7, 8);False;1;1459
DropObject;(6, 10);Idle;(7, 8);False;1;1460
;(6, 10);Idle;(7, 8);False;1;1461
;(6, 10);Idle;(7, 8);False;1;1462
MoveNorth;(6, 9);Idle;(7, 8);False;1;1463
;(6, 9);Idle;(7, 8);False;1;1464
;(6, 9);Idle;(7, 8);False;1;1465
;(6, 9);Idle;(7, 8);False;1;1466
;(6, 9);Idle;(7, 8);False;1;1467
;(6, 9);Idle;(7, 8);False;1;1468
;(6, 9);Idle;(7, 8);False;1;1469
MoveNorth;(6, 8);Idle;(7, 8);False;1;1470
;(6, 8);Idle;(7, 8);False;1;1471
;(6, 8);Idle;(7, 8);False;1;1472
;(6, 8);Idle;(7, 8);False;1;1473
;(6, 8);Idle;(7, 8);False;1;1474
MoveEast;(7, 8);;(7, 8);False;1;1475
;(7, 8);Idle;(7, 8);False;1;1476
;(7, 8);Idle;(7, 8);False;1;1477
;(7, 8);Idle;(7, 8);False;1;1478
MoveEast;(8, 8);Idle;(7, 8);False;1;1479
;(8, 8);Idle;(7, 8);False;1;1480
;(8, 8);Idle;(7, 8);False;1;1481
;(8, 8);Idle;(7, 8);False;1;1482
;(8, 8);Idle;(7, 8);False;1;1483
MoveEast;(9, 8);Idle;(7, 8);False;1;1484
;(9, 8);Idle;(7, 8);False;1;1485
;(9, 8);Idle;(7, 8);False;1;1486
;(9, 8);Idle;(7, 8);False;1;1487
MoveEast;(10, 8);Idle;(7, 8);False;1;1488
;(10, 8);Idle;(7, 8);False;1;1489
;(10, 8);Idle;(7, 8);False;1;1490
;(10, 8);Idle;(7, 8);False;1;1491
;(10, 8);Idle;(7, 8);False;1;1492
;(10, 8);Idle;(7, 8);False;1;1493
;(10, 8);Idle;(7, 8);False;1;1494
;(10, 8);Idle;(7, 8);False;1;1495
;(10, 8);Idle;(7, 8);False;1;1496
;(10, 8);Idle;(7, 8);False;1;1497
;(10, 8);Idle;(7, 8);False;1;1498
;(10, 8);Idle;(7, 8);False;1;1499
;(10, 8);Idle;(7, 8);False;1;1500
;(10, 8);Idle;(7, 8);False;1;1501
;(10, 8);Idle;(7, 8);False;1;1502
;(10, 8);Idle;(7, 8);False;1;1503
;(10, 8);Idle;(7, 8);False;1;1504
;(10, 8);Idle;(7, 8);False;1;1505
;(10, 8);Idle;(7, 8);False;1;1506
;(10, 8);Idle;(7, 8);False;1;1507
;(10, 8);Idle;(7, 8);False;1;1508
;(10, 8);Idle;(7, 8);False;1;1509
;(10, 8);Idle;(7, 8);False;1;1510
;(10, 8);Idle;(7, 8);False;1;1511
;(10, 8);Idle;(7, 8);False;1;1512
;(10, 8);Idle;(7, 8);False;1;1513
;(10, 8);Idle;(7, 8);False;1;1514
;(10, 8);Idle;(7, 8);False;1;1515
;(10, 8);Idle;(7, 8);False;1;1516
;(10, 8);Idle;(7, 8);False;1;1517
;(10, 8);Idle;(7, 8);False;1;1518
;(10, 8);Idle;(7, 8);False;1;1519
;(10, 8);Idle;(7, 8);False;1;1520
;(10, 8);Idle;(7, 8);False;1;1521
;(10, 8);Idle;(7, 8);False;1;1522
;(10, 8);Idle;(7, 8);False;1;1523
;(10, 8);Idle;(7, 8);False;1;1524
;(10, 8);Idle;(7, 8);False;1;1525
;(10, 8);Idle;(7, 8);False;1;1526
;(10, 8);Idle;(7, 8);False;1;1527
;(10, 8);Idle;(7, 8);False;1;1528
;(10, 8);Idle;(7, 8);False;1;1529
;(10, 8);Idle;(7, 8);False;1;1530
;(10, 8);;(7, 8);False;1;1531
;(10, 8);;(7, 8);False;1;1532
;(10, 8);;(7, 8);False;1;1533
;(10, 8);;(7, 8);False;1;1534
;(10, 8);;(7, 8);False;1;1535
;(10, 8);;(7, 8);False;1;1536
;(10, 8);;(7, 8);False;1;1537
;(10, 8);;(7, 8);False;1;1538
;(10, 8);;(7, 8);False;1;1539
;(10, 8);;(7, 8);False;1;1540
;(10, 8);;(7, 8);False;1;1541
;(10, 8);;(7, 8);False;1;1542
;(10, 8);;(7, 8);False;1;1543
;(10, 8);;(7, 8);False;1;1544
;(10, 8);;(7, 8);False;1;1545
;(10, 8);;(7, 8);False;1;1546
;(10, 8);;(7, 8);False;1;1547
;(10, 8);;(7, 8);False;1;1548
;(10, 8);;(7, 8);False;1;1549
;(10, 8);;(7, 8);False;1;1550
;(10, 8);;(7, 8);False;1;1551
;(10, 8);;(7, 8);False;1;1552
;(10, 8);;(7, 8);False;1;1553
;(10, 8);;(7, 8);False;1;1554
;(10, 8);;(7, 8);False;1;1555
;(10, 8);;(7, 8);False;1;1556
;(10, 8);;(7, 8);False;1;1557
;(10, 8);;(7, 8);False;1;1558
;(10, 8);;(7, 8);False;1;1559
;(10, 8);;(7, 8);False;1;1560
;(10, 8);;(7, 8);False;1;1561
;(10, 8);;(7, 8);False;1;1562
;(10, 8);;(7, 8);False;1;1563
;(10, 8);;(7, 8);False;1;1564
;(10, 8);;(7, 8);False;1;1565
;(10, 8);;(7, 8);False;1;1566
;(10, 8);;(7, 8);False;1;1567
;(10, 8);;(7, 8);False;1;1568
;(10, 8);;(7, 8);False;1;1569
;(10, 8);;(7, 8);False;1;1570
;(10, 8);;(7, 8);False;1;1571
;(10, 8);;(7, 8);False;1;1572
;(10, 8);;(7, 8);False;1;1573
;(10, 8);;(7, 8);False;1;1574
;(10, 8);;(7, 8);False;1;1575
;(10, 8);;(7, 8);False;1;1576
;(10, 8);;(7, 8);False;1;1577
;(10, 8);;(7, 8);False;1;1578
;(10, 8);;(7, 8);False;1;1579
;(10, 8);;(7, 8);False;1;1580
;(10, 8);;(7, 8);False;1;1581
;(10, 8);;(7, 8);False;1;1582
;(10, 8);;(7, 8);False;1;1583
;(10, 8);;(7, 8);False;1;1584
;(10, 8);;(7, 8);False;1;1585
;(10, 8);;(7, 8);False;1;1586
;(10, 8);;(7, 8);False;1;1587
;(10, 8);;(7, 8);False;1;1588
;(10, 8);;(7, 8);False;1;1589
;(10, 8);;(7, 8);False;1;1590
;(10, 8);;(7, 8);False;1;1591
;(10, 8);;(7, 8);False;1;1592
;(10, 8);;(7, 8);False;1;1593
;(10, 8);;(7, 8);False;1;1594
;(10, 8);;(7, 8);False;1;1595
;(10, 8);;(7, 8);False;1;1596
;(10, 8);;(7, 8);False;1;1597
;(10, 8);;(7, 8);False;1;1598
;(10, 8);;(7, 8);False;1;1599
;(10, 8);;(7, 8);False;1;1600
;(10, 8);;(7, 8);False;1;1601
;(10, 8);;(7, 8);False;1;1602
;(10, 8);;(7, 8);False;1;1603
;(10, 8);;(7, 8);False;1;1604
;(10, 8);;(7, 8);False;1;1605
;(10, 8);;(7, 8);False;1;1606
;(10, 8);;(7, 8);False;1;1607
;(10, 8);;(7, 8);False;1;1608
;(10, 8);;(7, 8);False;1;1609
;(10, 8);;(7, 8);False;1;1610
;(10, 8);;(7, 8);False;1;1611
;(10, 8);;(7, 8);False;1;1612
;(10, 8);;(7, 8);False;1;1613
;(10, 8);;(7, 8);False;1;1614
;(10, 8);;(7, 8);False;1;1615
;(10, 8);;(7, 8);False;1;1616
;(10, 8);;(7, 8);False;1;1617
;(10, 8);;(7, 8);False;1;1618
;(10, 8);;(7, 8);False;1;1619
;(10, 8);;(7, 8);False;1;1620
;(10, 8);;(7, 8);False;1;1621
;(10, 8);;(7, 8);False;1;1622
;(10, 8);;(7, 8);False;1;1623
;(10, 8);;(7, 8);False;1;1624
;(10, 8);;(7, 8);False;1;1625
;(10, 8);;(7, 8);False;1;1626
;(10, 8);;(7, 8);False;1;1627
;(10, 8);;(7, 8);False;1;1628
;(10, 8);;(7, 8);False;1;1629
;(10, 8);;(7, 8);False;1;1630
;(10, 8);;(7, 8);False;1;1631
;(10, 8);;(7, 8);False;1;1632
;(10, 8);;(7, 8);False;1;1633
;(10, 8);;(7, 8);False;1;1634
;(10, 8);;(7, 8);False;1;1635
;(10, 8);;(7, 8);False;1;1636
;(10, 8);;(7, 8);False;1;1637
;(10, 8);;(7, 8);False;1;1638
;(10, 8);;(7, 8);False;1;1639
;(10, 8);;(7, 8);False;1;1640
;(10, 8);;(7, 8);False;1;1641
;(10, 8);;(7, 8);False;1;1642
;(10, 8);;(7, 8);False;1;1643
;(10, 8);;(7, 8);False;1;1644
;(10, 8);;(7, 8);False;1;1645
;(10, 8);;(7, 8);False;1;1646
;(10, 8);;(7, 8);False;1;1647
;(10, 8);;(7, 8);False;1;1648
;(10, 8);;(7, 8);False;1;1649
;(10, 8);;(7, 8);False;1;1650
;(10, 8);;(7, 8);False;1;1651
;(10, 8);;(7, 8);False;1;1652
;(10, 8);;(7, 8);False;1;1653
;(10, 8);;(7, 8);False;1;1654
;(10, 8);;(7, 8);False;1;1655
;(10, 8);;(7, 8);False;1;1656
;(10, 8);;(7, 8);False;1;1657
;(10, 8);;(7, 8);False;1;1658
;(10, 8);;(7, 8);False;1;1659
;(10, 8);;(7, 8);False;1;1660
;(10, 8);;(7, 8);False;1;1661
;(10, 8);;(7, 8);False;1;1662
;(10, 8);;(7, 8);False;1;1663
;(10, 8);;(7, 8);False;1;1664
;(10, 8);;(7, 8);False;1;1665
;(10, 8);;(7, 8);False;1;1666
;(10, 8);;(7, 8);False;1;1667
;(10, 8);;(7, 8);False;1;1668
;(10, 8);;(7, 8);False;1;1669
;(10, 8);;(7, 8);False;1;1670
;(10, 8);;(7, 8);False;1;1671
;(10, 8);;(7, 8);False;1;1672
;(10, 8);;(7, 8);False;1;1673
;(10, 8);;(7, 8);False;1;1674
;(10, 8);;(7, 8);False;1;1675
;(10, 8);;(7, 8);False;1;1676
;(10, 8);;(7, 8);False;1;1677
;(10, 8);;(7, 8);False;1;1678
;(10, 8);;(7, 8);False;1;1679
;(10, 8);;(7, 8);False;1;1680
;(10, 8);;(7, 8);False;1;1681
;(10, 8);;(7, 8);False;1;1682
;(10, 8);;(7, 8);False;1;1683
;(10, 8);;(7, 8);False;1;1684
;(10, 8);;(7, 8);False;1;1685
;(10, 8);;(7, 8);False;1;1686
;(10, 8);;(7, 8);False;1;1687
;(10, 8);;(7, 8);False;1;1688
;(10, 8);;(7, 8);False;1;1689
;(10, 8);;(7, 8);False;1;1690
;(10, 8);;(7, 8);False;1;1691
;(10, 8);;(7, 8);False;1;1692
;(10, 8);;(7, 8);False;1;1693
;(10, 8);;(7, 8);False;1;1694
;(10, 8);;(7, 8);False;1;1695
;(10, 8);;(7, 8);False;1;1696
;(10, 8);;(7, 8);False;1;1697
;(10, 8);;(7, 8);False;1;1698
;(10, 8);;(7, 8);False;1;1699
;(10, 8);;(7, 8);False;1;1700
;(10, 8);;(7, 8);False;1;1701
;(10, 8);;(7, 8);False;1;1702
;(10, 8);;(7, 8);False;1;1703
;(10, 8);;(7, 8);False;1;1704
;(10, 8);;(7, 8);False;1;1705
;(10, 8);;(7, 8);False;1;1706
;(10, 8);;(7, 8);False;1;1707
;(10, 8);;(7, 8);False;1;1708
;(10, 8);;(7, 8);False;1;1709
;(10, 8);;(7, 8);False;1;1710
;(10, 8);;(7, 8);False;1;1711
;(10, 8);;(7, 8);False;1;1712
;(10, 8);;(7, 8);False;1;1713
;(10, 8);;(7, 8);False;1;1714
;(10, 8);;(7, 8);False;1;1715
;(10, 8);;(7, 8);False;1;1716
;(10, 8);;(7, 8);False;1;1717
;(10, 8);;(7, 8);False;1;1718
;(10, 8);;(7, 8);False;1;1719
;(10, 8);;(7, 8);False;1;1720
;(10, 8);;(7, 8);False;1;1721
;(10, 8);;(7, 8);False;1;1722
;(10, 8);;(7, 8);False;1;1723
;(10, 8);;(7, 8);False;1;1724
;(10, 8);;(7, 8);False;1;1725
;(10, 8);;(7, 8);False;1;1726
;(10, 8);;(7, 8);False;1;1727
;(10, 8);;(7, 8);False;1;1728
;(10, 8);;(7, 8);False;1;1729
;(10, 8);;(7, 8);False;1;1730
;(10, 8);;(7, 8);False;1;1731
;(10, 8);;(7, 8);False;1;1732
;(10, 8);;(7, 8);False;1;1733
;(10, 8);;(7, 8);False;1;1734
;(10, 8);;(7, 8);False;1;1735
;(10, 8);;(7, 8);False;1;1736
;(10, 8);;(7, 8);False;1;1737
;(10, 8);;(7, 8);False;1;1738
;(10, 8);;(7, 8);False;1;1739
;(10, 8);;(7, 8);False;1;1740
;(10, 8);;(7, 8);False;1;1741
;(10, 8);;(7, 8);False;1;1742
;(10, 8);;(7, 8);False;1;1743
;(10, 8);;(7, 8);False;1;1744
;(10, 8);;(7, 8);False;1;1745
;(10, 8);;(7, 8);False;1;1746
;(10, 8);;(7, 8);False;1;1747
;(10, 8);;(7, 8);False;1;1748
;(10, 8);;(7, 8);False;1;1749
;(10, 8);;(7, 8);False;1;1750
;(10, 8);;(7, 8);False;1;1751
;(10, 8);;(7, 8);False;1;1752
;(10, 8);;(7, 8);False;1;1753
;(10, 8);;(7, 8);False;1;1754
;(10, 8);;(7, 8);False;1;1755
;(10, 8);;(7, 8);False;1;1756
;(10, 8);;(7, 8);False;1;1757
;(10, 8);;(7, 8);False;1;1758
;(10, 8);;(7, 8);False;1;1759
;(10, 8);;(7, 8);False;1;1760
;(10, 8);;(7, 8);False;1;1761
;(10, 8);;(7, 8);False;1;1762
;(10, 8);;(7, 8);False;1;1763
;(10, 8);;(7, 8);False;1;1764
;(10, 8);;(7, 8);False;1;1765
;(10, 8);;(7, 8);False;1;1766
;(10, 8);;(7, 8);False;1;1767
;(10, 8);;(7, 8);False;1;1768
;(10, 8);;(7, 8);False;1;1769
;(10, 8);;(7, 8);False;1;1770
;(10, 8);;(7, 8);False;1;1771
;(10, 8);;(7, 8);False;1;1772
;(10, 8);;(7, 8);False;1;1773
;(10, 8);;(7, 8);False;1;1774
;(10, 8);;(7, 8);False;1;1775
;(10, 8);;(7, 8);False;1;1776
;(10, 8);;(7, 8);False;1;1777
;(10, 8);;(7, 8);False;1;1778
;(10, 8);;(7, 8);False;1;1779
;(10, 8);;(7, 8);False;1;1780
;(10, 8);;(7, 8);False;1;1781
;(10, 8);;(7, 8);False;1;1782
;(10, 8);;(7, 8);False;1;1783
;(10, 8);;(7, 8);False;1;1784
;(10, 8);;(7, 8);False;1;1785
;(10, 8);;(7, 8);False;1;1786
;(10, 8);;(7, 8);False;1;1787
;(10, 8);;(7, 8);False;1;1788
;(10, 8);;(7, 8);False;1;1789
;(10, 8);;(7, 8);False;1;1790
;(10, 8);;(7, 8);False;1;1791
;(10, 8);;(7, 8);False;1;1792
;(10, 8);;(7, 8);False;1;1793
;(10, 8);;(7, 8);False;1;1794
;(10, 8);;(7, 8);False;1;1795
;(10, 8);;(7, 8);False;1;1796
;(10, 8);;(7, 8);False;1;1797
;(10, 8);;(7, 8);False;1;1798
;(10, 8);;(7, 8);False;1;1799
;(10, 8);;(7, 8);False;1;1800
;(10, 8);;(7, 8);False;1;1801
;(10, 8);;(7, 8);False;1;1802
;(10, 8);;(7, 8);False;1;1803
;(10, 8);;(7, 8);False;1;1804
;(10, 8);;(7, 8);False;1;1805
;(10, 8);;(7, 8);False;1;1806
;(10, 8);;(7, 8);False;1;1807
;(10, 8);;(7, 8);False;1;1808
;(10, 8);;(7, 8);False;1;1809
;(10, 8);;(7, 8);False;1;1810
;(10, 8);;(7, 8);False;1;1811
;(10, 8);;(7, 8);False;1;1812
;(10, 8);;(7, 8);False;1;1813
;(10, 8);;(7, 8);False;1;1814
;(10, 8);;(7, 8);False;1;1815
;(10, 8);;(7, 8);False;1;1816
;(10, 8);;(7, 8);False;1;1817
;(10, 8);;(7, 8);False;1;1818
;(10, 8);;(7, 8);False;1;1819
;(10, 8);;(7, 8);False;1;1820
;(10, 8);;(7, 8);False;1;1821
;(10, 8);;(7, 8);False;1;1822
;(10, 8);;(7, 8);False;1;1823
;(10, 8);;(7, 8);False;1;1824
;(10, 8);;(7, 8);False;1;1825
;(10, 8);;(7, 8);False;1;1826
;(10, 8);;(7, 8);False;1;1827
;(10, 8);;(7, 8);False;1;1828
;(10, 8);;(7, 8);False;1;1829
;(10, 8);;(7, 8);False;1;1830
;(10, 8);;(7, 8);False;1;1831
;(10, 8);;(7, 8);False;1;1832
;(10, 8);;(7, 8);False;1;1833
;(10, 8);;(7, 8);False;1;1834
;(10, 8);;(7, 8);False;1;1835
;(10, 8);;(7, 8);False;1;1836
;(10, 8);;(7, 8);False;1;1837
;(10, 8);;(7, 8);False;1;1838
;(10, 8);;(7, 8);False;1;1839
;(10, 8);;(7, 8);False;1;1840
;(10, 8);;(7, 8);False;1;1841
;(10, 8);;(7, 8);False;1;1842
;(10, 8);;(7, 8);False;1;1843
;(10, 8);;(7, 8);False;1;1844
;(10, 8);;(7, 8);False;1;1845
;(10, 8);;(7, 8);False;1;1846
;(10, 8);;(7, 8);False;1;1847
;(10, 8);;(7, 8);False;1;1848
;(10, 8);;(7, 8);False;1;1849
;(10, 8);;(7, 8);False;1;1850
;(10, 8);;(7, 8);False;1;1851
;(10, 8);;(7, 8);False;1;1852
;(10, 8);;(7, 8);False;1;1853
;(10, 8);;(7, 8);False;1;1854
;(10, 8);;(7, 8);False;1;1855
;(10, 8);;(7, 8);False;1;1856
;(10, 8);;(7, 8);False;1;1857
;(10, 8);;(7, 8);False;1;1858
;(10, 8);;(7, 8);False;1;1859
;(10, 8);;(7, 8);False;1;1860
;(10, 8);;(7, 8);False;1;1861
;(10, 8);;(7, 8);False;1;1862
;(10, 8);;(7, 8);False;1;1863
;(10, 8);;(7, 8);False;1;1864
;(10, 8);;(7, 8);False;1;1865
;(10, 8);;(7, 8);False;1;1866
;(10, 8);;(7, 8);False;1;1867
;(10, 8);;(7, 8);False;1;1868
;(10, 8);;(7, 8);False;1;1869
;(10, 8);;(7, 8);False;1;1870
;(10, 8);;(7, 8);False;1;1871
;(10, 8);;(7, 8);False;1;1872
;(10, 8);;(7, 8);False;1;1873
;(10, 8);;(7, 8);False;1;1874
;(10, 8);;(7, 8);False;1;1875
;(10, 8);;(7, 8);False;1;1876
;(10, 8);;(7, 8);False;1;1877
;(10, 8);;(7, 8);False;1;1878
;(10, 8);;(7, 8);False;1;1879
;(10, 8);;(7, 8);False;1;1880
;(10, 8);;(7, 8);False;1;1881
;(10, 8);;(7, 8);False;1;1882
;(10, 8);;(7, 8);False;1;1883
;(10, 8);;(7, 8);False;1;1884
;(10, 8);;(7, 8);False;1;1885
;(10, 8);;(7, 8);False;1;1886
;(10, 8);;(7, 8);False;1;1887
;(10, 8);;(7, 8);False;1;1888
;(10, 8);;(7, 8);False;1;1889
;(10, 8);;(7, 8);False;1;1890
;(10, 8);;(7, 8);False;1;1891
;(10, 8);;(7, 8);False;1;1892
;(10, 8);;(7, 8);False;1;1893
;(10, 8);;(7, 8);False;1;1894
;(10, 8);;(7, 8);False;1;1895
;(10, 8);;(7, 8);False;1;1896
;(10, 8);;(7, 8);False;1;1897
;(10, 8);;(7, 8);False;1;1898
;(10, 8);;(7, 8);False;1;1899
;(10, 8);;(7, 8);False;1;1900
;(10, 8);;(7, 8);False;1;1901
;(10, 8);;(7, 8);False;1;1902
;(10, 8);;(7, 8);False;1;1903
;(10, 8);;(7, 8);False;1;1904
;(10, 8);;(7, 8);False;1;1905
;(10, 8);;(7, 8);False;1;1906
;(10, 8);;(7, 8);False;1;1907
;(10, 8);;(7, 8);False;1;1908
;(10, 8);;(7, 8);False;1;1909
;(10, 8);;(7, 8);False;1;1910
;(10, 8);;(7, 8);False;1;1911
;(10, 8);;(7, 8);False;1;1912
;(10, 8);;(7, 8);False;1;1913
;(10, 8);;(7, 8);False;1;1914
;(10, 8);;(7, 8);False;1;1915
;(10, 8);;(7, 8);False;1;1916
;(10, 8);;(7, 8);False;1;1917
;(10, 8);;(7, 8);False;1;1918
;(10, 8);;(7, 8);False;1;1919
;(10, 8);;(7, 8);False;1;1920
;(10, 8);;(7, 8);False;1;1921
;(10, 8);;(7, 8);False;1;1922
;(10, 8);;(7, 8);False;1;1923
;(10, 8);;(7, 8);False;1;1924
;(10, 8);;(7, 8);False;1;1925
;(10, 8);;(7, 8);False;1;1926
;(10, 8);;(7, 8);False;1;1927
;(10, 8);;(7, 8);False;1;1928
;(10, 8);;(7, 8);False;1;1929
;(10, 8);;(7, 8);False;1;1930
;(10, 8);;(7, 8);False;1;1931
;(10, 8);;(7, 8);False;1;1932
;(10, 8);;(7, 8);False;1;1933
;(10, 8);;(7, 8);False;1;1934
;(10, 8);;(7, 8);False;1;1935
;(10, 8);;(7, 8);False;1;1936
;(10, 8);;(7, 8);False;1;1937
;(10, 8);;(7, 8);False;1;1938
;(10, 8);;(7, 8);False;1;1939
;(10, 8);;(7, 8);False;1;1940
;(10, 8);;(7, 8);False;1;1941
;(10, 8);;(7, 8);False;1;1942
;(10, 8);;(7, 8);False;1;1943
;(10, 8);;(7, 8);False;1;1944
;(10, 8);;(7, 8);False;1;1945
;(10, 8);;(7, 8);False;1;1946
;(10, 8);;(7, 8);False;1;1947
;(10, 8);;(7, 8);False;1;1948
;(10, 8);;(7, 8);False;1;1949
;(10, 8);;(7, 8);False;1;1950
;(10, 8);;(7, 8);False;1;1951
;(10, 8);;(7, 8);False;1;1952
;(10, 8);;(7, 8);False;1;1953
;(10, 8);;(7, 8);False;1;1954
;(10, 8);;(7, 8);False;1;1955
;(10, 8);;(7, 8);False;1;1956
;(10, 8);;(7, 8);False;1;1957
;(10, 8);;(7, 8);False;1;1958
;(10, 8);;(7, 8);False;1;1959
;(10, 8);;(7, 8);False;1;1960
;(10, 8);;(7, 8);False;1;1961
;(10, 8);;(7, 8);False;1;1962
;(10, 8);;(7, 8);False;1;1963
;(10, 8);;(7, 8);False;1;1964
;(10, 8);;(7, 8);False;1;1965
;(10, 8);;(7, 8);False;1;1966
;(10, 8);;(7, 8);False;1;1967
;(10, 8);;(7, 8);False;1;1968
;(10, 8);;(7, 8);False;1;1969
;(10, 8);;(7, 8);False;1;1970
;(10, 8);;(7, 8);False;1;1971
;(10, 8);;(7, 8);False;1;1972
;(10, 8);;(7, 8);False;1;1973
;(10, 8);;(7, 8);False;1;1974
;(10, 8);;(7, 8);False;1;1975
;(10, 8);;(7, 8);False;1;1976
;(10, 8);;(7, 8);False;1;1977
;(10, 8);;(7, 8);False;1;1978
;(10, 8);;(7, 8);False;1;1979
;(10, 8);;(7, 8);False;1;1980
;(10, 8);;(7, 8);False;1;1981
;(10, 8);;(7, 8);False;1;1982
;(10, 8);;(7, 8);False;1;1983
;(10, 8);;(7, 8);False;1;1984
;(10, 8);;(7, 8);False;1;1985
;(10, 8);;(7, 8);False;1;1986
;(10, 8);;(7, 8);False;1;1987
;(10, 8);;(7, 8);False;1;1988
;(10, 8);;(7, 8);False;1;1989
;(10, 8);;(7, 8);False;1;1990
;(10, 8);;(7, 8);False;1;1991
;(10, 8);;(7, 8);False;1;1992
;(10, 8);;(7, 8);False;1;1993
;(10, 8);;(7, 8);False;1;1994
;(10, 8);;(7, 8);False;1;1995
;(10, 8);;(7, 8);False;1;1996
;(10, 8);;(7, 8);False;1;1997
;(10, 8);;(7, 8);False;1;1998
;(10, 8);;(7, 8);False;1;1999
;(10, 8);;(7, 8);False;1;2000
;(10, 8);;(7, 8);False;1;2001
;(10, 8);;(7, 8);False;1;2002
;(10, 8);;(7, 8);False;1;2003
;(10, 8);;(7, 8);False;1;2004
;(10, 8);;(7, 8);False;1;2005
;(10, 8);;(7, 8);False;1;2006
;(10, 8);;(7, 8);False;1;2007
;(10, 8);;(7, 8);False;1;2008
;(10, 8);;(7, 8);False;1;2009
;(10, 8);;(7, 8);False;1;2010
;(10, 8);;(7, 8);False;1;2011
;(10, 8);;(7, 8);False;1;2012
;(10, 8);;(7, 8);False;1;2013
;(10, 8);;(7, 8);False;1;2014
;(10, 8);;(7, 8);False;1;2015
;(10, 8);;(7, 8);False;1;2016
;(10, 8);;(7, 8);False;1;2017
;(10, 8);;(7, 8);False;1;2018
;(10, 8);;(7, 8);False;1;2019
;(10, 8);;(7, 8);False;1;2020
;(10, 8);;(7, 8);False;1;2021
;(10, 8);;(7, 8);False;1;2022
;(10, 8);;(7, 8);False;1;2023
;(10, 8);;(7, 8);False;1;2024
;(10, 8);;(7, 8);False;1;2025
;(10, 8);;(7, 8);False;1;2026
;(10, 8);;(7, 8);False;1;2027
;(10, 8);;(7, 8);False;1;2028
;(10, 8);;(7, 8);False;1;2029
;(10, 8);;(7, 8);False;1;2030
;(10, 8);;(7, 8);False;1;2031
;(10, 8);;(7, 8);False;1;2032
;(10, 8);;(7, 8);False;1;2033
;(10, 8);;(7, 8);False;1;2034
;(10, 8);;(7, 8);False;1;2035
;(10, 8);;(7, 8);False;1;2036
;(10, 8);;(7, 8);False;1;2037
;(10, 8);;(7, 8);False;1;2038
;(10, 8);;(7, 8);False;1;2039
;(10, 8);;(7, 8);False;1;2040
;(10, 8);;(7, 8);False;1;2041
;(10, 8);;(7, 8);False;1;2042
;(10, 8);;(7, 8);False;1;2043
;(10, 8);;(7, 8);False;1;2044
;(10, 8);;(7, 8);False;1;2045
;(10, 8);;(7, 8);False;1;2046
;(10, 8);;(7, 8);False;1;2047
;(10, 8);;(7, 8);False;1;2048
;(10, 8);;(7, 8);False;1;2049
;(10, 8);;(7, 8);False;1;2050
;(10, 8);;(7, 8);False;1;2051
;(10, 8);;(7, 8);False;1;2052
;(10, 8);;(7, 8);False;1;2053
;(10, 8);;(7, 8);False;1;2054
;(10, 8);;(7, 8);False;1;2055
;(10, 8);;(7, 8);False;1;2056
;(10, 8);;(7, 8);False;1;2057
;(10, 8);;(7, 8);False;1;2058
;(10, 8);;(7, 8);False;1;2059
;(10, 8);;(7, 8);False;1;2060
;(10, 8);;(7, 8);False;1;2061
;(10, 8);;(7, 8);False;1;2062
;(10, 8);;(7, 8);False;1;2063
;(10, 8);;(7, 8);False;1;2064
;(10, 8);;(7, 8);False;1;2065
;(10, 8);;(7, 8);False;1;2066
;(10, 8);;(7, 8);False;1;2067
;(10, 8);;(7, 8);False;1;2068
;(10, 8);;(7, 8);False;1;2069
;(10, 8);;(7, 8);False;1;2070
;(10, 8);;(7, 8);False;1;2071
;(10, 8);;(7, 8);False;1;2072
;(10, 8);;(7, 8);False;1;2073
;(10, 8);;(7, 8);False;1;2074
;(10, 8);;(7, 8);False;1;2075
;(10, 8);;(7, 8);False;1;2076
;(10, 8);;(7, 8);False;1;2077
;(10, 8);;(7, 8);False;1;2078
;(10, 8);;(7, 8);False;1;2079
;(10, 8);;(7, 8);False;1;2080
;(10, 8);;(7, 8);False;1;2081
;(10, 8);;(7, 8);False;1;2082
;(10, 8);;(7, 8);False;1;2083
;(10, 8);;(7, 8);False;1;2084
;(10, 8);;(7, 8);False;1;2085
;(10, 8);;(7, 8);False;1;2086
;(10, 8);;(7, 8);False;1;2087
;(10, 8);;(7, 8);False;1;2088
;(10, 8);;(7, 8);False;1;2089
;(10, 8);;(7, 8);False;1;2090
;(10, 8);;(7, 8);False;1;2091
;(10, 8);;(7, 8);False;1;2092
;(10, 8);;(7, 8);False;1;2093
;(10, 8);;(7, 8);False;1;2094
;(10, 8);;(7, 8);False;1;2095
;(10, 8);;(7, 8);False;1;2096
;(10, 8);;(7, 8);False;1;2097
;(10, 8);;(7, 8);False;1;2098
;(10, 8);;(7, 8);False;1;2099
;(10, 8);;(7, 8);False;1;2100
;(10, 8);;(7, 8);False;1;2101
;(10, 8);;(7, 8);False;1;2102
;(10, 8);;(7, 8);False;1;2103
;(10, 8);;(7, 8);False;1;2104
;(10, 8);;(7, 8);False;1;2105
;(10, 8);;(7, 8);False;1;2106
;(10, 8);;(7, 8);False;1;2107
;(10, 8);;(7, 8);False;1;2108
;(10, 8);;(7, 8);False;1;2109
;(10, 8);;(7, 8);False;1;2110
;(10, 8);;(7, 8);False;1;2111
;(10, 8);;(7, 8);False;1;2112
;(10, 8);;(7, 8);False;1;2113
;(10, 8);;(7, 8);False;1;2114
;(10, 8);;(7, 8);False;1;2115
;(10, 8);;(7, 8);False;1;2116
;(10, 8);;(7, 8);False;1;2117
;(10, 8);;(7, 8);False;1;2118
;(10, 8);;(7, 8);False;1;2119
;(10, 8);;(7, 8);False;1;2120
;(10, 8);;(7, 8);False;1;2121
;(10, 8);;(7, 8);False;1;2122
;(10, 8);;(7, 8);False;1;2123
;(10, 8);;(7, 8);False;1;2124
;(10, 8);;(7, 8);False;1;2125
;(10, 8);;(7, 8);False;1;2126
;(10, 8);;(7, 8);False;1;2127
;(10, 8);;(7, 8);False;1;2128
;(10, 8);;(7, 8);False;1;2129
;(10, 8);;(7, 8);False;1;2130
;(10, 8);;(7, 8);False;1;2131
;(10, 8);;(7, 8);False;1;2132
;(10, 8);;(7, 8);False;1;2133
;(10, 8);;(7, 8);False;1;2134
;(10, 8);;(7, 8);False;1;2135
;(10, 8);;(7, 8);False;1;2136
;(10, 8);;(7, 8);False;1;2137
;(10, 8);;(7, 8);False;1;2138
;(10, 8);;(7, 8);False;1;2139
;(10, 8);;(7, 8);False;1;2140
;(10, 8);;(7, 8);False;1;2141
;(10, 8);;(7, 8);False;1;2142
;(10, 8);;(7, 8);False;1;2143
;(10, 8);;(7, 8);False;1;2144
;(10, 8);;(7, 8);False;1;2145
;(10, 8);;(7, 8);False;1;2146
;(10, 8);;(7, 8);False;1;2147
;(10, 8);;(7, 8);False;1;2148
;(10, 8);;(7, 8);False;1;2149
;(10, 8);;(7, 8);False;1;2150
;(10, 8);;(7, 8);False;1;2151
;(10, 8);;(7, 8);False;1;2152
;(10, 8);;(7, 8);False;1;2153
;(10, 8);;(7, 8);False;1;2154
;(10, 8);;(7, 8);False;1;2155
;(10, 8);;(7, 8);False;1;2156
;(10, 8);;(7, 8);False;1;2157
;(10, 8);;(7, 8);False;1;2158
;(10, 8);;(7, 8);False;1;2159
;(10, 8);;(7, 8);False;1;2160
;(10, 8);;(7, 8);False;1;2161
;(10, 8);;(7, 8);False;1;2162
;(10, 8);;(7, 8);False;1;2163
;(10, 8);;(7, 8);False;1;2164
;(10, 8);;(7, 8);False;1;2165
;(10, 8);;(7, 8);False;1;2166
;(10, 8);;(7, 8);False;1;2167
;(10, 8);;(7, 8);False;1;2168
;(10, 8);;(7, 8);False;1;2169
;(10, 8);;(7, 8);False;1;2170
;(10, 8);;(7, 8);False;1;2171
;(10, 8);;(7, 8);False;1;2172
;(10, 8);;(7, 8);False;1;2173
;(10, 8);;(7, 8);False;1;2174
;(10, 8);;(7, 8);False;1;2175
;(10, 8);;(7, 8);False;1;2176
;(10, 8);;(7, 8);False;1;2177
;(10, 8);;(7, 8);False;1;2178
;(10, 8);;(7, 8);False;1;2179
;(10, 8);;(7, 8);False;1;2180
;(10, 8);;(7, 8);False;1;2181
;(10, 8);;(7, 8);False;1;2182
;(10, 8);;(7, 8);False;1;2183
;(10, 8);;(7, 8);False;1;2184
;(10, 8);;(7, 8);False;1;2185
;(10, 8);;(7, 8);False;1;2186
;(10, 8);;(7, 8);False;1;2187
;(10, 8);;(7, 8);False;1;2188
;(10, 8);;(7, 8);False;1;2189
;(10, 8);;(7, 8);False;1;2190
;(10, 8);;(7, 8);False;1;2191
;(10, 8);;(7, 8);False;1;2192
;(10, 8);;(7, 8);False;1;2193
;(10, 8);;(7, 8);False;1;2194
;(10, 8);;(7, 8);False;1;2195
;(10, 8);;(7, 8);False;1;2196
;(10, 8);;(7, 8);False;1;2197
;(10, 8);;(7, 8);False;1;2198
;(10, 8);;(7, 8);False;1;2199
;(10, 8);;(7, 8);False;1;2200
;(10, 8);;(7, 8);False;1;2201
;(10, 8);;(7, 8);False;1;2202
;(10, 8);;(7, 8);False;1;2203
;(10, 8);;(7, 8);False;1;2204
;(10, 8);;(7, 8);False;1;2205
;(10, 8);;(7, 8);False;1;2206
;(10, 8);;(7, 8);False;1;2207
;(10, 8);;(7, 8);False;1;2208
;(10, 8);;(7, 8);False;1;2209
;(10, 8);;(7, 8);False;1;2210
;(10, 8);;(7, 8);False;1;2211
;(10, 8);;(7, 8);False;1;2212
;(10, 8);;(7, 8);False;1;2213
;(10, 8);;(7, 8);False;1;2214
;(10, 8);;(7, 8);False;1;2215
;(10, 8);;(7, 8);False;1;2216
;(10, 8);;(7, 8);False;1;2217
;(10, 8);;(7, 8);False;1;2218
;(10, 8);;(7, 8);False;1;2219
;(10, 8);;(7, 8);False;1;2220
;(10, 8);;(7, 8);False;1;2221
;(10, 8);;(7, 8);False;1;2222
;(10, 8);;(7, 8);False;1;2223
;(10, 8);;(7, 8);False;1;2224
;(10, 8);;(7, 8);False;1;2225
;(10, 8);;(7, 8);False;1;2226
;(10, 8);;(7, 8);False;1;2227
;(10, 8);;(7, 8);False;1;2228
;(10, 8);;(7, 8);False;1;2229
;(10, 8);;(7, 8);False;1;2230
;(10, 8);;(7, 8);False;1;2231
;(10, 8);;(7, 8);False;1;2232
;(10, 8);;(7, 8);False;1;2233
;(10, 8);;(7, 8);False;1;2234
;(10, 8);;(7, 8);False;1;2235
;(10, 8);;(7, 8);False;1;2236
;(10, 8);;(7, 8);False;1;2237
;(10, 8);;(7, 8);False;1;2238
;(10, 8);;(7, 8);False;1;2239
;(10, 8);;(7, 8);False;1;2240
;(10, 8);;(7, 8);False;1;2241
;(10, 8);;(7, 8);False;1;2242
;(10, 8);;(7, 8);False;1;2243
;(10, 8);;(7, 8);False;1;2244
;(10, 8);;(7, 8);False;1;2245
;(10, 8);;(7, 8);False;1;2246
;(10, 8);;(7, 8);False;1;2247
;(10, 8);;(7, 8);False;1;2248
;(10, 8);;(7, 8);False;1;2249
;(10, 8);;(7, 8);False;1;2250
;(10, 8);;(7, 8);False;1;2251
;(10, 8);;(7, 8);False;1;2252
;(10, 8);;(7, 8);False;1;2253
;(10, 8);;(7, 8);False;1;2254
;(10, 8);;(7, 8);False;1;2255
;(10, 8);;(7, 8);False;1;2256
;(10, 8);;(7, 8);False;1;2257
;(10, 8);;(7, 8);False;1;2258
;(10, 8);;(7, 8);False;1;2259
;(10, 8);;(7, 8);False;1;2260
;(10, 8);;(7, 8);False;1;2261
;(10, 8);;(7, 8);False;1;2262
;(10, 8);;(7, 8);False;1;2263
;(10, 8);;(7, 8);False;1;2264
;(10, 8);;(7, 8);False;1;2265
;(10, 8);;(7, 8);False;1;2266
;(10, 8);;(7, 8);False;1;2267
;(10, 8);;(7, 8);False;1;2268
;(10, 8);;(7, 8);False;1;2269
;(10, 8);;(7, 8);False;1;2270
;(10, 8);;(7, 8);False;1;2271
;(10, 8);;(7, 8);False;1;2272
;(10, 8);;(7, 8);False;1;2273
;(10, 8);;(7, 8);False;1;2274
;(10, 8);;(7, 8);False;1;2275
;(10, 8);;(7, 8);False;1;2276
;(10, 8);;(7, 8);False;1;2277
;(10, 8);;(7, 8);False;1;2278
;(10, 8);;(7, 8);False;1;2279
;(10, 8);;(7, 8);False;1;2280
;(10, 8);;(7, 8);False;1;2281
;(10, 8);;(7, 8);False;1;2282
;(10, 8);;(7, 8);False;1;2283
;(10, 8);;(7, 8);False;1;2284
;(10, 8);;(7, 8);False;1;2285
;(10, 8);;(7, 8);False;1;2286
;(10, 8);;(7, 8);False;1;2287
;(10, 8);;(7, 8);False;1;2288
;(10, 8);;(7, 8);False;1;2289
;(10, 8);;(7, 8);False;1;2290
;(10, 8);;(7, 8);False;1;2291
;(10, 8);;(7, 8);False;1;2292
;(10, 8);;(7, 8);False;1;2293
;(10, 8);;(7, 8);False;1;2294
;(10, 8);;(7, 8);False;1;2295
;(10, 8);;(7, 8);False;1;2296
;(10, 8);;(7, 8);False;1;2297
;(10, 8);;(7, 8);False;1;2298
;(10, 8);;(7, 8);False;1;2299
;(10, 8);;(7, 8);False;1;2300
;(10, 8);;(7, 8);False;1;2301
;(10, 8);;(7, 8);False;1;2302
;(10, 8);;(7, 8);False;1;2303
;(10, 8);;(7, 8);False;1;2304
;(10, 8);;(7, 8);False;1;2305
;(10, 8);;(7, 8);False;1;2306
;(10, 8);;(7, 8);False;1;2307
;(10, 8);;(7, 8);False;1;2308
;(10, 8);;(7, 8);False;1;2309
;(10, 8);;(7, 8);False;1;2310
;(10, 8);;(7, 8);False;1;2311
;(10, 8);;(7, 8);False;1;2312
;(10, 8);;(7, 8);False;1;2313
;(10, 8);;(7, 8);False;1;2314
;(10, 8);;(7, 8);False;1;2315
;(10, 8);;(7, 8);False;1;2316
;(10, 8);;(7, 8);False;1;2317
;(10, 8);;(7, 8);False;1;2318
;(10, 8);;(7, 8);False;1;2319
;(10, 8);;(7, 8);False;1;2320
;(10, 8);;(7, 8);False;1;2321
;(10, 8);;(7, 8);False;1;2322
;(10, 8);;(7, 8);False;1;2323
;(10, 8);;(7, 8);False;1;2324
;(10, 8);;(7, 8);False;1;2325
;(10, 8);;(7, 8);False;1;2326
;(10, 8);;(7, 8);False;1;2327
;(10, 8);;(7, 8);False;1;2328
;(10, 8);;(7, 8);False;1;2329
;(10, 8);;(7, 8);False;1;2330
;(10, 8);;(7, 8);False;1;2331
;(10, 8);;(7, 8);False;1;2332
;(10, 8);;(7, 8);False;1;2333
;(10, 8);;(7, 8);False;1;2334
;(10, 8);;(7, 8);False;1;2335
;(10, 8);;(7, 8);False;1;2336
;(10, 8);;(7, 8);False;1;2337
;(10, 8);;(7, 8);False;1;2338
;(10, 8);;(7, 8);False;1;2339
;(10, 8);;(7, 8);False;1;2340
;(10, 8);;(7, 8);False;1;2341
;(10, 8);;(7, 8);False;1;2342
;(10, 8);;(7, 8);False;1;2343
;(10, 8);;(7, 8);False;1;2344
;(10, 8);;(7, 8);False;1;2345
;(10, 8);;(7, 8);False;1;2346
;(10, 8);;(7, 8);False;1;2347
;(10, 8);;(7, 8);False;1;2348
;(10, 8);;(7, 8);False;1;2349
;(10, 8);;(7, 8);False;1;2350
;(10, 8);;(7, 8);False;1;2351
;(10, 8);;(7, 8);False;1;2352
;(10, 8);;(7, 8);False;1;2353
;(10, 8);;(7, 8);False;1;2354
;(10, 8);;(7, 8);False;1;2355
;(10, 8);;(7, 8);False;1;2356
;(10, 8);;(7, 8);False;1;2357
;(10, 8);;(7, 8);False;1;2358
;(10, 8);;(7, 8);False;1;2359
;(10, 8);;(7, 8);False;1;2360
;(10, 8);;(7, 8);False;1;2361
;(10, 8);;(7, 8);False;1;2362
;(10, 8);;(7, 8);False;1;2363
;(10, 8);;(7, 8);False;1;2364
;(10, 8);;(7, 8);False;1;2365
;(10, 8);;(7, 8);False;1;2366
;(10, 8);;(7, 8);False;1;2367
;(10, 8);;(7, 8);False;1;2368
;(10, 8);;(7, 8);False;1;2369
;(10, 8);;(7, 8);False;1;2370
;(10, 8);;(7, 8);False;1;2371
;(10, 8);;(7, 8);False;1;2372
;(10, 8);;(7, 8);False;1;2373
;(10, 8);;(7, 8);False;1;2374
;(10, 8);;(7, 8);False;1;2375
;(10, 8);;(7, 8);False;1;2376
;(10, 8);;(7, 8);False;1;2377
;(10, 8);;(7, 8);False;1;2378
;(10, 8);;(7, 8);False;1;2379
;(10, 8);;(7, 8);False;1;2380
;(10, 8);;(7, 8);False;1;2381
;(10, 8);;(7, 8);False;1;2382
;(10, 8);;(7, 8);False;1;2383
;(10, 8);;(7, 8);False;1;2384
;(10, 8);;(7, 8);False;1;2385
;(10, 8);;(7, 8);False;1;2386
;(10, 8);;(7, 8);False;1;2387
;(10, 8);;(7, 8);False;1;2388
;(10, 8);;(7, 8);False;1;2389
;(10, 8);;(7, 8);False;1;2390
;(10, 8);;(7, 8);False;1;2391
;(10, 8);;(7, 8);False;1;2392
;(10, 8);;(7, 8);False;1;2393
;(10, 8);;(7, 8);False;1;2394
;(10, 8);;(7, 8);False;1;2395
;(10, 8);;(7, 8);False;1;2396
;(10, 8);;(7, 8);False;1;2397
;(10, 8);;(7, 8);False;1;2398
;(10, 8);;(7, 8);False;1;2399
;(10, 8);;(7, 8);False;1;2400
;(10, 8);;(7, 8);False;1;2401
;(10, 8);;(7, 8);False;1;2402
;(10, 8);;(7, 8);False;1;2403
;(10, 8);;(7, 8);False;1;2404
;(10, 8);;(7, 8);False;1;2405
;(10, 8);;(7, 8);False;1;2406
;(10, 8);;(7, 8);False;1;2407
;(10, 8);;(7, 8);False;1;2408
;(10, 8);;(7, 8);False;1;2409
;(10, 8);;(7, 8);False;1;2410
;(10, 8);;(7, 8);False;1;2411
;(10, 8);;(7, 8);False;1;2412
;(10, 8);;(7, 8);False;1;2413
;(10, 8);;(7, 8);False;1;2414
;(10, 8);;(7, 8);False;1;2415
;(10, 8);;(7, 8);False;1;2416
;(10, 8);;(7, 8);False;1;2417
;(10, 8);;(7, 8);False;1;2418
;(10, 8);;(7, 8);False;1;2419
;(10, 8);;(7, 8);False;1;2420
;(10, 8);;(7, 8);False;1;2421
;(10, 8);;(7, 8);False;1;2422
;(10, 8);;(7, 8);False;1;2423
;(10, 8);;(7, 8);False;1;2424
;(10, 8);;(7, 8);False;1;2425
;(10, 8);;(7, 8);False;1;2426
;(10, 8);;(7, 8);False;1;2427
;(10, 8);;(7, 8);False;1;2428
;(10, 8);;(7, 8);False;1;2429
;(10, 8);;(7, 8);False;1;2430
;(10, 8);;(7, 8);False;1;2431
;(10, 8);;(7, 8);False;1;2432
;(10, 8);;(7, 8);False;1;2433
;(10, 8);;(7, 8);False;1;2434
;(10, 8);;(7, 8);False;1;2435
;(10, 8);;(7, 8);False;1;2436
;(10, 8);;(7, 8);False;1;2437
;(10, 8);;(7, 8);False;1;2438
;(10, 8);;(7, 8);False;1;2439
;(10, 8);;(7, 8);False;1;2440
;(10, 8);;(7, 8);False;1;2441
;(10, 8);;(7, 8);False;1;2442
;(10, 8);;(7, 8);False;1;2443
;(10, 8);;(7, 8);False;1;2444
;(10, 8);;(7, 8);False;1;2445
;(10, 8);;(7, 8);False;1;2446
;(10, 8);;(7, 8);False;1;2447
;(10, 8);;(7, 8);False;1;2448
;(10, 8);;(7, 8);False;1;2449
;(10, 8);;(7, 8);False;1;2450
;(10, 8);;(7, 8);False;1;2451
;(10, 8);;(7, 8);False;1;2452
;(10, 8);;(7, 8);False;1;2453
;(10, 8);;(7, 8);False;1;2454
;(10, 8);;(7, 8);False;1;2455
;(10, 8);;(7, 8);False;1;2456
;(10, 8);;(7, 8);False;1;2457
;(10, 8);;(7, 8);False;1;2458
;(10, 8);;(7, 8);False;1;2459
;(10, 8);;(7, 8);False;1;2460
;(10, 8);;(7, 8);False;1;2461
;(10, 8);;(7, 8);False;1;2462
;(10, 8);;(7, 8);False;1;2463
;(10, 8);;(7, 8);False;1;2464
;(10, 8);;(7, 8);False;1;2465
;(10, 8);;(7, 8);False;1;2466
;(10, 8);;(7, 8);False;1;2467
;(10, 8);;(7, 8);False;1;2468
;(10, 8);;(7, 8);False;1;2469
;(10, 8);;(7, 8);False;1;2470
;(10, 8);;(7, 8);False;1;2471
;(10, 8);;(7, 8);False;1;2472
;(10, 8);;(7, 8);False;1;2473
;(10, 8);;(7, 8);False;1;2474
;(10, 8);;(7, 8);False;1;2475
;(10, 8);;(7, 8);False;1;2476
;(10, 8);;(7, 8);False;1;2477
;(10, 8);;(7, 8);False;1;2478
;(10, 8);;(7, 8);False;1;2479
;(10, 8);;(7, 8);False;1;2480
;(10, 8);;(7, 8);False;1;2481
;(10, 8);;(7, 8);False;1;2482
;(10, 8);;(7, 8);False;1;2483
;(10, 8);;(7, 8);False;1;2484
;(10, 8);;(7, 8);False;1;2485
;(10, 8);;(7, 8);False;1;2486
;(10, 8);;(7, 8);False;1;2487
;(10, 8);;(7, 8);False;1;2488
;(10, 8);;(7, 8);False;1;2489
;(10, 8);;(7, 8);False;1;2490
;(10, 8);;(7, 8);False;1;2491
;(10, 8);;(7, 8);False;1;2492
;(10, 8);;(7, 8);False;1;2493
;(10, 8);;(7, 8);False;1;2494
;(10, 8);;(7, 8);False;1;2495
;(10, 8);;(7, 8);False;1;2496
;(10, 8);;(7, 8);False;1;2497
;(10, 8);;(7, 8);False;1;2498
;(10, 8);;(7, 8);False;1;2499
;(10, 8);;(7, 8);False;1;2500
;(10, 8);;(7, 8);False;1;2501
;(10, 8);;(7, 8);False;1;2502
;(10, 8);;(7, 8);False;1;2503
;(10, 8);;(7, 8);False;1;2504
;(10, 8);;(7, 8);False;1;2505
;(10, 8);;(7, 8);False;1;2506
;(10, 8);;(7, 8);False;1;2507
;(10, 8);;(7, 8);False;1;2508
;(10, 8);;(7, 8);False;1;2509
;(10, 8);;(7, 8);False;1;2510
;(10, 8);;(7, 8);False;1;2511
;(10, 8);;(7, 8);False;1;2512
;(10, 8);;(7, 8);False;1;2513
;(10, 8);;(7, 8);False;1;2514
;(10, 8);;(7, 8);False;1;2515
;(10, 8);;(7, 8);False;1;2516
;(10, 8);;(7, 8);False;1;2517
;(10, 8);;(7, 8);False;1;2518
;(10, 8);;(7, 8);False;1;2519
;(10, 8);;(7, 8);False;1;2520
;(10, 8);;(7, 8);False;1;2521
;(10, 8);;(7, 8);False;1;2522
;(10, 8);;(7, 8);False;1;2523
;(10, 8);;(7, 8);False;1;2524
;(10, 8);;(7, 8);False;1;2525
;(10, 8);;(7, 8);False;1;2526
;(10, 8);;(7, 8);False;1;2527
;(10, 8);;(7, 8);False;1;2528
;(10, 8);;(7, 8);False;1;2529
;(10, 8);;(7, 8);False;1;2530
;(10, 8);;(7, 8);False;1;2531
;(10, 8);;(7, 8);False;1;2532
;(10, 8);;(7, 8);False;1;2533
;(10, 8);;(7, 8);False;1;2534
;(10, 8);;(7, 8);False;1;2535
;(10, 8);;(7, 8);False;1;2536
;(10, 8);;(7, 8);False;1;2537
;(10, 8);;(7, 8);False;1;2538
;(10, 8);;(7, 8);False;1;2539
;(10, 8);;(7, 8);False;1;2540
;(10, 8);;(7, 8);False;1;2541
;(10, 8);;(7, 8);False;1;2542
;(10, 8);;(7, 8);False;1;2543
;(10, 8);;(7, 8);False;1;2544
;(10, 8);;(7, 8);False;1;2545
;(10, 8);;(7, 8);False;1;2546
;(10, 8);;(7, 8);False;1;2547
;(10, 8);;(7, 8);False;1;2548
;(10, 8);;(7, 8);False;1;2549
;(10, 8);;(7, 8);False;1;2550
;(10, 8);;(7, 8);False;1;2551
;(10, 8);;(7, 8);False;1;2552
;(10, 8);;(7, 8);False;1;2553
;(10, 8);;(7, 8);False;1;2554
;(10, 8);;(7, 8);False;1;2555
;(10, 8);;(7, 8);False;1;2556
MoveEast;(11, 8);;(7, 8);False;1;2557
;(11, 8);;(7, 8);False;1;2558
;(11, 8);Idle;(7, 8);False;1;2559
;(11, 8);Idle;(7, 8);False;1;2560
;(11, 8);Idle;(7, 8);False;1;2561
;(11, 8);Idle;(7, 8);False;1;2562
;(11, 8);Idle;(7, 8);False;1;2563
;(11, 8);Idle;(7, 8);False;1;2564
MoveEast;(12, 8);Idle;(7, 8);False;1;2565
;(12, 8);Idle;(7, 8);False;1;2566
;(12, 8);Idle;(7, 8);False;1;2567
;(12, 8);Idle;(7, 8);False;1;2568
;(12, 8);Idle;(7, 8);False;1;2569
;(12, 8);Idle;(7, 8);False;1;2570
;(12, 8);Idle;(7, 8);False;1;2571
;(12, 8);Idle;(7, 8);False;1;2572
MoveNorth;(12, 7);Idle;(7, 8);False;1;2573
;(12, 7);Idle;(7, 8);False;1;2574
;(12, 7);Idle;(7, 8);False;1;2575
;(12, 7);Idle;(7, 8);False;1;2576
GrabObject;(12, 7);Idle;(7, 8);False;1;2577
;(12, 7);Idle;(7, 8);False;1;2578
;(12, 7);Idle;(7, 8);False;1;2579
MoveEast;(13, 7);Idle;(7, 8);False;1;2580
;(13, 7);Idle;(7, 8);False;1;2581
;(13, 7);Idle;(7, 8);False;1;2582
;(13, 7);Idle;(7, 8);False;1;2583
;(13, 7);Idle;(7, 8);False;1;2584
MoveEast;(14, 7);Idle;(7, 8);False;1;2585
;(14, 7);Idle;(7, 8);False;1;2586
;(14, 7);Idle;(7, 8);False;1;2587
MoveEast;(15, 7);Idle;(7, 8);False;1;2588
;(15, 7);Idle;(7, 8);False;1;2589
;(15, 7);Idle;(7, 8);False;1;2590
;(15, 7);Idle;(7, 8);False;1;2591
;(15, 7);Idle;(7, 8);False;1;2592
MoveEast;(16, 7);Idle;(7, 8);False;1;2593
;(16, 7);Idle;(7, 8);False;1;2594
;(16, 7);Idle;(7, 8);False;1;2595
;(16, 7);Idle;(7, 8);False;1;2596
MoveEast;(17, 7);Idle;(7, 8);False;1;2597
;(17, 7);Idle;(7, 8);False;1;2598
;(17, 7);Idle;(7, 8);False;1;2599
DropObject;(17, 7);Idle;(7, 8);False;1;2600
;(17, 7);Idle;(7, 8);False;1;2601
;(17, 7);Idle;(7, 8);False;1;2602
;(17, 7);Idle;(7, 8);False;1;2603
MoveWest;(16, 7);Idle;(7, 8);False;1;2604
;(16, 7);Idle;(7, 8);False;1;2605
;(16, 7);Idle;(7, 8);False;1;2606
;(16, 7);Idle;(7, 8);False;1;2607
;(16, 7);Idle;(7, 8);False;1;2608
;(16, 7);Idle;(7, 8);False;1;2609
MoveWest;(15, 7);Idle;(7, 8);False;1;2610
;(15, 7);Idle;(7, 8);False;1;2611
;(15, 7);Idle;(7, 8);False;1;2612
;(15, 7);Idle;(7, 8);False;1;2613
MoveWest;(14, 7);;(7, 8);False;1;2614
;(14, 7);Idle;(7, 8);False;1;2615
;(14, 7);Idle;(7, 8);False;1;2616
;(14, 7);Idle;(7, 8);False;1;2617
;(14, 7);Idle;(7, 8);False;1;2618
MoveWest;(13, 7);Idle;(7, 8);False;1;2619
;(13, 7);Idle;(7, 8);False;1;2620
;(13, 7);Idle;(7, 8);False;1;2621
;(13, 7);Idle;(7, 8);False;1;2622
;(13, 7);Idle;(7, 8);False;1;2623
;(13, 7);Idle;(7, 8);False;1;2624
;(13, 7);Idle;(7, 8);False;1;2625
MoveSouth;(13, 8);Idle;(7, 8);False;1;2626
;(13, 8);Idle;(7, 8);False;1;2627
;(13, 8);Idle;(7, 8);False;1;2628
;(13, 8);Idle;(7, 8);False;1;2629
;(13, 8);Idle;(7, 8);False;1;2630
;(13, 8);Idle;(7, 8);False;1;2631
;(13, 8);Idle;(7, 8);False;1;2632
MoveWest;(12, 8);Idle;(7, 8);False;1;2633
;(12, 8);Idle;(7, 8);False;1;2634
;(12, 8);Idle;(7, 8);False;1;2635
GrabObject;(12, 8);Idle;(7, 8);False;1;2636
;(12, 8);Idle;(7, 8);False;1;2637
;(12, 8);Idle;(7, 8);False;1;2638
;(12, 8);Idle;(7, 8);False;1;2639
MoveEast;(13, 8);Idle;(7, 8);False;1;2640
;(13, 8);Idle;(7, 8);False;1;2641
;(13, 8);Idle;(7, 8);False;1;2642
;(13, 8);Idle;(7, 8);False;1;2643
MoveEast;(14, 8);Idle;(7, 8);False;1;2644
;(14, 8);Idle;(7, 8);False;1;2645
;(14, 8);Idle;(7, 8);False;1;2646
MoveEast;(15, 8);Idle;(7, 8);False;1;2647
;(15, 8);Idle;(7, 8);False;1;2648
;(15, 8);Idle;(7, 8);False;1;2649
;(15, 8);Idle;(7, 8);False;1;2650
MoveEast;(16, 8);Idle;(7, 8);False;1;2651
;(16, 8);Idle;(7, 8);False;1;2652
;(16, 8);Idle;(7, 8);False;1;2653
;(16, 8);Idle;(7, 8);False;1;2654
MoveEast;(17, 8);Idle;(7, 8);False;1;2655
;(17, 8);Idle;(7, 8);False;1;2656
;(17, 8);Idle;(7, 8);False;1;2657
DropObject;(17, 8);Idle;(7, 8);False;1;2658
;(17, 8);Idle;(7, 8);False;1;2659
;(17, 8);Idle;(7, 8);False;1;2660
;(17, 8);Idle;(7, 8);False;1;2661
MoveWest;(16, 8);Idle;(7, 8);False;1;2662
;(16, 8);Idle;(7, 8);False;1;2663
;(16, 8);Idle;(7, 8);False;1;2664
;(16, 8);Idle;(7, 8);False;1;2665
MoveWest;(15, 8);Idle;(7, 8);False;1;2666
;(15, 8);Idle;(7, 8);False;1;2667
;(15, 8);Idle;(7, 8);False;1;2668
;(15, 8);Idle;(7, 8);False;1;2669
MoveWest;(14, 8);;(7, 8);False;1;2670
;(14, 8);Idle;(7, 8);False;1;2671
;(14, 8);Idle;(7, 8);False;1;2672
;(14, 8);Idle;(7, 8);False;1;2673
MoveWest;(13, 8);Idle;(7, 8);False;1;2674
;(13, 8);Idle;(7, 8);False;1;2675
;(13, 8);Idle;(7, 8);False;1;2676
;(13, 8);Idle;(7, 8);False;1;2677
;(13, 8);Idle;(7, 8);False;1;2678
;(13, 8);Idle;(7, 8);False;1;2679
;(13, 8);Idle;(7, 8);False;1;2680
MoveWest;(12, 8);Idle;(7, 8);False;1;2681
;(12, 8);Idle;(7, 8);False;1;2682
;(12, 8);Idle;(7, 8);False;1;2683
;(12, 8);Idle;(7, 8);False;1;2684
;(12, 8);Idle;(7, 8);False;1;2685
MoveSouth;(12, 9);Idle;(7, 8);False;1;2686
;(12, 9);Idle;(7, 8);False;1;2687
;(12, 9);Idle;(7, 8);False;1;2688
GrabObject;(12, 9);Idle;(7, 8);False;1;2689
;(12, 9);Idle;(7, 8);False;1;2690
;(12, 9);Idle;(7, 8);False;1;2691
;(12, 9);Idle;(7, 8);False;1;2692
;(12, 9);Idle;(7, 8);False;1;2693
MoveEast;(13, 9);Idle;(7, 8);False;1;2694
;(13, 9);Idle;(7, 8);False;1;2695
;(13, 9);Idle;(7, 8);False;1;2696
;(13, 9);Idle;(7, 8);False;1;2697
MoveEast;(14, 9);Idle;(7, 8);False;1;2698
;(14, 9);Idle;(7, 8);False;1;2699
;(14, 9);Idle;(7, 8);False;1;2700
;(14, 9);Idle;(7, 8);False;1;2701
MoveEast;(15, 9);Idle;(7, 8);False;1;2702
;(15, 9);Idle;(7, 8);False;1;2703
;(15, 9);Idle;(7, 8);False;1;2704
;(15, 9);Idle;(7, 8);False;1;2705
MoveEast;(16, 9);Idle;(7, 8);False;1;2706
;(16, 9);Idle;(7, 8);False;1;2707
;(16, 9);Idle;(7, 8);False;1;2708
MoveEast;(17, 9);Idle;(7, 8);False;1;2709
;(17, 9);Idle;(7, 8);False;1;2710
;(17, 9);Idle;(7, 8);False;1;2711
;(17, 9);Idle;(7, 8);False;1;2712
DropObject;(17, 9);Idle;(7, 8);False;1;2713
;(17, 9);Idle;(7, 8);False;1;2714
;(17, 9);Idle;(7, 8);False;1;2715
MoveWest;(16, 9);Idle;(7, 8);False;1;2716
;(16, 9);Idle;(7, 8);False;1;2717
;(16, 9);Idle;(7, 8);False;1;2718
;(16, 9);Idle;(7, 8);False;1;2719
;(16, 9);Idle;(7, 8);False;1;2720
;(16, 9);Idle;(7, 8);False;1;2721
;(16, 9);Idle;(7, 8);False;1;2722
;(16, 9);Idle;(7, 8);False;1;2723
MoveWest;(15, 9);Idle;(7, 8);False;1;2724
;(15, 9);Idle;(7, 8);False;1;2725
;(15, 9);;(7, 8);False;1;2726
;(15, 9);Idle;(7, 8);False;1;2727
MoveWest;(14, 9);Idle;(7, 8);False;1;2728
;(14, 9);Idle;(7, 8);False;1;2729
;(14, 9);Idle;(7, 8);False;1;2730
;(14, 9);Idle;(7, 8);False;1;2731
MoveWest;(13, 9);Idle;(7, 8);False;1;2732
;(13, 9);Idle;(7, 8);False;1;2733
;(13, 9);Idle;(7, 8);False;1;2734
;(13, 9);Idle;(7, 8);False;1;2735
;(13, 9);Idle;(7, 8);False;1;2736
;(13, 9);Idle;(7, 8);False;1;2737
MoveSouth;(13, 10);Idle;(7, 8);False;1;2738
;(13, 10);Idle;(7, 8);False;1;2739
;(13, 10);Idle;(7, 8);False;1;2740
;(13, 10);Idle;(7, 8);False;1;2741
GrabObject;(13, 10);Idle;(7, 8);False;1;2742
;(13, 10);Idle;(7, 8);False;1;2743
;(13, 10);Idle;(7, 8);False;1;2744
;(13, 10);Idle;(7, 8);False;1;2745
;(13, 10);Idle;(7, 8);False;1;2746
;(13, 10);Idle;(7, 8);False;1;2747
MoveEast;(14, 10);Idle;(7, 8);False;1;2748
;(14, 10);Idle;(7, 8);False;1;2749
;(14, 10);Idle;(7, 8);False;1;2750
;(14, 10);Idle;(7, 8);False;1;2751
MoveEast;(15, 10);Idle;(7, 8);False;1;2752
;(15, 10);Idle;(7, 8);False;1;2753
;(15, 10);Idle;(7, 8);False;1;2754
;(15, 10);Idle;(7, 8);False;1;2755
MoveEast;(16, 10);Idle;(7, 8);False;1;2756
;(16, 10);Idle;(7, 8);False;1;2757
;(16, 10);Idle;(7, 8);False;1;2758
;(16, 10);Idle;(7, 8);False;1;2759
MoveEast;(17, 10);Idle;(7, 8);False;1;2760
;(17, 10);Idle;(7, 8);False;1;2761
;(17, 10);Idle;(7, 8);False;1;2762
DropObject;(17, 10);Idle;(7, 8);False;1;2763
;(17, 10);Idle;(7, 8);False;1;2764
;(17, 10);Idle;(7, 8);False;1;2765
;(17, 10);Idle;(7, 8);False;1;2766
;(17, 10);Idle;(7, 8);False;1;2767
MoveWest;(16, 10);Idle;(7, 8);False;1;2768
;(16, 10);Idle;(7, 8);False;1;2769
;(16, 10);Idle;(7, 8);False;1;2770
;(16, 10);Idle;(7, 8);False;1;2771
;(16, 10);Idle;(7, 8);False;1;2772
MoveWest;(15, 10);Idle;(7, 8);False;1;2773
;(15, 10);Idle;(7, 8);False;1;2774
;(15, 10);Idle;(7, 8);False;1;2775
;(15, 10);Idle;(7, 8);False;1;2776
MoveWest;(14, 10);Idle;(7, 8);False;1;2777
;(14, 10);Idle;(7, 8);False;1;2778
;(14, 10);Idle;(7, 8);False;1;2779
;(14, 10);Idle;(7, 8);False;1;2780
;(14, 10);Idle;(7, 8);False;1;2781
MoveWest;(13, 10);;(7, 8);False;1;2782
;(13, 10);MoveEast;(7, 8);False;1;2783
;(13, 10);MoveEast;(7, 8);False;1;2784
;(13, 10);MoveEast;(7, 8);False;1;2785
MoveWest;(12, 10);MoveEast;(7, 8);False;1;2786
;(12, 10);MoveEast;(7, 8);False;1;2787
;(12, 10);MoveEast;(7, 8);False;1;2788
;(12, 10);MoveEast;(7, 8);False;1;2789
;(12, 10);MoveEast;(7, 8);False;1;2790
;(12, 10);MoveEast;(7, 8);False;1;2791
;(12, 10);MoveEast;(7, 8);False;1;2792
;(12, 10);MoveEast;(8, 8);False;1;2793
GrabObject;(12, 10);MoveEast;(8, 8);False;1;2794
;(12, 10);MoveEast;(8, 8);False;1;2795
;(12, 10);MoveEast;(8, 8);False;1;2796
MoveEast;(13, 10);MoveEast;(8, 8);False;1;2797
;(13, 10);MoveEast;(8, 8);False;1;2798
;(13, 10);MoveEast;(8, 8);False;1;2799
;(13, 10);MoveEast;(8, 8);False;1;2800
MoveEast;(14, 10);MoveEast;(8, 8);False;1;2801
;(14, 10);MoveEast;(8, 8);False;1;2802
;(14, 10);MoveEast;(8, 8);False;1;2803
;(14, 10);MoveEast;(9, 8);False;1;2804
MoveEast;(15, 10);MoveEast;(9, 8);False;1;2805
;(15, 10);MoveEast;(9, 8);False;1;2806
;(15, 10);MoveEast;(9, 8);False;1;2807
;(15, 10);MoveEast;(9, 8);False;1;2808
MoveEast;(16, 10);MoveEast;(9, 8);False;1;2809
;(16, 10);MoveEast;(9, 8);False;1;2810
;(16, 10);MoveEast;(9, 8);False;1;2811
;(16, 10);MoveEast;(9, 8);False;1;2812
;(16, 10);MoveEast;(9, 8);False;1;2813
;(16, 10);MoveEast;(9, 8);False;1;2814
MoveNorth;(16, 9);MoveEast;(10, 8);False;1;2815
;(16, 9);MoveSouthEast;(10, 8);False;1;2816
;(16, 9);MoveSouthEast;(10, 8);False;1;2817
;(16, 9);MoveSouthEast;(10, 8);False;1;2818
;(16, 9);MoveSouthEast;(10, 8);False;1;2819
;(16, 9);MoveSouthEast;(10, 8);False;1;2820
;(16, 9);MoveSouthEast;(10, 8);False;1;2821
MoveEast;(17, 9);MoveSouthEast;(10, 8);False;1;2822
DropObject;(17, 9);MoveSouthEast;(10, 8);False;1;2823
;(17, 9);MoveSouthEast;(10, 8);False;1;2824
;(17, 9);MoveSouthEast;(10, 8);False;1;2825
;(17, 9);MoveSouthEast;(11, 9);False;1;2826
;(17, 9);MoveEast;(11, 9);False;1;2827
;(17, 9);MoveEast;(11, 9);False;1;2828
;(17, 9);MoveEast;(11, 9);False;1;2829
;(17, 9);MoveEast;(11, 9);False;1;2830
;(17, 9);MoveEast;(11, 9);False;1;2831
;(17, 9);MoveEast;(11, 9);False;1;2832
;(17, 9);MoveEast;(11, 9);False;1;2833
;(17, 9);MoveEast;(11, 9);False;1;2834
;(17, 9);MoveEast;(11, 9);False;1;2835
;(17, 9);MoveEast;(11, 9);False;1;2836
;(17, 9);MoveEast;(12, 9);False;1;2837
;(17, 9);MoveEast;(12, 9);False;1;2838
;(17, 9);MoveEast;(12, 9);False;1;2839
;(17, 9);MoveEast;(12, 9);False;1;2840
;(17, 9);MoveEast;(12, 9);False;1;2841
;(17, 9);MoveEast;(12, 9);False;1;2842
;(17, 9);MoveEast;(12, 9);False;1;2843
;(17, 9);MoveEast;(12, 9);False;1;2844
;(17, 9);MoveEast;(12, 9);False;1;2845
;(17, 9);MoveEast;(12, 9);False;1;2846
;(17, 9);MoveEast;(12, 9);False;1;2847
;(17, 9);MoveEast;(13, 9);False;1;2848
;(17, 9);MoveSouthEast;(13, 9);False;1;2849
;(17, 9);MoveSouthEast;(13, 9);False;1;2850
;(17, 9);MoveSouthEast;(13, 9);False;1;2851
;(17, 9);MoveSouthEast;(13, 9);False;1;2852
;(17, 9);MoveSouthEast;(13, 9);False;1;2853
;(17, 9);MoveSouthEast;(13, 9);False;1;2854
;(17, 9);MoveSouthEast;(13, 9);False;1;2855
;(17, 9);MoveSouthEast;(13, 9);False;1;2856
;(17, 9);MoveSouthEast;(13, 9);False;1;2857
;(17, 9);MoveSouthEast;(13, 9);False;1;2858
;(17, 9);MoveSouthEast;(14, 10);False;1;2859
;(17, 9);Idle;(14, 10);False;1;2860
;(17, 9);Idle;(14, 10);False;1;2861
;(17, 9);Idle;(14, 10);False;1;2862
;(17, 9);Idle;(14, 10);False;1;2863
;(17, 9);Idle;(14, 10);False;1;2864
;(17, 9);Idle;(14, 10);False;1;2865
;(17, 9);Idle;(14, 10);False;1;2866
;(17, 9);Idle;(14, 10);False;1;2867
;(17, 9);Idle;(14, 10);False;1;2868
;(17, 9);Idle;(14, 10);False;1;2869
;(17, 9);Idle;(14, 10);False;1;2870
;(17, 9);Idle;(14, 10);False;1;2871
;(17, 9);Idle;(14, 10);False;1;2872
;(17, 9);Idle;(14, 10);False;1;2873
;(17, 9);Idle;(14, 10);False;1;2874
;(17, 9);Idle;(14, 10);False;1;2875
;(17, 9);Idle;(14, 10);False;1;2876
;(17, 9);Idle;(14, 10);False;1;2877
;(17, 9);Idle;(14, 10);False;1;2878
;(17, 9);Idle;(14, 10);False;1;2879
;(17, 9);Idle;(14, 10);False;1;2880
MoveWest;(16, 9);Idle;(14, 10);False;1;2881
;(16, 9);Idle;(14, 10);False;1;2882
;(16, 9);Idle;(14, 10);False;1;2883
;(16, 9);Idle;(14, 10);False;1;2884
;(16, 9);Idle;(14, 10);False;1;2885
;(16, 9);Idle;(14, 10);False;1;2886
;(16, 9);Idle;(14, 10);False;1;2887
;(16, 9);Idle;(14, 10);False;1;2888
MoveWest;(15, 9);Idle;(14, 10);False;1;2889
;(15, 9);Idle;(14, 10);False;1;2890
;(15, 9);Idle;(14, 10);False;1;2891
;(15, 9);Idle;(14, 10);False;1;2892
;(15, 9);Idle;(14, 10);False;1;2893
;(15, 9);Idle;(14, 10);False;1;2894
;(15, 9);Idle;(14, 10);False;1;2895
;(15, 9);Idle;(14, 10);False;1;2896
;(15, 9);Idle;(14, 10);False;1;2897
;(15, 9);Idle;(14, 10);False;1;2898
MoveWest;(14, 9);Idle;(14, 10);False;1;2899
;(14, 9);Idle;(14, 10);False;1;2900
;(14, 9);Idle;(14, 10);False;1;2901
;(14, 9);Idle;(14, 10);False;1;2902
;(14, 9);Idle;(14, 10);False;1;2903
;(14, 9);Idle;(14, 10);False;1;2904
;(14, 9);Idle;(14, 10);False;1;2905
;(14, 9);Idle;(14, 10);False;1;2906
;(14, 9);Idle;(14, 10);False;1;2907
;(14, 9);Idle;(14, 10);False;1;2908
;(14, 9);Idle;(14, 10);False;1;2909
;(14, 9);Idle;(14, 10);False;1;2910
;(14, 9);Idle;(14, 10);False;1;2911
;(14, 9);Idle;(14, 10);False;1;2912
;(14, 9);Idle;(14, 10);False;1;2913
;(14, 9);Idle;(14, 10);False;1;2914
;(14, 9);;(14, 10);False;1;2915
;(14, 9);Idle;(14, 10);False;1;2916
;(14, 9);Idle;(14, 10);False;1;2917
;(14, 9);Idle;(14, 10);False;1;2918
;(14, 9);Idle;(14, 10);False;1;2919
;(14, 9);Idle;(14, 10);False;1;2920
;(14, 9);Idle;(14, 10);False;1;2921
;(14, 9);Idle;(14, 10);False;1;2922
;(14, 9);Idle;(14, 10);False;1;2923
;(14, 9);Idle;(14, 10);False;1;2924
;(14, 9);Idle;(14, 10);False;1;2925
;(14, 9);Idle;(14, 10);False;1;2926
;(14, 9);Idle;(14, 10);False;1;2927
;(14, 9);Idle;(14, 10);False;1;2928
;(14, 9);Idle;(14, 10);False;1;2929
;(14, 9);Idle;(14, 10);False;1;2930
;(14, 9);Idle;(14, 10);False;1;2931
;(14, 9);Idle;(14, 10);False;1;2932
;(14, 9);Idle;(14, 10);False;1;2933
;(14, 9);Idle;(14, 10);False;1;2934
;(14, 9);Idle;(14, 10);False;1;2935
;(14, 9);Idle;(14, 10);False;1;2936
;(14, 9);Idle;(14, 10);False;1;2937
;(14, 9);Idle;(14, 10);False;1;2938
;(14, 9);Idle;(14, 10);False;1;2939
;(14, 9);Idle;(14, 10);False;1;2940
;(14, 9);Idle;(14, 10);False;1;2941
;(14, 9);Idle;(14, 10);False;1;2942
;(14, 9);Idle;(14, 10);False;1;2943
;(14, 9);Idle;(14, 10);False;1;2944
;(14, 9);Idle;(14, 10);False;1;2945
;(14, 9);Idle;(14, 10);False;1;2946
;(14, 9);Idle;(14, 10);False;1;2947
;(14, 9);Idle;(14, 10);False;1;2948
;(14, 9);Idle;(14, 10);False;1;2949
;(14, 9);Idle;(14, 10);False;1;2950
;(14, 9);Idle;(14, 10);False;1;2951
;(14, 9);Idle;(14, 10);False;1;2952
;(14, 9);Idle;(14, 10);False;1;2953
;(14, 9);Idle;(14, 10);False;1;2954
;(14, 9);Idle;(14, 10);False;1;2955
;(14, 9);Idle;(14, 10);False;1;2956
;(14, 9);Idle;(14, 10);False;1;2957
;(14, 9);Idle;(14, 10);False;1;2958
;(14, 9);Idle;(14, 10);False;1;2959
;(14, 9);Idle;(14, 10);False;1;2960
;(14, 9);Idle;(14, 10);False;1;2961
;(14, 9);Idle;(14, 10);False;1;2962
;(14, 9);Idle;(14, 10);False;1;2963
;(14, 9);Idle;(14, 10);False;1;2964
;(14, 9);Idle;(14, 10);False;1;2965
;(14, 9);Idle;(14, 10);False;1;2966
;(14, 9);Idle;(14, 10);False;1;2967
;(14, 9);Idle;(14, 10);False;1;2968
;(14, 9);Idle;(14, 10);False;1;2969
;(14, 9);Idle;(14, 10);False;1;2970
;(14, 9);;(14, 10);False;1;2971
;(14, 9);Idle;(14, 10);False;1;2972
;(14, 9);Idle;(14, 10);False;1;2973
;(14, 9);Idle;(14, 10);False;1;2974
;(14, 9);Idle;(14, 10);False;1;2975
;(14, 9);Idle;(14, 10);False;1;2976
;(14, 9);Idle;(14, 10);False;1;2977
;(14, 9);Idle;(14, 10);False;1;2978
;(14, 9);Idle;(14, 10);False;1;2979
;(14, 9);Idle;(14, 10);False;1;2980
;(14, 9);Idle;(14, 10);False;1;2981
;(14, 9);Idle;(14, 10);False;1;2982
;(14, 9);Idle;(14, 10);False;1;2983
;(14, 9);Idle;(14, 10);False;1;2984
;(14, 9);Idle;(14, 10);False;1;2985
;(14, 9);Idle;(14, 10);False;1;2986
;(14, 9);Idle;(14, 10);False;1;2987
;(14, 9);Idle;(14, 10);False;1;2988
;(14, 9);Idle;(14, 10);False;1;2989
;(14, 9);Idle;(14, 10);False;1;2990
;(14, 9);Idle;(14, 10);False;1;2991
;(14, 9);Idle;(14, 10);False;1;2992
;(14, 9);Idle;(14, 10);False;1;2993
;(14, 9);Idle;(14, 10);False;1;2994
;(14, 9);Idle;(14, 10);False;1;2995
;(14, 9);Idle;(14, 10);False;1;2996
;(14, 9);Idle;(14, 10);False;1;2997
;(14, 9);Idle;(14, 10);False;1;2998
;(14, 9);Idle;(14, 10);False;1;2999
;(14, 9);Idle;(14, 10);False;1;3000
;(14, 9);Idle;(14, 10);False;1;3001
;(14, 9);Idle;(14, 10);False;1;3002
;(14, 9);Idle;(14, 10);False;1;3003
;(14, 9);Idle;(14, 10);False;1;3004
;(14, 9);;(14, 10);False;1;3005
;(14, 9);;(14, 10);False;1;3006
;(14, 9);;(14, 10);False;1;3007
;(14, 9);;(14, 10);False;1;3008
;(14, 9);;(14, 10);False;1;3009
;(14, 9);;(14, 10);False;1;3010
;(14, 9);;(14, 10);False;1;3011
;(14, 9);;(14, 10);False;1;3012
;(14, 9);;(14, 10);False;1;3013
;(14, 9);;(14, 10);False;1;3014
;(14, 9);;(14, 10);False;1;3015
;(14, 9);;(14, 10);False;1;3016
;(14, 9);;(14, 10);False;1;3017
;(14, 9);;(14, 10);False;1;3018
;(14, 9);;(14, 10);False;1;3019
