human_selector_action;human_selector_location;robot_action;robot_location;robot_executing_cp;world_nr;tick_nr
;(3, 4);;(4, 4);False;1;0
MoveWest;(2, 4);;(4, 4);False;1;1
;(2, 4);MoveEast;(4, 4);False;1;2
;(2, 4);MoveEast;(4, 4);False;1;3
;(2, 4);MoveEast;(4, 4);False;1;4
;(2, 4);MoveEast;(4, 4);False;1;5
;(2, 4);MoveEast;(4, 4);False;1;6
;(2, 4);MoveEast;(4, 4);False;1;7
;(2, 4);MoveEast;(4, 4);False;1;8
;(2, 4);MoveEast;(4, 4);False;1;9
;(2, 4);MoveEast;(4, 4);False;1;10
;(2, 4);MoveEast;(4, 4);False;1;11
;(2, 4);MoveEast;(5, 4);False;1;12
;(2, 4);MoveEast;(5, 4);False;1;13
;(2, 4);MoveEast;(5, 4);False;1;14
;(2, 4);MoveEast;(5, 4);False;1;15
;(2, 4);MoveEast;(5, 4);False;1;16
;(2, 4);MoveEast;(5, 4);False;1;17
;(2, 4);MoveEast;(5, 4);False;1;18
;(2, 4);MoveEast;(5, 4);False;1;19
;(2, 4);MoveEast;(5, 4);False;1;20
;(2, 4);MoveEast;(5, 4);False;1;21
;(2, 4);MoveEast;(5, 4);False;1;22
;(2, 4);MoveEast;(6, 4);False;1;23
;(2, 4);MoveEast;(6, 4);False;1;24
;(2, 4);MoveEast;(6, 4);False;1;25
;(2, 4);MoveEast;(6, 4);False;1;26
;(2, 4);MoveEast;(6, 4);False;1;27
;(2, 4);MoveEast;(6, 4);False;1;28
;(2, 4);MoveEast;(6, 4);False;1;29
;(2, 4);MoveEast;(6, 4);False;1;30
;(2, 4);MoveEast;(6, 4);False;1;31
;(2, 4);MoveEast;(6, 4);False;1;32
;(2, 4);MoveEast;(6, 4);False;1;33
;(2, 4);MoveEast;(7, 4);False;1;34
;(2, 4);MoveEast;(7, 4);False;1;35
;(2, 4);MoveEast;(7, 4);False;1;36
;(2, 4);MoveEast;(7, 4);False;1;37
;(2, 4);MoveEast;(7, 4);False;1;38
;(2, 4);MoveEast;(7, 4);False;1;39
;(2, 4);MoveEast;(7, 4);False;1;40
;(2, 4);MoveEast;(7, 4);False;1;41
;(2, 4);MoveEast;(7, 4);False;1;42
;(2, 4);MoveEast;(7, 4);False;1;43
;(2, 4);MoveEast;(7, 4);False;1;44
;(2, 4);MoveEast;(8, 4);False;1;45
;(2, 4);MoveEast;(8, 4);False;1;46
;(2, 4);MoveEast;(8, 4);False;1;47
;(2, 4);MoveEast;(8, 4);False;1;48
;(2, 4);MoveEast;(8, 4);False;1;49
;(2, 4);MoveEast;(8, 4);False;1;50
;(2, 4);MoveEast;(8, 4);False;1;51
;(2, 4);MoveEast;(8, 4);False;1;52
;(2, 4);MoveEast;(8, 4);False;1;53
;(2, 4);MoveEast;(8, 4);False;1;54
;(2, 4);MoveEast;(8, 4);False;1;55
;(2, 4);MoveEast;(9, 4);False;1;56
;(2, 4);GrabObject;(9, 4);False;1;57
;(2, 4);GrabObject;(9, 4);False;1;58
;(2, 4);GrabObject;(9, 4);False;1;59
;(2, 4);GrabObject;(9, 4);False;1;60
;(2, 4);GrabObject;(9, 4);False;1;61
;(2, 4);GrabObject;(9, 4);False;1;62
;(2, 4);GrabObject;(9, 4);False;1;63
;(2, 4);GrabObject;(9, 4);False;1;64
;(2, 4);GrabObject;(9, 4);False;1;65
;(2, 4);GrabObject;(9, 4);False;1;66
;(2, 4);GrabObject;(9, 4);False;1;67
;(2, 4);;(9, 4);False;1;68
;(2, 4);MoveEast;(9, 4);False;1;69
;(2, 4);MoveEast;(9, 4);False;1;70
;(2, 4);MoveEast;(9, 4);False;1;71
;(2, 4);MoveEast;(9, 4);False;1;72
;(2, 4);MoveEast;(9, 4);False;1;73
;(2, 4);MoveEast;(9, 4);False;1;74
;(2, 4);MoveEast;(9, 4);False;1;75
;(2, 4);MoveEast;(9, 4);False;1;76
;(2, 4);MoveEast;(9, 4);False;1;77
;(2, 4);MoveEast;(9, 4);False;1;78
;(2, 4);MoveEast;(10, 4);False;1;79
;(2, 4);MoveEast;(10, 4);False;1;80
;(2, 4);MoveEast;(10, 4);False;1;81
;(2, 4);MoveEast;(10, 4);False;1;82
;(2, 4);MoveEast;(10, 4);False;1;83
MoveEast;(3, 4);MoveEast;(10, 4);False;1;84
;(3, 4);MoveEast;(10, 4);False;1;85
;(3, 4);MoveEast;(10, 4);False;1;86
;(3, 4);MoveEast;(10, 4);False;1;87
MoveEast;(4, 4);MoveEast;(10, 4);False;1;88
;(4, 4);MoveEast;(10, 4);False;1;89
;(4, 4);MoveEast;(11, 4);False;1;90
;(4, 4);MoveWest;(11, 4);False;1;91
MoveEast;(5, 4);MoveWest;(11, 4);False;1;92
;(5, 4);MoveWest;(11, 4);False;1;93
;(5, 4);MoveWest;(11, 4);False;1;94
;(5, 4);MoveWest;(11, 4);False;1;95
MoveEast;(6, 4);MoveWest;(11, 4);False;1;96
;(6, 4);MoveWest;(11, 4);False;1;97
;(6, 4);MoveWest;(11, 4);False;1;98
MoveEast;(7, 4);MoveWest;(11, 4);False;1;99
;(7, 4);MoveWest;(11, 4);False;1;100
;(7, 4);MoveWest;(10, 4);False;1;101
;(7, 4);MoveWest;(10, 4);False;1;102
;(7, 4);MoveWest;(10, 4);False;1;103
;(7, 4);MoveWest;(10, 4);False;1;104
;(7, 4);MoveWest;(10, 4);False;1;105
;(7, 4);MoveWest;(10, 4);False;1;106
;(7, 4);MoveWest;(10, 4);False;1;107
MoveSouth;(7, 5);MoveWest;(10, 4);False;1;108
;(7, 5);MoveWest;(10, 4);False;1;109
;(7, 5);MoveWest;(10, 4);False;1;110
;(7, 5);MoveWest;(10, 4);False;1;111
;(7, 5);MoveWest;(9, 4);False;1;112
;(7, 5);MoveEast;(9, 4);False;1;113
;(7, 5);MoveEast;(9, 4);False;1;114
;(7, 5);MoveEast;(9, 4);False;1;115
;(7, 5);MoveEast;(9, 4);False;1;116
;(7, 5);MoveEast;(9, 4);False;1;117
;(7, 5);MoveEast;(9, 4);False;1;118
;(7, 5);MoveEast;(9, 4);False;1;119
MoveEast;(8, 5);MoveEast;(9, 4);False;1;120
;(8, 5);MoveEast;(9, 4);False;1;121
;(8, 5);MoveEast;(9, 4);False;1;122
;(8, 5);MoveEast;(10, 4);False;1;123
;(8, 5);MoveEast;(10, 4);False;1;124
;(8, 5);MoveEast;(10, 4);False;1;125
;(8, 5);MoveEast;(10, 4);False;1;126
;(8, 5);MoveEast;(10, 4);False;1;127
;(8, 5);MoveEast;(10, 4);False;1;128
;(8, 5);MoveEast;(10, 4);False;1;129
;(8, 5);MoveEast;(10, 4);False;1;130
;(8, 5);MoveEast;(10, 4);False;1;131
;(8, 5);MoveEast;(10, 4);False;1;132
MoveEast;(9, 5);MoveEast;(10, 4);False;1;133
;(9, 5);MoveEast;(11, 4);False;1;134
;(9, 5);MoveWest;(11, 4);False;1;135
;(9, 5);MoveWest;(11, 4);False;1;136
;(9, 5);MoveWest;(11, 4);False;1;137
;(9, 5);MoveWest;(11, 4);False;1;138
;(9, 5);MoveWest;(11, 4);False;1;139
;(9, 5);MoveWest;(11, 4);False;1;140
;(9, 5);MoveWest;(11, 4);False;1;141
;(9, 5);MoveWest;(11, 4);False;1;142
;(9, 5);MoveWest;(11, 4);False;1;143
;(9, 5);MoveWest;(11, 4);False;1;144
;(9, 5);MoveWest;(10, 4);False;1;145
;(9, 5);MoveWest;(10, 4);False;1;146
;(9, 5);MoveWest;(10, 4);False;1;147
;(9, 5);MoveWest;(10, 4);False;1;148
;(9, 5);MoveWest;(10, 4);False;1;149
;(9, 5);MoveWest;(10, 4);False;1;150
;(9, 5);MoveWest;(10, 4);False;1;151
;(9, 5);MoveWest;(10, 4);False;1;152
;(9, 5);MoveWest;(10, 4);False;1;153
;(9, 5);MoveWest;(10, 4);False;1;154
;(9, 5);MoveWest;(10, 4);False;1;155
;(9, 5);MoveWest;(9, 4);False;1;156
;(9, 5);MoveEast;(9, 4);False;1;157
;(9, 5);MoveEast;(9, 4);False;1;158
GrabObject;(9, 5);MoveEast;(9, 4);False;1;159
;(9, 5);MoveEast;(9, 4);False;1;160
;(9, 5);MoveEast;(9, 4);False;1;161
;(9, 5);MoveEast;(9, 4);False;1;162
;(9, 5);MoveEast;(9, 4);False;1;163
;(9, 5);MoveEast;(9, 4);False;1;164
;(9, 5);MoveEast;(9, 4);False;1;165
;(9, 5);MoveEast;(9, 4);False;1;166
;(9, 5);MoveEast;(10, 4);False;1;167
;(9, 5);MoveEast;(10, 4);False;1;168
;(9, 5);MoveEast;(10, 4);False;1;169
;(9, 5);MoveEast;(10, 4);False;1;170
;(9, 5);MoveEast;(10, 4);False;1;171
MoveWest;(8, 5);MoveEast;(10, 4);False;1;172
;(8, 5);MoveEast;(10, 4);False;1;173
;(8, 5);MoveEast;(10, 4);False;1;174
;(8, 5);MoveEast;(10, 4);False;1;175
MoveWest;(7, 5);MoveEast;(10, 4);False;1;176
;(7, 5);MoveEast;(10, 4);False;1;177
;(7, 5);MoveEast;(11, 4);False;1;178
MoveWest;(6, 5);MoveWest;(11, 4);False;1;179
;(6, 5);MoveWest;(11, 4);False;1;180
;(6, 5);MoveWest;(11, 4);False;1;181
;(6, 5);MoveWest;(11, 4);False;1;182
;(6, 5);MoveWest;(11, 4);False;1;183
;(6, 5);MoveWest;(11, 4);False;1;184
;(6, 5);MoveWest;(11, 4);False;1;185
;(6, 5);MoveWest;(11, 4);False;1;186
;(6, 5);MoveWest;(11, 4);False;1;187
;(6, 5);MoveWest;(11, 4);False;1;188
;(6, 5);MoveWest;(10, 4);False;1;189
;(6, 5);MoveWest;(10, 4);False;1;190
MoveWest;(5, 5);MoveWest;(10, 4);False;1;191
;(5, 5);MoveWest;(10, 4);False;1;192
;(5, 5);MoveWest;(10, 4);False;1;193
;(5, 5);MoveWest;(10, 4);False;1;194
;(5, 5);MoveWest;(10, 4);False;1;195
;(5, 5);MoveWest;(10, 4);False;1;196
;(5, 5);MoveWest;(10, 4);False;1;197
;(5, 5);MoveWest;(10, 4);False;1;198
;(5, 5);MoveWest;(10, 4);False;1;199
;(5, 5);MoveWest;(9, 4);False;1;200
;(5, 5);;(9, 4);False;1;201
MoveWest;(4, 5);MoveEast;(9, 4);False;1;202
;(4, 5);MoveEast;(9, 4);False;1;203
;(4, 5);MoveEast;(9, 4);False;1;204
;(4, 5);MoveEast;(9, 4);False;1;205
;(4, 5);MoveEast;(9, 4);False;1;206
;(4, 5);MoveEast;(9, 4);False;1;207
;(4, 5);MoveEast;(9, 4);False;1;208
;(4, 5);MoveEast;(9, 4);False;1;209
;(4, 5);MoveEast;(9, 4);False;1;210
;(4, 5);MoveEast;(9, 4);False;1;211
;(4, 5);MoveEast;(10, 4);False;1;212
;(4, 5);MoveEast;(10, 4);False;1;213
;(4, 5);MoveEast;(10, 4);False;1;214
;(4, 5);MoveEast;(10, 4);False;1;215
DropObject;(4, 5);MoveEast;(10, 4);False;1;216
;(4, 5);MoveEast;(10, 4);False;1;217
;(4, 5);MoveEast;(10, 4);False;1;218
;(4, 5);MoveEast;(10, 4);False;1;219
;(4, 5);MoveEast;(10, 4);False;1;220
;(4, 5);MoveEast;(10, 4);False;1;221
;(4, 5);MoveEast;(10, 4);False;1;222
;(4, 5);MoveEast;(11, 4);False;1;223
;(4, 5);MoveWest;(11, 4);False;1;224
;(4, 5);MoveWest;(11, 4);False;1;225
;(4, 5);MoveWest;(11, 4);False;1;226
;(4, 5);MoveWest;(11, 4);False;1;227
MoveEast;(5, 5);MoveWest;(11, 4);False;1;228
;(5, 5);MoveWest;(11, 4);False;1;229
;(5, 5);MoveWest;(11, 4);False;1;230
;(5, 5);MoveWest;(11, 4);False;1;231
MoveEast;(6, 5);MoveWest;(11, 4);False;1;232
;(6, 5);MoveWest;(11, 4);False;1;233
;(6, 5);MoveWest;(10, 4);False;1;234
MoveEast;(7, 5);MoveWest;(10, 4);False;1;235
;(7, 5);MoveWest;(10, 4);False;1;236
;(7, 5);MoveWest;(10, 4);False;1;237
;(7, 5);MoveWest;(10, 4);False;1;238
;(7, 5);MoveWest;(10, 4);False;1;239
MoveEast;(8, 5);MoveWest;(10, 4);False;1;240
;(8, 5);MoveWest;(10, 4);False;1;241
;(8, 5);MoveWest;(10, 4);False;1;242
MoveEast;(9, 5);MoveWest;(10, 4);False;1;243
;(9, 5);MoveWest;(10, 4);False;1;244
;(9, 5);MoveWest;(9, 4);False;1;245
;(9, 5);MoveEast;(9, 4);False;1;246
MoveEast;(10, 5);MoveEast;(9, 4);False;1;247
;(10, 5);MoveEast;(9, 4);False;1;248
;(10, 5);MoveEast;(9, 4);False;1;249
;(10, 5);MoveEast;(9, 4);False;1;250
;(10, 5);MoveEast;(9, 4);False;1;251
;(10, 5);MoveEast;(9, 4);False;1;252
;(10, 5);MoveEast;(9, 4);False;1;253
;(10, 5);MoveEast;(9, 4);False;1;254
;(10, 5);MoveEast;(9, 4);False;1;255
MoveSouth;(10, 6);MoveEast;(10, 4);False;1;256
;(10, 6);MoveEast;(10, 4);False;1;257
;(10, 6);MoveEast;(10, 4);False;1;258
;(10, 6);MoveEast;(10, 4);False;1;259
;(10, 6);MoveEast;(10, 4);False;1;260
MoveSouth;(10, 7);MoveEast;(10, 4);False;1;261
;(10, 7);MoveEast;(10, 4);False;1;262
;(10, 7);MoveEast;(10, 4);False;1;263
;(10, 7);MoveEast;(10, 4);False;1;264
;(10, 7);MoveEast;(10, 4);False;1;265
;(10, 7);MoveEast;(10, 4);False;1;266
;(10, 7);MoveEast;(11, 4);False;1;267
;(10, 7);MoveWest;(11, 4);False;1;268
;(10, 7);MoveWest;(11, 4);False;1;269
;(10, 7);MoveWest;(11, 4);False;1;270
MoveEast;(11, 7);MoveWest;(11, 4);False;1;271
;(11, 7);MoveWest;(11, 4);False;1;272
;(11, 7);MoveWest;(11, 4);False;1;273
;(11, 7);MoveWest;(11, 4);False;1;274
;(11, 7);MoveWest;(11, 4);False;1;275
;(11, 7);MoveWest;(11, 4);False;1;276
;(11, 7);MoveWest;(11, 4);False;1;277
;(11, 7);MoveWest;(10, 4);False;1;278
;(11, 7);MoveWest;(10, 4);False;1;279
;(11, 7);MoveWest;(10, 4);False;1;280
;(11, 7);MoveWest;(10, 4);False;1;281
;(11, 7);MoveWest;(10, 4);False;1;282
;(11, 7);MoveWest;(10, 4);False;1;283
;(11, 7);MoveWest;(10, 4);False;1;284
;(11, 7);MoveWest;(10, 4);False;1;285
;(11, 7);MoveWest;(10, 4);False;1;286
;(11, 7);MoveWest;(10, 4);False;1;287
;(11, 7);MoveWest;(10, 4);False;1;288
;(11, 7);MoveWest;(9, 4);False;1;289
;(11, 7);MoveEast;(9, 4);False;1;290
;(11, 7);MoveEast;(9, 4);False;1;291
;(11, 7);MoveEast;(9, 4);False;1;292
;(11, 7);MoveEast;(9, 4);False;1;293
DropObject;(11, 7);MoveEast;(9, 4);False;1;294
;(11, 7);MoveEast;(9, 4);False;1;295
;(11, 7);MoveEast;(9, 4);False;1;296
;(11, 7);MoveEast;(9, 4);False;1;297
;(11, 7);MoveEast;(9, 4);False;1;298
;(11, 7);MoveEast;(9, 4);False;1;299
;(11, 7);MoveEast;(10, 4);False;1;300
;(11, 7);MoveEast;(10, 4);False;1;301
;(11, 7);MoveEast;(10, 4);False;1;302
;(11, 7);MoveEast;(10, 4);False;1;303
;(11, 7);MoveEast;(10, 4);False;1;304
;(11, 7);MoveEast;(10, 4);False;1;305
;(11, 7);MoveEast;(10, 4);False;1;306
;(11, 7);MoveEast;(10, 4);False;1;307
;(11, 7);MoveEast;(10, 4);False;1;308
;(11, 7);MoveEast;(10, 4);False;1;309
;(11, 7);MoveEast;(10, 4);False;1;310
;(11, 7);MoveEast;(11, 4);False;1;311
;(11, 7);MoveWest;(11, 4);False;1;312
;(11, 7);MoveWest;(11, 4);False;1;313
;(11, 7);MoveWest;(11, 4);False;1;314
;(11, 7);MoveWest;(11, 4);False;1;315
;(11, 7);MoveWest;(11, 4);False;1;316
;(11, 7);MoveWest;(11, 4);False;1;317
;(11, 7);MoveWest;(11, 4);False;1;318
;(11, 7);MoveWest;(11, 4);False;1;319
;(11, 7);MoveWest;(11, 4);False;1;320
;(11, 7);MoveWest;(11, 4);False;1;321
;(11, 7);MoveWest;(10, 4);False;1;322
;(11, 7);MoveWest;(10, 4);False;1;323
;(11, 7);MoveWest;(10, 4);False;1;324
;(11, 7);MoveWest;(10, 4);False;1;325
;(11, 7);MoveWest;(10, 4);False;1;326
;(11, 7);MoveWest;(10, 4);False;1;327
;(11, 7);MoveWest;(10, 4);False;1;328
;(11, 7);MoveWest;(10, 4);False;1;329
;(11, 7);MoveWest;(10, 4);False;1;330
;(11, 7);MoveWest;(10, 4);False;1;331
;(11, 7);MoveWest;(10, 4);False;1;332
;(11, 7);MoveWest;(9, 4);False;1;333
;(11, 7);;(9, 4);False;1;334
;(11, 7);Idle;(9, 4);False;1;335
;(11, 7);Idle;(9, 4);False;1;336
;(11, 7);Idle;(9, 4);False;1;337
;(11, 7);Idle;(9, 4);False;1;338
;(11, 7);Idle;(9, 4);False;1;339
;(11, 7);Idle;(9, 4);False;1;340
;(11, 7);Idle;(9, 4);False;1;341
;(11, 7);Idle;(9, 4);False;1;342
;(11, 7);Idle;(9, 4);False;1;343
;(11, 7);Idle;(9, 4);False;1;344
;(11, 7);Idle;(9, 4);False;1;345
;(11, 7);Idle;(9, 4);False;1;346
;(11, 7);Idle;(9, 4);False;1;347
;(11, 7);Idle;(9, 4);False;1;348
;(11, 7);Idle;(9, 4);False;1;349
;(11, 7);Idle;(9, 4);False;1;350
;(11, 7);Idle;(9, 4);False;1;351
;(11, 7);Idle;(9, 4);False;1;352
;(11, 7);Idle;(9, 4);False;1;353
;(11, 7);Idle;(9, 4);False;1;354
;(11, 7);Idle;(9, 4);False;1;355
;(11, 7);Idle;(9, 4);False;1;356
;(11, 7);Idle;(9, 4);False;1;357
;(11, 7);Idle;(9, 4);False;1;358
;(11, 7);Idle;(9, 4);False;1;359
;(11, 7);Idle;(9, 4);False;1;360
;(11, 7);Idle;(9, 4);False;1;361
;(11, 7);Idle;(9, 4);False;1;362
;(11, 7);Idle;(9, 4);False;1;363
;(11, 7);Idle;(9, 4);False;1;364
;(11, 7);Idle;(9, 4);False;1;365
;(11, 7);Idle;(9, 4);False;1;366
;(11, 7);Idle;(9, 4);False;1;367
;(11, 7);Idle;(9, 4);False;1;368
;(11, 7);Idle;(9, 4);False;1;369
;(11, 7);Idle;(9, 4);False;1;370
;(11, 7);Idle;(9, 4);False;1;371
;(11, 7);Idle;(9, 4);False;1;372
;(11, 7);Idle;(9, 4);False;1;373
;(11, 7);Idle;(9, 4);False;1;374
;(11, 7);Idle;(9, 4);False;1;375
;(11, 7);Idle;(9, 4);False;1;376
;(11, 7);Idle;(9, 4);False;1;377
;(11, 7);Idle;(9, 4);False;1;378
;(11, 7);Idle;(9, 4);False;1;379
;(11, 7);Idle;(9, 4);False;1;380
;(11, 7);Idle;(9, 4);False;1;381
;(11, 7);Idle;(9, 4);False;1;382
;(11, 7);Idle;(9, 4);False;1;383
;(11, 7);Idle;(9, 4);False;1;384
;(11, 7);Idle;(9, 4);False;1;385
;(11, 7);Idle;(9, 4);False;1;386
;(11, 7);Idle;(9, 4);False;1;387
;(11, 7);Idle;(9, 4);False;1;388
;(11, 7);Idle;(9, 4);False;1;389
;(11, 7);;(9, 4);False;1;390
;(11, 7);MoveSouthEast;(9, 4);False;1;391
;(11, 7);MoveSouthEast;(9, 4);False;1;392
;(11, 7);MoveSouthEast;(9, 4);False;1;393
;(11, 7);MoveSouthEast;(9, 4);False;1;394
;(11, 7);MoveSouthEast;(9, 4);False;1;395
;(11, 7);MoveSouthEast;(9, 4);False;1;396
;(11, 7);MoveSouthEast;(9, 4);False;1;397
;(11, 7);MoveSouthEast;(9, 4);False;1;398
;(11, 7);MoveSouthEast;(9, 4);False;1;399
;(11, 7);MoveSouthEast;(9, 4);False;1;400
;(11, 7);MoveSouthEast;(10, 5);False;1;401
;(11, 7);MoveSouthEast;(10, 5);False;1;402
;(11, 7);MoveSouthEast;(10, 5);False;1;403
;(11, 7);MoveSouthEast;(10, 5);False;1;404
;(11, 7);MoveSouthEast;(10, 5);False;1;405
;(11, 7);MoveSouthEast;(10, 5);False;1;406
;(11, 7);MoveSouthEast;(10, 5);False;1;407
;(11, 7);MoveSouthEast;(10, 5);False;1;408
;(11, 7);MoveSouthEast;(10, 5);False;1;409
;(11, 7);MoveSouthEast;(10, 5);False;1;410
;(11, 7);MoveSouthEast;(10, 5);False;1;411
;(11, 7);MoveSouthEast;(11, 6);False;1;412
;(11, 7);GrabObject;(11, 6);False;1;413
;(11, 7);GrabObject;(11, 6);False;1;414
;(11, 7);GrabObject;(11, 6);False;1;415
;(11, 7);GrabObject;(11, 6);False;1;416
;(11, 7);GrabObject;(11, 6);False;1;417
;(11, 7);GrabObject;(11, 6);False;1;418
;(11, 7);GrabObject;(11, 6);False;1;419
;(11, 7);GrabObject;(11, 6);False;1;420
;(11, 7);GrabObject;(11, 6);False;1;421
;(11, 7);GrabObject;(11, 6);False;1;422
;(11, 7);GrabObject;(11, 6);False;1;423
;(11, 7);;(11, 6);False;1;424
;(11, 7);MoveSouthWest;(11, 6);False;1;425
;(11, 7);MoveSouthWest;(11, 6);False;1;426
;(11, 7);MoveSouthWest;(11, 6);False;1;427
;(11, 7);MoveSouthWest;(11, 6);False;1;428
;(11, 7);MoveSouthWest;(11, 6);False;1;429
MoveWest;(10, 7);MoveSouthWest;(11, 6);False;1;430
;(10, 7);MoveSouthWest;(11, 6);False;1;431
;(10, 7);MoveSouthWest;(11, 6);False;1;432
;(10, 7);MoveSouthWest;(11, 6);False;1;433
;(10, 7);MoveSouthWest;(11, 6);False;1;434
;(10, 7);MoveSouthWest;(10, 7);False;1;435
;(10, 7);MoveWest;(10, 7);False;1;436
;(10, 7);MoveWest;(10, 7);False;1;437
;(10, 7);MoveWest;(10, 7);False;1;438
;(10, 7);MoveWest;(10, 7);False;1;439
;(10, 7);MoveWest;(10, 7);False;1;440
;(10, 7);MoveWest;(10, 7);False;1;441
;(10, 7);MoveWest;(10, 7);False;1;442
;(10, 7);MoveWest;(10, 7);False;1;443
;(10, 7);MoveWest;(10, 7);False;1;444
;(10, 7);MoveWest;(10, 7);False;1;445
;(10, 7);MoveWest;(9, 7);False;1;446
;(10, 7);MoveWest;(9, 7);False;1;447
;(10, 7);MoveWest;(9, 7);False;1;448
;(10, 7);MoveWest;(9, 7);False;1;449
;(10, 7);MoveWest;(9, 7);False;1;450
;(10, 7);MoveWest;(9, 7);False;1;451
;(10, 7);MoveWest;(9, 7);False;1;452
;(10, 7);MoveWest;(9, 7);False;1;453
;(10, 7);MoveWest;(9, 7);False;1;454
;(10, 7);MoveWest;(9, 7);False;1;455
;(10, 7);MoveWest;(9, 7);False;1;456
;(10, 7);MoveWest;(8, 7);False;1;457
;(10, 7);MoveSouthWest;(8, 7);False;1;458
;(10, 7);MoveSouthWest;(8, 7);False;1;459
;(10, 7);MoveSouthWest;(8, 7);False;1;460
;(10, 7);MoveSouthWest;(8, 7);False;1;461
;(10, 7);MoveSouthWest;(8, 7);False;1;462
;(10, 7);MoveSouthWest;(8, 7);False;1;463
;(10, 7);MoveSouthWest;(8, 7);False;1;464
;(10, 7);MoveSouthWest;(8, 7);False;1;465
;(10, 7);MoveSouthWest;(8, 7);False;1;466
MoveWest;(9, 7);MoveSouthWest;(8, 7);False;1;467
;(9, 7);MoveSouthWest;(7, 8);False;1;468
;(9, 7);GrabObject;(7, 8);False;1;469
;(9, 7);GrabObject;(7, 8);False;1;470
;(9, 7);GrabObject;(7, 8);False;1;471
;(9, 7);GrabObject;(7, 8);False;1;472
;(9, 7);GrabObject;(7, 8);False;1;473
;(9, 7);GrabObject;(7, 8);False;1;474
;(9, 7);GrabObject;(7, 8);False;1;475
;(9, 7);GrabObject;(7, 8);False;1;476
;(9, 7);GrabObject;(7, 8);False;1;477
;(9, 7);GrabObject;(7, 8);False;1;478
;(9, 7);GrabObject;(7, 8);False;1;479
;(9, 7);;(7, 8);False;1;480
;(9, 7);Idle;(7, 8);False;1;481
;(9, 7);Idle;(7, 8);False;1;482
;(9, 7);Idle;(7, 8);False;1;483
;(9, 7);Idle;(7, 8);False;1;484
;(9, 7);Idle;(7, 8);False;1;485
;(9, 7);Idle;(7, 8);False;1;486
;(9, 7);Idle;(7, 8);False;1;487
;(9, 7);Idle;(7, 8);False;1;488
;(9, 7);Idle;(7, 8);False;1;489
;(9, 7);Idle;(7, 8);False;1;490
;(9, 7);Idle;(7, 8);False;1;491
;(9, 7);Idle;(7, 8);False;1;492
;(9, 7);Idle;(7, 8);False;1;493
;(9, 7);Idle;(7, 8);False;1;494
;(9, 7);Idle;(7, 8);False;1;495
;(9, 7);Idle;(7, 8);False;1;496
;(9, 7);Idle;(7, 8);False;1;497
;(9, 7);Idle;(7, 8);False;1;498
;(9, 7);Idle;(7, 8);False;1;499
;(9, 7);Idle;(7, 8);False;1;500
;(9, 7);Idle;(7, 8);False;1;501
;(9, 7);Idle;(7, 8);False;1;502
;(9, 7);Idle;(7, 8);False;1;503
;(9, 7);Idle;(7, 8);False;1;504
;(9, 7);Idle;(7, 8);False;1;505
MoveWest;(8, 7);Idle;(7, 8);False;1;506
;(8, 7);Idle;(7, 8);False;1;507
;(8, 7);Idle;(7, 8);False;1;508
;(8, 7);Idle;(7, 8);False;1;509
;(8, 7);Idle;(7, 8);False;1;510
;(8, 7);Idle;(7, 8);False;1;511
;(8, 7);Idle;(7, 8);False;1;512
;(8, 7);Idle;(7, 8);False;1;513
MoveWest;(7, 7);Idle;(7, 8);False;1;514
;(7, 7);Idle;(7, 8);False;1;515
;(7, 7);Idle;(7, 8);False;1;516
;(7, 7);Idle;(7, 8);False;1;517
;(7, 7);Idle;(7, 8);False;1;518
;(7, 7);Idle;(7, 8);False;1;519
;(7, 7);Idle;(7, 8);False;1;520
;(7, 7);Idle;(7, 8);False;1;521
;(7, 7);Idle;(7, 8);False;1;522
;(7, 7);Idle;(7, 8);False;1;523
;(7, 7);Idle;(7, 8);False;1;524
;(7, 7);Idle;(7, 8);False;1;525
;(7, 7);Idle;(7, 8);False;1;526
;(7, 7);Idle;(7, 8);False;1;527
;(7, 7);Idle;(7, 8);False;1;528
;(7, 7);Idle;(7, 8);False;1;529
;(7, 7);Idle;(7, 8);False;1;530
;(7, 7);Idle;(7, 8);False;1;531
;(7, 7);Idle;(7, 8);False;1;532
;(7, 7);Idle;(7, 8);False;1;533
;(7, 7);Idle;(7, 8);False;1;534
;(7, 7);Idle;(7, 8);False;1;535
;(7, 7);;(7, 8);False;1;536
;(7, 7);Idle;(7, 8);False;1;537
;(7, 7);Idle;(7, 8);False;1;538
;(7, 7);Idle;(7, 8);False;1;539
;(7, 7);Idle;(7, 8);False;1;540
;(7, 7);Idle;(7, 8);False;1;541
;(7, 7);Idle;(7, 8);False;1;542
;(7, 7);Idle;(7, 8);False;1;543
;(7, 7);Idle;(7, 8);False;1;544
;(7, 7);Idle;(7, 8);False;1;545
;(7, 7);Idle;(7, 8);False;1;546
;(7, 7);Idle;(7, 8);False;1;547
;(7, 7);Idle;(7, 8);False;1;548
;(7, 7);Idle;(7, 8);False;1;549
MoveSouth;(7, 8);Idle;(7, 8);False;1;550
;(7, 8);Idle;(7, 8);False;1;551
;(7, 8);Idle;(7, 8);False;1;552
;(7, 8);Idle;(7, 8);False;1;553
MoveSouth;(7, 9);Idle;(7, 8);False;1;554
;(7, 9);Idle;(7, 8);False;1;555
;(7, 9);Idle;(7, 8);False;1;556
;(7, 9);Idle;(7, 8);False;1;557
;(7, 9);Idle;(7, 8);False;1;558
;(7, 9);Idle;(7, 8);False;1;559
;(7, 9);Idle;(7, 8);False;1;560
MoveEast;(8, 9);Idle;(7, 8);False;1;561
;(8, 9);Idle;(7, 8);False;1;562
;(8, 9);Idle;(7, 8);False;1;563
;(8, 9);Idle;(7, 8);False;1;564
;(8, 9);Idle;(7, 8);False;1;565
;(8, 9);Idle;(7, 8);False;1;566
;(8, 9);Idle;(7, 8);False;1;567
;(8, 9);Idle;(7, 8);False;1;568
;(8, 9);Idle;(7, 8);False;1;569
;(8, 9);Idle;(7, 8);False;1;570
;(8, 9);Idle;(7, 8);False;1;571
MoveNorth;(8, 8);Idle;(7, 8);False;1;572
;(8, 8);Idle;(7, 8);False;1;573
;(8, 8);Idle;(7, 8);False;1;574
;(8, 8);Idle;(7, 8);False;1;575
;(8, 8);Idle;(7, 8);False;1;576
;(8, 8);Idle;(7, 8);False;1;577
;(8, 8);Idle;(7, 8);False;1;578
;(8, 8);Idle;(7, 8);False;1;579
;(8, 8);Idle;(7, 8);False;1;580
;(8, 8);Idle;(7, 8);False;1;581
;(8, 8);Idle;(7, 8);False;1;582
;(8, 8);Idle;(7, 8);False;1;583
GrabObject;(8, 8);Idle;(7, 8);False;1;584
;(8, 8);Idle;(7, 8);False;1;585
;(8, 8);Idle;(7, 8);False;1;586
;(8, 8);Idle;(7, 8);False;1;587
;(8, 8);Idle;(7, 8);False;1;588
;(8, 8);Idle;(7, 8);False;1;589
MoveWest;(7, 8);Idle;(7, 8);False;1;590
;(7, 8);Idle;(7, 8);False;1;591
;(7, 8);;(7, 8);False;1;592
;(7, 8);MoveWest;(7, 8);False;1;593
MoveWest;(6, 8);MoveWest;(7, 8);False;1;594
;(6, 8);MoveWest;(7, 8);False;1;595
;(6, 8);MoveWest;(7, 8);False;1;596
;(6, 8);MoveWest;(7, 8);False;1;597
MoveWest;(5, 8);MoveWest;(7, 8);False;1;598
;(5, 8);MoveWest;(7, 8);False;1;599
;(5, 8);MoveWest;(7, 8);False;1;600
;(5, 8);MoveWest;(7, 8);False;1;601
;(5, 8);MoveWest;(7, 8);False;1;602
;(5, 8);MoveWest;(6, 8);False;1;603
;(5, 8);MoveWest;(6, 8);False;1;604
;(5, 8);MoveWest;(6, 8);False;1;605
;(5, 8);MoveWest;(6, 8);False;1;606
;(5, 8);MoveWest;(6, 8);False;1;607
;(5, 8);MoveWest;(6, 8);False;1;608
;(5, 8);MoveWest;(6, 8);False;1;609
;(5, 8);MoveWest;(6, 8);False;1;610
;(5, 8);MoveWest;(6, 8);False;1;611
;(5, 8);MoveWest;(6, 8);False;1;612
;(5, 8);MoveWest;(6, 8);False;1;613
;(5, 8);MoveWest;(5, 8);False;1;614
DropObject;(5, 8);MoveNorthWest;(5, 8);False;1;615
;(5, 8);MoveNorthWest;(5, 8);False;1;616
;(5, 8);MoveNorthWest;(5, 8);False;1;617
;(5, 8);MoveNorthWest;(5, 8);False;1;618
;(5, 8);MoveNorthWest;(5, 8);False;1;619
;(5, 8);MoveNorthWest;(5, 8);False;1;620
;(5, 8);MoveNorthWest;(5, 8);False;1;621
;(5, 8);MoveNorthWest;(5, 8);False;1;622
;(5, 8);MoveNorthWest;(5, 8);False;1;623
;(5, 8);MoveNorthWest;(5, 8);False;1;624
;(5, 8);MoveNorthWest;(4, 7);False;1;625
MoveEast;(6, 8);MoveWest;(4, 7);False;1;626
;(6, 8);MoveWest;(4, 7);False;1;627
;(6, 8);MoveWest;(4, 7);False;1;628
;(6, 8);MoveWest;(4, 7);False;1;629
MoveEast;(7, 8);MoveWest;(4, 7);False;1;630
;(7, 8);MoveWest;(4, 7);False;1;631
;(7, 8);MoveWest;(4, 7);False;1;632
;(7, 8);MoveWest;(4, 7);False;1;633
MoveEast;(8, 8);MoveWest;(4, 7);False;1;634
;(8, 8);MoveWest;(4, 7);False;1;635
;(8, 8);MoveWest;(3, 7);False;1;636
MoveEast;(9, 8);MoveNorthWest;(3, 7);False;1;637
;(9, 8);MoveNorthWest;(3, 7);False;1;638
;(9, 8);MoveNorthWest;(3, 7);False;1;639
MoveEast;(10, 8);MoveNorthWest;(3, 7);False;1;640
;(10, 8);MoveNorthWest;(3, 7);False;1;641
;(10, 8);MoveNorthWest;(3, 7);False;1;642
;(10, 8);MoveNorthWest;(3, 7);False;1;643
MoveEast;(11, 8);MoveNorthWest;(3, 7);False;1;644
;(11, 8);MoveNorthWest;(3, 7);False;1;645
;(11, 8);MoveNorthWest;(3, 7);False;1;646
MoveEast;(12, 8);MoveNorthWest;(2, 6);False;1;647
;(12, 8);MoveWest;(2, 6);False;1;648
;(12, 8);MoveWest;(2, 6);False;1;649
;(12, 8);MoveWest;(2, 6);False;1;650
MoveEast;(13, 8);MoveWest;(2, 6);False;1;651
;(13, 8);MoveWest;(2, 6);False;1;652
;(13, 8);MoveWest;(2, 6);False;1;653
;(13, 8);MoveWest;(2, 6);False;1;654
;(13, 8);MoveWest;(2, 6);False;1;655
MoveSouth;(13, 9);MoveWest;(2, 6);False;1;656
;(13, 9);MoveWest;(2, 6);False;1;657
;(13, 9);MoveWest;(1, 6);False;1;658
;(13, 9);DropObject;(1, 6);False;1;659
;(13, 9);DropObject;(1, 6);False;1;660
MoveSouth;(13, 10);DropObject;(1, 6);False;1;661
;(13, 10);DropObject;(1, 6);False;1;662
;(13, 10);DropObject;(1, 6);False;1;663
;(13, 10);DropObject;(1, 6);False;1;664
;(13, 10);DropObject;(1, 6);False;1;665
MoveWest;(12, 10);DropObject;(1, 6);False;1;666
;(12, 10);DropObject;(1, 6);False;1;667
;(12, 10);DropObject;(1, 6);False;1;668
;(12, 10);DropObject;(1, 6);False;1;669
;(12, 10);DropObject;(1, 6);False;1;670
;(12, 10);DropObject;(1, 6);False;1;671
;(12, 10);DropObject;(1, 6);False;1;672
;(12, 10);DropObject;(1, 6);False;1;673
;(12, 10);DropObject;(1, 6);False;1;674
;(12, 10);DropObject;(1, 6);False;1;675
;(12, 10);DropObject;(1, 6);False;1;676
;(12, 10);DropObject;(1, 6);False;1;677
;(12, 10);DropObject;(1, 6);False;1;678
;(12, 10);DropObject;(1, 6);False;1;679
;(12, 10);DropObject;(1, 6);False;1;680
;(12, 10);DropObject;(1, 6);False;1;681
DropObject;(12, 10);DropObject;(1, 6);False;1;682
;(12, 10);DropObject;(1, 6);False;1;683
;(12, 10);DropObject;(1, 6);False;1;684
;(12, 10);DropObject;(1, 6);False;1;685
;(12, 10);DropObject;(1, 6);False;1;686
;(12, 10);DropObject;(1, 6);False;1;687
;(12, 10);DropObject;(1, 6);False;1;688
;(12, 10);DropObject;(1, 6);False;1;689
;(12, 10);DropObject;(1, 6);False;1;690
;(12, 10);DropObject;(1, 6);False;1;691
;(12, 10);;(1, 6);False;1;692
;(12, 10);MoveSouthEast;(1, 6);False;1;693
;(12, 10);MoveSouthEast;(1, 6);False;1;694
;(12, 10);MoveSouthEast;(1, 6);False;1;695
;(12, 10);MoveSouthEast;(1, 6);False;1;696
;(12, 10);MoveSouthEast;(1, 6);False;1;697
MoveEast;(13, 10);MoveSouthEast;(1, 6);False;1;698
;(13, 10);MoveSouthEast;(1, 6);False;1;699
;(13, 10);MoveSouthEast;(1, 6);False;1;700
;(13, 10);MoveSouthEast;(1, 6);False;1;701
;(13, 10);MoveSouthEast;(1, 6);False;1;702
;(13, 10);MoveSouthEast;(2, 7);False;1;703
;(13, 10);MoveEast;(2, 7);False;1;704
;(13, 10);MoveEast;(2, 7);False;1;705
;(13, 10);MoveEast;(2, 7);False;1;706
;(13, 10);MoveEast;(2, 7);False;1;707
;(13, 10);MoveEast;(2, 7);False;1;708
MoveNorth;(13, 9);MoveEast;(2, 7);False;1;709
;(13, 9);MoveEast;(2, 7);False;1;710
;(13, 9);MoveEast;(2, 7);False;1;711
;(13, 9);MoveEast;(2, 7);False;1;712
;(13, 9);MoveEast;(2, 7);False;1;713
;(13, 9);MoveEast;(3, 7);False;1;714
;(13, 9);MoveSouthEast;(3, 7);False;1;715
;(13, 9);MoveSouthEast;(3, 7);False;1;716
;(13, 9);MoveSouthEast;(3, 7);False;1;717
;(13, 9);MoveSouthEast;(3, 7);False;1;718
DropObject;(13, 9);MoveSouthEast;(3, 7);False;1;719
;(13, 9);MoveSouthEast;(3, 7);False;1;720
;(13, 9);MoveSouthEast;(3, 7);False;1;721
;(13, 9);MoveSouthEast;(3, 7);False;1;722
;(13, 9);MoveSouthEast;(3, 7);False;1;723
;(13, 9);MoveSouthEast;(3, 7);False;1;724
;(13, 9);MoveSouthEast;(4, 8);False;1;725
;(13, 9);MoveEast;(4, 8);False;1;726
;(13, 9);MoveEast;(4, 8);False;1;727
;(13, 9);MoveEast;(4, 8);False;1;728
;(13, 9);MoveEast;(4, 8);False;1;729
;(13, 9);MoveEast;(4, 8);False;1;730
;(13, 9);MoveEast;(4, 8);False;1;731
;(13, 9);MoveEast;(4, 8);False;1;732
;(13, 9);MoveEast;(4, 8);False;1;733
;(13, 9);MoveEast;(4, 8);False;1;734
;(13, 9);MoveEast;(4, 8);False;1;735
;(13, 9);MoveEast;(5, 8);False;1;736
;(13, 9);MoveSouthEast;(5, 8);False;1;737
;(13, 9);MoveSouthEast;(5, 8);False;1;738
;(13, 9);MoveSouthEast;(5, 8);False;1;739
;(13, 9);MoveSouthEast;(5, 8);False;1;740
;(13, 9);MoveSouthEast;(5, 8);False;1;741
;(13, 9);MoveSouthEast;(5, 8);False;1;742
MoveWest;(12, 9);MoveSouthEast;(5, 8);False;1;743
;(12, 9);MoveSouthEast;(5, 8);False;1;744
;(12, 9);MoveSouthEast;(5, 8);False;1;745
;(12, 9);MoveSouthEast;(5, 8);False;1;746
;(12, 9);MoveSouthEast;(6, 9);False;1;747
;(12, 9);BreakObject;(6, 9);False;1;748
;(12, 9);BreakObject;(6, 9);False;1;749
;(12, 9);BreakObject;(6, 9);False;1;750
;(12, 9);BreakObject;(6, 9);False;1;751
;(12, 9);BreakObject;(6, 9);False;1;752
;(12, 9);BreakObject;(6, 9);False;1;753
;(12, 9);BreakObject;(6, 9);False;1;754
;(12, 9);BreakObject;(6, 9);False;1;755
;(12, 9);BreakObject;(6, 9);False;1;756
;(12, 9);BreakObject;(6, 9);False;1;757
;(12, 9);BreakObject;(6, 9);False;1;758
DropObject;(12, 9);;(6, 9);False;1;759
;(12, 9);Idle;(6, 9);False;1;760
;(12, 9);Idle;(6, 9);False;1;761
;(12, 9);Idle;(6, 9);False;1;762
;(12, 9);Idle;(6, 9);False;1;763
;(12, 9);Idle;(6, 9);False;1;764
;(12, 9);Idle;(6, 9);False;1;765
;(12, 9);Idle;(6, 9);False;1;766
;(12, 9);Idle;(6, 9);False;1;767
;(12, 9);Idle;(6, 9);False;1;768
;(12, 9);Idle;(6, 9);False;1;769
;(12, 9);Idle;(6, 9);False;1;770
;(12, 9);Idle;(6, 9);False;1;771
;(12, 9);Idle;(6, 9);False;1;772
;(12, 9);Idle;(6, 9);False;1;773
;(12, 9);Idle;(6, 9);False;1;774
;(12, 9);Idle;(6, 9);False;1;775
;(12, 9);Idle;(6, 9);False;1;776
;(12, 9);Idle;(6, 9);False;1;777
;(12, 9);Idle;(6, 9);False;1;778
;(12, 9);Idle;(6, 9);False;1;779
;(12, 9);Idle;(6, 9);False;1;780
;(12, 9);Idle;(6, 9);False;1;781
;(12, 9);Idle;(6, 9);False;1;782
;(12, 9);Idle;(6, 9);False;1;783
;(12, 9);Idle;(6, 9);False;1;784
;(12, 9);Idle;(6, 9);False;1;785
;(12, 9);Idle;(6, 9);False;1;786
GrabObject;(12, 9);Idle;(6, 9);False;1;787
;(12, 9);Idle;(6, 9);False;1;788
;(12, 9);Idle;(6, 9);False;1;789
;(12, 9);Idle;(6, 9);False;1;790
;(12, 9);Idle;(6, 9);False;1;791
;(12, 9);Idle;(6, 9);False;1;792
MoveWest;(11, 9);Idle;(6, 9);False;1;793
;(11, 9);Idle;(6, 9);False;1;794
;(11, 9);Idle;(6, 9);False;1;795
;(11, 9);Idle;(6, 9);False;1;796
MoveWest;(10, 9);Idle;(6, 9);False;1;797
;(10, 9);Idle;(6, 9);False;1;798
;(10, 9);Idle;(6, 9);False;1;799
MoveWest;(9, 9);Idle;(6, 9);False;1;800
;(9, 9);Idle;(6, 9);False;1;801
;(9, 9);Idle;(6, 9);False;1;802
;(9, 9);Idle;(6, 9);False;1;803
MoveWest;(8, 9);Idle;(6, 9);False;1;804
;(8, 9);Idle;(6, 9);False;1;805
;(8, 9);Idle;(6, 9);False;1;806
;(8, 9);Idle;(6, 9);False;1;807
MoveWest;(7, 9);Idle;(6, 9);False;1;808
;(7, 9);Idle;(6, 9);False;1;809
;(7, 9);Idle;(6, 9);False;1;810
MoveWest;(6, 9);Idle;(6, 9);False;1;811
;(6, 9);Idle;(6, 9);False;1;812
;(6, 9);Idle;(6, 9);False;1;813
;(6, 9);Idle;(6, 9);False;1;814
MoveWest;(5, 9);;(6, 9);False;1;815
;(5, 9);Idle;(6, 9);False;1;816
;(5, 9);Idle;(6, 9);False;1;817
;(5, 9);Idle;(6, 9);False;1;818
DropObject;(5, 9);Idle;(6, 9);False;1;819
;(5, 9);Idle;(6, 9);False;1;820
;(5, 9);Idle;(6, 9);False;1;821
;(5, 9);Idle;(6, 9);False;1;822
;(5, 9);Idle;(6, 9);False;1;823
;(5, 9);Idle;(6, 9);False;1;824
;(5, 9);Idle;(6, 9);False;1;825
MoveEast;(6, 9);Idle;(6, 9);False;1;826
;(6, 9);Idle;(6, 9);False;1;827
;(6, 9);Idle;(6, 9);False;1;828
;(6, 9);Idle;(6, 9);False;1;829
MoveEast;(7, 9);Idle;(6, 9);False;1;830
;(7, 9);Idle;(6, 9);False;1;831
;(7, 9);Idle;(6, 9);False;1;832
MoveEast;(8, 9);Idle;(6, 9);False;1;833
;(8, 9);Idle;(6, 9);False;1;834
;(8, 9);Idle;(6, 9);False;1;835
;(8, 9);Idle;(6, 9);False;1;836
MoveEast;(9, 9);Idle;(6, 9);False;1;837
;(9, 9);Idle;(6, 9);False;1;838
;(9, 9);Idle;(6, 9);False;1;839
MoveEast;(10, 9);Idle;(6, 9);False;1;840
;(10, 9);Idle;(6, 9);False;1;841
;(10, 9);Idle;(6, 9);False;1;842
;(10, 9);Idle;(6, 9);False;1;843
MoveEast;(11, 9);Idle;(6, 9);False;1;844
;(11, 9);Idle;(6, 9);False;1;845
;(11, 9);Idle;(6, 9);False;1;846
MoveEast;(12, 9);Idle;(6, 9);False;1;847
;(12, 9);Idle;(6, 9);False;1;848
;(12, 9);Idle;(6, 9);False;1;849
MoveEast;(13, 9);Idle;(6, 9);False;1;850
;(13, 9);Idle;(6, 9);False;1;851
;(13, 9);Idle;(6, 9);False;1;852
;(13, 9);Idle;(6, 9);False;1;853
;(13, 9);Idle;(6, 9);False;1;854
;(13, 9);Idle;(6, 9);False;1;855
;(13, 9);Idle;(6, 9);False;1;856
;(13, 9);Idle;(6, 9);False;1;857
;(13, 9);Idle;(6, 9);False;1;858
;(13, 9);Idle;(6, 9);False;1;859
GrabObject;(13, 9);Idle;(6, 9);False;1;860
;(13, 9);Idle;(6, 9);False;1;861
;(13, 9);Idle;(6, 9);False;1;862
;(13, 9);Idle;(6, 9);False;1;863
;(13, 9);Idle;(6, 9);False;1;864
;(13, 9);Idle;(6, 9);False;1;865
;(13, 9);Idle;(6, 9);False;1;866
;(13, 9);Idle;(6, 9);False;1;867
MoveWest;(12, 9);Idle;(6, 9);False;1;868
;(12, 9);Idle;(6, 9);False;1;869
;(12, 9);Idle;(6, 9);False;1;870
;(12, 9);;(6, 9);False;1;871
MoveWest;(11, 9);MoveEast;(6, 9);False;1;872
;(11, 9);MoveEast;(6, 9);False;1;873
;(11, 9);MoveEast;(6, 9);False;1;874
;(11, 9);MoveEast;(6, 9);False;1;875
MoveWest;(10, 9);MoveEast;(6, 9);False;1;876
;(10, 9);MoveEast;(6, 9);False;1;877
;(10, 9);MoveEast;(6, 9);False;1;878
;(10, 9);MoveEast;(6, 9);False;1;879
MoveWest;(9, 9);MoveEast;(6, 9);False;1;880
;(9, 9);MoveEast;(6, 9);False;1;881
;(9, 9);MoveEast;(7, 9);False;1;882
;(9, 9);MoveEast;(7, 9);False;1;883
;(9, 9);MoveEast;(7, 9);False;1;884
MoveWest;(8, 9);MoveEast;(7, 9);False;1;885
;(8, 9);MoveEast;(7, 9);False;1;886
;(8, 9);MoveEast;(7, 9);False;1;887
MoveWest;(7, 9);MoveEast;(7, 9);False;1;888
;(7, 9);MoveEast;(7, 9);False;1;889
;(7, 9);MoveEast;(7, 9);False;1;890
MoveWest;(6, 9);MoveEast;(7, 9);False;1;891
;(6, 9);MoveEast;(7, 9);False;1;892
;(6, 9);MoveEast;(8, 9);False;1;893
;(6, 9);MoveWest;(8, 9);False;1;894
;(6, 9);MoveWest;(8, 9);False;1;895
MoveWest;(5, 9);MoveWest;(8, 9);False;1;896
;(5, 9);MoveWest;(8, 9);False;1;897
;(5, 9);MoveWest;(8, 9);False;1;898
;(5, 9);MoveWest;(8, 9);False;1;899
;(5, 9);MoveWest;(8, 9);False;1;900
;(5, 9);MoveWest;(8, 9);False;1;901
;(5, 9);MoveWest;(8, 9);False;1;902
;(5, 9);MoveWest;(8, 9);False;1;903
;(5, 9);MoveWest;(7, 9);False;1;904
DropObject;(5, 9);MoveWest;(7, 9);False;1;905
;(5, 9);MoveWest;(7, 9);False;1;906
;(5, 9);MoveWest;(7, 9);False;1;907
;(5, 9);MoveWest;(7, 9);False;1;908
;(5, 9);MoveWest;(7, 9);False;1;909
;(5, 9);MoveWest;(7, 9);False;1;910
;(5, 9);MoveWest;(7, 9);False;1;911
;(5, 9);MoveWest;(7, 9);False;1;912
;(5, 9);MoveWest;(7, 9);False;1;913
;(5, 9);MoveWest;(7, 9);False;1;914
;(5, 9);MoveWest;(6, 9);False;1;915
;(5, 9);MoveEast;(6, 9);False;1;916
;(5, 9);MoveEast;(6, 9);False;1;917
;(5, 9);MoveEast;(6, 9);False;1;918
;(5, 9);MoveEast;(6, 9);False;1;919
;(5, 9);MoveEast;(6, 9);False;1;920
;(5, 9);MoveEast;(6, 9);False;1;921
;(5, 9);MoveEast;(6, 9);False;1;922
;(5, 9);MoveEast;(6, 9);False;1;923
;(5, 9);MoveEast;(6, 9);False;1;924
;(5, 9);MoveEast;(6, 9);False;1;925
MoveEast;(6, 9);MoveEast;(7, 9);False;1;926
;(6, 9);MoveEast;(7, 9);False;1;927
;(6, 9);MoveEast;(7, 9);False;1;928
;(6, 9);MoveEast;(7, 9);False;1;929
MoveEast;(7, 9);MoveEast;(7, 9);False;1;930
;(7, 9);MoveEast;(7, 9);False;1;931
;(7, 9);MoveEast;(7, 9);False;1;932
;(7, 9);MoveEast;(7, 9);False;1;933
MoveEast;(8, 9);MoveEast;(7, 9);False;1;934
;(8, 9);MoveEast;(7, 9);False;1;935
;(8, 9);MoveEast;(7, 9);False;1;936
;(8, 9);MoveEast;(8, 9);False;1;937
MoveEast;(9, 9);MoveWest;(8, 9);False;1;938
;(9, 9);MoveWest;(8, 9);False;1;939
;(9, 9);MoveWest;(8, 9);False;1;940
;(9, 9);MoveWest;(8, 9);False;1;941
MoveEast;(10, 9);MoveWest;(8, 9);False;1;942
;(10, 9);MoveWest;(8, 9);False;1;943
;(10, 9);MoveWest;(8, 9);False;1;944
;(10, 9);MoveWest;(8, 9);False;1;945
;(10, 9);MoveWest;(8, 9);False;1;946
;(10, 9);MoveWest;(8, 9);False;1;947
;(10, 9);MoveWest;(7, 9);False;1;948
;(10, 9);MoveWest;(7, 9);False;1;949
;(10, 9);MoveWest;(7, 9);False;1;950
;(10, 9);MoveWest;(7, 9);False;1;951
;(10, 9);MoveWest;(7, 9);False;1;952
;(10, 9);MoveWest;(7, 9);False;1;953
;(10, 9);MoveWest;(7, 9);False;1;954
;(10, 9);MoveWest;(7, 9);False;1;955
;(10, 9);MoveWest;(7, 9);False;1;956
;(10, 9);MoveWest;(7, 9);False;1;957
;(10, 9);MoveWest;(7, 9);False;1;958
;(10, 9);MoveWest;(6, 9);False;1;959
;(10, 9);MoveEast;(6, 9);False;1;960
;(10, 9);MoveEast;(6, 9);False;1;961
;(10, 9);MoveEast;(6, 9);False;1;962
;(10, 9);MoveEast;(6, 9);False;1;963
;(10, 9);MoveEast;(6, 9);False;1;964
;(10, 9);MoveEast;(6, 9);False;1;965
;(10, 9);MoveEast;(6, 9);False;1;966
;(10, 9);MoveEast;(6, 9);False;1;967
;(10, 9);MoveEast;(6, 9);False;1;968
;(10, 9);MoveEast;(6, 9);False;1;969
;(10, 9);MoveEast;(7, 9);False;1;970
;(10, 9);MoveEast;(7, 9);False;1;971
;(10, 9);MoveEast;(7, 9);False;1;972
;(10, 9);MoveEast;(7, 9);False;1;973
;(10, 9);MoveEast;(7, 9);False;1;974
;(10, 9);MoveEast;(7, 9);False;1;975
;(10, 9);MoveEast;(7, 9);False;1;976
;(10, 9);MoveEast;(7, 9);False;1;977
;(10, 9);MoveEast;(7, 9);False;1;978
;(10, 9);MoveEast;(7, 9);False;1;979
;(10, 9);MoveEast;(7, 9);False;1;980
;(10, 9);MoveEast;(8, 9);False;1;981
;(10, 9);MoveWest;(8, 9);False;1;982
;(10, 9);MoveWest;(8, 9);False;1;983
;(10, 9);MoveWest;(8, 9);False;1;984
;(10, 9);MoveWest;(8, 9);False;1;985
;(10, 9);MoveWest;(8, 9);False;1;986
;(10, 9);MoveWest;(8, 9);False;1;987
;(10, 9);MoveWest;(8, 9);False;1;988
;(10, 9);MoveWest;(8, 9);False;1;989
;(10, 9);MoveWest;(8, 9);False;1;990
;(10, 9);MoveWest;(8, 9);False;1;991
;(10, 9);MoveWest;(7, 9);False;1;992
;(10, 9);MoveWest;(7, 9);False;1;993
;(10, 9);MoveWest;(7, 9);False;1;994
;(10, 9);MoveWest;(7, 9);False;1;995
;(10, 9);MoveWest;(7, 9);False;1;996
;(10, 9);MoveWest;(7, 9);False;1;997
;(10, 9);MoveWest;(7, 9);False;1;998
;(10, 9);MoveWest;(7, 9);False;1;999
;(10, 9);MoveWest;(7, 9);False;1;1000
;(10, 9);MoveWest;(7, 9);False;1;1001
;(10, 9);MoveWest;(7, 9);False;1;1002
;(10, 9);MoveWest;(6, 9);False;1;1003
;(10, 9);;(6, 9);False;1;1004
;(10, 9);MoveEast;(6, 9);False;1;1005
;(10, 9);MoveEast;(6, 9);False;1;1006
;(10, 9);MoveEast;(6, 9);False;1;1007
;(10, 9);MoveEast;(6, 9);False;1;1008
;(10, 9);MoveEast;(6, 9);False;1;1009
;(10, 9);MoveEast;(6, 9);False;1;1010
;(10, 9);MoveEast;(6, 9);False;1;1011
;(10, 9);MoveEast;(6, 9);False;1;1012
;(10, 9);MoveEast;(6, 9);False;1;1013
;(10, 9);MoveEast;(6, 9);False;1;1014
;(10, 9);MoveEast;(7, 9);False;1;1015
;(10, 9);MoveEast;(7, 9);False;1;1016
MoveEast;(11, 9);MoveEast;(7, 9);False;1;1017
;(11, 9);MoveEast;(7, 9);False;1;1018
;(11, 9);MoveEast;(7, 9);False;1;1019
;(11, 9);MoveEast;(7, 9);False;1;1020
;(11, 9);MoveEast;(7, 9);False;1;1021
;(11, 9);MoveEast;(7, 9);False;1;1022
;(11, 9);MoveEast;(7, 9);False;1;1023
;(11, 9);MoveEast;(7, 9);False;1;1024
;(11, 9);MoveEast;(7, 9);False;1;1025
;(11, 9);MoveEast;(8, 9);False;1;1026
;(11, 9);BreakObject;(8, 9);False;1;1027
;(11, 9);BreakObject;(8, 9);False;1;1028
MoveEast;(12, 9);BreakObject;(8, 9);False;1;1029
;(12, 9);BreakObject;(8, 9);False;1;1030
;(12, 9);BreakObject;(8, 9);False;1;1031
;(12, 9);BreakObject;(8, 9);False;1;1032
MoveEast;(13, 9);BreakObject;(8, 9);False;1;1033
;(13, 9);BreakObject;(8, 9);False;1;1034
;(13, 9);BreakObject;(8, 9);False;1;1035
;(13, 9);BreakObject;(8, 9);False;1;1036
;(13, 9);BreakObject;(8, 9);False;1;1037
;(13, 9);;(8, 9);False;1;1038
;(13, 9);MoveEast;(8, 9);False;1;1039
;(13, 9);MoveEast;(8, 9);False;1;1040
;(13, 9);MoveEast;(8, 9);False;1;1041
;(13, 9);MoveEast;(8, 9);False;1;1042
;(13, 9);MoveEast;(8, 9);False;1;1043
;(13, 9);MoveEast;(8, 9);False;1;1044
;(13, 9);MoveEast;(8, 9);False;1;1045
;(13, 9);MoveEast;(8, 9);False;1;1046
;(13, 9);MoveEast;(8, 9);False;1;1047
;(13, 9);MoveEast;(8, 9);False;1;1048
;(13, 9);MoveEast;(9, 9);False;1;1049
;(13, 9);MoveEast;(9, 9);False;1;1050
;(13, 9);MoveEast;(9, 9);False;1;1051
;(13, 9);MoveEast;(9, 9);False;1;1052
;(13, 9);MoveEast;(9, 9);False;1;1053
;(13, 9);MoveEast;(9, 9);False;1;1054
;(13, 9);MoveEast;(9, 9);False;1;1055
;(13, 9);MoveEast;(9, 9);False;1;1056
;(13, 9);MoveEast;(9, 9);False;1;1057
;(13, 9);MoveEast;(9, 9);False;1;1058
;(13, 9);MoveEast;(9, 9);False;1;1059
;(13, 9);MoveEast;(10, 9);False;1;1060
MoveWest;(12, 9);MoveEast;(10, 9);False;1;1061
;(12, 9);MoveEast;(10, 9);False;1;1062
;(12, 9);MoveEast;(10, 9);False;1;1063
;(12, 9);MoveEast;(10, 9);False;1;1064
;(12, 9);MoveEast;(10, 9);False;1;1065
MoveWest;(11, 9);MoveEast;(10, 9);False;1;1066
;(11, 9);MoveEast;(10, 9);False;1;1067
;(11, 9);MoveEast;(10, 9);False;1;1068
;(11, 9);MoveEast;(10, 9);False;1;1069
;(11, 9);MoveEast;(10, 9);False;1;1070
;(11, 9);MoveEast;(11, 9);False;1;1071
;(11, 9);MoveEast;(11, 9);False;1;1072
;(11, 9);MoveEast;(11, 9);False;1;1073
MoveEast;(12, 9);MoveEast;(11, 9);False;1;1074
;(12, 9);MoveEast;(11, 9);False;1;1075
;(12, 9);MoveEast;(11, 9);False;1;1076
;(12, 9);MoveEast;(11, 9);False;1;1077
;(12, 9);MoveEast;(11, 9);False;1;1078
;(12, 9);MoveEast;(11, 9);False;1;1079
;(12, 9);MoveEast;(11, 9);False;1;1080
;(12, 9);MoveEast;(11, 9);False;1;1081
;(12, 9);MoveEast;(12, 9);False;1;1082
;(12, 9);MoveEast;(12, 9);False;1;1083
;(12, 9);MoveEast;(12, 9);False;1;1084
;(12, 9);MoveEast;(12, 9);False;1;1085
MoveWest;(11, 9);MoveEast;(12, 9);False;1;1086
;(11, 9);MoveEast;(12, 9);False;1;1087
;(11, 9);MoveEast;(12, 9);False;1;1088
;(11, 9);MoveEast;(12, 9);False;1;1089
;(11, 9);MoveEast;(12, 9);False;1;1090
;(11, 9);MoveEast;(12, 9);False;1;1091
;(11, 9);MoveEast;(12, 9);False;1;1092
;(11, 9);MoveEast;(13, 9);False;1;1093
;(11, 9);Idle;(13, 9);False;1;1094
;(11, 9);Idle;(13, 9);False;1;1095
;(11, 9);Idle;(13, 9);False;1;1096
;(11, 9);Idle;(13, 9);False;1;1097
GrabObject;(11, 9);Idle;(13, 9);False;1;1098
;(11, 9);Idle;(13, 9);False;1;1099
;(11, 9);Idle;(13, 9);False;1;1100
;(11, 9);Idle;(13, 9);False;1;1101
;(11, 9);Idle;(13, 9);False;1;1102
;(11, 9);Idle;(13, 9);False;1;1103
;(11, 9);Idle;(13, 9);False;1;1104
;(11, 9);Idle;(13, 9);False;1;1105
;(11, 9);Idle;(13, 9);False;1;1106
;(11, 9);Idle;(13, 9);False;1;1107
MoveWest;(10, 9);Idle;(13, 9);False;1;1108
;(10, 9);Idle;(13, 9);False;1;1109
;(10, 9);Idle;(13, 9);False;1;1110
;(10, 9);Idle;(13, 9);False;1;1111
;(10, 9);Idle;(13, 9);False;1;1112
;(10, 9);Idle;(13, 9);False;1;1113
;(10, 9);Idle;(13, 9);False;1;1114
MoveWest;(9, 9);Idle;(13, 9);False;1;1115
;(9, 9);Idle;(13, 9);False;1;1116
;(9, 9);Idle;(13, 9);False;1;1117
;(9, 9);Idle;(13, 9);False;1;1118
MoveWest;(8, 9);Idle;(13, 9);False;1;1119
;(8, 9);Idle;(13, 9);False;1;1120
;(8, 9);Idle;(13, 9);False;1;1121
MoveWest;(7, 9);Idle;(13, 9);False;1;1122
;(7, 9);Idle;(13, 9);False;1;1123
;(7, 9);Idle;(13, 9);False;1;1124
;(7, 9);Idle;(13, 9);False;1;1125
MoveWest;(6, 9);Idle;(13, 9);False;1;1126
;(6, 9);Idle;(13, 9);False;1;1127
;(6, 9);Idle;(13, 9);False;1;1128
;(6, 9);Idle;(13, 9);False;1;1129
;(6, 9);Idle;(13, 9);False;1;1130
;(6, 9);Idle;(13, 9);False;1;1131
;(6, 9);Idle;(13, 9);False;1;1132
;(6, 9);Idle;(13, 9);False;1;1133
;(6, 9);Idle;(13, 9);False;1;1134
;(6, 9);Idle;(13, 9);False;1;1135
;(6, 9);Idle;(13, 9);False;1;1136
;(6, 9);Idle;(13, 9);False;1;1137
;(6, 9);Idle;(13, 9);False;1;1138
MoveEast;(7, 9);Idle;(13, 9);False;1;1139
;(7, 9);Idle;(13, 9);False;1;1140
;(7, 9);Idle;(13, 9);False;1;1141
;(7, 9);Idle;(13, 9);False;1;1142
;(7, 9);Idle;(13, 9);False;1;1143
MoveEast;(8, 9);Idle;(13, 9);False;1;1144
;(8, 9);Idle;(13, 9);False;1;1145
;(8, 9);Idle;(13, 9);False;1;1146
MoveEast;(9, 9);Idle;(13, 9);False;1;1147
;(9, 9);Idle;(13, 9);False;1;1148
;(9, 9);;(13, 9);False;1;1149
MoveEast;(10, 9);Idle;(13, 9);False;1;1150
;(10, 9);Idle;(13, 9);False;1;1151
;(10, 9);Idle;(13, 9);False;1;1152
;(10, 9);Idle;(13, 9);False;1;1153
MoveEast;(11, 9);Idle;(13, 9);False;1;1154
;(11, 9);Idle;(13, 9);False;1;1155
;(11, 9);Idle;(13, 9);False;1;1156
MoveEast;(12, 9);Idle;(13, 9);False;1;1157
;(12, 9);Idle;(13, 9);False;1;1158
;(12, 9);Idle;(13, 9);False;1;1159
;(12, 9);Idle;(13, 9);False;1;1160
;(12, 9);Idle;(13, 9);False;1;1161
DropObject;(12, 9);Idle;(13, 9);False;1;1162
;(12, 9);Idle;(13, 9);False;1;1163
;(12, 9);Idle;(13, 9);False;1;1164
;(12, 9);Idle;(13, 9);False;1;1165
;(12, 9);Idle;(13, 9);False;1;1166
;(12, 9);Idle;(13, 9);False;1;1167
;(12, 9);Idle;(13, 9);False;1;1168
;(12, 9);Idle;(13, 9);False;1;1169
;(12, 9);Idle;(13, 9);False;1;1170
;(12, 9);Idle;(13, 9);False;1;1171
;(12, 9);Idle;(13, 9);False;1;1172
MoveWest;(11, 9);Idle;(13, 9);False;1;1173
;(11, 9);Idle;(13, 9);False;1;1174
;(11, 9);Idle;(13, 9);False;1;1175
;(11, 9);Idle;(13, 9);False;1;1176
;(11, 9);Idle;(13, 9);False;1;1177
MoveEast;(12, 9);Idle;(13, 9);False;1;1178
;(12, 9);Idle;(13, 9);False;1;1179
;(12, 9);Idle;(13, 9);False;1;1180
;(12, 9);Idle;(13, 9);False;1;1181
;(12, 9);Idle;(13, 9);False;1;1182
;(12, 9);Idle;(13, 9);False;1;1183
;(12, 9);Idle;(13, 9);False;1;1184
;(12, 9);Idle;(13, 9);False;1;1185
DropObject;(12, 9);Idle;(13, 9);False;1;1186
;(12, 9);Idle;(13, 9);False;1;1187
;(12, 9);Idle;(13, 9);False;1;1188
;(12, 9);Idle;(13, 9);False;1;1189
;(12, 9);Idle;(13, 9);False;1;1190
;(12, 9);Idle;(13, 9);False;1;1191
;(12, 9);Idle;(13, 9);False;1;1192
;(12, 9);Idle;(13, 9);False;1;1193
;(12, 9);Idle;(13, 9);False;1;1194
;(12, 9);Idle;(13, 9);False;1;1195
GrabObject;(12, 9);Idle;(13, 9);False;1;1196
;(12, 9);Idle;(13, 9);False;1;1197
;(12, 9);Idle;(13, 9);False;1;1198
;(12, 9);Idle;(13, 9);False;1;1199
;(12, 9);Idle;(13, 9);False;1;1200
MoveWest;(11, 9);Idle;(13, 9);False;1;1201
MoveEast;(12, 9);Idle;(13, 9);False;1;1202
;(12, 9);Idle;(13, 9);False;1;1203
;(12, 9);Idle;(13, 9);False;1;1204
MoveEast;(13, 9);;(13, 9);False;1;1205
;(13, 9);MoveNorthWest;(13, 9);False;1;1206
;(13, 9);MoveNorthWest;(13, 9);False;1;1207
;(13, 9);MoveNorthWest;(13, 9);False;1;1208
MoveEast;(14, 9);MoveNorthWest;(13, 9);False;1;1209
;(14, 9);MoveNorthWest;(13, 9);False;1;1210
;(14, 9);MoveNorthWest;(13, 9);False;1;1211
MoveEast;(15, 9);MoveNorthWest;(13, 9);False;1;1212
;(15, 9);MoveNorthWest;(13, 9);False;1;1213
;(15, 9);MoveNorthWest;(13, 9);False;1;1214
;(15, 9);MoveNorthWest;(13, 9);False;1;1215
DropObject;(15, 9);MoveNorthWest;(12, 8);False;1;1216
;(15, 9);MoveWest;(12, 8);False;1;1217
;(15, 9);MoveWest;(12, 8);False;1;1218
;(15, 9);MoveWest;(12, 8);False;1;1219
;(15, 9);MoveWest;(12, 8);False;1;1220
;(15, 9);MoveWest;(12, 8);False;1;1221
;(15, 9);MoveWest;(12, 8);False;1;1222
;(15, 9);MoveWest;(12, 8);False;1;1223
MoveWest;(14, 9);MoveWest;(12, 8);False;1;1224
;(14, 9);MoveWest;(12, 8);False;1;1225
;(14, 9);MoveWest;(12, 8);False;1;1226
;(14, 9);MoveWest;(11, 8);False;1;1227
MoveWest;(13, 9);GrabLargeObject;(11, 8);False;1;1228
;(13, 9);GrabLargeObject;(11, 8);False;1;1229
;(13, 9);GrabLargeObject;(11, 8);False;1;1230
;(13, 9);GrabLargeObject;(11, 8);False;1;1231
;(13, 9);GrabLargeObject;(11, 8);False;1;1232
;(13, 9);GrabLargeObject;(11, 8);False;1;1233
;(13, 9);GrabLargeObject;(11, 8);False;1;1234
;(13, 9);GrabLargeObject;(11, 8);False;1;1235
;(13, 9);GrabLargeObject;(11, 8);False;1;1236
MoveWest;(12, 9);GrabLargeObject;(11, 8);False;1;1237
;(12, 9);GrabLargeObject;(11, 8);False;1;1238
;(12, 9);;(11, 8);False;1;1239
;(12, 9);MoveEast;(11, 8);False;1;1240
;(12, 9);MoveEast;(11, 8);False;1;1241
;(12, 9);MoveEast;(11, 8);False;1;1242
GrabObject;(12, 9);MoveEast;(11, 8);False;1;1243
;(12, 9);MoveEast;(11, 8);False;1;1244
;(12, 9);MoveEast;(11, 8);False;1;1245
;(12, 9);MoveEast;(11, 8);False;1;1246
;(12, 9);MoveEast;(11, 8);False;1;1247
;(12, 9);MoveEast;(11, 8);False;1;1248
;(12, 9);MoveEast;(11, 8);False;1;1249
MoveEast;(13, 9);MoveEast;(12, 8);False;1;1250
;(13, 9);MoveEast;(12, 8);False;1;1251
;(13, 9);MoveEast;(12, 8);False;1;1252
;(13, 9);MoveEast;(12, 8);False;1;1253
MoveEast;(14, 9);MoveEast;(12, 8);False;1;1254
;(14, 9);MoveEast;(12, 8);False;1;1255
;(14, 9);MoveEast;(12, 8);False;1;1256
MoveEast;(15, 9);MoveEast;(12, 8);False;1;1257
;(15, 9);MoveEast;(12, 8);False;1;1258
;(15, 9);MoveEast;(12, 8);False;1;1259
;(15, 9);MoveEast;(12, 8);False;1;1260
DropObject;(15, 9);MoveEast;(13, 8);False;1;1261
;(15, 9);MoveWest;(13, 8);False;1;1262
;(15, 9);MoveWest;(13, 8);False;1;1263
;(15, 9);MoveWest;(13, 8);False;1;1264
;(15, 9);MoveWest;(13, 8);False;1;1265
MoveWest;(14, 9);MoveWest;(13, 8);False;1;1266
;(14, 9);MoveWest;(13, 8);False;1;1267
;(14, 9);MoveWest;(13, 8);False;1;1268
;(14, 9);MoveWest;(13, 8);False;1;1269
MoveWest;(13, 9);MoveWest;(13, 8);False;1;1270
;(13, 9);MoveWest;(13, 8);False;1;1271
;(13, 9);MoveWest;(12, 8);False;1;1272
;(13, 9);MoveWest;(12, 8);False;1;1273
;(13, 9);MoveWest;(12, 8);False;1;1274
;(13, 9);MoveWest;(12, 8);False;1;1275
;(13, 9);MoveWest;(12, 8);False;1;1276
;(13, 9);MoveWest;(12, 8);False;1;1277
;(13, 9);MoveWest;(12, 8);False;1;1278
GrabObject;(13, 9);MoveWest;(12, 8);False;1;1279
;(13, 9);MoveWest;(12, 8);False;1;1280
;(13, 9);MoveWest;(12, 8);False;1;1281
;(13, 9);MoveWest;(12, 8);False;1;1282
;(13, 9);MoveWest;(11, 8);False;1;1283
;(13, 9);MoveEast;(11, 8);False;1;1284
;(13, 9);MoveEast;(11, 8);False;1;1285
MoveWest;(12, 9);MoveEast;(11, 8);False;1;1286
;(12, 9);MoveEast;(11, 8);False;1;1287
;(12, 9);MoveEast;(11, 8);False;1;1288
MoveEast;(13, 9);MoveEast;(11, 8);False;1;1289
;(13, 9);MoveEast;(11, 8);False;1;1290
;(13, 9);MoveEast;(11, 8);False;1;1291
;(13, 9);MoveEast;(11, 8);False;1;1292
;(13, 9);MoveEast;(11, 8);False;1;1293
;(13, 9);MoveEast;(12, 8);False;1;1294
;(13, 9);MoveEast;(12, 8);False;1;1295
;(13, 9);MoveEast;(12, 8);False;1;1296
DropObject;(13, 9);MoveEast;(12, 8);False;1;1297
;(13, 9);MoveEast;(12, 8);False;1;1298
;(13, 9);MoveEast;(12, 8);False;1;1299
;(13, 9);MoveEast;(12, 8);False;1;1300
;(13, 9);MoveEast;(12, 8);False;1;1301
;(13, 9);MoveEast;(12, 8);False;1;1302
;(13, 9);MoveEast;(12, 8);False;1;1303
;(13, 9);MoveEast;(12, 8);False;1;1304
MoveWest;(12, 9);MoveEast;(13, 8);False;1;1305
;(12, 9);MoveWest;(13, 8);False;1;1306
;(12, 9);MoveWest;(13, 8);False;1;1307
;(12, 9);MoveWest;(13, 8);False;1;1308
;(12, 9);MoveWest;(13, 8);False;1;1309
;(12, 9);MoveWest;(13, 8);False;1;1310
;(12, 9);MoveWest;(13, 8);False;1;1311
;(12, 9);MoveWest;(13, 8);False;1;1312
;(12, 9);MoveWest;(13, 8);False;1;1313
MoveEast;(13, 9);MoveWest;(13, 8);False;1;1314
;(13, 9);MoveWest;(13, 8);False;1;1315
MoveWest;(12, 9);MoveWest;(12, 8);False;1;1316
;(12, 9);MoveWest;(12, 8);False;1;1317
;(12, 9);MoveWest;(12, 8);False;1;1318
;(12, 9);MoveWest;(12, 8);False;1;1319
MoveWest;(11, 9);MoveWest;(12, 8);False;1;1320
;(11, 9);MoveWest;(12, 8);False;1;1321
;(11, 9);MoveWest;(12, 8);False;1;1322
;(11, 9);MoveWest;(12, 8);False;1;1323
MoveWest;(10, 9);MoveWest;(12, 8);False;1;1324
;(10, 9);MoveWest;(12, 8);False;1;1325
;(10, 9);MoveWest;(12, 8);False;1;1326
;(10, 9);MoveWest;(11, 8);False;1;1327
;(10, 9);MoveEast;(11, 8);False;1;1328
;(10, 9);MoveEast;(11, 8);False;1;1329
MoveEast;(11, 9);MoveEast;(11, 8);False;1;1330
;(11, 9);MoveEast;(11, 8);False;1;1331
;(11, 9);MoveEast;(11, 8);False;1;1332
;(11, 9);MoveEast;(11, 8);False;1;1333
;(11, 9);MoveEast;(11, 8);False;1;1334
;(11, 9);MoveEast;(11, 8);False;1;1335
;(11, 9);MoveEast;(11, 8);False;1;1336
;(11, 9);MoveEast;(11, 8);False;1;1337
;(11, 9);MoveEast;(12, 8);False;1;1338
;(11, 9);MoveEast;(12, 8);False;1;1339
MoveWest;(10, 9);MoveEast;(12, 8);False;1;1340
;(10, 9);MoveEast;(12, 8);False;1;1341
;(10, 9);MoveEast;(12, 8);False;1;1342
;(10, 9);MoveEast;(12, 8);False;1;1343
;(10, 9);MoveEast;(12, 8);False;1;1344
;(10, 9);MoveEast;(12, 8);False;1;1345
;(10, 9);MoveEast;(12, 8);False;1;1346
;(10, 9);MoveEast;(12, 8);False;1;1347
;(10, 9);MoveEast;(12, 8);False;1;1348
;(10, 9);MoveEast;(13, 8);False;1;1349
;(10, 9);MoveWest;(13, 8);False;1;1350
;(10, 9);MoveWest;(13, 8);False;1;1351
;(10, 9);MoveWest;(13, 8);False;1;1352
;(10, 9);MoveWest;(13, 8);False;1;1353
;(10, 9);MoveWest;(13, 8);False;1;1354
;(10, 9);MoveWest;(13, 8);False;1;1355
;(10, 9);MoveWest;(13, 8);False;1;1356
;(10, 9);MoveWest;(13, 8);False;1;1357
;(10, 9);MoveWest;(13, 8);False;1;1358
;(10, 9);MoveWest;(13, 8);False;1;1359
;(10, 9);MoveWest;(12, 8);False;1;1360
;(10, 9);MoveWest;(12, 8);False;1;1361
;(10, 9);MoveWest;(12, 8);False;1;1362
;(10, 9);MoveWest;(12, 8);False;1;1363
;(10, 9);MoveWest;(12, 8);False;1;1364
;(10, 9);MoveWest;(12, 8);False;1;1365
;(10, 9);MoveWest;(12, 8);False;1;1366
;(10, 9);MoveWest;(12, 8);False;1;1367
;(10, 9);MoveWest;(12, 8);False;1;1368
;(10, 9);MoveWest;(12, 8);False;1;1369
;(10, 9);MoveWest;(12, 8);False;1;1370
MoveNorth;(10, 8);MoveWest;(11, 8);False;1;1371
;(10, 8);;(11, 8);False;1;1372
;(10, 8);MoveEast;(11, 8);False;1;1373
;(10, 8);MoveEast;(11, 8);False;1;1374
;(10, 8);MoveEast;(11, 8);False;1;1375
;(10, 8);MoveEast;(11, 8);False;1;1376
;(10, 8);MoveEast;(11, 8);False;1;1377
;(10, 8);MoveEast;(11, 8);False;1;1378
;(10, 8);MoveEast;(11, 8);False;1;1379
;(10, 8);MoveEast;(11, 8);False;1;1380
;(10, 8);MoveEast;(11, 8);False;1;1381
;(10, 8);MoveEast;(11, 8);False;1;1382
;(10, 8);MoveEast;(12, 8);False;1;1383
;(10, 8);MoveEast;(12, 8);False;1;1384
;(10, 8);MoveEast;(12, 8);False;1;1385
;(10, 8);MoveEast;(12, 8);False;1;1386
;(10, 8);MoveEast;(12, 8);False;1;1387
;(10, 8);MoveEast;(12, 8);False;1;1388
;(10, 8);MoveEast;(12, 8);False;1;1389
;(10, 8);MoveEast;(12, 8);False;1;1390
;(10, 8);MoveEast;(12, 8);False;1;1391
;(10, 8);MoveEast;(12, 8);False;1;1392
;(10, 8);MoveEast;(12, 8);False;1;1393
;(10, 8);MoveEast;(13, 8);False;1;1394
;(10, 8);MoveEast;(13, 8);False;1;1395
;(10, 8);MoveEast;(13, 8);False;1;1396
;(10, 8);MoveEast;(13, 8);False;1;1397
MoveSouth;(10, 9);MoveEast;(13, 8);False;1;1398
;(10, 9);MoveEast;(13, 8);False;1;1399
;(10, 9);MoveEast;(13, 8);False;1;1400
MoveSouth;(10, 10);MoveEast;(13, 8);False;1;1401
;(10, 10);MoveEast;(13, 8);False;1;1402
;(10, 10);MoveEast;(13, 8);False;1;1403
;(10, 10);MoveEast;(13, 8);False;1;1404
;(10, 10);MoveEast;(14, 8);False;1;1405
;(10, 10);MoveNorthEast;(14, 8);False;1;1406
MoveWest;(9, 10);MoveNorthEast;(14, 8);False;1;1407
;(9, 10);MoveNorthEast;(14, 8);False;1;1408
;(9, 10);MoveNorthEast;(14, 8);False;1;1409
;(9, 10);MoveNorthEast;(14, 8);False;1;1410
MoveWest;(8, 10);MoveNorthEast;(14, 8);False;1;1411
;(8, 10);MoveNorthEast;(14, 8);False;1;1412
;(8, 10);MoveNorthEast;(14, 8);False;1;1413
;(8, 10);MoveNorthEast;(14, 8);False;1;1414
MoveWest;(7, 10);MoveNorthEast;(14, 8);False;1;1415
;(7, 10);MoveNorthEast;(15, 7);False;1;1416
;(7, 10);MoveEast;(15, 7);False;1;1417
;(7, 10);MoveEast;(15, 7);False;1;1418
MoveWest;(6, 10);MoveEast;(15, 7);False;1;1419
;(6, 10);MoveEast;(15, 7);False;1;1420
;(6, 10);MoveEast;(15, 7);False;1;1421
;(6, 10);MoveEast;(15, 7);False;1;1422
;(6, 10);MoveEast;(15, 7);False;1;1423
;(6, 10);MoveEast;(15, 7);False;1;1424
;(6, 10);MoveEast;(15, 7);False;1;1425
;(6, 10);MoveEast;(15, 7);False;1;1426
MoveEast;(7, 10);MoveEast;(16, 7);False;1;1427
;(7, 10);MoveNorthEast;(16, 7);False;1;1428
;(7, 10);MoveNorthEast;(16, 7);False;1;1429
;(7, 10);MoveNorthEast;(16, 7);False;1;1430
;(7, 10);MoveNorthEast;(16, 7);False;1;1431
MoveEast;(8, 10);MoveNorthEast;(16, 7);False;1;1432
;(8, 10);MoveNorthEast;(16, 7);False;1;1433
;(8, 10);MoveNorthEast;(16, 7);False;1;1434
MoveEast;(9, 10);MoveNorthEast;(16, 7);False;1;1435
;(9, 10);MoveNorthEast;(16, 7);False;1;1436
;(9, 10);MoveNorthEast;(16, 7);False;1;1437
;(9, 10);MoveNorthEast;(17, 6);False;1;1438
;(9, 10);MoveEast;(17, 6);False;1;1439
;(9, 10);MoveEast;(17, 6);False;1;1440
;(9, 10);MoveEast;(17, 6);False;1;1441
;(9, 10);MoveEast;(17, 6);False;1;1442
;(9, 10);MoveEast;(17, 6);False;1;1443
MoveNorth;(9, 9);MoveEast;(17, 6);False;1;1444
;(9, 9);MoveEast;(17, 6);False;1;1445
;(9, 9);MoveEast;(17, 6);False;1;1446
;(9, 9);MoveEast;(17, 6);False;1;1447
;(9, 9);MoveEast;(17, 6);False;1;1448
;(9, 9);MoveEast;(18, 6);False;1;1449
;(9, 9);DropLargeObject;(18, 6);False;1;1450
;(9, 9);DropLargeObject;(18, 6);False;1;1451
;(9, 9);DropLargeObject;(18, 6);False;1;1452
;(9, 9);DropLargeObject;(18, 6);False;1;1453
;(9, 9);DropLargeObject;(18, 6);False;1;1454
;(9, 9);DropLargeObject;(18, 6);False;1;1455
;(9, 9);DropLargeObject;(18, 6);False;1;1456
;(9, 9);DropLargeObject;(18, 6);False;1;1457
;(9, 9);DropLargeObject;(18, 6);False;1;1458
;(9, 9);DropLargeObject;(18, 6);False;1;1459
;(9, 9);DropLargeObject;(18, 6);False;1;1460
GrabObject;(9, 9);;(18, 6);False;1;1461
;(9, 9);MoveEast;(18, 6);False;1;1462
;(9, 9);MoveEast;(18, 6);False;1;1463
;(9, 9);MoveEast;(18, 6);False;1;1464
MoveWest;(8, 9);MoveEast;(18, 6);False;1;1465
;(8, 9);MoveEast;(18, 6);False;1;1466
;(8, 9);MoveEast;(18, 6);False;1;1467
;(8, 9);MoveEast;(18, 6);False;1;1468
MoveWest;(7, 9);MoveEast;(18, 6);False;1;1469
;(7, 9);MoveEast;(18, 6);False;1;1470
;(7, 9);MoveEast;(18, 6);False;1;1471
;(7, 9);MoveEast;(19, 6);False;1;1472
MoveWest;(6, 9);MoveEast;(19, 6);False;1;1473
;(6, 9);MoveEast;(19, 6);False;1;1474
;(6, 9);MoveEast;(19, 6);False;1;1475
MoveWest;(5, 9);MoveEast;(19, 6);False;1;1476
;(5, 9);MoveEast;(19, 6);False;1;1477
;(5, 9);MoveEast;(19, 6);False;1;1478
;(5, 9);MoveEast;(19, 6);False;1;1479
MoveWest;(4, 9);MoveEast;(19, 6);False;1;1480
;(4, 9);MoveEast;(19, 6);False;1;1481
;(4, 9);MoveEast;(19, 6);False;1;1482
;(4, 9);MoveEast;(19, 6);False;1;1483
MoveWest;(3, 9);MoveWest;(19, 6);False;1;1484
;(3, 9);MoveWest;(19, 6);False;1;1485
;(3, 9);MoveWest;(19, 6);False;1;1486
;(3, 9);MoveWest;(19, 6);False;1;1487
;(3, 9);MoveWest;(19, 6);False;1;1488
;(3, 9);MoveWest;(19, 6);False;1;1489
MoveEast;(4, 9);MoveWest;(19, 6);False;1;1490
;(4, 9);MoveWest;(19, 6);False;1;1491
;(4, 9);MoveWest;(19, 6);False;1;1492
;(4, 9);MoveWest;(19, 6);False;1;1493
;(4, 9);MoveWest;(18, 6);False;1;1494
;(4, 9);MoveWest;(18, 6);False;1;1495
;(4, 9);MoveWest;(18, 6);False;1;1496
DropObject;(4, 9);MoveWest;(18, 6);False;1;1497
;(4, 9);MoveWest;(18, 6);False;1;1498
;(4, 9);MoveWest;(18, 6);False;1;1499
;(4, 9);MoveWest;(18, 6);False;1;1500
;(4, 9);MoveWest;(18, 6);False;1;1501
;(4, 9);MoveWest;(18, 6);False;1;1502
MoveEast;(5, 9);MoveWest;(18, 6);False;1;1503
;(5, 9);MoveWest;(18, 6);False;1;1504
;(5, 9);MoveWest;(17, 6);False;1;1505
MoveEast;(6, 9);MoveEast;(17, 6);False;1;1506
;(6, 9);MoveEast;(17, 6);False;1;1507
;(6, 9);MoveEast;(17, 6);False;1;1508
;(6, 9);MoveEast;(17, 6);False;1;1509
MoveEast;(7, 9);MoveEast;(17, 6);False;1;1510
;(7, 9);MoveEast;(17, 6);False;1;1511
;(7, 9);MoveEast;(17, 6);False;1;1512
MoveEast;(8, 9);MoveEast;(17, 6);False;1;1513
;(8, 9);MoveEast;(17, 6);False;1;1514
;(8, 9);MoveEast;(17, 6);False;1;1515
;(8, 9);MoveEast;(18, 6);False;1;1516
MoveEast;(9, 9);MoveEast;(18, 6);False;1;1517
;(9, 9);MoveEast;(18, 6);False;1;1518
;(9, 9);MoveEast;(18, 6);False;1;1519
MoveEast;(10, 9);MoveEast;(18, 6);False;1;1520
;(10, 9);MoveEast;(18, 6);False;1;1521
;(10, 9);MoveEast;(18, 6);False;1;1522
;(10, 9);MoveEast;(18, 6);False;1;1523
;(10, 9);MoveEast;(18, 6);False;1;1524
;(10, 9);MoveEast;(18, 6);False;1;1525
;(10, 9);MoveEast;(18, 6);False;1;1526
;(10, 9);MoveEast;(19, 6);False;1;1527
;(10, 9);MoveWest;(19, 6);False;1;1528
;(10, 9);MoveWest;(19, 6);False;1;1529
;(10, 9);MoveWest;(19, 6);False;1;1530
DropObject;(10, 9);MoveWest;(19, 6);False;1;1531
;(10, 9);MoveWest;(19, 6);False;1;1532
;(10, 9);MoveWest;(19, 6);False;1;1533
;(10, 9);MoveWest;(19, 6);False;1;1534
;(10, 9);MoveWest;(19, 6);False;1;1535
;(10, 9);MoveWest;(19, 6);False;1;1536
;(10, 9);MoveWest;(19, 6);False;1;1537
;(10, 9);MoveWest;(18, 6);False;1;1538
;(10, 9);MoveWest;(18, 6);False;1;1539
GrabObject;(10, 9);MoveWest;(18, 6);False;1;1540
;(10, 9);MoveWest;(18, 6);False;1;1541
;(10, 9);MoveWest;(18, 6);False;1;1542
;(10, 9);MoveWest;(18, 6);False;1;1543
;(10, 9);MoveWest;(18, 6);False;1;1544
;(10, 9);MoveWest;(18, 6);False;1;1545
;(10, 9);MoveWest;(18, 6);False;1;1546
;(10, 9);MoveWest;(18, 6);False;1;1547
;(10, 9);MoveWest;(18, 6);False;1;1548
;(10, 9);MoveWest;(17, 6);False;1;1549
;(10, 9);MoveEast;(17, 6);False;1;1550
;(10, 9);MoveEast;(17, 6);False;1;1551
;(10, 9);MoveEast;(17, 6);False;1;1552
;(10, 9);MoveEast;(17, 6);False;1;1553
;(10, 9);MoveEast;(17, 6);False;1;1554
;(10, 9);MoveEast;(17, 6);False;1;1555
MoveEast;(11, 9);MoveEast;(17, 6);False;1;1556
;(11, 9);MoveEast;(17, 6);False;1;1557
;(11, 9);MoveEast;(17, 6);False;1;1558
;(11, 9);MoveEast;(17, 6);False;1;1559
MoveEast;(12, 9);MoveEast;(18, 6);False;1;1560
;(12, 9);MoveEast;(18, 6);False;1;1561
;(12, 9);MoveEast;(18, 6);False;1;1562
MoveEast;(13, 9);MoveEast;(18, 6);False;1;1563
;(13, 9);MoveEast;(18, 6);False;1;1564
;(13, 9);MoveEast;(18, 6);False;1;1565
;(13, 9);MoveEast;(18, 6);False;1;1566
;(13, 9);MoveEast;(18, 6);False;1;1567
DropObject;(13, 9);MoveEast;(18, 6);False;1;1568
;(13, 9);MoveEast;(18, 6);False;1;1569
;(13, 9);MoveEast;(18, 6);False;1;1570
;(13, 9);MoveEast;(19, 6);False;1;1571
;(13, 9);MoveWest;(19, 6);False;1;1572
;(13, 9);MoveWest;(19, 6);False;1;1573
;(13, 9);MoveWest;(19, 6);False;1;1574
;(13, 9);MoveWest;(19, 6);False;1;1575
;(13, 9);MoveWest;(19, 6);False;1;1576
;(13, 9);MoveWest;(19, 6);False;1;1577
;(13, 9);MoveWest;(19, 6);False;1;1578
;(13, 9);MoveWest;(19, 6);False;1;1579
MoveWest;(12, 9);MoveWest;(19, 6);False;1;1580
;(12, 9);MoveWest;(19, 6);False;1;1581
;(12, 9);MoveWest;(18, 6);False;1;1582
;(12, 9);MoveWest;(18, 6);False;1;1583
;(12, 9);MoveWest;(18, 6);False;1;1584
MoveWest;(11, 9);MoveWest;(18, 6);False;1;1585
;(11, 9);MoveWest;(18, 6);False;1;1586
;(11, 9);MoveWest;(18, 6);False;1;1587
;(11, 9);MoveWest;(18, 6);False;1;1588
MoveWest;(10, 9);MoveWest;(18, 6);False;1;1589
;(10, 9);MoveWest;(18, 6);False;1;1590
;(10, 9);MoveWest;(18, 6);False;1;1591
;(10, 9);MoveWest;(18, 6);False;1;1592
MoveWest;(9, 9);MoveWest;(17, 6);False;1;1593
;(9, 9);;(17, 6);False;1;1594
;(9, 9);MoveEast;(17, 6);False;1;1595
;(9, 9);MoveEast;(17, 6);False;1;1596
;(9, 9);MoveEast;(17, 6);False;1;1597
;(9, 9);MoveEast;(17, 6);False;1;1598
;(9, 9);MoveEast;(17, 6);False;1;1599
;(9, 9);MoveEast;(17, 6);False;1;1600
GrabObject;(9, 9);MoveEast;(17, 6);False;1;1601
;(9, 9);MoveEast;(17, 6);False;1;1602
;(9, 9);MoveEast;(17, 6);False;1;1603
;(9, 9);MoveEast;(17, 6);False;1;1604
;(9, 9);MoveEast;(18, 6);False;1;1605
;(9, 9);GrabObject;(18, 6);False;1;1606
;(9, 9);GrabObject;(18, 6);False;1;1607
MoveWest;(8, 9);GrabObject;(18, 6);False;1;1608
;(8, 9);GrabObject;(18, 6);False;1;1609
;(8, 9);GrabObject;(18, 6);False;1;1610
;(8, 9);GrabObject;(18, 6);False;1;1611
;(8, 9);GrabObject;(18, 6);False;1;1612
;(8, 9);GrabObject;(18, 6);False;1;1613
MoveWest;(7, 9);GrabObject;(18, 6);False;1;1614
;(7, 9);GrabObject;(18, 6);False;1;1615
;(7, 9);GrabObject;(18, 6);False;1;1616
MoveWest;(6, 9);;(18, 6);False;1;1617
;(6, 9);Idle;(18, 6);False;1;1618
;(6, 9);Idle;(18, 6);False;1;1619
;(6, 9);Idle;(18, 6);False;1;1620
;(6, 9);Idle;(18, 6);False;1;1621
;(6, 9);Idle;(18, 6);False;1;1622
;(6, 9);Idle;(18, 6);False;1;1623
;(6, 9);Idle;(18, 6);False;1;1624
;(6, 9);Idle;(18, 6);False;1;1625
;(6, 9);Idle;(18, 6);False;1;1626
MoveWest;(5, 9);Idle;(18, 6);False;1;1627
;(5, 9);Idle;(18, 6);False;1;1628
;(5, 9);Idle;(18, 6);False;1;1629
;(5, 9);Idle;(18, 6);False;1;1630
;(5, 9);Idle;(18, 6);False;1;1631
;(5, 9);Idle;(18, 6);False;1;1632
DropObject;(5, 9);Idle;(18, 6);False;1;1633
;(5, 9);Idle;(18, 6);False;1;1634
;(5, 9);Idle;(18, 6);False;1;1635
;(5, 9);Idle;(18, 6);False;1;1636
;(5, 9);Idle;(18, 6);False;1;1637
;(5, 9);Idle;(18, 6);False;1;1638
;(5, 9);Idle;(18, 6);False;1;1639
;(5, 9);Idle;(18, 6);False;1;1640
;(5, 9);Idle;(18, 6);False;1;1641
MoveEast;(6, 9);Idle;(18, 6);False;1;1642
;(6, 9);Idle;(18, 6);False;1;1643
;(6, 9);Idle;(18, 6);False;1;1644
;(6, 9);Idle;(18, 6);False;1;1645
MoveEast;(7, 9);Idle;(18, 6);False;1;1646
;(7, 9);Idle;(18, 6);False;1;1647
;(7, 9);Idle;(18, 6);False;1;1648
;(7, 9);Idle;(18, 6);False;1;1649
MoveEast;(8, 9);Idle;(18, 6);False;1;1650
;(8, 9);Idle;(18, 6);False;1;1651
;(8, 9);Idle;(18, 6);False;1;1652
;(8, 9);Idle;(18, 6);False;1;1653
MoveEast;(9, 9);Idle;(18, 6);False;1;1654
;(9, 9);Idle;(18, 6);False;1;1655
;(9, 9);Idle;(18, 6);False;1;1656
;(9, 9);Idle;(18, 6);False;1;1657
;(9, 9);Idle;(18, 6);False;1;1658
;(9, 9);Idle;(18, 6);False;1;1659
;(9, 9);Idle;(18, 6);False;1;1660
;(9, 9);Idle;(18, 6);False;1;1661
;(9, 9);Idle;(18, 6);False;1;1662
;(9, 9);Idle;(18, 6);False;1;1663
;(9, 9);Idle;(18, 6);False;1;1664
;(9, 9);Idle;(18, 6);False;1;1665
;(9, 9);Idle;(18, 6);False;1;1666
;(9, 9);Idle;(18, 6);False;1;1667
;(9, 9);Idle;(18, 6);False;1;1668
;(9, 9);Idle;(18, 6);False;1;1669
MoveEast;(10, 9);Idle;(18, 6);False;1;1670
;(10, 9);Idle;(18, 6);False;1;1671
;(10, 9);Idle;(18, 6);False;1;1672
MoveEast;(11, 9);;(18, 6);False;1;1673
;(11, 9);MoveWest;(18, 6);False;1;1674
;(11, 9);MoveWest;(18, 6);False;1;1675
;(11, 9);MoveWest;(18, 6);False;1;1676
;(11, 9);MoveWest;(18, 6);False;1;1677
;(11, 9);MoveWest;(18, 6);False;1;1678
;(11, 9);MoveWest;(18, 6);False;1;1679
;(11, 9);MoveWest;(18, 6);False;1;1680
MoveWest;(10, 9);MoveWest;(18, 6);False;1;1681
;(10, 9);MoveWest;(18, 6);False;1;1682
;(10, 9);MoveWest;(18, 6);False;1;1683
;(10, 9);MoveWest;(17, 6);False;1;1684
;(10, 9);MoveWest;(17, 6);False;1;1685
;(10, 9);MoveWest;(17, 6);False;1;1686
;(10, 9);MoveWest;(17, 6);False;1;1687
GrabObject;(10, 9);MoveWest;(17, 6);False;1;1688
;(10, 9);MoveWest;(17, 6);False;1;1689
;(10, 9);MoveWest;(17, 6);False;1;1690
;(10, 9);MoveWest;(17, 6);False;1;1691
;(10, 9);MoveWest;(17, 6);False;1;1692
;(10, 9);MoveWest;(17, 6);False;1;1693
;(10, 9);MoveWest;(17, 6);False;1;1694
;(10, 9);MoveWest;(16, 6);False;1;1695
;(10, 9);MoveWest;(16, 6);False;1;1696
;(10, 9);MoveWest;(16, 6);False;1;1697
;(10, 9);MoveWest;(16, 6);False;1;1698
;(10, 9);MoveWest;(16, 6);False;1;1699
;(10, 9);MoveWest;(16, 6);False;1;1700
;(10, 9);MoveWest;(16, 6);False;1;1701
;(10, 9);MoveWest;(16, 6);False;1;1702
;(10, 9);MoveWest;(16, 6);False;1;1703
;(10, 9);MoveWest;(16, 6);False;1;1704
;(10, 9);MoveWest;(16, 6);False;1;1705
;(10, 9);MoveWest;(15, 6);False;1;1706
MoveWest;(9, 9);MoveSouthWest;(15, 6);False;1;1707
;(9, 9);MoveSouthWest;(15, 6);False;1;1708
;(9, 9);MoveSouthWest;(15, 6);False;1;1709
;(9, 9);MoveSouthWest;(15, 6);False;1;1710
MoveWest;(8, 9);MoveSouthWest;(15, 6);False;1;1711
;(8, 9);MoveSouthWest;(15, 6);False;1;1712
;(8, 9);MoveSouthWest;(15, 6);False;1;1713
;(8, 9);MoveSouthWest;(15, 6);False;1;1714
;(8, 9);MoveSouthWest;(15, 6);False;1;1715
;(8, 9);MoveSouthWest;(15, 6);False;1;1716
;(8, 9);MoveSouthWest;(14, 7);False;1;1717
;(8, 9);MoveSouthWest;(14, 7);False;1;1718
;(8, 9);MoveSouthWest;(14, 7);False;1;1719
;(8, 9);MoveSouthWest;(14, 7);False;1;1720
;(8, 9);MoveSouthWest;(14, 7);False;1;1721
;(8, 9);MoveSouthWest;(14, 7);False;1;1722
;(8, 9);MoveSouthWest;(14, 7);False;1;1723
;(8, 9);MoveSouthWest;(14, 7);False;1;1724
MoveWest;(7, 9);MoveSouthWest;(14, 7);False;1;1725
;(7, 9);MoveSouthWest;(14, 7);False;1;1726
;(7, 9);MoveSouthWest;(14, 7);False;1;1727
;(7, 9);MoveSouthWest;(13, 8);False;1;1728
MoveWest;(6, 9);MoveSouthWest;(13, 8);False;1;1729
;(6, 9);MoveSouthWest;(13, 8);False;1;1730
;(6, 9);MoveSouthWest;(13, 8);False;1;1731
;(6, 9);MoveSouthWest;(13, 8);False;1;1732
;(6, 9);MoveSouthWest;(13, 8);False;1;1733
MoveNorth;(6, 8);MoveSouthWest;(13, 8);False;1;1734
;(6, 8);MoveSouthWest;(13, 8);False;1;1735
;(6, 8);MoveSouthWest;(13, 8);False;1;1736
;(6, 8);MoveSouthWest;(13, 8);False;1;1737
;(6, 8);MoveSouthWest;(13, 8);False;1;1738
;(6, 8);MoveSouthWest;(12, 9);False;1;1739
;(6, 8);MoveWest;(12, 9);False;1;1740
;(6, 8);MoveWest;(12, 9);False;1;1741
DropObject;(6, 8);MoveWest;(12, 9);False;1;1742
;(6, 8);MoveWest;(12, 9);False;1;1743
;(6, 8);MoveWest;(12, 9);False;1;1744
;(6, 8);MoveWest;(12, 9);False;1;1745
;(6, 8);MoveWest;(12, 9);False;1;1746
;(6, 8);MoveWest;(12, 9);False;1;1747
;(6, 8);MoveWest;(12, 9);False;1;1748
;(6, 8);MoveWest;(12, 9);False;1;1749
;(6, 8);MoveWest;(11, 9);False;1;1750
;(6, 8);MoveWest;(11, 9);False;1;1751
;(6, 8);MoveWest;(11, 9);False;1;1752
;(6, 8);MoveWest;(11, 9);False;1;1753
;(6, 8);MoveWest;(11, 9);False;1;1754
;(6, 8);MoveWest;(11, 9);False;1;1755
;(6, 8);MoveWest;(11, 9);False;1;1756
;(6, 8);MoveWest;(11, 9);False;1;1757
;(6, 8);MoveWest;(11, 9);False;1;1758
;(6, 8);MoveWest;(11, 9);False;1;1759
;(6, 8);MoveWest;(11, 9);False;1;1760
;(6, 8);MoveWest;(10, 9);False;1;1761
;(6, 8);MoveWest;(10, 9);False;1;1762
;(6, 8);MoveWest;(10, 9);False;1;1763
;(6, 8);MoveWest;(10, 9);False;1;1764
;(6, 8);MoveWest;(10, 9);False;1;1765
;(6, 8);MoveWest;(10, 9);False;1;1766
;(6, 8);MoveWest;(10, 9);False;1;1767
;(6, 8);MoveWest;(10, 9);False;1;1768
MoveWest;(5, 8);MoveWest;(10, 9);False;1;1769
;(5, 8);MoveWest;(10, 9);False;1;1770
;(5, 8);MoveWest;(10, 9);False;1;1771
;(5, 8);MoveWest;(9, 9);False;1;1772
;(5, 8);GrabObject;(9, 9);False;1;1773
;(5, 8);GrabObject;(9, 9);False;1;1774
;(5, 8);GrabObject;(9, 9);False;1;1775
;(5, 8);GrabObject;(9, 9);False;1;1776
;(5, 8);GrabObject;(9, 9);False;1;1777
;(5, 8);GrabObject;(9, 9);False;1;1778
;(5, 8);GrabObject;(9, 9);False;1;1779
;(5, 8);GrabObject;(9, 9);False;1;1780
;(5, 8);GrabObject;(9, 9);False;1;1781
;(5, 8);GrabObject;(9, 9);False;1;1782
;(5, 8);GrabObject;(9, 9);False;1;1783
;(5, 8);;(9, 9);False;1;1784
;(5, 8);MoveWest;(9, 9);False;1;1785
;(5, 8);MoveWest;(9, 9);False;1;1786
;(5, 8);MoveWest;(9, 9);False;1;1787
;(5, 8);MoveWest;(9, 9);False;1;1788
;(5, 8);MoveWest;(9, 9);False;1;1789
;(5, 8);MoveWest;(9, 9);False;1;1790
;(5, 8);MoveWest;(9, 9);False;1;1791
;(5, 8);MoveWest;(9, 9);False;1;1792
;(5, 8);MoveWest;(9, 9);False;1;1793
;(5, 8);MoveWest;(9, 9);False;1;1794
;(5, 8);MoveWest;(8, 9);False;1;1795
;(5, 8);MoveWest;(8, 9);False;1;1796
;(5, 8);MoveWest;(8, 9);False;1;1797
;(5, 8);MoveWest;(8, 9);False;1;1798
;(5, 8);MoveWest;(8, 9);False;1;1799
;(5, 8);MoveWest;(8, 9);False;1;1800
;(5, 8);MoveWest;(8, 9);False;1;1801
;(5, 8);MoveWest;(8, 9);False;1;1802
;(5, 8);MoveWest;(8, 9);False;1;1803
;(5, 8);MoveWest;(8, 9);False;1;1804
;(5, 8);MoveWest;(8, 9);False;1;1805
;(5, 8);MoveWest;(7, 9);False;1;1806
;(5, 8);MoveWest;(7, 9);False;1;1807
;(5, 8);MoveWest;(7, 9);False;1;1808
;(5, 8);MoveWest;(7, 9);False;1;1809
;(5, 8);MoveWest;(7, 9);False;1;1810
;(5, 8);MoveWest;(7, 9);False;1;1811
;(5, 8);MoveWest;(7, 9);False;1;1812
;(5, 8);MoveWest;(7, 9);False;1;1813
;(5, 8);MoveWest;(7, 9);False;1;1814
;(5, 8);MoveWest;(7, 9);False;1;1815
;(5, 8);MoveWest;(7, 9);False;1;1816
;(5, 8);MoveWest;(6, 9);False;1;1817
;(5, 8);MoveWest;(6, 9);False;1;1818
;(5, 8);MoveWest;(6, 9);False;1;1819
;(5, 8);MoveWest;(6, 9);False;1;1820
;(5, 8);MoveWest;(6, 9);False;1;1821
;(5, 8);MoveWest;(6, 9);False;1;1822
;(5, 8);MoveWest;(6, 9);False;1;1823
;(5, 8);MoveWest;(6, 9);False;1;1824
;(5, 8);MoveWest;(6, 9);False;1;1825
;(5, 8);MoveWest;(6, 9);False;1;1826
;(5, 8);MoveWest;(6, 9);False;1;1827
;(5, 8);MoveWest;(5, 9);False;1;1828
;(5, 8);Idle;(5, 9);False;1;1829
;(5, 8);Idle;(5, 9);False;1;1830
;(5, 8);Idle;(5, 9);False;1;1831
MoveEast;(6, 8);Idle;(5, 9);False;1;1832
;(6, 8);Idle;(5, 9);False;1;1833
;(6, 8);Idle;(5, 9);False;1;1834
;(6, 8);Idle;(5, 9);False;1;1835
;(6, 8);Idle;(5, 9);False;1;1836
MoveEast;(7, 8);Idle;(5, 9);False;1;1837
;(7, 8);Idle;(5, 9);False;1;1838
;(7, 8);Idle;(5, 9);False;1;1839
;(7, 8);Idle;(5, 9);False;1;1840
MoveEast;(8, 8);Idle;(5, 9);False;1;1841
;(8, 8);Idle;(5, 9);False;1;1842
;(8, 8);Idle;(5, 9);False;1;1843
;(8, 8);Idle;(5, 9);False;1;1844
MoveEast;(9, 8);Idle;(5, 9);False;1;1845
;(9, 8);Idle;(5, 9);False;1;1846
;(9, 8);Idle;(5, 9);False;1;1847
;(9, 8);Idle;(5, 9);False;1;1848
;(9, 8);Idle;(5, 9);False;1;1849
;(9, 8);Idle;(5, 9);False;1;1850
;(9, 8);Idle;(5, 9);False;1;1851
;(9, 8);Idle;(5, 9);False;1;1852
;(9, 8);Idle;(5, 9);False;1;1853
MoveSouth;(9, 9);Idle;(5, 9);False;1;1854
;(9, 9);Idle;(5, 9);False;1;1855
MoveSouth;(9, 10);Idle;(5, 9);False;1;1856
;(9, 10);Idle;(5, 9);False;1;1857
;(9, 10);Idle;(5, 9);False;1;1858
;(9, 10);Idle;(5, 9);False;1;1859
;(9, 10);Idle;(5, 9);False;1;1860
;(9, 10);Idle;(5, 9);False;1;1861
;(9, 10);Idle;(5, 9);False;1;1862
;(9, 10);Idle;(5, 9);False;1;1863
;(9, 10);Idle;(5, 9);False;1;1864
;(9, 10);Idle;(5, 9);False;1;1865
;(9, 10);Idle;(5, 9);False;1;1866
;(9, 10);Idle;(5, 9);False;1;1867
;(9, 10);Idle;(5, 9);False;1;1868
;(9, 10);Idle;(5, 9);False;1;1869
;(9, 10);Idle;(5, 9);False;1;1870
;(9, 10);Idle;(5, 9);False;1;1871
;(9, 10);Idle;(5, 9);False;1;1872
;(9, 10);Idle;(5, 9);False;1;1873
;(9, 10);Idle;(5, 9);False;1;1874
MoveNorth;(9, 9);Idle;(5, 9);False;1;1875
;(9, 9);Idle;(5, 9);False;1;1876
;(9, 9);Idle;(5, 9);False;1;1877
;(9, 9);Idle;(5, 9);False;1;1878
;(9, 9);Idle;(5, 9);False;1;1879
;(9, 9);Idle;(5, 9);False;1;1880
;(9, 9);Idle;(5, 9);False;1;1881
;(9, 9);Idle;(5, 9);False;1;1882
;(9, 9);Idle;(5, 9);False;1;1883
;(9, 9);;(5, 9);False;1;1884
;(9, 9);MoveNorth;(5, 9);False;1;1885
;(9, 9);MoveNorth;(5, 9);False;1;1886
;(9, 9);MoveNorth;(5, 9);False;1;1887
;(9, 9);MoveNorth;(5, 9);False;1;1888
;(9, 9);MoveNorth;(5, 9);False;1;1889
MoveSouth;(9, 10);MoveNorth;(5, 9);False;1;1890
;(9, 10);MoveNorth;(5, 9);False;1;1891
;(9, 10);MoveNorth;(5, 9);False;1;1892
;(9, 10);MoveNorth;(5, 9);False;1;1893
;(9, 10);MoveNorth;(5, 9);False;1;1894
;(9, 10);MoveNorth;(5, 8);False;1;1895
;(9, 10);Idle;(5, 8);False;1;1896
;(9, 10);Idle;(5, 8);False;1;1897
;(9, 10);Idle;(5, 8);False;1;1898
;(9, 10);Idle;(5, 8);False;1;1899
;(9, 10);Idle;(5, 8);False;1;1900
;(9, 10);Idle;(5, 8);False;1;1901
;(9, 10);Idle;(5, 8);False;1;1902
;(9, 10);Idle;(5, 8);False;1;1903
;(9, 10);Idle;(5, 8);False;1;1904
;(9, 10);Idle;(5, 8);False;1;1905
;(9, 10);Idle;(5, 8);False;1;1906
;(9, 10);Idle;(5, 8);False;1;1907
;(9, 10);Idle;(5, 8);False;1;1908
;(9, 10);Idle;(5, 8);False;1;1909
;(9, 10);Idle;(5, 8);False;1;1910
;(9, 10);Idle;(5, 8);False;1;1911
GrabObject;(9, 10);Idle;(5, 8);False;1;1912
;(9, 10);Idle;(5, 8);False;1;1913
;(9, 10);Idle;(5, 8);False;1;1914
;(9, 10);Idle;(5, 8);False;1;1915
;(9, 10);Idle;(5, 8);False;1;1916
;(9, 10);Idle;(5, 8);False;1;1917
;(9, 10);Idle;(5, 8);False;1;1918
;(9, 10);Idle;(5, 8);False;1;1919
MoveWest;(8, 10);Idle;(5, 8);False;1;1920
;(8, 10);Idle;(5, 8);False;1;1921
;(8, 10);Idle;(5, 8);False;1;1922
MoveWest;(7, 10);Idle;(5, 8);False;1;1923
;(7, 10);Idle;(5, 8);False;1;1924
;(7, 10);Idle;(5, 8);False;1;1925
;(7, 10);Idle;(5, 8);False;1;1926
MoveWest;(6, 10);Idle;(5, 8);False;1;1927
;(6, 10);Idle;(5, 8);False;1;1928
;(6, 10);Idle;(5, 8);False;1;1929
;(6, 10);Idle;(5, 8);False;1;1930
;(6, 10);Idle;(5, 8);False;1;1931
DropObject;(6, 10);Idle;(5, 8);False;1;1932
;(6, 10);Idle;(5, 8);False;1;1933
;(6, 10);Idle;(5, 8);False;1;1934
;(6, 10);Idle;(5, 8);False;1;1935
;(6, 10);Idle;(5, 8);False;1;1936
;(6, 10);Idle;(5, 8);False;1;1937
;(6, 10);Idle;(5, 8);False;1;1938
;(6, 10);Idle;(5, 8);False;1;1939
;(6, 10);Idle;(5, 8);False;1;1940
;(6, 10);Idle;(5, 8);False;1;1941
;(6, 10);Idle;(5, 8);False;1;1942
;(6, 10);Idle;(5, 8);False;1;1943
;(6, 10);Idle;(5, 8);False;1;1944
MoveEast;(7, 10);Idle;(5, 8);False;1;1945
;(7, 10);Idle;(5, 8);False;1;1946
;(7, 10);Idle;(5, 8);False;1;1947
;(7, 10);Idle;(5, 8);False;1;1948
MoveEast;(8, 10);Idle;(5, 8);False;1;1949
;(8, 10);Idle;(5, 8);False;1;1950
;(8, 10);;(5, 8);False;1;1951
;(8, 10);Idle;(5, 8);False;1;1952
;(8, 10);Idle;(5, 8);False;1;1953
;(8, 10);Idle;(5, 8);False;1;1954
;(8, 10);Idle;(5, 8);False;1;1955
GrabObject;(8, 10);Idle;(5, 8);False;1;1956
;(8, 10);Idle;(5, 8);False;1;1957
;(8, 10);Idle;(5, 8);False;1;1958
;(8, 10);Idle;(5, 8);False;1;1959
;(8, 10);Idle;(5, 8);False;1;1960
;(8, 10);Idle;(5, 8);False;1;1961
;(8, 10);Idle;(5, 8);False;1;1962
;(8, 10);Idle;(5, 8);False;1;1963
MoveWest;(7, 10);Idle;(5, 8);False;1;1964
;(7, 10);Idle;(5, 8);False;1;1965
;(7, 10);Idle;(5, 8);False;1;1966
;(7, 10);Idle;(5, 8);False;1;1967
;(7, 10);Idle;(5, 8);False;1;1968
;(7, 10);Idle;(5, 8);False;1;1969
;(7, 10);Idle;(5, 8);False;1;1970
DropObject;(7, 10);Idle;(5, 8);False;1;1971
;(7, 10);Idle;(5, 8);False;1;1972
;(7, 10);Idle;(5, 8);False;1;1973
;(7, 10);Idle;(5, 8);False;1;1974
;(7, 10);Idle;(5, 8);False;1;1975
;(7, 10);Idle;(5, 8);False;1;1976
;(7, 10);Idle;(5, 8);False;1;1977
MoveEast;(8, 10);Idle;(5, 8);False;1;1978
;(8, 10);Idle;(5, 8);False;1;1979
;(8, 10);Idle;(5, 8);False;1;1980
;(8, 10);Idle;(5, 8);False;1;1981
MoveEast;(9, 10);Idle;(5, 8);False;1;1982
;(9, 10);Idle;(5, 8);False;1;1983
;(9, 10);Idle;(5, 8);False;1;1984
;(9, 10);Idle;(5, 8);False;1;1985
MoveEast;(10, 10);Idle;(5, 8);False;1;1986
;(10, 10);Idle;(5, 8);False;1;1987
;(10, 10);Idle;(5, 8);False;1;1988
;(10, 10);Idle;(5, 8);False;1;1989
;(10, 10);Idle;(5, 8);False;1;1990
;(10, 10);Idle;(5, 8);False;1;1991
;(10, 10);Idle;(5, 8);False;1;1992
;(10, 10);Idle;(5, 8);False;1;1993
;(10, 10);Idle;(5, 8);False;1;1994
;(10, 10);Idle;(5, 8);False;1;1995
;(10, 10);Idle;(5, 8);False;1;1996
;(10, 10);Idle;(5, 8);False;1;1997
;(10, 10);Idle;(5, 8);False;1;1998
DropObject;(10, 10);Idle;(5, 8);False;1;1999
;(10, 10);Idle;(5, 8);False;1;2000
;(10, 10);Idle;(5, 8);False;1;2001
;(10, 10);Idle;(5, 8);False;1;2002
;(10, 10);Idle;(5, 8);False;1;2003
;(10, 10);Idle;(5, 8);False;1;2004
;(10, 10);Idle;(5, 8);False;1;2005
;(10, 10);Idle;(5, 8);False;1;2006
;(10, 10);;(5, 8);False;1;2007
;(10, 10);MoveEast;(5, 8);False;1;2008
;(10, 10);MoveEast;(5, 8);False;1;2009
;(10, 10);MoveEast;(5, 8);False;1;2010
;(10, 10);MoveEast;(5, 8);False;1;2011
;(10, 10);MoveEast;(5, 8);False;1;2012
;(10, 10);MoveEast;(5, 8);False;1;2013
;(10, 10);MoveEast;(5, 8);False;1;2014
;(10, 10);MoveEast;(5, 8);False;1;2015
;(10, 10);MoveEast;(5, 8);False;1;2016
;(10, 10);MoveEast;(5, 8);False;1;2017
;(10, 10);MoveEast;(6, 8);False;1;2018
;(10, 10);MoveEast;(6, 8);False;1;2019
;(10, 10);MoveEast;(6, 8);False;1;2020
;(10, 10);MoveEast;(6, 8);False;1;2021
;(10, 10);MoveEast;(6, 8);False;1;2022
;(10, 10);MoveEast;(6, 8);False;1;2023
;(10, 10);MoveEast;(6, 8);False;1;2024
;(10, 10);MoveEast;(6, 8);False;1;2025
;(10, 10);MoveEast;(6, 8);False;1;2026
;(10, 10);MoveEast;(6, 8);False;1;2027
;(10, 10);MoveEast;(6, 8);False;1;2028
;(10, 10);MoveEast;(7, 8);False;1;2029
;(10, 10);MoveEast;(7, 8);False;1;2030
;(10, 10);MoveEast;(7, 8);False;1;2031
;(10, 10);MoveEast;(7, 8);False;1;2032
;(10, 10);MoveEast;(7, 8);False;1;2033
;(10, 10);MoveEast;(7, 8);False;1;2034
;(10, 10);MoveEast;(7, 8);False;1;2035
;(10, 10);MoveEast;(7, 8);False;1;2036
;(10, 10);MoveEast;(7, 8);False;1;2037
;(10, 10);MoveEast;(7, 8);False;1;2038
;(10, 10);MoveEast;(7, 8);False;1;2039
;(10, 10);MoveEast;(8, 8);False;1;2040
;(10, 10);MoveSouthEast;(8, 8);False;1;2041
;(10, 10);MoveSouthEast;(8, 8);False;1;2042
;(10, 10);MoveSouthEast;(8, 8);False;1;2043
;(10, 10);MoveSouthEast;(8, 8);False;1;2044
;(10, 10);MoveSouthEast;(8, 8);False;1;2045
;(10, 10);MoveSouthEast;(8, 8);False;1;2046
;(10, 10);MoveSouthEast;(8, 8);False;1;2047
;(10, 10);MoveSouthEast;(8, 8);False;1;2048
;(10, 10);MoveSouthEast;(8, 8);False;1;2049
;(10, 10);MoveSouthEast;(8, 8);False;1;2050
;(10, 10);MoveSouthEast;(9, 9);False;1;2051
;(10, 10);Idle;(9, 9);False;1;2052
;(10, 10);Idle;(9, 9);False;1;2053
;(10, 10);Idle;(9, 9);False;1;2054
;(10, 10);Idle;(9, 9);False;1;2055
;(10, 10);Idle;(9, 9);False;1;2056
;(10, 10);Idle;(9, 9);False;1;2057
;(10, 10);Idle;(9, 9);False;1;2058
;(10, 10);Idle;(9, 9);False;1;2059
;(10, 10);Idle;(9, 9);False;1;2060
;(10, 10);Idle;(9, 9);False;1;2061
;(10, 10);Idle;(9, 9);False;1;2062
;(10, 10);Idle;(9, 9);False;1;2063
;(10, 10);Idle;(9, 9);False;1;2064
;(10, 10);Idle;(9, 9);False;1;2065
;(10, 10);Idle;(9, 9);False;1;2066
;(10, 10);Idle;(9, 9);False;1;2067
;(10, 10);Idle;(9, 9);False;1;2068
;(10, 10);Idle;(9, 9);False;1;2069
;(10, 10);Idle;(9, 9);False;1;2070
;(10, 10);Idle;(9, 9);False;1;2071
;(10, 10);Idle;(9, 9);False;1;2072
;(10, 10);Idle;(9, 9);False;1;2073
;(10, 10);Idle;(9, 9);False;1;2074
;(10, 10);Idle;(9, 9);False;1;2075
;(10, 10);Idle;(9, 9);False;1;2076
;(10, 10);Idle;(9, 9);False;1;2077
;(10, 10);Idle;(9, 9);False;1;2078
;(10, 10);Idle;(9, 9);False;1;2079
;(10, 10);Idle;(9, 9);False;1;2080
;(10, 10);Idle;(9, 9);False;1;2081
;(10, 10);Idle;(9, 9);False;1;2082
;(10, 10);Idle;(9, 9);False;1;2083
;(10, 10);Idle;(9, 9);False;1;2084
;(10, 10);Idle;(9, 9);False;1;2085
;(10, 10);Idle;(9, 9);False;1;2086
;(10, 10);Idle;(9, 9);False;1;2087
;(10, 10);Idle;(9, 9);False;1;2088
;(10, 10);Idle;(9, 9);False;1;2089
;(10, 10);Idle;(9, 9);False;1;2090
;(10, 10);Idle;(9, 9);False;1;2091
;(10, 10);Idle;(9, 9);False;1;2092
;(10, 10);Idle;(9, 9);False;1;2093
MoveNorth;(10, 9);Idle;(9, 9);False;1;2094
;(10, 9);Idle;(9, 9);False;1;2095
;(10, 9);Idle;(9, 9);False;1;2096
;(10, 9);Idle;(9, 9);False;1;2097
;(10, 9);Idle;(9, 9);False;1;2098
;(10, 9);Idle;(9, 9);False;1;2099
;(10, 9);Idle;(9, 9);False;1;2100
;(10, 9);Idle;(9, 9);False;1;2101
;(10, 9);Idle;(9, 9);False;1;2102
;(10, 9);Idle;(9, 9);False;1;2103
;(10, 9);Idle;(9, 9);False;1;2104
;(10, 9);Idle;(9, 9);False;1;2105
;(10, 9);Idle;(9, 9);False;1;2106
;(10, 9);;(9, 9);False;1;2107
;(10, 9);MoveSouthEast;(9, 9);False;1;2108
;(10, 9);MoveSouthEast;(9, 9);False;1;2109
;(10, 9);MoveSouthEast;(9, 9);False;1;2110
;(10, 9);MoveSouthEast;(9, 9);False;1;2111
;(10, 9);MoveSouthEast;(9, 9);False;1;2112
;(10, 9);MoveSouthEast;(9, 9);False;1;2113
;(10, 9);MoveSouthEast;(9, 9);False;1;2114
;(10, 9);MoveSouthEast;(9, 9);False;1;2115
;(10, 9);MoveSouthEast;(9, 9);False;1;2116
;(10, 9);MoveSouthEast;(9, 9);False;1;2117
;(10, 9);MoveSouthEast;(10, 10);False;1;2118
;(10, 9);Idle;(10, 10);False;1;2119
;(10, 9);Idle;(10, 10);False;1;2120
;(10, 9);Idle;(10, 10);False;1;2121
;(10, 9);Idle;(10, 10);False;1;2122
;(10, 9);Idle;(10, 10);False;1;2123
;(10, 9);Idle;(10, 10);False;1;2124
;(10, 9);Idle;(10, 10);False;1;2125
;(10, 9);Idle;(10, 10);False;1;2126
;(10, 9);Idle;(10, 10);False;1;2127
;(10, 9);Idle;(10, 10);False;1;2128
;(10, 9);Idle;(10, 10);False;1;2129
;(10, 9);Idle;(10, 10);False;1;2130
;(10, 9);Idle;(10, 10);False;1;2131
;(10, 9);Idle;(10, 10);False;1;2132
;(10, 9);Idle;(10, 10);False;1;2133
;(10, 9);Idle;(10, 10);False;1;2134
;(10, 9);Idle;(10, 10);False;1;2135
;(10, 9);Idle;(10, 10);False;1;2136
;(10, 9);Idle;(10, 10);False;1;2137
;(10, 9);Idle;(10, 10);False;1;2138
;(10, 9);Idle;(10, 10);False;1;2139
;(10, 9);Idle;(10, 10);False;1;2140
;(10, 9);Idle;(10, 10);False;1;2141
;(10, 9);Idle;(10, 10);False;1;2142
;(10, 9);Idle;(10, 10);False;1;2143
;(10, 9);Idle;(10, 10);False;1;2144
;(10, 9);Idle;(10, 10);False;1;2145
;(10, 9);Idle;(10, 10);False;1;2146
;(10, 9);Idle;(10, 10);False;1;2147
;(10, 9);Idle;(10, 10);False;1;2148
;(10, 9);Idle;(10, 10);False;1;2149
;(10, 9);Idle;(10, 10);False;1;2150
;(10, 9);Idle;(10, 10);False;1;2151
;(10, 9);Idle;(10, 10);False;1;2152
;(10, 9);Idle;(10, 10);False;1;2153
;(10, 9);Idle;(10, 10);False;1;2154
;(10, 9);Idle;(10, 10);False;1;2155
;(10, 9);Idle;(10, 10);False;1;2156
;(10, 9);Idle;(10, 10);False;1;2157
;(10, 9);Idle;(10, 10);False;1;2158
;(10, 9);Idle;(10, 10);False;1;2159
;(10, 9);Idle;(10, 10);False;1;2160
;(10, 9);Idle;(10, 10);False;1;2161
;(10, 9);Idle;(10, 10);False;1;2162
;(10, 9);Idle;(10, 10);False;1;2163
;(10, 9);Idle;(10, 10);False;1;2164
;(10, 9);Idle;(10, 10);False;1;2165
;(10, 9);Idle;(10, 10);False;1;2166
;(10, 9);Idle;(10, 10);False;1;2167
;(10, 9);Idle;(10, 10);False;1;2168
;(10, 9);Idle;(10, 10);False;1;2169
;(10, 9);Idle;(10, 10);False;1;2170
;(10, 9);Idle;(10, 10);False;1;2171
;(10, 9);Idle;(10, 10);False;1;2172
;(10, 9);Idle;(10, 10);False;1;2173
;(10, 9);;(10, 10);False;1;2174
;(10, 9);MoveNorth;(10, 10);False;1;2175
;(10, 9);MoveNorth;(10, 10);False;1;2176
;(10, 9);MoveNorth;(10, 10);False;1;2177
;(10, 9);MoveNorth;(10, 10);False;1;2178
;(10, 9);MoveNorth;(10, 10);False;1;2179
;(10, 9);MoveNorth;(10, 10);False;1;2180
;(10, 9);MoveNorth;(10, 10);False;1;2181
;(10, 9);MoveNorth;(10, 10);False;1;2182
;(10, 9);MoveNorth;(10, 10);False;1;2183
;(10, 9);MoveNorth;(10, 10);False;1;2184
;(10, 9);MoveNorth;(10, 9);False;1;2185
;(10, 9);BreakObject;(10, 9);False;1;2186
;(10, 9);BreakObject;(10, 9);False;1;2187
;(10, 9);BreakObject;(10, 9);False;1;2188
;(10, 9);BreakObject;(10, 9);False;1;2189
;(10, 9);BreakObject;(10, 9);False;1;2190
;(10, 9);BreakObject;(10, 9);False;1;2191
;(10, 9);BreakObject;(10, 9);False;1;2192
;(10, 9);BreakObject;(10, 9);False;1;2193
;(10, 9);BreakObject;(10, 9);False;1;2194
;(10, 9);BreakObject;(10, 9);False;1;2195
;(10, 9);BreakObject;(10, 9);False;1;2196
;(10, 9);;(10, 9);False;1;2197
;(10, 9);MoveEast;(10, 9);False;1;2198
;(10, 9);MoveEast;(10, 9);False;1;2199
;(10, 9);MoveEast;(10, 9);False;1;2200
;(10, 9);MoveEast;(10, 9);False;1;2201
;(10, 9);MoveEast;(10, 9);False;1;2202
;(10, 9);MoveEast;(10, 9);False;1;2203
;(10, 9);MoveEast;(10, 9);False;1;2204
;(10, 9);MoveEast;(10, 9);False;1;2205
;(10, 9);MoveEast;(10, 9);False;1;2206
;(10, 9);MoveEast;(10, 9);False;1;2207
;(10, 9);MoveEast;(11, 9);False;1;2208
;(10, 9);MoveEast;(11, 9);False;1;2209
;(10, 9);MoveEast;(11, 9);False;1;2210
;(10, 9);MoveEast;(11, 9);False;1;2211
;(10, 9);MoveEast;(11, 9);False;1;2212
;(10, 9);MoveEast;(11, 9);False;1;2213
;(10, 9);MoveEast;(11, 9);False;1;2214
;(10, 9);MoveEast;(11, 9);False;1;2215
;(10, 9);MoveEast;(11, 9);False;1;2216
;(10, 9);MoveEast;(11, 9);False;1;2217
;(10, 9);MoveEast;(11, 9);False;1;2218
;(10, 9);MoveEast;(12, 9);False;1;2219
;(10, 9);MoveWest;(12, 9);False;1;2220
;(10, 9);MoveWest;(12, 9);False;1;2221
;(10, 9);MoveWest;(12, 9);False;1;2222
;(10, 9);MoveWest;(12, 9);False;1;2223
;(10, 9);MoveWest;(12, 9);False;1;2224
;(10, 9);MoveWest;(12, 9);False;1;2225
;(10, 9);MoveWest;(12, 9);False;1;2226
;(10, 9);MoveWest;(12, 9);False;1;2227
;(10, 9);MoveWest;(12, 9);False;1;2228
;(10, 9);MoveWest;(12, 9);False;1;2229
;(10, 9);MoveWest;(11, 9);False;1;2230
;(10, 9);MoveWest;(11, 9);False;1;2231
;(10, 9);MoveWest;(11, 9);False;1;2232
;(10, 9);MoveWest;(11, 9);False;1;2233
;(10, 9);MoveWest;(11, 9);False;1;2234
;(10, 9);MoveWest;(11, 9);False;1;2235
;(10, 9);MoveWest;(11, 9);False;1;2236
;(10, 9);MoveWest;(11, 9);False;1;2237
;(10, 9);MoveWest;(11, 9);False;1;2238
;(10, 9);MoveWest;(11, 9);False;1;2239
;(10, 9);MoveWest;(11, 9);False;1;2240
;(10, 9);MoveWest;(10, 9);False;1;2241
;(10, 9);MoveEast;(10, 9);False;1;2242
;(10, 9);MoveEast;(10, 9);False;1;2243
;(10, 9);MoveEast;(10, 9);False;1;2244
;(10, 9);MoveEast;(10, 9);False;1;2245
MoveEast;(11, 9);MoveEast;(10, 9);False;1;2246
;(11, 9);MoveEast;(10, 9);False;1;2247
;(11, 9);MoveEast;(10, 9);False;1;2248
;(11, 9);MoveEast;(10, 9);False;1;2249
MoveEast;(12, 9);MoveEast;(10, 9);False;1;2250
;(12, 9);MoveEast;(10, 9);False;1;2251
;(12, 9);MoveEast;(11, 9);False;1;2252
;(12, 9);MoveEast;(11, 9);False;1;2253
;(12, 9);MoveEast;(11, 9);False;1;2254
;(12, 9);MoveEast;(11, 9);False;1;2255
MoveEast;(13, 9);MoveEast;(11, 9);False;1;2256
;(13, 9);MoveEast;(11, 9);False;1;2257
;(13, 9);MoveEast;(11, 9);False;1;2258
MoveEast;(14, 9);MoveEast;(11, 9);False;1;2259
;(14, 9);MoveEast;(11, 9);False;1;2260
;(14, 9);MoveEast;(11, 9);False;1;2261
MoveEast;(15, 9);MoveEast;(11, 9);False;1;2262
;(15, 9);MoveEast;(12, 9);False;1;2263
;(15, 9);MoveWest;(12, 9);False;1;2264
;(15, 9);MoveWest;(12, 9);False;1;2265
;(15, 9);MoveWest;(12, 9);False;1;2266
;(15, 9);MoveWest;(12, 9);False;1;2267
MoveWest;(14, 9);MoveWest;(12, 9);False;1;2268
;(14, 9);MoveWest;(12, 9);False;1;2269
;(14, 9);MoveWest;(12, 9);False;1;2270
;(14, 9);MoveWest;(12, 9);False;1;2271
MoveWest;(13, 9);MoveWest;(12, 9);False;1;2272
;(13, 9);MoveWest;(12, 9);False;1;2273
;(13, 9);MoveWest;(11, 9);False;1;2274
;(13, 9);MoveWest;(11, 9);False;1;2275
MoveWest;(12, 9);MoveWest;(11, 9);False;1;2276
;(12, 9);MoveWest;(11, 9);False;1;2277
;(12, 9);MoveWest;(11, 9);False;1;2278
;(12, 9);MoveWest;(11, 9);False;1;2279
;(12, 9);MoveWest;(11, 9);False;1;2280
MoveWest;(11, 9);MoveWest;(11, 9);False;1;2281
;(11, 9);MoveWest;(11, 9);False;1;2282
;(11, 9);MoveWest;(11, 9);False;1;2283
;(11, 9);MoveWest;(11, 9);False;1;2284
;(11, 9);MoveWest;(10, 9);False;1;2285
;(11, 9);MoveEast;(10, 9);False;1;2286
;(11, 9);MoveEast;(10, 9);False;1;2287
;(11, 9);MoveEast;(10, 9);False;1;2288
;(11, 9);MoveEast;(10, 9);False;1;2289
;(11, 9);MoveEast;(10, 9);False;1;2290
MoveNorth;(11, 8);MoveEast;(10, 9);False;1;2291
;(11, 8);MoveEast;(10, 9);False;1;2292
;(11, 8);MoveEast;(10, 9);False;1;2293
MoveNorth;(11, 7);MoveEast;(10, 9);False;1;2294
;(11, 7);MoveEast;(10, 9);False;1;2295
;(11, 7);MoveEast;(11, 9);False;1;2296
;(11, 7);MoveEast;(11, 9);False;1;2297
;(11, 7);MoveEast;(11, 9);False;1;2298
MoveWest;(10, 7);MoveEast;(11, 9);False;1;2299
;(10, 7);MoveEast;(11, 9);False;1;2300
;(10, 7);MoveEast;(11, 9);False;1;2301
;(10, 7);MoveEast;(11, 9);False;1;2302
;(10, 7);MoveEast;(11, 9);False;1;2303
;(10, 7);MoveEast;(11, 9);False;1;2304
;(10, 7);MoveEast;(11, 9);False;1;2305
;(10, 7);MoveEast;(11, 9);False;1;2306
GrabObject;(10, 7);MoveEast;(12, 9);False;1;2307
;(10, 7);MoveWest;(12, 9);False;1;2308
;(10, 7);MoveWest;(12, 9);False;1;2309
;(10, 7);MoveWest;(12, 9);False;1;2310
;(10, 7);MoveWest;(12, 9);False;1;2311
;(10, 7);MoveWest;(12, 9);False;1;2312
;(10, 7);MoveWest;(12, 9);False;1;2313
MoveWest;(9, 7);MoveWest;(12, 9);False;1;2314
;(9, 7);MoveWest;(12, 9);False;1;2315
;(9, 7);MoveWest;(12, 9);False;1;2316
;(9, 7);MoveWest;(12, 9);False;1;2317
;(9, 7);MoveWest;(11, 9);False;1;2318
;(9, 7);MoveWest;(11, 9);False;1;2319
MoveWest;(8, 7);MoveWest;(11, 9);False;1;2320
;(8, 7);MoveWest;(11, 9);False;1;2321
;(8, 7);MoveWest;(11, 9);False;1;2322
;(8, 7);MoveWest;(11, 9);False;1;2323
MoveWest;(7, 7);MoveWest;(11, 9);False;1;2324
;(7, 7);MoveWest;(11, 9);False;1;2325
;(7, 7);MoveWest;(11, 9);False;1;2326
;(7, 7);MoveWest;(11, 9);False;1;2327
;(7, 7);MoveWest;(11, 9);False;1;2328
;(7, 7);MoveWest;(10, 9);False;1;2329
;(7, 7);;(10, 9);False;1;2330
;(7, 7);MoveNorth;(10, 9);False;1;2331
;(7, 7);MoveNorth;(10, 9);False;1;2332
;(7, 7);MoveNorth;(10, 9);False;1;2333
;(7, 7);MoveNorth;(10, 9);False;1;2334
;(7, 7);MoveNorth;(10, 9);False;1;2335
;(7, 7);MoveNorth;(10, 9);False;1;2336
MoveWest;(6, 7);MoveNorth;(10, 9);False;1;2337
;(6, 7);MoveNorth;(10, 9);False;1;2338
;(6, 7);MoveNorth;(10, 9);False;1;2339
;(6, 7);MoveNorth;(10, 9);False;1;2340
;(6, 7);MoveNorth;(10, 8);False;1;2341
;(6, 7);MoveNorth;(10, 8);False;1;2342
;(6, 7);MoveNorth;(10, 8);False;1;2343
;(6, 7);MoveNorth;(10, 8);False;1;2344
;(6, 7);MoveNorth;(10, 8);False;1;2345
DropObject;(6, 7);MoveNorth;(10, 8);False;1;2346
;(6, 7);MoveNorth;(10, 8);False;1;2347
;(6, 7);MoveNorth;(10, 8);False;1;2348
;(6, 7);MoveNorth;(10, 8);False;1;2349
;(6, 7);MoveNorth;(10, 8);False;1;2350
;(6, 7);MoveNorth;(10, 8);False;1;2351
;(6, 7);MoveNorth;(10, 7);False;1;2352
;(6, 7);Idle;(10, 7);False;1;2353
;(6, 7);Idle;(10, 7);False;1;2354
MoveEast;(7, 7);Idle;(10, 7);False;1;2355
;(7, 7);Idle;(10, 7);False;1;2356
;(7, 7);Idle;(10, 7);False;1;2357
;(7, 7);Idle;(10, 7);False;1;2358
MoveEast;(8, 7);Idle;(10, 7);False;1;2359
;(8, 7);Idle;(10, 7);False;1;2360
;(8, 7);Idle;(10, 7);False;1;2361
;(8, 7);Idle;(10, 7);False;1;2362
MoveEast;(9, 7);Idle;(10, 7);False;1;2363
;(9, 7);Idle;(10, 7);False;1;2364
;(9, 7);Idle;(10, 7);False;1;2365
;(9, 7);Idle;(10, 7);False;1;2366
;(9, 7);Idle;(10, 7);False;1;2367
MoveSouth;(9, 8);Idle;(10, 7);False;1;2368
;(9, 8);Idle;(10, 7);False;1;2369
;(9, 8);Idle;(10, 7);False;1;2370
;(9, 8);Idle;(10, 7);False;1;2371
;(9, 8);Idle;(10, 7);False;1;2372
;(9, 8);Idle;(10, 7);False;1;2373
;(9, 8);Idle;(10, 7);False;1;2374
MoveEast;(10, 8);Idle;(10, 7);False;1;2375
;(10, 8);Idle;(10, 7);False;1;2376
;(10, 8);Idle;(10, 7);False;1;2377
;(10, 8);Idle;(10, 7);False;1;2378
;(10, 8);Idle;(10, 7);False;1;2379
;(10, 8);Idle;(10, 7);False;1;2380
;(10, 8);Idle;(10, 7);False;1;2381
;(10, 8);Idle;(10, 7);False;1;2382
;(10, 8);Idle;(10, 7);False;1;2383
;(10, 8);Idle;(10, 7);False;1;2384
;(10, 8);Idle;(10, 7);False;1;2385
GrabObject;(10, 8);Idle;(10, 7);False;1;2386
;(10, 8);Idle;(10, 7);False;1;2387
;(10, 8);Idle;(10, 7);False;1;2388
;(10, 8);Idle;(10, 7);False;1;2389
;(10, 8);Idle;(10, 7);False;1;2390
;(10, 8);Idle;(10, 7);False;1;2391
;(10, 8);Idle;(10, 7);False;1;2392
;(10, 8);Idle;(10, 7);False;1;2393
;(10, 8);Idle;(10, 7);False;1;2394
MoveWest;(9, 8);Idle;(10, 7);False;1;2395
;(9, 8);Idle;(10, 7);False;1;2396
;(9, 8);Idle;(10, 7);False;1;2397
;(9, 8);Idle;(10, 7);False;1;2398
;(9, 8);Idle;(10, 7);False;1;2399
MoveWest;(8, 8);Idle;(10, 7);False;1;2400
;(8, 8);Idle;(10, 7);False;1;2401
;(8, 8);Idle;(10, 7);False;1;2402
MoveWest;(7, 8);Idle;(10, 7);False;1;2403
;(7, 8);Idle;(10, 7);False;1;2404
;(7, 8);Idle;(10, 7);False;1;2405
;(7, 8);Idle;(10, 7);False;1;2406
MoveWest;(6, 8);Idle;(10, 7);False;1;2407
;(6, 8);;(10, 7);False;1;2408
;(6, 8);MoveEast;(10, 7);False;1;2409
MoveWest;(5, 8);MoveEast;(10, 7);False;1;2410
;(5, 8);MoveEast;(10, 7);False;1;2411
;(5, 8);MoveEast;(10, 7);False;1;2412
;(5, 8);MoveEast;(10, 7);False;1;2413
;(5, 8);MoveEast;(10, 7);False;1;2414
DropObject;(5, 8);MoveEast;(10, 7);False;1;2415
;(5, 8);MoveEast;(10, 7);False;1;2416
;(5, 8);MoveEast;(10, 7);False;1;2417
;(5, 8);MoveEast;(10, 7);False;1;2418
MoveEast;(6, 8);MoveEast;(11, 7);False;1;2419
;(6, 8);MoveEast;(11, 7);False;1;2420
;(6, 8);MoveEast;(11, 7);False;1;2421
;(6, 8);MoveEast;(11, 7);False;1;2422
;(6, 8);MoveEast;(11, 7);False;1;2423
MoveEast;(7, 8);MoveEast;(11, 7);False;1;2424
;(7, 8);MoveEast;(11, 7);False;1;2425
;(7, 8);MoveEast;(11, 7);False;1;2426
MoveEast;(8, 8);MoveEast;(11, 7);False;1;2427
;(8, 8);MoveEast;(11, 7);False;1;2428
;(8, 8);MoveEast;(11, 7);False;1;2429
MoveEast;(9, 8);MoveEast;(12, 7);False;1;2430
;(9, 8);MoveWest;(12, 7);False;1;2431
;(9, 8);MoveWest;(12, 7);False;1;2432
;(9, 8);MoveWest;(12, 7);False;1;2433
MoveEast;(10, 8);MoveWest;(12, 7);False;1;2434
;(10, 8);MoveWest;(12, 7);False;1;2435
;(10, 8);MoveWest;(12, 7);False;1;2436
;(10, 8);MoveWest;(12, 7);False;1;2437
;(10, 8);MoveWest;(12, 7);False;1;2438
MoveSouth;(10, 9);MoveWest;(12, 7);False;1;2439
;(10, 9);MoveWest;(12, 7);False;1;2440
;(10, 9);MoveWest;(11, 7);False;1;2441
;(10, 9);MoveWest;(11, 7);False;1;2442
;(10, 9);MoveWest;(11, 7);False;1;2443
;(10, 9);MoveWest;(11, 7);False;1;2444
;(10, 9);MoveWest;(11, 7);False;1;2445
;(10, 9);MoveWest;(11, 7);False;1;2446
MoveSouth;(10, 10);MoveWest;(11, 7);False;1;2447
;(10, 10);MoveWest;(11, 7);False;1;2448
;(10, 10);MoveWest;(11, 7);False;1;2449
;(10, 10);MoveWest;(11, 7);False;1;2450
;(10, 10);MoveWest;(11, 7);False;1;2451
;(10, 10);MoveWest;(10, 7);False;1;2452
;(10, 10);MoveEast;(10, 7);False;1;2453
;(10, 10);MoveEast;(10, 7);False;1;2454
;(10, 10);MoveEast;(10, 7);False;1;2455
GrabObject;(10, 10);MoveEast;(10, 7);False;1;2456
;(10, 10);MoveEast;(10, 7);False;1;2457
;(10, 10);MoveEast;(10, 7);False;1;2458
;(10, 10);MoveEast;(10, 7);False;1;2459
;(10, 10);MoveEast;(10, 7);False;1;2460
;(10, 10);MoveEast;(10, 7);False;1;2461
;(10, 10);MoveEast;(10, 7);False;1;2462
;(10, 10);MoveEast;(11, 7);False;1;2463
MoveWest;(9, 10);MoveEast;(11, 7);False;1;2464
;(9, 10);MoveEast;(11, 7);False;1;2465
;(9, 10);MoveEast;(11, 7);False;1;2466
;(9, 10);MoveEast;(11, 7);False;1;2467
MoveWest;(8, 10);MoveEast;(11, 7);False;1;2468
;(8, 10);MoveEast;(11, 7);False;1;2469
;(8, 10);MoveEast;(11, 7);False;1;2470
;(8, 10);MoveEast;(11, 7);False;1;2471
MoveWest;(7, 10);MoveEast;(11, 7);False;1;2472
;(7, 10);MoveEast;(11, 7);False;1;2473
;(7, 10);MoveEast;(12, 7);False;1;2474
;(7, 10);MoveWest;(12, 7);False;1;2475
;(7, 10);MoveWest;(12, 7);False;1;2476
MoveWest;(6, 10);MoveWest;(12, 7);False;1;2477
;(6, 10);MoveWest;(12, 7);False;1;2478
;(6, 10);MoveWest;(12, 7);False;1;2479
MoveWest;(5, 10);MoveWest;(12, 7);False;1;2480
;(5, 10);MoveWest;(12, 7);False;1;2481
;(5, 10);MoveWest;(12, 7);False;1;2482
;(5, 10);MoveWest;(12, 7);False;1;2483
;(5, 10);MoveWest;(12, 7);False;1;2484
;(5, 10);MoveWest;(11, 7);False;1;2485
;(5, 10);MoveWest;(11, 7);False;1;2486
;(5, 10);MoveWest;(11, 7);False;1;2487
;(5, 10);MoveWest;(11, 7);False;1;2488
MoveNorth;(5, 9);MoveWest;(11, 7);False;1;2489
;(5, 9);MoveWest;(11, 7);False;1;2490
;(5, 9);MoveWest;(11, 7);False;1;2491
;(5, 9);MoveWest;(11, 7);False;1;2492
MoveNorth;(5, 8);MoveWest;(11, 7);False;1;2493
;(5, 8);MoveWest;(11, 7);False;1;2494
;(5, 8);MoveWest;(11, 7);False;1;2495
;(5, 8);MoveWest;(10, 7);False;1;2496
;(5, 8);MoveEast;(10, 7);False;1;2497
;(5, 8);MoveEast;(10, 7);False;1;2498
;(5, 8);MoveEast;(10, 7);False;1;2499
;(5, 8);MoveEast;(10, 7);False;1;2500
;(5, 8);MoveEast;(10, 7);False;1;2501
;(5, 8);MoveEast;(10, 7);False;1;2502
;(5, 8);MoveEast;(10, 7);False;1;2503
;(5, 8);MoveEast;(10, 7);False;1;2504
;(5, 8);MoveEast;(10, 7);False;1;2505
;(5, 8);MoveEast;(10, 7);False;1;2506
;(5, 8);MoveEast;(11, 7);False;1;2507
;(5, 8);MoveEast;(11, 7);False;1;2508
MoveWest;(4, 8);MoveEast;(11, 7);False;1;2509
;(4, 8);MoveEast;(11, 7);False;1;2510
;(4, 8);MoveEast;(11, 7);False;1;2511
;(4, 8);MoveEast;(11, 7);False;1;2512
;(4, 8);MoveEast;(11, 7);False;1;2513
;(4, 8);MoveEast;(11, 7);False;1;2514
;(4, 8);MoveEast;(11, 7);False;1;2515
DropObject;(4, 8);MoveEast;(11, 7);False;1;2516
;(4, 8);MoveEast;(11, 7);False;1;2517
;(4, 8);MoveEast;(12, 7);False;1;2518
;(4, 8);MoveWest;(12, 7);False;1;2519
;(4, 8);MoveWest;(12, 7);False;1;2520
;(4, 8);MoveWest;(12, 7);False;1;2521
MoveEast;(5, 8);MoveWest;(12, 7);False;1;2522
;(5, 8);MoveWest;(12, 7);False;1;2523
;(5, 8);MoveWest;(12, 7);False;1;2524
;(5, 8);MoveWest;(12, 7);False;1;2525
MoveEast;(6, 8);MoveWest;(12, 7);False;1;2526
;(6, 8);MoveWest;(12, 7);False;1;2527
;(6, 8);MoveWest;(12, 7);False;1;2528
MoveEast;(7, 8);MoveWest;(11, 7);False;1;2529
;(7, 8);MoveWest;(11, 7);False;1;2530
;(7, 8);MoveWest;(11, 7);False;1;2531
MoveEast;(8, 8);MoveWest;(11, 7);False;1;2532
;(8, 8);MoveWest;(11, 7);False;1;2533
;(8, 8);MoveWest;(11, 7);False;1;2534
;(8, 8);MoveWest;(11, 7);False;1;2535
MoveEast;(9, 8);MoveWest;(11, 7);False;1;2536
;(9, 8);MoveWest;(11, 7);False;1;2537
;(9, 8);MoveWest;(11, 7);False;1;2538
;(9, 8);MoveWest;(11, 7);False;1;2539
;(9, 8);MoveWest;(10, 7);False;1;2540
;(9, 8);;(10, 7);False;1;2541
MoveSouth;(9, 9);Idle;(10, 7);False;1;2542
;(9, 9);Idle;(10, 7);False;1;2543
;(9, 9);Idle;(10, 7);False;1;2544
;(9, 9);Idle;(10, 7);False;1;2545
MoveSouth;(9, 10);Idle;(10, 7);False;1;2546
;(9, 10);Idle;(10, 7);False;1;2547
;(9, 10);Idle;(10, 7);False;1;2548
;(9, 10);Idle;(10, 7);False;1;2549
;(9, 10);Idle;(10, 7);False;1;2550
MoveEast;(10, 10);Idle;(10, 7);False;1;2551
;(10, 10);Idle;(10, 7);False;1;2552
;(10, 10);Idle;(10, 7);False;1;2553
;(10, 10);Idle;(10, 7);False;1;2554
;(10, 10);Idle;(10, 7);False;1;2555
;(10, 10);Idle;(10, 7);False;1;2556
;(10, 10);Idle;(10, 7);False;1;2557
;(10, 10);Idle;(10, 7);False;1;2558
;(10, 10);Idle;(10, 7);False;1;2559
;(10, 10);Idle;(10, 7);False;1;2560
GrabObject;(10, 10);Idle;(10, 7);False;1;2561
;(10, 10);Idle;(10, 7);False;1;2562
;(10, 10);Idle;(10, 7);False;1;2563
;(10, 10);Idle;(10, 7);False;1;2564
;(10, 10);Idle;(10, 7);False;1;2565
;(10, 10);Idle;(10, 7);False;1;2566
;(10, 10);Idle;(10, 7);False;1;2567
;(10, 10);Idle;(10, 7);False;1;2568
MoveWest;(9, 10);Idle;(10, 7);False;1;2569
;(9, 10);Idle;(10, 7);False;1;2570
;(9, 10);Idle;(10, 7);False;1;2571
;(9, 10);Idle;(10, 7);False;1;2572
MoveWest;(8, 10);Idle;(10, 7);False;1;2573
;(8, 10);Idle;(10, 7);False;1;2574
;(8, 10);Idle;(10, 7);False;1;2575
;(8, 10);Idle;(10, 7);False;1;2576
MoveWest;(7, 10);Idle;(10, 7);False;1;2577
;(7, 10);Idle;(10, 7);False;1;2578
;(7, 10);Idle;(10, 7);False;1;2579
;(7, 10);Idle;(10, 7);False;1;2580
;(7, 10);Idle;(10, 7);False;1;2581
;(7, 10);Idle;(10, 7);False;1;2582
MoveNorth;(7, 9);Idle;(10, 7);False;1;2583
;(7, 9);Idle;(10, 7);False;1;2584
;(7, 9);Idle;(10, 7);False;1;2585
;(7, 9);Idle;(10, 7);False;1;2586
MoveNorth;(7, 8);Idle;(10, 7);False;1;2587
;(7, 8);Idle;(10, 7);False;1;2588
;(7, 8);Idle;(10, 7);False;1;2589
;(7, 8);Idle;(10, 7);False;1;2590
;(7, 8);Idle;(10, 7);False;1;2591
;(7, 8);Idle;(10, 7);False;1;2592
;(7, 8);Idle;(10, 7);False;1;2593
;(7, 8);Idle;(10, 7);False;1;2594
MoveWest;(6, 8);Idle;(10, 7);False;1;2595
;(6, 8);Idle;(10, 7);False;1;2596
;(6, 8);;(10, 7);False;1;2597
;(6, 8);MoveWest;(10, 7);False;1;2598
;(6, 8);MoveWest;(10, 7);False;1;2599
DropObject;(6, 8);MoveWest;(10, 7);False;1;2600
;(6, 8);MoveWest;(10, 7);False;1;2601
;(6, 8);MoveWest;(10, 7);False;1;2602
;(6, 8);MoveWest;(10, 7);False;1;2603
;(6, 8);MoveWest;(10, 7);False;1;2604
;(6, 8);MoveWest;(10, 7);False;1;2605
;(6, 8);MoveWest;(10, 7);False;1;2606
;(6, 8);MoveWest;(10, 7);False;1;2607
;(6, 8);MoveWest;(9, 7);False;1;2608
;(6, 8);MoveWest;(9, 7);False;1;2609
MoveEast;(7, 8);MoveWest;(9, 7);False;1;2610
;(7, 8);MoveWest;(9, 7);False;1;2611
;(7, 8);MoveWest;(9, 7);False;1;2612
;(7, 8);MoveWest;(9, 7);False;1;2613
MoveEast;(8, 8);MoveWest;(9, 7);False;1;2614
;(8, 8);MoveWest;(9, 7);False;1;2615
;(8, 8);MoveWest;(9, 7);False;1;2616
;(8, 8);MoveWest;(9, 7);False;1;2617
MoveEast;(9, 8);MoveWest;(9, 7);False;1;2618
;(9, 8);MoveWest;(8, 7);False;1;2619
;(9, 8);MoveWest;(8, 7);False;1;2620
MoveEast;(10, 8);MoveWest;(8, 7);False;1;2621
;(10, 8);MoveWest;(8, 7);False;1;2622
;(10, 8);MoveWest;(8, 7);False;1;2623
;(10, 8);MoveWest;(8, 7);False;1;2624
;(10, 8);MoveWest;(8, 7);False;1;2625
;(10, 8);MoveWest;(8, 7);False;1;2626
;(10, 8);MoveWest;(8, 7);False;1;2627
;(10, 8);MoveWest;(8, 7);False;1;2628
;(10, 8);MoveWest;(8, 7);False;1;2629
;(10, 8);MoveWest;(7, 7);False;1;2630
;(10, 8);Idle;(7, 7);False;1;2631
;(10, 8);Idle;(7, 7);False;1;2632
;(10, 8);Idle;(7, 7);False;1;2633
;(10, 8);Idle;(7, 7);False;1;2634
;(10, 8);Idle;(7, 7);False;1;2635
;(10, 8);Idle;(7, 7);False;1;2636
;(10, 8);Idle;(7, 7);False;1;2637
;(10, 8);Idle;(7, 7);False;1;2638
;(10, 8);Idle;(7, 7);False;1;2639
;(10, 8);Idle;(7, 7);False;1;2640
;(10, 8);Idle;(7, 7);False;1;2641
;(10, 8);Idle;(7, 7);False;1;2642
;(10, 8);Idle;(7, 7);False;1;2643
;(10, 8);Idle;(7, 7);False;1;2644
;(10, 8);Idle;(7, 7);False;1;2645
;(10, 8);Idle;(7, 7);False;1;2646
;(10, 8);Idle;(7, 7);False;1;2647
;(10, 8);Idle;(7, 7);False;1;2648
;(10, 8);Idle;(7, 7);False;1;2649
;(10, 8);Idle;(7, 7);False;1;2650
;(10, 8);Idle;(7, 7);False;1;2651
;(10, 8);Idle;(7, 7);False;1;2652
;(10, 8);Idle;(7, 7);False;1;2653
;(10, 8);Idle;(7, 7);False;1;2654
;(10, 8);Idle;(7, 7);False;1;2655
;(10, 8);Idle;(7, 7);False;1;2656
;(10, 8);Idle;(7, 7);False;1;2657
;(10, 8);Idle;(7, 7);False;1;2658
;(10, 8);Idle;(7, 7);False;1;2659
;(10, 8);Idle;(7, 7);False;1;2660
;(10, 8);Idle;(7, 7);False;1;2661
;(10, 8);Idle;(7, 7);False;1;2662
;(10, 8);Idle;(7, 7);False;1;2663
;(10, 8);Idle;(7, 7);False;1;2664
;(10, 8);Idle;(7, 7);False;1;2665
;(10, 8);Idle;(7, 7);False;1;2666
;(10, 8);Idle;(7, 7);False;1;2667
;(10, 8);Idle;(7, 7);False;1;2668
;(10, 8);Idle;(7, 7);False;1;2669
;(10, 8);Idle;(7, 7);False;1;2670
;(10, 8);Idle;(7, 7);False;1;2671
;(10, 8);Idle;(7, 7);False;1;2672
;(10, 8);Idle;(7, 7);False;1;2673
;(10, 8);Idle;(7, 7);False;1;2674
;(10, 8);Idle;(7, 7);False;1;2675
;(10, 8);Idle;(7, 7);False;1;2676
;(10, 8);Idle;(7, 7);False;1;2677
;(10, 8);Idle;(7, 7);False;1;2678
;(10, 8);Idle;(7, 7);False;1;2679
;(10, 8);Idle;(7, 7);False;1;2680
;(10, 8);Idle;(7, 7);False;1;2681
;(10, 8);Idle;(7, 7);False;1;2682
;(10, 8);Idle;(7, 7);False;1;2683
;(10, 8);Idle;(7, 7);False;1;2684
;(10, 8);Idle;(7, 7);False;1;2685
;(10, 8);;(7, 7);False;1;2686
;(10, 8);MoveSouthWest;(7, 7);False;1;2687
;(10, 8);MoveSouthWest;(7, 7);False;1;2688
;(10, 8);MoveSouthWest;(7, 7);False;1;2689
;(10, 8);MoveSouthWest;(7, 7);False;1;2690
;(10, 8);MoveSouthWest;(7, 7);False;1;2691
;(10, 8);MoveSouthWest;(7, 7);False;1;2692
;(10, 8);MoveSouthWest;(7, 7);False;1;2693
;(10, 8);MoveSouthWest;(7, 7);False;1;2694
;(10, 8);MoveSouthWest;(7, 7);False;1;2695
;(10, 8);MoveSouthWest;(7, 7);False;1;2696
;(10, 8);MoveSouthWest;(6, 8);False;1;2697
;(10, 8);GrabLargeObject;(6, 8);False;1;2698
;(10, 8);GrabLargeObject;(6, 8);False;1;2699
;(10, 8);GrabLargeObject;(6, 8);False;1;2700
;(10, 8);GrabLargeObject;(6, 8);False;1;2701
;(10, 8);GrabLargeObject;(6, 8);False;1;2702
;(10, 8);GrabLargeObject;(6, 8);False;1;2703
;(10, 8);GrabLargeObject;(6, 8);False;1;2704
;(10, 8);GrabLargeObject;(6, 8);False;1;2705
;(10, 8);GrabLargeObject;(6, 8);False;1;2706
;(10, 8);GrabLargeObject;(6, 8);False;1;2707
;(10, 8);GrabLargeObject;(6, 8);False;1;2708
;(10, 8);;(6, 8);False;1;2709
;(10, 8);Idle;(6, 8);False;1;2710
;(10, 8);Idle;(6, 8);False;1;2711
;(10, 8);Idle;(6, 8);False;1;2712
;(10, 8);Idle;(6, 8);False;1;2713
;(10, 8);Idle;(6, 8);False;1;2714
;(10, 8);Idle;(6, 8);False;1;2715
;(10, 8);Idle;(6, 8);False;1;2716
;(10, 8);Idle;(6, 8);False;1;2717
;(10, 8);Idle;(6, 8);False;1;2718
;(10, 8);Idle;(6, 8);False;1;2719
;(10, 8);Idle;(6, 8);False;1;2720
;(10, 8);Idle;(6, 8);False;1;2721
;(10, 8);Idle;(6, 8);False;1;2722
;(10, 8);Idle;(6, 8);False;1;2723
;(10, 8);Idle;(6, 8);False;1;2724
;(10, 8);Idle;(6, 8);False;1;2725
;(10, 8);Idle;(6, 8);False;1;2726
;(10, 8);Idle;(6, 8);False;1;2727
;(10, 8);Idle;(6, 8);False;1;2728
;(10, 8);Idle;(6, 8);False;1;2729
;(10, 8);Idle;(6, 8);False;1;2730
;(10, 8);Idle;(6, 8);False;1;2731
;(10, 8);Idle;(6, 8);False;1;2732
;(10, 8);Idle;(6, 8);False;1;2733
;(10, 8);Idle;(6, 8);False;1;2734
;(10, 8);Idle;(6, 8);False;1;2735
;(10, 8);Idle;(6, 8);False;1;2736
;(10, 8);Idle;(6, 8);False;1;2737
;(10, 8);Idle;(6, 8);False;1;2738
;(10, 8);Idle;(6, 8);False;1;2739
;(10, 8);Idle;(6, 8);False;1;2740
;(10, 8);Idle;(6, 8);False;1;2741
;(10, 8);Idle;(6, 8);False;1;2742
;(10, 8);Idle;(6, 8);False;1;2743
;(10, 8);Idle;(6, 8);False;1;2744
;(10, 8);Idle;(6, 8);False;1;2745
;(10, 8);Idle;(6, 8);False;1;2746
;(10, 8);Idle;(6, 8);False;1;2747
;(10, 8);Idle;(6, 8);False;1;2748
;(10, 8);Idle;(6, 8);False;1;2749
;(10, 8);Idle;(6, 8);False;1;2750
;(10, 8);Idle;(6, 8);False;1;2751
;(10, 8);Idle;(6, 8);False;1;2752
;(10, 8);Idle;(6, 8);False;1;2753
;(10, 8);Idle;(6, 8);False;1;2754
;(10, 8);Idle;(6, 8);False;1;2755
;(10, 8);Idle;(6, 8);False;1;2756
;(10, 8);Idle;(6, 8);False;1;2757
;(10, 8);Idle;(6, 8);False;1;2758
;(10, 8);Idle;(6, 8);False;1;2759
;(10, 8);Idle;(6, 8);False;1;2760
;(10, 8);Idle;(6, 8);False;1;2761
;(10, 8);Idle;(6, 8);False;1;2762
;(10, 8);Idle;(6, 8);False;1;2763
;(10, 8);Idle;(6, 8);False;1;2764
;(10, 8);;(6, 8);False;1;2765
;(10, 8);MoveEast;(6, 8);False;1;2766
;(10, 8);MoveEast;(6, 8);False;1;2767
;(10, 8);MoveEast;(6, 8);False;1;2768
;(10, 8);MoveEast;(6, 8);False;1;2769
;(10, 8);MoveEast;(6, 8);False;1;2770
;(10, 8);MoveEast;(6, 8);False;1;2771
;(10, 8);MoveEast;(6, 8);False;1;2772
;(10, 8);MoveEast;(6, 8);False;1;2773
;(10, 8);MoveEast;(6, 8);False;1;2774
;(10, 8);MoveEast;(6, 8);False;1;2775
;(10, 8);MoveEast;(7, 8);False;1;2776
;(10, 8);MoveEast;(7, 8);False;1;2777
;(10, 8);MoveEast;(7, 8);False;1;2778
;(10, 8);MoveEast;(7, 8);False;1;2779
;(10, 8);MoveEast;(7, 8);False;1;2780
;(10, 8);MoveEast;(7, 8);False;1;2781
;(10, 8);MoveEast;(7, 8);False;1;2782
;(10, 8);MoveEast;(7, 8);False;1;2783
;(10, 8);MoveEast;(7, 8);False;1;2784
;(10, 8);MoveEast;(7, 8);False;1;2785
;(10, 8);MoveEast;(7, 8);False;1;2786
;(10, 8);MoveEast;(8, 8);False;1;2787
;(10, 8);MoveWest;(8, 8);False;1;2788
;(10, 8);MoveWest;(8, 8);False;1;2789
;(10, 8);MoveWest;(8, 8);False;1;2790
;(10, 8);MoveWest;(8, 8);False;1;2791
;(10, 8);MoveWest;(8, 8);False;1;2792
;(10, 8);MoveWest;(8, 8);False;1;2793
;(10, 8);MoveWest;(8, 8);False;1;2794
;(10, 8);MoveWest;(8, 8);False;1;2795
;(10, 8);MoveWest;(8, 8);False;1;2796
;(10, 8);MoveWest;(8, 8);False;1;2797
;(10, 8);MoveWest;(7, 8);False;1;2798
;(10, 8);MoveWest;(7, 8);False;1;2799
;(10, 8);MoveWest;(7, 8);False;1;2800
;(10, 8);MoveWest;(7, 8);False;1;2801
;(10, 8);MoveWest;(7, 8);False;1;2802
;(10, 8);MoveWest;(7, 8);False;1;2803
;(10, 8);MoveWest;(7, 8);False;1;2804
;(10, 8);MoveWest;(7, 8);False;1;2805
;(10, 8);MoveWest;(7, 8);False;1;2806
;(10, 8);MoveWest;(7, 8);False;1;2807
;(10, 8);MoveWest;(7, 8);False;1;2808
;(10, 8);MoveWest;(6, 8);False;1;2809
;(10, 8);MoveEast;(6, 8);False;1;2810
;(10, 8);MoveEast;(6, 8);False;1;2811
;(10, 8);MoveEast;(6, 8);False;1;2812
;(10, 8);MoveEast;(6, 8);False;1;2813
;(10, 8);MoveEast;(6, 8);False;1;2814
;(10, 8);MoveEast;(6, 8);False;1;2815
;(10, 8);MoveEast;(6, 8);False;1;2816
;(10, 8);MoveEast;(6, 8);False;1;2817
;(10, 8);MoveEast;(6, 8);False;1;2818
;(10, 8);MoveEast;(6, 8);False;1;2819
;(10, 8);MoveEast;(7, 8);False;1;2820
;(10, 8);MoveEast;(7, 8);False;1;2821
;(10, 8);MoveEast;(7, 8);False;1;2822
;(10, 8);MoveEast;(7, 8);False;1;2823
;(10, 8);MoveEast;(7, 8);False;1;2824
;(10, 8);MoveEast;(7, 8);False;1;2825
;(10, 8);MoveEast;(7, 8);False;1;2826
;(10, 8);MoveEast;(7, 8);False;1;2827
;(10, 8);MoveEast;(7, 8);False;1;2828
;(10, 8);MoveEast;(7, 8);False;1;2829
;(10, 8);MoveEast;(7, 8);False;1;2830
;(10, 8);MoveEast;(8, 8);False;1;2831
;(10, 8);MoveWest;(8, 8);False;1;2832
;(10, 8);MoveWest;(8, 8);False;1;2833
;(10, 8);MoveWest;(8, 8);False;1;2834
;(10, 8);MoveWest;(8, 8);False;1;2835
;(10, 8);MoveWest;(8, 8);False;1;2836
;(10, 8);MoveWest;(8, 8);False;1;2837
;(10, 8);MoveWest;(8, 8);False;1;2838
;(10, 8);MoveWest;(8, 8);False;1;2839
;(10, 8);MoveWest;(8, 8);False;1;2840
;(10, 8);MoveWest;(8, 8);False;1;2841
;(10, 8);MoveWest;(7, 8);False;1;2842
;(10, 8);MoveWest;(7, 8);False;1;2843
;(10, 8);MoveWest;(7, 8);False;1;2844
;(10, 8);MoveWest;(7, 8);False;1;2845
;(10, 8);MoveWest;(7, 8);False;1;2846
;(10, 8);MoveWest;(7, 8);False;1;2847
;(10, 8);MoveWest;(7, 8);False;1;2848
;(10, 8);MoveWest;(7, 8);False;1;2849
;(10, 8);MoveWest;(7, 8);False;1;2850
;(10, 8);MoveWest;(7, 8);False;1;2851
;(10, 8);MoveWest;(7, 8);False;1;2852
;(10, 8);MoveWest;(6, 8);False;1;2853
;(10, 8);MoveEast;(6, 8);False;1;2854
;(10, 8);MoveEast;(6, 8);False;1;2855
;(10, 8);MoveEast;(6, 8);False;1;2856
;(10, 8);MoveEast;(6, 8);False;1;2857
;(10, 8);MoveEast;(6, 8);False;1;2858
;(10, 8);MoveEast;(6, 8);False;1;2859
;(10, 8);MoveEast;(6, 8);False;1;2860
;(10, 8);MoveEast;(6, 8);False;1;2861
;(10, 8);MoveEast;(6, 8);False;1;2862
;(10, 8);MoveEast;(6, 8);False;1;2863
;(10, 8);MoveEast;(7, 8);False;1;2864
;(10, 8);MoveEast;(7, 8);False;1;2865
;(10, 8);MoveEast;(7, 8);False;1;2866
;(10, 8);MoveEast;(7, 8);False;1;2867
;(10, 8);MoveEast;(7, 8);False;1;2868
;(10, 8);MoveEast;(7, 8);False;1;2869
;(10, 8);MoveEast;(7, 8);False;1;2870
;(10, 8);MoveEast;(7, 8);False;1;2871
;(10, 8);MoveEast;(7, 8);False;1;2872
;(10, 8);MoveEast;(7, 8);False;1;2873
;(10, 8);MoveEast;(7, 8);False;1;2874
;(10, 8);MoveEast;(8, 8);False;1;2875
;(10, 8);MoveWest;(8, 8);False;1;2876
;(10, 8);MoveWest;(8, 8);False;1;2877
;(10, 8);MoveWest;(8, 8);False;1;2878
;(10, 8);MoveWest;(8, 8);False;1;2879
;(10, 8);MoveWest;(8, 8);False;1;2880
;(10, 8);MoveWest;(8, 8);False;1;2881
;(10, 8);MoveWest;(8, 8);False;1;2882
;(10, 8);MoveWest;(8, 8);False;1;2883
;(10, 8);MoveWest;(8, 8);False;1;2884
;(10, 8);MoveWest;(8, 8);False;1;2885
;(10, 8);MoveWest;(7, 8);False;1;2886
;(10, 8);MoveWest;(7, 8);False;1;2887
;(10, 8);MoveWest;(7, 8);False;1;2888
;(10, 8);MoveWest;(7, 8);False;1;2889
;(10, 8);MoveWest;(7, 8);False;1;2890
;(10, 8);MoveWest;(7, 8);False;1;2891
;(10, 8);MoveWest;(7, 8);False;1;2892
;(10, 8);MoveWest;(7, 8);False;1;2893
;(10, 8);MoveWest;(7, 8);False;1;2894
;(10, 8);MoveWest;(7, 8);False;1;2895
;(10, 8);MoveWest;(7, 8);False;1;2896
;(10, 8);MoveWest;(6, 8);False;1;2897
;(10, 8);;(6, 8);False;1;2898
;(10, 8);MoveEast;(6, 8);False;1;2899
;(10, 8);MoveEast;(6, 8);False;1;2900
;(10, 8);MoveEast;(6, 8);False;1;2901
;(10, 8);MoveEast;(6, 8);False;1;2902
;(10, 8);MoveEast;(6, 8);False;1;2903
;(10, 8);MoveEast;(6, 8);False;1;2904
;(10, 8);MoveEast;(6, 8);False;1;2905
;(10, 8);MoveEast;(6, 8);False;1;2906
;(10, 8);MoveEast;(6, 8);False;1;2907
;(10, 8);MoveEast;(6, 8);False;1;2908
;(10, 8);MoveEast;(7, 8);False;1;2909
;(10, 8);MoveNorthEast;(7, 8);False;1;2910
;(10, 8);MoveNorthEast;(7, 8);False;1;2911
;(10, 8);MoveNorthEast;(7, 8);False;1;2912
;(10, 8);MoveNorthEast;(7, 8);False;1;2913
;(10, 8);MoveNorthEast;(7, 8);False;1;2914
;(10, 8);MoveNorthEast;(7, 8);False;1;2915
;(10, 8);MoveNorthEast;(7, 8);False;1;2916
;(10, 8);MoveNorthEast;(7, 8);False;1;2917
;(10, 8);MoveNorthEast;(7, 8);False;1;2918
;(10, 8);MoveNorthEast;(7, 8);False;1;2919
;(10, 8);MoveNorthEast;(8, 7);False;1;2920
;(10, 8);MoveEast;(8, 7);False;1;2921
;(10, 8);MoveEast;(8, 7);False;1;2922
;(10, 8);MoveEast;(8, 7);False;1;2923
;(10, 8);MoveEast;(8, 7);False;1;2924
;(10, 8);MoveEast;(8, 7);False;1;2925
;(10, 8);MoveEast;(8, 7);False;1;2926
;(10, 8);MoveEast;(8, 7);False;1;2927
;(10, 8);MoveEast;(8, 7);False;1;2928
;(10, 8);MoveEast;(8, 7);False;1;2929
;(10, 8);MoveEast;(8, 7);False;1;2930
;(10, 8);MoveEast;(9, 7);False;1;2931
;(10, 8);DropLargeObject;(9, 7);False;1;2932
;(10, 8);DropLargeObject;(9, 7);False;1;2933
;(10, 8);DropLargeObject;(9, 7);False;1;2934
;(10, 8);DropLargeObject;(9, 7);False;1;2935
;(10, 8);DropLargeObject;(9, 7);False;1;2936
;(10, 8);DropLargeObject;(9, 7);False;1;2937
;(10, 8);DropLargeObject;(9, 7);False;1;2938
;(10, 8);DropLargeObject;(9, 7);False;1;2939
;(10, 8);DropLargeObject;(9, 7);False;1;2940
;(10, 8);DropLargeObject;(9, 7);False;1;2941
;(10, 8);DropLargeObject;(9, 7);False;1;2942
;(10, 8);;(9, 7);False;1;2943
;(10, 8);Idle;(9, 7);False;1;2944
;(10, 8);Idle;(9, 7);False;1;2945
;(10, 8);Idle;(9, 7);False;1;2946
;(10, 8);Idle;(9, 7);False;1;2947
;(10, 8);Idle;(9, 7);False;1;2948
;(10, 8);Idle;(9, 7);False;1;2949
;(10, 8);Idle;(9, 7);False;1;2950
;(10, 8);Idle;(9, 7);False;1;2951
;(10, 8);Idle;(9, 7);False;1;2952
;(10, 8);Idle;(9, 7);False;1;2953
;(10, 8);Idle;(9, 7);False;1;2954
;(10, 8);Idle;(9, 7);False;1;2955
;(10, 8);Idle;(9, 7);False;1;2956
;(10, 8);Idle;(9, 7);False;1;2957
;(10, 8);Idle;(9, 7);False;1;2958
;(10, 8);Idle;(9, 7);False;1;2959
;(10, 8);Idle;(9, 7);False;1;2960
;(10, 8);Idle;(9, 7);False;1;2961
;(10, 8);Idle;(9, 7);False;1;2962
;(10, 8);Idle;(9, 7);False;1;2963
;(10, 8);Idle;(9, 7);False;1;2964
;(10, 8);Idle;(9, 7);False;1;2965
;(10, 8);Idle;(9, 7);False;1;2966
;(10, 8);Idle;(9, 7);False;1;2967
;(10, 8);Idle;(9, 7);False;1;2968
;(10, 8);Idle;(9, 7);False;1;2969
;(10, 8);Idle;(9, 7);False;1;2970
;(10, 8);Idle;(9, 7);False;1;2971
;(10, 8);Idle;(9, 7);False;1;2972
;(10, 8);Idle;(9, 7);False;1;2973
;(10, 8);Idle;(9, 7);False;1;2974
;(10, 8);Idle;(9, 7);False;1;2975
;(10, 8);Idle;(9, 7);False;1;2976
;(10, 8);Idle;(9, 7);False;1;2977
;(10, 8);Idle;(9, 7);False;1;2978
;(10, 8);Idle;(9, 7);False;1;2979
;(10, 8);Idle;(9, 7);False;1;2980
;(10, 8);Idle;(9, 7);False;1;2981
;(10, 8);Idle;(9, 7);False;1;2982
;(10, 8);Idle;(9, 7);False;1;2983
;(10, 8);Idle;(9, 7);False;1;2984
;(10, 8);Idle;(9, 7);False;1;2985
;(10, 8);Idle;(9, 7);False;1;2986
;(10, 8);Idle;(9, 7);False;1;2987
;(10, 8);Idle;(9, 7);False;1;2988
;(10, 8);Idle;(9, 7);False;1;2989
;(10, 8);Idle;(9, 7);False;1;2990
;(10, 8);Idle;(9, 7);False;1;2991
;(10, 8);Idle;(9, 7);False;1;2992
;(10, 8);Idle;(9, 7);False;1;2993
;(10, 8);Idle;(9, 7);False;1;2994
;(10, 8);Idle;(9, 7);False;1;2995
;(10, 8);Idle;(9, 7);False;1;2996
;(10, 8);Idle;(9, 7);False;1;2997
;(10, 8);Idle;(9, 7);False;1;2998
;(10, 8);;(9, 7);False;1;2999
;(10, 8);;(9, 7);False;1;3000
;(10, 8);;(9, 7);False;1;3001
;(10, 8);;(9, 7);False;1;3002
;(10, 8);;(9, 7);False;1;3003
;(10, 8);;(9, 7);False;1;3004
;(10, 8);;(9, 7);False;1;3005
;(10, 8);;(9, 7);False;1;3006
;(10, 8);;(9, 7);False;1;3007
;(10, 8);;(9, 7);False;1;3008
;(10, 8);;(9, 7);False;1;3009
;(10, 8);;(9, 7);False;1;3010
;(10, 8);;(9, 7);False;1;3011
;(10, 8);;(9, 7);False;1;3012
;(10, 8);;(9, 7);False;1;3013
;(10, 8);;(9, 7);False;1;3014
;(10, 8);;(9, 7);False;1;3015
;(10, 8);;(9, 7);False;1;3016
;(10, 8);;(9, 7);False;1;3017
;(10, 8);;(9, 7);False;1;3018
;(10, 8);;(9, 7);False;1;3019
