tick;corrected_tick;remaining_distance;victim_harm;idle_time_robot;q_table_cps;q_table_cps_runs;q_table_basic;world_nr;tick_nr
3019;3000;9;200;2;;;"                     Move back and forth  Stand Still    Pick up       Drop      Break
[4, 'equal', False]           -13.080000   -10.064117 -11.789650 -10.723750 -12.829437
[4, 'human', False]           -10.964063    -6.584470  -9.864000  -1.546875  -8.214063
[4, 'human', True]             -7.750000    -3.500000  -2.268038  -0.500000   0.000000
[3, 'human', False]           -15.160000   -13.158894 -13.278000 -29.050000 -15.610000
[3, 'human', True]             -7.000000    -7.198504  -4.437126  -8.913994  -7.267871
[3, 'equal', False]            -7.000000    -7.747680 -10.759951  -6.422276  -7.050000
[2, 'equal', False]           -14.500000    -6.620000 -30.468000  -3.120000 -40.500000
[2, 'equal', True]              0.000000    -0.650000   0.000000   0.000000   0.000000
[4, 'equal', True]             -4.150000    -5.374996  -1.500000  -1.000000  -4.065687
[3, 'equal', True]             -7.000000    -0.500000  -3.000000  -7.963500 -24.926683
[3, 'robot', True]            -10.547663    -6.582558 -14.300630  -6.550000  -7.516774
[3, 'robot', False]           -19.094098   -25.588702 -31.719769 -10.974687 -58.320000
[2, 'robot', False]           -10.257131   -48.300000  -1.041763 -34.380000 -31.018096
[4, 'robot', False]            -4.000000    -4.458000  -1.357000  -4.000000  -5.500000
[2, 'robot', True]             -7.000000    -3.500000  -1.050000  -6.500000  -4.500000
[4, 'robot', True]             -5.050000     0.000000   0.000000   0.000000  -0.121480
[2, 'human', False]            -4.000000   -28.800000  -4.000000  -4.500000  -4.000000
[2, 'human', True]              0.000000     0.000000   0.000000   0.000000  -6.000000
[1, 'robot', False]             0.000000     0.000000   0.000000   0.000000 -26.500000";1;3019
