human_selector_action;human_selector_location;robot_action;robot_location;robot_executing_cp;world_nr;tick_nr
;(3, 4);;(4, 4);False;1;0
;(3, 4);;(4, 4);False;1;1
;(3, 4);MoveWest;(4, 4);False;1;2
;(3, 4);MoveWest;(4, 4);False;1;3
;(3, 4);MoveWest;(4, 4);False;1;4
;(3, 4);MoveWest;(4, 4);False;1;5
;(3, 4);MoveWest;(4, 4);False;1;6
;(3, 4);MoveWest;(4, 4);False;1;7
;(3, 4);MoveWest;(4, 4);False;1;8
;(3, 4);MoveWest;(4, 4);False;1;9
;(3, 4);MoveWest;(4, 4);False;1;10
;(3, 4);MoveWest;(4, 4);False;1;11
MoveEast;(4, 4);MoveWest;(3, 4);False;1;12
;(4, 4);Idle;(3, 4);False;1;13
;(4, 4);Idle;(3, 4);False;1;14
;(4, 4);Idle;(3, 4);False;1;15
;(4, 4);Idle;(3, 4);False;1;16
;(4, 4);Idle;(3, 4);False;1;17
;(4, 4);Idle;(3, 4);False;1;18
;(4, 4);Idle;(3, 4);False;1;19
;(4, 4);Idle;(3, 4);False;1;20
;(4, 4);Idle;(3, 4);False;1;21
;(4, 4);Idle;(3, 4);False;1;22
;(4, 4);Idle;(3, 4);False;1;23
;(4, 4);Idle;(3, 4);False;1;24
;(4, 4);Idle;(3, 4);False;1;25
MoveSouth;(4, 5);Idle;(3, 4);False;1;26
;(4, 5);Idle;(3, 4);False;1;27
;(4, 5);Idle;(3, 4);False;1;28
MoveEast;(5, 5);Idle;(3, 4);False;1;29
;(5, 5);Idle;(3, 4);False;1;30
;(5, 5);Idle;(3, 4);False;1;31
;(5, 5);Idle;(3, 4);False;1;32
;(5, 5);Idle;(3, 4);False;1;33
;(5, 5);Idle;(3, 4);False;1;34
;(5, 5);Idle;(3, 4);False;1;35
;(5, 5);Idle;(3, 4);False;1;36
MoveEast;(6, 5);Idle;(3, 4);False;1;37
;(6, 5);Idle;(3, 4);False;1;38
;(6, 5);Idle;(3, 4);False;1;39
;(6, 5);Idle;(3, 4);False;1;40
;(6, 5);Idle;(3, 4);False;1;41
;(6, 5);Idle;(3, 4);False;1;42
;(6, 5);Idle;(3, 4);False;1;43
;(6, 5);Idle;(3, 4);False;1;44
;(6, 5);Idle;(3, 4);False;1;45
;(6, 5);Idle;(3, 4);False;1;46
;(6, 5);Idle;(3, 4);False;1;47
;(6, 5);Idle;(3, 4);False;1;48
;(6, 5);Idle;(3, 4);False;1;49
;(6, 5);Idle;(3, 4);False;1;50
;(6, 5);Idle;(3, 4);False;1;51
MoveWest;(5, 5);Idle;(3, 4);False;1;52
;(5, 5);Idle;(3, 4);False;1;53
;(5, 5);Idle;(3, 4);False;1;54
;(5, 5);Idle;(3, 4);False;1;55
;(5, 5);Idle;(3, 4);False;1;56
;(5, 5);Idle;(3, 4);False;1;57
;(5, 5);Idle;(3, 4);False;1;58
;(5, 5);Idle;(3, 4);False;1;59
;(5, 5);Idle;(3, 4);False;1;60
;(5, 5);Idle;(3, 4);False;1;61
;(5, 5);Idle;(3, 4);False;1;62
;(5, 5);Idle;(3, 4);False;1;63
;(5, 5);Idle;(3, 4);False;1;64
;(5, 5);Idle;(3, 4);False;1;65
;(5, 5);Idle;(3, 4);False;1;66
;(5, 5);Idle;(3, 4);False;1;67
;(5, 5);;(3, 4);False;1;68
MoveEast;(6, 5);MoveEast;(3, 4);False;1;69
;(6, 5);MoveEast;(3, 4);False;1;70
;(6, 5);MoveEast;(3, 4);False;1;71
;(6, 5);MoveEast;(3, 4);False;1;72
MoveEast;(7, 5);MoveEast;(3, 4);False;1;73
;(7, 5);MoveEast;(3, 4);False;1;74
;(7, 5);MoveEast;(3, 4);False;1;75
;(7, 5);MoveEast;(3, 4);False;1;76
;(7, 5);MoveEast;(3, 4);False;1;77
MoveEast;(8, 5);MoveEast;(3, 4);False;1;78
;(8, 5);MoveEast;(4, 4);False;1;79
;(8, 5);MoveEast;(4, 4);False;1;80
;(8, 5);MoveEast;(4, 4);False;1;81
;(8, 5);MoveEast;(4, 4);False;1;82
;(8, 5);MoveEast;(4, 4);False;1;83
;(8, 5);MoveEast;(4, 4);False;1;84
;(8, 5);MoveEast;(4, 4);False;1;85
;(8, 5);MoveEast;(4, 4);False;1;86
MoveNorth;(8, 4);MoveEast;(4, 4);False;1;87
;(8, 4);MoveEast;(4, 4);False;1;88
;(8, 4);MoveEast;(4, 4);False;1;89
;(8, 4);MoveEast;(5, 4);False;1;90
;(8, 4);MoveWest;(5, 4);False;1;91
;(8, 4);MoveWest;(5, 4);False;1;92
;(8, 4);MoveWest;(5, 4);False;1;93
;(8, 4);MoveWest;(5, 4);False;1;94
;(8, 4);MoveWest;(5, 4);False;1;95
;(8, 4);MoveWest;(5, 4);False;1;96
MoveNorth;(8, 3);MoveWest;(5, 4);False;1;97
;(8, 3);MoveWest;(5, 4);False;1;98
;(8, 3);MoveWest;(5, 4);False;1;99
;(8, 3);MoveWest;(5, 4);False;1;100
;(8, 3);MoveWest;(4, 4);False;1;101
;(8, 3);MoveWest;(4, 4);False;1;102
;(8, 3);MoveWest;(4, 4);False;1;103
;(8, 3);MoveWest;(4, 4);False;1;104
;(8, 3);MoveWest;(4, 4);False;1;105
GrabObject;(8, 3);MoveWest;(4, 4);False;1;106
;(8, 3);MoveWest;(4, 4);False;1;107
;(8, 3);MoveWest;(4, 4);False;1;108
;(8, 3);MoveWest;(4, 4);False;1;109
;(8, 3);MoveWest;(4, 4);False;1;110
;(8, 3);MoveWest;(4, 4);False;1;111
;(8, 3);MoveWest;(3, 4);False;1;112
;(8, 3);MoveEast;(3, 4);False;1;113
;(8, 3);MoveEast;(3, 4);False;1;114
;(8, 3);MoveEast;(3, 4);False;1;115
;(8, 3);MoveEast;(3, 4);False;1;116
;(8, 3);MoveEast;(3, 4);False;1;117
;(8, 3);MoveEast;(3, 4);False;1;118
;(8, 3);MoveEast;(3, 4);False;1;119
MoveWest;(7, 3);MoveEast;(3, 4);False;1;120
;(7, 3);MoveEast;(3, 4);False;1;121
;(7, 3);MoveEast;(3, 4);False;1;122
;(7, 3);MoveEast;(4, 4);False;1;123
;(7, 3);MoveEast;(4, 4);False;1;124
;(7, 3);MoveEast;(4, 4);False;1;125
;(7, 3);MoveEast;(4, 4);False;1;126
;(7, 3);MoveEast;(4, 4);False;1;127
;(7, 3);MoveEast;(4, 4);False;1;128
MoveWest;(6, 3);MoveEast;(4, 4);False;1;129
;(6, 3);MoveEast;(4, 4);False;1;130
MoveWest;(5, 3);MoveEast;(4, 4);False;1;131
MoveWest;(4, 3);MoveEast;(4, 4);False;1;132
;(4, 3);MoveEast;(4, 4);False;1;133
MoveWest;(3, 3);MoveEast;(5, 4);False;1;134
;(3, 3);MoveWest;(5, 4);False;1;135
MoveWest;(2, 3);MoveWest;(5, 4);False;1;136
MoveWest;(1, 3);MoveWest;(5, 4);False;1;137
;(1, 3);MoveWest;(5, 4);False;1;138
;(1, 3);MoveWest;(5, 4);False;1;139
;(1, 3);MoveWest;(5, 4);False;1;140
;(1, 3);MoveWest;(5, 4);False;1;141
MoveWest;(0, 3);MoveWest;(5, 4);False;1;142
;(0, 3);MoveWest;(5, 4);False;1;143
;(0, 3);MoveWest;(5, 4);False;1;144
;(0, 3);MoveWest;(4, 4);False;1;145
;(0, 3);MoveWest;(4, 4);False;1;146
;(0, 3);MoveWest;(4, 4);False;1;147
GrabObject;(0, 3);MoveWest;(4, 4);False;1;148
;(0, 3);MoveWest;(4, 4);False;1;149
;(0, 3);MoveWest;(4, 4);False;1;150
;(0, 3);MoveWest;(4, 4);False;1;151
;(0, 3);MoveWest;(4, 4);False;1;152
;(0, 3);MoveWest;(4, 4);False;1;153
;(0, 3);MoveWest;(4, 4);False;1;154
;(0, 3);MoveWest;(4, 4);False;1;155
;(0, 3);MoveWest;(3, 4);False;1;156
;(0, 3);MoveEast;(3, 4);False;1;157
DropObject;(0, 3);MoveEast;(3, 4);False;1;158
;(0, 3);MoveEast;(3, 4);False;1;159
;(0, 3);MoveEast;(3, 4);False;1;160
;(0, 3);MoveEast;(3, 4);False;1;161
;(0, 3);MoveEast;(3, 4);False;1;162
;(0, 3);MoveEast;(3, 4);False;1;163
;(0, 3);MoveEast;(3, 4);False;1;164
;(0, 3);MoveEast;(3, 4);False;1;165
;(0, 3);MoveEast;(3, 4);False;1;166
;(0, 3);MoveEast;(4, 4);False;1;167
;(0, 3);MoveEast;(4, 4);False;1;168
;(0, 3);MoveEast;(4, 4);False;1;169
;(0, 3);MoveEast;(4, 4);False;1;170
;(0, 3);MoveEast;(4, 4);False;1;171
MoveEast;(1, 3);MoveEast;(4, 4);False;1;172
;(1, 3);MoveEast;(4, 4);False;1;173
;(1, 3);MoveEast;(4, 4);False;1;174
;(1, 3);MoveEast;(4, 4);False;1;175
MoveEast;(2, 3);MoveEast;(4, 4);False;1;176
;(2, 3);MoveEast;(4, 4);False;1;177
;(2, 3);MoveEast;(5, 4);False;1;178
MoveEast;(3, 3);MoveWest;(5, 4);False;1;179
;(3, 3);MoveWest;(5, 4);False;1;180
;(3, 3);MoveWest;(5, 4);False;1;181
;(3, 3);MoveWest;(5, 4);False;1;182
;(3, 3);MoveWest;(5, 4);False;1;183
MoveEast;(4, 3);MoveWest;(5, 4);False;1;184
;(4, 3);MoveWest;(5, 4);False;1;185
;(4, 3);MoveWest;(5, 4);False;1;186
MoveEast;(5, 3);MoveWest;(5, 4);False;1;187
;(5, 3);MoveWest;(5, 4);False;1;188
;(5, 3);MoveWest;(4, 4);False;1;189
;(5, 3);MoveWest;(4, 4);False;1;190
MoveEast;(6, 3);MoveWest;(4, 4);False;1;191
;(6, 3);MoveWest;(4, 4);False;1;192
;(6, 3);MoveWest;(4, 4);False;1;193
;(6, 3);MoveWest;(4, 4);False;1;194
MoveEast;(7, 3);MoveWest;(4, 4);False;1;195
;(7, 3);MoveWest;(4, 4);False;1;196
;(7, 3);MoveWest;(4, 4);False;1;197
;(7, 3);MoveWest;(4, 4);False;1;198
MoveEast;(8, 3);MoveWest;(4, 4);False;1;199
;(8, 3);MoveWest;(3, 4);False;1;200
;(8, 3);;(3, 4);False;1;201
;(8, 3);Idle;(3, 4);False;1;202
MoveEast;(9, 3);Idle;(3, 4);False;1;203
;(9, 3);Idle;(3, 4);False;1;204
;(9, 3);Idle;(3, 4);False;1;205
;(9, 3);Idle;(3, 4);False;1;206
;(9, 3);Idle;(3, 4);False;1;207
;(9, 3);Idle;(3, 4);False;1;208
;(9, 3);Idle;(3, 4);False;1;209
;(9, 3);Idle;(3, 4);False;1;210
MoveEast;(10, 3);Idle;(3, 4);False;1;211
;(10, 3);Idle;(3, 4);False;1;212
;(10, 3);Idle;(3, 4);False;1;213
;(10, 3);Idle;(3, 4);False;1;214
;(10, 3);Idle;(3, 4);False;1;215
;(10, 3);Idle;(3, 4);False;1;216
;(10, 3);Idle;(3, 4);False;1;217
;(10, 3);Idle;(3, 4);False;1;218
;(10, 3);Idle;(3, 4);False;1;219
;(10, 3);Idle;(3, 4);False;1;220
;(10, 3);Idle;(3, 4);False;1;221
;(10, 3);Idle;(3, 4);False;1;222
MoveWest;(9, 3);Idle;(3, 4);False;1;223
;(9, 3);Idle;(3, 4);False;1;224
;(9, 3);Idle;(3, 4);False;1;225
;(9, 3);Idle;(3, 4);False;1;226
;(9, 3);Idle;(3, 4);False;1;227
;(9, 3);Idle;(3, 4);False;1;228
;(9, 3);Idle;(3, 4);False;1;229
;(9, 3);Idle;(3, 4);False;1;230
GrabObject;(9, 3);Idle;(3, 4);False;1;231
;(9, 3);Idle;(3, 4);False;1;232
;(9, 3);Idle;(3, 4);False;1;233
;(9, 3);Idle;(3, 4);False;1;234
;(9, 3);Idle;(3, 4);False;1;235
;(9, 3);Idle;(3, 4);False;1;236
;(9, 3);Idle;(3, 4);False;1;237
;(9, 3);Idle;(3, 4);False;1;238
;(9, 3);Idle;(3, 4);False;1;239
;(9, 3);Idle;(3, 4);False;1;240
;(9, 3);Idle;(3, 4);False;1;241
;(9, 3);Idle;(3, 4);False;1;242
MoveWest;(8, 3);Idle;(3, 4);False;1;243
;(8, 3);Idle;(3, 4);False;1;244
;(8, 3);Idle;(3, 4);False;1;245
;(8, 3);Idle;(3, 4);False;1;246
;(8, 3);Idle;(3, 4);False;1;247
;(8, 3);Idle;(3, 4);False;1;248
;(8, 3);Idle;(3, 4);False;1;249
;(8, 3);Idle;(3, 4);False;1;250
;(8, 3);Idle;(3, 4);False;1;251
;(8, 3);Idle;(3, 4);False;1;252
MoveWest;(7, 3);Idle;(3, 4);False;1;253
;(7, 3);Idle;(3, 4);False;1;254
MoveWest;(6, 3);Idle;(3, 4);False;1;255
MoveWest;(5, 3);Idle;(3, 4);False;1;256
;(5, 3);;(3, 4);False;1;257
MoveWest;(4, 3);MoveEast;(3, 4);False;1;258
;(4, 3);MoveEast;(3, 4);False;1;259
MoveWest;(3, 3);MoveEast;(3, 4);False;1;260
MoveWest;(2, 3);MoveEast;(3, 4);False;1;261
;(2, 3);MoveEast;(3, 4);False;1;262
MoveWest;(1, 3);MoveEast;(3, 4);False;1;263
;(1, 3);MoveEast;(3, 4);False;1;264
;(1, 3);MoveEast;(3, 4);False;1;265
;(1, 3);MoveEast;(3, 4);False;1;266
;(1, 3);MoveEast;(3, 4);False;1;267
;(1, 3);MoveEast;(4, 4);False;1;268
MoveWest;(0, 3);MoveEast;(4, 4);False;1;269
;(0, 3);MoveEast;(4, 4);False;1;270
;(0, 3);MoveEast;(4, 4);False;1;271
;(0, 3);MoveEast;(4, 4);False;1;272
;(0, 3);MoveEast;(4, 4);False;1;273
;(0, 3);MoveEast;(4, 4);False;1;274
;(0, 3);MoveEast;(4, 4);False;1;275
;(0, 3);MoveEast;(4, 4);False;1;276
GrabObject;(0, 3);MoveEast;(4, 4);False;1;277
;(0, 3);MoveEast;(4, 4);False;1;278
;(0, 3);MoveEast;(5, 4);False;1;279
;(0, 3);MoveEast;(5, 4);False;1;280
;(0, 3);MoveEast;(5, 4);False;1;281
;(0, 3);MoveEast;(5, 4);False;1;282
;(0, 3);MoveEast;(5, 4);False;1;283
;(0, 3);MoveEast;(5, 4);False;1;284
;(0, 3);MoveEast;(5, 4);False;1;285
;(0, 3);MoveEast;(5, 4);False;1;286
;(0, 3);MoveEast;(5, 4);False;1;287
;(0, 3);MoveEast;(5, 4);False;1;288
;(0, 3);MoveEast;(5, 4);False;1;289
;(0, 3);MoveEast;(6, 4);False;1;290
;(0, 3);MoveEast;(6, 4);False;1;291
;(0, 3);MoveEast;(6, 4);False;1;292
;(0, 3);MoveEast;(6, 4);False;1;293
;(0, 3);MoveEast;(6, 4);False;1;294
;(0, 3);MoveEast;(6, 4);False;1;295
;(0, 3);MoveEast;(6, 4);False;1;296
;(0, 3);MoveEast;(6, 4);False;1;297
;(0, 3);MoveEast;(6, 4);False;1;298
DropObject;(0, 3);MoveEast;(6, 4);False;1;299
;(0, 3);MoveEast;(6, 4);False;1;300
;(0, 3);MoveEast;(7, 4);False;1;301
;(0, 3);MoveEast;(7, 4);False;1;302
;(0, 3);MoveEast;(7, 4);False;1;303
;(0, 3);MoveEast;(7, 4);False;1;304
;(0, 3);MoveEast;(7, 4);False;1;305
MoveEast;(1, 3);MoveEast;(7, 4);False;1;306
;(1, 3);MoveEast;(7, 4);False;1;307
;(1, 3);MoveEast;(7, 4);False;1;308
;(1, 3);MoveEast;(7, 4);False;1;309
;(1, 3);MoveEast;(7, 4);False;1;310
;(1, 3);MoveEast;(7, 4);False;1;311
;(1, 3);MoveEast;(8, 4);False;1;312
;(1, 3);MoveEast;(8, 4);False;1;313
;(1, 3);MoveEast;(8, 4);False;1;314
;(1, 3);MoveEast;(8, 4);False;1;315
MoveEast;(2, 3);MoveEast;(8, 4);False;1;316
;(2, 3);MoveEast;(8, 4);False;1;317
MoveEast;(3, 3);MoveEast;(8, 4);False;1;318
;(3, 3);MoveEast;(8, 4);False;1;319
MoveEast;(4, 3);MoveEast;(8, 4);False;1;320
;(4, 3);MoveEast;(8, 4);False;1;321
MoveEast;(5, 3);MoveEast;(8, 4);False;1;322
MoveEast;(6, 3);MoveEast;(9, 4);False;1;323
;(6, 3);MoveEast;(9, 4);False;1;324
MoveEast;(7, 3);MoveEast;(9, 4);False;1;325
;(7, 3);MoveEast;(9, 4);False;1;326
MoveEast;(8, 3);MoveEast;(9, 4);False;1;327
MoveEast;(9, 3);MoveEast;(9, 4);False;1;328
;(9, 3);MoveEast;(9, 4);False;1;329
MoveEast;(10, 3);MoveEast;(9, 4);False;1;330
MoveEast;(11, 3);MoveEast;(9, 4);False;1;331
;(11, 3);MoveEast;(9, 4);False;1;332
MoveEast;(12, 3);MoveEast;(9, 4);False;1;333
;(12, 3);MoveEast;(10, 4);False;1;334
MoveEast;(13, 3);GrabObject;(10, 4);False;1;335
;(13, 3);GrabObject;(10, 4);False;1;336
;(13, 3);GrabObject;(10, 4);False;1;337
;(13, 3);GrabObject;(10, 4);False;1;338
;(13, 3);GrabObject;(10, 4);False;1;339
MoveSouth;(13, 4);GrabObject;(10, 4);False;1;340
;(13, 4);GrabObject;(10, 4);False;1;341
;(13, 4);GrabObject;(10, 4);False;1;342
;(13, 4);GrabObject;(10, 4);False;1;343
;(13, 4);GrabObject;(10, 4);False;1;344
;(13, 4);GrabObject;(10, 4);False;1;345
;(13, 4);;(10, 4);False;1;346
;(13, 4);MoveWest;(10, 4);False;1;347
;(13, 4);MoveWest;(10, 4);False;1;348
;(13, 4);MoveWest;(10, 4);False;1;349
MoveWest;(12, 4);MoveWest;(10, 4);False;1;350
;(12, 4);MoveWest;(10, 4);False;1;351
;(12, 4);MoveWest;(10, 4);False;1;352
;(12, 4);MoveWest;(10, 4);False;1;353
;(12, 4);MoveWest;(10, 4);False;1;354
;(12, 4);MoveWest;(10, 4);False;1;355
;(12, 4);MoveWest;(10, 4);False;1;356
MoveWest;(11, 4);MoveWest;(9, 4);False;1;357
;(11, 4);MoveWest;(9, 4);False;1;358
;(11, 4);MoveWest;(9, 4);False;1;359
;(11, 4);MoveWest;(9, 4);False;1;360
;(11, 4);MoveWest;(9, 4);False;1;361
;(11, 4);MoveWest;(9, 4);False;1;362
;(11, 4);MoveWest;(9, 4);False;1;363
MoveWest;(10, 4);MoveWest;(9, 4);False;1;364
;(10, 4);MoveWest;(9, 4);False;1;365
;(10, 4);MoveWest;(9, 4);False;1;366
;(10, 4);MoveWest;(9, 4);False;1;367
;(10, 4);MoveWest;(8, 4);False;1;368
;(10, 4);MoveWest;(8, 4);False;1;369
;(10, 4);MoveWest;(8, 4);False;1;370
;(10, 4);MoveWest;(8, 4);False;1;371
;(10, 4);MoveWest;(8, 4);False;1;372
;(10, 4);MoveWest;(8, 4);False;1;373
MoveEast;(11, 4);MoveWest;(8, 4);False;1;374
;(11, 4);MoveWest;(8, 4);False;1;375
;(11, 4);MoveWest;(8, 4);False;1;376
;(11, 4);MoveWest;(8, 4);False;1;377
;(11, 4);MoveWest;(8, 4);False;1;378
;(11, 4);MoveWest;(7, 4);False;1;379
;(11, 4);MoveWest;(7, 4);False;1;380
;(11, 4);MoveWest;(7, 4);False;1;381
;(11, 4);MoveWest;(7, 4);False;1;382
;(11, 4);MoveWest;(7, 4);False;1;383
;(11, 4);MoveWest;(7, 4);False;1;384
;(11, 4);MoveWest;(7, 4);False;1;385
;(11, 4);MoveWest;(7, 4);False;1;386
;(11, 4);MoveWest;(7, 4);False;1;387
;(11, 4);MoveWest;(7, 4);False;1;388
;(11, 4);MoveWest;(7, 4);False;1;389
;(11, 4);MoveWest;(6, 4);False;1;390
;(11, 4);MoveWest;(6, 4);False;1;391
;(11, 4);MoveWest;(6, 4);False;1;392
MoveWest;(10, 4);MoveWest;(6, 4);False;1;393
;(10, 4);MoveWest;(6, 4);False;1;394
;(10, 4);MoveWest;(6, 4);False;1;395
;(10, 4);MoveWest;(6, 4);False;1;396
;(10, 4);MoveWest;(6, 4);False;1;397
;(10, 4);MoveWest;(6, 4);False;1;398
;(10, 4);MoveWest;(6, 4);False;1;399
;(10, 4);MoveWest;(6, 4);False;1;400
;(10, 4);MoveWest;(5, 4);False;1;401
MoveSouth;(10, 5);MoveNorthWest;(5, 4);False;1;402
;(10, 5);MoveNorthWest;(5, 4);False;1;403
;(10, 5);MoveNorthWest;(5, 4);False;1;404
;(10, 5);MoveNorthWest;(5, 4);False;1;405
;(10, 5);MoveNorthWest;(5, 4);False;1;406
;(10, 5);MoveNorthWest;(5, 4);False;1;407
;(10, 5);MoveNorthWest;(5, 4);False;1;408
;(10, 5);MoveNorthWest;(5, 4);False;1;409
;(10, 5);MoveNorthWest;(5, 4);False;1;410
;(10, 5);MoveNorthWest;(5, 4);False;1;411
;(10, 5);MoveNorthWest;(4, 3);False;1;412
;(10, 5);MoveWest;(4, 3);False;1;413
;(10, 5);MoveWest;(4, 3);False;1;414
;(10, 5);MoveWest;(4, 3);False;1;415
;(10, 5);MoveWest;(4, 3);False;1;416
;(10, 5);MoveWest;(4, 3);False;1;417
;(10, 5);MoveWest;(4, 3);False;1;418
;(10, 5);MoveWest;(4, 3);False;1;419
;(10, 5);MoveWest;(4, 3);False;1;420
;(10, 5);MoveWest;(4, 3);False;1;421
;(10, 5);MoveWest;(4, 3);False;1;422
;(10, 5);MoveWest;(3, 3);False;1;423
;(10, 5);MoveNorthWest;(3, 3);False;1;424
;(10, 5);MoveNorthWest;(3, 3);False;1;425
;(10, 5);MoveNorthWest;(3, 3);False;1;426
DropObject;(10, 5);MoveNorthWest;(3, 3);False;1;427
;(10, 5);MoveNorthWest;(3, 3);False;1;428
;(10, 5);MoveNorthWest;(3, 3);False;1;429
;(10, 5);MoveNorthWest;(3, 3);False;1;430
;(10, 5);MoveNorthWest;(3, 3);False;1;431
;(10, 5);MoveNorthWest;(3, 3);False;1;432
;(10, 5);MoveNorthWest;(3, 3);False;1;433
;(10, 5);MoveNorthWest;(2, 2);False;1;434
;(10, 5);MoveWest;(2, 2);False;1;435
;(10, 5);MoveWest;(2, 2);False;1;436
;(10, 5);MoveWest;(2, 2);False;1;437
;(10, 5);MoveWest;(2, 2);False;1;438
;(10, 5);MoveWest;(2, 2);False;1;439
;(10, 5);MoveWest;(2, 2);False;1;440
GrabObject;(10, 5);MoveWest;(2, 2);False;1;441
;(10, 5);MoveWest;(2, 2);False;1;442
;(10, 5);MoveWest;(2, 2);False;1;443
;(10, 5);MoveWest;(2, 2);False;1;444
;(10, 5);MoveWest;(1, 2);False;1;445
;(10, 5);DropObject;(1, 2);False;1;446
;(10, 5);DropObject;(1, 2);False;1;447
;(10, 5);DropObject;(1, 2);False;1;448
;(10, 5);DropObject;(1, 2);False;1;449
;(10, 5);DropObject;(1, 2);False;1;450
;(10, 5);DropObject;(1, 2);False;1;451
MoveEast;(11, 5);DropObject;(1, 2);False;1;452
;(11, 5);DropObject;(1, 2);False;1;453
;(11, 5);DropObject;(1, 2);False;1;454
;(11, 5);DropObject;(1, 2);False;1;455
;(11, 5);DropObject;(1, 2);False;1;456
;(11, 5);;(1, 2);False;1;457
;(11, 5);Idle;(1, 2);False;1;458
;(11, 5);Idle;(1, 2);False;1;459
;(11, 5);Idle;(1, 2);False;1;460
MoveEast;(12, 5);Idle;(1, 2);False;1;461
;(12, 5);Idle;(1, 2);False;1;462
MoveEast;(13, 5);Idle;(1, 2);False;1;463
;(13, 5);Idle;(1, 2);False;1;464
MoveEast;(14, 5);Idle;(1, 2);False;1;465
MoveEast;(15, 5);Idle;(1, 2);False;1;466
;(15, 5);Idle;(1, 2);False;1;467
MoveEast;(16, 5);Idle;(1, 2);False;1;468
;(16, 5);Idle;(1, 2);False;1;469
MoveEast;(17, 5);Idle;(1, 2);False;1;470
;(17, 5);Idle;(1, 2);False;1;471
MoveEast;(18, 5);Idle;(1, 2);False;1;472
;(18, 5);Idle;(1, 2);False;1;473
;(18, 5);Idle;(1, 2);False;1;474
;(18, 5);Idle;(1, 2);False;1;475
;(18, 5);Idle;(1, 2);False;1;476
;(18, 5);Idle;(1, 2);False;1;477
GrabObject;(18, 5);Idle;(1, 2);False;1;478
;(18, 5);Idle;(1, 2);False;1;479
;(18, 5);Idle;(1, 2);False;1;480
;(18, 5);Idle;(1, 2);False;1;481
;(18, 5);Idle;(1, 2);False;1;482
;(18, 5);Idle;(1, 2);False;1;483
;(18, 5);Idle;(1, 2);False;1;484
;(18, 5);Idle;(1, 2);False;1;485
;(18, 5);Idle;(1, 2);False;1;486
;(18, 5);Idle;(1, 2);False;1;487
;(18, 5);Idle;(1, 2);False;1;488
;(18, 5);Idle;(1, 2);False;1;489
;(18, 5);Idle;(1, 2);False;1;490
;(18, 5);Idle;(1, 2);False;1;491
DropObject;(18, 5);Idle;(1, 2);False;1;492
;(18, 5);Idle;(1, 2);False;1;493
;(18, 5);Idle;(1, 2);False;1;494
;(18, 5);Idle;(1, 2);False;1;495
;(18, 5);Idle;(1, 2);False;1;496
;(18, 5);Idle;(1, 2);False;1;497
;(18, 5);Idle;(1, 2);False;1;498
MoveWest;(17, 5);Idle;(1, 2);False;1;499
;(17, 5);Idle;(1, 2);False;1;500
;(17, 5);Idle;(1, 2);False;1;501
;(17, 5);Idle;(1, 2);False;1;502
;(17, 5);Idle;(1, 2);False;1;503
;(17, 5);Idle;(1, 2);False;1;504
MoveWest;(16, 5);Idle;(1, 2);False;1;505
;(16, 5);Idle;(1, 2);False;1;506
;(16, 5);Idle;(1, 2);False;1;507
;(16, 5);Idle;(1, 2);False;1;508
MoveWest;(15, 5);Idle;(1, 2);False;1;509
;(15, 5);Idle;(1, 2);False;1;510
;(15, 5);Idle;(1, 2);False;1;511
;(15, 5);Idle;(1, 2);False;1;512
MoveWest;(14, 5);;(1, 2);False;1;513
;(14, 5);Idle;(1, 2);False;1;514
;(14, 5);Idle;(1, 2);False;1;515
MoveWest;(13, 5);Idle;(1, 2);False;1;516
;(13, 5);Idle;(1, 2);False;1;517
;(13, 5);Idle;(1, 2);False;1;518
;(13, 5);Idle;(1, 2);False;1;519
MoveWest;(12, 5);Idle;(1, 2);False;1;520
;(12, 5);Idle;(1, 2);False;1;521
;(12, 5);Idle;(1, 2);False;1;522
;(12, 5);Idle;(1, 2);False;1;523
MoveWest;(11, 5);Idle;(1, 2);False;1;524
;(11, 5);Idle;(1, 2);False;1;525
;(11, 5);Idle;(1, 2);False;1;526
;(11, 5);Idle;(1, 2);False;1;527
;(11, 5);Idle;(1, 2);False;1;528
;(11, 5);Idle;(1, 2);False;1;529
;(11, 5);Idle;(1, 2);False;1;530
;(11, 5);Idle;(1, 2);False;1;531
;(11, 5);Idle;(1, 2);False;1;532
;(11, 5);Idle;(1, 2);False;1;533
;(11, 5);Idle;(1, 2);False;1;534
;(11, 5);Idle;(1, 2);False;1;535
;(11, 5);Idle;(1, 2);False;1;536
MoveSouth;(11, 6);Idle;(1, 2);False;1;537
;(11, 6);Idle;(1, 2);False;1;538
;(11, 6);Idle;(1, 2);False;1;539
;(11, 6);Idle;(1, 2);False;1;540
;(11, 6);Idle;(1, 2);False;1;541
;(11, 6);Idle;(1, 2);False;1;542
;(11, 6);Idle;(1, 2);False;1;543
;(11, 6);Idle;(1, 2);False;1;544
;(11, 6);Idle;(1, 2);False;1;545
;(11, 6);Idle;(1, 2);False;1;546
;(11, 6);Idle;(1, 2);False;1;547
;(11, 6);Idle;(1, 2);False;1;548
;(11, 6);Idle;(1, 2);False;1;549
MoveEast;(12, 6);Idle;(1, 2);False;1;550
;(12, 6);Idle;(1, 2);False;1;551
;(12, 6);Idle;(1, 2);False;1;552
;(12, 6);Idle;(1, 2);False;1;553
;(12, 6);Idle;(1, 2);False;1;554
;(12, 6);Idle;(1, 2);False;1;555
;(12, 6);Idle;(1, 2);False;1;556
MoveSouth;(12, 7);Idle;(1, 2);False;1;557
;(12, 7);Idle;(1, 2);False;1;558
;(12, 7);Idle;(1, 2);False;1;559
;(12, 7);Idle;(1, 2);False;1;560
;(12, 7);Idle;(1, 2);False;1;561
;(12, 7);Idle;(1, 2);False;1;562
;(12, 7);Idle;(1, 2);False;1;563
;(12, 7);Idle;(1, 2);False;1;564
;(12, 7);Idle;(1, 2);False;1;565
;(12, 7);Idle;(1, 2);False;1;566
;(12, 7);Idle;(1, 2);False;1;567
MoveWest;(11, 7);Idle;(1, 2);False;1;568
;(11, 7);;(1, 2);False;1;569
;(11, 7);Idle;(1, 2);False;1;570
;(11, 7);Idle;(1, 2);False;1;571
;(11, 7);Idle;(1, 2);False;1;572
;(11, 7);Idle;(1, 2);False;1;573
;(11, 7);Idle;(1, 2);False;1;574
;(11, 7);Idle;(1, 2);False;1;575
;(11, 7);Idle;(1, 2);False;1;576
;(11, 7);Idle;(1, 2);False;1;577
;(11, 7);Idle;(1, 2);False;1;578
;(11, 7);Idle;(1, 2);False;1;579
;(11, 7);Idle;(1, 2);False;1;580
;(11, 7);Idle;(1, 2);False;1;581
;(11, 7);Idle;(1, 2);False;1;582
;(11, 7);Idle;(1, 2);False;1;583
DropObject;(11, 7);Idle;(1, 2);False;1;584
;(11, 7);Idle;(1, 2);False;1;585
;(11, 7);Idle;(1, 2);False;1;586
;(11, 7);Idle;(1, 2);False;1;587
;(11, 7);Idle;(1, 2);False;1;588
;(11, 7);Idle;(1, 2);False;1;589
;(11, 7);Idle;(1, 2);False;1;590
;(11, 7);Idle;(1, 2);False;1;591
;(11, 7);Idle;(1, 2);False;1;592
;(11, 7);Idle;(1, 2);False;1;593
;(11, 7);Idle;(1, 2);False;1;594
;(11, 7);Idle;(1, 2);False;1;595
;(11, 7);Idle;(1, 2);False;1;596
;(11, 7);Idle;(1, 2);False;1;597
;(11, 7);Idle;(1, 2);False;1;598
;(11, 7);Idle;(1, 2);False;1;599
GrabObject;(11, 7);Idle;(1, 2);False;1;600
;(11, 7);Idle;(1, 2);False;1;601
;(11, 7);Idle;(1, 2);False;1;602
;(11, 7);Idle;(1, 2);False;1;603
;(11, 7);Idle;(1, 2);False;1;604
;(11, 7);Idle;(1, 2);False;1;605
;(11, 7);Idle;(1, 2);False;1;606
MoveEast;(12, 7);Idle;(1, 2);False;1;607
;(12, 7);Idle;(1, 2);False;1;608
;(12, 7);Idle;(1, 2);False;1;609
;(12, 7);Idle;(1, 2);False;1;610
;(12, 7);Idle;(1, 2);False;1;611
;(12, 7);Idle;(1, 2);False;1;612
;(12, 7);Idle;(1, 2);False;1;613
;(12, 7);Idle;(1, 2);False;1;614
;(12, 7);Idle;(1, 2);False;1;615
;(12, 7);Idle;(1, 2);False;1;616
MoveEast;(13, 7);Idle;(1, 2);False;1;617
MoveEast;(14, 7);Idle;(1, 2);False;1;618
;(14, 7);Idle;(1, 2);False;1;619
MoveEast;(15, 7);Idle;(1, 2);False;1;620
;(15, 7);Idle;(1, 2);False;1;621
MoveEast;(16, 7);Idle;(1, 2);False;1;622
MoveEast;(17, 7);Idle;(1, 2);False;1;623
;(17, 7);Idle;(1, 2);False;1;624
;(17, 7);;(1, 2);False;1;625
;(17, 7);Idle;(1, 2);False;1;626
;(17, 7);Idle;(1, 2);False;1;627
;(17, 7);Idle;(1, 2);False;1;628
MoveEast;(18, 7);Idle;(1, 2);False;1;629
;(18, 7);Idle;(1, 2);False;1;630
;(18, 7);Idle;(1, 2);False;1;631
;(18, 7);Idle;(1, 2);False;1;632
;(18, 7);Idle;(1, 2);False;1;633
;(18, 7);Idle;(1, 2);False;1;634
;(18, 7);Idle;(1, 2);False;1;635
;(18, 7);Idle;(1, 2);False;1;636
GrabObject;(18, 7);Idle;(1, 2);False;1;637
;(18, 7);Idle;(1, 2);False;1;638
;(18, 7);Idle;(1, 2);False;1;639
;(18, 7);Idle;(1, 2);False;1;640
;(18, 7);Idle;(1, 2);False;1;641
;(18, 7);Idle;(1, 2);False;1;642
;(18, 7);Idle;(1, 2);False;1;643
;(18, 7);Idle;(1, 2);False;1;644
;(18, 7);Idle;(1, 2);False;1;645
;(18, 7);Idle;(1, 2);False;1;646
;(18, 7);Idle;(1, 2);False;1;647
;(18, 7);Idle;(1, 2);False;1;648
;(18, 7);Idle;(1, 2);False;1;649
;(18, 7);Idle;(1, 2);False;1;650
;(18, 7);Idle;(1, 2);False;1;651
;(18, 7);Idle;(1, 2);False;1;652
;(18, 7);Idle;(1, 2);False;1;653
;(18, 7);Idle;(1, 2);False;1;654
;(18, 7);Idle;(1, 2);False;1;655
;(18, 7);Idle;(1, 2);False;1;656
;(18, 7);Idle;(1, 2);False;1;657
;(18, 7);Idle;(1, 2);False;1;658
;(18, 7);Idle;(1, 2);False;1;659
;(18, 7);Idle;(1, 2);False;1;660
GrabObject;(18, 7);Idle;(1, 2);False;1;661
;(18, 7);Idle;(1, 2);False;1;662
;(18, 7);Idle;(1, 2);False;1;663
;(18, 7);Idle;(1, 2);False;1;664
;(18, 7);Idle;(1, 2);False;1;665
;(18, 7);Idle;(1, 2);False;1;666
;(18, 7);Idle;(1, 2);False;1;667
;(18, 7);Idle;(1, 2);False;1;668
;(18, 7);Idle;(1, 2);False;1;669
;(18, 7);Idle;(1, 2);False;1;670
;(18, 7);Idle;(1, 2);False;1;671
DropObject;(18, 7);Idle;(1, 2);False;1;672
;(18, 7);Idle;(1, 2);False;1;673
;(18, 7);Idle;(1, 2);False;1;674
;(18, 7);Idle;(1, 2);False;1;675
;(18, 7);Idle;(1, 2);False;1;676
;(18, 7);Idle;(1, 2);False;1;677
;(18, 7);Idle;(1, 2);False;1;678
;(18, 7);Idle;(1, 2);False;1;679
;(18, 7);Idle;(1, 2);False;1;680
;(18, 7);;(1, 2);False;1;681
;(18, 7);MoveEast;(1, 2);False;1;682
MoveWest;(17, 7);MoveEast;(1, 2);False;1;683
;(17, 7);MoveEast;(1, 2);False;1;684
;(17, 7);MoveEast;(1, 2);False;1;685
;(17, 7);MoveEast;(1, 2);False;1;686
MoveWest;(16, 7);MoveEast;(1, 2);False;1;687
;(16, 7);MoveEast;(1, 2);False;1;688
;(16, 7);MoveEast;(1, 2);False;1;689
;(16, 7);MoveEast;(1, 2);False;1;690
MoveWest;(15, 7);MoveEast;(1, 2);False;1;691
;(15, 7);MoveEast;(2, 2);False;1;692
;(15, 7);MoveEast;(2, 2);False;1;693
;(15, 7);MoveEast;(2, 2);False;1;694
;(15, 7);MoveEast;(2, 2);False;1;695
MoveWest;(14, 7);MoveEast;(2, 2);False;1;696
;(14, 7);MoveEast;(2, 2);False;1;697
;(14, 7);MoveEast;(2, 2);False;1;698
;(14, 7);MoveEast;(2, 2);False;1;699
;(14, 7);MoveEast;(2, 2);False;1;700
MoveWest;(13, 7);MoveEast;(2, 2);False;1;701
;(13, 7);MoveEast;(2, 2);False;1;702
;(13, 7);MoveEast;(3, 2);False;1;703
;(13, 7);MoveWest;(3, 2);False;1;704
;(13, 7);MoveWest;(3, 2);False;1;705
;(13, 7);MoveWest;(3, 2);False;1;706
MoveWest;(12, 7);MoveWest;(3, 2);False;1;707
;(12, 7);MoveWest;(3, 2);False;1;708
;(12, 7);MoveWest;(3, 2);False;1;709
;(12, 7);MoveWest;(3, 2);False;1;710
;(12, 7);MoveWest;(3, 2);False;1;711
;(12, 7);MoveWest;(3, 2);False;1;712
;(12, 7);MoveWest;(3, 2);False;1;713
;(12, 7);MoveWest;(2, 2);False;1;714
MoveWest;(11, 7);MoveWest;(2, 2);False;1;715
;(11, 7);MoveWest;(2, 2);False;1;716
;(11, 7);MoveWest;(2, 2);False;1;717
;(11, 7);MoveWest;(2, 2);False;1;718
;(11, 7);MoveWest;(2, 2);False;1;719
;(11, 7);MoveWest;(2, 2);False;1;720
MoveEast;(12, 7);MoveWest;(2, 2);False;1;721
;(12, 7);MoveWest;(2, 2);False;1;722
;(12, 7);MoveWest;(2, 2);False;1;723
;(12, 7);MoveWest;(2, 2);False;1;724
;(12, 7);MoveWest;(1, 2);False;1;725
;(12, 7);MoveEast;(1, 2);False;1;726
;(12, 7);MoveEast;(1, 2);False;1;727
;(12, 7);MoveEast;(1, 2);False;1;728
;(12, 7);MoveEast;(1, 2);False;1;729
;(12, 7);MoveEast;(1, 2);False;1;730
GrabObject;(12, 7);MoveEast;(1, 2);False;1;731
;(12, 7);MoveEast;(1, 2);False;1;732
;(12, 7);MoveEast;(1, 2);False;1;733
;(12, 7);MoveEast;(1, 2);False;1;734
;(12, 7);MoveEast;(1, 2);False;1;735
;(12, 7);MoveEast;(2, 2);False;1;736
;(12, 7);MoveEast;(2, 2);False;1;737
;(12, 7);MoveEast;(2, 2);False;1;738
;(12, 7);MoveEast;(2, 2);False;1;739
;(12, 7);MoveEast;(2, 2);False;1;740
;(12, 7);MoveEast;(2, 2);False;1;741
;(12, 7);MoveEast;(2, 2);False;1;742
MoveEast;(13, 7);MoveEast;(2, 2);False;1;743
;(13, 7);MoveEast;(2, 2);False;1;744
MoveEast;(14, 7);MoveEast;(2, 2);False;1;745
;(14, 7);MoveEast;(2, 2);False;1;746
;(14, 7);MoveEast;(3, 2);False;1;747
;(14, 7);MoveWest;(3, 2);False;1;748
MoveEast;(15, 7);MoveWest;(3, 2);False;1;749
;(15, 7);MoveWest;(3, 2);False;1;750
;(15, 7);MoveWest;(3, 2);False;1;751
;(15, 7);MoveWest;(3, 2);False;1;752
;(15, 7);MoveWest;(3, 2);False;1;753
;(15, 7);MoveWest;(3, 2);False;1;754
;(15, 7);MoveWest;(3, 2);False;1;755
;(15, 7);MoveWest;(3, 2);False;1;756
;(15, 7);MoveWest;(3, 2);False;1;757
;(15, 7);MoveWest;(2, 2);False;1;758
;(15, 7);MoveWest;(2, 2);False;1;759
;(15, 7);MoveWest;(2, 2);False;1;760
MoveEast;(16, 7);MoveWest;(2, 2);False;1;761
;(16, 7);MoveWest;(2, 2);False;1;762
;(16, 7);MoveWest;(2, 2);False;1;763
;(16, 7);MoveWest;(2, 2);False;1;764
;(16, 7);MoveWest;(2, 2);False;1;765
;(16, 7);MoveWest;(2, 2);False;1;766
;(16, 7);MoveWest;(2, 2);False;1;767
;(16, 7);MoveWest;(2, 2);False;1;768
;(16, 7);MoveWest;(1, 2);False;1;769
;(16, 7);MoveEast;(1, 2);False;1;770
;(16, 7);MoveEast;(1, 2);False;1;771
;(16, 7);MoveEast;(1, 2);False;1;772
;(16, 7);MoveEast;(1, 2);False;1;773
;(16, 7);MoveEast;(1, 2);False;1;774
;(16, 7);MoveEast;(1, 2);False;1;775
;(16, 7);MoveEast;(1, 2);False;1;776
;(16, 7);MoveEast;(1, 2);False;1;777
;(16, 7);MoveEast;(1, 2);False;1;778
GrabObject;(16, 7);MoveEast;(1, 2);False;1;779
;(16, 7);MoveEast;(2, 2);False;1;780
;(16, 7);MoveEast;(2, 2);False;1;781
;(16, 7);MoveEast;(2, 2);False;1;782
;(16, 7);MoveEast;(2, 2);False;1;783
;(16, 7);MoveEast;(2, 2);False;1;784
;(16, 7);MoveEast;(2, 2);False;1;785
;(16, 7);MoveEast;(2, 2);False;1;786
;(16, 7);MoveEast;(2, 2);False;1;787
;(16, 7);MoveEast;(2, 2);False;1;788
;(16, 7);MoveEast;(2, 2);False;1;789
;(16, 7);MoveEast;(2, 2);False;1;790
;(16, 7);MoveEast;(3, 2);False;1;791
;(16, 7);MoveWest;(3, 2);False;1;792
;(16, 7);MoveWest;(3, 2);False;1;793
;(16, 7);MoveWest;(3, 2);False;1;794
;(16, 7);MoveWest;(3, 2);False;1;795
;(16, 7);MoveWest;(3, 2);False;1;796
;(16, 7);MoveWest;(3, 2);False;1;797
;(16, 7);MoveWest;(3, 2);False;1;798
DropObject;(16, 7);MoveWest;(3, 2);False;1;799
;(16, 7);MoveWest;(3, 2);False;1;800
;(16, 7);MoveWest;(3, 2);False;1;801
;(16, 7);MoveWest;(2, 2);False;1;802
;(16, 7);MoveWest;(2, 2);False;1;803
;(16, 7);MoveWest;(2, 2);False;1;804
;(16, 7);MoveWest;(2, 2);False;1;805
;(16, 7);MoveWest;(2, 2);False;1;806
;(16, 7);MoveWest;(2, 2);False;1;807
MoveWest;(15, 7);MoveWest;(2, 2);False;1;808
;(15, 7);MoveWest;(2, 2);False;1;809
;(15, 7);MoveWest;(2, 2);False;1;810
;(15, 7);MoveWest;(2, 2);False;1;811
;(15, 7);MoveWest;(2, 2);False;1;812
;(15, 7);MoveWest;(1, 2);False;1;813
MoveWest;(14, 7);;(1, 2);False;1;814
;(14, 7);MoveEast;(1, 2);False;1;815
;(14, 7);MoveEast;(1, 2);False;1;816
;(14, 7);MoveEast;(1, 2);False;1;817
;(14, 7);MoveEast;(1, 2);False;1;818
MoveWest;(13, 7);MoveEast;(1, 2);False;1;819
;(13, 7);MoveEast;(1, 2);False;1;820
;(13, 7);MoveEast;(1, 2);False;1;821
;(13, 7);MoveEast;(1, 2);False;1;822
;(13, 7);MoveEast;(1, 2);False;1;823
;(13, 7);MoveEast;(1, 2);False;1;824
;(13, 7);MoveEast;(2, 2);False;1;825
;(13, 7);MoveEast;(2, 2);False;1;826
;(13, 7);MoveEast;(2, 2);False;1;827
;(13, 7);MoveEast;(2, 2);False;1;828
;(13, 7);MoveEast;(2, 2);False;1;829
GrabObject;(13, 7);MoveEast;(2, 2);False;1;830
;(13, 7);MoveEast;(2, 2);False;1;831
;(13, 7);MoveEast;(2, 2);False;1;832
;(13, 7);MoveEast;(2, 2);False;1;833
;(13, 7);MoveEast;(2, 2);False;1;834
;(13, 7);MoveEast;(2, 2);False;1;835
;(13, 7);MoveEast;(3, 2);False;1;836
;(13, 7);MoveWest;(3, 2);False;1;837
;(13, 7);MoveWest;(3, 2);False;1;838
;(13, 7);MoveWest;(3, 2);False;1;839
MoveEast;(14, 7);MoveWest;(3, 2);False;1;840
;(14, 7);MoveWest;(3, 2);False;1;841
;(14, 7);MoveWest;(3, 2);False;1;842
;(14, 7);MoveWest;(3, 2);False;1;843
;(14, 7);MoveWest;(3, 2);False;1;844
;(14, 7);MoveWest;(3, 2);False;1;845
MoveEast;(15, 7);MoveWest;(3, 2);False;1;846
;(15, 7);MoveWest;(2, 2);False;1;847
;(15, 7);MoveWest;(2, 2);False;1;848
MoveEast;(16, 7);MoveWest;(2, 2);False;1;849
;(16, 7);MoveWest;(2, 2);False;1;850
;(16, 7);MoveWest;(2, 2);False;1;851
MoveEast;(17, 7);MoveWest;(2, 2);False;1;852
;(17, 7);MoveWest;(2, 2);False;1;853
;(17, 7);MoveWest;(2, 2);False;1;854
;(17, 7);MoveWest;(2, 2);False;1;855
;(17, 7);MoveWest;(2, 2);False;1;856
;(17, 7);MoveWest;(2, 2);False;1;857
;(17, 7);MoveWest;(1, 2);False;1;858
;(17, 7);MoveEast;(1, 2);False;1;859
;(17, 7);MoveEast;(1, 2);False;1;860
;(17, 7);MoveEast;(1, 2);False;1;861
DropObject;(17, 7);MoveEast;(1, 2);False;1;862
;(17, 7);MoveEast;(1, 2);False;1;863
;(17, 7);MoveEast;(1, 2);False;1;864
;(17, 7);MoveEast;(1, 2);False;1;865
;(17, 7);MoveEast;(1, 2);False;1;866
;(17, 7);MoveEast;(1, 2);False;1;867
;(17, 7);MoveEast;(1, 2);False;1;868
;(17, 7);MoveEast;(2, 2);False;1;869
;(17, 7);MoveEast;(2, 2);False;1;870
;(17, 7);MoveEast;(2, 2);False;1;871
;(17, 7);MoveEast;(2, 2);False;1;872
;(17, 7);MoveEast;(2, 2);False;1;873
;(17, 7);MoveEast;(2, 2);False;1;874
;(17, 7);MoveEast;(2, 2);False;1;875
MoveWest;(16, 7);MoveEast;(2, 2);False;1;876
;(16, 7);MoveEast;(2, 2);False;1;877
;(16, 7);MoveEast;(2, 2);False;1;878
;(16, 7);MoveEast;(2, 2);False;1;879
;(16, 7);MoveEast;(3, 2);False;1;880
MoveWest;(15, 7);MoveWest;(3, 2);False;1;881
;(15, 7);MoveWest;(3, 2);False;1;882
;(15, 7);MoveWest;(3, 2);False;1;883
MoveWest;(14, 7);MoveWest;(3, 2);False;1;884
;(14, 7);MoveWest;(3, 2);False;1;885
;(14, 7);MoveWest;(3, 2);False;1;886
;(14, 7);MoveWest;(3, 2);False;1;887
;(14, 7);MoveWest;(3, 2);False;1;888
MoveWest;(13, 7);MoveWest;(3, 2);False;1;889
;(13, 7);MoveWest;(3, 2);False;1;890
;(13, 7);MoveWest;(2, 2);False;1;891
;(13, 7);MoveWest;(2, 2);False;1;892
;(13, 7);MoveWest;(2, 2);False;1;893
;(13, 7);MoveWest;(2, 2);False;1;894
;(13, 7);MoveWest;(2, 2);False;1;895
;(13, 7);MoveWest;(2, 2);False;1;896
;(13, 7);MoveWest;(2, 2);False;1;897
;(13, 7);MoveWest;(2, 2);False;1;898
MoveSouth;(13, 8);MoveWest;(2, 2);False;1;899
;(13, 8);MoveWest;(2, 2);False;1;900
;(13, 8);MoveWest;(2, 2);False;1;901
;(13, 8);MoveWest;(1, 2);False;1;902
;(13, 8);MoveEast;(1, 2);False;1;903
MoveSouth;(13, 9);MoveEast;(1, 2);False;1;904
;(13, 9);MoveEast;(1, 2);False;1;905
;(13, 9);MoveEast;(1, 2);False;1;906
;(13, 9);MoveEast;(1, 2);False;1;907
;(13, 9);MoveEast;(1, 2);False;1;908
;(13, 9);MoveEast;(1, 2);False;1;909
;(13, 9);MoveEast;(1, 2);False;1;910
MoveSouth;(13, 10);MoveEast;(1, 2);False;1;911
;(13, 10);MoveEast;(1, 2);False;1;912
;(13, 10);MoveEast;(2, 2);False;1;913
;(13, 10);MoveEast;(2, 2);False;1;914
;(13, 10);MoveEast;(2, 2);False;1;915
;(13, 10);MoveEast;(2, 2);False;1;916
;(13, 10);MoveEast;(2, 2);False;1;917
;(13, 10);MoveEast;(2, 2);False;1;918
;(13, 10);MoveEast;(2, 2);False;1;919
;(13, 10);MoveEast;(2, 2);False;1;920
GrabObject;(13, 10);MoveEast;(2, 2);False;1;921
;(13, 10);MoveEast;(2, 2);False;1;922
;(13, 10);MoveEast;(2, 2);False;1;923
;(13, 10);MoveEast;(3, 2);False;1;924
;(13, 10);MoveWest;(3, 2);False;1;925
;(13, 10);MoveWest;(3, 2);False;1;926
;(13, 10);MoveWest;(3, 2);False;1;927
;(13, 10);MoveWest;(3, 2);False;1;928
;(13, 10);MoveWest;(3, 2);False;1;929
;(13, 10);MoveWest;(3, 2);False;1;930
MoveEast;(14, 10);MoveWest;(3, 2);False;1;931
;(14, 10);MoveWest;(3, 2);False;1;932
;(14, 10);MoveWest;(3, 2);False;1;933
;(14, 10);MoveWest;(3, 2);False;1;934
MoveEast;(15, 10);MoveWest;(2, 2);False;1;935
;(15, 10);MoveWest;(2, 2);False;1;936
;(15, 10);MoveWest;(2, 2);False;1;937
;(15, 10);MoveWest;(2, 2);False;1;938
MoveEast;(16, 10);MoveWest;(2, 2);False;1;939
;(16, 10);MoveWest;(2, 2);False;1;940
;(16, 10);MoveWest;(2, 2);False;1;941
;(16, 10);MoveWest;(2, 2);False;1;942
MoveEast;(17, 10);MoveWest;(2, 2);False;1;943
;(17, 10);MoveWest;(2, 2);False;1;944
;(17, 10);MoveWest;(2, 2);False;1;945
;(17, 10);MoveWest;(1, 2);False;1;946
;(17, 10);;(1, 2);False;1;947
MoveEast;(18, 10);MoveSouthEast;(1, 2);False;1;948
;(18, 10);MoveSouthEast;(1, 2);False;1;949
;(18, 10);MoveSouthEast;(1, 2);False;1;950
MoveEast;(19, 10);MoveSouthEast;(1, 2);False;1;951
;(19, 10);MoveSouthEast;(1, 2);False;1;952
;(19, 10);MoveSouthEast;(1, 2);False;1;953
;(19, 10);MoveSouthEast;(1, 2);False;1;954
;(19, 10);MoveSouthEast;(1, 2);False;1;955
;(19, 10);MoveSouthEast;(1, 2);False;1;956
;(19, 10);MoveSouthEast;(1, 2);False;1;957
GrabObject;(19, 10);MoveSouthEast;(2, 3);False;1;958
;(19, 10);MoveEast;(2, 3);False;1;959
;(19, 10);MoveEast;(2, 3);False;1;960
;(19, 10);MoveEast;(2, 3);False;1;961
;(19, 10);MoveEast;(2, 3);False;1;962
;(19, 10);MoveEast;(2, 3);False;1;963
;(19, 10);MoveEast;(2, 3);False;1;964
;(19, 10);MoveEast;(2, 3);False;1;965
;(19, 10);MoveEast;(2, 3);False;1;966
;(19, 10);MoveEast;(2, 3);False;1;967
MoveWest;(18, 10);MoveEast;(2, 3);False;1;968
;(18, 10);MoveEast;(3, 3);False;1;969
;(18, 10);MoveSouthEast;(3, 3);False;1;970
;(18, 10);MoveSouthEast;(3, 3);False;1;971
;(18, 10);MoveSouthEast;(3, 3);False;1;972
;(18, 10);MoveSouthEast;(3, 3);False;1;973
;(18, 10);MoveSouthEast;(3, 3);False;1;974
MoveWest;(17, 10);MoveSouthEast;(3, 3);False;1;975
;(17, 10);MoveSouthEast;(3, 3);False;1;976
;(17, 10);MoveSouthEast;(3, 3);False;1;977
;(17, 10);MoveSouthEast;(3, 3);False;1;978
;(17, 10);MoveSouthEast;(3, 3);False;1;979
;(17, 10);MoveSouthEast;(4, 4);False;1;980
;(17, 10);MoveSouthEast;(4, 4);False;1;981
;(17, 10);MoveSouthEast;(4, 4);False;1;982
;(17, 10);MoveSouthEast;(4, 4);False;1;983
DropObject;(17, 10);MoveSouthEast;(4, 4);False;1;984
;(17, 10);MoveSouthEast;(4, 4);False;1;985
;(17, 10);MoveSouthEast;(4, 4);False;1;986
;(17, 10);MoveSouthEast;(4, 4);False;1;987
;(17, 10);MoveSouthEast;(4, 4);False;1;988
;(17, 10);MoveSouthEast;(4, 4);False;1;989
;(17, 10);MoveSouthEast;(4, 4);False;1;990
;(17, 10);MoveSouthEast;(5, 5);False;1;991
;(17, 10);GrabObject;(5, 5);False;1;992
;(17, 10);GrabObject;(5, 5);False;1;993
;(17, 10);GrabObject;(5, 5);False;1;994
MoveWest;(16, 10);GrabObject;(5, 5);False;1;995
;(16, 10);GrabObject;(5, 5);False;1;996
;(16, 10);GrabObject;(5, 5);False;1;997
;(16, 10);GrabObject;(5, 5);False;1;998
;(16, 10);GrabObject;(5, 5);False;1;999
MoveWest;(15, 10);GrabObject;(5, 5);False;1;1000
;(15, 10);GrabObject;(5, 5);False;1;1001
;(15, 10);GrabObject;(5, 5);False;1;1002
;(15, 10);;(5, 5);False;1;1003
MoveWest;(14, 10);MoveNorthWest;(5, 5);False;1;1004
;(14, 10);MoveNorthWest;(5, 5);False;1;1005
;(14, 10);MoveNorthWest;(5, 5);False;1;1006
MoveWest;(13, 10);MoveNorthWest;(5, 5);False;1;1007
;(13, 10);MoveNorthWest;(5, 5);False;1;1008
;(13, 10);MoveNorthWest;(5, 5);False;1;1009
;(13, 10);MoveNorthWest;(5, 5);False;1;1010
MoveWest;(12, 10);MoveNorthWest;(5, 5);False;1;1011
;(12, 10);MoveNorthWest;(5, 5);False;1;1012
;(12, 10);MoveNorthWest;(5, 5);False;1;1013
;(12, 10);MoveNorthWest;(4, 4);False;1;1014
MoveWest;(11, 10);MoveWest;(4, 4);False;1;1015
;(11, 10);MoveWest;(4, 4);False;1;1016
;(11, 10);MoveWest;(4, 4);False;1;1017
;(11, 10);MoveWest;(4, 4);False;1;1018
;(11, 10);MoveWest;(4, 4);False;1;1019
;(11, 10);MoveWest;(4, 4);False;1;1020
MoveWest;(10, 10);MoveWest;(4, 4);False;1;1021
;(10, 10);MoveWest;(4, 4);False;1;1022
;(10, 10);MoveWest;(4, 4);False;1;1023
;(10, 10);MoveWest;(4, 4);False;1;1024
;(10, 10);MoveWest;(3, 4);False;1;1025
;(10, 10);MoveNorthWest;(3, 4);False;1;1026
;(10, 10);MoveNorthWest;(3, 4);False;1;1027
;(10, 10);MoveNorthWest;(3, 4);False;1;1028
;(10, 10);MoveNorthWest;(3, 4);False;1;1029
;(10, 10);MoveNorthWest;(3, 4);False;1;1030
;(10, 10);MoveNorthWest;(3, 4);False;1;1031
;(10, 10);MoveNorthWest;(3, 4);False;1;1032
;(10, 10);MoveNorthWest;(3, 4);False;1;1033
;(10, 10);MoveNorthWest;(3, 4);False;1;1034
;(10, 10);MoveNorthWest;(3, 4);False;1;1035
;(10, 10);MoveNorthWest;(2, 3);False;1;1036
;(10, 10);MoveWest;(2, 3);False;1;1037
;(10, 10);MoveWest;(2, 3);False;1;1038
;(10, 10);MoveWest;(2, 3);False;1;1039
MoveNorth;(10, 9);MoveWest;(2, 3);False;1;1040
;(10, 9);MoveWest;(2, 3);False;1;1041
;(10, 9);MoveWest;(2, 3);False;1;1042
;(10, 9);MoveWest;(2, 3);False;1;1043
;(10, 9);MoveWest;(2, 3);False;1;1044
;(10, 9);MoveWest;(2, 3);False;1;1045
;(10, 9);MoveWest;(2, 3);False;1;1046
;(10, 9);MoveWest;(1, 3);False;1;1047
;(10, 9);DropObject;(1, 3);False;1;1048
;(10, 9);DropObject;(1, 3);False;1;1049
;(10, 9);DropObject;(1, 3);False;1;1050
;(10, 9);DropObject;(1, 3);False;1;1051
DropObject;(10, 9);DropObject;(1, 3);False;1;1052
;(10, 9);DropObject;(1, 3);False;1;1053
;(10, 9);DropObject;(1, 3);False;1;1054
;(10, 9);DropObject;(1, 3);False;1;1055
;(10, 9);DropObject;(1, 3);False;1;1056
;(10, 9);DropObject;(1, 3);False;1;1057
;(10, 9);DropObject;(1, 3);False;1;1058
;(10, 9);;(1, 3);False;1;1059
;(10, 9);MoveSouthEast;(1, 3);False;1;1060
;(10, 9);MoveSouthEast;(1, 3);False;1;1061
;(10, 9);MoveSouthEast;(1, 3);False;1;1062
;(10, 9);MoveSouthEast;(1, 3);False;1;1063
GrabObject;(10, 9);MoveSouthEast;(1, 3);False;1;1064
;(10, 9);MoveSouthEast;(1, 3);False;1;1065
;(10, 9);MoveSouthEast;(1, 3);False;1;1066
;(10, 9);MoveSouthEast;(1, 3);False;1;1067
;(10, 9);MoveSouthEast;(1, 3);False;1;1068
;(10, 9);MoveSouthEast;(1, 3);False;1;1069
;(10, 9);MoveSouthEast;(2, 4);False;1;1070
;(10, 9);MoveEast;(2, 4);False;1;1071
;(10, 9);MoveEast;(2, 4);False;1;1072
;(10, 9);MoveEast;(2, 4);False;1;1073
MoveEast;(11, 9);MoveEast;(2, 4);False;1;1074
;(11, 9);MoveEast;(2, 4);False;1;1075
;(11, 9);MoveEast;(2, 4);False;1;1076
;(11, 9);MoveEast;(2, 4);False;1;1077
MoveEast;(12, 9);MoveEast;(2, 4);False;1;1078
;(12, 9);MoveEast;(2, 4);False;1;1079
;(12, 9);MoveEast;(2, 4);False;1;1080
;(12, 9);MoveEast;(3, 4);False;1;1081
MoveEast;(13, 9);MoveSouthEast;(3, 4);False;1;1082
;(13, 9);MoveSouthEast;(3, 4);False;1;1083
;(13, 9);MoveSouthEast;(3, 4);False;1;1084
;(13, 9);MoveSouthEast;(3, 4);False;1;1085
MoveEast;(14, 9);MoveSouthEast;(3, 4);False;1;1086
;(14, 9);MoveSouthEast;(3, 4);False;1;1087
;(14, 9);MoveSouthEast;(3, 4);False;1;1088
;(14, 9);MoveSouthEast;(3, 4);False;1;1089
;(14, 9);MoveSouthEast;(3, 4);False;1;1090
MoveEast;(15, 9);MoveSouthEast;(3, 4);False;1;1091
;(15, 9);MoveSouthEast;(4, 5);False;1;1092
;(15, 9);MoveSouthEast;(4, 5);False;1;1093
MoveEast;(16, 9);MoveSouthEast;(4, 5);False;1;1094
;(16, 9);MoveSouthEast;(4, 5);False;1;1095
;(16, 9);MoveSouthEast;(4, 5);False;1;1096
MoveEast;(17, 9);MoveSouthEast;(4, 5);False;1;1097
;(17, 9);MoveSouthEast;(4, 5);False;1;1098
;(17, 9);MoveSouthEast;(4, 5);False;1;1099
;(17, 9);MoveSouthEast;(4, 5);False;1;1100
;(17, 9);MoveSouthEast;(4, 5);False;1;1101
;(17, 9);MoveSouthEast;(4, 5);False;1;1102
;(17, 9);MoveSouthEast;(5, 6);False;1;1103
;(17, 9);MoveSouthEast;(5, 6);False;1;1104
;(17, 9);MoveSouthEast;(5, 6);False;1;1105
;(17, 9);MoveSouthEast;(5, 6);False;1;1106
GrabObject;(17, 9);MoveSouthEast;(5, 6);False;1;1107
;(17, 9);MoveSouthEast;(5, 6);False;1;1108
;(17, 9);MoveSouthEast;(5, 6);False;1;1109
;(17, 9);MoveSouthEast;(5, 6);False;1;1110
;(17, 9);MoveSouthEast;(5, 6);False;1;1111
;(17, 9);MoveSouthEast;(5, 6);False;1;1112
;(17, 9);MoveSouthEast;(5, 6);False;1;1113
;(17, 9);MoveSouthEast;(6, 7);False;1;1114
;(17, 9);MoveSouthEast;(6, 7);False;1;1115
;(17, 9);MoveSouthEast;(6, 7);False;1;1116
;(17, 9);MoveSouthEast;(6, 7);False;1;1117
MoveWest;(16, 9);MoveSouthEast;(6, 7);False;1;1118
;(16, 9);MoveSouthEast;(6, 7);False;1;1119
;(16, 9);MoveSouthEast;(6, 7);False;1;1120
;(16, 9);MoveSouthEast;(6, 7);False;1;1121
;(16, 9);MoveSouthEast;(6, 7);False;1;1122
MoveWest;(15, 9);MoveSouthEast;(6, 7);False;1;1123
;(15, 9);MoveSouthEast;(6, 7);False;1;1124
;(15, 9);MoveSouthEast;(7, 8);False;1;1125
;(15, 9);MoveEast;(7, 8);False;1;1126
;(15, 9);MoveEast;(7, 8);False;1;1127
;(15, 9);MoveEast;(7, 8);False;1;1128
MoveWest;(14, 9);MoveEast;(7, 8);False;1;1129
;(14, 9);MoveEast;(7, 8);False;1;1130
;(14, 9);MoveEast;(7, 8);False;1;1131
;(14, 9);MoveEast;(7, 8);False;1;1132
;(14, 9);MoveEast;(7, 8);False;1;1133
MoveWest;(13, 9);MoveEast;(7, 8);False;1;1134
;(13, 9);MoveEast;(7, 8);False;1;1135
;(13, 9);MoveEast;(8, 8);False;1;1136
;(13, 9);MoveEast;(8, 8);False;1;1137
;(13, 9);MoveEast;(8, 8);False;1;1138
;(13, 9);MoveEast;(8, 8);False;1;1139
;(13, 9);MoveEast;(8, 8);False;1;1140
;(13, 9);MoveEast;(8, 8);False;1;1141
MoveEast;(14, 9);MoveEast;(8, 8);False;1;1142
;(14, 9);MoveEast;(8, 8);False;1;1143
;(14, 9);MoveEast;(8, 8);False;1;1144
;(14, 9);MoveEast;(8, 8);False;1;1145
;(14, 9);MoveEast;(8, 8);False;1;1146
;(14, 9);MoveEast;(9, 8);False;1;1147
;(14, 9);MoveSouthEast;(9, 8);False;1;1148
;(14, 9);MoveSouthEast;(9, 8);False;1;1149
;(14, 9);MoveSouthEast;(9, 8);False;1;1150
;(14, 9);MoveSouthEast;(9, 8);False;1;1151
;(14, 9);MoveSouthEast;(9, 8);False;1;1152
MoveEast;(15, 9);MoveSouthEast;(9, 8);False;1;1153
MoveEast;(16, 9);MoveSouthEast;(9, 8);False;1;1154
;(16, 9);MoveSouthEast;(9, 8);False;1;1155
;(16, 9);MoveSouthEast;(9, 8);False;1;1156
;(16, 9);MoveSouthEast;(9, 8);False;1;1157
;(16, 9);MoveSouthEast;(10, 9);False;1;1158
DropObject;(16, 9);Idle;(10, 9);False;1;1159
;(16, 9);Idle;(10, 9);False;1;1160
;(16, 9);Idle;(10, 9);False;1;1161
;(16, 9);Idle;(10, 9);False;1;1162
;(16, 9);Idle;(10, 9);False;1;1163
;(16, 9);Idle;(10, 9);False;1;1164
;(16, 9);Idle;(10, 9);False;1;1165
;(16, 9);Idle;(10, 9);False;1;1166
;(16, 9);Idle;(10, 9);False;1;1167
;(16, 9);Idle;(10, 9);False;1;1168
MoveWest;(15, 9);Idle;(10, 9);False;1;1169
;(15, 9);Idle;(10, 9);False;1;1170
;(15, 9);Idle;(10, 9);False;1;1171
;(15, 9);Idle;(10, 9);False;1;1172
;(15, 9);Idle;(10, 9);False;1;1173
;(15, 9);Idle;(10, 9);False;1;1174
MoveWest;(14, 9);Idle;(10, 9);False;1;1175
;(14, 9);Idle;(10, 9);False;1;1176
;(14, 9);Idle;(10, 9);False;1;1177
;(14, 9);Idle;(10, 9);False;1;1178
;(14, 9);Idle;(10, 9);False;1;1179
MoveWest;(13, 9);Idle;(10, 9);False;1;1180
;(13, 9);Idle;(10, 9);False;1;1181
;(13, 9);Idle;(10, 9);False;1;1182
;(13, 9);Idle;(10, 9);False;1;1183
;(13, 9);Idle;(10, 9);False;1;1184
;(13, 9);Idle;(10, 9);False;1;1185
;(13, 9);Idle;(10, 9);False;1;1186
;(13, 9);Idle;(10, 9);False;1;1187
MoveWest;(12, 9);Idle;(10, 9);False;1;1188
;(12, 9);Idle;(10, 9);False;1;1189
;(12, 9);Idle;(10, 9);False;1;1190
;(12, 9);Idle;(10, 9);False;1;1191
;(12, 9);Idle;(10, 9);False;1;1192
;(12, 9);Idle;(10, 9);False;1;1193
;(12, 9);Idle;(10, 9);False;1;1194
MoveWest;(11, 9);Idle;(10, 9);False;1;1195
;(11, 9);Idle;(10, 9);False;1;1196
;(11, 9);Idle;(10, 9);False;1;1197
;(11, 9);Idle;(10, 9);False;1;1198
;(11, 9);Idle;(10, 9);False;1;1199
;(11, 9);Idle;(10, 9);False;1;1200
;(11, 9);Idle;(10, 9);False;1;1201
MoveNorth;(11, 8);Idle;(10, 9);False;1;1202
;(11, 8);Idle;(10, 9);False;1;1203
;(11, 8);Idle;(10, 9);False;1;1204
;(11, 8);Idle;(10, 9);False;1;1205
;(11, 8);Idle;(10, 9);False;1;1206
;(11, 8);Idle;(10, 9);False;1;1207
;(11, 8);Idle;(10, 9);False;1;1208
;(11, 8);Idle;(10, 9);False;1;1209
;(11, 8);Idle;(10, 9);False;1;1210
;(11, 8);Idle;(10, 9);False;1;1211
;(11, 8);Idle;(10, 9);False;1;1212
;(11, 8);Idle;(10, 9);False;1;1213
;(11, 8);;(10, 9);False;1;1214
;(11, 8);Idle;(10, 9);False;1;1215
;(11, 8);Idle;(10, 9);False;1;1216
;(11, 8);Idle;(10, 9);False;1;1217
;(11, 8);Idle;(10, 9);False;1;1218
;(11, 8);Idle;(10, 9);False;1;1219
MoveNorth;(11, 7);Idle;(10, 9);False;1;1220
;(11, 7);Idle;(10, 9);False;1;1221
;(11, 7);Idle;(10, 9);False;1;1222
;(11, 7);Idle;(10, 9);False;1;1223
;(11, 7);Idle;(10, 9);False;1;1224
;(11, 7);Idle;(10, 9);False;1;1225
;(11, 7);Idle;(10, 9);False;1;1226
;(11, 7);Idle;(10, 9);False;1;1227
;(11, 7);Idle;(10, 9);False;1;1228
;(11, 7);Idle;(10, 9);False;1;1229
;(11, 7);Idle;(10, 9);False;1;1230
;(11, 7);Idle;(10, 9);False;1;1231
;(11, 7);Idle;(10, 9);False;1;1232
;(11, 7);Idle;(10, 9);False;1;1233
;(11, 7);Idle;(10, 9);False;1;1234
;(11, 7);Idle;(10, 9);False;1;1235
;(11, 7);Idle;(10, 9);False;1;1236
;(11, 7);Idle;(10, 9);False;1;1237
;(11, 7);Idle;(10, 9);False;1;1238
MoveWest;(10, 7);Idle;(10, 9);False;1;1239
;(10, 7);Idle;(10, 9);False;1;1240
;(10, 7);Idle;(10, 9);False;1;1241
;(10, 7);Idle;(10, 9);False;1;1242
;(10, 7);Idle;(10, 9);False;1;1243
;(10, 7);Idle;(10, 9);False;1;1244
;(10, 7);Idle;(10, 9);False;1;1245
;(10, 7);Idle;(10, 9);False;1;1246
;(10, 7);Idle;(10, 9);False;1;1247
;(10, 7);Idle;(10, 9);False;1;1248
;(10, 7);Idle;(10, 9);False;1;1249
MoveWest;(9, 7);Idle;(10, 9);False;1;1250
;(9, 7);Idle;(10, 9);False;1;1251
;(9, 7);Idle;(10, 9);False;1;1252
;(9, 7);Idle;(10, 9);False;1;1253
;(9, 7);Idle;(10, 9);False;1;1254
MoveNorth;(9, 6);Idle;(10, 9);False;1;1255
;(9, 6);Idle;(10, 9);False;1;1256
;(9, 6);Idle;(10, 9);False;1;1257
;(9, 6);Idle;(10, 9);False;1;1258
;(9, 6);Idle;(10, 9);False;1;1259
;(9, 6);Idle;(10, 9);False;1;1260
;(9, 6);Idle;(10, 9);False;1;1261
;(9, 6);Idle;(10, 9);False;1;1262
;(9, 6);Idle;(10, 9);False;1;1263
;(9, 6);Idle;(10, 9);False;1;1264
;(9, 6);Idle;(10, 9);False;1;1265
MoveWest;(8, 6);Idle;(10, 9);False;1;1266
;(8, 6);Idle;(10, 9);False;1;1267
;(8, 6);Idle;(10, 9);False;1;1268
;(8, 6);Idle;(10, 9);False;1;1269
;(8, 6);;(10, 9);False;1;1270
;(8, 6);MoveNorthWest;(10, 9);False;1;1271
;(8, 6);MoveNorthWest;(10, 9);False;1;1272
;(8, 6);MoveNorthWest;(10, 9);False;1;1273
;(8, 6);MoveNorthWest;(10, 9);False;1;1274
MoveNorth;(8, 5);MoveNorthWest;(10, 9);False;1;1275
;(8, 5);MoveNorthWest;(10, 9);False;1;1276
;(8, 5);MoveNorthWest;(10, 9);False;1;1277
;(8, 5);MoveNorthWest;(10, 9);False;1;1278
;(8, 5);MoveNorthWest;(10, 9);False;1;1279
;(8, 5);MoveNorthWest;(10, 9);False;1;1280
;(8, 5);MoveNorthWest;(9, 8);False;1;1281
;(8, 5);MoveNorthWest;(9, 8);False;1;1282
;(8, 5);MoveNorthWest;(9, 8);False;1;1283
;(8, 5);MoveNorthWest;(9, 8);False;1;1284
;(8, 5);MoveNorthWest;(9, 8);False;1;1285
;(8, 5);MoveNorthWest;(9, 8);False;1;1286
;(8, 5);MoveNorthWest;(9, 8);False;1;1287
GrabObject;(8, 5);MoveNorthWest;(9, 8);False;1;1288
;(8, 5);MoveNorthWest;(9, 8);False;1;1289
;(8, 5);MoveNorthWest;(9, 8);False;1;1290
;(8, 5);MoveNorthWest;(9, 8);False;1;1291
;(8, 5);MoveNorthWest;(8, 7);False;1;1292
;(8, 5);MoveNorthWest;(8, 7);False;1;1293
;(8, 5);MoveNorthWest;(8, 7);False;1;1294
;(8, 5);MoveNorthWest;(8, 7);False;1;1295
;(8, 5);MoveNorthWest;(8, 7);False;1;1296
;(8, 5);MoveNorthWest;(8, 7);False;1;1297
;(8, 5);MoveNorthWest;(8, 7);False;1;1298
;(8, 5);MoveNorthWest;(8, 7);False;1;1299
;(8, 5);MoveNorthWest;(8, 7);False;1;1300
;(8, 5);MoveNorthWest;(8, 7);False;1;1301
;(8, 5);MoveNorthWest;(8, 7);False;1;1302
;(8, 5);MoveNorthWest;(7, 6);False;1;1303
;(8, 5);MoveNorthWest;(7, 6);False;1;1304
;(8, 5);MoveNorthWest;(7, 6);False;1;1305
MoveWest;(7, 5);MoveNorthWest;(7, 6);False;1;1306
;(7, 5);MoveNorthWest;(7, 6);False;1;1307
;(7, 5);MoveNorthWest;(7, 6);False;1;1308
;(7, 5);MoveNorthWest;(7, 6);False;1;1309
MoveWest;(6, 5);MoveNorthWest;(7, 6);False;1;1310
;(6, 5);MoveNorthWest;(7, 6);False;1;1311
;(6, 5);MoveNorthWest;(7, 6);False;1;1312
MoveWest;(5, 5);MoveNorthWest;(7, 6);False;1;1313
;(5, 5);MoveNorthWest;(6, 5);False;1;1314
;(5, 5);GrabObject;(6, 5);False;1;1315
;(5, 5);GrabObject;(6, 5);False;1;1316
MoveWest;(4, 5);GrabObject;(6, 5);False;1;1317
;(4, 5);GrabObject;(6, 5);False;1;1318
;(4, 5);GrabObject;(6, 5);False;1;1319
;(4, 5);GrabObject;(6, 5);False;1;1320
MoveWest;(3, 5);GrabObject;(6, 5);False;1;1321
;(3, 5);GrabObject;(6, 5);False;1;1322
;(3, 5);GrabObject;(6, 5);False;1;1323
;(3, 5);GrabObject;(6, 5);False;1;1324
MoveWest;(2, 5);GrabObject;(6, 5);False;1;1325
;(2, 5);;(6, 5);False;1;1326
;(2, 5);MoveWest;(6, 5);False;1;1327
;(2, 5);MoveWest;(6, 5);False;1;1328
MoveWest;(1, 5);MoveWest;(6, 5);False;1;1329
;(1, 5);MoveWest;(6, 5);False;1;1330
;(1, 5);MoveWest;(6, 5);False;1;1331
;(1, 5);MoveWest;(6, 5);False;1;1332
;(1, 5);MoveWest;(6, 5);False;1;1333
;(1, 5);MoveWest;(6, 5);False;1;1334
DropObject;(1, 5);MoveWest;(6, 5);False;1;1335
;(1, 5);MoveWest;(6, 5);False;1;1336
;(1, 5);MoveWest;(5, 5);False;1;1337
;(1, 5);MoveWest;(5, 5);False;1;1338
;(1, 5);MoveWest;(5, 5);False;1;1339
;(1, 5);MoveWest;(5, 5);False;1;1340
;(1, 5);MoveWest;(5, 5);False;1;1341
;(1, 5);MoveWest;(5, 5);False;1;1342
;(1, 5);MoveWest;(5, 5);False;1;1343
;(1, 5);MoveWest;(5, 5);False;1;1344
;(1, 5);MoveWest;(5, 5);False;1;1345
;(1, 5);MoveWest;(5, 5);False;1;1346
;(1, 5);MoveWest;(5, 5);False;1;1347
MoveEast;(2, 5);MoveWest;(4, 5);False;1;1348
;(2, 5);MoveNorthWest;(4, 5);False;1;1349
;(2, 5);MoveNorthWest;(4, 5);False;1;1350
MoveEast;(3, 5);MoveNorthWest;(4, 5);False;1;1351
;(3, 5);MoveNorthWest;(4, 5);False;1;1352
;(3, 5);MoveNorthWest;(4, 5);False;1;1353
;(3, 5);MoveNorthWest;(4, 5);False;1;1354
MoveEast;(4, 5);MoveNorthWest;(4, 5);False;1;1355
;(4, 5);MoveNorthWest;(4, 5);False;1;1356
;(4, 5);MoveNorthWest;(4, 5);False;1;1357
;(4, 5);MoveNorthWest;(4, 5);False;1;1358
MoveEast;(5, 5);MoveNorthWest;(3, 4);False;1;1359
;(5, 5);MoveWest;(3, 4);False;1;1360
;(5, 5);MoveWest;(3, 4);False;1;1361
MoveEast;(6, 5);MoveWest;(3, 4);False;1;1362
;(6, 5);MoveWest;(3, 4);False;1;1363
;(6, 5);MoveWest;(3, 4);False;1;1364
;(6, 5);MoveWest;(3, 4);False;1;1365
MoveEast;(7, 5);MoveWest;(3, 4);False;1;1366
;(7, 5);MoveWest;(3, 4);False;1;1367
;(7, 5);MoveWest;(3, 4);False;1;1368
;(7, 5);MoveWest;(3, 4);False;1;1369
MoveEast;(8, 5);MoveWest;(2, 4);False;1;1370
;(8, 5);MoveNorthWest;(2, 4);False;1;1371
;(8, 5);MoveNorthWest;(2, 4);False;1;1372
MoveEast;(9, 5);MoveNorthWest;(2, 4);False;1;1373
;(9, 5);MoveNorthWest;(2, 4);False;1;1374
;(9, 5);MoveNorthWest;(2, 4);False;1;1375
;(9, 5);MoveNorthWest;(2, 4);False;1;1376
;(9, 5);MoveNorthWest;(2, 4);False;1;1377
;(9, 5);MoveNorthWest;(2, 4);False;1;1378
;(9, 5);MoveNorthWest;(2, 4);False;1;1379
;(9, 5);MoveNorthWest;(2, 4);False;1;1380
;(9, 5);MoveNorthWest;(1, 3);False;1;1381
;(9, 5);MoveWest;(1, 3);False;1;1382
;(9, 5);MoveWest;(1, 3);False;1;1383
GrabObject;(9, 5);MoveWest;(1, 3);False;1;1384
;(9, 5);MoveWest;(1, 3);False;1;1385
;(9, 5);MoveWest;(1, 3);False;1;1386
;(9, 5);MoveWest;(1, 3);False;1;1387
;(9, 5);MoveWest;(1, 3);False;1;1388
;(9, 5);MoveWest;(1, 3);False;1;1389
;(9, 5);MoveWest;(1, 3);False;1;1390
;(9, 5);MoveWest;(1, 3);False;1;1391
;(9, 5);MoveWest;(0, 3);False;1;1392
GrabObject;(9, 5);DropObject;(0, 3);False;1;1393
;(9, 5);DropObject;(0, 3);False;1;1394
;(9, 5);DropObject;(0, 3);False;1;1395
;(9, 5);DropObject;(0, 3);False;1;1396
;(9, 5);DropObject;(0, 3);False;1;1397
GrabObject;(9, 5);DropObject;(0, 3);False;1;1398
;(9, 5);DropObject;(0, 3);False;1;1399
;(9, 5);DropObject;(0, 3);False;1;1400
;(9, 5);DropObject;(0, 3);False;1;1401
;(9, 5);DropObject;(0, 3);False;1;1402
;(9, 5);DropObject;(0, 3);False;1;1403
;(9, 5);;(0, 3);False;1;1404
;(9, 5);MoveEast;(0, 3);False;1;1405
;(9, 5);MoveEast;(0, 3);False;1;1406
;(9, 5);MoveEast;(0, 3);False;1;1407
;(9, 5);MoveEast;(0, 3);False;1;1408
;(9, 5);MoveEast;(0, 3);False;1;1409
;(9, 5);MoveEast;(0, 3);False;1;1410
GrabObject;(9, 5);MoveEast;(0, 3);False;1;1411
;(9, 5);MoveEast;(0, 3);False;1;1412
;(9, 5);MoveEast;(0, 3);False;1;1413
;(9, 5);MoveEast;(0, 3);False;1;1414
;(9, 5);MoveEast;(1, 3);False;1;1415
;(9, 5);MoveEast;(1, 3);False;1;1416
;(9, 5);MoveEast;(1, 3);False;1;1417
;(9, 5);MoveEast;(1, 3);False;1;1418
;(9, 5);MoveEast;(1, 3);False;1;1419
;(9, 5);MoveEast;(1, 3);False;1;1420
MoveEast;(10, 5);MoveEast;(1, 3);False;1;1421
;(10, 5);MoveEast;(1, 3);False;1;1422
;(10, 5);MoveEast;(1, 3);False;1;1423
;(10, 5);MoveEast;(1, 3);False;1;1424
;(10, 5);MoveEast;(1, 3);False;1;1425
;(10, 5);MoveEast;(2, 3);False;1;1426
;(10, 5);MoveWest;(2, 3);False;1;1427
;(10, 5);MoveWest;(2, 3);False;1;1428
;(10, 5);MoveWest;(2, 3);False;1;1429
;(10, 5);MoveWest;(2, 3);False;1;1430
;(10, 5);MoveWest;(2, 3);False;1;1431
;(10, 5);MoveWest;(2, 3);False;1;1432
;(10, 5);MoveWest;(2, 3);False;1;1433
;(10, 5);MoveWest;(2, 3);False;1;1434
;(10, 5);MoveWest;(2, 3);False;1;1435
MoveSouth;(10, 6);MoveWest;(2, 3);False;1;1436
;(10, 6);MoveWest;(1, 3);False;1;1437
;(10, 6);MoveWest;(1, 3);False;1;1438
;(10, 6);MoveWest;(1, 3);False;1;1439
MoveSouth;(10, 7);MoveWest;(1, 3);False;1;1440
;(10, 7);MoveWest;(1, 3);False;1;1441
;(10, 7);MoveWest;(1, 3);False;1;1442
;(10, 7);MoveWest;(1, 3);False;1;1443
;(10, 7);MoveWest;(1, 3);False;1;1444
MoveSouth;(10, 8);MoveWest;(1, 3);False;1;1445
;(10, 8);MoveWest;(1, 3);False;1;1446
;(10, 8);MoveWest;(1, 3);False;1;1447
;(10, 8);MoveWest;(0, 3);False;1;1448
;(10, 8);MoveEast;(0, 3);False;1;1449
MoveSouth;(10, 9);MoveEast;(0, 3);False;1;1450
;(10, 9);MoveEast;(0, 3);False;1;1451
;(10, 9);MoveEast;(0, 3);False;1;1452
;(10, 9);MoveEast;(0, 3);False;1;1453
;(10, 9);MoveEast;(0, 3);False;1;1454
;(10, 9);MoveEast;(0, 3);False;1;1455
;(10, 9);MoveEast;(0, 3);False;1;1456
MoveSouth;(10, 10);MoveEast;(0, 3);False;1;1457
;(10, 10);MoveEast;(0, 3);False;1;1458
;(10, 10);MoveEast;(1, 3);False;1;1459
;(10, 10);MoveEast;(1, 3);False;1;1460
;(10, 10);MoveEast;(1, 3);False;1;1461
;(10, 10);MoveEast;(1, 3);False;1;1462
;(10, 10);MoveEast;(1, 3);False;1;1463
;(10, 10);MoveEast;(1, 3);False;1;1464
GrabObject;(10, 10);MoveEast;(1, 3);False;1;1465
;(10, 10);MoveEast;(1, 3);False;1;1466
;(10, 10);MoveEast;(1, 3);False;1;1467
;(10, 10);MoveEast;(1, 3);False;1;1468
;(10, 10);MoveEast;(1, 3);False;1;1469
;(10, 10);MoveEast;(2, 3);False;1;1470
;(10, 10);MoveWest;(2, 3);False;1;1471
;(10, 10);MoveWest;(2, 3);False;1;1472
;(10, 10);MoveWest;(2, 3);False;1;1473
;(10, 10);MoveWest;(2, 3);False;1;1474
MoveEast;(11, 10);MoveWest;(2, 3);False;1;1475
;(11, 10);MoveWest;(2, 3);False;1;1476
;(11, 10);MoveWest;(2, 3);False;1;1477
;(11, 10);MoveWest;(2, 3);False;1;1478
MoveEast;(12, 10);MoveWest;(2, 3);False;1;1479
;(12, 10);MoveWest;(2, 3);False;1;1480
;(12, 10);MoveWest;(1, 3);False;1;1481
;(12, 10);MoveWest;(1, 3);False;1;1482
MoveEast;(13, 10);MoveWest;(1, 3);False;1;1483
;(13, 10);MoveWest;(1, 3);False;1;1484
;(13, 10);MoveWest;(1, 3);False;1;1485
;(13, 10);MoveWest;(1, 3);False;1;1486
MoveEast;(14, 10);MoveWest;(1, 3);False;1;1487
;(14, 10);MoveWest;(1, 3);False;1;1488
;(14, 10);MoveWest;(1, 3);False;1;1489
MoveEast;(15, 10);MoveWest;(1, 3);False;1;1490
;(15, 10);MoveWest;(1, 3);False;1;1491
;(15, 10);MoveWest;(0, 3);False;1;1492
;(15, 10);MoveEast;(0, 3);False;1;1493
;(15, 10);MoveEast;(0, 3);False;1;1494
MoveNorth;(15, 9);MoveEast;(0, 3);False;1;1495
;(15, 9);MoveEast;(0, 3);False;1;1496
;(15, 9);MoveEast;(0, 3);False;1;1497
;(15, 9);MoveEast;(0, 3);False;1;1498
;(15, 9);MoveEast;(0, 3);False;1;1499
;(15, 9);MoveEast;(0, 3);False;1;1500
;(15, 9);MoveEast;(0, 3);False;1;1501
MoveNorth;(15, 8);MoveEast;(0, 3);False;1;1502
;(15, 8);MoveEast;(1, 3);False;1;1503
;(15, 8);MoveEast;(1, 3);False;1;1504
;(15, 8);MoveEast;(1, 3);False;1;1505
MoveNorth;(15, 7);MoveEast;(1, 3);False;1;1506
;(15, 7);MoveEast;(1, 3);False;1;1507
;(15, 7);MoveEast;(1, 3);False;1;1508
;(15, 7);MoveEast;(1, 3);False;1;1509
;(15, 7);MoveEast;(1, 3);False;1;1510
;(15, 7);MoveEast;(1, 3);False;1;1511
;(15, 7);MoveEast;(1, 3);False;1;1512
MoveNorth;(15, 6);MoveEast;(1, 3);False;1;1513
;(15, 6);MoveEast;(2, 3);False;1;1514
;(15, 6);MoveWest;(2, 3);False;1;1515
;(15, 6);MoveWest;(2, 3);False;1;1516
MoveEast;(16, 6);MoveWest;(2, 3);False;1;1517
;(16, 6);MoveWest;(2, 3);False;1;1518
;(16, 6);MoveWest;(2, 3);False;1;1519
;(16, 6);MoveWest;(2, 3);False;1;1520
;(16, 6);MoveWest;(2, 3);False;1;1521
;(16, 6);MoveWest;(2, 3);False;1;1522
MoveEast;(17, 6);MoveWest;(2, 3);False;1;1523
;(17, 6);MoveWest;(2, 3);False;1;1524
;(17, 6);MoveWest;(1, 3);False;1;1525
;(17, 6);MoveWest;(1, 3);False;1;1526
;(17, 6);MoveWest;(1, 3);False;1;1527
;(17, 6);MoveWest;(1, 3);False;1;1528
DropObject;(17, 6);MoveWest;(1, 3);False;1;1529
;(17, 6);MoveWest;(1, 3);False;1;1530
;(17, 6);MoveWest;(1, 3);False;1;1531
;(17, 6);MoveWest;(1, 3);False;1;1532
;(17, 6);MoveWest;(1, 3);False;1;1533
;(17, 6);MoveWest;(1, 3);False;1;1534
;(17, 6);MoveWest;(1, 3);False;1;1535
;(17, 6);MoveWest;(0, 3);False;1;1536
;(17, 6);;(0, 3);False;1;1537
;(17, 6);Idle;(0, 3);False;1;1538
;(17, 6);Idle;(0, 3);False;1;1539
;(17, 6);Idle;(0, 3);False;1;1540
;(17, 6);Idle;(0, 3);False;1;1541
;(17, 6);Idle;(0, 3);False;1;1542
;(17, 6);Idle;(0, 3);False;1;1543
;(17, 6);Idle;(0, 3);False;1;1544
;(17, 6);Idle;(0, 3);False;1;1545
;(17, 6);Idle;(0, 3);False;1;1546
;(17, 6);Idle;(0, 3);False;1;1547
;(17, 6);Idle;(0, 3);False;1;1548
;(17, 6);Idle;(0, 3);False;1;1549
;(17, 6);Idle;(0, 3);False;1;1550
;(17, 6);Idle;(0, 3);False;1;1551
;(17, 6);Idle;(0, 3);False;1;1552
;(17, 6);Idle;(0, 3);False;1;1553
;(17, 6);Idle;(0, 3);False;1;1554
;(17, 6);Idle;(0, 3);False;1;1555
;(17, 6);Idle;(0, 3);False;1;1556
;(17, 6);Idle;(0, 3);False;1;1557
MoveWest;(16, 6);Idle;(0, 3);False;1;1558
;(16, 6);Idle;(0, 3);False;1;1559
;(16, 6);Idle;(0, 3);False;1;1560
;(16, 6);Idle;(0, 3);False;1;1561
;(16, 6);Idle;(0, 3);False;1;1562
MoveWest;(15, 6);Idle;(0, 3);False;1;1563
;(15, 6);Idle;(0, 3);False;1;1564
;(15, 6);Idle;(0, 3);False;1;1565
;(15, 6);Idle;(0, 3);False;1;1566
;(15, 6);Idle;(0, 3);False;1;1567
;(15, 6);Idle;(0, 3);False;1;1568
MoveWest;(14, 6);Idle;(0, 3);False;1;1569
;(14, 6);Idle;(0, 3);False;1;1570
;(14, 6);Idle;(0, 3);False;1;1571
;(14, 6);Idle;(0, 3);False;1;1572
;(14, 6);Idle;(0, 3);False;1;1573
;(14, 6);Idle;(0, 3);False;1;1574
;(14, 6);Idle;(0, 3);False;1;1575
;(14, 6);Idle;(0, 3);False;1;1576
;(14, 6);Idle;(0, 3);False;1;1577
;(14, 6);Idle;(0, 3);False;1;1578
;(14, 6);Idle;(0, 3);False;1;1579
MoveWest;(13, 6);Idle;(0, 3);False;1;1580
;(13, 6);Idle;(0, 3);False;1;1581
;(13, 6);Idle;(0, 3);False;1;1582
;(13, 6);Idle;(0, 3);False;1;1583
;(13, 6);Idle;(0, 3);False;1;1584
;(13, 6);Idle;(0, 3);False;1;1585
;(13, 6);Idle;(0, 3);False;1;1586
;(13, 6);Idle;(0, 3);False;1;1587
MoveWest;(12, 6);Idle;(0, 3);False;1;1588
;(12, 6);Idle;(0, 3);False;1;1589
;(12, 6);Idle;(0, 3);False;1;1590
;(12, 6);Idle;(0, 3);False;1;1591
;(12, 6);Idle;(0, 3);False;1;1592
;(12, 6);;(0, 3);False;1;1593
;(12, 6);MoveSouthEast;(0, 3);False;1;1594
MoveWest;(11, 6);MoveSouthEast;(0, 3);False;1;1595
;(11, 6);MoveSouthEast;(0, 3);False;1;1596
;(11, 6);MoveSouthEast;(0, 3);False;1;1597
;(11, 6);MoveSouthEast;(0, 3);False;1;1598
;(11, 6);MoveSouthEast;(0, 3);False;1;1599
;(11, 6);MoveSouthEast;(0, 3);False;1;1600
MoveWest;(10, 6);MoveSouthEast;(0, 3);False;1;1601
;(10, 6);MoveSouthEast;(0, 3);False;1;1602
;(10, 6);MoveSouthEast;(0, 3);False;1;1603
;(10, 6);MoveSouthEast;(1, 4);False;1;1604
;(10, 6);MoveSouthEast;(1, 4);False;1;1605
;(10, 6);MoveSouthEast;(1, 4);False;1;1606
MoveWest;(9, 6);MoveSouthEast;(1, 4);False;1;1607
;(9, 6);MoveSouthEast;(1, 4);False;1;1608
;(9, 6);MoveSouthEast;(1, 4);False;1;1609
;(9, 6);MoveSouthEast;(1, 4);False;1;1610
;(9, 6);MoveSouthEast;(1, 4);False;1;1611
;(9, 6);MoveSouthEast;(1, 4);False;1;1612
MoveNorth;(9, 5);MoveSouthEast;(1, 4);False;1;1613
;(9, 5);MoveSouthEast;(1, 4);False;1;1614
;(9, 5);MoveSouthEast;(2, 5);False;1;1615
;(9, 5);MoveSouthEast;(2, 5);False;1;1616
;(9, 5);MoveSouthEast;(2, 5);False;1;1617
;(9, 5);MoveSouthEast;(2, 5);False;1;1618
;(9, 5);MoveSouthEast;(2, 5);False;1;1619
;(9, 5);MoveSouthEast;(2, 5);False;1;1620
;(9, 5);MoveSouthEast;(2, 5);False;1;1621
;(9, 5);MoveSouthEast;(2, 5);False;1;1622
GrabObject;(9, 5);MoveSouthEast;(2, 5);False;1;1623
;(9, 5);MoveSouthEast;(2, 5);False;1;1624
;(9, 5);MoveSouthEast;(2, 5);False;1;1625
;(9, 5);MoveSouthEast;(3, 6);False;1;1626
;(9, 5);MoveSouthEast;(3, 6);False;1;1627
;(9, 5);MoveSouthEast;(3, 6);False;1;1628
;(9, 5);MoveSouthEast;(3, 6);False;1;1629
;(9, 5);MoveSouthEast;(3, 6);False;1;1630
;(9, 5);MoveSouthEast;(3, 6);False;1;1631
GrabObject;(9, 5);MoveSouthEast;(3, 6);False;1;1632
;(9, 5);MoveSouthEast;(3, 6);False;1;1633
;(9, 5);MoveSouthEast;(3, 6);False;1;1634
;(9, 5);MoveSouthEast;(3, 6);False;1;1635
;(9, 5);MoveSouthEast;(3, 6);False;1;1636
GrabObject;(9, 5);MoveSouthEast;(4, 7);False;1;1637
;(9, 5);MoveSouthEast;(4, 7);False;1;1638
;(9, 5);MoveSouthEast;(4, 7);False;1;1639
;(9, 5);MoveSouthEast;(4, 7);False;1;1640
;(9, 5);MoveSouthEast;(4, 7);False;1;1641
MoveWest;(8, 5);MoveSouthEast;(4, 7);False;1;1642
;(8, 5);MoveSouthEast;(4, 7);False;1;1643
;(8, 5);MoveSouthEast;(4, 7);False;1;1644
;(8, 5);MoveSouthEast;(4, 7);False;1;1645
;(8, 5);MoveSouthEast;(4, 7);False;1;1646
;(8, 5);MoveSouthEast;(4, 7);False;1;1647
;(8, 5);MoveSouthEast;(5, 8);False;1;1648
;(8, 5);MoveSouthEast;(5, 8);False;1;1649
;(8, 5);MoveSouthEast;(5, 8);False;1;1650
;(8, 5);MoveSouthEast;(5, 8);False;1;1651
;(8, 5);MoveSouthEast;(5, 8);False;1;1652
;(8, 5);MoveSouthEast;(5, 8);False;1;1653
;(8, 5);MoveSouthEast;(5, 8);False;1;1654
;(8, 5);MoveSouthEast;(5, 8);False;1;1655
;(8, 5);MoveSouthEast;(5, 8);False;1;1656
;(8, 5);MoveSouthEast;(5, 8);False;1;1657
;(8, 5);MoveSouthEast;(5, 8);False;1;1658
MoveWest;(7, 5);MoveSouthEast;(6, 9);False;1;1659
;(7, 5);GrabObject;(6, 9);False;1;1660
;(7, 5);GrabObject;(6, 9);False;1;1661
;(7, 5);GrabObject;(6, 9);False;1;1662
;(7, 5);GrabObject;(6, 9);False;1;1663
;(7, 5);GrabObject;(6, 9);False;1;1664
;(7, 5);GrabObject;(6, 9);False;1;1665
;(7, 5);GrabObject;(6, 9);False;1;1666
;(7, 5);GrabObject;(6, 9);False;1;1667
;(7, 5);GrabObject;(6, 9);False;1;1668
;(7, 5);GrabObject;(6, 9);False;1;1669
;(7, 5);GrabObject;(6, 9);False;1;1670
;(7, 5);;(6, 9);False;1;1671
;(7, 5);MoveNorth;(6, 9);False;1;1672
;(7, 5);MoveNorth;(6, 9);False;1;1673
;(7, 5);MoveNorth;(6, 9);False;1;1674
;(7, 5);MoveNorth;(6, 9);False;1;1675
;(7, 5);MoveNorth;(6, 9);False;1;1676
MoveSouth;(7, 6);MoveNorth;(6, 9);False;1;1677
;(7, 6);MoveNorth;(6, 9);False;1;1678
;(7, 6);MoveNorth;(6, 9);False;1;1679
;(7, 6);MoveNorth;(6, 9);False;1;1680
;(7, 6);MoveNorth;(6, 9);False;1;1681
;(7, 6);MoveNorth;(6, 8);False;1;1682
;(7, 6);MoveNorth;(6, 8);False;1;1683
MoveSouth;(7, 7);MoveNorth;(6, 8);False;1;1684
;(7, 7);MoveNorth;(6, 8);False;1;1685
;(7, 7);MoveNorth;(6, 8);False;1;1686
;(7, 7);MoveNorth;(6, 8);False;1;1687
;(7, 7);MoveNorth;(6, 8);False;1;1688
MoveSouth;(7, 8);MoveNorth;(6, 8);False;1;1689
;(7, 8);MoveNorth;(6, 8);False;1;1690
;(7, 8);MoveNorth;(6, 8);False;1;1691
;(7, 8);MoveNorth;(6, 8);False;1;1692
;(7, 8);MoveNorth;(6, 7);False;1;1693
MoveSouth;(7, 9);MoveNorth;(6, 7);False;1;1694
;(7, 9);MoveNorth;(6, 7);False;1;1695
;(7, 9);MoveNorth;(6, 7);False;1;1696
;(7, 9);MoveNorth;(6, 7);False;1;1697
;(7, 9);MoveNorth;(6, 7);False;1;1698
MoveSouth;(7, 10);MoveNorth;(6, 7);False;1;1699
;(7, 10);MoveNorth;(6, 7);False;1;1700
;(7, 10);MoveNorth;(6, 7);False;1;1701
;(7, 10);MoveNorth;(6, 7);False;1;1702
;(7, 10);MoveNorth;(6, 7);False;1;1703
;(7, 10);MoveNorth;(6, 6);False;1;1704
;(7, 10);MoveNorthEast;(6, 6);False;1;1705
;(7, 10);MoveNorthEast;(6, 6);False;1;1706
;(7, 10);MoveNorthEast;(6, 6);False;1;1707
MoveWest;(6, 10);MoveNorthEast;(6, 6);False;1;1708
;(6, 10);MoveNorthEast;(6, 6);False;1;1709
;(6, 10);MoveNorthEast;(6, 6);False;1;1710
;(6, 10);MoveNorthEast;(6, 6);False;1;1711
;(6, 10);MoveNorthEast;(6, 6);False;1;1712
;(6, 10);MoveNorthEast;(6, 6);False;1;1713
;(6, 10);MoveNorthEast;(6, 6);False;1;1714
;(6, 10);MoveNorthEast;(7, 5);False;1;1715
;(6, 10);Idle;(7, 5);False;1;1716
GrabObject;(6, 10);Idle;(7, 5);False;1;1717
;(6, 10);Idle;(7, 5);False;1;1718
;(6, 10);Idle;(7, 5);False;1;1719
;(6, 10);Idle;(7, 5);False;1;1720
;(6, 10);Idle;(7, 5);False;1;1721
;(6, 10);Idle;(7, 5);False;1;1722
;(6, 10);Idle;(7, 5);False;1;1723
;(6, 10);Idle;(7, 5);False;1;1724
;(6, 10);Idle;(7, 5);False;1;1725
;(6, 10);Idle;(7, 5);False;1;1726
;(6, 10);Idle;(7, 5);False;1;1727
;(6, 10);Idle;(7, 5);False;1;1728
MoveWest;(5, 10);Idle;(7, 5);False;1;1729
;(5, 10);Idle;(7, 5);False;1;1730
;(5, 10);Idle;(7, 5);False;1;1731
;(5, 10);Idle;(7, 5);False;1;1732
;(5, 10);Idle;(7, 5);False;1;1733
MoveWest;(4, 10);Idle;(7, 5);False;1;1734
;(4, 10);Idle;(7, 5);False;1;1735
;(4, 10);Idle;(7, 5);False;1;1736
;(4, 10);Idle;(7, 5);False;1;1737
MoveWest;(3, 10);Idle;(7, 5);False;1;1738
;(3, 10);Idle;(7, 5);False;1;1739
;(3, 10);Idle;(7, 5);False;1;1740
;(3, 10);Idle;(7, 5);False;1;1741
MoveWest;(2, 10);Idle;(7, 5);False;1;1742
;(2, 10);Idle;(7, 5);False;1;1743
;(2, 10);Idle;(7, 5);False;1;1744
;(2, 10);Idle;(7, 5);False;1;1745
MoveWest;(1, 10);Idle;(7, 5);False;1;1746
;(1, 10);Idle;(7, 5);False;1;1747
;(1, 10);Idle;(7, 5);False;1;1748
;(1, 10);Idle;(7, 5);False;1;1749
;(1, 10);Idle;(7, 5);False;1;1750
;(1, 10);Idle;(7, 5);False;1;1751
;(1, 10);Idle;(7, 5);False;1;1752
;(1, 10);Idle;(7, 5);False;1;1753
;(1, 10);Idle;(7, 5);False;1;1754
;(1, 10);Idle;(7, 5);False;1;1755
;(1, 10);Idle;(7, 5);False;1;1756
;(1, 10);Idle;(7, 5);False;1;1757
;(1, 10);Idle;(7, 5);False;1;1758
MoveWest;(0, 10);Idle;(7, 5);False;1;1759
;(0, 10);Idle;(7, 5);False;1;1760
;(0, 10);Idle;(7, 5);False;1;1761
;(0, 10);Idle;(7, 5);False;1;1762
;(0, 10);Idle;(7, 5);False;1;1763
;(0, 10);Idle;(7, 5);False;1;1764
GrabObject;(0, 10);Idle;(7, 5);False;1;1765
;(0, 10);Idle;(7, 5);False;1;1766
;(0, 10);Idle;(7, 5);False;1;1767
;(0, 10);Idle;(7, 5);False;1;1768
;(0, 10);Idle;(7, 5);False;1;1769
;(0, 10);Idle;(7, 5);False;1;1770
;(0, 10);;(7, 5);False;1;1771
;(0, 10);MoveWest;(7, 5);False;1;1772
;(0, 10);MoveWest;(7, 5);False;1;1773
;(0, 10);MoveWest;(7, 5);False;1;1774
;(0, 10);MoveWest;(7, 5);False;1;1775
DropObject;(0, 10);MoveWest;(7, 5);False;1;1776
;(0, 10);MoveWest;(7, 5);False;1;1777
;(0, 10);MoveWest;(7, 5);False;1;1778
;(0, 10);MoveWest;(7, 5);False;1;1779
;(0, 10);MoveWest;(7, 5);False;1;1780
;(0, 10);MoveWest;(7, 5);False;1;1781
;(0, 10);MoveWest;(6, 5);False;1;1782
;(0, 10);MoveWest;(6, 5);False;1;1783
;(0, 10);MoveWest;(6, 5);False;1;1784
;(0, 10);MoveWest;(6, 5);False;1;1785
;(0, 10);MoveWest;(6, 5);False;1;1786
;(0, 10);MoveWest;(6, 5);False;1;1787
MoveEast;(1, 10);MoveWest;(6, 5);False;1;1788
;(1, 10);MoveWest;(6, 5);False;1;1789
;(1, 10);MoveWest;(6, 5);False;1;1790
;(1, 10);MoveWest;(6, 5);False;1;1791
;(1, 10);MoveWest;(6, 5);False;1;1792
;(1, 10);MoveWest;(5, 5);False;1;1793
;(1, 10);MoveNorthWest;(5, 5);False;1;1794
;(1, 10);MoveNorthWest;(5, 5);False;1;1795
;(1, 10);MoveNorthWest;(5, 5);False;1;1796
;(1, 10);MoveNorthWest;(5, 5);False;1;1797
MoveEast;(2, 10);MoveNorthWest;(5, 5);False;1;1798
MoveEast;(3, 10);MoveNorthWest;(5, 5);False;1;1799
;(3, 10);MoveNorthWest;(5, 5);False;1;1800
;(3, 10);MoveNorthWest;(5, 5);False;1;1801
;(3, 10);MoveNorthWest;(5, 5);False;1;1802
;(3, 10);MoveNorthWest;(5, 5);False;1;1803
;(3, 10);MoveNorthWest;(4, 4);False;1;1804
;(3, 10);MoveWest;(4, 4);False;1;1805
;(3, 10);MoveWest;(4, 4);False;1;1806
;(3, 10);MoveWest;(4, 4);False;1;1807
;(3, 10);MoveWest;(4, 4);False;1;1808
MoveEast;(4, 10);MoveWest;(4, 4);False;1;1809
;(4, 10);MoveWest;(4, 4);False;1;1810
;(4, 10);MoveWest;(4, 4);False;1;1811
;(4, 10);MoveWest;(4, 4);False;1;1812
;(4, 10);MoveWest;(4, 4);False;1;1813
MoveEast;(5, 10);MoveWest;(4, 4);False;1;1814
;(5, 10);MoveWest;(3, 4);False;1;1815
;(5, 10);MoveNorthWest;(3, 4);False;1;1816
;(5, 10);MoveNorthWest;(3, 4);False;1;1817
;(5, 10);MoveNorthWest;(3, 4);False;1;1818
;(5, 10);MoveNorthWest;(3, 4);False;1;1819
;(5, 10);MoveNorthWest;(3, 4);False;1;1820
;(5, 10);MoveNorthWest;(3, 4);False;1;1821
;(5, 10);MoveNorthWest;(3, 4);False;1;1822
;(5, 10);MoveNorthWest;(3, 4);False;1;1823
;(5, 10);MoveNorthWest;(3, 4);False;1;1824
GrabObject;(5, 10);MoveNorthWest;(3, 4);False;1;1825
;(5, 10);MoveNorthWest;(2, 3);False;1;1826
;(5, 10);MoveWest;(2, 3);False;1;1827
;(5, 10);MoveWest;(2, 3);False;1;1828
;(5, 10);MoveWest;(2, 3);False;1;1829
;(5, 10);MoveWest;(2, 3);False;1;1830
;(5, 10);MoveWest;(2, 3);False;1;1831
;(5, 10);MoveWest;(2, 3);False;1;1832
;(5, 10);MoveWest;(2, 3);False;1;1833
;(5, 10);MoveWest;(2, 3);False;1;1834
MoveWest;(4, 10);MoveWest;(2, 3);False;1;1835
;(4, 10);MoveWest;(2, 3);False;1;1836
;(4, 10);MoveWest;(1, 3);False;1;1837
;(4, 10);DropObject;(1, 3);False;1;1838
;(4, 10);DropObject;(1, 3);False;1;1839
MoveWest;(3, 10);DropObject;(1, 3);False;1;1840
;(3, 10);DropObject;(1, 3);False;1;1841
;(3, 10);DropObject;(1, 3);False;1;1842
MoveWest;(2, 10);DropObject;(1, 3);False;1;1843
;(2, 10);DropObject;(1, 3);False;1;1844
;(2, 10);DropObject;(1, 3);False;1;1845
;(2, 10);DropObject;(1, 3);False;1;1846
;(2, 10);DropObject;(1, 3);False;1;1847
MoveWest;(1, 10);DropObject;(1, 3);False;1;1848
;(1, 10);;(1, 3);False;1;1849
;(1, 10);MoveSouth;(1, 3);False;1;1850
;(1, 10);MoveSouth;(1, 3);False;1;1851
MoveWest;(0, 10);MoveSouth;(1, 3);False;1;1852
;(0, 10);MoveSouth;(1, 3);False;1;1853
;(0, 10);MoveSouth;(1, 3);False;1;1854
;(0, 10);MoveSouth;(1, 3);False;1;1855
;(0, 10);MoveSouth;(1, 3);False;1;1856
;(0, 10);MoveSouth;(1, 3);False;1;1857
;(0, 10);MoveSouth;(1, 3);False;1;1858
;(0, 10);MoveSouth;(1, 3);False;1;1859
;(0, 10);MoveSouth;(1, 4);False;1;1860
;(0, 10);MoveSouth;(1, 4);False;1;1861
DropObject;(0, 10);MoveSouth;(1, 4);False;1;1862
;(0, 10);MoveSouth;(1, 4);False;1;1863
;(0, 10);MoveSouth;(1, 4);False;1;1864
;(0, 10);MoveSouth;(1, 4);False;1;1865
;(0, 10);MoveSouth;(1, 4);False;1;1866
;(0, 10);MoveSouth;(1, 4);False;1;1867
;(0, 10);MoveSouth;(1, 4);False;1;1868
;(0, 10);MoveSouth;(1, 4);False;1;1869
;(0, 10);MoveSouth;(1, 4);False;1;1870
;(0, 10);MoveSouth;(1, 5);False;1;1871
;(0, 10);MoveSouth;(1, 5);False;1;1872
;(0, 10);MoveSouth;(1, 5);False;1;1873
;(0, 10);MoveSouth;(1, 5);False;1;1874
;(0, 10);MoveSouth;(1, 5);False;1;1875
MoveEast;(1, 10);MoveSouth;(1, 5);False;1;1876
;(1, 10);MoveSouth;(1, 5);False;1;1877
;(1, 10);MoveSouth;(1, 5);False;1;1878
;(1, 10);MoveSouth;(1, 5);False;1;1879
MoveEast;(2, 10);MoveSouth;(1, 5);False;1;1880
;(2, 10);MoveSouth;(1, 5);False;1;1881
;(2, 10);MoveSouth;(1, 6);False;1;1882
;(2, 10);MoveSouth;(1, 6);False;1;1883
;(2, 10);MoveSouth;(1, 6);False;1;1884
MoveEast;(3, 10);MoveSouth;(1, 6);False;1;1885
;(3, 10);MoveSouth;(1, 6);False;1;1886
;(3, 10);MoveSouth;(1, 6);False;1;1887
;(3, 10);MoveSouth;(1, 6);False;1;1888
MoveEast;(4, 10);MoveSouth;(1, 6);False;1;1889
;(4, 10);MoveSouth;(1, 6);False;1;1890
;(4, 10);MoveSouth;(1, 6);False;1;1891
;(4, 10);MoveSouth;(1, 6);False;1;1892
;(4, 10);MoveSouth;(1, 7);False;1;1893
MoveEast;(5, 10);MoveSouth;(1, 7);False;1;1894
;(5, 10);MoveSouth;(1, 7);False;1;1895
;(5, 10);MoveSouth;(1, 7);False;1;1896
;(5, 10);MoveSouth;(1, 7);False;1;1897
MoveEast;(6, 10);MoveSouth;(1, 7);False;1;1898
;(6, 10);MoveSouth;(1, 7);False;1;1899
;(6, 10);MoveSouth;(1, 7);False;1;1900
;(6, 10);MoveSouth;(1, 7);False;1;1901
MoveEast;(7, 10);MoveSouth;(1, 7);False;1;1902
;(7, 10);MoveSouth;(1, 7);False;1;1903
;(7, 10);MoveSouth;(1, 8);False;1;1904
;(7, 10);MoveSouth;(1, 8);False;1;1905
;(7, 10);MoveSouth;(1, 8);False;1;1906
;(7, 10);MoveSouth;(1, 8);False;1;1907
MoveEast;(8, 10);MoveSouth;(1, 8);False;1;1908
;(8, 10);MoveSouth;(1, 8);False;1;1909
;(8, 10);MoveSouth;(1, 8);False;1;1910
;(8, 10);MoveSouth;(1, 8);False;1;1911
;(8, 10);MoveSouth;(1, 8);False;1;1912
;(8, 10);MoveSouth;(1, 8);False;1;1913
;(8, 10);MoveSouth;(1, 8);False;1;1914
;(8, 10);MoveSouth;(1, 9);False;1;1915
MoveNorth;(8, 9);MoveSouth;(1, 9);False;1;1916
;(8, 9);MoveSouth;(1, 9);False;1;1917
;(8, 9);MoveSouth;(1, 9);False;1;1918
;(8, 9);MoveSouth;(1, 9);False;1;1919
;(8, 9);MoveSouth;(1, 9);False;1;1920
;(8, 9);MoveSouth;(1, 9);False;1;1921
;(8, 9);MoveSouth;(1, 9);False;1;1922
;(8, 9);MoveSouth;(1, 9);False;1;1923
;(8, 9);MoveSouth;(1, 9);False;1;1924
;(8, 9);MoveSouth;(1, 9);False;1;1925
MoveNorth;(8, 8);MoveSouth;(1, 10);False;1;1926
;(8, 8);Idle;(1, 10);False;1;1927
;(8, 8);Idle;(1, 10);False;1;1928
;(8, 8);Idle;(1, 10);False;1;1929
;(8, 8);Idle;(1, 10);False;1;1930
MoveNorth;(8, 7);Idle;(1, 10);False;1;1931
;(8, 7);Idle;(1, 10);False;1;1932
;(8, 7);Idle;(1, 10);False;1;1933
;(8, 7);Idle;(1, 10);False;1;1934
;(8, 7);Idle;(1, 10);False;1;1935
MoveNorth;(8, 6);Idle;(1, 10);False;1;1936
;(8, 6);Idle;(1, 10);False;1;1937
;(8, 6);Idle;(1, 10);False;1;1938
;(8, 6);Idle;(1, 10);False;1;1939
;(8, 6);Idle;(1, 10);False;1;1940
;(8, 6);Idle;(1, 10);False;1;1941
;(8, 6);Idle;(1, 10);False;1;1942
;(8, 6);Idle;(1, 10);False;1;1943
;(8, 6);Idle;(1, 10);False;1;1944
;(8, 6);Idle;(1, 10);False;1;1945
;(8, 6);Idle;(1, 10);False;1;1946
MoveNorth;(8, 5);Idle;(1, 10);False;1;1947
;(8, 5);Idle;(1, 10);False;1;1948
;(8, 5);Idle;(1, 10);False;1;1949
;(8, 5);Idle;(1, 10);False;1;1950
;(8, 5);Idle;(1, 10);False;1;1951
;(8, 5);Idle;(1, 10);False;1;1952
;(8, 5);Idle;(1, 10);False;1;1953
;(8, 5);Idle;(1, 10);False;1;1954
;(8, 5);Idle;(1, 10);False;1;1955
;(8, 5);Idle;(1, 10);False;1;1956
DropObject;(8, 5);Idle;(1, 10);False;1;1957
;(8, 5);Idle;(1, 10);False;1;1958
;(8, 5);Idle;(1, 10);False;1;1959
;(8, 5);Idle;(1, 10);False;1;1960
;(8, 5);Idle;(1, 10);False;1;1961
;(8, 5);Idle;(1, 10);False;1;1962
;(8, 5);Idle;(1, 10);False;1;1963
;(8, 5);Idle;(1, 10);False;1;1964
;(8, 5);Idle;(1, 10);False;1;1965
;(8, 5);Idle;(1, 10);False;1;1966
;(8, 5);Idle;(1, 10);False;1;1967
;(8, 5);Idle;(1, 10);False;1;1968
;(8, 5);Idle;(1, 10);False;1;1969
;(8, 5);Idle;(1, 10);False;1;1970
;(8, 5);Idle;(1, 10);False;1;1971
GrabObject;(8, 5);Idle;(1, 10);False;1;1972
;(8, 5);Idle;(1, 10);False;1;1973
;(8, 5);Idle;(1, 10);False;1;1974
;(8, 5);Idle;(1, 10);False;1;1975
;(8, 5);Idle;(1, 10);False;1;1976
;(8, 5);Idle;(1, 10);False;1;1977
;(8, 5);Idle;(1, 10);False;1;1978
;(8, 5);Idle;(1, 10);False;1;1979
;(8, 5);Idle;(1, 10);False;1;1980
;(8, 5);Idle;(1, 10);False;1;1981
;(8, 5);;(1, 10);False;1;1982
;(8, 5);Idle;(1, 10);False;1;1983
;(8, 5);Idle;(1, 10);False;1;1984
;(8, 5);Idle;(1, 10);False;1;1985
;(8, 5);Idle;(1, 10);False;1;1986
;(8, 5);Idle;(1, 10);False;1;1987
;(8, 5);Idle;(1, 10);False;1;1988
MoveWest;(7, 5);Idle;(1, 10);False;1;1989
;(7, 5);Idle;(1, 10);False;1;1990
;(7, 5);Idle;(1, 10);False;1;1991
;(7, 5);Idle;(1, 10);False;1;1992
;(7, 5);Idle;(1, 10);False;1;1993
;(7, 5);Idle;(1, 10);False;1;1994
;(7, 5);Idle;(1, 10);False;1;1995
;(7, 5);Idle;(1, 10);False;1;1996
;(7, 5);Idle;(1, 10);False;1;1997
;(7, 5);Idle;(1, 10);False;1;1998
;(7, 5);Idle;(1, 10);False;1;1999
;(7, 5);Idle;(1, 10);False;1;2000
;(7, 5);Idle;(1, 10);False;1;2001
MoveSouth;(7, 6);Idle;(1, 10);False;1;2002
;(7, 6);Idle;(1, 10);False;1;2003
;(7, 6);Idle;(1, 10);False;1;2004
;(7, 6);Idle;(1, 10);False;1;2005
;(7, 6);Idle;(1, 10);False;1;2006
;(7, 6);Idle;(1, 10);False;1;2007
;(7, 6);Idle;(1, 10);False;1;2008
;(7, 6);Idle;(1, 10);False;1;2009
;(7, 6);Idle;(1, 10);False;1;2010
;(7, 6);Idle;(1, 10);False;1;2011
MoveEast;(8, 6);Idle;(1, 10);False;1;2012
;(8, 6);Idle;(1, 10);False;1;2013
GrabObject;(8, 6);Idle;(1, 10);False;1;2014
;(8, 6);Idle;(1, 10);False;1;2015
;(8, 6);Idle;(1, 10);False;1;2016
;(8, 6);Idle;(1, 10);False;1;2017
;(8, 6);Idle;(1, 10);False;1;2018
;(8, 6);Idle;(1, 10);False;1;2019
;(8, 6);Idle;(1, 10);False;1;2020
;(8, 6);Idle;(1, 10);False;1;2021
;(8, 6);Idle;(1, 10);False;1;2022
;(8, 6);Idle;(1, 10);False;1;2023
;(8, 6);Idle;(1, 10);False;1;2024
;(8, 6);Idle;(1, 10);False;1;2025
;(8, 6);Idle;(1, 10);False;1;2026
MoveEast;(9, 6);Idle;(1, 10);False;1;2027
;(9, 6);Idle;(1, 10);False;1;2028
;(9, 6);Idle;(1, 10);False;1;2029
;(9, 6);Idle;(1, 10);False;1;2030
MoveEast;(10, 6);Idle;(1, 10);False;1;2031
;(10, 6);Idle;(1, 10);False;1;2032
;(10, 6);Idle;(1, 10);False;1;2033
;(10, 6);Idle;(1, 10);False;1;2034
MoveEast;(11, 6);Idle;(1, 10);False;1;2035
;(11, 6);Idle;(1, 10);False;1;2036
;(11, 6);Idle;(1, 10);False;1;2037
;(11, 6);;(1, 10);False;1;2038
MoveEast;(12, 6);Idle;(1, 10);False;1;2039
;(12, 6);Idle;(1, 10);False;1;2040
;(12, 6);Idle;(1, 10);False;1;2041
;(12, 6);Idle;(1, 10);False;1;2042
;(12, 6);Idle;(1, 10);False;1;2043
;(12, 6);Idle;(1, 10);False;1;2044
MoveSouth;(12, 7);Idle;(1, 10);False;1;2045
;(12, 7);Idle;(1, 10);False;1;2046
;(12, 7);Idle;(1, 10);False;1;2047
;(12, 7);Idle;(1, 10);False;1;2048
;(12, 7);Idle;(1, 10);False;1;2049
;(12, 7);Idle;(1, 10);False;1;2050
;(12, 7);Idle;(1, 10);False;1;2051
;(12, 7);Idle;(1, 10);False;1;2052
;(12, 7);Idle;(1, 10);False;1;2053
;(12, 7);Idle;(1, 10);False;1;2054
;(12, 7);Idle;(1, 10);False;1;2055
;(12, 7);Idle;(1, 10);False;1;2056
;(12, 7);Idle;(1, 10);False;1;2057
;(12, 7);Idle;(1, 10);False;1;2058
MoveSouth;(12, 8);Idle;(1, 10);False;1;2059
;(12, 8);Idle;(1, 10);False;1;2060
;(12, 8);Idle;(1, 10);False;1;2061
;(12, 8);Idle;(1, 10);False;1;2062
;(12, 8);Idle;(1, 10);False;1;2063
;(12, 8);Idle;(1, 10);False;1;2064
;(12, 8);Idle;(1, 10);False;1;2065
;(12, 8);Idle;(1, 10);False;1;2066
;(12, 8);Idle;(1, 10);False;1;2067
;(12, 8);Idle;(1, 10);False;1;2068
;(12, 8);Idle;(1, 10);False;1;2069
GrabObject;(12, 8);Idle;(1, 10);False;1;2070
;(12, 8);Idle;(1, 10);False;1;2071
;(12, 8);Idle;(1, 10);False;1;2072
;(12, 8);Idle;(1, 10);False;1;2073
;(12, 8);Idle;(1, 10);False;1;2074
;(12, 8);Idle;(1, 10);False;1;2075
;(12, 8);Idle;(1, 10);False;1;2076
;(12, 8);Idle;(1, 10);False;1;2077
;(12, 8);Idle;(1, 10);False;1;2078
;(12, 8);Idle;(1, 10);False;1;2079
;(12, 8);Idle;(1, 10);False;1;2080
;(12, 8);Idle;(1, 10);False;1;2081
;(12, 8);Idle;(1, 10);False;1;2082
;(12, 8);Idle;(1, 10);False;1;2083
;(12, 8);Idle;(1, 10);False;1;2084
;(12, 8);Idle;(1, 10);False;1;2085
;(12, 8);Idle;(1, 10);False;1;2086
;(12, 8);Idle;(1, 10);False;1;2087
;(12, 8);Idle;(1, 10);False;1;2088
;(12, 8);Idle;(1, 10);False;1;2089
;(12, 8);Idle;(1, 10);False;1;2090
GrabObject;(12, 8);Idle;(1, 10);False;1;2091
;(12, 8);Idle;(1, 10);False;1;2092
;(12, 8);Idle;(1, 10);False;1;2093
;(12, 8);;(1, 10);False;1;2094
;(12, 8);MoveEast;(1, 10);False;1;2095
;(12, 8);MoveEast;(1, 10);False;1;2096
GrabObject;(12, 8);MoveEast;(1, 10);False;1;2097
;(12, 8);MoveEast;(1, 10);False;1;2098
;(12, 8);MoveEast;(1, 10);False;1;2099
;(12, 8);MoveEast;(1, 10);False;1;2100
;(12, 8);MoveEast;(1, 10);False;1;2101
;(12, 8);MoveEast;(1, 10);False;1;2102
;(12, 8);MoveEast;(1, 10);False;1;2103
;(12, 8);MoveEast;(1, 10);False;1;2104
;(12, 8);MoveEast;(2, 10);False;1;2105
;(12, 8);MoveEast;(2, 10);False;1;2106
;(12, 8);MoveEast;(2, 10);False;1;2107
;(12, 8);MoveEast;(2, 10);False;1;2108
;(12, 8);MoveEast;(2, 10);False;1;2109
;(12, 8);MoveEast;(2, 10);False;1;2110
;(12, 8);MoveEast;(2, 10);False;1;2111
;(12, 8);MoveEast;(2, 10);False;1;2112
;(12, 8);MoveEast;(2, 10);False;1;2113
;(12, 8);MoveEast;(2, 10);False;1;2114
;(12, 8);MoveEast;(2, 10);False;1;2115
;(12, 8);MoveEast;(3, 10);False;1;2116
;(12, 8);MoveWest;(3, 10);False;1;2117
;(12, 8);MoveWest;(3, 10);False;1;2118
;(12, 8);MoveWest;(3, 10);False;1;2119
;(12, 8);MoveWest;(3, 10);False;1;2120
;(12, 8);MoveWest;(3, 10);False;1;2121
;(12, 8);MoveWest;(3, 10);False;1;2122
;(12, 8);MoveWest;(3, 10);False;1;2123
;(12, 8);MoveWest;(3, 10);False;1;2124
;(12, 8);MoveWest;(3, 10);False;1;2125
;(12, 8);MoveWest;(3, 10);False;1;2126
;(12, 8);MoveWest;(2, 10);False;1;2127
;(12, 8);MoveWest;(2, 10);False;1;2128
;(12, 8);MoveWest;(2, 10);False;1;2129
;(12, 8);MoveWest;(2, 10);False;1;2130
;(12, 8);MoveWest;(2, 10);False;1;2131
;(12, 8);MoveWest;(2, 10);False;1;2132
;(12, 8);MoveWest;(2, 10);False;1;2133
;(12, 8);MoveWest;(2, 10);False;1;2134
;(12, 8);MoveWest;(2, 10);False;1;2135
;(12, 8);MoveWest;(2, 10);False;1;2136
;(12, 8);MoveWest;(2, 10);False;1;2137
;(12, 8);MoveWest;(1, 10);False;1;2138
;(12, 8);MoveEast;(1, 10);False;1;2139
;(12, 8);MoveEast;(1, 10);False;1;2140
;(12, 8);MoveEast;(1, 10);False;1;2141
;(12, 8);MoveEast;(1, 10);False;1;2142
;(12, 8);MoveEast;(1, 10);False;1;2143
;(12, 8);MoveEast;(1, 10);False;1;2144
;(12, 8);MoveEast;(1, 10);False;1;2145
;(12, 8);MoveEast;(1, 10);False;1;2146
;(12, 8);MoveEast;(1, 10);False;1;2147
;(12, 8);MoveEast;(1, 10);False;1;2148
;(12, 8);MoveEast;(2, 10);False;1;2149
;(12, 8);MoveEast;(2, 10);False;1;2150
;(12, 8);MoveEast;(2, 10);False;1;2151
;(12, 8);MoveEast;(2, 10);False;1;2152
;(12, 8);MoveEast;(2, 10);False;1;2153
;(12, 8);MoveEast;(2, 10);False;1;2154
;(12, 8);MoveEast;(2, 10);False;1;2155
;(12, 8);MoveEast;(2, 10);False;1;2156
;(12, 8);MoveEast;(2, 10);False;1;2157
;(12, 8);MoveEast;(2, 10);False;1;2158
;(12, 8);MoveEast;(2, 10);False;1;2159
;(12, 8);MoveEast;(3, 10);False;1;2160
;(12, 8);MoveWest;(3, 10);False;1;2161
;(12, 8);MoveWest;(3, 10);False;1;2162
;(12, 8);MoveWest;(3, 10);False;1;2163
;(12, 8);MoveWest;(3, 10);False;1;2164
;(12, 8);MoveWest;(3, 10);False;1;2165
;(12, 8);MoveWest;(3, 10);False;1;2166
;(12, 8);MoveWest;(3, 10);False;1;2167
;(12, 8);MoveWest;(3, 10);False;1;2168
;(12, 8);MoveWest;(3, 10);False;1;2169
;(12, 8);MoveWest;(3, 10);False;1;2170
;(12, 8);MoveWest;(2, 10);False;1;2171
;(12, 8);MoveWest;(2, 10);False;1;2172
;(12, 8);MoveWest;(2, 10);False;1;2173
;(12, 8);MoveWest;(2, 10);False;1;2174
;(12, 8);MoveWest;(2, 10);False;1;2175
;(12, 8);MoveWest;(2, 10);False;1;2176
;(12, 8);MoveWest;(2, 10);False;1;2177
;(12, 8);MoveWest;(2, 10);False;1;2178
;(12, 8);MoveWest;(2, 10);False;1;2179
;(12, 8);MoveWest;(2, 10);False;1;2180
;(12, 8);MoveWest;(2, 10);False;1;2181
;(12, 8);MoveWest;(1, 10);False;1;2182
;(12, 8);MoveEast;(1, 10);False;1;2183
;(12, 8);MoveEast;(1, 10);False;1;2184
;(12, 8);MoveEast;(1, 10);False;1;2185
;(12, 8);MoveEast;(1, 10);False;1;2186
;(12, 8);MoveEast;(1, 10);False;1;2187
;(12, 8);MoveEast;(1, 10);False;1;2188
;(12, 8);MoveEast;(1, 10);False;1;2189
;(12, 8);MoveEast;(1, 10);False;1;2190
;(12, 8);MoveEast;(1, 10);False;1;2191
;(12, 8);MoveEast;(1, 10);False;1;2192
;(12, 8);MoveEast;(2, 10);False;1;2193
;(12, 8);MoveEast;(2, 10);False;1;2194
;(12, 8);MoveEast;(2, 10);False;1;2195
;(12, 8);MoveEast;(2, 10);False;1;2196
;(12, 8);MoveEast;(2, 10);False;1;2197
;(12, 8);MoveEast;(2, 10);False;1;2198
;(12, 8);MoveEast;(2, 10);False;1;2199
;(12, 8);MoveEast;(2, 10);False;1;2200
;(12, 8);MoveEast;(2, 10);False;1;2201
;(12, 8);MoveEast;(2, 10);False;1;2202
;(12, 8);MoveEast;(2, 10);False;1;2203
;(12, 8);MoveEast;(3, 10);False;1;2204
;(12, 8);MoveWest;(3, 10);False;1;2205
;(12, 8);MoveWest;(3, 10);False;1;2206
;(12, 8);MoveWest;(3, 10);False;1;2207
;(12, 8);MoveWest;(3, 10);False;1;2208
;(12, 8);MoveWest;(3, 10);False;1;2209
;(12, 8);MoveWest;(3, 10);False;1;2210
;(12, 8);MoveWest;(3, 10);False;1;2211
;(12, 8);MoveWest;(3, 10);False;1;2212
;(12, 8);MoveWest;(3, 10);False;1;2213
;(12, 8);MoveWest;(3, 10);False;1;2214
;(12, 8);MoveWest;(2, 10);False;1;2215
;(12, 8);MoveWest;(2, 10);False;1;2216
;(12, 8);MoveWest;(2, 10);False;1;2217
;(12, 8);MoveWest;(2, 10);False;1;2218
;(12, 8);MoveWest;(2, 10);False;1;2219
;(12, 8);MoveWest;(2, 10);False;1;2220
;(12, 8);MoveWest;(2, 10);False;1;2221
;(12, 8);MoveWest;(2, 10);False;1;2222
;(12, 8);MoveWest;(2, 10);False;1;2223
;(12, 8);MoveWest;(2, 10);False;1;2224
;(12, 8);MoveWest;(2, 10);False;1;2225
;(12, 8);MoveWest;(1, 10);False;1;2226
;(12, 8);;(1, 10);False;1;2227
;(12, 8);MoveEast;(1, 10);False;1;2228
;(12, 8);MoveEast;(1, 10);False;1;2229
;(12, 8);MoveEast;(1, 10);False;1;2230
;(12, 8);MoveEast;(1, 10);False;1;2231
;(12, 8);MoveEast;(1, 10);False;1;2232
;(12, 8);MoveEast;(1, 10);False;1;2233
;(12, 8);MoveEast;(1, 10);False;1;2234
;(12, 8);MoveEast;(1, 10);False;1;2235
;(12, 8);MoveEast;(1, 10);False;1;2236
;(12, 8);MoveEast;(1, 10);False;1;2237
;(12, 8);MoveEast;(2, 10);False;1;2238
;(12, 8);MoveEast;(2, 10);False;1;2239
;(12, 8);MoveEast;(2, 10);False;1;2240
;(12, 8);MoveEast;(2, 10);False;1;2241
;(12, 8);MoveEast;(2, 10);False;1;2242
;(12, 8);MoveEast;(2, 10);False;1;2243
;(12, 8);MoveEast;(2, 10);False;1;2244
;(12, 8);MoveEast;(2, 10);False;1;2245
;(12, 8);MoveEast;(2, 10);False;1;2246
;(12, 8);MoveEast;(2, 10);False;1;2247
;(12, 8);MoveEast;(2, 10);False;1;2248
;(12, 8);MoveEast;(3, 10);False;1;2249
;(12, 8);MoveEast;(3, 10);False;1;2250
;(12, 8);MoveEast;(3, 10);False;1;2251
;(12, 8);MoveEast;(3, 10);False;1;2252
;(12, 8);MoveEast;(3, 10);False;1;2253
;(12, 8);MoveEast;(3, 10);False;1;2254
;(12, 8);MoveEast;(3, 10);False;1;2255
;(12, 8);MoveEast;(3, 10);False;1;2256
;(12, 8);MoveEast;(3, 10);False;1;2257
;(12, 8);MoveEast;(3, 10);False;1;2258
;(12, 8);MoveEast;(3, 10);False;1;2259
;(12, 8);MoveEast;(4, 10);False;1;2260
;(12, 8);MoveEast;(4, 10);False;1;2261
;(12, 8);MoveEast;(4, 10);False;1;2262
;(12, 8);MoveEast;(4, 10);False;1;2263
;(12, 8);MoveEast;(4, 10);False;1;2264
;(12, 8);MoveEast;(4, 10);False;1;2265
;(12, 8);MoveEast;(4, 10);False;1;2266
;(12, 8);MoveEast;(4, 10);False;1;2267
;(12, 8);MoveEast;(4, 10);False;1;2268
;(12, 8);MoveEast;(4, 10);False;1;2269
;(12, 8);MoveEast;(4, 10);False;1;2270
;(12, 8);MoveEast;(5, 10);False;1;2271
;(12, 8);MoveEast;(5, 10);False;1;2272
;(12, 8);MoveEast;(5, 10);False;1;2273
;(12, 8);MoveEast;(5, 10);False;1;2274
;(12, 8);MoveEast;(5, 10);False;1;2275
;(12, 8);MoveEast;(5, 10);False;1;2276
;(12, 8);MoveEast;(5, 10);False;1;2277
;(12, 8);MoveEast;(5, 10);False;1;2278
;(12, 8);MoveEast;(5, 10);False;1;2279
;(12, 8);MoveEast;(5, 10);False;1;2280
;(12, 8);MoveEast;(5, 10);False;1;2281
;(12, 8);MoveEast;(6, 10);False;1;2282
;(12, 8);MoveNorthEast;(6, 10);False;1;2283
;(12, 8);MoveNorthEast;(6, 10);False;1;2284
;(12, 8);MoveNorthEast;(6, 10);False;1;2285
MoveWest;(11, 8);MoveNorthEast;(6, 10);False;1;2286
;(11, 8);MoveNorthEast;(6, 10);False;1;2287
;(11, 8);MoveNorthEast;(6, 10);False;1;2288
;(11, 8);MoveNorthEast;(6, 10);False;1;2289
;(11, 8);MoveNorthEast;(6, 10);False;1;2290
;(11, 8);MoveNorthEast;(6, 10);False;1;2291
;(11, 8);MoveNorthEast;(6, 10);False;1;2292
;(11, 8);MoveNorthEast;(7, 9);False;1;2293
;(11, 8);MoveEast;(7, 9);False;1;2294
;(11, 8);MoveEast;(7, 9);False;1;2295
;(11, 8);MoveEast;(7, 9);False;1;2296
;(11, 8);MoveEast;(7, 9);False;1;2297
;(11, 8);MoveEast;(7, 9);False;1;2298
;(11, 8);MoveEast;(7, 9);False;1;2299
MoveWest;(10, 8);MoveEast;(7, 9);False;1;2300
;(10, 8);MoveEast;(7, 9);False;1;2301
;(10, 8);MoveEast;(7, 9);False;1;2302
;(10, 8);MoveEast;(7, 9);False;1;2303
;(10, 8);MoveEast;(8, 9);False;1;2304
;(10, 8);MoveNorthEast;(8, 9);False;1;2305
;(10, 8);MoveNorthEast;(8, 9);False;1;2306
;(10, 8);MoveNorthEast;(8, 9);False;1;2307
MoveWest;(9, 8);MoveNorthEast;(8, 9);False;1;2308
;(9, 8);MoveNorthEast;(8, 9);False;1;2309
;(9, 8);MoveNorthEast;(8, 9);False;1;2310
;(9, 8);MoveNorthEast;(8, 9);False;1;2311
;(9, 8);MoveNorthEast;(8, 9);False;1;2312
;(9, 8);MoveNorthEast;(8, 9);False;1;2313
MoveNorth;(9, 7);MoveNorthEast;(8, 9);False;1;2314
;(9, 7);MoveNorthEast;(9, 8);False;1;2315
;(9, 7);MoveEast;(9, 8);False;1;2316
;(9, 7);MoveEast;(9, 8);False;1;2317
;(9, 7);MoveEast;(9, 8);False;1;2318
;(9, 7);MoveEast;(9, 8);False;1;2319
;(9, 7);MoveEast;(9, 8);False;1;2320
;(9, 7);MoveEast;(9, 8);False;1;2321
MoveNorth;(9, 6);MoveEast;(9, 8);False;1;2322
;(9, 6);MoveEast;(9, 8);False;1;2323
;(9, 6);MoveEast;(9, 8);False;1;2324
;(9, 6);MoveEast;(9, 8);False;1;2325
;(9, 6);MoveEast;(10, 8);False;1;2326
;(9, 6);GrabLargeObject;(10, 8);False;1;2327
;(9, 6);GrabLargeObject;(10, 8);False;1;2328
;(9, 6);GrabLargeObject;(10, 8);False;1;2329
;(9, 6);GrabLargeObject;(10, 8);False;1;2330
MoveNorth;(9, 5);GrabLargeObject;(10, 8);False;1;2331
;(9, 5);GrabLargeObject;(10, 8);False;1;2332
;(9, 5);GrabLargeObject;(10, 8);False;1;2333
;(9, 5);GrabLargeObject;(10, 8);False;1;2334
;(9, 5);GrabLargeObject;(10, 8);False;1;2335
;(9, 5);GrabLargeObject;(10, 8);False;1;2336
;(9, 5);GrabLargeObject;(10, 8);False;1;2337
;(9, 5);;(10, 8);False;1;2338
;(9, 5);Idle;(10, 8);False;1;2339
MoveNorth;(9, 4);Idle;(10, 8);False;1;2340
;(9, 4);Idle;(10, 8);False;1;2341
;(9, 4);Idle;(10, 8);False;1;2342
;(9, 4);Idle;(10, 8);False;1;2343
;(9, 4);Idle;(10, 8);False;1;2344
;(9, 4);Idle;(10, 8);False;1;2345
;(9, 4);Idle;(10, 8);False;1;2346
;(9, 4);Idle;(10, 8);False;1;2347
;(9, 4);Idle;(10, 8);False;1;2348
;(9, 4);Idle;(10, 8);False;1;2349
;(9, 4);Idle;(10, 8);False;1;2350
;(9, 4);Idle;(10, 8);False;1;2351
;(9, 4);Idle;(10, 8);False;1;2352
;(9, 4);Idle;(10, 8);False;1;2353
;(9, 4);Idle;(10, 8);False;1;2354
;(9, 4);Idle;(10, 8);False;1;2355
;(9, 4);Idle;(10, 8);False;1;2356
;(9, 4);Idle;(10, 8);False;1;2357
;(9, 4);Idle;(10, 8);False;1;2358
;(9, 4);Idle;(10, 8);False;1;2359
;(9, 4);Idle;(10, 8);False;1;2360
;(9, 4);Idle;(10, 8);False;1;2361
;(9, 4);Idle;(10, 8);False;1;2362
;(9, 4);Idle;(10, 8);False;1;2363
;(9, 4);Idle;(10, 8);False;1;2364
;(9, 4);Idle;(10, 8);False;1;2365
;(9, 4);Idle;(10, 8);False;1;2366
;(9, 4);Idle;(10, 8);False;1;2367
;(9, 4);Idle;(10, 8);False;1;2368
;(9, 4);Idle;(10, 8);False;1;2369
;(9, 4);Idle;(10, 8);False;1;2370
;(9, 4);Idle;(10, 8);False;1;2371
;(9, 4);Idle;(10, 8);False;1;2372
;(9, 4);Idle;(10, 8);False;1;2373
;(9, 4);Idle;(10, 8);False;1;2374
;(9, 4);Idle;(10, 8);False;1;2375
;(9, 4);Idle;(10, 8);False;1;2376
;(9, 4);Idle;(10, 8);False;1;2377
;(9, 4);Idle;(10, 8);False;1;2378
;(9, 4);Idle;(10, 8);False;1;2379
;(9, 4);Idle;(10, 8);False;1;2380
MoveSouth;(9, 5);Idle;(10, 8);False;1;2381
;(9, 5);Idle;(10, 8);False;1;2382
;(9, 5);Idle;(10, 8);False;1;2383
;(9, 5);Idle;(10, 8);False;1;2384
;(9, 5);Idle;(10, 8);False;1;2385
;(9, 5);Idle;(10, 8);False;1;2386
;(9, 5);Idle;(10, 8);False;1;2387
;(9, 5);Idle;(10, 8);False;1;2388
MoveSouth;(9, 6);Idle;(10, 8);False;1;2389
;(9, 6);Idle;(10, 8);False;1;2390
;(9, 6);Idle;(10, 8);False;1;2391
;(9, 6);Idle;(10, 8);False;1;2392
;(9, 6);Idle;(10, 8);False;1;2393
;(9, 6);;(10, 8);False;1;2394
;(9, 6);Idle;(10, 8);False;1;2395
;(9, 6);Idle;(10, 8);False;1;2396
;(9, 6);Idle;(10, 8);False;1;2397
MoveSouth;(9, 7);Idle;(10, 8);False;1;2398
;(9, 7);Idle;(10, 8);False;1;2399
;(9, 7);Idle;(10, 8);False;1;2400
;(9, 7);Idle;(10, 8);False;1;2401
;(9, 7);Idle;(10, 8);False;1;2402
MoveSouth;(9, 8);Idle;(10, 8);False;1;2403
;(9, 8);Idle;(10, 8);False;1;2404
;(9, 8);Idle;(10, 8);False;1;2405
;(9, 8);Idle;(10, 8);False;1;2406
;(9, 8);Idle;(10, 8);False;1;2407
MoveEast;(10, 8);Idle;(10, 8);False;1;2408
;(10, 8);Idle;(10, 8);False;1;2409
;(10, 8);Idle;(10, 8);False;1;2410
;(10, 8);Idle;(10, 8);False;1;2411
;(10, 8);Idle;(10, 8);False;1;2412
;(10, 8);Idle;(10, 8);False;1;2413
;(10, 8);Idle;(10, 8);False;1;2414
;(10, 8);Idle;(10, 8);False;1;2415
;(10, 8);Idle;(10, 8);False;1;2416
;(10, 8);Idle;(10, 8);False;1;2417
;(10, 8);Idle;(10, 8);False;1;2418
;(10, 8);Idle;(10, 8);False;1;2419
;(10, 8);Idle;(10, 8);False;1;2420
;(10, 8);Idle;(10, 8);False;1;2421
;(10, 8);Idle;(10, 8);False;1;2422
;(10, 8);Idle;(10, 8);False;1;2423
;(10, 8);Idle;(10, 8);False;1;2424
MoveSouth;(10, 9);Idle;(10, 8);False;1;2425
;(10, 9);Idle;(10, 8);False;1;2426
;(10, 9);Idle;(10, 8);False;1;2427
;(10, 9);Idle;(10, 8);False;1;2428
;(10, 9);Idle;(10, 8);False;1;2429
;(10, 9);Idle;(10, 8);False;1;2430
;(10, 9);Idle;(10, 8);False;1;2431
;(10, 9);Idle;(10, 8);False;1;2432
;(10, 9);Idle;(10, 8);False;1;2433
;(10, 9);Idle;(10, 8);False;1;2434
MoveEast;(11, 9);Idle;(10, 8);False;1;2435
;(11, 9);Idle;(10, 8);False;1;2436
;(11, 9);Idle;(10, 8);False;1;2437
;(11, 9);Idle;(10, 8);False;1;2438
;(11, 9);Idle;(10, 8);False;1;2439
;(11, 9);Idle;(10, 8);False;1;2440
;(11, 9);Idle;(10, 8);False;1;2441
;(11, 9);Idle;(10, 8);False;1;2442
;(11, 9);Idle;(10, 8);False;1;2443
;(11, 9);Idle;(10, 8);False;1;2444
;(11, 9);Idle;(10, 8);False;1;2445
;(11, 9);Idle;(10, 8);False;1;2446
MoveWest;(10, 9);Idle;(10, 8);False;1;2447
;(10, 9);Idle;(10, 8);False;1;2448
;(10, 9);Idle;(10, 8);False;1;2449
;(10, 9);;(10, 8);False;1;2450
;(10, 9);MoveWest;(10, 8);False;1;2451
;(10, 9);MoveWest;(10, 8);False;1;2452
;(10, 9);MoveWest;(10, 8);False;1;2453
;(10, 9);MoveWest;(10, 8);False;1;2454
;(10, 9);MoveWest;(10, 8);False;1;2455
;(10, 9);MoveWest;(10, 8);False;1;2456
;(10, 9);MoveWest;(10, 8);False;1;2457
;(10, 9);MoveWest;(10, 8);False;1;2458
;(10, 9);MoveWest;(10, 8);False;1;2459
;(10, 9);MoveWest;(10, 8);False;1;2460
;(10, 9);MoveWest;(9, 8);False;1;2461
;(10, 9);MoveWest;(9, 8);False;1;2462
;(10, 9);MoveWest;(9, 8);False;1;2463
;(10, 9);MoveWest;(9, 8);False;1;2464
;(10, 9);MoveWest;(9, 8);False;1;2465
;(10, 9);MoveWest;(9, 8);False;1;2466
;(10, 9);MoveWest;(9, 8);False;1;2467
;(10, 9);MoveWest;(9, 8);False;1;2468
;(10, 9);MoveWest;(9, 8);False;1;2469
;(10, 9);MoveWest;(9, 8);False;1;2470
;(10, 9);MoveWest;(9, 8);False;1;2471
;(10, 9);MoveWest;(8, 8);False;1;2472
;(10, 9);MoveWest;(8, 8);False;1;2473
;(10, 9);MoveWest;(8, 8);False;1;2474
;(10, 9);MoveWest;(8, 8);False;1;2475
;(10, 9);MoveWest;(8, 8);False;1;2476
;(10, 9);MoveWest;(8, 8);False;1;2477
;(10, 9);MoveWest;(8, 8);False;1;2478
;(10, 9);MoveWest;(8, 8);False;1;2479
;(10, 9);MoveWest;(8, 8);False;1;2480
;(10, 9);MoveWest;(8, 8);False;1;2481
;(10, 9);MoveWest;(8, 8);False;1;2482
;(10, 9);MoveWest;(7, 8);False;1;2483
;(10, 9);MoveWest;(7, 8);False;1;2484
;(10, 9);MoveWest;(7, 8);False;1;2485
;(10, 9);MoveWest;(7, 8);False;1;2486
;(10, 9);MoveWest;(7, 8);False;1;2487
;(10, 9);MoveWest;(7, 8);False;1;2488
;(10, 9);MoveWest;(7, 8);False;1;2489
;(10, 9);MoveWest;(7, 8);False;1;2490
;(10, 9);MoveWest;(7, 8);False;1;2491
;(10, 9);MoveWest;(7, 8);False;1;2492
;(10, 9);MoveWest;(7, 8);False;1;2493
;(10, 9);MoveWest;(6, 8);False;1;2494
;(10, 9);MoveWest;(6, 8);False;1;2495
;(10, 9);MoveWest;(6, 8);False;1;2496
;(10, 9);MoveWest;(6, 8);False;1;2497
;(10, 9);MoveWest;(6, 8);False;1;2498
;(10, 9);MoveWest;(6, 8);False;1;2499
;(10, 9);MoveWest;(6, 8);False;1;2500
;(10, 9);MoveWest;(6, 8);False;1;2501
;(10, 9);MoveWest;(6, 8);False;1;2502
;(10, 9);MoveWest;(6, 8);False;1;2503
;(10, 9);MoveWest;(6, 8);False;1;2504
;(10, 9);MoveWest;(5, 8);False;1;2505
;(10, 9);MoveWest;(5, 8);False;1;2506
;(10, 9);MoveWest;(5, 8);False;1;2507
;(10, 9);MoveWest;(5, 8);False;1;2508
;(10, 9);MoveWest;(5, 8);False;1;2509
;(10, 9);MoveWest;(5, 8);False;1;2510
;(10, 9);MoveWest;(5, 8);False;1;2511
;(10, 9);MoveWest;(5, 8);False;1;2512
;(10, 9);MoveWest;(5, 8);False;1;2513
;(10, 9);MoveWest;(5, 8);False;1;2514
;(10, 9);MoveWest;(5, 8);False;1;2515
;(10, 9);MoveWest;(4, 8);False;1;2516
;(10, 9);MoveNorthWest;(4, 8);False;1;2517
;(10, 9);MoveNorthWest;(4, 8);False;1;2518
;(10, 9);MoveNorthWest;(4, 8);False;1;2519
;(10, 9);MoveNorthWest;(4, 8);False;1;2520
;(10, 9);MoveNorthWest;(4, 8);False;1;2521
;(10, 9);MoveNorthWest;(4, 8);False;1;2522
;(10, 9);MoveNorthWest;(4, 8);False;1;2523
;(10, 9);MoveNorthWest;(4, 8);False;1;2524
;(10, 9);MoveNorthWest;(4, 8);False;1;2525
;(10, 9);MoveNorthWest;(4, 8);False;1;2526
;(10, 9);MoveNorthWest;(3, 7);False;1;2527
;(10, 9);MoveNorthWest;(3, 7);False;1;2528
;(10, 9);MoveNorthWest;(3, 7);False;1;2529
;(10, 9);MoveNorthWest;(3, 7);False;1;2530
;(10, 9);MoveNorthWest;(3, 7);False;1;2531
;(10, 9);MoveNorthWest;(3, 7);False;1;2532
;(10, 9);MoveNorthWest;(3, 7);False;1;2533
;(10, 9);MoveNorthWest;(3, 7);False;1;2534
;(10, 9);MoveNorthWest;(3, 7);False;1;2535
;(10, 9);MoveNorthWest;(3, 7);False;1;2536
;(10, 9);MoveNorthWest;(3, 7);False;1;2537
;(10, 9);MoveNorthWest;(2, 6);False;1;2538
;(10, 9);MoveWest;(2, 6);False;1;2539
;(10, 9);MoveWest;(2, 6);False;1;2540
;(10, 9);MoveWest;(2, 6);False;1;2541
;(10, 9);MoveWest;(2, 6);False;1;2542
;(10, 9);MoveWest;(2, 6);False;1;2543
;(10, 9);MoveWest;(2, 6);False;1;2544
;(10, 9);MoveWest;(2, 6);False;1;2545
;(10, 9);MoveWest;(2, 6);False;1;2546
;(10, 9);MoveWest;(2, 6);False;1;2547
;(10, 9);MoveWest;(2, 6);False;1;2548
;(10, 9);MoveWest;(1, 6);False;1;2549
;(10, 9);MoveWest;(1, 6);False;1;2550
;(10, 9);MoveWest;(1, 6);False;1;2551
;(10, 9);MoveWest;(1, 6);False;1;2552
;(10, 9);MoveWest;(1, 6);False;1;2553
;(10, 9);MoveWest;(1, 6);False;1;2554
;(10, 9);MoveWest;(1, 6);False;1;2555
;(10, 9);MoveWest;(1, 6);False;1;2556
;(10, 9);MoveWest;(1, 6);False;1;2557
;(10, 9);MoveWest;(1, 6);False;1;2558
;(10, 9);MoveWest;(1, 6);False;1;2559
;(10, 9);MoveWest;(0, 6);False;1;2560
;(10, 9);DropLargeObject;(0, 6);False;1;2561
;(10, 9);DropLargeObject;(0, 6);False;1;2562
;(10, 9);DropLargeObject;(0, 6);False;1;2563
;(10, 9);DropLargeObject;(0, 6);False;1;2564
;(10, 9);DropLargeObject;(0, 6);False;1;2565
;(10, 9);DropLargeObject;(0, 6);False;1;2566
;(10, 9);DropLargeObject;(0, 6);False;1;2567
;(10, 9);DropLargeObject;(0, 6);False;1;2568
;(10, 9);DropLargeObject;(0, 6);False;1;2569
;(10, 9);DropLargeObject;(0, 6);False;1;2570
;(10, 9);DropLargeObject;(0, 6);False;1;2571
;(10, 9);;(0, 6);False;1;2572
;(10, 9);MoveEast;(0, 6);False;1;2573
;(10, 9);MoveEast;(0, 6);False;1;2574
;(10, 9);MoveEast;(0, 6);False;1;2575
;(10, 9);MoveEast;(0, 6);False;1;2576
;(10, 9);MoveEast;(0, 6);False;1;2577
;(10, 9);MoveEast;(0, 6);False;1;2578
;(10, 9);MoveEast;(0, 6);False;1;2579
;(10, 9);MoveEast;(0, 6);False;1;2580
;(10, 9);MoveEast;(0, 6);False;1;2581
;(10, 9);MoveEast;(0, 6);False;1;2582
;(10, 9);MoveEast;(1, 6);False;1;2583
;(10, 9);MoveEast;(1, 6);False;1;2584
;(10, 9);MoveEast;(1, 6);False;1;2585
;(10, 9);MoveEast;(1, 6);False;1;2586
;(10, 9);MoveEast;(1, 6);False;1;2587
;(10, 9);MoveEast;(1, 6);False;1;2588
;(10, 9);MoveEast;(1, 6);False;1;2589
;(10, 9);MoveEast;(1, 6);False;1;2590
;(10, 9);MoveEast;(1, 6);False;1;2591
;(10, 9);MoveEast;(1, 6);False;1;2592
;(10, 9);MoveEast;(1, 6);False;1;2593
;(10, 9);MoveEast;(2, 6);False;1;2594
;(10, 9);MoveEast;(2, 6);False;1;2595
;(10, 9);MoveEast;(2, 6);False;1;2596
;(10, 9);MoveEast;(2, 6);False;1;2597
;(10, 9);MoveEast;(2, 6);False;1;2598
;(10, 9);MoveEast;(2, 6);False;1;2599
;(10, 9);MoveEast;(2, 6);False;1;2600
;(10, 9);MoveEast;(2, 6);False;1;2601
;(10, 9);MoveEast;(2, 6);False;1;2602
;(10, 9);MoveEast;(2, 6);False;1;2603
;(10, 9);MoveEast;(2, 6);False;1;2604
;(10, 9);MoveEast;(3, 6);False;1;2605
;(10, 9);MoveEast;(3, 6);False;1;2606
;(10, 9);MoveEast;(3, 6);False;1;2607
;(10, 9);MoveEast;(3, 6);False;1;2608
;(10, 9);MoveEast;(3, 6);False;1;2609
;(10, 9);MoveEast;(3, 6);False;1;2610
;(10, 9);MoveEast;(3, 6);False;1;2611
;(10, 9);MoveEast;(3, 6);False;1;2612
;(10, 9);MoveEast;(3, 6);False;1;2613
;(10, 9);MoveEast;(3, 6);False;1;2614
;(10, 9);MoveEast;(3, 6);False;1;2615
;(10, 9);MoveEast;(4, 6);False;1;2616
;(10, 9);MoveEast;(4, 6);False;1;2617
;(10, 9);MoveEast;(4, 6);False;1;2618
;(10, 9);MoveEast;(4, 6);False;1;2619
;(10, 9);MoveEast;(4, 6);False;1;2620
;(10, 9);MoveEast;(4, 6);False;1;2621
;(10, 9);MoveEast;(4, 6);False;1;2622
;(10, 9);MoveEast;(4, 6);False;1;2623
;(10, 9);MoveEast;(4, 6);False;1;2624
;(10, 9);MoveEast;(4, 6);False;1;2625
;(10, 9);MoveEast;(4, 6);False;1;2626
;(10, 9);MoveEast;(5, 6);False;1;2627
;(10, 9);BreakObject;(5, 6);False;1;2628
;(10, 9);BreakObject;(5, 6);False;1;2629
;(10, 9);BreakObject;(5, 6);False;1;2630
;(10, 9);BreakObject;(5, 6);False;1;2631
;(10, 9);BreakObject;(5, 6);False;1;2632
;(10, 9);BreakObject;(5, 6);False;1;2633
;(10, 9);BreakObject;(5, 6);False;1;2634
;(10, 9);BreakObject;(5, 6);False;1;2635
;(10, 9);BreakObject;(5, 6);False;1;2636
;(10, 9);BreakObject;(5, 6);False;1;2637
;(10, 9);BreakObject;(5, 6);False;1;2638
;(10, 9);;(5, 6);False;1;2639
;(10, 9);MoveSouthEast;(5, 6);False;1;2640
;(10, 9);MoveSouthEast;(5, 6);False;1;2641
;(10, 9);MoveSouthEast;(5, 6);False;1;2642
;(10, 9);MoveSouthEast;(5, 6);False;1;2643
;(10, 9);MoveSouthEast;(5, 6);False;1;2644
;(10, 9);MoveSouthEast;(5, 6);False;1;2645
;(10, 9);MoveSouthEast;(5, 6);False;1;2646
;(10, 9);MoveSouthEast;(5, 6);False;1;2647
;(10, 9);MoveSouthEast;(5, 6);False;1;2648
;(10, 9);MoveSouthEast;(5, 6);False;1;2649
;(10, 9);MoveSouthEast;(6, 7);False;1;2650
;(10, 9);MoveEast;(6, 7);False;1;2651
;(10, 9);MoveEast;(6, 7);False;1;2652
;(10, 9);MoveEast;(6, 7);False;1;2653
;(10, 9);MoveEast;(6, 7);False;1;2654
;(10, 9);MoveEast;(6, 7);False;1;2655
;(10, 9);MoveEast;(6, 7);False;1;2656
;(10, 9);MoveEast;(6, 7);False;1;2657
;(10, 9);MoveEast;(6, 7);False;1;2658
;(10, 9);MoveEast;(6, 7);False;1;2659
;(10, 9);MoveEast;(6, 7);False;1;2660
;(10, 9);MoveEast;(7, 7);False;1;2661
;(10, 9);MoveSouthEast;(7, 7);False;1;2662
;(10, 9);MoveSouthEast;(7, 7);False;1;2663
;(10, 9);MoveSouthEast;(7, 7);False;1;2664
;(10, 9);MoveSouthEast;(7, 7);False;1;2665
;(10, 9);MoveSouthEast;(7, 7);False;1;2666
;(10, 9);MoveSouthEast;(7, 7);False;1;2667
;(10, 9);MoveSouthEast;(7, 7);False;1;2668
;(10, 9);MoveSouthEast;(7, 7);False;1;2669
;(10, 9);MoveSouthEast;(7, 7);False;1;2670
;(10, 9);MoveSouthEast;(7, 7);False;1;2671
;(10, 9);MoveSouthEast;(8, 8);False;1;2672
;(10, 9);MoveSouthEast;(8, 8);False;1;2673
;(10, 9);MoveSouthEast;(8, 8);False;1;2674
;(10, 9);MoveSouthEast;(8, 8);False;1;2675
;(10, 9);MoveSouthEast;(8, 8);False;1;2676
;(10, 9);MoveSouthEast;(8, 8);False;1;2677
;(10, 9);MoveSouthEast;(8, 8);False;1;2678
;(10, 9);MoveSouthEast;(8, 8);False;1;2679
;(10, 9);MoveSouthEast;(8, 8);False;1;2680
;(10, 9);MoveSouthEast;(8, 8);False;1;2681
;(10, 9);MoveSouthEast;(8, 8);False;1;2682
;(10, 9);MoveSouthEast;(9, 9);False;1;2683
;(10, 9);GrabLargeObject;(9, 9);False;1;2684
;(10, 9);GrabLargeObject;(9, 9);False;1;2685
;(10, 9);GrabLargeObject;(9, 9);False;1;2686
;(10, 9);GrabLargeObject;(9, 9);False;1;2687
;(10, 9);GrabLargeObject;(9, 9);False;1;2688
;(10, 9);GrabLargeObject;(9, 9);False;1;2689
;(10, 9);GrabLargeObject;(9, 9);False;1;2690
;(10, 9);GrabLargeObject;(9, 9);False;1;2691
;(10, 9);GrabLargeObject;(9, 9);False;1;2692
;(10, 9);GrabLargeObject;(9, 9);False;1;2693
;(10, 9);GrabLargeObject;(9, 9);False;1;2694
;(10, 9);;(9, 9);False;1;2695
;(10, 9);Idle;(9, 9);False;1;2696
;(10, 9);Idle;(9, 9);False;1;2697
;(10, 9);Idle;(9, 9);False;1;2698
;(10, 9);Idle;(9, 9);False;1;2699
;(10, 9);Idle;(9, 9);False;1;2700
;(10, 9);Idle;(9, 9);False;1;2701
;(10, 9);Idle;(9, 9);False;1;2702
;(10, 9);Idle;(9, 9);False;1;2703
;(10, 9);Idle;(9, 9);False;1;2704
;(10, 9);Idle;(9, 9);False;1;2705
;(10, 9);Idle;(9, 9);False;1;2706
;(10, 9);Idle;(9, 9);False;1;2707
;(10, 9);Idle;(9, 9);False;1;2708
;(10, 9);Idle;(9, 9);False;1;2709
;(10, 9);Idle;(9, 9);False;1;2710
;(10, 9);Idle;(9, 9);False;1;2711
;(10, 9);Idle;(9, 9);False;1;2712
;(10, 9);Idle;(9, 9);False;1;2713
;(10, 9);Idle;(9, 9);False;1;2714
;(10, 9);Idle;(9, 9);False;1;2715
MoveWest;(9, 9);Idle;(9, 9);False;1;2716
;(9, 9);Idle;(9, 9);False;1;2717
;(9, 9);Idle;(9, 9);False;1;2718
;(9, 9);Idle;(9, 9);False;1;2719
;(9, 9);Idle;(9, 9);False;1;2720
;(9, 9);Idle;(9, 9);False;1;2721
;(9, 9);Idle;(9, 9);False;1;2722
;(9, 9);Idle;(9, 9);False;1;2723
;(9, 9);Idle;(9, 9);False;1;2724
;(9, 9);Idle;(9, 9);False;1;2725
;(9, 9);Idle;(9, 9);False;1;2726
;(9, 9);Idle;(9, 9);False;1;2727
;(9, 9);Idle;(9, 9);False;1;2728
;(9, 9);Idle;(9, 9);False;1;2729
;(9, 9);Idle;(9, 9);False;1;2730
;(9, 9);Idle;(9, 9);False;1;2731
;(9, 9);Idle;(9, 9);False;1;2732
;(9, 9);Idle;(9, 9);False;1;2733
;(9, 9);Idle;(9, 9);False;1;2734
;(9, 9);Idle;(9, 9);False;1;2735
;(9, 9);Idle;(9, 9);False;1;2736
;(9, 9);Idle;(9, 9);False;1;2737
;(9, 9);Idle;(9, 9);False;1;2738
;(9, 9);Idle;(9, 9);False;1;2739
;(9, 9);Idle;(9, 9);False;1;2740
;(9, 9);Idle;(9, 9);False;1;2741
;(9, 9);Idle;(9, 9);False;1;2742
;(9, 9);Idle;(9, 9);False;1;2743
;(9, 9);Idle;(9, 9);False;1;2744
;(9, 9);Idle;(9, 9);False;1;2745
;(9, 9);Idle;(9, 9);False;1;2746
;(9, 9);Idle;(9, 9);False;1;2747
;(9, 9);Idle;(9, 9);False;1;2748
;(9, 9);Idle;(9, 9);False;1;2749
;(9, 9);Idle;(9, 9);False;1;2750
;(9, 9);;(9, 9);False;1;2751
;(9, 9);MoveEast;(9, 9);False;1;2752
;(9, 9);MoveEast;(9, 9);False;1;2753
;(9, 9);MoveEast;(9, 9);False;1;2754
;(9, 9);MoveEast;(9, 9);False;1;2755
;(9, 9);MoveEast;(9, 9);False;1;2756
;(9, 9);MoveEast;(9, 9);False;1;2757
;(9, 9);MoveEast;(9, 9);False;1;2758
;(9, 9);MoveEast;(9, 9);False;1;2759
;(9, 9);MoveEast;(9, 9);False;1;2760
;(9, 9);MoveEast;(9, 9);False;1;2761
;(9, 9);MoveEast;(10, 9);False;1;2762
;(9, 9);MoveEast;(10, 9);False;1;2763
;(9, 9);MoveEast;(10, 9);False;1;2764
;(9, 9);MoveEast;(10, 9);False;1;2765
;(9, 9);MoveEast;(10, 9);False;1;2766
;(9, 9);MoveEast;(10, 9);False;1;2767
;(9, 9);MoveEast;(10, 9);False;1;2768
;(9, 9);MoveEast;(10, 9);False;1;2769
;(9, 9);MoveEast;(10, 9);False;1;2770
;(9, 9);MoveEast;(10, 9);False;1;2771
;(9, 9);MoveEast;(10, 9);False;1;2772
;(9, 9);MoveEast;(11, 9);False;1;2773
;(9, 9);MoveWest;(11, 9);False;1;2774
;(9, 9);MoveWest;(11, 9);False;1;2775
MoveNorth;(9, 8);MoveWest;(11, 9);False;1;2776
;(9, 8);MoveWest;(11, 9);False;1;2777
;(9, 8);MoveWest;(11, 9);False;1;2778
;(9, 8);MoveWest;(11, 9);False;1;2779
;(9, 8);MoveWest;(11, 9);False;1;2780
;(9, 8);MoveWest;(11, 9);False;1;2781
;(9, 8);MoveWest;(11, 9);False;1;2782
;(9, 8);MoveWest;(11, 9);False;1;2783
;(9, 8);MoveWest;(10, 9);False;1;2784
;(9, 8);MoveWest;(10, 9);False;1;2785
;(9, 8);MoveWest;(10, 9);False;1;2786
;(9, 8);MoveWest;(10, 9);False;1;2787
;(9, 8);MoveWest;(10, 9);False;1;2788
;(9, 8);MoveWest;(10, 9);False;1;2789
;(9, 8);MoveWest;(10, 9);False;1;2790
;(9, 8);MoveWest;(10, 9);False;1;2791
;(9, 8);MoveWest;(10, 9);False;1;2792
;(9, 8);MoveWest;(10, 9);False;1;2793
;(9, 8);MoveWest;(10, 9);False;1;2794
;(9, 8);MoveWest;(9, 9);False;1;2795
;(9, 8);MoveEast;(9, 9);False;1;2796
MoveWest;(8, 8);MoveEast;(9, 9);False;1;2797
;(8, 8);MoveEast;(9, 9);False;1;2798
;(8, 8);MoveEast;(9, 9);False;1;2799
;(8, 8);MoveEast;(9, 9);False;1;2800
;(8, 8);MoveEast;(9, 9);False;1;2801
;(8, 8);MoveEast;(9, 9);False;1;2802
;(8, 8);MoveEast;(9, 9);False;1;2803
;(8, 8);MoveEast;(9, 9);False;1;2804
;(8, 8);MoveEast;(9, 9);False;1;2805
;(8, 8);MoveEast;(10, 9);False;1;2806
;(8, 8);MoveEast;(10, 9);False;1;2807
;(8, 8);MoveEast;(10, 9);False;1;2808
;(8, 8);MoveEast;(10, 9);False;1;2809
;(8, 8);MoveEast;(10, 9);False;1;2810
;(8, 8);MoveEast;(10, 9);False;1;2811
;(8, 8);MoveEast;(10, 9);False;1;2812
;(8, 8);MoveEast;(10, 9);False;1;2813
;(8, 8);MoveEast;(10, 9);False;1;2814
;(8, 8);MoveEast;(10, 9);False;1;2815
;(8, 8);MoveEast;(10, 9);False;1;2816
;(8, 8);MoveEast;(11, 9);False;1;2817
;(8, 8);MoveWest;(11, 9);False;1;2818
;(8, 8);MoveWest;(11, 9);False;1;2819
;(8, 8);MoveWest;(11, 9);False;1;2820
;(8, 8);MoveWest;(11, 9);False;1;2821
;(8, 8);MoveWest;(11, 9);False;1;2822
;(8, 8);MoveWest;(11, 9);False;1;2823
;(8, 8);MoveWest;(11, 9);False;1;2824
;(8, 8);MoveWest;(11, 9);False;1;2825
;(8, 8);MoveWest;(11, 9);False;1;2826
;(8, 8);MoveWest;(11, 9);False;1;2827
;(8, 8);MoveWest;(10, 9);False;1;2828
;(8, 8);MoveWest;(10, 9);False;1;2829
;(8, 8);MoveWest;(10, 9);False;1;2830
;(8, 8);MoveWest;(10, 9);False;1;2831
;(8, 8);MoveWest;(10, 9);False;1;2832
;(8, 8);MoveWest;(10, 9);False;1;2833
;(8, 8);MoveWest;(10, 9);False;1;2834
;(8, 8);MoveWest;(10, 9);False;1;2835
;(8, 8);MoveWest;(10, 9);False;1;2836
;(8, 8);MoveWest;(10, 9);False;1;2837
;(8, 8);MoveWest;(10, 9);False;1;2838
;(8, 8);MoveWest;(9, 9);False;1;2839
;(8, 8);MoveEast;(9, 9);False;1;2840
;(8, 8);MoveEast;(9, 9);False;1;2841
;(8, 8);MoveEast;(9, 9);False;1;2842
;(8, 8);MoveEast;(9, 9);False;1;2843
;(8, 8);MoveEast;(9, 9);False;1;2844
;(8, 8);MoveEast;(9, 9);False;1;2845
;(8, 8);MoveEast;(9, 9);False;1;2846
;(8, 8);MoveEast;(9, 9);False;1;2847
;(8, 8);MoveEast;(9, 9);False;1;2848
;(8, 8);MoveEast;(9, 9);False;1;2849
;(8, 8);MoveEast;(10, 9);False;1;2850
;(8, 8);MoveEast;(10, 9);False;1;2851
;(8, 8);MoveEast;(10, 9);False;1;2852
;(8, 8);MoveEast;(10, 9);False;1;2853
;(8, 8);MoveEast;(10, 9);False;1;2854
;(8, 8);MoveEast;(10, 9);False;1;2855
;(8, 8);MoveEast;(10, 9);False;1;2856
;(8, 8);MoveEast;(10, 9);False;1;2857
;(8, 8);MoveEast;(10, 9);False;1;2858
;(8, 8);MoveEast;(10, 9);False;1;2859
;(8, 8);MoveEast;(10, 9);False;1;2860
;(8, 8);MoveEast;(11, 9);False;1;2861
;(8, 8);MoveWest;(11, 9);False;1;2862
;(8, 8);MoveWest;(11, 9);False;1;2863
;(8, 8);MoveWest;(11, 9);False;1;2864
;(8, 8);MoveWest;(11, 9);False;1;2865
;(8, 8);MoveWest;(11, 9);False;1;2866
;(8, 8);MoveWest;(11, 9);False;1;2867
;(8, 8);MoveWest;(11, 9);False;1;2868
;(8, 8);MoveWest;(11, 9);False;1;2869
;(8, 8);MoveWest;(11, 9);False;1;2870
;(8, 8);MoveWest;(11, 9);False;1;2871
;(8, 8);MoveWest;(10, 9);False;1;2872
;(8, 8);MoveWest;(10, 9);False;1;2873
;(8, 8);MoveWest;(10, 9);False;1;2874
;(8, 8);MoveWest;(10, 9);False;1;2875
;(8, 8);MoveWest;(10, 9);False;1;2876
;(8, 8);MoveWest;(10, 9);False;1;2877
;(8, 8);MoveWest;(10, 9);False;1;2878
;(8, 8);MoveWest;(10, 9);False;1;2879
;(8, 8);MoveWest;(10, 9);False;1;2880
;(8, 8);MoveWest;(10, 9);False;1;2881
;(8, 8);MoveWest;(10, 9);False;1;2882
;(8, 8);MoveWest;(9, 9);False;1;2883
;(8, 8);;(9, 9);False;1;2884
;(8, 8);MoveWest;(9, 9);False;1;2885
;(8, 8);MoveWest;(9, 9);False;1;2886
;(8, 8);MoveWest;(9, 9);False;1;2887
;(8, 8);MoveWest;(9, 9);False;1;2888
;(8, 8);MoveWest;(9, 9);False;1;2889
;(8, 8);MoveWest;(9, 9);False;1;2890
;(8, 8);MoveWest;(9, 9);False;1;2891
;(8, 8);MoveWest;(9, 9);False;1;2892
;(8, 8);MoveWest;(9, 9);False;1;2893
;(8, 8);MoveWest;(9, 9);False;1;2894
;(8, 8);MoveWest;(8, 9);False;1;2895
MoveEast;(9, 8);MoveWest;(8, 9);False;1;2896
;(9, 8);MoveWest;(8, 9);False;1;2897
;(9, 8);MoveWest;(8, 9);False;1;2898
;(9, 8);MoveWest;(8, 9);False;1;2899
MoveEast;(10, 8);MoveWest;(8, 9);False;1;2900
;(10, 8);MoveWest;(8, 9);False;1;2901
;(10, 8);MoveWest;(8, 9);False;1;2902
;(10, 8);MoveWest;(8, 9);False;1;2903
MoveEast;(11, 8);MoveWest;(8, 9);False;1;2904
;(11, 8);MoveWest;(8, 9);False;1;2905
;(11, 8);MoveWest;(7, 9);False;1;2906
;(11, 8);MoveWest;(7, 9);False;1;2907
MoveEast;(12, 8);MoveWest;(7, 9);False;1;2908
;(12, 8);MoveWest;(7, 9);False;1;2909
;(12, 8);MoveWest;(7, 9);False;1;2910
;(12, 8);MoveWest;(7, 9);False;1;2911
;(12, 8);MoveWest;(7, 9);False;1;2912
MoveEast;(13, 8);MoveWest;(7, 9);False;1;2913
;(13, 8);MoveWest;(7, 9);False;1;2914
;(13, 8);MoveWest;(7, 9);False;1;2915
MoveEast;(14, 8);MoveWest;(7, 9);False;1;2916
;(14, 8);MoveWest;(6, 9);False;1;2917
;(14, 8);MoveWest;(6, 9);False;1;2918
;(14, 8);MoveWest;(6, 9);False;1;2919
MoveEast;(15, 8);MoveWest;(6, 9);False;1;2920
;(15, 8);MoveWest;(6, 9);False;1;2921
;(15, 8);MoveWest;(6, 9);False;1;2922
;(15, 8);MoveWest;(6, 9);False;1;2923
;(15, 8);MoveWest;(6, 9);False;1;2924
;(15, 8);MoveWest;(6, 9);False;1;2925
;(15, 8);MoveWest;(6, 9);False;1;2926
MoveEast;(16, 8);MoveWest;(6, 9);False;1;2927
;(16, 8);MoveWest;(5, 9);False;1;2928
;(16, 8);MoveWest;(5, 9);False;1;2929
;(16, 8);MoveWest;(5, 9);False;1;2930
;(16, 8);MoveWest;(5, 9);False;1;2931
;(16, 8);MoveWest;(5, 9);False;1;2932
;(16, 8);MoveWest;(5, 9);False;1;2933
;(16, 8);MoveWest;(5, 9);False;1;2934
;(16, 8);MoveWest;(5, 9);False;1;2935
;(16, 8);MoveWest;(5, 9);False;1;2936
;(16, 8);MoveWest;(5, 9);False;1;2937
;(16, 8);MoveWest;(5, 9);False;1;2938
;(16, 8);MoveWest;(4, 9);False;1;2939
;(16, 8);MoveNorthWest;(4, 9);False;1;2940
;(16, 8);MoveNorthWest;(4, 9);False;1;2941
;(16, 8);MoveNorthWest;(4, 9);False;1;2942
;(16, 8);MoveNorthWest;(4, 9);False;1;2943
;(16, 8);MoveNorthWest;(4, 9);False;1;2944
;(16, 8);MoveNorthWest;(4, 9);False;1;2945
;(16, 8);MoveNorthWest;(4, 9);False;1;2946
;(16, 8);MoveNorthWest;(4, 9);False;1;2947
;(16, 8);MoveNorthWest;(4, 9);False;1;2948
;(16, 8);MoveNorthWest;(4, 9);False;1;2949
;(16, 8);MoveNorthWest;(3, 8);False;1;2950
;(16, 8);MoveWest;(3, 8);False;1;2951
;(16, 8);MoveWest;(3, 8);False;1;2952
;(16, 8);MoveWest;(3, 8);False;1;2953
;(16, 8);MoveWest;(3, 8);False;1;2954
;(16, 8);MoveWest;(3, 8);False;1;2955
;(16, 8);MoveWest;(3, 8);False;1;2956
;(16, 8);MoveWest;(3, 8);False;1;2957
;(16, 8);MoveWest;(3, 8);False;1;2958
;(16, 8);MoveWest;(3, 8);False;1;2959
;(16, 8);MoveWest;(3, 8);False;1;2960
;(16, 8);MoveWest;(2, 8);False;1;2961
;(16, 8);MoveNorthWest;(2, 8);False;1;2962
;(16, 8);MoveNorthWest;(2, 8);False;1;2963
;(16, 8);MoveNorthWest;(2, 8);False;1;2964
;(16, 8);MoveNorthWest;(2, 8);False;1;2965
MoveWest;(15, 8);MoveNorthWest;(2, 8);False;1;2966
;(15, 8);MoveNorthWest;(2, 8);False;1;2967
;(15, 8);MoveNorthWest;(2, 8);False;1;2968
;(15, 8);MoveNorthWest;(2, 8);False;1;2969
;(15, 8);MoveNorthWest;(2, 8);False;1;2970
;(15, 8);MoveNorthWest;(2, 8);False;1;2971
MoveWest;(14, 8);MoveNorthWest;(1, 7);False;1;2972
;(14, 8);MoveWest;(1, 7);False;1;2973
;(14, 8);MoveWest;(1, 7);False;1;2974
;(14, 8);MoveWest;(1, 7);False;1;2975
;(14, 8);MoveWest;(1, 7);False;1;2976
MoveWest;(13, 8);MoveWest;(1, 7);False;1;2977
;(13, 8);MoveWest;(1, 7);False;1;2978
;(13, 8);MoveWest;(1, 7);False;1;2979
;(13, 8);MoveWest;(1, 7);False;1;2980
;(13, 8);MoveWest;(1, 7);False;1;2981
MoveWest;(12, 8);MoveWest;(1, 7);False;1;2982
;(12, 8);MoveWest;(0, 7);False;1;2983
;(12, 8);DropLargeObject;(0, 7);False;1;2984
;(12, 8);DropLargeObject;(0, 7);False;1;2985
MoveWest;(11, 8);DropLargeObject;(0, 7);False;1;2986
;(11, 8);DropLargeObject;(0, 7);False;1;2987
;(11, 8);DropLargeObject;(0, 7);False;1;2988
;(11, 8);DropLargeObject;(0, 7);False;1;2989
MoveWest;(10, 8);DropLargeObject;(0, 7);False;1;2990
;(10, 8);DropLargeObject;(0, 7);False;1;2991
;(10, 8);DropLargeObject;(0, 7);False;1;2992
;(10, 8);DropLargeObject;(0, 7);False;1;2993
;(10, 8);DropLargeObject;(0, 7);False;1;2994
MoveWest;(9, 8);;(0, 7);False;1;2995
;(9, 8);Idle;(0, 7);False;1;2996
;(9, 8);Idle;(0, 7);False;1;2997
;(9, 8);Idle;(0, 7);False;1;2998
;(9, 8);Idle;(0, 7);False;1;2999
;(9, 8);Idle;(0, 7);False;1;3000
MoveWest;(8, 8);Idle;(0, 7);False;1;3001
;(8, 8);Idle;(0, 7);False;1;3002
;(8, 8);Idle;(0, 7);False;1;3003
;(8, 8);Idle;(0, 7);False;1;3004
;(8, 8);Idle;(0, 7);False;1;3005
;(8, 8);Idle;(0, 7);False;1;3006
;(8, 8);;(0, 7);False;1;3007
;(8, 8);;(0, 7);False;1;3008
;(8, 8);;(0, 7);False;1;3009
;(8, 8);;(0, 7);False;1;3010
;(8, 8);;(0, 7);False;1;3011
;(8, 8);;(0, 7);False;1;3012
;(8, 8);;(0, 7);False;1;3013
;(8, 8);;(0, 7);False;1;3014
;(8, 8);;(0, 7);False;1;3015
;(8, 8);;(0, 7);False;1;3016
;(8, 8);;(0, 7);False;1;3017
;(8, 8);;(0, 7);False;1;3018
;(8, 8);;(0, 7);False;1;3019
