tick;corrected_tick;remaining_distance;victim_harm;idle_time_robot;q_table_cps;q_table_cps_runs;q_table_basic;world_nr;tick_nr
3019;2620;49;100;1;;;"                     Move back and forth  Stand Still   Pick up   Drop     Break
[4, 'equal', False]              -12.125   -16.562500 -9.953125 -4.375 -2.000000
[4, 'human', False]               -6.000    -6.343750 -5.500000 -3.000 -2.000000
[4, 'human', True]               -12.000    -3.500000  1.005859  0.000 -2.000000
[3, 'human', False]              -16.500    -2.561984 -6.375000 -3.125 -9.437500
[3, 'human', True]                -9.000    -3.500000 -0.500000 -3.000  0.000000
[2, 'human', False]               -9.000    -4.609375 -1.663429 -4.875 -4.375000
[2, 'human', True]                 0.000     0.000000  0.000000  0.000 -3.500000
[4, 'equal', True]                -4.000    -3.500000 -2.000000  0.000 -2.000000
[3, 'equal', False]               -4.000    -3.500000  1.750000  0.000  0.000000
[2, 'equal', False]              -14.000     0.000000  0.000000  0.000  0.500000
[1, 'human', False]               -4.000    -4.625000 -4.375000 -5.000 -2.117188
[1, 'human', True]                -7.000    -3.750000 -2.000000 -6.000 -2.000000";1;3019
