human_selector_action;human_selector_location;robot_action;robot_location;robot_executing_cp;world_nr;tick_nr
;(3, 4);;(4, 4);False;1;0
;(3, 4);;(4, 4);False;1;1
;(3, 4);;(4, 4);pick top rock;1;2
;(3, 4);;(4, 4);pick top rock;1;3
;(3, 4);MoveEast;(4, 4);pick top rock;1;4
;(3, 4);MoveEast;(4, 4);pick top rock;1;5
;(3, 4);MoveEast;(4, 4);pick top rock;1;6
;(3, 4);MoveEast;(4, 4);pick top rock;1;7
;(3, 4);MoveEast;(4, 4);pick top rock;1;8
;(3, 4);MoveEast;(4, 4);pick top rock;1;9
;(3, 4);MoveEast;(4, 4);pick top rock;1;10
;(3, 4);MoveEast;(4, 4);pick top rock;1;11
;(3, 4);MoveEast;(4, 4);pick top rock;1;12
;(3, 4);MoveEast;(4, 4);pick top rock;1;13
;(3, 4);MoveEast;(5, 4);pick top rock;1;14
;(3, 4);MoveEast;(5, 4);pick top rock;1;15
;(3, 4);MoveEast;(5, 4);pick top rock;1;16
;(3, 4);MoveEast;(5, 4);pick top rock;1;17
;(3, 4);MoveEast;(5, 4);pick top rock;1;18
;(3, 4);MoveEast;(5, 4);pick top rock;1;19
;(3, 4);MoveEast;(5, 4);pick top rock;1;20
;(3, 4);MoveEast;(5, 4);pick top rock;1;21
;(3, 4);MoveEast;(5, 4);pick top rock;1;22
;(3, 4);MoveEast;(5, 4);pick top rock;1;23
;(3, 4);MoveEast;(5, 4);pick top rock;1;24
;(3, 4);MoveEast;(6, 4);pick top rock;1;25
;(3, 4);MoveEast;(6, 4);pick top rock;1;26
;(3, 4);MoveEast;(6, 4);pick top rock;1;27
;(3, 4);MoveEast;(6, 4);pick top rock;1;28
;(3, 4);MoveEast;(6, 4);pick top rock;1;29
;(3, 4);MoveEast;(6, 4);pick top rock;1;30
;(3, 4);MoveEast;(6, 4);pick top rock;1;31
;(3, 4);MoveEast;(6, 4);pick top rock;1;32
;(3, 4);MoveEast;(6, 4);pick top rock;1;33
;(3, 4);MoveEast;(6, 4);pick top rock;1;34
;(3, 4);MoveEast;(6, 4);pick top rock;1;35
;(3, 4);MoveEast;(7, 4);pick top rock;1;36
;(3, 4);MoveEast;(7, 4);pick top rock;1;37
;(3, 4);MoveEast;(7, 4);pick top rock;1;38
;(3, 4);MoveEast;(7, 4);pick top rock;1;39
;(3, 4);MoveEast;(7, 4);pick top rock;1;40
;(3, 4);MoveEast;(7, 4);pick top rock;1;41
;(3, 4);MoveEast;(7, 4);pick top rock;1;42
;(3, 4);MoveEast;(7, 4);pick top rock;1;43
;(3, 4);MoveEast;(7, 4);pick top rock;1;44
;(3, 4);MoveEast;(7, 4);pick top rock;1;45
;(3, 4);MoveEast;(7, 4);pick top rock;1;46
;(3, 4);MoveEast;(8, 4);pick top rock;1;47
;(3, 4);GrabLargeObject;(8, 4);pick top rock;1;48
;(3, 4);GrabLargeObject;(8, 4);pick top rock;1;49
;(3, 4);GrabLargeObject;(8, 4);pick top rock;1;50
;(3, 4);GrabLargeObject;(8, 4);pick top rock;1;51
;(3, 4);GrabLargeObject;(8, 4);pick top rock;1;52
;(3, 4);GrabLargeObject;(8, 4);pick top rock;1;53
;(3, 4);GrabLargeObject;(8, 4);pick top rock;1;54
;(3, 4);GrabLargeObject;(8, 4);pick top rock;1;55
;(3, 4);GrabLargeObject;(8, 4);pick top rock;1;56
;(3, 4);GrabLargeObject;(8, 4);pick top rock;1;57
;(3, 4);GrabLargeObject;(8, 4);pick top rock;1;58
;(3, 4);;(8, 4);pick top rock;1;59
;(3, 4);;(8, 4);False;1;60
;(3, 4);MoveNorthEast;(8, 4);False;1;61
;(3, 4);MoveNorthEast;(8, 4);False;1;62
;(3, 4);MoveNorthEast;(8, 4);False;1;63
;(3, 4);MoveNorthEast;(8, 4);False;1;64
;(3, 4);MoveNorthEast;(8, 4);False;1;65
;(3, 4);MoveNorthEast;(8, 4);False;1;66
;(3, 4);MoveNorthEast;(8, 4);False;1;67
;(3, 4);MoveNorthEast;(8, 4);False;1;68
;(3, 4);MoveNorthEast;(8, 4);False;1;69
;(3, 4);MoveNorthEast;(8, 4);False;1;70
;(3, 4);MoveNorthEast;(9, 3);False;1;71
;(3, 4);GrabObject;(9, 3);False;1;72
;(3, 4);GrabObject;(9, 3);False;1;73
;(3, 4);GrabObject;(9, 3);False;1;74
;(3, 4);GrabObject;(9, 3);False;1;75
;(3, 4);GrabObject;(9, 3);False;1;76
;(3, 4);GrabObject;(9, 3);False;1;77
;(3, 4);GrabObject;(9, 3);False;1;78
;(3, 4);GrabObject;(9, 3);False;1;79
;(3, 4);GrabObject;(9, 3);False;1;80
;(3, 4);GrabObject;(9, 3);False;1;81
;(3, 4);GrabObject;(9, 3);False;1;82
;(3, 4);;(9, 3);False;1;83
;(3, 4);MoveEast;(9, 3);False;1;84
;(3, 4);MoveEast;(9, 3);False;1;85
;(3, 4);MoveEast;(9, 3);False;1;86
;(3, 4);MoveEast;(9, 3);False;1;87
;(3, 4);MoveEast;(9, 3);False;1;88
;(3, 4);MoveEast;(9, 3);False;1;89
;(3, 4);MoveEast;(9, 3);False;1;90
;(3, 4);MoveEast;(9, 3);False;1;91
;(3, 4);MoveEast;(9, 3);False;1;92
;(3, 4);MoveEast;(9, 3);False;1;93
;(3, 4);MoveEast;(10, 3);False;1;94
;(3, 4);MoveEast;(10, 3);False;1;95
;(3, 4);MoveEast;(10, 3);False;1;96
;(3, 4);MoveEast;(10, 3);False;1;97
;(3, 4);MoveEast;(10, 3);False;1;98
;(3, 4);MoveEast;(10, 3);False;1;99
;(3, 4);MoveEast;(10, 3);False;1;100
;(3, 4);MoveEast;(10, 3);False;1;101
;(3, 4);MoveEast;(10, 3);False;1;102
;(3, 4);MoveEast;(10, 3);False;1;103
;(3, 4);MoveEast;(10, 3);False;1;104
;(3, 4);MoveEast;(11, 3);False;1;105
;(3, 4);MoveWest;(11, 3);False;1;106
;(3, 4);MoveWest;(11, 3);False;1;107
;(3, 4);MoveWest;(11, 3);False;1;108
;(3, 4);MoveWest;(11, 3);False;1;109
;(3, 4);MoveWest;(11, 3);False;1;110
;(3, 4);MoveWest;(11, 3);False;1;111
;(3, 4);MoveWest;(11, 3);False;1;112
;(3, 4);MoveWest;(11, 3);False;1;113
;(3, 4);MoveWest;(11, 3);False;1;114
;(3, 4);MoveWest;(11, 3);False;1;115
;(3, 4);MoveWest;(10, 3);False;1;116
;(3, 4);MoveWest;(10, 3);False;1;117
;(3, 4);MoveWest;(10, 3);False;1;118
;(3, 4);MoveWest;(10, 3);False;1;119
;(3, 4);MoveWest;(10, 3);False;1;120
;(3, 4);MoveWest;(10, 3);False;1;121
;(3, 4);MoveWest;(10, 3);False;1;122
;(3, 4);MoveWest;(10, 3);False;1;123
;(3, 4);MoveWest;(10, 3);False;1;124
;(3, 4);MoveWest;(10, 3);False;1;125
;(3, 4);MoveWest;(10, 3);False;1;126
;(3, 4);MoveWest;(9, 3);False;1;127
;(3, 4);MoveEast;(9, 3);False;1;128
;(3, 4);MoveEast;(9, 3);False;1;129
;(3, 4);MoveEast;(9, 3);False;1;130
;(3, 4);MoveEast;(9, 3);False;1;131
;(3, 4);MoveEast;(9, 3);False;1;132
;(3, 4);MoveEast;(9, 3);False;1;133
;(3, 4);MoveEast;(9, 3);False;1;134
;(3, 4);MoveEast;(9, 3);False;1;135
;(3, 4);MoveEast;(9, 3);False;1;136
;(3, 4);MoveEast;(9, 3);False;1;137
;(3, 4);MoveEast;(10, 3);False;1;138
;(3, 4);MoveEast;(10, 3);False;1;139
;(3, 4);MoveEast;(10, 3);False;1;140
;(3, 4);MoveEast;(10, 3);False;1;141
;(3, 4);MoveEast;(10, 3);False;1;142
;(3, 4);MoveEast;(10, 3);False;1;143
;(3, 4);MoveEast;(10, 3);False;1;144
;(3, 4);MoveEast;(10, 3);False;1;145
;(3, 4);MoveEast;(10, 3);False;1;146
;(3, 4);MoveEast;(10, 3);False;1;147
;(3, 4);MoveEast;(10, 3);False;1;148
;(3, 4);MoveEast;(11, 3);False;1;149
;(3, 4);MoveWest;(11, 3);False;1;150
;(3, 4);MoveWest;(11, 3);False;1;151
;(3, 4);MoveWest;(11, 3);False;1;152
;(3, 4);MoveWest;(11, 3);False;1;153
;(3, 4);MoveWest;(11, 3);False;1;154
;(3, 4);MoveWest;(11, 3);False;1;155
;(3, 4);MoveWest;(11, 3);False;1;156
;(3, 4);MoveWest;(11, 3);False;1;157
;(3, 4);MoveWest;(11, 3);False;1;158
;(3, 4);MoveWest;(11, 3);False;1;159
;(3, 4);MoveWest;(10, 3);False;1;160
;(3, 4);MoveWest;(10, 3);False;1;161
;(3, 4);MoveWest;(10, 3);False;1;162
;(3, 4);MoveWest;(10, 3);False;1;163
;(3, 4);MoveWest;(10, 3);False;1;164
;(3, 4);MoveWest;(10, 3);False;1;165
;(3, 4);MoveWest;(10, 3);False;1;166
;(3, 4);MoveWest;(10, 3);False;1;167
;(3, 4);MoveWest;(10, 3);False;1;168
;(3, 4);MoveWest;(10, 3);False;1;169
;(3, 4);MoveWest;(10, 3);False;1;170
;(3, 4);MoveWest;(9, 3);False;1;171
;(3, 4);MoveEast;(9, 3);False;1;172
;(3, 4);MoveEast;(9, 3);False;1;173
;(3, 4);MoveEast;(9, 3);False;1;174
;(3, 4);MoveEast;(9, 3);False;1;175
;(3, 4);MoveEast;(9, 3);False;1;176
;(3, 4);MoveEast;(9, 3);False;1;177
;(3, 4);MoveEast;(9, 3);False;1;178
;(3, 4);MoveEast;(9, 3);False;1;179
GrabObject;(3, 4);MoveEast;(9, 3);False;1;180
;(3, 4);MoveEast;(9, 3);False;1;181
;(3, 4);MoveEast;(10, 3);False;1;182
;(3, 4);MoveEast;(10, 3);False;1;183
;(3, 4);MoveEast;(10, 3);False;1;184
;(3, 4);MoveEast;(10, 3);False;1;185
;(3, 4);MoveEast;(10, 3);False;1;186
;(3, 4);MoveEast;(10, 3);False;1;187
;(3, 4);MoveEast;(10, 3);False;1;188
;(3, 4);MoveEast;(10, 3);False;1;189
;(3, 4);MoveEast;(10, 3);False;1;190
;(3, 4);MoveEast;(10, 3);False;1;191
;(3, 4);MoveEast;(10, 3);False;1;192
;(3, 4);MoveEast;(11, 3);False;1;193
;(3, 4);MoveWest;(11, 3);False;1;194
;(3, 4);MoveWest;(11, 3);False;1;195
;(3, 4);MoveWest;(11, 3);False;1;196
;(3, 4);MoveWest;(11, 3);False;1;197
;(3, 4);MoveWest;(11, 3);False;1;198
;(3, 4);MoveWest;(11, 3);False;1;199
;(3, 4);MoveWest;(11, 3);False;1;200
;(3, 4);MoveWest;(11, 3);False;1;201
MoveEast;(4, 4);MoveWest;(11, 3);False;1;202
;(4, 4);MoveWest;(11, 3);False;1;203
;(4, 4);MoveWest;(10, 3);False;1;204
;(4, 4);MoveWest;(10, 3);False;1;205
;(4, 4);MoveWest;(10, 3);False;1;206
;(4, 4);MoveWest;(10, 3);False;1;207
;(4, 4);MoveWest;(10, 3);False;1;208
MoveEast;(5, 4);MoveWest;(10, 3);False;1;209
MoveEast;(6, 4);MoveWest;(10, 3);False;1;210
;(6, 4);MoveWest;(10, 3);False;1;211
;(6, 4);MoveWest;(10, 3);False;1;212
;(6, 4);MoveWest;(10, 3);False;1;213
;(6, 4);MoveWest;(10, 3);False;1;214
;(6, 4);MoveWest;(9, 3);False;1;215
MoveEast;(7, 4);;(9, 3);False;1;216
;(7, 4);Idle;(9, 3);False;1;217
;(7, 4);Idle;(9, 3);False;1;218
;(7, 4);Idle;(9, 3);False;1;219
;(7, 4);Idle;(9, 3);False;1;220
;(7, 4);Idle;(9, 3);False;1;221
;(7, 4);Idle;(9, 3);False;1;222
MoveNorth;(7, 3);Idle;(9, 3);False;1;223
;(7, 3);Idle;(9, 3);False;1;224
;(7, 3);Idle;(9, 3);False;1;225
;(7, 3);Idle;(9, 3);False;1;226
;(7, 3);Idle;(9, 3);False;1;227
;(7, 3);Idle;(9, 3);False;1;228
;(7, 3);Idle;(9, 3);False;1;229
;(7, 3);Idle;(9, 3);False;1;230
;(7, 3);Idle;(9, 3);False;1;231
;(7, 3);Idle;(9, 3);False;1;232
MoveSouth;(7, 4);Idle;(9, 3);False;1;233
;(7, 4);Idle;(9, 3);False;1;234
;(7, 4);Idle;(9, 3);False;1;235
;(7, 4);Idle;(9, 3);False;1;236
;(7, 4);Idle;(9, 3);False;1;237
;(7, 4);Idle;(9, 3);False;1;238
;(7, 4);Idle;(9, 3);False;1;239
;(7, 4);Idle;(9, 3);False;1;240
;(7, 4);Idle;(9, 3);False;1;241
;(7, 4);Idle;(9, 3);False;1;242
;(7, 4);Idle;(9, 3);False;1;243
MoveSouth;(7, 5);Idle;(9, 3);False;1;244
;(7, 5);Idle;(9, 3);False;1;245
;(7, 5);Idle;(9, 3);False;1;246
;(7, 5);Idle;(9, 3);False;1;247
;(7, 5);Idle;(9, 3);False;1;248
;(7, 5);Idle;(9, 3);False;1;249
;(7, 5);Idle;(9, 3);False;1;250
;(7, 5);Idle;(9, 3);False;1;251
;(7, 5);Idle;(9, 3);False;1;252
;(7, 5);Idle;(9, 3);False;1;253
;(7, 5);Idle;(9, 3);False;1;254
;(7, 5);Idle;(9, 3);False;1;255
;(7, 5);Idle;(9, 3);False;1;256
;(7, 5);Idle;(9, 3);False;1;257
;(7, 5);Idle;(9, 3);False;1;258
;(7, 5);Idle;(9, 3);False;1;259
;(7, 5);Idle;(9, 3);False;1;260
MoveEast;(8, 5);Idle;(9, 3);False;1;261
;(8, 5);Idle;(9, 3);False;1;262
;(8, 5);Idle;(9, 3);False;1;263
MoveEast;(9, 5);Idle;(9, 3);False;1;264
;(9, 5);Idle;(9, 3);False;1;265
;(9, 5);Idle;(9, 3);False;1;266
;(9, 5);Idle;(9, 3);False;1;267
MoveSouth;(9, 6);Idle;(9, 3);False;1;268
;(9, 6);Idle;(9, 3);False;1;269
;(9, 6);Idle;(9, 3);False;1;270
;(9, 6);Idle;(9, 3);False;1;271
;(9, 6);;(9, 3);False;1;272
;(9, 6);Idle;(9, 3);False;1;273
;(9, 6);Idle;(9, 3);False;1;274
;(9, 6);Idle;(9, 3);False;1;275
;(9, 6);Idle;(9, 3);False;1;276
;(9, 6);Idle;(9, 3);False;1;277
;(9, 6);Idle;(9, 3);False;1;278
MoveWest;(8, 6);Idle;(9, 3);False;1;279
;(8, 6);Idle;(9, 3);False;1;280
;(8, 6);Idle;(9, 3);False;1;281
;(8, 6);Idle;(9, 3);False;1;282
;(8, 6);Idle;(9, 3);False;1;283
MoveWest;(7, 6);Idle;(9, 3);False;1;284
MoveNorth;(7, 5);Idle;(9, 3);False;1;285
;(7, 5);Idle;(9, 3);False;1;286
;(7, 5);Idle;(9, 3);False;1;287
;(7, 5);Idle;(9, 3);False;1;288
;(7, 5);Idle;(9, 3);False;1;289
;(7, 5);Idle;(9, 3);False;1;290
;(7, 5);Idle;(9, 3);False;1;291
;(7, 5);Idle;(9, 3);False;1;292
;(7, 5);Idle;(9, 3);False;1;293
;(7, 5);Idle;(9, 3);False;1;294
;(7, 5);Idle;(9, 3);False;1;295
;(7, 5);Idle;(9, 3);False;1;296
;(7, 5);Idle;(9, 3);False;1;297
;(7, 5);Idle;(9, 3);False;1;298
;(7, 5);Idle;(9, 3);False;1;299
;(7, 5);Idle;(9, 3);False;1;300
;(7, 5);Idle;(9, 3);False;1;301
;(7, 5);Idle;(9, 3);False;1;302
;(7, 5);Idle;(9, 3);False;1;303
;(7, 5);Idle;(9, 3);False;1;304
;(7, 5);Idle;(9, 3);False;1;305
;(7, 5);Idle;(9, 3);False;1;306
;(7, 5);Idle;(9, 3);False;1;307
;(7, 5);Idle;(9, 3);False;1;308
;(7, 5);Idle;(9, 3);False;1;309
;(7, 5);Idle;(9, 3);False;1;310
;(7, 5);Idle;(9, 3);False;1;311
;(7, 5);Idle;(9, 3);False;1;312
;(7, 5);Idle;(9, 3);False;1;313
GrabObject;(7, 5);Idle;(9, 3);False;1;314
;(7, 5);Idle;(9, 3);False;1;315
;(7, 5);Idle;(9, 3);False;1;316
;(7, 5);;(9, 3);False;1;317
MoveWest;(6, 5);;(9, 3);pick top rock;1;318
;(6, 5);;(9, 3);pick top rock;1;319
;(6, 5);;(9, 3);pick top rock;1;320
MoveWest;(5, 5);;(9, 3);pick top rock;1;321
;(5, 5);;(9, 3);pick top rock;1;322
;(5, 5);;(9, 3);pick top rock;1;323
MoveWest;(4, 5);;(9, 3);pick top rock;1;324
;(4, 5);;(9, 3);pick top rock;1;325
;(4, 5);;(9, 3);pick top rock;1;326
;(4, 5);;(9, 3);pick top rock;1;327
MoveWest;(3, 5);;(9, 3);pick top rock;1;328
;(3, 5);;(9, 3);pick top rock;1;329
;(3, 5);;(9, 3);pick top rock;1;330
MoveWest;(2, 5);;(9, 3);pick top rock;1;331
;(2, 5);;(9, 3);pick top rock;1;332
;(2, 5);;(9, 3);pick top rock;1;333
;(2, 5);;(9, 3);pick top rock;1;334
;(2, 5);;(9, 3);pick top rock;1;335
MoveWest;(1, 5);;(9, 3);pick top rock;1;336
;(1, 5);;(9, 3);pick top rock;1;337
;(1, 5);;(9, 3);pick top rock;1;338
;(1, 5);;(9, 3);pick top rock;1;339
MoveWest;(0, 5);;(9, 3);pick top rock;1;340
;(0, 5);;(9, 3);pick top rock;1;341
;(0, 5);;(9, 3);pick top rock;1;342
;(0, 5);;(9, 3);pick top rock;1;343
;(0, 5);;(9, 3);pick top rock;1;344
DropObject;(0, 5);;(9, 3);pick top rock;1;345
;(0, 5);;(9, 3);pick top rock;1;346
;(0, 5);;(9, 3);pick top rock;1;347
MoveEast;(1, 5);;(9, 3);pick top rock;1;348
;(1, 5);;(9, 3);pick top rock;1;349
;(1, 5);;(9, 3);pick top rock;1;350
MoveEast;(2, 5);;(9, 3);pick top rock;1;351
;(2, 5);;(9, 3);pick top rock;1;352
;(2, 5);;(9, 3);pick top rock;1;353
;(2, 5);;(9, 3);pick top rock;1;354
MoveEast;(3, 5);;(9, 3);pick top rock;1;355
;(3, 5);;(9, 3);pick top rock;1;356
;(3, 5);;(9, 3);pick top rock;1;357
;(3, 5);;(9, 3);pick top rock;1;358
;(3, 5);;(9, 3);pick top rock;1;359
;(3, 5);;(9, 3);pick top rock;1;360
;(3, 5);;(9, 3);pick top rock;1;361
;(3, 5);;(9, 3);pick top rock;1;362
;(3, 5);;(9, 3);pick top rock;1;363
MoveEast;(4, 5);;(9, 3);pick top rock;1;364
MoveEast;(5, 5);;(9, 3);pick top rock;1;365
MoveEast;(6, 5);;(9, 3);pick top rock;1;366
MoveEast;(7, 5);;(9, 3);pick top rock;1;367
MoveEast;(8, 5);;(9, 3);pick top rock;1;368
MoveEast;(9, 5);;(9, 3);pick top rock;1;369
MoveEast;(10, 5);;(9, 3);pick top rock;1;370
MoveEast;(11, 5);;(9, 3);pick top rock;1;371
MoveEast;(12, 5);;(9, 3);pick top rock;1;372
MoveEast;(13, 5);;(9, 3);pick top rock;1;373
MoveEast;(14, 5);;(9, 3);pick top rock;1;374
;(14, 5);;(9, 3);pick top rock;1;375
;(14, 5);;(9, 3);pick top rock;1;376
;(14, 5);;(9, 3);pick top rock;1;377
;(14, 5);;(9, 3);pick top rock;1;378
;(14, 5);;(9, 3);pick top rock;1;379
;(14, 5);;(9, 3);pick top rock;1;380
MoveWest;(13, 5);;(9, 3);pick top rock;1;381
;(13, 5);;(9, 3);pick top rock;1;382
;(13, 5);;(9, 3);pick top rock;1;383
MoveWest;(12, 5);;(9, 3);pick top rock;1;384
;(12, 5);;(9, 3);pick top rock;1;385
;(12, 5);;(9, 3);pick top rock;1;386
MoveSouth;(12, 6);;(9, 3);pick top rock;1;387
;(12, 6);;(9, 3);pick top rock;1;388
;(12, 6);;(9, 3);pick top rock;1;389
MoveWest;(11, 6);;(9, 3);pick top rock;1;390
;(11, 6);;(9, 3);pick top rock;1;391
;(11, 6);;(9, 3);pick top rock;1;392
;(11, 6);;(9, 3);pick top rock;1;393
;(11, 6);;(9, 3);pick top rock;1;394
MoveWest;(10, 6);;(9, 3);pick top rock;1;395
;(10, 6);;(9, 3);pick top rock;1;396
;(10, 6);;(9, 3);pick top rock;1;397
MoveWest;(9, 6);;(9, 3);pick top rock;1;398
;(9, 6);;(9, 3);pick top rock;1;399
;(9, 6);;(9, 3);pick top rock;1;400
;(9, 6);;(9, 3);pick top rock;1;401
;(9, 6);;(9, 3);pick top rock;1;402
;(9, 6);;(9, 3);pick top rock;1;403
;(9, 6);;(9, 3);pick top rock;1;404
;(9, 6);;(9, 3);pick top rock;1;405
;(9, 6);;(9, 3);pick top rock;1;406
;(9, 6);;(9, 3);pick top rock;1;407
GrabObject;(9, 6);;(9, 3);pick top rock;1;408
;(9, 6);;(9, 3);pick top rock;1;409
;(9, 6);;(9, 3);pick top rock;1;410
;(9, 6);;(9, 3);pick top rock;1;411
;(9, 6);;(9, 3);pick top rock;1;412
;(9, 6);;(9, 3);pick top rock;1;413
MoveWest;(8, 6);;(9, 3);pick top rock;1;414
;(8, 6);;(9, 3);pick top rock;1;415
MoveWest;(7, 6);;(9, 3);pick top rock;1;416
;(7, 6);;(9, 3);pick top rock;1;417
;(7, 6);;(9, 3);pick top rock;1;418
MoveWest;(6, 6);;(9, 3);pick top rock;1;419
;(6, 6);;(9, 3);pick top rock;1;420
;(6, 6);;(9, 3);pick top rock;1;421
;(6, 6);;(9, 3);pick top rock;1;422
MoveWest;(5, 6);;(9, 3);pick top rock;1;423
;(5, 6);;(9, 3);pick top rock;1;424
;(5, 6);;(9, 3);pick top rock;1;425
;(5, 6);;(9, 3);pick top rock;1;426
MoveWest;(4, 6);;(9, 3);pick top rock;1;427
;(4, 6);;(9, 3);pick top rock;1;428
;(4, 6);;(9, 3);pick top rock;1;429
MoveWest;(3, 6);;(9, 3);pick top rock;1;430
;(3, 6);;(9, 3);pick top rock;1;431
;(3, 6);;(9, 3);pick top rock;1;432
;(3, 6);;(9, 3);pick top rock;1;433
MoveWest;(2, 6);;(9, 3);pick top rock;1;434
;(2, 6);;(9, 3);pick top rock;1;435
;(2, 6);;(9, 3);pick top rock;1;436
;(2, 6);;(9, 3);pick top rock;1;437
;(2, 6);;(9, 3);pick top rock;1;438
;(2, 6);;(9, 3);pick top rock;1;439
;(2, 6);;(9, 3);pick top rock;1;440
;(2, 6);;(9, 3);pick top rock;1;441
;(2, 6);;(9, 3);pick top rock;1;442
;(2, 6);;(9, 3);pick top rock;1;443
;(2, 6);;(9, 3);pick top rock;1;444
;(2, 6);;(9, 3);pick top rock;1;445
;(2, 6);;(9, 3);pick top rock;1;446
;(2, 6);;(9, 3);pick top rock;1;447
;(2, 6);;(9, 3);pick top rock;1;448
;(2, 6);;(9, 3);pick top rock;1;449
MoveWest;(1, 6);;(9, 3);pick top rock;1;450
;(1, 6);;(9, 3);pick top rock;1;451
;(1, 6);;(9, 3);pick top rock;1;452
;(1, 6);;(9, 3);pick top rock;1;453
;(1, 6);;(9, 3);pick top rock;1;454
;(1, 6);;(9, 3);pick top rock;1;455
;(1, 6);;(9, 3);pick top rock;1;456
;(1, 6);;(9, 3);pick top rock;1;457
;(1, 6);;(9, 3);pick top rock;1;458
;(1, 6);;(9, 3);pick top rock;1;459
;(1, 6);;(9, 3);pick top rock;1;460
MoveWest;(0, 6);;(9, 3);pick top rock;1;461
;(0, 6);;(9, 3);pick top rock;1;462
;(0, 6);;(9, 3);pick top rock;1;463
;(0, 6);;(9, 3);pick top rock;1;464
;(0, 6);;(9, 3);pick top rock;1;465
;(0, 6);;(9, 3);pick top rock;1;466
DropObject;(0, 6);;(9, 3);pick top rock;1;467
;(0, 6);;(9, 3);pick top rock;1;468
;(0, 6);;(9, 3);pick top rock;1;469
;(0, 6);;(9, 3);pick top rock;1;470
MoveEast;(1, 6);;(9, 3);pick top rock;1;471
;(1, 6);;(9, 3);pick top rock;1;472
;(1, 6);;(9, 3);pick top rock;1;473
;(1, 6);;(9, 3);pick top rock;1;474
MoveEast;(2, 6);;(9, 3);pick top rock;1;475
;(2, 6);;(9, 3);pick top rock;1;476
;(2, 6);;(9, 3);pick top rock;1;477
;(2, 6);;(9, 3);pick top rock;1;478
MoveEast;(3, 6);;(9, 3);pick top rock;1;479
;(3, 6);;(9, 3);pick top rock;1;480
;(3, 6);;(9, 3);pick top rock;1;481
MoveEast;(4, 6);;(9, 3);pick top rock;1;482
;(4, 6);;(9, 3);pick top rock;1;483
;(4, 6);;(9, 3);pick top rock;1;484
;(4, 6);;(9, 3);pick top rock;1;485
MoveEast;(5, 6);;(9, 3);pick top rock;1;486
;(5, 6);;(9, 3);pick top rock;1;487
;(5, 6);;(9, 3);pick top rock;1;488
;(5, 6);;(9, 3);pick top rock;1;489
;(5, 6);;(9, 3);pick top rock;1;490
MoveEast;(6, 6);;(9, 3);pick top rock;1;491
;(6, 6);;(9, 3);pick top rock;1;492
;(6, 6);;(9, 3);pick top rock;1;493
;(6, 6);;(9, 3);pick top rock;1;494
;(6, 6);;(9, 3);pick top rock;1;495
MoveSouth;(6, 7);;(9, 3);pick top rock;1;496
;(6, 7);;(9, 3);pick top rock;1;497
;(6, 7);;(9, 3);pick top rock;1;498
;(6, 7);;(9, 3);pick top rock;1;499
MoveEast;(7, 7);;(9, 3);pick top rock;1;500
;(7, 7);;(9, 3);pick top rock;1;501
;(7, 7);;(9, 3);pick top rock;1;502
;(7, 7);;(9, 3);pick top rock;1;503
MoveEast;(8, 7);;(9, 3);pick top rock;1;504
;(8, 7);;(9, 3);pick top rock;1;505
;(8, 7);;(9, 3);pick top rock;1;506
;(8, 7);;(9, 3);pick top rock;1;507
MoveEast;(9, 7);;(9, 3);pick top rock;1;508
;(9, 7);;(9, 3);pick top rock;1;509
;(9, 7);;(9, 3);pick top rock;1;510
;(9, 7);;(9, 3);pick top rock;1;511
;(9, 7);;(9, 3);pick top rock;1;512
MoveEast;(10, 7);;(9, 3);pick top rock;1;513
;(10, 7);;(9, 3);pick top rock;1;514
;(10, 7);;(9, 3);pick top rock;1;515
;(10, 7);;(9, 3);pick top rock;1;516
;(10, 7);;(9, 3);pick top rock;1;517
;(10, 7);;(9, 3);pick top rock;1;518
;(10, 7);;(9, 3);pick top rock;1;519
;(10, 7);;(9, 3);pick top rock;1;520
MoveWest;(9, 7);;(9, 3);pick top rock;1;521
;(9, 7);;(9, 3);pick top rock;1;522
;(9, 7);;(9, 3);pick top rock;1;523
GrabObject;(9, 7);;(9, 3);pick top rock;1;524
;(9, 7);;(9, 3);pick top rock;1;525
;(9, 7);;(9, 3);pick top rock;1;526
MoveWest;(8, 7);;(9, 3);pick top rock;1;527
;(8, 7);;(9, 3);pick top rock;1;528
;(8, 7);;(9, 3);pick top rock;1;529
MoveWest;(7, 7);;(9, 3);pick top rock;1;530
;(7, 7);;(9, 3);pick top rock;1;531
;(7, 7);;(9, 3);pick top rock;1;532
;(7, 7);;(9, 3);pick top rock;1;533
MoveWest;(6, 7);;(9, 3);pick top rock;1;534
;(6, 7);;(9, 3);pick top rock;1;535
;(6, 7);;(9, 3);pick top rock;1;536
;(6, 7);;(9, 3);pick top rock;1;537
MoveWest;(5, 7);;(9, 3);pick top rock;1;538
;(5, 7);;(9, 3);pick top rock;1;539
;(5, 7);;(9, 3);pick top rock;1;540
;(5, 7);;(9, 3);pick top rock;1;541
MoveWest;(4, 7);;(9, 3);pick top rock;1;542
;(4, 7);;(9, 3);pick top rock;1;543
;(4, 7);;(9, 3);pick top rock;1;544
;(4, 7);;(9, 3);pick top rock;1;545
MoveWest;(3, 7);;(9, 3);pick top rock;1;546
;(3, 7);;(9, 3);pick top rock;1;547
;(3, 7);;(9, 3);pick top rock;1;548
;(3, 7);;(9, 3);pick top rock;1;549
MoveWest;(2, 7);;(9, 3);pick top rock;1;550
;(2, 7);;(9, 3);pick top rock;1;551
;(2, 7);;(9, 3);pick top rock;1;552
;(2, 7);;(9, 3);pick top rock;1;553
MoveWest;(1, 7);;(9, 3);pick top rock;1;554
;(1, 7);;(9, 3);pick top rock;1;555
;(1, 7);;(9, 3);pick top rock;1;556
;(1, 7);;(9, 3);pick top rock;1;557
MoveWest;(0, 7);;(9, 3);pick top rock;1;558
;(0, 7);;(9, 3);pick top rock;1;559
;(0, 7);;(9, 3);pick top rock;1;560
;(0, 7);;(9, 3);pick top rock;1;561
;(0, 7);;(9, 3);pick top rock;1;562
;(0, 7);;(9, 3);pick top rock;1;563
;(0, 7);;(9, 3);pick top rock;1;564
;(0, 7);;(9, 3);pick top rock;1;565
;(0, 7);;(9, 3);pick top rock;1;566
;(0, 7);;(9, 3);pick top rock;1;567
;(0, 7);;(9, 3);pick top rock;1;568
MoveSouth;(0, 8);;(9, 3);pick top rock;1;569
;(0, 8);;(9, 3);pick top rock;1;570
;(0, 8);;(9, 3);pick top rock;1;571
MoveSouth;(0, 9);;(9, 3);pick top rock;1;572
;(0, 9);;(9, 3);pick top rock;1;573
;(0, 9);;(9, 3);pick top rock;1;574
;(0, 9);;(9, 3);pick top rock;1;575
MoveSouth;(0, 10);;(9, 3);pick top rock;1;576
;(0, 10);;(9, 3);pick top rock;1;577
;(0, 10);;(9, 3);pick top rock;1;578
;(0, 10);;(9, 3);pick top rock;1;579
MoveSouth;(0, 11);;(9, 3);pick top rock;1;580
;(0, 11);;(9, 3);pick top rock;1;581
;(0, 11);;(9, 3);pick top rock;1;582
;(0, 11);;(9, 3);pick top rock;1;583
;(0, 11);;(9, 3);pick top rock;1;584
;(0, 11);;(9, 3);pick top rock;1;585
DropObject;(0, 11);;(9, 3);pick top rock;1;586
;(0, 11);;(9, 3);pick top rock;1;587
;(0, 11);;(9, 3);pick top rock;1;588
;(0, 11);;(9, 3);pick top rock;1;589
;(0, 11);;(9, 3);pick top rock;1;590
;(0, 11);;(9, 3);pick top rock;1;591
;(0, 11);;(9, 3);pick top rock;1;592
;(0, 11);;(9, 3);pick top rock;1;593
;(0, 11);;(9, 3);pick top rock;1;594
MoveNorth;(0, 10);;(9, 3);pick top rock;1;595
;(0, 10);;(9, 3);pick top rock;1;596
MoveNorth;(0, 9);;(9, 3);pick top rock;1;597
;(0, 9);;(9, 3);pick top rock;1;598
;(0, 9);;(9, 3);pick top rock;1;599
;(0, 9);;(9, 3);pick top rock;1;600
MoveEast;(1, 9);;(9, 3);pick top rock;1;601
;(1, 9);;(9, 3);pick top rock;1;602
;(1, 9);;(9, 3);pick top rock;1;603
MoveNorth;(1, 8);;(9, 3);pick top rock;1;604
;(1, 8);;(9, 3);pick top rock;1;605
;(1, 8);;(9, 3);pick top rock;1;606
;(1, 8);;(9, 3);pick top rock;1;607
;(1, 8);;(9, 3);pick top rock;1;608
MoveNorth;(1, 7);;(9, 3);pick top rock;1;609
;(1, 7);;(9, 3);pick top rock;1;610
;(1, 7);;(9, 3);pick top rock;1;611
;(1, 7);;(9, 3);pick top rock;1;612
MoveNorth;(1, 6);;(9, 3);pick top rock;1;613
;(1, 6);;(9, 3);pick top rock;1;614
;(1, 6);;(9, 3);pick top rock;1;615
MoveEast;(2, 6);;(9, 3);pick top rock;1;616
;(2, 6);;(9, 3);pick top rock;1;617
;(2, 6);;(9, 3);pick top rock;1;618
;(2, 6);;(9, 3);pick top rock;1;619
MoveNorth;(2, 5);;(9, 3);pick top rock;1;620
;(2, 5);;(9, 3);pick top rock;1;621
;(2, 5);;(9, 3);pick top rock;1;622
MoveEast;(3, 5);;(9, 3);pick top rock;1;623
;(3, 5);;(9, 3);pick top rock;1;624
;(3, 5);;(9, 3);pick top rock;1;625
MoveEast;(4, 5);;(9, 3);pick top rock;1;626
;(4, 5);;(9, 3);pick top rock;1;627
;(4, 5);;(9, 3);pick top rock;1;628
;(4, 5);;(9, 3);pick top rock;1;629
MoveEast;(5, 5);;(9, 3);pick top rock;1;630
MoveNorth;(5, 4);;(9, 3);pick top rock;1;631
;(5, 4);;(9, 3);pick top rock;1;632
;(5, 4);;(9, 3);pick top rock;1;633
;(5, 4);;(9, 3);pick top rock;1;634
;(5, 4);;(9, 3);pick top rock;1;635
;(5, 4);;(9, 3);pick top rock;1;636
;(5, 4);;(9, 3);pick top rock;1;637
MoveNorth;(5, 3);;(9, 3);pick top rock;1;638
;(5, 3);;(9, 3);pick top rock;1;639
;(5, 3);;(9, 3);pick top rock;1;640
;(5, 3);;(9, 3);pick top rock;1;641
MoveNorth;(5, 2);;(9, 3);pick top rock;1;642
;(5, 2);;(9, 3);pick top rock;1;643
;(5, 2);;(9, 3);pick top rock;1;644
;(5, 2);;(9, 3);pick top rock;1;645
;(5, 2);;(9, 3);pick top rock;1;646
;(5, 2);;(9, 3);pick top rock;1;647
MoveEast;(6, 2);;(9, 3);pick top rock;1;648
;(6, 2);;(9, 3);pick top rock;1;649
;(6, 2);;(9, 3);pick top rock;1;650
;(6, 2);;(9, 3);pick top rock;1;651
;(6, 2);;(9, 3);pick top rock;1;652
MoveEast;(7, 2);;(9, 3);pick top rock;1;653
;(7, 2);;(9, 3);pick top rock;1;654
;(7, 2);;(9, 3);pick top rock;1;655
;(7, 2);;(9, 3);pick top rock;1;656
;(7, 2);;(9, 3);pick top rock;1;657
MoveSouth;(7, 3);;(9, 3);pick top rock;1;658
;(7, 3);;(9, 3);pick top rock;1;659
;(7, 3);;(9, 3);pick top rock;1;660
;(7, 3);;(9, 3);pick top rock;1;661
;(7, 3);;(9, 3);pick top rock;1;662
;(7, 3);;(9, 3);pick top rock;1;663
;(7, 3);;(9, 3);pick top rock;1;664
;(7, 3);;(9, 3);pick top rock;1;665
;(7, 3);;(9, 3);pick top rock;1;666
MoveEast;(8, 3);;(9, 3);pick top rock;1;667
;(8, 3);;(9, 3);pick top rock;1;668
;(8, 3);;(9, 3);pick top rock;1;669
MoveEast;(9, 3);;(9, 3);pick top rock;1;670
;(9, 3);;(9, 3);pick top rock;1;671
;(9, 3);;(9, 3);pick top rock;1;672
;(9, 3);;(9, 3);pick top rock;1;673
;(9, 3);;(9, 3);pick top rock;1;674
;(9, 3);;(9, 3);pick top rock;1;675
;(9, 3);;(9, 3);pick top rock;1;676
GrabObject;(9, 3);;(9, 3);pick top rock;1;677
;(9, 3);;(9, 3);pick top rock;1;678
;(9, 3);;(9, 3);pick top rock;1;679
MoveWest;(8, 3);;(9, 3);pick top rock;1;680
;(8, 3);;(9, 3);pick top rock;1;681
;(8, 3);;(9, 3);pick top rock;1;682
;(8, 3);;(9, 3);pick top rock;1;683
MoveWest;(7, 3);;(9, 3);pick top rock;1;684
;(7, 3);;(9, 3);pick top rock;1;685
;(7, 3);;(9, 3);pick top rock;1;686
;(7, 3);;(9, 3);pick top rock;1;687
MoveWest;(6, 3);;(9, 3);pick top rock;1;688
;(6, 3);;(9, 3);pick top rock;1;689
;(6, 3);;(9, 3);pick top rock;1;690
MoveWest;(5, 3);;(9, 3);pick top rock;1;691
;(5, 3);;(9, 3);pick top rock;1;692
;(5, 3);;(9, 3);pick top rock;1;693
;(5, 3);;(9, 3);pick top rock;1;694
MoveWest;(4, 3);;(9, 3);pick top rock;1;695
;(4, 3);;(9, 3);pick top rock;1;696
;(4, 3);;(9, 3);pick top rock;1;697
;(4, 3);;(9, 3);pick top rock;1;698
MoveWest;(3, 3);;(9, 3);pick top rock;1;699
;(3, 3);;(9, 3);pick top rock;1;700
;(3, 3);;(9, 3);pick top rock;1;701
;(3, 3);;(9, 3);pick top rock;1;702
MoveWest;(2, 3);;(9, 3);pick top rock;1;703
;(2, 3);;(9, 3);pick top rock;1;704
;(2, 3);;(9, 3);pick top rock;1;705
;(2, 3);;(9, 3);pick top rock;1;706
MoveWest;(1, 3);;(9, 3);pick top rock;1;707
;(1, 3);;(9, 3);pick top rock;1;708
;(1, 3);;(9, 3);pick top rock;1;709
;(1, 3);;(9, 3);pick top rock;1;710
MoveWest;(0, 3);;(9, 3);pick top rock;1;711
;(0, 3);;(9, 3);pick top rock;1;712
;(0, 3);;(9, 3);pick top rock;1;713
;(0, 3);;(9, 3);pick top rock;1;714
;(0, 3);;(9, 3);pick top rock;1;715
;(0, 3);;(9, 3);pick top rock;1;716
DropObject;(0, 3);;(9, 3);pick top rock;1;717
;(0, 3);;(9, 3);pick top rock;1;718
MoveEast;(1, 3);;(9, 3);pick top rock;1;719
;(1, 3);;(9, 3);pick top rock;1;720
;(1, 3);;(9, 3);pick top rock;1;721
MoveEast;(2, 3);;(9, 3);pick top rock;1;722
;(2, 3);;(9, 3);pick top rock;1;723
;(2, 3);;(9, 3);pick top rock;1;724
;(2, 3);;(9, 3);pick top rock;1;725
MoveEast;(3, 3);;(9, 3);pick top rock;1;726
;(3, 3);;(9, 3);pick top rock;1;727
;(3, 3);;(9, 3);pick top rock;1;728
MoveEast;(4, 3);;(9, 3);pick top rock;1;729
;(4, 3);;(9, 3);pick top rock;1;730
;(4, 3);;(9, 3);pick top rock;1;731
MoveEast;(5, 3);;(9, 3);pick top rock;1;732
;(5, 3);;(9, 3);pick top rock;1;733
;(5, 3);;(9, 3);pick top rock;1;734
;(5, 3);;(9, 3);pick top rock;1;735
MoveEast;(6, 3);;(9, 3);pick top rock;1;736
;(6, 3);;(9, 3);pick top rock;1;737
;(6, 3);;(9, 3);pick top rock;1;738
MoveEast;(7, 3);;(9, 3);pick top rock;1;739
;(7, 3);;(9, 3);pick top rock;1;740
;(7, 3);;(9, 3);pick top rock;1;741
;(7, 3);;(9, 3);pick top rock;1;742
MoveEast;(8, 3);;(9, 3);pick top rock;1;743
;(8, 3);;(9, 3);pick top rock;1;744
;(8, 3);;(9, 3);pick top rock;1;745
MoveEast;(9, 3);;(9, 3);pick top rock;1;746
;(9, 3);;(9, 3);pick top rock;1;747
;(9, 3);;(9, 3);pick top rock;1;748
;(9, 3);;(9, 3);pick top rock;1;749
MoveEast;(10, 3);;(9, 3);pick top rock;1;750
;(10, 3);;(9, 3);pick top rock;1;751
;(10, 3);;(9, 3);pick top rock;1;752
;(10, 3);;(9, 3);pick top rock;1;753
;(10, 3);;(9, 3);pick top rock;1;754
GrabObject;(10, 3);;(9, 3);pick top rock;1;755
;(10, 3);;(9, 3);pick top rock;1;756
;(10, 3);;(9, 3);pick top rock;1;757
;(10, 3);;(9, 3);pick top rock;1;758
MoveWest;(9, 3);;(9, 3);pick top rock;1;759
;(9, 3);;(9, 3);pick top rock;1;760
;(9, 3);;(9, 3);pick top rock;1;761
;(9, 3);;(9, 3);pick top rock;1;762
;(9, 3);;(9, 3);pick top rock;1;763
;(9, 3);;(9, 3);pick top rock;1;764
;(9, 3);;(9, 3);pick top rock;1;765
;(9, 3);;(9, 3);pick top rock;1;766
MoveWest;(8, 3);;(9, 3);pick top rock;1;767
;(8, 3);;(9, 3);pick top rock;1;768
;(8, 3);;(9, 3);pick top rock;1;769
;(8, 3);;(9, 3);pick top rock;1;770
;(8, 3);;(9, 3);pick top rock;1;771
;(8, 3);;(9, 3);pick top rock;1;772
MoveWest;(7, 3);;(9, 3);pick top rock;1;773
;(7, 3);;(9, 3);pick top rock;1;774
;(7, 3);;(9, 3);pick top rock;1;775
;(7, 3);;(9, 3);pick top rock;1;776
;(7, 3);;(9, 3);pick top rock;1;777
;(7, 3);;(9, 3);pick top rock;1;778
;(7, 3);;(9, 3);pick top rock;1;779
;(7, 3);;(9, 3);pick top rock;1;780
;(7, 3);;(9, 3);pick top rock;1;781
;(7, 3);;(9, 3);pick top rock;1;782
MoveWest;(6, 3);;(9, 3);pick top rock;1;783
;(6, 3);;(9, 3);pick top rock;1;784
MoveWest;(5, 3);;(9, 3);pick top rock;1;785
;(5, 3);;(9, 3);pick top rock;1;786
;(5, 3);;(9, 3);pick top rock;1;787
;(5, 3);;(9, 3);pick top rock;1;788
MoveWest;(4, 3);;(9, 3);pick top rock;1;789
;(4, 3);;(9, 3);pick top rock;1;790
;(4, 3);;(9, 3);pick top rock;1;791
MoveWest;(3, 3);;(9, 3);pick top rock;1;792
;(3, 3);;(9, 3);pick top rock;1;793
;(3, 3);;(9, 3);pick top rock;1;794
;(3, 3);;(9, 3);pick top rock;1;795
;(3, 3);;(9, 3);pick top rock;1;796
MoveWest;(2, 3);;(9, 3);pick top rock;1;797
;(2, 3);;(9, 3);pick top rock;1;798
;(2, 3);;(9, 3);pick top rock;1;799
;(2, 3);;(9, 3);pick top rock;1;800
MoveWest;(1, 3);;(9, 3);pick top rock;1;801
;(1, 3);;(9, 3);pick top rock;1;802
;(1, 3);;(9, 3);pick top rock;1;803
;(1, 3);;(9, 3);pick top rock;1;804
MoveWest;(0, 3);;(9, 3);pick top rock;1;805
;(0, 3);;(9, 3);pick top rock;1;806
DropObject;(0, 3);;(9, 3);pick top rock;1;807
;(0, 3);;(9, 3);pick top rock;1;808
;(0, 3);;(9, 3);pick top rock;1;809
MoveEast;(1, 3);;(9, 3);pick top rock;1;810
;(1, 3);;(9, 3);pick top rock;1;811
;(1, 3);;(9, 3);pick top rock;1;812
;(1, 3);;(9, 3);pick top rock;1;813
MoveEast;(2, 3);;(9, 3);pick top rock;1;814
;(2, 3);;(9, 3);pick top rock;1;815
;(2, 3);;(9, 3);pick top rock;1;816
;(2, 3);;(9, 3);pick top rock;1;817
;(2, 3);;(9, 3);pick top rock;1;818
MoveEast;(3, 3);;(9, 3);pick top rock;1;819
;(3, 3);;(9, 3);pick top rock;1;820
;(3, 3);;(9, 3);pick top rock;1;821
MoveEast;(4, 3);;(9, 3);pick top rock;1;822
;(4, 3);;(9, 3);pick top rock;1;823
;(4, 3);;(9, 3);pick top rock;1;824
MoveEast;(5, 3);;(9, 3);pick top rock;1;825
;(5, 3);;(9, 3);pick top rock;1;826
;(5, 3);;(9, 3);pick top rock;1;827
;(5, 3);;(9, 3);pick top rock;1;828
MoveEast;(6, 3);;(9, 3);pick top rock;1;829
;(6, 3);;(9, 3);pick top rock;1;830
;(6, 3);;(9, 3);pick top rock;1;831
;(6, 3);;(9, 3);pick top rock;1;832
;(6, 3);;(9, 3);pick top rock;1;833
;(6, 3);;(9, 3);pick top rock;1;834
;(6, 3);;(9, 3);pick top rock;1;835
;(6, 3);;(9, 3);pick top rock;1;836
;(6, 3);;(9, 3);pick top rock;1;837
;(6, 3);;(9, 3);pick top rock;1;838
MoveEast;(7, 3);;(9, 3);pick top rock;1;839
MoveNorth;(7, 2);;(9, 3);pick top rock;1;840
;(7, 2);;(9, 3);pick top rock;1;841
;(7, 2);;(9, 3);pick top rock;1;842
;(7, 2);;(9, 3);pick top rock;1;843
;(7, 2);;(9, 3);pick top rock;1;844
;(7, 2);;(9, 3);pick top rock;1;845
MoveEast;(8, 2);;(9, 3);pick top rock;1;846
;(8, 2);;(9, 3);pick top rock;1;847
;(8, 2);;(9, 3);pick top rock;1;848
;(8, 2);;(9, 3);pick top rock;1;849
MoveEast;(9, 2);;(9, 3);pick top rock;1;850
;(9, 2);;(9, 3);pick top rock;1;851
;(9, 2);;(9, 3);pick top rock;1;852
;(9, 2);;(9, 3);pick top rock;1;853
MoveEast;(10, 2);;(9, 3);pick top rock;1;854
;(10, 2);;(9, 3);pick top rock;1;855
;(10, 2);;(9, 3);pick top rock;1;856
;(10, 2);;(9, 3);pick top rock;1;857
;(10, 2);;(9, 3);pick top rock;1;858
;(10, 2);;(9, 3);pick top rock;1;859
;(10, 2);;(9, 3);pick top rock;1;860
;(10, 2);;(9, 3);pick top rock;1;861
;(10, 2);;(9, 3);pick top rock;1;862
;(10, 2);;(9, 3);pick top rock;1;863
MoveWest;(9, 2);;(9, 3);pick top rock;1;864
;(9, 2);;(9, 3);pick top rock;1;865
;(9, 2);;(9, 3);pick top rock;1;866
;(9, 2);;(9, 3);pick top rock;1;867
;(9, 2);;(9, 3);pick top rock;1;868
;(9, 2);;(9, 3);pick top rock;1;869
;(9, 2);;(9, 3);pick top rock;1;870
;(9, 2);;(9, 3);pick top rock;1;871
;(9, 2);;(9, 3);pick top rock;1;872
;(9, 2);;(9, 3);pick top rock;1;873
;(9, 2);;(9, 3);pick top rock;1;874
;(9, 2);;(9, 3);pick top rock;1;875
;(9, 2);;(9, 3);pick top rock;1;876
;(9, 2);;(9, 3);pick top rock;1;877
;(9, 2);;(9, 3);pick top rock;1;878
;(9, 2);;(9, 3);pick top rock;1;879
;(9, 2);;(9, 3);pick top rock;1;880
;(9, 2);;(9, 3);pick top rock;1;881
;(9, 2);;(9, 3);pick top rock;1;882
;(9, 2);;(9, 3);pick top rock;1;883
;(9, 2);;(9, 3);pick top rock;1;884
;(9, 2);;(9, 3);pick top rock;1;885
;(9, 2);;(9, 3);pick top rock;1;886
;(9, 2);;(9, 3);pick top rock;1;887
;(9, 2);MoveWest;(9, 3);pick top rock;1;888
;(9, 2);MoveWest;(9, 3);pick top rock;1;889
;(9, 2);MoveWest;(9, 3);pick top rock;1;890
;(9, 2);MoveWest;(9, 3);pick top rock;1;891
;(9, 2);MoveWest;(9, 3);pick top rock;1;892
;(9, 2);MoveWest;(9, 3);pick top rock;1;893
;(9, 2);MoveWest;(9, 3);pick top rock;1;894
;(9, 2);MoveWest;(9, 3);pick top rock;1;895
;(9, 2);MoveWest;(9, 3);pick top rock;1;896
;(9, 2);MoveWest;(9, 3);pick top rock;1;897
;(9, 2);MoveWest;(8, 3);pick top rock;1;898
;(9, 2);MoveWest;(8, 3);pick top rock;1;899
;(9, 2);MoveWest;(8, 3);pick top rock;1;900
;(9, 2);MoveWest;(8, 3);pick top rock;1;901
;(9, 2);MoveWest;(8, 3);pick top rock;1;902
;(9, 2);MoveWest;(8, 3);pick top rock;1;903
;(9, 2);MoveWest;(8, 3);pick top rock;1;904
;(9, 2);MoveWest;(8, 3);pick top rock;1;905
;(9, 2);MoveWest;(8, 3);pick top rock;1;906
;(9, 2);MoveWest;(8, 3);pick top rock;1;907
;(9, 2);MoveWest;(8, 3);pick top rock;1;908
;(9, 2);MoveWest;(7, 3);pick top rock;1;909
;(9, 2);MoveWest;(7, 3);pick top rock;1;910
;(9, 2);MoveWest;(7, 3);pick top rock;1;911
;(9, 2);MoveWest;(7, 3);pick top rock;1;912
;(9, 2);MoveWest;(7, 3);pick top rock;1;913
;(9, 2);MoveWest;(7, 3);pick top rock;1;914
;(9, 2);MoveWest;(7, 3);pick top rock;1;915
;(9, 2);MoveWest;(7, 3);pick top rock;1;916
;(9, 2);MoveWest;(7, 3);pick top rock;1;917
;(9, 2);MoveWest;(7, 3);pick top rock;1;918
;(9, 2);MoveWest;(7, 3);pick top rock;1;919
;(9, 2);MoveWest;(6, 3);pick top rock;1;920
;(9, 2);MoveWest;(6, 3);pick top rock;1;921
;(9, 2);MoveWest;(6, 3);pick top rock;1;922
;(9, 2);MoveWest;(6, 3);pick top rock;1;923
;(9, 2);MoveWest;(6, 3);pick top rock;1;924
;(9, 2);MoveWest;(6, 3);pick top rock;1;925
;(9, 2);MoveWest;(6, 3);pick top rock;1;926
;(9, 2);MoveWest;(6, 3);pick top rock;1;927
;(9, 2);MoveWest;(6, 3);pick top rock;1;928
;(9, 2);MoveWest;(6, 3);pick top rock;1;929
;(9, 2);MoveWest;(6, 3);pick top rock;1;930
;(9, 2);MoveWest;(5, 3);pick top rock;1;931
;(9, 2);MoveNorthWest;(5, 3);pick top rock;1;932
;(9, 2);MoveNorthWest;(5, 3);pick top rock;1;933
;(9, 2);MoveNorthWest;(5, 3);pick top rock;1;934
;(9, 2);MoveNorthWest;(5, 3);pick top rock;1;935
;(9, 2);MoveNorthWest;(5, 3);pick top rock;1;936
;(9, 2);MoveNorthWest;(5, 3);pick top rock;1;937
;(9, 2);MoveNorthWest;(5, 3);pick top rock;1;938
;(9, 2);MoveNorthWest;(5, 3);pick top rock;1;939
;(9, 2);MoveNorthWest;(5, 3);pick top rock;1;940
;(9, 2);MoveNorthWest;(5, 3);pick top rock;1;941
;(9, 2);MoveNorthWest;(4, 2);pick top rock;1;942
;(9, 2);MoveWest;(4, 2);pick top rock;1;943
;(9, 2);MoveWest;(4, 2);pick top rock;1;944
;(9, 2);MoveWest;(4, 2);pick top rock;1;945
;(9, 2);MoveWest;(4, 2);pick top rock;1;946
;(9, 2);MoveWest;(4, 2);pick top rock;1;947
;(9, 2);MoveWest;(4, 2);pick top rock;1;948
;(9, 2);MoveWest;(4, 2);pick top rock;1;949
;(9, 2);MoveWest;(4, 2);pick top rock;1;950
;(9, 2);MoveWest;(4, 2);pick top rock;1;951
;(9, 2);MoveWest;(4, 2);pick top rock;1;952
;(9, 2);MoveWest;(3, 2);pick top rock;1;953
;(9, 2);MoveNorthWest;(3, 2);pick top rock;1;954
;(9, 2);MoveNorthWest;(3, 2);pick top rock;1;955
;(9, 2);MoveNorthWest;(3, 2);pick top rock;1;956
;(9, 2);MoveNorthWest;(3, 2);pick top rock;1;957
;(9, 2);MoveNorthWest;(3, 2);pick top rock;1;958
;(9, 2);MoveNorthWest;(3, 2);pick top rock;1;959
;(9, 2);MoveNorthWest;(3, 2);pick top rock;1;960
;(9, 2);MoveNorthWest;(3, 2);pick top rock;1;961
;(9, 2);MoveNorthWest;(3, 2);pick top rock;1;962
;(9, 2);MoveNorthWest;(3, 2);pick top rock;1;963
;(9, 2);MoveNorthWest;(2, 1);pick top rock;1;964
;(9, 2);MoveWest;(2, 1);pick top rock;1;965
;(9, 2);MoveWest;(2, 1);pick top rock;1;966
;(9, 2);MoveWest;(2, 1);pick top rock;1;967
;(9, 2);MoveWest;(2, 1);pick top rock;1;968
;(9, 2);MoveWest;(2, 1);pick top rock;1;969
;(9, 2);MoveWest;(2, 1);pick top rock;1;970
;(9, 2);MoveWest;(2, 1);pick top rock;1;971
;(9, 2);MoveWest;(2, 1);pick top rock;1;972
;(9, 2);MoveWest;(2, 1);pick top rock;1;973
;(9, 2);MoveWest;(2, 1);pick top rock;1;974
;(9, 2);MoveWest;(1, 1);pick top rock;1;975
;(9, 2);DropLargeObject;(1, 1);pick top rock;1;976
;(9, 2);DropLargeObject;(1, 1);pick top rock;1;977
;(9, 2);DropLargeObject;(1, 1);pick top rock;1;978
;(9, 2);DropLargeObject;(1, 1);pick top rock;1;979
;(9, 2);DropLargeObject;(1, 1);pick top rock;1;980
;(9, 2);DropLargeObject;(1, 1);pick top rock;1;981
;(9, 2);DropLargeObject;(1, 1);pick top rock;1;982
;(9, 2);DropLargeObject;(1, 1);pick top rock;1;983
;(9, 2);DropLargeObject;(1, 1);pick top rock;1;984
;(9, 2);DropLargeObject;(1, 1);pick top rock;1;985
;(9, 2);DropLargeObject;(1, 1);pick top rock;1;986
;(9, 2);;(1, 1);pick top rock;1;987
;(9, 2);;(1, 1);pick top rock;1;988
;(9, 2);MoveSouthEast;(1, 1);pick top rock;1;989
;(9, 2);MoveSouthEast;(1, 1);pick top rock;1;990
;(9, 2);MoveSouthEast;(1, 1);pick top rock;1;991
;(9, 2);MoveSouthEast;(1, 1);pick top rock;1;992
;(9, 2);MoveSouthEast;(1, 1);pick top rock;1;993
;(9, 2);MoveSouthEast;(1, 1);pick top rock;1;994
;(9, 2);MoveSouthEast;(1, 1);pick top rock;1;995
;(9, 2);MoveSouthEast;(1, 1);pick top rock;1;996
;(9, 2);MoveSouthEast;(1, 1);pick top rock;1;997
;(9, 2);MoveSouthEast;(1, 1);pick top rock;1;998
;(9, 2);MoveSouthEast;(2, 2);pick top rock;1;999
;(9, 2);MoveSouthEast;(2, 2);pick top rock;1;1000
;(9, 2);MoveSouthEast;(2, 2);pick top rock;1;1001
;(9, 2);MoveSouthEast;(2, 2);pick top rock;1;1002
;(9, 2);MoveSouthEast;(2, 2);pick top rock;1;1003
;(9, 2);MoveSouthEast;(2, 2);pick top rock;1;1004
;(9, 2);MoveSouthEast;(2, 2);pick top rock;1;1005
;(9, 2);MoveSouthEast;(2, 2);pick top rock;1;1006
;(9, 2);MoveSouthEast;(2, 2);pick top rock;1;1007
;(9, 2);MoveSouthEast;(2, 2);pick top rock;1;1008
;(9, 2);MoveSouthEast;(2, 2);pick top rock;1;1009
;(9, 2);MoveSouthEast;(3, 3);pick top rock;1;1010
;(9, 2);MoveSouthEast;(3, 3);pick top rock;1;1011
;(9, 2);MoveSouthEast;(3, 3);pick top rock;1;1012
;(9, 2);MoveSouthEast;(3, 3);pick top rock;1;1013
;(9, 2);MoveSouthEast;(3, 3);pick top rock;1;1014
;(9, 2);MoveSouthEast;(3, 3);pick top rock;1;1015
;(9, 2);MoveSouthEast;(3, 3);pick top rock;1;1016
;(9, 2);MoveSouthEast;(3, 3);pick top rock;1;1017
;(9, 2);MoveSouthEast;(3, 3);pick top rock;1;1018
;(9, 2);MoveSouthEast;(3, 3);pick top rock;1;1019
;(9, 2);MoveSouthEast;(3, 3);pick top rock;1;1020
;(9, 2);MoveSouthEast;(4, 4);pick top rock;1;1021
;(9, 2);MoveSouthEast;(4, 4);pick top rock;1;1022
;(9, 2);MoveSouthEast;(4, 4);pick top rock;1;1023
;(9, 2);MoveSouthEast;(4, 4);pick top rock;1;1024
;(9, 2);MoveSouthEast;(4, 4);pick top rock;1;1025
;(9, 2);MoveSouthEast;(4, 4);pick top rock;1;1026
;(9, 2);MoveSouthEast;(4, 4);pick top rock;1;1027
;(9, 2);MoveSouthEast;(4, 4);pick top rock;1;1028
;(9, 2);MoveSouthEast;(4, 4);pick top rock;1;1029
;(9, 2);MoveSouthEast;(4, 4);pick top rock;1;1030
;(9, 2);MoveSouthEast;(4, 4);pick top rock;1;1031
;(9, 2);MoveSouthEast;(5, 5);pick top rock;1;1032
;(9, 2);MoveSouthEast;(5, 5);pick top rock;1;1033
;(9, 2);MoveSouthEast;(5, 5);pick top rock;1;1034
;(9, 2);MoveSouthEast;(5, 5);pick top rock;1;1035
;(9, 2);MoveSouthEast;(5, 5);pick top rock;1;1036
;(9, 2);MoveSouthEast;(5, 5);pick top rock;1;1037
;(9, 2);MoveSouthEast;(5, 5);pick top rock;1;1038
;(9, 2);MoveSouthEast;(5, 5);pick top rock;1;1039
;(9, 2);MoveSouthEast;(5, 5);pick top rock;1;1040
;(9, 2);MoveSouthEast;(5, 5);pick top rock;1;1041
;(9, 2);MoveSouthEast;(5, 5);pick top rock;1;1042
;(9, 2);MoveSouthEast;(6, 6);pick top rock;1;1043
;(9, 2);GrabLargeObject;(6, 6);pick top rock;1;1044
;(9, 2);GrabLargeObject;(6, 6);pick top rock;1;1045
;(9, 2);GrabLargeObject;(6, 6);pick top rock;1;1046
;(9, 2);GrabLargeObject;(6, 6);pick top rock;1;1047
;(9, 2);GrabLargeObject;(6, 6);pick top rock;1;1048
;(9, 2);GrabLargeObject;(6, 6);pick top rock;1;1049
;(9, 2);GrabLargeObject;(6, 6);pick top rock;1;1050
;(9, 2);GrabLargeObject;(6, 6);pick top rock;1;1051
;(9, 2);GrabLargeObject;(6, 6);pick top rock;1;1052
;(9, 2);GrabLargeObject;(6, 6);pick top rock;1;1053
;(9, 2);GrabLargeObject;(6, 6);pick top rock;1;1054
;(9, 2);;(6, 6);pick top rock;1;1055
;(9, 2);;(6, 6);pick top rock;1;1056
;(9, 2);MoveNorthWest;(6, 6);pick top rock;1;1057
;(9, 2);MoveNorthWest;(6, 6);pick top rock;1;1058
;(9, 2);MoveNorthWest;(6, 6);pick top rock;1;1059
;(9, 2);MoveNorthWest;(6, 6);pick top rock;1;1060
;(9, 2);MoveNorthWest;(6, 6);pick top rock;1;1061
;(9, 2);MoveNorthWest;(6, 6);pick top rock;1;1062
;(9, 2);MoveNorthWest;(6, 6);pick top rock;1;1063
;(9, 2);MoveNorthWest;(6, 6);pick top rock;1;1064
;(9, 2);MoveNorthWest;(6, 6);pick top rock;1;1065
;(9, 2);MoveNorthWest;(6, 6);pick top rock;1;1066
;(9, 2);MoveNorthWest;(5, 5);pick top rock;1;1067
;(9, 2);MoveNorthWest;(5, 5);pick top rock;1;1068
;(9, 2);MoveNorthWest;(5, 5);pick top rock;1;1069
;(9, 2);MoveNorthWest;(5, 5);pick top rock;1;1070
;(9, 2);MoveNorthWest;(5, 5);pick top rock;1;1071
;(9, 2);MoveNorthWest;(5, 5);pick top rock;1;1072
;(9, 2);MoveNorthWest;(5, 5);pick top rock;1;1073
;(9, 2);MoveNorthWest;(5, 5);pick top rock;1;1074
;(9, 2);MoveNorthWest;(5, 5);pick top rock;1;1075
;(9, 2);MoveNorthWest;(5, 5);pick top rock;1;1076
;(9, 2);MoveNorthWest;(5, 5);pick top rock;1;1077
;(9, 2);MoveNorthWest;(4, 4);pick top rock;1;1078
;(9, 2);MoveNorthWest;(4, 4);pick top rock;1;1079
;(9, 2);MoveNorthWest;(4, 4);pick top rock;1;1080
;(9, 2);MoveNorthWest;(4, 4);pick top rock;1;1081
;(9, 2);MoveNorthWest;(4, 4);pick top rock;1;1082
;(9, 2);MoveNorthWest;(4, 4);pick top rock;1;1083
;(9, 2);MoveNorthWest;(4, 4);pick top rock;1;1084
;(9, 2);MoveNorthWest;(4, 4);pick top rock;1;1085
;(9, 2);MoveNorthWest;(4, 4);pick top rock;1;1086
;(9, 2);MoveNorthWest;(4, 4);pick top rock;1;1087
;(9, 2);MoveNorthWest;(4, 4);pick top rock;1;1088
;(9, 2);MoveNorthWest;(3, 3);pick top rock;1;1089
;(9, 2);MoveNorthWest;(3, 3);pick top rock;1;1090
;(9, 2);MoveNorthWest;(3, 3);pick top rock;1;1091
;(9, 2);MoveNorthWest;(3, 3);pick top rock;1;1092
;(9, 2);MoveNorthWest;(3, 3);pick top rock;1;1093
;(9, 2);MoveNorthWest;(3, 3);pick top rock;1;1094
;(9, 2);MoveNorthWest;(3, 3);pick top rock;1;1095
;(9, 2);MoveNorthWest;(3, 3);pick top rock;1;1096
;(9, 2);MoveNorthWest;(3, 3);pick top rock;1;1097
;(9, 2);MoveNorthWest;(3, 3);pick top rock;1;1098
;(9, 2);MoveNorthWest;(3, 3);pick top rock;1;1099
;(9, 2);MoveNorthWest;(2, 2);pick top rock;1;1100
;(9, 2);MoveNorthWest;(2, 2);pick top rock;1;1101
;(9, 2);MoveNorthWest;(2, 2);pick top rock;1;1102
;(9, 2);MoveNorthWest;(2, 2);pick top rock;1;1103
;(9, 2);MoveNorthWest;(2, 2);pick top rock;1;1104
;(9, 2);MoveNorthWest;(2, 2);pick top rock;1;1105
;(9, 2);MoveNorthWest;(2, 2);pick top rock;1;1106
;(9, 2);MoveNorthWest;(2, 2);pick top rock;1;1107
;(9, 2);MoveNorthWest;(2, 2);pick top rock;1;1108
;(9, 2);MoveNorthWest;(2, 2);pick top rock;1;1109
;(9, 2);MoveNorthWest;(2, 2);pick top rock;1;1110
;(9, 2);MoveNorthWest;(1, 1);pick top rock;1;1111
;(9, 2);MoveNorth;(1, 1);pick top rock;1;1112
;(9, 2);MoveNorth;(1, 1);pick top rock;1;1113
;(9, 2);MoveNorth;(1, 1);pick top rock;1;1114
;(9, 2);MoveNorth;(1, 1);pick top rock;1;1115
;(9, 2);MoveNorth;(1, 1);pick top rock;1;1116
;(9, 2);MoveNorth;(1, 1);pick top rock;1;1117
;(9, 2);MoveNorth;(1, 1);pick top rock;1;1118
;(9, 2);MoveNorth;(1, 1);pick top rock;1;1119
;(9, 2);MoveNorth;(1, 1);pick top rock;1;1120
;(9, 2);MoveNorth;(1, 1);pick top rock;1;1121
;(9, 2);MoveNorth;(1, 0);pick top rock;1;1122
;(9, 2);DropLargeObject;(1, 0);pick top rock;1;1123
;(9, 2);DropLargeObject;(1, 0);pick top rock;1;1124
;(9, 2);DropLargeObject;(1, 0);pick top rock;1;1125
;(9, 2);DropLargeObject;(1, 0);pick top rock;1;1126
;(9, 2);DropLargeObject;(1, 0);pick top rock;1;1127
;(9, 2);DropLargeObject;(1, 0);pick top rock;1;1128
;(9, 2);DropLargeObject;(1, 0);pick top rock;1;1129
;(9, 2);DropLargeObject;(1, 0);pick top rock;1;1130
;(9, 2);DropLargeObject;(1, 0);pick top rock;1;1131
;(9, 2);DropLargeObject;(1, 0);pick top rock;1;1132
;(9, 2);DropLargeObject;(1, 0);pick top rock;1;1133
;(9, 2);;(1, 0);pick top rock;1;1134
;(9, 2);;(1, 0);pick top rock;1;1135
;(9, 2);;(1, 0);pick top rock;1;1136
;(9, 2);MoveSouthEast;(1, 0);pick top rock;1;1137
;(9, 2);MoveSouthEast;(1, 0);pick top rock;1;1138
;(9, 2);MoveSouthEast;(1, 0);pick top rock;1;1139
;(9, 2);MoveSouthEast;(1, 0);pick top rock;1;1140
;(9, 2);MoveSouthEast;(1, 0);pick top rock;1;1141
;(9, 2);MoveSouthEast;(1, 0);pick top rock;1;1142
;(9, 2);MoveSouthEast;(1, 0);pick top rock;1;1143
;(9, 2);MoveSouthEast;(1, 0);pick top rock;1;1144
;(9, 2);MoveSouthEast;(1, 0);pick top rock;1;1145
;(9, 2);MoveSouthEast;(1, 0);pick top rock;1;1146
;(9, 2);MoveSouthEast;(2, 1);pick top rock;1;1147
;(9, 2);MoveEast;(2, 1);pick top rock;1;1148
;(9, 2);MoveEast;(2, 1);pick top rock;1;1149
;(9, 2);MoveEast;(2, 1);pick top rock;1;1150
;(9, 2);MoveEast;(2, 1);pick top rock;1;1151
;(9, 2);MoveEast;(2, 1);pick top rock;1;1152
;(9, 2);MoveEast;(2, 1);pick top rock;1;1153
;(9, 2);MoveEast;(2, 1);pick top rock;1;1154
;(9, 2);MoveEast;(2, 1);pick top rock;1;1155
;(9, 2);MoveEast;(2, 1);pick top rock;1;1156
;(9, 2);MoveEast;(2, 1);pick top rock;1;1157
;(9, 2);MoveEast;(3, 1);pick top rock;1;1158
;(9, 2);MoveSouthEast;(3, 1);pick top rock;1;1159
;(9, 2);MoveSouthEast;(3, 1);pick top rock;1;1160
;(9, 2);MoveSouthEast;(3, 1);pick top rock;1;1161
;(9, 2);MoveSouthEast;(3, 1);pick top rock;1;1162
;(9, 2);MoveSouthEast;(3, 1);pick top rock;1;1163
;(9, 2);MoveSouthEast;(3, 1);pick top rock;1;1164
;(9, 2);MoveSouthEast;(3, 1);pick top rock;1;1165
;(9, 2);MoveSouthEast;(3, 1);pick top rock;1;1166
;(9, 2);MoveSouthEast;(3, 1);pick top rock;1;1167
;(9, 2);MoveSouthEast;(3, 1);pick top rock;1;1168
;(9, 2);MoveSouthEast;(4, 2);pick top rock;1;1169
;(9, 2);MoveEast;(4, 2);pick top rock;1;1170
;(9, 2);MoveEast;(4, 2);pick top rock;1;1171
;(9, 2);MoveEast;(4, 2);pick top rock;1;1172
;(9, 2);MoveEast;(4, 2);pick top rock;1;1173
;(9, 2);MoveEast;(4, 2);pick top rock;1;1174
;(9, 2);MoveEast;(4, 2);pick top rock;1;1175
;(9, 2);MoveEast;(4, 2);pick top rock;1;1176
;(9, 2);MoveEast;(4, 2);pick top rock;1;1177
;(9, 2);MoveEast;(4, 2);pick top rock;1;1178
;(9, 2);MoveEast;(4, 2);pick top rock;1;1179
;(9, 2);MoveEast;(5, 2);pick top rock;1;1180
;(9, 2);MoveSouthEast;(5, 2);pick top rock;1;1181
;(9, 2);MoveSouthEast;(5, 2);pick top rock;1;1182
;(9, 2);MoveSouthEast;(5, 2);pick top rock;1;1183
;(9, 2);MoveSouthEast;(5, 2);pick top rock;1;1184
;(9, 2);MoveSouthEast;(5, 2);pick top rock;1;1185
;(9, 2);MoveSouthEast;(5, 2);pick top rock;1;1186
;(9, 2);MoveSouthEast;(5, 2);pick top rock;1;1187
;(9, 2);MoveSouthEast;(5, 2);pick top rock;1;1188
;(9, 2);MoveSouthEast;(5, 2);pick top rock;1;1189
;(9, 2);MoveSouthEast;(5, 2);pick top rock;1;1190
;(9, 2);MoveSouthEast;(6, 3);pick top rock;1;1191
;(9, 2);MoveEast;(6, 3);pick top rock;1;1192
;(9, 2);MoveEast;(6, 3);pick top rock;1;1193
;(9, 2);MoveEast;(6, 3);pick top rock;1;1194
;(9, 2);MoveEast;(6, 3);pick top rock;1;1195
;(9, 2);MoveEast;(6, 3);pick top rock;1;1196
;(9, 2);MoveEast;(6, 3);pick top rock;1;1197
;(9, 2);MoveEast;(6, 3);pick top rock;1;1198
;(9, 2);MoveEast;(6, 3);pick top rock;1;1199
;(9, 2);MoveEast;(6, 3);pick top rock;1;1200
;(9, 2);MoveEast;(6, 3);pick top rock;1;1201
;(9, 2);MoveEast;(7, 3);pick top rock;1;1202
;(9, 2);MoveEast;(7, 3);pick top rock;1;1203
;(9, 2);MoveEast;(7, 3);pick top rock;1;1204
;(9, 2);MoveEast;(7, 3);pick top rock;1;1205
;(9, 2);MoveEast;(7, 3);pick top rock;1;1206
;(9, 2);MoveEast;(7, 3);pick top rock;1;1207
;(9, 2);MoveEast;(7, 3);pick top rock;1;1208
;(9, 2);MoveEast;(7, 3);pick top rock;1;1209
;(9, 2);MoveEast;(7, 3);pick top rock;1;1210
;(9, 2);MoveEast;(7, 3);pick top rock;1;1211
;(9, 2);MoveEast;(7, 3);pick top rock;1;1212
;(9, 2);MoveEast;(8, 3);pick top rock;1;1213
;(9, 2);MoveSouthEast;(8, 3);pick top rock;1;1214
;(9, 2);MoveSouthEast;(8, 3);pick top rock;1;1215
;(9, 2);MoveSouthEast;(8, 3);pick top rock;1;1216
;(9, 2);MoveSouthEast;(8, 3);pick top rock;1;1217
;(9, 2);MoveSouthEast;(8, 3);pick top rock;1;1218
;(9, 2);MoveSouthEast;(8, 3);pick top rock;1;1219
;(9, 2);MoveSouthEast;(8, 3);pick top rock;1;1220
;(9, 2);MoveSouthEast;(8, 3);pick top rock;1;1221
;(9, 2);MoveSouthEast;(8, 3);pick top rock;1;1222
;(9, 2);MoveSouthEast;(8, 3);pick top rock;1;1223
;(9, 2);MoveSouthEast;(9, 4);pick top rock;1;1224
;(9, 2);GrabLargeObject;(9, 4);pick top rock;1;1225
;(9, 2);GrabLargeObject;(9, 4);pick top rock;1;1226
;(9, 2);GrabLargeObject;(9, 4);pick top rock;1;1227
;(9, 2);GrabLargeObject;(9, 4);pick top rock;1;1228
;(9, 2);GrabLargeObject;(9, 4);pick top rock;1;1229
;(9, 2);GrabLargeObject;(9, 4);pick top rock;1;1230
;(9, 2);GrabLargeObject;(9, 4);pick top rock;1;1231
;(9, 2);GrabLargeObject;(9, 4);pick top rock;1;1232
;(9, 2);GrabLargeObject;(9, 4);pick top rock;1;1233
;(9, 2);GrabLargeObject;(9, 4);pick top rock;1;1234
;(9, 2);GrabLargeObject;(9, 4);pick top rock;1;1235
;(9, 2);;(9, 4);pick top rock;1;1236
;(9, 2);;(9, 4);pick top rock;1;1237
;(9, 2);;(9, 4);pick top rock;1;1238
;(9, 2);MoveWest;(9, 4);pick top rock;1;1239
;(9, 2);MoveWest;(9, 4);pick top rock;1;1240
;(9, 2);MoveWest;(9, 4);pick top rock;1;1241
;(9, 2);MoveWest;(9, 4);pick top rock;1;1242
;(9, 2);MoveWest;(9, 4);pick top rock;1;1243
;(9, 2);MoveWest;(9, 4);pick top rock;1;1244
;(9, 2);MoveWest;(9, 4);pick top rock;1;1245
;(9, 2);MoveWest;(9, 4);pick top rock;1;1246
;(9, 2);MoveWest;(9, 4);pick top rock;1;1247
;(9, 2);MoveWest;(9, 4);pick top rock;1;1248
;(9, 2);MoveWest;(8, 4);pick top rock;1;1249
;(9, 2);MoveWest;(8, 4);pick top rock;1;1250
;(9, 2);MoveWest;(8, 4);pick top rock;1;1251
;(9, 2);MoveWest;(8, 4);pick top rock;1;1252
;(9, 2);MoveWest;(8, 4);pick top rock;1;1253
;(9, 2);MoveWest;(8, 4);pick top rock;1;1254
;(9, 2);MoveWest;(8, 4);pick top rock;1;1255
;(9, 2);MoveWest;(8, 4);pick top rock;1;1256
;(9, 2);MoveWest;(8, 4);pick top rock;1;1257
;(9, 2);MoveWest;(8, 4);pick top rock;1;1258
;(9, 2);MoveWest;(8, 4);pick top rock;1;1259
;(9, 2);MoveWest;(7, 4);pick top rock;1;1260
;(9, 2);MoveWest;(7, 4);pick top rock;1;1261
;(9, 2);MoveWest;(7, 4);pick top rock;1;1262
;(9, 2);MoveWest;(7, 4);pick top rock;1;1263
;(9, 2);MoveWest;(7, 4);pick top rock;1;1264
;(9, 2);MoveWest;(7, 4);pick top rock;1;1265
;(9, 2);MoveWest;(7, 4);pick top rock;1;1266
;(9, 2);MoveWest;(7, 4);pick top rock;1;1267
;(9, 2);MoveWest;(7, 4);pick top rock;1;1268
;(9, 2);MoveWest;(7, 4);pick top rock;1;1269
;(9, 2);MoveWest;(7, 4);pick top rock;1;1270
;(9, 2);MoveWest;(6, 4);pick top rock;1;1271
;(9, 2);MoveWest;(6, 4);pick top rock;1;1272
;(9, 2);MoveWest;(6, 4);pick top rock;1;1273
;(9, 2);MoveWest;(6, 4);pick top rock;1;1274
;(9, 2);MoveWest;(6, 4);pick top rock;1;1275
;(9, 2);MoveWest;(6, 4);pick top rock;1;1276
;(9, 2);MoveWest;(6, 4);pick top rock;1;1277
;(9, 2);MoveWest;(6, 4);pick top rock;1;1278
;(9, 2);MoveWest;(6, 4);pick top rock;1;1279
;(9, 2);MoveWest;(6, 4);pick top rock;1;1280
;(9, 2);MoveWest;(6, 4);pick top rock;1;1281
;(9, 2);MoveWest;(5, 4);pick top rock;1;1282
;(9, 2);MoveWest;(5, 4);pick top rock;1;1283
;(9, 2);MoveWest;(5, 4);pick top rock;1;1284
;(9, 2);MoveWest;(5, 4);pick top rock;1;1285
;(9, 2);MoveWest;(5, 4);pick top rock;1;1286
;(9, 2);MoveWest;(5, 4);pick top rock;1;1287
;(9, 2);MoveWest;(5, 4);pick top rock;1;1288
;(9, 2);MoveWest;(5, 4);pick top rock;1;1289
;(9, 2);MoveWest;(5, 4);pick top rock;1;1290
;(9, 2);MoveWest;(5, 4);pick top rock;1;1291
;(9, 2);MoveWest;(5, 4);pick top rock;1;1292
;(9, 2);MoveWest;(4, 4);pick top rock;1;1293
;(9, 2);MoveWest;(4, 4);pick top rock;1;1294
;(9, 2);MoveWest;(4, 4);pick top rock;1;1295
;(9, 2);MoveWest;(4, 4);pick top rock;1;1296
;(9, 2);MoveWest;(4, 4);pick top rock;1;1297
;(9, 2);MoveWest;(4, 4);pick top rock;1;1298
;(9, 2);MoveWest;(4, 4);pick top rock;1;1299
;(9, 2);MoveWest;(4, 4);pick top rock;1;1300
;(9, 2);MoveWest;(4, 4);pick top rock;1;1301
;(9, 2);MoveWest;(4, 4);pick top rock;1;1302
;(9, 2);MoveWest;(4, 4);pick top rock;1;1303
;(9, 2);MoveWest;(3, 4);pick top rock;1;1304
;(9, 2);MoveNorthWest;(3, 4);pick top rock;1;1305
;(9, 2);MoveNorthWest;(3, 4);pick top rock;1;1306
;(9, 2);MoveNorthWest;(3, 4);pick top rock;1;1307
;(9, 2);MoveNorthWest;(3, 4);pick top rock;1;1308
;(9, 2);MoveNorthWest;(3, 4);pick top rock;1;1309
;(9, 2);MoveNorthWest;(3, 4);pick top rock;1;1310
;(9, 2);MoveNorthWest;(3, 4);pick top rock;1;1311
;(9, 2);MoveNorthWest;(3, 4);pick top rock;1;1312
;(9, 2);MoveNorthWest;(3, 4);pick top rock;1;1313
;(9, 2);MoveNorthWest;(3, 4);pick top rock;1;1314
;(9, 2);MoveNorthWest;(2, 3);pick top rock;1;1315
;(9, 2);MoveWest;(2, 3);pick top rock;1;1316
;(9, 2);MoveWest;(2, 3);pick top rock;1;1317
;(9, 2);MoveWest;(2, 3);pick top rock;1;1318
;(9, 2);MoveWest;(2, 3);pick top rock;1;1319
;(9, 2);MoveWest;(2, 3);pick top rock;1;1320
;(9, 2);MoveWest;(2, 3);pick top rock;1;1321
;(9, 2);MoveWest;(2, 3);pick top rock;1;1322
;(9, 2);MoveWest;(2, 3);pick top rock;1;1323
;(9, 2);MoveWest;(2, 3);pick top rock;1;1324
;(9, 2);MoveWest;(2, 3);pick top rock;1;1325
;(9, 2);MoveWest;(1, 3);pick top rock;1;1326
;(9, 2);DropLargeObject;(1, 3);pick top rock;1;1327
;(9, 2);DropLargeObject;(1, 3);pick top rock;1;1328
;(9, 2);DropLargeObject;(1, 3);pick top rock;1;1329
;(9, 2);DropLargeObject;(1, 3);pick top rock;1;1330
;(9, 2);DropLargeObject;(1, 3);pick top rock;1;1331
;(9, 2);DropLargeObject;(1, 3);pick top rock;1;1332
;(9, 2);DropLargeObject;(1, 3);pick top rock;1;1333
;(9, 2);DropLargeObject;(1, 3);pick top rock;1;1334
;(9, 2);DropLargeObject;(1, 3);pick top rock;1;1335
;(9, 2);DropLargeObject;(1, 3);pick top rock;1;1336
;(9, 2);DropLargeObject;(1, 3);pick top rock;1;1337
;(9, 2);;(1, 3);pick top rock;1;1338
;(9, 2);;(1, 3);pick top rock;1;1339
;(9, 2);;(1, 3);pick top rock;1;1340
;(9, 2);MoveSouthEast;(1, 3);pick top rock;1;1341
;(9, 2);MoveSouthEast;(1, 3);pick top rock;1;1342
;(9, 2);MoveSouthEast;(1, 3);pick top rock;1;1343
;(9, 2);MoveSouthEast;(1, 3);pick top rock;1;1344
;(9, 2);MoveSouthEast;(1, 3);pick top rock;1;1345
;(9, 2);MoveSouthEast;(1, 3);pick top rock;1;1346
;(9, 2);MoveSouthEast;(1, 3);pick top rock;1;1347
;(9, 2);MoveSouthEast;(1, 3);pick top rock;1;1348
;(9, 2);MoveSouthEast;(1, 3);pick top rock;1;1349
;(9, 2);MoveSouthEast;(1, 3);pick top rock;1;1350
;(9, 2);MoveSouthEast;(2, 4);pick top rock;1;1351
;(9, 2);MoveSouthEast;(2, 4);pick top rock;1;1352
;(9, 2);MoveSouthEast;(2, 4);pick top rock;1;1353
;(9, 2);MoveSouthEast;(2, 4);pick top rock;1;1354
;(9, 2);MoveSouthEast;(2, 4);pick top rock;1;1355
;(9, 2);MoveSouthEast;(2, 4);pick top rock;1;1356
;(9, 2);MoveSouthEast;(2, 4);pick top rock;1;1357
;(9, 2);MoveSouthEast;(2, 4);pick top rock;1;1358
;(9, 2);MoveSouthEast;(2, 4);pick top rock;1;1359
;(9, 2);MoveSouthEast;(2, 4);pick top rock;1;1360
;(9, 2);MoveSouthEast;(2, 4);pick top rock;1;1361
;(9, 2);MoveSouthEast;(3, 5);pick top rock;1;1362
;(9, 2);MoveSouthEast;(3, 5);pick top rock;1;1363
;(9, 2);MoveSouthEast;(3, 5);pick top rock;1;1364
;(9, 2);MoveSouthEast;(3, 5);pick top rock;1;1365
;(9, 2);MoveSouthEast;(3, 5);pick top rock;1;1366
;(9, 2);MoveSouthEast;(3, 5);pick top rock;1;1367
;(9, 2);MoveSouthEast;(3, 5);pick top rock;1;1368
;(9, 2);MoveSouthEast;(3, 5);pick top rock;1;1369
;(9, 2);MoveSouthEast;(3, 5);pick top rock;1;1370
;(9, 2);MoveSouthEast;(3, 5);pick top rock;1;1371
;(9, 2);MoveSouthEast;(3, 5);pick top rock;1;1372
;(9, 2);MoveSouthEast;(4, 6);pick top rock;1;1373
;(9, 2);MoveSouthEast;(4, 6);pick top rock;1;1374
;(9, 2);MoveSouthEast;(4, 6);pick top rock;1;1375
;(9, 2);MoveSouthEast;(4, 6);pick top rock;1;1376
;(9, 2);MoveSouthEast;(4, 6);pick top rock;1;1377
;(9, 2);MoveSouthEast;(4, 6);pick top rock;1;1378
;(9, 2);MoveSouthEast;(4, 6);pick top rock;1;1379
;(9, 2);MoveSouthEast;(4, 6);pick top rock;1;1380
;(9, 2);MoveSouthEast;(4, 6);pick top rock;1;1381
;(9, 2);MoveSouthEast;(4, 6);pick top rock;1;1382
;(9, 2);MoveSouthEast;(4, 6);pick top rock;1;1383
;(9, 2);MoveSouthEast;(5, 7);pick top rock;1;1384
;(9, 2);MoveSouthEast;(5, 7);pick top rock;1;1385
;(9, 2);MoveSouthEast;(5, 7);pick top rock;1;1386
;(9, 2);MoveSouthEast;(5, 7);pick top rock;1;1387
;(9, 2);MoveSouthEast;(5, 7);pick top rock;1;1388
;(9, 2);MoveSouthEast;(5, 7);pick top rock;1;1389
;(9, 2);MoveSouthEast;(5, 7);pick top rock;1;1390
;(9, 2);MoveSouthEast;(5, 7);pick top rock;1;1391
;(9, 2);MoveSouthEast;(5, 7);pick top rock;1;1392
;(9, 2);MoveSouthEast;(5, 7);pick top rock;1;1393
;(9, 2);MoveSouthEast;(5, 7);pick top rock;1;1394
;(9, 2);MoveSouthEast;(6, 8);pick top rock;1;1395
;(9, 2);GrabLargeObject;(6, 8);pick top rock;1;1396
;(9, 2);GrabLargeObject;(6, 8);pick top rock;1;1397
;(9, 2);GrabLargeObject;(6, 8);pick top rock;1;1398
;(9, 2);GrabLargeObject;(6, 8);pick top rock;1;1399
;(9, 2);GrabLargeObject;(6, 8);pick top rock;1;1400
;(9, 2);GrabLargeObject;(6, 8);pick top rock;1;1401
;(9, 2);GrabLargeObject;(6, 8);pick top rock;1;1402
;(9, 2);GrabLargeObject;(6, 8);pick top rock;1;1403
;(9, 2);GrabLargeObject;(6, 8);pick top rock;1;1404
;(9, 2);GrabLargeObject;(6, 8);pick top rock;1;1405
;(9, 2);GrabLargeObject;(6, 8);pick top rock;1;1406
;(9, 2);;(6, 8);pick top rock;1;1407
;(9, 2);;(6, 8);pick top rock;1;1408
;(9, 2);;(6, 8);pick top rock;1;1409
;(9, 2);MoveWest;(6, 8);pick top rock;1;1410
;(9, 2);MoveWest;(6, 8);pick top rock;1;1411
;(9, 2);MoveWest;(6, 8);pick top rock;1;1412
;(9, 2);MoveWest;(6, 8);pick top rock;1;1413
;(9, 2);MoveWest;(6, 8);pick top rock;1;1414
;(9, 2);MoveWest;(6, 8);pick top rock;1;1415
;(9, 2);MoveWest;(6, 8);pick top rock;1;1416
;(9, 2);MoveWest;(6, 8);pick top rock;1;1417
;(9, 2);MoveWest;(6, 8);pick top rock;1;1418
;(9, 2);MoveWest;(6, 8);pick top rock;1;1419
MoveSouth;(9, 3);MoveWest;(5, 8);pick top rock;1;1420
;(9, 3);MoveNorthWest;(5, 8);pick top rock;1;1421
;(9, 3);MoveNorthWest;(5, 8);pick top rock;1;1422
MoveSouth;(9, 4);MoveNorthWest;(5, 8);pick top rock;1;1423
;(9, 4);MoveNorthWest;(5, 8);pick top rock;1;1424
;(9, 4);MoveNorthWest;(5, 8);pick top rock;1;1425
MoveSouth;(9, 5);MoveNorthWest;(5, 8);pick top rock;1;1426
;(9, 5);MoveNorthWest;(5, 8);pick top rock;1;1427
;(9, 5);MoveNorthWest;(5, 8);pick top rock;1;1428
;(9, 5);MoveNorthWest;(5, 8);pick top rock;1;1429
MoveSouth;(9, 6);MoveNorthWest;(5, 8);pick top rock;1;1430
;(9, 6);MoveNorthWest;(4, 7);pick top rock;1;1431
;(9, 6);MoveWest;(4, 7);pick top rock;1;1432
;(9, 6);MoveWest;(4, 7);pick top rock;1;1433
MoveSouth;(9, 7);MoveWest;(4, 7);pick top rock;1;1434
;(9, 7);MoveWest;(4, 7);pick top rock;1;1435
;(9, 7);MoveWest;(4, 7);pick top rock;1;1436
MoveSouth;(9, 8);MoveWest;(4, 7);pick top rock;1;1437
;(9, 8);MoveWest;(4, 7);pick top rock;1;1438
;(9, 8);MoveWest;(4, 7);pick top rock;1;1439
;(9, 8);MoveWest;(4, 7);pick top rock;1;1440
MoveSouth;(9, 9);MoveWest;(4, 7);pick top rock;1;1441
;(9, 9);MoveWest;(3, 7);pick top rock;1;1442
;(9, 9);DropLargeObject;(3, 7);pick top rock;1;1443
;(9, 9);DropLargeObject;(3, 7);pick top rock;1;1444
MoveSouth;(9, 10);DropLargeObject;(3, 7);pick top rock;1;1445
;(9, 10);DropLargeObject;(3, 7);pick top rock;1;1446
;(9, 10);DropLargeObject;(3, 7);pick top rock;1;1447
;(9, 10);DropLargeObject;(3, 7);pick top rock;1;1448
;(9, 10);DropLargeObject;(3, 7);pick top rock;1;1449
;(9, 10);DropLargeObject;(3, 7);pick top rock;1;1450
;(9, 10);DropLargeObject;(3, 7);pick top rock;1;1451
;(9, 10);DropLargeObject;(3, 7);pick top rock;1;1452
;(9, 10);DropLargeObject;(3, 7);pick top rock;1;1453
;(9, 10);;(3, 7);pick top rock;1;1454
;(9, 10);;(3, 7);pick top rock;1;1455
;(9, 10);;(3, 7);pick top rock;1;1456
GrabObject;(9, 10);MoveEast;(3, 7);pick top rock;1;1457
;(9, 10);MoveEast;(3, 7);pick top rock;1;1458
MoveWest;(8, 10);MoveEast;(3, 7);pick top rock;1;1459
;(8, 10);MoveEast;(3, 7);pick top rock;1;1460
;(8, 10);MoveEast;(3, 7);pick top rock;1;1461
MoveWest;(7, 10);MoveEast;(3, 7);pick top rock;1;1462
;(7, 10);MoveEast;(3, 7);pick top rock;1;1463
;(7, 10);MoveEast;(3, 7);pick top rock;1;1464
;(7, 10);MoveEast;(3, 7);pick top rock;1;1465
MoveWest;(6, 10);MoveEast;(3, 7);pick top rock;1;1466
;(6, 10);MoveEast;(4, 7);pick top rock;1;1467
;(6, 10);MoveEast;(4, 7);pick top rock;1;1468
;(6, 10);MoveEast;(4, 7);pick top rock;1;1469
;(6, 10);MoveEast;(4, 7);pick top rock;1;1470
;(6, 10);MoveEast;(4, 7);pick top rock;1;1471
;(6, 10);MoveEast;(4, 7);pick top rock;1;1472
;(6, 10);MoveEast;(4, 7);pick top rock;1;1473
;(6, 10);MoveEast;(4, 7);pick top rock;1;1474
;(6, 10);MoveEast;(4, 7);pick top rock;1;1475
;(6, 10);MoveEast;(4, 7);pick top rock;1;1476
;(6, 10);MoveEast;(4, 7);pick top rock;1;1477
;(6, 10);MoveEast;(5, 7);pick top rock;1;1478
MoveWest;(5, 10);MoveEast;(5, 7);pick top rock;1;1479
;(5, 10);MoveEast;(5, 7);pick top rock;1;1480
;(5, 10);MoveEast;(5, 7);pick top rock;1;1481
MoveWest;(4, 10);MoveEast;(5, 7);pick top rock;1;1482
;(4, 10);MoveEast;(5, 7);pick top rock;1;1483
;(4, 10);MoveEast;(5, 7);pick top rock;1;1484
;(4, 10);MoveEast;(5, 7);pick top rock;1;1485
;(4, 10);MoveEast;(5, 7);pick top rock;1;1486
;(4, 10);MoveEast;(5, 7);pick top rock;1;1487
DropObject;(4, 10);MoveEast;(5, 7);pick top rock;1;1488
;(4, 10);MoveEast;(6, 7);pick top rock;1;1489
;(4, 10);MoveEast;(6, 7);pick top rock;1;1490
MoveEast;(5, 10);MoveEast;(6, 7);pick top rock;1;1491
;(5, 10);MoveEast;(6, 7);pick top rock;1;1492
;(5, 10);MoveEast;(6, 7);pick top rock;1;1493
;(5, 10);MoveEast;(6, 7);pick top rock;1;1494
MoveEast;(6, 10);MoveEast;(6, 7);pick top rock;1;1495
;(6, 10);MoveEast;(6, 7);pick top rock;1;1496
;(6, 10);MoveEast;(6, 7);pick top rock;1;1497
;(6, 10);MoveEast;(6, 7);pick top rock;1;1498
MoveEast;(7, 10);MoveEast;(6, 7);pick top rock;1;1499
;(7, 10);MoveEast;(7, 7);pick top rock;1;1500
;(7, 10);MoveNorthEast;(7, 7);pick top rock;1;1501
;(7, 10);MoveNorthEast;(7, 7);pick top rock;1;1502
MoveEast;(8, 10);MoveNorthEast;(7, 7);pick top rock;1;1503
;(8, 10);MoveNorthEast;(7, 7);pick top rock;1;1504
;(8, 10);MoveNorthEast;(7, 7);pick top rock;1;1505
;(8, 10);MoveNorthEast;(7, 7);pick top rock;1;1506
;(8, 10);MoveNorthEast;(7, 7);pick top rock;1;1507
;(8, 10);MoveNorthEast;(7, 7);pick top rock;1;1508
;(8, 10);MoveNorthEast;(7, 7);pick top rock;1;1509
;(8, 10);MoveNorthEast;(7, 7);pick top rock;1;1510
;(8, 10);MoveNorthEast;(8, 6);pick top rock;1;1511
MoveNorth;(8, 9);MoveEast;(8, 6);pick top rock;1;1512
;(8, 9);MoveEast;(8, 6);pick top rock;1;1513
;(8, 9);MoveEast;(8, 6);pick top rock;1;1514
;(8, 9);MoveEast;(8, 6);pick top rock;1;1515
;(8, 9);MoveEast;(8, 6);pick top rock;1;1516
;(8, 9);MoveEast;(8, 6);pick top rock;1;1517
;(8, 9);MoveEast;(8, 6);pick top rock;1;1518
;(8, 9);MoveEast;(8, 6);pick top rock;1;1519
;(8, 9);MoveEast;(8, 6);pick top rock;1;1520
;(8, 9);MoveEast;(8, 6);pick top rock;1;1521
;(8, 9);MoveEast;(9, 6);pick top rock;1;1522
;(8, 9);MoveNorthEast;(9, 6);pick top rock;1;1523
GrabObject;(8, 9);MoveNorthEast;(9, 6);pick top rock;1;1524
;(8, 9);MoveNorthEast;(9, 6);pick top rock;1;1525
MoveWest;(7, 9);MoveNorthEast;(9, 6);pick top rock;1;1526
;(7, 9);MoveNorthEast;(9, 6);pick top rock;1;1527
;(7, 9);MoveNorthEast;(9, 6);pick top rock;1;1528
MoveWest;(6, 9);MoveNorthEast;(9, 6);pick top rock;1;1529
;(6, 9);MoveNorthEast;(9, 6);pick top rock;1;1530
;(6, 9);MoveNorthEast;(9, 6);pick top rock;1;1531
MoveNorth;(6, 8);MoveNorthEast;(9, 6);pick top rock;1;1532
;(6, 8);MoveNorthEast;(10, 5);pick top rock;1;1533
;(6, 8);MoveEast;(10, 5);pick top rock;1;1534
;(6, 8);MoveEast;(10, 5);pick top rock;1;1535
;(6, 8);MoveEast;(10, 5);pick top rock;1;1536
MoveWest;(5, 8);MoveEast;(10, 5);pick top rock;1;1537
;(5, 8);MoveEast;(10, 5);pick top rock;1;1538
;(5, 8);MoveEast;(10, 5);pick top rock;1;1539
;(5, 8);MoveEast;(10, 5);pick top rock;1;1540
MoveWest;(4, 8);MoveEast;(10, 5);pick top rock;1;1541
;(4, 8);MoveEast;(10, 5);pick top rock;1;1542
;(4, 8);MoveEast;(10, 5);pick top rock;1;1543
;(4, 8);MoveEast;(11, 5);pick top rock;1;1544
MoveWest;(3, 8);GrabLargeObject;(11, 5);pick top rock;1;1545
;(3, 8);GrabLargeObject;(11, 5);pick top rock;1;1546
;(3, 8);GrabLargeObject;(11, 5);pick top rock;1;1547
;(3, 8);GrabLargeObject;(11, 5);pick top rock;1;1548
DropObject;(3, 8);GrabLargeObject;(11, 5);pick top rock;1;1549
;(3, 8);GrabLargeObject;(11, 5);pick top rock;1;1550
;(3, 8);GrabLargeObject;(11, 5);pick top rock;1;1551
;(3, 8);GrabLargeObject;(11, 5);pick top rock;1;1552
MoveEast;(4, 8);GrabLargeObject;(11, 5);pick top rock;1;1553
;(4, 8);GrabLargeObject;(11, 5);pick top rock;1;1554
;(4, 8);GrabLargeObject;(11, 5);pick top rock;1;1555
;(4, 8);;(11, 5);pick top rock;1;1556
;(4, 8);;(11, 5);False;1;1557
;(4, 8);Idle;(11, 5);False;1;1558
;(4, 8);Idle;(11, 5);False;1;1559
;(4, 8);Idle;(11, 5);False;1;1560
;(4, 8);Idle;(11, 5);False;1;1561
;(4, 8);Idle;(11, 5);False;1;1562
;(4, 8);Idle;(11, 5);False;1;1563
MoveEast;(5, 8);Idle;(11, 5);False;1;1564
;(5, 8);Idle;(11, 5);False;1;1565
MoveEast;(6, 8);Idle;(11, 5);False;1;1566
;(6, 8);Idle;(11, 5);False;1;1567
;(6, 8);Idle;(11, 5);False;1;1568
;(6, 8);Idle;(11, 5);False;1;1569
;(6, 8);Idle;(11, 5);False;1;1570
;(6, 8);Idle;(11, 5);False;1;1571
MoveEast;(7, 8);Idle;(11, 5);False;1;1572
;(7, 8);Idle;(11, 5);False;1;1573
;(7, 8);Idle;(11, 5);False;1;1574
;(7, 8);Idle;(11, 5);False;1;1575
;(7, 8);Idle;(11, 5);False;1;1576
;(7, 8);Idle;(11, 5);False;1;1577
MoveSouth;(7, 9);Idle;(11, 5);False;1;1578
;(7, 9);Idle;(11, 5);False;1;1579
;(7, 9);Idle;(11, 5);False;1;1580
;(7, 9);Idle;(11, 5);False;1;1581
;(7, 9);Idle;(11, 5);False;1;1582
;(7, 9);Idle;(11, 5);False;1;1583
;(7, 9);Idle;(11, 5);False;1;1584
;(7, 9);Idle;(11, 5);False;1;1585
;(7, 9);Idle;(11, 5);False;1;1586
;(7, 9);Idle;(11, 5);False;1;1587
GrabObject;(7, 9);Idle;(11, 5);False;1;1588
;(7, 9);Idle;(11, 5);False;1;1589
;(7, 9);Idle;(11, 5);False;1;1590
;(7, 9);Idle;(11, 5);False;1;1591
;(7, 9);Idle;(11, 5);False;1;1592
;(7, 9);Idle;(11, 5);False;1;1593
;(7, 9);Idle;(11, 5);False;1;1594
;(7, 9);Idle;(11, 5);False;1;1595
;(7, 9);Idle;(11, 5);False;1;1596
;(7, 9);Idle;(11, 5);False;1;1597
;(7, 9);Idle;(11, 5);False;1;1598
;(7, 9);Idle;(11, 5);False;1;1599
MoveWest;(6, 9);Idle;(11, 5);False;1;1600
;(6, 9);Idle;(11, 5);False;1;1601
;(6, 9);Idle;(11, 5);False;1;1602
MoveWest;(5, 9);Idle;(11, 5);False;1;1603
MoveNorth;(5, 8);Idle;(11, 5);False;1;1604
;(5, 8);Idle;(11, 5);False;1;1605
;(5, 8);Idle;(11, 5);False;1;1606
MoveWest;(4, 8);Idle;(11, 5);False;1;1607
;(4, 8);Idle;(11, 5);False;1;1608
;(4, 8);Idle;(11, 5);False;1;1609
;(4, 8);Idle;(11, 5);False;1;1610
;(4, 8);Idle;(11, 5);False;1;1611
MoveNorth;(4, 7);Idle;(11, 5);False;1;1612
;(4, 7);;(11, 5);False;1;1613
;(4, 7);MoveEast;(11, 5);False;1;1614
;(4, 7);MoveEast;(11, 5);False;1;1615
;(4, 7);MoveEast;(11, 5);False;1;1616
;(4, 7);MoveEast;(11, 5);False;1;1617
;(4, 7);MoveEast;(11, 5);False;1;1618
;(4, 7);MoveEast;(11, 5);False;1;1619
;(4, 7);MoveEast;(11, 5);False;1;1620
;(4, 7);MoveEast;(11, 5);False;1;1621
MoveWest;(3, 7);MoveEast;(11, 5);False;1;1622
;(3, 7);MoveEast;(11, 5);False;1;1623
;(3, 7);MoveEast;(12, 5);False;1;1624
;(3, 7);MoveEast;(12, 5);False;1;1625
DropObject;(3, 7);MoveEast;(12, 5);False;1;1626
;(3, 7);MoveEast;(12, 5);False;1;1627
;(3, 7);MoveEast;(12, 5);False;1;1628
MoveEast;(4, 7);MoveEast;(12, 5);False;1;1629
;(4, 7);MoveEast;(12, 5);False;1;1630
;(4, 7);MoveEast;(12, 5);False;1;1631
MoveEast;(5, 7);MoveEast;(12, 5);False;1;1632
;(5, 7);MoveEast;(12, 5);False;1;1633
;(5, 7);MoveEast;(12, 5);False;1;1634
;(5, 7);MoveEast;(13, 5);False;1;1635
MoveEast;(6, 7);MoveWest;(13, 5);False;1;1636
;(6, 7);MoveWest;(13, 5);False;1;1637
;(6, 7);MoveWest;(13, 5);False;1;1638
MoveSouth;(6, 8);MoveWest;(13, 5);False;1;1639
;(6, 8);MoveWest;(13, 5);False;1;1640
MoveSouth;(6, 9);MoveWest;(13, 5);False;1;1641
;(6, 9);MoveWest;(13, 5);False;1;1642
;(6, 9);MoveWest;(13, 5);False;1;1643
;(6, 9);MoveWest;(13, 5);False;1;1644
MoveEast;(7, 9);MoveWest;(13, 5);False;1;1645
;(7, 9);MoveWest;(12, 5);False;1;1646
;(7, 9);MoveWest;(12, 5);False;1;1647
;(7, 9);MoveWest;(12, 5);False;1;1648
;(7, 9);MoveWest;(12, 5);False;1;1649
;(7, 9);MoveWest;(12, 5);False;1;1650
MoveEast;(8, 9);MoveWest;(12, 5);False;1;1651
;(8, 9);MoveWest;(12, 5);False;1;1652
;(8, 9);MoveWest;(12, 5);False;1;1653
;(8, 9);MoveWest;(12, 5);False;1;1654
;(8, 9);MoveWest;(12, 5);False;1;1655
;(8, 9);MoveWest;(12, 5);False;1;1656
;(8, 9);MoveWest;(11, 5);False;1;1657
;(8, 9);MoveEast;(11, 5);False;1;1658
;(8, 9);MoveEast;(11, 5);False;1;1659
;(8, 9);MoveEast;(11, 5);False;1;1660
;(8, 9);MoveEast;(11, 5);False;1;1661
MoveWest;(7, 9);MoveEast;(11, 5);False;1;1662
;(7, 9);MoveEast;(11, 5);False;1;1663
;(7, 9);MoveEast;(11, 5);False;1;1664
;(7, 9);MoveEast;(11, 5);False;1;1665
;(7, 9);MoveEast;(11, 5);False;1;1666
GrabObject;(7, 9);MoveEast;(11, 5);False;1;1667
;(7, 9);MoveEast;(12, 5);False;1;1668
;(7, 9);;(12, 5);False;1;1669
;(7, 9);;(12, 5);break rock;1;1670
;(7, 9);;(12, 5);break rock;1;1671
;(7, 9);;(12, 5);break rock;1;1672
;(7, 9);;(12, 5);break rock;1;1673
;(7, 9);;(12, 5);break rock;1;1674
;(7, 9);;(12, 5);break rock;1;1675
;(7, 9);;(12, 5);break rock;1;1676
;(7, 9);;(12, 5);break rock;1;1677
;(7, 9);;(12, 5);break rock;1;1678
;(7, 9);;(12, 5);break rock;1;1679
;(7, 9);;(12, 5);break rock;1;1680
;(7, 9);;(12, 5);break rock;1;1681
MoveNorth;(7, 8);;(12, 5);break rock;1;1682
;(7, 8);;(12, 5);break rock;1;1683
;(7, 8);;(12, 5);break rock;1;1684
MoveWest;(6, 8);;(12, 5);break rock;1;1685
;(6, 8);;(12, 5);break rock;1;1686
;(6, 8);;(12, 5);False;1;1687
MoveNorth;(6, 7);MoveEast;(12, 5);False;1;1688
;(6, 7);MoveEast;(12, 5);False;1;1689
;(6, 7);MoveEast;(12, 5);False;1;1690
;(6, 7);MoveEast;(12, 5);False;1;1691
MoveWest;(5, 7);MoveEast;(12, 5);False;1;1692
;(5, 7);MoveEast;(12, 5);False;1;1693
;(5, 7);MoveEast;(12, 5);False;1;1694
;(5, 7);MoveEast;(12, 5);False;1;1695
;(5, 7);MoveEast;(12, 5);False;1;1696
MoveWest;(4, 7);MoveEast;(12, 5);False;1;1697
;(4, 7);MoveEast;(13, 5);False;1;1698
;(4, 7);MoveEast;(13, 5);False;1;1699
;(4, 7);MoveEast;(13, 5);False;1;1700
MoveWest;(3, 7);MoveEast;(13, 5);False;1;1701
;(3, 7);MoveEast;(13, 5);False;1;1702
;(3, 7);MoveEast;(13, 5);False;1;1703
DropObject;(3, 7);MoveEast;(13, 5);False;1;1704
;(3, 7);MoveEast;(13, 5);False;1;1705
;(3, 7);MoveEast;(13, 5);False;1;1706
MoveEast;(4, 7);MoveEast;(13, 5);False;1;1707
;(4, 7);MoveEast;(13, 5);False;1;1708
;(4, 7);MoveEast;(14, 5);False;1;1709
MoveEast;(5, 7);MoveNorthEast;(14, 5);False;1;1710
;(5, 7);MoveNorthEast;(14, 5);False;1;1711
;(5, 7);MoveNorthEast;(14, 5);False;1;1712
;(5, 7);MoveNorthEast;(14, 5);False;1;1713
MoveEast;(6, 7);MoveNorthEast;(14, 5);False;1;1714
;(6, 7);MoveNorthEast;(14, 5);False;1;1715
;(6, 7);MoveNorthEast;(14, 5);False;1;1716
MoveEast;(7, 7);MoveNorthEast;(14, 5);False;1;1717
;(7, 7);MoveNorthEast;(14, 5);False;1;1718
;(7, 7);MoveNorthEast;(14, 5);False;1;1719
;(7, 7);MoveNorthEast;(15, 4);False;1;1720
;(7, 7);;(15, 4);False;1;1721
MoveSouth;(7, 8);;(15, 4);break rock;1;1722
;(7, 8);;(15, 4);break rock;1;1723
;(7, 8);;(15, 4);break rock;1;1724
;(7, 8);;(15, 4);break rock;1;1725
;(7, 8);;(15, 4);break rock;1;1726
;(7, 8);;(15, 4);break rock;1;1727
MoveSouth;(7, 9);;(15, 4);break rock;1;1728
;(7, 9);;(15, 4);break rock;1;1729
MoveSouth;(7, 10);;(15, 4);break rock;1;1730
;(7, 10);;(15, 4);break rock;1;1731
;(7, 10);;(15, 4);break rock;1;1732
;(7, 10);;(15, 4);break rock;1;1733
;(7, 10);;(15, 4);break rock;1;1734
;(7, 10);;(15, 4);break rock;1;1735
;(7, 10);;(15, 4);break rock;1;1736
;(7, 10);;(15, 4);break rock;1;1737
;(7, 10);;(15, 4);break rock;1;1738
;(7, 10);;(15, 4);break rock;1;1739
;(7, 10);;(15, 4);break rock;1;1740
MoveEast;(8, 10);;(15, 4);break rock;1;1741
;(8, 10);;(15, 4);break rock;1;1742
;(8, 10);;(15, 4);break rock;1;1743
;(8, 10);;(15, 4);break rock;1;1744
;(8, 10);;(15, 4);break rock;1;1745
GrabObject;(8, 10);;(15, 4);break rock;1;1746
;(8, 10);;(15, 4);break rock;1;1747
;(8, 10);;(15, 4);break rock;1;1748
MoveWest;(7, 10);;(15, 4);break rock;1;1749
;(7, 10);;(15, 4);break rock;1;1750
;(7, 10);;(15, 4);break rock;1;1751
;(7, 10);;(15, 4);break rock;1;1752
MoveWest;(6, 10);;(15, 4);break rock;1;1753
;(6, 10);;(15, 4);break rock;1;1754
;(6, 10);;(15, 4);break rock;1;1755
;(6, 10);;(15, 4);break rock;1;1756
MoveWest;(5, 10);;(15, 4);break rock;1;1757
MoveNorth;(5, 9);;(15, 4);break rock;1;1758
;(5, 9);;(15, 4);break rock;1;1759
MoveWest;(4, 9);;(15, 4);break rock;1;1760
;(4, 9);;(15, 4);break rock;1;1761
;(4, 9);;(15, 4);False;1;1762
MoveNorth;(4, 8);MoveNorthEast;(15, 4);False;1;1763
;(4, 8);MoveNorthEast;(15, 4);False;1;1764
;(4, 8);MoveNorthEast;(15, 4);False;1;1765
MoveWest;(3, 8);MoveNorthEast;(15, 4);False;1;1766
MoveNorth;(3, 7);MoveNorthEast;(15, 4);False;1;1767
;(3, 7);MoveNorthEast;(15, 4);False;1;1768
;(3, 7);MoveNorthEast;(15, 4);False;1;1769
MoveNorth;(3, 6);MoveNorthEast;(15, 4);False;1;1770
;(3, 6);MoveNorthEast;(15, 4);False;1;1771
;(3, 6);MoveNorthEast;(15, 4);False;1;1772
;(3, 6);MoveNorthEast;(16, 3);False;1;1773
;(3, 6);MoveNorthEast;(16, 3);False;1;1774
;(3, 6);MoveNorthEast;(16, 3);False;1;1775
;(3, 6);MoveNorthEast;(16, 3);False;1;1776
;(3, 6);MoveNorthEast;(16, 3);False;1;1777
MoveNorth;(3, 5);MoveNorthEast;(16, 3);False;1;1778
;(3, 5);MoveNorthEast;(16, 3);False;1;1779
;(3, 5);MoveNorthEast;(16, 3);False;1;1780
;(3, 5);MoveNorthEast;(16, 3);False;1;1781
;(3, 5);MoveNorthEast;(16, 3);False;1;1782
;(3, 5);MoveNorthEast;(16, 3);False;1;1783
DropObject;(3, 5);MoveNorthEast;(17, 2);False;1;1784
;(3, 5);DropLargeObject;(17, 2);False;1;1785
MoveEast;(4, 5);DropLargeObject;(17, 2);False;1;1786
;(4, 5);DropLargeObject;(17, 2);False;1;1787
;(4, 5);DropLargeObject;(17, 2);False;1;1788
MoveEast;(5, 5);DropLargeObject;(17, 2);False;1;1789
;(5, 5);DropLargeObject;(17, 2);False;1;1790
MoveEast;(6, 5);DropLargeObject;(17, 2);False;1;1791
MoveSouth;(6, 6);DropLargeObject;(17, 2);False;1;1792
;(6, 6);DropLargeObject;(17, 2);False;1;1793
;(6, 6);DropLargeObject;(17, 2);False;1;1794
;(6, 6);DropLargeObject;(17, 2);False;1;1795
MoveWest;(5, 6);;(17, 2);False;1;1796
;(5, 6);MoveSouthWest;(17, 2);False;1;1797
;(5, 6);MoveSouthWest;(17, 2);False;1;1798
MoveSouth;(5, 7);MoveSouthWest;(17, 2);False;1;1799
;(5, 7);MoveSouthWest;(17, 2);False;1;1800
;(5, 7);MoveSouthWest;(17, 2);False;1;1801
;(5, 7);MoveSouthWest;(17, 2);False;1;1802
MoveSouth;(5, 8);MoveSouthWest;(17, 2);False;1;1803
;(5, 8);MoveSouthWest;(17, 2);False;1;1804
MoveWest;(4, 8);MoveSouthWest;(17, 2);False;1;1805
MoveSouth;(4, 9);MoveSouthWest;(17, 2);False;1;1806
;(4, 9);MoveSouthWest;(16, 3);False;1;1807
;(4, 9);MoveSouthWest;(16, 3);False;1;1808
MoveEast;(5, 9);MoveSouthWest;(16, 3);False;1;1809
;(5, 9);MoveSouthWest;(16, 3);False;1;1810
;(5, 9);MoveSouthWest;(16, 3);False;1;1811
MoveEast;(6, 9);MoveSouthWest;(16, 3);False;1;1812
;(6, 9);MoveSouthWest;(16, 3);False;1;1813
;(6, 9);MoveSouthWest;(16, 3);False;1;1814
;(6, 9);MoveSouthWest;(16, 3);False;1;1815
MoveEast;(7, 9);MoveSouthWest;(16, 3);False;1;1816
;(7, 9);MoveSouthWest;(16, 3);False;1;1817
;(7, 9);MoveSouthWest;(15, 4);False;1;1818
MoveEast;(8, 9);;(15, 4);False;1;1819
;(8, 9);;(15, 4);break rock;1;1820
;(8, 9);;(15, 4);break rock;1;1821
MoveEast;(9, 9);;(15, 4);break rock;1;1822
;(9, 9);;(15, 4);break rock;1;1823
;(9, 9);;(15, 4);False;1;1824
;(9, 9);MoveSouthWest;(15, 4);False;1;1825
;(9, 9);MoveSouthWest;(15, 4);False;1;1826
;(9, 9);MoveSouthWest;(15, 4);False;1;1827
;(9, 9);MoveSouthWest;(15, 4);False;1;1828
MoveSouth;(9, 10);MoveSouthWest;(15, 4);False;1;1829
;(9, 10);MoveSouthWest;(15, 4);False;1;1830
;(9, 10);MoveSouthWest;(15, 4);False;1;1831
;(9, 10);MoveSouthWest;(15, 4);False;1;1832
;(9, 10);MoveSouthWest;(15, 4);False;1;1833
;(9, 10);MoveSouthWest;(15, 4);False;1;1834
;(9, 10);MoveSouthWest;(14, 5);False;1;1835
;(9, 10);;(14, 5);False;1;1836
;(9, 10);;(14, 5);break rock;1;1837
GrabObject;(9, 10);;(14, 5);break rock;1;1838
;(9, 10);;(14, 5);break rock;1;1839
MoveWest;(8, 10);;(14, 5);break rock;1;1840
MoveNorth;(8, 9);;(14, 5);break rock;1;1841
;(8, 9);;(14, 5);break rock;1;1842
;(8, 9);;(14, 5);break rock;1;1843
;(8, 9);;(14, 5);break rock;1;1844
MoveWest;(7, 9);;(14, 5);break rock;1;1845
;(7, 9);;(14, 5);break rock;1;1846
;(7, 9);;(14, 5);break rock;1;1847
;(7, 9);;(14, 5);break rock;1;1848
;(7, 9);;(14, 5);break rock;1;1849
;(7, 9);;(14, 5);break rock;1;1850
;(7, 9);;(14, 5);break rock;1;1851
;(7, 9);;(14, 5);break rock;1;1852
;(7, 9);;(14, 5);break rock;1;1853
;(7, 9);;(14, 5);break rock;1;1854
MoveWest;(6, 9);;(14, 5);break rock;1;1855
;(6, 9);;(14, 5);break rock;1;1856
;(6, 9);;(14, 5);False;1;1857
MoveWest;(5, 9);Idle;(14, 5);False;1;1858
MoveNorth;(5, 8);Idle;(14, 5);False;1;1859
;(5, 8);Idle;(14, 5);False;1;1860
;(5, 8);Idle;(14, 5);False;1;1861
;(5, 8);Idle;(14, 5);False;1;1862
MoveWest;(4, 8);Idle;(14, 5);False;1;1863
;(4, 8);Idle;(14, 5);False;1;1864
;(4, 8);Idle;(14, 5);False;1;1865
;(4, 8);Idle;(14, 5);False;1;1866
;(4, 8);Idle;(14, 5);False;1;1867
;(4, 8);Idle;(14, 5);False;1;1868
;(4, 8);Idle;(14, 5);False;1;1869
;(4, 8);Idle;(14, 5);False;1;1870
DropObject;(4, 8);Idle;(14, 5);False;1;1871
;(4, 8);Idle;(14, 5);False;1;1872
MoveEast;(5, 8);Idle;(14, 5);False;1;1873
;(5, 8);Idle;(14, 5);False;1;1874
;(5, 8);Idle;(14, 5);False;1;1875
;(5, 8);Idle;(14, 5);False;1;1876
MoveEast;(6, 8);Idle;(14, 5);False;1;1877
;(6, 8);Idle;(14, 5);False;1;1878
MoveSouth;(6, 9);Idle;(14, 5);False;1;1879
;(6, 9);Idle;(14, 5);False;1;1880
;(6, 9);Idle;(14, 5);False;1;1881
;(6, 9);Idle;(14, 5);False;1;1882
;(6, 9);Idle;(14, 5);False;1;1883
MoveWest;(5, 9);Idle;(14, 5);False;1;1884
;(5, 9);Idle;(14, 5);False;1;1885
MoveEast;(6, 9);Idle;(14, 5);False;1;1886
;(6, 9);Idle;(14, 5);False;1;1887
;(6, 9);Idle;(14, 5);False;1;1888
MoveSouth;(6, 10);Idle;(14, 5);False;1;1889
;(6, 10);Idle;(14, 5);False;1;1890
MoveEast;(7, 10);;(14, 5);False;1;1891
;(7, 10);;(14, 5);break rock;1;1892
;(7, 10);;(14, 5);break rock;1;1893
;(7, 10);;(14, 5);break rock;1;1894
;(7, 10);;(14, 5);break rock;1;1895
MoveEast;(8, 10);;(14, 5);break rock;1;1896
;(8, 10);;(14, 5);break rock;1;1897
;(8, 10);;(14, 5);break rock;1;1898
;(8, 10);;(14, 5);break rock;1;1899
;(8, 10);;(14, 5);break rock;1;1900
MoveEast;(9, 10);;(14, 5);break rock;1;1901
;(9, 10);;(14, 5);break rock;1;1902
MoveEast;(10, 10);;(14, 5);break rock;1;1903
;(10, 10);;(14, 5);break rock;1;1904
;(10, 10);;(14, 5);break rock;1;1905
MoveEast;(11, 10);;(14, 5);break rock;1;1906
;(11, 10);;(14, 5);break rock;1;1907
;(11, 10);;(14, 5);break rock;1;1908
;(11, 10);;(14, 5);break rock;1;1909
;(11, 10);;(14, 5);break rock;1;1910
;(11, 10);;(14, 5);break rock;1;1911
GrabObject;(11, 10);;(14, 5);break rock;1;1912
;(11, 10);;(14, 5);break rock;1;1913
;(11, 10);;(14, 5);break rock;1;1914
MoveWest;(10, 10);;(14, 5);break rock;1;1915
;(10, 10);;(14, 5);break rock;1;1916
;(10, 10);;(14, 5);break rock;1;1917
;(10, 10);;(14, 5);break rock;1;1918
;(10, 10);;(14, 5);break rock;1;1919
;(10, 10);;(14, 5);break rock;1;1920
;(10, 10);;(14, 5);break rock;1;1921
;(10, 10);;(14, 5);break rock;1;1922
;(10, 10);;(14, 5);break rock;1;1923
MoveWest;(9, 10);;(14, 5);break rock;1;1924
MoveNorth;(9, 9);;(14, 5);break rock;1;1925
;(9, 9);;(14, 5);break rock;1;1926
;(9, 9);;(14, 5);break rock;1;1927
;(9, 9);;(14, 5);break rock;1;1928
MoveWest;(8, 9);;(14, 5);break rock;1;1929
MoveNorth;(8, 8);;(14, 5);break rock;1;1930
;(8, 8);;(14, 5);break rock;1;1931
;(8, 8);;(14, 5);break rock;1;1932
MoveNorth;(8, 7);;(14, 5);break rock;1;1933
;(8, 7);;(14, 5);break rock;1;1934
MoveWest;(7, 7);;(14, 5);break rock;1;1935
;(7, 7);;(14, 5);break rock;1;1936
;(7, 7);;(14, 5);break rock;1;1937
MoveWest;(6, 7);;(14, 5);break rock;1;1938
;(6, 7);;(14, 5);break rock;1;1939
;(6, 7);;(14, 5);False;1;1940
;(6, 7);MoveSouthWest;(14, 5);False;1;1941
MoveWest;(5, 7);MoveSouthWest;(14, 5);False;1;1942
;(5, 7);MoveSouthWest;(14, 5);False;1;1943
;(5, 7);MoveSouthWest;(14, 5);False;1;1944
;(5, 7);MoveSouthWest;(14, 5);False;1;1945
;(5, 7);MoveSouthWest;(14, 5);False;1;1946
;(5, 7);MoveSouthWest;(14, 5);False;1;1947
;(5, 7);MoveSouthWest;(14, 5);False;1;1948
;(5, 7);MoveSouthWest;(14, 5);False;1;1949
;(5, 7);MoveSouthWest;(14, 5);False;1;1950
MoveWest;(4, 7);MoveSouthWest;(13, 6);False;1;1951
;(4, 7);MoveSouthWest;(13, 6);False;1;1952
DropObject;(4, 7);MoveSouthWest;(13, 6);False;1;1953
;(4, 7);MoveSouthWest;(13, 6);False;1;1954
;(4, 7);MoveSouthWest;(13, 6);False;1;1955
;(4, 7);MoveSouthWest;(13, 6);False;1;1956
;(4, 7);MoveSouthWest;(13, 6);False;1;1957
;(4, 7);MoveSouthWest;(13, 6);False;1;1958
;(4, 7);MoveSouthWest;(13, 6);False;1;1959
MoveEast;(5, 7);MoveSouthWest;(13, 6);False;1;1960
;(5, 7);MoveSouthWest;(13, 6);False;1;1961
;(5, 7);MoveSouthWest;(12, 7);False;1;1962
MoveEast;(6, 7);GrabObject;(12, 7);False;1;1963
;(6, 7);GrabObject;(12, 7);False;1;1964
;(6, 7);GrabObject;(12, 7);False;1;1965
;(6, 7);GrabObject;(12, 7);False;1;1966
;(6, 7);GrabObject;(12, 7);False;1;1967
;(6, 7);GrabObject;(12, 7);False;1;1968
;(6, 7);GrabObject;(12, 7);False;1;1969
;(6, 7);GrabObject;(12, 7);False;1;1970
;(6, 7);GrabObject;(12, 7);False;1;1971
MoveEast;(7, 7);GrabObject;(12, 7);False;1;1972
;(7, 7);GrabObject;(12, 7);False;1;1973
;(7, 7);;(12, 7);False;1;1974
MoveEast;(8, 7);;(12, 7);break rock;1;1975
;(8, 7);;(12, 7);break rock;1;1976
;(8, 7);;(12, 7);break rock;1;1977
;(8, 7);;(12, 7);break rock;1;1978
MoveEast;(9, 7);;(12, 7);break rock;1;1979
;(9, 7);;(12, 7);break rock;1;1980
;(9, 7);;(12, 7);break rock;1;1981
;(9, 7);;(12, 7);break rock;1;1982
;(9, 7);;(12, 7);break rock;1;1983
;(9, 7);;(12, 7);break rock;1;1984
MoveSouth;(9, 8);;(12, 7);break rock;1;1985
;(9, 8);;(12, 7);break rock;1;1986
;(9, 8);;(12, 7);break rock;1;1987
;(9, 8);;(12, 7);break rock;1;1988
;(9, 8);;(12, 7);break rock;1;1989
;(9, 8);;(12, 7);break rock;1;1990
;(9, 8);;(12, 7);break rock;1;1991
MoveEast;(10, 8);;(12, 7);break rock;1;1992
;(10, 8);;(12, 7);break rock;1;1993
;(10, 8);;(12, 7);break rock;1;1994
;(10, 8);;(12, 7);break rock;1;1995
;(10, 8);;(12, 7);break rock;1;1996
MoveEast;(11, 8);;(12, 7);break rock;1;1997
;(11, 8);;(12, 7);break rock;1;1998
;(11, 8);;(12, 7);break rock;1;1999
;(11, 8);;(12, 7);break rock;1;2000
MoveEast;(12, 8);;(12, 7);break rock;1;2001
;(12, 8);;(12, 7);break rock;1;2002
;(12, 8);;(12, 7);False;1;2003
;(12, 8);MoveSouth;(12, 7);False;1;2004
;(12, 8);MoveSouth;(12, 7);False;1;2005
;(12, 8);MoveSouth;(12, 7);False;1;2006
;(12, 8);MoveSouth;(12, 7);False;1;2007
;(12, 8);MoveSouth;(12, 7);False;1;2008
;(12, 8);MoveSouth;(12, 7);False;1;2009
;(12, 8);MoveSouth;(12, 7);False;1;2010
;(12, 8);MoveSouth;(12, 7);False;1;2011
;(12, 8);MoveSouth;(12, 7);False;1;2012
GrabObject;(12, 8);MoveSouth;(12, 7);False;1;2013
;(12, 8);MoveSouth;(12, 8);False;1;2014
MoveEast;(13, 8);;(12, 8);False;1;2015
;(13, 8);;(12, 8);pick top rock;1;2016
;(13, 8);;(12, 8);pick top rock;1;2017
MoveEast;(14, 8);;(12, 8);pick top rock;1;2018
;(14, 8);;(12, 8);pick top rock;1;2019
;(14, 8);;(12, 8);pick top rock;1;2020
;(14, 8);;(12, 8);pick top rock;1;2021
MoveEast;(15, 8);;(12, 8);pick top rock;1;2022
;(15, 8);;(12, 8);pick top rock;1;2023
;(15, 8);;(12, 8);pick top rock;1;2024
;(15, 8);;(12, 8);pick top rock;1;2025
MoveEast;(16, 8);;(12, 8);pick top rock;1;2026
;(16, 8);;(12, 8);pick top rock;1;2027
;(16, 8);;(12, 8);pick top rock;1;2028
;(16, 8);;(12, 8);pick top rock;1;2029
;(16, 8);;(12, 8);pick top rock;1;2030
MoveEast;(17, 8);;(12, 8);pick top rock;1;2031
;(17, 8);;(12, 8);pick top rock;1;2032
;(17, 8);;(12, 8);pick top rock;1;2033
MoveEast;(18, 8);;(12, 8);pick top rock;1;2034
;(18, 8);;(12, 8);pick top rock;1;2035
;(18, 8);;(12, 8);pick top rock;1;2036
DropObject;(18, 8);;(12, 8);pick top rock;1;2037
;(18, 8);;(12, 8);pick top rock;1;2038
MoveWest;(17, 8);;(12, 8);pick top rock;1;2039
;(17, 8);;(12, 8);pick top rock;1;2040
;(17, 8);;(12, 8);pick top rock;1;2041
;(17, 8);;(12, 8);pick top rock;1;2042
MoveWest;(16, 8);;(12, 8);pick top rock;1;2043
;(16, 8);;(12, 8);pick top rock;1;2044
;(16, 8);;(12, 8);pick top rock;1;2045
;(16, 8);;(12, 8);pick top rock;1;2046
;(16, 8);;(12, 8);pick top rock;1;2047
MoveWest;(15, 8);;(12, 8);pick top rock;1;2048
;(15, 8);;(12, 8);pick top rock;1;2049
;(15, 8);;(12, 8);pick top rock;1;2050
;(15, 8);;(12, 8);pick top rock;1;2051
MoveWest;(14, 8);;(12, 8);pick top rock;1;2052
;(14, 8);;(12, 8);pick top rock;1;2053
;(14, 8);;(12, 8);pick top rock;1;2054
MoveNorth;(14, 7);;(12, 8);pick top rock;1;2055
;(14, 7);;(12, 8);pick top rock;1;2056
;(14, 7);;(12, 8);pick top rock;1;2057
;(14, 7);;(12, 8);pick top rock;1;2058
;(14, 7);;(12, 8);pick top rock;1;2059
;(14, 7);;(12, 8);pick top rock;1;2060
;(14, 7);;(12, 8);pick top rock;1;2061
;(14, 7);;(12, 8);pick top rock;1;2062
;(14, 7);;(12, 8);pick top rock;1;2063
;(14, 7);;(12, 8);pick top rock;1;2064
;(14, 7);;(12, 8);pick top rock;1;2065
;(14, 7);;(12, 8);pick top rock;1;2066
;(14, 7);;(12, 8);pick top rock;1;2067
;(14, 7);;(12, 8);pick top rock;1;2068
;(14, 7);;(12, 8);pick top rock;1;2069
;(14, 7);;(12, 8);pick top rock;1;2070
MoveWest;(13, 7);;(12, 8);pick top rock;1;2071
;(13, 7);;(12, 8);pick top rock;1;2072
;(13, 7);;(12, 8);pick top rock;1;2073
;(13, 7);;(12, 8);pick top rock;1;2074
MoveWest;(12, 7);;(12, 8);pick top rock;1;2075
;(12, 7);;(12, 8);pick top rock;1;2076
;(12, 7);;(12, 8);pick top rock;1;2077
;(12, 7);;(12, 8);pick top rock;1;2078
MoveWest;(11, 7);;(12, 8);pick top rock;1;2079
;(11, 7);;(12, 8);pick top rock;1;2080
;(11, 7);;(12, 8);pick top rock;1;2081
;(11, 7);;(12, 8);pick top rock;1;2082
MoveWest;(10, 7);;(12, 8);pick top rock;1;2083
;(10, 7);;(12, 8);pick top rock;1;2084
;(10, 7);;(12, 8);pick top rock;1;2085
;(10, 7);;(12, 8);pick top rock;1;2086
;(10, 7);;(12, 8);pick top rock;1;2087
;(10, 7);;(12, 8);pick top rock;1;2088
;(10, 7);;(12, 8);pick top rock;1;2089
;(10, 7);;(12, 8);pick top rock;1;2090
;(10, 7);;(12, 8);pick top rock;1;2091
;(10, 7);;(12, 8);pick top rock;1;2092
;(10, 7);;(12, 8);pick top rock;1;2093
MoveNorth;(10, 6);;(12, 8);pick top rock;1;2094
;(10, 6);;(12, 8);pick top rock;1;2095
;(10, 6);;(12, 8);pick top rock;1;2096
;(10, 6);;(12, 8);pick top rock;1;2097
;(10, 6);;(12, 8);pick top rock;1;2098
;(10, 6);;(12, 8);pick top rock;1;2099
;(10, 6);;(12, 8);pick top rock;1;2100
;(10, 6);;(12, 8);pick top rock;1;2101
;(10, 6);;(12, 8);pick top rock;1;2102
;(10, 6);;(12, 8);pick top rock;1;2103
;(10, 6);;(12, 8);pick top rock;1;2104
;(10, 6);;(12, 8);pick top rock;1;2105
;(10, 6);;(12, 8);pick top rock;1;2106
;(10, 6);;(12, 8);pick top rock;1;2107
;(10, 6);;(12, 8);pick top rock;1;2108
;(10, 6);;(12, 8);pick top rock;1;2109
;(10, 6);;(12, 8);pick top rock;1;2110
;(10, 6);;(12, 8);pick top rock;1;2111
;(10, 6);;(12, 8);pick top rock;1;2112
;(10, 6);;(12, 8);pick top rock;1;2113
;(10, 6);;(12, 8);pick top rock;1;2114
;(10, 6);;(12, 8);pick top rock;1;2115
;(10, 6);;(12, 8);pick top rock;1;2116
;(10, 6);;(12, 8);pick top rock;1;2117
;(10, 6);MoveNorthEast;(12, 8);pick top rock;1;2118
;(10, 6);MoveNorthEast;(12, 8);pick top rock;1;2119
;(10, 6);MoveNorthEast;(12, 8);pick top rock;1;2120
;(10, 6);MoveNorthEast;(12, 8);pick top rock;1;2121
;(10, 6);MoveNorthEast;(12, 8);pick top rock;1;2122
;(10, 6);MoveNorthEast;(12, 8);pick top rock;1;2123
;(10, 6);MoveNorthEast;(12, 8);pick top rock;1;2124
;(10, 6);MoveNorthEast;(12, 8);pick top rock;1;2125
;(10, 6);MoveNorthEast;(12, 8);pick top rock;1;2126
;(10, 6);MoveNorthEast;(12, 8);pick top rock;1;2127
;(10, 6);MoveNorthEast;(13, 7);pick top rock;1;2128
;(10, 6);MoveEast;(13, 7);pick top rock;1;2129
;(10, 6);MoveEast;(13, 7);pick top rock;1;2130
;(10, 6);MoveEast;(13, 7);pick top rock;1;2131
;(10, 6);MoveEast;(13, 7);pick top rock;1;2132
;(10, 6);MoveEast;(13, 7);pick top rock;1;2133
;(10, 6);MoveEast;(13, 7);pick top rock;1;2134
;(10, 6);MoveEast;(13, 7);pick top rock;1;2135
;(10, 6);MoveEast;(13, 7);pick top rock;1;2136
;(10, 6);MoveEast;(13, 7);pick top rock;1;2137
;(10, 6);MoveEast;(13, 7);pick top rock;1;2138
;(10, 6);MoveEast;(14, 7);pick top rock;1;2139
;(10, 6);MoveNorthEast;(14, 7);pick top rock;1;2140
;(10, 6);MoveNorthEast;(14, 7);pick top rock;1;2141
;(10, 6);MoveNorthEast;(14, 7);pick top rock;1;2142
;(10, 6);MoveNorthEast;(14, 7);pick top rock;1;2143
;(10, 6);MoveNorthEast;(14, 7);pick top rock;1;2144
;(10, 6);MoveNorthEast;(14, 7);pick top rock;1;2145
;(10, 6);MoveNorthEast;(14, 7);pick top rock;1;2146
;(10, 6);MoveNorthEast;(14, 7);pick top rock;1;2147
;(10, 6);MoveNorthEast;(14, 7);pick top rock;1;2148
;(10, 6);MoveNorthEast;(14, 7);pick top rock;1;2149
;(10, 6);MoveNorthEast;(15, 6);pick top rock;1;2150
;(10, 6);MoveEast;(15, 6);pick top rock;1;2151
;(10, 6);MoveEast;(15, 6);pick top rock;1;2152
;(10, 6);MoveEast;(15, 6);pick top rock;1;2153
;(10, 6);MoveEast;(15, 6);pick top rock;1;2154
;(10, 6);MoveEast;(15, 6);pick top rock;1;2155
;(10, 6);MoveEast;(15, 6);pick top rock;1;2156
;(10, 6);MoveEast;(15, 6);pick top rock;1;2157
;(10, 6);MoveEast;(15, 6);pick top rock;1;2158
;(10, 6);MoveEast;(15, 6);pick top rock;1;2159
;(10, 6);MoveEast;(15, 6);pick top rock;1;2160
;(10, 6);MoveEast;(16, 6);pick top rock;1;2161
;(10, 6);DropObject;(16, 6);pick top rock;1;2162
;(10, 6);DropObject;(16, 6);pick top rock;1;2163
;(10, 6);DropObject;(16, 6);pick top rock;1;2164
;(10, 6);DropObject;(16, 6);pick top rock;1;2165
;(10, 6);DropObject;(16, 6);pick top rock;1;2166
;(10, 6);DropObject;(16, 6);pick top rock;1;2167
;(10, 6);DropObject;(16, 6);pick top rock;1;2168
;(10, 6);DropObject;(16, 6);pick top rock;1;2169
;(10, 6);DropObject;(16, 6);pick top rock;1;2170
;(10, 6);DropObject;(16, 6);pick top rock;1;2171
;(10, 6);DropObject;(16, 6);pick top rock;1;2172
;(10, 6);;(16, 6);pick top rock;1;2173
;(10, 6);;(16, 6);pick top rock;1;2174
;(10, 6);;(16, 6);pick top rock;1;2175
;(10, 6);;(16, 6);pick top rock;1;2176
;(10, 6);;(16, 6);pick top rock;1;2177
;(10, 6);;(16, 6);pick top rock;1;2178
;(10, 6);;(16, 6);pick top rock;1;2179
;(10, 6);;(16, 6);pick top rock;1;2180
;(10, 6);;(16, 6);pick top rock;1;2181
;(10, 6);;(16, 6);pick top rock;1;2182
;(10, 6);;(16, 6);pick top rock;1;2183
;(10, 6);;(16, 6);pick top rock;1;2184
;(10, 6);;(16, 6);pick top rock;1;2185
;(10, 6);;(16, 6);pick top rock;1;2186
;(10, 6);;(16, 6);pick top rock;1;2187
;(10, 6);;(16, 6);pick top rock;1;2188
;(10, 6);;(16, 6);pick top rock;1;2189
;(10, 6);;(16, 6);pick top rock;1;2190
;(10, 6);;(16, 6);pick top rock;1;2191
;(10, 6);;(16, 6);pick top rock;1;2192
;(10, 6);;(16, 6);pick top rock;1;2193
;(10, 6);;(16, 6);pick top rock;1;2194
;(10, 6);;(16, 6);pick top rock;1;2195
;(10, 6);;(16, 6);pick top rock;1;2196
;(10, 6);;(16, 6);pick top rock;1;2197
;(10, 6);;(16, 6);pick top rock;1;2198
;(10, 6);;(16, 6);pick top rock;1;2199
;(10, 6);;(16, 6);pick top rock;1;2200
;(10, 6);;(16, 6);pick top rock;1;2201
;(10, 6);;(16, 6);pick top rock;1;2202
;(10, 6);;(16, 6);pick top rock;1;2203
;(10, 6);;(16, 6);pick top rock;1;2204
;(10, 6);;(16, 6);pick top rock;1;2205
;(10, 6);;(16, 6);pick top rock;1;2206
;(10, 6);;(16, 6);pick top rock;1;2207
;(10, 6);;(16, 6);pick top rock;1;2208
;(10, 6);;(16, 6);pick top rock;1;2209
;(10, 6);;(16, 6);pick top rock;1;2210
;(10, 6);;(16, 6);pick top rock;1;2211
;(10, 6);;(16, 6);pick top rock;1;2212
;(10, 6);;(16, 6);pick top rock;1;2213
;(10, 6);;(16, 6);pick top rock;1;2214
;(10, 6);;(16, 6);pick top rock;1;2215
;(10, 6);;(16, 6);pick top rock;1;2216
;(10, 6);;(16, 6);pick top rock;1;2217
;(10, 6);;(16, 6);pick top rock;1;2218
;(10, 6);;(16, 6);pick top rock;1;2219
;(10, 6);;(16, 6);pick top rock;1;2220
;(10, 6);;(16, 6);pick top rock;1;2221
;(10, 6);;(16, 6);pick top rock;1;2222
;(10, 6);;(16, 6);pick top rock;1;2223
;(10, 6);;(16, 6);pick top rock;1;2224
;(10, 6);;(16, 6);pick top rock;1;2225
;(10, 6);;(16, 6);pick top rock;1;2226
;(10, 6);;(16, 6);pick top rock;1;2227
;(10, 6);;(16, 6);pick top rock;1;2228
;(10, 6);;(16, 6);pick top rock;1;2229
;(10, 6);;(16, 6);pick top rock;1;2230
;(10, 6);;(16, 6);pick top rock;1;2231
;(10, 6);;(16, 6);pick top rock;1;2232
;(10, 6);;(16, 6);pick top rock;1;2233
;(10, 6);;(16, 6);pick top rock;1;2234
;(10, 6);;(16, 6);pick top rock;1;2235
;(10, 6);;(16, 6);pick top rock;1;2236
;(10, 6);;(16, 6);pick top rock;1;2237
;(10, 6);;(16, 6);pick top rock;1;2238
;(10, 6);;(16, 6);pick top rock;1;2239
;(10, 6);;(16, 6);pick top rock;1;2240
;(10, 6);;(16, 6);pick top rock;1;2241
;(10, 6);;(16, 6);pick top rock;1;2242
;(10, 6);;(16, 6);pick top rock;1;2243
;(10, 6);;(16, 6);pick top rock;1;2244
;(10, 6);;(16, 6);pick top rock;1;2245
;(10, 6);;(16, 6);pick top rock;1;2246
;(10, 6);;(16, 6);pick top rock;1;2247
;(10, 6);;(16, 6);pick top rock;1;2248
;(10, 6);;(16, 6);pick top rock;1;2249
;(10, 6);;(16, 6);pick top rock;1;2250
;(10, 6);;(16, 6);pick top rock;1;2251
;(10, 6);;(16, 6);pick top rock;1;2252
;(10, 6);;(16, 6);pick top rock;1;2253
;(10, 6);;(16, 6);pick top rock;1;2254
;(10, 6);;(16, 6);pick top rock;1;2255
;(10, 6);;(16, 6);pick top rock;1;2256
;(10, 6);;(16, 6);pick top rock;1;2257
;(10, 6);;(16, 6);pick top rock;1;2258
;(10, 6);;(16, 6);pick top rock;1;2259
;(10, 6);;(16, 6);pick top rock;1;2260
MoveNorth;(10, 5);;(16, 6);pick top rock;1;2261
;(10, 5);;(16, 6);pick top rock;1;2262
;(10, 5);;(16, 6);pick top rock;1;2263
;(10, 5);;(16, 6);pick top rock;1;2264
;(10, 5);;(16, 6);pick top rock;1;2265
;(10, 5);;(16, 6);pick top rock;1;2266
;(10, 5);;(16, 6);pick top rock;1;2267
;(10, 5);;(16, 6);pick top rock;1;2268
;(10, 5);;(16, 6);pick top rock;1;2269
;(10, 5);;(16, 6);pick top rock;1;2270
;(10, 5);;(16, 6);pick top rock;1;2271
;(10, 5);;(16, 6);pick top rock;1;2272
;(10, 5);;(16, 6);pick top rock;1;2273
;(10, 5);;(16, 6);pick top rock;1;2274
;(10, 5);;(16, 6);pick top rock;1;2275
;(10, 5);;(16, 6);pick top rock;1;2276
;(10, 5);;(16, 6);pick top rock;1;2277
;(10, 5);;(16, 6);pick top rock;1;2278
;(10, 5);;(16, 6);pick top rock;1;2279
;(10, 5);;(16, 6);pick top rock;1;2280
;(10, 5);;(16, 6);pick top rock;1;2281
;(10, 5);;(16, 6);pick top rock;1;2282
;(10, 5);;(16, 6);pick top rock;1;2283
;(10, 5);;(16, 6);pick top rock;1;2284
;(10, 5);;(16, 6);pick top rock;1;2285
MoveNorth;(10, 4);;(16, 6);pick top rock;1;2286
;(10, 4);;(16, 6);pick top rock;1;2287
;(10, 4);;(16, 6);pick top rock;1;2288
;(10, 4);;(16, 6);pick top rock;1;2289
MoveNorth;(10, 3);;(16, 6);pick top rock;1;2290
;(10, 3);;(16, 6);pick top rock;1;2291
;(10, 3);;(16, 6);pick top rock;1;2292
MoveNorth;(10, 2);;(16, 6);pick top rock;1;2293
;(10, 2);;(16, 6);pick top rock;1;2294
;(10, 2);;(16, 6);pick top rock;1;2295
;(10, 2);;(16, 6);pick top rock;1;2296
;(10, 2);;(16, 6);pick top rock;1;2297
;(10, 2);;(16, 6);pick top rock;1;2298
;(10, 2);;(16, 6);pick top rock;1;2299
;(10, 2);;(16, 6);pick top rock;1;2300
;(10, 2);;(16, 6);pick top rock;1;2301
;(10, 2);;(16, 6);pick top rock;1;2302
;(10, 2);;(16, 6);pick top rock;1;2303
;(10, 2);;(16, 6);pick top rock;1;2304
;(10, 2);;(16, 6);pick top rock;1;2305
;(10, 2);;(16, 6);pick top rock;1;2306
;(10, 2);;(16, 6);pick top rock;1;2307
;(10, 2);;(16, 6);pick top rock;1;2308
;(10, 2);;(16, 6);pick top rock;1;2309
;(10, 2);;(16, 6);pick top rock;1;2310
;(10, 2);;(16, 6);pick top rock;1;2311
;(10, 2);;(16, 6);pick top rock;1;2312
;(10, 2);;(16, 6);pick top rock;1;2313
;(10, 2);;(16, 6);pick top rock;1;2314
;(10, 2);;(16, 6);pick top rock;1;2315
;(10, 2);;(16, 6);pick top rock;1;2316
;(10, 2);;(16, 6);pick top rock;1;2317
;(10, 2);;(16, 6);pick top rock;1;2318
;(10, 2);;(16, 6);pick top rock;1;2319
;(10, 2);;(16, 6);pick top rock;1;2320
;(10, 2);;(16, 6);pick top rock;1;2321
;(10, 2);;(16, 6);pick top rock;1;2322
;(10, 2);;(16, 6);pick top rock;1;2323
;(10, 2);;(16, 6);pick top rock;1;2324
;(10, 2);;(16, 6);pick top rock;1;2325
;(10, 2);;(16, 6);pick top rock;1;2326
;(10, 2);;(16, 6);pick top rock;1;2327
;(10, 2);;(16, 6);pick top rock;1;2328
;(10, 2);;(16, 6);pick top rock;1;2329
;(10, 2);;(16, 6);pick top rock;1;2330
;(10, 2);;(16, 6);pick top rock;1;2331
;(10, 2);;(16, 6);pick top rock;1;2332
;(10, 2);;(16, 6);pick top rock;1;2333
;(10, 2);;(16, 6);pick top rock;1;2334
;(10, 2);;(16, 6);pick top rock;1;2335
;(10, 2);;(16, 6);pick top rock;1;2336
;(10, 2);;(16, 6);pick top rock;1;2337
;(10, 2);;(16, 6);pick top rock;1;2338
;(10, 2);;(16, 6);pick top rock;1;2339
;(10, 2);;(16, 6);pick top rock;1;2340
;(10, 2);;(16, 6);pick top rock;1;2341
;(10, 2);;(16, 6);pick top rock;1;2342
;(10, 2);;(16, 6);pick top rock;1;2343
;(10, 2);;(16, 6);pick top rock;1;2344
;(10, 2);;(16, 6);pick top rock;1;2345
;(10, 2);;(16, 6);pick top rock;1;2346
;(10, 2);;(16, 6);pick top rock;1;2347
;(10, 2);;(16, 6);pick top rock;1;2348
;(10, 2);;(16, 6);pick top rock;1;2349
;(10, 2);;(16, 6);pick top rock;1;2350
;(10, 2);;(16, 6);pick top rock;1;2351
;(10, 2);;(16, 6);pick top rock;1;2352
;(10, 2);;(16, 6);pick top rock;1;2353
;(10, 2);;(16, 6);pick top rock;1;2354
;(10, 2);;(16, 6);pick top rock;1;2355
;(10, 2);;(16, 6);pick top rock;1;2356
;(10, 2);;(16, 6);pick top rock;1;2357
;(10, 2);;(16, 6);pick top rock;1;2358
;(10, 2);;(16, 6);pick top rock;1;2359
;(10, 2);;(16, 6);pick top rock;1;2360
;(10, 2);;(16, 6);pick top rock;1;2361
;(10, 2);;(16, 6);pick top rock;1;2362
;(10, 2);;(16, 6);pick top rock;1;2363
;(10, 2);;(16, 6);pick top rock;1;2364
;(10, 2);;(16, 6);pick top rock;1;2365
;(10, 2);;(16, 6);pick top rock;1;2366
;(10, 2);;(16, 6);pick top rock;1;2367
;(10, 2);;(16, 6);pick top rock;1;2368
;(10, 2);;(16, 6);pick top rock;1;2369
;(10, 2);;(16, 6);pick top rock;1;2370
;(10, 2);;(16, 6);pick top rock;1;2371
;(10, 2);;(16, 6);pick top rock;1;2372
;(10, 2);;(16, 6);pick top rock;1;2373
;(10, 2);;(16, 6);pick top rock;1;2374
;(10, 2);;(16, 6);pick top rock;1;2375
;(10, 2);;(16, 6);pick top rock;1;2376
;(10, 2);;(16, 6);pick top rock;1;2377
;(10, 2);;(16, 6);pick top rock;1;2378
;(10, 2);;(16, 6);pick top rock;1;2379
;(10, 2);;(16, 6);pick top rock;1;2380
;(10, 2);;(16, 6);pick top rock;1;2381
;(10, 2);;(16, 6);pick top rock;1;2382
;(10, 2);;(16, 6);pick top rock;1;2383
;(10, 2);;(16, 6);pick top rock;1;2384
;(10, 2);;(16, 6);pick top rock;1;2385
;(10, 2);;(16, 6);pick top rock;1;2386
;(10, 2);;(16, 6);pick top rock;1;2387
;(10, 2);;(16, 6);pick top rock;1;2388
;(10, 2);;(16, 6);pick top rock;1;2389
;(10, 2);;(16, 6);pick top rock;1;2390
;(10, 2);;(16, 6);pick top rock;1;2391
;(10, 2);;(16, 6);pick top rock;1;2392
;(10, 2);;(16, 6);pick top rock;1;2393
;(10, 2);;(16, 6);pick top rock;1;2394
;(10, 2);;(16, 6);pick top rock;1;2395
;(10, 2);;(16, 6);pick top rock;1;2396
;(10, 2);;(16, 6);pick top rock;1;2397
;(10, 2);;(16, 6);pick top rock;1;2398
;(10, 2);;(16, 6);pick top rock;1;2399
;(10, 2);;(16, 6);pick top rock;1;2400
;(10, 2);;(16, 6);pick top rock;1;2401
;(10, 2);;(16, 6);pick top rock;1;2402
;(10, 2);;(16, 6);pick top rock;1;2403
;(10, 2);;(16, 6);pick top rock;1;2404
;(10, 2);;(16, 6);pick top rock;1;2405
;(10, 2);;(16, 6);pick top rock;1;2406
;(10, 2);;(16, 6);pick top rock;1;2407
;(10, 2);;(16, 6);pick top rock;1;2408
;(10, 2);;(16, 6);pick top rock;1;2409
;(10, 2);;(16, 6);pick top rock;1;2410
;(10, 2);;(16, 6);pick top rock;1;2411
;(10, 2);;(16, 6);pick top rock;1;2412
;(10, 2);;(16, 6);pick top rock;1;2413
;(10, 2);;(16, 6);pick top rock;1;2414
;(10, 2);;(16, 6);pick top rock;1;2415
;(10, 2);;(16, 6);pick top rock;1;2416
;(10, 2);;(16, 6);pick top rock;1;2417
;(10, 2);;(16, 6);pick top rock;1;2418
;(10, 2);;(16, 6);pick top rock;1;2419
;(10, 2);;(16, 6);pick top rock;1;2420
;(10, 2);;(16, 6);pick top rock;1;2421
;(10, 2);;(16, 6);pick top rock;1;2422
;(10, 2);;(16, 6);pick top rock;1;2423
;(10, 2);;(16, 6);pick top rock;1;2424
;(10, 2);;(16, 6);pick top rock;1;2425
;(10, 2);;(16, 6);pick top rock;1;2426
;(10, 2);;(16, 6);pick top rock;1;2427
;(10, 2);;(16, 6);pick top rock;1;2428
;(10, 2);;(16, 6);pick top rock;1;2429
;(10, 2);;(16, 6);pick top rock;1;2430
;(10, 2);;(16, 6);pick top rock;1;2431
;(10, 2);;(16, 6);pick top rock;1;2432
;(10, 2);;(16, 6);pick top rock;1;2433
;(10, 2);;(16, 6);pick top rock;1;2434
;(10, 2);;(16, 6);pick top rock;1;2435
;(10, 2);;(16, 6);pick top rock;1;2436
;(10, 2);;(16, 6);pick top rock;1;2437
;(10, 2);;(16, 6);pick top rock;1;2438
;(10, 2);;(16, 6);pick top rock;1;2439
;(10, 2);;(16, 6);pick top rock;1;2440
;(10, 2);;(16, 6);pick top rock;1;2441
;(10, 2);;(16, 6);pick top rock;1;2442
;(10, 2);;(16, 6);pick top rock;1;2443
;(10, 2);;(16, 6);pick top rock;1;2444
;(10, 2);;(16, 6);pick top rock;1;2445
;(10, 2);;(16, 6);pick top rock;1;2446
;(10, 2);;(16, 6);pick top rock;1;2447
;(10, 2);;(16, 6);pick top rock;1;2448
;(10, 2);;(16, 6);pick top rock;1;2449
;(10, 2);;(16, 6);pick top rock;1;2450
;(10, 2);;(16, 6);pick top rock;1;2451
;(10, 2);;(16, 6);pick top rock;1;2452
;(10, 2);;(16, 6);pick top rock;1;2453
;(10, 2);;(16, 6);pick top rock;1;2454
;(10, 2);;(16, 6);pick top rock;1;2455
;(10, 2);;(16, 6);pick top rock;1;2456
;(10, 2);;(16, 6);pick top rock;1;2457
;(10, 2);;(16, 6);pick top rock;1;2458
;(10, 2);;(16, 6);pick top rock;1;2459
;(10, 2);;(16, 6);pick top rock;1;2460
;(10, 2);;(16, 6);pick top rock;1;2461
;(10, 2);;(16, 6);pick top rock;1;2462
;(10, 2);;(16, 6);pick top rock;1;2463
;(10, 2);;(16, 6);pick top rock;1;2464
;(10, 2);;(16, 6);pick top rock;1;2465
;(10, 2);;(16, 6);pick top rock;1;2466
;(10, 2);;(16, 6);pick top rock;1;2467
;(10, 2);;(16, 6);pick top rock;1;2468
;(10, 2);;(16, 6);pick top rock;1;2469
;(10, 2);;(16, 6);pick top rock;1;2470
;(10, 2);;(16, 6);pick top rock;1;2471
;(10, 2);;(16, 6);pick top rock;1;2472
;(10, 2);;(16, 6);pick top rock;1;2473
;(10, 2);;(16, 6);pick top rock;1;2474
;(10, 2);;(16, 6);pick top rock;1;2475
;(10, 2);;(16, 6);pick top rock;1;2476
;(10, 2);;(16, 6);pick top rock;1;2477
;(10, 2);;(16, 6);pick top rock;1;2478
;(10, 2);;(16, 6);pick top rock;1;2479
;(10, 2);;(16, 6);pick top rock;1;2480
;(10, 2);;(16, 6);pick top rock;1;2481
;(10, 2);;(16, 6);pick top rock;1;2482
;(10, 2);;(16, 6);pick top rock;1;2483
;(10, 2);;(16, 6);pick top rock;1;2484
;(10, 2);;(16, 6);pick top rock;1;2485
;(10, 2);;(16, 6);pick top rock;1;2486
;(10, 2);;(16, 6);pick top rock;1;2487
;(10, 2);;(16, 6);pick top rock;1;2488
;(10, 2);;(16, 6);pick top rock;1;2489
;(10, 2);;(16, 6);pick top rock;1;2490
;(10, 2);;(16, 6);pick top rock;1;2491
;(10, 2);;(16, 6);pick top rock;1;2492
;(10, 2);;(16, 6);pick top rock;1;2493
;(10, 2);;(16, 6);pick top rock;1;2494
;(10, 2);;(16, 6);pick top rock;1;2495
;(10, 2);;(16, 6);pick top rock;1;2496
;(10, 2);;(16, 6);pick top rock;1;2497
;(10, 2);;(16, 6);pick top rock;1;2498
;(10, 2);;(16, 6);pick top rock;1;2499
;(10, 2);;(16, 6);pick top rock;1;2500
;(10, 2);;(16, 6);pick top rock;1;2501
;(10, 2);;(16, 6);pick top rock;1;2502
;(10, 2);;(16, 6);pick top rock;1;2503
;(10, 2);;(16, 6);pick top rock;1;2504
;(10, 2);;(16, 6);pick top rock;1;2505
;(10, 2);;(16, 6);pick top rock;1;2506
;(10, 2);;(16, 6);pick top rock;1;2507
;(10, 2);;(16, 6);pick top rock;1;2508
;(10, 2);;(16, 6);pick top rock;1;2509
;(10, 2);;(16, 6);pick top rock;1;2510
MoveSouth;(10, 3);;(16, 6);pick top rock;1;2511
;(10, 3);;(16, 6);pick top rock;1;2512
;(10, 3);;(16, 6);pick top rock;1;2513
;(10, 3);;(16, 6);pick top rock;1;2514
;(10, 3);;(16, 6);pick top rock;1;2515
;(10, 3);;(16, 6);pick top rock;1;2516
;(10, 3);;(16, 6);pick top rock;1;2517
;(10, 3);;(16, 6);pick top rock;1;2518
;(10, 3);;(16, 6);pick top rock;1;2519
MoveSouth;(10, 4);;(16, 6);pick top rock;1;2520
MoveSouth;(10, 5);;(16, 6);pick top rock;1;2521
MoveSouth;(10, 6);;(16, 6);pick top rock;1;2522
MoveSouth;(10, 7);;(16, 6);pick top rock;1;2523
MoveSouth;(10, 8);;(16, 6);pick top rock;1;2524
MoveSouth;(10, 9);;(16, 6);pick top rock;1;2525
MoveSouth;(10, 10);;(16, 6);pick top rock;1;2526
MoveSouth;(10, 11);;(16, 6);pick top rock;1;2527
MoveSouth;(10, 11);;(16, 6);pick top rock;1;2528
MoveSouth;(10, 11);;(16, 6);pick top rock;1;2529
MoveSouth;(10, 11);;(16, 6);pick top rock;1;2530
MoveSouth;(10, 11);;(16, 6);pick top rock;1;2531
MoveSouth;(10, 11);;(16, 6);pick top rock;1;2532
;(10, 11);;(16, 6);pick top rock;1;2533
;(10, 11);;(16, 6);pick top rock;1;2534
;(10, 11);;(16, 6);pick top rock;1;2535
;(10, 11);;(16, 6);pick top rock;1;2536
;(10, 11);;(16, 6);pick top rock;1;2537
;(10, 11);;(16, 6);pick top rock;1;2538
;(10, 11);;(16, 6);pick top rock;1;2539
MoveNorth;(10, 10);;(16, 6);pick top rock;1;2540
;(10, 10);;(16, 6);pick top rock;1;2541
;(10, 10);;(16, 6);pick top rock;1;2542
;(10, 10);;(16, 6);pick top rock;1;2543
;(10, 10);;(16, 6);pick top rock;1;2544
;(10, 10);;(16, 6);pick top rock;1;2545
;(10, 10);;(16, 6);pick top rock;1;2546
;(10, 10);;(16, 6);pick top rock;1;2547
;(10, 10);;(16, 6);pick top rock;1;2548
;(10, 10);;(16, 6);pick top rock;1;2549
MoveNorth;(10, 9);;(16, 6);pick top rock;1;2550
MoveNorth;(10, 8);;(16, 6);pick top rock;1;2551
MoveNorth;(10, 7);;(16, 6);pick top rock;1;2552
MoveNorth;(10, 6);;(16, 6);pick top rock;1;2553
MoveNorth;(10, 5);;(16, 6);pick top rock;1;2554
MoveNorth;(10, 4);;(16, 6);pick top rock;1;2555
MoveNorth;(10, 3);;(16, 6);pick top rock;1;2556
MoveNorth;(10, 2);;(16, 6);pick top rock;1;2557
MoveNorth;(10, 1);;(16, 6);pick top rock;1;2558
MoveNorth;(10, 0);;(16, 6);pick top rock;1;2559
MoveNorth;(10, 0);;(16, 6);pick top rock;1;2560
MoveNorth;(10, 0);;(16, 6);pick top rock;1;2561
MoveNorth;(10, 0);;(16, 6);pick top rock;1;2562
MoveNorth;(10, 0);;(16, 6);pick top rock;1;2563
MoveNorth;(10, 0);;(16, 6);pick top rock;1;2564
;(10, 0);;(16, 6);pick top rock;1;2565
;(10, 0);;(16, 6);pick top rock;1;2566
;(10, 0);;(16, 6);pick top rock;1;2567
;(10, 0);;(16, 6);pick top rock;1;2568
;(10, 0);;(16, 6);pick top rock;1;2569
;(10, 0);;(16, 6);pick top rock;1;2570
;(10, 0);;(16, 6);pick top rock;1;2571
;(10, 0);;(16, 6);pick top rock;1;2572
;(10, 0);;(16, 6);pick top rock;1;2573
;(10, 0);;(16, 6);pick top rock;1;2574
;(10, 0);;(16, 6);pick top rock;1;2575
;(10, 0);;(16, 6);pick top rock;1;2576
;(10, 0);;(16, 6);pick top rock;1;2577
;(10, 0);;(16, 6);pick top rock;1;2578
;(10, 0);;(16, 6);pick top rock;1;2579
;(10, 0);;(16, 6);pick top rock;1;2580
MoveSouth;(10, 1);;(16, 6);pick top rock;1;2581
;(10, 1);;(16, 6);pick top rock;1;2582
;(10, 1);;(16, 6);pick top rock;1;2583
;(10, 1);;(16, 6);pick top rock;1;2584
;(10, 1);;(16, 6);pick top rock;1;2585
;(10, 1);;(16, 6);pick top rock;1;2586
;(10, 1);;(16, 6);pick top rock;1;2587
MoveSouth;(10, 2);;(16, 6);pick top rock;1;2588
;(10, 2);;(16, 6);pick top rock;1;2589
;(10, 2);;(16, 6);pick top rock;1;2590
;(10, 2);;(16, 6);pick top rock;1;2591
MoveSouth;(10, 3);;(16, 6);pick top rock;1;2592
;(10, 3);;(16, 6);pick top rock;1;2593
;(10, 3);;(16, 6);pick top rock;1;2594
;(10, 3);;(16, 6);pick top rock;1;2595
;(10, 3);;(16, 6);pick top rock;1;2596
;(10, 3);;(16, 6);pick top rock;1;2597
;(10, 3);;(16, 6);pick top rock;1;2598
;(10, 3);;(16, 6);pick top rock;1;2599
;(10, 3);;(16, 6);pick top rock;1;2600
;(10, 3);;(16, 6);pick top rock;1;2601
;(10, 3);;(16, 6);pick top rock;1;2602
;(10, 3);;(16, 6);pick top rock;1;2603
;(10, 3);;(16, 6);pick top rock;1;2604
;(10, 3);;(16, 6);pick top rock;1;2605
;(10, 3);;(16, 6);pick top rock;1;2606
;(10, 3);;(16, 6);pick top rock;1;2607
;(10, 3);;(16, 6);pick top rock;1;2608
;(10, 3);;(16, 6);pick top rock;1;2609
;(10, 3);;(16, 6);pick top rock;1;2610
;(10, 3);;(16, 6);pick top rock;1;2611
;(10, 3);;(16, 6);pick top rock;1;2612
;(10, 3);;(16, 6);pick top rock;1;2613
;(10, 3);;(16, 6);pick top rock;1;2614
;(10, 3);;(16, 6);pick top rock;1;2615
;(10, 3);;(16, 6);pick top rock;1;2616
;(10, 3);;(16, 6);pick top rock;1;2617
;(10, 3);;(16, 6);pick top rock;1;2618
;(10, 3);;(16, 6);pick top rock;1;2619
;(10, 3);;(16, 6);pick top rock;1;2620
;(10, 3);;(16, 6);pick top rock;1;2621
;(10, 3);;(16, 6);pick top rock;1;2622
;(10, 3);;(16, 6);pick top rock;1;2623
;(10, 3);;(16, 6);pick top rock;1;2624
;(10, 3);;(16, 6);pick top rock;1;2625
;(10, 3);;(16, 6);pick top rock;1;2626
;(10, 3);;(16, 6);pick top rock;1;2627
;(10, 3);;(16, 6);pick top rock;1;2628
;(10, 3);;(16, 6);pick top rock;1;2629
;(10, 3);;(16, 6);pick top rock;1;2630
;(10, 3);;(16, 6);pick top rock;1;2631
;(10, 3);;(16, 6);pick top rock;1;2632
;(10, 3);;(16, 6);pick top rock;1;2633
;(10, 3);;(16, 6);pick top rock;1;2634
;(10, 3);;(16, 6);pick top rock;1;2635
;(10, 3);;(16, 6);pick top rock;1;2636
;(10, 3);;(16, 6);pick top rock;1;2637
;(10, 3);;(16, 6);pick top rock;1;2638
;(10, 3);;(16, 6);pick top rock;1;2639
;(10, 3);;(16, 6);pick top rock;1;2640
;(10, 3);;(16, 6);pick top rock;1;2641
;(10, 3);;(16, 6);pick top rock;1;2642
;(10, 3);;(16, 6);pick top rock;1;2643
;(10, 3);;(16, 6);pick top rock;1;2644
;(10, 3);;(16, 6);pick top rock;1;2645
;(10, 3);;(16, 6);pick top rock;1;2646
;(10, 3);;(16, 6);pick top rock;1;2647
;(10, 3);;(16, 6);pick top rock;1;2648
;(10, 3);;(16, 6);pick top rock;1;2649
;(10, 3);;(16, 6);pick top rock;1;2650
;(10, 3);;(16, 6);pick top rock;1;2651
;(10, 3);;(16, 6);pick top rock;1;2652
;(10, 3);;(16, 6);pick top rock;1;2653
;(10, 3);;(16, 6);pick top rock;1;2654
;(10, 3);;(16, 6);pick top rock;1;2655
;(10, 3);;(16, 6);pick top rock;1;2656
;(10, 3);;(16, 6);pick top rock;1;2657
;(10, 3);;(16, 6);pick top rock;1;2658
;(10, 3);;(16, 6);pick top rock;1;2659
;(10, 3);;(16, 6);pick top rock;1;2660
;(10, 3);;(16, 6);pick top rock;1;2661
;(10, 3);;(16, 6);pick top rock;1;2662
;(10, 3);;(16, 6);pick top rock;1;2663
;(10, 3);;(16, 6);pick top rock;1;2664
;(10, 3);;(16, 6);pick top rock;1;2665
;(10, 3);;(16, 6);pick top rock;1;2666
;(10, 3);;(16, 6);pick top rock;1;2667
;(10, 3);;(16, 6);pick top rock;1;2668
;(10, 3);;(16, 6);pick top rock;1;2669
;(10, 3);;(16, 6);pick top rock;1;2670
;(10, 3);;(16, 6);pick top rock;1;2671
;(10, 3);;(16, 6);pick top rock;1;2672
;(10, 3);;(16, 6);pick top rock;1;2673
;(10, 3);;(16, 6);pick top rock;1;2674
;(10, 3);;(16, 6);pick top rock;1;2675
;(10, 3);;(16, 6);pick top rock;1;2676
;(10, 3);;(16, 6);pick top rock;1;2677
;(10, 3);;(16, 6);pick top rock;1;2678
;(10, 3);;(16, 6);pick top rock;1;2679
;(10, 3);;(16, 6);pick top rock;1;2680
MoveNorth;(10, 2);;(16, 6);pick top rock;1;2681
;(10, 2);;(16, 6);pick top rock;1;2682
;(10, 2);;(16, 6);pick top rock;1;2683
;(10, 2);;(16, 6);pick top rock;1;2684
;(10, 2);;(16, 6);pick top rock;1;2685
;(10, 2);;(16, 6);pick top rock;1;2686
;(10, 2);;(16, 6);pick top rock;1;2687
;(10, 2);;(16, 6);pick top rock;1;2688
;(10, 2);;(16, 6);pick top rock;1;2689
;(10, 2);;(16, 6);pick top rock;1;2690
;(10, 2);;(16, 6);pick top rock;1;2691
;(10, 2);;(16, 6);pick top rock;1;2692
;(10, 2);;(16, 6);pick top rock;1;2693
;(10, 2);;(16, 6);pick top rock;1;2694
;(10, 2);;(16, 6);pick top rock;1;2695
;(10, 2);;(16, 6);pick top rock;1;2696
;(10, 2);;(16, 6);pick top rock;1;2697
;(10, 2);;(16, 6);pick top rock;1;2698
;(10, 2);;(16, 6);pick top rock;1;2699
;(10, 2);;(16, 6);pick top rock;1;2700
MoveSouth;(10, 3);;(16, 6);pick top rock;1;2701
;(10, 3);;(16, 6);pick top rock;1;2702
;(10, 3);;(16, 6);pick top rock;1;2703
;(10, 3);;(16, 6);pick top rock;1;2704
;(10, 3);;(16, 6);pick top rock;1;2705
;(10, 3);;(16, 6);pick top rock;1;2706
;(10, 3);;(16, 6);pick top rock;1;2707
;(10, 3);;(16, 6);pick top rock;1;2708
;(10, 3);;(16, 6);pick top rock;1;2709
;(10, 3);;(16, 6);pick top rock;1;2710
;(10, 3);;(16, 6);pick top rock;1;2711
MoveNorth;(10, 2);;(16, 6);pick top rock;1;2712
;(10, 2);;(16, 6);pick top rock;1;2713
;(10, 2);;(16, 6);pick top rock;1;2714
;(10, 2);;(16, 6);pick top rock;1;2715
;(10, 2);;(16, 6);pick top rock;1;2716
;(10, 2);;(16, 6);pick top rock;1;2717
;(10, 2);;(16, 6);pick top rock;1;2718
;(10, 2);;(16, 6);pick top rock;1;2719
;(10, 2);;(16, 6);pick top rock;1;2720
;(10, 2);;(16, 6);pick top rock;1;2721
;(10, 2);;(16, 6);pick top rock;1;2722
;(10, 2);;(16, 6);pick top rock;1;2723
;(10, 2);;(16, 6);pick top rock;1;2724
;(10, 2);;(16, 6);pick top rock;1;2725
;(10, 2);;(16, 6);pick top rock;1;2726
MoveSouth;(10, 3);;(16, 6);pick top rock;1;2727
;(10, 3);;(16, 6);pick top rock;1;2728
;(10, 3);;(16, 6);pick top rock;1;2729
;(10, 3);;(16, 6);pick top rock;1;2730
;(10, 3);;(16, 6);pick top rock;1;2731
;(10, 3);;(16, 6);pick top rock;1;2732
;(10, 3);;(16, 6);pick top rock;1;2733
;(10, 3);;(16, 6);pick top rock;1;2734
;(10, 3);;(16, 6);pick top rock;1;2735
;(10, 3);;(16, 6);pick top rock;1;2736
MoveNorth;(10, 2);;(16, 6);pick top rock;1;2737
;(10, 2);;(16, 6);pick top rock;1;2738
;(10, 2);;(16, 6);pick top rock;1;2739
;(10, 2);;(16, 6);pick top rock;1;2740
;(10, 2);;(16, 6);pick top rock;1;2741
;(10, 2);;(16, 6);pick top rock;1;2742
;(10, 2);;(16, 6);pick top rock;1;2743
;(10, 2);;(16, 6);pick top rock;1;2744
;(10, 2);;(16, 6);pick top rock;1;2745
;(10, 2);;(16, 6);pick top rock;1;2746
;(10, 2);;(16, 6);pick top rock;1;2747
;(10, 2);;(16, 6);pick top rock;1;2748
;(10, 2);;(16, 6);pick top rock;1;2749
;(10, 2);;(16, 6);pick top rock;1;2750
;(10, 2);;(16, 6);pick top rock;1;2751
;(10, 2);;(16, 6);pick top rock;1;2752
;(10, 2);;(16, 6);pick top rock;1;2753
;(10, 2);;(16, 6);pick top rock;1;2754
;(10, 2);;(16, 6);pick top rock;1;2755
;(10, 2);;(16, 6);pick top rock;1;2756
;(10, 2);;(16, 6);pick top rock;1;2757
;(10, 2);;(16, 6);pick top rock;1;2758
;(10, 2);;(16, 6);pick top rock;1;2759
;(10, 2);;(16, 6);pick top rock;1;2760
;(10, 2);;(16, 6);pick top rock;1;2761
;(10, 2);;(16, 6);pick top rock;1;2762
;(10, 2);;(16, 6);pick top rock;1;2763
;(10, 2);;(16, 6);pick top rock;1;2764
;(10, 2);;(16, 6);pick top rock;1;2765
;(10, 2);;(16, 6);pick top rock;1;2766
;(10, 2);;(16, 6);pick top rock;1;2767
;(10, 2);;(16, 6);pick top rock;1;2768
;(10, 2);;(16, 6);pick top rock;1;2769
;(10, 2);;(16, 6);pick top rock;1;2770
;(10, 2);;(16, 6);pick top rock;1;2771
;(10, 2);;(16, 6);pick top rock;1;2772
;(10, 2);;(16, 6);pick top rock;1;2773
;(10, 2);;(16, 6);pick top rock;1;2774
;(10, 2);;(16, 6);pick top rock;1;2775
;(10, 2);;(16, 6);pick top rock;1;2776
;(10, 2);;(16, 6);pick top rock;1;2777
;(10, 2);;(16, 6);pick top rock;1;2778
;(10, 2);;(16, 6);pick top rock;1;2779
;(10, 2);;(16, 6);pick top rock;1;2780
;(10, 2);;(16, 6);pick top rock;1;2781
;(10, 2);;(16, 6);pick top rock;1;2782
;(10, 2);;(16, 6);pick top rock;1;2783
;(10, 2);;(16, 6);pick top rock;1;2784
;(10, 2);;(16, 6);pick top rock;1;2785
;(10, 2);;(16, 6);pick top rock;1;2786
;(10, 2);;(16, 6);pick top rock;1;2787
;(10, 2);;(16, 6);pick top rock;1;2788
;(10, 2);;(16, 6);pick top rock;1;2789
;(10, 2);;(16, 6);pick top rock;1;2790
;(10, 2);;(16, 6);pick top rock;1;2791
;(10, 2);;(16, 6);pick top rock;1;2792
;(10, 2);;(16, 6);pick top rock;1;2793
;(10, 2);;(16, 6);pick top rock;1;2794
;(10, 2);;(16, 6);pick top rock;1;2795
;(10, 2);;(16, 6);pick top rock;1;2796
;(10, 2);;(16, 6);pick top rock;1;2797
;(10, 2);;(16, 6);pick top rock;1;2798
;(10, 2);;(16, 6);pick top rock;1;2799
;(10, 2);;(16, 6);pick top rock;1;2800
;(10, 2);;(16, 6);pick top rock;1;2801
;(10, 2);;(16, 6);pick top rock;1;2802
;(10, 2);;(16, 6);pick top rock;1;2803
;(10, 2);;(16, 6);pick top rock;1;2804
;(10, 2);;(16, 6);pick top rock;1;2805
;(10, 2);;(16, 6);pick top rock;1;2806
;(10, 2);;(16, 6);pick top rock;1;2807
;(10, 2);;(16, 6);pick top rock;1;2808
;(10, 2);;(16, 6);pick top rock;1;2809
;(10, 2);;(16, 6);pick top rock;1;2810
;(10, 2);;(16, 6);pick top rock;1;2811
;(10, 2);;(16, 6);pick top rock;1;2812
;(10, 2);;(16, 6);pick top rock;1;2813
;(10, 2);;(16, 6);pick top rock;1;2814
;(10, 2);;(16, 6);pick top rock;1;2815
;(10, 2);;(16, 6);pick top rock;1;2816
;(10, 2);;(16, 6);pick top rock;1;2817
;(10, 2);;(16, 6);pick top rock;1;2818
;(10, 2);;(16, 6);pick top rock;1;2819
;(10, 2);;(16, 6);pick top rock;1;2820
;(10, 2);;(16, 6);pick top rock;1;2821
;(10, 2);;(16, 6);pick top rock;1;2822
;(10, 2);;(16, 6);pick top rock;1;2823
DropObject;(10, 2);;(16, 6);pick top rock;1;2824
;(10, 2);;(16, 6);pick top rock;1;2825
;(10, 2);;(16, 6);pick top rock;1;2826
;(10, 2);;(16, 6);pick top rock;1;2827
;(10, 2);;(16, 6);pick top rock;1;2828
;(10, 2);;(16, 6);pick top rock;1;2829
;(10, 2);;(16, 6);pick top rock;1;2830
;(10, 2);;(16, 6);pick top rock;1;2831
;(10, 2);;(16, 6);pick top rock;1;2832
;(10, 2);;(16, 6);pick top rock;1;2833
;(10, 2);;(16, 6);pick top rock;1;2834
;(10, 2);;(16, 6);pick top rock;1;2835
;(10, 2);;(16, 6);pick top rock;1;2836
;(10, 2);;(16, 6);pick top rock;1;2837
GrabObject;(10, 2);;(16, 6);pick top rock;1;2838
;(10, 2);;(16, 6);pick top rock;1;2839
;(10, 2);;(16, 6);pick top rock;1;2840
;(10, 2);;(16, 6);pick top rock;1;2841
;(10, 2);;(16, 6);pick top rock;1;2842
;(10, 2);;(16, 6);pick top rock;1;2843
;(10, 2);;(16, 6);pick top rock;1;2844
;(10, 2);;(16, 6);pick top rock;1;2845
;(10, 2);;(16, 6);pick top rock;1;2846
;(10, 2);;(16, 6);pick top rock;1;2847
;(10, 2);;(16, 6);pick top rock;1;2848
;(10, 2);;(16, 6);pick top rock;1;2849
;(10, 2);;(16, 6);pick top rock;1;2850
;(10, 2);;(16, 6);pick top rock;1;2851
;(10, 2);;(16, 6);pick top rock;1;2852
;(10, 2);;(16, 6);pick top rock;1;2853
;(10, 2);;(16, 6);pick top rock;1;2854
;(10, 2);;(16, 6);pick top rock;1;2855
;(10, 2);;(16, 6);pick top rock;1;2856
;(10, 2);;(16, 6);pick top rock;1;2857
;(10, 2);;(16, 6);pick top rock;1;2858
;(10, 2);;(16, 6);pick top rock;1;2859
;(10, 2);;(16, 6);pick top rock;1;2860
;(10, 2);;(16, 6);pick top rock;1;2861
;(10, 2);;(16, 6);pick top rock;1;2862
;(10, 2);;(16, 6);pick top rock;1;2863
;(10, 2);;(16, 6);pick top rock;1;2864
;(10, 2);;(16, 6);pick top rock;1;2865
;(10, 2);;(16, 6);pick top rock;1;2866
;(10, 2);;(16, 6);pick top rock;1;2867
;(10, 2);;(16, 6);pick top rock;1;2868
;(10, 2);;(16, 6);pick top rock;1;2869
;(10, 2);;(16, 6);pick top rock;1;2870
;(10, 2);;(16, 6);pick top rock;1;2871
;(10, 2);;(16, 6);pick top rock;1;2872
;(10, 2);;(16, 6);pick top rock;1;2873
;(10, 2);;(16, 6);pick top rock;1;2874
;(10, 2);;(16, 6);pick top rock;1;2875
;(10, 2);;(16, 6);pick top rock;1;2876
;(10, 2);;(16, 6);pick top rock;1;2877
;(10, 2);;(16, 6);pick top rock;1;2878
;(10, 2);;(16, 6);pick top rock;1;2879
;(10, 2);;(16, 6);pick top rock;1;2880
;(10, 2);;(16, 6);pick top rock;1;2881
;(10, 2);;(16, 6);pick top rock;1;2882
;(10, 2);;(16, 6);pick top rock;1;2883
;(10, 2);;(16, 6);pick top rock;1;2884
;(10, 2);;(16, 6);pick top rock;1;2885
;(10, 2);;(16, 6);pick top rock;1;2886
;(10, 2);;(16, 6);pick top rock;1;2887
;(10, 2);;(16, 6);pick top rock;1;2888
;(10, 2);;(16, 6);pick top rock;1;2889
;(10, 2);;(16, 6);pick top rock;1;2890
;(10, 2);;(16, 6);pick top rock;1;2891
;(10, 2);;(16, 6);pick top rock;1;2892
;(10, 2);;(16, 6);pick top rock;1;2893
;(10, 2);;(16, 6);pick top rock;1;2894
;(10, 2);;(16, 6);pick top rock;1;2895
;(10, 2);;(16, 6);pick top rock;1;2896
;(10, 2);;(16, 6);pick top rock;1;2897
;(10, 2);;(16, 6);pick top rock;1;2898
;(10, 2);;(16, 6);pick top rock;1;2899
;(10, 2);;(16, 6);pick top rock;1;2900
;(10, 2);;(16, 6);pick top rock;1;2901
;(10, 2);;(16, 6);pick top rock;1;2902
;(10, 2);;(16, 6);pick top rock;1;2903
;(10, 2);;(16, 6);pick top rock;1;2904
;(10, 2);;(16, 6);pick top rock;1;2905
;(10, 2);;(16, 6);pick top rock;1;2906
;(10, 2);;(16, 6);pick top rock;1;2907
;(10, 2);;(16, 6);pick top rock;1;2908
;(10, 2);;(16, 6);pick top rock;1;2909
;(10, 2);;(16, 6);pick top rock;1;2910
;(10, 2);;(16, 6);pick top rock;1;2911
;(10, 2);;(16, 6);pick top rock;1;2912
;(10, 2);;(16, 6);pick top rock;1;2913
;(10, 2);;(16, 6);pick top rock;1;2914
;(10, 2);;(16, 6);pick top rock;1;2915
;(10, 2);;(16, 6);pick top rock;1;2916
;(10, 2);;(16, 6);pick top rock;1;2917
;(10, 2);;(16, 6);pick top rock;1;2918
;(10, 2);;(16, 6);pick top rock;1;2919
;(10, 2);;(16, 6);pick top rock;1;2920
;(10, 2);;(16, 6);pick top rock;1;2921
;(10, 2);;(16, 6);pick top rock;1;2922
;(10, 2);;(16, 6);pick top rock;1;2923
;(10, 2);;(16, 6);pick top rock;1;2924
;(10, 2);;(16, 6);pick top rock;1;2925
;(10, 2);;(16, 6);pick top rock;1;2926
;(10, 2);;(16, 6);pick top rock;1;2927
;(10, 2);;(16, 6);pick top rock;1;2928
;(10, 2);;(16, 6);pick top rock;1;2929
;(10, 2);;(16, 6);pick top rock;1;2930
;(10, 2);;(16, 6);pick top rock;1;2931
;(10, 2);;(16, 6);pick top rock;1;2932
;(10, 2);;(16, 6);pick top rock;1;2933
;(10, 2);;(16, 6);pick top rock;1;2934
;(10, 2);;(16, 6);pick top rock;1;2935
;(10, 2);;(16, 6);pick top rock;1;2936
;(10, 2);;(16, 6);pick top rock;1;2937
;(10, 2);;(16, 6);pick top rock;1;2938
;(10, 2);;(16, 6);pick top rock;1;2939
;(10, 2);;(16, 6);pick top rock;1;2940
;(10, 2);;(16, 6);pick top rock;1;2941
;(10, 2);;(16, 6);pick top rock;1;2942
;(10, 2);;(16, 6);pick top rock;1;2943
;(10, 2);;(16, 6);pick top rock;1;2944
;(10, 2);;(16, 6);pick top rock;1;2945
;(10, 2);;(16, 6);pick top rock;1;2946
;(10, 2);;(16, 6);pick top rock;1;2947
;(10, 2);;(16, 6);pick top rock;1;2948
;(10, 2);;(16, 6);pick top rock;1;2949
;(10, 2);;(16, 6);pick top rock;1;2950
;(10, 2);;(16, 6);pick top rock;1;2951
;(10, 2);;(16, 6);pick top rock;1;2952
;(10, 2);;(16, 6);pick top rock;1;2953
;(10, 2);;(16, 6);pick top rock;1;2954
;(10, 2);;(16, 6);pick top rock;1;2955
;(10, 2);;(16, 6);pick top rock;1;2956
;(10, 2);;(16, 6);pick top rock;1;2957
;(10, 2);;(16, 6);pick top rock;1;2958
;(10, 2);;(16, 6);pick top rock;1;2959
;(10, 2);;(16, 6);pick top rock;1;2960
;(10, 2);;(16, 6);pick top rock;1;2961
;(10, 2);;(16, 6);pick top rock;1;2962
;(10, 2);;(16, 6);pick top rock;1;2963
;(10, 2);;(16, 6);pick top rock;1;2964
;(10, 2);;(16, 6);pick top rock;1;2965
;(10, 2);;(16, 6);pick top rock;1;2966
;(10, 2);;(16, 6);pick top rock;1;2967
;(10, 2);;(16, 6);pick top rock;1;2968
;(10, 2);;(16, 6);pick top rock;1;2969
;(10, 2);;(16, 6);pick top rock;1;2970
;(10, 2);;(16, 6);pick top rock;1;2971
;(10, 2);;(16, 6);pick top rock;1;2972
;(10, 2);;(16, 6);pick top rock;1;2973
;(10, 2);;(16, 6);pick top rock;1;2974
;(10, 2);;(16, 6);pick top rock;1;2975
;(10, 2);;(16, 6);pick top rock;1;2976
;(10, 2);;(16, 6);pick top rock;1;2977
;(10, 2);;(16, 6);pick top rock;1;2978
;(10, 2);;(16, 6);pick top rock;1;2979
;(10, 2);;(16, 6);pick top rock;1;2980
;(10, 2);;(16, 6);pick top rock;1;2981
;(10, 2);;(16, 6);pick top rock;1;2982
;(10, 2);;(16, 6);pick top rock;1;2983
;(10, 2);;(16, 6);pick top rock;1;2984
;(10, 2);;(16, 6);pick top rock;1;2985
;(10, 2);;(16, 6);pick top rock;1;2986
;(10, 2);;(16, 6);pick top rock;1;2987
;(10, 2);;(16, 6);pick top rock;1;2988
;(10, 2);;(16, 6);pick top rock;1;2989
;(10, 2);;(16, 6);pick top rock;1;2990
;(10, 2);;(16, 6);pick top rock;1;2991
;(10, 2);;(16, 6);pick top rock;1;2992
;(10, 2);;(16, 6);pick top rock;1;2993
;(10, 2);;(16, 6);pick top rock;1;2994
;(10, 2);;(16, 6);pick top rock;1;2995
;(10, 2);;(16, 6);pick top rock;1;2996
;(10, 2);;(16, 6);pick top rock;1;2997
;(10, 2);;(16, 6);pick top rock;1;2998
;(10, 2);;(16, 6);pick top rock;1;2999
;(10, 2);;(16, 6);pick top rock;1;3000
;(10, 2);;(16, 6);pick top rock;1;3001
;(10, 2);;(16, 6);pick top rock;1;3002
;(10, 2);;(16, 6);pick top rock;1;3003
;(10, 2);;(16, 6);pick top rock;1;3004
;(10, 2);;(16, 6);pick top rock;1;3005
;(10, 2);;(16, 6);pick top rock;1;3006
;(10, 2);;(16, 6);pick top rock;1;3007
;(10, 2);;(16, 6);pick top rock;1;3008
;(10, 2);;(16, 6);pick top rock;1;3009
;(10, 2);;(16, 6);pick top rock;1;3010
;(10, 2);;(16, 6);pick top rock;1;3011
;(10, 2);;(16, 6);pick top rock;1;3012
;(10, 2);;(16, 6);pick top rock;1;3013
;(10, 2);;(16, 6);pick top rock;1;3014
;(10, 2);;(16, 6);pick top rock;1;3015
;(10, 2);;(16, 6);pick top rock;1;3016
;(10, 2);;(16, 6);pick top rock;1;3017
;(10, 2);;(16, 6);pick top rock;1;3018
;(10, 2);;(16, 6);pick top rock;1;3019
