human_selector_action;human_selector_location;robot_action;robot_location;robot_executing_cp;world_nr;tick_nr
;(3, 4);;(4, 4);False;1;0
;(3, 4);;(4, 4);False;1;1
;(3, 4);MoveWest;(4, 4);False;1;2
;(3, 4);MoveWest;(4, 4);False;1;3
;(3, 4);MoveWest;(4, 4);False;1;4
;(3, 4);MoveWest;(4, 4);False;1;5
;(3, 4);MoveWest;(4, 4);False;1;6
;(3, 4);MoveWest;(4, 4);False;1;7
;(3, 4);MoveWest;(4, 4);False;1;8
;(3, 4);MoveWest;(4, 4);False;1;9
;(3, 4);MoveWest;(4, 4);False;1;10
;(3, 4);MoveWest;(4, 4);False;1;11
;(3, 4);MoveWest;(3, 4);False;1;12
;(3, 4);Idle;(3, 4);False;1;13
;(3, 4);Idle;(3, 4);False;1;14
MoveEast;(4, 4);Idle;(3, 4);False;1;15
;(4, 4);Idle;(3, 4);False;1;16
;(4, 4);Idle;(3, 4);False;1;17
;(4, 4);Idle;(3, 4);False;1;18
;(4, 4);Idle;(3, 4);False;1;19
;(4, 4);Idle;(3, 4);False;1;20
;(4, 4);Idle;(3, 4);False;1;21
;(4, 4);Idle;(3, 4);False;1;22
MoveEast;(5, 4);Idle;(3, 4);False;1;23
MoveEast;(6, 4);Idle;(3, 4);False;1;24
MoveEast;(7, 4);Idle;(3, 4);False;1;25
MoveEast;(8, 4);Idle;(3, 4);False;1;26
MoveEast;(9, 4);Idle;(3, 4);False;1;27
MoveEast;(10, 4);Idle;(3, 4);False;1;28
MoveEast;(11, 4);Idle;(3, 4);False;1;29
MoveEast;(12, 4);Idle;(3, 4);False;1;30
;(12, 4);Idle;(3, 4);False;1;31
;(12, 4);Idle;(3, 4);False;1;32
;(12, 4);Idle;(3, 4);False;1;33
;(12, 4);Idle;(3, 4);False;1;34
;(12, 4);Idle;(3, 4);False;1;35
MoveNorth;(12, 3);Idle;(3, 4);False;1;36
;(12, 3);Idle;(3, 4);False;1;37
;(12, 3);Idle;(3, 4);False;1;38
;(12, 3);Idle;(3, 4);False;1;39
;(12, 3);Idle;(3, 4);False;1;40
;(12, 3);Idle;(3, 4);False;1;41
MoveNorth;(12, 2);Idle;(3, 4);False;1;42
;(12, 2);Idle;(3, 4);False;1;43
;(12, 2);Idle;(3, 4);False;1;44
;(12, 2);Idle;(3, 4);False;1;45
;(12, 2);Idle;(3, 4);False;1;46
MoveWest;(11, 2);Idle;(3, 4);False;1;47
;(11, 2);Idle;(3, 4);False;1;48
;(11, 2);Idle;(3, 4);False;1;49
;(11, 2);Idle;(3, 4);False;1;50
;(11, 2);Idle;(3, 4);False;1;51
;(11, 2);Idle;(3, 4);False;1;52
;(11, 2);Idle;(3, 4);False;1;53
;(11, 2);Idle;(3, 4);False;1;54
;(11, 2);Idle;(3, 4);False;1;55
MoveWest;(10, 2);Idle;(3, 4);False;1;56
;(10, 2);Idle;(3, 4);False;1;57
;(10, 2);Idle;(3, 4);False;1;58
;(10, 2);Idle;(3, 4);False;1;59
;(10, 2);Idle;(3, 4);False;1;60
;(10, 2);Idle;(3, 4);False;1;61
;(10, 2);Idle;(3, 4);False;1;62
;(10, 2);Idle;(3, 4);False;1;63
;(10, 2);Idle;(3, 4);False;1;64
;(10, 2);Idle;(3, 4);False;1;65
;(10, 2);Idle;(3, 4);False;1;66
;(10, 2);Idle;(3, 4);False;1;67
;(10, 2);;(3, 4);False;1;68
;(10, 2);MoveEast;(3, 4);False;1;69
;(10, 2);MoveEast;(3, 4);False;1;70
;(10, 2);MoveEast;(3, 4);False;1;71
;(10, 2);MoveEast;(3, 4);False;1;72
;(10, 2);MoveEast;(3, 4);False;1;73
;(10, 2);MoveEast;(3, 4);False;1;74
;(10, 2);MoveEast;(3, 4);False;1;75
;(10, 2);MoveEast;(3, 4);False;1;76
;(10, 2);MoveEast;(3, 4);False;1;77
;(10, 2);MoveEast;(3, 4);False;1;78
;(10, 2);MoveEast;(4, 4);False;1;79
;(10, 2);MoveEast;(4, 4);False;1;80
;(10, 2);MoveEast;(4, 4);False;1;81
;(10, 2);MoveEast;(4, 4);False;1;82
;(10, 2);MoveEast;(4, 4);False;1;83
;(10, 2);MoveEast;(4, 4);False;1;84
;(10, 2);MoveEast;(4, 4);False;1;85
;(10, 2);MoveEast;(4, 4);False;1;86
;(10, 2);MoveEast;(4, 4);False;1;87
;(10, 2);MoveEast;(4, 4);False;1;88
;(10, 2);MoveEast;(4, 4);False;1;89
;(10, 2);MoveEast;(5, 4);False;1;90
;(10, 2);MoveEast;(5, 4);False;1;91
;(10, 2);MoveEast;(5, 4);False;1;92
MoveSouth;(10, 3);MoveEast;(5, 4);False;1;93
;(10, 3);MoveEast;(5, 4);False;1;94
;(10, 3);MoveEast;(5, 4);False;1;95
;(10, 3);MoveEast;(5, 4);False;1;96
;(10, 3);MoveEast;(5, 4);False;1;97
;(10, 3);MoveEast;(5, 4);False;1;98
;(10, 3);MoveEast;(5, 4);False;1;99
;(10, 3);MoveEast;(5, 4);False;1;100
;(10, 3);MoveEast;(6, 4);False;1;101
MoveSouth;(10, 4);MoveNorthEast;(6, 4);False;1;102
MoveSouth;(10, 5);MoveNorthEast;(6, 4);False;1;103
MoveSouth;(10, 6);MoveNorthEast;(6, 4);False;1;104
MoveSouth;(10, 7);MoveNorthEast;(6, 4);False;1;105
MoveSouth;(10, 8);MoveNorthEast;(6, 4);False;1;106
MoveSouth;(10, 9);MoveNorthEast;(6, 4);False;1;107
MoveSouth;(10, 10);MoveNorthEast;(6, 4);False;1;108
;(10, 10);MoveNorthEast;(6, 4);False;1;109
;(10, 10);MoveNorthEast;(6, 4);False;1;110
MoveSouth;(10, 11);MoveNorthEast;(6, 4);False;1;111
;(10, 11);MoveNorthEast;(7, 3);False;1;112
;(10, 11);MoveEast;(7, 3);False;1;113
;(10, 11);MoveEast;(7, 3);False;1;114
;(10, 11);MoveEast;(7, 3);False;1;115
;(10, 11);MoveEast;(7, 3);False;1;116
;(10, 11);MoveEast;(7, 3);False;1;117
MoveNorth;(10, 10);MoveEast;(7, 3);False;1;118
;(10, 10);MoveEast;(7, 3);False;1;119
;(10, 10);MoveEast;(7, 3);False;1;120
;(10, 10);MoveEast;(7, 3);False;1;121
MoveNorth;(10, 9);MoveEast;(7, 3);False;1;122
;(10, 9);MoveEast;(8, 3);False;1;123
;(10, 9);MoveNorthEast;(8, 3);False;1;124
;(10, 9);MoveNorthEast;(8, 3);False;1;125
;(10, 9);MoveNorthEast;(8, 3);False;1;126
;(10, 9);MoveNorthEast;(8, 3);False;1;127
;(10, 9);MoveNorthEast;(8, 3);False;1;128
;(10, 9);MoveNorthEast;(8, 3);False;1;129
GrabObject;(10, 9);MoveNorthEast;(8, 3);False;1;130
;(10, 9);MoveNorthEast;(8, 3);False;1;131
;(10, 9);MoveNorthEast;(8, 3);False;1;132
MoveWest;(9, 9);MoveNorthEast;(8, 3);False;1;133
;(9, 9);MoveNorthEast;(9, 2);False;1;134
;(9, 9);MoveEast;(9, 2);False;1;135
;(9, 9);MoveEast;(9, 2);False;1;136
;(9, 9);MoveEast;(9, 2);False;1;137
;(9, 9);MoveEast;(9, 2);False;1;138
;(9, 9);MoveEast;(9, 2);False;1;139
;(9, 9);MoveEast;(9, 2);False;1;140
;(9, 9);MoveEast;(9, 2);False;1;141
MoveWest;(8, 9);MoveEast;(9, 2);False;1;142
MoveWest;(7, 9);MoveEast;(9, 2);False;1;143
MoveWest;(6, 9);MoveEast;(9, 2);False;1;144
MoveWest;(5, 9);MoveEast;(10, 2);False;1;145
MoveWest;(4, 9);GrabObject;(10, 2);False;1;146
MoveWest;(3, 9);GrabObject;(10, 2);False;1;147
MoveWest;(2, 9);GrabObject;(10, 2);False;1;148
MoveWest;(1, 9);GrabObject;(10, 2);False;1;149
MoveWest;(0, 9);GrabObject;(10, 2);False;1;150
;(0, 9);GrabObject;(10, 2);False;1;151
;(0, 9);GrabObject;(10, 2);False;1;152
;(0, 9);GrabObject;(10, 2);False;1;153
;(0, 9);GrabObject;(10, 2);False;1;154
;(0, 9);GrabObject;(10, 2);False;1;155
;(0, 9);GrabObject;(10, 2);False;1;156
;(0, 9);;(10, 2);False;1;157
;(0, 9);MoveWest;(10, 2);False;1;158
;(0, 9);MoveWest;(10, 2);False;1;159
DropObject;(0, 9);MoveWest;(10, 2);False;1;160
;(0, 9);MoveWest;(10, 2);False;1;161
;(0, 9);MoveWest;(10, 2);False;1;162
;(0, 9);MoveWest;(10, 2);False;1;163
;(0, 9);MoveWest;(10, 2);False;1;164
MoveEast;(1, 9);MoveWest;(10, 2);False;1;165
;(1, 9);MoveWest;(10, 2);False;1;166
;(1, 9);MoveWest;(10, 2);False;1;167
;(1, 9);MoveWest;(9, 2);False;1;168
;(1, 9);MoveWest;(9, 2);False;1;169
;(1, 9);MoveWest;(9, 2);False;1;170
;(1, 9);MoveWest;(9, 2);False;1;171
;(1, 9);MoveWest;(9, 2);False;1;172
;(1, 9);MoveWest;(9, 2);False;1;173
;(1, 9);MoveWest;(9, 2);False;1;174
MoveEast;(2, 9);MoveWest;(9, 2);False;1;175
MoveEast;(3, 9);MoveWest;(9, 2);False;1;176
MoveEast;(4, 9);MoveWest;(9, 2);False;1;177
MoveEast;(5, 9);MoveWest;(9, 2);False;1;178
;(5, 9);MoveWest;(8, 2);False;1;179
;(5, 9);MoveWest;(8, 2);False;1;180
;(5, 9);MoveWest;(8, 2);False;1;181
MoveEast;(6, 9);MoveWest;(8, 2);False;1;182
;(6, 9);MoveWest;(8, 2);False;1;183
;(6, 9);MoveWest;(8, 2);False;1;184
;(6, 9);MoveWest;(8, 2);False;1;185
;(6, 9);MoveWest;(8, 2);False;1;186
MoveEast;(7, 9);MoveWest;(8, 2);False;1;187
;(7, 9);MoveWest;(8, 2);False;1;188
;(7, 9);MoveWest;(8, 2);False;1;189
;(7, 9);MoveWest;(7, 2);False;1;190
;(7, 9);MoveWest;(7, 2);False;1;191
MoveSouth;(7, 10);MoveWest;(7, 2);False;1;192
;(7, 10);MoveWest;(7, 2);False;1;193
;(7, 10);MoveWest;(7, 2);False;1;194
;(7, 10);MoveWest;(7, 2);False;1;195
;(7, 10);MoveWest;(7, 2);False;1;196
;(7, 10);MoveWest;(7, 2);False;1;197
;(7, 10);MoveWest;(7, 2);False;1;198
MoveWest;(6, 10);MoveWest;(7, 2);False;1;199
;(6, 10);MoveWest;(7, 2);False;1;200
;(6, 10);MoveWest;(6, 2);False;1;201
;(6, 10);MoveWest;(6, 2);False;1;202
;(6, 10);MoveWest;(6, 2);False;1;203
GrabObject;(6, 10);MoveWest;(6, 2);False;1;204
;(6, 10);MoveWest;(6, 2);False;1;205
;(6, 10);MoveWest;(6, 2);False;1;206
MoveWest;(5, 10);MoveWest;(6, 2);False;1;207
;(5, 10);MoveWest;(6, 2);False;1;208
;(5, 10);MoveWest;(6, 2);False;1;209
;(5, 10);MoveWest;(6, 2);False;1;210
;(5, 10);MoveWest;(6, 2);False;1;211
;(5, 10);MoveWest;(5, 2);False;1;212
;(5, 10);MoveNorthWest;(5, 2);False;1;213
;(5, 10);MoveNorthWest;(5, 2);False;1;214
;(5, 10);MoveNorthWest;(5, 2);False;1;215
;(5, 10);MoveNorthWest;(5, 2);False;1;216
MoveWest;(4, 10);MoveNorthWest;(5, 2);False;1;217
MoveWest;(3, 10);MoveNorthWest;(5, 2);False;1;218
MoveWest;(2, 10);MoveNorthWest;(5, 2);False;1;219
MoveWest;(1, 10);MoveNorthWest;(5, 2);False;1;220
MoveWest;(0, 10);MoveNorthWest;(5, 2);False;1;221
MoveWest;(0, 10);MoveNorthWest;(5, 2);False;1;222
;(0, 10);MoveNorthWest;(4, 1);False;1;223
;(0, 10);MoveWest;(4, 1);False;1;224
;(0, 10);MoveWest;(4, 1);False;1;225
;(0, 10);MoveWest;(4, 1);False;1;226
;(0, 10);MoveWest;(4, 1);False;1;227
DropObject;(0, 10);MoveWest;(4, 1);False;1;228
;(0, 10);MoveWest;(4, 1);False;1;229
;(0, 10);MoveWest;(4, 1);False;1;230
;(0, 10);MoveWest;(4, 1);False;1;231
MoveEast;(1, 10);MoveWest;(4, 1);False;1;232
;(1, 10);MoveWest;(4, 1);False;1;233
;(1, 10);MoveWest;(3, 1);False;1;234
;(1, 10);MoveNorthWest;(3, 1);False;1;235
;(1, 10);MoveNorthWest;(3, 1);False;1;236
;(1, 10);MoveNorthWest;(3, 1);False;1;237
;(1, 10);MoveNorthWest;(3, 1);False;1;238
;(1, 10);MoveNorthWest;(3, 1);False;1;239
MoveEast;(2, 10);MoveNorthWest;(3, 1);False;1;240
;(2, 10);MoveNorthWest;(3, 1);False;1;241
;(2, 10);MoveNorthWest;(3, 1);False;1;242
MoveEast;(3, 10);MoveNorthWest;(3, 1);False;1;243
;(3, 10);MoveNorthWest;(3, 1);False;1;244
;(3, 10);MoveNorthWest;(2, 0);False;1;245
MoveEast;(4, 10);MoveWest;(2, 0);False;1;246
;(4, 10);MoveWest;(2, 0);False;1;247
;(4, 10);MoveWest;(2, 0);False;1;248
MoveEast;(5, 10);MoveWest;(2, 0);False;1;249
;(5, 10);MoveWest;(2, 0);False;1;250
MoveEast;(6, 10);MoveWest;(2, 0);False;1;251
;(6, 10);MoveWest;(2, 0);False;1;252
;(6, 10);MoveWest;(2, 0);False;1;253
;(6, 10);MoveWest;(2, 0);False;1;254
MoveEast;(7, 10);MoveWest;(2, 0);False;1;255
;(7, 10);MoveWest;(1, 0);False;1;256
;(7, 10);DropObject;(1, 0);False;1;257
;(7, 10);DropObject;(1, 0);False;1;258
;(7, 10);DropObject;(1, 0);False;1;259
;(7, 10);DropObject;(1, 0);False;1;260
;(7, 10);DropObject;(1, 0);False;1;261
;(7, 10);DropObject;(1, 0);False;1;262
;(7, 10);DropObject;(1, 0);False;1;263
;(7, 10);DropObject;(1, 0);False;1;264
;(7, 10);DropObject;(1, 0);False;1;265
;(7, 10);DropObject;(1, 0);False;1;266
;(7, 10);DropObject;(1, 0);False;1;267
;(7, 10);;(1, 0);False;1;268
;(7, 10);MoveEast;(1, 0);False;1;269
;(7, 10);MoveEast;(1, 0);False;1;270
;(7, 10);MoveEast;(1, 0);False;1;271
;(7, 10);MoveEast;(1, 0);False;1;272
;(7, 10);MoveEast;(1, 0);False;1;273
;(7, 10);MoveEast;(1, 0);False;1;274
;(7, 10);MoveEast;(1, 0);False;1;275
;(7, 10);MoveEast;(1, 0);False;1;276
;(7, 10);MoveEast;(1, 0);False;1;277
;(7, 10);MoveEast;(1, 0);False;1;278
;(7, 10);MoveEast;(2, 0);False;1;279
;(7, 10);MoveEast;(2, 0);False;1;280
;(7, 10);MoveEast;(2, 0);False;1;281
;(7, 10);MoveEast;(2, 0);False;1;282
;(7, 10);MoveEast;(2, 0);False;1;283
;(7, 10);MoveEast;(2, 0);False;1;284
;(7, 10);MoveEast;(2, 0);False;1;285
;(7, 10);MoveEast;(2, 0);False;1;286
;(7, 10);MoveEast;(2, 0);False;1;287
;(7, 10);MoveEast;(2, 0);False;1;288
;(7, 10);MoveEast;(2, 0);False;1;289
;(7, 10);MoveEast;(3, 0);False;1;290
MoveEast;(8, 10);MoveEast;(3, 0);False;1;291
;(8, 10);MoveEast;(3, 0);False;1;292
;(8, 10);MoveEast;(3, 0);False;1;293
;(8, 10);MoveEast;(3, 0);False;1;294
;(8, 10);MoveEast;(3, 0);False;1;295
;(8, 10);MoveEast;(3, 0);False;1;296
;(8, 10);MoveEast;(3, 0);False;1;297
MoveNorth;(8, 9);MoveEast;(3, 0);False;1;298
;(8, 9);MoveEast;(3, 0);False;1;299
;(8, 9);MoveEast;(3, 0);False;1;300
;(8, 9);MoveEast;(4, 0);False;1;301
;(8, 9);MoveSouthEast;(4, 0);False;1;302
;(8, 9);MoveSouthEast;(4, 0);False;1;303
;(8, 9);MoveSouthEast;(4, 0);False;1;304
;(8, 9);MoveSouthEast;(4, 0);False;1;305
;(8, 9);MoveSouthEast;(4, 0);False;1;306
MoveWest;(7, 9);MoveSouthEast;(4, 0);False;1;307
;(7, 9);MoveSouthEast;(4, 0);False;1;308
;(7, 9);MoveSouthEast;(4, 0);False;1;309
;(7, 9);MoveSouthEast;(4, 0);False;1;310
;(7, 9);MoveSouthEast;(4, 0);False;1;311
;(7, 9);MoveSouthEast;(5, 1);False;1;312
;(7, 9);MoveSouthEast;(5, 1);False;1;313
MoveNorth;(7, 8);MoveSouthEast;(5, 1);False;1;314
;(7, 8);MoveSouthEast;(5, 1);False;1;315
;(7, 8);MoveSouthEast;(5, 1);False;1;316
;(7, 8);MoveSouthEast;(5, 1);False;1;317
;(7, 8);MoveSouthEast;(5, 1);False;1;318
MoveNorth;(7, 7);MoveSouthEast;(5, 1);False;1;319
;(7, 7);MoveSouthEast;(5, 1);False;1;320
;(7, 7);MoveSouthEast;(5, 1);False;1;321
MoveNorth;(7, 6);MoveSouthEast;(5, 1);False;1;322
;(7, 6);MoveSouthEast;(6, 2);False;1;323
;(7, 6);MoveSouthEast;(6, 2);False;1;324
;(7, 6);MoveSouthEast;(6, 2);False;1;325
MoveNorth;(7, 5);MoveSouthEast;(6, 2);False;1;326
;(7, 5);MoveSouthEast;(6, 2);False;1;327
;(7, 5);MoveSouthEast;(6, 2);False;1;328
;(7, 5);MoveSouthEast;(6, 2);False;1;329
MoveEast;(8, 5);MoveSouthEast;(6, 2);False;1;330
;(8, 5);MoveSouthEast;(6, 2);False;1;331
;(8, 5);MoveSouthEast;(6, 2);False;1;332
;(8, 5);MoveSouthEast;(6, 2);False;1;333
;(8, 5);MoveSouthEast;(7, 3);False;1;334
MoveEast;(9, 5);MoveEast;(7, 3);False;1;335
;(9, 5);MoveEast;(7, 3);False;1;336
;(9, 5);MoveEast;(7, 3);False;1;337
;(9, 5);MoveEast;(7, 3);False;1;338
;(9, 5);MoveEast;(7, 3);False;1;339
;(9, 5);MoveEast;(7, 3);False;1;340
;(9, 5);MoveEast;(7, 3);False;1;341
GrabObject;(9, 5);MoveEast;(7, 3);False;1;342
;(9, 5);MoveEast;(7, 3);False;1;343
MoveWest;(8, 5);MoveEast;(7, 3);False;1;344
;(8, 5);MoveEast;(8, 3);False;1;345
;(8, 5);MoveEast;(8, 3);False;1;346
;(8, 5);MoveEast;(8, 3);False;1;347
;(8, 5);MoveEast;(8, 3);False;1;348
;(8, 5);MoveEast;(8, 3);False;1;349
;(8, 5);MoveEast;(8, 3);False;1;350
;(8, 5);MoveEast;(8, 3);False;1;351
;(8, 5);MoveEast;(8, 3);False;1;352
;(8, 5);MoveEast;(8, 3);False;1;353
MoveWest;(7, 5);MoveEast;(8, 3);False;1;354
MoveWest;(6, 5);MoveEast;(8, 3);False;1;355
MoveWest;(5, 5);MoveEast;(9, 3);False;1;356
MoveWest;(4, 5);MoveEast;(9, 3);False;1;357
MoveWest;(3, 5);MoveEast;(9, 3);False;1;358
MoveWest;(2, 5);MoveEast;(9, 3);False;1;359
MoveWest;(1, 5);MoveEast;(9, 3);False;1;360
MoveWest;(0, 5);MoveEast;(9, 3);False;1;361
MoveWest;(0, 5);MoveEast;(9, 3);False;1;362
MoveWest;(0, 5);MoveEast;(9, 3);False;1;363
MoveWest;(0, 5);MoveEast;(9, 3);False;1;364
MoveWest;(0, 5);MoveEast;(9, 3);False;1;365
;(0, 5);MoveEast;(9, 3);False;1;366
DropObject;(0, 5);MoveEast;(10, 3);False;1;367
;(0, 5);GrabObject;(10, 3);False;1;368
;(0, 5);GrabObject;(10, 3);False;1;369
;(0, 5);GrabObject;(10, 3);False;1;370
;(0, 5);GrabObject;(10, 3);False;1;371
MoveEast;(1, 5);GrabObject;(10, 3);False;1;372
;(1, 5);GrabObject;(10, 3);False;1;373
;(1, 5);GrabObject;(10, 3);False;1;374
;(1, 5);GrabObject;(10, 3);False;1;375
MoveEast;(2, 5);GrabObject;(10, 3);False;1;376
;(2, 5);GrabObject;(10, 3);False;1;377
;(2, 5);GrabObject;(10, 3);False;1;378
MoveEast;(3, 5);;(10, 3);False;1;379
;(3, 5);MoveWest;(10, 3);False;1;380
;(3, 5);MoveWest;(10, 3);False;1;381
MoveEast;(4, 5);MoveWest;(10, 3);False;1;382
;(4, 5);MoveWest;(10, 3);False;1;383
;(4, 5);MoveWest;(10, 3);False;1;384
MoveEast;(5, 5);MoveWest;(10, 3);False;1;385
;(5, 5);MoveWest;(10, 3);False;1;386
;(5, 5);MoveWest;(10, 3);False;1;387
MoveEast;(6, 5);MoveWest;(10, 3);False;1;388
;(6, 5);MoveWest;(10, 3);False;1;389
;(6, 5);MoveWest;(9, 3);False;1;390
MoveEast;(7, 5);MoveWest;(9, 3);False;1;391
;(7, 5);MoveWest;(9, 3);False;1;392
;(7, 5);MoveWest;(9, 3);False;1;393
MoveEast;(8, 5);MoveWest;(9, 3);False;1;394
;(8, 5);MoveWest;(9, 3);False;1;395
;(8, 5);MoveWest;(9, 3);False;1;396
;(8, 5);MoveWest;(9, 3);False;1;397
;(8, 5);MoveWest;(9, 3);False;1;398
;(8, 5);MoveWest;(9, 3);False;1;399
;(8, 5);MoveWest;(9, 3);False;1;400
GrabObject;(8, 5);MoveWest;(8, 3);False;1;401
MoveWest;(7, 5);MoveWest;(8, 3);False;1;402
;(7, 5);MoveWest;(8, 3);False;1;403
;(7, 5);MoveWest;(8, 3);False;1;404
;(7, 5);MoveWest;(8, 3);False;1;405
;(7, 5);MoveWest;(8, 3);False;1;406
;(7, 5);MoveWest;(8, 3);False;1;407
;(7, 5);MoveWest;(8, 3);False;1;408
;(7, 5);MoveWest;(8, 3);False;1;409
;(7, 5);MoveWest;(8, 3);False;1;410
;(7, 5);MoveWest;(8, 3);False;1;411
;(7, 5);MoveWest;(7, 3);False;1;412
MoveWest;(6, 5);MoveWest;(7, 3);False;1;413
MoveWest;(5, 5);MoveWest;(7, 3);False;1;414
MoveWest;(4, 5);MoveWest;(7, 3);False;1;415
MoveWest;(3, 5);MoveWest;(7, 3);False;1;416
MoveWest;(2, 5);MoveWest;(7, 3);False;1;417
MoveWest;(1, 5);MoveWest;(7, 3);False;1;418
MoveWest;(0, 5);MoveWest;(7, 3);False;1;419
MoveWest;(0, 5);MoveWest;(7, 3);False;1;420
MoveWest;(0, 5);MoveWest;(7, 3);False;1;421
MoveWest;(0, 5);MoveWest;(7, 3);False;1;422
MoveWest;(0, 5);MoveWest;(6, 3);False;1;423
;(0, 5);MoveWest;(6, 3);False;1;424
;(0, 5);MoveWest;(6, 3);False;1;425
DropObject;(0, 5);MoveWest;(6, 3);False;1;426
;(0, 5);MoveWest;(6, 3);False;1;427
;(0, 5);MoveWest;(6, 3);False;1;428
;(0, 5);MoveWest;(6, 3);False;1;429
;(0, 5);MoveWest;(6, 3);False;1;430
;(0, 5);MoveWest;(6, 3);False;1;431
;(0, 5);MoveWest;(6, 3);False;1;432
;(0, 5);MoveWest;(6, 3);False;1;433
;(0, 5);MoveWest;(5, 3);False;1;434
MoveEast;(1, 5);MoveNorthWest;(5, 3);False;1;435
;(1, 5);MoveNorthWest;(5, 3);False;1;436
;(1, 5);MoveNorthWest;(5, 3);False;1;437
;(1, 5);MoveNorthWest;(5, 3);False;1;438
MoveEast;(2, 5);MoveNorthWest;(5, 3);False;1;439
;(2, 5);MoveNorthWest;(5, 3);False;1;440
;(2, 5);MoveNorthWest;(5, 3);False;1;441
;(2, 5);MoveNorthWest;(5, 3);False;1;442
;(2, 5);MoveNorthWest;(5, 3);False;1;443
;(2, 5);MoveNorthWest;(5, 3);False;1;444
;(2, 5);MoveNorthWest;(4, 2);False;1;445
;(2, 5);MoveWest;(4, 2);False;1;446
;(2, 5);MoveWest;(4, 2);False;1;447
MoveEast;(3, 5);MoveWest;(4, 2);False;1;448
MoveEast;(4, 5);MoveWest;(4, 2);False;1;449
MoveEast;(5, 5);MoveWest;(4, 2);False;1;450
MoveEast;(6, 5);MoveWest;(4, 2);False;1;451
MoveEast;(7, 5);MoveWest;(4, 2);False;1;452
MoveEast;(8, 5);MoveWest;(4, 2);False;1;453
MoveEast;(9, 5);MoveWest;(4, 2);False;1;454
MoveEast;(10, 5);MoveWest;(4, 2);False;1;455
MoveEast;(11, 5);MoveWest;(3, 2);False;1;456
;(11, 5);MoveNorthWest;(3, 2);False;1;457
;(11, 5);MoveNorthWest;(3, 2);False;1;458
MoveEast;(12, 5);MoveNorthWest;(3, 2);False;1;459
;(12, 5);MoveNorthWest;(3, 2);False;1;460
;(12, 5);MoveNorthWest;(3, 2);False;1;461
;(12, 5);MoveNorthWest;(3, 2);False;1;462
;(12, 5);MoveNorthWest;(3, 2);False;1;463
MoveNorth;(12, 4);MoveNorthWest;(3, 2);False;1;464
;(12, 4);MoveNorthWest;(3, 2);False;1;465
;(12, 4);MoveNorthWest;(3, 2);False;1;466
;(12, 4);MoveNorthWest;(2, 1);False;1;467
;(12, 4);MoveWest;(2, 1);False;1;468
;(12, 4);MoveWest;(2, 1);False;1;469
;(12, 4);MoveWest;(2, 1);False;1;470
MoveWest;(11, 4);MoveWest;(2, 1);False;1;471
;(11, 4);MoveWest;(2, 1);False;1;472
;(11, 4);MoveWest;(2, 1);False;1;473
;(11, 4);MoveWest;(2, 1);False;1;474
;(11, 4);MoveWest;(2, 1);False;1;475
;(11, 4);MoveWest;(2, 1);False;1;476
;(11, 4);MoveWest;(2, 1);False;1;477
;(11, 4);MoveWest;(1, 1);False;1;478
;(11, 4);DropObject;(1, 1);False;1;479
MoveWest;(10, 4);DropObject;(1, 1);False;1;480
;(10, 4);DropObject;(1, 1);False;1;481
;(10, 4);DropObject;(1, 1);False;1;482
;(10, 4);DropObject;(1, 1);False;1;483
GrabObject;(10, 4);DropObject;(1, 1);False;1;484
;(10, 4);DropObject;(1, 1);False;1;485
;(10, 4);DropObject;(1, 1);False;1;486
;(10, 4);DropObject;(1, 1);False;1;487
MoveWest;(9, 4);DropObject;(1, 1);False;1;488
;(9, 4);DropObject;(1, 1);False;1;489
;(9, 4);;(1, 1);False;1;490
;(9, 4);Idle;(1, 1);False;1;491
;(9, 4);Idle;(1, 1);False;1;492
;(9, 4);Idle;(1, 1);False;1;493
;(9, 4);Idle;(1, 1);False;1;494
;(9, 4);Idle;(1, 1);False;1;495
;(9, 4);Idle;(1, 1);False;1;496
MoveWest;(8, 4);Idle;(1, 1);False;1;497
MoveWest;(7, 4);Idle;(1, 1);False;1;498
MoveWest;(6, 4);Idle;(1, 1);False;1;499
MoveWest;(5, 4);Idle;(1, 1);False;1;500
MoveWest;(4, 4);Idle;(1, 1);False;1;501
MoveWest;(3, 4);Idle;(1, 1);False;1;502
MoveWest;(2, 4);Idle;(1, 1);False;1;503
MoveWest;(1, 4);Idle;(1, 1);False;1;504
MoveWest;(0, 4);Idle;(1, 1);False;1;505
MoveWest;(0, 4);Idle;(1, 1);False;1;506
MoveWest;(0, 4);Idle;(1, 1);False;1;507
MoveWest;(0, 4);Idle;(1, 1);False;1;508
MoveWest;(0, 4);Idle;(1, 1);False;1;509
MoveWest;(0, 4);Idle;(1, 1);False;1;510
MoveWest;(0, 4);Idle;(1, 1);False;1;511
DropObject;(0, 4);Idle;(1, 1);False;1;512
;(0, 4);Idle;(1, 1);False;1;513
;(0, 4);Idle;(1, 1);False;1;514
;(0, 4);Idle;(1, 1);False;1;515
;(0, 4);Idle;(1, 1);False;1;516
MoveEast;(1, 4);Idle;(1, 1);False;1;517
;(1, 4);Idle;(1, 1);False;1;518
;(1, 4);Idle;(1, 1);False;1;519
;(1, 4);Idle;(1, 1);False;1;520
;(1, 4);Idle;(1, 1);False;1;521
;(1, 4);Idle;(1, 1);False;1;522
;(1, 4);Idle;(1, 1);False;1;523
;(1, 4);Idle;(1, 1);False;1;524
;(1, 4);Idle;(1, 1);False;1;525
MoveEast;(2, 4);Idle;(1, 1);False;1;526
MoveEast;(3, 4);Idle;(1, 1);False;1;527
MoveEast;(4, 4);Idle;(1, 1);False;1;528
MoveEast;(5, 4);Idle;(1, 1);False;1;529
MoveEast;(6, 4);Idle;(1, 1);False;1;530
MoveEast;(7, 4);Idle;(1, 1);False;1;531
MoveEast;(8, 4);Idle;(1, 1);False;1;532
MoveEast;(9, 4);Idle;(1, 1);False;1;533
MoveEast;(10, 4);Idle;(1, 1);False;1;534
MoveEast;(11, 4);Idle;(1, 1);False;1;535
MoveEast;(12, 4);Idle;(1, 1);False;1;536
;(12, 4);Idle;(1, 1);False;1;537
;(12, 4);Idle;(1, 1);False;1;538
;(12, 4);Idle;(1, 1);False;1;539
;(12, 4);Idle;(1, 1);False;1;540
;(12, 4);Idle;(1, 1);False;1;541
;(12, 4);Idle;(1, 1);False;1;542
;(12, 4);Idle;(1, 1);False;1;543
;(12, 4);Idle;(1, 1);False;1;544
MoveWest;(11, 4);Idle;(1, 1);False;1;545
;(11, 4);;(1, 1);False;1;546
;(11, 4);Idle;(1, 1);False;1;547
GrabObject;(11, 4);Idle;(1, 1);False;1;548
;(11, 4);Idle;(1, 1);False;1;549
MoveWest;(10, 4);Idle;(1, 1);False;1;550
;(10, 4);Idle;(1, 1);False;1;551
;(10, 4);Idle;(1, 1);False;1;552
;(10, 4);Idle;(1, 1);False;1;553
;(10, 4);Idle;(1, 1);False;1;554
;(10, 4);Idle;(1, 1);False;1;555
;(10, 4);Idle;(1, 1);False;1;556
;(10, 4);Idle;(1, 1);False;1;557
;(10, 4);Idle;(1, 1);False;1;558
;(10, 4);Idle;(1, 1);False;1;559
;(10, 4);Idle;(1, 1);False;1;560
MoveWest;(9, 4);Idle;(1, 1);False;1;561
MoveWest;(8, 4);Idle;(1, 1);False;1;562
MoveWest;(7, 4);Idle;(1, 1);False;1;563
MoveWest;(6, 4);Idle;(1, 1);False;1;564
MoveWest;(5, 4);Idle;(1, 1);False;1;565
MoveWest;(4, 4);Idle;(1, 1);False;1;566
MoveWest;(3, 4);Idle;(1, 1);False;1;567
MoveWest;(2, 4);Idle;(1, 1);False;1;568
MoveWest;(1, 4);Idle;(1, 1);False;1;569
MoveWest;(0, 4);Idle;(1, 1);False;1;570
MoveWest;(0, 4);Idle;(1, 1);False;1;571
MoveWest;(0, 4);Idle;(1, 1);False;1;572
MoveWest;(0, 4);Idle;(1, 1);False;1;573
MoveWest;(0, 4);Idle;(1, 1);False;1;574
;(0, 4);Idle;(1, 1);False;1;575
DropObject;(0, 4);Idle;(1, 1);False;1;576
;(0, 4);Idle;(1, 1);False;1;577
;(0, 4);Idle;(1, 1);False;1;578
;(0, 4);Idle;(1, 1);False;1;579
;(0, 4);Idle;(1, 1);False;1;580
;(0, 4);Idle;(1, 1);False;1;581
;(0, 4);Idle;(1, 1);False;1;582
;(0, 4);Idle;(1, 1);False;1;583
;(0, 4);Idle;(1, 1);False;1;584
;(0, 4);Idle;(1, 1);False;1;585
;(0, 4);Idle;(1, 1);False;1;586
;(0, 4);Idle;(1, 1);False;1;587
;(0, 4);Idle;(1, 1);False;1;588
MoveEast;(1, 4);Idle;(1, 1);False;1;589
;(1, 4);Idle;(1, 1);False;1;590
;(1, 4);Idle;(1, 1);False;1;591
;(1, 4);Idle;(1, 1);False;1;592
;(1, 4);Idle;(1, 1);False;1;593
;(1, 4);Idle;(1, 1);False;1;594
;(1, 4);Idle;(1, 1);False;1;595
;(1, 4);Idle;(1, 1);False;1;596
;(1, 4);Idle;(1, 1);False;1;597
;(1, 4);Idle;(1, 1);False;1;598
MoveEast;(2, 4);Idle;(1, 1);False;1;599
MoveEast;(3, 4);Idle;(1, 1);False;1;600
MoveEast;(4, 4);Idle;(1, 1);False;1;601
MoveEast;(5, 4);;(1, 1);False;1;602
MoveEast;(6, 4);MoveEast;(1, 1);False;1;603
MoveEast;(7, 4);MoveEast;(1, 1);False;1;604
MoveEast;(8, 4);MoveEast;(1, 1);False;1;605
MoveEast;(9, 4);MoveEast;(1, 1);False;1;606
MoveEast;(10, 4);MoveEast;(1, 1);False;1;607
;(10, 4);MoveEast;(1, 1);False;1;608
;(10, 4);MoveEast;(1, 1);False;1;609
;(10, 4);MoveEast;(1, 1);False;1;610
;(10, 4);MoveEast;(1, 1);False;1;611
;(10, 4);MoveEast;(1, 1);False;1;612
;(10, 4);MoveEast;(2, 1);False;1;613
;(10, 4);MoveEast;(2, 1);False;1;614
;(10, 4);MoveEast;(2, 1);False;1;615
;(10, 4);MoveEast;(2, 1);False;1;616
;(10, 4);MoveEast;(2, 1);False;1;617
;(10, 4);MoveEast;(2, 1);False;1;618
;(10, 4);MoveEast;(2, 1);False;1;619
;(10, 4);MoveEast;(2, 1);False;1;620
;(10, 4);MoveEast;(2, 1);False;1;621
;(10, 4);MoveEast;(2, 1);False;1;622
;(10, 4);MoveEast;(2, 1);False;1;623
;(10, 4);MoveEast;(3, 1);False;1;624
;(10, 4);MoveWest;(3, 1);False;1;625
;(10, 4);MoveWest;(3, 1);False;1;626
;(10, 4);MoveWest;(3, 1);False;1;627
;(10, 4);MoveWest;(3, 1);False;1;628
;(10, 4);MoveWest;(3, 1);False;1;629
;(10, 4);MoveWest;(3, 1);False;1;630
;(10, 4);MoveWest;(3, 1);False;1;631
;(10, 4);MoveWest;(3, 1);False;1;632
;(10, 4);MoveWest;(3, 1);False;1;633
;(10, 4);MoveWest;(3, 1);False;1;634
;(10, 4);MoveWest;(2, 1);False;1;635
;(10, 4);MoveWest;(2, 1);False;1;636
;(10, 4);MoveWest;(2, 1);False;1;637
;(10, 4);MoveWest;(2, 1);False;1;638
;(10, 4);MoveWest;(2, 1);False;1;639
;(10, 4);MoveWest;(2, 1);False;1;640
;(10, 4);MoveWest;(2, 1);False;1;641
;(10, 4);MoveWest;(2, 1);False;1;642
;(10, 4);MoveWest;(2, 1);False;1;643
;(10, 4);MoveWest;(2, 1);False;1;644
;(10, 4);MoveWest;(2, 1);False;1;645
;(10, 4);MoveWest;(1, 1);False;1;646
;(10, 4);MoveEast;(1, 1);False;1;647
;(10, 4);MoveEast;(1, 1);False;1;648
;(10, 4);MoveEast;(1, 1);False;1;649
;(10, 4);MoveEast;(1, 1);False;1;650
;(10, 4);MoveEast;(1, 1);False;1;651
;(10, 4);MoveEast;(1, 1);False;1;652
;(10, 4);MoveEast;(1, 1);False;1;653
;(10, 4);MoveEast;(1, 1);False;1;654
;(10, 4);MoveEast;(1, 1);False;1;655
;(10, 4);MoveEast;(1, 1);False;1;656
;(10, 4);MoveEast;(2, 1);False;1;657
;(10, 4);MoveEast;(2, 1);False;1;658
;(10, 4);MoveEast;(2, 1);False;1;659
;(10, 4);MoveEast;(2, 1);False;1;660
;(10, 4);MoveEast;(2, 1);False;1;661
;(10, 4);MoveEast;(2, 1);False;1;662
;(10, 4);MoveEast;(2, 1);False;1;663
;(10, 4);MoveEast;(2, 1);False;1;664
;(10, 4);MoveEast;(2, 1);False;1;665
;(10, 4);MoveEast;(2, 1);False;1;666
;(10, 4);MoveEast;(2, 1);False;1;667
;(10, 4);MoveEast;(3, 1);False;1;668
;(10, 4);MoveWest;(3, 1);False;1;669
;(10, 4);MoveWest;(3, 1);False;1;670
;(10, 4);MoveWest;(3, 1);False;1;671
;(10, 4);MoveWest;(3, 1);False;1;672
;(10, 4);MoveWest;(3, 1);False;1;673
;(10, 4);MoveWest;(3, 1);False;1;674
;(10, 4);MoveWest;(3, 1);False;1;675
;(10, 4);MoveWest;(3, 1);False;1;676
;(10, 4);MoveWest;(3, 1);False;1;677
;(10, 4);MoveWest;(3, 1);False;1;678
;(10, 4);MoveWest;(2, 1);False;1;679
;(10, 4);MoveWest;(2, 1);False;1;680
;(10, 4);MoveWest;(2, 1);False;1;681
;(10, 4);MoveWest;(2, 1);False;1;682
;(10, 4);MoveWest;(2, 1);False;1;683
;(10, 4);MoveWest;(2, 1);False;1;684
;(10, 4);MoveWest;(2, 1);False;1;685
;(10, 4);MoveWest;(2, 1);False;1;686
;(10, 4);MoveWest;(2, 1);False;1;687
;(10, 4);MoveWest;(2, 1);False;1;688
;(10, 4);MoveWest;(2, 1);False;1;689
;(10, 4);MoveWest;(1, 1);False;1;690
;(10, 4);MoveEast;(1, 1);False;1;691
;(10, 4);MoveEast;(1, 1);False;1;692
;(10, 4);MoveEast;(1, 1);False;1;693
;(10, 4);MoveEast;(1, 1);False;1;694
;(10, 4);MoveEast;(1, 1);False;1;695
;(10, 4);MoveEast;(1, 1);False;1;696
;(10, 4);MoveEast;(1, 1);False;1;697
;(10, 4);MoveEast;(1, 1);False;1;698
;(10, 4);MoveEast;(1, 1);False;1;699
;(10, 4);MoveEast;(1, 1);False;1;700
;(10, 4);MoveEast;(2, 1);False;1;701
;(10, 4);MoveEast;(2, 1);False;1;702
;(10, 4);MoveEast;(2, 1);False;1;703
;(10, 4);MoveEast;(2, 1);False;1;704
;(10, 4);MoveEast;(2, 1);False;1;705
;(10, 4);MoveEast;(2, 1);False;1;706
;(10, 4);MoveEast;(2, 1);False;1;707
;(10, 4);MoveEast;(2, 1);False;1;708
;(10, 4);MoveEast;(2, 1);False;1;709
;(10, 4);MoveEast;(2, 1);False;1;710
;(10, 4);MoveEast;(2, 1);False;1;711
;(10, 4);MoveEast;(3, 1);False;1;712
;(10, 4);MoveWest;(3, 1);False;1;713
;(10, 4);MoveWest;(3, 1);False;1;714
;(10, 4);MoveWest;(3, 1);False;1;715
;(10, 4);MoveWest;(3, 1);False;1;716
;(10, 4);MoveWest;(3, 1);False;1;717
;(10, 4);MoveWest;(3, 1);False;1;718
;(10, 4);MoveWest;(3, 1);False;1;719
;(10, 4);MoveWest;(3, 1);False;1;720
;(10, 4);MoveWest;(3, 1);False;1;721
;(10, 4);MoveWest;(3, 1);False;1;722
;(10, 4);MoveWest;(2, 1);False;1;723
;(10, 4);MoveWest;(2, 1);False;1;724
;(10, 4);MoveWest;(2, 1);False;1;725
;(10, 4);MoveWest;(2, 1);False;1;726
;(10, 4);MoveWest;(2, 1);False;1;727
;(10, 4);MoveWest;(2, 1);False;1;728
;(10, 4);MoveWest;(2, 1);False;1;729
;(10, 4);MoveWest;(2, 1);False;1;730
;(10, 4);MoveWest;(2, 1);False;1;731
;(10, 4);MoveWest;(2, 1);False;1;732
;(10, 4);MoveWest;(2, 1);False;1;733
;(10, 4);MoveWest;(1, 1);False;1;734
;(10, 4);;(1, 1);False;1;735
;(10, 4);MoveSouthEast;(1, 1);False;1;736
;(10, 4);MoveSouthEast;(1, 1);False;1;737
;(10, 4);MoveSouthEast;(1, 1);False;1;738
;(10, 4);MoveSouthEast;(1, 1);False;1;739
;(10, 4);MoveSouthEast;(1, 1);False;1;740
;(10, 4);MoveSouthEast;(1, 1);False;1;741
;(10, 4);MoveSouthEast;(1, 1);False;1;742
;(10, 4);MoveSouthEast;(1, 1);False;1;743
;(10, 4);MoveSouthEast;(1, 1);False;1;744
;(10, 4);MoveSouthEast;(1, 1);False;1;745
;(10, 4);MoveSouthEast;(2, 2);False;1;746
;(10, 4);MoveEast;(2, 2);False;1;747
;(10, 4);MoveEast;(2, 2);False;1;748
;(10, 4);MoveEast;(2, 2);False;1;749
;(10, 4);MoveEast;(2, 2);False;1;750
;(10, 4);MoveEast;(2, 2);False;1;751
;(10, 4);MoveEast;(2, 2);False;1;752
;(10, 4);MoveEast;(2, 2);False;1;753
;(10, 4);MoveEast;(2, 2);False;1;754
;(10, 4);MoveEast;(2, 2);False;1;755
;(10, 4);MoveEast;(2, 2);False;1;756
;(10, 4);MoveEast;(3, 2);False;1;757
;(10, 4);;(3, 2);False;1;758
;(10, 4);MoveEast;(3, 2);False;1;759
;(10, 4);MoveEast;(3, 2);False;1;760
;(10, 4);MoveEast;(3, 2);False;1;761
;(10, 4);MoveEast;(3, 2);False;1;762
;(10, 4);MoveEast;(3, 2);False;1;763
;(10, 4);MoveEast;(3, 2);False;1;764
;(10, 4);MoveEast;(3, 2);False;1;765
;(10, 4);MoveEast;(3, 2);False;1;766
;(10, 4);MoveEast;(3, 2);False;1;767
;(10, 4);MoveEast;(3, 2);False;1;768
;(10, 4);MoveEast;(4, 2);False;1;769
;(10, 4);MoveEast;(4, 2);False;1;770
;(10, 4);MoveEast;(4, 2);False;1;771
;(10, 4);MoveEast;(4, 2);False;1;772
;(10, 4);MoveEast;(4, 2);False;1;773
;(10, 4);MoveEast;(4, 2);False;1;774
;(10, 4);MoveEast;(4, 2);False;1;775
;(10, 4);MoveEast;(4, 2);False;1;776
;(10, 4);MoveEast;(4, 2);False;1;777
MoveEast;(11, 4);MoveEast;(4, 2);False;1;778
;(11, 4);MoveEast;(4, 2);False;1;779
;(11, 4);MoveEast;(5, 2);False;1;780
;(11, 4);MoveWest;(5, 2);False;1;781
;(11, 4);MoveWest;(5, 2);False;1;782
;(11, 4);MoveWest;(5, 2);False;1;783
;(11, 4);MoveWest;(5, 2);False;1;784
;(11, 4);MoveWest;(5, 2);False;1;785
;(11, 4);MoveWest;(5, 2);False;1;786
MoveEast;(12, 4);MoveWest;(5, 2);False;1;787
MoveEast;(13, 4);MoveWest;(5, 2);False;1;788
MoveEast;(14, 4);MoveWest;(5, 2);False;1;789
MoveEast;(15, 4);MoveWest;(5, 2);False;1;790
MoveEast;(16, 4);MoveWest;(4, 2);False;1;791
MoveEast;(17, 4);MoveWest;(4, 2);False;1;792
MoveEast;(18, 4);MoveWest;(4, 2);False;1;793
MoveEast;(19, 4);MoveWest;(4, 2);False;1;794
;(19, 4);MoveWest;(4, 2);False;1;795
MoveSouth;(19, 5);MoveWest;(4, 2);False;1;796
;(19, 5);MoveWest;(4, 2);False;1;797
;(19, 5);MoveWest;(4, 2);False;1;798
;(19, 5);MoveWest;(4, 2);False;1;799
MoveSouth;(19, 6);MoveWest;(4, 2);False;1;800
;(19, 6);MoveWest;(4, 2);False;1;801
;(19, 6);MoveWest;(3, 2);False;1;802
MoveSouth;(19, 7);MoveEast;(3, 2);False;1;803
;(19, 7);MoveEast;(3, 2);False;1;804
;(19, 7);MoveEast;(3, 2);False;1;805
MoveSouth;(19, 8);MoveEast;(3, 2);False;1;806
;(19, 8);MoveEast;(3, 2);False;1;807
;(19, 8);MoveEast;(3, 2);False;1;808
MoveSouth;(19, 9);MoveEast;(3, 2);False;1;809
;(19, 9);MoveEast;(3, 2);False;1;810
;(19, 9);MoveEast;(3, 2);False;1;811
;(19, 9);MoveEast;(3, 2);False;1;812
MoveWest;(18, 9);MoveEast;(4, 2);False;1;813
;(18, 9);MoveEast;(4, 2);False;1;814
;(18, 9);MoveEast;(4, 2);False;1;815
MoveWest;(17, 9);MoveEast;(4, 2);False;1;816
;(17, 9);MoveEast;(4, 2);False;1;817
;(17, 9);MoveEast;(4, 2);False;1;818
;(17, 9);MoveEast;(4, 2);False;1;819
MoveWest;(16, 9);MoveEast;(4, 2);False;1;820
;(16, 9);MoveEast;(4, 2);False;1;821
;(16, 9);MoveEast;(4, 2);False;1;822
;(16, 9);MoveEast;(4, 2);False;1;823
;(16, 9);MoveEast;(5, 2);False;1;824
MoveWest;(15, 9);MoveWest;(5, 2);False;1;825
;(15, 9);MoveWest;(5, 2);False;1;826
;(15, 9);MoveWest;(5, 2);False;1;827
;(15, 9);MoveWest;(5, 2);False;1;828
;(15, 9);MoveWest;(5, 2);False;1;829
;(15, 9);MoveWest;(5, 2);False;1;830
;(15, 9);MoveWest;(5, 2);False;1;831
;(15, 9);MoveWest;(5, 2);False;1;832
;(15, 9);MoveWest;(5, 2);False;1;833
;(15, 9);MoveWest;(5, 2);False;1;834
;(15, 9);MoveWest;(4, 2);False;1;835
MoveSouth;(15, 10);MoveWest;(4, 2);False;1;836
;(15, 10);MoveWest;(4, 2);False;1;837
;(15, 10);MoveWest;(4, 2);False;1;838
;(15, 10);MoveWest;(4, 2);False;1;839
;(15, 10);MoveWest;(4, 2);False;1;840
MoveWest;(14, 10);MoveWest;(4, 2);False;1;841
;(14, 10);MoveWest;(4, 2);False;1;842
;(14, 10);MoveWest;(4, 2);False;1;843
;(14, 10);MoveWest;(4, 2);False;1;844
;(14, 10);MoveWest;(4, 2);False;1;845
;(14, 10);MoveWest;(3, 2);False;1;846
;(14, 10);MoveEast;(3, 2);False;1;847
;(14, 10);MoveEast;(3, 2);False;1;848
;(14, 10);MoveEast;(3, 2);False;1;849
;(14, 10);MoveEast;(3, 2);False;1;850
;(14, 10);MoveEast;(3, 2);False;1;851
;(14, 10);MoveEast;(3, 2);False;1;852
;(14, 10);MoveEast;(3, 2);False;1;853
GrabObject;(14, 10);MoveEast;(3, 2);False;1;854
;(14, 10);MoveEast;(3, 2);False;1;855
;(14, 10);MoveEast;(3, 2);False;1;856
MoveEast;(15, 10);MoveEast;(4, 2);False;1;857
;(15, 10);MoveEast;(4, 2);False;1;858
;(15, 10);MoveEast;(4, 2);False;1;859
MoveEast;(16, 10);MoveEast;(4, 2);False;1;860
;(16, 10);MoveEast;(4, 2);False;1;861
;(16, 10);MoveEast;(4, 2);False;1;862
;(16, 10);MoveEast;(4, 2);False;1;863
;(16, 10);MoveEast;(4, 2);False;1;864
MoveEast;(17, 10);MoveEast;(4, 2);False;1;865
;(17, 10);MoveEast;(4, 2);False;1;866
;(17, 10);MoveEast;(4, 2);False;1;867
;(17, 10);MoveEast;(5, 2);False;1;868
MoveNorth;(17, 9);MoveWest;(5, 2);False;1;869
;(17, 9);MoveWest;(5, 2);False;1;870
;(17, 9);MoveWest;(5, 2);False;1;871
;(17, 9);MoveWest;(5, 2);False;1;872
;(17, 9);MoveWest;(5, 2);False;1;873
;(17, 9);MoveWest;(5, 2);False;1;874
;(17, 9);MoveWest;(5, 2);False;1;875
;(17, 9);MoveWest;(5, 2);False;1;876
MoveEast;(18, 9);MoveWest;(5, 2);False;1;877
;(18, 9);MoveWest;(5, 2);False;1;878
;(18, 9);MoveWest;(4, 2);False;1;879
;(18, 9);MoveWest;(4, 2);False;1;880
;(18, 9);MoveWest;(4, 2);False;1;881
MoveEast;(19, 9);MoveWest;(4, 2);False;1;882
;(19, 9);MoveWest;(4, 2);False;1;883
;(19, 9);MoveWest;(4, 2);False;1;884
;(19, 9);MoveWest;(4, 2);False;1;885
;(19, 9);MoveWest;(4, 2);False;1;886
;(19, 9);MoveWest;(4, 2);False;1;887
;(19, 9);MoveWest;(4, 2);False;1;888
;(19, 9);MoveWest;(4, 2);False;1;889
;(19, 9);MoveWest;(3, 2);False;1;890
;(19, 9);;(3, 2);False;1;891
;(19, 9);MoveEast;(3, 2);False;1;892
;(19, 9);MoveEast;(3, 2);False;1;893
;(19, 9);MoveEast;(3, 2);False;1;894
;(19, 9);MoveEast;(3, 2);False;1;895
;(19, 9);MoveEast;(3, 2);False;1;896
;(19, 9);MoveEast;(3, 2);False;1;897
;(19, 9);MoveEast;(3, 2);False;1;898
;(19, 9);MoveEast;(3, 2);False;1;899
;(19, 9);MoveEast;(3, 2);False;1;900
;(19, 9);MoveEast;(3, 2);False;1;901
;(19, 9);MoveEast;(4, 2);False;1;902
;(19, 9);MoveEast;(4, 2);False;1;903
;(19, 9);MoveEast;(4, 2);False;1;904
;(19, 9);MoveEast;(4, 2);False;1;905
;(19, 9);MoveEast;(4, 2);False;1;906
;(19, 9);MoveEast;(4, 2);False;1;907
;(19, 9);MoveEast;(4, 2);False;1;908
;(19, 9);MoveEast;(4, 2);False;1;909
;(19, 9);MoveEast;(4, 2);False;1;910
;(19, 9);MoveEast;(4, 2);False;1;911
;(19, 9);MoveEast;(4, 2);False;1;912
DropObject;(19, 9);MoveEast;(5, 2);False;1;913
;(19, 9);MoveSouthEast;(5, 2);False;1;914
;(19, 9);MoveSouthEast;(5, 2);False;1;915
;(19, 9);MoveSouthEast;(5, 2);False;1;916
;(19, 9);MoveSouthEast;(5, 2);False;1;917
;(19, 9);MoveSouthEast;(5, 2);False;1;918
MoveWest;(18, 9);MoveSouthEast;(5, 2);False;1;919
;(18, 9);MoveSouthEast;(5, 2);False;1;920
;(18, 9);MoveSouthEast;(5, 2);False;1;921
;(18, 9);MoveSouthEast;(5, 2);False;1;922
;(18, 9);MoveSouthEast;(5, 2);False;1;923
;(18, 9);MoveSouthEast;(6, 3);False;1;924
;(18, 9);MoveEast;(6, 3);False;1;925
;(18, 9);MoveEast;(6, 3);False;1;926
;(18, 9);MoveEast;(6, 3);False;1;927
;(18, 9);MoveEast;(6, 3);False;1;928
MoveWest;(17, 9);MoveEast;(6, 3);False;1;929
MoveWest;(16, 9);MoveEast;(6, 3);False;1;930
MoveWest;(15, 9);MoveEast;(6, 3);False;1;931
MoveWest;(14, 9);MoveEast;(6, 3);False;1;932
MoveWest;(13, 9);MoveEast;(6, 3);False;1;933
MoveWest;(12, 9);MoveEast;(6, 3);False;1;934
;(12, 9);MoveEast;(7, 3);False;1;935
;(12, 9);MoveSouthEast;(7, 3);False;1;936
;(12, 9);MoveSouthEast;(7, 3);False;1;937
;(12, 9);MoveSouthEast;(7, 3);False;1;938
;(12, 9);MoveSouthEast;(7, 3);False;1;939
;(12, 9);MoveSouthEast;(7, 3);False;1;940
MoveWest;(11, 9);MoveSouthEast;(7, 3);False;1;941
;(11, 9);MoveSouthEast;(7, 3);False;1;942
;(11, 9);MoveSouthEast;(7, 3);False;1;943
;(11, 9);MoveSouthEast;(7, 3);False;1;944
;(11, 9);MoveSouthEast;(7, 3);False;1;945
;(11, 9);MoveSouthEast;(8, 4);False;1;946
;(11, 9);MoveSouthEast;(8, 4);False;1;947
;(11, 9);MoveSouthEast;(8, 4);False;1;948
;(11, 9);MoveSouthEast;(8, 4);False;1;949
;(11, 9);MoveSouthEast;(8, 4);False;1;950
;(11, 9);MoveSouthEast;(8, 4);False;1;951
;(11, 9);MoveSouthEast;(8, 4);False;1;952
;(11, 9);MoveSouthEast;(8, 4);False;1;953
;(11, 9);MoveSouthEast;(8, 4);False;1;954
;(11, 9);MoveSouthEast;(8, 4);False;1;955
;(11, 9);MoveSouthEast;(8, 4);False;1;956
;(11, 9);MoveSouthEast;(9, 5);False;1;957
;(11, 9);MoveEast;(9, 5);False;1;958
;(11, 9);MoveEast;(9, 5);False;1;959
;(11, 9);MoveEast;(9, 5);False;1;960
;(11, 9);MoveEast;(9, 5);False;1;961
;(11, 9);MoveEast;(9, 5);False;1;962
;(11, 9);MoveEast;(9, 5);False;1;963
;(11, 9);MoveEast;(9, 5);False;1;964
;(11, 9);MoveEast;(9, 5);False;1;965
;(11, 9);MoveEast;(9, 5);False;1;966
;(11, 9);MoveEast;(9, 5);False;1;967
;(11, 9);MoveEast;(10, 5);False;1;968
;(11, 9);MoveEast;(10, 5);False;1;969
;(11, 9);MoveEast;(10, 5);False;1;970
;(11, 9);MoveEast;(10, 5);False;1;971
;(11, 9);MoveEast;(10, 5);False;1;972
;(11, 9);MoveEast;(10, 5);False;1;973
;(11, 9);MoveEast;(10, 5);False;1;974
;(11, 9);MoveEast;(10, 5);False;1;975
;(11, 9);MoveEast;(10, 5);False;1;976
;(11, 9);MoveEast;(10, 5);False;1;977
;(11, 9);MoveEast;(10, 5);False;1;978
;(11, 9);MoveEast;(11, 5);False;1;979
;(11, 9);MoveEast;(11, 5);False;1;980
;(11, 9);MoveEast;(11, 5);False;1;981
;(11, 9);MoveEast;(11, 5);False;1;982
;(11, 9);MoveEast;(11, 5);False;1;983
;(11, 9);MoveEast;(11, 5);False;1;984
;(11, 9);MoveEast;(11, 5);False;1;985
;(11, 9);MoveEast;(11, 5);False;1;986
;(11, 9);MoveEast;(11, 5);False;1;987
;(11, 9);MoveEast;(11, 5);False;1;988
;(11, 9);MoveEast;(11, 5);False;1;989
;(11, 9);MoveEast;(12, 5);False;1;990
;(11, 9);MoveSouthEast;(12, 5);False;1;991
;(11, 9);MoveSouthEast;(12, 5);False;1;992
;(11, 9);MoveSouthEast;(12, 5);False;1;993
;(11, 9);MoveSouthEast;(12, 5);False;1;994
;(11, 9);MoveSouthEast;(12, 5);False;1;995
;(11, 9);MoveSouthEast;(12, 5);False;1;996
;(11, 9);MoveSouthEast;(12, 5);False;1;997
;(11, 9);MoveSouthEast;(12, 5);False;1;998
;(11, 9);MoveSouthEast;(12, 5);False;1;999
;(11, 9);MoveSouthEast;(12, 5);False;1;1000
;(11, 9);MoveSouthEast;(13, 6);False;1;1001
;(11, 9);GrabObject;(13, 6);False;1;1002
;(11, 9);GrabObject;(13, 6);False;1;1003
;(11, 9);GrabObject;(13, 6);False;1;1004
;(11, 9);GrabObject;(13, 6);False;1;1005
;(11, 9);GrabObject;(13, 6);False;1;1006
;(11, 9);GrabObject;(13, 6);False;1;1007
;(11, 9);GrabObject;(13, 6);False;1;1008
;(11, 9);GrabObject;(13, 6);False;1;1009
;(11, 9);GrabObject;(13, 6);False;1;1010
;(11, 9);GrabObject;(13, 6);False;1;1011
;(11, 9);GrabObject;(13, 6);False;1;1012
;(11, 9);;(13, 6);False;1;1013
;(11, 9);Idle;(13, 6);False;1;1014
;(11, 9);Idle;(13, 6);False;1;1015
;(11, 9);Idle;(13, 6);False;1;1016
;(11, 9);Idle;(13, 6);False;1;1017
;(11, 9);Idle;(13, 6);False;1;1018
;(11, 9);Idle;(13, 6);False;1;1019
;(11, 9);Idle;(13, 6);False;1;1020
;(11, 9);Idle;(13, 6);False;1;1021
;(11, 9);Idle;(13, 6);False;1;1022
;(11, 9);Idle;(13, 6);False;1;1023
;(11, 9);Idle;(13, 6);False;1;1024
;(11, 9);Idle;(13, 6);False;1;1025
;(11, 9);Idle;(13, 6);False;1;1026
;(11, 9);Idle;(13, 6);False;1;1027
;(11, 9);Idle;(13, 6);False;1;1028
;(11, 9);Idle;(13, 6);False;1;1029
;(11, 9);Idle;(13, 6);False;1;1030
;(11, 9);Idle;(13, 6);False;1;1031
;(11, 9);Idle;(13, 6);False;1;1032
;(11, 9);Idle;(13, 6);False;1;1033
;(11, 9);Idle;(13, 6);False;1;1034
;(11, 9);Idle;(13, 6);False;1;1035
;(11, 9);Idle;(13, 6);False;1;1036
;(11, 9);Idle;(13, 6);False;1;1037
;(11, 9);Idle;(13, 6);False;1;1038
;(11, 9);Idle;(13, 6);False;1;1039
;(11, 9);Idle;(13, 6);False;1;1040
;(11, 9);Idle;(13, 6);False;1;1041
;(11, 9);Idle;(13, 6);False;1;1042
;(11, 9);Idle;(13, 6);False;1;1043
;(11, 9);Idle;(13, 6);False;1;1044
;(11, 9);Idle;(13, 6);False;1;1045
;(11, 9);Idle;(13, 6);False;1;1046
;(11, 9);Idle;(13, 6);False;1;1047
;(11, 9);Idle;(13, 6);False;1;1048
;(11, 9);Idle;(13, 6);False;1;1049
;(11, 9);Idle;(13, 6);False;1;1050
;(11, 9);Idle;(13, 6);False;1;1051
;(11, 9);Idle;(13, 6);False;1;1052
;(11, 9);Idle;(13, 6);False;1;1053
;(11, 9);Idle;(13, 6);False;1;1054
;(11, 9);Idle;(13, 6);False;1;1055
;(11, 9);Idle;(13, 6);False;1;1056
;(11, 9);Idle;(13, 6);False;1;1057
;(11, 9);Idle;(13, 6);False;1;1058
;(11, 9);Idle;(13, 6);False;1;1059
;(11, 9);Idle;(13, 6);False;1;1060
;(11, 9);Idle;(13, 6);False;1;1061
;(11, 9);Idle;(13, 6);False;1;1062
;(11, 9);Idle;(13, 6);False;1;1063
;(11, 9);Idle;(13, 6);False;1;1064
;(11, 9);Idle;(13, 6);False;1;1065
;(11, 9);Idle;(13, 6);False;1;1066
;(11, 9);Idle;(13, 6);False;1;1067
;(11, 9);Idle;(13, 6);False;1;1068
;(11, 9);;(13, 6);False;1;1069
;(11, 9);MoveEast;(13, 6);False;1;1070
;(11, 9);MoveEast;(13, 6);False;1;1071
;(11, 9);MoveEast;(13, 6);False;1;1072
;(11, 9);MoveEast;(13, 6);False;1;1073
;(11, 9);MoveEast;(13, 6);False;1;1074
;(11, 9);MoveEast;(13, 6);False;1;1075
;(11, 9);MoveEast;(13, 6);False;1;1076
;(11, 9);MoveEast;(13, 6);False;1;1077
;(11, 9);MoveEast;(13, 6);False;1;1078
;(11, 9);MoveEast;(13, 6);False;1;1079
;(11, 9);MoveEast;(14, 6);False;1;1080
;(11, 9);MoveNorthEast;(14, 6);False;1;1081
;(11, 9);MoveNorthEast;(14, 6);False;1;1082
;(11, 9);MoveNorthEast;(14, 6);False;1;1083
;(11, 9);MoveNorthEast;(14, 6);False;1;1084
;(11, 9);MoveNorthEast;(14, 6);False;1;1085
;(11, 9);MoveNorthEast;(14, 6);False;1;1086
;(11, 9);MoveNorthEast;(14, 6);False;1;1087
;(11, 9);MoveNorthEast;(14, 6);False;1;1088
;(11, 9);MoveNorthEast;(14, 6);False;1;1089
;(11, 9);MoveNorthEast;(14, 6);False;1;1090
;(11, 9);MoveNorthEast;(15, 5);False;1;1091
;(11, 9);MoveEast;(15, 5);False;1;1092
;(11, 9);MoveEast;(15, 5);False;1;1093
;(11, 9);MoveEast;(15, 5);False;1;1094
;(11, 9);MoveEast;(15, 5);False;1;1095
;(11, 9);MoveEast;(15, 5);False;1;1096
;(11, 9);MoveEast;(15, 5);False;1;1097
;(11, 9);MoveEast;(15, 5);False;1;1098
;(11, 9);MoveEast;(15, 5);False;1;1099
;(11, 9);MoveEast;(15, 5);False;1;1100
;(11, 9);MoveEast;(15, 5);False;1;1101
;(11, 9);MoveEast;(16, 5);False;1;1102
;(11, 9);MoveNorthEast;(16, 5);False;1;1103
;(11, 9);MoveNorthEast;(16, 5);False;1;1104
;(11, 9);MoveNorthEast;(16, 5);False;1;1105
;(11, 9);MoveNorthEast;(16, 5);False;1;1106
;(11, 9);MoveNorthEast;(16, 5);False;1;1107
;(11, 9);MoveNorthEast;(16, 5);False;1;1108
;(11, 9);MoveNorthEast;(16, 5);False;1;1109
;(11, 9);MoveNorthEast;(16, 5);False;1;1110
;(11, 9);MoveNorthEast;(16, 5);False;1;1111
;(11, 9);MoveNorthEast;(16, 5);False;1;1112
;(11, 9);MoveNorthEast;(17, 4);False;1;1113
;(11, 9);MoveEast;(17, 4);False;1;1114
;(11, 9);MoveEast;(17, 4);False;1;1115
;(11, 9);MoveEast;(17, 4);False;1;1116
;(11, 9);MoveEast;(17, 4);False;1;1117
;(11, 9);MoveEast;(17, 4);False;1;1118
;(11, 9);MoveEast;(17, 4);False;1;1119
;(11, 9);MoveEast;(17, 4);False;1;1120
;(11, 9);MoveEast;(17, 4);False;1;1121
;(11, 9);MoveEast;(17, 4);False;1;1122
;(11, 9);MoveEast;(17, 4);False;1;1123
;(11, 9);MoveEast;(18, 4);False;1;1124
;(11, 9);DropObject;(18, 4);False;1;1125
;(11, 9);DropObject;(18, 4);False;1;1126
;(11, 9);DropObject;(18, 4);False;1;1127
;(11, 9);DropObject;(18, 4);False;1;1128
;(11, 9);DropObject;(18, 4);False;1;1129
;(11, 9);DropObject;(18, 4);False;1;1130
;(11, 9);DropObject;(18, 4);False;1;1131
;(11, 9);DropObject;(18, 4);False;1;1132
;(11, 9);DropObject;(18, 4);False;1;1133
;(11, 9);DropObject;(18, 4);False;1;1134
;(11, 9);DropObject;(18, 4);False;1;1135
;(11, 9);;(18, 4);False;1;1136
;(11, 9);MoveWest;(18, 4);False;1;1137
;(11, 9);MoveWest;(18, 4);False;1;1138
;(11, 9);MoveWest;(18, 4);False;1;1139
;(11, 9);MoveWest;(18, 4);False;1;1140
;(11, 9);MoveWest;(18, 4);False;1;1141
;(11, 9);MoveWest;(18, 4);False;1;1142
;(11, 9);MoveWest;(18, 4);False;1;1143
;(11, 9);MoveWest;(18, 4);False;1;1144
;(11, 9);MoveWest;(18, 4);False;1;1145
;(11, 9);MoveWest;(18, 4);False;1;1146
;(11, 9);MoveWest;(17, 4);False;1;1147
;(11, 9);MoveWest;(17, 4);False;1;1148
;(11, 9);MoveWest;(17, 4);False;1;1149
;(11, 9);MoveWest;(17, 4);False;1;1150
;(11, 9);MoveWest;(17, 4);False;1;1151
;(11, 9);MoveWest;(17, 4);False;1;1152
;(11, 9);MoveWest;(17, 4);False;1;1153
;(11, 9);MoveWest;(17, 4);False;1;1154
;(11, 9);MoveWest;(17, 4);False;1;1155
;(11, 9);MoveWest;(17, 4);False;1;1156
;(11, 9);MoveWest;(17, 4);False;1;1157
;(11, 9);MoveWest;(16, 4);False;1;1158
;(11, 9);MoveWest;(16, 4);False;1;1159
;(11, 9);MoveWest;(16, 4);False;1;1160
;(11, 9);MoveWest;(16, 4);False;1;1161
;(11, 9);MoveWest;(16, 4);False;1;1162
;(11, 9);MoveWest;(16, 4);False;1;1163
;(11, 9);MoveWest;(16, 4);False;1;1164
;(11, 9);MoveWest;(16, 4);False;1;1165
;(11, 9);MoveWest;(16, 4);False;1;1166
;(11, 9);MoveWest;(16, 4);False;1;1167
;(11, 9);MoveWest;(16, 4);False;1;1168
;(11, 9);MoveWest;(15, 4);False;1;1169
;(11, 9);MoveSouthWest;(15, 4);False;1;1170
;(11, 9);MoveSouthWest;(15, 4);False;1;1171
;(11, 9);MoveSouthWest;(15, 4);False;1;1172
;(11, 9);MoveSouthWest;(15, 4);False;1;1173
;(11, 9);MoveSouthWest;(15, 4);False;1;1174
;(11, 9);MoveSouthWest;(15, 4);False;1;1175
;(11, 9);MoveSouthWest;(15, 4);False;1;1176
;(11, 9);MoveSouthWest;(15, 4);False;1;1177
MoveWest;(10, 9);MoveSouthWest;(15, 4);False;1;1178
;(10, 9);MoveSouthWest;(15, 4);False;1;1179
;(10, 9);MoveSouthWest;(14, 5);False;1;1180
;(10, 9);MoveWest;(14, 5);False;1;1181
;(10, 9);MoveWest;(14, 5);False;1;1182
;(10, 9);MoveWest;(14, 5);False;1;1183
;(10, 9);MoveWest;(14, 5);False;1;1184
;(10, 9);MoveWest;(14, 5);False;1;1185
;(10, 9);MoveWest;(14, 5);False;1;1186
MoveNorth;(10, 8);MoveWest;(14, 5);False;1;1187
;(10, 8);MoveWest;(14, 5);False;1;1188
;(10, 8);MoveWest;(14, 5);False;1;1189
;(10, 8);MoveWest;(14, 5);False;1;1190
;(10, 8);MoveWest;(13, 5);False;1;1191
;(10, 8);MoveWest;(13, 5);False;1;1192
;(10, 8);MoveWest;(13, 5);False;1;1193
;(10, 8);MoveWest;(13, 5);False;1;1194
;(10, 8);MoveWest;(13, 5);False;1;1195
;(10, 8);MoveWest;(13, 5);False;1;1196
;(10, 8);MoveWest;(13, 5);False;1;1197
;(10, 8);MoveWest;(13, 5);False;1;1198
;(10, 8);MoveWest;(13, 5);False;1;1199
;(10, 8);MoveWest;(13, 5);False;1;1200
;(10, 8);MoveWest;(13, 5);False;1;1201
MoveEast;(11, 8);MoveWest;(12, 5);False;1;1202
;(11, 8);MoveSouthWest;(12, 5);False;1;1203
;(11, 8);MoveSouthWest;(12, 5);False;1;1204
;(11, 8);MoveSouthWest;(12, 5);False;1;1205
;(11, 8);MoveSouthWest;(12, 5);False;1;1206
;(11, 8);MoveSouthWest;(12, 5);False;1;1207
;(11, 8);MoveSouthWest;(12, 5);False;1;1208
;(11, 8);MoveSouthWest;(12, 5);False;1;1209
;(11, 8);MoveSouthWest;(12, 5);False;1;1210
MoveEast;(12, 8);MoveSouthWest;(12, 5);False;1;1211
;(12, 8);MoveSouthWest;(12, 5);False;1;1212
;(12, 8);MoveSouthWest;(11, 6);False;1;1213
;(12, 8);BreakObject;(11, 6);False;1;1214
;(12, 8);BreakObject;(11, 6);False;1;1215
MoveEast;(13, 8);BreakObject;(11, 6);False;1;1216
;(13, 8);BreakObject;(11, 6);False;1;1217
;(13, 8);BreakObject;(11, 6);False;1;1218
;(13, 8);BreakObject;(11, 6);False;1;1219
;(13, 8);BreakObject;(11, 6);False;1;1220
;(13, 8);BreakObject;(11, 6);False;1;1221
;(13, 8);BreakObject;(11, 6);False;1;1222
MoveNorth;(13, 7);BreakObject;(11, 6);False;1;1223
;(13, 7);BreakObject;(11, 6);False;1;1224
;(13, 7);;(11, 6);False;1;1225
;(13, 7);MoveEast;(11, 6);False;1;1226
;(13, 7);MoveEast;(11, 6);False;1;1227
;(13, 7);MoveEast;(11, 6);False;1;1228
;(13, 7);MoveEast;(11, 6);False;1;1229
;(13, 7);MoveEast;(11, 6);False;1;1230
GrabObject;(13, 7);MoveEast;(11, 6);False;1;1231
;(13, 7);MoveEast;(11, 6);False;1;1232
MoveEast;(14, 7);MoveEast;(11, 6);False;1;1233
;(14, 7);MoveEast;(11, 6);False;1;1234
;(14, 7);MoveEast;(11, 6);False;1;1235
;(14, 7);MoveEast;(12, 6);False;1;1236
;(14, 7);MoveSouthEast;(12, 6);False;1;1237
;(14, 7);MoveSouthEast;(12, 6);False;1;1238
;(14, 7);MoveSouthEast;(12, 6);False;1;1239
;(14, 7);MoveSouthEast;(12, 6);False;1;1240
;(14, 7);MoveSouthEast;(12, 6);False;1;1241
MoveEast;(15, 7);MoveSouthEast;(12, 6);False;1;1242
;(15, 7);MoveSouthEast;(12, 6);False;1;1243
;(15, 7);MoveSouthEast;(12, 6);False;1;1244
;(15, 7);MoveSouthEast;(12, 6);False;1;1245
MoveEast;(16, 7);MoveSouthEast;(12, 6);False;1;1246
;(16, 7);MoveSouthEast;(13, 7);False;1;1247
;(16, 7);Idle;(13, 7);False;1;1248
MoveEast;(17, 7);Idle;(13, 7);False;1;1249
;(17, 7);Idle;(13, 7);False;1;1250
;(17, 7);Idle;(13, 7);False;1;1251
MoveEast;(18, 7);Idle;(13, 7);False;1;1252
;(18, 7);Idle;(13, 7);False;1;1253
;(18, 7);Idle;(13, 7);False;1;1254
MoveEast;(19, 7);Idle;(13, 7);False;1;1255
;(19, 7);Idle;(13, 7);False;1;1256
;(19, 7);Idle;(13, 7);False;1;1257
;(19, 7);Idle;(13, 7);False;1;1258
;(19, 7);Idle;(13, 7);False;1;1259
;(19, 7);Idle;(13, 7);False;1;1260
;(19, 7);Idle;(13, 7);False;1;1261
DropObject;(19, 7);Idle;(13, 7);False;1;1262
;(19, 7);Idle;(13, 7);False;1;1263
;(19, 7);Idle;(13, 7);False;1;1264
;(19, 7);Idle;(13, 7);False;1;1265
MoveWest;(18, 7);Idle;(13, 7);False;1;1266
;(18, 7);Idle;(13, 7);False;1;1267
;(18, 7);Idle;(13, 7);False;1;1268
;(18, 7);Idle;(13, 7);False;1;1269
;(18, 7);Idle;(13, 7);False;1;1270
;(18, 7);Idle;(13, 7);False;1;1271
;(18, 7);Idle;(13, 7);False;1;1272
;(18, 7);Idle;(13, 7);False;1;1273
MoveWest;(17, 7);Idle;(13, 7);False;1;1274
;(17, 7);Idle;(13, 7);False;1;1275
;(17, 7);Idle;(13, 7);False;1;1276
;(17, 7);Idle;(13, 7);False;1;1277
;(17, 7);Idle;(13, 7);False;1;1278
;(17, 7);Idle;(13, 7);False;1;1279
;(17, 7);Idle;(13, 7);False;1;1280
;(17, 7);Idle;(13, 7);False;1;1281
;(17, 7);Idle;(13, 7);False;1;1282
;(17, 7);Idle;(13, 7);False;1;1283
MoveWest;(16, 7);Idle;(13, 7);False;1;1284
MoveWest;(15, 7);Idle;(13, 7);False;1;1285
MoveWest;(14, 7);Idle;(13, 7);False;1;1286
MoveWest;(13, 7);Idle;(13, 7);False;1;1287
MoveWest;(12, 7);Idle;(13, 7);False;1;1288
;(12, 7);Idle;(13, 7);False;1;1289
;(12, 7);Idle;(13, 7);False;1;1290
;(12, 7);Idle;(13, 7);False;1;1291
;(12, 7);Idle;(13, 7);False;1;1292
;(12, 7);Idle;(13, 7);False;1;1293
;(12, 7);Idle;(13, 7);False;1;1294
;(12, 7);Idle;(13, 7);False;1;1295
;(12, 7);Idle;(13, 7);False;1;1296
;(12, 7);Idle;(13, 7);False;1;1297
;(12, 7);Idle;(13, 7);False;1;1298
;(12, 7);Idle;(13, 7);False;1;1299
MoveWest;(11, 7);Idle;(13, 7);False;1;1300
;(11, 7);Idle;(13, 7);False;1;1301
;(11, 7);Idle;(13, 7);False;1;1302
GrabObject;(11, 7);;(13, 7);False;1;1303
;(11, 7);MoveEast;(13, 7);False;1;1304
;(11, 7);MoveEast;(13, 7);False;1;1305
MoveEast;(12, 7);MoveEast;(13, 7);False;1;1306
;(12, 7);MoveEast;(13, 7);False;1;1307
;(12, 7);MoveEast;(13, 7);False;1;1308
;(12, 7);MoveEast;(13, 7);False;1;1309
;(12, 7);MoveEast;(13, 7);False;1;1310
;(12, 7);MoveEast;(13, 7);False;1;1311
;(12, 7);MoveEast;(13, 7);False;1;1312
;(12, 7);MoveEast;(13, 7);False;1;1313
;(12, 7);MoveEast;(14, 7);False;1;1314
;(12, 7);MoveEast;(14, 7);False;1;1315
MoveEast;(13, 7);MoveEast;(14, 7);False;1;1316
MoveEast;(14, 7);MoveEast;(14, 7);False;1;1317
MoveEast;(15, 7);MoveEast;(14, 7);False;1;1318
MoveEast;(16, 7);MoveEast;(14, 7);False;1;1319
MoveEast;(17, 7);MoveEast;(14, 7);False;1;1320
MoveEast;(18, 7);MoveEast;(14, 7);False;1;1321
MoveEast;(19, 7);MoveEast;(14, 7);False;1;1322
MoveEast;(19, 7);MoveEast;(14, 7);False;1;1323
MoveEast;(19, 7);MoveEast;(14, 7);False;1;1324
MoveEast;(19, 7);MoveEast;(15, 7);False;1;1325
;(19, 7);MoveWest;(15, 7);False;1;1326
;(19, 7);MoveWest;(15, 7);False;1;1327
;(19, 7);MoveWest;(15, 7);False;1;1328
;(19, 7);MoveWest;(15, 7);False;1;1329
;(19, 7);MoveWest;(15, 7);False;1;1330
MoveEast;(19, 7);MoveWest;(15, 7);False;1;1331
;(19, 7);MoveWest;(15, 7);False;1;1332
;(19, 7);MoveWest;(15, 7);False;1;1333
DropObject;(19, 7);MoveWest;(15, 7);False;1;1334
;(19, 7);MoveWest;(15, 7);False;1;1335
;(19, 7);MoveWest;(14, 7);False;1;1336
MoveWest;(18, 7);MoveWest;(14, 7);False;1;1337
;(18, 7);MoveWest;(14, 7);False;1;1338
;(18, 7);MoveWest;(14, 7);False;1;1339
;(18, 7);MoveWest;(14, 7);False;1;1340
;(18, 7);MoveWest;(14, 7);False;1;1341
;(18, 7);MoveWest;(14, 7);False;1;1342
;(18, 7);MoveWest;(14, 7);False;1;1343
;(18, 7);MoveWest;(14, 7);False;1;1344
;(18, 7);MoveWest;(14, 7);False;1;1345
;(18, 7);MoveWest;(14, 7);False;1;1346
MoveWest;(17, 7);MoveWest;(13, 7);False;1;1347
MoveWest;(16, 7);MoveEast;(13, 7);False;1;1348
MoveWest;(15, 7);MoveEast;(13, 7);False;1;1349
MoveWest;(14, 7);MoveEast;(13, 7);False;1;1350
MoveWest;(13, 7);MoveEast;(13, 7);False;1;1351
MoveWest;(12, 7);MoveEast;(13, 7);False;1;1352
MoveWest;(11, 7);MoveEast;(13, 7);False;1;1353
MoveWest;(10, 7);MoveEast;(13, 7);False;1;1354
;(10, 7);MoveEast;(13, 7);False;1;1355
;(10, 7);MoveEast;(13, 7);False;1;1356
;(10, 7);MoveEast;(13, 7);False;1;1357
;(10, 7);MoveEast;(14, 7);False;1;1358
;(10, 7);MoveEast;(14, 7);False;1;1359
MoveSouth;(10, 8);MoveEast;(14, 7);False;1;1360
;(10, 8);MoveEast;(14, 7);False;1;1361
;(10, 8);MoveEast;(14, 7);False;1;1362
;(10, 8);MoveEast;(14, 7);False;1;1363
;(10, 8);MoveEast;(14, 7);False;1;1364
;(10, 8);MoveEast;(14, 7);False;1;1365
MoveEast;(11, 8);MoveEast;(14, 7);False;1;1366
;(11, 8);MoveEast;(14, 7);False;1;1367
;(11, 8);MoveEast;(14, 7);False;1;1368
;(11, 8);MoveEast;(15, 7);False;1;1369
MoveNorth;(11, 7);MoveWest;(15, 7);False;1;1370
;(11, 7);MoveWest;(15, 7);False;1;1371
;(11, 7);MoveWest;(15, 7);False;1;1372
;(11, 7);MoveWest;(15, 7);False;1;1373
;(11, 7);MoveWest;(15, 7);False;1;1374
GrabObject;(11, 7);MoveWest;(15, 7);False;1;1375
;(11, 7);MoveWest;(15, 7);False;1;1376
;(11, 7);MoveWest;(15, 7);False;1;1377
MoveEast;(12, 7);MoveWest;(15, 7);False;1;1378
;(12, 7);MoveWest;(15, 7);False;1;1379
;(12, 7);MoveWest;(14, 7);False;1;1380
;(12, 7);MoveWest;(14, 7);False;1;1381
;(12, 7);MoveWest;(14, 7);False;1;1382
;(12, 7);MoveWest;(14, 7);False;1;1383
;(12, 7);MoveWest;(14, 7);False;1;1384
;(12, 7);MoveWest;(14, 7);False;1;1385
;(12, 7);MoveWest;(14, 7);False;1;1386
;(12, 7);MoveWest;(14, 7);False;1;1387
;(12, 7);MoveWest;(14, 7);False;1;1388
MoveEast;(13, 7);MoveWest;(14, 7);False;1;1389
MoveEast;(14, 7);MoveWest;(14, 7);False;1;1390
MoveEast;(15, 7);MoveWest;(13, 7);False;1;1391
MoveEast;(16, 7);MoveEast;(13, 7);False;1;1392
MoveEast;(17, 7);MoveEast;(13, 7);False;1;1393
MoveEast;(18, 7);MoveEast;(13, 7);False;1;1394
MoveEast;(19, 7);MoveEast;(13, 7);False;1;1395
MoveEast;(19, 7);MoveEast;(13, 7);False;1;1396
MoveEast;(19, 7);MoveEast;(13, 7);False;1;1397
MoveEast;(19, 7);MoveEast;(13, 7);False;1;1398
MoveEast;(19, 7);MoveEast;(13, 7);False;1;1399
;(19, 7);MoveEast;(13, 7);False;1;1400
;(19, 7);MoveEast;(13, 7);False;1;1401
;(19, 7);MoveEast;(14, 7);False;1;1402
DropObject;(19, 7);MoveEast;(14, 7);False;1;1403
;(19, 7);MoveEast;(14, 7);False;1;1404
;(19, 7);MoveEast;(14, 7);False;1;1405
;(19, 7);MoveEast;(14, 7);False;1;1406
MoveWest;(18, 7);MoveEast;(14, 7);False;1;1407
;(18, 7);MoveEast;(14, 7);False;1;1408
;(18, 7);MoveEast;(14, 7);False;1;1409
;(18, 7);MoveEast;(14, 7);False;1;1410
;(18, 7);MoveEast;(14, 7);False;1;1411
MoveWest;(17, 7);MoveEast;(14, 7);False;1;1412
;(17, 7);MoveEast;(15, 7);False;1;1413
;(17, 7);MoveWest;(15, 7);False;1;1414
MoveWest;(16, 7);MoveWest;(15, 7);False;1;1415
;(16, 7);MoveWest;(15, 7);False;1;1416
;(16, 7);MoveWest;(15, 7);False;1;1417
;(16, 7);MoveWest;(15, 7);False;1;1418
MoveWest;(15, 7);MoveWest;(15, 7);False;1;1419
;(15, 7);MoveWest;(15, 7);False;1;1420
;(15, 7);MoveWest;(15, 7);False;1;1421
MoveWest;(14, 7);MoveWest;(15, 7);False;1;1422
;(14, 7);MoveWest;(15, 7);False;1;1423
;(14, 7);MoveWest;(14, 7);False;1;1424
;(14, 7);MoveWest;(14, 7);False;1;1425
MoveWest;(13, 7);MoveWest;(14, 7);False;1;1426
;(13, 7);MoveWest;(14, 7);False;1;1427
;(13, 7);MoveWest;(14, 7);False;1;1428
;(13, 7);MoveWest;(14, 7);False;1;1429
MoveWest;(12, 7);MoveWest;(14, 7);False;1;1430
;(12, 7);MoveWest;(14, 7);False;1;1431
;(12, 7);MoveWest;(14, 7);False;1;1432
;(12, 7);MoveWest;(14, 7);False;1;1433
;(12, 7);MoveWest;(14, 7);False;1;1434
MoveSouth;(12, 8);MoveWest;(13, 7);False;1;1435
;(12, 8);;(13, 7);False;1;1436
;(12, 8);Idle;(13, 7);False;1;1437
;(12, 8);Idle;(13, 7);False;1;1438
;(12, 8);Idle;(13, 7);False;1;1439
;(12, 8);Idle;(13, 7);False;1;1440
;(12, 8);Idle;(13, 7);False;1;1441
MoveWest;(11, 8);Idle;(13, 7);False;1;1442
;(11, 8);Idle;(13, 7);False;1;1443
;(11, 8);Idle;(13, 7);False;1;1444
;(11, 8);Idle;(13, 7);False;1;1445
GrabObject;(11, 8);Idle;(13, 7);False;1;1446
;(11, 8);Idle;(13, 7);False;1;1447
;(11, 8);Idle;(13, 7);False;1;1448
MoveEast;(12, 8);Idle;(13, 7);False;1;1449
;(12, 8);Idle;(13, 7);False;1;1450
;(12, 8);Idle;(13, 7);False;1;1451
;(12, 8);Idle;(13, 7);False;1;1452
;(12, 8);Idle;(13, 7);False;1;1453
;(12, 8);Idle;(13, 7);False;1;1454
;(12, 8);Idle;(13, 7);False;1;1455
;(12, 8);Idle;(13, 7);False;1;1456
;(12, 8);Idle;(13, 7);False;1;1457
;(12, 8);Idle;(13, 7);False;1;1458
MoveEast;(13, 8);Idle;(13, 7);False;1;1459
;(13, 8);Idle;(13, 7);False;1;1460
MoveEast;(14, 8);Idle;(13, 7);False;1;1461
MoveEast;(15, 8);Idle;(13, 7);False;1;1462
MoveEast;(16, 8);Idle;(13, 7);False;1;1463
;(16, 8);Idle;(13, 7);False;1;1464
;(16, 8);Idle;(13, 7);False;1;1465
;(16, 8);Idle;(13, 7);False;1;1466
;(16, 8);Idle;(13, 7);False;1;1467
MoveEast;(17, 8);Idle;(13, 7);False;1;1468
;(17, 8);Idle;(13, 7);False;1;1469
;(17, 8);Idle;(13, 7);False;1;1470
;(17, 8);Idle;(13, 7);False;1;1471
;(17, 8);Idle;(13, 7);False;1;1472
MoveEast;(18, 8);Idle;(13, 7);False;1;1473
;(18, 8);Idle;(13, 7);False;1;1474
;(18, 8);Idle;(13, 7);False;1;1475
;(18, 8);Idle;(13, 7);False;1;1476
;(18, 8);Idle;(13, 7);False;1;1477
;(18, 8);Idle;(13, 7);False;1;1478
;(18, 8);Idle;(13, 7);False;1;1479
;(18, 8);Idle;(13, 7);False;1;1480
;(18, 8);Idle;(13, 7);False;1;1481
DropObject;(18, 8);Idle;(13, 7);False;1;1482
MoveWest;(17, 8);Idle;(13, 7);False;1;1483
;(17, 8);Idle;(13, 7);False;1;1484
;(17, 8);Idle;(13, 7);False;1;1485
;(17, 8);Idle;(13, 7);False;1;1486
;(17, 8);Idle;(13, 7);False;1;1487
;(17, 8);Idle;(13, 7);False;1;1488
;(17, 8);Idle;(13, 7);False;1;1489
;(17, 8);Idle;(13, 7);False;1;1490
;(17, 8);Idle;(13, 7);False;1;1491
;(17, 8);;(13, 7);False;1;1492
;(17, 8);MoveWest;(13, 7);False;1;1493
MoveWest;(16, 8);MoveWest;(13, 7);False;1;1494
MoveWest;(15, 8);MoveWest;(13, 7);False;1;1495
MoveWest;(14, 8);MoveWest;(13, 7);False;1;1496
MoveWest;(13, 8);MoveWest;(13, 7);False;1;1497
MoveWest;(12, 8);MoveWest;(13, 7);False;1;1498
;(12, 8);MoveWest;(13, 7);False;1;1499
MoveSouth;(12, 9);MoveWest;(13, 7);False;1;1500
;(12, 9);MoveWest;(13, 7);False;1;1501
;(12, 9);MoveWest;(13, 7);False;1;1502
;(12, 9);MoveWest;(12, 7);False;1;1503
;(12, 9);MoveWest;(12, 7);False;1;1504
;(12, 9);MoveWest;(12, 7);False;1;1505
MoveSouth;(12, 10);MoveWest;(12, 7);False;1;1506
;(12, 10);MoveWest;(12, 7);False;1;1507
;(12, 10);MoveWest;(12, 7);False;1;1508
;(12, 10);MoveWest;(12, 7);False;1;1509
;(12, 10);MoveWest;(12, 7);False;1;1510
MoveWest;(11, 10);MoveWest;(12, 7);False;1;1511
;(11, 10);MoveWest;(12, 7);False;1;1512
;(11, 10);MoveWest;(12, 7);False;1;1513
;(11, 10);MoveWest;(11, 7);False;1;1514
MoveNorth;(11, 9);MoveSouthWest;(11, 7);False;1;1515
;(11, 9);MoveSouthWest;(11, 7);False;1;1516
;(11, 9);MoveSouthWest;(11, 7);False;1;1517
;(11, 9);MoveSouthWest;(11, 7);False;1;1518
GrabObject;(11, 9);MoveSouthWest;(11, 7);False;1;1519
;(11, 9);MoveSouthWest;(11, 7);False;1;1520
;(11, 9);MoveSouthWest;(11, 7);False;1;1521
MoveEast;(12, 9);MoveSouthWest;(11, 7);False;1;1522
;(12, 9);MoveSouthWest;(11, 7);False;1;1523
;(12, 9);MoveSouthWest;(11, 7);False;1;1524
;(12, 9);MoveSouthWest;(10, 8);False;1;1525
;(12, 9);MoveWest;(10, 8);False;1;1526
;(12, 9);MoveWest;(10, 8);False;1;1527
;(12, 9);MoveWest;(10, 8);False;1;1528
;(12, 9);MoveWest;(10, 8);False;1;1529
;(12, 9);MoveWest;(10, 8);False;1;1530
;(12, 9);MoveWest;(10, 8);False;1;1531
MoveEast;(13, 9);MoveWest;(10, 8);False;1;1532
MoveEast;(14, 9);MoveWest;(10, 8);False;1;1533
MoveEast;(15, 9);MoveWest;(10, 8);False;1;1534
MoveEast;(16, 9);MoveWest;(10, 8);False;1;1535
MoveEast;(17, 9);MoveWest;(9, 8);False;1;1536
MoveEast;(18, 9);MoveWest;(9, 8);False;1;1537
;(18, 9);MoveWest;(9, 8);False;1;1538
;(18, 9);MoveWest;(9, 8);False;1;1539
;(18, 9);MoveWest;(9, 8);False;1;1540
MoveEast;(19, 9);MoveWest;(9, 8);False;1;1541
;(19, 9);MoveWest;(9, 8);False;1;1542
;(19, 9);MoveWest;(9, 8);False;1;1543
;(19, 9);MoveWest;(9, 8);False;1;1544
;(19, 9);MoveWest;(9, 8);False;1;1545
MoveNorth;(19, 8);MoveWest;(9, 8);False;1;1546
;(19, 8);MoveWest;(8, 8);False;1;1547
;(19, 8);MoveSouthWest;(8, 8);False;1;1548
;(19, 8);MoveSouthWest;(8, 8);False;1;1549
;(19, 8);MoveSouthWest;(8, 8);False;1;1550
MoveWest;(18, 8);MoveSouthWest;(8, 8);False;1;1551
;(18, 8);MoveSouthWest;(8, 8);False;1;1552
;(18, 8);MoveSouthWest;(8, 8);False;1;1553
;(18, 8);MoveSouthWest;(8, 8);False;1;1554
DropObject;(18, 8);MoveSouthWest;(8, 8);False;1;1555
;(18, 8);MoveSouthWest;(8, 8);False;1;1556
;(18, 8);MoveSouthWest;(8, 8);False;1;1557
;(18, 8);MoveSouthWest;(7, 9);False;1;1558
;(18, 8);GrabObject;(7, 9);False;1;1559
;(18, 8);GrabObject;(7, 9);False;1;1560
MoveWest;(17, 8);GrabObject;(7, 9);False;1;1561
;(17, 8);GrabObject;(7, 9);False;1;1562
;(17, 8);GrabObject;(7, 9);False;1;1563
;(17, 8);GrabObject;(7, 9);False;1;1564
;(17, 8);GrabObject;(7, 9);False;1;1565
;(17, 8);GrabObject;(7, 9);False;1;1566
;(17, 8);GrabObject;(7, 9);False;1;1567
;(17, 8);GrabObject;(7, 9);False;1;1568
;(17, 8);GrabObject;(7, 9);False;1;1569
MoveWest;(16, 8);;(7, 9);False;1;1570
MoveWest;(15, 8);MoveWest;(7, 9);False;1;1571
MoveWest;(14, 8);MoveWest;(7, 9);False;1;1572
MoveWest;(13, 8);MoveWest;(7, 9);False;1;1573
MoveWest;(12, 8);MoveWest;(7, 9);False;1;1574
;(12, 8);MoveWest;(7, 9);False;1;1575
;(12, 8);MoveWest;(7, 9);False;1;1576
;(12, 8);MoveWest;(7, 9);False;1;1577
;(12, 8);MoveWest;(7, 9);False;1;1578
;(12, 8);MoveWest;(7, 9);False;1;1579
;(12, 8);MoveWest;(7, 9);False;1;1580
MoveSouth;(12, 9);MoveWest;(6, 9);False;1;1581
;(12, 9);MoveWest;(6, 9);False;1;1582
;(12, 9);MoveWest;(6, 9);False;1;1583
;(12, 9);MoveWest;(6, 9);False;1;1584
;(12, 9);MoveWest;(6, 9);False;1;1585
MoveSouth;(12, 10);MoveWest;(6, 9);False;1;1586
;(12, 10);MoveWest;(6, 9);False;1;1587
;(12, 10);MoveWest;(6, 9);False;1;1588
;(12, 10);MoveWest;(6, 9);False;1;1589
;(12, 10);MoveWest;(6, 9);False;1;1590
;(12, 10);MoveWest;(6, 9);False;1;1591
;(12, 10);MoveWest;(5, 9);False;1;1592
;(12, 10);MoveWest;(5, 9);False;1;1593
;(12, 10);MoveWest;(5, 9);False;1;1594
MoveEast;(13, 10);MoveWest;(5, 9);False;1;1595
;(13, 10);MoveWest;(5, 9);False;1;1596
;(13, 10);MoveWest;(5, 9);False;1;1597
;(13, 10);MoveWest;(5, 9);False;1;1598
;(13, 10);MoveWest;(5, 9);False;1;1599
;(13, 10);MoveWest;(5, 9);False;1;1600
;(13, 10);MoveWest;(5, 9);False;1;1601
;(13, 10);MoveWest;(5, 9);False;1;1602
;(13, 10);MoveWest;(4, 9);False;1;1603
;(13, 10);MoveNorthWest;(4, 9);False;1;1604
;(13, 10);MoveNorthWest;(4, 9);False;1;1605
;(13, 10);MoveNorthWest;(4, 9);False;1;1606
;(13, 10);MoveNorthWest;(4, 9);False;1;1607
GrabObject;(13, 10);MoveNorthWest;(4, 9);False;1;1608
;(13, 10);MoveNorthWest;(4, 9);False;1;1609
;(13, 10);MoveNorthWest;(4, 9);False;1;1610
MoveNorth;(13, 9);MoveNorthWest;(4, 9);False;1;1611
;(13, 9);MoveNorthWest;(4, 9);False;1;1612
;(13, 9);MoveNorthWest;(4, 9);False;1;1613
;(13, 9);MoveNorthWest;(3, 8);False;1;1614
;(13, 9);MoveWest;(3, 8);False;1;1615
;(13, 9);MoveWest;(3, 8);False;1;1616
;(13, 9);MoveWest;(3, 8);False;1;1617
;(13, 9);MoveWest;(3, 8);False;1;1618
;(13, 9);MoveWest;(3, 8);False;1;1619
;(13, 9);MoveWest;(3, 8);False;1;1620
MoveNorth;(13, 8);MoveWest;(3, 8);False;1;1621
MoveNorth;(13, 7);MoveWest;(3, 8);False;1;1622
MoveNorth;(13, 6);MoveWest;(3, 8);False;1;1623
;(13, 6);MoveWest;(3, 8);False;1;1624
;(13, 6);MoveWest;(2, 8);False;1;1625
MoveEast;(14, 6);MoveNorthWest;(2, 8);False;1;1626
;(14, 6);MoveNorthWest;(2, 8);False;1;1627
;(14, 6);MoveNorthWest;(2, 8);False;1;1628
;(14, 6);MoveNorthWest;(2, 8);False;1;1629
;(14, 6);MoveNorthWest;(2, 8);False;1;1630
;(14, 6);MoveNorthWest;(2, 8);False;1;1631
;(14, 6);MoveNorthWest;(2, 8);False;1;1632
;(14, 6);MoveNorthWest;(2, 8);False;1;1633
;(14, 6);MoveNorthWest;(2, 8);False;1;1634
MoveEast;(15, 6);MoveNorthWest;(2, 8);False;1;1635
MoveEast;(16, 6);MoveNorthWest;(1, 7);False;1;1636
MoveEast;(17, 6);MoveWest;(1, 7);False;1;1637
MoveEast;(18, 6);MoveWest;(1, 7);False;1;1638
MoveEast;(19, 6);MoveWest;(1, 7);False;1;1639
MoveEast;(19, 6);MoveWest;(1, 7);False;1;1640
;(19, 6);MoveWest;(1, 7);False;1;1641
;(19, 6);MoveWest;(1, 7);False;1;1642
;(19, 6);MoveWest;(1, 7);False;1;1643
;(19, 6);MoveWest;(1, 7);False;1;1644
;(19, 6);MoveWest;(1, 7);False;1;1645
;(19, 6);MoveWest;(1, 7);False;1;1646
MoveSouth;(19, 7);MoveWest;(0, 7);False;1;1647
;(19, 7);DropObject;(0, 7);False;1;1648
;(19, 7);DropObject;(0, 7);False;1;1649
MoveWest;(18, 7);DropObject;(0, 7);False;1;1650
;(18, 7);DropObject;(0, 7);False;1;1651
;(18, 7);DropObject;(0, 7);False;1;1652
;(18, 7);DropObject;(0, 7);False;1;1653
DropObject;(18, 7);DropObject;(0, 7);False;1;1654
;(18, 7);DropObject;(0, 7);False;1;1655
;(18, 7);DropObject;(0, 7);False;1;1656
;(18, 7);DropObject;(0, 7);False;1;1657
MoveWest;(17, 7);DropObject;(0, 7);False;1;1658
;(17, 7);;(0, 7);False;1;1659
;(17, 7);Idle;(0, 7);False;1;1660
;(17, 7);Idle;(0, 7);False;1;1661
;(17, 7);Idle;(0, 7);False;1;1662
;(17, 7);Idle;(0, 7);False;1;1663
;(17, 7);Idle;(0, 7);False;1;1664
;(17, 7);Idle;(0, 7);False;1;1665
;(17, 7);Idle;(0, 7);False;1;1666
;(17, 7);Idle;(0, 7);False;1;1667
MoveWest;(16, 7);Idle;(0, 7);False;1;1668
MoveWest;(15, 7);Idle;(0, 7);False;1;1669
MoveWest;(14, 7);Idle;(0, 7);False;1;1670
MoveWest;(13, 7);Idle;(0, 7);False;1;1671
MoveWest;(12, 7);Idle;(0, 7);False;1;1672
MoveWest;(11, 7);Idle;(0, 7);False;1;1673
MoveWest;(10, 7);Idle;(0, 7);False;1;1674
;(10, 7);Idle;(0, 7);False;1;1675
MoveWest;(9, 7);Idle;(0, 7);False;1;1676
;(9, 7);Idle;(0, 7);False;1;1677
;(9, 7);Idle;(0, 7);False;1;1678
;(9, 7);Idle;(0, 7);False;1;1679
;(9, 7);Idle;(0, 7);False;1;1680
MoveWest;(8, 7);Idle;(0, 7);False;1;1681
;(8, 7);Idle;(0, 7);False;1;1682
;(8, 7);Idle;(0, 7);False;1;1683
;(8, 7);Idle;(0, 7);False;1;1684
;(8, 7);Idle;(0, 7);False;1;1685
;(8, 7);Idle;(0, 7);False;1;1686
MoveSouth;(8, 8);Idle;(0, 7);False;1;1687
;(8, 8);Idle;(0, 7);False;1;1688
;(8, 8);Idle;(0, 7);False;1;1689
;(8, 8);Idle;(0, 7);False;1;1690
;(8, 8);Idle;(0, 7);False;1;1691
MoveSouth;(8, 9);Idle;(0, 7);False;1;1692
;(8, 9);Idle;(0, 7);False;1;1693
;(8, 9);Idle;(0, 7);False;1;1694
;(8, 9);Idle;(0, 7);False;1;1695
;(8, 9);Idle;(0, 7);False;1;1696
MoveWest;(7, 9);Idle;(0, 7);False;1;1697
;(7, 9);Idle;(0, 7);False;1;1698
;(7, 9);Idle;(0, 7);False;1;1699
;(7, 9);Idle;(0, 7);False;1;1700
;(7, 9);Idle;(0, 7);False;1;1701
;(7, 9);Idle;(0, 7);False;1;1702
;(7, 9);Idle;(0, 7);False;1;1703
;(7, 9);Idle;(0, 7);False;1;1704
MoveSouth;(7, 10);Idle;(0, 7);False;1;1705
;(7, 10);Idle;(0, 7);False;1;1706
;(7, 10);Idle;(0, 7);False;1;1707
;(7, 10);Idle;(0, 7);False;1;1708
;(7, 10);Idle;(0, 7);False;1;1709
;(7, 10);Idle;(0, 7);False;1;1710
;(7, 10);Idle;(0, 7);False;1;1711
;(7, 10);Idle;(0, 7);False;1;1712
;(7, 10);Idle;(0, 7);False;1;1713
;(7, 10);Idle;(0, 7);False;1;1714
;(7, 10);;(0, 7);False;1;1715
;(7, 10);MoveEast;(0, 7);False;1;1716
;(7, 10);MoveEast;(0, 7);False;1;1717
GrabObject;(7, 10);MoveEast;(0, 7);False;1;1718
;(7, 10);MoveEast;(0, 7);False;1;1719
;(7, 10);MoveEast;(0, 7);False;1;1720
MoveWest;(6, 10);MoveEast;(0, 7);False;1;1721
;(6, 10);MoveEast;(0, 7);False;1;1722
;(6, 10);MoveEast;(0, 7);False;1;1723
;(6, 10);MoveEast;(0, 7);False;1;1724
;(6, 10);MoveEast;(0, 7);False;1;1725
;(6, 10);MoveEast;(1, 7);False;1;1726
;(6, 10);MoveEast;(1, 7);False;1;1727
;(6, 10);MoveEast;(1, 7);False;1;1728
;(6, 10);MoveEast;(1, 7);False;1;1729
;(6, 10);MoveEast;(1, 7);False;1;1730
MoveWest;(5, 10);MoveEast;(1, 7);False;1;1731
MoveWest;(4, 10);MoveEast;(1, 7);False;1;1732
MoveWest;(3, 10);MoveEast;(1, 7);False;1;1733
MoveWest;(2, 10);MoveEast;(1, 7);False;1;1734
MoveWest;(1, 10);MoveEast;(1, 7);False;1;1735
MoveWest;(0, 10);MoveEast;(1, 7);False;1;1736
MoveWest;(0, 10);MoveEast;(2, 7);False;1;1737
MoveWest;(0, 10);MoveEast;(2, 7);False;1;1738
MoveNorth;(0, 9);MoveEast;(2, 7);False;1;1739
;(0, 9);MoveEast;(2, 7);False;1;1740
;(0, 9);MoveEast;(2, 7);False;1;1741
;(0, 9);MoveEast;(2, 7);False;1;1742
;(0, 9);MoveEast;(2, 7);False;1;1743
;(0, 9);MoveEast;(2, 7);False;1;1744
;(0, 9);MoveEast;(2, 7);False;1;1745
;(0, 9);MoveEast;(2, 7);False;1;1746
;(0, 9);MoveEast;(2, 7);False;1;1747
MoveNorth;(0, 8);MoveEast;(3, 7);False;1;1748
;(0, 8);MoveEast;(3, 7);False;1;1749
;(0, 8);MoveEast;(3, 7);False;1;1750
;(0, 8);MoveEast;(3, 7);False;1;1751
MoveEast;(1, 8);MoveEast;(3, 7);False;1;1752
;(1, 8);MoveEast;(3, 7);False;1;1753
;(1, 8);MoveEast;(3, 7);False;1;1754
;(1, 8);MoveEast;(3, 7);False;1;1755
;(1, 8);MoveEast;(3, 7);False;1;1756
DropObject;(1, 8);MoveEast;(3, 7);False;1;1757
;(1, 8);MoveEast;(3, 7);False;1;1758
;(1, 8);MoveEast;(4, 7);False;1;1759
;(1, 8);MoveSouthEast;(4, 7);False;1;1760
MoveEast;(2, 8);MoveSouthEast;(4, 7);False;1;1761
;(2, 8);MoveSouthEast;(4, 7);False;1;1762
;(2, 8);MoveSouthEast;(4, 7);False;1;1763
;(2, 8);MoveSouthEast;(4, 7);False;1;1764
;(2, 8);MoveSouthEast;(4, 7);False;1;1765
;(2, 8);MoveSouthEast;(4, 7);False;1;1766
;(2, 8);MoveSouthEast;(4, 7);False;1;1767
;(2, 8);MoveSouthEast;(4, 7);False;1;1768
;(2, 8);MoveSouthEast;(4, 7);False;1;1769
;(2, 8);MoveSouthEast;(5, 8);False;1;1770
MoveEast;(3, 8);MoveEast;(5, 8);False;1;1771
MoveEast;(4, 8);MoveEast;(5, 8);False;1;1772
MoveEast;(5, 8);MoveEast;(5, 8);False;1;1773
MoveEast;(6, 8);MoveEast;(5, 8);False;1;1774
MoveEast;(7, 8);MoveEast;(5, 8);False;1;1775
MoveEast;(8, 8);MoveEast;(5, 8);False;1;1776
MoveEast;(9, 8);MoveEast;(5, 8);False;1;1777
;(9, 8);MoveEast;(5, 8);False;1;1778
;(9, 8);MoveEast;(5, 8);False;1;1779
;(9, 8);MoveEast;(5, 8);False;1;1780
;(9, 8);MoveEast;(6, 8);False;1;1781
;(9, 8);MoveEast;(6, 8);False;1;1782
MoveNorth;(9, 7);MoveEast;(6, 8);False;1;1783
;(9, 7);MoveEast;(6, 8);False;1;1784
;(9, 7);MoveEast;(6, 8);False;1;1785
;(9, 7);MoveEast;(6, 8);False;1;1786
;(9, 7);MoveEast;(6, 8);False;1;1787
;(9, 7);MoveEast;(6, 8);False;1;1788
MoveNorth;(9, 6);MoveEast;(6, 8);False;1;1789
;(9, 6);MoveEast;(6, 8);False;1;1790
;(9, 6);MoveEast;(6, 8);False;1;1791
;(9, 6);MoveEast;(7, 8);False;1;1792
;(9, 6);MoveSouthEast;(7, 8);False;1;1793
;(9, 6);MoveSouthEast;(7, 8);False;1;1794
;(9, 6);MoveSouthEast;(7, 8);False;1;1795
;(9, 6);MoveSouthEast;(7, 8);False;1;1796
;(9, 6);MoveSouthEast;(7, 8);False;1;1797
;(9, 6);MoveSouthEast;(7, 8);False;1;1798
;(9, 6);MoveSouthEast;(7, 8);False;1;1799
;(9, 6);MoveSouthEast;(7, 8);False;1;1800
;(9, 6);MoveSouthEast;(7, 8);False;1;1801
;(9, 6);MoveSouthEast;(7, 8);False;1;1802
;(9, 6);MoveSouthEast;(8, 9);False;1;1803
;(9, 6);GrabObject;(8, 9);False;1;1804
;(9, 6);GrabObject;(8, 9);False;1;1805
;(9, 6);GrabObject;(8, 9);False;1;1806
;(9, 6);GrabObject;(8, 9);False;1;1807
;(9, 6);GrabObject;(8, 9);False;1;1808
;(9, 6);GrabObject;(8, 9);False;1;1809
;(9, 6);GrabObject;(8, 9);False;1;1810
;(9, 6);GrabObject;(8, 9);False;1;1811
;(9, 6);GrabObject;(8, 9);False;1;1812
;(9, 6);GrabObject;(8, 9);False;1;1813
;(9, 6);GrabObject;(8, 9);False;1;1814
;(9, 6);;(8, 9);False;1;1815
;(9, 6);MoveWest;(8, 9);False;1;1816
;(9, 6);MoveWest;(8, 9);False;1;1817
;(9, 6);MoveWest;(8, 9);False;1;1818
;(9, 6);MoveWest;(8, 9);False;1;1819
;(9, 6);MoveWest;(8, 9);False;1;1820
;(9, 6);MoveWest;(8, 9);False;1;1821
;(9, 6);MoveWest;(8, 9);False;1;1822
;(9, 6);MoveWest;(8, 9);False;1;1823
;(9, 6);MoveWest;(8, 9);False;1;1824
;(9, 6);MoveWest;(8, 9);False;1;1825
;(9, 6);MoveWest;(7, 9);False;1;1826
;(9, 6);MoveWest;(7, 9);False;1;1827
;(9, 6);MoveWest;(7, 9);False;1;1828
;(9, 6);MoveWest;(7, 9);False;1;1829
;(9, 6);MoveWest;(7, 9);False;1;1830
;(9, 6);MoveWest;(7, 9);False;1;1831
;(9, 6);MoveWest;(7, 9);False;1;1832
;(9, 6);MoveWest;(7, 9);False;1;1833
;(9, 6);MoveWest;(7, 9);False;1;1834
;(9, 6);MoveWest;(7, 9);False;1;1835
;(9, 6);MoveWest;(7, 9);False;1;1836
;(9, 6);MoveWest;(6, 9);False;1;1837
;(9, 6);MoveWest;(6, 9);False;1;1838
;(9, 6);MoveWest;(6, 9);False;1;1839
;(9, 6);MoveWest;(6, 9);False;1;1840
;(9, 6);MoveWest;(6, 9);False;1;1841
;(9, 6);MoveWest;(6, 9);False;1;1842
;(9, 6);MoveWest;(6, 9);False;1;1843
;(9, 6);MoveWest;(6, 9);False;1;1844
;(9, 6);MoveWest;(6, 9);False;1;1845
;(9, 6);MoveWest;(6, 9);False;1;1846
;(9, 6);MoveWest;(6, 9);False;1;1847
;(9, 6);MoveWest;(5, 9);False;1;1848
;(9, 6);MoveNorthWest;(5, 9);False;1;1849
;(9, 6);MoveNorthWest;(5, 9);False;1;1850
;(9, 6);MoveNorthWest;(5, 9);False;1;1851
;(9, 6);MoveNorthWest;(5, 9);False;1;1852
;(9, 6);MoveNorthWest;(5, 9);False;1;1853
;(9, 6);MoveNorthWest;(5, 9);False;1;1854
;(9, 6);MoveNorthWest;(5, 9);False;1;1855
;(9, 6);MoveNorthWest;(5, 9);False;1;1856
;(9, 6);MoveNorthWest;(5, 9);False;1;1857
;(9, 6);MoveNorthWest;(5, 9);False;1;1858
;(9, 6);MoveNorthWest;(4, 8);False;1;1859
;(9, 6);MoveWest;(4, 8);False;1;1860
;(9, 6);MoveWest;(4, 8);False;1;1861
;(9, 6);MoveWest;(4, 8);False;1;1862
;(9, 6);MoveWest;(4, 8);False;1;1863
;(9, 6);MoveWest;(4, 8);False;1;1864
;(9, 6);MoveWest;(4, 8);False;1;1865
;(9, 6);MoveWest;(4, 8);False;1;1866
;(9, 6);MoveWest;(4, 8);False;1;1867
;(9, 6);MoveWest;(4, 8);False;1;1868
;(9, 6);MoveWest;(4, 8);False;1;1869
;(9, 6);MoveWest;(3, 8);False;1;1870
;(9, 6);MoveNorthWest;(3, 8);False;1;1871
;(9, 6);MoveNorthWest;(3, 8);False;1;1872
;(9, 6);MoveNorthWest;(3, 8);False;1;1873
;(9, 6);MoveNorthWest;(3, 8);False;1;1874
;(9, 6);MoveNorthWest;(3, 8);False;1;1875
;(9, 6);MoveNorthWest;(3, 8);False;1;1876
;(9, 6);MoveNorthWest;(3, 8);False;1;1877
;(9, 6);MoveNorthWest;(3, 8);False;1;1878
;(9, 6);MoveNorthWest;(3, 8);False;1;1879
;(9, 6);MoveNorthWest;(3, 8);False;1;1880
;(9, 6);MoveNorthWest;(2, 7);False;1;1881
;(9, 6);MoveWest;(2, 7);False;1;1882
;(9, 6);MoveWest;(2, 7);False;1;1883
;(9, 6);MoveWest;(2, 7);False;1;1884
;(9, 6);MoveWest;(2, 7);False;1;1885
;(9, 6);MoveWest;(2, 7);False;1;1886
;(9, 6);MoveWest;(2, 7);False;1;1887
;(9, 6);MoveWest;(2, 7);False;1;1888
;(9, 6);MoveWest;(2, 7);False;1;1889
;(9, 6);MoveWest;(2, 7);False;1;1890
;(9, 6);MoveWest;(2, 7);False;1;1891
;(9, 6);MoveWest;(1, 7);False;1;1892
;(9, 6);DropObject;(1, 7);False;1;1893
;(9, 6);DropObject;(1, 7);False;1;1894
;(9, 6);DropObject;(1, 7);False;1;1895
;(9, 6);DropObject;(1, 7);False;1;1896
;(9, 6);DropObject;(1, 7);False;1;1897
;(9, 6);DropObject;(1, 7);False;1;1898
;(9, 6);DropObject;(1, 7);False;1;1899
;(9, 6);DropObject;(1, 7);False;1;1900
;(9, 6);DropObject;(1, 7);False;1;1901
;(9, 6);DropObject;(1, 7);False;1;1902
;(9, 6);DropObject;(1, 7);False;1;1903
;(9, 6);;(1, 7);False;1;1904
;(9, 6);MoveEast;(1, 7);False;1;1905
;(9, 6);MoveEast;(1, 7);False;1;1906
;(9, 6);MoveEast;(1, 7);False;1;1907
;(9, 6);MoveEast;(1, 7);False;1;1908
;(9, 6);MoveEast;(1, 7);False;1;1909
;(9, 6);MoveEast;(1, 7);False;1;1910
;(9, 6);MoveEast;(1, 7);False;1;1911
;(9, 6);MoveEast;(1, 7);False;1;1912
;(9, 6);MoveEast;(1, 7);False;1;1913
;(9, 6);MoveEast;(1, 7);False;1;1914
;(9, 6);MoveEast;(2, 7);False;1;1915
;(9, 6);MoveEast;(2, 7);False;1;1916
;(9, 6);MoveEast;(2, 7);False;1;1917
;(9, 6);MoveEast;(2, 7);False;1;1918
;(9, 6);MoveEast;(2, 7);False;1;1919
;(9, 6);MoveEast;(2, 7);False;1;1920
;(9, 6);MoveEast;(2, 7);False;1;1921
;(9, 6);MoveEast;(2, 7);False;1;1922
;(9, 6);MoveEast;(2, 7);False;1;1923
;(9, 6);MoveEast;(2, 7);False;1;1924
;(9, 6);MoveEast;(2, 7);False;1;1925
;(9, 6);MoveEast;(3, 7);False;1;1926
;(9, 6);MoveWest;(3, 7);False;1;1927
;(9, 6);MoveWest;(3, 7);False;1;1928
;(9, 6);MoveWest;(3, 7);False;1;1929
;(9, 6);MoveWest;(3, 7);False;1;1930
;(9, 6);MoveWest;(3, 7);False;1;1931
;(9, 6);MoveWest;(3, 7);False;1;1932
;(9, 6);MoveWest;(3, 7);False;1;1933
;(9, 6);MoveWest;(3, 7);False;1;1934
;(9, 6);MoveWest;(3, 7);False;1;1935
;(9, 6);MoveWest;(3, 7);False;1;1936
;(9, 6);MoveWest;(2, 7);False;1;1937
;(9, 6);MoveWest;(2, 7);False;1;1938
;(9, 6);MoveWest;(2, 7);False;1;1939
;(9, 6);MoveWest;(2, 7);False;1;1940
;(9, 6);MoveWest;(2, 7);False;1;1941
;(9, 6);MoveWest;(2, 7);False;1;1942
;(9, 6);MoveWest;(2, 7);False;1;1943
;(9, 6);MoveWest;(2, 7);False;1;1944
;(9, 6);MoveWest;(2, 7);False;1;1945
;(9, 6);MoveWest;(2, 7);False;1;1946
;(9, 6);MoveWest;(2, 7);False;1;1947
;(9, 6);MoveWest;(1, 7);False;1;1948
;(9, 6);MoveEast;(1, 7);False;1;1949
;(9, 6);MoveEast;(1, 7);False;1;1950
;(9, 6);MoveEast;(1, 7);False;1;1951
;(9, 6);MoveEast;(1, 7);False;1;1952
;(9, 6);MoveEast;(1, 7);False;1;1953
;(9, 6);MoveEast;(1, 7);False;1;1954
;(9, 6);MoveEast;(1, 7);False;1;1955
;(9, 6);MoveEast;(1, 7);False;1;1956
;(9, 6);MoveEast;(1, 7);False;1;1957
;(9, 6);MoveEast;(1, 7);False;1;1958
;(9, 6);MoveEast;(2, 7);False;1;1959
;(9, 6);MoveEast;(2, 7);False;1;1960
;(9, 6);MoveEast;(2, 7);False;1;1961
;(9, 6);MoveEast;(2, 7);False;1;1962
;(9, 6);MoveEast;(2, 7);False;1;1963
;(9, 6);MoveEast;(2, 7);False;1;1964
;(9, 6);MoveEast;(2, 7);False;1;1965
;(9, 6);MoveEast;(2, 7);False;1;1966
;(9, 6);MoveEast;(2, 7);False;1;1967
;(9, 6);MoveEast;(2, 7);False;1;1968
;(9, 6);MoveEast;(2, 7);False;1;1969
;(9, 6);MoveEast;(3, 7);False;1;1970
;(9, 6);MoveWest;(3, 7);False;1;1971
;(9, 6);MoveWest;(3, 7);False;1;1972
;(9, 6);MoveWest;(3, 7);False;1;1973
;(9, 6);MoveWest;(3, 7);False;1;1974
;(9, 6);MoveWest;(3, 7);False;1;1975
;(9, 6);MoveWest;(3, 7);False;1;1976
;(9, 6);MoveWest;(3, 7);False;1;1977
;(9, 6);MoveWest;(3, 7);False;1;1978
;(9, 6);MoveWest;(3, 7);False;1;1979
;(9, 6);MoveWest;(3, 7);False;1;1980
;(9, 6);MoveWest;(2, 7);False;1;1981
;(9, 6);MoveWest;(2, 7);False;1;1982
;(9, 6);MoveWest;(2, 7);False;1;1983
;(9, 6);MoveWest;(2, 7);False;1;1984
;(9, 6);MoveWest;(2, 7);False;1;1985
;(9, 6);MoveWest;(2, 7);False;1;1986
;(9, 6);MoveWest;(2, 7);False;1;1987
;(9, 6);MoveWest;(2, 7);False;1;1988
;(9, 6);MoveWest;(2, 7);False;1;1989
;(9, 6);MoveWest;(2, 7);False;1;1990
;(9, 6);MoveWest;(2, 7);False;1;1991
;(9, 6);MoveWest;(1, 7);False;1;1992
;(9, 6);MoveEast;(1, 7);False;1;1993
;(9, 6);MoveEast;(1, 7);False;1;1994
;(9, 6);MoveEast;(1, 7);False;1;1995
;(9, 6);MoveEast;(1, 7);False;1;1996
;(9, 6);MoveEast;(1, 7);False;1;1997
;(9, 6);MoveEast;(1, 7);False;1;1998
;(9, 6);MoveEast;(1, 7);False;1;1999
;(9, 6);MoveEast;(1, 7);False;1;2000
;(9, 6);MoveEast;(1, 7);False;1;2001
;(9, 6);MoveEast;(1, 7);False;1;2002
;(9, 6);MoveEast;(2, 7);False;1;2003
;(9, 6);MoveEast;(2, 7);False;1;2004
;(9, 6);MoveEast;(2, 7);False;1;2005
;(9, 6);MoveEast;(2, 7);False;1;2006
;(9, 6);MoveEast;(2, 7);False;1;2007
;(9, 6);MoveEast;(2, 7);False;1;2008
;(9, 6);MoveEast;(2, 7);False;1;2009
;(9, 6);MoveEast;(2, 7);False;1;2010
;(9, 6);MoveEast;(2, 7);False;1;2011
;(9, 6);MoveEast;(2, 7);False;1;2012
;(9, 6);MoveEast;(2, 7);False;1;2013
;(9, 6);MoveEast;(3, 7);False;1;2014
;(9, 6);MoveWest;(3, 7);False;1;2015
;(9, 6);MoveWest;(3, 7);False;1;2016
;(9, 6);MoveWest;(3, 7);False;1;2017
;(9, 6);MoveWest;(3, 7);False;1;2018
;(9, 6);MoveWest;(3, 7);False;1;2019
;(9, 6);MoveWest;(3, 7);False;1;2020
;(9, 6);MoveWest;(3, 7);False;1;2021
;(9, 6);MoveWest;(3, 7);False;1;2022
;(9, 6);MoveWest;(3, 7);False;1;2023
;(9, 6);MoveWest;(3, 7);False;1;2024
;(9, 6);MoveWest;(2, 7);False;1;2025
;(9, 6);MoveWest;(2, 7);False;1;2026
;(9, 6);MoveWest;(2, 7);False;1;2027
;(9, 6);MoveWest;(2, 7);False;1;2028
;(9, 6);MoveWest;(2, 7);False;1;2029
;(9, 6);MoveWest;(2, 7);False;1;2030
;(9, 6);MoveWest;(2, 7);False;1;2031
;(9, 6);MoveWest;(2, 7);False;1;2032
;(9, 6);MoveWest;(2, 7);False;1;2033
;(9, 6);MoveWest;(2, 7);False;1;2034
;(9, 6);MoveWest;(2, 7);False;1;2035
;(9, 6);MoveWest;(1, 7);False;1;2036
;(9, 6);;(1, 7);False;1;2037
;(9, 6);Idle;(1, 7);False;1;2038
;(9, 6);Idle;(1, 7);False;1;2039
;(9, 6);Idle;(1, 7);False;1;2040
;(9, 6);Idle;(1, 7);False;1;2041
;(9, 6);Idle;(1, 7);False;1;2042
;(9, 6);Idle;(1, 7);False;1;2043
;(9, 6);Idle;(1, 7);False;1;2044
;(9, 6);Idle;(1, 7);False;1;2045
;(9, 6);Idle;(1, 7);False;1;2046
;(9, 6);Idle;(1, 7);False;1;2047
;(9, 6);Idle;(1, 7);False;1;2048
;(9, 6);Idle;(1, 7);False;1;2049
;(9, 6);Idle;(1, 7);False;1;2050
;(9, 6);Idle;(1, 7);False;1;2051
;(9, 6);Idle;(1, 7);False;1;2052
;(9, 6);Idle;(1, 7);False;1;2053
;(9, 6);Idle;(1, 7);False;1;2054
;(9, 6);Idle;(1, 7);False;1;2055
;(9, 6);Idle;(1, 7);False;1;2056
;(9, 6);Idle;(1, 7);False;1;2057
;(9, 6);Idle;(1, 7);False;1;2058
;(9, 6);Idle;(1, 7);False;1;2059
;(9, 6);Idle;(1, 7);False;1;2060
;(9, 6);Idle;(1, 7);False;1;2061
;(9, 6);Idle;(1, 7);False;1;2062
;(9, 6);Idle;(1, 7);False;1;2063
;(9, 6);Idle;(1, 7);False;1;2064
;(9, 6);Idle;(1, 7);False;1;2065
;(9, 6);Idle;(1, 7);False;1;2066
;(9, 6);Idle;(1, 7);False;1;2067
;(9, 6);Idle;(1, 7);False;1;2068
;(9, 6);Idle;(1, 7);False;1;2069
;(9, 6);Idle;(1, 7);False;1;2070
;(9, 6);Idle;(1, 7);False;1;2071
;(9, 6);Idle;(1, 7);False;1;2072
;(9, 6);Idle;(1, 7);False;1;2073
;(9, 6);Idle;(1, 7);False;1;2074
;(9, 6);Idle;(1, 7);False;1;2075
;(9, 6);Idle;(1, 7);False;1;2076
;(9, 6);Idle;(1, 7);False;1;2077
;(9, 6);Idle;(1, 7);False;1;2078
;(9, 6);Idle;(1, 7);False;1;2079
;(9, 6);Idle;(1, 7);False;1;2080
;(9, 6);Idle;(1, 7);False;1;2081
;(9, 6);Idle;(1, 7);False;1;2082
;(9, 6);Idle;(1, 7);False;1;2083
;(9, 6);Idle;(1, 7);False;1;2084
;(9, 6);Idle;(1, 7);False;1;2085
;(9, 6);Idle;(1, 7);False;1;2086
;(9, 6);Idle;(1, 7);False;1;2087
;(9, 6);Idle;(1, 7);False;1;2088
;(9, 6);Idle;(1, 7);False;1;2089
;(9, 6);Idle;(1, 7);False;1;2090
;(9, 6);Idle;(1, 7);False;1;2091
;(9, 6);Idle;(1, 7);False;1;2092
;(9, 6);;(1, 7);False;1;2093
;(9, 6);MoveEast;(1, 7);False;1;2094
;(9, 6);MoveEast;(1, 7);False;1;2095
;(9, 6);MoveEast;(1, 7);False;1;2096
;(9, 6);MoveEast;(1, 7);False;1;2097
;(9, 6);MoveEast;(1, 7);False;1;2098
;(9, 6);MoveEast;(1, 7);False;1;2099
;(9, 6);MoveEast;(1, 7);False;1;2100
;(9, 6);MoveEast;(1, 7);False;1;2101
;(9, 6);MoveEast;(1, 7);False;1;2102
;(9, 6);MoveEast;(1, 7);False;1;2103
;(9, 6);MoveEast;(2, 7);False;1;2104
;(9, 6);MoveEast;(2, 7);False;1;2105
;(9, 6);MoveEast;(2, 7);False;1;2106
;(9, 6);MoveEast;(2, 7);False;1;2107
;(9, 6);MoveEast;(2, 7);False;1;2108
;(9, 6);MoveEast;(2, 7);False;1;2109
;(9, 6);MoveEast;(2, 7);False;1;2110
;(9, 6);MoveEast;(2, 7);False;1;2111
;(9, 6);MoveEast;(2, 7);False;1;2112
;(9, 6);MoveEast;(2, 7);False;1;2113
;(9, 6);MoveEast;(2, 7);False;1;2114
;(9, 6);MoveEast;(3, 7);False;1;2115
;(9, 6);MoveEast;(3, 7);False;1;2116
;(9, 6);MoveEast;(3, 7);False;1;2117
;(9, 6);MoveEast;(3, 7);False;1;2118
;(9, 6);MoveEast;(3, 7);False;1;2119
;(9, 6);MoveEast;(3, 7);False;1;2120
;(9, 6);MoveEast;(3, 7);False;1;2121
;(9, 6);MoveEast;(3, 7);False;1;2122
;(9, 6);MoveEast;(3, 7);False;1;2123
;(9, 6);MoveEast;(3, 7);False;1;2124
;(9, 6);MoveEast;(3, 7);False;1;2125
;(9, 6);MoveEast;(4, 7);False;1;2126
;(9, 6);MoveEast;(4, 7);False;1;2127
;(9, 6);MoveEast;(4, 7);False;1;2128
;(9, 6);MoveEast;(4, 7);False;1;2129
;(9, 6);MoveEast;(4, 7);False;1;2130
;(9, 6);MoveEast;(4, 7);False;1;2131
;(9, 6);MoveEast;(4, 7);False;1;2132
;(9, 6);MoveEast;(4, 7);False;1;2133
;(9, 6);MoveEast;(4, 7);False;1;2134
;(9, 6);MoveEast;(4, 7);False;1;2135
;(9, 6);MoveEast;(4, 7);False;1;2136
;(9, 6);MoveEast;(5, 7);False;1;2137
;(9, 6);MoveEast;(5, 7);False;1;2138
;(9, 6);MoveEast;(5, 7);False;1;2139
;(9, 6);MoveEast;(5, 7);False;1;2140
;(9, 6);MoveEast;(5, 7);False;1;2141
;(9, 6);MoveEast;(5, 7);False;1;2142
;(9, 6);MoveEast;(5, 7);False;1;2143
;(9, 6);MoveEast;(5, 7);False;1;2144
;(9, 6);MoveEast;(5, 7);False;1;2145
;(9, 6);MoveEast;(5, 7);False;1;2146
;(9, 6);MoveEast;(5, 7);False;1;2147
;(9, 6);MoveEast;(6, 7);False;1;2148
;(9, 6);MoveEast;(6, 7);False;1;2149
;(9, 6);MoveEast;(6, 7);False;1;2150
;(9, 6);MoveEast;(6, 7);False;1;2151
;(9, 6);MoveEast;(6, 7);False;1;2152
;(9, 6);MoveEast;(6, 7);False;1;2153
;(9, 6);MoveEast;(6, 7);False;1;2154
;(9, 6);MoveEast;(6, 7);False;1;2155
;(9, 6);MoveEast;(6, 7);False;1;2156
;(9, 6);MoveEast;(6, 7);False;1;2157
;(9, 6);MoveEast;(6, 7);False;1;2158
;(9, 6);MoveEast;(7, 7);False;1;2159
;(9, 6);GrabLargeObject;(7, 7);False;1;2160
;(9, 6);GrabLargeObject;(7, 7);False;1;2161
;(9, 6);GrabLargeObject;(7, 7);False;1;2162
;(9, 6);GrabLargeObject;(7, 7);False;1;2163
;(9, 6);GrabLargeObject;(7, 7);False;1;2164
;(9, 6);GrabLargeObject;(7, 7);False;1;2165
;(9, 6);GrabLargeObject;(7, 7);False;1;2166
;(9, 6);GrabLargeObject;(7, 7);False;1;2167
;(9, 6);GrabLargeObject;(7, 7);False;1;2168
;(9, 6);GrabLargeObject;(7, 7);False;1;2169
;(9, 6);GrabLargeObject;(7, 7);False;1;2170
;(9, 6);;(7, 7);False;1;2171
;(9, 6);MoveWest;(7, 7);False;1;2172
;(9, 6);MoveWest;(7, 7);False;1;2173
;(9, 6);MoveWest;(7, 7);False;1;2174
;(9, 6);MoveWest;(7, 7);False;1;2175
;(9, 6);MoveWest;(7, 7);False;1;2176
;(9, 6);MoveWest;(7, 7);False;1;2177
;(9, 6);MoveWest;(7, 7);False;1;2178
;(9, 6);MoveWest;(7, 7);False;1;2179
;(9, 6);MoveWest;(7, 7);False;1;2180
;(9, 6);MoveWest;(7, 7);False;1;2181
;(9, 6);MoveWest;(6, 7);False;1;2182
;(9, 6);MoveWest;(6, 7);False;1;2183
;(9, 6);MoveWest;(6, 7);False;1;2184
;(9, 6);MoveWest;(6, 7);False;1;2185
;(9, 6);MoveWest;(6, 7);False;1;2186
;(9, 6);MoveWest;(6, 7);False;1;2187
;(9, 6);MoveWest;(6, 7);False;1;2188
;(9, 6);MoveWest;(6, 7);False;1;2189
;(9, 6);MoveWest;(6, 7);False;1;2190
;(9, 6);MoveWest;(6, 7);False;1;2191
;(9, 6);MoveWest;(6, 7);False;1;2192
;(9, 6);MoveWest;(5, 7);False;1;2193
;(9, 6);MoveNorthWest;(5, 7);False;1;2194
;(9, 6);MoveNorthWest;(5, 7);False;1;2195
;(9, 6);MoveNorthWest;(5, 7);False;1;2196
;(9, 6);MoveNorthWest;(5, 7);False;1;2197
;(9, 6);MoveNorthWest;(5, 7);False;1;2198
;(9, 6);MoveNorthWest;(5, 7);False;1;2199
;(9, 6);MoveNorthWest;(5, 7);False;1;2200
;(9, 6);MoveNorthWest;(5, 7);False;1;2201
;(9, 6);MoveNorthWest;(5, 7);False;1;2202
;(9, 6);MoveNorthWest;(5, 7);False;1;2203
;(9, 6);MoveNorthWest;(4, 6);False;1;2204
;(9, 6);MoveWest;(4, 6);False;1;2205
;(9, 6);MoveWest;(4, 6);False;1;2206
;(9, 6);MoveWest;(4, 6);False;1;2207
;(9, 6);MoveWest;(4, 6);False;1;2208
;(9, 6);MoveWest;(4, 6);False;1;2209
;(9, 6);MoveWest;(4, 6);False;1;2210
;(9, 6);MoveWest;(4, 6);False;1;2211
;(9, 6);MoveWest;(4, 6);False;1;2212
;(9, 6);MoveWest;(4, 6);False;1;2213
;(9, 6);MoveWest;(4, 6);False;1;2214
;(9, 6);MoveWest;(3, 6);False;1;2215
;(9, 6);MoveNorthWest;(3, 6);False;1;2216
;(9, 6);MoveNorthWest;(3, 6);False;1;2217
;(9, 6);MoveNorthWest;(3, 6);False;1;2218
;(9, 6);MoveNorthWest;(3, 6);False;1;2219
;(9, 6);MoveNorthWest;(3, 6);False;1;2220
;(9, 6);MoveNorthWest;(3, 6);False;1;2221
;(9, 6);MoveNorthWest;(3, 6);False;1;2222
;(9, 6);MoveNorthWest;(3, 6);False;1;2223
;(9, 6);MoveNorthWest;(3, 6);False;1;2224
;(9, 6);MoveNorthWest;(3, 6);False;1;2225
;(9, 6);MoveNorthWest;(2, 5);False;1;2226
;(9, 6);MoveWest;(2, 5);False;1;2227
;(9, 6);MoveWest;(2, 5);False;1;2228
;(9, 6);MoveWest;(2, 5);False;1;2229
;(9, 6);MoveWest;(2, 5);False;1;2230
;(9, 6);MoveWest;(2, 5);False;1;2231
;(9, 6);MoveWest;(2, 5);False;1;2232
;(9, 6);MoveWest;(2, 5);False;1;2233
;(9, 6);MoveWest;(2, 5);False;1;2234
;(9, 6);MoveWest;(2, 5);False;1;2235
;(9, 6);MoveWest;(2, 5);False;1;2236
;(9, 6);MoveWest;(1, 5);False;1;2237
;(9, 6);DropLargeObject;(1, 5);False;1;2238
;(9, 6);DropLargeObject;(1, 5);False;1;2239
;(9, 6);DropLargeObject;(1, 5);False;1;2240
;(9, 6);DropLargeObject;(1, 5);False;1;2241
;(9, 6);DropLargeObject;(1, 5);False;1;2242
;(9, 6);DropLargeObject;(1, 5);False;1;2243
;(9, 6);DropLargeObject;(1, 5);False;1;2244
;(9, 6);DropLargeObject;(1, 5);False;1;2245
;(9, 6);DropLargeObject;(1, 5);False;1;2246
;(9, 6);DropLargeObject;(1, 5);False;1;2247
;(9, 6);DropLargeObject;(1, 5);False;1;2248
;(9, 6);;(1, 5);False;1;2249
;(9, 6);MoveSouthEast;(1, 5);False;1;2250
;(9, 6);MoveSouthEast;(1, 5);False;1;2251
;(9, 6);MoveSouthEast;(1, 5);False;1;2252
;(9, 6);MoveSouthEast;(1, 5);False;1;2253
;(9, 6);MoveSouthEast;(1, 5);False;1;2254
;(9, 6);MoveSouthEast;(1, 5);False;1;2255
;(9, 6);MoveSouthEast;(1, 5);False;1;2256
;(9, 6);MoveSouthEast;(1, 5);False;1;2257
;(9, 6);MoveSouthEast;(1, 5);False;1;2258
;(9, 6);MoveSouthEast;(1, 5);False;1;2259
;(9, 6);MoveSouthEast;(2, 6);False;1;2260
;(9, 6);MoveEast;(2, 6);False;1;2261
;(9, 6);MoveEast;(2, 6);False;1;2262
;(9, 6);MoveEast;(2, 6);False;1;2263
;(9, 6);MoveEast;(2, 6);False;1;2264
;(9, 6);MoveEast;(2, 6);False;1;2265
;(9, 6);MoveEast;(2, 6);False;1;2266
;(9, 6);MoveEast;(2, 6);False;1;2267
;(9, 6);MoveEast;(2, 6);False;1;2268
;(9, 6);MoveEast;(2, 6);False;1;2269
;(9, 6);MoveEast;(2, 6);False;1;2270
;(9, 6);MoveEast;(3, 6);False;1;2271
;(9, 6);MoveSouthEast;(3, 6);False;1;2272
;(9, 6);MoveSouthEast;(3, 6);False;1;2273
;(9, 6);MoveSouthEast;(3, 6);False;1;2274
;(9, 6);MoveSouthEast;(3, 6);False;1;2275
;(9, 6);MoveSouthEast;(3, 6);False;1;2276
;(9, 6);MoveSouthEast;(3, 6);False;1;2277
;(9, 6);MoveSouthEast;(3, 6);False;1;2278
;(9, 6);MoveSouthEast;(3, 6);False;1;2279
;(9, 6);MoveSouthEast;(3, 6);False;1;2280
;(9, 6);MoveSouthEast;(3, 6);False;1;2281
;(9, 6);MoveSouthEast;(4, 7);False;1;2282
;(9, 6);MoveEast;(4, 7);False;1;2283
;(9, 6);MoveEast;(4, 7);False;1;2284
;(9, 6);MoveEast;(4, 7);False;1;2285
;(9, 6);MoveEast;(4, 7);False;1;2286
;(9, 6);MoveEast;(4, 7);False;1;2287
;(9, 6);MoveEast;(4, 7);False;1;2288
;(9, 6);MoveEast;(4, 7);False;1;2289
;(9, 6);MoveEast;(4, 7);False;1;2290
;(9, 6);MoveEast;(4, 7);False;1;2291
;(9, 6);MoveEast;(4, 7);False;1;2292
;(9, 6);MoveEast;(5, 7);False;1;2293
;(9, 6);MoveEast;(5, 7);False;1;2294
;(9, 6);MoveEast;(5, 7);False;1;2295
;(9, 6);MoveEast;(5, 7);False;1;2296
;(9, 6);MoveEast;(5, 7);False;1;2297
;(9, 6);MoveEast;(5, 7);False;1;2298
;(9, 6);MoveEast;(5, 7);False;1;2299
;(9, 6);MoveEast;(5, 7);False;1;2300
;(9, 6);MoveEast;(5, 7);False;1;2301
;(9, 6);MoveEast;(5, 7);False;1;2302
;(9, 6);MoveEast;(5, 7);False;1;2303
;(9, 6);MoveEast;(6, 7);False;1;2304
;(9, 6);MoveSouthEast;(6, 7);False;1;2305
;(9, 6);MoveSouthEast;(6, 7);False;1;2306
;(9, 6);MoveSouthEast;(6, 7);False;1;2307
;(9, 6);MoveSouthEast;(6, 7);False;1;2308
;(9, 6);MoveSouthEast;(6, 7);False;1;2309
;(9, 6);MoveSouthEast;(6, 7);False;1;2310
;(9, 6);MoveSouthEast;(6, 7);False;1;2311
;(9, 6);MoveSouthEast;(6, 7);False;1;2312
;(9, 6);MoveSouthEast;(6, 7);False;1;2313
;(9, 6);MoveSouthEast;(6, 7);False;1;2314
;(9, 6);MoveSouthEast;(7, 8);False;1;2315
;(9, 6);BreakObject;(7, 8);False;1;2316
;(9, 6);BreakObject;(7, 8);False;1;2317
;(9, 6);BreakObject;(7, 8);False;1;2318
;(9, 6);BreakObject;(7, 8);False;1;2319
;(9, 6);BreakObject;(7, 8);False;1;2320
;(9, 6);BreakObject;(7, 8);False;1;2321
;(9, 6);BreakObject;(7, 8);False;1;2322
;(9, 6);BreakObject;(7, 8);False;1;2323
;(9, 6);BreakObject;(7, 8);False;1;2324
;(9, 6);BreakObject;(7, 8);False;1;2325
;(9, 6);BreakObject;(7, 8);False;1;2326
;(9, 6);;(7, 8);False;1;2327
;(9, 6);MoveEast;(7, 8);False;1;2328
;(9, 6);MoveEast;(7, 8);False;1;2329
;(9, 6);MoveEast;(7, 8);False;1;2330
;(9, 6);MoveEast;(7, 8);False;1;2331
;(9, 6);MoveEast;(7, 8);False;1;2332
;(9, 6);MoveEast;(7, 8);False;1;2333
;(9, 6);MoveEast;(7, 8);False;1;2334
;(9, 6);MoveEast;(7, 8);False;1;2335
;(9, 6);MoveEast;(7, 8);False;1;2336
;(9, 6);MoveEast;(7, 8);False;1;2337
;(9, 6);MoveEast;(8, 8);False;1;2338
;(9, 6);MoveEast;(8, 8);False;1;2339
;(9, 6);MoveEast;(8, 8);False;1;2340
;(9, 6);MoveEast;(8, 8);False;1;2341
;(9, 6);MoveEast;(8, 8);False;1;2342
;(9, 6);MoveEast;(8, 8);False;1;2343
;(9, 6);MoveEast;(8, 8);False;1;2344
;(9, 6);MoveEast;(8, 8);False;1;2345
;(9, 6);MoveEast;(8, 8);False;1;2346
;(9, 6);MoveEast;(8, 8);False;1;2347
;(9, 6);MoveEast;(8, 8);False;1;2348
;(9, 6);MoveEast;(9, 8);False;1;2349
;(9, 6);MoveWest;(9, 8);False;1;2350
;(9, 6);MoveWest;(9, 8);False;1;2351
;(9, 6);MoveWest;(9, 8);False;1;2352
;(9, 6);MoveWest;(9, 8);False;1;2353
;(9, 6);MoveWest;(9, 8);False;1;2354
;(9, 6);MoveWest;(9, 8);False;1;2355
;(9, 6);MoveWest;(9, 8);False;1;2356
;(9, 6);MoveWest;(9, 8);False;1;2357
;(9, 6);MoveWest;(9, 8);False;1;2358
;(9, 6);MoveWest;(9, 8);False;1;2359
;(9, 6);MoveWest;(8, 8);False;1;2360
;(9, 6);MoveWest;(8, 8);False;1;2361
;(9, 6);MoveWest;(8, 8);False;1;2362
;(9, 6);MoveWest;(8, 8);False;1;2363
;(9, 6);MoveWest;(8, 8);False;1;2364
;(9, 6);MoveWest;(8, 8);False;1;2365
;(9, 6);MoveWest;(8, 8);False;1;2366
;(9, 6);MoveWest;(8, 8);False;1;2367
;(9, 6);MoveWest;(8, 8);False;1;2368
;(9, 6);MoveWest;(8, 8);False;1;2369
;(9, 6);MoveWest;(8, 8);False;1;2370
;(9, 6);MoveWest;(7, 8);False;1;2371
;(9, 6);MoveEast;(7, 8);False;1;2372
;(9, 6);MoveEast;(7, 8);False;1;2373
;(9, 6);MoveEast;(7, 8);False;1;2374
;(9, 6);MoveEast;(7, 8);False;1;2375
;(9, 6);MoveEast;(7, 8);False;1;2376
;(9, 6);MoveEast;(7, 8);False;1;2377
;(9, 6);MoveEast;(7, 8);False;1;2378
;(9, 6);MoveEast;(7, 8);False;1;2379
;(9, 6);MoveEast;(7, 8);False;1;2380
;(9, 6);MoveEast;(7, 8);False;1;2381
;(9, 6);MoveEast;(8, 8);False;1;2382
;(9, 6);MoveEast;(8, 8);False;1;2383
;(9, 6);MoveEast;(8, 8);False;1;2384
;(9, 6);MoveEast;(8, 8);False;1;2385
;(9, 6);MoveEast;(8, 8);False;1;2386
;(9, 6);MoveEast;(8, 8);False;1;2387
;(9, 6);MoveEast;(8, 8);False;1;2388
;(9, 6);MoveEast;(8, 8);False;1;2389
;(9, 6);MoveEast;(8, 8);False;1;2390
;(9, 6);MoveEast;(8, 8);False;1;2391
;(9, 6);MoveEast;(8, 8);False;1;2392
;(9, 6);MoveEast;(9, 8);False;1;2393
;(9, 6);MoveWest;(9, 8);False;1;2394
;(9, 6);MoveWest;(9, 8);False;1;2395
;(9, 6);MoveWest;(9, 8);False;1;2396
;(9, 6);MoveWest;(9, 8);False;1;2397
;(9, 6);MoveWest;(9, 8);False;1;2398
;(9, 6);MoveWest;(9, 8);False;1;2399
;(9, 6);MoveWest;(9, 8);False;1;2400
;(9, 6);MoveWest;(9, 8);False;1;2401
;(9, 6);MoveWest;(9, 8);False;1;2402
;(9, 6);MoveWest;(9, 8);False;1;2403
;(9, 6);MoveWest;(8, 8);False;1;2404
;(9, 6);MoveWest;(8, 8);False;1;2405
;(9, 6);MoveWest;(8, 8);False;1;2406
;(9, 6);MoveWest;(8, 8);False;1;2407
MoveSouth;(9, 7);MoveWest;(8, 8);False;1;2408
;(9, 7);MoveWest;(8, 8);False;1;2409
;(9, 7);MoveWest;(8, 8);False;1;2410
;(9, 7);MoveWest;(8, 8);False;1;2411
;(9, 7);MoveWest;(8, 8);False;1;2412
;(9, 7);MoveWest;(8, 8);False;1;2413
;(9, 7);MoveWest;(8, 8);False;1;2414
MoveSouth;(9, 8);MoveWest;(7, 8);False;1;2415
;(9, 8);MoveEast;(7, 8);False;1;2416
;(9, 8);MoveEast;(7, 8);False;1;2417
;(9, 8);MoveEast;(7, 8);False;1;2418
;(9, 8);MoveEast;(7, 8);False;1;2419
;(9, 8);MoveEast;(7, 8);False;1;2420
MoveSouth;(9, 9);MoveEast;(7, 8);False;1;2421
;(9, 9);MoveEast;(7, 8);False;1;2422
;(9, 9);MoveEast;(7, 8);False;1;2423
;(9, 9);MoveEast;(7, 8);False;1;2424
;(9, 9);MoveEast;(7, 8);False;1;2425
MoveWest;(8, 9);MoveEast;(8, 8);False;1;2426
;(8, 9);MoveEast;(8, 8);False;1;2427
;(8, 9);MoveEast;(8, 8);False;1;2428
;(8, 9);MoveEast;(8, 8);False;1;2429
;(8, 9);MoveEast;(8, 8);False;1;2430
;(8, 9);MoveEast;(8, 8);False;1;2431
;(8, 9);MoveEast;(8, 8);False;1;2432
;(8, 9);MoveEast;(8, 8);False;1;2433
MoveNorth;(8, 8);MoveEast;(8, 8);False;1;2434
;(8, 8);MoveEast;(8, 8);False;1;2435
;(8, 8);MoveEast;(8, 8);False;1;2436
;(8, 8);MoveEast;(9, 8);False;1;2437
;(8, 8);MoveWest;(9, 8);False;1;2438
;(8, 8);MoveWest;(9, 8);False;1;2439
;(8, 8);MoveWest;(9, 8);False;1;2440
;(8, 8);MoveWest;(9, 8);False;1;2441
;(8, 8);MoveWest;(9, 8);False;1;2442
;(8, 8);MoveWest;(9, 8);False;1;2443
;(8, 8);MoveWest;(9, 8);False;1;2444
;(8, 8);MoveWest;(9, 8);False;1;2445
;(8, 8);MoveWest;(9, 8);False;1;2446
;(8, 8);MoveWest;(9, 8);False;1;2447
GrabObject;(8, 8);MoveWest;(8, 8);False;1;2448
;(8, 8);MoveWest;(8, 8);False;1;2449
MoveWest;(7, 8);MoveWest;(8, 8);False;1;2450
;(7, 8);MoveWest;(8, 8);False;1;2451
;(7, 8);MoveWest;(8, 8);False;1;2452
;(7, 8);MoveWest;(8, 8);False;1;2453
MoveWest;(6, 8);MoveWest;(8, 8);False;1;2454
;(6, 8);MoveWest;(8, 8);False;1;2455
;(6, 8);MoveWest;(8, 8);False;1;2456
;(6, 8);MoveWest;(8, 8);False;1;2457
;(6, 8);MoveWest;(8, 8);False;1;2458
;(6, 8);MoveWest;(7, 8);False;1;2459
MoveWest;(5, 8);;(7, 8);False;1;2460
;(5, 8);MoveWest;(7, 8);False;1;2461
;(5, 8);MoveWest;(7, 8);False;1;2462
;(5, 8);MoveWest;(7, 8);False;1;2463
;(5, 8);MoveWest;(7, 8);False;1;2464
MoveWest;(4, 8);MoveWest;(7, 8);False;1;2465
;(4, 8);MoveWest;(7, 8);False;1;2466
;(4, 8);MoveWest;(7, 8);False;1;2467
;(4, 8);MoveWest;(7, 8);False;1;2468
;(4, 8);MoveWest;(7, 8);False;1;2469
;(4, 8);MoveWest;(7, 8);False;1;2470
;(4, 8);MoveWest;(6, 8);False;1;2471
;(4, 8);Idle;(6, 8);False;1;2472
;(4, 8);Idle;(6, 8);False;1;2473
;(4, 8);Idle;(6, 8);False;1;2474
MoveWest;(3, 8);Idle;(6, 8);False;1;2475
;(3, 8);Idle;(6, 8);False;1;2476
;(3, 8);Idle;(6, 8);False;1;2477
;(3, 8);Idle;(6, 8);False;1;2478
;(3, 8);Idle;(6, 8);False;1;2479
;(3, 8);Idle;(6, 8);False;1;2480
;(3, 8);Idle;(6, 8);False;1;2481
;(3, 8);Idle;(6, 8);False;1;2482
;(3, 8);Idle;(6, 8);False;1;2483
;(3, 8);Idle;(6, 8);False;1;2484
MoveWest;(2, 8);Idle;(6, 8);False;1;2485
;(2, 8);Idle;(6, 8);False;1;2486
;(2, 8);Idle;(6, 8);False;1;2487
;(2, 8);Idle;(6, 8);False;1;2488
DropObject;(2, 8);Idle;(6, 8);False;1;2489
;(2, 8);Idle;(6, 8);False;1;2490
;(2, 8);Idle;(6, 8);False;1;2491
MoveEast;(3, 8);Idle;(6, 8);False;1;2492
;(3, 8);Idle;(6, 8);False;1;2493
;(3, 8);Idle;(6, 8);False;1;2494
;(3, 8);Idle;(6, 8);False;1;2495
;(3, 8);Idle;(6, 8);False;1;2496
MoveEast;(4, 8);Idle;(6, 8);False;1;2497
;(4, 8);Idle;(6, 8);False;1;2498
;(4, 8);Idle;(6, 8);False;1;2499
MoveEast;(5, 8);Idle;(6, 8);False;1;2500
;(5, 8);Idle;(6, 8);False;1;2501
;(5, 8);Idle;(6, 8);False;1;2502
MoveEast;(6, 8);Idle;(6, 8);False;1;2503
;(6, 8);Idle;(6, 8);False;1;2504
;(6, 8);Idle;(6, 8);False;1;2505
MoveEast;(7, 8);Idle;(6, 8);False;1;2506
;(7, 8);Idle;(6, 8);False;1;2507
;(7, 8);Idle;(6, 8);False;1;2508
MoveEast;(8, 8);Idle;(6, 8);False;1;2509
;(8, 8);Idle;(6, 8);False;1;2510
;(8, 8);Idle;(6, 8);False;1;2511
MoveEast;(9, 8);Idle;(6, 8);False;1;2512
;(9, 8);Idle;(6, 8);False;1;2513
;(9, 8);Idle;(6, 8);False;1;2514
MoveSouth;(9, 9);Idle;(6, 8);False;1;2515
;(9, 9);Idle;(6, 8);False;1;2516
;(9, 9);Idle;(6, 8);False;1;2517
;(9, 9);Idle;(6, 8);False;1;2518
;(9, 9);Idle;(6, 8);False;1;2519
;(9, 9);Idle;(6, 8);False;1;2520
;(9, 9);Idle;(6, 8);False;1;2521
MoveWest;(8, 9);Idle;(6, 8);False;1;2522
;(8, 9);Idle;(6, 8);False;1;2523
;(8, 9);Idle;(6, 8);False;1;2524
GrabObject;(8, 9);Idle;(6, 8);False;1;2525
;(8, 9);Idle;(6, 8);False;1;2526
;(8, 9);;(6, 8);False;1;2527
MoveWest;(7, 9);MoveEast;(6, 8);False;1;2528
;(7, 9);MoveEast;(6, 8);False;1;2529
;(7, 9);MoveEast;(6, 8);False;1;2530
MoveWest;(6, 9);MoveEast;(6, 8);False;1;2531
;(6, 9);MoveEast;(6, 8);False;1;2532
;(6, 9);MoveEast;(6, 8);False;1;2533
MoveWest;(5, 9);MoveEast;(6, 8);False;1;2534
;(5, 9);MoveEast;(6, 8);False;1;2535
;(5, 9);MoveEast;(6, 8);False;1;2536
;(5, 9);MoveEast;(6, 8);False;1;2537
MoveWest;(4, 9);MoveEast;(7, 8);False;1;2538
;(4, 9);MoveSouthEast;(7, 8);False;1;2539
;(4, 9);MoveSouthEast;(7, 8);False;1;2540
MoveWest;(3, 9);MoveSouthEast;(7, 8);False;1;2541
;(3, 9);MoveSouthEast;(7, 8);False;1;2542
;(3, 9);MoveSouthEast;(7, 8);False;1;2543
MoveWest;(2, 9);MoveSouthEast;(7, 8);False;1;2544
;(2, 9);MoveSouthEast;(7, 8);False;1;2545
;(2, 9);MoveSouthEast;(7, 8);False;1;2546
;(2, 9);MoveSouthEast;(7, 8);False;1;2547
MoveWest;(1, 9);MoveSouthEast;(7, 8);False;1;2548
;(1, 9);MoveSouthEast;(8, 9);False;1;2549
;(1, 9);Idle;(8, 9);False;1;2550
;(1, 9);Idle;(8, 9);False;1;2551
DropObject;(1, 9);Idle;(8, 9);False;1;2552
;(1, 9);Idle;(8, 9);False;1;2553
;(1, 9);Idle;(8, 9);False;1;2554
;(1, 9);Idle;(8, 9);False;1;2555
;(1, 9);Idle;(8, 9);False;1;2556
;(1, 9);Idle;(8, 9);False;1;2557
;(1, 9);Idle;(8, 9);False;1;2558
;(1, 9);Idle;(8, 9);False;1;2559
;(1, 9);Idle;(8, 9);False;1;2560
MoveEast;(2, 9);Idle;(8, 9);False;1;2561
;(2, 9);Idle;(8, 9);False;1;2562
;(2, 9);Idle;(8, 9);False;1;2563
;(2, 9);Idle;(8, 9);False;1;2564
;(2, 9);Idle;(8, 9);False;1;2565
;(2, 9);Idle;(8, 9);False;1;2566
;(2, 9);Idle;(8, 9);False;1;2567
MoveEast;(3, 9);Idle;(8, 9);False;1;2568
;(3, 9);Idle;(8, 9);False;1;2569
;(3, 9);Idle;(8, 9);False;1;2570
MoveEast;(4, 9);Idle;(8, 9);False;1;2571
;(4, 9);Idle;(8, 9);False;1;2572
;(4, 9);Idle;(8, 9);False;1;2573
;(4, 9);Idle;(8, 9);False;1;2574
MoveEast;(5, 9);Idle;(8, 9);False;1;2575
;(5, 9);Idle;(8, 9);False;1;2576
;(5, 9);Idle;(8, 9);False;1;2577
MoveEast;(6, 9);Idle;(8, 9);False;1;2578
;(6, 9);Idle;(8, 9);False;1;2579
;(6, 9);Idle;(8, 9);False;1;2580
;(6, 9);Idle;(8, 9);False;1;2581
;(6, 9);Idle;(8, 9);False;1;2582
;(6, 9);Idle;(8, 9);False;1;2583
MoveEast;(7, 9);Idle;(8, 9);False;1;2584
;(7, 9);Idle;(8, 9);False;1;2585
;(7, 9);Idle;(8, 9);False;1;2586
;(7, 9);Idle;(8, 9);False;1;2587
;(7, 9);Idle;(8, 9);False;1;2588
GrabObject;(7, 9);Idle;(8, 9);False;1;2589
;(7, 9);Idle;(8, 9);False;1;2590
;(7, 9);Idle;(8, 9);False;1;2591
MoveWest;(6, 9);Idle;(8, 9);False;1;2592
;(6, 9);Idle;(8, 9);False;1;2593
;(6, 9);Idle;(8, 9);False;1;2594
MoveWest;(5, 9);Idle;(8, 9);False;1;2595
;(5, 9);Idle;(8, 9);False;1;2596
;(5, 9);Idle;(8, 9);False;1;2597
MoveWest;(4, 9);Idle;(8, 9);False;1;2598
;(4, 9);Idle;(8, 9);False;1;2599
;(4, 9);Idle;(8, 9);False;1;2600
MoveWest;(3, 9);Idle;(8, 9);False;1;2601
;(3, 9);Idle;(8, 9);False;1;2602
;(3, 9);Idle;(8, 9);False;1;2603
;(3, 9);Idle;(8, 9);False;1;2604
MoveWest;(2, 9);;(8, 9);False;1;2605
;(2, 9);MoveWest;(8, 9);False;1;2606
;(2, 9);MoveWest;(8, 9);False;1;2607
;(2, 9);MoveWest;(8, 9);False;1;2608
MoveWest;(1, 9);MoveWest;(8, 9);False;1;2609
;(1, 9);MoveWest;(8, 9);False;1;2610
;(1, 9);MoveWest;(8, 9);False;1;2611
;(1, 9);MoveWest;(8, 9);False;1;2612
;(1, 9);MoveWest;(8, 9);False;1;2613
DropObject;(1, 9);MoveWest;(8, 9);False;1;2614
;(1, 9);MoveWest;(8, 9);False;1;2615
;(1, 9);MoveWest;(7, 9);False;1;2616
;(1, 9);MoveWest;(7, 9);False;1;2617
;(1, 9);MoveWest;(7, 9);False;1;2618
;(1, 9);MoveWest;(7, 9);False;1;2619
MoveEast;(2, 9);MoveWest;(7, 9);False;1;2620
;(2, 9);MoveWest;(7, 9);False;1;2621
;(2, 9);MoveWest;(7, 9);False;1;2622
;(2, 9);MoveWest;(7, 9);False;1;2623
MoveEast;(3, 9);MoveWest;(7, 9);False;1;2624
;(3, 9);MoveWest;(7, 9);False;1;2625
;(3, 9);MoveWest;(7, 9);False;1;2626
MoveEast;(4, 9);MoveWest;(6, 9);False;1;2627
;(4, 9);MoveWest;(6, 9);False;1;2628
;(4, 9);MoveWest;(6, 9);False;1;2629
MoveEast;(5, 9);MoveWest;(6, 9);False;1;2630
;(5, 9);MoveWest;(6, 9);False;1;2631
;(5, 9);MoveWest;(6, 9);False;1;2632
MoveEast;(6, 9);MoveWest;(6, 9);False;1;2633
;(6, 9);MoveWest;(6, 9);False;1;2634
;(6, 9);MoveWest;(6, 9);False;1;2635
MoveEast;(7, 9);MoveWest;(6, 9);False;1;2636
;(7, 9);MoveWest;(6, 9);False;1;2637
;(7, 9);MoveWest;(5, 9);False;1;2638
;(7, 9);MoveWest;(5, 9);False;1;2639
;(7, 9);MoveWest;(5, 9);False;1;2640
MoveSouth;(7, 10);MoveWest;(5, 9);False;1;2641
;(7, 10);MoveWest;(5, 9);False;1;2642
;(7, 10);MoveWest;(5, 9);False;1;2643
;(7, 10);MoveWest;(5, 9);False;1;2644
;(7, 10);MoveWest;(5, 9);False;1;2645
;(7, 10);MoveWest;(5, 9);False;1;2646
GrabObject;(7, 10);MoveWest;(5, 9);False;1;2647
;(7, 10);MoveWest;(5, 9);False;1;2648
;(7, 10);MoveWest;(4, 9);False;1;2649
MoveNorth;(7, 9);MoveWest;(4, 9);False;1;2650
;(7, 9);MoveWest;(4, 9);False;1;2651
;(7, 9);MoveWest;(4, 9);False;1;2652
MoveWest;(6, 9);MoveWest;(4, 9);False;1;2653
;(6, 9);MoveWest;(4, 9);False;1;2654
;(6, 9);MoveWest;(4, 9);False;1;2655
MoveWest;(5, 9);MoveWest;(4, 9);False;1;2656
;(5, 9);MoveWest;(4, 9);False;1;2657
;(5, 9);MoveWest;(4, 9);False;1;2658
;(5, 9);MoveWest;(4, 9);False;1;2659
MoveWest;(4, 9);MoveWest;(3, 9);False;1;2660
;(4, 9);Idle;(3, 9);False;1;2661
;(4, 9);Idle;(3, 9);False;1;2662
MoveWest;(3, 9);Idle;(3, 9);False;1;2663
;(3, 9);Idle;(3, 9);False;1;2664
;(3, 9);Idle;(3, 9);False;1;2665
MoveWest;(2, 9);Idle;(3, 9);False;1;2666
;(2, 9);Idle;(3, 9);False;1;2667
;(2, 9);Idle;(3, 9);False;1;2668
;(2, 9);Idle;(3, 9);False;1;2669
;(2, 9);Idle;(3, 9);False;1;2670
DropObject;(2, 9);Idle;(3, 9);False;1;2671
;(2, 9);Idle;(3, 9);False;1;2672
MoveEast;(3, 9);Idle;(3, 9);False;1;2673
;(3, 9);Idle;(3, 9);False;1;2674
;(3, 9);Idle;(3, 9);False;1;2675
;(3, 9);Idle;(3, 9);False;1;2676
MoveEast;(4, 9);Idle;(3, 9);False;1;2677
;(4, 9);Idle;(3, 9);False;1;2678
;(4, 9);Idle;(3, 9);False;1;2679
MoveEast;(5, 9);Idle;(3, 9);False;1;2680
;(5, 9);Idle;(3, 9);False;1;2681
;(5, 9);Idle;(3, 9);False;1;2682
MoveEast;(6, 9);Idle;(3, 9);False;1;2683
;(6, 9);Idle;(3, 9);False;1;2684
;(6, 9);Idle;(3, 9);False;1;2685
MoveEast;(7, 9);Idle;(3, 9);False;1;2686
;(7, 9);Idle;(3, 9);False;1;2687
;(7, 9);Idle;(3, 9);False;1;2688
MoveEast;(8, 9);Idle;(3, 9);False;1;2689
;(8, 9);Idle;(3, 9);False;1;2690
;(8, 9);Idle;(3, 9);False;1;2691
MoveEast;(9, 9);Idle;(3, 9);False;1;2692
;(9, 9);Idle;(3, 9);False;1;2693
;(9, 9);Idle;(3, 9);False;1;2694
MoveSouth;(9, 10);Idle;(3, 9);False;1;2695
;(9, 10);Idle;(3, 9);False;1;2696
;(9, 10);Idle;(3, 9);False;1;2697
;(9, 10);Idle;(3, 9);False;1;2698
MoveWest;(8, 10);Idle;(3, 9);False;1;2699
;(8, 10);Idle;(3, 9);False;1;2700
;(8, 10);Idle;(3, 9);False;1;2701
;(8, 10);Idle;(3, 9);False;1;2702
GrabObject;(8, 10);Idle;(3, 9);False;1;2703
;(8, 10);Idle;(3, 9);False;1;2704
;(8, 10);Idle;(3, 9);False;1;2705
MoveWest;(7, 10);Idle;(3, 9);False;1;2706
;(7, 10);Idle;(3, 9);False;1;2707
;(7, 10);Idle;(3, 9);False;1;2708
;(7, 10);Idle;(3, 9);False;1;2709
MoveWest;(6, 10);Idle;(3, 9);False;1;2710
;(6, 10);Idle;(3, 9);False;1;2711
;(6, 10);Idle;(3, 9);False;1;2712
MoveWest;(5, 10);Idle;(3, 9);False;1;2713
;(5, 10);Idle;(3, 9);False;1;2714
;(5, 10);Idle;(3, 9);False;1;2715
MoveWest;(4, 10);;(3, 9);False;1;2716
;(4, 10);;(3, 9);False;1;2717
;(4, 10);;(3, 9);False;1;2718
MoveWest;(3, 10);MoveEast;(3, 9);False;1;2719
;(3, 10);MoveEast;(3, 9);False;1;2720
;(3, 10);MoveEast;(3, 9);False;1;2721
MoveWest;(2, 10);MoveEast;(3, 9);False;1;2722
;(2, 10);MoveEast;(3, 9);False;1;2723
;(2, 10);MoveEast;(3, 9);False;1;2724
;(2, 10);MoveEast;(3, 9);False;1;2725
MoveNorth;(2, 9);MoveEast;(3, 9);False;1;2726
;(2, 9);MoveEast;(3, 9);False;1;2727
;(2, 9);MoveEast;(3, 9);False;1;2728
MoveNorth;(2, 8);MoveEast;(4, 9);False;1;2729
;(2, 8);MoveEast;(4, 9);False;1;2730
;(2, 8);MoveEast;(4, 9);False;1;2731
;(2, 8);MoveEast;(4, 9);False;1;2732
;(2, 8);MoveEast;(4, 9);False;1;2733
;(2, 8);MoveEast;(4, 9);False;1;2734
;(2, 8);MoveEast;(4, 9);False;1;2735
MoveWest;(1, 8);MoveEast;(4, 9);False;1;2736
;(1, 8);MoveEast;(4, 9);False;1;2737
;(1, 8);MoveEast;(4, 9);False;1;2738
;(1, 8);MoveEast;(4, 9);False;1;2739
;(1, 8);MoveEast;(5, 9);False;1;2740
;(1, 8);MoveEast;(5, 9);False;1;2741
;(1, 8);MoveEast;(5, 9);False;1;2742
;(1, 8);MoveEast;(5, 9);False;1;2743
;(1, 8);MoveEast;(5, 9);False;1;2744
;(1, 8);MoveEast;(5, 9);False;1;2745
;(1, 8);MoveEast;(5, 9);False;1;2746
MoveEast;(2, 8);MoveEast;(5, 9);False;1;2747
;(2, 8);MoveEast;(5, 9);False;1;2748
;(2, 8);MoveEast;(5, 9);False;1;2749
;(2, 8);MoveEast;(5, 9);False;1;2750
;(2, 8);MoveEast;(6, 9);False;1;2751
DropObject;(2, 8);MoveEast;(6, 9);False;1;2752
;(2, 8);MoveEast;(6, 9);False;1;2753
;(2, 8);MoveEast;(6, 9);False;1;2754
;(2, 8);MoveEast;(6, 9);False;1;2755
MoveEast;(3, 8);MoveEast;(6, 9);False;1;2756
;(3, 8);MoveEast;(6, 9);False;1;2757
;(3, 8);MoveEast;(6, 9);False;1;2758
;(3, 8);MoveEast;(6, 9);False;1;2759
MoveEast;(4, 8);MoveEast;(6, 9);False;1;2760
;(4, 8);MoveEast;(6, 9);False;1;2761
;(4, 8);MoveEast;(7, 9);False;1;2762
;(4, 8);MoveEast;(7, 9);False;1;2763
MoveEast;(5, 8);MoveEast;(7, 9);False;1;2764
;(5, 8);MoveEast;(7, 9);False;1;2765
;(5, 8);MoveEast;(7, 9);False;1;2766
;(5, 8);MoveEast;(7, 9);False;1;2767
MoveEast;(6, 8);MoveEast;(7, 9);False;1;2768
;(6, 8);MoveEast;(7, 9);False;1;2769
;(6, 8);MoveEast;(7, 9);False;1;2770
;(6, 8);MoveEast;(7, 9);False;1;2771
;(6, 8);MoveEast;(7, 9);False;1;2772
;(6, 8);MoveEast;(8, 9);False;1;2773
MoveEast;(7, 8);MoveSouthEast;(8, 9);False;1;2774
;(7, 8);MoveSouthEast;(8, 9);False;1;2775
;(7, 8);MoveSouthEast;(8, 9);False;1;2776
;(7, 8);MoveSouthEast;(8, 9);False;1;2777
MoveEast;(8, 8);MoveSouthEast;(8, 9);False;1;2778
;(8, 8);MoveSouthEast;(8, 9);False;1;2779
;(8, 8);MoveSouthEast;(8, 9);False;1;2780
MoveEast;(9, 8);MoveSouthEast;(8, 9);False;1;2781
;(9, 8);MoveSouthEast;(8, 9);False;1;2782
;(9, 8);MoveSouthEast;(8, 9);False;1;2783
;(9, 8);MoveSouthEast;(9, 10);False;1;2784
MoveEast;(10, 8);GrabLargeObject;(9, 10);False;1;2785
;(10, 8);GrabLargeObject;(9, 10);False;1;2786
;(10, 8);GrabLargeObject;(9, 10);False;1;2787
MoveEast;(11, 8);GrabLargeObject;(9, 10);False;1;2788
;(11, 8);GrabLargeObject;(9, 10);False;1;2789
;(11, 8);GrabLargeObject;(9, 10);False;1;2790
;(11, 8);GrabLargeObject;(9, 10);False;1;2791
MoveEast;(12, 8);GrabLargeObject;(9, 10);False;1;2792
;(12, 8);GrabLargeObject;(9, 10);False;1;2793
;(12, 8);GrabLargeObject;(9, 10);False;1;2794
;(12, 8);GrabLargeObject;(9, 10);False;1;2795
;(12, 8);;(9, 10);False;1;2796
;(12, 8);;(9, 10);False;1;2797
;(12, 8);;(9, 10);False;1;2798
;(12, 8);;(9, 10);False;1;2799
;(12, 8);;(9, 10);False;1;2800
;(12, 8);;(9, 10);False;1;2801
;(12, 8);;(9, 10);False;1;2802
;(12, 8);;(9, 10);False;1;2803
;(12, 8);;(9, 10);False;1;2804
;(12, 8);;(9, 10);False;1;2805
;(12, 8);;(9, 10);False;1;2806
;(12, 8);;(9, 10);False;1;2807
;(12, 8);;(9, 10);False;1;2808
;(12, 8);;(9, 10);False;1;2809
;(12, 8);;(9, 10);False;1;2810
;(12, 8);;(9, 10);False;1;2811
;(12, 8);;(9, 10);False;1;2812
;(12, 8);;(9, 10);False;1;2813
;(12, 8);;(9, 10);False;1;2814
;(12, 8);;(9, 10);False;1;2815
