human_selector_action;human_selector_location;robot_action;robot_location;robot_executing_cp;world_nr;tick_nr
;(3, 4);;(4, 4);False;1;0
;(3, 4);;(4, 4);False;1;1
;(3, 4);MoveEast;(4, 4);False;1;2
;(3, 4);MoveEast;(4, 4);False;1;3
;(3, 4);MoveEast;(4, 4);False;1;4
;(3, 4);MoveEast;(4, 4);False;1;5
;(3, 4);MoveEast;(4, 4);False;1;6
;(3, 4);MoveEast;(4, 4);False;1;7
;(3, 4);MoveEast;(4, 4);False;1;8
;(3, 4);MoveEast;(4, 4);False;1;9
;(3, 4);MoveEast;(4, 4);False;1;10
;(3, 4);MoveEast;(4, 4);False;1;11
;(3, 4);MoveEast;(5, 4);False;1;12
;(3, 4);MoveEast;(5, 4);False;1;13
;(3, 4);MoveEast;(5, 4);False;1;14
;(3, 4);MoveEast;(5, 4);False;1;15
;(3, 4);MoveEast;(5, 4);False;1;16
;(3, 4);MoveEast;(5, 4);False;1;17
;(3, 4);MoveEast;(5, 4);False;1;18
;(3, 4);MoveEast;(5, 4);False;1;19
;(3, 4);MoveEast;(5, 4);False;1;20
;(3, 4);MoveEast;(5, 4);False;1;21
;(3, 4);MoveEast;(5, 4);False;1;22
;(3, 4);MoveEast;(6, 4);False;1;23
;(3, 4);MoveNorthEast;(6, 4);False;1;24
;(3, 4);MoveNorthEast;(6, 4);False;1;25
;(3, 4);MoveNorthEast;(6, 4);False;1;26
;(3, 4);MoveNorthEast;(6, 4);False;1;27
;(3, 4);MoveNorthEast;(6, 4);False;1;28
;(3, 4);MoveNorthEast;(6, 4);False;1;29
;(3, 4);MoveNorthEast;(6, 4);False;1;30
;(3, 4);MoveNorthEast;(6, 4);False;1;31
;(3, 4);MoveNorthEast;(6, 4);False;1;32
;(3, 4);MoveNorthEast;(6, 4);False;1;33
;(3, 4);MoveNorthEast;(7, 3);False;1;34
;(3, 4);MoveEast;(7, 3);False;1;35
;(3, 4);MoveEast;(7, 3);False;1;36
;(3, 4);MoveEast;(7, 3);False;1;37
;(3, 4);MoveEast;(7, 3);False;1;38
;(3, 4);MoveEast;(7, 3);False;1;39
;(3, 4);MoveEast;(7, 3);False;1;40
;(3, 4);MoveEast;(7, 3);False;1;41
;(3, 4);MoveEast;(7, 3);False;1;42
;(3, 4);MoveEast;(7, 3);False;1;43
;(3, 4);MoveEast;(7, 3);False;1;44
;(3, 4);MoveEast;(8, 3);False;1;45
;(3, 4);GrabObject;(8, 3);False;1;46
;(3, 4);GrabObject;(8, 3);False;1;47
;(3, 4);GrabObject;(8, 3);False;1;48
;(3, 4);GrabObject;(8, 3);False;1;49
;(3, 4);GrabObject;(8, 3);False;1;50
;(3, 4);GrabObject;(8, 3);False;1;51
;(3, 4);GrabObject;(8, 3);False;1;52
;(3, 4);GrabObject;(8, 3);False;1;53
;(3, 4);GrabObject;(8, 3);False;1;54
;(3, 4);GrabObject;(8, 3);False;1;55
;(3, 4);GrabObject;(8, 3);False;1;56
;(3, 4);;(8, 3);False;1;57
;(3, 4);MoveWest;(8, 3);False;1;58
;(3, 4);MoveWest;(8, 3);False;1;59
;(3, 4);MoveWest;(8, 3);False;1;60
;(3, 4);MoveWest;(8, 3);False;1;61
MoveEast;(4, 4);MoveWest;(8, 3);False;1;62
;(4, 4);MoveWest;(8, 3);False;1;63
;(4, 4);MoveWest;(8, 3);False;1;64
;(4, 4);MoveWest;(8, 3);False;1;65
;(4, 4);MoveWest;(8, 3);False;1;66
;(4, 4);MoveWest;(8, 3);False;1;67
MoveEast;(5, 4);MoveWest;(7, 3);False;1;68
;(5, 4);MoveWest;(7, 3);False;1;69
;(5, 4);MoveWest;(7, 3);False;1;70
;(5, 4);MoveWest;(7, 3);False;1;71
;(5, 4);MoveWest;(7, 3);False;1;72
;(5, 4);MoveWest;(7, 3);False;1;73
MoveEast;(6, 4);MoveWest;(7, 3);False;1;74
;(6, 4);MoveWest;(7, 3);False;1;75
;(6, 4);MoveWest;(7, 3);False;1;76
;(6, 4);MoveWest;(7, 3);False;1;77
;(6, 4);MoveWest;(7, 3);False;1;78
MoveEast;(7, 4);MoveWest;(6, 3);False;1;79
;(7, 4);MoveWest;(6, 3);False;1;80
;(7, 4);MoveWest;(6, 3);False;1;81
;(7, 4);MoveWest;(6, 3);False;1;82
;(7, 4);MoveWest;(6, 3);False;1;83
MoveEast;(8, 4);MoveWest;(6, 3);False;1;84
;(8, 4);MoveWest;(6, 3);False;1;85
;(8, 4);MoveWest;(6, 3);False;1;86
;(8, 4);MoveWest;(6, 3);False;1;87
;(8, 4);MoveWest;(6, 3);False;1;88
;(8, 4);MoveWest;(6, 3);False;1;89
MoveEast;(9, 4);MoveWest;(5, 3);False;1;90
;(9, 4);MoveWest;(5, 3);False;1;91
;(9, 4);MoveWest;(5, 3);False;1;92
;(9, 4);MoveWest;(5, 3);False;1;93
;(9, 4);MoveWest;(5, 3);False;1;94
;(9, 4);MoveWest;(5, 3);False;1;95
;(9, 4);MoveWest;(5, 3);False;1;96
MoveEast;(10, 4);MoveWest;(5, 3);False;1;97
;(10, 4);MoveWest;(5, 3);False;1;98
;(10, 4);MoveWest;(5, 3);False;1;99
;(10, 4);MoveWest;(5, 3);False;1;100
;(10, 4);MoveWest;(4, 3);False;1;101
;(10, 4);MoveNorthWest;(4, 3);False;1;102
;(10, 4);MoveNorthWest;(4, 3);False;1;103
;(10, 4);MoveNorthWest;(4, 3);False;1;104
;(10, 4);MoveNorthWest;(4, 3);False;1;105
;(10, 4);MoveNorthWest;(4, 3);False;1;106
;(10, 4);MoveNorthWest;(4, 3);False;1;107
;(10, 4);MoveNorthWest;(4, 3);False;1;108
;(10, 4);MoveNorthWest;(4, 3);False;1;109
;(10, 4);MoveNorthWest;(4, 3);False;1;110
MoveSouth;(10, 5);MoveNorthWest;(4, 3);False;1;111
;(10, 5);MoveNorthWest;(3, 2);False;1;112
;(10, 5);MoveWest;(3, 2);False;1;113
;(10, 5);MoveWest;(3, 2);False;1;114
;(10, 5);MoveWest;(3, 2);False;1;115
;(10, 5);MoveWest;(3, 2);False;1;116
;(10, 5);MoveWest;(3, 2);False;1;117
;(10, 5);MoveWest;(3, 2);False;1;118
MoveSouth;(10, 6);MoveWest;(3, 2);False;1;119
;(10, 6);MoveWest;(3, 2);False;1;120
;(10, 6);MoveWest;(3, 2);False;1;121
;(10, 6);MoveWest;(3, 2);False;1;122
;(10, 6);MoveWest;(2, 2);False;1;123
MoveSouth;(10, 7);MoveNorthWest;(2, 2);False;1;124
;(10, 7);MoveNorthWest;(2, 2);False;1;125
;(10, 7);MoveNorthWest;(2, 2);False;1;126
;(10, 7);MoveNorthWest;(2, 2);False;1;127
;(10, 7);MoveNorthWest;(2, 2);False;1;128
;(10, 7);MoveNorthWest;(2, 2);False;1;129
;(10, 7);MoveNorthWest;(2, 2);False;1;130
MoveNorth;(10, 6);MoveNorthWest;(2, 2);False;1;131
;(10, 6);MoveNorthWest;(2, 2);False;1;132
;(10, 6);MoveNorthWest;(2, 2);False;1;133
;(10, 6);MoveNorthWest;(1, 1);False;1;134
;(10, 6);MoveWest;(1, 1);False;1;135
;(10, 6);MoveWest;(1, 1);False;1;136
;(10, 6);MoveWest;(1, 1);False;1;137
;(10, 6);MoveWest;(1, 1);False;1;138
;(10, 6);MoveWest;(1, 1);False;1;139
MoveNorth;(10, 5);MoveWest;(1, 1);False;1;140
;(10, 5);MoveWest;(1, 1);False;1;141
;(10, 5);MoveWest;(1, 1);False;1;142
;(10, 5);MoveWest;(1, 1);False;1;143
;(10, 5);MoveWest;(1, 1);False;1;144
;(10, 5);MoveWest;(0, 1);False;1;145
;(10, 5);DropObject;(0, 1);False;1;146
MoveNorth;(10, 4);DropObject;(0, 1);False;1;147
;(10, 4);DropObject;(0, 1);False;1;148
;(10, 4);DropObject;(0, 1);False;1;149
;(10, 4);DropObject;(0, 1);False;1;150
;(10, 4);DropObject;(0, 1);False;1;151
;(10, 4);DropObject;(0, 1);False;1;152
;(10, 4);DropObject;(0, 1);False;1;153
;(10, 4);DropObject;(0, 1);False;1;154
;(10, 4);DropObject;(0, 1);False;1;155
MoveWest;(9, 4);DropObject;(0, 1);False;1;156
;(9, 4);;(0, 1);False;1;157
;(9, 4);MoveEast;(0, 1);False;1;158
;(9, 4);MoveEast;(0, 1);False;1;159
;(9, 4);MoveEast;(0, 1);False;1;160
;(9, 4);MoveEast;(0, 1);False;1;161
;(9, 4);MoveEast;(0, 1);False;1;162
;(9, 4);MoveEast;(0, 1);False;1;163
MoveWest;(8, 4);MoveEast;(0, 1);False;1;164
;(8, 4);MoveEast;(0, 1);False;1;165
;(8, 4);MoveEast;(0, 1);False;1;166
;(8, 4);MoveEast;(0, 1);False;1;167
;(8, 4);MoveEast;(1, 1);False;1;168
;(8, 4);MoveEast;(1, 1);False;1;169
MoveSouth;(8, 5);MoveEast;(1, 1);False;1;170
;(8, 5);MoveEast;(1, 1);False;1;171
;(8, 5);MoveEast;(1, 1);False;1;172
;(8, 5);MoveEast;(1, 1);False;1;173
;(8, 5);MoveEast;(1, 1);False;1;174
;(8, 5);MoveEast;(1, 1);False;1;175
MoveSouth;(8, 6);MoveEast;(1, 1);False;1;176
;(8, 6);MoveEast;(1, 1);False;1;177
;(8, 6);MoveEast;(1, 1);False;1;178
;(8, 6);MoveEast;(2, 1);False;1;179
;(8, 6);MoveWest;(2, 1);False;1;180
;(8, 6);MoveWest;(2, 1);False;1;181
;(8, 6);MoveWest;(2, 1);False;1;182
MoveSouth;(8, 7);MoveWest;(2, 1);False;1;183
;(8, 7);MoveWest;(2, 1);False;1;184
;(8, 7);MoveWest;(2, 1);False;1;185
;(8, 7);MoveWest;(2, 1);False;1;186
;(8, 7);MoveWest;(2, 1);False;1;187
;(8, 7);MoveWest;(2, 1);False;1;188
MoveSouth;(8, 8);MoveWest;(2, 1);False;1;189
;(8, 8);MoveWest;(1, 1);False;1;190
;(8, 8);MoveWest;(1, 1);False;1;191
;(8, 8);MoveWest;(1, 1);False;1;192
;(8, 8);MoveWest;(1, 1);False;1;193
;(8, 8);MoveWest;(1, 1);False;1;194
;(8, 8);MoveWest;(1, 1);False;1;195
;(8, 8);MoveWest;(1, 1);False;1;196
MoveEast;(9, 8);MoveWest;(1, 1);False;1;197
;(9, 8);MoveWest;(1, 1);False;1;198
;(9, 8);MoveWest;(1, 1);False;1;199
;(9, 8);MoveWest;(1, 1);False;1;200
;(9, 8);MoveWest;(0, 1);False;1;201
;(9, 8);MoveEast;(0, 1);False;1;202
MoveSouth;(9, 9);MoveEast;(0, 1);False;1;203
;(9, 9);MoveEast;(0, 1);False;1;204
;(9, 9);MoveEast;(0, 1);False;1;205
;(9, 9);MoveEast;(0, 1);False;1;206
;(9, 9);MoveEast;(0, 1);False;1;207
;(9, 9);MoveEast;(0, 1);False;1;208
;(9, 9);MoveEast;(0, 1);False;1;209
;(9, 9);MoveEast;(0, 1);False;1;210
;(9, 9);MoveEast;(0, 1);False;1;211
MoveWest;(8, 9);MoveEast;(1, 1);False;1;212
;(8, 9);MoveEast;(1, 1);False;1;213
;(8, 9);MoveEast;(1, 1);False;1;214
;(8, 9);MoveEast;(1, 1);False;1;215
;(8, 9);MoveEast;(1, 1);False;1;216
MoveWest;(7, 9);MoveEast;(1, 1);False;1;217
;(7, 9);MoveEast;(1, 1);False;1;218
;(7, 9);MoveEast;(1, 1);False;1;219
;(7, 9);MoveEast;(1, 1);False;1;220
MoveSouth;(7, 10);MoveEast;(1, 1);False;1;221
;(7, 10);MoveEast;(1, 1);False;1;222
;(7, 10);MoveEast;(2, 1);False;1;223
;(7, 10);MoveWest;(2, 1);False;1;224
MoveWest;(6, 10);MoveWest;(2, 1);False;1;225
;(6, 10);MoveWest;(2, 1);False;1;226
;(6, 10);MoveWest;(2, 1);False;1;227
;(6, 10);MoveWest;(2, 1);False;1;228
;(6, 10);MoveWest;(2, 1);False;1;229
;(6, 10);MoveWest;(2, 1);False;1;230
;(6, 10);MoveWest;(2, 1);False;1;231
;(6, 10);MoveWest;(2, 1);False;1;232
;(6, 10);MoveWest;(2, 1);False;1;233
;(6, 10);MoveWest;(1, 1);False;1;234
MoveWest;(5, 10);MoveWest;(1, 1);False;1;235
MoveWest;(4, 10);MoveWest;(1, 1);False;1;236
MoveWest;(3, 10);MoveWest;(1, 1);False;1;237
MoveWest;(2, 10);MoveWest;(1, 1);False;1;238
MoveWest;(1, 10);MoveWest;(1, 1);False;1;239
MoveWest;(0, 10);MoveWest;(1, 1);False;1;240
MoveWest;(0, 10);MoveWest;(1, 1);False;1;241
;(0, 10);MoveWest;(1, 1);False;1;242
;(0, 10);MoveWest;(1, 1);False;1;243
;(0, 10);MoveWest;(1, 1);False;1;244
;(0, 10);MoveWest;(0, 1);False;1;245
;(0, 10);MoveEast;(0, 1);False;1;246
;(0, 10);MoveEast;(0, 1);False;1;247
MoveEast;(1, 10);MoveEast;(0, 1);False;1;248
;(1, 10);MoveEast;(0, 1);False;1;249
;(1, 10);MoveEast;(0, 1);False;1;250
;(1, 10);MoveEast;(0, 1);False;1;251
;(1, 10);MoveEast;(0, 1);False;1;252
;(1, 10);MoveEast;(0, 1);False;1;253
;(1, 10);MoveEast;(0, 1);False;1;254
;(1, 10);MoveEast;(0, 1);False;1;255
;(1, 10);MoveEast;(1, 1);False;1;256
;(1, 10);MoveEast;(1, 1);False;1;257
MoveEast;(2, 10);MoveEast;(1, 1);False;1;258
MoveEast;(3, 10);MoveEast;(1, 1);False;1;259
MoveEast;(4, 10);MoveEast;(1, 1);False;1;260
;(4, 10);MoveEast;(1, 1);False;1;261
;(4, 10);MoveEast;(1, 1);False;1;262
;(4, 10);MoveEast;(1, 1);False;1;263
;(4, 10);MoveEast;(1, 1);False;1;264
MoveEast;(5, 10);MoveEast;(1, 1);False;1;265
;(5, 10);MoveEast;(1, 1);False;1;266
;(5, 10);MoveEast;(2, 1);False;1;267
;(5, 10);MoveWest;(2, 1);False;1;268
;(5, 10);MoveWest;(2, 1);False;1;269
;(5, 10);MoveWest;(2, 1);False;1;270
MoveEast;(6, 10);MoveWest;(2, 1);False;1;271
;(6, 10);MoveWest;(2, 1);False;1;272
;(6, 10);MoveWest;(2, 1);False;1;273
;(6, 10);MoveWest;(2, 1);False;1;274
MoveWest;(5, 10);MoveWest;(2, 1);False;1;275
;(5, 10);MoveWest;(2, 1);False;1;276
;(5, 10);MoveWest;(2, 1);False;1;277
;(5, 10);MoveWest;(1, 1);False;1;278
;(5, 10);MoveWest;(1, 1);False;1;279
;(5, 10);MoveWest;(1, 1);False;1;280
;(5, 10);MoveWest;(1, 1);False;1;281
;(5, 10);MoveWest;(1, 1);False;1;282
;(5, 10);MoveWest;(1, 1);False;1;283
;(5, 10);MoveWest;(1, 1);False;1;284
MoveWest;(4, 10);MoveWest;(1, 1);False;1;285
;(4, 10);MoveWest;(1, 1);False;1;286
;(4, 10);MoveWest;(1, 1);False;1;287
;(4, 10);MoveWest;(1, 1);False;1;288
;(4, 10);MoveWest;(0, 1);False;1;289
;(4, 10);;(0, 1);False;1;290
;(4, 10);MoveEast;(0, 1);False;1;291
;(4, 10);MoveEast;(0, 1);False;1;292
;(4, 10);MoveEast;(0, 1);False;1;293
;(4, 10);MoveEast;(0, 1);False;1;294
;(4, 10);MoveEast;(0, 1);False;1;295
;(4, 10);MoveEast;(0, 1);False;1;296
;(4, 10);MoveEast;(0, 1);False;1;297
;(4, 10);MoveEast;(0, 1);False;1;298
;(4, 10);MoveEast;(0, 1);False;1;299
;(4, 10);MoveEast;(0, 1);False;1;300
;(4, 10);MoveEast;(1, 1);False;1;301
MoveEast;(5, 10);MoveEast;(1, 1);False;1;302
;(5, 10);MoveEast;(1, 1);False;1;303
;(5, 10);MoveEast;(1, 1);False;1;304
;(5, 10);MoveEast;(1, 1);False;1;305
;(5, 10);MoveEast;(1, 1);False;1;306
;(5, 10);MoveEast;(1, 1);False;1;307
;(5, 10);MoveEast;(1, 1);False;1;308
;(5, 10);MoveEast;(1, 1);False;1;309
;(5, 10);MoveEast;(1, 1);False;1;310
;(5, 10);MoveEast;(1, 1);False;1;311
;(5, 10);MoveEast;(2, 1);False;1;312
;(5, 10);MoveEast;(2, 1);False;1;313
;(5, 10);MoveEast;(2, 1);False;1;314
;(5, 10);MoveEast;(2, 1);False;1;315
;(5, 10);MoveEast;(2, 1);False;1;316
;(5, 10);MoveEast;(2, 1);False;1;317
;(5, 10);MoveEast;(2, 1);False;1;318
;(5, 10);MoveEast;(2, 1);False;1;319
;(5, 10);MoveEast;(2, 1);False;1;320
;(5, 10);MoveEast;(2, 1);False;1;321
;(5, 10);MoveEast;(2, 1);False;1;322
;(5, 10);MoveEast;(3, 1);False;1;323
;(5, 10);MoveEast;(3, 1);False;1;324
;(5, 10);MoveEast;(3, 1);False;1;325
;(5, 10);MoveEast;(3, 1);False;1;326
;(5, 10);MoveEast;(3, 1);False;1;327
DropObject;(5, 10);MoveEast;(3, 1);False;1;328
;(5, 10);MoveEast;(3, 1);False;1;329
;(5, 10);MoveEast;(3, 1);False;1;330
;(5, 10);MoveEast;(3, 1);False;1;331
;(5, 10);MoveEast;(3, 1);False;1;332
;(5, 10);MoveEast;(3, 1);False;1;333
;(5, 10);MoveEast;(4, 1);False;1;334
MoveEast;(6, 10);MoveEast;(4, 1);False;1;335
;(6, 10);MoveEast;(4, 1);False;1;336
;(6, 10);MoveEast;(4, 1);False;1;337
;(6, 10);MoveEast;(4, 1);False;1;338
;(6, 10);MoveEast;(4, 1);False;1;339
;(6, 10);MoveEast;(4, 1);False;1;340
;(6, 10);MoveEast;(4, 1);False;1;341
;(6, 10);MoveEast;(4, 1);False;1;342
;(6, 10);MoveEast;(4, 1);False;1;343
MoveWest;(5, 10);MoveEast;(4, 1);False;1;344
;(5, 10);MoveEast;(5, 1);False;1;345
;(5, 10);MoveSouthEast;(5, 1);False;1;346
;(5, 10);MoveSouthEast;(5, 1);False;1;347
;(5, 10);MoveSouthEast;(5, 1);False;1;348
;(5, 10);MoveSouthEast;(5, 1);False;1;349
;(5, 10);MoveSouthEast;(5, 1);False;1;350
;(5, 10);MoveSouthEast;(5, 1);False;1;351
;(5, 10);MoveSouthEast;(5, 1);False;1;352
;(5, 10);MoveSouthEast;(5, 1);False;1;353
;(5, 10);MoveSouthEast;(5, 1);False;1;354
GrabObject;(5, 10);MoveSouthEast;(5, 1);False;1;355
;(5, 10);MoveSouthEast;(6, 2);False;1;356
;(5, 10);MoveEast;(6, 2);False;1;357
;(5, 10);MoveEast;(6, 2);False;1;358
;(5, 10);MoveEast;(6, 2);False;1;359
;(5, 10);MoveEast;(6, 2);False;1;360
;(5, 10);MoveEast;(6, 2);False;1;361
MoveEast;(6, 10);MoveEast;(6, 2);False;1;362
;(6, 10);MoveEast;(6, 2);False;1;363
;(6, 10);MoveEast;(6, 2);False;1;364
;(6, 10);MoveEast;(6, 2);False;1;365
MoveEast;(7, 10);MoveEast;(6, 2);False;1;366
;(7, 10);MoveEast;(7, 2);False;1;367
;(7, 10);MoveSouthEast;(7, 2);False;1;368
MoveEast;(8, 10);MoveSouthEast;(7, 2);False;1;369
;(8, 10);MoveSouthEast;(7, 2);False;1;370
;(8, 10);MoveSouthEast;(7, 2);False;1;371
;(8, 10);MoveSouthEast;(7, 2);False;1;372
;(8, 10);MoveSouthEast;(7, 2);False;1;373
;(8, 10);MoveSouthEast;(7, 2);False;1;374
;(8, 10);MoveSouthEast;(7, 2);False;1;375
;(8, 10);MoveSouthEast;(7, 2);False;1;376
;(8, 10);MoveSouthEast;(7, 2);False;1;377
;(8, 10);MoveSouthEast;(8, 3);False;1;378
;(8, 10);MoveEast;(8, 3);False;1;379
;(8, 10);MoveEast;(8, 3);False;1;380
;(8, 10);MoveEast;(8, 3);False;1;381
;(8, 10);MoveEast;(8, 3);False;1;382
;(8, 10);MoveEast;(8, 3);False;1;383
;(8, 10);MoveEast;(8, 3);False;1;384
;(8, 10);MoveEast;(8, 3);False;1;385
DropObject;(8, 10);MoveEast;(8, 3);False;1;386
;(8, 10);MoveEast;(8, 3);False;1;387
;(8, 10);MoveEast;(8, 3);False;1;388
;(8, 10);MoveEast;(9, 3);False;1;389
;(8, 10);GrabObject;(9, 3);False;1;390
;(8, 10);GrabObject;(9, 3);False;1;391
MoveWest;(7, 10);GrabObject;(9, 3);False;1;392
;(7, 10);GrabObject;(9, 3);False;1;393
;(7, 10);GrabObject;(9, 3);False;1;394
;(7, 10);GrabObject;(9, 3);False;1;395
MoveWest;(6, 10);GrabObject;(9, 3);False;1;396
;(6, 10);GrabObject;(9, 3);False;1;397
;(6, 10);GrabObject;(9, 3);False;1;398
;(6, 10);GrabObject;(9, 3);False;1;399
;(6, 10);GrabObject;(9, 3);False;1;400
;(6, 10);;(9, 3);False;1;401
;(6, 10);MoveWest;(9, 3);False;1;402
;(6, 10);MoveWest;(9, 3);False;1;403
;(6, 10);MoveWest;(9, 3);False;1;404
;(6, 10);MoveWest;(9, 3);False;1;405
;(6, 10);MoveWest;(9, 3);False;1;406
;(6, 10);MoveWest;(9, 3);False;1;407
;(6, 10);MoveWest;(9, 3);False;1;408
;(6, 10);MoveWest;(9, 3);False;1;409
;(6, 10);MoveWest;(9, 3);False;1;410
;(6, 10);MoveWest;(9, 3);False;1;411
;(6, 10);MoveWest;(8, 3);False;1;412
;(6, 10);MoveWest;(8, 3);False;1;413
;(6, 10);MoveWest;(8, 3);False;1;414
;(6, 10);MoveWest;(8, 3);False;1;415
;(6, 10);MoveWest;(8, 3);False;1;416
;(6, 10);MoveWest;(8, 3);False;1;417
;(6, 10);MoveWest;(8, 3);False;1;418
;(6, 10);MoveWest;(8, 3);False;1;419
;(6, 10);MoveWest;(8, 3);False;1;420
;(6, 10);MoveWest;(8, 3);False;1;421
;(6, 10);MoveWest;(8, 3);False;1;422
;(6, 10);MoveWest;(7, 3);False;1;423
;(6, 10);MoveWest;(7, 3);False;1;424
;(6, 10);MoveWest;(7, 3);False;1;425
;(6, 10);MoveWest;(7, 3);False;1;426
MoveNorth;(6, 9);MoveWest;(7, 3);False;1;427
;(6, 9);MoveWest;(7, 3);False;1;428
;(6, 9);MoveWest;(7, 3);False;1;429
;(6, 9);MoveWest;(7, 3);False;1;430
;(6, 9);MoveWest;(7, 3);False;1;431
;(6, 9);MoveWest;(7, 3);False;1;432
;(6, 9);MoveWest;(7, 3);False;1;433
;(6, 9);MoveWest;(6, 3);False;1;434
;(6, 9);MoveWest;(6, 3);False;1;435
DropObject;(6, 9);MoveWest;(6, 3);False;1;436
;(6, 9);MoveWest;(6, 3);False;1;437
;(6, 9);MoveWest;(6, 3);False;1;438
;(6, 9);MoveWest;(6, 3);False;1;439
;(6, 9);MoveWest;(6, 3);False;1;440
MoveEast;(7, 9);MoveWest;(6, 3);False;1;441
;(7, 9);MoveWest;(6, 3);False;1;442
;(7, 9);MoveWest;(6, 3);False;1;443
;(7, 9);MoveWest;(6, 3);False;1;444
;(7, 9);MoveWest;(5, 3);False;1;445
;(7, 9);MoveWest;(5, 3);False;1;446
;(7, 9);MoveWest;(5, 3);False;1;447
;(7, 9);MoveWest;(5, 3);False;1;448
MoveWest;(6, 9);MoveWest;(5, 3);False;1;449
;(6, 9);MoveWest;(5, 3);False;1;450
;(6, 9);MoveWest;(5, 3);False;1;451
;(6, 9);MoveWest;(5, 3);False;1;452
;(6, 9);MoveWest;(5, 3);False;1;453
;(6, 9);MoveWest;(5, 3);False;1;454
;(6, 9);MoveWest;(5, 3);False;1;455
;(6, 9);MoveWest;(4, 3);False;1;456
;(6, 9);MoveNorthWest;(4, 3);False;1;457
;(6, 9);MoveNorthWest;(4, 3);False;1;458
GrabObject;(6, 9);MoveNorthWest;(4, 3);False;1;459
;(6, 9);MoveNorthWest;(4, 3);False;1;460
;(6, 9);MoveNorthWest;(4, 3);False;1;461
;(6, 9);MoveNorthWest;(4, 3);False;1;462
;(6, 9);MoveNorthWest;(4, 3);False;1;463
;(6, 9);MoveNorthWest;(4, 3);False;1;464
MoveEast;(7, 9);MoveNorthWest;(4, 3);False;1;465
;(7, 9);MoveNorthWest;(4, 3);False;1;466
;(7, 9);MoveNorthWest;(3, 2);False;1;467
;(7, 9);MoveWest;(3, 2);False;1;468
MoveEast;(8, 9);MoveWest;(3, 2);False;1;469
;(8, 9);MoveWest;(3, 2);False;1;470
;(8, 9);MoveWest;(3, 2);False;1;471
;(8, 9);MoveWest;(3, 2);False;1;472
;(8, 9);MoveWest;(3, 2);False;1;473
;(8, 9);MoveWest;(3, 2);False;1;474
;(8, 9);MoveWest;(3, 2);False;1;475
;(8, 9);MoveWest;(3, 2);False;1;476
;(8, 9);MoveWest;(3, 2);False;1;477
;(8, 9);MoveWest;(2, 2);False;1;478
;(8, 9);MoveNorthWest;(2, 2);False;1;479
;(8, 9);MoveNorthWest;(2, 2);False;1;480
;(8, 9);MoveNorthWest;(2, 2);False;1;481
;(8, 9);MoveNorthWest;(2, 2);False;1;482
;(8, 9);MoveNorthWest;(2, 2);False;1;483
;(8, 9);MoveNorthWest;(2, 2);False;1;484
;(8, 9);MoveNorthWest;(2, 2);False;1;485
;(8, 9);MoveNorthWest;(2, 2);False;1;486
DropObject;(8, 9);MoveNorthWest;(2, 2);False;1;487
;(8, 9);MoveNorthWest;(2, 2);False;1;488
;(8, 9);MoveNorthWest;(1, 1);False;1;489
;(8, 9);MoveWest;(1, 1);False;1;490
;(8, 9);MoveWest;(1, 1);False;1;491
;(8, 9);MoveWest;(1, 1);False;1;492
;(8, 9);MoveWest;(1, 1);False;1;493
MoveSouth;(8, 10);MoveWest;(1, 1);False;1;494
;(8, 10);MoveWest;(1, 1);False;1;495
;(8, 10);MoveWest;(1, 1);False;1;496
;(8, 10);MoveWest;(1, 1);False;1;497
;(8, 10);MoveWest;(1, 1);False;1;498
MoveWest;(7, 10);MoveWest;(1, 1);False;1;499
;(7, 10);MoveWest;(0, 1);False;1;500
;(7, 10);DropObject;(0, 1);False;1;501
;(7, 10);DropObject;(0, 1);False;1;502
MoveWest;(6, 10);DropObject;(0, 1);False;1;503
;(6, 10);DropObject;(0, 1);False;1;504
;(6, 10);DropObject;(0, 1);False;1;505
;(6, 10);DropObject;(0, 1);False;1;506
;(6, 10);DropObject;(0, 1);False;1;507
;(6, 10);DropObject;(0, 1);False;1;508
;(6, 10);DropObject;(0, 1);False;1;509
;(6, 10);DropObject;(0, 1);False;1;510
;(6, 10);DropObject;(0, 1);False;1;511
;(6, 10);;(0, 1);False;1;512
;(6, 10);Idle;(0, 1);False;1;513
;(6, 10);Idle;(0, 1);False;1;514
;(6, 10);Idle;(0, 1);False;1;515
;(6, 10);Idle;(0, 1);False;1;516
;(6, 10);Idle;(0, 1);False;1;517
;(6, 10);Idle;(0, 1);False;1;518
;(6, 10);Idle;(0, 1);False;1;519
GrabObject;(6, 10);Idle;(0, 1);False;1;520
;(6, 10);Idle;(0, 1);False;1;521
;(6, 10);Idle;(0, 1);False;1;522
;(6, 10);Idle;(0, 1);False;1;523
MoveEast;(7, 10);Idle;(0, 1);False;1;524
;(7, 10);Idle;(0, 1);False;1;525
;(7, 10);Idle;(0, 1);False;1;526
;(7, 10);Idle;(0, 1);False;1;527
;(7, 10);Idle;(0, 1);False;1;528
MoveEast;(8, 10);Idle;(0, 1);False;1;529
;(8, 10);Idle;(0, 1);False;1;530
;(8, 10);Idle;(0, 1);False;1;531
MoveEast;(9, 10);Idle;(0, 1);False;1;532
;(9, 10);Idle;(0, 1);False;1;533
;(9, 10);Idle;(0, 1);False;1;534
;(9, 10);Idle;(0, 1);False;1;535
;(9, 10);Idle;(0, 1);False;1;536
MoveEast;(10, 10);Idle;(0, 1);False;1;537
;(10, 10);Idle;(0, 1);False;1;538
;(10, 10);Idle;(0, 1);False;1;539
;(10, 10);Idle;(0, 1);False;1;540
;(10, 10);Idle;(0, 1);False;1;541
;(10, 10);Idle;(0, 1);False;1;542
MoveWest;(9, 10);Idle;(0, 1);False;1;543
;(9, 10);Idle;(0, 1);False;1;544
;(9, 10);Idle;(0, 1);False;1;545
;(9, 10);Idle;(0, 1);False;1;546
;(9, 10);Idle;(0, 1);False;1;547
DropObject;(9, 10);Idle;(0, 1);False;1;548
;(9, 10);Idle;(0, 1);False;1;549
;(9, 10);Idle;(0, 1);False;1;550
;(9, 10);Idle;(0, 1);False;1;551
;(9, 10);Idle;(0, 1);False;1;552
;(9, 10);Idle;(0, 1);False;1;553
;(9, 10);Idle;(0, 1);False;1;554
MoveNorth;(9, 9);Idle;(0, 1);False;1;555
;(9, 9);Idle;(0, 1);False;1;556
;(9, 9);Idle;(0, 1);False;1;557
;(9, 9);Idle;(0, 1);False;1;558
;(9, 9);Idle;(0, 1);False;1;559
;(9, 9);Idle;(0, 1);False;1;560
MoveNorth;(9, 8);Idle;(0, 1);False;1;561
;(9, 8);Idle;(0, 1);False;1;562
;(9, 8);Idle;(0, 1);False;1;563
;(9, 8);Idle;(0, 1);False;1;564
MoveNorth;(9, 7);Idle;(0, 1);False;1;565
;(9, 7);Idle;(0, 1);False;1;566
;(9, 7);Idle;(0, 1);False;1;567
MoveNorth;(9, 6);;(0, 1);False;1;568
;(9, 6);MoveSouthEast;(0, 1);False;1;569
;(9, 6);MoveSouthEast;(0, 1);False;1;570
;(9, 6);MoveSouthEast;(0, 1);False;1;571
;(9, 6);MoveSouthEast;(0, 1);False;1;572
MoveEast;(10, 6);MoveSouthEast;(0, 1);False;1;573
;(10, 6);MoveSouthEast;(0, 1);False;1;574
;(10, 6);MoveSouthEast;(0, 1);False;1;575
;(10, 6);MoveSouthEast;(0, 1);False;1;576
;(10, 6);MoveSouthEast;(0, 1);False;1;577
;(10, 6);MoveSouthEast;(0, 1);False;1;578
MoveEast;(11, 6);MoveSouthEast;(1, 2);False;1;579
;(11, 6);MoveEast;(1, 2);False;1;580
;(11, 6);MoveEast;(1, 2);False;1;581
;(11, 6);MoveEast;(1, 2);False;1;582
;(11, 6);MoveEast;(1, 2);False;1;583
MoveNorth;(11, 5);MoveEast;(1, 2);False;1;584
;(11, 5);MoveEast;(1, 2);False;1;585
;(11, 5);MoveEast;(1, 2);False;1;586
;(11, 5);MoveEast;(1, 2);False;1;587
MoveWest;(10, 5);MoveEast;(1, 2);False;1;588
;(10, 5);MoveEast;(1, 2);False;1;589
;(10, 5);MoveEast;(2, 2);False;1;590
;(10, 5);MoveSouthEast;(2, 2);False;1;591
;(10, 5);MoveSouthEast;(2, 2);False;1;592
;(10, 5);MoveSouthEast;(2, 2);False;1;593
;(10, 5);MoveSouthEast;(2, 2);False;1;594
;(10, 5);MoveSouthEast;(2, 2);False;1;595
;(10, 5);MoveSouthEast;(2, 2);False;1;596
;(10, 5);MoveSouthEast;(2, 2);False;1;597
;(10, 5);MoveSouthEast;(2, 2);False;1;598
;(10, 5);MoveSouthEast;(2, 2);False;1;599
;(10, 5);MoveSouthEast;(2, 2);False;1;600
;(10, 5);MoveSouthEast;(3, 3);False;1;601
;(10, 5);MoveSouthEast;(3, 3);False;1;602
GrabObject;(10, 5);MoveSouthEast;(3, 3);False;1;603
;(10, 5);MoveSouthEast;(3, 3);False;1;604
;(10, 5);MoveSouthEast;(3, 3);False;1;605
;(10, 5);MoveSouthEast;(3, 3);False;1;606
;(10, 5);MoveSouthEast;(3, 3);False;1;607
;(10, 5);MoveSouthEast;(3, 3);False;1;608
MoveSouth;(10, 6);MoveSouthEast;(3, 3);False;1;609
;(10, 6);MoveSouthEast;(3, 3);False;1;610
;(10, 6);MoveSouthEast;(3, 3);False;1;611
;(10, 6);MoveSouthEast;(4, 4);False;1;612
MoveSouth;(10, 7);MoveSouthEast;(4, 4);False;1;613
;(10, 7);MoveSouthEast;(4, 4);False;1;614
;(10, 7);MoveSouthEast;(4, 4);False;1;615
MoveSouth;(10, 8);MoveSouthEast;(4, 4);False;1;616
;(10, 8);MoveSouthEast;(4, 4);False;1;617
;(10, 8);MoveSouthEast;(4, 4);False;1;618
;(10, 8);MoveSouthEast;(4, 4);False;1;619
MoveSouth;(10, 9);MoveSouthEast;(4, 4);False;1;620
;(10, 9);MoveSouthEast;(4, 4);False;1;621
;(10, 9);MoveSouthEast;(4, 4);False;1;622
;(10, 9);MoveSouthEast;(5, 5);False;1;623
MoveSouth;(10, 10);MoveSouthEast;(5, 5);False;1;624
;(10, 10);MoveSouthEast;(5, 5);False;1;625
;(10, 10);MoveSouthEast;(5, 5);False;1;626
MoveWest;(9, 10);MoveSouthEast;(5, 5);False;1;627
;(9, 10);MoveSouthEast;(5, 5);False;1;628
;(9, 10);MoveSouthEast;(5, 5);False;1;629
;(9, 10);MoveSouthEast;(5, 5);False;1;630
;(9, 10);MoveSouthEast;(5, 5);False;1;631
;(9, 10);MoveSouthEast;(5, 5);False;1;632
;(9, 10);MoveSouthEast;(5, 5);False;1;633
MoveNorth;(9, 9);MoveSouthEast;(6, 6);False;1;634
;(9, 9);MoveEast;(6, 6);False;1;635
;(9, 9);MoveEast;(6, 6);False;1;636
;(9, 9);MoveEast;(6, 6);False;1;637
;(9, 9);MoveEast;(6, 6);False;1;638
;(9, 9);MoveEast;(6, 6);False;1;639
;(9, 9);MoveEast;(6, 6);False;1;640
;(9, 9);MoveEast;(6, 6);False;1;641
;(9, 9);MoveEast;(6, 6);False;1;642
;(9, 9);MoveEast;(6, 6);False;1;643
;(9, 9);MoveEast;(6, 6);False;1;644
;(9, 9);MoveEast;(7, 6);False;1;645
;(9, 9);MoveEast;(7, 6);False;1;646
DropObject;(9, 9);MoveEast;(7, 6);False;1;647
;(9, 9);MoveEast;(7, 6);False;1;648
;(9, 9);MoveEast;(7, 6);False;1;649
;(9, 9);MoveEast;(7, 6);False;1;650
MoveEast;(10, 9);MoveEast;(7, 6);False;1;651
;(10, 9);MoveEast;(7, 6);False;1;652
;(10, 9);MoveEast;(7, 6);False;1;653
;(10, 9);MoveEast;(7, 6);False;1;654
;(10, 9);MoveEast;(7, 6);False;1;655
MoveEast;(11, 9);MoveEast;(8, 6);False;1;656
;(11, 9);MoveSouthEast;(8, 6);False;1;657
;(11, 9);MoveSouthEast;(8, 6);False;1;658
;(11, 9);MoveSouthEast;(8, 6);False;1;659
;(11, 9);MoveSouthEast;(8, 6);False;1;660
MoveEast;(12, 9);MoveSouthEast;(8, 6);False;1;661
;(12, 9);MoveSouthEast;(8, 6);False;1;662
;(12, 9);MoveSouthEast;(8, 6);False;1;663
;(12, 9);MoveSouthEast;(8, 6);False;1;664
;(12, 9);MoveSouthEast;(8, 6);False;1;665
;(12, 9);MoveSouthEast;(8, 6);False;1;666
;(12, 9);MoveSouthEast;(9, 7);False;1;667
;(12, 9);Idle;(9, 7);False;1;668
;(12, 9);Idle;(9, 7);False;1;669
;(12, 9);Idle;(9, 7);False;1;670
;(12, 9);Idle;(9, 7);False;1;671
MoveSouth;(12, 10);Idle;(9, 7);False;1;672
;(12, 10);Idle;(9, 7);False;1;673
;(12, 10);Idle;(9, 7);False;1;674
;(12, 10);Idle;(9, 7);False;1;675
;(12, 10);Idle;(9, 7);False;1;676
;(12, 10);Idle;(9, 7);False;1;677
;(12, 10);Idle;(9, 7);False;1;678
;(12, 10);Idle;(9, 7);False;1;679
;(12, 10);Idle;(9, 7);False;1;680
;(12, 10);Idle;(9, 7);False;1;681
;(12, 10);Idle;(9, 7);False;1;682
;(12, 10);Idle;(9, 7);False;1;683
;(12, 10);Idle;(9, 7);False;1;684
;(12, 10);Idle;(9, 7);False;1;685
GrabObject;(12, 10);Idle;(9, 7);False;1;686
;(12, 10);Idle;(9, 7);False;1;687
;(12, 10);Idle;(9, 7);False;1;688
;(12, 10);Idle;(9, 7);False;1;689
;(12, 10);Idle;(9, 7);False;1;690
;(12, 10);Idle;(9, 7);False;1;691
;(12, 10);Idle;(9, 7);False;1;692
;(12, 10);Idle;(9, 7);False;1;693
;(12, 10);Idle;(9, 7);False;1;694
;(12, 10);Idle;(9, 7);False;1;695
;(12, 10);Idle;(9, 7);False;1;696
;(12, 10);Idle;(9, 7);False;1;697
;(12, 10);Idle;(9, 7);False;1;698
;(12, 10);Idle;(9, 7);False;1;699
MoveEast;(13, 10);Idle;(9, 7);False;1;700
;(13, 10);Idle;(9, 7);False;1;701
;(13, 10);Idle;(9, 7);False;1;702
;(13, 10);Idle;(9, 7);False;1;703
;(13, 10);Idle;(9, 7);False;1;704
;(13, 10);Idle;(9, 7);False;1;705
MoveEast;(14, 10);Idle;(9, 7);False;1;706
;(14, 10);Idle;(9, 7);False;1;707
;(14, 10);Idle;(9, 7);False;1;708
;(14, 10);Idle;(9, 7);False;1;709
;(14, 10);Idle;(9, 7);False;1;710
MoveWest;(13, 10);Idle;(9, 7);False;1;711
;(13, 10);Idle;(9, 7);False;1;712
;(13, 10);Idle;(9, 7);False;1;713
;(13, 10);Idle;(9, 7);False;1;714
;(13, 10);Idle;(9, 7);False;1;715
;(13, 10);Idle;(9, 7);False;1;716
;(13, 10);Idle;(9, 7);False;1;717
;(13, 10);Idle;(9, 7);False;1;718
MoveWest;(12, 10);Idle;(9, 7);False;1;719
;(12, 10);Idle;(9, 7);False;1;720
;(12, 10);Idle;(9, 7);False;1;721
;(12, 10);Idle;(9, 7);False;1;722
;(12, 10);;(9, 7);False;1;723
;(12, 10);Idle;(9, 7);False;1;724
MoveWest;(11, 10);Idle;(9, 7);False;1;725
;(11, 10);Idle;(9, 7);False;1;726
;(11, 10);Idle;(9, 7);False;1;727
;(11, 10);Idle;(9, 7);False;1;728
;(11, 10);Idle;(9, 7);False;1;729
;(11, 10);Idle;(9, 7);False;1;730
;(11, 10);Idle;(9, 7);False;1;731
;(11, 10);Idle;(9, 7);False;1;732
;(11, 10);Idle;(9, 7);False;1;733
MoveEast;(12, 10);Idle;(9, 7);False;1;734
;(12, 10);Idle;(9, 7);False;1;735
;(12, 10);Idle;(9, 7);False;1;736
;(12, 10);Idle;(9, 7);False;1;737
;(12, 10);Idle;(9, 7);False;1;738
;(12, 10);Idle;(9, 7);False;1;739
MoveEast;(13, 10);Idle;(9, 7);False;1;740
;(13, 10);Idle;(9, 7);False;1;741
;(13, 10);Idle;(9, 7);False;1;742
;(13, 10);Idle;(9, 7);False;1;743
;(13, 10);Idle;(9, 7);False;1;744
MoveEast;(14, 10);Idle;(9, 7);False;1;745
;(14, 10);Idle;(9, 7);False;1;746
;(14, 10);Idle;(9, 7);False;1;747
;(14, 10);Idle;(9, 7);False;1;748
;(14, 10);Idle;(9, 7);False;1;749
;(14, 10);Idle;(9, 7);False;1;750
;(14, 10);Idle;(9, 7);False;1;751
MoveEast;(15, 10);Idle;(9, 7);False;1;752
;(15, 10);Idle;(9, 7);False;1;753
;(15, 10);Idle;(9, 7);False;1;754
;(15, 10);Idle;(9, 7);False;1;755
;(15, 10);Idle;(9, 7);False;1;756
DropObject;(15, 10);Idle;(9, 7);False;1;757
;(15, 10);Idle;(9, 7);False;1;758
;(15, 10);Idle;(9, 7);False;1;759
;(15, 10);Idle;(9, 7);False;1;760
;(15, 10);Idle;(9, 7);False;1;761
;(15, 10);Idle;(9, 7);False;1;762
;(15, 10);Idle;(9, 7);False;1;763
;(15, 10);Idle;(9, 7);False;1;764
;(15, 10);Idle;(9, 7);False;1;765
;(15, 10);Idle;(9, 7);False;1;766
;(15, 10);Idle;(9, 7);False;1;767
MoveWest;(14, 10);Idle;(9, 7);False;1;768
;(14, 10);Idle;(9, 7);False;1;769
;(14, 10);Idle;(9, 7);False;1;770
;(14, 10);Idle;(9, 7);False;1;771
;(14, 10);Idle;(9, 7);False;1;772
;(14, 10);Idle;(9, 7);False;1;773
;(14, 10);Idle;(9, 7);False;1;774
;(14, 10);Idle;(9, 7);False;1;775
;(14, 10);Idle;(9, 7);False;1;776
;(14, 10);Idle;(9, 7);False;1;777
;(14, 10);Idle;(9, 7);False;1;778
;(14, 10);;(9, 7);False;1;779
;(14, 10);Idle;(9, 7);False;1;780
;(14, 10);Idle;(9, 7);False;1;781
;(14, 10);Idle;(9, 7);False;1;782
MoveWest;(13, 10);Idle;(9, 7);False;1;783
;(13, 10);Idle;(9, 7);False;1;784
;(13, 10);Idle;(9, 7);False;1;785
;(13, 10);Idle;(9, 7);False;1;786
;(13, 10);Idle;(9, 7);False;1;787
;(13, 10);Idle;(9, 7);False;1;788
;(13, 10);Idle;(9, 7);False;1;789
;(13, 10);Idle;(9, 7);False;1;790
;(13, 10);Idle;(9, 7);False;1;791
;(13, 10);Idle;(9, 7);False;1;792
;(13, 10);Idle;(9, 7);False;1;793
;(13, 10);Idle;(9, 7);False;1;794
;(13, 10);Idle;(9, 7);False;1;795
;(13, 10);Idle;(9, 7);False;1;796
;(13, 10);Idle;(9, 7);False;1;797
;(13, 10);Idle;(9, 7);False;1;798
;(13, 10);Idle;(9, 7);False;1;799
;(13, 10);Idle;(9, 7);False;1;800
MoveNorth;(13, 9);Idle;(9, 7);False;1;801
;(13, 9);Idle;(9, 7);False;1;802
;(13, 9);Idle;(9, 7);False;1;803
;(13, 9);Idle;(9, 7);False;1;804
;(13, 9);Idle;(9, 7);False;1;805
;(13, 9);Idle;(9, 7);False;1;806
;(13, 9);Idle;(9, 7);False;1;807
;(13, 9);Idle;(9, 7);False;1;808
;(13, 9);Idle;(9, 7);False;1;809
;(13, 9);Idle;(9, 7);False;1;810
;(13, 9);Idle;(9, 7);False;1;811
;(13, 9);Idle;(9, 7);False;1;812
;(13, 9);Idle;(9, 7);False;1;813
;(13, 9);Idle;(9, 7);False;1;814
;(13, 9);Idle;(9, 7);False;1;815
;(13, 9);Idle;(9, 7);False;1;816
;(13, 9);Idle;(9, 7);False;1;817
;(13, 9);Idle;(9, 7);False;1;818
;(13, 9);Idle;(9, 7);False;1;819
;(13, 9);Idle;(9, 7);False;1;820
;(13, 9);Idle;(9, 7);False;1;821
;(13, 9);Idle;(9, 7);False;1;822
;(13, 9);Idle;(9, 7);False;1;823
;(13, 9);Idle;(9, 7);False;1;824
;(13, 9);Idle;(9, 7);False;1;825
;(13, 9);Idle;(9, 7);False;1;826
;(13, 9);Idle;(9, 7);False;1;827
;(13, 9);Idle;(9, 7);False;1;828
;(13, 9);Idle;(9, 7);False;1;829
;(13, 9);Idle;(9, 7);False;1;830
;(13, 9);Idle;(9, 7);False;1;831
;(13, 9);Idle;(9, 7);False;1;832
;(13, 9);Idle;(9, 7);False;1;833
;(13, 9);Idle;(9, 7);False;1;834
;(13, 9);;(9, 7);False;1;835
;(13, 9);MoveSouthEast;(9, 7);False;1;836
MoveNorth;(13, 8);MoveSouthEast;(9, 7);False;1;837
;(13, 8);MoveSouthEast;(9, 7);False;1;838
;(13, 8);MoveSouthEast;(9, 7);False;1;839
;(13, 8);MoveSouthEast;(9, 7);False;1;840
;(13, 8);MoveSouthEast;(9, 7);False;1;841
;(13, 8);MoveSouthEast;(9, 7);False;1;842
;(13, 8);MoveSouthEast;(9, 7);False;1;843
MoveNorth;(13, 7);MoveSouthEast;(9, 7);False;1;844
;(13, 7);MoveSouthEast;(9, 7);False;1;845
;(13, 7);MoveSouthEast;(10, 8);False;1;846
;(13, 7);MoveSouthEast;(10, 8);False;1;847
;(13, 7);MoveSouthEast;(10, 8);False;1;848
;(13, 7);MoveSouthEast;(10, 8);False;1;849
;(13, 7);MoveSouthEast;(10, 8);False;1;850
;(13, 7);MoveSouthEast;(10, 8);False;1;851
;(13, 7);MoveSouthEast;(10, 8);False;1;852
;(13, 7);MoveSouthEast;(10, 8);False;1;853
;(13, 7);MoveSouthEast;(10, 8);False;1;854
;(13, 7);MoveSouthEast;(10, 8);False;1;855
;(13, 7);MoveSouthEast;(10, 8);False;1;856
;(13, 7);MoveSouthEast;(11, 9);False;1;857
;(13, 7);GrabLargeObject;(11, 9);False;1;858
;(13, 7);GrabLargeObject;(11, 9);False;1;859
;(13, 7);GrabLargeObject;(11, 9);False;1;860
;(13, 7);GrabLargeObject;(11, 9);False;1;861
;(13, 7);GrabLargeObject;(11, 9);False;1;862
;(13, 7);GrabLargeObject;(11, 9);False;1;863
;(13, 7);GrabLargeObject;(11, 9);False;1;864
;(13, 7);GrabLargeObject;(11, 9);False;1;865
;(13, 7);GrabLargeObject;(11, 9);False;1;866
;(13, 7);GrabLargeObject;(11, 9);False;1;867
;(13, 7);GrabLargeObject;(11, 9);False;1;868
;(13, 7);;(11, 9);False;1;869
;(13, 7);MoveEast;(11, 9);False;1;870
;(13, 7);MoveEast;(11, 9);False;1;871
;(13, 7);MoveEast;(11, 9);False;1;872
;(13, 7);MoveEast;(11, 9);False;1;873
;(13, 7);MoveEast;(11, 9);False;1;874
;(13, 7);MoveEast;(11, 9);False;1;875
;(13, 7);MoveEast;(11, 9);False;1;876
;(13, 7);MoveEast;(11, 9);False;1;877
;(13, 7);MoveEast;(11, 9);False;1;878
;(13, 7);MoveEast;(11, 9);False;1;879
;(13, 7);MoveEast;(12, 9);False;1;880
;(13, 7);MoveEast;(12, 9);False;1;881
;(13, 7);MoveEast;(12, 9);False;1;882
;(13, 7);MoveEast;(12, 9);False;1;883
;(13, 7);MoveEast;(12, 9);False;1;884
;(13, 7);MoveEast;(12, 9);False;1;885
;(13, 7);MoveEast;(12, 9);False;1;886
;(13, 7);MoveEast;(12, 9);False;1;887
;(13, 7);MoveEast;(12, 9);False;1;888
;(13, 7);MoveEast;(12, 9);False;1;889
;(13, 7);MoveEast;(12, 9);False;1;890
;(13, 7);MoveEast;(13, 9);False;1;891
;(13, 7);MoveWest;(13, 9);False;1;892
;(13, 7);MoveWest;(13, 9);False;1;893
;(13, 7);MoveWest;(13, 9);False;1;894
;(13, 7);MoveWest;(13, 9);False;1;895
;(13, 7);MoveWest;(13, 9);False;1;896
;(13, 7);MoveWest;(13, 9);False;1;897
;(13, 7);MoveWest;(13, 9);False;1;898
;(13, 7);MoveWest;(13, 9);False;1;899
;(13, 7);MoveWest;(13, 9);False;1;900
;(13, 7);MoveWest;(13, 9);False;1;901
;(13, 7);MoveWest;(12, 9);False;1;902
;(13, 7);MoveWest;(12, 9);False;1;903
;(13, 7);MoveWest;(12, 9);False;1;904
;(13, 7);MoveWest;(12, 9);False;1;905
;(13, 7);MoveWest;(12, 9);False;1;906
;(13, 7);MoveWest;(12, 9);False;1;907
;(13, 7);MoveWest;(12, 9);False;1;908
;(13, 7);MoveWest;(12, 9);False;1;909
;(13, 7);MoveWest;(12, 9);False;1;910
;(13, 7);MoveWest;(12, 9);False;1;911
;(13, 7);MoveWest;(12, 9);False;1;912
;(13, 7);MoveWest;(11, 9);False;1;913
;(13, 7);MoveEast;(11, 9);False;1;914
;(13, 7);MoveEast;(11, 9);False;1;915
;(13, 7);MoveEast;(11, 9);False;1;916
;(13, 7);MoveEast;(11, 9);False;1;917
;(13, 7);MoveEast;(11, 9);False;1;918
;(13, 7);MoveEast;(11, 9);False;1;919
;(13, 7);MoveEast;(11, 9);False;1;920
;(13, 7);MoveEast;(11, 9);False;1;921
;(13, 7);MoveEast;(11, 9);False;1;922
;(13, 7);MoveEast;(11, 9);False;1;923
;(13, 7);MoveEast;(12, 9);False;1;924
;(13, 7);MoveEast;(12, 9);False;1;925
;(13, 7);MoveEast;(12, 9);False;1;926
;(13, 7);MoveEast;(12, 9);False;1;927
;(13, 7);MoveEast;(12, 9);False;1;928
;(13, 7);MoveEast;(12, 9);False;1;929
;(13, 7);MoveEast;(12, 9);False;1;930
;(13, 7);MoveEast;(12, 9);False;1;931
;(13, 7);MoveEast;(12, 9);False;1;932
;(13, 7);MoveEast;(12, 9);False;1;933
;(13, 7);MoveEast;(12, 9);False;1;934
;(13, 7);MoveEast;(13, 9);False;1;935
GrabObject;(13, 7);MoveWest;(13, 9);False;1;936
;(13, 7);MoveWest;(13, 9);False;1;937
;(13, 7);MoveWest;(13, 9);False;1;938
;(13, 7);MoveWest;(13, 9);False;1;939
;(13, 7);MoveWest;(13, 9);False;1;940
;(13, 7);MoveWest;(13, 9);False;1;941
;(13, 7);MoveWest;(13, 9);False;1;942
;(13, 7);MoveWest;(13, 9);False;1;943
;(13, 7);MoveWest;(13, 9);False;1;944
;(13, 7);MoveWest;(13, 9);False;1;945
MoveSouth;(13, 8);MoveWest;(12, 9);False;1;946
;(13, 8);MoveWest;(12, 9);False;1;947
;(13, 8);MoveWest;(12, 9);False;1;948
;(13, 8);MoveWest;(12, 9);False;1;949
;(13, 8);MoveWest;(12, 9);False;1;950
MoveSouth;(13, 9);MoveWest;(12, 9);False;1;951
;(13, 9);MoveWest;(12, 9);False;1;952
;(13, 9);MoveWest;(12, 9);False;1;953
;(13, 9);MoveWest;(12, 9);False;1;954
;(13, 9);MoveWest;(12, 9);False;1;955
MoveSouth;(13, 10);MoveWest;(12, 9);False;1;956
;(13, 10);MoveWest;(11, 9);False;1;957
;(13, 10);MoveEast;(11, 9);False;1;958
MoveWest;(12, 10);MoveEast;(11, 9);False;1;959
;(12, 10);MoveEast;(11, 9);False;1;960
;(12, 10);MoveEast;(11, 9);False;1;961
;(12, 10);MoveEast;(11, 9);False;1;962
MoveWest;(11, 10);MoveEast;(11, 9);False;1;963
;(11, 10);MoveEast;(11, 9);False;1;964
;(11, 10);MoveEast;(11, 9);False;1;965
;(11, 10);MoveEast;(11, 9);False;1;966
;(11, 10);MoveEast;(11, 9);False;1;967
;(11, 10);MoveEast;(12, 9);False;1;968
;(11, 10);MoveEast;(12, 9);False;1;969
;(11, 10);MoveEast;(12, 9);False;1;970
;(11, 10);MoveEast;(12, 9);False;1;971
;(11, 10);MoveEast;(12, 9);False;1;972
;(11, 10);MoveEast;(12, 9);False;1;973
;(11, 10);MoveEast;(12, 9);False;1;974
;(11, 10);MoveEast;(12, 9);False;1;975
;(11, 10);MoveEast;(12, 9);False;1;976
;(11, 10);MoveEast;(12, 9);False;1;977
;(11, 10);MoveEast;(12, 9);False;1;978
;(11, 10);MoveEast;(13, 9);False;1;979
;(11, 10);MoveWest;(13, 9);False;1;980
DropObject;(11, 10);MoveWest;(13, 9);False;1;981
;(11, 10);MoveWest;(13, 9);False;1;982
;(11, 10);MoveWest;(13, 9);False;1;983
;(11, 10);MoveWest;(13, 9);False;1;984
MoveNorth;(11, 9);MoveWest;(13, 9);False;1;985
;(11, 9);MoveWest;(13, 9);False;1;986
;(11, 9);MoveWest;(13, 9);False;1;987
;(11, 9);MoveWest;(13, 9);False;1;988
;(11, 9);MoveWest;(13, 9);False;1;989
MoveNorth;(11, 8);MoveWest;(12, 9);False;1;990
;(11, 8);MoveWest;(12, 9);False;1;991
;(11, 8);MoveWest;(12, 9);False;1;992
;(11, 8);MoveWest;(12, 9);False;1;993
MoveNorth;(11, 7);MoveWest;(12, 9);False;1;994
;(11, 7);MoveWest;(12, 9);False;1;995
;(11, 7);MoveWest;(12, 9);False;1;996
;(11, 7);MoveWest;(12, 9);False;1;997
;(11, 7);MoveWest;(12, 9);False;1;998
;(11, 7);MoveWest;(12, 9);False;1;999
;(11, 7);MoveWest;(12, 9);False;1;1000
;(11, 7);MoveWest;(11, 9);False;1;1001
;(11, 7);;(11, 9);False;1;1002
;(11, 7);Idle;(11, 9);False;1;1003
;(11, 7);Idle;(11, 9);False;1;1004
;(11, 7);Idle;(11, 9);False;1;1005
;(11, 7);Idle;(11, 9);False;1;1006
;(11, 7);Idle;(11, 9);False;1;1007
;(11, 7);Idle;(11, 9);False;1;1008
;(11, 7);Idle;(11, 9);False;1;1009
;(11, 7);Idle;(11, 9);False;1;1010
;(11, 7);Idle;(11, 9);False;1;1011
;(11, 7);Idle;(11, 9);False;1;1012
;(11, 7);Idle;(11, 9);False;1;1013
;(11, 7);Idle;(11, 9);False;1;1014
GrabObject;(11, 7);Idle;(11, 9);False;1;1015
;(11, 7);Idle;(11, 9);False;1;1016
;(11, 7);Idle;(11, 9);False;1;1017
;(11, 7);Idle;(11, 9);False;1;1018
;(11, 7);Idle;(11, 9);False;1;1019
;(11, 7);Idle;(11, 9);False;1;1020
;(11, 7);Idle;(11, 9);False;1;1021
;(11, 7);Idle;(11, 9);False;1;1022
;(11, 7);Idle;(11, 9);False;1;1023
;(11, 7);Idle;(11, 9);False;1;1024
;(11, 7);Idle;(11, 9);False;1;1025
;(11, 7);Idle;(11, 9);False;1;1026
MoveWest;(10, 7);Idle;(11, 9);False;1;1027
;(10, 7);Idle;(11, 9);False;1;1028
;(10, 7);Idle;(11, 9);False;1;1029
MoveSouth;(10, 8);Idle;(11, 9);False;1;1030
;(10, 8);Idle;(11, 9);False;1;1031
;(10, 8);Idle;(11, 9);False;1;1032
;(10, 8);Idle;(11, 9);False;1;1033
;(10, 8);Idle;(11, 9);False;1;1034
MoveSouth;(10, 9);Idle;(11, 9);False;1;1035
;(10, 9);Idle;(11, 9);False;1;1036
;(10, 9);Idle;(11, 9);False;1;1037
;(10, 9);Idle;(11, 9);False;1;1038
;(10, 9);Idle;(11, 9);False;1;1039
MoveEast;(11, 9);Idle;(11, 9);False;1;1040
;(11, 9);Idle;(11, 9);False;1;1041
;(11, 9);Idle;(11, 9);False;1;1042
;(11, 9);Idle;(11, 9);False;1;1043
;(11, 9);Idle;(11, 9);False;1;1044
;(11, 9);Idle;(11, 9);False;1;1045
;(11, 9);Idle;(11, 9);False;1;1046
;(11, 9);Idle;(11, 9);False;1;1047
;(11, 9);Idle;(11, 9);False;1;1048
;(11, 9);Idle;(11, 9);False;1;1049
;(11, 9);Idle;(11, 9);False;1;1050
;(11, 9);Idle;(11, 9);False;1;1051
;(11, 9);Idle;(11, 9);False;1;1052
;(11, 9);Idle;(11, 9);False;1;1053
;(11, 9);Idle;(11, 9);False;1;1054
;(11, 9);Idle;(11, 9);False;1;1055
DropObject;(11, 9);Idle;(11, 9);False;1;1056
;(11, 9);Idle;(11, 9);False;1;1057
;(11, 9);;(11, 9);False;1;1058
;(11, 9);MoveEast;(11, 9);False;1;1059
;(11, 9);MoveEast;(11, 9);False;1;1060
MoveEast;(12, 9);MoveEast;(11, 9);False;1;1061
;(12, 9);MoveEast;(11, 9);False;1;1062
;(12, 9);MoveEast;(11, 9);False;1;1063
;(12, 9);MoveEast;(11, 9);False;1;1064
;(12, 9);MoveEast;(11, 9);False;1;1065
;(12, 9);MoveEast;(11, 9);False;1;1066
;(12, 9);MoveEast;(11, 9);False;1;1067
;(12, 9);MoveEast;(11, 9);False;1;1068
;(12, 9);MoveEast;(12, 9);False;1;1069
;(12, 9);MoveEast;(12, 9);False;1;1070
;(12, 9);MoveEast;(12, 9);False;1;1071
;(12, 9);MoveEast;(12, 9);False;1;1072
;(12, 9);MoveEast;(12, 9);False;1;1073
;(12, 9);MoveEast;(12, 9);False;1;1074
;(12, 9);MoveEast;(12, 9);False;1;1075
;(12, 9);MoveEast;(12, 9);False;1;1076
MoveNorth;(12, 8);MoveEast;(12, 9);False;1;1077
;(12, 8);MoveEast;(12, 9);False;1;1078
;(12, 8);MoveEast;(12, 9);False;1;1079
;(12, 8);MoveEast;(13, 9);False;1;1080
;(12, 8);MoveEast;(13, 9);False;1;1081
;(12, 8);MoveEast;(13, 9);False;1;1082
;(12, 8);MoveEast;(13, 9);False;1;1083
;(12, 8);MoveEast;(13, 9);False;1;1084
;(12, 8);MoveEast;(13, 9);False;1;1085
MoveNorth;(12, 7);MoveEast;(13, 9);False;1;1086
;(12, 7);MoveEast;(13, 9);False;1;1087
;(12, 7);MoveEast;(13, 9);False;1;1088
;(12, 7);MoveEast;(13, 9);False;1;1089
;(12, 7);MoveEast;(13, 9);False;1;1090
;(12, 7);MoveEast;(14, 9);False;1;1091
;(12, 7);MoveNorthEast;(14, 9);False;1;1092
;(12, 7);MoveNorthEast;(14, 9);False;1;1093
;(12, 7);MoveNorthEast;(14, 9);False;1;1094
;(12, 7);MoveNorthEast;(14, 9);False;1;1095
;(12, 7);MoveNorthEast;(14, 9);False;1;1096
;(12, 7);MoveNorthEast;(14, 9);False;1;1097
;(12, 7);MoveNorthEast;(14, 9);False;1;1098
MoveWest;(11, 7);MoveNorthEast;(14, 9);False;1;1099
;(11, 7);MoveNorthEast;(14, 9);False;1;1100
;(11, 7);MoveNorthEast;(14, 9);False;1;1101
;(11, 7);MoveNorthEast;(15, 8);False;1;1102
;(11, 7);MoveEast;(15, 8);False;1;1103
;(11, 7);MoveEast;(15, 8);False;1;1104
;(11, 7);MoveEast;(15, 8);False;1;1105
;(11, 7);MoveEast;(15, 8);False;1;1106
;(11, 7);MoveEast;(15, 8);False;1;1107
;(11, 7);MoveEast;(15, 8);False;1;1108
;(11, 7);MoveEast;(15, 8);False;1;1109
;(11, 7);MoveEast;(15, 8);False;1;1110
;(11, 7);MoveEast;(15, 8);False;1;1111
;(11, 7);MoveEast;(15, 8);False;1;1112
;(11, 7);MoveEast;(16, 8);False;1;1113
;(11, 7);MoveNorthEast;(16, 8);False;1;1114
;(11, 7);MoveNorthEast;(16, 8);False;1;1115
;(11, 7);MoveNorthEast;(16, 8);False;1;1116
;(11, 7);MoveNorthEast;(16, 8);False;1;1117
;(11, 7);MoveNorthEast;(16, 8);False;1;1118
;(11, 7);MoveNorthEast;(16, 8);False;1;1119
;(11, 7);MoveNorthEast;(16, 8);False;1;1120
;(11, 7);MoveNorthEast;(16, 8);False;1;1121
;(11, 7);MoveNorthEast;(16, 8);False;1;1122
;(11, 7);MoveNorthEast;(16, 8);False;1;1123
;(11, 7);MoveNorthEast;(17, 7);False;1;1124
;(11, 7);MoveEast;(17, 7);False;1;1125
;(11, 7);MoveEast;(17, 7);False;1;1126
;(11, 7);MoveEast;(17, 7);False;1;1127
;(11, 7);MoveEast;(17, 7);False;1;1128
;(11, 7);MoveEast;(17, 7);False;1;1129
;(11, 7);MoveEast;(17, 7);False;1;1130
;(11, 7);MoveEast;(17, 7);False;1;1131
;(11, 7);MoveEast;(17, 7);False;1;1132
;(11, 7);MoveEast;(17, 7);False;1;1133
;(11, 7);MoveEast;(17, 7);False;1;1134
;(11, 7);MoveEast;(18, 7);False;1;1135
;(11, 7);DropLargeObject;(18, 7);False;1;1136
;(11, 7);DropLargeObject;(18, 7);False;1;1137
;(11, 7);DropLargeObject;(18, 7);False;1;1138
;(11, 7);DropLargeObject;(18, 7);False;1;1139
;(11, 7);DropLargeObject;(18, 7);False;1;1140
;(11, 7);DropLargeObject;(18, 7);False;1;1141
;(11, 7);DropLargeObject;(18, 7);False;1;1142
;(11, 7);DropLargeObject;(18, 7);False;1;1143
;(11, 7);DropLargeObject;(18, 7);False;1;1144
;(11, 7);DropLargeObject;(18, 7);False;1;1145
;(11, 7);DropLargeObject;(18, 7);False;1;1146
;(11, 7);;(18, 7);False;1;1147
;(11, 7);MoveEast;(18, 7);False;1;1148
;(11, 7);MoveEast;(18, 7);False;1;1149
;(11, 7);MoveEast;(18, 7);False;1;1150
;(11, 7);MoveEast;(18, 7);False;1;1151
;(11, 7);MoveEast;(18, 7);False;1;1152
;(11, 7);MoveEast;(18, 7);False;1;1153
;(11, 7);MoveEast;(18, 7);False;1;1154
;(11, 7);MoveEast;(18, 7);False;1;1155
;(11, 7);MoveEast;(18, 7);False;1;1156
;(11, 7);MoveEast;(18, 7);False;1;1157
;(11, 7);MoveEast;(19, 7);False;1;1158
;(11, 7);MoveEast;(19, 7);False;1;1159
;(11, 7);MoveEast;(19, 7);False;1;1160
;(11, 7);MoveEast;(19, 7);False;1;1161
;(11, 7);MoveEast;(19, 7);False;1;1162
;(11, 7);MoveEast;(19, 7);False;1;1163
;(11, 7);MoveEast;(19, 7);False;1;1164
;(11, 7);MoveEast;(19, 7);False;1;1165
;(11, 7);MoveEast;(19, 7);False;1;1166
;(11, 7);MoveEast;(19, 7);False;1;1167
;(11, 7);MoveEast;(19, 7);False;1;1168
;(11, 7);MoveEast;(19, 7);False;1;1169
;(11, 7);MoveWest;(19, 7);False;1;1170
;(11, 7);MoveWest;(19, 7);False;1;1171
;(11, 7);MoveWest;(19, 7);False;1;1172
;(11, 7);MoveWest;(19, 7);False;1;1173
;(11, 7);MoveWest;(19, 7);False;1;1174
;(11, 7);MoveWest;(19, 7);False;1;1175
;(11, 7);MoveWest;(19, 7);False;1;1176
;(11, 7);MoveWest;(19, 7);False;1;1177
;(11, 7);MoveWest;(19, 7);False;1;1178
;(11, 7);MoveWest;(19, 7);False;1;1179
;(11, 7);MoveWest;(18, 7);False;1;1180
;(11, 7);MoveWest;(18, 7);False;1;1181
;(11, 7);MoveWest;(18, 7);False;1;1182
;(11, 7);MoveWest;(18, 7);False;1;1183
;(11, 7);MoveWest;(18, 7);False;1;1184
;(11, 7);MoveWest;(18, 7);False;1;1185
;(11, 7);MoveWest;(18, 7);False;1;1186
;(11, 7);MoveWest;(18, 7);False;1;1187
;(11, 7);MoveWest;(18, 7);False;1;1188
;(11, 7);MoveWest;(18, 7);False;1;1189
;(11, 7);MoveWest;(18, 7);False;1;1190
;(11, 7);MoveWest;(17, 7);False;1;1191
;(11, 7);MoveEast;(17, 7);False;1;1192
;(11, 7);MoveEast;(17, 7);False;1;1193
;(11, 7);MoveEast;(17, 7);False;1;1194
;(11, 7);MoveEast;(17, 7);False;1;1195
MoveWest;(10, 7);MoveEast;(17, 7);False;1;1196
;(10, 7);MoveEast;(17, 7);False;1;1197
;(10, 7);MoveEast;(17, 7);False;1;1198
;(10, 7);MoveEast;(17, 7);False;1;1199
;(10, 7);MoveEast;(17, 7);False;1;1200
;(10, 7);MoveEast;(17, 7);False;1;1201
;(10, 7);MoveEast;(18, 7);False;1;1202
MoveEast;(11, 7);MoveEast;(18, 7);False;1;1203
;(11, 7);MoveEast;(18, 7);False;1;1204
;(11, 7);MoveEast;(18, 7);False;1;1205
;(11, 7);MoveEast;(18, 7);False;1;1206
;(11, 7);MoveEast;(18, 7);False;1;1207
MoveEast;(12, 7);MoveEast;(18, 7);False;1;1208
;(12, 7);MoveEast;(18, 7);False;1;1209
;(12, 7);MoveEast;(18, 7);False;1;1210
;(12, 7);MoveEast;(18, 7);False;1;1211
;(12, 7);MoveEast;(18, 7);False;1;1212
;(12, 7);MoveEast;(19, 7);False;1;1213
;(12, 7);MoveWest;(19, 7);False;1;1214
;(12, 7);MoveWest;(19, 7);False;1;1215
;(12, 7);MoveWest;(19, 7);False;1;1216
;(12, 7);MoveWest;(19, 7);False;1;1217
;(12, 7);MoveWest;(19, 7);False;1;1218
;(12, 7);MoveWest;(19, 7);False;1;1219
;(12, 7);MoveWest;(19, 7);False;1;1220
;(12, 7);MoveWest;(19, 7);False;1;1221
;(12, 7);MoveWest;(19, 7);False;1;1222
;(12, 7);MoveWest;(19, 7);False;1;1223
;(12, 7);MoveWest;(18, 7);False;1;1224
GrabObject;(12, 7);MoveWest;(18, 7);False;1;1225
;(12, 7);MoveWest;(18, 7);False;1;1226
;(12, 7);MoveWest;(18, 7);False;1;1227
;(12, 7);MoveWest;(18, 7);False;1;1228
MoveEast;(13, 7);MoveWest;(18, 7);False;1;1229
;(13, 7);MoveWest;(18, 7);False;1;1230
;(13, 7);MoveWest;(18, 7);False;1;1231
;(13, 7);MoveWest;(18, 7);False;1;1232
MoveEast;(14, 7);MoveWest;(18, 7);False;1;1233
;(14, 7);MoveWest;(18, 7);False;1;1234
;(14, 7);MoveWest;(17, 7);False;1;1235
MoveEast;(15, 7);MoveEast;(17, 7);False;1;1236
;(15, 7);MoveEast;(17, 7);False;1;1237
;(15, 7);MoveEast;(17, 7);False;1;1238
MoveEast;(16, 7);MoveEast;(17, 7);False;1;1239
;(16, 7);MoveEast;(17, 7);False;1;1240
;(16, 7);MoveEast;(17, 7);False;1;1241
DropObject;(16, 7);MoveEast;(17, 7);False;1;1242
;(16, 7);MoveEast;(17, 7);False;1;1243
;(16, 7);MoveEast;(17, 7);False;1;1244
;(16, 7);MoveEast;(17, 7);False;1;1245
MoveWest;(15, 7);MoveEast;(18, 7);False;1;1246
;(15, 7);MoveEast;(18, 7);False;1;1247
;(15, 7);MoveEast;(18, 7);False;1;1248
;(15, 7);MoveEast;(18, 7);False;1;1249
;(15, 7);MoveEast;(18, 7);False;1;1250
MoveNorth;(15, 6);MoveEast;(18, 7);False;1;1251
;(15, 6);MoveEast;(18, 7);False;1;1252
;(15, 6);MoveEast;(18, 7);False;1;1253
;(15, 6);MoveEast;(18, 7);False;1;1254
MoveNorth;(15, 5);MoveEast;(18, 7);False;1;1255
;(15, 5);MoveEast;(18, 7);False;1;1256
;(15, 5);MoveEast;(19, 7);False;1;1257
MoveWest;(14, 5);MoveWest;(19, 7);False;1;1258
;(14, 5);MoveWest;(19, 7);False;1;1259
;(14, 5);MoveWest;(19, 7);False;1;1260
;(14, 5);MoveWest;(19, 7);False;1;1261
MoveWest;(13, 5);MoveWest;(19, 7);False;1;1262
;(13, 5);MoveWest;(19, 7);False;1;1263
;(13, 5);MoveWest;(19, 7);False;1;1264
MoveWest;(12, 5);MoveWest;(19, 7);False;1;1265
;(12, 5);MoveWest;(19, 7);False;1;1266
;(12, 5);MoveWest;(19, 7);False;1;1267
MoveWest;(11, 5);MoveWest;(18, 7);False;1;1268
;(11, 5);MoveWest;(18, 7);False;1;1269
;(11, 5);MoveWest;(18, 7);False;1;1270
;(11, 5);MoveWest;(18, 7);False;1;1271
MoveWest;(10, 5);MoveWest;(18, 7);False;1;1272
;(10, 5);MoveWest;(18, 7);False;1;1273
;(10, 5);MoveWest;(18, 7);False;1;1274
;(10, 5);MoveWest;(18, 7);False;1;1275
;(10, 5);MoveWest;(18, 7);False;1;1276
;(10, 5);MoveWest;(18, 7);False;1;1277
;(10, 5);MoveWest;(18, 7);False;1;1278
;(10, 5);MoveWest;(17, 7);False;1;1279
;(10, 5);;(17, 7);False;1;1280
;(10, 5);MoveEast;(17, 7);False;1;1281
;(10, 5);MoveEast;(17, 7);False;1;1282
;(10, 5);MoveEast;(17, 7);False;1;1283
;(10, 5);MoveEast;(17, 7);False;1;1284
;(10, 5);MoveEast;(17, 7);False;1;1285
;(10, 5);MoveEast;(17, 7);False;1;1286
GrabObject;(10, 5);MoveEast;(17, 7);False;1;1287
;(10, 5);MoveEast;(17, 7);False;1;1288
;(10, 5);MoveEast;(17, 7);False;1;1289
MoveEast;(11, 5);MoveEast;(17, 7);False;1;1290
;(11, 5);MoveEast;(18, 7);False;1;1291
;(11, 5);GrabObject;(18, 7);False;1;1292
;(11, 5);GrabObject;(18, 7);False;1;1293
MoveEast;(12, 5);GrabObject;(18, 7);False;1;1294
;(12, 5);GrabObject;(18, 7);False;1;1295
;(12, 5);GrabObject;(18, 7);False;1;1296
;(12, 5);GrabObject;(18, 7);False;1;1297
MoveEast;(13, 5);GrabObject;(18, 7);False;1;1298
;(13, 5);GrabObject;(18, 7);False;1;1299
;(13, 5);GrabObject;(18, 7);False;1;1300
MoveEast;(14, 5);GrabObject;(18, 7);False;1;1301
;(14, 5);GrabObject;(18, 7);False;1;1302
;(14, 5);;(18, 7);False;1;1303
MoveEast;(15, 5);MoveWest;(18, 7);False;1;1304
;(15, 5);MoveWest;(18, 7);False;1;1305
;(15, 5);MoveWest;(18, 7);False;1;1306
MoveEast;(16, 5);MoveWest;(18, 7);False;1;1307
;(16, 5);MoveWest;(18, 7);False;1;1308
;(16, 5);MoveWest;(18, 7);False;1;1309
;(16, 5);MoveWest;(18, 7);False;1;1310
MoveEast;(17, 5);MoveWest;(18, 7);False;1;1311
;(17, 5);MoveWest;(18, 7);False;1;1312
;(17, 5);MoveWest;(18, 7);False;1;1313
MoveEast;(18, 5);MoveWest;(17, 7);False;1;1314
;(18, 5);MoveWest;(17, 7);False;1;1315
;(18, 5);MoveWest;(17, 7);False;1;1316
DropObject;(18, 5);MoveWest;(17, 7);False;1;1317
;(18, 5);MoveWest;(17, 7);False;1;1318
;(18, 5);MoveWest;(17, 7);False;1;1319
;(18, 5);MoveWest;(17, 7);False;1;1320
MoveWest;(17, 5);MoveWest;(17, 7);False;1;1321
;(17, 5);MoveWest;(17, 7);False;1;1322
;(17, 5);MoveWest;(17, 7);False;1;1323
;(17, 5);MoveWest;(17, 7);False;1;1324
MoveWest;(16, 5);MoveWest;(16, 7);False;1;1325
;(16, 5);MoveWest;(16, 7);False;1;1326
;(16, 5);MoveWest;(16, 7);False;1;1327
MoveWest;(15, 5);MoveWest;(16, 7);False;1;1328
;(15, 5);MoveWest;(16, 7);False;1;1329
;(15, 5);MoveWest;(16, 7);False;1;1330
MoveWest;(14, 5);MoveWest;(16, 7);False;1;1331
;(14, 5);MoveWest;(16, 7);False;1;1332
;(14, 5);MoveWest;(16, 7);False;1;1333
;(14, 5);MoveWest;(16, 7);False;1;1334
MoveWest;(13, 5);MoveWest;(16, 7);False;1;1335
;(13, 5);MoveWest;(15, 7);False;1;1336
;(13, 5);MoveWest;(15, 7);False;1;1337
;(13, 5);MoveWest;(15, 7);False;1;1338
MoveWest;(12, 5);MoveWest;(15, 7);False;1;1339
;(12, 5);MoveWest;(15, 7);False;1;1340
;(12, 5);MoveWest;(15, 7);False;1;1341
MoveWest;(11, 5);MoveWest;(15, 7);False;1;1342
;(11, 5);MoveWest;(15, 7);False;1;1343
;(11, 5);MoveWest;(15, 7);False;1;1344
MoveWest;(10, 5);MoveWest;(15, 7);False;1;1345
;(10, 5);MoveWest;(15, 7);False;1;1346
;(10, 5);MoveWest;(14, 7);False;1;1347
MoveWest;(9, 5);MoveWest;(14, 7);False;1;1348
;(9, 5);MoveWest;(14, 7);False;1;1349
;(9, 5);MoveWest;(14, 7);False;1;1350
;(9, 5);MoveWest;(14, 7);False;1;1351
MoveWest;(8, 5);MoveWest;(14, 7);False;1;1352
;(8, 5);MoveWest;(14, 7);False;1;1353
;(8, 5);MoveWest;(14, 7);False;1;1354
MoveWest;(7, 5);MoveWest;(14, 7);False;1;1355
;(7, 5);MoveWest;(14, 7);False;1;1356
;(7, 5);MoveWest;(14, 7);False;1;1357
;(7, 5);MoveWest;(13, 7);False;1;1358
;(7, 5);MoveWest;(13, 7);False;1;1359
;(7, 5);MoveWest;(13, 7);False;1;1360
;(7, 5);MoveWest;(13, 7);False;1;1361
;(7, 5);MoveWest;(13, 7);False;1;1362
;(7, 5);MoveWest;(13, 7);False;1;1363
;(7, 5);MoveWest;(13, 7);False;1;1364
;(7, 5);MoveWest;(13, 7);False;1;1365
;(7, 5);MoveWest;(13, 7);False;1;1366
;(7, 5);MoveWest;(13, 7);False;1;1367
;(7, 5);MoveWest;(13, 7);False;1;1368
;(7, 5);MoveWest;(12, 7);False;1;1369
GrabObject;(7, 5);MoveNorthWest;(12, 7);False;1;1370
;(7, 5);MoveNorthWest;(12, 7);False;1;1371
;(7, 5);MoveNorthWest;(12, 7);False;1;1372
MoveWest;(6, 5);MoveNorthWest;(12, 7);False;1;1373
;(6, 5);MoveNorthWest;(12, 7);False;1;1374
;(6, 5);MoveNorthWest;(12, 7);False;1;1375
;(6, 5);MoveNorthWest;(12, 7);False;1;1376
MoveWest;(5, 5);MoveNorthWest;(12, 7);False;1;1377
;(5, 5);MoveNorthWest;(12, 7);False;1;1378
;(5, 5);MoveNorthWest;(12, 7);False;1;1379
MoveWest;(4, 5);MoveNorthWest;(11, 6);False;1;1380
;(4, 5);MoveNorthWest;(11, 6);False;1;1381
;(4, 5);MoveNorthWest;(11, 6);False;1;1382
;(4, 5);MoveNorthWest;(11, 6);False;1;1383
MoveWest;(3, 5);MoveNorthWest;(11, 6);False;1;1384
;(3, 5);MoveNorthWest;(11, 6);False;1;1385
;(3, 5);MoveNorthWest;(11, 6);False;1;1386
;(3, 5);MoveNorthWest;(11, 6);False;1;1387
DropObject;(3, 5);MoveNorthWest;(11, 6);False;1;1388
;(3, 5);MoveNorthWest;(11, 6);False;1;1389
;(3, 5);MoveNorthWest;(11, 6);False;1;1390
;(3, 5);MoveNorthWest;(10, 5);False;1;1391
MoveEast;(4, 5);MoveWest;(10, 5);False;1;1392
;(4, 5);MoveWest;(10, 5);False;1;1393
;(4, 5);MoveWest;(10, 5);False;1;1394
;(4, 5);MoveWest;(10, 5);False;1;1395
;(4, 5);MoveWest;(10, 5);False;1;1396
;(4, 5);MoveWest;(10, 5);False;1;1397
MoveEast;(5, 5);MoveWest;(10, 5);False;1;1398
;(5, 5);MoveWest;(10, 5);False;1;1399
;(5, 5);MoveWest;(10, 5);False;1;1400
;(5, 5);MoveWest;(10, 5);False;1;1401
MoveEast;(6, 5);MoveWest;(9, 5);False;1;1402
;(6, 5);MoveWest;(9, 5);False;1;1403
;(6, 5);MoveWest;(9, 5);False;1;1404
;(6, 5);MoveWest;(9, 5);False;1;1405
;(6, 5);MoveWest;(9, 5);False;1;1406
;(6, 5);MoveWest;(9, 5);False;1;1407
MoveWest;(5, 5);MoveWest;(9, 5);False;1;1408
;(5, 5);MoveWest;(9, 5);False;1;1409
;(5, 5);MoveWest;(9, 5);False;1;1410
;(5, 5);MoveWest;(9, 5);False;1;1411
DropObject;(5, 5);MoveWest;(9, 5);False;1;1412
;(5, 5);MoveWest;(8, 5);False;1;1413
;(5, 5);MoveWest;(8, 5);False;1;1414
;(5, 5);MoveWest;(8, 5);False;1;1415
;(5, 5);MoveWest;(8, 5);False;1;1416
;(5, 5);MoveWest;(8, 5);False;1;1417
;(5, 5);MoveWest;(8, 5);False;1;1418
;(5, 5);MoveWest;(8, 5);False;1;1419
;(5, 5);MoveWest;(8, 5);False;1;1420
;(5, 5);MoveWest;(8, 5);False;1;1421
;(5, 5);MoveWest;(8, 5);False;1;1422
;(5, 5);MoveWest;(8, 5);False;1;1423
GrabObject;(5, 5);MoveWest;(7, 5);False;1;1424
;(5, 5);MoveWest;(7, 5);False;1;1425
;(5, 5);MoveWest;(7, 5);False;1;1426
;(5, 5);MoveWest;(7, 5);False;1;1427
;(5, 5);MoveWest;(7, 5);False;1;1428
MoveWest;(4, 5);MoveWest;(7, 5);False;1;1429
;(4, 5);MoveWest;(7, 5);False;1;1430
;(4, 5);MoveWest;(7, 5);False;1;1431
MoveWest;(3, 5);MoveWest;(7, 5);False;1;1432
;(3, 5);MoveWest;(7, 5);False;1;1433
;(3, 5);MoveWest;(7, 5);False;1;1434
MoveWest;(2, 5);MoveWest;(6, 5);False;1;1435
;(2, 5);MoveWest;(6, 5);False;1;1436
;(2, 5);MoveWest;(6, 5);False;1;1437
DropObject;(2, 5);MoveWest;(6, 5);False;1;1438
;(2, 5);MoveWest;(6, 5);False;1;1439
;(2, 5);MoveWest;(6, 5);False;1;1440
MoveEast;(3, 5);MoveWest;(6, 5);False;1;1441
;(3, 5);MoveWest;(6, 5);False;1;1442
;(3, 5);MoveWest;(6, 5);False;1;1443
;(3, 5);MoveWest;(6, 5);False;1;1444
;(3, 5);MoveWest;(6, 5);False;1;1445
MoveEast;(4, 5);MoveWest;(5, 5);False;1;1446
;(4, 5);Idle;(5, 5);False;1;1447
;(4, 5);Idle;(5, 5);False;1;1448
;(4, 5);Idle;(5, 5);False;1;1449
MoveEast;(5, 5);Idle;(5, 5);False;1;1450
;(5, 5);Idle;(5, 5);False;1;1451
;(5, 5);Idle;(5, 5);False;1;1452
;(5, 5);Idle;(5, 5);False;1;1453
;(5, 5);Idle;(5, 5);False;1;1454
MoveEast;(6, 5);Idle;(5, 5);False;1;1455
;(6, 5);Idle;(5, 5);False;1;1456
;(6, 5);Idle;(5, 5);False;1;1457
;(6, 5);Idle;(5, 5);False;1;1458
;(6, 5);Idle;(5, 5);False;1;1459
;(6, 5);Idle;(5, 5);False;1;1460
DropObject;(6, 5);Idle;(5, 5);False;1;1461
;(6, 5);Idle;(5, 5);False;1;1462
;(6, 5);Idle;(5, 5);False;1;1463
;(6, 5);Idle;(5, 5);False;1;1464
;(6, 5);Idle;(5, 5);False;1;1465
;(6, 5);Idle;(5, 5);False;1;1466
;(6, 5);Idle;(5, 5);False;1;1467
;(6, 5);Idle;(5, 5);False;1;1468
;(6, 5);Idle;(5, 5);False;1;1469
;(6, 5);Idle;(5, 5);False;1;1470
;(6, 5);Idle;(5, 5);False;1;1471
GrabObject;(6, 5);Idle;(5, 5);False;1;1472
;(6, 5);Idle;(5, 5);False;1;1473
;(6, 5);Idle;(5, 5);False;1;1474
;(6, 5);Idle;(5, 5);False;1;1475
;(6, 5);Idle;(5, 5);False;1;1476
MoveWest;(5, 5);Idle;(5, 5);False;1;1477
;(5, 5);Idle;(5, 5);False;1;1478
;(5, 5);Idle;(5, 5);False;1;1479
;(5, 5);Idle;(5, 5);False;1;1480
MoveWest;(4, 5);Idle;(5, 5);False;1;1481
;(4, 5);Idle;(5, 5);False;1;1482
;(4, 5);Idle;(5, 5);False;1;1483
MoveWest;(3, 5);Idle;(5, 5);False;1;1484
;(3, 5);Idle;(5, 5);False;1;1485
;(3, 5);Idle;(5, 5);False;1;1486
MoveWest;(2, 5);Idle;(5, 5);False;1;1487
;(2, 5);Idle;(5, 5);False;1;1488
;(2, 5);Idle;(5, 5);False;1;1489
;(2, 5);Idle;(5, 5);False;1;1490
MoveWest;(1, 5);Idle;(5, 5);False;1;1491
;(1, 5);Idle;(5, 5);False;1;1492
;(1, 5);Idle;(5, 5);False;1;1493
MoveWest;(0, 5);Idle;(5, 5);False;1;1494
;(0, 5);Idle;(5, 5);False;1;1495
;(0, 5);Idle;(5, 5);False;1;1496
;(0, 5);Idle;(5, 5);False;1;1497
;(0, 5);Idle;(5, 5);False;1;1498
;(0, 5);Idle;(5, 5);False;1;1499
;(0, 5);Idle;(5, 5);False;1;1500
;(0, 5);Idle;(5, 5);False;1;1501
;(0, 5);;(5, 5);False;1;1502
;(0, 5);Idle;(5, 5);False;1;1503
;(0, 5);Idle;(5, 5);False;1;1504
;(0, 5);Idle;(5, 5);False;1;1505
;(0, 5);Idle;(5, 5);False;1;1506
;(0, 5);Idle;(5, 5);False;1;1507
;(0, 5);Idle;(5, 5);False;1;1508
DropObject;(0, 5);Idle;(5, 5);False;1;1509
;(0, 5);Idle;(5, 5);False;1;1510
;(0, 5);Idle;(5, 5);False;1;1511
MoveEast;(1, 5);Idle;(5, 5);False;1;1512
;(1, 5);Idle;(5, 5);False;1;1513
;(1, 5);Idle;(5, 5);False;1;1514
;(1, 5);Idle;(5, 5);False;1;1515
;(1, 5);Idle;(5, 5);False;1;1516
;(1, 5);Idle;(5, 5);False;1;1517
;(1, 5);Idle;(5, 5);False;1;1518
;(1, 5);Idle;(5, 5);False;1;1519
MoveSouth;(1, 6);Idle;(5, 5);False;1;1520
;(1, 6);Idle;(5, 5);False;1;1521
;(1, 6);Idle;(5, 5);False;1;1522
;(1, 6);Idle;(5, 5);False;1;1523
;(1, 6);Idle;(5, 5);False;1;1524
MoveEast;(2, 6);Idle;(5, 5);False;1;1525
;(2, 6);Idle;(5, 5);False;1;1526
;(2, 6);Idle;(5, 5);False;1;1527
;(2, 6);Idle;(5, 5);False;1;1528
;(2, 6);Idle;(5, 5);False;1;1529
;(2, 6);Idle;(5, 5);False;1;1530
;(2, 6);Idle;(5, 5);False;1;1531
;(2, 6);Idle;(5, 5);False;1;1532
;(2, 6);Idle;(5, 5);False;1;1533
;(2, 6);Idle;(5, 5);False;1;1534
MoveEast;(3, 6);Idle;(5, 5);False;1;1535
MoveEast;(4, 6);Idle;(5, 5);False;1;1536
MoveEast;(5, 6);Idle;(5, 5);False;1;1537
MoveEast;(6, 6);Idle;(5, 5);False;1;1538
MoveEast;(7, 6);Idle;(5, 5);False;1;1539
MoveEast;(8, 6);Idle;(5, 5);False;1;1540
MoveEast;(9, 6);Idle;(5, 5);False;1;1541
MoveEast;(10, 6);Idle;(5, 5);False;1;1542
MoveEast;(11, 6);Idle;(5, 5);False;1;1543
MoveEast;(12, 6);Idle;(5, 5);False;1;1544
MoveEast;(13, 6);Idle;(5, 5);False;1;1545
MoveEast;(14, 6);Idle;(5, 5);False;1;1546
;(14, 6);Idle;(5, 5);False;1;1547
;(14, 6);Idle;(5, 5);False;1;1548
;(14, 6);Idle;(5, 5);False;1;1549
;(14, 6);Idle;(5, 5);False;1;1550
;(14, 6);Idle;(5, 5);False;1;1551
;(14, 6);Idle;(5, 5);False;1;1552
;(14, 6);Idle;(5, 5);False;1;1553
;(14, 6);Idle;(5, 5);False;1;1554
;(14, 6);Idle;(5, 5);False;1;1555
;(14, 6);Idle;(5, 5);False;1;1556
;(14, 6);Idle;(5, 5);False;1;1557
;(14, 6);;(5, 5);False;1;1558
;(14, 6);Idle;(5, 5);False;1;1559
;(14, 6);Idle;(5, 5);False;1;1560
;(14, 6);Idle;(5, 5);False;1;1561
;(14, 6);Idle;(5, 5);False;1;1562
;(14, 6);Idle;(5, 5);False;1;1563
;(14, 6);Idle;(5, 5);False;1;1564
;(14, 6);Idle;(5, 5);False;1;1565
;(14, 6);Idle;(5, 5);False;1;1566
;(14, 6);Idle;(5, 5);False;1;1567
;(14, 6);Idle;(5, 5);False;1;1568
;(14, 6);Idle;(5, 5);False;1;1569
;(14, 6);Idle;(5, 5);False;1;1570
;(14, 6);Idle;(5, 5);False;1;1571
;(14, 6);Idle;(5, 5);False;1;1572
;(14, 6);Idle;(5, 5);False;1;1573
;(14, 6);Idle;(5, 5);False;1;1574
;(14, 6);Idle;(5, 5);False;1;1575
;(14, 6);Idle;(5, 5);False;1;1576
;(14, 6);Idle;(5, 5);False;1;1577
;(14, 6);Idle;(5, 5);False;1;1578
;(14, 6);Idle;(5, 5);False;1;1579
;(14, 6);Idle;(5, 5);False;1;1580
;(14, 6);Idle;(5, 5);False;1;1581
;(14, 6);Idle;(5, 5);False;1;1582
;(14, 6);Idle;(5, 5);False;1;1583
;(14, 6);Idle;(5, 5);False;1;1584
;(14, 6);Idle;(5, 5);False;1;1585
;(14, 6);Idle;(5, 5);False;1;1586
;(14, 6);Idle;(5, 5);False;1;1587
;(14, 6);Idle;(5, 5);False;1;1588
;(14, 6);Idle;(5, 5);False;1;1589
;(14, 6);Idle;(5, 5);False;1;1590
;(14, 6);Idle;(5, 5);False;1;1591
;(14, 6);Idle;(5, 5);False;1;1592
;(14, 6);Idle;(5, 5);False;1;1593
;(14, 6);Idle;(5, 5);False;1;1594
;(14, 6);Idle;(5, 5);False;1;1595
;(14, 6);Idle;(5, 5);False;1;1596
;(14, 6);Idle;(5, 5);False;1;1597
;(14, 6);Idle;(5, 5);False;1;1598
;(14, 6);Idle;(5, 5);False;1;1599
;(14, 6);Idle;(5, 5);False;1;1600
;(14, 6);Idle;(5, 5);False;1;1601
;(14, 6);Idle;(5, 5);False;1;1602
;(14, 6);Idle;(5, 5);False;1;1603
MoveSouth;(14, 7);Idle;(5, 5);False;1;1604
;(14, 7);Idle;(5, 5);False;1;1605
;(14, 7);Idle;(5, 5);False;1;1606
;(14, 7);Idle;(5, 5);False;1;1607
;(14, 7);Idle;(5, 5);False;1;1608
MoveWest;(13, 7);Idle;(5, 5);False;1;1609
;(13, 7);Idle;(5, 5);False;1;1610
;(13, 7);Idle;(5, 5);False;1;1611
;(13, 7);Idle;(5, 5);False;1;1612
MoveWest;(12, 7);Idle;(5, 5);False;1;1613
;(12, 7);;(5, 5);False;1;1614
;(12, 7);MoveEast;(5, 5);False;1;1615
;(12, 7);MoveEast;(5, 5);False;1;1616
MoveWest;(11, 7);MoveEast;(5, 5);False;1;1617
;(11, 7);MoveEast;(5, 5);False;1;1618
;(11, 7);MoveEast;(5, 5);False;1;1619
;(11, 7);MoveEast;(5, 5);False;1;1620
MoveWest;(10, 7);MoveEast;(5, 5);False;1;1621
;(10, 7);MoveEast;(5, 5);False;1;1622
;(10, 7);MoveEast;(5, 5);False;1;1623
;(10, 7);MoveEast;(5, 5);False;1;1624
;(10, 7);MoveEast;(6, 5);False;1;1625
;(10, 7);MoveEast;(6, 5);False;1;1626
;(10, 7);MoveEast;(6, 5);False;1;1627
GrabObject;(10, 7);MoveEast;(6, 5);False;1;1628
;(10, 7);MoveEast;(6, 5);False;1;1629
;(10, 7);MoveEast;(6, 5);False;1;1630
;(10, 7);MoveEast;(6, 5);False;1;1631
;(10, 7);MoveEast;(6, 5);False;1;1632
;(10, 7);MoveEast;(6, 5);False;1;1633
;(10, 7);MoveEast;(6, 5);False;1;1634
;(10, 7);MoveEast;(6, 5);False;1;1635
;(10, 7);MoveEast;(7, 5);False;1;1636
;(10, 7);MoveEast;(7, 5);False;1;1637
;(10, 7);MoveEast;(7, 5);False;1;1638
;(10, 7);MoveEast;(7, 5);False;1;1639
;(10, 7);MoveEast;(7, 5);False;1;1640
;(10, 7);MoveEast;(7, 5);False;1;1641
;(10, 7);MoveEast;(7, 5);False;1;1642
;(10, 7);MoveEast;(7, 5);False;1;1643
DropObject;(10, 7);MoveEast;(7, 5);False;1;1644
;(10, 7);MoveEast;(7, 5);False;1;1645
;(10, 7);MoveEast;(7, 5);False;1;1646
;(10, 7);MoveEast;(8, 5);False;1;1647
;(10, 7);MoveEast;(8, 5);False;1;1648
;(10, 7);MoveEast;(8, 5);False;1;1649
;(10, 7);MoveEast;(8, 5);False;1;1650
;(10, 7);MoveEast;(8, 5);False;1;1651
GrabObject;(10, 7);MoveEast;(8, 5);False;1;1652
;(10, 7);MoveEast;(8, 5);False;1;1653
;(10, 7);MoveEast;(8, 5);False;1;1654
;(10, 7);MoveEast;(8, 5);False;1;1655
;(10, 7);MoveEast;(8, 5);False;1;1656
DropObject;(10, 7);MoveEast;(8, 5);False;1;1657
;(10, 7);MoveEast;(9, 5);False;1;1658
;(10, 7);MoveEast;(9, 5);False;1;1659
GrabObject;(10, 7);MoveEast;(9, 5);False;1;1660
;(10, 7);MoveEast;(9, 5);False;1;1661
;(10, 7);MoveEast;(9, 5);False;1;1662
;(10, 7);MoveEast;(9, 5);False;1;1663
;(10, 7);MoveEast;(9, 5);False;1;1664
;(10, 7);MoveEast;(9, 5);False;1;1665
;(10, 7);MoveEast;(9, 5);False;1;1666
;(10, 7);MoveEast;(9, 5);False;1;1667
;(10, 7);MoveEast;(9, 5);False;1;1668
;(10, 7);MoveEast;(10, 5);False;1;1669
;(10, 7);MoveEast;(10, 5);False;1;1670
;(10, 7);MoveEast;(10, 5);False;1;1671
;(10, 7);MoveEast;(10, 5);False;1;1672
;(10, 7);MoveEast;(10, 5);False;1;1673
;(10, 7);MoveEast;(10, 5);False;1;1674
;(10, 7);MoveEast;(10, 5);False;1;1675
;(10, 7);MoveEast;(10, 5);False;1;1676
;(10, 7);MoveEast;(10, 5);False;1;1677
;(10, 7);MoveEast;(10, 5);False;1;1678
;(10, 7);MoveEast;(10, 5);False;1;1679
;(10, 7);MoveEast;(11, 5);False;1;1680
;(10, 7);MoveEast;(11, 5);False;1;1681
;(10, 7);MoveEast;(11, 5);False;1;1682
;(10, 7);MoveEast;(11, 5);False;1;1683
;(10, 7);MoveEast;(11, 5);False;1;1684
;(10, 7);MoveEast;(11, 5);False;1;1685
;(10, 7);MoveEast;(11, 5);False;1;1686
;(10, 7);MoveEast;(11, 5);False;1;1687
;(10, 7);MoveEast;(11, 5);False;1;1688
;(10, 7);MoveEast;(11, 5);False;1;1689
;(10, 7);MoveEast;(11, 5);False;1;1690
;(10, 7);MoveEast;(12, 5);False;1;1691
;(10, 7);MoveEast;(12, 5);False;1;1692
;(10, 7);MoveEast;(12, 5);False;1;1693
;(10, 7);MoveEast;(12, 5);False;1;1694
;(10, 7);MoveEast;(12, 5);False;1;1695
;(10, 7);MoveEast;(12, 5);False;1;1696
;(10, 7);MoveEast;(12, 5);False;1;1697
;(10, 7);MoveEast;(12, 5);False;1;1698
;(10, 7);MoveEast;(12, 5);False;1;1699
;(10, 7);MoveEast;(12, 5);False;1;1700
;(10, 7);MoveEast;(12, 5);False;1;1701
;(10, 7);MoveEast;(13, 5);False;1;1702
;(10, 7);MoveEast;(13, 5);False;1;1703
;(10, 7);MoveEast;(13, 5);False;1;1704
;(10, 7);MoveEast;(13, 5);False;1;1705
;(10, 7);MoveEast;(13, 5);False;1;1706
;(10, 7);MoveEast;(13, 5);False;1;1707
;(10, 7);MoveEast;(13, 5);False;1;1708
;(10, 7);MoveEast;(13, 5);False;1;1709
;(10, 7);MoveEast;(13, 5);False;1;1710
;(10, 7);MoveEast;(13, 5);False;1;1711
;(10, 7);MoveEast;(13, 5);False;1;1712
;(10, 7);MoveEast;(14, 5);False;1;1713
;(10, 7);GrabObject;(14, 5);False;1;1714
;(10, 7);GrabObject;(14, 5);False;1;1715
;(10, 7);GrabObject;(14, 5);False;1;1716
;(10, 7);GrabObject;(14, 5);False;1;1717
;(10, 7);GrabObject;(14, 5);False;1;1718
;(10, 7);GrabObject;(14, 5);False;1;1719
;(10, 7);GrabObject;(14, 5);False;1;1720
;(10, 7);GrabObject;(14, 5);False;1;1721
;(10, 7);GrabObject;(14, 5);False;1;1722
;(10, 7);GrabObject;(14, 5);False;1;1723
;(10, 7);GrabObject;(14, 5);False;1;1724
;(10, 7);;(14, 5);False;1;1725
;(10, 7);MoveSouthWest;(14, 5);False;1;1726
;(10, 7);MoveSouthWest;(14, 5);False;1;1727
;(10, 7);MoveSouthWest;(14, 5);False;1;1728
;(10, 7);MoveSouthWest;(14, 5);False;1;1729
;(10, 7);MoveSouthWest;(14, 5);False;1;1730
;(10, 7);MoveSouthWest;(14, 5);False;1;1731
;(10, 7);MoveSouthWest;(14, 5);False;1;1732
;(10, 7);MoveSouthWest;(14, 5);False;1;1733
;(10, 7);MoveSouthWest;(14, 5);False;1;1734
;(10, 7);MoveSouthWest;(14, 5);False;1;1735
;(10, 7);MoveSouthWest;(13, 6);False;1;1736
;(10, 7);MoveSouthWest;(13, 6);False;1;1737
;(10, 7);MoveSouthWest;(13, 6);False;1;1738
;(10, 7);MoveSouthWest;(13, 6);False;1;1739
;(10, 7);MoveSouthWest;(13, 6);False;1;1740
;(10, 7);MoveSouthWest;(13, 6);False;1;1741
;(10, 7);MoveSouthWest;(13, 6);False;1;1742
;(10, 7);MoveSouthWest;(13, 6);False;1;1743
;(10, 7);MoveSouthWest;(13, 6);False;1;1744
;(10, 7);MoveSouthWest;(13, 6);False;1;1745
;(10, 7);MoveSouthWest;(13, 6);False;1;1746
;(10, 7);MoveSouthWest;(12, 7);False;1;1747
;(10, 7);MoveSouthWest;(12, 7);False;1;1748
;(10, 7);MoveSouthWest;(12, 7);False;1;1749
;(10, 7);MoveSouthWest;(12, 7);False;1;1750
;(10, 7);MoveSouthWest;(12, 7);False;1;1751
;(10, 7);MoveSouthWest;(12, 7);False;1;1752
;(10, 7);MoveSouthWest;(12, 7);False;1;1753
;(10, 7);MoveSouthWest;(12, 7);False;1;1754
;(10, 7);MoveSouthWest;(12, 7);False;1;1755
;(10, 7);MoveSouthWest;(12, 7);False;1;1756
;(10, 7);MoveSouthWest;(12, 7);False;1;1757
;(10, 7);MoveSouthWest;(11, 8);False;1;1758
;(10, 7);MoveSouthWest;(11, 8);False;1;1759
;(10, 7);MoveSouthWest;(11, 8);False;1;1760
;(10, 7);MoveSouthWest;(11, 8);False;1;1761
;(10, 7);MoveSouthWest;(11, 8);False;1;1762
;(10, 7);MoveSouthWest;(11, 8);False;1;1763
;(10, 7);MoveSouthWest;(11, 8);False;1;1764
;(10, 7);MoveSouthWest;(11, 8);False;1;1765
;(10, 7);MoveSouthWest;(11, 8);False;1;1766
;(10, 7);MoveSouthWest;(11, 8);False;1;1767
;(10, 7);MoveSouthWest;(11, 8);False;1;1768
;(10, 7);MoveSouthWest;(10, 9);False;1;1769
;(10, 7);GrabLargeObject;(10, 9);False;1;1770
;(10, 7);GrabLargeObject;(10, 9);False;1;1771
;(10, 7);GrabLargeObject;(10, 9);False;1;1772
;(10, 7);GrabLargeObject;(10, 9);False;1;1773
;(10, 7);GrabLargeObject;(10, 9);False;1;1774
;(10, 7);GrabLargeObject;(10, 9);False;1;1775
;(10, 7);GrabLargeObject;(10, 9);False;1;1776
;(10, 7);GrabLargeObject;(10, 9);False;1;1777
;(10, 7);GrabLargeObject;(10, 9);False;1;1778
;(10, 7);GrabLargeObject;(10, 9);False;1;1779
;(10, 7);GrabLargeObject;(10, 9);False;1;1780
;(10, 7);;(10, 9);False;1;1781
;(10, 7);MoveNorth;(10, 9);False;1;1782
;(10, 7);MoveNorth;(10, 9);False;1;1783
;(10, 7);MoveNorth;(10, 9);False;1;1784
;(10, 7);MoveNorth;(10, 9);False;1;1785
;(10, 7);MoveNorth;(10, 9);False;1;1786
;(10, 7);MoveNorth;(10, 9);False;1;1787
;(10, 7);MoveNorth;(10, 9);False;1;1788
;(10, 7);MoveNorth;(10, 9);False;1;1789
;(10, 7);MoveNorth;(10, 9);False;1;1790
;(10, 7);MoveNorth;(10, 9);False;1;1791
;(10, 7);MoveNorth;(10, 8);False;1;1792
;(10, 7);DropLargeObject;(10, 8);False;1;1793
;(10, 7);DropLargeObject;(10, 8);False;1;1794
;(10, 7);DropLargeObject;(10, 8);False;1;1795
;(10, 7);DropLargeObject;(10, 8);False;1;1796
;(10, 7);DropLargeObject;(10, 8);False;1;1797
;(10, 7);DropLargeObject;(10, 8);False;1;1798
;(10, 7);DropLargeObject;(10, 8);False;1;1799
;(10, 7);DropLargeObject;(10, 8);False;1;1800
;(10, 7);DropLargeObject;(10, 8);False;1;1801
;(10, 7);DropLargeObject;(10, 8);False;1;1802
;(10, 7);DropLargeObject;(10, 8);False;1;1803
;(10, 7);;(10, 8);False;1;1804
;(10, 7);MoveWest;(10, 8);False;1;1805
;(10, 7);MoveWest;(10, 8);False;1;1806
;(10, 7);MoveWest;(10, 8);False;1;1807
;(10, 7);MoveWest;(10, 8);False;1;1808
;(10, 7);MoveWest;(10, 8);False;1;1809
;(10, 7);MoveWest;(10, 8);False;1;1810
;(10, 7);MoveWest;(10, 8);False;1;1811
;(10, 7);MoveWest;(10, 8);False;1;1812
;(10, 7);MoveWest;(10, 8);False;1;1813
;(10, 7);MoveWest;(10, 8);False;1;1814
MoveSouth;(10, 8);MoveWest;(9, 8);False;1;1815
;(10, 8);MoveWest;(9, 8);False;1;1816
;(10, 8);MoveWest;(9, 8);False;1;1817
;(10, 8);MoveWest;(9, 8);False;1;1818
;(10, 8);MoveWest;(9, 8);False;1;1819
;(10, 8);MoveWest;(9, 8);False;1;1820
;(10, 8);MoveWest;(9, 8);False;1;1821
;(10, 8);MoveWest;(9, 8);False;1;1822
;(10, 8);MoveWest;(9, 8);False;1;1823
;(10, 8);MoveWest;(9, 8);False;1;1824
;(10, 8);MoveWest;(9, 8);False;1;1825
;(10, 8);MoveWest;(8, 8);False;1;1826
;(10, 8);MoveWest;(8, 8);False;1;1827
MoveEast;(11, 8);MoveWest;(8, 8);False;1;1828
;(11, 8);MoveWest;(8, 8);False;1;1829
;(11, 8);MoveWest;(8, 8);False;1;1830
;(11, 8);MoveWest;(8, 8);False;1;1831
;(11, 8);MoveWest;(8, 8);False;1;1832
;(11, 8);MoveWest;(8, 8);False;1;1833
MoveEast;(12, 8);MoveWest;(8, 8);False;1;1834
;(12, 8);MoveWest;(8, 8);False;1;1835
;(12, 8);MoveWest;(8, 8);False;1;1836
;(12, 8);MoveWest;(7, 8);False;1;1837
;(12, 8);MoveWest;(7, 8);False;1;1838
;(12, 8);MoveWest;(7, 8);False;1;1839
;(12, 8);MoveWest;(7, 8);False;1;1840
;(12, 8);MoveWest;(7, 8);False;1;1841
;(12, 8);MoveWest;(7, 8);False;1;1842
;(12, 8);MoveWest;(7, 8);False;1;1843
;(12, 8);MoveWest;(7, 8);False;1;1844
;(12, 8);MoveWest;(7, 8);False;1;1845
;(12, 8);MoveWest;(7, 8);False;1;1846
;(12, 8);MoveWest;(7, 8);False;1;1847
;(12, 8);MoveWest;(6, 8);False;1;1848
;(12, 8);MoveWest;(6, 8);False;1;1849
;(12, 8);MoveWest;(6, 8);False;1;1850
;(12, 8);MoveWest;(6, 8);False;1;1851
;(12, 8);MoveWest;(6, 8);False;1;1852
;(12, 8);MoveWest;(6, 8);False;1;1853
;(12, 8);MoveWest;(6, 8);False;1;1854
;(12, 8);MoveWest;(6, 8);False;1;1855
;(12, 8);MoveWest;(6, 8);False;1;1856
;(12, 8);MoveWest;(6, 8);False;1;1857
;(12, 8);MoveWest;(6, 8);False;1;1858
;(12, 8);MoveWest;(5, 8);False;1;1859
;(12, 8);MoveWest;(5, 8);False;1;1860
;(12, 8);MoveWest;(5, 8);False;1;1861
MoveSouth;(12, 9);MoveWest;(5, 8);False;1;1862
;(12, 9);MoveWest;(5, 8);False;1;1863
;(12, 9);MoveWest;(5, 8);False;1;1864
;(12, 9);MoveWest;(5, 8);False;1;1865
;(12, 9);MoveWest;(5, 8);False;1;1866
;(12, 9);MoveWest;(5, 8);False;1;1867
;(12, 9);MoveWest;(5, 8);False;1;1868
;(12, 9);MoveWest;(5, 8);False;1;1869
;(12, 9);MoveWest;(4, 8);False;1;1870
;(12, 9);MoveWest;(4, 8);False;1;1871
MoveWest;(11, 9);MoveWest;(4, 8);False;1;1872
;(11, 9);MoveWest;(4, 8);False;1;1873
;(11, 9);MoveWest;(4, 8);False;1;1874
;(11, 9);MoveWest;(4, 8);False;1;1875
;(11, 9);MoveWest;(4, 8);False;1;1876
;(11, 9);MoveWest;(4, 8);False;1;1877
;(11, 9);MoveWest;(4, 8);False;1;1878
;(11, 9);MoveWest;(4, 8);False;1;1879
;(11, 9);MoveWest;(4, 8);False;1;1880
;(11, 9);MoveWest;(3, 8);False;1;1881
;(11, 9);MoveWest;(3, 8);False;1;1882
;(11, 9);MoveWest;(3, 8);False;1;1883
MoveNorth;(11, 8);MoveWest;(3, 8);False;1;1884
;(11, 8);MoveWest;(3, 8);False;1;1885
;(11, 8);MoveWest;(3, 8);False;1;1886
;(11, 8);MoveWest;(3, 8);False;1;1887
;(11, 8);MoveWest;(3, 8);False;1;1888
;(11, 8);MoveWest;(3, 8);False;1;1889
;(11, 8);MoveWest;(3, 8);False;1;1890
;(11, 8);MoveWest;(3, 8);False;1;1891
;(11, 8);MoveWest;(2, 8);False;1;1892
;(11, 8);MoveNorthWest;(2, 8);False;1;1893
GrabObject;(11, 8);MoveNorthWest;(2, 8);False;1;1894
;(11, 8);MoveNorthWest;(2, 8);False;1;1895
;(11, 8);MoveNorthWest;(2, 8);False;1;1896
;(11, 8);MoveNorthWest;(2, 8);False;1;1897
;(11, 8);MoveNorthWest;(2, 8);False;1;1898
;(11, 8);MoveNorthWest;(2, 8);False;1;1899
;(11, 8);MoveNorthWest;(2, 8);False;1;1900
;(11, 8);MoveNorthWest;(2, 8);False;1;1901
;(11, 8);MoveNorthWest;(2, 8);False;1;1902
;(11, 8);MoveNorthWest;(1, 7);False;1;1903
;(11, 8);MoveWest;(1, 7);False;1;1904
;(11, 8);MoveWest;(1, 7);False;1;1905
;(11, 8);MoveWest;(1, 7);False;1;1906
;(11, 8);MoveWest;(1, 7);False;1;1907
;(11, 8);MoveWest;(1, 7);False;1;1908
;(11, 8);MoveWest;(1, 7);False;1;1909
;(11, 8);MoveWest;(1, 7);False;1;1910
;(11, 8);MoveWest;(1, 7);False;1;1911
;(11, 8);MoveWest;(1, 7);False;1;1912
;(11, 8);MoveWest;(1, 7);False;1;1913
;(11, 8);MoveWest;(0, 7);False;1;1914
;(11, 8);GrabLargeObject;(0, 7);False;1;1915
;(11, 8);GrabLargeObject;(0, 7);False;1;1916
;(11, 8);GrabLargeObject;(0, 7);False;1;1917
;(11, 8);GrabLargeObject;(0, 7);False;1;1918
;(11, 8);GrabLargeObject;(0, 7);False;1;1919
;(11, 8);GrabLargeObject;(0, 7);False;1;1920
;(11, 8);GrabLargeObject;(0, 7);False;1;1921
;(11, 8);GrabLargeObject;(0, 7);False;1;1922
;(11, 8);GrabLargeObject;(0, 7);False;1;1923
MoveSouth;(11, 9);GrabLargeObject;(0, 7);False;1;1924
;(11, 9);GrabLargeObject;(0, 7);False;1;1925
;(11, 9);;(0, 7);False;1;1926
;(11, 9);MoveEast;(0, 7);False;1;1927
;(11, 9);MoveEast;(0, 7);False;1;1928
;(11, 9);MoveEast;(0, 7);False;1;1929
DropObject;(11, 9);MoveEast;(0, 7);False;1;1930
;(11, 9);MoveEast;(0, 7);False;1;1931
;(11, 9);MoveEast;(0, 7);False;1;1932
;(11, 9);MoveEast;(0, 7);False;1;1933
;(11, 9);MoveEast;(0, 7);False;1;1934
;(11, 9);MoveEast;(0, 7);False;1;1935
;(11, 9);MoveEast;(0, 7);False;1;1936
;(11, 9);MoveEast;(1, 7);False;1;1937
;(11, 9);MoveEast;(1, 7);False;1;1938
;(11, 9);MoveEast;(1, 7);False;1;1939
;(11, 9);MoveEast;(1, 7);False;1;1940
;(11, 9);MoveEast;(1, 7);False;1;1941
;(11, 9);MoveEast;(1, 7);False;1;1942
;(11, 9);MoveEast;(1, 7);False;1;1943
;(11, 9);MoveEast;(1, 7);False;1;1944
;(11, 9);MoveEast;(1, 7);False;1;1945
;(11, 9);MoveEast;(1, 7);False;1;1946
;(11, 9);MoveEast;(1, 7);False;1;1947
;(11, 9);MoveEast;(2, 7);False;1;1948
;(11, 9);MoveWest;(2, 7);False;1;1949
;(11, 9);MoveWest;(2, 7);False;1;1950
MoveEast;(12, 9);MoveWest;(2, 7);False;1;1951
;(12, 9);MoveWest;(2, 7);False;1;1952
;(12, 9);MoveWest;(2, 7);False;1;1953
;(12, 9);MoveWest;(2, 7);False;1;1954
;(12, 9);MoveWest;(2, 7);False;1;1955
;(12, 9);MoveWest;(2, 7);False;1;1956
;(12, 9);MoveWest;(2, 7);False;1;1957
;(12, 9);MoveWest;(2, 7);False;1;1958
MoveWest;(11, 9);MoveWest;(1, 7);False;1;1959
;(11, 9);MoveWest;(1, 7);False;1;1960
;(11, 9);MoveWest;(1, 7);False;1;1961
;(11, 9);MoveWest;(1, 7);False;1;1962
;(11, 9);MoveWest;(1, 7);False;1;1963
;(11, 9);MoveWest;(1, 7);False;1;1964
;(11, 9);MoveWest;(1, 7);False;1;1965
;(11, 9);MoveWest;(1, 7);False;1;1966
;(11, 9);MoveWest;(1, 7);False;1;1967
;(11, 9);MoveWest;(1, 7);False;1;1968
;(11, 9);MoveWest;(1, 7);False;1;1969
;(11, 9);MoveWest;(0, 7);False;1;1970
;(11, 9);MoveEast;(0, 7);False;1;1971
;(11, 9);MoveEast;(0, 7);False;1;1972
;(11, 9);MoveEast;(0, 7);False;1;1973
;(11, 9);MoveEast;(0, 7);False;1;1974
;(11, 9);MoveEast;(0, 7);False;1;1975
;(11, 9);MoveEast;(0, 7);False;1;1976
MoveNorth;(11, 8);MoveEast;(0, 7);False;1;1977
;(11, 8);MoveEast;(0, 7);False;1;1978
;(11, 8);MoveEast;(0, 7);False;1;1979
;(11, 8);MoveEast;(0, 7);False;1;1980
;(11, 8);MoveEast;(1, 7);False;1;1981
;(11, 8);MoveEast;(1, 7);False;1;1982
;(11, 8);MoveEast;(1, 7);False;1;1983
;(11, 8);MoveEast;(1, 7);False;1;1984
;(11, 8);MoveEast;(1, 7);False;1;1985
MoveNorth;(11, 7);MoveEast;(1, 7);False;1;1986
;(11, 7);MoveEast;(1, 7);False;1;1987
;(11, 7);MoveEast;(1, 7);False;1;1988
;(11, 7);MoveEast;(1, 7);False;1;1989
;(11, 7);MoveEast;(1, 7);False;1;1990
;(11, 7);MoveEast;(1, 7);False;1;1991
MoveNorth;(11, 6);MoveEast;(2, 7);False;1;1992
;(11, 6);MoveWest;(2, 7);False;1;1993
;(11, 6);MoveWest;(2, 7);False;1;1994
;(11, 6);MoveWest;(2, 7);False;1;1995
;(11, 6);MoveWest;(2, 7);False;1;1996
;(11, 6);MoveWest;(2, 7);False;1;1997
;(11, 6);MoveWest;(2, 7);False;1;1998
;(11, 6);MoveWest;(2, 7);False;1;1999
;(11, 6);MoveWest;(2, 7);False;1;2000
;(11, 6);MoveWest;(2, 7);False;1;2001
;(11, 6);MoveWest;(2, 7);False;1;2002
;(11, 6);MoveWest;(1, 7);False;1;2003
;(11, 6);MoveWest;(1, 7);False;1;2004
;(11, 6);MoveWest;(1, 7);False;1;2005
;(11, 6);MoveWest;(1, 7);False;1;2006
;(11, 6);MoveWest;(1, 7);False;1;2007
;(11, 6);MoveWest;(1, 7);False;1;2008
;(11, 6);MoveWest;(1, 7);False;1;2009
;(11, 6);MoveWest;(1, 7);False;1;2010
;(11, 6);MoveWest;(1, 7);False;1;2011
;(11, 6);MoveWest;(1, 7);False;1;2012
;(11, 6);MoveWest;(1, 7);False;1;2013
;(11, 6);MoveWest;(0, 7);False;1;2014
;(11, 6);MoveEast;(0, 7);False;1;2015
MoveSouth;(11, 7);MoveEast;(0, 7);False;1;2016
;(11, 7);MoveEast;(0, 7);False;1;2017
;(11, 7);MoveEast;(0, 7);False;1;2018
;(11, 7);MoveEast;(0, 7);False;1;2019
;(11, 7);MoveEast;(0, 7);False;1;2020
;(11, 7);MoveEast;(0, 7);False;1;2021
;(11, 7);MoveEast;(0, 7);False;1;2022
;(11, 7);MoveEast;(0, 7);False;1;2023
;(11, 7);MoveEast;(0, 7);False;1;2024
;(11, 7);MoveEast;(1, 7);False;1;2025
;(11, 7);MoveEast;(1, 7);False;1;2026
;(11, 7);MoveEast;(1, 7);False;1;2027
;(11, 7);MoveEast;(1, 7);False;1;2028
;(11, 7);MoveEast;(1, 7);False;1;2029
;(11, 7);MoveEast;(1, 7);False;1;2030
;(11, 7);MoveEast;(1, 7);False;1;2031
;(11, 7);MoveEast;(1, 7);False;1;2032
;(11, 7);MoveEast;(1, 7);False;1;2033
;(11, 7);MoveEast;(1, 7);False;1;2034
;(11, 7);MoveEast;(1, 7);False;1;2035
;(11, 7);MoveEast;(2, 7);False;1;2036
;(11, 7);MoveWest;(2, 7);False;1;2037
;(11, 7);MoveWest;(2, 7);False;1;2038
;(11, 7);MoveWest;(2, 7);False;1;2039
;(11, 7);MoveWest;(2, 7);False;1;2040
;(11, 7);MoveWest;(2, 7);False;1;2041
;(11, 7);MoveWest;(2, 7);False;1;2042
;(11, 7);MoveWest;(2, 7);False;1;2043
;(11, 7);MoveWest;(2, 7);False;1;2044
;(11, 7);MoveWest;(2, 7);False;1;2045
;(11, 7);MoveWest;(2, 7);False;1;2046
;(11, 7);MoveWest;(1, 7);False;1;2047
;(11, 7);MoveWest;(1, 7);False;1;2048
;(11, 7);MoveWest;(1, 7);False;1;2049
;(11, 7);MoveWest;(1, 7);False;1;2050
;(11, 7);MoveWest;(1, 7);False;1;2051
;(11, 7);MoveWest;(1, 7);False;1;2052
;(11, 7);MoveWest;(1, 7);False;1;2053
;(11, 7);MoveWest;(1, 7);False;1;2054
;(11, 7);MoveWest;(1, 7);False;1;2055
;(11, 7);MoveWest;(1, 7);False;1;2056
;(11, 7);MoveWest;(1, 7);False;1;2057
;(11, 7);MoveWest;(0, 7);False;1;2058
;(11, 7);;(0, 7);False;1;2059
;(11, 7);MoveEast;(0, 7);False;1;2060
;(11, 7);MoveEast;(0, 7);False;1;2061
;(11, 7);MoveEast;(0, 7);False;1;2062
;(11, 7);MoveEast;(0, 7);False;1;2063
;(11, 7);MoveEast;(0, 7);False;1;2064
;(11, 7);MoveEast;(0, 7);False;1;2065
;(11, 7);MoveEast;(0, 7);False;1;2066
;(11, 7);MoveEast;(0, 7);False;1;2067
;(11, 7);MoveEast;(0, 7);False;1;2068
;(11, 7);MoveEast;(0, 7);False;1;2069
;(11, 7);MoveEast;(1, 7);False;1;2070
;(11, 7);MoveEast;(1, 7);False;1;2071
;(11, 7);MoveEast;(1, 7);False;1;2072
;(11, 7);MoveEast;(1, 7);False;1;2073
;(11, 7);MoveEast;(1, 7);False;1;2074
;(11, 7);MoveEast;(1, 7);False;1;2075
;(11, 7);MoveEast;(1, 7);False;1;2076
;(11, 7);MoveEast;(1, 7);False;1;2077
;(11, 7);MoveEast;(1, 7);False;1;2078
;(11, 7);MoveEast;(1, 7);False;1;2079
;(11, 7);MoveEast;(1, 7);False;1;2080
;(11, 7);MoveEast;(2, 7);False;1;2081
;(11, 7);MoveEast;(2, 7);False;1;2082
;(11, 7);MoveEast;(2, 7);False;1;2083
;(11, 7);MoveEast;(2, 7);False;1;2084
;(11, 7);MoveEast;(2, 7);False;1;2085
;(11, 7);MoveEast;(2, 7);False;1;2086
;(11, 7);MoveEast;(2, 7);False;1;2087
;(11, 7);MoveEast;(2, 7);False;1;2088
;(11, 7);MoveEast;(2, 7);False;1;2089
;(11, 7);MoveEast;(2, 7);False;1;2090
;(11, 7);MoveEast;(2, 7);False;1;2091
;(11, 7);MoveEast;(3, 7);False;1;2092
;(11, 7);MoveEast;(3, 7);False;1;2093
;(11, 7);MoveEast;(3, 7);False;1;2094
;(11, 7);MoveEast;(3, 7);False;1;2095
;(11, 7);MoveEast;(3, 7);False;1;2096
;(11, 7);MoveEast;(3, 7);False;1;2097
;(11, 7);MoveEast;(3, 7);False;1;2098
;(11, 7);MoveEast;(3, 7);False;1;2099
;(11, 7);MoveEast;(3, 7);False;1;2100
;(11, 7);MoveEast;(3, 7);False;1;2101
;(11, 7);MoveEast;(3, 7);False;1;2102
;(11, 7);MoveEast;(4, 7);False;1;2103
;(11, 7);MoveEast;(4, 7);False;1;2104
;(11, 7);MoveEast;(4, 7);False;1;2105
;(11, 7);MoveEast;(4, 7);False;1;2106
;(11, 7);MoveEast;(4, 7);False;1;2107
;(11, 7);MoveEast;(4, 7);False;1;2108
;(11, 7);MoveEast;(4, 7);False;1;2109
;(11, 7);MoveEast;(4, 7);False;1;2110
;(11, 7);MoveEast;(4, 7);False;1;2111
;(11, 7);MoveEast;(4, 7);False;1;2112
;(11, 7);MoveEast;(4, 7);False;1;2113
;(11, 7);MoveEast;(5, 7);False;1;2114
;(11, 7);MoveEast;(5, 7);False;1;2115
;(11, 7);MoveEast;(5, 7);False;1;2116
;(11, 7);MoveEast;(5, 7);False;1;2117
;(11, 7);MoveEast;(5, 7);False;1;2118
;(11, 7);MoveEast;(5, 7);False;1;2119
;(11, 7);MoveEast;(5, 7);False;1;2120
;(11, 7);MoveEast;(5, 7);False;1;2121
;(11, 7);MoveEast;(5, 7);False;1;2122
;(11, 7);MoveEast;(5, 7);False;1;2123
;(11, 7);MoveEast;(5, 7);False;1;2124
;(11, 7);MoveEast;(6, 7);False;1;2125
;(11, 7);MoveEast;(6, 7);False;1;2126
;(11, 7);MoveEast;(6, 7);False;1;2127
;(11, 7);MoveEast;(6, 7);False;1;2128
;(11, 7);MoveEast;(6, 7);False;1;2129
;(11, 7);MoveEast;(6, 7);False;1;2130
;(11, 7);MoveEast;(6, 7);False;1;2131
;(11, 7);MoveEast;(6, 7);False;1;2132
;(11, 7);MoveEast;(6, 7);False;1;2133
;(11, 7);MoveEast;(6, 7);False;1;2134
;(11, 7);MoveEast;(6, 7);False;1;2135
;(11, 7);MoveEast;(7, 7);False;1;2136
;(11, 7);MoveEast;(7, 7);False;1;2137
;(11, 7);MoveEast;(7, 7);False;1;2138
;(11, 7);MoveEast;(7, 7);False;1;2139
;(11, 7);MoveEast;(7, 7);False;1;2140
;(11, 7);MoveEast;(7, 7);False;1;2141
;(11, 7);MoveEast;(7, 7);False;1;2142
;(11, 7);MoveEast;(7, 7);False;1;2143
;(11, 7);MoveEast;(7, 7);False;1;2144
;(11, 7);MoveEast;(7, 7);False;1;2145
;(11, 7);MoveEast;(7, 7);False;1;2146
;(11, 7);MoveEast;(8, 7);False;1;2147
;(11, 7);MoveEast;(8, 7);False;1;2148
;(11, 7);MoveEast;(8, 7);False;1;2149
;(11, 7);MoveEast;(8, 7);False;1;2150
;(11, 7);MoveEast;(8, 7);False;1;2151
;(11, 7);MoveEast;(8, 7);False;1;2152
;(11, 7);MoveEast;(8, 7);False;1;2153
;(11, 7);MoveEast;(8, 7);False;1;2154
;(11, 7);MoveEast;(8, 7);False;1;2155
;(11, 7);MoveEast;(8, 7);False;1;2156
;(11, 7);MoveEast;(8, 7);False;1;2157
;(11, 7);MoveEast;(9, 7);False;1;2158
;(11, 7);DropLargeObject;(9, 7);False;1;2159
;(11, 7);DropLargeObject;(9, 7);False;1;2160
;(11, 7);DropLargeObject;(9, 7);False;1;2161
;(11, 7);DropLargeObject;(9, 7);False;1;2162
;(11, 7);DropLargeObject;(9, 7);False;1;2163
;(11, 7);DropLargeObject;(9, 7);False;1;2164
;(11, 7);DropLargeObject;(9, 7);False;1;2165
;(11, 7);DropLargeObject;(9, 7);False;1;2166
;(11, 7);DropLargeObject;(9, 7);False;1;2167
;(11, 7);DropLargeObject;(9, 7);False;1;2168
;(11, 7);DropLargeObject;(9, 7);False;1;2169
;(11, 7);;(9, 7);False;1;2170
;(11, 7);Idle;(9, 7);False;1;2171
;(11, 7);Idle;(9, 7);False;1;2172
;(11, 7);Idle;(9, 7);False;1;2173
;(11, 7);Idle;(9, 7);False;1;2174
;(11, 7);Idle;(9, 7);False;1;2175
;(11, 7);Idle;(9, 7);False;1;2176
;(11, 7);Idle;(9, 7);False;1;2177
;(11, 7);Idle;(9, 7);False;1;2178
;(11, 7);Idle;(9, 7);False;1;2179
;(11, 7);Idle;(9, 7);False;1;2180
;(11, 7);Idle;(9, 7);False;1;2181
;(11, 7);Idle;(9, 7);False;1;2182
;(11, 7);Idle;(9, 7);False;1;2183
;(11, 7);Idle;(9, 7);False;1;2184
;(11, 7);Idle;(9, 7);False;1;2185
;(11, 7);Idle;(9, 7);False;1;2186
;(11, 7);Idle;(9, 7);False;1;2187
;(11, 7);Idle;(9, 7);False;1;2188
;(11, 7);Idle;(9, 7);False;1;2189
;(11, 7);Idle;(9, 7);False;1;2190
MoveWest;(10, 7);Idle;(9, 7);False;1;2191
;(10, 7);Idle;(9, 7);False;1;2192
;(10, 7);Idle;(9, 7);False;1;2193
;(10, 7);Idle;(9, 7);False;1;2194
;(10, 7);Idle;(9, 7);False;1;2195
;(10, 7);Idle;(9, 7);False;1;2196
;(10, 7);Idle;(9, 7);False;1;2197
;(10, 7);Idle;(9, 7);False;1;2198
;(10, 7);Idle;(9, 7);False;1;2199
;(10, 7);Idle;(9, 7);False;1;2200
;(10, 7);Idle;(9, 7);False;1;2201
;(10, 7);Idle;(9, 7);False;1;2202
;(10, 7);Idle;(9, 7);False;1;2203
;(10, 7);Idle;(9, 7);False;1;2204
;(10, 7);Idle;(9, 7);False;1;2205
;(10, 7);Idle;(9, 7);False;1;2206
;(10, 7);Idle;(9, 7);False;1;2207
;(10, 7);Idle;(9, 7);False;1;2208
;(10, 7);Idle;(9, 7);False;1;2209
;(10, 7);Idle;(9, 7);False;1;2210
;(10, 7);Idle;(9, 7);False;1;2211
;(10, 7);Idle;(9, 7);False;1;2212
;(10, 7);Idle;(9, 7);False;1;2213
GrabObject;(10, 7);Idle;(9, 7);False;1;2214
;(10, 7);Idle;(9, 7);False;1;2215
;(10, 7);Idle;(9, 7);False;1;2216
;(10, 7);Idle;(9, 7);False;1;2217
;(10, 7);Idle;(9, 7);False;1;2218
;(10, 7);Idle;(9, 7);False;1;2219
;(10, 7);Idle;(9, 7);False;1;2220
MoveWest;(9, 7);Idle;(9, 7);False;1;2221
;(9, 7);Idle;(9, 7);False;1;2222
;(9, 7);Idle;(9, 7);False;1;2223
;(9, 7);Idle;(9, 7);False;1;2224
;(9, 7);Idle;(9, 7);False;1;2225
MoveWest;(8, 7);;(9, 7);False;1;2226
;(8, 7);MoveWest;(9, 7);False;1;2227
MoveWest;(7, 7);MoveWest;(9, 7);False;1;2228
;(7, 7);MoveWest;(9, 7);False;1;2229
;(7, 7);MoveWest;(9, 7);False;1;2230
MoveWest;(6, 7);MoveWest;(9, 7);False;1;2231
;(6, 7);MoveWest;(9, 7);False;1;2232
;(6, 7);MoveWest;(9, 7);False;1;2233
;(6, 7);MoveWest;(9, 7);False;1;2234
MoveWest;(5, 7);MoveWest;(9, 7);False;1;2235
;(5, 7);MoveWest;(9, 7);False;1;2236
;(5, 7);MoveWest;(8, 7);False;1;2237
;(5, 7);MoveWest;(8, 7);False;1;2238
;(5, 7);MoveWest;(8, 7);False;1;2239
;(5, 7);MoveWest;(8, 7);False;1;2240
;(5, 7);MoveWest;(8, 7);False;1;2241
MoveWest;(4, 7);MoveWest;(8, 7);False;1;2242
;(4, 7);MoveWest;(8, 7);False;1;2243
;(4, 7);MoveWest;(8, 7);False;1;2244
;(4, 7);MoveWest;(8, 7);False;1;2245
MoveWest;(3, 7);MoveWest;(8, 7);False;1;2246
;(3, 7);MoveWest;(8, 7);False;1;2247
;(3, 7);MoveWest;(7, 7);False;1;2248
;(3, 7);MoveWest;(7, 7);False;1;2249
MoveWest;(2, 7);MoveWest;(7, 7);False;1;2250
;(2, 7);MoveWest;(7, 7);False;1;2251
;(2, 7);MoveWest;(7, 7);False;1;2252
;(2, 7);MoveWest;(7, 7);False;1;2253
MoveWest;(1, 7);MoveWest;(7, 7);False;1;2254
;(1, 7);MoveWest;(7, 7);False;1;2255
;(1, 7);MoveWest;(7, 7);False;1;2256
;(1, 7);MoveWest;(7, 7);False;1;2257
;(1, 7);MoveWest;(7, 7);False;1;2258
;(1, 7);MoveWest;(6, 7);False;1;2259
;(1, 7);MoveWest;(6, 7);False;1;2260
;(1, 7);MoveWest;(6, 7);False;1;2261
;(1, 7);MoveWest;(6, 7);False;1;2262
;(1, 7);MoveWest;(6, 7);False;1;2263
;(1, 7);MoveWest;(6, 7);False;1;2264
;(1, 7);MoveWest;(6, 7);False;1;2265
;(1, 7);MoveWest;(6, 7);False;1;2266
;(1, 7);MoveWest;(6, 7);False;1;2267
;(1, 7);MoveWest;(6, 7);False;1;2268
;(1, 7);MoveWest;(6, 7);False;1;2269
;(1, 7);MoveWest;(5, 7);False;1;2270
;(1, 7);MoveWest;(5, 7);False;1;2271
;(1, 7);MoveWest;(5, 7);False;1;2272
;(1, 7);MoveWest;(5, 7);False;1;2273
;(1, 7);MoveWest;(5, 7);False;1;2274
;(1, 7);MoveWest;(5, 7);False;1;2275
;(1, 7);MoveWest;(5, 7);False;1;2276
;(1, 7);MoveWest;(5, 7);False;1;2277
;(1, 7);MoveWest;(5, 7);False;1;2278
;(1, 7);MoveWest;(5, 7);False;1;2279
;(1, 7);MoveWest;(5, 7);False;1;2280
;(1, 7);MoveWest;(4, 7);False;1;2281
;(1, 7);MoveNorthWest;(4, 7);False;1;2282
;(1, 7);MoveNorthWest;(4, 7);False;1;2283
;(1, 7);MoveNorthWest;(4, 7);False;1;2284
;(1, 7);MoveNorthWest;(4, 7);False;1;2285
;(1, 7);MoveNorthWest;(4, 7);False;1;2286
DropObject;(1, 7);MoveNorthWest;(4, 7);False;1;2287
;(1, 7);MoveNorthWest;(4, 7);False;1;2288
;(1, 7);MoveNorthWest;(4, 7);False;1;2289
;(1, 7);MoveNorthWest;(4, 7);False;1;2290
;(1, 7);MoveNorthWest;(4, 7);False;1;2291
MoveEast;(2, 7);MoveNorthWest;(3, 6);False;1;2292
;(2, 7);MoveWest;(3, 6);False;1;2293
MoveEast;(3, 7);MoveWest;(3, 6);False;1;2294
;(3, 7);MoveWest;(3, 6);False;1;2295
;(3, 7);MoveWest;(3, 6);False;1;2296
;(3, 7);MoveWest;(3, 6);False;1;2297
;(3, 7);MoveWest;(3, 6);False;1;2298
;(3, 7);MoveWest;(3, 6);False;1;2299
;(3, 7);MoveWest;(3, 6);False;1;2300
MoveEast;(4, 7);MoveWest;(3, 6);False;1;2301
;(4, 7);MoveWest;(3, 6);False;1;2302
MoveEast;(5, 7);MoveWest;(2, 6);False;1;2303
;(5, 7);MoveNorthWest;(2, 6);False;1;2304
;(5, 7);MoveNorthWest;(2, 6);False;1;2305
MoveEast;(6, 7);MoveNorthWest;(2, 6);False;1;2306
;(6, 7);MoveNorthWest;(2, 6);False;1;2307
;(6, 7);MoveNorthWest;(2, 6);False;1;2308
;(6, 7);MoveNorthWest;(2, 6);False;1;2309
;(6, 7);MoveNorthWest;(2, 6);False;1;2310
MoveEast;(7, 7);MoveNorthWest;(2, 6);False;1;2311
;(7, 7);MoveNorthWest;(2, 6);False;1;2312
;(7, 7);MoveNorthWest;(2, 6);False;1;2313
MoveEast;(8, 7);MoveNorthWest;(1, 5);False;1;2314
;(8, 7);MoveWest;(1, 5);False;1;2315
;(8, 7);MoveWest;(1, 5);False;1;2316
;(8, 7);MoveWest;(1, 5);False;1;2317
;(8, 7);MoveWest;(1, 5);False;1;2318
;(8, 7);MoveWest;(1, 5);False;1;2319
;(8, 7);MoveWest;(1, 5);False;1;2320
;(8, 7);MoveWest;(1, 5);False;1;2321
MoveEast;(9, 7);MoveWest;(1, 5);False;1;2322
;(9, 7);MoveWest;(1, 5);False;1;2323
;(9, 7);MoveWest;(1, 5);False;1;2324
MoveEast;(10, 7);MoveWest;(0, 5);False;1;2325
;(10, 7);GrabObject;(0, 5);False;1;2326
;(10, 7);GrabObject;(0, 5);False;1;2327
;(10, 7);GrabObject;(0, 5);False;1;2328
;(10, 7);GrabObject;(0, 5);False;1;2329
;(10, 7);GrabObject;(0, 5);False;1;2330
;(10, 7);GrabObject;(0, 5);False;1;2331
;(10, 7);GrabObject;(0, 5);False;1;2332
;(10, 7);GrabObject;(0, 5);False;1;2333
;(10, 7);GrabObject;(0, 5);False;1;2334
;(10, 7);GrabObject;(0, 5);False;1;2335
;(10, 7);GrabObject;(0, 5);False;1;2336
;(10, 7);;(0, 5);False;1;2337
;(10, 7);Idle;(0, 5);False;1;2338
MoveEast;(11, 7);Idle;(0, 5);False;1;2339
;(11, 7);Idle;(0, 5);False;1;2340
;(11, 7);Idle;(0, 5);False;1;2341
;(11, 7);Idle;(0, 5);False;1;2342
;(11, 7);Idle;(0, 5);False;1;2343
;(11, 7);Idle;(0, 5);False;1;2344
;(11, 7);Idle;(0, 5);False;1;2345
MoveSouth;(11, 8);Idle;(0, 5);False;1;2346
;(11, 8);Idle;(0, 5);False;1;2347
;(11, 8);Idle;(0, 5);False;1;2348
;(11, 8);Idle;(0, 5);False;1;2349
;(11, 8);Idle;(0, 5);False;1;2350
;(11, 8);Idle;(0, 5);False;1;2351
MoveWest;(10, 8);Idle;(0, 5);False;1;2352
;(10, 8);Idle;(0, 5);False;1;2353
;(10, 8);Idle;(0, 5);False;1;2354
;(10, 8);Idle;(0, 5);False;1;2355
;(10, 8);Idle;(0, 5);False;1;2356
;(10, 8);Idle;(0, 5);False;1;2357
;(10, 8);Idle;(0, 5);False;1;2358
;(10, 8);Idle;(0, 5);False;1;2359
;(10, 8);Idle;(0, 5);False;1;2360
;(10, 8);Idle;(0, 5);False;1;2361
MoveSouth;(10, 9);Idle;(0, 5);False;1;2362
;(10, 9);Idle;(0, 5);False;1;2363
;(10, 9);Idle;(0, 5);False;1;2364
;(10, 9);Idle;(0, 5);False;1;2365
;(10, 9);Idle;(0, 5);False;1;2366
;(10, 9);Idle;(0, 5);False;1;2367
;(10, 9);Idle;(0, 5);False;1;2368
;(10, 9);Idle;(0, 5);False;1;2369
MoveNorth;(10, 8);Idle;(0, 5);False;1;2370
;(10, 8);Idle;(0, 5);False;1;2371
;(10, 8);Idle;(0, 5);False;1;2372
;(10, 8);Idle;(0, 5);False;1;2373
;(10, 8);Idle;(0, 5);False;1;2374
;(10, 8);Idle;(0, 5);False;1;2375
;(10, 8);Idle;(0, 5);False;1;2376
;(10, 8);Idle;(0, 5);False;1;2377
;(10, 8);Idle;(0, 5);False;1;2378
;(10, 8);Idle;(0, 5);False;1;2379
;(10, 8);Idle;(0, 5);False;1;2380
;(10, 8);Idle;(0, 5);False;1;2381
;(10, 8);Idle;(0, 5);False;1;2382
;(10, 8);Idle;(0, 5);False;1;2383
;(10, 8);Idle;(0, 5);False;1;2384
;(10, 8);Idle;(0, 5);False;1;2385
;(10, 8);Idle;(0, 5);False;1;2386
;(10, 8);Idle;(0, 5);False;1;2387
;(10, 8);Idle;(0, 5);False;1;2388
MoveWest;(9, 8);Idle;(0, 5);False;1;2389
;(9, 8);Idle;(0, 5);False;1;2390
;(9, 8);Idle;(0, 5);False;1;2391
;(9, 8);Idle;(0, 5);False;1;2392
;(9, 8);;(0, 5);False;1;2393
MoveNorth;(9, 7);Idle;(0, 5);False;1;2394
;(9, 7);Idle;(0, 5);False;1;2395
;(9, 7);Idle;(0, 5);False;1;2396
;(9, 7);Idle;(0, 5);False;1;2397
;(9, 7);Idle;(0, 5);False;1;2398
;(9, 7);Idle;(0, 5);False;1;2399
;(9, 7);Idle;(0, 5);False;1;2400
;(9, 7);Idle;(0, 5);False;1;2401
;(9, 7);Idle;(0, 5);False;1;2402
;(9, 7);Idle;(0, 5);False;1;2403
;(9, 7);Idle;(0, 5);False;1;2404
;(9, 7);Idle;(0, 5);False;1;2405
;(9, 7);Idle;(0, 5);False;1;2406
MoveEast;(10, 7);Idle;(0, 5);False;1;2407
;(10, 7);Idle;(0, 5);False;1;2408
;(10, 7);Idle;(0, 5);False;1;2409
;(10, 7);Idle;(0, 5);False;1;2410
;(10, 7);Idle;(0, 5);False;1;2411
;(10, 7);Idle;(0, 5);False;1;2412
;(10, 7);Idle;(0, 5);False;1;2413
MoveSouth;(10, 8);Idle;(0, 5);False;1;2414
;(10, 8);Idle;(0, 5);False;1;2415
;(10, 8);Idle;(0, 5);False;1;2416
;(10, 8);Idle;(0, 5);False;1;2417
;(10, 8);Idle;(0, 5);False;1;2418
;(10, 8);Idle;(0, 5);False;1;2419
;(10, 8);Idle;(0, 5);False;1;2420
;(10, 8);Idle;(0, 5);False;1;2421
;(10, 8);Idle;(0, 5);False;1;2422
;(10, 8);Idle;(0, 5);False;1;2423
;(10, 8);Idle;(0, 5);False;1;2424
;(10, 8);Idle;(0, 5);False;1;2425
;(10, 8);Idle;(0, 5);False;1;2426
;(10, 8);Idle;(0, 5);False;1;2427
;(10, 8);Idle;(0, 5);False;1;2428
;(10, 8);Idle;(0, 5);False;1;2429
;(10, 8);Idle;(0, 5);False;1;2430
;(10, 8);Idle;(0, 5);False;1;2431
;(10, 8);Idle;(0, 5);False;1;2432
;(10, 8);Idle;(0, 5);False;1;2433
;(10, 8);Idle;(0, 5);False;1;2434
;(10, 8);Idle;(0, 5);False;1;2435
;(10, 8);Idle;(0, 5);False;1;2436
;(10, 8);Idle;(0, 5);False;1;2437
;(10, 8);Idle;(0, 5);False;1;2438
;(10, 8);Idle;(0, 5);False;1;2439
;(10, 8);Idle;(0, 5);False;1;2440
;(10, 8);Idle;(0, 5);False;1;2441
;(10, 8);Idle;(0, 5);False;1;2442
;(10, 8);Idle;(0, 5);False;1;2443
;(10, 8);Idle;(0, 5);False;1;2444
;(10, 8);Idle;(0, 5);False;1;2445
;(10, 8);Idle;(0, 5);False;1;2446
;(10, 8);Idle;(0, 5);False;1;2447
;(10, 8);Idle;(0, 5);False;1;2448
;(10, 8);;(0, 5);False;1;2449
;(10, 8);Idle;(0, 5);False;1;2450
;(10, 8);Idle;(0, 5);False;1;2451
;(10, 8);Idle;(0, 5);False;1;2452
;(10, 8);Idle;(0, 5);False;1;2453
;(10, 8);Idle;(0, 5);False;1;2454
;(10, 8);Idle;(0, 5);False;1;2455
;(10, 8);Idle;(0, 5);False;1;2456
;(10, 8);Idle;(0, 5);False;1;2457
;(10, 8);Idle;(0, 5);False;1;2458
;(10, 8);Idle;(0, 5);False;1;2459
;(10, 8);Idle;(0, 5);False;1;2460
;(10, 8);Idle;(0, 5);False;1;2461
;(10, 8);Idle;(0, 5);False;1;2462
;(10, 8);Idle;(0, 5);False;1;2463
;(10, 8);Idle;(0, 5);False;1;2464
;(10, 8);Idle;(0, 5);False;1;2465
;(10, 8);Idle;(0, 5);False;1;2466
;(10, 8);Idle;(0, 5);False;1;2467
;(10, 8);Idle;(0, 5);False;1;2468
;(10, 8);Idle;(0, 5);False;1;2469
;(10, 8);Idle;(0, 5);False;1;2470
;(10, 8);Idle;(0, 5);False;1;2471
;(10, 8);Idle;(0, 5);False;1;2472
;(10, 8);Idle;(0, 5);False;1;2473
;(10, 8);Idle;(0, 5);False;1;2474
;(10, 8);Idle;(0, 5);False;1;2475
;(10, 8);Idle;(0, 5);False;1;2476
;(10, 8);Idle;(0, 5);False;1;2477
;(10, 8);Idle;(0, 5);False;1;2478
;(10, 8);Idle;(0, 5);False;1;2479
;(10, 8);Idle;(0, 5);False;1;2480
;(10, 8);Idle;(0, 5);False;1;2481
;(10, 8);Idle;(0, 5);False;1;2482
;(10, 8);Idle;(0, 5);False;1;2483
;(10, 8);Idle;(0, 5);False;1;2484
;(10, 8);Idle;(0, 5);False;1;2485
;(10, 8);Idle;(0, 5);False;1;2486
;(10, 8);Idle;(0, 5);False;1;2487
;(10, 8);Idle;(0, 5);False;1;2488
;(10, 8);Idle;(0, 5);False;1;2489
;(10, 8);Idle;(0, 5);False;1;2490
;(10, 8);Idle;(0, 5);False;1;2491
;(10, 8);Idle;(0, 5);False;1;2492
;(10, 8);Idle;(0, 5);False;1;2493
;(10, 8);Idle;(0, 5);False;1;2494
;(10, 8);Idle;(0, 5);False;1;2495
;(10, 8);Idle;(0, 5);False;1;2496
;(10, 8);Idle;(0, 5);False;1;2497
;(10, 8);Idle;(0, 5);False;1;2498
;(10, 8);Idle;(0, 5);False;1;2499
;(10, 8);Idle;(0, 5);False;1;2500
;(10, 8);Idle;(0, 5);False;1;2501
;(10, 8);Idle;(0, 5);False;1;2502
;(10, 8);Idle;(0, 5);False;1;2503
;(10, 8);Idle;(0, 5);False;1;2504
;(10, 8);;(0, 5);False;1;2505
;(10, 8);MoveEast;(0, 5);False;1;2506
;(10, 8);MoveEast;(0, 5);False;1;2507
;(10, 8);MoveEast;(0, 5);False;1;2508
;(10, 8);MoveEast;(0, 5);False;1;2509
;(10, 8);MoveEast;(0, 5);False;1;2510
;(10, 8);MoveEast;(0, 5);False;1;2511
;(10, 8);MoveEast;(0, 5);False;1;2512
;(10, 8);MoveEast;(0, 5);False;1;2513
;(10, 8);MoveEast;(0, 5);False;1;2514
;(10, 8);MoveEast;(0, 5);False;1;2515
;(10, 8);MoveEast;(1, 5);False;1;2516
;(10, 8);MoveEast;(1, 5);False;1;2517
;(10, 8);MoveEast;(1, 5);False;1;2518
;(10, 8);MoveEast;(1, 5);False;1;2519
;(10, 8);MoveEast;(1, 5);False;1;2520
;(10, 8);MoveEast;(1, 5);False;1;2521
;(10, 8);MoveEast;(1, 5);False;1;2522
;(10, 8);MoveEast;(1, 5);False;1;2523
;(10, 8);MoveEast;(1, 5);False;1;2524
;(10, 8);MoveEast;(1, 5);False;1;2525
;(10, 8);MoveEast;(1, 5);False;1;2526
;(10, 8);MoveEast;(2, 5);False;1;2527
;(10, 8);MoveWest;(2, 5);False;1;2528
;(10, 8);MoveWest;(2, 5);False;1;2529
;(10, 8);MoveWest;(2, 5);False;1;2530
;(10, 8);MoveWest;(2, 5);False;1;2531
;(10, 8);MoveWest;(2, 5);False;1;2532
;(10, 8);MoveWest;(2, 5);False;1;2533
;(10, 8);MoveWest;(2, 5);False;1;2534
;(10, 8);MoveWest;(2, 5);False;1;2535
;(10, 8);MoveWest;(2, 5);False;1;2536
;(10, 8);MoveWest;(2, 5);False;1;2537
;(10, 8);MoveWest;(1, 5);False;1;2538
;(10, 8);MoveWest;(1, 5);False;1;2539
;(10, 8);MoveWest;(1, 5);False;1;2540
;(10, 8);MoveWest;(1, 5);False;1;2541
;(10, 8);MoveWest;(1, 5);False;1;2542
;(10, 8);MoveWest;(1, 5);False;1;2543
;(10, 8);MoveWest;(1, 5);False;1;2544
;(10, 8);MoveWest;(1, 5);False;1;2545
;(10, 8);MoveWest;(1, 5);False;1;2546
;(10, 8);MoveWest;(1, 5);False;1;2547
;(10, 8);MoveWest;(1, 5);False;1;2548
;(10, 8);MoveWest;(0, 5);False;1;2549
;(10, 8);MoveEast;(0, 5);False;1;2550
;(10, 8);MoveEast;(0, 5);False;1;2551
;(10, 8);MoveEast;(0, 5);False;1;2552
;(10, 8);MoveEast;(0, 5);False;1;2553
;(10, 8);MoveEast;(0, 5);False;1;2554
;(10, 8);MoveEast;(0, 5);False;1;2555
;(10, 8);MoveEast;(0, 5);False;1;2556
;(10, 8);MoveEast;(0, 5);False;1;2557
;(10, 8);MoveEast;(0, 5);False;1;2558
;(10, 8);MoveEast;(0, 5);False;1;2559
;(10, 8);MoveEast;(1, 5);False;1;2560
;(10, 8);MoveEast;(1, 5);False;1;2561
;(10, 8);MoveEast;(1, 5);False;1;2562
;(10, 8);MoveEast;(1, 5);False;1;2563
;(10, 8);MoveEast;(1, 5);False;1;2564
;(10, 8);MoveEast;(1, 5);False;1;2565
;(10, 8);MoveEast;(1, 5);False;1;2566
;(10, 8);MoveEast;(1, 5);False;1;2567
;(10, 8);MoveEast;(1, 5);False;1;2568
;(10, 8);MoveEast;(1, 5);False;1;2569
;(10, 8);MoveEast;(1, 5);False;1;2570
;(10, 8);MoveEast;(2, 5);False;1;2571
;(10, 8);MoveWest;(2, 5);False;1;2572
;(10, 8);MoveWest;(2, 5);False;1;2573
;(10, 8);MoveWest;(2, 5);False;1;2574
;(10, 8);MoveWest;(2, 5);False;1;2575
;(10, 8);MoveWest;(2, 5);False;1;2576
;(10, 8);MoveWest;(2, 5);False;1;2577
;(10, 8);MoveWest;(2, 5);False;1;2578
;(10, 8);MoveWest;(2, 5);False;1;2579
;(10, 8);MoveWest;(2, 5);False;1;2580
;(10, 8);MoveWest;(2, 5);False;1;2581
;(10, 8);MoveWest;(1, 5);False;1;2582
;(10, 8);MoveWest;(1, 5);False;1;2583
;(10, 8);MoveWest;(1, 5);False;1;2584
;(10, 8);MoveWest;(1, 5);False;1;2585
;(10, 8);MoveWest;(1, 5);False;1;2586
;(10, 8);MoveWest;(1, 5);False;1;2587
;(10, 8);MoveWest;(1, 5);False;1;2588
;(10, 8);MoveWest;(1, 5);False;1;2589
;(10, 8);MoveWest;(1, 5);False;1;2590
;(10, 8);MoveWest;(1, 5);False;1;2591
;(10, 8);MoveWest;(1, 5);False;1;2592
;(10, 8);MoveWest;(0, 5);False;1;2593
;(10, 8);MoveEast;(0, 5);False;1;2594
;(10, 8);MoveEast;(0, 5);False;1;2595
;(10, 8);MoveEast;(0, 5);False;1;2596
;(10, 8);MoveEast;(0, 5);False;1;2597
;(10, 8);MoveEast;(0, 5);False;1;2598
;(10, 8);MoveEast;(0, 5);False;1;2599
;(10, 8);MoveEast;(0, 5);False;1;2600
;(10, 8);MoveEast;(0, 5);False;1;2601
;(10, 8);MoveEast;(0, 5);False;1;2602
;(10, 8);MoveEast;(0, 5);False;1;2603
;(10, 8);MoveEast;(1, 5);False;1;2604
;(10, 8);MoveEast;(1, 5);False;1;2605
;(10, 8);MoveEast;(1, 5);False;1;2606
;(10, 8);MoveEast;(1, 5);False;1;2607
;(10, 8);MoveEast;(1, 5);False;1;2608
;(10, 8);MoveEast;(1, 5);False;1;2609
;(10, 8);MoveEast;(1, 5);False;1;2610
;(10, 8);MoveEast;(1, 5);False;1;2611
;(10, 8);MoveEast;(1, 5);False;1;2612
;(10, 8);MoveEast;(1, 5);False;1;2613
;(10, 8);MoveEast;(1, 5);False;1;2614
;(10, 8);MoveEast;(2, 5);False;1;2615
;(10, 8);MoveWest;(2, 5);False;1;2616
;(10, 8);MoveWest;(2, 5);False;1;2617
;(10, 8);MoveWest;(2, 5);False;1;2618
;(10, 8);MoveWest;(2, 5);False;1;2619
;(10, 8);MoveWest;(2, 5);False;1;2620
;(10, 8);MoveWest;(2, 5);False;1;2621
;(10, 8);MoveWest;(2, 5);False;1;2622
;(10, 8);MoveWest;(2, 5);False;1;2623
;(10, 8);MoveWest;(2, 5);False;1;2624
;(10, 8);MoveWest;(2, 5);False;1;2625
;(10, 8);MoveWest;(1, 5);False;1;2626
;(10, 8);MoveWest;(1, 5);False;1;2627
;(10, 8);MoveWest;(1, 5);False;1;2628
;(10, 8);MoveWest;(1, 5);False;1;2629
;(10, 8);MoveWest;(1, 5);False;1;2630
;(10, 8);MoveWest;(1, 5);False;1;2631
;(10, 8);MoveWest;(1, 5);False;1;2632
;(10, 8);MoveWest;(1, 5);False;1;2633
;(10, 8);MoveWest;(1, 5);False;1;2634
;(10, 8);MoveWest;(1, 5);False;1;2635
;(10, 8);MoveWest;(1, 5);False;1;2636
;(10, 8);MoveWest;(0, 5);False;1;2637
;(10, 8);;(0, 5);False;1;2638
;(10, 8);MoveEast;(0, 5);False;1;2639
;(10, 8);MoveEast;(0, 5);False;1;2640
;(10, 8);MoveEast;(0, 5);False;1;2641
;(10, 8);MoveEast;(0, 5);False;1;2642
;(10, 8);MoveEast;(0, 5);False;1;2643
;(10, 8);MoveEast;(0, 5);False;1;2644
;(10, 8);MoveEast;(0, 5);False;1;2645
;(10, 8);MoveEast;(0, 5);False;1;2646
;(10, 8);MoveEast;(0, 5);False;1;2647
;(10, 8);MoveEast;(0, 5);False;1;2648
;(10, 8);MoveEast;(1, 5);False;1;2649
;(10, 8);MoveEast;(1, 5);False;1;2650
;(10, 8);MoveEast;(1, 5);False;1;2651
;(10, 8);MoveEast;(1, 5);False;1;2652
;(10, 8);MoveEast;(1, 5);False;1;2653
;(10, 8);MoveEast;(1, 5);False;1;2654
;(10, 8);MoveEast;(1, 5);False;1;2655
;(10, 8);MoveEast;(1, 5);False;1;2656
;(10, 8);MoveEast;(1, 5);False;1;2657
;(10, 8);MoveEast;(1, 5);False;1;2658
;(10, 8);MoveEast;(1, 5);False;1;2659
;(10, 8);MoveEast;(2, 5);False;1;2660
;(10, 8);MoveSouthEast;(2, 5);False;1;2661
;(10, 8);MoveSouthEast;(2, 5);False;1;2662
;(10, 8);MoveSouthEast;(2, 5);False;1;2663
;(10, 8);MoveSouthEast;(2, 5);False;1;2664
;(10, 8);MoveSouthEast;(2, 5);False;1;2665
;(10, 8);MoveSouthEast;(2, 5);False;1;2666
;(10, 8);MoveSouthEast;(2, 5);False;1;2667
;(10, 8);MoveSouthEast;(2, 5);False;1;2668
;(10, 8);MoveSouthEast;(2, 5);False;1;2669
;(10, 8);MoveSouthEast;(2, 5);False;1;2670
;(10, 8);MoveSouthEast;(3, 6);False;1;2671
;(10, 8);MoveEast;(3, 6);False;1;2672
;(10, 8);MoveEast;(3, 6);False;1;2673
;(10, 8);MoveEast;(3, 6);False;1;2674
;(10, 8);MoveEast;(3, 6);False;1;2675
;(10, 8);MoveEast;(3, 6);False;1;2676
;(10, 8);MoveEast;(3, 6);False;1;2677
;(10, 8);MoveEast;(3, 6);False;1;2678
;(10, 8);MoveEast;(3, 6);False;1;2679
;(10, 8);MoveEast;(3, 6);False;1;2680
;(10, 8);MoveEast;(3, 6);False;1;2681
;(10, 8);MoveEast;(4, 6);False;1;2682
;(10, 8);MoveSouthEast;(4, 6);False;1;2683
;(10, 8);MoveSouthEast;(4, 6);False;1;2684
;(10, 8);MoveSouthEast;(4, 6);False;1;2685
;(10, 8);MoveSouthEast;(4, 6);False;1;2686
;(10, 8);MoveSouthEast;(4, 6);False;1;2687
;(10, 8);MoveSouthEast;(4, 6);False;1;2688
;(10, 8);MoveSouthEast;(4, 6);False;1;2689
;(10, 8);MoveSouthEast;(4, 6);False;1;2690
;(10, 8);MoveSouthEast;(4, 6);False;1;2691
;(10, 8);MoveSouthEast;(4, 6);False;1;2692
;(10, 8);MoveSouthEast;(5, 7);False;1;2693
;(10, 8);MoveSouthEast;(5, 7);False;1;2694
;(10, 8);MoveSouthEast;(5, 7);False;1;2695
;(10, 8);MoveSouthEast;(5, 7);False;1;2696
;(10, 8);MoveSouthEast;(5, 7);False;1;2697
;(10, 8);MoveSouthEast;(5, 7);False;1;2698
;(10, 8);MoveSouthEast;(5, 7);False;1;2699
;(10, 8);MoveSouthEast;(5, 7);False;1;2700
;(10, 8);MoveSouthEast;(5, 7);False;1;2701
;(10, 8);MoveSouthEast;(5, 7);False;1;2702
;(10, 8);MoveSouthEast;(5, 7);False;1;2703
;(10, 8);MoveSouthEast;(6, 8);False;1;2704
;(10, 8);MoveEast;(6, 8);False;1;2705
;(10, 8);MoveEast;(6, 8);False;1;2706
;(10, 8);MoveEast;(6, 8);False;1;2707
;(10, 8);MoveEast;(6, 8);False;1;2708
;(10, 8);MoveEast;(6, 8);False;1;2709
;(10, 8);MoveEast;(6, 8);False;1;2710
;(10, 8);MoveEast;(6, 8);False;1;2711
;(10, 8);MoveEast;(6, 8);False;1;2712
;(10, 8);MoveEast;(6, 8);False;1;2713
;(10, 8);MoveEast;(6, 8);False;1;2714
;(10, 8);MoveEast;(7, 8);False;1;2715
GrabObject;(10, 8);MoveEast;(7, 8);False;1;2716
;(10, 8);MoveEast;(7, 8);False;1;2717
;(10, 8);MoveEast;(7, 8);False;1;2718
;(10, 8);MoveEast;(7, 8);False;1;2719
;(10, 8);MoveEast;(7, 8);False;1;2720
;(10, 8);MoveEast;(7, 8);False;1;2721
;(10, 8);MoveEast;(7, 8);False;1;2722
;(10, 8);MoveEast;(7, 8);False;1;2723
;(10, 8);MoveEast;(7, 8);False;1;2724
;(10, 8);MoveEast;(7, 8);False;1;2725
;(10, 8);MoveEast;(8, 8);False;1;2726
;(10, 8);MoveEast;(8, 8);False;1;2727
;(10, 8);MoveEast;(8, 8);False;1;2728
;(10, 8);MoveEast;(8, 8);False;1;2729
;(10, 8);MoveEast;(8, 8);False;1;2730
;(10, 8);MoveEast;(8, 8);False;1;2731
;(10, 8);MoveEast;(8, 8);False;1;2732
MoveSouth;(10, 9);MoveEast;(8, 8);False;1;2733
;(10, 9);MoveEast;(8, 8);False;1;2734
;(10, 9);MoveEast;(8, 8);False;1;2735
;(10, 9);MoveEast;(8, 8);False;1;2736
;(10, 9);MoveEast;(9, 8);False;1;2737
;(10, 9);MoveSouthEast;(9, 8);False;1;2738
;(10, 9);MoveSouthEast;(9, 8);False;1;2739
;(10, 9);MoveSouthEast;(9, 8);False;1;2740
;(10, 9);MoveSouthEast;(9, 8);False;1;2741
DropObject;(10, 9);MoveSouthEast;(9, 8);False;1;2742
;(10, 9);MoveSouthEast;(9, 8);False;1;2743
;(10, 9);MoveSouthEast;(9, 8);False;1;2744
;(10, 9);MoveSouthEast;(9, 8);False;1;2745
;(10, 9);MoveSouthEast;(9, 8);False;1;2746
;(10, 9);MoveSouthEast;(9, 8);False;1;2747
;(10, 9);MoveSouthEast;(10, 9);False;1;2748
;(10, 9);BreakObject;(10, 9);False;1;2749
MoveNorth;(10, 8);BreakObject;(10, 9);False;1;2750
;(10, 8);BreakObject;(10, 9);False;1;2751
;(10, 8);BreakObject;(10, 9);False;1;2752
;(10, 8);BreakObject;(10, 9);False;1;2753
;(10, 8);BreakObject;(10, 9);False;1;2754
;(10, 8);BreakObject;(10, 9);False;1;2755
;(10, 8);BreakObject;(10, 9);False;1;2756
;(10, 8);BreakObject;(10, 9);False;1;2757
;(10, 8);BreakObject;(10, 9);False;1;2758
;(10, 8);BreakObject;(10, 9);False;1;2759
;(10, 8);;(10, 9);False;1;2760
;(10, 8);Idle;(10, 9);False;1;2761
;(10, 8);Idle;(10, 9);False;1;2762
;(10, 8);Idle;(10, 9);False;1;2763
;(10, 8);Idle;(10, 9);False;1;2764
;(10, 8);Idle;(10, 9);False;1;2765
;(10, 8);Idle;(10, 9);False;1;2766
;(10, 8);Idle;(10, 9);False;1;2767
;(10, 8);Idle;(10, 9);False;1;2768
;(10, 8);Idle;(10, 9);False;1;2769
;(10, 8);Idle;(10, 9);False;1;2770
;(10, 8);Idle;(10, 9);False;1;2771
;(10, 8);Idle;(10, 9);False;1;2772
;(10, 8);Idle;(10, 9);False;1;2773
;(10, 8);Idle;(10, 9);False;1;2774
;(10, 8);Idle;(10, 9);False;1;2775
;(10, 8);Idle;(10, 9);False;1;2776
;(10, 8);Idle;(10, 9);False;1;2777
;(10, 8);Idle;(10, 9);False;1;2778
;(10, 8);Idle;(10, 9);False;1;2779
;(10, 8);Idle;(10, 9);False;1;2780
;(10, 8);Idle;(10, 9);False;1;2781
;(10, 8);Idle;(10, 9);False;1;2782
;(10, 8);Idle;(10, 9);False;1;2783
;(10, 8);Idle;(10, 9);False;1;2784
;(10, 8);Idle;(10, 9);False;1;2785
;(10, 8);Idle;(10, 9);False;1;2786
;(10, 8);Idle;(10, 9);False;1;2787
;(10, 8);Idle;(10, 9);False;1;2788
;(10, 8);Idle;(10, 9);False;1;2789
;(10, 8);Idle;(10, 9);False;1;2790
;(10, 8);Idle;(10, 9);False;1;2791
;(10, 8);Idle;(10, 9);False;1;2792
;(10, 8);Idle;(10, 9);False;1;2793
;(10, 8);Idle;(10, 9);False;1;2794
;(10, 8);Idle;(10, 9);False;1;2795
;(10, 8);Idle;(10, 9);False;1;2796
;(10, 8);Idle;(10, 9);False;1;2797
;(10, 8);Idle;(10, 9);False;1;2798
;(10, 8);Idle;(10, 9);False;1;2799
;(10, 8);Idle;(10, 9);False;1;2800
;(10, 8);Idle;(10, 9);False;1;2801
;(10, 8);Idle;(10, 9);False;1;2802
;(10, 8);Idle;(10, 9);False;1;2803
;(10, 8);Idle;(10, 9);False;1;2804
;(10, 8);Idle;(10, 9);False;1;2805
;(10, 8);Idle;(10, 9);False;1;2806
;(10, 8);Idle;(10, 9);False;1;2807
;(10, 8);Idle;(10, 9);False;1;2808
;(10, 8);Idle;(10, 9);False;1;2809
;(10, 8);Idle;(10, 9);False;1;2810
;(10, 8);Idle;(10, 9);False;1;2811
GrabObject;(10, 8);Idle;(10, 9);False;1;2812
;(10, 8);Idle;(10, 9);False;1;2813
;(10, 8);Idle;(10, 9);False;1;2814
;(10, 8);Idle;(10, 9);False;1;2815
;(10, 8);;(10, 9);False;1;2816
;(10, 8);MoveNorthWest;(10, 9);False;1;2817
;(10, 8);MoveNorthWest;(10, 9);False;1;2818
;(10, 8);MoveNorthWest;(10, 9);False;1;2819
MoveEast;(11, 8);MoveNorthWest;(10, 9);False;1;2820
;(11, 8);MoveNorthWest;(10, 9);False;1;2821
;(11, 8);MoveNorthWest;(10, 9);False;1;2822
;(11, 8);MoveNorthWest;(10, 9);False;1;2823
;(11, 8);MoveNorthWest;(10, 9);False;1;2824
;(11, 8);MoveNorthWest;(10, 9);False;1;2825
;(11, 8);MoveNorthWest;(10, 9);False;1;2826
;(11, 8);MoveNorthWest;(9, 8);False;1;2827
MoveSouth;(11, 9);MoveWest;(9, 8);False;1;2828
;(11, 9);MoveWest;(9, 8);False;1;2829
;(11, 9);MoveWest;(9, 8);False;1;2830
;(11, 9);MoveWest;(9, 8);False;1;2831
;(11, 9);MoveWest;(9, 8);False;1;2832
MoveWest;(10, 9);MoveWest;(9, 8);False;1;2833
;(10, 9);MoveWest;(9, 8);False;1;2834
;(10, 9);MoveWest;(9, 8);False;1;2835
;(10, 9);MoveWest;(9, 8);False;1;2836
;(10, 9);MoveWest;(9, 8);False;1;2837
;(10, 9);MoveWest;(8, 8);False;1;2838
;(10, 9);MoveNorthWest;(8, 8);False;1;2839
;(10, 9);MoveNorthWest;(8, 8);False;1;2840
;(10, 9);MoveNorthWest;(8, 8);False;1;2841
;(10, 9);MoveNorthWest;(8, 8);False;1;2842
;(10, 9);MoveNorthWest;(8, 8);False;1;2843
;(10, 9);MoveNorthWest;(8, 8);False;1;2844
;(10, 9);MoveNorthWest;(8, 8);False;1;2845
;(10, 9);MoveNorthWest;(8, 8);False;1;2846
;(10, 9);MoveNorthWest;(8, 8);False;1;2847
;(10, 9);MoveNorthWest;(8, 8);False;1;2848
;(10, 9);MoveNorthWest;(7, 7);False;1;2849
;(10, 9);MoveNorthWest;(7, 7);False;1;2850
;(10, 9);MoveNorthWest;(7, 7);False;1;2851
;(10, 9);MoveNorthWest;(7, 7);False;1;2852
;(10, 9);MoveNorthWest;(7, 7);False;1;2853
;(10, 9);MoveNorthWest;(7, 7);False;1;2854
;(10, 9);MoveNorthWest;(7, 7);False;1;2855
;(10, 9);MoveNorthWest;(7, 7);False;1;2856
;(10, 9);MoveNorthWest;(7, 7);False;1;2857
;(10, 9);MoveNorthWest;(7, 7);False;1;2858
;(10, 9);MoveNorthWest;(7, 7);False;1;2859
;(10, 9);MoveNorthWest;(6, 6);False;1;2860
;(10, 9);MoveWest;(6, 6);False;1;2861
;(10, 9);MoveWest;(6, 6);False;1;2862
;(10, 9);MoveWest;(6, 6);False;1;2863
;(10, 9);MoveWest;(6, 6);False;1;2864
;(10, 9);MoveWest;(6, 6);False;1;2865
;(10, 9);MoveWest;(6, 6);False;1;2866
DropObject;(10, 9);MoveWest;(6, 6);False;1;2867
;(10, 9);MoveWest;(6, 6);False;1;2868
;(10, 9);MoveWest;(6, 6);False;1;2869
;(10, 9);MoveWest;(6, 6);False;1;2870
;(10, 9);MoveWest;(5, 6);False;1;2871
;(10, 9);GrabLargeObject;(5, 6);False;1;2872
;(10, 9);GrabLargeObject;(5, 6);False;1;2873
;(10, 9);GrabLargeObject;(5, 6);False;1;2874
;(10, 9);GrabLargeObject;(5, 6);False;1;2875
MoveNorth;(10, 8);GrabLargeObject;(5, 6);False;1;2876
;(10, 8);GrabLargeObject;(5, 6);False;1;2877
;(10, 8);GrabLargeObject;(5, 6);False;1;2878
;(10, 8);GrabLargeObject;(5, 6);False;1;2879
;(10, 8);GrabLargeObject;(5, 6);False;1;2880
;(10, 8);GrabLargeObject;(5, 6);False;1;2881
;(10, 8);GrabLargeObject;(5, 6);False;1;2882
;(10, 8);;(5, 6);False;1;2883
;(10, 8);MoveEast;(5, 6);False;1;2884
;(10, 8);MoveEast;(5, 6);False;1;2885
;(10, 8);MoveEast;(5, 6);False;1;2886
;(10, 8);MoveEast;(5, 6);False;1;2887
;(10, 8);MoveEast;(5, 6);False;1;2888
;(10, 8);MoveEast;(5, 6);False;1;2889
;(10, 8);MoveEast;(5, 6);False;1;2890
;(10, 8);MoveEast;(5, 6);False;1;2891
;(10, 8);MoveEast;(5, 6);False;1;2892
;(10, 8);MoveEast;(5, 6);False;1;2893
;(10, 8);MoveEast;(6, 6);False;1;2894
;(10, 8);MoveSouthEast;(6, 6);False;1;2895
;(10, 8);MoveSouthEast;(6, 6);False;1;2896
;(10, 8);MoveSouthEast;(6, 6);False;1;2897
;(10, 8);MoveSouthEast;(6, 6);False;1;2898
;(10, 8);MoveSouthEast;(6, 6);False;1;2899
;(10, 8);MoveSouthEast;(6, 6);False;1;2900
;(10, 8);MoveSouthEast;(6, 6);False;1;2901
;(10, 8);MoveSouthEast;(6, 6);False;1;2902
MoveWest;(9, 8);MoveSouthEast;(6, 6);False;1;2903
;(9, 8);MoveSouthEast;(6, 6);False;1;2904
;(9, 8);MoveSouthEast;(7, 7);False;1;2905
;(9, 8);MoveEast;(7, 7);False;1;2906
;(9, 8);MoveEast;(7, 7);False;1;2907
;(9, 8);MoveEast;(7, 7);False;1;2908
;(9, 8);MoveEast;(7, 7);False;1;2909
;(9, 8);MoveEast;(7, 7);False;1;2910
;(9, 8);MoveEast;(7, 7);False;1;2911
;(9, 8);MoveEast;(7, 7);False;1;2912
;(9, 8);MoveEast;(7, 7);False;1;2913
;(9, 8);MoveEast;(7, 7);False;1;2914
;(9, 8);MoveEast;(7, 7);False;1;2915
;(9, 8);MoveEast;(8, 7);False;1;2916
;(9, 8);MoveEast;(8, 7);False;1;2917
;(9, 8);MoveEast;(8, 7);False;1;2918
;(9, 8);MoveEast;(8, 7);False;1;2919
;(9, 8);MoveEast;(8, 7);False;1;2920
;(9, 8);MoveEast;(8, 7);False;1;2921
;(9, 8);MoveEast;(8, 7);False;1;2922
;(9, 8);MoveEast;(8, 7);False;1;2923
;(9, 8);MoveEast;(8, 7);False;1;2924
;(9, 8);MoveEast;(8, 7);False;1;2925
;(9, 8);MoveEast;(8, 7);False;1;2926
;(9, 8);MoveEast;(9, 7);False;1;2927
;(9, 8);MoveSouthEast;(9, 7);False;1;2928
;(9, 8);MoveSouthEast;(9, 7);False;1;2929
;(9, 8);MoveSouthEast;(9, 7);False;1;2930
;(9, 8);MoveSouthEast;(9, 7);False;1;2931
;(9, 8);MoveSouthEast;(9, 7);False;1;2932
;(9, 8);MoveSouthEast;(9, 7);False;1;2933
;(9, 8);MoveSouthEast;(9, 7);False;1;2934
;(9, 8);MoveSouthEast;(9, 7);False;1;2935
;(9, 8);MoveSouthEast;(9, 7);False;1;2936
;(9, 8);MoveSouthEast;(9, 7);False;1;2937
;(9, 8);MoveSouthEast;(10, 8);False;1;2938
;(9, 8);DropLargeObject;(10, 8);False;1;2939
;(9, 8);DropLargeObject;(10, 8);False;1;2940
;(9, 8);DropLargeObject;(10, 8);False;1;2941
;(9, 8);DropLargeObject;(10, 8);False;1;2942
;(9, 8);DropLargeObject;(10, 8);False;1;2943
;(9, 8);DropLargeObject;(10, 8);False;1;2944
;(9, 8);DropLargeObject;(10, 8);False;1;2945
;(9, 8);DropLargeObject;(10, 8);False;1;2946
;(9, 8);DropLargeObject;(10, 8);False;1;2947
;(9, 8);DropLargeObject;(10, 8);False;1;2948
;(9, 8);DropLargeObject;(10, 8);False;1;2949
;(9, 8);;(10, 8);False;1;2950
;(9, 8);MoveWest;(10, 8);False;1;2951
;(9, 8);MoveWest;(10, 8);False;1;2952
;(9, 8);MoveWest;(10, 8);False;1;2953
;(9, 8);MoveWest;(10, 8);False;1;2954
;(9, 8);MoveWest;(10, 8);False;1;2955
;(9, 8);MoveWest;(10, 8);False;1;2956
;(9, 8);MoveWest;(10, 8);False;1;2957
;(9, 8);MoveWest;(10, 8);False;1;2958
;(9, 8);MoveWest;(10, 8);False;1;2959
;(9, 8);MoveWest;(10, 8);False;1;2960
;(9, 8);MoveWest;(9, 8);False;1;2961
;(9, 8);MoveWest;(9, 8);False;1;2962
;(9, 8);MoveWest;(9, 8);False;1;2963
;(9, 8);MoveWest;(9, 8);False;1;2964
;(9, 8);MoveWest;(9, 8);False;1;2965
;(9, 8);MoveWest;(9, 8);False;1;2966
;(9, 8);MoveWest;(9, 8);False;1;2967
;(9, 8);MoveWest;(9, 8);False;1;2968
;(9, 8);MoveWest;(9, 8);False;1;2969
;(9, 8);MoveWest;(9, 8);False;1;2970
;(9, 8);MoveWest;(9, 8);False;1;2971
;(9, 8);MoveWest;(8, 8);False;1;2972
;(9, 8);MoveNorthWest;(8, 8);False;1;2973
;(9, 8);MoveNorthWest;(8, 8);False;1;2974
;(9, 8);MoveNorthWest;(8, 8);False;1;2975
;(9, 8);MoveNorthWest;(8, 8);False;1;2976
;(9, 8);MoveNorthWest;(8, 8);False;1;2977
;(9, 8);MoveNorthWest;(8, 8);False;1;2978
;(9, 8);MoveNorthWest;(8, 8);False;1;2979
;(9, 8);MoveNorthWest;(8, 8);False;1;2980
;(9, 8);MoveNorthWest;(8, 8);False;1;2981
;(9, 8);MoveNorthWest;(8, 8);False;1;2982
;(9, 8);MoveNorthWest;(7, 7);False;1;2983
;(9, 8);MoveWest;(7, 7);False;1;2984
;(9, 8);MoveWest;(7, 7);False;1;2985
;(9, 8);MoveWest;(7, 7);False;1;2986
;(9, 8);MoveWest;(7, 7);False;1;2987
;(9, 8);MoveWest;(7, 7);False;1;2988
;(9, 8);MoveWest;(7, 7);False;1;2989
;(9, 8);MoveWest;(7, 7);False;1;2990
;(9, 8);MoveWest;(7, 7);False;1;2991
;(9, 8);MoveWest;(7, 7);False;1;2992
;(9, 8);MoveWest;(7, 7);False;1;2993
;(9, 8);MoveWest;(6, 7);False;1;2994
;(9, 8);MoveNorthWest;(6, 7);False;1;2995
;(9, 8);MoveNorthWest;(6, 7);False;1;2996
;(9, 8);MoveNorthWest;(6, 7);False;1;2997
;(9, 8);MoveNorthWest;(6, 7);False;1;2998
;(9, 8);MoveNorthWest;(6, 7);False;1;2999
;(9, 8);MoveNorthWest;(6, 7);False;1;3000
;(9, 8);MoveNorthWest;(6, 7);False;1;3001
;(9, 8);MoveNorthWest;(6, 7);False;1;3002
;(9, 8);MoveNorthWest;(6, 7);False;1;3003
;(9, 8);MoveNorthWest;(6, 7);False;1;3004
;(9, 8);MoveNorthWest;(5, 6);False;1;3005
;(9, 8);;(5, 6);False;1;3006
;(9, 8);;(5, 6);False;1;3007
;(9, 8);;(5, 6);False;1;3008
;(9, 8);;(5, 6);False;1;3009
;(9, 8);;(5, 6);False;1;3010
;(9, 8);;(5, 6);False;1;3011
;(9, 8);;(5, 6);False;1;3012
;(9, 8);;(5, 6);False;1;3013
;(9, 8);;(5, 6);False;1;3014
;(9, 8);;(5, 6);False;1;3015
;(9, 8);;(5, 6);False;1;3016
;(9, 8);;(5, 6);False;1;3017
;(9, 8);;(5, 6);False;1;3018
;(9, 8);;(5, 6);False;1;3019
