human_selector_action;human_selector_location;robot_action;robot_location;robot_executing_cp;world_nr;tick_nr
;(3, 4);;(4, 4);False;1;0
;(3, 4);;(4, 4);False;1;1
;(3, 4);Idle;(4, 4);False;1;2
;(3, 4);Idle;(4, 4);False;1;3
;(3, 4);Idle;(4, 4);False;1;4
;(3, 4);Idle;(4, 4);False;1;5
;(3, 4);Idle;(4, 4);False;1;6
;(3, 4);Idle;(4, 4);False;1;7
;(3, 4);Idle;(4, 4);False;1;8
;(3, 4);Idle;(4, 4);False;1;9
;(3, 4);Idle;(4, 4);False;1;10
MoveEast;(4, 4);Idle;(4, 4);False;1;11
;(4, 4);Idle;(4, 4);False;1;12
;(4, 4);Idle;(4, 4);False;1;13
;(4, 4);Idle;(4, 4);False;1;14
;(4, 4);Idle;(4, 4);False;1;15
;(4, 4);Idle;(4, 4);False;1;16
;(4, 4);Idle;(4, 4);False;1;17
;(4, 4);Idle;(4, 4);False;1;18
MoveEast;(5, 4);Idle;(4, 4);False;1;19
MoveEast;(6, 4);Idle;(4, 4);False;1;20
MoveEast;(7, 4);Idle;(4, 4);False;1;21
MoveEast;(8, 4);Idle;(4, 4);False;1;22
MoveEast;(9, 4);Idle;(4, 4);False;1;23
MoveEast;(10, 4);Idle;(4, 4);False;1;24
MoveEast;(11, 4);Idle;(4, 4);False;1;25
MoveEast;(12, 4);Idle;(4, 4);False;1;26
;(12, 4);Idle;(4, 4);False;1;27
;(12, 4);Idle;(4, 4);False;1;28
MoveEast;(13, 4);Idle;(4, 4);False;1;29
;(13, 4);Idle;(4, 4);False;1;30
;(13, 4);Idle;(4, 4);False;1;31
;(13, 4);Idle;(4, 4);False;1;32
;(13, 4);Idle;(4, 4);False;1;33
MoveWest;(12, 4);Idle;(4, 4);False;1;34
;(12, 4);Idle;(4, 4);False;1;35
;(12, 4);Idle;(4, 4);False;1;36
MoveWest;(11, 4);Idle;(4, 4);False;1;37
;(11, 4);Idle;(4, 4);False;1;38
;(11, 4);Idle;(4, 4);False;1;39
MoveWest;(10, 4);Idle;(4, 4);False;1;40
;(10, 4);Idle;(4, 4);False;1;41
;(10, 4);Idle;(4, 4);False;1;42
;(10, 4);Idle;(4, 4);False;1;43
;(10, 4);Idle;(4, 4);False;1;44
;(10, 4);Idle;(4, 4);False;1;45
;(10, 4);Idle;(4, 4);False;1;46
GrabObject;(10, 4);Idle;(4, 4);False;1;47
;(10, 4);Idle;(4, 4);False;1;48
;(10, 4);Idle;(4, 4);False;1;49
MoveWest;(9, 4);Idle;(4, 4);False;1;50
;(9, 4);Idle;(4, 4);False;1;51
;(9, 4);Idle;(4, 4);False;1;52
;(9, 4);Idle;(4, 4);False;1;53
;(9, 4);Idle;(4, 4);False;1;54
;(9, 4);Idle;(4, 4);False;1;55
;(9, 4);Idle;(4, 4);False;1;56
;(9, 4);;(4, 4);False;1;57
;(9, 4);Idle;(4, 4);False;1;58
;(9, 4);Idle;(4, 4);False;1;59
MoveWest;(8, 4);Idle;(4, 4);False;1;60
MoveWest;(7, 4);Idle;(4, 4);False;1;61
MoveWest;(6, 4);Idle;(4, 4);False;1;62
MoveWest;(5, 4);Idle;(4, 4);False;1;63
MoveWest;(4, 4);Idle;(4, 4);False;1;64
MoveWest;(3, 4);Idle;(4, 4);False;1;65
MoveWest;(2, 4);Idle;(4, 4);False;1;66
MoveWest;(1, 4);Idle;(4, 4);False;1;67
MoveWest;(0, 4);Idle;(4, 4);False;1;68
MoveWest;(0, 4);Idle;(4, 4);False;1;69
MoveWest;(0, 4);Idle;(4, 4);False;1;70
MoveWest;(0, 4);Idle;(4, 4);False;1;71
MoveWest;(0, 4);Idle;(4, 4);False;1;72
MoveWest;(0, 4);Idle;(4, 4);False;1;73
MoveWest;(0, 4);Idle;(4, 4);False;1;74
DropObject;(0, 4);Idle;(4, 4);False;1;75
;(0, 4);Idle;(4, 4);False;1;76
MoveEast;(1, 4);Idle;(4, 4);False;1;77
;(1, 4);Idle;(4, 4);False;1;78
;(1, 4);Idle;(4, 4);False;1;79
;(1, 4);Idle;(4, 4);False;1;80
;(1, 4);Idle;(4, 4);False;1;81
;(1, 4);Idle;(4, 4);False;1;82
;(1, 4);Idle;(4, 4);False;1;83
;(1, 4);Idle;(4, 4);False;1;84
;(1, 4);Idle;(4, 4);False;1;85
;(1, 4);Idle;(4, 4);False;1;86
MoveEast;(2, 4);Idle;(4, 4);False;1;87
MoveEast;(3, 4);Idle;(4, 4);False;1;88
MoveEast;(4, 4);Idle;(4, 4);False;1;89
MoveEast;(5, 4);Idle;(4, 4);False;1;90
;(5, 4);Idle;(4, 4);False;1;91
MoveEast;(6, 4);Idle;(4, 4);False;1;92
MoveEast;(7, 4);Idle;(4, 4);False;1;93
MoveEast;(8, 4);Idle;(4, 4);False;1;94
MoveEast;(9, 4);Idle;(4, 4);False;1;95
;(9, 4);Idle;(4, 4);False;1;96
;(9, 4);Idle;(4, 4);False;1;97
MoveEast;(10, 4);Idle;(4, 4);False;1;98
;(10, 4);Idle;(4, 4);False;1;99
;(10, 4);Idle;(4, 4);False;1;100
;(10, 4);Idle;(4, 4);False;1;101
;(10, 4);Idle;(4, 4);False;1;102
;(10, 4);Idle;(4, 4);False;1;103
;(10, 4);Idle;(4, 4);False;1;104
MoveWest;(9, 4);Idle;(4, 4);False;1;105
;(9, 4);Idle;(4, 4);False;1;106
;(9, 4);Idle;(4, 4);False;1;107
;(9, 4);Idle;(4, 4);False;1;108
;(9, 4);Idle;(4, 4);False;1;109
;(9, 4);Idle;(4, 4);False;1;110
GrabObject;(9, 4);Idle;(4, 4);False;1;111
;(9, 4);Idle;(4, 4);False;1;112
;(9, 4);;(4, 4);False;1;113
;(9, 4);Idle;(4, 4);False;1;114
;(9, 4);Idle;(4, 4);False;1;115
;(9, 4);Idle;(4, 4);False;1;116
;(9, 4);Idle;(4, 4);False;1;117
;(9, 4);Idle;(4, 4);False;1;118
;(9, 4);Idle;(4, 4);False;1;119
;(9, 4);Idle;(4, 4);False;1;120
;(9, 4);Idle;(4, 4);False;1;121
MoveWest;(8, 4);Idle;(4, 4);False;1;122
;(8, 4);Idle;(4, 4);False;1;123
;(8, 4);Idle;(4, 4);False;1;124
;(8, 4);Idle;(4, 4);False;1;125
;(8, 4);Idle;(4, 4);False;1;126
;(8, 4);Idle;(4, 4);False;1;127
;(8, 4);Idle;(4, 4);False;1;128
;(8, 4);Idle;(4, 4);False;1;129
;(8, 4);Idle;(4, 4);False;1;130
;(8, 4);Idle;(4, 4);False;1;131
MoveWest;(7, 4);Idle;(4, 4);False;1;132
MoveWest;(6, 4);Idle;(4, 4);False;1;133
MoveWest;(5, 4);Idle;(4, 4);False;1;134
MoveWest;(4, 4);Idle;(4, 4);False;1;135
MoveWest;(3, 4);Idle;(4, 4);False;1;136
MoveWest;(2, 4);Idle;(4, 4);False;1;137
MoveWest;(1, 4);Idle;(4, 4);False;1;138
MoveWest;(0, 4);Idle;(4, 4);False;1;139
MoveWest;(0, 4);Idle;(4, 4);False;1;140
MoveWest;(0, 4);Idle;(4, 4);False;1;141
MoveWest;(0, 4);Idle;(4, 4);False;1;142
MoveWest;(0, 4);Idle;(4, 4);False;1;143
MoveWest;(0, 4);Idle;(4, 4);False;1;144
;(0, 4);Idle;(4, 4);False;1;145
DropObject;(0, 4);Idle;(4, 4);False;1;146
;(0, 4);Idle;(4, 4);False;1;147
;(0, 4);Idle;(4, 4);False;1;148
MoveEast;(1, 4);Idle;(4, 4);False;1;149
;(1, 4);Idle;(4, 4);False;1;150
;(1, 4);Idle;(4, 4);False;1;151
;(1, 4);Idle;(4, 4);False;1;152
;(1, 4);Idle;(4, 4);False;1;153
;(1, 4);Idle;(4, 4);False;1;154
;(1, 4);Idle;(4, 4);False;1;155
;(1, 4);Idle;(4, 4);False;1;156
;(1, 4);Idle;(4, 4);False;1;157
MoveEast;(2, 4);Idle;(4, 4);False;1;158
MoveEast;(3, 4);Idle;(4, 4);False;1;159
MoveEast;(4, 4);Idle;(4, 4);False;1;160
MoveEast;(5, 4);Idle;(4, 4);False;1;161
MoveEast;(6, 4);Idle;(4, 4);False;1;162
MoveEast;(7, 4);Idle;(4, 4);False;1;163
MoveEast;(8, 4);Idle;(4, 4);False;1;164
MoveEast;(9, 4);Idle;(4, 4);False;1;165
;(9, 4);Idle;(4, 4);False;1;166
;(9, 4);Idle;(4, 4);False;1;167
;(9, 4);Idle;(4, 4);False;1;168
MoveEast;(10, 4);;(4, 4);False;1;169
;(10, 4);MoveEast;(4, 4);False;1;170
;(10, 4);MoveEast;(4, 4);False;1;171
MoveEast;(11, 4);MoveEast;(4, 4);False;1;172
;(11, 4);MoveEast;(4, 4);False;1;173
;(11, 4);MoveEast;(4, 4);False;1;174
;(11, 4);MoveEast;(4, 4);False;1;175
MoveWest;(10, 4);MoveEast;(4, 4);False;1;176
;(10, 4);MoveEast;(4, 4);False;1;177
;(10, 4);MoveEast;(4, 4);False;1;178
;(10, 4);MoveEast;(4, 4);False;1;179
GrabObject;(10, 4);MoveEast;(5, 4);False;1;180
;(10, 4);MoveEast;(5, 4);False;1;181
;(10, 4);MoveEast;(5, 4);False;1;182
;(10, 4);MoveEast;(5, 4);False;1;183
;(10, 4);MoveEast;(5, 4);False;1;184
MoveWest;(9, 4);MoveEast;(5, 4);False;1;185
;(9, 4);MoveEast;(5, 4);False;1;186
;(9, 4);MoveEast;(5, 4);False;1;187
;(9, 4);MoveEast;(5, 4);False;1;188
;(9, 4);MoveEast;(5, 4);False;1;189
;(9, 4);MoveEast;(5, 4);False;1;190
;(9, 4);MoveEast;(6, 4);False;1;191
;(9, 4);MoveEast;(6, 4);False;1;192
;(9, 4);MoveEast;(6, 4);False;1;193
;(9, 4);MoveEast;(6, 4);False;1;194
MoveWest;(8, 4);MoveEast;(6, 4);False;1;195
MoveWest;(7, 4);MoveEast;(6, 4);False;1;196
MoveWest;(6, 4);MoveEast;(6, 4);False;1;197
MoveWest;(5, 4);MoveEast;(6, 4);False;1;198
MoveWest;(4, 4);MoveEast;(6, 4);False;1;199
MoveWest;(3, 4);MoveEast;(6, 4);False;1;200
MoveWest;(2, 4);MoveEast;(6, 4);False;1;201
MoveWest;(1, 4);MoveEast;(7, 4);False;1;202
MoveWest;(0, 4);MoveEast;(7, 4);False;1;203
MoveWest;(0, 4);MoveEast;(7, 4);False;1;204
MoveWest;(0, 4);MoveEast;(7, 4);False;1;205
MoveWest;(0, 4);MoveEast;(7, 4);False;1;206
MoveWest;(0, 4);MoveEast;(7, 4);False;1;207
MoveWest;(0, 4);MoveEast;(7, 4);False;1;208
MoveWest;(0, 4);MoveEast;(7, 4);False;1;209
MoveWest;(0, 4);MoveEast;(7, 4);False;1;210
DropObject;(0, 4);MoveEast;(7, 4);False;1;211
;(0, 4);MoveEast;(7, 4);False;1;212
MoveEast;(1, 4);MoveEast;(8, 4);False;1;213
;(1, 4);MoveNorthEast;(8, 4);False;1;214
;(1, 4);MoveNorthEast;(8, 4);False;1;215
;(1, 4);MoveNorthEast;(8, 4);False;1;216
;(1, 4);MoveNorthEast;(8, 4);False;1;217
;(1, 4);MoveNorthEast;(8, 4);False;1;218
;(1, 4);MoveNorthEast;(8, 4);False;1;219
;(1, 4);MoveNorthEast;(8, 4);False;1;220
;(1, 4);MoveNorthEast;(8, 4);False;1;221
;(1, 4);MoveNorthEast;(8, 4);False;1;222
MoveEast;(2, 4);MoveNorthEast;(8, 4);False;1;223
MoveEast;(3, 4);MoveNorthEast;(9, 3);False;1;224
MoveEast;(4, 4);MoveEast;(9, 3);False;1;225
MoveEast;(5, 4);MoveEast;(9, 3);False;1;226
MoveEast;(6, 4);MoveEast;(9, 3);False;1;227
MoveEast;(7, 4);MoveEast;(9, 3);False;1;228
MoveEast;(8, 4);MoveEast;(9, 3);False;1;229
MoveEast;(9, 4);MoveEast;(9, 3);False;1;230
MoveEast;(10, 4);MoveEast;(9, 3);False;1;231
;(10, 4);MoveEast;(9, 3);False;1;232
;(10, 4);MoveEast;(9, 3);False;1;233
MoveWest;(9, 4);MoveEast;(9, 3);False;1;234
;(9, 4);MoveEast;(10, 3);False;1;235
;(9, 4);GrabObject;(10, 3);False;1;236
;(9, 4);GrabObject;(10, 3);False;1;237
;(9, 4);GrabObject;(10, 3);False;1;238
;(9, 4);GrabObject;(10, 3);False;1;239
;(9, 4);GrabObject;(10, 3);False;1;240
;(9, 4);GrabObject;(10, 3);False;1;241
GrabObject;(9, 4);GrabObject;(10, 3);False;1;242
;(9, 4);GrabObject;(10, 3);False;1;243
;(9, 4);GrabObject;(10, 3);False;1;244
;(9, 4);GrabObject;(10, 3);False;1;245
;(9, 4);GrabObject;(10, 3);False;1;246
;(9, 4);;(10, 3);False;1;247
MoveEast;(10, 4);MoveSouthEast;(10, 3);False;1;248
;(10, 4);MoveSouthEast;(10, 3);False;1;249
;(10, 4);MoveSouthEast;(10, 3);False;1;250
;(10, 4);MoveSouthEast;(10, 3);False;1;251
;(10, 4);MoveSouthEast;(10, 3);False;1;252
;(10, 4);MoveSouthEast;(10, 3);False;1;253
;(10, 4);MoveSouthEast;(10, 3);False;1;254
;(10, 4);MoveSouthEast;(10, 3);False;1;255
;(10, 4);MoveSouthEast;(10, 3);False;1;256
;(10, 4);MoveSouthEast;(10, 3);False;1;257
;(10, 4);MoveSouthEast;(11, 4);False;1;258
MoveEast;(11, 4);GrabObject;(11, 4);False;1;259
MoveEast;(12, 4);GrabObject;(11, 4);False;1;260
MoveEast;(13, 4);GrabObject;(11, 4);False;1;261
MoveEast;(14, 4);GrabObject;(11, 4);False;1;262
MoveEast;(15, 4);GrabObject;(11, 4);False;1;263
MoveEast;(16, 4);GrabObject;(11, 4);False;1;264
MoveEast;(17, 4);GrabObject;(11, 4);False;1;265
MoveEast;(18, 4);GrabObject;(11, 4);False;1;266
MoveEast;(19, 4);GrabObject;(11, 4);False;1;267
MoveEast;(19, 4);GrabObject;(11, 4);False;1;268
MoveEast;(19, 4);GrabObject;(11, 4);False;1;269
MoveEast;(19, 4);;(11, 4);False;1;270
MoveEast;(19, 4);MoveWest;(11, 4);False;1;271
MoveEast;(19, 4);MoveWest;(11, 4);False;1;272
MoveEast;(19, 4);MoveWest;(11, 4);False;1;273
MoveEast;(19, 4);MoveWest;(11, 4);False;1;274
MoveEast;(19, 4);MoveWest;(11, 4);False;1;275
;(19, 4);MoveWest;(11, 4);False;1;276
;(19, 4);MoveWest;(11, 4);False;1;277
;(19, 4);MoveWest;(11, 4);False;1;278
MoveWest;(18, 4);MoveWest;(11, 4);False;1;279
;(18, 4);MoveWest;(11, 4);False;1;280
;(18, 4);MoveWest;(10, 4);False;1;281
;(18, 4);MoveWest;(10, 4);False;1;282
;(18, 4);MoveWest;(10, 4);False;1;283
;(18, 4);MoveWest;(10, 4);False;1;284
;(18, 4);MoveWest;(10, 4);False;1;285
;(18, 4);MoveWest;(10, 4);False;1;286
;(18, 4);MoveWest;(10, 4);False;1;287
;(18, 4);MoveWest;(10, 4);False;1;288
MoveWest;(17, 4);MoveWest;(10, 4);False;1;289
MoveWest;(16, 4);MoveWest;(10, 4);False;1;290
MoveWest;(15, 4);MoveWest;(10, 4);False;1;291
MoveWest;(14, 4);MoveWest;(9, 4);False;1;292
MoveWest;(13, 4);MoveSouthWest;(9, 4);False;1;293
MoveWest;(12, 4);MoveSouthWest;(9, 4);False;1;294
MoveWest;(11, 4);MoveSouthWest;(9, 4);False;1;295
MoveWest;(10, 4);MoveSouthWest;(9, 4);False;1;296
MoveWest;(9, 4);MoveSouthWest;(9, 4);False;1;297
MoveWest;(8, 4);MoveSouthWest;(9, 4);False;1;298
;(8, 4);MoveSouthWest;(9, 4);False;1;299
MoveEast;(9, 4);MoveSouthWest;(9, 4);False;1;300
;(9, 4);MoveSouthWest;(9, 4);False;1;301
;(9, 4);MoveSouthWest;(9, 4);False;1;302
;(9, 4);MoveSouthWest;(8, 5);False;1;303
;(9, 4);GrabObject;(8, 5);False;1;304
;(9, 4);GrabObject;(8, 5);False;1;305
;(9, 4);GrabObject;(8, 5);False;1;306
;(9, 4);GrabObject;(8, 5);False;1;307
;(9, 4);GrabObject;(8, 5);False;1;308
;(9, 4);GrabObject;(8, 5);False;1;309
MoveEast;(10, 4);GrabObject;(8, 5);False;1;310
;(10, 4);GrabObject;(8, 5);False;1;311
MoveEast;(11, 4);GrabObject;(8, 5);False;1;312
MoveEast;(12, 4);GrabObject;(8, 5);False;1;313
MoveEast;(13, 4);GrabObject;(8, 5);False;1;314
MoveEast;(14, 4);;(8, 5);False;1;315
MoveEast;(15, 4);MoveEast;(8, 5);False;1;316
MoveEast;(16, 4);MoveEast;(8, 5);False;1;317
MoveEast;(17, 4);MoveEast;(8, 5);False;1;318
MoveEast;(18, 4);MoveEast;(8, 5);False;1;319
MoveEast;(19, 4);MoveEast;(8, 5);False;1;320
MoveEast;(19, 4);MoveEast;(8, 5);False;1;321
MoveEast;(19, 4);MoveEast;(8, 5);False;1;322
MoveEast;(19, 4);MoveEast;(8, 5);False;1;323
MoveEast;(19, 4);MoveEast;(8, 5);False;1;324
MoveEast;(19, 4);MoveEast;(8, 5);False;1;325
;(19, 4);MoveEast;(9, 5);False;1;326
;(19, 4);MoveEast;(9, 5);False;1;327
DropObject;(19, 4);MoveEast;(9, 5);False;1;328
;(19, 4);MoveEast;(9, 5);False;1;329
;(19, 4);MoveEast;(9, 5);False;1;330
;(19, 4);MoveEast;(9, 5);False;1;331
;(19, 4);MoveEast;(9, 5);False;1;332
MoveWest;(18, 4);MoveEast;(9, 5);False;1;333
;(18, 4);MoveEast;(9, 5);False;1;334
;(18, 4);MoveEast;(9, 5);False;1;335
;(18, 4);MoveEast;(9, 5);False;1;336
;(18, 4);MoveEast;(10, 5);False;1;337
;(18, 4);MoveEast;(10, 5);False;1;338
;(18, 4);MoveEast;(10, 5);False;1;339
;(18, 4);MoveEast;(10, 5);False;1;340
;(18, 4);MoveEast;(10, 5);False;1;341
MoveWest;(17, 4);MoveEast;(10, 5);False;1;342
MoveWest;(16, 4);MoveEast;(10, 5);False;1;343
MoveWest;(15, 4);MoveEast;(10, 5);False;1;344
MoveWest;(14, 4);MoveEast;(10, 5);False;1;345
MoveWest;(13, 4);MoveEast;(10, 5);False;1;346
MoveWest;(12, 4);MoveEast;(10, 5);False;1;347
MoveWest;(11, 4);MoveEast;(11, 5);False;1;348
MoveWest;(10, 4);MoveEast;(11, 5);False;1;349
MoveWest;(9, 4);MoveEast;(11, 5);False;1;350
MoveWest;(8, 4);MoveEast;(11, 5);False;1;351
MoveWest;(7, 4);MoveEast;(11, 5);False;1;352
MoveWest;(6, 4);MoveEast;(11, 5);False;1;353
MoveWest;(5, 4);MoveEast;(11, 5);False;1;354
MoveWest;(4, 4);MoveEast;(11, 5);False;1;355
MoveWest;(3, 4);MoveEast;(11, 5);False;1;356
MoveWest;(2, 4);MoveEast;(11, 5);False;1;357
;(2, 4);MoveEast;(11, 5);False;1;358
MoveSouth;(2, 5);MoveEast;(12, 5);False;1;359
;(2, 5);MoveSouthEast;(12, 5);False;1;360
;(2, 5);MoveSouthEast;(12, 5);False;1;361
;(2, 5);MoveSouthEast;(12, 5);False;1;362
MoveSouth;(2, 6);MoveSouthEast;(12, 5);False;1;363
;(2, 6);MoveSouthEast;(12, 5);False;1;364
;(2, 6);MoveSouthEast;(12, 5);False;1;365
MoveSouth;(2, 7);MoveSouthEast;(12, 5);False;1;366
;(2, 7);MoveSouthEast;(12, 5);False;1;367
;(2, 7);MoveSouthEast;(12, 5);False;1;368
;(2, 7);MoveSouthEast;(12, 5);False;1;369
MoveEast;(3, 7);MoveSouthEast;(13, 6);False;1;370
;(3, 7);GrabObject;(13, 6);False;1;371
;(3, 7);GrabObject;(13, 6);False;1;372
;(3, 7);GrabObject;(13, 6);False;1;373
;(3, 7);GrabObject;(13, 6);False;1;374
MoveSouth;(3, 8);GrabObject;(13, 6);False;1;375
;(3, 8);GrabObject;(13, 6);False;1;376
;(3, 8);GrabObject;(13, 6);False;1;377
;(3, 8);GrabObject;(13, 6);False;1;378
;(3, 8);GrabObject;(13, 6);False;1;379
;(3, 8);GrabObject;(13, 6);False;1;380
;(3, 8);GrabObject;(13, 6);False;1;381
;(3, 8);;(13, 6);False;1;382
MoveSouth;(3, 9);MoveSouth;(13, 6);False;1;383
;(3, 9);MoveSouth;(13, 6);False;1;384
;(3, 9);MoveSouth;(13, 6);False;1;385
MoveEast;(4, 9);MoveSouth;(13, 6);False;1;386
;(4, 9);MoveSouth;(13, 6);False;1;387
;(4, 9);MoveSouth;(13, 6);False;1;388
;(4, 9);MoveSouth;(13, 6);False;1;389
;(4, 9);MoveSouth;(13, 6);False;1;390
MoveEast;(5, 9);MoveSouth;(13, 6);False;1;391
;(5, 9);MoveSouth;(13, 6);False;1;392
;(5, 9);MoveSouth;(13, 7);False;1;393
;(5, 9);GrabObject;(13, 7);False;1;394
;(5, 9);GrabObject;(13, 7);False;1;395
;(5, 9);GrabObject;(13, 7);False;1;396
;(5, 9);GrabObject;(13, 7);False;1;397
MoveSouth;(5, 10);GrabObject;(13, 7);False;1;398
;(5, 10);GrabObject;(13, 7);False;1;399
;(5, 10);GrabObject;(13, 7);False;1;400
;(5, 10);GrabObject;(13, 7);False;1;401
MoveEast;(6, 10);GrabObject;(13, 7);False;1;402
;(6, 10);GrabObject;(13, 7);False;1;403
;(6, 10);GrabObject;(13, 7);False;1;404
;(6, 10);;(13, 7);False;1;405
;(6, 10);Idle;(13, 7);False;1;406
;(6, 10);Idle;(13, 7);False;1;407
GrabObject;(6, 10);Idle;(13, 7);False;1;408
;(6, 10);Idle;(13, 7);False;1;409
;(6, 10);Idle;(13, 7);False;1;410
;(6, 10);Idle;(13, 7);False;1;411
;(6, 10);Idle;(13, 7);False;1;412
;(6, 10);Idle;(13, 7);False;1;413
;(6, 10);Idle;(13, 7);False;1;414
;(6, 10);Idle;(13, 7);False;1;415
;(6, 10);Idle;(13, 7);False;1;416
MoveWest;(5, 10);Idle;(13, 7);False;1;417
;(5, 10);Idle;(13, 7);False;1;418
;(5, 10);Idle;(13, 7);False;1;419
;(5, 10);Idle;(13, 7);False;1;420
;(5, 10);Idle;(13, 7);False;1;421
;(5, 10);Idle;(13, 7);False;1;422
;(5, 10);Idle;(13, 7);False;1;423
;(5, 10);Idle;(13, 7);False;1;424
MoveWest;(4, 10);Idle;(13, 7);False;1;425
MoveWest;(3, 10);Idle;(13, 7);False;1;426
MoveWest;(2, 10);Idle;(13, 7);False;1;427
MoveWest;(1, 10);Idle;(13, 7);False;1;428
MoveWest;(0, 10);Idle;(13, 7);False;1;429
MoveWest;(0, 10);Idle;(13, 7);False;1;430
MoveWest;(0, 10);Idle;(13, 7);False;1;431
MoveWest;(0, 10);Idle;(13, 7);False;1;432
MoveWest;(0, 10);Idle;(13, 7);False;1;433
MoveWest;(0, 10);Idle;(13, 7);False;1;434
MoveWest;(0, 10);Idle;(13, 7);False;1;435
MoveWest;(0, 10);Idle;(13, 7);False;1;436
DropObject;(0, 10);Idle;(13, 7);False;1;437
;(0, 10);Idle;(13, 7);False;1;438
;(0, 10);Idle;(13, 7);False;1;439
;(0, 10);Idle;(13, 7);False;1;440
;(0, 10);Idle;(13, 7);False;1;441
MoveEast;(1, 10);Idle;(13, 7);False;1;442
;(1, 10);Idle;(13, 7);False;1;443
;(1, 10);Idle;(13, 7);False;1;444
;(1, 10);Idle;(13, 7);False;1;445
;(1, 10);Idle;(13, 7);False;1;446
;(1, 10);Idle;(13, 7);False;1;447
;(1, 10);Idle;(13, 7);False;1;448
;(1, 10);Idle;(13, 7);False;1;449
;(1, 10);Idle;(13, 7);False;1;450
;(1, 10);Idle;(13, 7);False;1;451
MoveEast;(2, 10);Idle;(13, 7);False;1;452
MoveEast;(3, 10);Idle;(13, 7);False;1;453
MoveEast;(4, 10);Idle;(13, 7);False;1;454
MoveEast;(5, 10);Idle;(13, 7);False;1;455
MoveEast;(6, 10);Idle;(13, 7);False;1;456
MoveEast;(7, 10);Idle;(13, 7);False;1;457
MoveEast;(8, 10);Idle;(13, 7);False;1;458
MoveEast;(9, 10);Idle;(13, 7);False;1;459
MoveEast;(10, 10);Idle;(13, 7);False;1;460
MoveEast;(11, 10);;(13, 7);False;1;461
MoveEast;(12, 10);MoveWest;(13, 7);False;1;462
MoveEast;(13, 10);MoveWest;(13, 7);False;1;463
MoveEast;(14, 10);MoveWest;(13, 7);False;1;464
MoveEast;(15, 10);MoveWest;(13, 7);False;1;465
;(15, 10);MoveWest;(13, 7);False;1;466
;(15, 10);MoveWest;(13, 7);False;1;467
;(15, 10);MoveWest;(13, 7);False;1;468
;(15, 10);MoveWest;(13, 7);False;1;469
;(15, 10);MoveWest;(13, 7);False;1;470
;(15, 10);MoveWest;(13, 7);False;1;471
;(15, 10);MoveWest;(12, 7);False;1;472
;(15, 10);MoveWest;(12, 7);False;1;473
;(15, 10);MoveWest;(12, 7);False;1;474
MoveWest;(14, 10);MoveWest;(12, 7);False;1;475
;(14, 10);MoveWest;(12, 7);False;1;476
;(14, 10);MoveWest;(12, 7);False;1;477
;(14, 10);MoveWest;(12, 7);False;1;478
;(14, 10);MoveWest;(12, 7);False;1;479
;(14, 10);MoveWest;(12, 7);False;1;480
;(14, 10);MoveWest;(12, 7);False;1;481
;(14, 10);MoveWest;(12, 7);False;1;482
;(14, 10);MoveWest;(11, 7);False;1;483
;(14, 10);MoveSouthWest;(11, 7);False;1;484
;(14, 10);MoveSouthWest;(11, 7);False;1;485
GrabObject;(14, 10);MoveSouthWest;(11, 7);False;1;486
;(14, 10);MoveSouthWest;(11, 7);False;1;487
MoveEast;(15, 10);MoveSouthWest;(11, 7);False;1;488
;(15, 10);MoveSouthWest;(11, 7);False;1;489
;(15, 10);MoveSouthWest;(11, 7);False;1;490
;(15, 10);MoveSouthWest;(11, 7);False;1;491
;(15, 10);MoveSouthWest;(11, 7);False;1;492
;(15, 10);MoveSouthWest;(11, 7);False;1;493
;(15, 10);MoveSouthWest;(10, 8);False;1;494
;(15, 10);MoveWest;(10, 8);False;1;495
;(15, 10);MoveWest;(10, 8);False;1;496
;(15, 10);MoveWest;(10, 8);False;1;497
MoveEast;(16, 10);MoveWest;(10, 8);False;1;498
MoveEast;(17, 10);MoveWest;(10, 8);False;1;499
MoveEast;(18, 10);MoveWest;(10, 8);False;1;500
MoveEast;(19, 10);MoveWest;(10, 8);False;1;501
MoveEast;(19, 10);MoveWest;(10, 8);False;1;502
MoveEast;(19, 10);MoveWest;(10, 8);False;1;503
MoveEast;(19, 10);MoveWest;(10, 8);False;1;504
MoveEast;(19, 10);MoveWest;(9, 8);False;1;505
MoveEast;(19, 10);MoveWest;(9, 8);False;1;506
MoveEast;(19, 10);MoveWest;(9, 8);False;1;507
;(19, 10);MoveWest;(9, 8);False;1;508
DropObject;(19, 10);MoveWest;(9, 8);False;1;509
;(19, 10);MoveWest;(9, 8);False;1;510
;(19, 10);MoveWest;(9, 8);False;1;511
;(19, 10);MoveWest;(9, 8);False;1;512
MoveWest;(18, 10);MoveWest;(9, 8);False;1;513
;(18, 10);MoveWest;(9, 8);False;1;514
;(18, 10);MoveWest;(9, 8);False;1;515
;(18, 10);MoveWest;(8, 8);False;1;516
;(18, 10);MoveSouthWest;(8, 8);False;1;517
;(18, 10);MoveSouthWest;(8, 8);False;1;518
;(18, 10);MoveSouthWest;(8, 8);False;1;519
;(18, 10);MoveSouthWest;(8, 8);False;1;520
;(18, 10);MoveSouthWest;(8, 8);False;1;521
;(18, 10);MoveSouthWest;(8, 8);False;1;522
;(18, 10);MoveSouthWest;(8, 8);False;1;523
MoveWest;(17, 10);MoveSouthWest;(8, 8);False;1;524
MoveWest;(16, 10);MoveSouthWest;(8, 8);False;1;525
MoveWest;(15, 10);MoveSouthWest;(8, 8);False;1;526
MoveWest;(14, 10);MoveSouthWest;(7, 9);False;1;527
MoveWest;(13, 10);GrabObject;(7, 9);False;1;528
MoveWest;(12, 10);GrabObject;(7, 9);False;1;529
MoveWest;(11, 10);GrabObject;(7, 9);False;1;530
MoveWest;(10, 10);GrabObject;(7, 9);False;1;531
MoveWest;(9, 10);GrabObject;(7, 9);False;1;532
MoveWest;(8, 10);GrabObject;(7, 9);False;1;533
;(8, 10);GrabObject;(7, 9);False;1;534
;(8, 10);GrabObject;(7, 9);False;1;535
MoveNorth;(8, 9);GrabObject;(7, 9);False;1;536
;(8, 9);GrabObject;(7, 9);False;1;537
;(8, 9);GrabObject;(7, 9);False;1;538
;(8, 9);;(7, 9);False;1;539
;(8, 9);Idle;(7, 9);False;1;540
;(8, 9);Idle;(7, 9);False;1;541
;(8, 9);Idle;(7, 9);False;1;542
;(8, 9);Idle;(7, 9);False;1;543
;(8, 9);Idle;(7, 9);False;1;544
MoveEast;(9, 9);Idle;(7, 9);False;1;545
;(9, 9);Idle;(7, 9);False;1;546
;(9, 9);Idle;(7, 9);False;1;547
;(9, 9);Idle;(7, 9);False;1;548
;(9, 9);Idle;(7, 9);False;1;549
;(9, 9);Idle;(7, 9);False;1;550
;(9, 9);Idle;(7, 9);False;1;551
;(9, 9);Idle;(7, 9);False;1;552
;(9, 9);Idle;(7, 9);False;1;553
;(9, 9);Idle;(7, 9);False;1;554
;(9, 9);Idle;(7, 9);False;1;555
;(9, 9);Idle;(7, 9);False;1;556
;(9, 9);Idle;(7, 9);False;1;557
;(9, 9);Idle;(7, 9);False;1;558
;(9, 9);Idle;(7, 9);False;1;559
;(9, 9);Idle;(7, 9);False;1;560
;(9, 9);Idle;(7, 9);False;1;561
;(9, 9);Idle;(7, 9);False;1;562
;(9, 9);Idle;(7, 9);False;1;563
;(9, 9);Idle;(7, 9);False;1;564
;(9, 9);Idle;(7, 9);False;1;565
;(9, 9);Idle;(7, 9);False;1;566
;(9, 9);Idle;(7, 9);False;1;567
;(9, 9);Idle;(7, 9);False;1;568
;(9, 9);Idle;(7, 9);False;1;569
;(9, 9);Idle;(7, 9);False;1;570
;(9, 9);Idle;(7, 9);False;1;571
;(9, 9);Idle;(7, 9);False;1;572
;(9, 9);Idle;(7, 9);False;1;573
;(9, 9);Idle;(7, 9);False;1;574
;(9, 9);Idle;(7, 9);False;1;575
;(9, 9);Idle;(7, 9);False;1;576
;(9, 9);Idle;(7, 9);False;1;577
;(9, 9);Idle;(7, 9);False;1;578
;(9, 9);Idle;(7, 9);False;1;579
;(9, 9);Idle;(7, 9);False;1;580
;(9, 9);Idle;(7, 9);False;1;581
;(9, 9);Idle;(7, 9);False;1;582
;(9, 9);Idle;(7, 9);False;1;583
;(9, 9);Idle;(7, 9);False;1;584
;(9, 9);Idle;(7, 9);False;1;585
;(9, 9);Idle;(7, 9);False;1;586
;(9, 9);Idle;(7, 9);False;1;587
;(9, 9);Idle;(7, 9);False;1;588
;(9, 9);Idle;(7, 9);False;1;589
;(9, 9);Idle;(7, 9);False;1;590
;(9, 9);Idle;(7, 9);False;1;591
;(9, 9);Idle;(7, 9);False;1;592
;(9, 9);Idle;(7, 9);False;1;593
;(9, 9);Idle;(7, 9);False;1;594
;(9, 9);;(7, 9);False;1;595
;(9, 9);MoveNorth;(7, 9);False;1;596
;(9, 9);MoveNorth;(7, 9);False;1;597
;(9, 9);MoveNorth;(7, 9);False;1;598
;(9, 9);MoveNorth;(7, 9);False;1;599
;(9, 9);MoveNorth;(7, 9);False;1;600
;(9, 9);MoveNorth;(7, 9);False;1;601
;(9, 9);MoveNorth;(7, 9);False;1;602
;(9, 9);MoveNorth;(7, 9);False;1;603
;(9, 9);MoveNorth;(7, 9);False;1;604
;(9, 9);MoveNorth;(7, 9);False;1;605
;(9, 9);MoveNorth;(7, 8);False;1;606
;(9, 9);MoveNorth;(7, 8);False;1;607
;(9, 9);MoveNorth;(7, 8);False;1;608
;(9, 9);MoveNorth;(7, 8);False;1;609
;(9, 9);MoveNorth;(7, 8);False;1;610
;(9, 9);MoveNorth;(7, 8);False;1;611
;(9, 9);MoveNorth;(7, 8);False;1;612
;(9, 9);MoveNorth;(7, 8);False;1;613
;(9, 9);MoveNorth;(7, 8);False;1;614
;(9, 9);MoveNorth;(7, 8);False;1;615
;(9, 9);MoveNorth;(7, 8);False;1;616
;(9, 9);MoveNorth;(7, 7);False;1;617
;(9, 9);BreakObject;(7, 7);False;1;618
;(9, 9);BreakObject;(7, 7);False;1;619
;(9, 9);BreakObject;(7, 7);False;1;620
;(9, 9);BreakObject;(7, 7);False;1;621
;(9, 9);BreakObject;(7, 7);False;1;622
;(9, 9);BreakObject;(7, 7);False;1;623
;(9, 9);BreakObject;(7, 7);False;1;624
;(9, 9);BreakObject;(7, 7);False;1;625
;(9, 9);BreakObject;(7, 7);False;1;626
;(9, 9);BreakObject;(7, 7);False;1;627
;(9, 9);BreakObject;(7, 7);False;1;628
;(9, 9);;(7, 7);False;1;629
;(9, 9);MoveWest;(7, 7);False;1;630
;(9, 9);MoveWest;(7, 7);False;1;631
;(9, 9);MoveWest;(7, 7);False;1;632
;(9, 9);MoveWest;(7, 7);False;1;633
;(9, 9);MoveWest;(7, 7);False;1;634
;(9, 9);MoveWest;(7, 7);False;1;635
;(9, 9);MoveWest;(7, 7);False;1;636
;(9, 9);MoveWest;(7, 7);False;1;637
;(9, 9);MoveWest;(7, 7);False;1;638
;(9, 9);MoveWest;(7, 7);False;1;639
;(9, 9);MoveWest;(6, 7);False;1;640
;(9, 9);MoveWest;(6, 7);False;1;641
;(9, 9);MoveWest;(6, 7);False;1;642
;(9, 9);MoveWest;(6, 7);False;1;643
;(9, 9);MoveWest;(6, 7);False;1;644
;(9, 9);MoveWest;(6, 7);False;1;645
;(9, 9);MoveWest;(6, 7);False;1;646
MoveWest;(8, 9);MoveWest;(6, 7);False;1;647
;(8, 9);MoveWest;(6, 7);False;1;648
;(8, 9);MoveWest;(6, 7);False;1;649
;(8, 9);MoveWest;(6, 7);False;1;650
MoveWest;(7, 9);MoveWest;(5, 7);False;1;651
;(7, 9);MoveWest;(5, 7);False;1;652
;(7, 9);MoveWest;(5, 7);False;1;653
;(7, 9);MoveWest;(5, 7);False;1;654
MoveNorth;(7, 8);MoveWest;(5, 7);False;1;655
;(7, 8);MoveWest;(5, 7);False;1;656
;(7, 8);MoveWest;(5, 7);False;1;657
;(7, 8);MoveWest;(5, 7);False;1;658
;(7, 8);MoveWest;(5, 7);False;1;659
MoveEast;(8, 8);MoveWest;(5, 7);False;1;660
;(8, 8);MoveWest;(5, 7);False;1;661
;(8, 8);MoveWest;(4, 7);False;1;662
;(8, 8);MoveNorthWest;(4, 7);False;1;663
;(8, 8);MoveNorthWest;(4, 7);False;1;664
;(8, 8);MoveNorthWest;(4, 7);False;1;665
;(8, 8);MoveNorthWest;(4, 7);False;1;666
;(8, 8);MoveNorthWest;(4, 7);False;1;667
;(8, 8);MoveNorthWest;(4, 7);False;1;668
;(8, 8);MoveNorthWest;(4, 7);False;1;669
;(8, 8);MoveNorthWest;(4, 7);False;1;670
MoveNorth;(8, 7);MoveNorthWest;(4, 7);False;1;671
;(8, 7);MoveNorthWest;(4, 7);False;1;672
;(8, 7);MoveNorthWest;(3, 6);False;1;673
;(8, 7);MoveWest;(3, 6);False;1;674
;(8, 7);MoveWest;(3, 6);False;1;675
GrabObject;(8, 7);MoveWest;(3, 6);False;1;676
;(8, 7);MoveWest;(3, 6);False;1;677
;(8, 7);MoveWest;(3, 6);False;1;678
;(8, 7);MoveWest;(3, 6);False;1;679
MoveWest;(7, 7);MoveWest;(3, 6);False;1;680
;(7, 7);MoveWest;(3, 6);False;1;681
;(7, 7);MoveWest;(3, 6);False;1;682
;(7, 7);MoveWest;(3, 6);False;1;683
;(7, 7);MoveWest;(2, 6);False;1;684
;(7, 7);MoveNorthWest;(2, 6);False;1;685
;(7, 7);MoveNorthWest;(2, 6);False;1;686
;(7, 7);MoveNorthWest;(2, 6);False;1;687
;(7, 7);MoveNorthWest;(2, 6);False;1;688
;(7, 7);MoveNorthWest;(2, 6);False;1;689
MoveWest;(6, 7);MoveNorthWest;(2, 6);False;1;690
MoveWest;(5, 7);MoveNorthWest;(2, 6);False;1;691
MoveWest;(4, 7);MoveNorthWest;(2, 6);False;1;692
MoveWest;(3, 7);MoveNorthWest;(2, 6);False;1;693
MoveWest;(2, 7);MoveNorthWest;(2, 6);False;1;694
MoveWest;(1, 7);MoveNorthWest;(1, 5);False;1;695
MoveWest;(0, 7);MoveWest;(1, 5);False;1;696
MoveWest;(0, 7);MoveWest;(1, 5);False;1;697
MoveWest;(0, 7);MoveWest;(1, 5);False;1;698
;(0, 7);MoveWest;(1, 5);False;1;699
;(0, 7);MoveWest;(1, 5);False;1;700
;(0, 7);MoveWest;(1, 5);False;1;701
;(0, 7);MoveWest;(1, 5);False;1;702
DropObject;(0, 7);MoveWest;(1, 5);False;1;703
;(0, 7);MoveWest;(1, 5);False;1;704
;(0, 7);MoveWest;(1, 5);False;1;705
;(0, 7);MoveWest;(0, 5);False;1;706
MoveEast;(1, 7);DropObject;(0, 5);False;1;707
;(1, 7);DropObject;(0, 5);False;1;708
;(1, 7);DropObject;(0, 5);False;1;709
;(1, 7);DropObject;(0, 5);False;1;710
;(1, 7);DropObject;(0, 5);False;1;711
;(1, 7);DropObject;(0, 5);False;1;712
;(1, 7);DropObject;(0, 5);False;1;713
;(1, 7);DropObject;(0, 5);False;1;714
;(1, 7);DropObject;(0, 5);False;1;715
;(1, 7);DropObject;(0, 5);False;1;716
MoveEast;(2, 7);DropObject;(0, 5);False;1;717
MoveEast;(3, 7);DropObject;(0, 5);False;1;718
MoveEast;(4, 7);DropObject;(0, 5);False;1;719
MoveEast;(5, 7);DropObject;(0, 5);False;1;720
MoveEast;(6, 7);DropObject;(0, 5);False;1;721
MoveEast;(7, 7);DropObject;(0, 5);False;1;722
;(7, 7);DropObject;(0, 5);False;1;723
MoveSouth;(7, 8);DropObject;(0, 5);False;1;724
;(7, 8);DropObject;(0, 5);False;1;725
;(7, 8);DropObject;(0, 5);False;1;726
;(7, 8);DropObject;(0, 5);False;1;727
;(7, 8);DropObject;(0, 5);False;1;728
;(7, 8);DropObject;(0, 5);False;1;729
;(7, 8);DropObject;(0, 5);False;1;730
MoveEast;(8, 8);DropObject;(0, 5);False;1;731
;(8, 8);DropObject;(0, 5);False;1;732
;(8, 8);DropObject;(0, 5);False;1;733
;(8, 8);DropObject;(0, 5);False;1;734
;(8, 8);DropObject;(0, 5);False;1;735
;(8, 8);DropObject;(0, 5);False;1;736
;(8, 8);DropObject;(0, 5);False;1;737
;(8, 8);DropObject;(0, 5);False;1;738
;(8, 8);DropObject;(0, 5);False;1;739
;(8, 8);DropObject;(0, 5);False;1;740
MoveNorth;(8, 7);DropObject;(0, 5);False;1;741
;(8, 7);DropObject;(0, 5);False;1;742
;(8, 7);DropObject;(0, 5);False;1;743
;(8, 7);DropObject;(0, 5);False;1;744
;(8, 7);DropObject;(0, 5);False;1;745
;(8, 7);DropObject;(0, 5);False;1;746
;(8, 7);DropObject;(0, 5);False;1;747
;(8, 7);DropObject;(0, 5);False;1;748
;(8, 7);DropObject;(0, 5);False;1;749
;(8, 7);DropObject;(0, 5);False;1;750
;(8, 7);DropObject;(0, 5);False;1;751
;(8, 7);DropObject;(0, 5);False;1;752
;(8, 7);DropObject;(0, 5);False;1;753
;(8, 7);DropObject;(0, 5);False;1;754
;(8, 7);DropObject;(0, 5);False;1;755
;(8, 7);DropObject;(0, 5);False;1;756
;(8, 7);DropObject;(0, 5);False;1;757
;(8, 7);DropObject;(0, 5);False;1;758
;(8, 7);DropObject;(0, 5);False;1;759
;(8, 7);DropObject;(0, 5);False;1;760
MoveSouth;(8, 8);DropObject;(0, 5);False;1;761
;(8, 8);;(0, 5);False;1;762
;(8, 8);Idle;(0, 5);False;1;763
;(8, 8);Idle;(0, 5);False;1;764
;(8, 8);Idle;(0, 5);False;1;765
;(8, 8);Idle;(0, 5);False;1;766
;(8, 8);Idle;(0, 5);False;1;767
;(8, 8);Idle;(0, 5);False;1;768
;(8, 8);Idle;(0, 5);False;1;769
;(8, 8);Idle;(0, 5);False;1;770
GrabObject;(8, 8);Idle;(0, 5);False;1;771
;(8, 8);Idle;(0, 5);False;1;772
;(8, 8);Idle;(0, 5);False;1;773
MoveWest;(7, 8);Idle;(0, 5);False;1;774
;(7, 8);Idle;(0, 5);False;1;775
;(7, 8);Idle;(0, 5);False;1;776
;(7, 8);Idle;(0, 5);False;1;777
;(7, 8);Idle;(0, 5);False;1;778
;(7, 8);Idle;(0, 5);False;1;779
;(7, 8);Idle;(0, 5);False;1;780
;(7, 8);Idle;(0, 5);False;1;781
;(7, 8);Idle;(0, 5);False;1;782
;(7, 8);Idle;(0, 5);False;1;783
MoveWest;(6, 8);Idle;(0, 5);False;1;784
MoveWest;(5, 8);Idle;(0, 5);False;1;785
MoveWest;(4, 8);Idle;(0, 5);False;1;786
MoveWest;(3, 8);Idle;(0, 5);False;1;787
MoveWest;(2, 8);Idle;(0, 5);False;1;788
MoveWest;(1, 8);Idle;(0, 5);False;1;789
MoveWest;(0, 8);Idle;(0, 5);False;1;790
MoveWest;(0, 8);Idle;(0, 5);False;1;791
MoveWest;(0, 8);Idle;(0, 5);False;1;792
MoveWest;(0, 8);Idle;(0, 5);False;1;793
MoveWest;(0, 8);Idle;(0, 5);False;1;794
MoveWest;(0, 8);Idle;(0, 5);False;1;795
MoveWest;(0, 8);Idle;(0, 5);False;1;796
;(0, 8);Idle;(0, 5);False;1;797
DropObject;(0, 8);Idle;(0, 5);False;1;798
;(0, 8);Idle;(0, 5);False;1;799
;(0, 8);Idle;(0, 5);False;1;800
;(0, 8);Idle;(0, 5);False;1;801
MoveEast;(1, 8);Idle;(0, 5);False;1;802
;(1, 8);Idle;(0, 5);False;1;803
;(1, 8);Idle;(0, 5);False;1;804
;(1, 8);Idle;(0, 5);False;1;805
;(1, 8);Idle;(0, 5);False;1;806
;(1, 8);Idle;(0, 5);False;1;807
;(1, 8);Idle;(0, 5);False;1;808
;(1, 8);Idle;(0, 5);False;1;809
;(1, 8);Idle;(0, 5);False;1;810
;(1, 8);Idle;(0, 5);False;1;811
MoveEast;(2, 8);Idle;(0, 5);False;1;812
MoveEast;(3, 8);Idle;(0, 5);False;1;813
MoveEast;(4, 8);Idle;(0, 5);False;1;814
MoveEast;(5, 8);Idle;(0, 5);False;1;815
MoveEast;(6, 8);Idle;(0, 5);False;1;816
;(6, 8);Idle;(0, 5);False;1;817
;(6, 8);;(0, 5);False;1;818
;(6, 8);MoveEast;(0, 5);False;1;819
MoveEast;(7, 8);MoveEast;(0, 5);False;1;820
;(7, 8);MoveEast;(0, 5);False;1;821
;(7, 8);MoveEast;(0, 5);False;1;822
;(7, 8);MoveEast;(0, 5);False;1;823
;(7, 8);MoveEast;(0, 5);False;1;824
;(7, 8);MoveEast;(0, 5);False;1;825
;(7, 8);MoveEast;(0, 5);False;1;826
;(7, 8);MoveEast;(0, 5);False;1;827
;(7, 8);MoveEast;(0, 5);False;1;828
;(7, 8);MoveEast;(1, 5);False;1;829
GrabObject;(7, 8);MoveEast;(1, 5);False;1;830
;(7, 8);MoveEast;(1, 5);False;1;831
;(7, 8);MoveEast;(1, 5);False;1;832
MoveWest;(6, 8);MoveEast;(1, 5);False;1;833
;(6, 8);MoveEast;(1, 5);False;1;834
;(6, 8);MoveEast;(1, 5);False;1;835
;(6, 8);MoveEast;(1, 5);False;1;836
;(6, 8);MoveEast;(1, 5);False;1;837
;(6, 8);MoveEast;(1, 5);False;1;838
;(6, 8);MoveEast;(1, 5);False;1;839
;(6, 8);MoveEast;(2, 5);False;1;840
;(6, 8);MoveWest;(2, 5);False;1;841
;(6, 8);MoveWest;(2, 5);False;1;842
MoveWest;(5, 8);MoveWest;(2, 5);False;1;843
MoveWest;(4, 8);MoveWest;(2, 5);False;1;844
MoveWest;(3, 8);MoveWest;(2, 5);False;1;845
MoveWest;(2, 8);MoveWest;(2, 5);False;1;846
MoveWest;(1, 8);MoveWest;(2, 5);False;1;847
MoveWest;(0, 8);MoveWest;(2, 5);False;1;848
MoveWest;(0, 8);MoveWest;(2, 5);False;1;849
MoveWest;(0, 8);MoveWest;(2, 5);False;1;850
MoveWest;(0, 8);MoveWest;(1, 5);False;1;851
MoveWest;(0, 8);MoveWest;(1, 5);False;1;852
MoveWest;(0, 8);MoveWest;(1, 5);False;1;853
MoveWest;(0, 8);MoveWest;(1, 5);False;1;854
MoveWest;(0, 8);MoveWest;(1, 5);False;1;855
MoveWest;(0, 8);MoveWest;(1, 5);False;1;856
DropObject;(0, 8);MoveWest;(1, 5);False;1;857
;(0, 8);MoveWest;(1, 5);False;1;858
;(0, 8);MoveWest;(1, 5);False;1;859
;(0, 8);MoveWest;(1, 5);False;1;860
;(0, 8);MoveWest;(1, 5);False;1;861
;(0, 8);MoveWest;(0, 5);False;1;862
;(0, 8);MoveEast;(0, 5);False;1;863
;(0, 8);MoveEast;(0, 5);False;1;864
MoveEast;(1, 8);MoveEast;(0, 5);False;1;865
;(1, 8);MoveEast;(0, 5);False;1;866
;(1, 8);MoveEast;(0, 5);False;1;867
;(1, 8);MoveEast;(0, 5);False;1;868
;(1, 8);MoveEast;(0, 5);False;1;869
;(1, 8);MoveEast;(0, 5);False;1;870
;(1, 8);MoveEast;(0, 5);False;1;871
;(1, 8);MoveEast;(0, 5);False;1;872
;(1, 8);MoveEast;(1, 5);False;1;873
;(1, 8);MoveEast;(1, 5);False;1;874
;(1, 8);MoveEast;(1, 5);False;1;875
;(1, 8);MoveEast;(1, 5);False;1;876
;(1, 8);MoveEast;(1, 5);False;1;877
;(1, 8);MoveEast;(1, 5);False;1;878
;(1, 8);MoveEast;(1, 5);False;1;879
;(1, 8);MoveEast;(1, 5);False;1;880
;(1, 8);MoveEast;(1, 5);False;1;881
;(1, 8);MoveEast;(1, 5);False;1;882
;(1, 8);MoveEast;(1, 5);False;1;883
;(1, 8);MoveEast;(2, 5);False;1;884
;(1, 8);MoveWest;(2, 5);False;1;885
;(1, 8);MoveWest;(2, 5);False;1;886
;(1, 8);MoveWest;(2, 5);False;1;887
;(1, 8);MoveWest;(2, 5);False;1;888
;(1, 8);MoveWest;(2, 5);False;1;889
;(1, 8);MoveWest;(2, 5);False;1;890
;(1, 8);MoveWest;(2, 5);False;1;891
;(1, 8);MoveWest;(2, 5);False;1;892
;(1, 8);MoveWest;(2, 5);False;1;893
;(1, 8);MoveWest;(2, 5);False;1;894
;(1, 8);MoveWest;(1, 5);False;1;895
;(1, 8);MoveWest;(1, 5);False;1;896
;(1, 8);MoveWest;(1, 5);False;1;897
;(1, 8);MoveWest;(1, 5);False;1;898
;(1, 8);MoveWest;(1, 5);False;1;899
;(1, 8);MoveWest;(1, 5);False;1;900
;(1, 8);MoveWest;(1, 5);False;1;901
;(1, 8);MoveWest;(1, 5);False;1;902
;(1, 8);MoveWest;(1, 5);False;1;903
;(1, 8);MoveWest;(1, 5);False;1;904
;(1, 8);MoveWest;(1, 5);False;1;905
;(1, 8);MoveWest;(0, 5);False;1;906
;(1, 8);MoveEast;(0, 5);False;1;907
;(1, 8);MoveEast;(0, 5);False;1;908
;(1, 8);MoveEast;(0, 5);False;1;909
;(1, 8);MoveEast;(0, 5);False;1;910
;(1, 8);MoveEast;(0, 5);False;1;911
;(1, 8);MoveEast;(0, 5);False;1;912
;(1, 8);MoveEast;(0, 5);False;1;913
;(1, 8);MoveEast;(0, 5);False;1;914
;(1, 8);MoveEast;(0, 5);False;1;915
;(1, 8);MoveEast;(0, 5);False;1;916
;(1, 8);MoveEast;(1, 5);False;1;917
;(1, 8);MoveEast;(1, 5);False;1;918
;(1, 8);MoveEast;(1, 5);False;1;919
;(1, 8);MoveEast;(1, 5);False;1;920
;(1, 8);MoveEast;(1, 5);False;1;921
;(1, 8);MoveEast;(1, 5);False;1;922
;(1, 8);MoveEast;(1, 5);False;1;923
;(1, 8);MoveEast;(1, 5);False;1;924
;(1, 8);MoveEast;(1, 5);False;1;925
;(1, 8);MoveEast;(1, 5);False;1;926
;(1, 8);MoveEast;(1, 5);False;1;927
;(1, 8);MoveEast;(2, 5);False;1;928
;(1, 8);MoveWest;(2, 5);False;1;929
;(1, 8);MoveWest;(2, 5);False;1;930
;(1, 8);MoveWest;(2, 5);False;1;931
;(1, 8);MoveWest;(2, 5);False;1;932
;(1, 8);MoveWest;(2, 5);False;1;933
;(1, 8);MoveWest;(2, 5);False;1;934
;(1, 8);MoveWest;(2, 5);False;1;935
;(1, 8);MoveWest;(2, 5);False;1;936
;(1, 8);MoveWest;(2, 5);False;1;937
;(1, 8);MoveWest;(2, 5);False;1;938
;(1, 8);MoveWest;(1, 5);False;1;939
;(1, 8);MoveWest;(1, 5);False;1;940
;(1, 8);MoveWest;(1, 5);False;1;941
;(1, 8);MoveWest;(1, 5);False;1;942
;(1, 8);MoveWest;(1, 5);False;1;943
;(1, 8);MoveWest;(1, 5);False;1;944
;(1, 8);MoveWest;(1, 5);False;1;945
;(1, 8);MoveWest;(1, 5);False;1;946
;(1, 8);MoveWest;(1, 5);False;1;947
;(1, 8);MoveWest;(1, 5);False;1;948
;(1, 8);MoveWest;(1, 5);False;1;949
;(1, 8);MoveWest;(0, 5);False;1;950
;(1, 8);;(0, 5);False;1;951
;(1, 8);Idle;(0, 5);False;1;952
;(1, 8);Idle;(0, 5);False;1;953
;(1, 8);Idle;(0, 5);False;1;954
;(1, 8);Idle;(0, 5);False;1;955
;(1, 8);Idle;(0, 5);False;1;956
;(1, 8);Idle;(0, 5);False;1;957
;(1, 8);Idle;(0, 5);False;1;958
;(1, 8);Idle;(0, 5);False;1;959
;(1, 8);Idle;(0, 5);False;1;960
;(1, 8);Idle;(0, 5);False;1;961
;(1, 8);Idle;(0, 5);False;1;962
;(1, 8);Idle;(0, 5);False;1;963
;(1, 8);Idle;(0, 5);False;1;964
;(1, 8);Idle;(0, 5);False;1;965
;(1, 8);Idle;(0, 5);False;1;966
;(1, 8);Idle;(0, 5);False;1;967
;(1, 8);Idle;(0, 5);False;1;968
;(1, 8);Idle;(0, 5);False;1;969
;(1, 8);Idle;(0, 5);False;1;970
;(1, 8);Idle;(0, 5);False;1;971
;(1, 8);Idle;(0, 5);False;1;972
;(1, 8);Idle;(0, 5);False;1;973
;(1, 8);Idle;(0, 5);False;1;974
;(1, 8);Idle;(0, 5);False;1;975
;(1, 8);Idle;(0, 5);False;1;976
;(1, 8);Idle;(0, 5);False;1;977
;(1, 8);Idle;(0, 5);False;1;978
;(1, 8);Idle;(0, 5);False;1;979
;(1, 8);Idle;(0, 5);False;1;980
;(1, 8);Idle;(0, 5);False;1;981
;(1, 8);Idle;(0, 5);False;1;982
;(1, 8);Idle;(0, 5);False;1;983
;(1, 8);Idle;(0, 5);False;1;984
;(1, 8);Idle;(0, 5);False;1;985
;(1, 8);Idle;(0, 5);False;1;986
;(1, 8);Idle;(0, 5);False;1;987
;(1, 8);Idle;(0, 5);False;1;988
;(1, 8);Idle;(0, 5);False;1;989
;(1, 8);Idle;(0, 5);False;1;990
;(1, 8);Idle;(0, 5);False;1;991
;(1, 8);Idle;(0, 5);False;1;992
;(1, 8);Idle;(0, 5);False;1;993
;(1, 8);Idle;(0, 5);False;1;994
;(1, 8);Idle;(0, 5);False;1;995
;(1, 8);Idle;(0, 5);False;1;996
;(1, 8);Idle;(0, 5);False;1;997
;(1, 8);Idle;(0, 5);False;1;998
;(1, 8);Idle;(0, 5);False;1;999
;(1, 8);Idle;(0, 5);False;1;1000
;(1, 8);Idle;(0, 5);False;1;1001
;(1, 8);Idle;(0, 5);False;1;1002
;(1, 8);Idle;(0, 5);False;1;1003
;(1, 8);Idle;(0, 5);False;1;1004
;(1, 8);Idle;(0, 5);False;1;1005
;(1, 8);Idle;(0, 5);False;1;1006
;(1, 8);;(0, 5);False;1;1007
;(1, 8);MoveEast;(0, 5);False;1;1008
;(1, 8);MoveEast;(0, 5);False;1;1009
;(1, 8);MoveEast;(0, 5);False;1;1010
;(1, 8);MoveEast;(0, 5);False;1;1011
;(1, 8);MoveEast;(0, 5);False;1;1012
;(1, 8);MoveEast;(0, 5);False;1;1013
;(1, 8);MoveEast;(0, 5);False;1;1014
;(1, 8);MoveEast;(0, 5);False;1;1015
;(1, 8);MoveEast;(0, 5);False;1;1016
;(1, 8);MoveEast;(0, 5);False;1;1017
;(1, 8);MoveEast;(1, 5);False;1;1018
;(1, 8);MoveSouthEast;(1, 5);False;1;1019
;(1, 8);MoveSouthEast;(1, 5);False;1;1020
;(1, 8);MoveSouthEast;(1, 5);False;1;1021
;(1, 8);MoveSouthEast;(1, 5);False;1;1022
;(1, 8);MoveSouthEast;(1, 5);False;1;1023
;(1, 8);MoveSouthEast;(1, 5);False;1;1024
;(1, 8);MoveSouthEast;(1, 5);False;1;1025
;(1, 8);MoveSouthEast;(1, 5);False;1;1026
;(1, 8);MoveSouthEast;(1, 5);False;1;1027
;(1, 8);MoveSouthEast;(1, 5);False;1;1028
;(1, 8);MoveSouthEast;(2, 6);False;1;1029
;(1, 8);MoveEast;(2, 6);False;1;1030
;(1, 8);MoveEast;(2, 6);False;1;1031
;(1, 8);MoveEast;(2, 6);False;1;1032
;(1, 8);MoveEast;(2, 6);False;1;1033
;(1, 8);MoveEast;(2, 6);False;1;1034
;(1, 8);MoveEast;(2, 6);False;1;1035
;(1, 8);MoveEast;(2, 6);False;1;1036
;(1, 8);MoveEast;(2, 6);False;1;1037
;(1, 8);MoveEast;(2, 6);False;1;1038
;(1, 8);MoveEast;(2, 6);False;1;1039
;(1, 8);MoveEast;(3, 6);False;1;1040
;(1, 8);MoveSouthEast;(3, 6);False;1;1041
;(1, 8);MoveSouthEast;(3, 6);False;1;1042
;(1, 8);MoveSouthEast;(3, 6);False;1;1043
;(1, 8);MoveSouthEast;(3, 6);False;1;1044
;(1, 8);MoveSouthEast;(3, 6);False;1;1045
;(1, 8);MoveSouthEast;(3, 6);False;1;1046
;(1, 8);MoveSouthEast;(3, 6);False;1;1047
;(1, 8);MoveSouthEast;(3, 6);False;1;1048
;(1, 8);MoveSouthEast;(3, 6);False;1;1049
;(1, 8);MoveSouthEast;(3, 6);False;1;1050
;(1, 8);MoveSouthEast;(4, 7);False;1;1051
;(1, 8);MoveEast;(4, 7);False;1;1052
;(1, 8);MoveEast;(4, 7);False;1;1053
;(1, 8);MoveEast;(4, 7);False;1;1054
;(1, 8);MoveEast;(4, 7);False;1;1055
;(1, 8);MoveEast;(4, 7);False;1;1056
;(1, 8);MoveEast;(4, 7);False;1;1057
;(1, 8);MoveEast;(4, 7);False;1;1058
;(1, 8);MoveEast;(4, 7);False;1;1059
;(1, 8);MoveEast;(4, 7);False;1;1060
;(1, 8);MoveEast;(4, 7);False;1;1061
;(1, 8);MoveEast;(5, 7);False;1;1062
;(1, 8);MoveSouthEast;(5, 7);False;1;1063
MoveEast;(2, 8);MoveSouthEast;(5, 7);False;1;1064
;(2, 8);MoveSouthEast;(5, 7);False;1;1065
;(2, 8);MoveSouthEast;(5, 7);False;1;1066
;(2, 8);MoveSouthEast;(5, 7);False;1;1067
;(2, 8);MoveSouthEast;(5, 7);False;1;1068
;(2, 8);MoveSouthEast;(5, 7);False;1;1069
;(2, 8);MoveSouthEast;(5, 7);False;1;1070
;(2, 8);MoveSouthEast;(5, 7);False;1;1071
;(2, 8);MoveSouthEast;(5, 7);False;1;1072
MoveEast;(3, 8);MoveSouthEast;(6, 8);False;1;1073
MoveEast;(4, 8);MoveEast;(6, 8);False;1;1074
MoveEast;(5, 8);MoveEast;(6, 8);False;1;1075
MoveEast;(6, 8);MoveEast;(6, 8);False;1;1076
MoveEast;(7, 8);MoveEast;(6, 8);False;1;1077
MoveEast;(8, 8);MoveEast;(6, 8);False;1;1078
MoveEast;(9, 8);MoveEast;(6, 8);False;1;1079
MoveEast;(10, 8);MoveEast;(6, 8);False;1;1080
;(10, 8);MoveEast;(6, 8);False;1;1081
;(10, 8);MoveEast;(6, 8);False;1;1082
;(10, 8);MoveEast;(6, 8);False;1;1083
;(10, 8);MoveEast;(7, 8);False;1;1084
;(10, 8);GrabLargeObject;(7, 8);False;1;1085
;(10, 8);GrabLargeObject;(7, 8);False;1;1086
;(10, 8);GrabLargeObject;(7, 8);False;1;1087
;(10, 8);GrabLargeObject;(7, 8);False;1;1088
;(10, 8);GrabLargeObject;(7, 8);False;1;1089
MoveSouth;(10, 9);GrabLargeObject;(7, 8);False;1;1090
;(10, 9);GrabLargeObject;(7, 8);False;1;1091
;(10, 9);GrabLargeObject;(7, 8);False;1;1092
;(10, 9);GrabLargeObject;(7, 8);False;1;1093
;(10, 9);GrabLargeObject;(7, 8);False;1;1094
;(10, 9);GrabLargeObject;(7, 8);False;1;1095
;(10, 9);;(7, 8);False;1;1096
;(10, 9);MoveEast;(7, 8);False;1;1097
;(10, 9);MoveEast;(7, 8);False;1;1098
;(10, 9);MoveEast;(7, 8);False;1;1099
;(10, 9);MoveEast;(7, 8);False;1;1100
;(10, 9);MoveEast;(7, 8);False;1;1101
;(10, 9);MoveEast;(7, 8);False;1;1102
GrabObject;(10, 9);MoveEast;(7, 8);False;1;1103
;(10, 9);MoveEast;(7, 8);False;1;1104
;(10, 9);MoveEast;(7, 8);False;1;1105
;(10, 9);MoveEast;(7, 8);False;1;1106
;(10, 9);MoveEast;(8, 8);False;1;1107
;(10, 9);MoveEast;(8, 8);False;1;1108
;(10, 9);MoveEast;(8, 8);False;1;1109
MoveWest;(9, 9);MoveEast;(8, 8);False;1;1110
;(9, 9);MoveEast;(8, 8);False;1;1111
;(9, 9);MoveEast;(8, 8);False;1;1112
;(9, 9);MoveEast;(8, 8);False;1;1113
;(9, 9);MoveEast;(8, 8);False;1;1114
;(9, 9);MoveEast;(8, 8);False;1;1115
;(9, 9);MoveEast;(8, 8);False;1;1116
;(9, 9);MoveEast;(8, 8);False;1;1117
;(9, 9);MoveEast;(9, 8);False;1;1118
;(9, 9);MoveSouthEast;(9, 8);False;1;1119
MoveWest;(8, 9);MoveSouthEast;(9, 8);False;1;1120
MoveWest;(7, 9);MoveSouthEast;(9, 8);False;1;1121
MoveWest;(6, 9);MoveSouthEast;(9, 8);False;1;1122
MoveWest;(5, 9);MoveSouthEast;(9, 8);False;1;1123
MoveWest;(4, 9);MoveSouthEast;(9, 8);False;1;1124
MoveWest;(3, 9);MoveSouthEast;(9, 8);False;1;1125
MoveWest;(2, 9);MoveSouthEast;(9, 8);False;1;1126
MoveWest;(1, 9);MoveSouthEast;(9, 8);False;1;1127
MoveWest;(0, 9);MoveSouthEast;(9, 8);False;1;1128
MoveWest;(0, 9);MoveSouthEast;(10, 9);False;1;1129
MoveWest;(0, 9);Idle;(10, 9);False;1;1130
MoveWest;(0, 9);Idle;(10, 9);False;1;1131
MoveWest;(0, 9);Idle;(10, 9);False;1;1132
MoveWest;(0, 9);Idle;(10, 9);False;1;1133
MoveWest;(0, 9);Idle;(10, 9);False;1;1134
;(0, 9);Idle;(10, 9);False;1;1135
DropObject;(0, 9);Idle;(10, 9);False;1;1136
;(0, 9);Idle;(10, 9);False;1;1137
;(0, 9);Idle;(10, 9);False;1;1138
MoveEast;(1, 9);Idle;(10, 9);False;1;1139
;(1, 9);Idle;(10, 9);False;1;1140
;(1, 9);Idle;(10, 9);False;1;1141
;(1, 9);Idle;(10, 9);False;1;1142
;(1, 9);Idle;(10, 9);False;1;1143
;(1, 9);Idle;(10, 9);False;1;1144
;(1, 9);Idle;(10, 9);False;1;1145
;(1, 9);Idle;(10, 9);False;1;1146
;(1, 9);Idle;(10, 9);False;1;1147
MoveEast;(2, 9);Idle;(10, 9);False;1;1148
MoveEast;(3, 9);Idle;(10, 9);False;1;1149
MoveEast;(4, 9);Idle;(10, 9);False;1;1150
MoveEast;(5, 9);Idle;(10, 9);False;1;1151
MoveEast;(6, 9);Idle;(10, 9);False;1;1152
MoveEast;(7, 9);Idle;(10, 9);False;1;1153
;(7, 9);Idle;(10, 9);False;1;1154
;(7, 9);Idle;(10, 9);False;1;1155
;(7, 9);Idle;(10, 9);False;1;1156
;(7, 9);Idle;(10, 9);False;1;1157
;(7, 9);Idle;(10, 9);False;1;1158
;(7, 9);Idle;(10, 9);False;1;1159
;(7, 9);Idle;(10, 9);False;1;1160
;(7, 9);Idle;(10, 9);False;1;1161
;(7, 9);Idle;(10, 9);False;1;1162
;(7, 9);Idle;(10, 9);False;1;1163
GrabObject;(7, 9);Idle;(10, 9);False;1;1164
;(7, 9);Idle;(10, 9);False;1;1165
;(7, 9);Idle;(10, 9);False;1;1166
MoveWest;(6, 9);Idle;(10, 9);False;1;1167
;(6, 9);Idle;(10, 9);False;1;1168
;(6, 9);Idle;(10, 9);False;1;1169
;(6, 9);Idle;(10, 9);False;1;1170
;(6, 9);Idle;(10, 9);False;1;1171
;(6, 9);Idle;(10, 9);False;1;1172
;(6, 9);Idle;(10, 9);False;1;1173
;(6, 9);Idle;(10, 9);False;1;1174
;(6, 9);Idle;(10, 9);False;1;1175
;(6, 9);Idle;(10, 9);False;1;1176
MoveWest;(5, 9);Idle;(10, 9);False;1;1177
MoveWest;(4, 9);Idle;(10, 9);False;1;1178
MoveWest;(3, 9);Idle;(10, 9);False;1;1179
MoveWest;(2, 9);Idle;(10, 9);False;1;1180
MoveWest;(1, 9);Idle;(10, 9);False;1;1181
MoveWest;(0, 9);Idle;(10, 9);False;1;1182
MoveWest;(0, 9);Idle;(10, 9);False;1;1183
MoveWest;(0, 9);Idle;(10, 9);False;1;1184
MoveWest;(0, 9);;(10, 9);False;1;1185
MoveWest;(0, 9);MoveWest;(10, 9);False;1;1186
MoveWest;(0, 9);MoveWest;(10, 9);False;1;1187
MoveWest;(0, 9);MoveWest;(10, 9);False;1;1188
MoveWest;(0, 9);MoveWest;(10, 9);False;1;1189
MoveWest;(0, 9);MoveWest;(10, 9);False;1;1190
DropObject;(0, 9);MoveWest;(10, 9);False;1;1191
;(0, 9);MoveWest;(10, 9);False;1;1192
;(0, 9);MoveWest;(10, 9);False;1;1193
MoveEast;(1, 9);MoveWest;(10, 9);False;1;1194
;(1, 9);MoveWest;(10, 9);False;1;1195
;(1, 9);MoveWest;(9, 9);False;1;1196
;(1, 9);MoveWest;(9, 9);False;1;1197
;(1, 9);MoveWest;(9, 9);False;1;1198
;(1, 9);MoveWest;(9, 9);False;1;1199
;(1, 9);MoveWest;(9, 9);False;1;1200
;(1, 9);MoveWest;(9, 9);False;1;1201
;(1, 9);MoveWest;(9, 9);False;1;1202
;(1, 9);MoveWest;(9, 9);False;1;1203
;(1, 9);MoveWest;(9, 9);False;1;1204
MoveEast;(2, 9);MoveWest;(9, 9);False;1;1205
MoveEast;(3, 9);MoveWest;(9, 9);False;1;1206
MoveEast;(4, 9);MoveWest;(8, 9);False;1;1207
MoveEast;(5, 9);MoveWest;(8, 9);False;1;1208
MoveEast;(6, 9);MoveWest;(8, 9);False;1;1209
MoveEast;(7, 9);MoveWest;(8, 9);False;1;1210
MoveEast;(8, 9);MoveWest;(8, 9);False;1;1211
MoveEast;(9, 9);MoveWest;(8, 9);False;1;1212
;(9, 9);MoveWest;(8, 9);False;1;1213
;(9, 9);MoveWest;(8, 9);False;1;1214
;(9, 9);MoveWest;(8, 9);False;1;1215
;(9, 9);MoveWest;(8, 9);False;1;1216
;(9, 9);MoveWest;(8, 9);False;1;1217
;(9, 9);MoveWest;(7, 9);False;1;1218
;(9, 9);MoveWest;(7, 9);False;1;1219
;(9, 9);MoveWest;(7, 9);False;1;1220
GrabObject;(9, 9);MoveWest;(7, 9);False;1;1221
;(9, 9);MoveWest;(7, 9);False;1;1222
;(9, 9);MoveWest;(7, 9);False;1;1223
;(9, 9);MoveWest;(7, 9);False;1;1224
;(9, 9);MoveWest;(7, 9);False;1;1225
;(9, 9);MoveWest;(7, 9);False;1;1226
MoveWest;(8, 9);MoveWest;(7, 9);False;1;1227
;(8, 9);MoveWest;(7, 9);False;1;1228
;(8, 9);MoveWest;(6, 9);False;1;1229
;(8, 9);MoveWest;(6, 9);False;1;1230
;(8, 9);MoveWest;(6, 9);False;1;1231
;(8, 9);MoveWest;(6, 9);False;1;1232
;(8, 9);MoveWest;(6, 9);False;1;1233
;(8, 9);MoveWest;(6, 9);False;1;1234
;(8, 9);MoveWest;(6, 9);False;1;1235
;(8, 9);MoveWest;(6, 9);False;1;1236
MoveWest;(7, 9);MoveWest;(6, 9);False;1;1237
MoveWest;(6, 9);MoveWest;(6, 9);False;1;1238
MoveWest;(5, 9);MoveWest;(6, 9);False;1;1239
MoveWest;(4, 9);MoveWest;(5, 9);False;1;1240
MoveWest;(3, 9);MoveNorthWest;(5, 9);False;1;1241
MoveWest;(2, 9);MoveNorthWest;(5, 9);False;1;1242
MoveWest;(1, 9);MoveNorthWest;(5, 9);False;1;1243
MoveWest;(0, 9);MoveNorthWest;(5, 9);False;1;1244
MoveWest;(0, 9);MoveNorthWest;(5, 9);False;1;1245
MoveWest;(0, 9);MoveNorthWest;(5, 9);False;1;1246
MoveWest;(0, 9);MoveNorthWest;(5, 9);False;1;1247
MoveWest;(0, 9);MoveNorthWest;(5, 9);False;1;1248
MoveWest;(0, 9);MoveNorthWest;(5, 9);False;1;1249
MoveWest;(0, 9);MoveNorthWest;(5, 9);False;1;1250
DropObject;(0, 9);MoveNorthWest;(4, 8);False;1;1251
;(0, 9);MoveWest;(4, 8);False;1;1252
;(0, 9);MoveWest;(4, 8);False;1;1253
;(0, 9);MoveWest;(4, 8);False;1;1254
MoveSouth;(0, 10);MoveWest;(4, 8);False;1;1255
;(0, 10);MoveWest;(4, 8);False;1;1256
;(0, 10);MoveWest;(4, 8);False;1;1257
;(0, 10);MoveWest;(4, 8);False;1;1258
;(0, 10);MoveWest;(4, 8);False;1;1259
;(0, 10);MoveWest;(4, 8);False;1;1260
;(0, 10);MoveWest;(4, 8);False;1;1261
;(0, 10);MoveWest;(3, 8);False;1;1262
;(0, 10);MoveNorthWest;(3, 8);False;1;1263
;(0, 10);MoveNorthWest;(3, 8);False;1;1264
MoveEast;(1, 10);MoveNorthWest;(3, 8);False;1;1265
;(1, 10);MoveNorthWest;(3, 8);False;1;1266
;(1, 10);MoveNorthWest;(3, 8);False;1;1267
;(1, 10);MoveNorthWest;(3, 8);False;1;1268
;(1, 10);MoveNorthWest;(3, 8);False;1;1269
;(1, 10);MoveNorthWest;(3, 8);False;1;1270
;(1, 10);MoveNorthWest;(3, 8);False;1;1271
;(1, 10);MoveNorthWest;(3, 8);False;1;1272
MoveEast;(2, 10);MoveNorthWest;(2, 7);False;1;1273
MoveEast;(3, 10);MoveWest;(2, 7);False;1;1274
MoveEast;(4, 10);MoveWest;(2, 7);False;1;1275
MoveEast;(5, 10);MoveWest;(2, 7);False;1;1276
MoveEast;(6, 10);MoveWest;(2, 7);False;1;1277
;(6, 10);MoveWest;(2, 7);False;1;1278
;(6, 10);MoveWest;(2, 7);False;1;1279
;(6, 10);MoveWest;(2, 7);False;1;1280
MoveEast;(7, 10);MoveWest;(2, 7);False;1;1281
;(7, 10);MoveWest;(2, 7);False;1;1282
;(7, 10);MoveWest;(2, 7);False;1;1283
;(7, 10);MoveWest;(1, 7);False;1;1284
;(7, 10);DropLargeObject;(1, 7);False;1;1285
;(7, 10);DropLargeObject;(1, 7);False;1;1286
;(7, 10);DropLargeObject;(1, 7);False;1;1287
;(7, 10);DropLargeObject;(1, 7);False;1;1288
GrabObject;(7, 10);DropLargeObject;(1, 7);False;1;1289
;(7, 10);DropLargeObject;(1, 7);False;1;1290
;(7, 10);DropLargeObject;(1, 7);False;1;1291
MoveWest;(6, 10);DropLargeObject;(1, 7);False;1;1292
;(6, 10);DropLargeObject;(1, 7);False;1;1293
;(6, 10);DropLargeObject;(1, 7);False;1;1294
;(6, 10);DropLargeObject;(1, 7);False;1;1295
;(6, 10);;(1, 7);False;1;1296
;(6, 10);MoveSouthEast;(1, 7);False;1;1297
;(6, 10);MoveSouthEast;(1, 7);False;1;1298
;(6, 10);MoveSouthEast;(1, 7);False;1;1299
;(6, 10);MoveSouthEast;(1, 7);False;1;1300
;(6, 10);MoveSouthEast;(1, 7);False;1;1301
MoveWest;(5, 10);MoveSouthEast;(1, 7);False;1;1302
MoveWest;(4, 10);MoveSouthEast;(1, 7);False;1;1303
MoveWest;(3, 10);MoveSouthEast;(1, 7);False;1;1304
MoveWest;(2, 10);MoveSouthEast;(1, 7);False;1;1305
MoveWest;(1, 10);MoveSouthEast;(1, 7);False;1;1306
MoveWest;(0, 10);MoveSouthEast;(2, 8);False;1;1307
MoveWest;(0, 10);MoveEast;(2, 8);False;1;1308
MoveWest;(0, 10);MoveEast;(2, 8);False;1;1309
MoveWest;(0, 10);MoveEast;(2, 8);False;1;1310
MoveWest;(0, 10);MoveEast;(2, 8);False;1;1311
MoveWest;(0, 10);MoveEast;(2, 8);False;1;1312
MoveWest;(0, 10);MoveEast;(2, 8);False;1;1313
DropObject;(0, 10);MoveEast;(2, 8);False;1;1314
;(0, 10);MoveEast;(2, 8);False;1;1315
;(0, 10);MoveEast;(2, 8);False;1;1316
MoveEast;(1, 10);MoveEast;(2, 8);False;1;1317
;(1, 10);MoveEast;(3, 8);False;1;1318
;(1, 10);MoveSouthEast;(3, 8);False;1;1319
;(1, 10);MoveSouthEast;(3, 8);False;1;1320
;(1, 10);MoveSouthEast;(3, 8);False;1;1321
;(1, 10);MoveSouthEast;(3, 8);False;1;1322
;(1, 10);MoveSouthEast;(3, 8);False;1;1323
;(1, 10);MoveSouthEast;(3, 8);False;1;1324
;(1, 10);MoveSouthEast;(3, 8);False;1;1325
;(1, 10);MoveSouthEast;(3, 8);False;1;1326
MoveEast;(2, 10);MoveSouthEast;(3, 8);False;1;1327
MoveEast;(3, 10);MoveSouthEast;(3, 8);False;1;1328
MoveEast;(4, 10);MoveSouthEast;(4, 9);False;1;1329
MoveEast;(5, 10);MoveEast;(4, 9);False;1;1330
MoveEast;(6, 10);MoveEast;(4, 9);False;1;1331
MoveEast;(7, 10);MoveEast;(4, 9);False;1;1332
MoveEast;(8, 10);MoveEast;(4, 9);False;1;1333
MoveEast;(9, 10);MoveEast;(4, 9);False;1;1334
;(9, 10);MoveEast;(4, 9);False;1;1335
;(9, 10);MoveEast;(4, 9);False;1;1336
;(9, 10);MoveEast;(4, 9);False;1;1337
MoveEast;(10, 10);MoveEast;(4, 9);False;1;1338
;(10, 10);MoveEast;(4, 9);False;1;1339
;(10, 10);MoveEast;(5, 9);False;1;1340
MoveEast;(11, 10);MoveSouthEast;(5, 9);False;1;1341
;(11, 10);MoveSouthEast;(5, 9);False;1;1342
;(11, 10);MoveSouthEast;(5, 9);False;1;1343
;(11, 10);MoveSouthEast;(5, 9);False;1;1344
;(11, 10);MoveSouthEast;(5, 9);False;1;1345
MoveWest;(10, 10);MoveSouthEast;(5, 9);False;1;1346
;(10, 10);MoveSouthEast;(5, 9);False;1;1347
;(10, 10);MoveSouthEast;(5, 9);False;1;1348
;(10, 10);MoveSouthEast;(5, 9);False;1;1349
MoveWest;(9, 10);MoveSouthEast;(5, 9);False;1;1350
;(9, 10);MoveSouthEast;(6, 10);False;1;1351
;(9, 10);Idle;(6, 10);False;1;1352
;(9, 10);Idle;(6, 10);False;1;1353
;(9, 10);Idle;(6, 10);False;1;1354
;(9, 10);Idle;(6, 10);False;1;1355
;(9, 10);Idle;(6, 10);False;1;1356
;(9, 10);Idle;(6, 10);False;1;1357
;(9, 10);Idle;(6, 10);False;1;1358
;(9, 10);Idle;(6, 10);False;1;1359
;(9, 10);Idle;(6, 10);False;1;1360
GrabObject;(9, 10);Idle;(6, 10);False;1;1361
;(9, 10);Idle;(6, 10);False;1;1362
;(9, 10);Idle;(6, 10);False;1;1363
;(9, 10);Idle;(6, 10);False;1;1364
;(9, 10);Idle;(6, 10);False;1;1365
;(9, 10);Idle;(6, 10);False;1;1366
;(9, 10);Idle;(6, 10);False;1;1367
;(9, 10);Idle;(6, 10);False;1;1368
;(9, 10);Idle;(6, 10);False;1;1369
;(9, 10);Idle;(6, 10);False;1;1370
;(9, 10);Idle;(6, 10);False;1;1371
MoveWest;(8, 10);Idle;(6, 10);False;1;1372
;(8, 10);Idle;(6, 10);False;1;1373
;(8, 10);Idle;(6, 10);False;1;1374
;(8, 10);Idle;(6, 10);False;1;1375
;(8, 10);Idle;(6, 10);False;1;1376
;(8, 10);Idle;(6, 10);False;1;1377
;(8, 10);Idle;(6, 10);False;1;1378
;(8, 10);Idle;(6, 10);False;1;1379
MoveWest;(7, 10);Idle;(6, 10);False;1;1380
MoveWest;(6, 10);Idle;(6, 10);False;1;1381
MoveWest;(5, 10);Idle;(6, 10);False;1;1382
MoveWest;(4, 10);Idle;(6, 10);False;1;1383
MoveWest;(3, 10);Idle;(6, 10);False;1;1384
MoveWest;(2, 10);Idle;(6, 10);False;1;1385
MoveWest;(1, 10);Idle;(6, 10);False;1;1386
MoveWest;(0, 10);Idle;(6, 10);False;1;1387
MoveWest;(0, 10);Idle;(6, 10);False;1;1388
MoveWest;(0, 10);Idle;(6, 10);False;1;1389
MoveWest;(0, 10);Idle;(6, 10);False;1;1390
MoveWest;(0, 10);Idle;(6, 10);False;1;1391
MoveWest;(0, 10);Idle;(6, 10);False;1;1392
MoveWest;(0, 10);Idle;(6, 10);False;1;1393
DropObject;(0, 10);Idle;(6, 10);False;1;1394
;(0, 10);Idle;(6, 10);False;1;1395
;(0, 10);Idle;(6, 10);False;1;1396
;(0, 10);Idle;(6, 10);False;1;1397
MoveEast;(1, 10);Idle;(6, 10);False;1;1398
;(1, 10);Idle;(6, 10);False;1;1399
;(1, 10);Idle;(6, 10);False;1;1400
;(1, 10);Idle;(6, 10);False;1;1401
;(1, 10);Idle;(6, 10);False;1;1402
;(1, 10);Idle;(6, 10);False;1;1403
;(1, 10);Idle;(6, 10);False;1;1404
;(1, 10);Idle;(6, 10);False;1;1405
;(1, 10);Idle;(6, 10);False;1;1406
MoveEast;(2, 10);;(6, 10);False;1;1407
MoveEast;(3, 10);MoveWest;(6, 10);False;1;1408
MoveEast;(4, 10);MoveWest;(6, 10);False;1;1409
MoveEast;(5, 10);MoveWest;(6, 10);False;1;1410
MoveEast;(6, 10);MoveWest;(6, 10);False;1;1411
;(6, 10);MoveWest;(6, 10);False;1;1412
;(6, 10);MoveWest;(6, 10);False;1;1413
;(6, 10);MoveWest;(6, 10);False;1;1414
;(6, 10);MoveWest;(6, 10);False;1;1415
;(6, 10);MoveWest;(6, 10);False;1;1416
;(6, 10);MoveWest;(6, 10);False;1;1417
;(6, 10);MoveWest;(5, 10);False;1;1418
;(6, 10);MoveWest;(5, 10);False;1;1419
;(6, 10);MoveWest;(5, 10);False;1;1420
;(6, 10);MoveWest;(5, 10);False;1;1421
;(6, 10);MoveWest;(5, 10);False;1;1422
;(6, 10);MoveWest;(5, 10);False;1;1423
;(6, 10);MoveWest;(5, 10);False;1;1424
;(6, 10);MoveWest;(5, 10);False;1;1425
;(6, 10);MoveWest;(5, 10);False;1;1426
;(6, 10);MoveWest;(5, 10);False;1;1427
;(6, 10);MoveWest;(5, 10);False;1;1428
;(6, 10);MoveWest;(4, 10);False;1;1429
;(6, 10);MoveWest;(4, 10);False;1;1430
;(6, 10);MoveWest;(4, 10);False;1;1431
;(6, 10);MoveWest;(4, 10);False;1;1432
;(6, 10);MoveWest;(4, 10);False;1;1433
;(6, 10);MoveWest;(4, 10);False;1;1434
;(6, 10);MoveWest;(4, 10);False;1;1435
;(6, 10);MoveWest;(4, 10);False;1;1436
;(6, 10);MoveWest;(4, 10);False;1;1437
;(6, 10);MoveWest;(4, 10);False;1;1438
;(6, 10);MoveWest;(4, 10);False;1;1439
;(6, 10);MoveWest;(3, 10);False;1;1440
;(6, 10);MoveWest;(3, 10);False;1;1441
;(6, 10);MoveWest;(3, 10);False;1;1442
;(6, 10);MoveWest;(3, 10);False;1;1443
;(6, 10);MoveWest;(3, 10);False;1;1444
;(6, 10);MoveWest;(3, 10);False;1;1445
;(6, 10);MoveWest;(3, 10);False;1;1446
;(6, 10);MoveWest;(3, 10);False;1;1447
;(6, 10);MoveWest;(3, 10);False;1;1448
;(6, 10);MoveWest;(3, 10);False;1;1449
;(6, 10);MoveWest;(3, 10);False;1;1450
;(6, 10);MoveWest;(2, 10);False;1;1451
;(6, 10);MoveWest;(2, 10);False;1;1452
;(6, 10);MoveWest;(2, 10);False;1;1453
;(6, 10);MoveWest;(2, 10);False;1;1454
;(6, 10);MoveWest;(2, 10);False;1;1455
;(6, 10);MoveWest;(2, 10);False;1;1456
;(6, 10);MoveWest;(2, 10);False;1;1457
;(6, 10);MoveWest;(2, 10);False;1;1458
;(6, 10);MoveWest;(2, 10);False;1;1459
;(6, 10);MoveWest;(2, 10);False;1;1460
;(6, 10);MoveWest;(2, 10);False;1;1461
;(6, 10);MoveWest;(1, 10);False;1;1462
;(6, 10);Idle;(1, 10);False;1;1463
;(6, 10);Idle;(1, 10);False;1;1464
;(6, 10);Idle;(1, 10);False;1;1465
;(6, 10);Idle;(1, 10);False;1;1466
;(6, 10);Idle;(1, 10);False;1;1467
;(6, 10);Idle;(1, 10);False;1;1468
;(6, 10);Idle;(1, 10);False;1;1469
;(6, 10);Idle;(1, 10);False;1;1470
;(6, 10);Idle;(1, 10);False;1;1471
;(6, 10);Idle;(1, 10);False;1;1472
;(6, 10);Idle;(1, 10);False;1;1473
;(6, 10);Idle;(1, 10);False;1;1474
;(6, 10);Idle;(1, 10);False;1;1475
;(6, 10);Idle;(1, 10);False;1;1476
;(6, 10);Idle;(1, 10);False;1;1477
;(6, 10);Idle;(1, 10);False;1;1478
;(6, 10);Idle;(1, 10);False;1;1479
MoveEast;(7, 10);Idle;(1, 10);False;1;1480
;(7, 10);Idle;(1, 10);False;1;1481
;(7, 10);Idle;(1, 10);False;1;1482
;(7, 10);Idle;(1, 10);False;1;1483
;(7, 10);Idle;(1, 10);False;1;1484
;(7, 10);Idle;(1, 10);False;1;1485
;(7, 10);Idle;(1, 10);False;1;1486
;(7, 10);Idle;(1, 10);False;1;1487
;(7, 10);Idle;(1, 10);False;1;1488
MoveEast;(8, 10);Idle;(1, 10);False;1;1489
MoveEast;(9, 10);Idle;(1, 10);False;1;1490
MoveEast;(10, 10);Idle;(1, 10);False;1;1491
MoveEast;(11, 10);Idle;(1, 10);False;1;1492
MoveEast;(12, 10);Idle;(1, 10);False;1;1493
MoveEast;(13, 10);Idle;(1, 10);False;1;1494
;(13, 10);Idle;(1, 10);False;1;1495
MoveEast;(14, 10);Idle;(1, 10);False;1;1496
;(14, 10);Idle;(1, 10);False;1;1497
;(14, 10);Idle;(1, 10);False;1;1498
;(14, 10);Idle;(1, 10);False;1;1499
MoveEast;(15, 10);Idle;(1, 10);False;1;1500
;(15, 10);Idle;(1, 10);False;1;1501
;(15, 10);Idle;(1, 10);False;1;1502
;(15, 10);Idle;(1, 10);False;1;1503
;(15, 10);Idle;(1, 10);False;1;1504
MoveWest;(14, 10);Idle;(1, 10);False;1;1505
;(14, 10);Idle;(1, 10);False;1;1506
;(14, 10);Idle;(1, 10);False;1;1507
;(14, 10);Idle;(1, 10);False;1;1508
;(14, 10);Idle;(1, 10);False;1;1509
;(14, 10);Idle;(1, 10);False;1;1510
;(14, 10);Idle;(1, 10);False;1;1511
MoveWest;(13, 10);Idle;(1, 10);False;1;1512
;(13, 10);Idle;(1, 10);False;1;1513
;(13, 10);Idle;(1, 10);False;1;1514
;(13, 10);Idle;(1, 10);False;1;1515
;(13, 10);Idle;(1, 10);False;1;1516
;(13, 10);Idle;(1, 10);False;1;1517
;(13, 10);;(1, 10);False;1;1518
;(13, 10);MoveEast;(1, 10);False;1;1519
;(13, 10);MoveEast;(1, 10);False;1;1520
;(13, 10);MoveEast;(1, 10);False;1;1521
GrabObject;(13, 10);MoveEast;(1, 10);False;1;1522
;(13, 10);MoveEast;(1, 10);False;1;1523
;(13, 10);MoveEast;(1, 10);False;1;1524
;(13, 10);MoveEast;(1, 10);False;1;1525
;(13, 10);MoveEast;(1, 10);False;1;1526
MoveEast;(14, 10);MoveEast;(1, 10);False;1;1527
;(14, 10);MoveEast;(1, 10);False;1;1528
;(14, 10);MoveEast;(2, 10);False;1;1529
;(14, 10);MoveEast;(2, 10);False;1;1530
;(14, 10);MoveEast;(2, 10);False;1;1531
;(14, 10);MoveEast;(2, 10);False;1;1532
;(14, 10);MoveEast;(2, 10);False;1;1533
;(14, 10);MoveEast;(2, 10);False;1;1534
;(14, 10);MoveEast;(2, 10);False;1;1535
;(14, 10);MoveEast;(2, 10);False;1;1536
MoveEast;(15, 10);MoveEast;(2, 10);False;1;1537
MoveEast;(16, 10);MoveEast;(2, 10);False;1;1538
MoveEast;(17, 10);MoveEast;(2, 10);False;1;1539
MoveEast;(18, 10);MoveEast;(3, 10);False;1;1540
MoveEast;(19, 10);MoveEast;(3, 10);False;1;1541
MoveEast;(19, 10);MoveEast;(3, 10);False;1;1542
MoveEast;(19, 10);MoveEast;(3, 10);False;1;1543
MoveEast;(19, 10);MoveEast;(3, 10);False;1;1544
MoveEast;(19, 10);MoveEast;(3, 10);False;1;1545
MoveEast;(19, 10);MoveEast;(3, 10);False;1;1546
MoveEast;(19, 10);MoveEast;(3, 10);False;1;1547
MoveEast;(19, 10);MoveEast;(3, 10);False;1;1548
;(19, 10);MoveEast;(3, 10);False;1;1549
;(19, 10);MoveEast;(3, 10);False;1;1550
;(19, 10);MoveEast;(4, 10);False;1;1551
;(19, 10);MoveEast;(4, 10);False;1;1552
;(19, 10);MoveEast;(4, 10);False;1;1553
;(19, 10);MoveEast;(4, 10);False;1;1554
;(19, 10);MoveEast;(4, 10);False;1;1555
;(19, 10);MoveEast;(4, 10);False;1;1556
;(19, 10);MoveEast;(4, 10);False;1;1557
;(19, 10);MoveEast;(4, 10);False;1;1558
;(19, 10);MoveEast;(4, 10);False;1;1559
;(19, 10);MoveEast;(4, 10);False;1;1560
;(19, 10);MoveEast;(4, 10);False;1;1561
;(19, 10);MoveEast;(5, 10);False;1;1562
;(19, 10);MoveEast;(5, 10);False;1;1563
;(19, 10);MoveEast;(5, 10);False;1;1564
;(19, 10);MoveEast;(5, 10);False;1;1565
;(19, 10);MoveEast;(5, 10);False;1;1566
;(19, 10);MoveEast;(5, 10);False;1;1567
;(19, 10);MoveEast;(5, 10);False;1;1568
;(19, 10);MoveEast;(5, 10);False;1;1569
;(19, 10);MoveEast;(5, 10);False;1;1570
;(19, 10);MoveEast;(5, 10);False;1;1571
;(19, 10);MoveEast;(5, 10);False;1;1572
;(19, 10);MoveEast;(6, 10);False;1;1573
;(19, 10);MoveEast;(6, 10);False;1;1574
;(19, 10);MoveEast;(6, 10);False;1;1575
;(19, 10);MoveEast;(6, 10);False;1;1576
DropObject;(19, 10);MoveEast;(6, 10);False;1;1577
;(19, 10);MoveEast;(6, 10);False;1;1578
;(19, 10);MoveEast;(6, 10);False;1;1579
;(19, 10);MoveEast;(6, 10);False;1;1580
;(19, 10);MoveEast;(6, 10);False;1;1581
;(19, 10);MoveEast;(6, 10);False;1;1582
;(19, 10);MoveEast;(6, 10);False;1;1583
;(19, 10);MoveEast;(7, 10);False;1;1584
;(19, 10);MoveEast;(7, 10);False;1;1585
;(19, 10);MoveEast;(7, 10);False;1;1586
;(19, 10);MoveEast;(7, 10);False;1;1587
;(19, 10);MoveEast;(7, 10);False;1;1588
;(19, 10);MoveEast;(7, 10);False;1;1589
;(19, 10);MoveEast;(7, 10);False;1;1590
;(19, 10);MoveEast;(7, 10);False;1;1591
;(19, 10);MoveEast;(7, 10);False;1;1592
;(19, 10);MoveEast;(7, 10);False;1;1593
;(19, 10);MoveEast;(7, 10);False;1;1594
;(19, 10);MoveEast;(8, 10);False;1;1595
;(19, 10);MoveEast;(8, 10);False;1;1596
;(19, 10);MoveEast;(8, 10);False;1;1597
;(19, 10);MoveEast;(8, 10);False;1;1598
;(19, 10);MoveEast;(8, 10);False;1;1599
;(19, 10);MoveEast;(8, 10);False;1;1600
;(19, 10);MoveEast;(8, 10);False;1;1601
MoveWest;(18, 10);MoveEast;(8, 10);False;1;1602
;(18, 10);MoveEast;(8, 10);False;1;1603
;(18, 10);MoveEast;(8, 10);False;1;1604
MoveWest;(17, 10);MoveEast;(8, 10);False;1;1605
;(17, 10);MoveEast;(9, 10);False;1;1606
;(17, 10);MoveEast;(9, 10);False;1;1607
MoveWest;(16, 10);MoveEast;(9, 10);False;1;1608
;(16, 10);MoveEast;(9, 10);False;1;1609
;(16, 10);MoveEast;(9, 10);False;1;1610
;(16, 10);MoveEast;(9, 10);False;1;1611
;(16, 10);MoveEast;(9, 10);False;1;1612
;(16, 10);MoveEast;(9, 10);False;1;1613
;(16, 10);MoveEast;(9, 10);False;1;1614
;(16, 10);MoveEast;(9, 10);False;1;1615
;(16, 10);MoveEast;(9, 10);False;1;1616
;(16, 10);MoveEast;(10, 10);False;1;1617
;(16, 10);MoveEast;(10, 10);False;1;1618
;(16, 10);MoveEast;(10, 10);False;1;1619
;(16, 10);MoveEast;(10, 10);False;1;1620
;(16, 10);MoveEast;(10, 10);False;1;1621
;(16, 10);MoveEast;(10, 10);False;1;1622
;(16, 10);MoveEast;(10, 10);False;1;1623
;(16, 10);MoveEast;(10, 10);False;1;1624
;(16, 10);MoveEast;(10, 10);False;1;1625
;(16, 10);MoveEast;(10, 10);False;1;1626
;(16, 10);MoveEast;(10, 10);False;1;1627
;(16, 10);MoveEast;(11, 10);False;1;1628
;(16, 10);MoveEast;(11, 10);False;1;1629
;(16, 10);MoveEast;(11, 10);False;1;1630
;(16, 10);MoveEast;(11, 10);False;1;1631
;(16, 10);MoveEast;(11, 10);False;1;1632
;(16, 10);MoveEast;(11, 10);False;1;1633
;(16, 10);MoveEast;(11, 10);False;1;1634
;(16, 10);MoveEast;(11, 10);False;1;1635
;(16, 10);MoveEast;(11, 10);False;1;1636
;(16, 10);MoveEast;(11, 10);False;1;1637
;(16, 10);MoveEast;(11, 10);False;1;1638
;(16, 10);MoveEast;(12, 10);False;1;1639
;(16, 10);MoveEast;(12, 10);False;1;1640
;(16, 10);MoveEast;(12, 10);False;1;1641
;(16, 10);MoveEast;(12, 10);False;1;1642
;(16, 10);MoveEast;(12, 10);False;1;1643
;(16, 10);MoveEast;(12, 10);False;1;1644
;(16, 10);MoveEast;(12, 10);False;1;1645
;(16, 10);MoveEast;(12, 10);False;1;1646
;(16, 10);MoveEast;(12, 10);False;1;1647
;(16, 10);MoveEast;(12, 10);False;1;1648
;(16, 10);MoveEast;(12, 10);False;1;1649
;(16, 10);MoveEast;(13, 10);False;1;1650
;(16, 10);Idle;(13, 10);False;1;1651
;(16, 10);Idle;(13, 10);False;1;1652
;(16, 10);Idle;(13, 10);False;1;1653
;(16, 10);Idle;(13, 10);False;1;1654
;(16, 10);Idle;(13, 10);False;1;1655
;(16, 10);Idle;(13, 10);False;1;1656
;(16, 10);Idle;(13, 10);False;1;1657
;(16, 10);Idle;(13, 10);False;1;1658
;(16, 10);Idle;(13, 10);False;1;1659
;(16, 10);Idle;(13, 10);False;1;1660
;(16, 10);Idle;(13, 10);False;1;1661
;(16, 10);Idle;(13, 10);False;1;1662
;(16, 10);Idle;(13, 10);False;1;1663
;(16, 10);Idle;(13, 10);False;1;1664
;(16, 10);Idle;(13, 10);False;1;1665
;(16, 10);Idle;(13, 10);False;1;1666
;(16, 10);Idle;(13, 10);False;1;1667
;(16, 10);Idle;(13, 10);False;1;1668
;(16, 10);Idle;(13, 10);False;1;1669
;(16, 10);Idle;(13, 10);False;1;1670
;(16, 10);Idle;(13, 10);False;1;1671
;(16, 10);Idle;(13, 10);False;1;1672
;(16, 10);Idle;(13, 10);False;1;1673
;(16, 10);Idle;(13, 10);False;1;1674
;(16, 10);Idle;(13, 10);False;1;1675
;(16, 10);Idle;(13, 10);False;1;1676
;(16, 10);Idle;(13, 10);False;1;1677
;(16, 10);Idle;(13, 10);False;1;1678
;(16, 10);Idle;(13, 10);False;1;1679
;(16, 10);Idle;(13, 10);False;1;1680
;(16, 10);Idle;(13, 10);False;1;1681
;(16, 10);Idle;(13, 10);False;1;1682
;(16, 10);Idle;(13, 10);False;1;1683
;(16, 10);Idle;(13, 10);False;1;1684
;(16, 10);Idle;(13, 10);False;1;1685
;(16, 10);Idle;(13, 10);False;1;1686
;(16, 10);Idle;(13, 10);False;1;1687
;(16, 10);Idle;(13, 10);False;1;1688
;(16, 10);Idle;(13, 10);False;1;1689
;(16, 10);Idle;(13, 10);False;1;1690
;(16, 10);Idle;(13, 10);False;1;1691
;(16, 10);Idle;(13, 10);False;1;1692
;(16, 10);Idle;(13, 10);False;1;1693
;(16, 10);Idle;(13, 10);False;1;1694
;(16, 10);Idle;(13, 10);False;1;1695
;(16, 10);Idle;(13, 10);False;1;1696
;(16, 10);Idle;(13, 10);False;1;1697
;(16, 10);Idle;(13, 10);False;1;1698
;(16, 10);Idle;(13, 10);False;1;1699
;(16, 10);Idle;(13, 10);False;1;1700
;(16, 10);Idle;(13, 10);False;1;1701
;(16, 10);Idle;(13, 10);False;1;1702
;(16, 10);Idle;(13, 10);False;1;1703
;(16, 10);Idle;(13, 10);False;1;1704
;(16, 10);Idle;(13, 10);False;1;1705
;(16, 10);;(13, 10);False;1;1706
;(16, 10);MoveNorthWest;(13, 10);False;1;1707
;(16, 10);MoveNorthWest;(13, 10);False;1;1708
;(16, 10);MoveNorthWest;(13, 10);False;1;1709
;(16, 10);MoveNorthWest;(13, 10);False;1;1710
;(16, 10);MoveNorthWest;(13, 10);False;1;1711
;(16, 10);MoveNorthWest;(13, 10);False;1;1712
;(16, 10);MoveNorthWest;(13, 10);False;1;1713
;(16, 10);MoveNorthWest;(13, 10);False;1;1714
;(16, 10);MoveNorthWest;(13, 10);False;1;1715
;(16, 10);MoveNorthWest;(13, 10);False;1;1716
;(16, 10);MoveNorthWest;(12, 9);False;1;1717
;(16, 10);MoveNorth;(12, 9);False;1;1718
;(16, 10);MoveNorth;(12, 9);False;1;1719
;(16, 10);MoveNorth;(12, 9);False;1;1720
;(16, 10);MoveNorth;(12, 9);False;1;1721
;(16, 10);MoveNorth;(12, 9);False;1;1722
;(16, 10);MoveNorth;(12, 9);False;1;1723
;(16, 10);MoveNorth;(12, 9);False;1;1724
;(16, 10);MoveNorth;(12, 9);False;1;1725
;(16, 10);MoveNorth;(12, 9);False;1;1726
;(16, 10);MoveNorth;(12, 9);False;1;1727
;(16, 10);MoveNorth;(12, 8);False;1;1728
;(16, 10);BreakObject;(12, 8);False;1;1729
;(16, 10);BreakObject;(12, 8);False;1;1730
;(16, 10);BreakObject;(12, 8);False;1;1731
;(16, 10);BreakObject;(12, 8);False;1;1732
;(16, 10);BreakObject;(12, 8);False;1;1733
;(16, 10);BreakObject;(12, 8);False;1;1734
;(16, 10);BreakObject;(12, 8);False;1;1735
;(16, 10);BreakObject;(12, 8);False;1;1736
;(16, 10);BreakObject;(12, 8);False;1;1737
;(16, 10);BreakObject;(12, 8);False;1;1738
;(16, 10);BreakObject;(12, 8);False;1;1739
;(16, 10);;(12, 8);False;1;1740
;(16, 10);MoveNorthWest;(12, 8);False;1;1741
;(16, 10);MoveNorthWest;(12, 8);False;1;1742
;(16, 10);MoveNorthWest;(12, 8);False;1;1743
;(16, 10);MoveNorthWest;(12, 8);False;1;1744
;(16, 10);MoveNorthWest;(12, 8);False;1;1745
;(16, 10);MoveNorthWest;(12, 8);False;1;1746
;(16, 10);MoveNorthWest;(12, 8);False;1;1747
;(16, 10);MoveNorthWest;(12, 8);False;1;1748
;(16, 10);MoveNorthWest;(12, 8);False;1;1749
;(16, 10);MoveNorthWest;(12, 8);False;1;1750
;(16, 10);MoveNorthWest;(11, 7);False;1;1751
;(16, 10);MoveNorth;(11, 7);False;1;1752
;(16, 10);MoveNorth;(11, 7);False;1;1753
;(16, 10);MoveNorth;(11, 7);False;1;1754
;(16, 10);MoveNorth;(11, 7);False;1;1755
;(16, 10);MoveNorth;(11, 7);False;1;1756
;(16, 10);MoveNorth;(11, 7);False;1;1757
;(16, 10);MoveNorth;(11, 7);False;1;1758
MoveWest;(15, 10);MoveNorth;(11, 7);False;1;1759
;(15, 10);MoveNorth;(11, 7);False;1;1760
;(15, 10);MoveNorth;(11, 7);False;1;1761
MoveWest;(14, 10);MoveNorth;(11, 6);False;1;1762
;(14, 10);GrabLargeObject;(11, 6);False;1;1763
;(14, 10);GrabLargeObject;(11, 6);False;1;1764
MoveWest;(13, 10);GrabLargeObject;(11, 6);False;1;1765
;(13, 10);GrabLargeObject;(11, 6);False;1;1766
;(13, 10);GrabLargeObject;(11, 6);False;1;1767
;(13, 10);GrabLargeObject;(11, 6);False;1;1768
MoveWest;(12, 10);GrabLargeObject;(11, 6);False;1;1769
;(12, 10);GrabLargeObject;(11, 6);False;1;1770
;(12, 10);GrabLargeObject;(11, 6);False;1;1771
;(12, 10);GrabLargeObject;(11, 6);False;1;1772
MoveNorth;(12, 9);GrabLargeObject;(11, 6);False;1;1773
;(12, 9);;(11, 6);False;1;1774
;(12, 9);MoveEast;(11, 6);False;1;1775
;(12, 9);MoveEast;(11, 6);False;1;1776
;(12, 9);MoveEast;(11, 6);False;1;1777
;(12, 9);MoveEast;(11, 6);False;1;1778
;(12, 9);MoveEast;(11, 6);False;1;1779
MoveNorth;(12, 8);MoveEast;(11, 6);False;1;1780
;(12, 8);MoveEast;(11, 6);False;1;1781
;(12, 8);MoveEast;(11, 6);False;1;1782
;(12, 8);MoveEast;(11, 6);False;1;1783
;(12, 8);MoveEast;(11, 6);False;1;1784
;(12, 8);MoveEast;(12, 6);False;1;1785
;(12, 8);MoveNorthEast;(12, 6);False;1;1786
;(12, 8);MoveNorthEast;(12, 6);False;1;1787
;(12, 8);MoveNorthEast;(12, 6);False;1;1788
;(12, 8);MoveNorthEast;(12, 6);False;1;1789
;(12, 8);MoveNorthEast;(12, 6);False;1;1790
;(12, 8);MoveNorthEast;(12, 6);False;1;1791
GrabObject;(12, 8);MoveNorthEast;(12, 6);False;1;1792
;(12, 8);MoveNorthEast;(12, 6);False;1;1793
;(12, 8);MoveNorthEast;(12, 6);False;1;1794
;(12, 8);MoveNorthEast;(12, 6);False;1;1795
;(12, 8);MoveNorthEast;(13, 5);False;1;1796
;(12, 8);MoveEast;(13, 5);False;1;1797
;(12, 8);MoveEast;(13, 5);False;1;1798
MoveEast;(13, 8);MoveEast;(13, 5);False;1;1799
;(13, 8);MoveEast;(13, 5);False;1;1800
;(13, 8);MoveEast;(13, 5);False;1;1801
;(13, 8);MoveEast;(13, 5);False;1;1802
;(13, 8);MoveEast;(13, 5);False;1;1803
;(13, 8);MoveEast;(13, 5);False;1;1804
;(13, 8);MoveEast;(13, 5);False;1;1805
;(13, 8);MoveEast;(13, 5);False;1;1806
;(13, 8);MoveEast;(14, 5);False;1;1807
;(13, 8);MoveNorthEast;(14, 5);False;1;1808
MoveEast;(14, 8);MoveNorthEast;(14, 5);False;1;1809
MoveEast;(15, 8);MoveNorthEast;(14, 5);False;1;1810
MoveEast;(16, 8);MoveNorthEast;(14, 5);False;1;1811
MoveEast;(17, 8);MoveNorthEast;(14, 5);False;1;1812
MoveEast;(18, 8);MoveNorthEast;(14, 5);False;1;1813
MoveEast;(19, 8);MoveNorthEast;(14, 5);False;1;1814
MoveEast;(19, 8);MoveNorthEast;(14, 5);False;1;1815
MoveEast;(19, 8);MoveNorthEast;(14, 5);False;1;1816
MoveEast;(19, 8);MoveNorthEast;(14, 5);False;1;1817
MoveEast;(19, 8);MoveNorthEast;(15, 4);False;1;1818
MoveEast;(19, 8);MoveEast;(15, 4);False;1;1819
MoveEast;(19, 8);MoveEast;(15, 4);False;1;1820
MoveEast;(19, 8);MoveEast;(15, 4);False;1;1821
;(19, 8);MoveEast;(15, 4);False;1;1822
;(19, 8);MoveEast;(15, 4);False;1;1823
;(19, 8);MoveEast;(15, 4);False;1;1824
;(19, 8);MoveEast;(15, 4);False;1;1825
;(19, 8);MoveEast;(15, 4);False;1;1826
;(19, 8);MoveEast;(15, 4);False;1;1827
;(19, 8);MoveEast;(15, 4);False;1;1828
;(19, 8);MoveEast;(16, 4);False;1;1829
;(19, 8);DropLargeObject;(16, 4);False;1;1830
;(19, 8);DropLargeObject;(16, 4);False;1;1831
;(19, 8);DropLargeObject;(16, 4);False;1;1832
;(19, 8);DropLargeObject;(16, 4);False;1;1833
;(19, 8);DropLargeObject;(16, 4);False;1;1834
;(19, 8);DropLargeObject;(16, 4);False;1;1835
;(19, 8);DropLargeObject;(16, 4);False;1;1836
;(19, 8);DropLargeObject;(16, 4);False;1;1837
;(19, 8);DropLargeObject;(16, 4);False;1;1838
;(19, 8);DropLargeObject;(16, 4);False;1;1839
DropObject;(19, 8);DropLargeObject;(16, 4);False;1;1840
;(19, 8);;(16, 4);False;1;1841
;(19, 8);MoveEast;(16, 4);False;1;1842
;(19, 8);MoveEast;(16, 4);False;1;1843
;(19, 8);MoveEast;(16, 4);False;1;1844
;(19, 8);MoveEast;(16, 4);False;1;1845
;(19, 8);MoveEast;(16, 4);False;1;1846
;(19, 8);MoveEast;(16, 4);False;1;1847
;(19, 8);MoveEast;(16, 4);False;1;1848
;(19, 8);MoveEast;(16, 4);False;1;1849
MoveWest;(18, 8);MoveEast;(16, 4);False;1;1850
;(18, 8);MoveEast;(16, 4);False;1;1851
;(18, 8);MoveEast;(17, 4);False;1;1852
;(18, 8);MoveEast;(17, 4);False;1;1853
;(18, 8);MoveEast;(17, 4);False;1;1854
;(18, 8);MoveEast;(17, 4);False;1;1855
;(18, 8);MoveEast;(17, 4);False;1;1856
;(18, 8);MoveEast;(17, 4);False;1;1857
;(18, 8);MoveEast;(17, 4);False;1;1858
;(18, 8);MoveEast;(17, 4);False;1;1859
;(18, 8);MoveEast;(17, 4);False;1;1860
MoveWest;(17, 8);MoveEast;(17, 4);False;1;1861
MoveWest;(16, 8);MoveEast;(17, 4);False;1;1862
MoveWest;(15, 8);MoveEast;(18, 4);False;1;1863
;(15, 8);MoveWest;(18, 4);False;1;1864
;(15, 8);MoveWest;(18, 4);False;1;1865
;(15, 8);MoveWest;(18, 4);False;1;1866
;(15, 8);MoveWest;(18, 4);False;1;1867
;(15, 8);MoveWest;(18, 4);False;1;1868
;(15, 8);MoveWest;(18, 4);False;1;1869
MoveSouth;(15, 9);MoveWest;(18, 4);False;1;1870
;(15, 9);MoveWest;(18, 4);False;1;1871
;(15, 9);MoveWest;(18, 4);False;1;1872
;(15, 9);MoveWest;(18, 4);False;1;1873
;(15, 9);MoveWest;(17, 4);False;1;1874
;(15, 9);MoveWest;(17, 4);False;1;1875
MoveWest;(14, 9);MoveWest;(17, 4);False;1;1876
;(14, 9);MoveWest;(17, 4);False;1;1877
;(14, 9);MoveWest;(17, 4);False;1;1878
;(14, 9);MoveWest;(17, 4);False;1;1879
;(14, 9);MoveWest;(17, 4);False;1;1880
MoveWest;(13, 9);MoveWest;(17, 4);False;1;1881
;(13, 9);MoveWest;(17, 4);False;1;1882
;(13, 9);MoveWest;(17, 4);False;1;1883
;(13, 9);MoveWest;(17, 4);False;1;1884
;(13, 9);MoveWest;(16, 4);False;1;1885
;(13, 9);MoveEast;(16, 4);False;1;1886
;(13, 9);MoveEast;(16, 4);False;1;1887
;(13, 9);MoveEast;(16, 4);False;1;1888
;(13, 9);MoveEast;(16, 4);False;1;1889
GrabObject;(13, 9);MoveEast;(16, 4);False;1;1890
;(13, 9);MoveEast;(16, 4);False;1;1891
;(13, 9);MoveEast;(16, 4);False;1;1892
;(13, 9);MoveEast;(16, 4);False;1;1893
;(13, 9);MoveEast;(16, 4);False;1;1894
;(13, 9);MoveEast;(16, 4);False;1;1895
MoveEast;(14, 9);MoveEast;(17, 4);False;1;1896
;(14, 9);MoveEast;(17, 4);False;1;1897
;(14, 9);MoveEast;(17, 4);False;1;1898
;(14, 9);MoveEast;(17, 4);False;1;1899
;(14, 9);MoveEast;(17, 4);False;1;1900
;(14, 9);MoveEast;(17, 4);False;1;1901
;(14, 9);MoveEast;(17, 4);False;1;1902
;(14, 9);MoveEast;(17, 4);False;1;1903
;(14, 9);MoveEast;(17, 4);False;1;1904
;(14, 9);MoveEast;(17, 4);False;1;1905
MoveEast;(15, 9);MoveEast;(17, 4);False;1;1906
MoveEast;(16, 9);MoveEast;(18, 4);False;1;1907
MoveEast;(17, 9);MoveWest;(18, 4);False;1;1908
MoveEast;(18, 9);MoveWest;(18, 4);False;1;1909
MoveEast;(19, 9);MoveWest;(18, 4);False;1;1910
MoveEast;(19, 9);MoveWest;(18, 4);False;1;1911
MoveEast;(19, 9);MoveWest;(18, 4);False;1;1912
MoveEast;(19, 9);MoveWest;(18, 4);False;1;1913
MoveEast;(19, 9);MoveWest;(18, 4);False;1;1914
MoveEast;(19, 9);MoveWest;(18, 4);False;1;1915
MoveEast;(19, 9);MoveWest;(18, 4);False;1;1916
MoveEast;(19, 9);MoveWest;(18, 4);False;1;1917
DropObject;(19, 9);MoveWest;(17, 4);False;1;1918
;(19, 9);MoveWest;(17, 4);False;1;1919
;(19, 9);MoveWest;(17, 4);False;1;1920
;(19, 9);MoveWest;(17, 4);False;1;1921
;(19, 9);MoveWest;(17, 4);False;1;1922
;(19, 9);MoveWest;(17, 4);False;1;1923
;(19, 9);MoveWest;(17, 4);False;1;1924
;(19, 9);MoveWest;(17, 4);False;1;1925
MoveSouth;(19, 10);MoveWest;(17, 4);False;1;1926
;(19, 10);MoveWest;(17, 4);False;1;1927
;(19, 10);MoveWest;(17, 4);False;1;1928
MoveWest;(18, 10);MoveWest;(16, 4);False;1;1929
;(18, 10);MoveEast;(16, 4);False;1;1930
;(18, 10);MoveEast;(16, 4);False;1;1931
;(18, 10);MoveEast;(16, 4);False;1;1932
;(18, 10);MoveEast;(16, 4);False;1;1933
;(18, 10);MoveEast;(16, 4);False;1;1934
;(18, 10);MoveEast;(16, 4);False;1;1935
;(18, 10);MoveEast;(16, 4);False;1;1936
;(18, 10);MoveEast;(16, 4);False;1;1937
;(18, 10);MoveEast;(16, 4);False;1;1938
MoveWest;(17, 10);MoveEast;(16, 4);False;1;1939
MoveWest;(16, 10);MoveEast;(17, 4);False;1;1940
;(16, 10);MoveEast;(17, 4);False;1;1941
MoveWest;(15, 10);MoveEast;(17, 4);False;1;1942
;(15, 10);MoveEast;(17, 4);False;1;1943
;(15, 10);MoveEast;(17, 4);False;1;1944
;(15, 10);MoveEast;(17, 4);False;1;1945
MoveWest;(14, 10);MoveEast;(17, 4);False;1;1946
;(14, 10);MoveEast;(17, 4);False;1;1947
;(14, 10);MoveEast;(17, 4);False;1;1948
;(14, 10);MoveEast;(17, 4);False;1;1949
;(14, 10);MoveEast;(17, 4);False;1;1950
;(14, 10);MoveEast;(18, 4);False;1;1951
;(14, 10);MoveWest;(18, 4);False;1;1952
;(14, 10);MoveWest;(18, 4);False;1;1953
;(14, 10);MoveWest;(18, 4);False;1;1954
;(14, 10);MoveWest;(18, 4);False;1;1955
MoveWest;(13, 10);MoveWest;(18, 4);False;1;1956
;(13, 10);MoveWest;(18, 4);False;1;1957
;(13, 10);MoveWest;(18, 4);False;1;1958
;(13, 10);MoveWest;(18, 4);False;1;1959
;(13, 10);MoveWest;(18, 4);False;1;1960
;(13, 10);MoveWest;(18, 4);False;1;1961
GrabObject;(13, 10);MoveWest;(17, 4);False;1;1962
;(13, 10);MoveWest;(17, 4);False;1;1963
;(13, 10);MoveWest;(17, 4);False;1;1964
;(13, 10);MoveWest;(17, 4);False;1;1965
MoveEast;(14, 10);MoveWest;(17, 4);False;1;1966
;(14, 10);MoveWest;(17, 4);False;1;1967
;(14, 10);MoveWest;(17, 4);False;1;1968
;(14, 10);MoveWest;(17, 4);False;1;1969
;(14, 10);MoveWest;(17, 4);False;1;1970
;(14, 10);MoveWest;(17, 4);False;1;1971
;(14, 10);MoveWest;(17, 4);False;1;1972
;(14, 10);MoveWest;(16, 4);False;1;1973
;(14, 10);;(16, 4);False;1;1974
MoveEast;(15, 10);Idle;(16, 4);False;1;1975
MoveEast;(16, 10);Idle;(16, 4);False;1;1976
MoveEast;(17, 10);Idle;(16, 4);False;1;1977
MoveEast;(18, 10);Idle;(16, 4);False;1;1978
MoveEast;(19, 10);Idle;(16, 4);False;1;1979
MoveEast;(19, 10);Idle;(16, 4);False;1;1980
MoveEast;(19, 10);Idle;(16, 4);False;1;1981
MoveEast;(19, 10);Idle;(16, 4);False;1;1982
MoveEast;(19, 10);Idle;(16, 4);False;1;1983
MoveEast;(19, 10);Idle;(16, 4);False;1;1984
MoveEast;(19, 10);Idle;(16, 4);False;1;1985
MoveEast;(19, 10);Idle;(16, 4);False;1;1986
MoveEast;(19, 10);Idle;(16, 4);False;1;1987
;(19, 10);Idle;(16, 4);False;1;1988
;(19, 10);Idle;(16, 4);False;1;1989
;(19, 10);Idle;(16, 4);False;1;1990
;(19, 10);Idle;(16, 4);False;1;1991
;(19, 10);Idle;(16, 4);False;1;1992
;(19, 10);Idle;(16, 4);False;1;1993
;(19, 10);Idle;(16, 4);False;1;1994
;(19, 10);Idle;(16, 4);False;1;1995
;(19, 10);Idle;(16, 4);False;1;1996
;(19, 10);Idle;(16, 4);False;1;1997
;(19, 10);Idle;(16, 4);False;1;1998
;(19, 10);Idle;(16, 4);False;1;1999
;(19, 10);Idle;(16, 4);False;1;2000
;(19, 10);Idle;(16, 4);False;1;2001
;(19, 10);Idle;(16, 4);False;1;2002
;(19, 10);Idle;(16, 4);False;1;2003
;(19, 10);Idle;(16, 4);False;1;2004
;(19, 10);Idle;(16, 4);False;1;2005
;(19, 10);Idle;(16, 4);False;1;2006
DropObject;(19, 10);Idle;(16, 4);False;1;2007
;(19, 10);Idle;(16, 4);False;1;2008
;(19, 10);Idle;(16, 4);False;1;2009
;(19, 10);Idle;(16, 4);False;1;2010
;(19, 10);Idle;(16, 4);False;1;2011
;(19, 10);Idle;(16, 4);False;1;2012
;(19, 10);Idle;(16, 4);False;1;2013
;(19, 10);Idle;(16, 4);False;1;2014
;(19, 10);Idle;(16, 4);False;1;2015
;(19, 10);Idle;(16, 4);False;1;2016
;(19, 10);Idle;(16, 4);False;1;2017
;(19, 10);Idle;(16, 4);False;1;2018
;(19, 10);Idle;(16, 4);False;1;2019
MoveWest;(18, 10);Idle;(16, 4);False;1;2020
;(18, 10);Idle;(16, 4);False;1;2021
;(18, 10);Idle;(16, 4);False;1;2022
;(18, 10);Idle;(16, 4);False;1;2023
MoveWest;(17, 10);Idle;(16, 4);False;1;2024
;(17, 10);Idle;(16, 4);False;1;2025
;(17, 10);Idle;(16, 4);False;1;2026
MoveWest;(16, 10);Idle;(16, 4);False;1;2027
;(16, 10);Idle;(16, 4);False;1;2028
MoveWest;(15, 10);Idle;(16, 4);False;1;2029
;(15, 10);;(16, 4);False;1;2030
;(15, 10);MoveEast;(16, 4);False;1;2031
;(15, 10);MoveEast;(16, 4);False;1;2032
;(15, 10);MoveEast;(16, 4);False;1;2033
MoveNorth;(15, 9);MoveEast;(16, 4);False;1;2034
;(15, 9);MoveEast;(16, 4);False;1;2035
;(15, 9);MoveEast;(16, 4);False;1;2036
;(15, 9);MoveEast;(16, 4);False;1;2037
;(15, 9);MoveEast;(16, 4);False;1;2038
;(15, 9);MoveEast;(16, 4);False;1;2039
;(15, 9);MoveEast;(16, 4);False;1;2040
;(15, 9);MoveEast;(17, 4);False;1;2041
MoveWest;(14, 9);MoveEast;(17, 4);False;1;2042
;(14, 9);MoveEast;(17, 4);False;1;2043
;(14, 9);MoveEast;(17, 4);False;1;2044
;(14, 9);MoveEast;(17, 4);False;1;2045
;(14, 9);MoveEast;(17, 4);False;1;2046
;(14, 9);MoveEast;(17, 4);False;1;2047
;(14, 9);MoveEast;(17, 4);False;1;2048
;(14, 9);MoveEast;(17, 4);False;1;2049
;(14, 9);MoveEast;(17, 4);False;1;2050
;(14, 9);MoveEast;(17, 4);False;1;2051
;(14, 9);MoveEast;(18, 4);False;1;2052
;(14, 9);MoveWest;(18, 4);False;1;2053
;(14, 9);MoveWest;(18, 4);False;1;2054
;(14, 9);MoveWest;(18, 4);False;1;2055
;(14, 9);MoveWest;(18, 4);False;1;2056
;(14, 9);MoveWest;(18, 4);False;1;2057
;(14, 9);MoveWest;(18, 4);False;1;2058
;(14, 9);MoveWest;(18, 4);False;1;2059
;(14, 9);MoveWest;(18, 4);False;1;2060
;(14, 9);MoveWest;(18, 4);False;1;2061
;(14, 9);MoveWest;(18, 4);False;1;2062
;(14, 9);MoveWest;(17, 4);False;1;2063
;(14, 9);MoveWest;(17, 4);False;1;2064
;(14, 9);MoveWest;(17, 4);False;1;2065
;(14, 9);MoveWest;(17, 4);False;1;2066
;(14, 9);MoveWest;(17, 4);False;1;2067
;(14, 9);MoveWest;(17, 4);False;1;2068
;(14, 9);MoveWest;(17, 4);False;1;2069
;(14, 9);MoveWest;(17, 4);False;1;2070
;(14, 9);MoveWest;(17, 4);False;1;2071
;(14, 9);MoveWest;(17, 4);False;1;2072
;(14, 9);MoveWest;(17, 4);False;1;2073
;(14, 9);MoveWest;(16, 4);False;1;2074
;(14, 9);MoveEast;(16, 4);False;1;2075
;(14, 9);MoveEast;(16, 4);False;1;2076
;(14, 9);MoveEast;(16, 4);False;1;2077
;(14, 9);MoveEast;(16, 4);False;1;2078
;(14, 9);MoveEast;(16, 4);False;1;2079
;(14, 9);MoveEast;(16, 4);False;1;2080
;(14, 9);MoveEast;(16, 4);False;1;2081
;(14, 9);MoveEast;(16, 4);False;1;2082
;(14, 9);MoveEast;(16, 4);False;1;2083
;(14, 9);MoveEast;(16, 4);False;1;2084
;(14, 9);MoveEast;(17, 4);False;1;2085
;(14, 9);MoveEast;(17, 4);False;1;2086
;(14, 9);MoveEast;(17, 4);False;1;2087
;(14, 9);MoveEast;(17, 4);False;1;2088
;(14, 9);MoveEast;(17, 4);False;1;2089
;(14, 9);MoveEast;(17, 4);False;1;2090
;(14, 9);MoveEast;(17, 4);False;1;2091
;(14, 9);MoveEast;(17, 4);False;1;2092
;(14, 9);MoveEast;(17, 4);False;1;2093
;(14, 9);MoveEast;(17, 4);False;1;2094
;(14, 9);MoveEast;(17, 4);False;1;2095
;(14, 9);MoveEast;(18, 4);False;1;2096
;(14, 9);MoveWest;(18, 4);False;1;2097
;(14, 9);MoveWest;(18, 4);False;1;2098
;(14, 9);MoveWest;(18, 4);False;1;2099
;(14, 9);MoveWest;(18, 4);False;1;2100
;(14, 9);MoveWest;(18, 4);False;1;2101
;(14, 9);MoveWest;(18, 4);False;1;2102
;(14, 9);MoveWest;(18, 4);False;1;2103
;(14, 9);MoveWest;(18, 4);False;1;2104
;(14, 9);MoveWest;(18, 4);False;1;2105
;(14, 9);MoveWest;(18, 4);False;1;2106
;(14, 9);MoveWest;(17, 4);False;1;2107
;(14, 9);MoveWest;(17, 4);False;1;2108
;(14, 9);MoveWest;(17, 4);False;1;2109
;(14, 9);MoveWest;(17, 4);False;1;2110
;(14, 9);MoveWest;(17, 4);False;1;2111
;(14, 9);MoveWest;(17, 4);False;1;2112
;(14, 9);MoveWest;(17, 4);False;1;2113
;(14, 9);MoveWest;(17, 4);False;1;2114
;(14, 9);MoveWest;(17, 4);False;1;2115
;(14, 9);MoveWest;(17, 4);False;1;2116
;(14, 9);MoveWest;(17, 4);False;1;2117
;(14, 9);MoveWest;(16, 4);False;1;2118
;(14, 9);MoveEast;(16, 4);False;1;2119
;(14, 9);MoveEast;(16, 4);False;1;2120
;(14, 9);MoveEast;(16, 4);False;1;2121
;(14, 9);MoveEast;(16, 4);False;1;2122
;(14, 9);MoveEast;(16, 4);False;1;2123
;(14, 9);MoveEast;(16, 4);False;1;2124
;(14, 9);MoveEast;(16, 4);False;1;2125
;(14, 9);MoveEast;(16, 4);False;1;2126
;(14, 9);MoveEast;(16, 4);False;1;2127
;(14, 9);MoveEast;(16, 4);False;1;2128
;(14, 9);MoveEast;(17, 4);False;1;2129
;(14, 9);MoveEast;(17, 4);False;1;2130
;(14, 9);MoveEast;(17, 4);False;1;2131
;(14, 9);MoveEast;(17, 4);False;1;2132
;(14, 9);MoveEast;(17, 4);False;1;2133
;(14, 9);MoveEast;(17, 4);False;1;2134
;(14, 9);MoveEast;(17, 4);False;1;2135
;(14, 9);MoveEast;(17, 4);False;1;2136
;(14, 9);MoveEast;(17, 4);False;1;2137
;(14, 9);MoveEast;(17, 4);False;1;2138
;(14, 9);MoveEast;(17, 4);False;1;2139
;(14, 9);MoveEast;(18, 4);False;1;2140
;(14, 9);MoveWest;(18, 4);False;1;2141
;(14, 9);MoveWest;(18, 4);False;1;2142
;(14, 9);MoveWest;(18, 4);False;1;2143
;(14, 9);MoveWest;(18, 4);False;1;2144
;(14, 9);MoveWest;(18, 4);False;1;2145
;(14, 9);MoveWest;(18, 4);False;1;2146
;(14, 9);MoveWest;(18, 4);False;1;2147
;(14, 9);MoveWest;(18, 4);False;1;2148
;(14, 9);MoveWest;(18, 4);False;1;2149
;(14, 9);MoveWest;(18, 4);False;1;2150
;(14, 9);MoveWest;(17, 4);False;1;2151
;(14, 9);MoveWest;(17, 4);False;1;2152
;(14, 9);MoveWest;(17, 4);False;1;2153
;(14, 9);MoveWest;(17, 4);False;1;2154
;(14, 9);MoveWest;(17, 4);False;1;2155
;(14, 9);MoveWest;(17, 4);False;1;2156
;(14, 9);MoveWest;(17, 4);False;1;2157
;(14, 9);MoveWest;(17, 4);False;1;2158
;(14, 9);MoveWest;(17, 4);False;1;2159
;(14, 9);MoveWest;(17, 4);False;1;2160
;(14, 9);MoveWest;(17, 4);False;1;2161
;(14, 9);MoveWest;(16, 4);False;1;2162
;(14, 9);;(16, 4);False;1;2163
;(14, 9);MoveSouthWest;(16, 4);False;1;2164
;(14, 9);MoveSouthWest;(16, 4);False;1;2165
;(14, 9);MoveSouthWest;(16, 4);False;1;2166
;(14, 9);MoveSouthWest;(16, 4);False;1;2167
;(14, 9);MoveSouthWest;(16, 4);False;1;2168
;(14, 9);MoveSouthWest;(16, 4);False;1;2169
;(14, 9);MoveSouthWest;(16, 4);False;1;2170
;(14, 9);MoveSouthWest;(16, 4);False;1;2171
;(14, 9);MoveSouthWest;(16, 4);False;1;2172
;(14, 9);MoveSouthWest;(16, 4);False;1;2173
;(14, 9);MoveSouthWest;(15, 5);False;1;2174
;(14, 9);MoveSouthWest;(15, 5);False;1;2175
;(14, 9);MoveSouthWest;(15, 5);False;1;2176
;(14, 9);MoveSouthWest;(15, 5);False;1;2177
;(14, 9);MoveSouthWest;(15, 5);False;1;2178
;(14, 9);MoveSouthWest;(15, 5);False;1;2179
;(14, 9);MoveSouthWest;(15, 5);False;1;2180
;(14, 9);MoveSouthWest;(15, 5);False;1;2181
;(14, 9);MoveSouthWest;(15, 5);False;1;2182
;(14, 9);MoveSouthWest;(15, 5);False;1;2183
;(14, 9);MoveSouthWest;(15, 5);False;1;2184
;(14, 9);MoveSouthWest;(14, 6);False;1;2185
;(14, 9);MoveSouthWest;(14, 6);False;1;2186
;(14, 9);MoveSouthWest;(14, 6);False;1;2187
;(14, 9);MoveSouthWest;(14, 6);False;1;2188
;(14, 9);MoveSouthWest;(14, 6);False;1;2189
;(14, 9);MoveSouthWest;(14, 6);False;1;2190
;(14, 9);MoveSouthWest;(14, 6);False;1;2191
;(14, 9);MoveSouthWest;(14, 6);False;1;2192
;(14, 9);MoveSouthWest;(14, 6);False;1;2193
;(14, 9);MoveSouthWest;(14, 6);False;1;2194
;(14, 9);MoveSouthWest;(14, 6);False;1;2195
;(14, 9);MoveSouthWest;(13, 7);False;1;2196
;(14, 9);MoveSouthWest;(13, 7);False;1;2197
;(14, 9);MoveSouthWest;(13, 7);False;1;2198
;(14, 9);MoveSouthWest;(13, 7);False;1;2199
;(14, 9);MoveSouthWest;(13, 7);False;1;2200
;(14, 9);MoveSouthWest;(13, 7);False;1;2201
;(14, 9);MoveSouthWest;(13, 7);False;1;2202
;(14, 9);MoveSouthWest;(13, 7);False;1;2203
;(14, 9);MoveSouthWest;(13, 7);False;1;2204
;(14, 9);MoveSouthWest;(13, 7);False;1;2205
;(14, 9);MoveSouthWest;(13, 7);False;1;2206
;(14, 9);MoveSouthWest;(12, 8);False;1;2207
;(14, 9);MoveSouthWest;(12, 8);False;1;2208
;(14, 9);MoveSouthWest;(12, 8);False;1;2209
;(14, 9);MoveSouthWest;(12, 8);False;1;2210
;(14, 9);MoveSouthWest;(12, 8);False;1;2211
;(14, 9);MoveSouthWest;(12, 8);False;1;2212
;(14, 9);MoveSouthWest;(12, 8);False;1;2213
;(14, 9);MoveSouthWest;(12, 8);False;1;2214
;(14, 9);MoveSouthWest;(12, 8);False;1;2215
;(14, 9);MoveSouthWest;(12, 8);False;1;2216
;(14, 9);MoveSouthWest;(12, 8);False;1;2217
;(14, 9);MoveSouthWest;(11, 9);False;1;2218
;(14, 9);MoveWest;(11, 9);False;1;2219
;(14, 9);MoveWest;(11, 9);False;1;2220
;(14, 9);MoveWest;(11, 9);False;1;2221
;(14, 9);MoveWest;(11, 9);False;1;2222
;(14, 9);MoveWest;(11, 9);False;1;2223
;(14, 9);MoveWest;(11, 9);False;1;2224
;(14, 9);MoveWest;(11, 9);False;1;2225
;(14, 9);MoveWest;(11, 9);False;1;2226
;(14, 9);MoveWest;(11, 9);False;1;2227
;(14, 9);MoveWest;(11, 9);False;1;2228
;(14, 9);MoveWest;(10, 9);False;1;2229
;(14, 9);MoveSouthWest;(10, 9);False;1;2230
;(14, 9);MoveSouthWest;(10, 9);False;1;2231
;(14, 9);MoveSouthWest;(10, 9);False;1;2232
;(14, 9);MoveSouthWest;(10, 9);False;1;2233
;(14, 9);MoveSouthWest;(10, 9);False;1;2234
;(14, 9);MoveSouthWest;(10, 9);False;1;2235
;(14, 9);MoveSouthWest;(10, 9);False;1;2236
;(14, 9);MoveSouthWest;(10, 9);False;1;2237
;(14, 9);MoveSouthWest;(10, 9);False;1;2238
;(14, 9);MoveSouthWest;(10, 9);False;1;2239
;(14, 9);MoveSouthWest;(9, 10);False;1;2240
;(14, 9);BreakObject;(9, 10);False;1;2241
;(14, 9);BreakObject;(9, 10);False;1;2242
;(14, 9);BreakObject;(9, 10);False;1;2243
;(14, 9);BreakObject;(9, 10);False;1;2244
;(14, 9);BreakObject;(9, 10);False;1;2245
;(14, 9);BreakObject;(9, 10);False;1;2246
;(14, 9);BreakObject;(9, 10);False;1;2247
;(14, 9);BreakObject;(9, 10);False;1;2248
;(14, 9);BreakObject;(9, 10);False;1;2249
;(14, 9);BreakObject;(9, 10);False;1;2250
;(14, 9);BreakObject;(9, 10);False;1;2251
;(14, 9);;(9, 10);False;1;2252
;(14, 9);;(9, 10);False;1;2253
;(14, 9);;(9, 10);False;1;2254
;(14, 9);;(9, 10);False;1;2255
;(14, 9);;(9, 10);False;1;2256
;(14, 9);;(9, 10);False;1;2257
;(14, 9);;(9, 10);False;1;2258
;(14, 9);;(9, 10);False;1;2259
;(14, 9);;(9, 10);False;1;2260
;(14, 9);;(9, 10);False;1;2261
;(14, 9);;(9, 10);False;1;2262
;(14, 9);;(9, 10);False;1;2263
;(14, 9);;(9, 10);False;1;2264
;(14, 9);;(9, 10);False;1;2265
;(14, 9);;(9, 10);False;1;2266
;(14, 9);;(9, 10);False;1;2267
;(14, 9);;(9, 10);False;1;2268
;(14, 9);;(9, 10);False;1;2269
MoveWest;(13, 9);;(9, 10);False;1;2270
;(13, 9);;(9, 10);False;1;2271
MoveWest;(12, 9);Idle;(9, 10);False;1;2272
;(12, 9);Idle;(9, 10);False;1;2273
;(12, 9);Idle;(9, 10);False;1;2274
MoveWest;(11, 9);Idle;(9, 10);False;1;2275
;(11, 9);Idle;(9, 10);False;1;2276
;(11, 9);Idle;(9, 10);False;1;2277
;(11, 9);Idle;(9, 10);False;1;2278
;(11, 9);Idle;(9, 10);False;1;2279
;(11, 9);Idle;(9, 10);False;1;2280
;(11, 9);Idle;(9, 10);False;1;2281
;(11, 9);Idle;(9, 10);False;1;2282
MoveSouth;(11, 10);Idle;(9, 10);False;1;2283
;(11, 10);Idle;(9, 10);False;1;2284
;(11, 10);Idle;(9, 10);False;1;2285
;(11, 10);Idle;(9, 10);False;1;2286
MoveWest;(10, 10);Idle;(9, 10);False;1;2287
;(10, 10);Idle;(9, 10);False;1;2288
;(10, 10);Idle;(9, 10);False;1;2289
MoveWest;(9, 10);Idle;(9, 10);False;1;2290
;(9, 10);Idle;(9, 10);False;1;2291
;(9, 10);Idle;(9, 10);False;1;2292
;(9, 10);Idle;(9, 10);False;1;2293
;(9, 10);Idle;(9, 10);False;1;2294
;(9, 10);Idle;(9, 10);False;1;2295
;(9, 10);Idle;(9, 10);False;1;2296
;(9, 10);Idle;(9, 10);False;1;2297
;(9, 10);Idle;(9, 10);False;1;2298
;(9, 10);Idle;(9, 10);False;1;2299
;(9, 10);Idle;(9, 10);False;1;2300
;(9, 10);Idle;(9, 10);False;1;2301
;(9, 10);Idle;(9, 10);False;1;2302
;(9, 10);Idle;(9, 10);False;1;2303
;(9, 10);Idle;(9, 10);False;1;2304
;(9, 10);Idle;(9, 10);False;1;2305
;(9, 10);Idle;(9, 10);False;1;2306
;(9, 10);Idle;(9, 10);False;1;2307
;(9, 10);Idle;(9, 10);False;1;2308
;(9, 10);Idle;(9, 10);False;1;2309
;(9, 10);Idle;(9, 10);False;1;2310
;(9, 10);Idle;(9, 10);False;1;2311
;(9, 10);Idle;(9, 10);False;1;2312
;(9, 10);Idle;(9, 10);False;1;2313
;(9, 10);Idle;(9, 10);False;1;2314
;(9, 10);Idle;(9, 10);False;1;2315
;(9, 10);Idle;(9, 10);False;1;2316
GrabObject;(9, 10);Idle;(9, 10);False;1;2317
;(9, 10);Idle;(9, 10);False;1;2318
;(9, 10);Idle;(9, 10);False;1;2319
;(9, 10);Idle;(9, 10);False;1;2320
;(9, 10);Idle;(9, 10);False;1;2321
;(9, 10);Idle;(9, 10);False;1;2322
;(9, 10);Idle;(9, 10);False;1;2323
;(9, 10);Idle;(9, 10);False;1;2324
;(9, 10);Idle;(9, 10);False;1;2325
;(9, 10);Idle;(9, 10);False;1;2326
;(9, 10);;(9, 10);False;1;2327
;(9, 10);Idle;(9, 10);False;1;2328
;(9, 10);Idle;(9, 10);False;1;2329
;(9, 10);Idle;(9, 10);False;1;2330
;(9, 10);Idle;(9, 10);False;1;2331
;(9, 10);Idle;(9, 10);False;1;2332
;(9, 10);Idle;(9, 10);False;1;2333
;(9, 10);Idle;(9, 10);False;1;2334
;(9, 10);Idle;(9, 10);False;1;2335
MoveWest;(8, 10);Idle;(9, 10);False;1;2336
;(8, 10);Idle;(9, 10);False;1;2337
;(8, 10);Idle;(9, 10);False;1;2338
;(8, 10);Idle;(9, 10);False;1;2339
;(8, 10);Idle;(9, 10);False;1;2340
;(8, 10);Idle;(9, 10);False;1;2341
;(8, 10);Idle;(9, 10);False;1;2342
;(8, 10);Idle;(9, 10);False;1;2343
;(8, 10);Idle;(9, 10);False;1;2344
;(8, 10);Idle;(9, 10);False;1;2345
MoveWest;(7, 10);Idle;(9, 10);False;1;2346
MoveWest;(6, 10);Idle;(9, 10);False;1;2347
MoveWest;(5, 10);Idle;(9, 10);False;1;2348
MoveWest;(4, 10);Idle;(9, 10);False;1;2349
MoveWest;(3, 10);Idle;(9, 10);False;1;2350
MoveWest;(2, 10);Idle;(9, 10);False;1;2351
MoveWest;(1, 10);Idle;(9, 10);False;1;2352
MoveWest;(0, 10);Idle;(9, 10);False;1;2353
MoveWest;(0, 10);Idle;(9, 10);False;1;2354
MoveWest;(0, 10);Idle;(9, 10);False;1;2355
MoveWest;(0, 10);Idle;(9, 10);False;1;2356
MoveWest;(0, 10);Idle;(9, 10);False;1;2357
MoveWest;(0, 10);Idle;(9, 10);False;1;2358
MoveWest;(0, 10);Idle;(9, 10);False;1;2359
DropObject;(0, 10);Idle;(9, 10);False;1;2360
;(0, 10);Idle;(9, 10);False;1;2361
;(0, 10);Idle;(9, 10);False;1;2362
MoveEast;(1, 10);Idle;(9, 10);False;1;2363
;(1, 10);Idle;(9, 10);False;1;2364
;(1, 10);Idle;(9, 10);False;1;2365
;(1, 10);Idle;(9, 10);False;1;2366
;(1, 10);Idle;(9, 10);False;1;2367
;(1, 10);Idle;(9, 10);False;1;2368
;(1, 10);Idle;(9, 10);False;1;2369
;(1, 10);Idle;(9, 10);False;1;2370
;(1, 10);Idle;(9, 10);False;1;2371
;(1, 10);Idle;(9, 10);False;1;2372
;(1, 10);Idle;(9, 10);False;1;2373
MoveEast;(2, 10);Idle;(9, 10);False;1;2374
MoveEast;(3, 10);Idle;(9, 10);False;1;2375
MoveEast;(4, 10);Idle;(9, 10);False;1;2376
MoveEast;(5, 10);Idle;(9, 10);False;1;2377
MoveEast;(6, 10);Idle;(9, 10);False;1;2378
MoveEast;(7, 10);Idle;(9, 10);False;1;2379
;(7, 10);Idle;(9, 10);False;1;2380
;(7, 10);Idle;(9, 10);False;1;2381
MoveWest;(6, 10);Idle;(9, 10);False;1;2382
;(6, 10);;(9, 10);False;1;2383
;(6, 10);Idle;(9, 10);False;1;2384
;(6, 10);Idle;(9, 10);False;1;2385
;(6, 10);Idle;(9, 10);False;1;2386
MoveEast;(7, 10);Idle;(9, 10);False;1;2387
;(7, 10);Idle;(9, 10);False;1;2388
;(7, 10);Idle;(9, 10);False;1;2389
;(7, 10);Idle;(9, 10);False;1;2390
MoveEast;(8, 10);Idle;(9, 10);False;1;2391
;(8, 10);Idle;(9, 10);False;1;2392
;(8, 10);Idle;(9, 10);False;1;2393
MoveEast;(9, 10);Idle;(9, 10);False;1;2394
;(9, 10);Idle;(9, 10);False;1;2395
;(9, 10);Idle;(9, 10);False;1;2396
MoveEast;(10, 10);Idle;(9, 10);False;1;2397
;(10, 10);Idle;(9, 10);False;1;2398
;(10, 10);Idle;(9, 10);False;1;2399
MoveEast;(11, 10);Idle;(9, 10);False;1;2400
;(11, 10);Idle;(9, 10);False;1;2401
MoveEast;(12, 10);Idle;(9, 10);False;1;2402
;(12, 10);Idle;(9, 10);False;1;2403
;(12, 10);Idle;(9, 10);False;1;2404
;(12, 10);Idle;(9, 10);False;1;2405
;(12, 10);Idle;(9, 10);False;1;2406
;(12, 10);Idle;(9, 10);False;1;2407
;(12, 10);Idle;(9, 10);False;1;2408
;(12, 10);Idle;(9, 10);False;1;2409
MoveWest;(11, 10);Idle;(9, 10);False;1;2410
;(11, 10);Idle;(9, 10);False;1;2411
;(11, 10);Idle;(9, 10);False;1;2412
;(11, 10);Idle;(9, 10);False;1;2413
MoveWest;(10, 10);Idle;(9, 10);False;1;2414
;(10, 10);Idle;(9, 10);False;1;2415
;(10, 10);Idle;(9, 10);False;1;2416
;(10, 10);Idle;(9, 10);False;1;2417
;(10, 10);Idle;(9, 10);False;1;2418
;(10, 10);Idle;(9, 10);False;1;2419
;(10, 10);Idle;(9, 10);False;1;2420
;(10, 10);Idle;(9, 10);False;1;2421
;(10, 10);Idle;(9, 10);False;1;2422
GrabObject;(10, 10);Idle;(9, 10);False;1;2423
;(10, 10);Idle;(9, 10);False;1;2424
;(10, 10);Idle;(9, 10);False;1;2425
MoveWest;(9, 10);Idle;(9, 10);False;1;2426
;(9, 10);Idle;(9, 10);False;1;2427
;(9, 10);Idle;(9, 10);False;1;2428
;(9, 10);Idle;(9, 10);False;1;2429
;(9, 10);Idle;(9, 10);False;1;2430
;(9, 10);Idle;(9, 10);False;1;2431
;(9, 10);Idle;(9, 10);False;1;2432
;(9, 10);Idle;(9, 10);False;1;2433
;(9, 10);Idle;(9, 10);False;1;2434
;(9, 10);Idle;(9, 10);False;1;2435
MoveWest;(8, 10);Idle;(9, 10);False;1;2436
MoveWest;(7, 10);Idle;(9, 10);False;1;2437
MoveWest;(6, 10);Idle;(9, 10);False;1;2438
MoveWest;(5, 10);;(9, 10);False;1;2439
MoveWest;(4, 10);Idle;(9, 10);False;1;2440
MoveWest;(3, 10);Idle;(9, 10);False;1;2441
MoveWest;(2, 10);Idle;(9, 10);False;1;2442
MoveWest;(1, 10);Idle;(9, 10);False;1;2443
MoveWest;(0, 10);Idle;(9, 10);False;1;2444
MoveWest;(0, 10);Idle;(9, 10);False;1;2445
MoveWest;(0, 10);Idle;(9, 10);False;1;2446
MoveWest;(0, 10);Idle;(9, 10);False;1;2447
MoveWest;(0, 10);Idle;(9, 10);False;1;2448
;(0, 10);Idle;(9, 10);False;1;2449
DropObject;(0, 10);Idle;(9, 10);False;1;2450
;(0, 10);Idle;(9, 10);False;1;2451
;(0, 10);Idle;(9, 10);False;1;2452
MoveEast;(1, 10);Idle;(9, 10);False;1;2453
;(1, 10);Idle;(9, 10);False;1;2454
;(1, 10);Idle;(9, 10);False;1;2455
;(1, 10);Idle;(9, 10);False;1;2456
;(1, 10);Idle;(9, 10);False;1;2457
;(1, 10);Idle;(9, 10);False;1;2458
;(1, 10);Idle;(9, 10);False;1;2459
;(1, 10);Idle;(9, 10);False;1;2460
;(1, 10);Idle;(9, 10);False;1;2461
;(1, 10);Idle;(9, 10);False;1;2462
MoveEast;(2, 10);Idle;(9, 10);False;1;2463
MoveEast;(3, 10);Idle;(9, 10);False;1;2464
MoveEast;(4, 10);Idle;(9, 10);False;1;2465
MoveEast;(5, 10);Idle;(9, 10);False;1;2466
MoveEast;(6, 10);Idle;(9, 10);False;1;2467
MoveEast;(7, 10);Idle;(9, 10);False;1;2468
MoveEast;(8, 10);Idle;(9, 10);False;1;2469
MoveEast;(9, 10);Idle;(9, 10);False;1;2470
MoveEast;(10, 10);Idle;(9, 10);False;1;2471
;(10, 10);Idle;(9, 10);False;1;2472
;(10, 10);Idle;(9, 10);False;1;2473
;(10, 10);Idle;(9, 10);False;1;2474
;(10, 10);Idle;(9, 10);False;1;2475
;(10, 10);Idle;(9, 10);False;1;2476
;(10, 10);Idle;(9, 10);False;1;2477
;(10, 10);Idle;(9, 10);False;1;2478
MoveEast;(11, 10);Idle;(9, 10);False;1;2479
;(11, 10);Idle;(9, 10);False;1;2480
;(11, 10);Idle;(9, 10);False;1;2481
;(11, 10);Idle;(9, 10);False;1;2482
;(11, 10);Idle;(9, 10);False;1;2483
;(11, 10);Idle;(9, 10);False;1;2484
;(11, 10);Idle;(9, 10);False;1;2485
;(11, 10);Idle;(9, 10);False;1;2486
;(11, 10);Idle;(9, 10);False;1;2487
GrabObject;(11, 10);Idle;(9, 10);False;1;2488
;(11, 10);Idle;(9, 10);False;1;2489
;(11, 10);Idle;(9, 10);False;1;2490
MoveWest;(10, 10);Idle;(9, 10);False;1;2491
;(10, 10);Idle;(9, 10);False;1;2492
;(10, 10);Idle;(9, 10);False;1;2493
;(10, 10);Idle;(9, 10);False;1;2494
;(10, 10);;(9, 10);False;1;2495
;(10, 10);;(9, 10);False;1;2496
;(10, 10);;(9, 10);False;1;2497
;(10, 10);;(9, 10);False;1;2498
;(10, 10);;(9, 10);False;1;2499
;(10, 10);;(9, 10);False;1;2500
MoveWest;(9, 10);;(9, 10);False;1;2501
MoveWest;(8, 10);;(9, 10);False;1;2502
MoveWest;(7, 10);;(9, 10);False;1;2503
MoveWest;(6, 10);;(9, 10);False;1;2504
MoveWest;(5, 10);;(9, 10);False;1;2505
MoveWest;(4, 10);;(9, 10);False;1;2506
MoveWest;(3, 10);;(9, 10);False;1;2507
MoveWest;(2, 10);;(9, 10);False;1;2508
