tick;corrected_tick;remaining_distance;victim_harm;idle_time_robot;q_table_cps;q_table_cps_runs;q_table_basic;world_nr;tick_nr
2826;2807;;500;1;;;"                     Move back and forth  Stand Still    Pick up    Drop     Break
[4, 'equal', False]              -9.4986   -12.854072 -11.858650  -5.828 -11.26635
[4, 'human', False]              -7.0000    -5.978516  -4.745875  -2.500  -7.50000
[3, 'human', False]              -6.3300    -6.607359  -8.000000   0.000 -12.50000
[3, 'human', True]               -7.0000    -3.500000  -5.140000  -4.250  -5.33000
[3, 'equal', True]                0.0000     0.000000   0.000000  -8.500   0.00000
[3, 'equal', False]              -7.0000    -3.500000  -5.500000  -2.500   0.00000
[3, 'robot', False]              -7.0000    -0.500000   0.000000  -2.650   0.00000
[2, 'equal', False]              -4.0000    -2.250000  -4.000000 -39.500  -6.00000
[2, 'equal', True]               -7.0000    -3.500000   4.250000  -4.350  -9.80000
[2, 'human', False]              -9.0000   -15.500000  -8.850000   0.000  -6.00000
[1, 'human', False]               0.0000     0.000000   0.000000 -27.000   0.00000
[4, 'equal', True]               -4.0000     0.000000   0.000000   0.000  -4.00000
[2, 'human', True]                0.0000    -0.500000   0.000000   0.000   0.00000";1;2826
