human_selector_action;human_selector_location;robot_action;robot_location;robot_executing_cp;world_nr;tick_nr
;(3, 4);;(4, 4);False;1;0
;(3, 4);;(4, 4);False;1;1
;(3, 4);Idle;(4, 4);False;1;2
;(3, 4);Idle;(4, 4);False;1;3
;(3, 4);Idle;(4, 4);False;1;4
;(3, 4);Idle;(4, 4);False;1;5
;(3, 4);Idle;(4, 4);False;1;6
;(3, 4);Idle;(4, 4);False;1;7
;(3, 4);Idle;(4, 4);False;1;8
;(3, 4);Idle;(4, 4);False;1;9
;(3, 4);Idle;(4, 4);False;1;10
;(3, 4);Idle;(4, 4);False;1;11
;(3, 4);Idle;(4, 4);False;1;12
;(3, 4);Idle;(4, 4);False;1;13
;(3, 4);Idle;(4, 4);False;1;14
;(3, 4);Idle;(4, 4);False;1;15
;(3, 4);Idle;(4, 4);False;1;16
;(3, 4);Idle;(4, 4);False;1;17
;(3, 4);Idle;(4, 4);False;1;18
;(3, 4);Idle;(4, 4);False;1;19
;(3, 4);Idle;(4, 4);False;1;20
;(3, 4);Idle;(4, 4);False;1;21
;(3, 4);Idle;(4, 4);False;1;22
MoveEast;(4, 4);Idle;(4, 4);False;1;23
;(4, 4);Idle;(4, 4);False;1;24
;(4, 4);Idle;(4, 4);False;1;25
;(4, 4);Idle;(4, 4);False;1;26
;(4, 4);Idle;(4, 4);False;1;27
;(4, 4);Idle;(4, 4);False;1;28
;(4, 4);Idle;(4, 4);False;1;29
;(4, 4);Idle;(4, 4);False;1;30
;(4, 4);Idle;(4, 4);False;1;31
;(4, 4);Idle;(4, 4);False;1;32
;(4, 4);Idle;(4, 4);False;1;33
;(4, 4);Idle;(4, 4);False;1;34
;(4, 4);Idle;(4, 4);False;1;35
;(4, 4);Idle;(4, 4);False;1;36
;(4, 4);Idle;(4, 4);False;1;37
MoveEast;(5, 4);Idle;(4, 4);False;1;38
;(5, 4);Idle;(4, 4);False;1;39
;(5, 4);Idle;(4, 4);False;1;40
;(5, 4);Idle;(4, 4);False;1;41
;(5, 4);Idle;(4, 4);False;1;42
;(5, 4);Idle;(4, 4);False;1;43
;(5, 4);Idle;(4, 4);False;1;44
;(5, 4);Idle;(4, 4);False;1;45
;(5, 4);Idle;(4, 4);False;1;46
;(5, 4);Idle;(4, 4);False;1;47
MoveSouth;(5, 5);Idle;(4, 4);False;1;48
;(5, 5);Idle;(4, 4);False;1;49
;(5, 5);Idle;(4, 4);False;1;50
;(5, 5);Idle;(4, 4);False;1;51
MoveSouth;(5, 6);Idle;(4, 4);False;1;52
;(5, 6);Idle;(4, 4);False;1;53
;(5, 6);Idle;(4, 4);False;1;54
;(5, 6);Idle;(4, 4);False;1;55
;(5, 6);Idle;(4, 4);False;1;56
MoveSouth;(5, 7);;(4, 4);False;1;57
;(5, 7);Idle;(4, 4);False;1;58
;(5, 7);Idle;(4, 4);False;1;59
;(5, 7);Idle;(4, 4);False;1;60
;(5, 7);Idle;(4, 4);False;1;61
;(5, 7);Idle;(4, 4);False;1;62
;(5, 7);Idle;(4, 4);False;1;63
;(5, 7);Idle;(4, 4);False;1;64
;(5, 7);Idle;(4, 4);False;1;65
MoveEast;(6, 7);Idle;(4, 4);False;1;66
;(6, 7);Idle;(4, 4);False;1;67
;(6, 7);Idle;(4, 4);False;1;68
;(6, 7);Idle;(4, 4);False;1;69
;(6, 7);Idle;(4, 4);False;1;70
;(6, 7);Idle;(4, 4);False;1;71
;(6, 7);Idle;(4, 4);False;1;72
;(6, 7);Idle;(4, 4);False;1;73
;(6, 7);Idle;(4, 4);False;1;74
;(6, 7);Idle;(4, 4);False;1;75
;(6, 7);Idle;(4, 4);False;1;76
;(6, 7);Idle;(4, 4);False;1;77
;(6, 7);Idle;(4, 4);False;1;78
;(6, 7);Idle;(4, 4);False;1;79
;(6, 7);Idle;(4, 4);False;1;80
;(6, 7);Idle;(4, 4);False;1;81
;(6, 7);Idle;(4, 4);False;1;82
;(6, 7);Idle;(4, 4);False;1;83
;(6, 7);Idle;(4, 4);False;1;84
;(6, 7);Idle;(4, 4);False;1;85
;(6, 7);Idle;(4, 4);False;1;86
MoveEast;(7, 7);Idle;(4, 4);False;1;87
MoveNorth;(7, 6);Idle;(4, 4);False;1;88
;(7, 6);Idle;(4, 4);False;1;89
;(7, 6);Idle;(4, 4);False;1;90
;(7, 6);Idle;(4, 4);False;1;91
;(7, 6);Idle;(4, 4);False;1;92
;(7, 6);Idle;(4, 4);False;1;93
;(7, 6);Idle;(4, 4);False;1;94
;(7, 6);Idle;(4, 4);False;1;95
;(7, 6);Idle;(4, 4);False;1;96
;(7, 6);Idle;(4, 4);False;1;97
;(7, 6);Idle;(4, 4);False;1;98
;(7, 6);Idle;(4, 4);False;1;99
;(7, 6);Idle;(4, 4);False;1;100
;(7, 6);Idle;(4, 4);False;1;101
MoveEast;(8, 6);Idle;(4, 4);False;1;102
;(8, 6);Idle;(4, 4);False;1;103
;(8, 6);Idle;(4, 4);False;1;104
;(8, 6);Idle;(4, 4);False;1;105
;(8, 6);Idle;(4, 4);False;1;106
;(8, 6);Idle;(4, 4);False;1;107
;(8, 6);Idle;(4, 4);False;1;108
;(8, 6);Idle;(4, 4);False;1;109
MoveEast;(9, 6);Idle;(4, 4);False;1;110
;(9, 6);Idle;(4, 4);False;1;111
;(9, 6);Idle;(4, 4);False;1;112
;(9, 6);;(4, 4);False;1;113
;(9, 6);Idle;(4, 4);False;1;114
;(9, 6);Idle;(4, 4);False;1;115
;(9, 6);Idle;(4, 4);False;1;116
;(9, 6);Idle;(4, 4);False;1;117
;(9, 6);Idle;(4, 4);False;1;118
;(9, 6);Idle;(4, 4);False;1;119
;(9, 6);Idle;(4, 4);False;1;120
;(9, 6);Idle;(4, 4);False;1;121
;(9, 6);Idle;(4, 4);False;1;122
;(9, 6);Idle;(4, 4);False;1;123
;(9, 6);Idle;(4, 4);False;1;124
;(9, 6);Idle;(4, 4);False;1;125
;(9, 6);Idle;(4, 4);False;1;126
;(9, 6);Idle;(4, 4);False;1;127
;(9, 6);Idle;(4, 4);False;1;128
;(9, 6);Idle;(4, 4);False;1;129
;(9, 6);Idle;(4, 4);False;1;130
;(9, 6);Idle;(4, 4);False;1;131
;(9, 6);Idle;(4, 4);False;1;132
;(9, 6);Idle;(4, 4);False;1;133
;(9, 6);Idle;(4, 4);False;1;134
;(9, 6);Idle;(4, 4);False;1;135
;(9, 6);Idle;(4, 4);False;1;136
;(9, 6);Idle;(4, 4);False;1;137
;(9, 6);Idle;(4, 4);False;1;138
;(9, 6);Idle;(4, 4);False;1;139
;(9, 6);Idle;(4, 4);False;1;140
;(9, 6);Idle;(4, 4);False;1;141
;(9, 6);Idle;(4, 4);False;1;142
;(9, 6);Idle;(4, 4);False;1;143
;(9, 6);Idle;(4, 4);False;1;144
;(9, 6);Idle;(4, 4);False;1;145
;(9, 6);Idle;(4, 4);False;1;146
;(9, 6);Idle;(4, 4);False;1;147
;(9, 6);Idle;(4, 4);False;1;148
GrabObject;(9, 6);Idle;(4, 4);False;1;149
;(9, 6);Idle;(4, 4);False;1;150
;(9, 6);Idle;(4, 4);False;1;151
;(9, 6);Idle;(4, 4);False;1;152
;(9, 6);Idle;(4, 4);False;1;153
;(9, 6);Idle;(4, 4);False;1;154
;(9, 6);Idle;(4, 4);False;1;155
;(9, 6);Idle;(4, 4);False;1;156
;(9, 6);Idle;(4, 4);False;1;157
;(9, 6);Idle;(4, 4);False;1;158
;(9, 6);Idle;(4, 4);False;1;159
;(9, 6);Idle;(4, 4);False;1;160
;(9, 6);Idle;(4, 4);False;1;161
;(9, 6);Idle;(4, 4);False;1;162
;(9, 6);Idle;(4, 4);False;1;163
;(9, 6);Idle;(4, 4);False;1;164
;(9, 6);Idle;(4, 4);False;1;165
;(9, 6);Idle;(4, 4);False;1;166
;(9, 6);Idle;(4, 4);False;1;167
;(9, 6);Idle;(4, 4);False;1;168
;(9, 6);;(4, 4);False;1;169
;(9, 6);MoveSouthEast;(4, 4);False;1;170
;(9, 6);MoveSouthEast;(4, 4);False;1;171
;(9, 6);MoveSouthEast;(4, 4);False;1;172
;(9, 6);MoveSouthEast;(4, 4);False;1;173
;(9, 6);MoveSouthEast;(4, 4);False;1;174
;(9, 6);MoveSouthEast;(4, 4);False;1;175
;(9, 6);MoveSouthEast;(4, 4);False;1;176
;(9, 6);MoveSouthEast;(4, 4);False;1;177
;(9, 6);MoveSouthEast;(4, 4);False;1;178
;(9, 6);MoveSouthEast;(4, 4);False;1;179
;(9, 6);MoveSouthEast;(5, 5);False;1;180
MoveWest;(8, 6);MoveEast;(5, 5);False;1;181
;(8, 6);MoveEast;(5, 5);False;1;182
;(8, 6);MoveEast;(5, 5);False;1;183
;(8, 6);MoveEast;(5, 5);False;1;184
;(8, 6);MoveEast;(5, 5);False;1;185
;(8, 6);MoveEast;(5, 5);False;1;186
;(8, 6);MoveEast;(5, 5);False;1;187
;(8, 6);MoveEast;(5, 5);False;1;188
;(8, 6);MoveEast;(5, 5);False;1;189
;(8, 6);MoveEast;(5, 5);False;1;190
;(8, 6);MoveEast;(6, 5);False;1;191
MoveWest;(7, 6);MoveSouthEast;(6, 5);False;1;192
MoveWest;(6, 6);MoveSouthEast;(6, 5);False;1;193
;(6, 6);MoveSouthEast;(6, 5);False;1;194
MoveWest;(5, 6);MoveSouthEast;(6, 5);False;1;195
MoveWest;(4, 6);MoveSouthEast;(6, 5);False;1;196
;(4, 6);MoveSouthEast;(6, 5);False;1;197
MoveWest;(3, 6);MoveSouthEast;(6, 5);False;1;198
MoveWest;(2, 6);MoveSouthEast;(6, 5);False;1;199
;(2, 6);MoveSouthEast;(6, 5);False;1;200
MoveWest;(1, 6);MoveSouthEast;(6, 5);False;1;201
;(1, 6);MoveSouthEast;(7, 6);False;1;202
MoveWest;(0, 6);GrabLargeObject;(7, 6);False;1;203
MoveWest;(0, 6);GrabLargeObject;(7, 6);False;1;204
;(0, 6);GrabLargeObject;(7, 6);False;1;205
MoveWest;(0, 6);GrabLargeObject;(7, 6);False;1;206
;(0, 6);GrabLargeObject;(7, 6);False;1;207
;(0, 6);GrabLargeObject;(7, 6);False;1;208
DropObject;(0, 6);GrabLargeObject;(7, 6);False;1;209
;(0, 6);GrabLargeObject;(7, 6);False;1;210
;(0, 6);GrabLargeObject;(7, 6);False;1;211
;(0, 6);GrabLargeObject;(7, 6);False;1;212
;(0, 6);GrabLargeObject;(7, 6);False;1;213
;(0, 6);;(7, 6);False;1;214
MoveEast;(1, 6);MoveEast;(7, 6);False;1;215
;(1, 6);MoveEast;(7, 6);False;1;216
;(1, 6);MoveEast;(7, 6);False;1;217
;(1, 6);MoveEast;(7, 6);False;1;218
;(1, 6);MoveEast;(7, 6);False;1;219
;(1, 6);MoveEast;(7, 6);False;1;220
;(1, 6);MoveEast;(7, 6);False;1;221
;(1, 6);MoveEast;(7, 6);False;1;222
;(1, 6);MoveEast;(7, 6);False;1;223
;(1, 6);MoveEast;(7, 6);False;1;224
MoveEast;(2, 6);MoveEast;(8, 6);False;1;225
;(2, 6);MoveEast;(8, 6);False;1;226
MoveEast;(3, 6);MoveEast;(8, 6);False;1;227
MoveEast;(4, 6);MoveEast;(8, 6);False;1;228
;(4, 6);MoveEast;(8, 6);False;1;229
MoveEast;(5, 6);MoveEast;(8, 6);False;1;230
MoveEast;(6, 6);MoveEast;(8, 6);False;1;231
;(6, 6);MoveEast;(8, 6);False;1;232
MoveEast;(7, 6);MoveEast;(8, 6);False;1;233
;(7, 6);MoveEast;(8, 6);False;1;234
MoveEast;(8, 6);MoveEast;(8, 6);False;1;235
MoveEast;(9, 6);MoveEast;(9, 6);False;1;236
;(9, 6);MoveWest;(9, 6);False;1;237
MoveEast;(10, 6);MoveWest;(9, 6);False;1;238
;(10, 6);MoveWest;(9, 6);False;1;239
;(10, 6);MoveWest;(9, 6);False;1;240
;(10, 6);MoveWest;(9, 6);False;1;241
;(10, 6);MoveWest;(9, 6);False;1;242
;(10, 6);MoveWest;(9, 6);False;1;243
;(10, 6);MoveWest;(9, 6);False;1;244
;(10, 6);MoveWest;(9, 6);False;1;245
;(10, 6);MoveWest;(9, 6);False;1;246
;(10, 6);MoveWest;(8, 6);False;1;247
;(10, 6);MoveWest;(8, 6);False;1;248
;(10, 6);MoveWest;(8, 6);False;1;249
MoveWest;(9, 6);MoveWest;(8, 6);False;1;250
;(9, 6);MoveWest;(8, 6);False;1;251
;(9, 6);MoveWest;(8, 6);False;1;252
;(9, 6);MoveWest;(8, 6);False;1;253
;(9, 6);MoveWest;(8, 6);False;1;254
;(9, 6);MoveWest;(8, 6);False;1;255
;(9, 6);MoveWest;(8, 6);False;1;256
;(9, 6);MoveWest;(8, 6);False;1;257
;(9, 6);MoveWest;(7, 6);False;1;258
;(9, 6);MoveEast;(7, 6);False;1;259
;(9, 6);MoveEast;(7, 6);False;1;260
;(9, 6);MoveEast;(7, 6);False;1;261
;(9, 6);MoveEast;(7, 6);False;1;262
;(9, 6);MoveEast;(7, 6);False;1;263
;(9, 6);MoveEast;(7, 6);False;1;264
;(9, 6);MoveEast;(7, 6);False;1;265
;(9, 6);MoveEast;(7, 6);False;1;266
;(9, 6);MoveEast;(7, 6);False;1;267
;(9, 6);MoveEast;(7, 6);False;1;268
;(9, 6);MoveEast;(8, 6);False;1;269
;(9, 6);MoveEast;(8, 6);False;1;270
;(9, 6);MoveEast;(8, 6);False;1;271
;(9, 6);MoveEast;(8, 6);False;1;272
;(9, 6);MoveEast;(8, 6);False;1;273
;(9, 6);MoveEast;(8, 6);False;1;274
;(9, 6);MoveEast;(8, 6);False;1;275
;(9, 6);MoveEast;(8, 6);False;1;276
;(9, 6);MoveEast;(8, 6);False;1;277
;(9, 6);MoveEast;(8, 6);False;1;278
;(9, 6);MoveEast;(8, 6);False;1;279
;(9, 6);MoveEast;(9, 6);False;1;280
;(9, 6);MoveWest;(9, 6);False;1;281
;(9, 6);MoveWest;(9, 6);False;1;282
GrabObject;(9, 6);MoveWest;(9, 6);False;1;283
;(9, 6);MoveWest;(9, 6);False;1;284
;(9, 6);MoveWest;(9, 6);False;1;285
MoveWest;(8, 6);MoveWest;(9, 6);False;1;286
;(8, 6);MoveWest;(9, 6);False;1;287
;(8, 6);MoveWest;(9, 6);False;1;288
;(8, 6);MoveWest;(9, 6);False;1;289
;(8, 6);MoveWest;(9, 6);False;1;290
;(8, 6);MoveWest;(8, 6);False;1;291
;(8, 6);MoveWest;(8, 6);False;1;292
;(8, 6);MoveWest;(8, 6);False;1;293
;(8, 6);MoveWest;(8, 6);False;1;294
;(8, 6);MoveWest;(8, 6);False;1;295
MoveWest;(7, 6);MoveWest;(8, 6);False;1;296
MoveWest;(6, 6);MoveWest;(8, 6);False;1;297
;(6, 6);MoveWest;(8, 6);False;1;298
MoveWest;(5, 6);MoveWest;(8, 6);False;1;299
;(5, 6);MoveWest;(8, 6);False;1;300
MoveWest;(4, 6);MoveWest;(8, 6);False;1;301
MoveWest;(3, 6);MoveWest;(7, 6);False;1;302
;(3, 6);MoveEast;(7, 6);False;1;303
MoveWest;(2, 6);MoveEast;(7, 6);False;1;304
MoveWest;(1, 6);MoveEast;(7, 6);False;1;305
;(1, 6);MoveEast;(7, 6);False;1;306
MoveWest;(0, 6);MoveEast;(7, 6);False;1;307
;(0, 6);MoveEast;(7, 6);False;1;308
MoveWest;(0, 6);MoveEast;(7, 6);False;1;309
MoveWest;(0, 6);MoveEast;(7, 6);False;1;310
;(0, 6);MoveEast;(7, 6);False;1;311
MoveWest;(0, 6);MoveEast;(7, 6);False;1;312
;(0, 6);MoveEast;(8, 6);False;1;313
MoveWest;(0, 6);MoveEast;(8, 6);False;1;314
;(0, 6);MoveEast;(8, 6);False;1;315
DropObject;(0, 6);MoveEast;(8, 6);False;1;316
;(0, 6);MoveEast;(8, 6);False;1;317
;(0, 6);MoveEast;(8, 6);False;1;318
;(0, 6);MoveEast;(8, 6);False;1;319
;(0, 6);MoveEast;(8, 6);False;1;320
;(0, 6);MoveEast;(8, 6);False;1;321
;(0, 6);MoveEast;(8, 6);False;1;322
MoveEast;(1, 6);MoveEast;(8, 6);False;1;323
;(1, 6);MoveEast;(9, 6);False;1;324
;(1, 6);MoveWest;(9, 6);False;1;325
;(1, 6);MoveWest;(9, 6);False;1;326
;(1, 6);MoveWest;(9, 6);False;1;327
;(1, 6);MoveWest;(9, 6);False;1;328
;(1, 6);MoveWest;(9, 6);False;1;329
;(1, 6);MoveWest;(9, 6);False;1;330
;(1, 6);MoveWest;(9, 6);False;1;331
;(1, 6);MoveWest;(9, 6);False;1;332
MoveEast;(2, 6);MoveWest;(9, 6);False;1;333
MoveEast;(3, 6);MoveWest;(9, 6);False;1;334
;(3, 6);MoveWest;(8, 6);False;1;335
MoveEast;(4, 6);MoveWest;(8, 6);False;1;336
;(4, 6);MoveWest;(8, 6);False;1;337
MoveEast;(5, 6);MoveWest;(8, 6);False;1;338
MoveEast;(6, 6);MoveWest;(8, 6);False;1;339
;(6, 6);MoveWest;(8, 6);False;1;340
MoveEast;(7, 6);MoveWest;(8, 6);False;1;341
;(7, 6);MoveWest;(8, 6);False;1;342
MoveEast;(8, 6);MoveWest;(8, 6);False;1;343
;(8, 6);MoveWest;(8, 6);False;1;344
MoveEast;(9, 6);MoveWest;(8, 6);False;1;345
;(9, 6);MoveWest;(7, 6);False;1;346
MoveEast;(10, 6);;(7, 6);False;1;347
;(10, 6);Idle;(7, 6);False;1;348
;(10, 6);Idle;(7, 6);False;1;349
;(10, 6);Idle;(7, 6);False;1;350
;(10, 6);Idle;(7, 6);False;1;351
;(10, 6);Idle;(7, 6);False;1;352
;(10, 6);Idle;(7, 6);False;1;353
;(10, 6);Idle;(7, 6);False;1;354
;(10, 6);Idle;(7, 6);False;1;355
MoveWest;(9, 6);Idle;(7, 6);False;1;356
;(9, 6);Idle;(7, 6);False;1;357
;(9, 6);Idle;(7, 6);False;1;358
;(9, 6);Idle;(7, 6);False;1;359
MoveWest;(8, 6);Idle;(7, 6);False;1;360
;(8, 6);Idle;(7, 6);False;1;361
;(8, 6);Idle;(7, 6);False;1;362
;(8, 6);Idle;(7, 6);False;1;363
;(8, 6);Idle;(7, 6);False;1;364
;(8, 6);Idle;(7, 6);False;1;365
;(8, 6);Idle;(7, 6);False;1;366
;(8, 6);Idle;(7, 6);False;1;367
;(8, 6);Idle;(7, 6);False;1;368
;(8, 6);Idle;(7, 6);False;1;369
;(8, 6);Idle;(7, 6);False;1;370
;(8, 6);Idle;(7, 6);False;1;371
GrabObject;(8, 6);Idle;(7, 6);False;1;372
;(8, 6);Idle;(7, 6);False;1;373
MoveWest;(7, 6);Idle;(7, 6);False;1;374
;(7, 6);Idle;(7, 6);False;1;375
;(7, 6);Idle;(7, 6);False;1;376
;(7, 6);Idle;(7, 6);False;1;377
;(7, 6);Idle;(7, 6);False;1;378
;(7, 6);Idle;(7, 6);False;1;379
;(7, 6);Idle;(7, 6);False;1;380
;(7, 6);Idle;(7, 6);False;1;381
;(7, 6);Idle;(7, 6);False;1;382
;(7, 6);Idle;(7, 6);False;1;383
MoveWest;(6, 6);Idle;(7, 6);False;1;384
;(6, 6);Idle;(7, 6);False;1;385
MoveWest;(5, 6);Idle;(7, 6);False;1;386
MoveWest;(4, 6);Idle;(7, 6);False;1;387
;(4, 6);Idle;(7, 6);False;1;388
MoveWest;(3, 6);Idle;(7, 6);False;1;389
;(3, 6);Idle;(7, 6);False;1;390
MoveWest;(2, 6);Idle;(7, 6);False;1;391
MoveWest;(1, 6);Idle;(7, 6);False;1;392
;(1, 6);Idle;(7, 6);False;1;393
MoveWest;(0, 6);Idle;(7, 6);False;1;394
MoveWest;(0, 6);Idle;(7, 6);False;1;395
;(0, 6);Idle;(7, 6);False;1;396
MoveWest;(0, 6);Idle;(7, 6);False;1;397
;(0, 6);Idle;(7, 6);False;1;398
;(0, 6);Idle;(7, 6);False;1;399
DropObject;(0, 6);Idle;(7, 6);False;1;400
;(0, 6);Idle;(7, 6);False;1;401
;(0, 6);Idle;(7, 6);False;1;402
;(0, 6);;(7, 6);False;1;403
;(0, 6);Idle;(7, 6);False;1;404
;(0, 6);Idle;(7, 6);False;1;405
;(0, 6);Idle;(7, 6);False;1;406
;(0, 6);Idle;(7, 6);False;1;407
MoveEast;(1, 6);Idle;(7, 6);False;1;408
;(1, 6);Idle;(7, 6);False;1;409
;(1, 6);Idle;(7, 6);False;1;410
;(1, 6);Idle;(7, 6);False;1;411
;(1, 6);Idle;(7, 6);False;1;412
;(1, 6);Idle;(7, 6);False;1;413
;(1, 6);Idle;(7, 6);False;1;414
;(1, 6);Idle;(7, 6);False;1;415
;(1, 6);Idle;(7, 6);False;1;416
;(1, 6);Idle;(7, 6);False;1;417
MoveEast;(2, 6);Idle;(7, 6);False;1;418
MoveEast;(3, 6);Idle;(7, 6);False;1;419
;(3, 6);Idle;(7, 6);False;1;420
MoveEast;(4, 6);Idle;(7, 6);False;1;421
;(4, 6);Idle;(7, 6);False;1;422
MoveEast;(5, 6);Idle;(7, 6);False;1;423
;(5, 6);Idle;(7, 6);False;1;424
;(5, 6);Idle;(7, 6);False;1;425
;(5, 6);Idle;(7, 6);False;1;426
;(5, 6);Idle;(7, 6);False;1;427
MoveEast;(6, 6);Idle;(7, 6);False;1;428
;(6, 6);Idle;(7, 6);False;1;429
;(6, 6);Idle;(7, 6);False;1;430
MoveEast;(7, 6);Idle;(7, 6);False;1;431
;(7, 6);Idle;(7, 6);False;1;432
;(7, 6);Idle;(7, 6);False;1;433
;(7, 6);Idle;(7, 6);False;1;434
MoveEast;(8, 6);Idle;(7, 6);False;1;435
;(8, 6);Idle;(7, 6);False;1;436
;(8, 6);Idle;(7, 6);False;1;437
MoveEast;(9, 6);Idle;(7, 6);False;1;438
;(9, 6);Idle;(7, 6);False;1;439
;(9, 6);Idle;(7, 6);False;1;440
;(9, 6);Idle;(7, 6);False;1;441
;(9, 6);Idle;(7, 6);False;1;442
;(9, 6);Idle;(7, 6);False;1;443
;(9, 6);Idle;(7, 6);False;1;444
MoveSouth;(9, 7);Idle;(7, 6);False;1;445
;(9, 7);Idle;(7, 6);False;1;446
;(9, 7);Idle;(7, 6);False;1;447
;(9, 7);Idle;(7, 6);False;1;448
;(9, 7);Idle;(7, 6);False;1;449
;(9, 7);Idle;(7, 6);False;1;450
;(9, 7);Idle;(7, 6);False;1;451
;(9, 7);Idle;(7, 6);False;1;452
;(9, 7);Idle;(7, 6);False;1;453
;(9, 7);Idle;(7, 6);False;1;454
;(9, 7);Idle;(7, 6);False;1;455
;(9, 7);Idle;(7, 6);False;1;456
;(9, 7);Idle;(7, 6);False;1;457
;(9, 7);Idle;(7, 6);False;1;458
;(9, 7);;(7, 6);False;1;459
;(9, 7);MoveWest;(7, 6);False;1;460
;(9, 7);MoveWest;(7, 6);False;1;461
;(9, 7);MoveWest;(7, 6);False;1;462
;(9, 7);MoveWest;(7, 6);False;1;463
MoveSouth;(9, 8);MoveWest;(7, 6);False;1;464
;(9, 8);MoveWest;(7, 6);False;1;465
;(9, 8);MoveWest;(7, 6);False;1;466
;(9, 8);MoveWest;(7, 6);False;1;467
;(9, 8);MoveWest;(7, 6);False;1;468
;(9, 8);MoveWest;(7, 6);False;1;469
;(9, 8);MoveWest;(6, 6);False;1;470
;(9, 8);MoveWest;(6, 6);False;1;471
;(9, 8);MoveWest;(6, 6);False;1;472
;(9, 8);MoveWest;(6, 6);False;1;473
;(9, 8);MoveWest;(6, 6);False;1;474
;(9, 8);MoveWest;(6, 6);False;1;475
;(9, 8);MoveWest;(6, 6);False;1;476
;(9, 8);MoveWest;(6, 6);False;1;477
;(9, 8);MoveWest;(6, 6);False;1;478
;(9, 8);MoveWest;(6, 6);False;1;479
MoveWest;(8, 8);MoveWest;(6, 6);False;1;480
;(8, 8);MoveWest;(5, 6);False;1;481
;(8, 8);MoveNorthWest;(5, 6);False;1;482
;(8, 8);MoveNorthWest;(5, 6);False;1;483
;(8, 8);MoveNorthWest;(5, 6);False;1;484
;(8, 8);MoveNorthWest;(5, 6);False;1;485
;(8, 8);MoveNorthWest;(5, 6);False;1;486
;(8, 8);MoveNorthWest;(5, 6);False;1;487
;(8, 8);MoveNorthWest;(5, 6);False;1;488
;(8, 8);MoveNorthWest;(5, 6);False;1;489
;(8, 8);MoveNorthWest;(5, 6);False;1;490
;(8, 8);MoveNorthWest;(5, 6);False;1;491
;(8, 8);MoveNorthWest;(4, 5);False;1;492
;(8, 8);MoveWest;(4, 5);False;1;493
;(8, 8);MoveWest;(4, 5);False;1;494
;(8, 8);MoveWest;(4, 5);False;1;495
;(8, 8);MoveWest;(4, 5);False;1;496
;(8, 8);MoveWest;(4, 5);False;1;497
;(8, 8);MoveWest;(4, 5);False;1;498
;(8, 8);MoveWest;(4, 5);False;1;499
;(8, 8);MoveWest;(4, 5);False;1;500
;(8, 8);MoveWest;(4, 5);False;1;501
;(8, 8);MoveWest;(4, 5);False;1;502
;(8, 8);MoveWest;(3, 5);False;1;503
;(8, 8);MoveNorthWest;(3, 5);False;1;504
;(8, 8);MoveNorthWest;(3, 5);False;1;505
;(8, 8);MoveNorthWest;(3, 5);False;1;506
;(8, 8);MoveNorthWest;(3, 5);False;1;507
;(8, 8);MoveNorthWest;(3, 5);False;1;508
;(8, 8);MoveNorthWest;(3, 5);False;1;509
;(8, 8);MoveNorthWest;(3, 5);False;1;510
;(8, 8);MoveNorthWest;(3, 5);False;1;511
;(8, 8);MoveNorthWest;(3, 5);False;1;512
;(8, 8);MoveNorthWest;(3, 5);False;1;513
;(8, 8);MoveNorthWest;(2, 4);False;1;514
;(8, 8);MoveWest;(2, 4);False;1;515
;(8, 8);MoveWest;(2, 4);False;1;516
;(8, 8);MoveWest;(2, 4);False;1;517
;(8, 8);MoveWest;(2, 4);False;1;518
;(8, 8);MoveWest;(2, 4);False;1;519
;(8, 8);MoveWest;(2, 4);False;1;520
;(8, 8);MoveWest;(2, 4);False;1;521
;(8, 8);MoveWest;(2, 4);False;1;522
;(8, 8);MoveWest;(2, 4);False;1;523
;(8, 8);MoveWest;(2, 4);False;1;524
;(8, 8);MoveWest;(1, 4);False;1;525
;(8, 8);DropLargeObject;(1, 4);False;1;526
;(8, 8);DropLargeObject;(1, 4);False;1;527
;(8, 8);DropLargeObject;(1, 4);False;1;528
;(8, 8);DropLargeObject;(1, 4);False;1;529
;(8, 8);DropLargeObject;(1, 4);False;1;530
;(8, 8);DropLargeObject;(1, 4);False;1;531
;(8, 8);DropLargeObject;(1, 4);False;1;532
;(8, 8);DropLargeObject;(1, 4);False;1;533
;(8, 8);DropLargeObject;(1, 4);False;1;534
;(8, 8);DropLargeObject;(1, 4);False;1;535
;(8, 8);DropLargeObject;(1, 4);False;1;536
;(8, 8);;(1, 4);False;1;537
;(8, 8);MoveEast;(1, 4);False;1;538
;(8, 8);MoveEast;(1, 4);False;1;539
;(8, 8);MoveEast;(1, 4);False;1;540
;(8, 8);MoveEast;(1, 4);False;1;541
;(8, 8);MoveEast;(1, 4);False;1;542
;(8, 8);MoveEast;(1, 4);False;1;543
;(8, 8);MoveEast;(1, 4);False;1;544
;(8, 8);MoveEast;(1, 4);False;1;545
;(8, 8);MoveEast;(1, 4);False;1;546
;(8, 8);MoveEast;(1, 4);False;1;547
;(8, 8);MoveEast;(2, 4);False;1;548
;(8, 8);MoveSouthEast;(2, 4);False;1;549
;(8, 8);MoveSouthEast;(2, 4);False;1;550
;(8, 8);MoveSouthEast;(2, 4);False;1;551
;(8, 8);MoveSouthEast;(2, 4);False;1;552
;(8, 8);MoveSouthEast;(2, 4);False;1;553
;(8, 8);MoveSouthEast;(2, 4);False;1;554
;(8, 8);MoveSouthEast;(2, 4);False;1;555
;(8, 8);MoveSouthEast;(2, 4);False;1;556
;(8, 8);MoveSouthEast;(2, 4);False;1;557
;(8, 8);MoveSouthEast;(2, 4);False;1;558
;(8, 8);MoveSouthEast;(3, 5);False;1;559
;(8, 8);MoveEast;(3, 5);False;1;560
;(8, 8);MoveEast;(3, 5);False;1;561
;(8, 8);MoveEast;(3, 5);False;1;562
;(8, 8);MoveEast;(3, 5);False;1;563
;(8, 8);MoveEast;(3, 5);False;1;564
;(8, 8);MoveEast;(3, 5);False;1;565
;(8, 8);MoveEast;(3, 5);False;1;566
;(8, 8);MoveEast;(3, 5);False;1;567
;(8, 8);MoveEast;(3, 5);False;1;568
;(8, 8);MoveEast;(3, 5);False;1;569
;(8, 8);MoveEast;(4, 5);False;1;570
;(8, 8);MoveSouthEast;(4, 5);False;1;571
;(8, 8);MoveSouthEast;(4, 5);False;1;572
;(8, 8);MoveSouthEast;(4, 5);False;1;573
;(8, 8);MoveSouthEast;(4, 5);False;1;574
;(8, 8);MoveSouthEast;(4, 5);False;1;575
;(8, 8);MoveSouthEast;(4, 5);False;1;576
;(8, 8);MoveSouthEast;(4, 5);False;1;577
;(8, 8);MoveSouthEast;(4, 5);False;1;578
;(8, 8);MoveSouthEast;(4, 5);False;1;579
;(8, 8);MoveSouthEast;(4, 5);False;1;580
;(8, 8);MoveSouthEast;(5, 6);False;1;581
;(8, 8);MoveEast;(5, 6);False;1;582
;(8, 8);MoveEast;(5, 6);False;1;583
;(8, 8);MoveEast;(5, 6);False;1;584
;(8, 8);MoveEast;(5, 6);False;1;585
;(8, 8);MoveEast;(5, 6);False;1;586
;(8, 8);MoveEast;(5, 6);False;1;587
;(8, 8);MoveEast;(5, 6);False;1;588
;(8, 8);MoveEast;(5, 6);False;1;589
;(8, 8);MoveEast;(5, 6);False;1;590
;(8, 8);MoveEast;(5, 6);False;1;591
;(8, 8);MoveEast;(6, 6);False;1;592
;(8, 8);MoveSouthEast;(6, 6);False;1;593
;(8, 8);MoveSouthEast;(6, 6);False;1;594
;(8, 8);MoveSouthEast;(6, 6);False;1;595
;(8, 8);MoveSouthEast;(6, 6);False;1;596
;(8, 8);MoveSouthEast;(6, 6);False;1;597
;(8, 8);MoveSouthEast;(6, 6);False;1;598
;(8, 8);MoveSouthEast;(6, 6);False;1;599
;(8, 8);MoveSouthEast;(6, 6);False;1;600
;(8, 8);MoveSouthEast;(6, 6);False;1;601
;(8, 8);MoveSouthEast;(6, 6);False;1;602
;(8, 8);MoveSouthEast;(7, 7);False;1;603
;(8, 8);MoveEast;(7, 7);False;1;604
;(8, 8);MoveEast;(7, 7);False;1;605
;(8, 8);MoveEast;(7, 7);False;1;606
;(8, 8);MoveEast;(7, 7);False;1;607
;(8, 8);MoveEast;(7, 7);False;1;608
;(8, 8);MoveEast;(7, 7);False;1;609
;(8, 8);MoveEast;(7, 7);False;1;610
;(8, 8);MoveEast;(7, 7);False;1;611
;(8, 8);MoveEast;(7, 7);False;1;612
;(8, 8);MoveEast;(7, 7);False;1;613
;(8, 8);MoveEast;(8, 7);False;1;614
;(8, 8);GrabLargeObject;(8, 7);False;1;615
;(8, 8);GrabLargeObject;(8, 7);False;1;616
;(8, 8);GrabLargeObject;(8, 7);False;1;617
;(8, 8);GrabLargeObject;(8, 7);False;1;618
;(8, 8);GrabLargeObject;(8, 7);False;1;619
;(8, 8);GrabLargeObject;(8, 7);False;1;620
;(8, 8);GrabLargeObject;(8, 7);False;1;621
;(8, 8);GrabLargeObject;(8, 7);False;1;622
;(8, 8);GrabLargeObject;(8, 7);False;1;623
;(8, 8);GrabLargeObject;(8, 7);False;1;624
;(8, 8);GrabLargeObject;(8, 7);False;1;625
;(8, 8);;(8, 7);False;1;626
;(8, 8);MoveWest;(8, 7);False;1;627
;(8, 8);MoveWest;(8, 7);False;1;628
;(8, 8);MoveWest;(8, 7);False;1;629
;(8, 8);MoveWest;(8, 7);False;1;630
;(8, 8);MoveWest;(8, 7);False;1;631
;(8, 8);MoveWest;(8, 7);False;1;632
;(8, 8);MoveWest;(8, 7);False;1;633
;(8, 8);MoveWest;(8, 7);False;1;634
;(8, 8);MoveWest;(8, 7);False;1;635
;(8, 8);MoveWest;(8, 7);False;1;636
;(8, 8);MoveWest;(7, 7);False;1;637
;(8, 8);MoveWest;(7, 7);False;1;638
;(8, 8);MoveWest;(7, 7);False;1;639
;(8, 8);MoveWest;(7, 7);False;1;640
;(8, 8);MoveWest;(7, 7);False;1;641
;(8, 8);MoveWest;(7, 7);False;1;642
;(8, 8);MoveWest;(7, 7);False;1;643
MoveWest;(7, 8);MoveWest;(7, 7);False;1;644
;(7, 8);MoveWest;(7, 7);False;1;645
;(7, 8);MoveWest;(7, 7);False;1;646
;(7, 8);MoveWest;(7, 7);False;1;647
;(7, 8);MoveWest;(6, 7);False;1;648
;(7, 8);MoveWest;(6, 7);False;1;649
MoveWest;(6, 8);MoveWest;(6, 7);False;1;650
;(6, 8);MoveWest;(6, 7);False;1;651
;(6, 8);MoveWest;(6, 7);False;1;652
;(6, 8);MoveWest;(6, 7);False;1;653
;(6, 8);MoveWest;(6, 7);False;1;654
;(6, 8);MoveWest;(6, 7);False;1;655
;(6, 8);MoveWest;(6, 7);False;1;656
;(6, 8);MoveWest;(6, 7);False;1;657
;(6, 8);MoveWest;(6, 7);False;1;658
MoveNorth;(6, 7);MoveWest;(5, 7);False;1;659
;(6, 7);MoveWest;(5, 7);False;1;660
;(6, 7);MoveWest;(5, 7);False;1;661
;(6, 7);MoveWest;(5, 7);False;1;662
;(6, 7);MoveWest;(5, 7);False;1;663
;(6, 7);MoveWest;(5, 7);False;1;664
;(6, 7);MoveWest;(5, 7);False;1;665
;(6, 7);MoveWest;(5, 7);False;1;666
;(6, 7);MoveWest;(5, 7);False;1;667
;(6, 7);MoveWest;(5, 7);False;1;668
;(6, 7);MoveWest;(5, 7);False;1;669
;(6, 7);MoveWest;(4, 7);False;1;670
;(6, 7);MoveNorthWest;(4, 7);False;1;671
MoveEast;(7, 7);MoveNorthWest;(4, 7);False;1;672
;(7, 7);MoveNorthWest;(4, 7);False;1;673
;(7, 7);MoveNorthWest;(4, 7);False;1;674
;(7, 7);MoveNorthWest;(4, 7);False;1;675
;(7, 7);MoveNorthWest;(4, 7);False;1;676
;(7, 7);MoveNorthWest;(4, 7);False;1;677
;(7, 7);MoveNorthWest;(4, 7);False;1;678
;(7, 7);MoveNorthWest;(4, 7);False;1;679
;(7, 7);MoveNorthWest;(4, 7);False;1;680
;(7, 7);MoveNorthWest;(3, 6);False;1;681
;(7, 7);MoveWest;(3, 6);False;1;682
;(7, 7);MoveWest;(3, 6);False;1;683
;(7, 7);MoveWest;(3, 6);False;1;684
;(7, 7);MoveWest;(3, 6);False;1;685
;(7, 7);MoveWest;(3, 6);False;1;686
;(7, 7);MoveWest;(3, 6);False;1;687
;(7, 7);MoveWest;(3, 6);False;1;688
;(7, 7);MoveWest;(3, 6);False;1;689
;(7, 7);MoveWest;(3, 6);False;1;690
GrabObject;(7, 7);MoveWest;(3, 6);False;1;691
MoveWest;(6, 7);MoveWest;(2, 6);False;1;692
;(6, 7);MoveNorthWest;(2, 6);False;1;693
;(6, 7);MoveNorthWest;(2, 6);False;1;694
;(6, 7);MoveNorthWest;(2, 6);False;1;695
;(6, 7);MoveNorthWest;(2, 6);False;1;696
;(6, 7);MoveNorthWest;(2, 6);False;1;697
;(6, 7);MoveNorthWest;(2, 6);False;1;698
;(6, 7);MoveNorthWest;(2, 6);False;1;699
;(6, 7);MoveNorthWest;(2, 6);False;1;700
;(6, 7);MoveNorthWest;(2, 6);False;1;701
MoveWest;(5, 7);MoveNorthWest;(2, 6);False;1;702
;(5, 7);MoveNorthWest;(1, 5);False;1;703
MoveWest;(4, 7);MoveWest;(1, 5);False;1;704
;(4, 7);MoveWest;(1, 5);False;1;705
MoveWest;(3, 7);MoveWest;(1, 5);False;1;706
MoveWest;(2, 7);MoveWest;(1, 5);False;1;707
;(2, 7);MoveWest;(1, 5);False;1;708
MoveWest;(1, 7);MoveWest;(1, 5);False;1;709
MoveWest;(0, 7);MoveWest;(1, 5);False;1;710
;(0, 7);MoveWest;(1, 5);False;1;711
MoveWest;(0, 7);MoveWest;(1, 5);False;1;712
;(0, 7);MoveWest;(1, 5);False;1;713
MoveWest;(0, 7);MoveWest;(0, 5);False;1;714
;(0, 7);DropLargeObject;(0, 5);False;1;715
MoveWest;(0, 7);DropLargeObject;(0, 5);False;1;716
;(0, 7);DropLargeObject;(0, 5);False;1;717
;(0, 7);DropLargeObject;(0, 5);False;1;718
DropObject;(0, 7);DropLargeObject;(0, 5);False;1;719
;(0, 7);DropLargeObject;(0, 5);False;1;720
;(0, 7);DropLargeObject;(0, 5);False;1;721
MoveEast;(1, 7);DropLargeObject;(0, 5);False;1;722
;(1, 7);DropLargeObject;(0, 5);False;1;723
;(1, 7);DropLargeObject;(0, 5);False;1;724
;(1, 7);DropLargeObject;(0, 5);False;1;725
;(1, 7);;(0, 5);False;1;726
;(1, 7);MoveEast;(0, 5);False;1;727
;(1, 7);MoveEast;(0, 5);False;1;728
;(1, 7);MoveEast;(0, 5);False;1;729
;(1, 7);MoveEast;(0, 5);False;1;730
;(1, 7);MoveEast;(0, 5);False;1;731
MoveEast;(2, 7);MoveEast;(0, 5);False;1;732
;(2, 7);MoveEast;(0, 5);False;1;733
MoveEast;(3, 7);MoveEast;(0, 5);False;1;734
;(3, 7);MoveEast;(0, 5);False;1;735
MoveEast;(4, 7);MoveEast;(0, 5);False;1;736
MoveEast;(5, 7);MoveEast;(1, 5);False;1;737
;(5, 7);MoveEast;(1, 5);False;1;738
MoveEast;(6, 7);MoveEast;(1, 5);False;1;739
MoveEast;(7, 7);MoveEast;(1, 5);False;1;740
;(7, 7);MoveEast;(1, 5);False;1;741
;(7, 7);MoveEast;(1, 5);False;1;742
;(7, 7);MoveEast;(1, 5);False;1;743
;(7, 7);MoveEast;(1, 5);False;1;744
;(7, 7);MoveEast;(1, 5);False;1;745
;(7, 7);MoveEast;(1, 5);False;1;746
;(7, 7);MoveEast;(1, 5);False;1;747
;(7, 7);MoveEast;(2, 5);False;1;748
;(7, 7);MoveEast;(2, 5);False;1;749
;(7, 7);MoveEast;(2, 5);False;1;750
;(7, 7);MoveEast;(2, 5);False;1;751
;(7, 7);MoveEast;(2, 5);False;1;752
MoveSouth;(7, 8);MoveEast;(2, 5);False;1;753
;(7, 8);MoveEast;(2, 5);False;1;754
;(7, 8);MoveEast;(2, 5);False;1;755
;(7, 8);MoveEast;(2, 5);False;1;756
;(7, 8);MoveEast;(2, 5);False;1;757
;(7, 8);MoveEast;(2, 5);False;1;758
;(7, 8);MoveEast;(3, 5);False;1;759
;(7, 8);MoveEast;(3, 5);False;1;760
;(7, 8);MoveEast;(3, 5);False;1;761
MoveSouth;(7, 9);MoveEast;(3, 5);False;1;762
;(7, 9);MoveEast;(3, 5);False;1;763
;(7, 9);MoveEast;(3, 5);False;1;764
;(7, 9);MoveEast;(3, 5);False;1;765
;(7, 9);MoveEast;(3, 5);False;1;766
;(7, 9);MoveEast;(3, 5);False;1;767
;(7, 9);MoveEast;(3, 5);False;1;768
;(7, 9);MoveEast;(3, 5);False;1;769
;(7, 9);MoveEast;(4, 5);False;1;770
;(7, 9);MoveEast;(4, 5);False;1;771
MoveNorth;(7, 8);MoveEast;(4, 5);False;1;772
;(7, 8);MoveEast;(4, 5);False;1;773
;(7, 8);MoveEast;(4, 5);False;1;774
;(7, 8);MoveEast;(4, 5);False;1;775
;(7, 8);MoveEast;(4, 5);False;1;776
;(7, 8);MoveEast;(4, 5);False;1;777
;(7, 8);MoveEast;(4, 5);False;1;778
;(7, 8);MoveEast;(4, 5);False;1;779
;(7, 8);MoveEast;(4, 5);False;1;780
;(7, 8);MoveEast;(5, 5);False;1;781
;(7, 8);MoveEast;(5, 5);False;1;782
;(7, 8);MoveEast;(5, 5);False;1;783
;(7, 8);MoveEast;(5, 5);False;1;784
;(7, 8);MoveEast;(5, 5);False;1;785
;(7, 8);MoveEast;(5, 5);False;1;786
;(7, 8);MoveEast;(5, 5);False;1;787
GrabObject;(7, 8);MoveEast;(5, 5);False;1;788
;(7, 8);MoveEast;(5, 5);False;1;789
;(7, 8);MoveEast;(5, 5);False;1;790
MoveWest;(6, 8);MoveEast;(5, 5);False;1;791
;(6, 8);MoveEast;(6, 5);False;1;792
;(6, 8);MoveNorthEast;(6, 5);False;1;793
;(6, 8);MoveNorthEast;(6, 5);False;1;794
;(6, 8);MoveNorthEast;(6, 5);False;1;795
;(6, 8);MoveNorthEast;(6, 5);False;1;796
;(6, 8);MoveNorthEast;(6, 5);False;1;797
;(6, 8);MoveNorthEast;(6, 5);False;1;798
;(6, 8);MoveNorthEast;(6, 5);False;1;799
MoveWest;(5, 8);MoveNorthEast;(6, 5);False;1;800
;(5, 8);MoveNorthEast;(6, 5);False;1;801
MoveWest;(4, 8);MoveNorthEast;(6, 5);False;1;802
;(4, 8);MoveNorthEast;(7, 4);False;1;803
MoveWest;(3, 8);MoveNorthEast;(7, 4);False;1;804
MoveWest;(2, 8);MoveNorthEast;(7, 4);False;1;805
;(2, 8);MoveNorthEast;(7, 4);False;1;806
MoveWest;(1, 8);MoveNorthEast;(7, 4);False;1;807
;(1, 8);MoveNorthEast;(7, 4);False;1;808
MoveWest;(0, 8);MoveNorthEast;(7, 4);False;1;809
;(0, 8);MoveNorthEast;(7, 4);False;1;810
MoveWest;(0, 8);MoveNorthEast;(7, 4);False;1;811
;(0, 8);MoveNorthEast;(7, 4);False;1;812
;(0, 8);MoveNorthEast;(7, 4);False;1;813
;(0, 8);MoveNorthEast;(8, 3);False;1;814
;(0, 8);MoveEast;(8, 3);False;1;815
DropObject;(0, 8);MoveEast;(8, 3);False;1;816
;(0, 8);MoveEast;(8, 3);False;1;817
;(0, 8);MoveEast;(8, 3);False;1;818
;(0, 8);MoveEast;(8, 3);False;1;819
MoveSouth;(0, 9);MoveEast;(8, 3);False;1;820
;(0, 9);MoveEast;(8, 3);False;1;821
;(0, 9);MoveEast;(8, 3);False;1;822
;(0, 9);MoveEast;(8, 3);False;1;823
;(0, 9);MoveEast;(8, 3);False;1;824
;(0, 9);MoveEast;(9, 3);False;1;825
;(0, 9);MoveEast;(9, 3);False;1;826
;(0, 9);MoveEast;(9, 3);False;1;827
;(0, 9);MoveEast;(9, 3);False;1;828
;(0, 9);MoveEast;(9, 3);False;1;829
;(0, 9);MoveEast;(9, 3);False;1;830
;(0, 9);MoveEast;(9, 3);False;1;831
;(0, 9);MoveEast;(9, 3);False;1;832
;(0, 9);MoveEast;(9, 3);False;1;833
MoveEast;(1, 9);MoveEast;(9, 3);False;1;834
;(1, 9);MoveEast;(9, 3);False;1;835
;(1, 9);MoveEast;(10, 3);False;1;836
;(1, 9);MoveEast;(10, 3);False;1;837
;(1, 9);MoveEast;(10, 3);False;1;838
;(1, 9);MoveEast;(10, 3);False;1;839
;(1, 9);MoveEast;(10, 3);False;1;840
;(1, 9);MoveEast;(10, 3);False;1;841
;(1, 9);MoveEast;(10, 3);False;1;842
;(1, 9);MoveEast;(10, 3);False;1;843
MoveEast;(2, 9);MoveEast;(10, 3);False;1;844
MoveEast;(3, 9);MoveEast;(10, 3);False;1;845
;(3, 9);MoveEast;(10, 3);False;1;846
MoveEast;(4, 9);MoveEast;(11, 3);False;1;847
;(4, 9);MoveEast;(11, 3);False;1;848
MoveEast;(5, 9);MoveEast;(11, 3);False;1;849
;(5, 9);MoveEast;(11, 3);False;1;850
MoveEast;(6, 9);MoveEast;(11, 3);False;1;851
;(6, 9);MoveEast;(11, 3);False;1;852
MoveEast;(7, 9);MoveEast;(11, 3);False;1;853
MoveEast;(8, 9);MoveEast;(11, 3);False;1;854
MoveEast;(9, 9);MoveEast;(11, 3);False;1;855
;(9, 9);MoveEast;(11, 3);False;1;856
;(9, 9);MoveEast;(11, 3);False;1;857
;(9, 9);MoveEast;(12, 3);False;1;858
;(9, 9);GrabObject;(12, 3);False;1;859
MoveEast;(10, 9);GrabObject;(12, 3);False;1;860
;(10, 9);GrabObject;(12, 3);False;1;861
;(10, 9);GrabObject;(12, 3);False;1;862
;(10, 9);GrabObject;(12, 3);False;1;863
;(10, 9);GrabObject;(12, 3);False;1;864
;(10, 9);GrabObject;(12, 3);False;1;865
MoveWest;(9, 9);GrabObject;(12, 3);False;1;866
;(9, 9);GrabObject;(12, 3);False;1;867
;(9, 9);GrabObject;(12, 3);False;1;868
MoveWest;(8, 9);GrabObject;(12, 3);False;1;869
;(8, 9);;(12, 3);False;1;870
;(8, 9);MoveEast;(12, 3);False;1;871
;(8, 9);MoveEast;(12, 3);False;1;872
MoveWest;(7, 9);MoveEast;(12, 3);False;1;873
;(7, 9);MoveEast;(12, 3);False;1;874
;(7, 9);MoveEast;(12, 3);False;1;875
;(7, 9);MoveEast;(12, 3);False;1;876
;(7, 9);MoveEast;(12, 3);False;1;877
;(7, 9);MoveEast;(12, 3);False;1;878
;(7, 9);MoveEast;(12, 3);False;1;879
;(7, 9);MoveEast;(12, 3);False;1;880
MoveEast;(8, 9);MoveEast;(13, 3);False;1;881
;(8, 9);MoveEast;(13, 3);False;1;882
;(8, 9);MoveEast;(13, 3);False;1;883
;(8, 9);MoveEast;(13, 3);False;1;884
;(8, 9);MoveEast;(13, 3);False;1;885
;(8, 9);MoveEast;(13, 3);False;1;886
;(8, 9);MoveEast;(13, 3);False;1;887
;(8, 9);MoveEast;(13, 3);False;1;888
;(8, 9);MoveEast;(13, 3);False;1;889
;(8, 9);MoveEast;(13, 3);False;1;890
;(8, 9);MoveEast;(13, 3);False;1;891
;(8, 9);MoveEast;(14, 3);False;1;892
;(8, 9);MoveWest;(14, 3);False;1;893
GrabObject;(8, 9);MoveWest;(14, 3);False;1;894
;(8, 9);MoveWest;(14, 3);False;1;895
;(8, 9);MoveWest;(14, 3);False;1;896
;(8, 9);MoveWest;(14, 3);False;1;897
;(8, 9);MoveWest;(14, 3);False;1;898
;(8, 9);MoveWest;(14, 3);False;1;899
;(8, 9);MoveWest;(14, 3);False;1;900
;(8, 9);MoveWest;(14, 3);False;1;901
;(8, 9);MoveWest;(14, 3);False;1;902
MoveWest;(7, 9);MoveWest;(13, 3);False;1;903
MoveWest;(6, 9);MoveWest;(13, 3);False;1;904
;(6, 9);MoveWest;(13, 3);False;1;905
MoveWest;(5, 9);MoveWest;(13, 3);False;1;906
;(5, 9);MoveWest;(13, 3);False;1;907
MoveWest;(4, 9);MoveWest;(13, 3);False;1;908
MoveWest;(3, 9);MoveWest;(13, 3);False;1;909
;(3, 9);MoveWest;(13, 3);False;1;910
MoveWest;(2, 9);MoveWest;(13, 3);False;1;911
;(2, 9);MoveWest;(13, 3);False;1;912
MoveWest;(1, 9);MoveWest;(13, 3);False;1;913
MoveWest;(0, 9);MoveWest;(12, 3);False;1;914
;(0, 9);MoveEast;(12, 3);False;1;915
MoveWest;(0, 9);MoveEast;(12, 3);False;1;916
;(0, 9);MoveEast;(12, 3);False;1;917
MoveWest;(0, 9);MoveEast;(12, 3);False;1;918
MoveWest;(0, 9);MoveEast;(12, 3);False;1;919
;(0, 9);MoveEast;(12, 3);False;1;920
;(0, 9);MoveEast;(12, 3);False;1;921
;(0, 9);MoveEast;(12, 3);False;1;922
DropObject;(0, 9);MoveEast;(12, 3);False;1;923
;(0, 9);MoveEast;(12, 3);False;1;924
;(0, 9);MoveEast;(13, 3);False;1;925
;(0, 9);MoveEast;(13, 3);False;1;926
MoveEast;(1, 9);MoveEast;(13, 3);False;1;927
;(1, 9);MoveEast;(13, 3);False;1;928
;(1, 9);MoveEast;(13, 3);False;1;929
;(1, 9);MoveEast;(13, 3);False;1;930
;(1, 9);MoveEast;(13, 3);False;1;931
;(1, 9);MoveEast;(13, 3);False;1;932
;(1, 9);MoveEast;(13, 3);False;1;933
;(1, 9);MoveEast;(13, 3);False;1;934
;(1, 9);MoveEast;(13, 3);False;1;935
MoveEast;(2, 9);MoveEast;(14, 3);False;1;936
;(2, 9);MoveWest;(14, 3);False;1;937
MoveEast;(3, 9);MoveWest;(14, 3);False;1;938
;(3, 9);MoveWest;(14, 3);False;1;939
MoveEast;(4, 9);MoveWest;(14, 3);False;1;940
MoveEast;(5, 9);MoveWest;(14, 3);False;1;941
;(5, 9);MoveWest;(14, 3);False;1;942
;(5, 9);MoveWest;(14, 3);False;1;943
MoveEast;(6, 9);MoveWest;(14, 3);False;1;944
MoveEast;(7, 9);MoveWest;(14, 3);False;1;945
;(7, 9);MoveWest;(14, 3);False;1;946
;(7, 9);MoveWest;(13, 3);False;1;947
;(7, 9);MoveWest;(13, 3);False;1;948
;(7, 9);MoveWest;(13, 3);False;1;949
;(7, 9);MoveWest;(13, 3);False;1;950
;(7, 9);MoveWest;(13, 3);False;1;951
;(7, 9);MoveWest;(13, 3);False;1;952
MoveEast;(8, 9);MoveWest;(13, 3);False;1;953
;(8, 9);MoveWest;(13, 3);False;1;954
;(8, 9);MoveWest;(13, 3);False;1;955
;(8, 9);MoveWest;(13, 3);False;1;956
MoveWest;(7, 9);MoveWest;(13, 3);False;1;957
;(7, 9);MoveWest;(12, 3);False;1;958
;(7, 9);MoveEast;(12, 3);False;1;959
;(7, 9);MoveEast;(12, 3);False;1;960
;(7, 9);MoveEast;(12, 3);False;1;961
;(7, 9);MoveEast;(12, 3);False;1;962
;(7, 9);MoveEast;(12, 3);False;1;963
;(7, 9);MoveEast;(12, 3);False;1;964
;(7, 9);MoveEast;(12, 3);False;1;965
;(7, 9);MoveEast;(12, 3);False;1;966
GrabObject;(7, 9);MoveEast;(12, 3);False;1;967
;(7, 9);MoveEast;(12, 3);False;1;968
MoveWest;(6, 9);MoveEast;(13, 3);False;1;969
;(6, 9);MoveEast;(13, 3);False;1;970
;(6, 9);MoveEast;(13, 3);False;1;971
;(6, 9);MoveEast;(13, 3);False;1;972
;(6, 9);MoveEast;(13, 3);False;1;973
;(6, 9);MoveEast;(13, 3);False;1;974
;(6, 9);MoveEast;(13, 3);False;1;975
;(6, 9);MoveEast;(13, 3);False;1;976
;(6, 9);MoveEast;(13, 3);False;1;977
;(6, 9);MoveEast;(13, 3);False;1;978
MoveWest;(5, 9);MoveEast;(13, 3);False;1;979
MoveWest;(4, 9);MoveEast;(14, 3);False;1;980
;(4, 9);MoveWest;(14, 3);False;1;981
MoveWest;(3, 9);MoveWest;(14, 3);False;1;982
;(3, 9);MoveWest;(14, 3);False;1;983
MoveWest;(2, 9);MoveWest;(14, 3);False;1;984
;(2, 9);MoveWest;(14, 3);False;1;985
MoveWest;(1, 9);MoveWest;(14, 3);False;1;986
MoveWest;(0, 9);MoveWest;(14, 3);False;1;987
;(0, 9);MoveWest;(14, 3);False;1;988
MoveWest;(0, 9);MoveWest;(14, 3);False;1;989
;(0, 9);MoveWest;(14, 3);False;1;990
;(0, 9);MoveWest;(13, 3);False;1;991
;(0, 9);MoveWest;(13, 3);False;1;992
DropObject;(0, 9);MoveWest;(13, 3);False;1;993
;(0, 9);MoveWest;(13, 3);False;1;994
;(0, 9);MoveWest;(13, 3);False;1;995
;(0, 9);MoveWest;(13, 3);False;1;996
;(0, 9);MoveWest;(13, 3);False;1;997
MoveEast;(1, 9);MoveWest;(13, 3);False;1;998
;(1, 9);MoveWest;(13, 3);False;1;999
;(1, 9);MoveWest;(13, 3);False;1;1000
;(1, 9);MoveWest;(13, 3);False;1;1001
;(1, 9);MoveWest;(12, 3);False;1;1002
;(1, 9);;(12, 3);False;1;1003
;(1, 9);Idle;(12, 3);False;1;1004
;(1, 9);Idle;(12, 3);False;1;1005
;(1, 9);Idle;(12, 3);False;1;1006
;(1, 9);Idle;(12, 3);False;1;1007
;(1, 9);Idle;(12, 3);False;1;1008
MoveEast;(2, 9);Idle;(12, 3);False;1;1009
MoveEast;(3, 9);Idle;(12, 3);False;1;1010
MoveEast;(4, 9);Idle;(12, 3);False;1;1011
;(4, 9);Idle;(12, 3);False;1;1012
MoveEast;(5, 9);Idle;(12, 3);False;1;1013
;(5, 9);Idle;(12, 3);False;1;1014
MoveEast;(6, 9);Idle;(12, 3);False;1;1015
MoveEast;(7, 9);Idle;(12, 3);False;1;1016
;(7, 9);Idle;(12, 3);False;1;1017
;(7, 9);Idle;(12, 3);False;1;1018
;(7, 9);Idle;(12, 3);False;1;1019
;(7, 9);Idle;(12, 3);False;1;1020
;(7, 9);Idle;(12, 3);False;1;1021
;(7, 9);Idle;(12, 3);False;1;1022
MoveSouth;(7, 10);Idle;(12, 3);False;1;1023
;(7, 10);Idle;(12, 3);False;1;1024
;(7, 10);Idle;(12, 3);False;1;1025
;(7, 10);Idle;(12, 3);False;1;1026
;(7, 10);Idle;(12, 3);False;1;1027
;(7, 10);Idle;(12, 3);False;1;1028
;(7, 10);Idle;(12, 3);False;1;1029
;(7, 10);Idle;(12, 3);False;1;1030
;(7, 10);Idle;(12, 3);False;1;1031
MoveWest;(6, 10);Idle;(12, 3);False;1;1032
;(6, 10);Idle;(12, 3);False;1;1033
;(6, 10);Idle;(12, 3);False;1;1034
;(6, 10);Idle;(12, 3);False;1;1035
;(6, 10);Idle;(12, 3);False;1;1036
;(6, 10);Idle;(12, 3);False;1;1037
;(6, 10);Idle;(12, 3);False;1;1038
;(6, 10);Idle;(12, 3);False;1;1039
;(6, 10);Idle;(12, 3);False;1;1040
;(6, 10);Idle;(12, 3);False;1;1041
;(6, 10);Idle;(12, 3);False;1;1042
;(6, 10);Idle;(12, 3);False;1;1043
;(6, 10);Idle;(12, 3);False;1;1044
;(6, 10);Idle;(12, 3);False;1;1045
;(6, 10);Idle;(12, 3);False;1;1046
;(6, 10);Idle;(12, 3);False;1;1047
;(6, 10);Idle;(12, 3);False;1;1048
GrabObject;(6, 10);Idle;(12, 3);False;1;1049
MoveWest;(5, 10);Idle;(12, 3);False;1;1050
;(5, 10);Idle;(12, 3);False;1;1051
;(5, 10);Idle;(12, 3);False;1;1052
;(5, 10);Idle;(12, 3);False;1;1053
;(5, 10);Idle;(12, 3);False;1;1054
;(5, 10);Idle;(12, 3);False;1;1055
;(5, 10);Idle;(12, 3);False;1;1056
;(5, 10);Idle;(12, 3);False;1;1057
;(5, 10);Idle;(12, 3);False;1;1058
;(5, 10);;(12, 3);False;1;1059
;(5, 10);MoveEast;(12, 3);False;1;1060
MoveWest;(4, 10);MoveEast;(12, 3);False;1;1061
MoveWest;(3, 10);MoveEast;(12, 3);False;1;1062
MoveWest;(2, 10);MoveEast;(12, 3);False;1;1063
;(2, 10);MoveEast;(12, 3);False;1;1064
;(2, 10);MoveEast;(12, 3);False;1;1065
;(2, 10);MoveEast;(12, 3);False;1;1066
;(2, 10);MoveEast;(12, 3);False;1;1067
;(2, 10);MoveEast;(12, 3);False;1;1068
;(2, 10);MoveEast;(12, 3);False;1;1069
;(2, 10);MoveEast;(13, 3);False;1;1070
MoveWest;(1, 10);MoveNorthEast;(13, 3);False;1;1071
MoveWest;(0, 10);MoveNorthEast;(13, 3);False;1;1072
MoveWest;(0, 10);MoveNorthEast;(13, 3);False;1;1073
;(0, 10);MoveNorthEast;(13, 3);False;1;1074
;(0, 10);MoveNorthEast;(13, 3);False;1;1075
;(0, 10);MoveNorthEast;(13, 3);False;1;1076
;(0, 10);MoveNorthEast;(13, 3);False;1;1077
;(0, 10);MoveNorthEast;(13, 3);False;1;1078
;(0, 10);MoveNorthEast;(13, 3);False;1;1079
;(0, 10);MoveNorthEast;(13, 3);False;1;1080
DropObject;(0, 10);MoveNorthEast;(14, 2);False;1;1081
;(0, 10);MoveEast;(14, 2);False;1;1082
;(0, 10);MoveEast;(14, 2);False;1;1083
;(0, 10);MoveEast;(14, 2);False;1;1084
;(0, 10);MoveEast;(14, 2);False;1;1085
MoveEast;(1, 10);MoveEast;(14, 2);False;1;1086
;(1, 10);MoveEast;(14, 2);False;1;1087
;(1, 10);MoveEast;(14, 2);False;1;1088
;(1, 10);MoveEast;(14, 2);False;1;1089
;(1, 10);MoveEast;(14, 2);False;1;1090
;(1, 10);MoveEast;(14, 2);False;1;1091
;(1, 10);MoveEast;(15, 2);False;1;1092
;(1, 10);MoveNorthEast;(15, 2);False;1;1093
;(1, 10);MoveNorthEast;(15, 2);False;1;1094
;(1, 10);MoveNorthEast;(15, 2);False;1;1095
MoveEast;(2, 10);MoveNorthEast;(15, 2);False;1;1096
MoveEast;(3, 10);MoveNorthEast;(15, 2);False;1;1097
;(3, 10);MoveNorthEast;(15, 2);False;1;1098
MoveEast;(4, 10);MoveNorthEast;(15, 2);False;1;1099
MoveEast;(5, 10);MoveNorthEast;(15, 2);False;1;1100
;(5, 10);MoveNorthEast;(15, 2);False;1;1101
MoveEast;(6, 10);MoveNorthEast;(15, 2);False;1;1102
;(6, 10);MoveNorthEast;(16, 1);False;1;1103
MoveEast;(7, 10);MoveEast;(16, 1);False;1;1104
MoveEast;(8, 10);MoveEast;(16, 1);False;1;1105
;(8, 10);MoveEast;(16, 1);False;1;1106
;(8, 10);MoveEast;(16, 1);False;1;1107
;(8, 10);MoveEast;(16, 1);False;1;1108
;(8, 10);MoveEast;(16, 1);False;1;1109
;(8, 10);MoveEast;(16, 1);False;1;1110
;(8, 10);MoveEast;(16, 1);False;1;1111
;(8, 10);MoveEast;(16, 1);False;1;1112
;(8, 10);MoveEast;(16, 1);False;1;1113
;(8, 10);MoveEast;(17, 1);False;1;1114
;(8, 10);DropObject;(17, 1);False;1;1115
;(8, 10);DropObject;(17, 1);False;1;1116
;(8, 10);DropObject;(17, 1);False;1;1117
;(8, 10);DropObject;(17, 1);False;1;1118
GrabObject;(8, 10);DropObject;(17, 1);False;1;1119
;(8, 10);DropObject;(17, 1);False;1;1120
;(8, 10);DropObject;(17, 1);False;1;1121
MoveWest;(7, 10);DropObject;(17, 1);False;1;1122
;(7, 10);DropObject;(17, 1);False;1;1123
;(7, 10);DropObject;(17, 1);False;1;1124
;(7, 10);DropObject;(17, 1);False;1;1125
;(7, 10);;(17, 1);False;1;1126
;(7, 10);MoveEast;(17, 1);False;1;1127
;(7, 10);MoveEast;(17, 1);False;1;1128
;(7, 10);MoveEast;(17, 1);False;1;1129
;(7, 10);MoveEast;(17, 1);False;1;1130
;(7, 10);MoveEast;(17, 1);False;1;1131
MoveWest;(6, 10);MoveEast;(17, 1);False;1;1132
;(6, 10);MoveEast;(17, 1);False;1;1133
MoveWest;(5, 10);MoveEast;(17, 1);False;1;1134
;(5, 10);MoveEast;(17, 1);False;1;1135
MoveWest;(4, 10);MoveEast;(17, 1);False;1;1136
;(4, 10);MoveEast;(18, 1);False;1;1137
;(4, 10);MoveEast;(18, 1);False;1;1138
;(4, 10);MoveEast;(18, 1);False;1;1139
;(4, 10);MoveEast;(18, 1);False;1;1140
;(4, 10);MoveEast;(18, 1);False;1;1141
;(4, 10);MoveEast;(18, 1);False;1;1142
MoveWest;(3, 10);MoveEast;(18, 1);False;1;1143
MoveWest;(2, 10);MoveEast;(18, 1);False;1;1144
MoveWest;(1, 10);MoveEast;(18, 1);False;1;1145
;(1, 10);MoveEast;(18, 1);False;1;1146
;(1, 10);MoveEast;(18, 1);False;1;1147
MoveWest;(0, 10);MoveEast;(19, 1);False;1;1148
MoveWest;(0, 10);MoveWest;(19, 1);False;1;1149
MoveWest;(0, 10);MoveWest;(19, 1);False;1;1150
;(0, 10);MoveWest;(19, 1);False;1;1151
;(0, 10);MoveWest;(19, 1);False;1;1152
DropObject;(0, 10);MoveWest;(19, 1);False;1;1153
;(0, 10);MoveWest;(19, 1);False;1;1154
;(0, 10);MoveWest;(19, 1);False;1;1155
;(0, 10);MoveWest;(19, 1);False;1;1156
;(0, 10);MoveWest;(19, 1);False;1;1157
MoveEast;(1, 10);MoveWest;(19, 1);False;1;1158
;(1, 10);MoveWest;(18, 1);False;1;1159
;(1, 10);MoveWest;(18, 1);False;1;1160
;(1, 10);MoveWest;(18, 1);False;1;1161
;(1, 10);MoveWest;(18, 1);False;1;1162
;(1, 10);MoveWest;(18, 1);False;1;1163
;(1, 10);MoveWest;(18, 1);False;1;1164
;(1, 10);MoveWest;(18, 1);False;1;1165
;(1, 10);MoveWest;(18, 1);False;1;1166
;(1, 10);MoveWest;(18, 1);False;1;1167
;(1, 10);MoveWest;(18, 1);False;1;1168
MoveEast;(2, 10);MoveWest;(18, 1);False;1;1169
MoveEast;(3, 10);MoveWest;(17, 1);False;1;1170
;(3, 10);MoveEast;(17, 1);False;1;1171
MoveEast;(4, 10);MoveEast;(17, 1);False;1;1172
MoveEast;(5, 10);MoveEast;(17, 1);False;1;1173
MoveEast;(6, 10);MoveEast;(17, 1);False;1;1174
;(6, 10);MoveEast;(17, 1);False;1;1175
MoveEast;(7, 10);MoveEast;(17, 1);False;1;1176
;(7, 10);MoveEast;(17, 1);False;1;1177
MoveEast;(8, 10);MoveEast;(17, 1);False;1;1178
;(8, 10);MoveEast;(17, 1);False;1;1179
;(8, 10);MoveEast;(17, 1);False;1;1180
;(8, 10);MoveEast;(18, 1);False;1;1181
;(8, 10);MoveEast;(18, 1);False;1;1182
;(8, 10);MoveEast;(18, 1);False;1;1183
;(8, 10);MoveEast;(18, 1);False;1;1184
;(8, 10);MoveEast;(18, 1);False;1;1185
MoveWest;(7, 10);MoveEast;(18, 1);False;1;1186
;(7, 10);MoveEast;(18, 1);False;1;1187
;(7, 10);MoveEast;(18, 1);False;1;1188
;(7, 10);MoveEast;(18, 1);False;1;1189
;(7, 10);MoveEast;(18, 1);False;1;1190
;(7, 10);MoveEast;(18, 1);False;1;1191
;(7, 10);MoveEast;(19, 1);False;1;1192
;(7, 10);MoveWest;(19, 1);False;1;1193
;(7, 10);MoveWest;(19, 1);False;1;1194
GrabObject;(7, 10);MoveWest;(19, 1);False;1;1195
;(7, 10);MoveWest;(19, 1);False;1;1196
MoveWest;(6, 10);MoveWest;(19, 1);False;1;1197
;(6, 10);MoveWest;(19, 1);False;1;1198
;(6, 10);MoveWest;(19, 1);False;1;1199
;(6, 10);MoveWest;(19, 1);False;1;1200
;(6, 10);MoveWest;(19, 1);False;1;1201
;(6, 10);MoveWest;(19, 1);False;1;1202
;(6, 10);MoveWest;(18, 1);False;1;1203
;(6, 10);MoveWest;(18, 1);False;1;1204
;(6, 10);MoveWest;(18, 1);False;1;1205
MoveWest;(5, 10);MoveWest;(18, 1);False;1;1206
;(5, 10);MoveWest;(18, 1);False;1;1207
MoveWest;(4, 10);MoveWest;(18, 1);False;1;1208
;(4, 10);MoveWest;(18, 1);False;1;1209
;(4, 10);MoveWest;(18, 1);False;1;1210
;(4, 10);MoveWest;(18, 1);False;1;1211
;(4, 10);MoveWest;(18, 1);False;1;1212
;(4, 10);MoveWest;(18, 1);False;1;1213
;(4, 10);MoveWest;(17, 1);False;1;1214
;(4, 10);MoveEast;(17, 1);False;1;1215
MoveWest;(3, 10);MoveEast;(17, 1);False;1;1216
;(3, 10);MoveEast;(17, 1);False;1;1217
MoveWest;(2, 10);MoveEast;(17, 1);False;1;1218
MoveWest;(1, 10);MoveEast;(17, 1);False;1;1219
;(1, 10);MoveEast;(17, 1);False;1;1220
MoveWest;(0, 10);MoveEast;(17, 1);False;1;1221
;(0, 10);MoveEast;(17, 1);False;1;1222
MoveWest;(0, 10);MoveEast;(17, 1);False;1;1223
MoveWest;(0, 10);MoveEast;(17, 1);False;1;1224
;(0, 10);MoveEast;(18, 1);False;1;1225
;(0, 10);MoveEast;(18, 1);False;1;1226
DropObject;(0, 10);MoveEast;(18, 1);False;1;1227
;(0, 10);MoveEast;(18, 1);False;1;1228
;(0, 10);MoveEast;(18, 1);False;1;1229
;(0, 10);MoveEast;(18, 1);False;1;1230
;(0, 10);MoveEast;(18, 1);False;1;1231
;(0, 10);MoveEast;(18, 1);False;1;1232
;(0, 10);MoveEast;(18, 1);False;1;1233
MoveEast;(1, 10);MoveEast;(18, 1);False;1;1234
;(1, 10);MoveEast;(18, 1);False;1;1235
;(1, 10);MoveEast;(19, 1);False;1;1236
;(1, 10);MoveWest;(19, 1);False;1;1237
;(1, 10);MoveWest;(19, 1);False;1;1238
;(1, 10);MoveWest;(19, 1);False;1;1239
;(1, 10);MoveWest;(19, 1);False;1;1240
;(1, 10);MoveWest;(19, 1);False;1;1241
;(1, 10);MoveWest;(19, 1);False;1;1242
;(1, 10);MoveWest;(19, 1);False;1;1243
MoveEast;(2, 10);MoveWest;(19, 1);False;1;1244
MoveEast;(3, 10);MoveWest;(19, 1);False;1;1245
;(3, 10);MoveWest;(19, 1);False;1;1246
MoveEast;(4, 10);MoveWest;(18, 1);False;1;1247
;(4, 10);MoveWest;(18, 1);False;1;1248
;(4, 10);MoveWest;(18, 1);False;1;1249
;(4, 10);MoveWest;(18, 1);False;1;1250
;(4, 10);MoveWest;(18, 1);False;1;1251
;(4, 10);MoveWest;(18, 1);False;1;1252
;(4, 10);MoveWest;(18, 1);False;1;1253
;(4, 10);MoveWest;(18, 1);False;1;1254
;(4, 10);MoveWest;(18, 1);False;1;1255
MoveEast;(5, 10);MoveWest;(18, 1);False;1;1256
MoveEast;(6, 10);MoveWest;(18, 1);False;1;1257
;(6, 10);MoveWest;(17, 1);False;1;1258
MoveEast;(7, 10);;(17, 1);False;1;1259
MoveEast;(8, 10);MoveSouthWest;(17, 1);False;1;1260
;(8, 10);MoveSouthWest;(17, 1);False;1;1261
MoveEast;(9, 10);MoveSouthWest;(17, 1);False;1;1262
MoveEast;(10, 10);MoveSouthWest;(17, 1);False;1;1263
;(10, 10);MoveSouthWest;(17, 1);False;1;1264
;(10, 10);MoveSouthWest;(17, 1);False;1;1265
;(10, 10);MoveSouthWest;(17, 1);False;1;1266
;(10, 10);MoveSouthWest;(17, 1);False;1;1267
;(10, 10);MoveSouthWest;(17, 1);False;1;1268
;(10, 10);MoveSouthWest;(17, 1);False;1;1269
;(10, 10);MoveSouthWest;(16, 2);False;1;1270
;(10, 10);MoveSouthWest;(16, 2);False;1;1271
;(10, 10);MoveSouthWest;(16, 2);False;1;1272
;(10, 10);MoveSouthWest;(16, 2);False;1;1273
;(10, 10);MoveSouthWest;(16, 2);False;1;1274
;(10, 10);MoveSouthWest;(16, 2);False;1;1275
;(10, 10);MoveSouthWest;(16, 2);False;1;1276
;(10, 10);MoveSouthWest;(16, 2);False;1;1277
;(10, 10);MoveSouthWest;(16, 2);False;1;1278
;(10, 10);MoveSouthWest;(16, 2);False;1;1279
MoveNorth;(10, 9);MoveSouthWest;(16, 2);False;1;1280
;(10, 9);MoveSouthWest;(15, 3);False;1;1281
;(10, 9);MoveSouthWest;(15, 3);False;1;1282
;(10, 9);MoveSouthWest;(15, 3);False;1;1283
MoveNorth;(10, 8);MoveSouthWest;(15, 3);False;1;1284
;(10, 8);MoveSouthWest;(15, 3);False;1;1285
;(10, 8);MoveSouthWest;(15, 3);False;1;1286
;(10, 8);MoveSouthWest;(15, 3);False;1;1287
;(10, 8);MoveSouthWest;(15, 3);False;1;1288
MoveNorth;(10, 7);MoveSouthWest;(15, 3);False;1;1289
;(10, 7);MoveSouthWest;(15, 3);False;1;1290
;(10, 7);MoveSouthWest;(15, 3);False;1;1291
;(10, 7);MoveSouthWest;(14, 4);False;1;1292
;(10, 7);MoveSouthWest;(14, 4);False;1;1293
;(10, 7);MoveSouthWest;(14, 4);False;1;1294
;(10, 7);MoveSouthWest;(14, 4);False;1;1295
;(10, 7);MoveSouthWest;(14, 4);False;1;1296
;(10, 7);MoveSouthWest;(14, 4);False;1;1297
;(10, 7);MoveSouthWest;(14, 4);False;1;1298
;(10, 7);MoveSouthWest;(14, 4);False;1;1299
;(10, 7);MoveSouthWest;(14, 4);False;1;1300
;(10, 7);MoveSouthWest;(14, 4);False;1;1301
;(10, 7);MoveSouthWest;(14, 4);False;1;1302
;(10, 7);MoveSouthWest;(13, 5);False;1;1303
;(10, 7);MoveWest;(13, 5);False;1;1304
;(10, 7);MoveWest;(13, 5);False;1;1305
;(10, 7);MoveWest;(13, 5);False;1;1306
;(10, 7);MoveWest;(13, 5);False;1;1307
;(10, 7);MoveWest;(13, 5);False;1;1308
;(10, 7);MoveWest;(13, 5);False;1;1309
;(10, 7);MoveWest;(13, 5);False;1;1310
;(10, 7);MoveWest;(13, 5);False;1;1311
;(10, 7);MoveWest;(13, 5);False;1;1312
;(10, 7);MoveWest;(13, 5);False;1;1313
;(10, 7);MoveWest;(12, 5);False;1;1314
;(10, 7);MoveSouthWest;(12, 5);False;1;1315
;(10, 7);MoveSouthWest;(12, 5);False;1;1316
;(10, 7);MoveSouthWest;(12, 5);False;1;1317
;(10, 7);MoveSouthWest;(12, 5);False;1;1318
;(10, 7);MoveSouthWest;(12, 5);False;1;1319
;(10, 7);MoveSouthWest;(12, 5);False;1;1320
;(10, 7);MoveSouthWest;(12, 5);False;1;1321
;(10, 7);MoveSouthWest;(12, 5);False;1;1322
;(10, 7);MoveSouthWest;(12, 5);False;1;1323
;(10, 7);MoveSouthWest;(12, 5);False;1;1324
MoveEast;(11, 7);MoveSouthWest;(11, 6);False;1;1325
;(11, 7);GrabObject;(11, 6);False;1;1326
;(11, 7);GrabObject;(11, 6);False;1;1327
;(11, 7);GrabObject;(11, 6);False;1;1328
;(11, 7);GrabObject;(11, 6);False;1;1329
;(11, 7);GrabObject;(11, 6);False;1;1330
;(11, 7);GrabObject;(11, 6);False;1;1331
;(11, 7);GrabObject;(11, 6);False;1;1332
;(11, 7);GrabObject;(11, 6);False;1;1333
;(11, 7);GrabObject;(11, 6);False;1;1334
;(11, 7);GrabObject;(11, 6);False;1;1335
;(11, 7);GrabObject;(11, 6);False;1;1336
;(11, 7);;(11, 6);False;1;1337
;(11, 7);MoveEast;(11, 6);False;1;1338
;(11, 7);MoveEast;(11, 6);False;1;1339
;(11, 7);MoveEast;(11, 6);False;1;1340
;(11, 7);MoveEast;(11, 6);False;1;1341
;(11, 7);MoveEast;(11, 6);False;1;1342
;(11, 7);MoveEast;(11, 6);False;1;1343
;(11, 7);MoveEast;(11, 6);False;1;1344
;(11, 7);MoveEast;(11, 6);False;1;1345
MoveNorth;(11, 6);MoveEast;(11, 6);False;1;1346
;(11, 6);MoveEast;(11, 6);False;1;1347
;(11, 6);MoveEast;(12, 6);False;1;1348
;(11, 6);MoveEast;(12, 6);False;1;1349
;(11, 6);MoveEast;(12, 6);False;1;1350
;(11, 6);MoveEast;(12, 6);False;1;1351
;(11, 6);MoveEast;(12, 6);False;1;1352
;(11, 6);MoveEast;(12, 6);False;1;1353
;(11, 6);MoveEast;(12, 6);False;1;1354
;(11, 6);MoveEast;(12, 6);False;1;1355
;(11, 6);MoveEast;(12, 6);False;1;1356
;(11, 6);MoveEast;(12, 6);False;1;1357
;(11, 6);MoveEast;(12, 6);False;1;1358
;(11, 6);MoveEast;(13, 6);False;1;1359
;(11, 6);MoveEast;(13, 6);False;1;1360
;(11, 6);MoveEast;(13, 6);False;1;1361
;(11, 6);MoveEast;(13, 6);False;1;1362
;(11, 6);MoveEast;(13, 6);False;1;1363
;(11, 6);MoveEast;(13, 6);False;1;1364
;(11, 6);MoveEast;(13, 6);False;1;1365
;(11, 6);MoveEast;(13, 6);False;1;1366
;(11, 6);MoveEast;(13, 6);False;1;1367
;(11, 6);MoveEast;(13, 6);False;1;1368
;(11, 6);MoveEast;(13, 6);False;1;1369
;(11, 6);MoveEast;(14, 6);False;1;1370
;(11, 6);MoveNorthEast;(14, 6);False;1;1371
;(11, 6);MoveNorthEast;(14, 6);False;1;1372
;(11, 6);MoveNorthEast;(14, 6);False;1;1373
;(11, 6);MoveNorthEast;(14, 6);False;1;1374
;(11, 6);MoveNorthEast;(14, 6);False;1;1375
;(11, 6);MoveNorthEast;(14, 6);False;1;1376
;(11, 6);MoveNorthEast;(14, 6);False;1;1377
;(11, 6);MoveNorthEast;(14, 6);False;1;1378
;(11, 6);MoveNorthEast;(14, 6);False;1;1379
;(11, 6);MoveNorthEast;(14, 6);False;1;1380
;(11, 6);MoveNorthEast;(15, 5);False;1;1381
;(11, 6);MoveEast;(15, 5);False;1;1382
;(11, 6);MoveEast;(15, 5);False;1;1383
;(11, 6);MoveEast;(15, 5);False;1;1384
;(11, 6);MoveEast;(15, 5);False;1;1385
;(11, 6);MoveEast;(15, 5);False;1;1386
;(11, 6);MoveEast;(15, 5);False;1;1387
;(11, 6);MoveEast;(15, 5);False;1;1388
;(11, 6);MoveEast;(15, 5);False;1;1389
;(11, 6);MoveEast;(15, 5);False;1;1390
;(11, 6);MoveEast;(15, 5);False;1;1391
;(11, 6);MoveEast;(16, 5);False;1;1392
;(11, 6);MoveNorthEast;(16, 5);False;1;1393
;(11, 6);MoveNorthEast;(16, 5);False;1;1394
;(11, 6);MoveNorthEast;(16, 5);False;1;1395
;(11, 6);MoveNorthEast;(16, 5);False;1;1396
;(11, 6);MoveNorthEast;(16, 5);False;1;1397
;(11, 6);MoveNorthEast;(16, 5);False;1;1398
;(11, 6);MoveNorthEast;(16, 5);False;1;1399
;(11, 6);MoveNorthEast;(16, 5);False;1;1400
;(11, 6);MoveNorthEast;(16, 5);False;1;1401
;(11, 6);MoveNorthEast;(16, 5);False;1;1402
;(11, 6);MoveNorthEast;(17, 4);False;1;1403
;(11, 6);MoveEast;(17, 4);False;1;1404
;(11, 6);MoveEast;(17, 4);False;1;1405
;(11, 6);MoveEast;(17, 4);False;1;1406
;(11, 6);MoveEast;(17, 4);False;1;1407
;(11, 6);MoveEast;(17, 4);False;1;1408
;(11, 6);MoveEast;(17, 4);False;1;1409
;(11, 6);MoveEast;(17, 4);False;1;1410
;(11, 6);MoveEast;(17, 4);False;1;1411
;(11, 6);MoveEast;(17, 4);False;1;1412
;(11, 6);MoveEast;(17, 4);False;1;1413
;(11, 6);MoveEast;(18, 4);False;1;1414
;(11, 6);DropObject;(18, 4);False;1;1415
;(11, 6);DropObject;(18, 4);False;1;1416
;(11, 6);DropObject;(18, 4);False;1;1417
;(11, 6);DropObject;(18, 4);False;1;1418
;(11, 6);DropObject;(18, 4);False;1;1419
;(11, 6);DropObject;(18, 4);False;1;1420
;(11, 6);DropObject;(18, 4);False;1;1421
;(11, 6);DropObject;(18, 4);False;1;1422
;(11, 6);DropObject;(18, 4);False;1;1423
;(11, 6);DropObject;(18, 4);False;1;1424
;(11, 6);DropObject;(18, 4);False;1;1425
;(11, 6);;(18, 4);False;1;1426
;(11, 6);MoveWest;(18, 4);False;1;1427
;(11, 6);MoveWest;(18, 4);False;1;1428
;(11, 6);MoveWest;(18, 4);False;1;1429
;(11, 6);MoveWest;(18, 4);False;1;1430
;(11, 6);MoveWest;(18, 4);False;1;1431
;(11, 6);MoveWest;(18, 4);False;1;1432
;(11, 6);MoveWest;(18, 4);False;1;1433
;(11, 6);MoveWest;(18, 4);False;1;1434
;(11, 6);MoveWest;(18, 4);False;1;1435
;(11, 6);MoveWest;(18, 4);False;1;1436
;(11, 6);MoveWest;(17, 4);False;1;1437
;(11, 6);MoveWest;(17, 4);False;1;1438
;(11, 6);MoveWest;(17, 4);False;1;1439
;(11, 6);MoveWest;(17, 4);False;1;1440
;(11, 6);MoveWest;(17, 4);False;1;1441
;(11, 6);MoveWest;(17, 4);False;1;1442
;(11, 6);MoveWest;(17, 4);False;1;1443
;(11, 6);MoveWest;(17, 4);False;1;1444
;(11, 6);MoveWest;(17, 4);False;1;1445
;(11, 6);MoveWest;(17, 4);False;1;1446
;(11, 6);MoveWest;(17, 4);False;1;1447
;(11, 6);MoveWest;(16, 4);False;1;1448
;(11, 6);MoveWest;(16, 4);False;1;1449
;(11, 6);MoveWest;(16, 4);False;1;1450
;(11, 6);MoveWest;(16, 4);False;1;1451
;(11, 6);MoveWest;(16, 4);False;1;1452
;(11, 6);MoveWest;(16, 4);False;1;1453
;(11, 6);MoveWest;(16, 4);False;1;1454
;(11, 6);MoveWest;(16, 4);False;1;1455
;(11, 6);MoveWest;(16, 4);False;1;1456
;(11, 6);MoveWest;(16, 4);False;1;1457
;(11, 6);MoveWest;(16, 4);False;1;1458
;(11, 6);MoveWest;(15, 4);False;1;1459
;(11, 6);MoveWest;(15, 4);False;1;1460
;(11, 6);MoveWest;(15, 4);False;1;1461
;(11, 6);MoveWest;(15, 4);False;1;1462
;(11, 6);MoveWest;(15, 4);False;1;1463
;(11, 6);MoveWest;(15, 4);False;1;1464
;(11, 6);MoveWest;(15, 4);False;1;1465
;(11, 6);MoveWest;(15, 4);False;1;1466
;(11, 6);MoveWest;(15, 4);False;1;1467
;(11, 6);MoveWest;(15, 4);False;1;1468
;(11, 6);MoveWest;(15, 4);False;1;1469
;(11, 6);MoveWest;(14, 4);False;1;1470
;(11, 6);MoveWest;(14, 4);False;1;1471
;(11, 6);MoveWest;(14, 4);False;1;1472
;(11, 6);MoveWest;(14, 4);False;1;1473
;(11, 6);MoveWest;(14, 4);False;1;1474
;(11, 6);MoveWest;(14, 4);False;1;1475
;(11, 6);MoveWest;(14, 4);False;1;1476
;(11, 6);MoveWest;(14, 4);False;1;1477
;(11, 6);MoveWest;(14, 4);False;1;1478
;(11, 6);MoveWest;(14, 4);False;1;1479
;(11, 6);MoveWest;(14, 4);False;1;1480
;(11, 6);MoveWest;(13, 4);False;1;1481
;(11, 6);MoveWest;(13, 4);False;1;1482
;(11, 6);MoveWest;(13, 4);False;1;1483
;(11, 6);MoveWest;(13, 4);False;1;1484
;(11, 6);MoveWest;(13, 4);False;1;1485
;(11, 6);MoveWest;(13, 4);False;1;1486
;(11, 6);MoveWest;(13, 4);False;1;1487
;(11, 6);MoveWest;(13, 4);False;1;1488
;(11, 6);MoveWest;(13, 4);False;1;1489
;(11, 6);MoveWest;(13, 4);False;1;1490
;(11, 6);MoveWest;(13, 4);False;1;1491
;(11, 6);MoveWest;(12, 4);False;1;1492
;(11, 6);GrabLargeObject;(12, 4);False;1;1493
;(11, 6);GrabLargeObject;(12, 4);False;1;1494
;(11, 6);GrabLargeObject;(12, 4);False;1;1495
;(11, 6);GrabLargeObject;(12, 4);False;1;1496
;(11, 6);GrabLargeObject;(12, 4);False;1;1497
;(11, 6);GrabLargeObject;(12, 4);False;1;1498
;(11, 6);GrabLargeObject;(12, 4);False;1;1499
;(11, 6);GrabLargeObject;(12, 4);False;1;1500
MoveSouth;(11, 7);GrabLargeObject;(12, 4);False;1;1501
;(11, 7);GrabLargeObject;(12, 4);False;1;1502
;(11, 7);GrabLargeObject;(12, 4);False;1;1503
;(11, 7);;(12, 4);False;1;1504
;(11, 7);MoveEast;(12, 4);False;1;1505
;(11, 7);MoveEast;(12, 4);False;1;1506
;(11, 7);MoveEast;(12, 4);False;1;1507
;(11, 7);MoveEast;(12, 4);False;1;1508
;(11, 7);MoveEast;(12, 4);False;1;1509
;(11, 7);MoveEast;(12, 4);False;1;1510
;(11, 7);MoveEast;(12, 4);False;1;1511
;(11, 7);MoveEast;(12, 4);False;1;1512
;(11, 7);MoveEast;(12, 4);False;1;1513
;(11, 7);MoveEast;(12, 4);False;1;1514
;(11, 7);MoveEast;(13, 4);False;1;1515
;(11, 7);MoveEast;(13, 4);False;1;1516
;(11, 7);MoveEast;(13, 4);False;1;1517
;(11, 7);MoveEast;(13, 4);False;1;1518
;(11, 7);MoveEast;(13, 4);False;1;1519
;(11, 7);MoveEast;(13, 4);False;1;1520
;(11, 7);MoveEast;(13, 4);False;1;1521
;(11, 7);MoveEast;(13, 4);False;1;1522
;(11, 7);MoveEast;(13, 4);False;1;1523
;(11, 7);MoveEast;(13, 4);False;1;1524
;(11, 7);MoveEast;(13, 4);False;1;1525
;(11, 7);MoveEast;(14, 4);False;1;1526
;(11, 7);MoveNorthEast;(14, 4);False;1;1527
;(11, 7);MoveNorthEast;(14, 4);False;1;1528
;(11, 7);MoveNorthEast;(14, 4);False;1;1529
;(11, 7);MoveNorthEast;(14, 4);False;1;1530
;(11, 7);MoveNorthEast;(14, 4);False;1;1531
;(11, 7);MoveNorthEast;(14, 4);False;1;1532
;(11, 7);MoveNorthEast;(14, 4);False;1;1533
;(11, 7);MoveNorthEast;(14, 4);False;1;1534
;(11, 7);MoveNorthEast;(14, 4);False;1;1535
;(11, 7);MoveNorthEast;(14, 4);False;1;1536
;(11, 7);MoveNorthEast;(15, 3);False;1;1537
;(11, 7);MoveEast;(15, 3);False;1;1538
;(11, 7);MoveEast;(15, 3);False;1;1539
;(11, 7);MoveEast;(15, 3);False;1;1540
;(11, 7);MoveEast;(15, 3);False;1;1541
MoveWest;(10, 7);MoveEast;(15, 3);False;1;1542
;(10, 7);MoveEast;(15, 3);False;1;1543
;(10, 7);MoveEast;(15, 3);False;1;1544
;(10, 7);MoveEast;(15, 3);False;1;1545
;(10, 7);MoveEast;(15, 3);False;1;1546
;(10, 7);MoveEast;(15, 3);False;1;1547
MoveWest;(9, 7);MoveEast;(16, 3);False;1;1548
;(9, 7);MoveNorthEast;(16, 3);False;1;1549
;(9, 7);MoveNorthEast;(16, 3);False;1;1550
;(9, 7);MoveNorthEast;(16, 3);False;1;1551
;(9, 7);MoveNorthEast;(16, 3);False;1;1552
;(9, 7);MoveNorthEast;(16, 3);False;1;1553
;(9, 7);MoveNorthEast;(16, 3);False;1;1554
;(9, 7);MoveNorthEast;(16, 3);False;1;1555
;(9, 7);MoveNorthEast;(16, 3);False;1;1556
;(9, 7);MoveNorthEast;(16, 3);False;1;1557
;(9, 7);MoveNorthEast;(16, 3);False;1;1558
;(9, 7);MoveNorthEast;(17, 2);False;1;1559
;(9, 7);MoveEast;(17, 2);False;1;1560
;(9, 7);MoveEast;(17, 2);False;1;1561
;(9, 7);MoveEast;(17, 2);False;1;1562
;(9, 7);MoveEast;(17, 2);False;1;1563
;(9, 7);MoveEast;(17, 2);False;1;1564
;(9, 7);MoveEast;(17, 2);False;1;1565
;(9, 7);MoveEast;(17, 2);False;1;1566
;(9, 7);MoveEast;(17, 2);False;1;1567
;(9, 7);MoveEast;(17, 2);False;1;1568
;(9, 7);MoveEast;(17, 2);False;1;1569
;(9, 7);MoveEast;(18, 2);False;1;1570
;(9, 7);DropLargeObject;(18, 2);False;1;1571
;(9, 7);DropLargeObject;(18, 2);False;1;1572
;(9, 7);DropLargeObject;(18, 2);False;1;1573
;(9, 7);DropLargeObject;(18, 2);False;1;1574
;(9, 7);DropLargeObject;(18, 2);False;1;1575
;(9, 7);DropLargeObject;(18, 2);False;1;1576
;(9, 7);DropLargeObject;(18, 2);False;1;1577
;(9, 7);DropLargeObject;(18, 2);False;1;1578
;(9, 7);DropLargeObject;(18, 2);False;1;1579
;(9, 7);DropLargeObject;(18, 2);False;1;1580
;(9, 7);DropLargeObject;(18, 2);False;1;1581
;(9, 7);;(18, 2);False;1;1582
;(9, 7);MoveSouthWest;(18, 2);False;1;1583
;(9, 7);MoveSouthWest;(18, 2);False;1;1584
;(9, 7);MoveSouthWest;(18, 2);False;1;1585
;(9, 7);MoveSouthWest;(18, 2);False;1;1586
;(9, 7);MoveSouthWest;(18, 2);False;1;1587
;(9, 7);MoveSouthWest;(18, 2);False;1;1588
;(9, 7);MoveSouthWest;(18, 2);False;1;1589
;(9, 7);MoveSouthWest;(18, 2);False;1;1590
;(9, 7);MoveSouthWest;(18, 2);False;1;1591
;(9, 7);MoveSouthWest;(18, 2);False;1;1592
;(9, 7);MoveSouthWest;(17, 3);False;1;1593
;(9, 7);MoveSouthWest;(17, 3);False;1;1594
;(9, 7);MoveSouthWest;(17, 3);False;1;1595
;(9, 7);MoveSouthWest;(17, 3);False;1;1596
;(9, 7);MoveSouthWest;(17, 3);False;1;1597
;(9, 7);MoveSouthWest;(17, 3);False;1;1598
;(9, 7);MoveSouthWest;(17, 3);False;1;1599
;(9, 7);MoveSouthWest;(17, 3);False;1;1600
;(9, 7);MoveSouthWest;(17, 3);False;1;1601
;(9, 7);MoveSouthWest;(17, 3);False;1;1602
;(9, 7);MoveSouthWest;(17, 3);False;1;1603
;(9, 7);MoveSouthWest;(16, 4);False;1;1604
;(9, 7);MoveSouthWest;(16, 4);False;1;1605
;(9, 7);MoveSouthWest;(16, 4);False;1;1606
;(9, 7);MoveSouthWest;(16, 4);False;1;1607
;(9, 7);MoveSouthWest;(16, 4);False;1;1608
;(9, 7);MoveSouthWest;(16, 4);False;1;1609
;(9, 7);MoveSouthWest;(16, 4);False;1;1610
;(9, 7);MoveSouthWest;(16, 4);False;1;1611
;(9, 7);MoveSouthWest;(16, 4);False;1;1612
;(9, 7);MoveSouthWest;(16, 4);False;1;1613
;(9, 7);MoveSouthWest;(16, 4);False;1;1614
;(9, 7);MoveSouthWest;(15, 5);False;1;1615
;(9, 7);MoveSouthWest;(15, 5);False;1;1616
;(9, 7);MoveSouthWest;(15, 5);False;1;1617
;(9, 7);MoveSouthWest;(15, 5);False;1;1618
;(9, 7);MoveSouthWest;(15, 5);False;1;1619
;(9, 7);MoveSouthWest;(15, 5);False;1;1620
;(9, 7);MoveSouthWest;(15, 5);False;1;1621
;(9, 7);MoveSouthWest;(15, 5);False;1;1622
;(9, 7);MoveSouthWest;(15, 5);False;1;1623
;(9, 7);MoveSouthWest;(15, 5);False;1;1624
;(9, 7);MoveSouthWest;(15, 5);False;1;1625
;(9, 7);MoveSouthWest;(14, 6);False;1;1626
;(9, 7);MoveSouthWest;(14, 6);False;1;1627
;(9, 7);MoveSouthWest;(14, 6);False;1;1628
;(9, 7);MoveSouthWest;(14, 6);False;1;1629
;(9, 7);MoveSouthWest;(14, 6);False;1;1630
;(9, 7);MoveSouthWest;(14, 6);False;1;1631
;(9, 7);MoveSouthWest;(14, 6);False;1;1632
;(9, 7);MoveSouthWest;(14, 6);False;1;1633
;(9, 7);MoveSouthWest;(14, 6);False;1;1634
;(9, 7);MoveSouthWest;(14, 6);False;1;1635
;(9, 7);MoveSouthWest;(14, 6);False;1;1636
;(9, 7);MoveSouthWest;(13, 7);False;1;1637
;(9, 7);MoveWest;(13, 7);False;1;1638
;(9, 7);MoveWest;(13, 7);False;1;1639
;(9, 7);MoveWest;(13, 7);False;1;1640
;(9, 7);MoveWest;(13, 7);False;1;1641
;(9, 7);MoveWest;(13, 7);False;1;1642
;(9, 7);MoveWest;(13, 7);False;1;1643
;(9, 7);MoveWest;(13, 7);False;1;1644
;(9, 7);MoveWest;(13, 7);False;1;1645
;(9, 7);MoveWest;(13, 7);False;1;1646
;(9, 7);MoveWest;(13, 7);False;1;1647
;(9, 7);MoveWest;(12, 7);False;1;1648
;(9, 7);MoveWest;(12, 7);False;1;1649
;(9, 7);MoveWest;(12, 7);False;1;1650
;(9, 7);MoveWest;(12, 7);False;1;1651
;(9, 7);MoveWest;(12, 7);False;1;1652
;(9, 7);MoveWest;(12, 7);False;1;1653
;(9, 7);MoveWest;(12, 7);False;1;1654
;(9, 7);MoveWest;(12, 7);False;1;1655
;(9, 7);MoveWest;(12, 7);False;1;1656
;(9, 7);MoveWest;(12, 7);False;1;1657
;(9, 7);MoveWest;(12, 7);False;1;1658
;(9, 7);MoveWest;(11, 7);False;1;1659
;(9, 7);MoveSouthWest;(11, 7);False;1;1660
;(9, 7);MoveSouthWest;(11, 7);False;1;1661
;(9, 7);MoveSouthWest;(11, 7);False;1;1662
;(9, 7);MoveSouthWest;(11, 7);False;1;1663
;(9, 7);MoveSouthWest;(11, 7);False;1;1664
;(9, 7);MoveSouthWest;(11, 7);False;1;1665
;(9, 7);MoveSouthWest;(11, 7);False;1;1666
;(9, 7);MoveSouthWest;(11, 7);False;1;1667
;(9, 7);MoveSouthWest;(11, 7);False;1;1668
;(9, 7);MoveSouthWest;(11, 7);False;1;1669
;(9, 7);MoveSouthWest;(10, 8);False;1;1670
;(9, 7);BreakObject;(10, 8);False;1;1671
;(9, 7);BreakObject;(10, 8);False;1;1672
;(9, 7);BreakObject;(10, 8);False;1;1673
;(9, 7);BreakObject;(10, 8);False;1;1674
;(9, 7);BreakObject;(10, 8);False;1;1675
;(9, 7);BreakObject;(10, 8);False;1;1676
;(9, 7);BreakObject;(10, 8);False;1;1677
;(9, 7);BreakObject;(10, 8);False;1;1678
;(9, 7);BreakObject;(10, 8);False;1;1679
;(9, 7);BreakObject;(10, 8);False;1;1680
;(9, 7);BreakObject;(10, 8);False;1;1681
;(9, 7);;(10, 8);False;1;1682
;(9, 7);Idle;(10, 8);False;1;1683
;(9, 7);Idle;(10, 8);False;1;1684
;(9, 7);Idle;(10, 8);False;1;1685
;(9, 7);Idle;(10, 8);False;1;1686
;(9, 7);Idle;(10, 8);False;1;1687
;(9, 7);Idle;(10, 8);False;1;1688
;(9, 7);Idle;(10, 8);False;1;1689
;(9, 7);Idle;(10, 8);False;1;1690
;(9, 7);Idle;(10, 8);False;1;1691
;(9, 7);Idle;(10, 8);False;1;1692
;(9, 7);Idle;(10, 8);False;1;1693
;(9, 7);Idle;(10, 8);False;1;1694
;(9, 7);Idle;(10, 8);False;1;1695
;(9, 7);Idle;(10, 8);False;1;1696
;(9, 7);Idle;(10, 8);False;1;1697
;(9, 7);Idle;(10, 8);False;1;1698
;(9, 7);Idle;(10, 8);False;1;1699
;(9, 7);Idle;(10, 8);False;1;1700
;(9, 7);Idle;(10, 8);False;1;1701
;(9, 7);Idle;(10, 8);False;1;1702
;(9, 7);Idle;(10, 8);False;1;1703
;(9, 7);Idle;(10, 8);False;1;1704
;(9, 7);Idle;(10, 8);False;1;1705
;(9, 7);Idle;(10, 8);False;1;1706
;(9, 7);Idle;(10, 8);False;1;1707
;(9, 7);Idle;(10, 8);False;1;1708
;(9, 7);Idle;(10, 8);False;1;1709
;(9, 7);Idle;(10, 8);False;1;1710
;(9, 7);Idle;(10, 8);False;1;1711
;(9, 7);Idle;(10, 8);False;1;1712
;(9, 7);Idle;(10, 8);False;1;1713
;(9, 7);Idle;(10, 8);False;1;1714
;(9, 7);Idle;(10, 8);False;1;1715
;(9, 7);Idle;(10, 8);False;1;1716
;(9, 7);Idle;(10, 8);False;1;1717
;(9, 7);Idle;(10, 8);False;1;1718
;(9, 7);Idle;(10, 8);False;1;1719
;(9, 7);Idle;(10, 8);False;1;1720
;(9, 7);Idle;(10, 8);False;1;1721
;(9, 7);Idle;(10, 8);False;1;1722
;(9, 7);Idle;(10, 8);False;1;1723
;(9, 7);Idle;(10, 8);False;1;1724
;(9, 7);Idle;(10, 8);False;1;1725
;(9, 7);Idle;(10, 8);False;1;1726
;(9, 7);Idle;(10, 8);False;1;1727
;(9, 7);Idle;(10, 8);False;1;1728
;(9, 7);Idle;(10, 8);False;1;1729
;(9, 7);Idle;(10, 8);False;1;1730
;(9, 7);Idle;(10, 8);False;1;1731
;(9, 7);Idle;(10, 8);False;1;1732
;(9, 7);Idle;(10, 8);False;1;1733
;(9, 7);Idle;(10, 8);False;1;1734
;(9, 7);Idle;(10, 8);False;1;1735
;(9, 7);Idle;(10, 8);False;1;1736
;(9, 7);Idle;(10, 8);False;1;1737
;(9, 7);;(10, 8);False;1;1738
;(9, 7);MoveEast;(10, 8);False;1;1739
;(9, 7);MoveEast;(10, 8);False;1;1740
;(9, 7);MoveEast;(10, 8);False;1;1741
;(9, 7);MoveEast;(10, 8);False;1;1742
;(9, 7);MoveEast;(10, 8);False;1;1743
;(9, 7);MoveEast;(10, 8);False;1;1744
;(9, 7);MoveEast;(10, 8);False;1;1745
;(9, 7);MoveEast;(10, 8);False;1;1746
;(9, 7);MoveEast;(10, 8);False;1;1747
;(9, 7);MoveEast;(10, 8);False;1;1748
;(9, 7);MoveEast;(11, 8);False;1;1749
;(9, 7);MoveEast;(11, 8);False;1;1750
;(9, 7);MoveEast;(11, 8);False;1;1751
;(9, 7);MoveEast;(11, 8);False;1;1752
;(9, 7);MoveEast;(11, 8);False;1;1753
;(9, 7);MoveEast;(11, 8);False;1;1754
;(9, 7);MoveEast;(11, 8);False;1;1755
;(9, 7);MoveEast;(11, 8);False;1;1756
;(9, 7);MoveEast;(11, 8);False;1;1757
;(9, 7);MoveEast;(11, 8);False;1;1758
;(9, 7);MoveEast;(11, 8);False;1;1759
;(9, 7);MoveEast;(12, 8);False;1;1760
;(9, 7);MoveWest;(12, 8);False;1;1761
;(9, 7);MoveWest;(12, 8);False;1;1762
;(9, 7);MoveWest;(12, 8);False;1;1763
;(9, 7);MoveWest;(12, 8);False;1;1764
;(9, 7);MoveWest;(12, 8);False;1;1765
;(9, 7);MoveWest;(12, 8);False;1;1766
;(9, 7);MoveWest;(12, 8);False;1;1767
;(9, 7);MoveWest;(12, 8);False;1;1768
;(9, 7);MoveWest;(12, 8);False;1;1769
;(9, 7);MoveWest;(12, 8);False;1;1770
;(9, 7);MoveWest;(11, 8);False;1;1771
;(9, 7);MoveWest;(11, 8);False;1;1772
;(9, 7);MoveWest;(11, 8);False;1;1773
;(9, 7);MoveWest;(11, 8);False;1;1774
;(9, 7);MoveWest;(11, 8);False;1;1775
;(9, 7);MoveWest;(11, 8);False;1;1776
;(9, 7);MoveWest;(11, 8);False;1;1777
;(9, 7);MoveWest;(11, 8);False;1;1778
;(9, 7);MoveWest;(11, 8);False;1;1779
;(9, 7);MoveWest;(11, 8);False;1;1780
;(9, 7);MoveWest;(11, 8);False;1;1781
;(9, 7);MoveWest;(10, 8);False;1;1782
;(9, 7);MoveEast;(10, 8);False;1;1783
;(9, 7);MoveEast;(10, 8);False;1;1784
;(9, 7);MoveEast;(10, 8);False;1;1785
;(9, 7);MoveEast;(10, 8);False;1;1786
;(9, 7);MoveEast;(10, 8);False;1;1787
;(9, 7);MoveEast;(10, 8);False;1;1788
;(9, 7);MoveEast;(10, 8);False;1;1789
;(9, 7);MoveEast;(10, 8);False;1;1790
;(9, 7);MoveEast;(10, 8);False;1;1791
;(9, 7);MoveEast;(10, 8);False;1;1792
;(9, 7);MoveEast;(11, 8);False;1;1793
;(9, 7);MoveEast;(11, 8);False;1;1794
;(9, 7);MoveEast;(11, 8);False;1;1795
;(9, 7);MoveEast;(11, 8);False;1;1796
;(9, 7);MoveEast;(11, 8);False;1;1797
;(9, 7);MoveEast;(11, 8);False;1;1798
;(9, 7);MoveEast;(11, 8);False;1;1799
;(9, 7);MoveEast;(11, 8);False;1;1800
;(9, 7);MoveEast;(11, 8);False;1;1801
;(9, 7);MoveEast;(11, 8);False;1;1802
;(9, 7);MoveEast;(11, 8);False;1;1803
;(9, 7);MoveEast;(12, 8);False;1;1804
;(9, 7);MoveWest;(12, 8);False;1;1805
MoveWest;(8, 7);MoveWest;(12, 8);False;1;1806
;(8, 7);MoveWest;(12, 8);False;1;1807
;(8, 7);MoveWest;(12, 8);False;1;1808
MoveWest;(7, 7);MoveWest;(12, 8);False;1;1809
;(7, 7);MoveWest;(12, 8);False;1;1810
;(7, 7);MoveWest;(12, 8);False;1;1811
;(7, 7);MoveWest;(12, 8);False;1;1812
;(7, 7);MoveWest;(12, 8);False;1;1813
MoveWest;(6, 7);MoveWest;(12, 8);False;1;1814
;(6, 7);MoveWest;(11, 8);False;1;1815
;(6, 7);MoveWest;(11, 8);False;1;1816
;(6, 7);MoveWest;(11, 8);False;1;1817
;(6, 7);MoveWest;(11, 8);False;1;1818
;(6, 7);MoveWest;(11, 8);False;1;1819
;(6, 7);MoveWest;(11, 8);False;1;1820
;(6, 7);MoveWest;(11, 8);False;1;1821
;(6, 7);MoveWest;(11, 8);False;1;1822
;(6, 7);MoveWest;(11, 8);False;1;1823
;(6, 7);MoveWest;(11, 8);False;1;1824
;(6, 7);MoveWest;(11, 8);False;1;1825
;(6, 7);MoveWest;(10, 8);False;1;1826
;(6, 7);MoveEast;(10, 8);False;1;1827
;(6, 7);MoveEast;(10, 8);False;1;1828
;(6, 7);MoveEast;(10, 8);False;1;1829
;(6, 7);MoveEast;(10, 8);False;1;1830
;(6, 7);MoveEast;(10, 8);False;1;1831
;(6, 7);MoveEast;(10, 8);False;1;1832
;(6, 7);MoveEast;(10, 8);False;1;1833
;(6, 7);MoveEast;(10, 8);False;1;1834
;(6, 7);MoveEast;(10, 8);False;1;1835
;(6, 7);MoveEast;(10, 8);False;1;1836
;(6, 7);MoveEast;(11, 8);False;1;1837
;(6, 7);MoveEast;(11, 8);False;1;1838
;(6, 7);MoveEast;(11, 8);False;1;1839
;(6, 7);MoveEast;(11, 8);False;1;1840
;(6, 7);MoveEast;(11, 8);False;1;1841
;(6, 7);MoveEast;(11, 8);False;1;1842
;(6, 7);MoveEast;(11, 8);False;1;1843
;(6, 7);MoveEast;(11, 8);False;1;1844
;(6, 7);MoveEast;(11, 8);False;1;1845
;(6, 7);MoveEast;(11, 8);False;1;1846
;(6, 7);MoveEast;(11, 8);False;1;1847
;(6, 7);MoveEast;(12, 8);False;1;1848
;(6, 7);MoveWest;(12, 8);False;1;1849
;(6, 7);MoveWest;(12, 8);False;1;1850
;(6, 7);MoveWest;(12, 8);False;1;1851
;(6, 7);MoveWest;(12, 8);False;1;1852
;(6, 7);MoveWest;(12, 8);False;1;1853
;(6, 7);MoveWest;(12, 8);False;1;1854
;(6, 7);MoveWest;(12, 8);False;1;1855
;(6, 7);MoveWest;(12, 8);False;1;1856
;(6, 7);MoveWest;(12, 8);False;1;1857
;(6, 7);MoveWest;(12, 8);False;1;1858
;(6, 7);MoveWest;(11, 8);False;1;1859
;(6, 7);MoveWest;(11, 8);False;1;1860
;(6, 7);MoveWest;(11, 8);False;1;1861
;(6, 7);MoveWest;(11, 8);False;1;1862
;(6, 7);MoveWest;(11, 8);False;1;1863
;(6, 7);MoveWest;(11, 8);False;1;1864
;(6, 7);MoveWest;(11, 8);False;1;1865
;(6, 7);MoveWest;(11, 8);False;1;1866
;(6, 7);MoveWest;(11, 8);False;1;1867
;(6, 7);MoveWest;(11, 8);False;1;1868
;(6, 7);MoveWest;(11, 8);False;1;1869
;(6, 7);MoveWest;(10, 8);False;1;1870
;(6, 7);;(10, 8);False;1;1871
;(6, 7);MoveSouthEast;(10, 8);False;1;1872
;(6, 7);MoveSouthEast;(10, 8);False;1;1873
;(6, 7);MoveSouthEast;(10, 8);False;1;1874
;(6, 7);MoveSouthEast;(10, 8);False;1;1875
;(6, 7);MoveSouthEast;(10, 8);False;1;1876
;(6, 7);MoveSouthEast;(10, 8);False;1;1877
;(6, 7);MoveSouthEast;(10, 8);False;1;1878
;(6, 7);MoveSouthEast;(10, 8);False;1;1879
;(6, 7);MoveSouthEast;(10, 8);False;1;1880
;(6, 7);MoveSouthEast;(10, 8);False;1;1881
;(6, 7);MoveSouthEast;(11, 9);False;1;1882
;(6, 7);BreakObject;(11, 9);False;1;1883
;(6, 7);BreakObject;(11, 9);False;1;1884
;(6, 7);BreakObject;(11, 9);False;1;1885
;(6, 7);BreakObject;(11, 9);False;1;1886
;(6, 7);BreakObject;(11, 9);False;1;1887
;(6, 7);BreakObject;(11, 9);False;1;1888
;(6, 7);BreakObject;(11, 9);False;1;1889
;(6, 7);BreakObject;(11, 9);False;1;1890
;(6, 7);BreakObject;(11, 9);False;1;1891
;(6, 7);BreakObject;(11, 9);False;1;1892
;(6, 7);BreakObject;(11, 9);False;1;1893
;(6, 7);;(11, 9);False;1;1894
;(6, 7);;(11, 9);False;1;1895
;(6, 7);;(11, 9);False;1;1896
;(6, 7);;(11, 9);False;1;1897
;(6, 7);;(11, 9);False;1;1898
;(6, 7);;(11, 9);False;1;1899
;(6, 7);;(11, 9);False;1;1900
;(6, 7);;(11, 9);False;1;1901
;(6, 7);;(11, 9);False;1;1902
;(6, 7);;(11, 9);False;1;1903
;(6, 7);;(11, 9);False;1;1904
;(6, 7);;(11, 9);False;1;1905
;(6, 7);;(11, 9);False;1;1906
;(6, 7);;(11, 9);False;1;1907
;(6, 7);;(11, 9);False;1;1908
;(6, 7);;(11, 9);False;1;1909
;(6, 7);;(11, 9);False;1;1910
;(6, 7);;(11, 9);False;1;1911
;(6, 7);;(11, 9);False;1;1912
;(6, 7);;(11, 9);False;1;1913
;(6, 7);;(11, 9);False;1;1914
;(6, 7);;(11, 9);False;1;1915
;(6, 7);;(11, 9);False;1;1916
;(6, 7);;(11, 9);False;1;1917
;(6, 7);;(11, 9);False;1;1918
;(6, 7);;(11, 9);False;1;1919
;(6, 7);;(11, 9);False;1;1920
;(6, 7);;(11, 9);False;1;1921
;(6, 7);;(11, 9);False;1;1922
;(6, 7);;(11, 9);False;1;1923
;(6, 7);;(11, 9);False;1;1924
;(6, 7);;(11, 9);False;1;1925
;(6, 7);;(11, 9);False;1;1926
;(6, 7);;(11, 9);False;1;1927
;(6, 7);;(11, 9);False;1;1928
;(6, 7);;(11, 9);False;1;1929
;(6, 7);;(11, 9);False;1;1930
;(6, 7);;(11, 9);False;1;1931
;(6, 7);;(11, 9);False;1;1932
;(6, 7);;(11, 9);False;1;1933
;(6, 7);;(11, 9);False;1;1934
;(6, 7);;(11, 9);False;1;1935
;(6, 7);;(11, 9);False;1;1936
;(6, 7);;(11, 9);False;1;1937
;(6, 7);;(11, 9);False;1;1938
;(6, 7);;(11, 9);False;1;1939
;(6, 7);;(11, 9);False;1;1940
;(6, 7);;(11, 9);False;1;1941
;(6, 7);;(11, 9);False;1;1942
;(6, 7);;(11, 9);False;1;1943
;(6, 7);;(11, 9);False;1;1944
;(6, 7);;(11, 9);False;1;1945
;(6, 7);;(11, 9);False;1;1946
;(6, 7);;(11, 9);False;1;1947
;(6, 7);;(11, 9);False;1;1948
;(6, 7);;(11, 9);False;1;1949
;(6, 7);;(11, 9);False;1;1950
;(6, 7);;(11, 9);False;1;1951
;(6, 7);;(11, 9);False;1;1952
;(6, 7);;(11, 9);False;1;1953
;(6, 7);;(11, 9);False;1;1954
;(6, 7);;(11, 9);False;1;1955
;(6, 7);;(11, 9);False;1;1956
;(6, 7);;(11, 9);False;1;1957
;(6, 7);;(11, 9);False;1;1958
;(6, 7);;(11, 9);False;1;1959
;(6, 7);;(11, 9);False;1;1960
;(6, 7);;(11, 9);False;1;1961
;(6, 7);;(11, 9);False;1;1962
;(6, 7);;(11, 9);False;1;1963
;(6, 7);;(11, 9);False;1;1964
;(6, 7);;(11, 9);False;1;1965
;(6, 7);;(11, 9);False;1;1966
;(6, 7);;(11, 9);False;1;1967
;(6, 7);;(11, 9);False;1;1968
;(6, 7);;(11, 9);False;1;1969
;(6, 7);;(11, 9);False;1;1970
;(6, 7);;(11, 9);False;1;1971
;(6, 7);;(11, 9);False;1;1972
;(6, 7);;(11, 9);False;1;1973
;(6, 7);;(11, 9);False;1;1974
;(6, 7);;(11, 9);False;1;1975
;(6, 7);;(11, 9);False;1;1976
;(6, 7);;(11, 9);False;1;1977
;(6, 7);;(11, 9);False;1;1978
;(6, 7);;(11, 9);False;1;1979
;(6, 7);;(11, 9);False;1;1980
;(6, 7);;(11, 9);False;1;1981
;(6, 7);;(11, 9);False;1;1982
;(6, 7);;(11, 9);False;1;1983
;(6, 7);;(11, 9);False;1;1984
;(6, 7);;(11, 9);False;1;1985
;(6, 7);;(11, 9);False;1;1986
;(6, 7);;(11, 9);False;1;1987
;(6, 7);;(11, 9);False;1;1988
;(6, 7);;(11, 9);False;1;1989
;(6, 7);;(11, 9);False;1;1990
;(6, 7);;(11, 9);False;1;1991
;(6, 7);;(11, 9);False;1;1992
;(6, 7);;(11, 9);False;1;1993
;(6, 7);;(11, 9);False;1;1994
;(6, 7);;(11, 9);False;1;1995
;(6, 7);;(11, 9);False;1;1996
;(6, 7);;(11, 9);False;1;1997
;(6, 7);;(11, 9);False;1;1998
;(6, 7);;(11, 9);False;1;1999
;(6, 7);;(11, 9);False;1;2000
;(6, 7);;(11, 9);False;1;2001
;(6, 7);;(11, 9);False;1;2002
;(6, 7);;(11, 9);False;1;2003
;(6, 7);;(11, 9);False;1;2004
;(6, 7);;(11, 9);False;1;2005
;(6, 7);;(11, 9);False;1;2006
;(6, 7);;(11, 9);False;1;2007
;(6, 7);;(11, 9);False;1;2008
;(6, 7);;(11, 9);False;1;2009
;(6, 7);;(11, 9);False;1;2010
;(6, 7);;(11, 9);False;1;2011
;(6, 7);;(11, 9);False;1;2012
;(6, 7);;(11, 9);False;1;2013
;(6, 7);;(11, 9);False;1;2014
;(6, 7);;(11, 9);False;1;2015
;(6, 7);;(11, 9);False;1;2016
;(6, 7);;(11, 9);False;1;2017
;(6, 7);;(11, 9);False;1;2018
;(6, 7);;(11, 9);False;1;2019
;(6, 7);;(11, 9);False;1;2020
;(6, 7);;(11, 9);False;1;2021
;(6, 7);;(11, 9);False;1;2022
;(6, 7);;(11, 9);False;1;2023
;(6, 7);;(11, 9);False;1;2024
;(6, 7);;(11, 9);False;1;2025
;(6, 7);;(11, 9);False;1;2026
;(6, 7);;(11, 9);False;1;2027
;(6, 7);;(11, 9);False;1;2028
;(6, 7);;(11, 9);False;1;2029
;(6, 7);;(11, 9);False;1;2030
;(6, 7);;(11, 9);False;1;2031
;(6, 7);;(11, 9);False;1;2032
;(6, 7);;(11, 9);False;1;2033
;(6, 7);;(11, 9);False;1;2034
;(6, 7);;(11, 9);False;1;2035
;(6, 7);;(11, 9);False;1;2036
;(6, 7);;(11, 9);False;1;2037
;(6, 7);;(11, 9);False;1;2038
;(6, 7);;(11, 9);False;1;2039
;(6, 7);;(11, 9);False;1;2040
;(6, 7);;(11, 9);False;1;2041
;(6, 7);;(11, 9);False;1;2042
;(6, 7);;(11, 9);False;1;2043
;(6, 7);;(11, 9);False;1;2044
;(6, 7);;(11, 9);False;1;2045
;(6, 7);;(11, 9);False;1;2046
;(6, 7);;(11, 9);False;1;2047
;(6, 7);;(11, 9);False;1;2048
;(6, 7);;(11, 9);False;1;2049
;(6, 7);;(11, 9);False;1;2050
;(6, 7);;(11, 9);False;1;2051
;(6, 7);;(11, 9);False;1;2052
;(6, 7);;(11, 9);False;1;2053
;(6, 7);;(11, 9);False;1;2054
;(6, 7);;(11, 9);False;1;2055
;(6, 7);;(11, 9);False;1;2056
;(6, 7);;(11, 9);False;1;2057
;(6, 7);;(11, 9);False;1;2058
;(6, 7);;(11, 9);False;1;2059
;(6, 7);;(11, 9);False;1;2060
;(6, 7);;(11, 9);False;1;2061
;(6, 7);;(11, 9);False;1;2062
;(6, 7);;(11, 9);False;1;2063
;(6, 7);;(11, 9);False;1;2064
;(6, 7);;(11, 9);False;1;2065
;(6, 7);;(11, 9);False;1;2066
;(6, 7);;(11, 9);False;1;2067
;(6, 7);;(11, 9);False;1;2068
;(6, 7);;(11, 9);False;1;2069
;(6, 7);;(11, 9);False;1;2070
;(6, 7);;(11, 9);False;1;2071
;(6, 7);;(11, 9);False;1;2072
;(6, 7);;(11, 9);False;1;2073
;(6, 7);;(11, 9);False;1;2074
;(6, 7);;(11, 9);False;1;2075
;(6, 7);;(11, 9);False;1;2076
;(6, 7);;(11, 9);False;1;2077
;(6, 7);;(11, 9);False;1;2078
;(6, 7);;(11, 9);False;1;2079
;(6, 7);;(11, 9);False;1;2080
;(6, 7);;(11, 9);False;1;2081
;(6, 7);;(11, 9);False;1;2082
;(6, 7);;(11, 9);False;1;2083
;(6, 7);;(11, 9);False;1;2084
;(6, 7);;(11, 9);False;1;2085
;(6, 7);;(11, 9);False;1;2086
;(6, 7);;(11, 9);False;1;2087
;(6, 7);;(11, 9);False;1;2088
;(6, 7);;(11, 9);False;1;2089
;(6, 7);;(11, 9);False;1;2090
;(6, 7);;(11, 9);False;1;2091
;(6, 7);;(11, 9);False;1;2092
;(6, 7);;(11, 9);False;1;2093
;(6, 7);;(11, 9);False;1;2094
;(6, 7);;(11, 9);False;1;2095
;(6, 7);;(11, 9);False;1;2096
;(6, 7);;(11, 9);False;1;2097
;(6, 7);;(11, 9);False;1;2098
;(6, 7);;(11, 9);False;1;2099
;(6, 7);;(11, 9);False;1;2100
;(6, 7);;(11, 9);False;1;2101
;(6, 7);;(11, 9);False;1;2102
;(6, 7);;(11, 9);False;1;2103
;(6, 7);;(11, 9);False;1;2104
;(6, 7);;(11, 9);False;1;2105
;(6, 7);;(11, 9);False;1;2106
;(6, 7);;(11, 9);False;1;2107
;(6, 7);;(11, 9);False;1;2108
;(6, 7);;(11, 9);False;1;2109
;(6, 7);;(11, 9);False;1;2110
;(6, 7);;(11, 9);False;1;2111
;(6, 7);;(11, 9);False;1;2112
;(6, 7);;(11, 9);False;1;2113
;(6, 7);;(11, 9);False;1;2114
;(6, 7);;(11, 9);False;1;2115
;(6, 7);;(11, 9);False;1;2116
;(6, 7);;(11, 9);False;1;2117
;(6, 7);;(11, 9);False;1;2118
;(6, 7);;(11, 9);False;1;2119
;(6, 7);;(11, 9);False;1;2120
;(6, 7);;(11, 9);False;1;2121
;(6, 7);;(11, 9);False;1;2122
;(6, 7);;(11, 9);False;1;2123
;(6, 7);;(11, 9);False;1;2124
;(6, 7);;(11, 9);False;1;2125
;(6, 7);;(11, 9);False;1;2126
;(6, 7);;(11, 9);False;1;2127
;(6, 7);;(11, 9);False;1;2128
;(6, 7);;(11, 9);False;1;2129
;(6, 7);;(11, 9);False;1;2130
;(6, 7);;(11, 9);False;1;2131
;(6, 7);;(11, 9);False;1;2132
;(6, 7);;(11, 9);False;1;2133
;(6, 7);;(11, 9);False;1;2134
;(6, 7);;(11, 9);False;1;2135
;(6, 7);;(11, 9);False;1;2136
;(6, 7);;(11, 9);False;1;2137
;(6, 7);;(11, 9);False;1;2138
;(6, 7);;(11, 9);False;1;2139
;(6, 7);;(11, 9);False;1;2140
;(6, 7);;(11, 9);False;1;2141
;(6, 7);;(11, 9);False;1;2142
;(6, 7);;(11, 9);False;1;2143
;(6, 7);;(11, 9);False;1;2144
;(6, 7);;(11, 9);False;1;2145
;(6, 7);;(11, 9);False;1;2146
;(6, 7);;(11, 9);False;1;2147
;(6, 7);;(11, 9);False;1;2148
;(6, 7);;(11, 9);False;1;2149
;(6, 7);;(11, 9);False;1;2150
;(6, 7);;(11, 9);False;1;2151
;(6, 7);;(11, 9);False;1;2152
;(6, 7);;(11, 9);False;1;2153
;(6, 7);;(11, 9);False;1;2154
;(6, 7);;(11, 9);False;1;2155
;(6, 7);;(11, 9);False;1;2156
;(6, 7);;(11, 9);False;1;2157
;(6, 7);;(11, 9);False;1;2158
;(6, 7);;(11, 9);False;1;2159
;(6, 7);;(11, 9);False;1;2160
;(6, 7);;(11, 9);False;1;2161
;(6, 7);;(11, 9);False;1;2162
;(6, 7);;(11, 9);False;1;2163
;(6, 7);;(11, 9);False;1;2164
;(6, 7);;(11, 9);False;1;2165
;(6, 7);;(11, 9);False;1;2166
;(6, 7);;(11, 9);False;1;2167
;(6, 7);;(11, 9);False;1;2168
;(6, 7);;(11, 9);False;1;2169
;(6, 7);;(11, 9);False;1;2170
;(6, 7);;(11, 9);False;1;2171
;(6, 7);;(11, 9);False;1;2172
;(6, 7);;(11, 9);False;1;2173
;(6, 7);;(11, 9);False;1;2174
;(6, 7);;(11, 9);False;1;2175
;(6, 7);;(11, 9);False;1;2176
;(6, 7);;(11, 9);False;1;2177
;(6, 7);;(11, 9);False;1;2178
;(6, 7);;(11, 9);False;1;2179
;(6, 7);;(11, 9);False;1;2180
;(6, 7);;(11, 9);False;1;2181
;(6, 7);;(11, 9);False;1;2182
;(6, 7);;(11, 9);False;1;2183
;(6, 7);;(11, 9);False;1;2184
;(6, 7);;(11, 9);False;1;2185
;(6, 7);;(11, 9);False;1;2186
;(6, 7);;(11, 9);False;1;2187
;(6, 7);;(11, 9);False;1;2188
;(6, 7);;(11, 9);False;1;2189
;(6, 7);;(11, 9);False;1;2190
;(6, 7);;(11, 9);False;1;2191
;(6, 7);;(11, 9);False;1;2192
;(6, 7);;(11, 9);False;1;2193
;(6, 7);;(11, 9);False;1;2194
;(6, 7);;(11, 9);False;1;2195
;(6, 7);;(11, 9);False;1;2196
;(6, 7);;(11, 9);False;1;2197
;(6, 7);;(11, 9);False;1;2198
;(6, 7);;(11, 9);False;1;2199
;(6, 7);;(11, 9);False;1;2200
;(6, 7);;(11, 9);False;1;2201
;(6, 7);;(11, 9);False;1;2202
;(6, 7);;(11, 9);False;1;2203
;(6, 7);;(11, 9);False;1;2204
;(6, 7);;(11, 9);False;1;2205
;(6, 7);;(11, 9);False;1;2206
;(6, 7);;(11, 9);False;1;2207
;(6, 7);;(11, 9);False;1;2208
;(6, 7);;(11, 9);False;1;2209
;(6, 7);;(11, 9);False;1;2210
;(6, 7);;(11, 9);False;1;2211
;(6, 7);;(11, 9);False;1;2212
;(6, 7);;(11, 9);False;1;2213
;(6, 7);;(11, 9);False;1;2214
;(6, 7);;(11, 9);False;1;2215
;(6, 7);;(11, 9);False;1;2216
;(6, 7);;(11, 9);False;1;2217
;(6, 7);;(11, 9);False;1;2218
;(6, 7);;(11, 9);False;1;2219
;(6, 7);;(11, 9);False;1;2220
;(6, 7);;(11, 9);False;1;2221
;(6, 7);;(11, 9);False;1;2222
;(6, 7);;(11, 9);False;1;2223
;(6, 7);;(11, 9);False;1;2224
;(6, 7);;(11, 9);False;1;2225
;(6, 7);;(11, 9);False;1;2226
;(6, 7);;(11, 9);False;1;2227
;(6, 7);;(11, 9);False;1;2228
;(6, 7);;(11, 9);False;1;2229
;(6, 7);;(11, 9);False;1;2230
;(6, 7);;(11, 9);False;1;2231
;(6, 7);;(11, 9);False;1;2232
;(6, 7);;(11, 9);False;1;2233
;(6, 7);;(11, 9);False;1;2234
;(6, 7);;(11, 9);False;1;2235
;(6, 7);;(11, 9);False;1;2236
;(6, 7);;(11, 9);False;1;2237
;(6, 7);;(11, 9);False;1;2238
;(6, 7);;(11, 9);False;1;2239
;(6, 7);;(11, 9);False;1;2240
;(6, 7);;(11, 9);False;1;2241
;(6, 7);;(11, 9);False;1;2242
;(6, 7);;(11, 9);False;1;2243
;(6, 7);;(11, 9);False;1;2244
;(6, 7);;(11, 9);False;1;2245
;(6, 7);;(11, 9);False;1;2246
;(6, 7);;(11, 9);False;1;2247
;(6, 7);;(11, 9);False;1;2248
;(6, 7);;(11, 9);False;1;2249
;(6, 7);;(11, 9);False;1;2250
;(6, 7);;(11, 9);False;1;2251
;(6, 7);;(11, 9);False;1;2252
;(6, 7);;(11, 9);False;1;2253
;(6, 7);;(11, 9);False;1;2254
;(6, 7);;(11, 9);False;1;2255
;(6, 7);;(11, 9);False;1;2256
;(6, 7);;(11, 9);False;1;2257
;(6, 7);;(11, 9);False;1;2258
;(6, 7);;(11, 9);False;1;2259
;(6, 7);;(11, 9);False;1;2260
;(6, 7);;(11, 9);False;1;2261
;(6, 7);;(11, 9);False;1;2262
;(6, 7);;(11, 9);False;1;2263
;(6, 7);;(11, 9);False;1;2264
;(6, 7);;(11, 9);False;1;2265
;(6, 7);;(11, 9);False;1;2266
;(6, 7);;(11, 9);False;1;2267
;(6, 7);;(11, 9);False;1;2268
;(6, 7);;(11, 9);False;1;2269
;(6, 7);;(11, 9);False;1;2270
;(6, 7);;(11, 9);False;1;2271
;(6, 7);;(11, 9);False;1;2272
;(6, 7);;(11, 9);False;1;2273
;(6, 7);;(11, 9);False;1;2274
;(6, 7);;(11, 9);False;1;2275
;(6, 7);;(11, 9);False;1;2276
;(6, 7);;(11, 9);False;1;2277
;(6, 7);;(11, 9);False;1;2278
;(6, 7);;(11, 9);False;1;2279
;(6, 7);;(11, 9);False;1;2280
;(6, 7);;(11, 9);False;1;2281
;(6, 7);;(11, 9);False;1;2282
;(6, 7);;(11, 9);False;1;2283
;(6, 7);;(11, 9);False;1;2284
;(6, 7);;(11, 9);False;1;2285
;(6, 7);;(11, 9);False;1;2286
;(6, 7);;(11, 9);False;1;2287
;(6, 7);;(11, 9);False;1;2288
;(6, 7);;(11, 9);False;1;2289
;(6, 7);;(11, 9);False;1;2290
;(6, 7);;(11, 9);False;1;2291
;(6, 7);;(11, 9);False;1;2292
;(6, 7);;(11, 9);False;1;2293
;(6, 7);;(11, 9);False;1;2294
;(6, 7);;(11, 9);False;1;2295
;(6, 7);;(11, 9);False;1;2296
;(6, 7);;(11, 9);False;1;2297
;(6, 7);;(11, 9);False;1;2298
;(6, 7);;(11, 9);False;1;2299
;(6, 7);;(11, 9);False;1;2300
;(6, 7);;(11, 9);False;1;2301
;(6, 7);;(11, 9);False;1;2302
;(6, 7);;(11, 9);False;1;2303
;(6, 7);;(11, 9);False;1;2304
;(6, 7);;(11, 9);False;1;2305
;(6, 7);;(11, 9);False;1;2306
;(6, 7);;(11, 9);False;1;2307
;(6, 7);;(11, 9);False;1;2308
;(6, 7);;(11, 9);False;1;2309
;(6, 7);;(11, 9);False;1;2310
;(6, 7);;(11, 9);False;1;2311
;(6, 7);;(11, 9);False;1;2312
;(6, 7);;(11, 9);False;1;2313
;(6, 7);;(11, 9);False;1;2314
;(6, 7);;(11, 9);False;1;2315
;(6, 7);;(11, 9);False;1;2316
;(6, 7);;(11, 9);False;1;2317
;(6, 7);;(11, 9);False;1;2318
;(6, 7);;(11, 9);False;1;2319
;(6, 7);;(11, 9);False;1;2320
;(6, 7);;(11, 9);False;1;2321
;(6, 7);;(11, 9);False;1;2322
;(6, 7);;(11, 9);False;1;2323
;(6, 7);;(11, 9);False;1;2324
;(6, 7);;(11, 9);False;1;2325
;(6, 7);;(11, 9);False;1;2326
;(6, 7);;(11, 9);False;1;2327
;(6, 7);;(11, 9);False;1;2328
;(6, 7);;(11, 9);False;1;2329
;(6, 7);;(11, 9);False;1;2330
;(6, 7);;(11, 9);False;1;2331
;(6, 7);;(11, 9);False;1;2332
;(6, 7);;(11, 9);False;1;2333
;(6, 7);;(11, 9);False;1;2334
;(6, 7);;(11, 9);False;1;2335
;(6, 7);;(11, 9);False;1;2336
;(6, 7);;(11, 9);False;1;2337
;(6, 7);;(11, 9);False;1;2338
;(6, 7);;(11, 9);False;1;2339
;(6, 7);;(11, 9);False;1;2340
;(6, 7);;(11, 9);False;1;2341
;(6, 7);;(11, 9);False;1;2342
;(6, 7);;(11, 9);False;1;2343
;(6, 7);;(11, 9);False;1;2344
;(6, 7);;(11, 9);False;1;2345
;(6, 7);;(11, 9);False;1;2346
;(6, 7);;(11, 9);False;1;2347
;(6, 7);;(11, 9);False;1;2348
;(6, 7);;(11, 9);False;1;2349
;(6, 7);;(11, 9);False;1;2350
;(6, 7);;(11, 9);False;1;2351
;(6, 7);;(11, 9);False;1;2352
;(6, 7);;(11, 9);False;1;2353
;(6, 7);;(11, 9);False;1;2354
;(6, 7);;(11, 9);False;1;2355
;(6, 7);;(11, 9);False;1;2356
;(6, 7);;(11, 9);False;1;2357
;(6, 7);;(11, 9);False;1;2358
;(6, 7);;(11, 9);False;1;2359
;(6, 7);;(11, 9);False;1;2360
;(6, 7);;(11, 9);False;1;2361
;(6, 7);;(11, 9);False;1;2362
;(6, 7);;(11, 9);False;1;2363
;(6, 7);;(11, 9);False;1;2364
;(6, 7);;(11, 9);False;1;2365
;(6, 7);;(11, 9);False;1;2366
;(6, 7);;(11, 9);False;1;2367
;(6, 7);;(11, 9);False;1;2368
;(6, 7);;(11, 9);False;1;2369
;(6, 7);;(11, 9);False;1;2370
;(6, 7);;(11, 9);False;1;2371
;(6, 7);;(11, 9);False;1;2372
;(6, 7);;(11, 9);False;1;2373
MoveWest;(5, 7);;(11, 9);False;1;2374
;(5, 7);;(11, 9);False;1;2375
;(5, 7);MoveEast;(11, 9);False;1;2376
;(5, 7);MoveEast;(11, 9);False;1;2377
;(5, 7);MoveEast;(11, 9);False;1;2378
;(5, 7);MoveEast;(11, 9);False;1;2379
;(5, 7);MoveEast;(11, 9);False;1;2380
MoveWest;(4, 7);MoveEast;(11, 9);False;1;2381
;(4, 7);MoveEast;(11, 9);False;1;2382
;(4, 7);MoveEast;(11, 9);False;1;2383
;(4, 7);MoveEast;(11, 9);False;1;2384
;(4, 7);MoveEast;(11, 9);False;1;2385
;(4, 7);MoveEast;(12, 9);False;1;2386
;(4, 7);MoveEast;(12, 9);False;1;2387
;(4, 7);MoveEast;(12, 9);False;1;2388
;(4, 7);MoveEast;(12, 9);False;1;2389
;(4, 7);MoveEast;(12, 9);False;1;2390
;(4, 7);MoveEast;(12, 9);False;1;2391
;(4, 7);MoveEast;(12, 9);False;1;2392
;(4, 7);MoveEast;(12, 9);False;1;2393
;(4, 7);MoveEast;(12, 9);False;1;2394
;(4, 7);MoveEast;(12, 9);False;1;2395
;(4, 7);MoveEast;(12, 9);False;1;2396
;(4, 7);MoveEast;(13, 9);False;1;2397
;(4, 7);MoveWest;(13, 9);False;1;2398
;(4, 7);MoveWest;(13, 9);False;1;2399
;(4, 7);MoveWest;(13, 9);False;1;2400
;(4, 7);MoveWest;(13, 9);False;1;2401
;(4, 7);MoveWest;(13, 9);False;1;2402
;(4, 7);MoveWest;(13, 9);False;1;2403
;(4, 7);MoveWest;(13, 9);False;1;2404
;(4, 7);MoveWest;(13, 9);False;1;2405
;(4, 7);MoveWest;(13, 9);False;1;2406
;(4, 7);MoveWest;(13, 9);False;1;2407
;(4, 7);MoveWest;(12, 9);False;1;2408
;(4, 7);MoveWest;(12, 9);False;1;2409
;(4, 7);MoveWest;(12, 9);False;1;2410
;(4, 7);MoveWest;(12, 9);False;1;2411
;(4, 7);MoveWest;(12, 9);False;1;2412
;(4, 7);MoveWest;(12, 9);False;1;2413
;(4, 7);MoveWest;(12, 9);False;1;2414
;(4, 7);MoveWest;(12, 9);False;1;2415
;(4, 7);MoveWest;(12, 9);False;1;2416
;(4, 7);MoveWest;(12, 9);False;1;2417
;(4, 7);MoveWest;(12, 9);False;1;2418
;(4, 7);MoveWest;(11, 9);False;1;2419
;(4, 7);MoveEast;(11, 9);False;1;2420
;(4, 7);MoveEast;(11, 9);False;1;2421
;(4, 7);MoveEast;(11, 9);False;1;2422
;(4, 7);MoveEast;(11, 9);False;1;2423
;(4, 7);MoveEast;(11, 9);False;1;2424
;(4, 7);MoveEast;(11, 9);False;1;2425
;(4, 7);MoveEast;(11, 9);False;1;2426
;(4, 7);MoveEast;(11, 9);False;1;2427
;(4, 7);MoveEast;(11, 9);False;1;2428
;(4, 7);MoveEast;(11, 9);False;1;2429
;(4, 7);MoveEast;(12, 9);False;1;2430
;(4, 7);MoveEast;(12, 9);False;1;2431
;(4, 7);MoveEast;(12, 9);False;1;2432
;(4, 7);MoveEast;(12, 9);False;1;2433
;(4, 7);MoveEast;(12, 9);False;1;2434
;(4, 7);MoveEast;(12, 9);False;1;2435
;(4, 7);MoveEast;(12, 9);False;1;2436
;(4, 7);MoveEast;(12, 9);False;1;2437
;(4, 7);MoveEast;(12, 9);False;1;2438
;(4, 7);MoveEast;(12, 9);False;1;2439
;(4, 7);MoveEast;(12, 9);False;1;2440
;(4, 7);MoveEast;(13, 9);False;1;2441
;(4, 7);MoveWest;(13, 9);False;1;2442
;(4, 7);MoveWest;(13, 9);False;1;2443
;(4, 7);MoveWest;(13, 9);False;1;2444
;(4, 7);MoveWest;(13, 9);False;1;2445
;(4, 7);MoveWest;(13, 9);False;1;2446
;(4, 7);MoveWest;(13, 9);False;1;2447
;(4, 7);MoveWest;(13, 9);False;1;2448
;(4, 7);MoveWest;(13, 9);False;1;2449
;(4, 7);MoveWest;(13, 9);False;1;2450
;(4, 7);MoveWest;(13, 9);False;1;2451
;(4, 7);MoveWest;(12, 9);False;1;2452
;(4, 7);MoveWest;(12, 9);False;1;2453
;(4, 7);MoveWest;(12, 9);False;1;2454
;(4, 7);MoveWest;(12, 9);False;1;2455
;(4, 7);MoveWest;(12, 9);False;1;2456
;(4, 7);MoveWest;(12, 9);False;1;2457
;(4, 7);MoveWest;(12, 9);False;1;2458
;(4, 7);MoveWest;(12, 9);False;1;2459
;(4, 7);MoveWest;(12, 9);False;1;2460
;(4, 7);MoveWest;(12, 9);False;1;2461
;(4, 7);MoveWest;(12, 9);False;1;2462
;(4, 7);MoveWest;(11, 9);False;1;2463
;(4, 7);MoveEast;(11, 9);False;1;2464
;(4, 7);MoveEast;(11, 9);False;1;2465
;(4, 7);MoveEast;(11, 9);False;1;2466
;(4, 7);MoveEast;(11, 9);False;1;2467
;(4, 7);MoveEast;(11, 9);False;1;2468
;(4, 7);MoveEast;(11, 9);False;1;2469
;(4, 7);MoveEast;(11, 9);False;1;2470
;(4, 7);MoveEast;(11, 9);False;1;2471
;(4, 7);MoveEast;(11, 9);False;1;2472
;(4, 7);MoveEast;(11, 9);False;1;2473
;(4, 7);MoveEast;(12, 9);False;1;2474
;(4, 7);MoveEast;(12, 9);False;1;2475
;(4, 7);MoveEast;(12, 9);False;1;2476
;(4, 7);MoveEast;(12, 9);False;1;2477
MoveNorth;(4, 6);MoveEast;(12, 9);False;1;2478
;(4, 6);MoveEast;(12, 9);False;1;2479
;(4, 6);MoveEast;(12, 9);False;1;2480
;(4, 6);MoveEast;(12, 9);False;1;2481
;(4, 6);MoveEast;(12, 9);False;1;2482
;(4, 6);MoveEast;(12, 9);False;1;2483
;(4, 6);MoveEast;(12, 9);False;1;2484
;(4, 6);MoveEast;(13, 9);False;1;2485
;(4, 6);MoveWest;(13, 9);False;1;2486
;(4, 6);MoveWest;(13, 9);False;1;2487
;(4, 6);MoveWest;(13, 9);False;1;2488
;(4, 6);MoveWest;(13, 9);False;1;2489
;(4, 6);MoveWest;(13, 9);False;1;2490
;(4, 6);MoveWest;(13, 9);False;1;2491
;(4, 6);MoveWest;(13, 9);False;1;2492
;(4, 6);MoveWest;(13, 9);False;1;2493
;(4, 6);MoveWest;(13, 9);False;1;2494
MoveNorth;(4, 5);MoveWest;(13, 9);False;1;2495
;(4, 5);MoveWest;(12, 9);False;1;2496
;(4, 5);MoveWest;(12, 9);False;1;2497
;(4, 5);MoveWest;(12, 9);False;1;2498
;(4, 5);MoveWest;(12, 9);False;1;2499
;(4, 5);MoveWest;(12, 9);False;1;2500
;(4, 5);MoveWest;(12, 9);False;1;2501
;(4, 5);MoveWest;(12, 9);False;1;2502
;(4, 5);MoveWest;(12, 9);False;1;2503
;(4, 5);MoveWest;(12, 9);False;1;2504
;(4, 5);MoveWest;(12, 9);False;1;2505
;(4, 5);MoveWest;(12, 9);False;1;2506
;(4, 5);MoveWest;(11, 9);False;1;2507
;(4, 5);;(11, 9);False;1;2508
;(4, 5);Idle;(11, 9);False;1;2509
;(4, 5);Idle;(11, 9);False;1;2510
;(4, 5);Idle;(11, 9);False;1;2511
;(4, 5);Idle;(11, 9);False;1;2512
;(4, 5);Idle;(11, 9);False;1;2513
;(4, 5);Idle;(11, 9);False;1;2514
;(4, 5);Idle;(11, 9);False;1;2515
;(4, 5);Idle;(11, 9);False;1;2516
;(4, 5);Idle;(11, 9);False;1;2517
;(4, 5);Idle;(11, 9);False;1;2518
;(4, 5);Idle;(11, 9);False;1;2519
;(4, 5);Idle;(11, 9);False;1;2520
;(4, 5);Idle;(11, 9);False;1;2521
;(4, 5);Idle;(11, 9);False;1;2522
;(4, 5);Idle;(11, 9);False;1;2523
;(4, 5);Idle;(11, 9);False;1;2524
;(4, 5);Idle;(11, 9);False;1;2525
;(4, 5);Idle;(11, 9);False;1;2526
;(4, 5);Idle;(11, 9);False;1;2527
;(4, 5);Idle;(11, 9);False;1;2528
;(4, 5);Idle;(11, 9);False;1;2529
;(4, 5);Idle;(11, 9);False;1;2530
;(4, 5);Idle;(11, 9);False;1;2531
;(4, 5);Idle;(11, 9);False;1;2532
;(4, 5);Idle;(11, 9);False;1;2533
;(4, 5);Idle;(11, 9);False;1;2534
;(4, 5);Idle;(11, 9);False;1;2535
;(4, 5);Idle;(11, 9);False;1;2536
;(4, 5);Idle;(11, 9);False;1;2537
;(4, 5);Idle;(11, 9);False;1;2538
;(4, 5);Idle;(11, 9);False;1;2539
;(4, 5);Idle;(11, 9);False;1;2540
;(4, 5);Idle;(11, 9);False;1;2541
;(4, 5);Idle;(11, 9);False;1;2542
;(4, 5);Idle;(11, 9);False;1;2543
;(4, 5);Idle;(11, 9);False;1;2544
;(4, 5);Idle;(11, 9);False;1;2545
;(4, 5);Idle;(11, 9);False;1;2546
;(4, 5);Idle;(11, 9);False;1;2547
;(4, 5);Idle;(11, 9);False;1;2548
;(4, 5);Idle;(11, 9);False;1;2549
;(4, 5);Idle;(11, 9);False;1;2550
;(4, 5);Idle;(11, 9);False;1;2551
;(4, 5);Idle;(11, 9);False;1;2552
;(4, 5);Idle;(11, 9);False;1;2553
;(4, 5);Idle;(11, 9);False;1;2554
;(4, 5);Idle;(11, 9);False;1;2555
;(4, 5);Idle;(11, 9);False;1;2556
;(4, 5);Idle;(11, 9);False;1;2557
;(4, 5);Idle;(11, 9);False;1;2558
;(4, 5);Idle;(11, 9);False;1;2559
;(4, 5);Idle;(11, 9);False;1;2560
;(4, 5);Idle;(11, 9);False;1;2561
;(4, 5);Idle;(11, 9);False;1;2562
;(4, 5);Idle;(11, 9);False;1;2563
;(4, 5);;(11, 9);False;1;2564
;(4, 5);;(11, 9);False;1;2565
;(4, 5);;(11, 9);False;1;2566
;(4, 5);;(11, 9);False;1;2567
;(4, 5);;(11, 9);False;1;2568
;(4, 5);;(11, 9);False;1;2569
;(4, 5);;(11, 9);False;1;2570
;(4, 5);;(11, 9);False;1;2571
;(4, 5);;(11, 9);False;1;2572
;(4, 5);;(11, 9);False;1;2573
;(4, 5);;(11, 9);False;1;2574
;(4, 5);;(11, 9);False;1;2575
;(4, 5);;(11, 9);False;1;2576
;(4, 5);;(11, 9);False;1;2577
;(4, 5);;(11, 9);False;1;2578
;(4, 5);;(11, 9);False;1;2579
;(4, 5);;(11, 9);False;1;2580
;(4, 5);;(11, 9);False;1;2581
;(4, 5);;(11, 9);False;1;2582
;(4, 5);;(11, 9);False;1;2583
;(4, 5);;(11, 9);False;1;2584
;(4, 5);;(11, 9);False;1;2585
;(4, 5);;(11, 9);False;1;2586
;(4, 5);;(11, 9);False;1;2587
;(4, 5);;(11, 9);False;1;2588
;(4, 5);;(11, 9);False;1;2589
;(4, 5);;(11, 9);False;1;2590
;(4, 5);;(11, 9);False;1;2591
;(4, 5);;(11, 9);False;1;2592
;(4, 5);;(11, 9);False;1;2593
;(4, 5);;(11, 9);False;1;2594
;(4, 5);;(11, 9);False;1;2595
;(4, 5);;(11, 9);False;1;2596
;(4, 5);;(11, 9);False;1;2597
;(4, 5);;(11, 9);False;1;2598
;(4, 5);;(11, 9);False;1;2599
;(4, 5);;(11, 9);False;1;2600
;(4, 5);;(11, 9);False;1;2601
;(4, 5);;(11, 9);False;1;2602
;(4, 5);;(11, 9);False;1;2603
;(4, 5);;(11, 9);False;1;2604
;(4, 5);;(11, 9);False;1;2605
;(4, 5);;(11, 9);False;1;2606
;(4, 5);;(11, 9);False;1;2607
;(4, 5);;(11, 9);False;1;2608
;(4, 5);;(11, 9);False;1;2609
;(4, 5);;(11, 9);False;1;2610
;(4, 5);;(11, 9);False;1;2611
;(4, 5);;(11, 9);False;1;2612
;(4, 5);;(11, 9);False;1;2613
;(4, 5);;(11, 9);False;1;2614
;(4, 5);;(11, 9);False;1;2615
;(4, 5);;(11, 9);False;1;2616
;(4, 5);;(11, 9);False;1;2617
;(4, 5);;(11, 9);False;1;2618
;(4, 5);;(11, 9);False;1;2619
;(4, 5);;(11, 9);False;1;2620
;(4, 5);;(11, 9);False;1;2621
;(4, 5);;(11, 9);False;1;2622
;(4, 5);;(11, 9);False;1;2623
;(4, 5);;(11, 9);False;1;2624
;(4, 5);;(11, 9);False;1;2625
;(4, 5);;(11, 9);False;1;2626
;(4, 5);;(11, 9);False;1;2627
;(4, 5);;(11, 9);False;1;2628
;(4, 5);;(11, 9);False;1;2629
;(4, 5);;(11, 9);False;1;2630
;(4, 5);;(11, 9);False;1;2631
;(4, 5);;(11, 9);False;1;2632
;(4, 5);;(11, 9);False;1;2633
;(4, 5);;(11, 9);False;1;2634
;(4, 5);;(11, 9);False;1;2635
;(4, 5);;(11, 9);False;1;2636
;(4, 5);;(11, 9);False;1;2637
;(4, 5);;(11, 9);False;1;2638
;(4, 5);;(11, 9);False;1;2639
;(4, 5);;(11, 9);False;1;2640
;(4, 5);;(11, 9);False;1;2641
;(4, 5);;(11, 9);False;1;2642
;(4, 5);;(11, 9);False;1;2643
;(4, 5);;(11, 9);False;1;2644
;(4, 5);;(11, 9);False;1;2645
;(4, 5);;(11, 9);False;1;2646
;(4, 5);;(11, 9);False;1;2647
;(4, 5);;(11, 9);False;1;2648
;(4, 5);;(11, 9);False;1;2649
;(4, 5);;(11, 9);False;1;2650
;(4, 5);;(11, 9);False;1;2651
;(4, 5);;(11, 9);False;1;2652
;(4, 5);;(11, 9);False;1;2653
;(4, 5);;(11, 9);False;1;2654
;(4, 5);;(11, 9);False;1;2655
;(4, 5);;(11, 9);False;1;2656
;(4, 5);;(11, 9);False;1;2657
;(4, 5);;(11, 9);False;1;2658
;(4, 5);;(11, 9);False;1;2659
;(4, 5);;(11, 9);False;1;2660
;(4, 5);;(11, 9);False;1;2661
;(4, 5);;(11, 9);False;1;2662
;(4, 5);;(11, 9);False;1;2663
;(4, 5);;(11, 9);False;1;2664
;(4, 5);;(11, 9);False;1;2665
;(4, 5);;(11, 9);False;1;2666
;(4, 5);;(11, 9);False;1;2667
;(4, 5);;(11, 9);False;1;2668
;(4, 5);;(11, 9);False;1;2669
;(4, 5);;(11, 9);False;1;2670
;(4, 5);;(11, 9);False;1;2671
;(4, 5);;(11, 9);False;1;2672
;(4, 5);;(11, 9);False;1;2673
;(4, 5);;(11, 9);False;1;2674
;(4, 5);;(11, 9);False;1;2675
;(4, 5);;(11, 9);False;1;2676
;(4, 5);;(11, 9);False;1;2677
;(4, 5);;(11, 9);False;1;2678
;(4, 5);;(11, 9);False;1;2679
;(4, 5);;(11, 9);False;1;2680
;(4, 5);;(11, 9);False;1;2681
;(4, 5);;(11, 9);False;1;2682
;(4, 5);;(11, 9);False;1;2683
;(4, 5);;(11, 9);False;1;2684
;(4, 5);;(11, 9);False;1;2685
;(4, 5);;(11, 9);False;1;2686
;(4, 5);;(11, 9);False;1;2687
;(4, 5);;(11, 9);False;1;2688
;(4, 5);;(11, 9);False;1;2689
;(4, 5);;(11, 9);False;1;2690
;(4, 5);;(11, 9);False;1;2691
;(4, 5);;(11, 9);False;1;2692
;(4, 5);;(11, 9);False;1;2693
;(4, 5);;(11, 9);False;1;2694
;(4, 5);;(11, 9);False;1;2695
;(4, 5);;(11, 9);False;1;2696
;(4, 5);;(11, 9);False;1;2697
;(4, 5);;(11, 9);False;1;2698
;(4, 5);;(11, 9);False;1;2699
;(4, 5);;(11, 9);False;1;2700
;(4, 5);;(11, 9);False;1;2701
;(4, 5);;(11, 9);False;1;2702
;(4, 5);;(11, 9);False;1;2703
;(4, 5);;(11, 9);False;1;2704
;(4, 5);;(11, 9);False;1;2705
;(4, 5);;(11, 9);False;1;2706
;(4, 5);;(11, 9);False;1;2707
;(4, 5);;(11, 9);False;1;2708
;(4, 5);;(11, 9);False;1;2709
;(4, 5);;(11, 9);False;1;2710
;(4, 5);;(11, 9);False;1;2711
;(4, 5);;(11, 9);False;1;2712
;(4, 5);;(11, 9);False;1;2713
;(4, 5);;(11, 9);False;1;2714
;(4, 5);;(11, 9);False;1;2715
;(4, 5);;(11, 9);False;1;2716
;(4, 5);;(11, 9);False;1;2717
;(4, 5);;(11, 9);False;1;2718
;(4, 5);;(11, 9);False;1;2719
;(4, 5);;(11, 9);False;1;2720
;(4, 5);;(11, 9);False;1;2721
;(4, 5);;(11, 9);False;1;2722
;(4, 5);;(11, 9);False;1;2723
;(4, 5);;(11, 9);False;1;2724
;(4, 5);;(11, 9);False;1;2725
;(4, 5);;(11, 9);False;1;2726
;(4, 5);;(11, 9);False;1;2727
;(4, 5);;(11, 9);False;1;2728
;(4, 5);;(11, 9);False;1;2729
;(4, 5);;(11, 9);False;1;2730
;(4, 5);;(11, 9);False;1;2731
;(4, 5);;(11, 9);False;1;2732
;(4, 5);;(11, 9);False;1;2733
;(4, 5);;(11, 9);False;1;2734
;(4, 5);;(11, 9);False;1;2735
;(4, 5);;(11, 9);False;1;2736
;(4, 5);;(11, 9);False;1;2737
;(4, 5);;(11, 9);False;1;2738
;(4, 5);;(11, 9);False;1;2739
;(4, 5);;(11, 9);False;1;2740
;(4, 5);;(11, 9);False;1;2741
;(4, 5);;(11, 9);False;1;2742
;(4, 5);;(11, 9);False;1;2743
;(4, 5);;(11, 9);False;1;2744
;(4, 5);;(11, 9);False;1;2745
;(4, 5);;(11, 9);False;1;2746
;(4, 5);;(11, 9);False;1;2747
;(4, 5);;(11, 9);False;1;2748
;(4, 5);;(11, 9);False;1;2749
;(4, 5);;(11, 9);False;1;2750
;(4, 5);;(11, 9);False;1;2751
;(4, 5);;(11, 9);False;1;2752
;(4, 5);;(11, 9);False;1;2753
;(4, 5);;(11, 9);False;1;2754
;(4, 5);;(11, 9);False;1;2755
;(4, 5);;(11, 9);False;1;2756
;(4, 5);;(11, 9);False;1;2757
;(4, 5);;(11, 9);False;1;2758
;(4, 5);;(11, 9);False;1;2759
;(4, 5);;(11, 9);False;1;2760
;(4, 5);;(11, 9);False;1;2761
;(4, 5);;(11, 9);False;1;2762
;(4, 5);;(11, 9);False;1;2763
;(4, 5);;(11, 9);False;1;2764
;(4, 5);;(11, 9);False;1;2765
;(4, 5);;(11, 9);False;1;2766
;(4, 5);;(11, 9);False;1;2767
;(4, 5);;(11, 9);False;1;2768
;(4, 5);;(11, 9);False;1;2769
;(4, 5);;(11, 9);False;1;2770
;(4, 5);;(11, 9);False;1;2771
;(4, 5);;(11, 9);False;1;2772
;(4, 5);;(11, 9);False;1;2773
;(4, 5);;(11, 9);False;1;2774
;(4, 5);;(11, 9);False;1;2775
;(4, 5);;(11, 9);False;1;2776
;(4, 5);;(11, 9);False;1;2777
;(4, 5);;(11, 9);False;1;2778
;(4, 5);;(11, 9);False;1;2779
;(4, 5);;(11, 9);False;1;2780
;(4, 5);;(11, 9);False;1;2781
;(4, 5);;(11, 9);False;1;2782
;(4, 5);;(11, 9);False;1;2783
;(4, 5);;(11, 9);False;1;2784
;(4, 5);;(11, 9);False;1;2785
;(4, 5);;(11, 9);False;1;2786
;(4, 5);;(11, 9);False;1;2787
;(4, 5);;(11, 9);False;1;2788
;(4, 5);;(11, 9);False;1;2789
;(4, 5);;(11, 9);False;1;2790
;(4, 5);;(11, 9);False;1;2791
;(4, 5);;(11, 9);False;1;2792
;(4, 5);;(11, 9);False;1;2793
;(4, 5);;(11, 9);False;1;2794
;(4, 5);;(11, 9);False;1;2795
;(4, 5);;(11, 9);False;1;2796
;(4, 5);;(11, 9);False;1;2797
;(4, 5);;(11, 9);False;1;2798
;(4, 5);;(11, 9);False;1;2799
;(4, 5);;(11, 9);False;1;2800
;(4, 5);;(11, 9);False;1;2801
;(4, 5);;(11, 9);False;1;2802
;(4, 5);;(11, 9);False;1;2803
;(4, 5);;(11, 9);False;1;2804
;(4, 5);;(11, 9);False;1;2805
;(4, 5);;(11, 9);False;1;2806
;(4, 5);;(11, 9);False;1;2807
;(4, 5);;(11, 9);False;1;2808
;(4, 5);;(11, 9);False;1;2809
;(4, 5);;(11, 9);False;1;2810
;(4, 5);;(11, 9);False;1;2811
;(4, 5);;(11, 9);False;1;2812
;(4, 5);;(11, 9);False;1;2813
;(4, 5);;(11, 9);False;1;2814
;(4, 5);;(11, 9);False;1;2815
;(4, 5);;(11, 9);False;1;2816
;(4, 5);;(11, 9);False;1;2817
;(4, 5);;(11, 9);False;1;2818
;(4, 5);;(11, 9);False;1;2819
;(4, 5);;(11, 9);False;1;2820
;(4, 5);;(11, 9);False;1;2821
;(4, 5);;(11, 9);False;1;2822
;(4, 5);;(11, 9);False;1;2823
;(4, 5);;(11, 9);False;1;2824
;(4, 5);;(11, 9);False;1;2825
;(4, 5);;(11, 9);False;1;2826
;(4, 5);;(11, 9);False;1;2827
;(4, 5);;(11, 9);False;1;2828
;(4, 5);;(11, 9);False;1;2829
;(4, 5);;(11, 9);False;1;2830
;(4, 5);;(11, 9);False;1;2831
;(4, 5);;(11, 9);False;1;2832
;(4, 5);;(11, 9);False;1;2833
;(4, 5);;(11, 9);False;1;2834
;(4, 5);;(11, 9);False;1;2835
;(4, 5);;(11, 9);False;1;2836
;(4, 5);;(11, 9);False;1;2837
;(4, 5);;(11, 9);False;1;2838
;(4, 5);;(11, 9);False;1;2839
;(4, 5);;(11, 9);False;1;2840
;(4, 5);;(11, 9);False;1;2841
;(4, 5);;(11, 9);False;1;2842
;(4, 5);;(11, 9);False;1;2843
;(4, 5);;(11, 9);False;1;2844
;(4, 5);;(11, 9);False;1;2845
;(4, 5);;(11, 9);False;1;2846
;(4, 5);;(11, 9);False;1;2847
;(4, 5);;(11, 9);False;1;2848
;(4, 5);;(11, 9);False;1;2849
;(4, 5);;(11, 9);False;1;2850
;(4, 5);;(11, 9);False;1;2851
;(4, 5);;(11, 9);False;1;2852
;(4, 5);;(11, 9);False;1;2853
;(4, 5);;(11, 9);False;1;2854
;(4, 5);;(11, 9);False;1;2855
;(4, 5);;(11, 9);False;1;2856
;(4, 5);;(11, 9);False;1;2857
;(4, 5);;(11, 9);False;1;2858
;(4, 5);;(11, 9);False;1;2859
;(4, 5);;(11, 9);False;1;2860
;(4, 5);;(11, 9);False;1;2861
;(4, 5);;(11, 9);False;1;2862
;(4, 5);;(11, 9);False;1;2863
;(4, 5);;(11, 9);False;1;2864
;(4, 5);;(11, 9);False;1;2865
;(4, 5);;(11, 9);False;1;2866
;(4, 5);;(11, 9);False;1;2867
;(4, 5);;(11, 9);False;1;2868
;(4, 5);;(11, 9);False;1;2869
;(4, 5);;(11, 9);False;1;2870
;(4, 5);;(11, 9);False;1;2871
;(4, 5);;(11, 9);False;1;2872
;(4, 5);;(11, 9);False;1;2873
;(4, 5);;(11, 9);False;1;2874
;(4, 5);;(11, 9);False;1;2875
;(4, 5);;(11, 9);False;1;2876
;(4, 5);;(11, 9);False;1;2877
;(4, 5);;(11, 9);False;1;2878
;(4, 5);;(11, 9);False;1;2879
;(4, 5);;(11, 9);False;1;2880
;(4, 5);;(11, 9);False;1;2881
;(4, 5);;(11, 9);False;1;2882
;(4, 5);;(11, 9);False;1;2883
;(4, 5);;(11, 9);False;1;2884
;(4, 5);;(11, 9);False;1;2885
;(4, 5);;(11, 9);False;1;2886
;(4, 5);;(11, 9);False;1;2887
;(4, 5);;(11, 9);False;1;2888
;(4, 5);;(11, 9);False;1;2889
;(4, 5);;(11, 9);False;1;2890
;(4, 5);;(11, 9);False;1;2891
;(4, 5);;(11, 9);False;1;2892
;(4, 5);;(11, 9);False;1;2893
;(4, 5);;(11, 9);False;1;2894
;(4, 5);;(11, 9);False;1;2895
;(4, 5);;(11, 9);False;1;2896
;(4, 5);;(11, 9);False;1;2897
;(4, 5);;(11, 9);False;1;2898
;(4, 5);;(11, 9);False;1;2899
;(4, 5);;(11, 9);False;1;2900
;(4, 5);;(11, 9);False;1;2901
;(4, 5);;(11, 9);False;1;2902
;(4, 5);;(11, 9);False;1;2903
;(4, 5);;(11, 9);False;1;2904
;(4, 5);;(11, 9);False;1;2905
;(4, 5);;(11, 9);False;1;2906
;(4, 5);;(11, 9);False;1;2907
;(4, 5);;(11, 9);False;1;2908
;(4, 5);;(11, 9);False;1;2909
;(4, 5);;(11, 9);False;1;2910
;(4, 5);;(11, 9);False;1;2911
;(4, 5);;(11, 9);False;1;2912
;(4, 5);;(11, 9);False;1;2913
;(4, 5);;(11, 9);False;1;2914
;(4, 5);;(11, 9);False;1;2915
;(4, 5);;(11, 9);False;1;2916
;(4, 5);;(11, 9);False;1;2917
;(4, 5);;(11, 9);False;1;2918
;(4, 5);;(11, 9);False;1;2919
;(4, 5);;(11, 9);False;1;2920
;(4, 5);;(11, 9);False;1;2921
;(4, 5);;(11, 9);False;1;2922
;(4, 5);;(11, 9);False;1;2923
;(4, 5);;(11, 9);False;1;2924
;(4, 5);;(11, 9);False;1;2925
;(4, 5);;(11, 9);False;1;2926
;(4, 5);;(11, 9);False;1;2927
;(4, 5);;(11, 9);False;1;2928
;(4, 5);;(11, 9);False;1;2929
;(4, 5);;(11, 9);False;1;2930
;(4, 5);;(11, 9);False;1;2931
;(4, 5);;(11, 9);False;1;2932
;(4, 5);;(11, 9);False;1;2933
;(4, 5);;(11, 9);False;1;2934
;(4, 5);;(11, 9);False;1;2935
;(4, 5);;(11, 9);False;1;2936
;(4, 5);;(11, 9);False;1;2937
;(4, 5);;(11, 9);False;1;2938
;(4, 5);;(11, 9);False;1;2939
;(4, 5);;(11, 9);False;1;2940
;(4, 5);;(11, 9);False;1;2941
;(4, 5);;(11, 9);False;1;2942
;(4, 5);;(11, 9);False;1;2943
;(4, 5);;(11, 9);False;1;2944
;(4, 5);;(11, 9);False;1;2945
;(4, 5);;(11, 9);False;1;2946
;(4, 5);;(11, 9);False;1;2947
;(4, 5);;(11, 9);False;1;2948
;(4, 5);;(11, 9);False;1;2949
;(4, 5);;(11, 9);False;1;2950
;(4, 5);;(11, 9);False;1;2951
;(4, 5);;(11, 9);False;1;2952
;(4, 5);;(11, 9);False;1;2953
;(4, 5);;(11, 9);False;1;2954
;(4, 5);;(11, 9);False;1;2955
;(4, 5);;(11, 9);False;1;2956
;(4, 5);;(11, 9);False;1;2957
;(4, 5);;(11, 9);False;1;2958
;(4, 5);;(11, 9);False;1;2959
;(4, 5);;(11, 9);False;1;2960
;(4, 5);;(11, 9);False;1;2961
;(4, 5);;(11, 9);False;1;2962
;(4, 5);;(11, 9);False;1;2963
;(4, 5);;(11, 9);False;1;2964
;(4, 5);;(11, 9);False;1;2965
;(4, 5);;(11, 9);False;1;2966
;(4, 5);;(11, 9);False;1;2967
;(4, 5);;(11, 9);False;1;2968
;(4, 5);;(11, 9);False;1;2969
;(4, 5);;(11, 9);False;1;2970
;(4, 5);;(11, 9);False;1;2971
;(4, 5);;(11, 9);False;1;2972
;(4, 5);;(11, 9);False;1;2973
;(4, 5);;(11, 9);False;1;2974
;(4, 5);;(11, 9);False;1;2975
;(4, 5);;(11, 9);False;1;2976
;(4, 5);;(11, 9);False;1;2977
;(4, 5);;(11, 9);False;1;2978
;(4, 5);;(11, 9);False;1;2979
;(4, 5);;(11, 9);False;1;2980
;(4, 5);;(11, 9);False;1;2981
;(4, 5);;(11, 9);False;1;2982
;(4, 5);;(11, 9);False;1;2983
;(4, 5);;(11, 9);False;1;2984
;(4, 5);;(11, 9);False;1;2985
;(4, 5);;(11, 9);False;1;2986
;(4, 5);;(11, 9);False;1;2987
;(4, 5);;(11, 9);False;1;2988
;(4, 5);;(11, 9);False;1;2989
;(4, 5);;(11, 9);False;1;2990
;(4, 5);;(11, 9);False;1;2991
;(4, 5);;(11, 9);False;1;2992
;(4, 5);;(11, 9);False;1;2993
;(4, 5);;(11, 9);False;1;2994
;(4, 5);;(11, 9);False;1;2995
;(4, 5);;(11, 9);False;1;2996
;(4, 5);;(11, 9);False;1;2997
;(4, 5);;(11, 9);False;1;2998
;(4, 5);;(11, 9);False;1;2999
;(4, 5);;(11, 9);False;1;3000
;(4, 5);;(11, 9);False;1;3001
;(4, 5);;(11, 9);False;1;3002
;(4, 5);;(11, 9);False;1;3003
;(4, 5);;(11, 9);False;1;3004
;(4, 5);;(11, 9);False;1;3005
;(4, 5);;(11, 9);False;1;3006
;(4, 5);;(11, 9);False;1;3007
;(4, 5);;(11, 9);False;1;3008
;(4, 5);;(11, 9);False;1;3009
;(4, 5);;(11, 9);False;1;3010
;(4, 5);;(11, 9);False;1;3011
;(4, 5);;(11, 9);False;1;3012
;(4, 5);;(11, 9);False;1;3013
;(4, 5);;(11, 9);False;1;3014
;(4, 5);;(11, 9);False;1;3015
;(4, 5);;(11, 9);False;1;3016
;(4, 5);;(11, 9);False;1;3017
;(4, 5);;(11, 9);False;1;3018
;(4, 5);;(11, 9);False;1;3019
