tick;corrected_tick;remaining_distance;victim_harm;idle_time_robot;q_table_cps;q_table_cps_runs;q_table_basic;world_nr;tick_nr
1653;1254;;500;1;;;"                     Move back and forth  Stand Still    Pick up      Drop     Break
[4, 'equal', False]           -10.831095   -16.562500 -24.094531 -6.750000 -9.482910
[4, 'human', False]            -6.000000    -6.343750  -5.500000 -3.000000 -2.000000
[4, 'human', True]            -12.000000    -3.500000   1.005859  0.000000 -2.000000
[3, 'human', False]           -16.500000    -6.697837  -7.186529 -3.125000 -9.437500
[3, 'human', True]             -9.000000    -3.500000  -0.500000 -3.000000  0.000000
[2, 'human', False]            -9.000000    -4.609375  -4.415838 -4.875000 -4.375000
[2, 'human', True]              0.000000     0.000000   0.000000  0.000000 -3.500000
[4, 'equal', True]             -4.000000    -3.500000  -2.125000  0.000000 -2.000000
[3, 'equal', False]            -4.000000    -7.275000  -3.625000  0.000000  0.000000
[2, 'equal', False]           -14.000000    -1.135156   0.000000  0.000000  0.500000
[1, 'human', False]            -4.000000    -4.625000  -4.375000 -5.000000 -2.117188
[1, 'human', True]             -7.000000    -3.750000  -2.000000 -6.000000 -2.000000
[4, 'robot', False]            -4.000000    -3.500000  -5.500000 -3.312500  0.000000
[4, 'robot', True]             -7.000000     0.000000   0.000000  0.000000  0.000000
[3, 'robot', True]             -7.000000    -0.500000   0.000000  0.000000  0.000000
[3, 'robot', False]           -10.000000    -6.775391   0.445312 -5.746875  0.000000
[2, 'robot', False]             0.000000     0.000000   0.000000 -5.500000  0.000000";1;1653
