human_selector_action;human_selector_location;robot_action;robot_location;robot_executing_cp;world_nr;tick_nr
;(3, 4);;(4, 4);False;1;0
MoveEast;(4, 4);;(4, 4);False;1;1
;(4, 4);Idle;(4, 4);False;1;2
;(4, 4);Idle;(4, 4);False;1;3
;(4, 4);Idle;(4, 4);False;1;4
;(4, 4);Idle;(4, 4);False;1;5
;(4, 4);Idle;(4, 4);False;1;6
;(4, 4);Idle;(4, 4);False;1;7
;(4, 4);Idle;(4, 4);False;1;8
;(4, 4);Idle;(4, 4);False;1;9
;(4, 4);Idle;(4, 4);False;1;10
;(4, 4);Idle;(4, 4);False;1;11
;(4, 4);Idle;(4, 4);False;1;12
;(4, 4);Idle;(4, 4);False;1;13
;(4, 4);Idle;(4, 4);False;1;14
;(4, 4);Idle;(4, 4);False;1;15
;(4, 4);Idle;(4, 4);False;1;16
;(4, 4);Idle;(4, 4);False;1;17
;(4, 4);Idle;(4, 4);False;1;18
;(4, 4);Idle;(4, 4);False;1;19
;(4, 4);Idle;(4, 4);False;1;20
;(4, 4);Idle;(4, 4);False;1;21
;(4, 4);Idle;(4, 4);False;1;22
;(4, 4);Idle;(4, 4);False;1;23
;(4, 4);Idle;(4, 4);False;1;24
;(4, 4);Idle;(4, 4);False;1;25
;(4, 4);Idle;(4, 4);False;1;26
;(4, 4);Idle;(4, 4);False;1;27
;(4, 4);Idle;(4, 4);False;1;28
;(4, 4);Idle;(4, 4);False;1;29
;(4, 4);Idle;(4, 4);False;1;30
;(4, 4);Idle;(4, 4);False;1;31
;(4, 4);Idle;(4, 4);False;1;32
;(4, 4);Idle;(4, 4);False;1;33
;(4, 4);Idle;(4, 4);False;1;34
;(4, 4);Idle;(4, 4);False;1;35
MoveEast;(5, 4);Idle;(4, 4);False;1;36
;(5, 4);Idle;(4, 4);False;1;37
;(5, 4);Idle;(4, 4);False;1;38
;(5, 4);Idle;(4, 4);False;1;39
;(5, 4);Idle;(4, 4);False;1;40
;(5, 4);Idle;(4, 4);False;1;41
;(5, 4);Idle;(4, 4);False;1;42
;(5, 4);Idle;(4, 4);False;1;43
;(5, 4);Idle;(4, 4);False;1;44
MoveEast;(6, 4);Idle;(4, 4);False;1;45
MoveEast;(7, 4);Idle;(4, 4);False;1;46
;(7, 4);Idle;(4, 4);False;1;47
;(7, 4);Idle;(4, 4);False;1;48
;(7, 4);Idle;(4, 4);False;1;49
;(7, 4);Idle;(4, 4);False;1;50
;(7, 4);Idle;(4, 4);False;1;51
;(7, 4);Idle;(4, 4);False;1;52
;(7, 4);Idle;(4, 4);False;1;53
;(7, 4);Idle;(4, 4);False;1;54
;(7, 4);Idle;(4, 4);False;1;55
;(7, 4);Idle;(4, 4);False;1;56
;(7, 4);;(4, 4);False;1;57
;(7, 4);MoveEast;(4, 4);False;1;58
;(7, 4);MoveEast;(4, 4);False;1;59
MoveEast;(8, 4);MoveEast;(4, 4);False;1;60
;(8, 4);MoveEast;(4, 4);False;1;61
;(8, 4);MoveEast;(4, 4);False;1;62
;(8, 4);MoveEast;(4, 4);False;1;63
;(8, 4);MoveEast;(4, 4);False;1;64
;(8, 4);MoveEast;(4, 4);False;1;65
MoveEast;(9, 4);MoveEast;(4, 4);False;1;66
;(9, 4);MoveEast;(4, 4);False;1;67
;(9, 4);MoveEast;(5, 4);False;1;68
;(9, 4);MoveEast;(5, 4);False;1;69
;(9, 4);MoveEast;(5, 4);False;1;70
;(9, 4);MoveEast;(5, 4);False;1;71
MoveEast;(10, 4);MoveEast;(5, 4);False;1;72
;(10, 4);MoveEast;(5, 4);False;1;73
;(10, 4);MoveEast;(5, 4);False;1;74
;(10, 4);MoveEast;(5, 4);False;1;75
;(10, 4);MoveEast;(5, 4);False;1;76
;(10, 4);MoveEast;(5, 4);False;1;77
;(10, 4);MoveEast;(5, 4);False;1;78
;(10, 4);MoveEast;(6, 4);False;1;79
;(10, 4);MoveWest;(6, 4);False;1;80
;(10, 4);MoveWest;(6, 4);False;1;81
MoveWest;(9, 4);MoveWest;(6, 4);False;1;82
;(9, 4);MoveWest;(6, 4);False;1;83
;(9, 4);MoveWest;(6, 4);False;1;84
;(9, 4);MoveWest;(6, 4);False;1;85
;(9, 4);MoveWest;(6, 4);False;1;86
;(9, 4);MoveWest;(6, 4);False;1;87
;(9, 4);MoveWest;(6, 4);False;1;88
;(9, 4);MoveWest;(6, 4);False;1;89
;(9, 4);MoveWest;(5, 4);False;1;90
;(9, 4);MoveWest;(5, 4);False;1;91
;(9, 4);MoveWest;(5, 4);False;1;92
;(9, 4);MoveWest;(5, 4);False;1;93
;(9, 4);MoveWest;(5, 4);False;1;94
;(9, 4);MoveWest;(5, 4);False;1;95
;(9, 4);MoveWest;(5, 4);False;1;96
;(9, 4);MoveWest;(5, 4);False;1;97
;(9, 4);MoveWest;(5, 4);False;1;98
;(9, 4);MoveWest;(5, 4);False;1;99
;(9, 4);MoveWest;(5, 4);False;1;100
;(9, 4);MoveWest;(4, 4);False;1;101
;(9, 4);MoveEast;(4, 4);False;1;102
;(9, 4);MoveEast;(4, 4);False;1;103
;(9, 4);MoveEast;(4, 4);False;1;104
;(9, 4);MoveEast;(4, 4);False;1;105
;(9, 4);MoveEast;(4, 4);False;1;106
;(9, 4);MoveEast;(4, 4);False;1;107
;(9, 4);MoveEast;(4, 4);False;1;108
;(9, 4);MoveEast;(4, 4);False;1;109
;(9, 4);MoveEast;(4, 4);False;1;110
;(9, 4);MoveEast;(4, 4);False;1;111
;(9, 4);MoveEast;(5, 4);False;1;112
;(9, 4);MoveEast;(5, 4);False;1;113
;(9, 4);MoveEast;(5, 4);False;1;114
;(9, 4);MoveEast;(5, 4);False;1;115
;(9, 4);MoveEast;(5, 4);False;1;116
GrabObject;(9, 4);MoveEast;(5, 4);False;1;117
;(9, 4);MoveEast;(5, 4);False;1;118
;(9, 4);MoveEast;(5, 4);False;1;119
;(9, 4);MoveEast;(5, 4);False;1;120
;(9, 4);MoveEast;(5, 4);False;1;121
;(9, 4);MoveEast;(5, 4);False;1;122
;(9, 4);MoveEast;(6, 4);False;1;123
;(9, 4);MoveWest;(6, 4);False;1;124
;(9, 4);MoveWest;(6, 4);False;1;125
;(9, 4);MoveWest;(6, 4);False;1;126
;(9, 4);MoveWest;(6, 4);False;1;127
;(9, 4);MoveWest;(6, 4);False;1;128
MoveWest;(8, 4);MoveWest;(6, 4);False;1;129
;(8, 4);MoveWest;(6, 4);False;1;130
;(8, 4);MoveWest;(6, 4);False;1;131
;(8, 4);MoveWest;(6, 4);False;1;132
;(8, 4);MoveWest;(6, 4);False;1;133
;(8, 4);MoveWest;(5, 4);False;1;134
;(8, 4);MoveWest;(5, 4);False;1;135
MoveWest;(7, 4);MoveWest;(5, 4);False;1;136
;(7, 4);MoveWest;(5, 4);False;1;137
;(7, 4);MoveWest;(5, 4);False;1;138
;(7, 4);MoveWest;(5, 4);False;1;139
;(7, 4);MoveWest;(5, 4);False;1;140
;(7, 4);MoveWest;(5, 4);False;1;141
;(7, 4);MoveWest;(5, 4);False;1;142
;(7, 4);MoveWest;(5, 4);False;1;143
;(7, 4);MoveWest;(5, 4);False;1;144
MoveWest;(6, 4);MoveWest;(4, 4);False;1;145
MoveWest;(5, 4);MoveEast;(4, 4);False;1;146
MoveWest;(4, 4);MoveEast;(4, 4);False;1;147
MoveWest;(3, 4);MoveEast;(4, 4);False;1;148
MoveWest;(2, 4);MoveEast;(4, 4);False;1;149
MoveWest;(1, 4);MoveEast;(4, 4);False;1;150
MoveWest;(0, 4);MoveEast;(4, 4);False;1;151
MoveWest;(0, 4);MoveEast;(4, 4);False;1;152
;(0, 4);MoveEast;(4, 4);False;1;153
MoveWest;(0, 4);MoveEast;(4, 4);False;1;154
MoveWest;(0, 4);MoveEast;(4, 4);False;1;155
;(0, 4);MoveEast;(5, 4);False;1;156
;(0, 4);MoveEast;(5, 4);False;1;157
;(0, 4);MoveEast;(5, 4);False;1;158
;(0, 4);MoveEast;(5, 4);False;1;159
;(0, 4);MoveEast;(5, 4);False;1;160
;(0, 4);MoveEast;(5, 4);False;1;161
;(0, 4);MoveEast;(5, 4);False;1;162
;(0, 4);MoveEast;(5, 4);False;1;163
;(0, 4);MoveEast;(5, 4);False;1;164
;(0, 4);MoveEast;(5, 4);False;1;165
;(0, 4);MoveEast;(5, 4);False;1;166
;(0, 4);MoveEast;(6, 4);False;1;167
;(0, 4);MoveWest;(6, 4);False;1;168
;(0, 4);MoveWest;(6, 4);False;1;169
;(0, 4);MoveWest;(6, 4);False;1;170
DropObject;(0, 4);MoveWest;(6, 4);False;1;171
;(0, 4);MoveWest;(6, 4);False;1;172
;(0, 4);MoveWest;(6, 4);False;1;173
;(0, 4);MoveWest;(6, 4);False;1;174
;(0, 4);MoveWest;(6, 4);False;1;175
;(0, 4);MoveWest;(6, 4);False;1;176
;(0, 4);MoveWest;(6, 4);False;1;177
;(0, 4);MoveWest;(5, 4);False;1;178
;(0, 4);MoveWest;(5, 4);False;1;179
;(0, 4);MoveWest;(5, 4);False;1;180
;(0, 4);MoveWest;(5, 4);False;1;181
;(0, 4);MoveWest;(5, 4);False;1;182
;(0, 4);MoveWest;(5, 4);False;1;183
;(0, 4);MoveWest;(5, 4);False;1;184
;(0, 4);MoveWest;(5, 4);False;1;185
;(0, 4);MoveWest;(5, 4);False;1;186
;(0, 4);MoveWest;(5, 4);False;1;187
;(0, 4);MoveWest;(5, 4);False;1;188
MoveEast;(1, 4);MoveWest;(4, 4);False;1;189
;(1, 4);;(4, 4);False;1;190
;(1, 4);MoveEast;(4, 4);False;1;191
;(1, 4);MoveEast;(4, 4);False;1;192
;(1, 4);MoveEast;(4, 4);False;1;193
;(1, 4);MoveEast;(4, 4);False;1;194
;(1, 4);MoveEast;(4, 4);False;1;195
;(1, 4);MoveEast;(4, 4);False;1;196
;(1, 4);MoveEast;(4, 4);False;1;197
;(1, 4);MoveEast;(4, 4);False;1;198
MoveEast;(2, 4);MoveEast;(4, 4);False;1;199
MoveEast;(3, 4);MoveEast;(4, 4);False;1;200
MoveEast;(4, 4);MoveEast;(5, 4);False;1;201
MoveEast;(5, 4);MoveEast;(5, 4);False;1;202
MoveEast;(6, 4);MoveEast;(5, 4);False;1;203
;(6, 4);MoveEast;(5, 4);False;1;204
;(6, 4);MoveEast;(5, 4);False;1;205
;(6, 4);MoveEast;(5, 4);False;1;206
;(6, 4);MoveEast;(5, 4);False;1;207
;(6, 4);MoveEast;(5, 4);False;1;208
;(6, 4);MoveEast;(5, 4);False;1;209
;(6, 4);MoveEast;(5, 4);False;1;210
;(6, 4);MoveEast;(5, 4);False;1;211
;(6, 4);MoveEast;(6, 4);False;1;212
;(6, 4);MoveEast;(6, 4);False;1;213
;(6, 4);MoveEast;(6, 4);False;1;214
;(6, 4);MoveEast;(6, 4);False;1;215
;(6, 4);MoveEast;(6, 4);False;1;216
;(6, 4);MoveEast;(6, 4);False;1;217
;(6, 4);MoveEast;(6, 4);False;1;218
;(6, 4);MoveEast;(6, 4);False;1;219
;(6, 4);MoveEast;(6, 4);False;1;220
;(6, 4);MoveEast;(6, 4);False;1;221
;(6, 4);MoveEast;(6, 4);False;1;222
;(6, 4);MoveEast;(7, 4);False;1;223
;(6, 4);MoveEast;(7, 4);False;1;224
;(6, 4);MoveEast;(7, 4);False;1;225
MoveEast;(7, 4);MoveEast;(7, 4);False;1;226
;(7, 4);MoveEast;(7, 4);False;1;227
;(7, 4);MoveEast;(7, 4);False;1;228
;(7, 4);MoveEast;(7, 4);False;1;229
;(7, 4);MoveEast;(7, 4);False;1;230
;(7, 4);MoveEast;(7, 4);False;1;231
;(7, 4);MoveEast;(7, 4);False;1;232
;(7, 4);MoveEast;(7, 4);False;1;233
MoveEast;(8, 4);MoveEast;(8, 4);False;1;234
;(8, 4);MoveSouthEast;(8, 4);False;1;235
;(8, 4);MoveSouthEast;(8, 4);False;1;236
;(8, 4);MoveSouthEast;(8, 4);False;1;237
;(8, 4);MoveSouthEast;(8, 4);False;1;238
;(8, 4);MoveSouthEast;(8, 4);False;1;239
;(8, 4);MoveSouthEast;(8, 4);False;1;240
;(8, 4);MoveSouthEast;(8, 4);False;1;241
;(8, 4);MoveSouthEast;(8, 4);False;1;242
;(8, 4);MoveSouthEast;(8, 4);False;1;243
;(8, 4);MoveSouthEast;(8, 4);False;1;244
;(8, 4);MoveSouthEast;(9, 5);False;1;245
;(8, 4);GrabObject;(9, 5);False;1;246
;(8, 4);GrabObject;(9, 5);False;1;247
;(8, 4);GrabObject;(9, 5);False;1;248
;(8, 4);GrabObject;(9, 5);False;1;249
;(8, 4);GrabObject;(9, 5);False;1;250
;(8, 4);GrabObject;(9, 5);False;1;251
;(8, 4);GrabObject;(9, 5);False;1;252
;(8, 4);GrabObject;(9, 5);False;1;253
;(8, 4);GrabObject;(9, 5);False;1;254
;(8, 4);GrabObject;(9, 5);False;1;255
;(8, 4);GrabObject;(9, 5);False;1;256
;(8, 4);;(9, 5);False;1;257
;(8, 4);MoveWest;(9, 5);False;1;258
;(8, 4);MoveWest;(9, 5);False;1;259
;(8, 4);MoveWest;(9, 5);False;1;260
;(8, 4);MoveWest;(9, 5);False;1;261
;(8, 4);MoveWest;(9, 5);False;1;262
;(8, 4);MoveWest;(9, 5);False;1;263
;(8, 4);MoveWest;(9, 5);False;1;264
;(8, 4);MoveWest;(9, 5);False;1;265
;(8, 4);MoveWest;(9, 5);False;1;266
;(8, 4);MoveWest;(9, 5);False;1;267
;(8, 4);MoveWest;(8, 5);False;1;268
;(8, 4);MoveWest;(8, 5);False;1;269
;(8, 4);MoveWest;(8, 5);False;1;270
;(8, 4);MoveWest;(8, 5);False;1;271
;(8, 4);MoveWest;(8, 5);False;1;272
;(8, 4);MoveWest;(8, 5);False;1;273
;(8, 4);MoveWest;(8, 5);False;1;274
;(8, 4);MoveWest;(8, 5);False;1;275
;(8, 4);MoveWest;(8, 5);False;1;276
;(8, 4);MoveWest;(8, 5);False;1;277
;(8, 4);MoveWest;(8, 5);False;1;278
;(8, 4);MoveWest;(7, 5);False;1;279
;(8, 4);MoveWest;(7, 5);False;1;280
;(8, 4);MoveWest;(7, 5);False;1;281
;(8, 4);MoveWest;(7, 5);False;1;282
;(8, 4);MoveWest;(7, 5);False;1;283
MoveSouth;(8, 5);MoveWest;(7, 5);False;1;284
;(8, 5);MoveWest;(7, 5);False;1;285
;(8, 5);MoveWest;(7, 5);False;1;286
;(8, 5);MoveWest;(7, 5);False;1;287
;(8, 5);MoveWest;(7, 5);False;1;288
;(8, 5);MoveWest;(7, 5);False;1;289
;(8, 5);MoveWest;(6, 5);False;1;290
;(8, 5);MoveWest;(6, 5);False;1;291
;(8, 5);MoveWest;(6, 5);False;1;292
;(8, 5);MoveWest;(6, 5);False;1;293
;(8, 5);MoveWest;(6, 5);False;1;294
MoveSouth;(8, 6);MoveWest;(6, 5);False;1;295
;(8, 6);MoveWest;(6, 5);False;1;296
;(8, 6);MoveWest;(6, 5);False;1;297
;(8, 6);MoveWest;(6, 5);False;1;298
;(8, 6);MoveWest;(6, 5);False;1;299
;(8, 6);MoveWest;(6, 5);False;1;300
;(8, 6);MoveWest;(5, 5);False;1;301
;(8, 6);MoveWest;(5, 5);False;1;302
;(8, 6);MoveWest;(5, 5);False;1;303
;(8, 6);MoveWest;(5, 5);False;1;304
;(8, 6);MoveWest;(5, 5);False;1;305
;(8, 6);MoveWest;(5, 5);False;1;306
;(8, 6);MoveWest;(5, 5);False;1;307
;(8, 6);MoveWest;(5, 5);False;1;308
;(8, 6);MoveWest;(5, 5);False;1;309
MoveSouth;(8, 7);MoveWest;(5, 5);False;1;310
;(8, 7);MoveWest;(5, 5);False;1;311
;(8, 7);MoveWest;(4, 5);False;1;312
;(8, 7);MoveNorthWest;(4, 5);False;1;313
MoveSouth;(8, 8);MoveNorthWest;(4, 5);False;1;314
;(8, 8);MoveNorthWest;(4, 5);False;1;315
;(8, 8);MoveNorthWest;(4, 5);False;1;316
;(8, 8);MoveNorthWest;(4, 5);False;1;317
;(8, 8);MoveNorthWest;(4, 5);False;1;318
;(8, 8);MoveNorthWest;(4, 5);False;1;319
;(8, 8);MoveNorthWest;(4, 5);False;1;320
;(8, 8);MoveNorthWest;(4, 5);False;1;321
;(8, 8);MoveNorthWest;(4, 5);False;1;322
;(8, 8);MoveNorthWest;(3, 4);False;1;323
;(8, 8);MoveWest;(3, 4);False;1;324
;(8, 8);MoveWest;(3, 4);False;1;325
;(8, 8);MoveWest;(3, 4);False;1;326
;(8, 8);MoveWest;(3, 4);False;1;327
;(8, 8);MoveWest;(3, 4);False;1;328
;(8, 8);MoveWest;(3, 4);False;1;329
;(8, 8);MoveWest;(3, 4);False;1;330
;(8, 8);MoveWest;(3, 4);False;1;331
;(8, 8);MoveWest;(3, 4);False;1;332
;(8, 8);MoveWest;(3, 4);False;1;333
;(8, 8);MoveWest;(2, 4);False;1;334
;(8, 8);MoveNorthWest;(2, 4);False;1;335
;(8, 8);MoveNorthWest;(2, 4);False;1;336
;(8, 8);MoveNorthWest;(2, 4);False;1;337
;(8, 8);MoveNorthWest;(2, 4);False;1;338
;(8, 8);MoveNorthWest;(2, 4);False;1;339
;(8, 8);MoveNorthWest;(2, 4);False;1;340
;(8, 8);MoveNorthWest;(2, 4);False;1;341
;(8, 8);MoveNorthWest;(2, 4);False;1;342
;(8, 8);MoveNorthWest;(2, 4);False;1;343
;(8, 8);MoveNorthWest;(2, 4);False;1;344
;(8, 8);MoveNorthWest;(1, 3);False;1;345
;(8, 8);MoveWest;(1, 3);False;1;346
;(8, 8);MoveWest;(1, 3);False;1;347
;(8, 8);MoveWest;(1, 3);False;1;348
;(8, 8);MoveWest;(1, 3);False;1;349
;(8, 8);MoveWest;(1, 3);False;1;350
;(8, 8);MoveWest;(1, 3);False;1;351
;(8, 8);MoveWest;(1, 3);False;1;352
;(8, 8);MoveWest;(1, 3);False;1;353
;(8, 8);MoveWest;(1, 3);False;1;354
;(8, 8);MoveWest;(1, 3);False;1;355
;(8, 8);MoveWest;(0, 3);False;1;356
;(8, 8);DropObject;(0, 3);False;1;357
;(8, 8);DropObject;(0, 3);False;1;358
;(8, 8);DropObject;(0, 3);False;1;359
;(8, 8);DropObject;(0, 3);False;1;360
;(8, 8);DropObject;(0, 3);False;1;361
;(8, 8);DropObject;(0, 3);False;1;362
;(8, 8);DropObject;(0, 3);False;1;363
;(8, 8);DropObject;(0, 3);False;1;364
;(8, 8);DropObject;(0, 3);False;1;365
;(8, 8);DropObject;(0, 3);False;1;366
;(8, 8);DropObject;(0, 3);False;1;367
;(8, 8);;(0, 3);False;1;368
;(8, 8);MoveEast;(0, 3);False;1;369
;(8, 8);MoveEast;(0, 3);False;1;370
;(8, 8);MoveEast;(0, 3);False;1;371
;(8, 8);MoveEast;(0, 3);False;1;372
;(8, 8);MoveEast;(0, 3);False;1;373
;(8, 8);MoveEast;(0, 3);False;1;374
;(8, 8);MoveEast;(0, 3);False;1;375
;(8, 8);MoveEast;(0, 3);False;1;376
;(8, 8);MoveEast;(0, 3);False;1;377
;(8, 8);MoveEast;(0, 3);False;1;378
;(8, 8);MoveEast;(1, 3);False;1;379
;(8, 8);MoveEast;(1, 3);False;1;380
;(8, 8);MoveEast;(1, 3);False;1;381
;(8, 8);MoveEast;(1, 3);False;1;382
;(8, 8);MoveEast;(1, 3);False;1;383
;(8, 8);MoveEast;(1, 3);False;1;384
;(8, 8);MoveEast;(1, 3);False;1;385
;(8, 8);MoveEast;(1, 3);False;1;386
;(8, 8);MoveEast;(1, 3);False;1;387
;(8, 8);MoveEast;(1, 3);False;1;388
;(8, 8);MoveEast;(1, 3);False;1;389
;(8, 8);MoveEast;(2, 3);False;1;390
;(8, 8);MoveSouthEast;(2, 3);False;1;391
;(8, 8);MoveSouthEast;(2, 3);False;1;392
;(8, 8);MoveSouthEast;(2, 3);False;1;393
;(8, 8);MoveSouthEast;(2, 3);False;1;394
;(8, 8);MoveSouthEast;(2, 3);False;1;395
;(8, 8);MoveSouthEast;(2, 3);False;1;396
;(8, 8);MoveSouthEast;(2, 3);False;1;397
;(8, 8);MoveSouthEast;(2, 3);False;1;398
;(8, 8);MoveSouthEast;(2, 3);False;1;399
;(8, 8);MoveSouthEast;(2, 3);False;1;400
;(8, 8);MoveSouthEast;(3, 4);False;1;401
;(8, 8);MoveEast;(3, 4);False;1;402
;(8, 8);MoveEast;(3, 4);False;1;403
;(8, 8);MoveEast;(3, 4);False;1;404
;(8, 8);MoveEast;(3, 4);False;1;405
;(8, 8);MoveEast;(3, 4);False;1;406
;(8, 8);MoveEast;(3, 4);False;1;407
;(8, 8);MoveEast;(3, 4);False;1;408
;(8, 8);MoveEast;(3, 4);False;1;409
;(8, 8);MoveEast;(3, 4);False;1;410
;(8, 8);MoveEast;(3, 4);False;1;411
;(8, 8);MoveEast;(4, 4);False;1;412
;(8, 8);MoveSouthEast;(4, 4);False;1;413
;(8, 8);MoveSouthEast;(4, 4);False;1;414
;(8, 8);MoveSouthEast;(4, 4);False;1;415
;(8, 8);MoveSouthEast;(4, 4);False;1;416
;(8, 8);MoveSouthEast;(4, 4);False;1;417
;(8, 8);MoveSouthEast;(4, 4);False;1;418
;(8, 8);MoveSouthEast;(4, 4);False;1;419
;(8, 8);MoveSouthEast;(4, 4);False;1;420
;(8, 8);MoveSouthEast;(4, 4);False;1;421
;(8, 8);MoveSouthEast;(4, 4);False;1;422
;(8, 8);MoveSouthEast;(5, 5);False;1;423
;(8, 8);MoveSouthEast;(5, 5);False;1;424
;(8, 8);MoveSouthEast;(5, 5);False;1;425
;(8, 8);MoveSouthEast;(5, 5);False;1;426
;(8, 8);MoveSouthEast;(5, 5);False;1;427
;(8, 8);MoveSouthEast;(5, 5);False;1;428
;(8, 8);MoveSouthEast;(5, 5);False;1;429
;(8, 8);MoveSouthEast;(5, 5);False;1;430
;(8, 8);MoveSouthEast;(5, 5);False;1;431
;(8, 8);MoveSouthEast;(5, 5);False;1;432
;(8, 8);MoveSouthEast;(5, 5);False;1;433
;(8, 8);MoveSouthEast;(6, 6);False;1;434
;(8, 8);MoveEast;(6, 6);False;1;435
;(8, 8);MoveEast;(6, 6);False;1;436
;(8, 8);MoveEast;(6, 6);False;1;437
;(8, 8);MoveEast;(6, 6);False;1;438
;(8, 8);MoveEast;(6, 6);False;1;439
;(8, 8);MoveEast;(6, 6);False;1;440
;(8, 8);MoveEast;(6, 6);False;1;441
;(8, 8);MoveEast;(6, 6);False;1;442
;(8, 8);MoveEast;(6, 6);False;1;443
;(8, 8);MoveEast;(6, 6);False;1;444
;(8, 8);MoveEast;(7, 6);False;1;445
;(8, 8);MoveEast;(7, 6);False;1;446
;(8, 8);MoveEast;(7, 6);False;1;447
;(8, 8);MoveEast;(7, 6);False;1;448
;(8, 8);MoveEast;(7, 6);False;1;449
;(8, 8);MoveEast;(7, 6);False;1;450
;(8, 8);MoveEast;(7, 6);False;1;451
;(8, 8);MoveEast;(7, 6);False;1;452
;(8, 8);MoveEast;(7, 6);False;1;453
;(8, 8);MoveEast;(7, 6);False;1;454
;(8, 8);MoveEast;(7, 6);False;1;455
;(8, 8);MoveEast;(8, 6);False;1;456
;(8, 8);BreakObject;(8, 6);False;1;457
;(8, 8);BreakObject;(8, 6);False;1;458
;(8, 8);BreakObject;(8, 6);False;1;459
;(8, 8);BreakObject;(8, 6);False;1;460
;(8, 8);BreakObject;(8, 6);False;1;461
;(8, 8);BreakObject;(8, 6);False;1;462
;(8, 8);BreakObject;(8, 6);False;1;463
;(8, 8);BreakObject;(8, 6);False;1;464
;(8, 8);BreakObject;(8, 6);False;1;465
;(8, 8);BreakObject;(8, 6);False;1;466
;(8, 8);BreakObject;(8, 6);False;1;467
;(8, 8);;(8, 6);False;1;468
;(8, 8);MoveEast;(8, 6);False;1;469
;(8, 8);MoveEast;(8, 6);False;1;470
;(8, 8);MoveEast;(8, 6);False;1;471
;(8, 8);MoveEast;(8, 6);False;1;472
;(8, 8);MoveEast;(8, 6);False;1;473
;(8, 8);MoveEast;(8, 6);False;1;474
;(8, 8);MoveEast;(8, 6);False;1;475
;(8, 8);MoveEast;(8, 6);False;1;476
;(8, 8);MoveEast;(8, 6);False;1;477
;(8, 8);MoveEast;(8, 6);False;1;478
;(8, 8);MoveEast;(9, 6);False;1;479
;(8, 8);MoveEast;(9, 6);False;1;480
;(8, 8);MoveEast;(9, 6);False;1;481
;(8, 8);MoveEast;(9, 6);False;1;482
;(8, 8);MoveEast;(9, 6);False;1;483
;(8, 8);MoveEast;(9, 6);False;1;484
;(8, 8);MoveEast;(9, 6);False;1;485
;(8, 8);MoveEast;(9, 6);False;1;486
;(8, 8);MoveEast;(9, 6);False;1;487
;(8, 8);MoveEast;(9, 6);False;1;488
;(8, 8);MoveEast;(9, 6);False;1;489
;(8, 8);MoveEast;(10, 6);False;1;490
;(8, 8);MoveWest;(10, 6);False;1;491
;(8, 8);MoveWest;(10, 6);False;1;492
;(8, 8);MoveWest;(10, 6);False;1;493
;(8, 8);MoveWest;(10, 6);False;1;494
;(8, 8);MoveWest;(10, 6);False;1;495
;(8, 8);MoveWest;(10, 6);False;1;496
;(8, 8);MoveWest;(10, 6);False;1;497
;(8, 8);MoveWest;(10, 6);False;1;498
;(8, 8);MoveWest;(10, 6);False;1;499
;(8, 8);MoveWest;(10, 6);False;1;500
;(8, 8);MoveWest;(9, 6);False;1;501
;(8, 8);MoveWest;(9, 6);False;1;502
;(8, 8);MoveWest;(9, 6);False;1;503
;(8, 8);MoveWest;(9, 6);False;1;504
;(8, 8);MoveWest;(9, 6);False;1;505
;(8, 8);MoveWest;(9, 6);False;1;506
;(8, 8);MoveWest;(9, 6);False;1;507
;(8, 8);MoveWest;(9, 6);False;1;508
;(8, 8);MoveWest;(9, 6);False;1;509
;(8, 8);MoveWest;(9, 6);False;1;510
;(8, 8);MoveWest;(9, 6);False;1;511
MoveNorth;(8, 7);MoveWest;(8, 6);False;1;512
;(8, 7);MoveEast;(8, 6);False;1;513
;(8, 7);MoveEast;(8, 6);False;1;514
;(8, 7);MoveEast;(8, 6);False;1;515
;(8, 7);MoveEast;(8, 6);False;1;516
;(8, 7);MoveEast;(8, 6);False;1;517
;(8, 7);MoveEast;(8, 6);False;1;518
;(8, 7);MoveEast;(8, 6);False;1;519
;(8, 7);MoveEast;(8, 6);False;1;520
;(8, 7);MoveEast;(8, 6);False;1;521
;(8, 7);MoveEast;(8, 6);False;1;522
;(8, 7);MoveEast;(9, 6);False;1;523
;(8, 7);MoveEast;(9, 6);False;1;524
;(8, 7);MoveEast;(9, 6);False;1;525
MoveNorth;(8, 6);MoveEast;(9, 6);False;1;526
;(8, 6);MoveEast;(9, 6);False;1;527
;(8, 6);MoveEast;(9, 6);False;1;528
;(8, 6);MoveEast;(9, 6);False;1;529
;(8, 6);MoveEast;(9, 6);False;1;530
;(8, 6);MoveEast;(9, 6);False;1;531
;(8, 6);MoveEast;(9, 6);False;1;532
;(8, 6);MoveEast;(9, 6);False;1;533
;(8, 6);MoveEast;(10, 6);False;1;534
;(8, 6);MoveWest;(10, 6);False;1;535
;(8, 6);MoveWest;(10, 6);False;1;536
;(8, 6);MoveWest;(10, 6);False;1;537
;(8, 6);MoveWest;(10, 6);False;1;538
;(8, 6);MoveWest;(10, 6);False;1;539
;(8, 6);MoveWest;(10, 6);False;1;540
;(8, 6);MoveWest;(10, 6);False;1;541
;(8, 6);MoveWest;(10, 6);False;1;542
;(8, 6);MoveWest;(10, 6);False;1;543
;(8, 6);MoveWest;(10, 6);False;1;544
;(8, 6);MoveWest;(9, 6);False;1;545
;(8, 6);MoveWest;(9, 6);False;1;546
;(8, 6);MoveWest;(9, 6);False;1;547
;(8, 6);MoveWest;(9, 6);False;1;548
;(8, 6);MoveWest;(9, 6);False;1;549
;(8, 6);MoveWest;(9, 6);False;1;550
GrabObject;(8, 6);MoveWest;(9, 6);False;1;551
;(8, 6);MoveWest;(9, 6);False;1;552
;(8, 6);MoveWest;(9, 6);False;1;553
;(8, 6);MoveWest;(9, 6);False;1;554
;(8, 6);MoveWest;(9, 6);False;1;555
;(8, 6);MoveWest;(8, 6);False;1;556
;(8, 6);MoveEast;(8, 6);False;1;557
MoveWest;(7, 6);MoveEast;(8, 6);False;1;558
;(7, 6);MoveEast;(8, 6);False;1;559
;(7, 6);MoveEast;(8, 6);False;1;560
;(7, 6);MoveEast;(8, 6);False;1;561
MoveWest;(6, 6);MoveEast;(8, 6);False;1;562
;(6, 6);MoveEast;(8, 6);False;1;563
;(6, 6);MoveEast;(8, 6);False;1;564
MoveWest;(5, 6);MoveEast;(8, 6);False;1;565
;(5, 6);MoveEast;(8, 6);False;1;566
;(5, 6);MoveEast;(9, 6);False;1;567
;(5, 6);MoveEast;(9, 6);False;1;568
;(5, 6);MoveEast;(9, 6);False;1;569
MoveWest;(4, 6);MoveEast;(9, 6);False;1;570
;(4, 6);MoveEast;(9, 6);False;1;571
;(4, 6);MoveEast;(9, 6);False;1;572
;(4, 6);MoveEast;(9, 6);False;1;573
;(4, 6);MoveEast;(9, 6);False;1;574
;(4, 6);MoveEast;(9, 6);False;1;575
;(4, 6);MoveEast;(9, 6);False;1;576
;(4, 6);MoveEast;(9, 6);False;1;577
;(4, 6);MoveEast;(10, 6);False;1;578
MoveWest;(3, 6);MoveWest;(10, 6);False;1;579
;(3, 6);MoveWest;(10, 6);False;1;580
;(3, 6);MoveWest;(10, 6);False;1;581
;(3, 6);MoveWest;(10, 6);False;1;582
;(3, 6);MoveWest;(10, 6);False;1;583
;(3, 6);MoveWest;(10, 6);False;1;584
;(3, 6);MoveWest;(10, 6);False;1;585
;(3, 6);MoveWest;(10, 6);False;1;586
;(3, 6);MoveWest;(10, 6);False;1;587
;(3, 6);MoveWest;(10, 6);False;1;588
DropObject;(3, 6);MoveWest;(9, 6);False;1;589
;(3, 6);MoveWest;(9, 6);False;1;590
;(3, 6);MoveWest;(9, 6);False;1;591
;(3, 6);MoveWest;(9, 6);False;1;592
;(3, 6);MoveWest;(9, 6);False;1;593
;(3, 6);MoveWest;(9, 6);False;1;594
;(3, 6);MoveWest;(9, 6);False;1;595
MoveEast;(4, 6);MoveWest;(9, 6);False;1;596
;(4, 6);MoveWest;(9, 6);False;1;597
;(4, 6);MoveWest;(9, 6);False;1;598
;(4, 6);MoveWest;(9, 6);False;1;599
MoveEast;(5, 6);MoveWest;(8, 6);False;1;600
;(5, 6);;(8, 6);False;1;601
;(5, 6);MoveWest;(8, 6);False;1;602
MoveEast;(6, 6);MoveWest;(8, 6);False;1;603
;(6, 6);MoveWest;(8, 6);False;1;604
;(6, 6);MoveWest;(8, 6);False;1;605
MoveEast;(7, 6);MoveWest;(8, 6);False;1;606
;(7, 6);MoveWest;(8, 6);False;1;607
;(7, 6);MoveWest;(8, 6);False;1;608
;(7, 6);MoveWest;(8, 6);False;1;609
;(7, 6);MoveWest;(8, 6);False;1;610
;(7, 6);MoveWest;(8, 6);False;1;611
;(7, 6);MoveWest;(7, 6);False;1;612
;(7, 6);MoveWest;(7, 6);False;1;613
;(7, 6);MoveWest;(7, 6);False;1;614
;(7, 6);MoveWest;(7, 6);False;1;615
;(7, 6);MoveWest;(7, 6);False;1;616
;(7, 6);MoveWest;(7, 6);False;1;617
;(7, 6);MoveWest;(7, 6);False;1;618
;(7, 6);MoveWest;(7, 6);False;1;619
;(7, 6);MoveWest;(7, 6);False;1;620
MoveEast;(8, 6);MoveWest;(7, 6);False;1;621
;(8, 6);MoveWest;(7, 6);False;1;622
;(8, 6);MoveWest;(6, 6);False;1;623
;(8, 6);MoveWest;(6, 6);False;1;624
;(8, 6);MoveWest;(6, 6);False;1;625
MoveEast;(9, 6);MoveWest;(6, 6);False;1;626
;(9, 6);MoveWest;(6, 6);False;1;627
;(9, 6);MoveWest;(6, 6);False;1;628
;(9, 6);MoveWest;(6, 6);False;1;629
;(9, 6);MoveWest;(6, 6);False;1;630
;(9, 6);MoveWest;(6, 6);False;1;631
;(9, 6);MoveWest;(6, 6);False;1;632
;(9, 6);MoveWest;(6, 6);False;1;633
;(9, 6);MoveWest;(5, 6);False;1;634
;(9, 6);Idle;(5, 6);False;1;635
;(9, 6);Idle;(5, 6);False;1;636
;(9, 6);Idle;(5, 6);False;1;637
;(9, 6);Idle;(5, 6);False;1;638
GrabObject;(9, 6);Idle;(5, 6);False;1;639
;(9, 6);Idle;(5, 6);False;1;640
;(9, 6);Idle;(5, 6);False;1;641
;(9, 6);Idle;(5, 6);False;1;642
;(9, 6);Idle;(5, 6);False;1;643
MoveWest;(8, 6);Idle;(5, 6);False;1;644
;(8, 6);Idle;(5, 6);False;1;645
;(8, 6);Idle;(5, 6);False;1;646
;(8, 6);Idle;(5, 6);False;1;647
MoveWest;(7, 6);Idle;(5, 6);False;1;648
;(7, 6);Idle;(5, 6);False;1;649
;(7, 6);Idle;(5, 6);False;1;650
;(7, 6);Idle;(5, 6);False;1;651
;(7, 6);Idle;(5, 6);False;1;652
;(7, 6);Idle;(5, 6);False;1;653
;(7, 6);Idle;(5, 6);False;1;654
;(7, 6);Idle;(5, 6);False;1;655
;(7, 6);Idle;(5, 6);False;1;656
;(7, 6);Idle;(5, 6);False;1;657
MoveWest;(6, 6);Idle;(5, 6);False;1;658
MoveWest;(5, 6);Idle;(5, 6);False;1;659
MoveWest;(4, 6);Idle;(5, 6);False;1;660
;(4, 6);Idle;(5, 6);False;1;661
MoveWest;(3, 6);Idle;(5, 6);False;1;662
;(3, 6);Idle;(5, 6);False;1;663
;(3, 6);Idle;(5, 6);False;1;664
;(3, 6);Idle;(5, 6);False;1;665
;(3, 6);Idle;(5, 6);False;1;666
;(3, 6);Idle;(5, 6);False;1;667
;(3, 6);Idle;(5, 6);False;1;668
;(3, 6);Idle;(5, 6);False;1;669
;(3, 6);Idle;(5, 6);False;1;670
;(3, 6);Idle;(5, 6);False;1;671
;(3, 6);Idle;(5, 6);False;1;672
;(3, 6);Idle;(5, 6);False;1;673
;(3, 6);Idle;(5, 6);False;1;674
DropObject;(3, 6);Idle;(5, 6);False;1;675
;(3, 6);Idle;(5, 6);False;1;676
;(3, 6);Idle;(5, 6);False;1;677
;(3, 6);Idle;(5, 6);False;1;678
MoveEast;(4, 6);Idle;(5, 6);False;1;679
;(4, 6);Idle;(5, 6);False;1;680
;(4, 6);Idle;(5, 6);False;1;681
;(4, 6);Idle;(5, 6);False;1;682
;(4, 6);Idle;(5, 6);False;1;683
MoveEast;(5, 6);Idle;(5, 6);False;1;684
;(5, 6);Idle;(5, 6);False;1;685
;(5, 6);Idle;(5, 6);False;1;686
MoveEast;(6, 6);Idle;(5, 6);False;1;687
;(6, 6);Idle;(5, 6);False;1;688
;(6, 6);Idle;(5, 6);False;1;689
;(6, 6);;(5, 6);False;1;690
MoveEast;(7, 6);MoveEast;(5, 6);False;1;691
;(7, 6);MoveEast;(5, 6);False;1;692
;(7, 6);MoveEast;(5, 6);False;1;693
;(7, 6);MoveEast;(5, 6);False;1;694
;(7, 6);MoveEast;(5, 6);False;1;695
MoveEast;(8, 6);MoveEast;(5, 6);False;1;696
;(8, 6);MoveEast;(5, 6);False;1;697
;(8, 6);MoveEast;(5, 6);False;1;698
;(8, 6);MoveEast;(5, 6);False;1;699
;(8, 6);MoveEast;(5, 6);False;1;700
;(8, 6);MoveEast;(6, 6);False;1;701
MoveEast;(9, 6);Idle;(6, 6);False;1;702
;(9, 6);Idle;(6, 6);False;1;703
;(9, 6);Idle;(6, 6);False;1;704
;(9, 6);Idle;(6, 6);False;1;705
;(9, 6);Idle;(6, 6);False;1;706
;(9, 6);Idle;(6, 6);False;1;707
MoveWest;(8, 6);Idle;(6, 6);False;1;708
;(8, 6);Idle;(6, 6);False;1;709
;(8, 6);Idle;(6, 6);False;1;710
;(8, 6);Idle;(6, 6);False;1;711
;(8, 6);Idle;(6, 6);False;1;712
;(8, 6);Idle;(6, 6);False;1;713
;(8, 6);Idle;(6, 6);False;1;714
;(8, 6);Idle;(6, 6);False;1;715
;(8, 6);Idle;(6, 6);False;1;716
;(8, 6);Idle;(6, 6);False;1;717
;(8, 6);Idle;(6, 6);False;1;718
;(8, 6);Idle;(6, 6);False;1;719
;(8, 6);Idle;(6, 6);False;1;720
;(8, 6);Idle;(6, 6);False;1;721
MoveSouth;(8, 7);Idle;(6, 6);False;1;722
;(8, 7);Idle;(6, 6);False;1;723
;(8, 7);Idle;(6, 6);False;1;724
;(8, 7);Idle;(6, 6);False;1;725
;(8, 7);Idle;(6, 6);False;1;726
;(8, 7);Idle;(6, 6);False;1;727
;(8, 7);Idle;(6, 6);False;1;728
;(8, 7);Idle;(6, 6);False;1;729
;(8, 7);Idle;(6, 6);False;1;730
;(8, 7);Idle;(6, 6);False;1;731
;(8, 7);Idle;(6, 6);False;1;732
;(8, 7);Idle;(6, 6);False;1;733
;(8, 7);Idle;(6, 6);False;1;734
;(8, 7);Idle;(6, 6);False;1;735
;(8, 7);Idle;(6, 6);False;1;736
;(8, 7);Idle;(6, 6);False;1;737
;(8, 7);Idle;(6, 6);False;1;738
;(8, 7);Idle;(6, 6);False;1;739
GrabObject;(8, 7);Idle;(6, 6);False;1;740
;(8, 7);Idle;(6, 6);False;1;741
;(8, 7);Idle;(6, 6);False;1;742
;(8, 7);Idle;(6, 6);False;1;743
;(8, 7);Idle;(6, 6);False;1;744
;(8, 7);Idle;(6, 6);False;1;745
MoveWest;(7, 7);Idle;(6, 6);False;1;746
;(7, 7);Idle;(6, 6);False;1;747
;(7, 7);Idle;(6, 6);False;1;748
;(7, 7);Idle;(6, 6);False;1;749
;(7, 7);Idle;(6, 6);False;1;750
;(7, 7);Idle;(6, 6);False;1;751
;(7, 7);Idle;(6, 6);False;1;752
;(7, 7);Idle;(6, 6);False;1;753
;(7, 7);Idle;(6, 6);False;1;754
;(7, 7);Idle;(6, 6);False;1;755
MoveWest;(6, 7);Idle;(6, 6);False;1;756
MoveWest;(5, 7);;(6, 6);False;1;757
MoveWest;(4, 7);MoveEast;(6, 6);False;1;758
MoveWest;(3, 7);MoveEast;(6, 6);False;1;759
MoveWest;(2, 7);MoveEast;(6, 6);False;1;760
MoveWest;(1, 7);MoveEast;(6, 6);False;1;761
;(1, 7);MoveEast;(6, 6);False;1;762
MoveWest;(0, 7);MoveEast;(6, 6);False;1;763
;(0, 7);MoveEast;(6, 6);False;1;764
;(0, 7);MoveEast;(6, 6);False;1;765
;(0, 7);MoveEast;(6, 6);False;1;766
;(0, 7);MoveEast;(6, 6);False;1;767
DropObject;(0, 7);MoveEast;(7, 6);False;1;768
;(0, 7);MoveEast;(7, 6);False;1;769
;(0, 7);MoveEast;(7, 6);False;1;770
;(0, 7);MoveEast;(7, 6);False;1;771
;(0, 7);MoveEast;(7, 6);False;1;772
;(0, 7);MoveEast;(7, 6);False;1;773
MoveEast;(1, 7);MoveEast;(7, 6);False;1;774
;(1, 7);MoveEast;(7, 6);False;1;775
;(1, 7);MoveEast;(7, 6);False;1;776
;(1, 7);MoveEast;(7, 6);False;1;777
;(1, 7);MoveEast;(7, 6);False;1;778
;(1, 7);MoveEast;(8, 6);False;1;779
;(1, 7);MoveWest;(8, 6);False;1;780
;(1, 7);MoveWest;(8, 6);False;1;781
;(1, 7);MoveWest;(8, 6);False;1;782
;(1, 7);MoveWest;(8, 6);False;1;783
MoveEast;(2, 7);MoveWest;(8, 6);False;1;784
MoveEast;(3, 7);MoveWest;(8, 6);False;1;785
MoveEast;(4, 7);MoveWest;(8, 6);False;1;786
MoveEast;(5, 7);MoveWest;(8, 6);False;1;787
MoveEast;(6, 7);MoveWest;(8, 6);False;1;788
MoveEast;(7, 7);MoveWest;(8, 6);False;1;789
MoveEast;(8, 7);MoveWest;(7, 6);False;1;790
MoveEast;(9, 7);MoveWest;(7, 6);False;1;791
;(9, 7);MoveWest;(7, 6);False;1;792
;(9, 7);MoveWest;(7, 6);False;1;793
;(9, 7);MoveWest;(7, 6);False;1;794
;(9, 7);MoveWest;(7, 6);False;1;795
;(9, 7);MoveWest;(7, 6);False;1;796
;(9, 7);MoveWest;(7, 6);False;1;797
MoveEast;(10, 7);MoveWest;(7, 6);False;1;798
;(10, 7);MoveWest;(7, 6);False;1;799
;(10, 7);MoveWest;(7, 6);False;1;800
;(10, 7);MoveWest;(6, 6);False;1;801
;(10, 7);MoveEast;(6, 6);False;1;802
;(10, 7);MoveEast;(6, 6);False;1;803
;(10, 7);MoveEast;(6, 6);False;1;804
;(10, 7);MoveEast;(6, 6);False;1;805
;(10, 7);MoveEast;(6, 6);False;1;806
;(10, 7);MoveEast;(6, 6);False;1;807
MoveWest;(9, 7);MoveEast;(6, 6);False;1;808
;(9, 7);MoveEast;(6, 6);False;1;809
;(9, 7);MoveEast;(6, 6);False;1;810
;(9, 7);MoveEast;(6, 6);False;1;811
;(9, 7);MoveEast;(7, 6);False;1;812
;(9, 7);MoveEast;(7, 6);False;1;813
;(9, 7);MoveEast;(7, 6);False;1;814
;(9, 7);MoveEast;(7, 6);False;1;815
;(9, 7);MoveEast;(7, 6);False;1;816
;(9, 7);MoveEast;(7, 6);False;1;817
;(9, 7);MoveEast;(7, 6);False;1;818
;(9, 7);MoveEast;(7, 6);False;1;819
;(9, 7);MoveEast;(7, 6);False;1;820
;(9, 7);MoveEast;(7, 6);False;1;821
;(9, 7);MoveEast;(7, 6);False;1;822
;(9, 7);MoveEast;(8, 6);False;1;823
;(9, 7);MoveWest;(8, 6);False;1;824
;(9, 7);MoveWest;(8, 6);False;1;825
;(9, 7);MoveWest;(8, 6);False;1;826
;(9, 7);MoveWest;(8, 6);False;1;827
;(9, 7);MoveWest;(8, 6);False;1;828
;(9, 7);MoveWest;(8, 6);False;1;829
;(9, 7);MoveWest;(8, 6);False;1;830
;(9, 7);MoveWest;(8, 6);False;1;831
;(9, 7);MoveWest;(8, 6);False;1;832
;(9, 7);MoveWest;(8, 6);False;1;833
;(9, 7);MoveWest;(7, 6);False;1;834
;(9, 7);MoveWest;(7, 6);False;1;835
;(9, 7);MoveWest;(7, 6);False;1;836
;(9, 7);MoveWest;(7, 6);False;1;837
;(9, 7);MoveWest;(7, 6);False;1;838
;(9, 7);MoveWest;(7, 6);False;1;839
;(9, 7);MoveWest;(7, 6);False;1;840
;(9, 7);MoveWest;(7, 6);False;1;841
;(9, 7);MoveWest;(7, 6);False;1;842
DropObject;(9, 7);MoveWest;(7, 6);False;1;843
;(9, 7);MoveWest;(7, 6);False;1;844
;(9, 7);MoveWest;(6, 6);False;1;845
;(9, 7);MoveEast;(6, 6);False;1;846
;(9, 7);MoveEast;(6, 6);False;1;847
;(9, 7);MoveEast;(6, 6);False;1;848
;(9, 7);MoveEast;(6, 6);False;1;849
;(9, 7);MoveEast;(6, 6);False;1;850
;(9, 7);MoveEast;(6, 6);False;1;851
;(9, 7);MoveEast;(6, 6);False;1;852
;(9, 7);MoveEast;(6, 6);False;1;853
GrabObject;(9, 7);MoveEast;(6, 6);False;1;854
;(9, 7);MoveEast;(6, 6);False;1;855
;(9, 7);MoveEast;(7, 6);False;1;856
;(9, 7);MoveEast;(7, 6);False;1;857
;(9, 7);MoveEast;(7, 6);False;1;858
;(9, 7);MoveEast;(7, 6);False;1;859
;(9, 7);MoveEast;(7, 6);False;1;860
;(9, 7);MoveEast;(7, 6);False;1;861
;(9, 7);MoveEast;(7, 6);False;1;862
;(9, 7);MoveEast;(7, 6);False;1;863
;(9, 7);MoveEast;(7, 6);False;1;864
;(9, 7);MoveEast;(7, 6);False;1;865
;(9, 7);MoveEast;(7, 6);False;1;866
MoveWest;(8, 7);MoveEast;(8, 6);False;1;867
;(8, 7);MoveWest;(8, 6);False;1;868
;(8, 7);MoveWest;(8, 6);False;1;869
;(8, 7);MoveWest;(8, 6);False;1;870
;(8, 7);MoveWest;(8, 6);False;1;871
;(8, 7);MoveWest;(8, 6);False;1;872
;(8, 7);MoveWest;(8, 6);False;1;873
;(8, 7);MoveWest;(8, 6);False;1;874
;(8, 7);MoveWest;(8, 6);False;1;875
MoveWest;(7, 7);MoveWest;(8, 6);False;1;876
;(7, 7);MoveWest;(8, 6);False;1;877
MoveWest;(6, 7);MoveWest;(7, 6);False;1;878
MoveWest;(5, 7);MoveWest;(7, 6);False;1;879
MoveWest;(4, 7);MoveWest;(7, 6);False;1;880
MoveWest;(3, 7);MoveWest;(7, 6);False;1;881
MoveWest;(2, 7);MoveWest;(7, 6);False;1;882
MoveWest;(1, 7);MoveWest;(7, 6);False;1;883
MoveWest;(0, 7);MoveWest;(7, 6);False;1;884
MoveWest;(0, 7);MoveWest;(7, 6);False;1;885
MoveWest;(0, 7);MoveWest;(7, 6);False;1;886
;(0, 7);MoveWest;(7, 6);False;1;887
;(0, 7);MoveWest;(7, 6);False;1;888
;(0, 7);MoveWest;(6, 6);False;1;889
DropObject;(0, 7);;(6, 6);False;1;890
;(0, 7);Idle;(6, 6);False;1;891
;(0, 7);Idle;(6, 6);False;1;892
;(0, 7);Idle;(6, 6);False;1;893
;(0, 7);Idle;(6, 6);False;1;894
;(0, 7);Idle;(6, 6);False;1;895
;(0, 7);Idle;(6, 6);False;1;896
;(0, 7);Idle;(6, 6);False;1;897
MoveSouth;(0, 8);Idle;(6, 6);False;1;898
;(0, 8);Idle;(6, 6);False;1;899
;(0, 8);Idle;(6, 6);False;1;900
;(0, 8);Idle;(6, 6);False;1;901
;(0, 8);Idle;(6, 6);False;1;902
;(0, 8);Idle;(6, 6);False;1;903
MoveEast;(1, 8);Idle;(6, 6);False;1;904
;(1, 8);Idle;(6, 6);False;1;905
;(1, 8);Idle;(6, 6);False;1;906
;(1, 8);Idle;(6, 6);False;1;907
;(1, 8);Idle;(6, 6);False;1;908
;(1, 8);Idle;(6, 6);False;1;909
;(1, 8);Idle;(6, 6);False;1;910
;(1, 8);Idle;(6, 6);False;1;911
;(1, 8);Idle;(6, 6);False;1;912
;(1, 8);Idle;(6, 6);False;1;913
MoveEast;(2, 8);Idle;(6, 6);False;1;914
MoveEast;(3, 8);Idle;(6, 6);False;1;915
MoveEast;(4, 8);Idle;(6, 6);False;1;916
MoveEast;(5, 8);Idle;(6, 6);False;1;917
MoveEast;(6, 8);Idle;(6, 6);False;1;918
MoveEast;(7, 8);Idle;(6, 6);False;1;919
MoveEast;(8, 8);Idle;(6, 6);False;1;920
;(8, 8);Idle;(6, 6);False;1;921
;(8, 8);Idle;(6, 6);False;1;922
;(8, 8);Idle;(6, 6);False;1;923
;(8, 8);Idle;(6, 6);False;1;924
;(8, 8);Idle;(6, 6);False;1;925
;(8, 8);Idle;(6, 6);False;1;926
;(8, 8);Idle;(6, 6);False;1;927
;(8, 8);Idle;(6, 6);False;1;928
;(8, 8);Idle;(6, 6);False;1;929
;(8, 8);Idle;(6, 6);False;1;930
;(8, 8);Idle;(6, 6);False;1;931
;(8, 8);Idle;(6, 6);False;1;932
;(8, 8);Idle;(6, 6);False;1;933
MoveWest;(7, 8);Idle;(6, 6);False;1;934
;(7, 8);Idle;(6, 6);False;1;935
;(7, 8);Idle;(6, 6);False;1;936
;(7, 8);Idle;(6, 6);False;1;937
;(7, 8);Idle;(6, 6);False;1;938
;(7, 8);Idle;(6, 6);False;1;939
;(7, 8);Idle;(6, 6);False;1;940
;(7, 8);Idle;(6, 6);False;1;941
;(7, 8);Idle;(6, 6);False;1;942
;(7, 8);Idle;(6, 6);False;1;943
;(7, 8);Idle;(6, 6);False;1;944
;(7, 8);Idle;(6, 6);False;1;945
GrabObject;(7, 8);;(6, 6);False;1;946
;(7, 8);MoveEast;(6, 6);False;1;947
;(7, 8);MoveEast;(6, 6);False;1;948
;(7, 8);MoveEast;(6, 6);False;1;949
;(7, 8);MoveEast;(6, 6);False;1;950
;(7, 8);MoveEast;(6, 6);False;1;951
;(7, 8);MoveEast;(6, 6);False;1;952
MoveWest;(6, 8);MoveEast;(6, 6);False;1;953
;(6, 8);MoveEast;(6, 6);False;1;954
;(6, 8);MoveEast;(6, 6);False;1;955
;(6, 8);MoveEast;(6, 6);False;1;956
;(6, 8);MoveEast;(7, 6);False;1;957
;(6, 8);MoveEast;(7, 6);False;1;958
;(6, 8);MoveEast;(7, 6);False;1;959
;(6, 8);MoveEast;(7, 6);False;1;960
;(6, 8);MoveEast;(7, 6);False;1;961
;(6, 8);MoveEast;(7, 6);False;1;962
MoveWest;(5, 8);MoveEast;(7, 6);False;1;963
MoveWest;(4, 8);MoveEast;(7, 6);False;1;964
MoveWest;(3, 8);MoveEast;(7, 6);False;1;965
MoveWest;(2, 8);MoveEast;(7, 6);False;1;966
MoveWest;(1, 8);MoveEast;(7, 6);False;1;967
MoveWest;(0, 8);MoveEast;(8, 6);False;1;968
MoveWest;(0, 8);MoveEast;(8, 6);False;1;969
MoveWest;(0, 8);MoveEast;(8, 6);False;1;970
MoveWest;(0, 8);MoveEast;(8, 6);False;1;971
MoveWest;(0, 8);MoveEast;(8, 6);False;1;972
;(0, 8);MoveEast;(8, 6);False;1;973
DropObject;(0, 8);MoveEast;(8, 6);False;1;974
;(0, 8);MoveEast;(8, 6);False;1;975
;(0, 8);MoveEast;(8, 6);False;1;976
;(0, 8);MoveEast;(8, 6);False;1;977
;(0, 8);MoveEast;(8, 6);False;1;978
;(0, 8);MoveEast;(9, 6);False;1;979
MoveEast;(1, 8);MoveEast;(9, 6);False;1;980
;(1, 8);MoveEast;(9, 6);False;1;981
;(1, 8);MoveEast;(9, 6);False;1;982
;(1, 8);MoveEast;(9, 6);False;1;983
;(1, 8);MoveEast;(9, 6);False;1;984
;(1, 8);MoveEast;(9, 6);False;1;985
;(1, 8);MoveEast;(9, 6);False;1;986
;(1, 8);MoveEast;(9, 6);False;1;987
;(1, 8);MoveEast;(9, 6);False;1;988
;(1, 8);MoveEast;(9, 6);False;1;989
;(1, 8);MoveEast;(10, 6);False;1;990
;(1, 8);MoveEast;(10, 6);False;1;991
;(1, 8);MoveEast;(10, 6);False;1;992
;(1, 8);MoveEast;(10, 6);False;1;993
;(1, 8);MoveEast;(10, 6);False;1;994
;(1, 8);MoveEast;(10, 6);False;1;995
;(1, 8);MoveEast;(10, 6);False;1;996
;(1, 8);MoveEast;(10, 6);False;1;997
;(1, 8);MoveEast;(10, 6);False;1;998
;(1, 8);MoveEast;(10, 6);False;1;999
;(1, 8);MoveEast;(10, 6);False;1;1000
;(1, 8);MoveEast;(11, 6);False;1;1001
;(1, 8);GrabObject;(11, 6);False;1;1002
;(1, 8);GrabObject;(11, 6);False;1;1003
;(1, 8);GrabObject;(11, 6);False;1;1004
;(1, 8);GrabObject;(11, 6);False;1;1005
;(1, 8);GrabObject;(11, 6);False;1;1006
;(1, 8);GrabObject;(11, 6);False;1;1007
;(1, 8);GrabObject;(11, 6);False;1;1008
;(1, 8);GrabObject;(11, 6);False;1;1009
;(1, 8);GrabObject;(11, 6);False;1;1010
;(1, 8);GrabObject;(11, 6);False;1;1011
;(1, 8);GrabObject;(11, 6);False;1;1012
;(1, 8);;(11, 6);False;1;1013
;(1, 8);MoveEast;(11, 6);False;1;1014
;(1, 8);MoveEast;(11, 6);False;1;1015
;(1, 8);MoveEast;(11, 6);False;1;1016
;(1, 8);MoveEast;(11, 6);False;1;1017
;(1, 8);MoveEast;(11, 6);False;1;1018
;(1, 8);MoveEast;(11, 6);False;1;1019
;(1, 8);MoveEast;(11, 6);False;1;1020
;(1, 8);MoveEast;(11, 6);False;1;1021
;(1, 8);MoveEast;(11, 6);False;1;1022
;(1, 8);MoveEast;(11, 6);False;1;1023
;(1, 8);MoveEast;(12, 6);False;1;1024
;(1, 8);MoveNorthEast;(12, 6);False;1;1025
;(1, 8);MoveNorthEast;(12, 6);False;1;1026
;(1, 8);MoveNorthEast;(12, 6);False;1;1027
;(1, 8);MoveNorthEast;(12, 6);False;1;1028
;(1, 8);MoveNorthEast;(12, 6);False;1;1029
;(1, 8);MoveNorthEast;(12, 6);False;1;1030
;(1, 8);MoveNorthEast;(12, 6);False;1;1031
;(1, 8);MoveNorthEast;(12, 6);False;1;1032
;(1, 8);MoveNorthEast;(12, 6);False;1;1033
;(1, 8);MoveNorthEast;(12, 6);False;1;1034
;(1, 8);MoveNorthEast;(13, 5);False;1;1035
;(1, 8);MoveEast;(13, 5);False;1;1036
;(1, 8);MoveEast;(13, 5);False;1;1037
;(1, 8);MoveEast;(13, 5);False;1;1038
;(1, 8);MoveEast;(13, 5);False;1;1039
;(1, 8);MoveEast;(13, 5);False;1;1040
;(1, 8);MoveEast;(13, 5);False;1;1041
;(1, 8);MoveEast;(13, 5);False;1;1042
DropObject;(1, 8);MoveEast;(13, 5);False;1;1043
;(1, 8);MoveEast;(13, 5);False;1;1044
;(1, 8);MoveEast;(13, 5);False;1;1045
;(1, 8);MoveEast;(14, 5);False;1;1046
;(1, 8);MoveNorthEast;(14, 5);False;1;1047
;(1, 8);MoveNorthEast;(14, 5);False;1;1048
;(1, 8);MoveNorthEast;(14, 5);False;1;1049
;(1, 8);MoveNorthEast;(14, 5);False;1;1050
;(1, 8);MoveNorthEast;(14, 5);False;1;1051
;(1, 8);MoveNorthEast;(14, 5);False;1;1052
;(1, 8);MoveNorthEast;(14, 5);False;1;1053
DropObject;(1, 8);MoveNorthEast;(14, 5);False;1;1054
DropObject;(1, 8);MoveNorthEast;(14, 5);False;1;1055
DropObject;(1, 8);MoveNorthEast;(14, 5);False;1;1056
;(1, 8);MoveNorthEast;(15, 4);False;1;1057
;(1, 8);MoveEast;(15, 4);False;1;1058
;(1, 8);MoveEast;(15, 4);False;1;1059
;(1, 8);MoveEast;(15, 4);False;1;1060
;(1, 8);MoveEast;(15, 4);False;1;1061
;(1, 8);MoveEast;(15, 4);False;1;1062
;(1, 8);MoveEast;(15, 4);False;1;1063
;(1, 8);MoveEast;(15, 4);False;1;1064
;(1, 8);MoveEast;(15, 4);False;1;1065
;(1, 8);MoveEast;(15, 4);False;1;1066
;(1, 8);MoveEast;(15, 4);False;1;1067
;(1, 8);MoveEast;(16, 4);False;1;1068
;(1, 8);DropObject;(16, 4);False;1;1069
;(1, 8);DropObject;(16, 4);False;1;1070
;(1, 8);DropObject;(16, 4);False;1;1071
;(1, 8);DropObject;(16, 4);False;1;1072
;(1, 8);DropObject;(16, 4);False;1;1073
;(1, 8);DropObject;(16, 4);False;1;1074
;(1, 8);DropObject;(16, 4);False;1;1075
;(1, 8);DropObject;(16, 4);False;1;1076
;(1, 8);DropObject;(16, 4);False;1;1077
;(1, 8);DropObject;(16, 4);False;1;1078
;(1, 8);DropObject;(16, 4);False;1;1079
;(1, 8);;(16, 4);False;1;1080
;(1, 8);Idle;(16, 4);False;1;1081
;(1, 8);Idle;(16, 4);False;1;1082
;(1, 8);Idle;(16, 4);False;1;1083
;(1, 8);Idle;(16, 4);False;1;1084
DropObject;(1, 8);Idle;(16, 4);False;1;1085
;(1, 8);Idle;(16, 4);False;1;1086
;(1, 8);Idle;(16, 4);False;1;1087
;(1, 8);Idle;(16, 4);False;1;1088
;(1, 8);Idle;(16, 4);False;1;1089
;(1, 8);Idle;(16, 4);False;1;1090
;(1, 8);Idle;(16, 4);False;1;1091
;(1, 8);Idle;(16, 4);False;1;1092
;(1, 8);Idle;(16, 4);False;1;1093
;(1, 8);Idle;(16, 4);False;1;1094
DropObject;(1, 8);Idle;(16, 4);False;1;1095
;(1, 8);Idle;(16, 4);False;1;1096
;(1, 8);Idle;(16, 4);False;1;1097
;(1, 8);Idle;(16, 4);False;1;1098
;(1, 8);Idle;(16, 4);False;1;1099
;(1, 8);Idle;(16, 4);False;1;1100
;(1, 8);Idle;(16, 4);False;1;1101
;(1, 8);Idle;(16, 4);False;1;1102
;(1, 8);Idle;(16, 4);False;1;1103
;(1, 8);Idle;(16, 4);False;1;1104
DropObject;(1, 8);Idle;(16, 4);False;1;1105
;(1, 8);Idle;(16, 4);False;1;1106
;(1, 8);Idle;(16, 4);False;1;1107
;(1, 8);Idle;(16, 4);False;1;1108
;(1, 8);Idle;(16, 4);False;1;1109
;(1, 8);Idle;(16, 4);False;1;1110
;(1, 8);Idle;(16, 4);False;1;1111
;(1, 8);Idle;(16, 4);False;1;1112
;(1, 8);Idle;(16, 4);False;1;1113
;(1, 8);Idle;(16, 4);False;1;1114
DropObject;(1, 8);Idle;(16, 4);False;1;1115
;(1, 8);Idle;(16, 4);False;1;1116
;(1, 8);Idle;(16, 4);False;1;1117
;(1, 8);Idle;(16, 4);False;1;1118
;(1, 8);Idle;(16, 4);False;1;1119
;(1, 8);Idle;(16, 4);False;1;1120
;(1, 8);Idle;(16, 4);False;1;1121
;(1, 8);Idle;(16, 4);False;1;1122
;(1, 8);Idle;(16, 4);False;1;1123
;(1, 8);Idle;(16, 4);False;1;1124
DropObject;(1, 8);Idle;(16, 4);False;1;1125
;(1, 8);Idle;(16, 4);False;1;1126
;(1, 8);Idle;(16, 4);False;1;1127
;(1, 8);Idle;(16, 4);False;1;1128
;(1, 8);Idle;(16, 4);False;1;1129
;(1, 8);Idle;(16, 4);False;1;1130
;(1, 8);Idle;(16, 4);False;1;1131
;(1, 8);Idle;(16, 4);False;1;1132
;(1, 8);Idle;(16, 4);False;1;1133
;(1, 8);Idle;(16, 4);False;1;1134
;(1, 8);Idle;(16, 4);False;1;1135
;(1, 8);;(16, 4);False;1;1136
;(1, 8);MoveEast;(16, 4);False;1;1137
;(1, 8);MoveEast;(16, 4);False;1;1138
;(1, 8);MoveEast;(16, 4);False;1;1139
;(1, 8);MoveEast;(16, 4);False;1;1140
;(1, 8);MoveEast;(16, 4);False;1;1141
;(1, 8);MoveEast;(16, 4);False;1;1142
;(1, 8);MoveEast;(16, 4);False;1;1143
;(1, 8);MoveEast;(16, 4);False;1;1144
;(1, 8);MoveEast;(16, 4);False;1;1145
;(1, 8);MoveEast;(16, 4);False;1;1146
;(1, 8);MoveEast;(17, 4);False;1;1147
;(1, 8);MoveEast;(17, 4);False;1;1148
;(1, 8);MoveEast;(17, 4);False;1;1149
;(1, 8);MoveEast;(17, 4);False;1;1150
;(1, 8);MoveEast;(17, 4);False;1;1151
MoveEast;(2, 8);MoveEast;(17, 4);False;1;1152
;(2, 8);MoveEast;(17, 4);False;1;1153
;(2, 8);MoveEast;(17, 4);False;1;1154
;(2, 8);MoveEast;(17, 4);False;1;1155
;(2, 8);MoveEast;(17, 4);False;1;1156
;(2, 8);MoveEast;(17, 4);False;1;1157
;(2, 8);MoveEast;(18, 4);False;1;1158
;(2, 8);MoveWest;(18, 4);False;1;1159
;(2, 8);MoveWest;(18, 4);False;1;1160
;(2, 8);MoveWest;(18, 4);False;1;1161
MoveEast;(3, 8);MoveWest;(18, 4);False;1;1162
MoveEast;(4, 8);MoveWest;(18, 4);False;1;1163
MoveEast;(5, 8);MoveWest;(18, 4);False;1;1164
MoveEast;(6, 8);MoveWest;(18, 4);False;1;1165
MoveEast;(7, 8);MoveWest;(18, 4);False;1;1166
MoveEast;(8, 8);MoveWest;(18, 4);False;1;1167
;(8, 8);MoveWest;(18, 4);False;1;1168
;(8, 8);MoveWest;(17, 4);False;1;1169
;(8, 8);MoveWest;(17, 4);False;1;1170
;(8, 8);MoveWest;(17, 4);False;1;1171
;(8, 8);MoveWest;(17, 4);False;1;1172
;(8, 8);MoveWest;(17, 4);False;1;1173
MoveSouth;(8, 9);MoveWest;(17, 4);False;1;1174
;(8, 9);MoveWest;(17, 4);False;1;1175
;(8, 9);MoveWest;(17, 4);False;1;1176
;(8, 9);MoveWest;(17, 4);False;1;1177
;(8, 9);MoveWest;(17, 4);False;1;1178
;(8, 9);MoveWest;(17, 4);False;1;1179
;(8, 9);MoveWest;(16, 4);False;1;1180
;(8, 9);MoveEast;(16, 4);False;1;1181
MoveWest;(7, 9);MoveEast;(16, 4);False;1;1182
;(7, 9);MoveEast;(16, 4);False;1;1183
;(7, 9);MoveEast;(16, 4);False;1;1184
;(7, 9);MoveEast;(16, 4);False;1;1185
;(7, 9);MoveEast;(16, 4);False;1;1186
MoveWest;(6, 9);MoveEast;(16, 4);False;1;1187
;(6, 9);MoveEast;(16, 4);False;1;1188
;(6, 9);MoveEast;(16, 4);False;1;1189
;(6, 9);MoveEast;(16, 4);False;1;1190
;(6, 9);MoveEast;(17, 4);False;1;1191
;(6, 9);MoveEast;(17, 4);False;1;1192
;(6, 9);MoveEast;(17, 4);False;1;1193
;(6, 9);MoveEast;(17, 4);False;1;1194
;(6, 9);MoveEast;(17, 4);False;1;1195
;(6, 9);MoveEast;(17, 4);False;1;1196
;(6, 9);MoveEast;(17, 4);False;1;1197
;(6, 9);MoveEast;(17, 4);False;1;1198
;(6, 9);MoveEast;(17, 4);False;1;1199
;(6, 9);MoveEast;(17, 4);False;1;1200
;(6, 9);MoveEast;(17, 4);False;1;1201
;(6, 9);MoveEast;(18, 4);False;1;1202
;(6, 9);MoveWest;(18, 4);False;1;1203
;(6, 9);MoveWest;(18, 4);False;1;1204
;(6, 9);MoveWest;(18, 4);False;1;1205
;(6, 9);MoveWest;(18, 4);False;1;1206
;(6, 9);MoveWest;(18, 4);False;1;1207
;(6, 9);MoveWest;(18, 4);False;1;1208
;(6, 9);MoveWest;(18, 4);False;1;1209
;(6, 9);MoveWest;(18, 4);False;1;1210
;(6, 9);MoveWest;(18, 4);False;1;1211
;(6, 9);MoveWest;(18, 4);False;1;1212
;(6, 9);MoveWest;(17, 4);False;1;1213
;(6, 9);MoveWest;(17, 4);False;1;1214
;(6, 9);MoveWest;(17, 4);False;1;1215
;(6, 9);MoveWest;(17, 4);False;1;1216
;(6, 9);MoveWest;(17, 4);False;1;1217
;(6, 9);MoveWest;(17, 4);False;1;1218
;(6, 9);MoveWest;(17, 4);False;1;1219
;(6, 9);MoveWest;(17, 4);False;1;1220
;(6, 9);MoveWest;(17, 4);False;1;1221
;(6, 9);MoveWest;(17, 4);False;1;1222
;(6, 9);MoveWest;(17, 4);False;1;1223
;(6, 9);MoveWest;(16, 4);False;1;1224
;(6, 9);MoveEast;(16, 4);False;1;1225
;(6, 9);MoveEast;(16, 4);False;1;1226
;(6, 9);MoveEast;(16, 4);False;1;1227
;(6, 9);MoveEast;(16, 4);False;1;1228
;(6, 9);MoveEast;(16, 4);False;1;1229
;(6, 9);MoveEast;(16, 4);False;1;1230
;(6, 9);MoveEast;(16, 4);False;1;1231
;(6, 9);MoveEast;(16, 4);False;1;1232
;(6, 9);MoveEast;(16, 4);False;1;1233
;(6, 9);MoveEast;(16, 4);False;1;1234
;(6, 9);MoveEast;(17, 4);False;1;1235
;(6, 9);MoveEast;(17, 4);False;1;1236
;(6, 9);MoveEast;(17, 4);False;1;1237
;(6, 9);MoveEast;(17, 4);False;1;1238
;(6, 9);MoveEast;(17, 4);False;1;1239
;(6, 9);MoveEast;(17, 4);False;1;1240
;(6, 9);MoveEast;(17, 4);False;1;1241
;(6, 9);MoveEast;(17, 4);False;1;1242
;(6, 9);MoveEast;(17, 4);False;1;1243
;(6, 9);MoveEast;(17, 4);False;1;1244
;(6, 9);MoveEast;(17, 4);False;1;1245
;(6, 9);MoveEast;(18, 4);False;1;1246
;(6, 9);MoveWest;(18, 4);False;1;1247
;(6, 9);MoveWest;(18, 4);False;1;1248
;(6, 9);MoveWest;(18, 4);False;1;1249
;(6, 9);MoveWest;(18, 4);False;1;1250
;(6, 9);MoveWest;(18, 4);False;1;1251
;(6, 9);MoveWest;(18, 4);False;1;1252
;(6, 9);MoveWest;(18, 4);False;1;1253
;(6, 9);MoveWest;(18, 4);False;1;1254
;(6, 9);MoveWest;(18, 4);False;1;1255
;(6, 9);MoveWest;(18, 4);False;1;1256
;(6, 9);MoveWest;(17, 4);False;1;1257
;(6, 9);MoveWest;(17, 4);False;1;1258
;(6, 9);MoveWest;(17, 4);False;1;1259
;(6, 9);MoveWest;(17, 4);False;1;1260
;(6, 9);MoveWest;(17, 4);False;1;1261
;(6, 9);MoveWest;(17, 4);False;1;1262
;(6, 9);MoveWest;(17, 4);False;1;1263
;(6, 9);MoveWest;(17, 4);False;1;1264
;(6, 9);MoveWest;(17, 4);False;1;1265
;(6, 9);MoveWest;(17, 4);False;1;1266
;(6, 9);MoveWest;(17, 4);False;1;1267
;(6, 9);MoveWest;(16, 4);False;1;1268
;(6, 9);;(16, 4);False;1;1269
;(6, 9);MoveSouthWest;(16, 4);False;1;1270
;(6, 9);MoveSouthWest;(16, 4);False;1;1271
;(6, 9);MoveSouthWest;(16, 4);False;1;1272
;(6, 9);MoveSouthWest;(16, 4);False;1;1273
;(6, 9);MoveSouthWest;(16, 4);False;1;1274
;(6, 9);MoveSouthWest;(16, 4);False;1;1275
;(6, 9);MoveSouthWest;(16, 4);False;1;1276
;(6, 9);MoveSouthWest;(16, 4);False;1;1277
;(6, 9);MoveSouthWest;(16, 4);False;1;1278
;(6, 9);MoveSouthWest;(16, 4);False;1;1279
;(6, 9);MoveSouthWest;(15, 5);False;1;1280
;(6, 9);MoveWest;(15, 5);False;1;1281
;(6, 9);MoveWest;(15, 5);False;1;1282
;(6, 9);MoveWest;(15, 5);False;1;1283
;(6, 9);MoveWest;(15, 5);False;1;1284
;(6, 9);MoveWest;(15, 5);False;1;1285
;(6, 9);MoveWest;(15, 5);False;1;1286
;(6, 9);MoveWest;(15, 5);False;1;1287
;(6, 9);MoveWest;(15, 5);False;1;1288
;(6, 9);MoveWest;(15, 5);False;1;1289
;(6, 9);MoveWest;(15, 5);False;1;1290
;(6, 9);MoveWest;(14, 5);False;1;1291
;(6, 9);MoveSouthWest;(14, 5);False;1;1292
;(6, 9);MoveSouthWest;(14, 5);False;1;1293
;(6, 9);MoveSouthWest;(14, 5);False;1;1294
;(6, 9);MoveSouthWest;(14, 5);False;1;1295
;(6, 9);MoveSouthWest;(14, 5);False;1;1296
;(6, 9);MoveSouthWest;(14, 5);False;1;1297
;(6, 9);MoveSouthWest;(14, 5);False;1;1298
;(6, 9);MoveSouthWest;(14, 5);False;1;1299
;(6, 9);MoveSouthWest;(14, 5);False;1;1300
;(6, 9);MoveSouthWest;(14, 5);False;1;1301
;(6, 9);MoveSouthWest;(13, 6);False;1;1302
;(6, 9);MoveWest;(13, 6);False;1;1303
;(6, 9);MoveWest;(13, 6);False;1;1304
;(6, 9);MoveWest;(13, 6);False;1;1305
;(6, 9);MoveWest;(13, 6);False;1;1306
;(6, 9);MoveWest;(13, 6);False;1;1307
;(6, 9);MoveWest;(13, 6);False;1;1308
;(6, 9);MoveWest;(13, 6);False;1;1309
;(6, 9);MoveWest;(13, 6);False;1;1310
;(6, 9);MoveWest;(13, 6);False;1;1311
;(6, 9);MoveWest;(13, 6);False;1;1312
;(6, 9);MoveWest;(12, 6);False;1;1313
;(6, 9);MoveSouthWest;(12, 6);False;1;1314
;(6, 9);MoveSouthWest;(12, 6);False;1;1315
;(6, 9);MoveSouthWest;(12, 6);False;1;1316
;(6, 9);MoveSouthWest;(12, 6);False;1;1317
;(6, 9);MoveSouthWest;(12, 6);False;1;1318
;(6, 9);MoveSouthWest;(12, 6);False;1;1319
;(6, 9);MoveSouthWest;(12, 6);False;1;1320
;(6, 9);MoveSouthWest;(12, 6);False;1;1321
;(6, 9);MoveSouthWest;(12, 6);False;1;1322
;(6, 9);MoveSouthWest;(12, 6);False;1;1323
;(6, 9);MoveSouthWest;(11, 7);False;1;1324
;(6, 9);MoveWest;(11, 7);False;1;1325
;(6, 9);MoveWest;(11, 7);False;1;1326
;(6, 9);MoveWest;(11, 7);False;1;1327
;(6, 9);MoveWest;(11, 7);False;1;1328
;(6, 9);MoveWest;(11, 7);False;1;1329
;(6, 9);MoveWest;(11, 7);False;1;1330
;(6, 9);MoveWest;(11, 7);False;1;1331
;(6, 9);MoveWest;(11, 7);False;1;1332
;(6, 9);MoveWest;(11, 7);False;1;1333
;(6, 9);MoveWest;(11, 7);False;1;1334
;(6, 9);MoveWest;(10, 7);False;1;1335
;(6, 9);MoveSouthWest;(10, 7);False;1;1336
;(6, 9);MoveSouthWest;(10, 7);False;1;1337
;(6, 9);MoveSouthWest;(10, 7);False;1;1338
;(6, 9);MoveSouthWest;(10, 7);False;1;1339
;(6, 9);MoveSouthWest;(10, 7);False;1;1340
;(6, 9);MoveSouthWest;(10, 7);False;1;1341
;(6, 9);MoveSouthWest;(10, 7);False;1;1342
;(6, 9);MoveSouthWest;(10, 7);False;1;1343
;(6, 9);MoveSouthWest;(10, 7);False;1;1344
;(6, 9);MoveSouthWest;(10, 7);False;1;1345
;(6, 9);MoveSouthWest;(9, 8);False;1;1346
;(6, 9);MoveWest;(9, 8);False;1;1347
;(6, 9);MoveWest;(9, 8);False;1;1348
;(6, 9);MoveWest;(9, 8);False;1;1349
;(6, 9);MoveWest;(9, 8);False;1;1350
;(6, 9);MoveWest;(9, 8);False;1;1351
;(6, 9);MoveWest;(9, 8);False;1;1352
;(6, 9);MoveWest;(9, 8);False;1;1353
;(6, 9);MoveWest;(9, 8);False;1;1354
;(6, 9);MoveWest;(9, 8);False;1;1355
;(6, 9);MoveWest;(9, 8);False;1;1356
;(6, 9);MoveWest;(8, 8);False;1;1357
;(6, 9);MoveWest;(8, 8);False;1;1358
;(6, 9);MoveWest;(8, 8);False;1;1359
;(6, 9);MoveWest;(8, 8);False;1;1360
;(6, 9);MoveWest;(8, 8);False;1;1361
;(6, 9);MoveWest;(8, 8);False;1;1362
;(6, 9);MoveWest;(8, 8);False;1;1363
;(6, 9);MoveWest;(8, 8);False;1;1364
;(6, 9);MoveWest;(8, 8);False;1;1365
;(6, 9);MoveWest;(8, 8);False;1;1366
;(6, 9);MoveWest;(8, 8);False;1;1367
;(6, 9);MoveWest;(7, 8);False;1;1368
;(6, 9);MoveSouthWest;(7, 8);False;1;1369
;(6, 9);MoveSouthWest;(7, 8);False;1;1370
;(6, 9);MoveSouthWest;(7, 8);False;1;1371
;(6, 9);MoveSouthWest;(7, 8);False;1;1372
;(6, 9);MoveSouthWest;(7, 8);False;1;1373
;(6, 9);MoveSouthWest;(7, 8);False;1;1374
;(6, 9);MoveSouthWest;(7, 8);False;1;1375
;(6, 9);MoveSouthWest;(7, 8);False;1;1376
;(6, 9);MoveSouthWest;(7, 8);False;1;1377
;(6, 9);MoveSouthWest;(7, 8);False;1;1378
;(6, 9);MoveSouthWest;(6, 9);False;1;1379
;(6, 9);GrabLargeObject;(6, 9);False;1;1380
;(6, 9);GrabLargeObject;(6, 9);False;1;1381
;(6, 9);GrabLargeObject;(6, 9);False;1;1382
;(6, 9);GrabLargeObject;(6, 9);False;1;1383
;(6, 9);GrabLargeObject;(6, 9);False;1;1384
;(6, 9);GrabLargeObject;(6, 9);False;1;1385
;(6, 9);GrabLargeObject;(6, 9);False;1;1386
;(6, 9);GrabLargeObject;(6, 9);False;1;1387
;(6, 9);GrabLargeObject;(6, 9);False;1;1388
;(6, 9);GrabLargeObject;(6, 9);False;1;1389
;(6, 9);GrabLargeObject;(6, 9);False;1;1390
;(6, 9);;(6, 9);False;1;1391
;(6, 9);Idle;(6, 9);False;1;1392
;(6, 9);Idle;(6, 9);False;1;1393
;(6, 9);Idle;(6, 9);False;1;1394
;(6, 9);Idle;(6, 9);False;1;1395
;(6, 9);Idle;(6, 9);False;1;1396
;(6, 9);Idle;(6, 9);False;1;1397
;(6, 9);Idle;(6, 9);False;1;1398
;(6, 9);Idle;(6, 9);False;1;1399
;(6, 9);Idle;(6, 9);False;1;1400
;(6, 9);Idle;(6, 9);False;1;1401
;(6, 9);Idle;(6, 9);False;1;1402
;(6, 9);Idle;(6, 9);False;1;1403
;(6, 9);Idle;(6, 9);False;1;1404
;(6, 9);Idle;(6, 9);False;1;1405
;(6, 9);Idle;(6, 9);False;1;1406
;(6, 9);Idle;(6, 9);False;1;1407
;(6, 9);Idle;(6, 9);False;1;1408
;(6, 9);Idle;(6, 9);False;1;1409
;(6, 9);Idle;(6, 9);False;1;1410
;(6, 9);Idle;(6, 9);False;1;1411
;(6, 9);Idle;(6, 9);False;1;1412
;(6, 9);Idle;(6, 9);False;1;1413
;(6, 9);Idle;(6, 9);False;1;1414
MoveNorth;(6, 8);Idle;(6, 9);False;1;1415
;(6, 8);Idle;(6, 9);False;1;1416
;(6, 8);Idle;(6, 9);False;1;1417
;(6, 8);Idle;(6, 9);False;1;1418
;(6, 8);Idle;(6, 9);False;1;1419
;(6, 8);Idle;(6, 9);False;1;1420
;(6, 8);Idle;(6, 9);False;1;1421
;(6, 8);Idle;(6, 9);False;1;1422
;(6, 8);Idle;(6, 9);False;1;1423
;(6, 8);Idle;(6, 9);False;1;1424
;(6, 8);Idle;(6, 9);False;1;1425
;(6, 8);Idle;(6, 9);False;1;1426
;(6, 8);Idle;(6, 9);False;1;1427
;(6, 8);Idle;(6, 9);False;1;1428
;(6, 8);Idle;(6, 9);False;1;1429
MoveEast;(7, 8);Idle;(6, 9);False;1;1430
;(7, 8);Idle;(6, 9);False;1;1431
;(7, 8);Idle;(6, 9);False;1;1432
;(7, 8);Idle;(6, 9);False;1;1433
;(7, 8);Idle;(6, 9);False;1;1434
;(7, 8);Idle;(6, 9);False;1;1435
;(7, 8);Idle;(6, 9);False;1;1436
;(7, 8);Idle;(6, 9);False;1;1437
;(7, 8);Idle;(6, 9);False;1;1438
;(7, 8);Idle;(6, 9);False;1;1439
MoveEast;(8, 8);Idle;(6, 9);False;1;1440
;(8, 8);Idle;(6, 9);False;1;1441
;(8, 8);Idle;(6, 9);False;1;1442
;(8, 8);Idle;(6, 9);False;1;1443
;(8, 8);Idle;(6, 9);False;1;1444
;(8, 8);Idle;(6, 9);False;1;1445
;(8, 8);Idle;(6, 9);False;1;1446
;(8, 8);;(6, 9);False;1;1447
;(8, 8);MoveWest;(6, 9);False;1;1448
;(8, 8);MoveWest;(6, 9);False;1;1449
;(8, 8);MoveWest;(6, 9);False;1;1450
;(8, 8);MoveWest;(6, 9);False;1;1451
;(8, 8);MoveWest;(6, 9);False;1;1452
;(8, 8);MoveWest;(6, 9);False;1;1453
;(8, 8);MoveWest;(6, 9);False;1;1454
MoveEast;(9, 8);MoveWest;(6, 9);False;1;1455
;(9, 8);MoveWest;(6, 9);False;1;1456
;(9, 8);MoveWest;(6, 9);False;1;1457
;(9, 8);MoveWest;(5, 9);False;1;1458
;(9, 8);MoveWest;(5, 9);False;1;1459
;(9, 8);MoveWest;(5, 9);False;1;1460
;(9, 8);MoveWest;(5, 9);False;1;1461
;(9, 8);MoveWest;(5, 9);False;1;1462
;(9, 8);MoveWest;(5, 9);False;1;1463
;(9, 8);MoveWest;(5, 9);False;1;1464
;(9, 8);MoveWest;(5, 9);False;1;1465
;(9, 8);MoveWest;(5, 9);False;1;1466
;(9, 8);MoveWest;(5, 9);False;1;1467
;(9, 8);MoveWest;(5, 9);False;1;1468
MoveWest;(8, 8);MoveWest;(4, 9);False;1;1469
;(8, 8);MoveNorthWest;(4, 9);False;1;1470
;(8, 8);MoveNorthWest;(4, 9);False;1;1471
;(8, 8);MoveNorthWest;(4, 9);False;1;1472
;(8, 8);MoveNorthWest;(4, 9);False;1;1473
;(8, 8);MoveNorthWest;(4, 9);False;1;1474
;(8, 8);MoveNorthWest;(4, 9);False;1;1475
;(8, 8);MoveNorthWest;(4, 9);False;1;1476
;(8, 8);MoveNorthWest;(4, 9);False;1;1477
;(8, 8);MoveNorthWest;(4, 9);False;1;1478
;(8, 8);MoveNorthWest;(4, 9);False;1;1479
;(8, 8);MoveNorthWest;(3, 8);False;1;1480
;(8, 8);MoveWest;(3, 8);False;1;1481
;(8, 8);MoveWest;(3, 8);False;1;1482
;(8, 8);MoveWest;(3, 8);False;1;1483
;(8, 8);MoveWest;(3, 8);False;1;1484
;(8, 8);MoveWest;(3, 8);False;1;1485
;(8, 8);MoveWest;(3, 8);False;1;1486
GrabObject;(8, 8);MoveWest;(3, 8);False;1;1487
;(8, 8);MoveWest;(3, 8);False;1;1488
;(8, 8);MoveWest;(3, 8);False;1;1489
;(8, 8);MoveWest;(3, 8);False;1;1490
;(8, 8);MoveWest;(2, 8);False;1;1491
;(8, 8);MoveNorthWest;(2, 8);False;1;1492
MoveWest;(7, 8);MoveNorthWest;(2, 8);False;1;1493
;(7, 8);MoveNorthWest;(2, 8);False;1;1494
;(7, 8);MoveNorthWest;(2, 8);False;1;1495
;(7, 8);MoveNorthWest;(2, 8);False;1;1496
MoveWest;(6, 8);MoveNorthWest;(2, 8);False;1;1497
;(6, 8);MoveNorthWest;(2, 8);False;1;1498
;(6, 8);MoveNorthWest;(2, 8);False;1;1499
;(6, 8);MoveNorthWest;(2, 8);False;1;1500
MoveWest;(5, 8);MoveNorthWest;(2, 8);False;1;1501
;(5, 8);MoveNorthWest;(1, 7);False;1;1502
;(5, 8);MoveWest;(1, 7);False;1;1503
;(5, 8);MoveWest;(1, 7);False;1;1504
;(5, 8);MoveWest;(1, 7);False;1;1505
;(5, 8);MoveWest;(1, 7);False;1;1506
;(5, 8);MoveWest;(1, 7);False;1;1507
;(5, 8);MoveWest;(1, 7);False;1;1508
DropObject;(5, 8);MoveWest;(1, 7);False;1;1509
;(5, 8);MoveWest;(1, 7);False;1;1510
;(5, 8);MoveWest;(1, 7);False;1;1511
;(5, 8);MoveWest;(1, 7);False;1;1512
;(5, 8);MoveWest;(0, 7);False;1;1513
;(5, 8);DropLargeObject;(0, 7);False;1;1514
MoveEast;(6, 8);DropLargeObject;(0, 7);False;1;1515
;(6, 8);DropLargeObject;(0, 7);False;1;1516
;(6, 8);DropLargeObject;(0, 7);False;1;1517
;(6, 8);DropLargeObject;(0, 7);False;1;1518
MoveEast;(7, 8);DropLargeObject;(0, 7);False;1;1519
;(7, 8);DropLargeObject;(0, 7);False;1;1520
;(7, 8);DropLargeObject;(0, 7);False;1;1521
;(7, 8);DropLargeObject;(0, 7);False;1;1522
;(7, 8);DropLargeObject;(0, 7);False;1;1523
;(7, 8);DropLargeObject;(0, 7);False;1;1524
;(7, 8);;(0, 7);False;1;1525
;(7, 8);MoveEast;(0, 7);False;1;1526
;(7, 8);MoveEast;(0, 7);False;1;1527
;(7, 8);MoveEast;(0, 7);False;1;1528
MoveEast;(8, 8);MoveEast;(0, 7);False;1;1529
;(8, 8);MoveEast;(0, 7);False;1;1530
;(8, 8);MoveEast;(0, 7);False;1;1531
;(8, 8);MoveEast;(0, 7);False;1;1532
;(8, 8);MoveEast;(0, 7);False;1;1533
;(8, 8);MoveEast;(0, 7);False;1;1534
;(8, 8);MoveEast;(0, 7);False;1;1535
;(8, 8);MoveEast;(1, 7);False;1;1536
;(8, 8);MoveEast;(1, 7);False;1;1537
;(8, 8);MoveEast;(1, 7);False;1;1538
;(8, 8);MoveEast;(1, 7);False;1;1539
;(8, 8);MoveEast;(1, 7);False;1;1540
;(8, 8);MoveEast;(1, 7);False;1;1541
;(8, 8);MoveEast;(1, 7);False;1;1542
MoveEast;(9, 8);MoveEast;(1, 7);False;1;1543
;(9, 8);MoveEast;(1, 7);False;1;1544
;(9, 8);MoveEast;(1, 7);False;1;1545
;(9, 8);MoveEast;(1, 7);False;1;1546
;(9, 8);MoveEast;(2, 7);False;1;1547
;(9, 8);MoveWest;(2, 7);False;1;1548
;(9, 8);MoveWest;(2, 7);False;1;1549
;(9, 8);MoveWest;(2, 7);False;1;1550
;(9, 8);MoveWest;(2, 7);False;1;1551
;(9, 8);MoveWest;(2, 7);False;1;1552
GrabObject;(9, 8);MoveWest;(2, 7);False;1;1553
;(9, 8);MoveWest;(2, 7);False;1;1554
;(9, 8);MoveWest;(2, 7);False;1;1555
;(9, 8);MoveWest;(2, 7);False;1;1556
;(9, 8);MoveWest;(2, 7);False;1;1557
MoveWest;(8, 8);MoveWest;(1, 7);False;1;1558
;(8, 8);MoveWest;(1, 7);False;1;1559
;(8, 8);MoveWest;(1, 7);False;1;1560
;(8, 8);MoveWest;(1, 7);False;1;1561
;(8, 8);MoveWest;(1, 7);False;1;1562
;(8, 8);MoveWest;(1, 7);False;1;1563
;(8, 8);MoveWest;(1, 7);False;1;1564
;(8, 8);MoveWest;(1, 7);False;1;1565
;(8, 8);MoveWest;(1, 7);False;1;1566
MoveWest;(7, 8);MoveWest;(1, 7);False;1;1567
;(7, 8);MoveWest;(1, 7);False;1;1568
;(7, 8);MoveWest;(0, 7);False;1;1569
;(7, 8);MoveEast;(0, 7);False;1;1570
MoveWest;(6, 8);MoveEast;(0, 7);False;1;1571
;(6, 8);MoveEast;(0, 7);False;1;1572
;(6, 8);MoveEast;(0, 7);False;1;1573
MoveWest;(5, 8);MoveEast;(0, 7);False;1;1574
;(5, 8);MoveEast;(0, 7);False;1;1575
;(5, 8);MoveEast;(0, 7);False;1;1576
;(5, 8);MoveEast;(0, 7);False;1;1577
;(5, 8);MoveEast;(0, 7);False;1;1578
DropObject;(5, 8);MoveEast;(0, 7);False;1;1579
;(5, 8);MoveEast;(1, 7);False;1;1580
;(5, 8);MoveEast;(1, 7);False;1;1581
;(5, 8);MoveEast;(1, 7);False;1;1582
;(5, 8);MoveEast;(1, 7);False;1;1583
;(5, 8);MoveEast;(1, 7);False;1;1584
;(5, 8);MoveEast;(1, 7);False;1;1585
;(5, 8);MoveEast;(1, 7);False;1;1586
MoveEast;(6, 8);MoveEast;(1, 7);False;1;1587
;(6, 8);MoveEast;(1, 7);False;1;1588
;(6, 8);MoveEast;(1, 7);False;1;1589
;(6, 8);MoveEast;(1, 7);False;1;1590
MoveEast;(7, 8);MoveEast;(2, 7);False;1;1591
;(7, 8);MoveWest;(2, 7);False;1;1592
;(7, 8);MoveWest;(2, 7);False;1;1593
;(7, 8);MoveWest;(2, 7);False;1;1594
MoveEast;(8, 8);MoveWest;(2, 7);False;1;1595
;(8, 8);MoveWest;(2, 7);False;1;1596
;(8, 8);MoveWest;(2, 7);False;1;1597
MoveEast;(9, 8);MoveWest;(2, 7);False;1;1598
;(9, 8);MoveWest;(2, 7);False;1;1599
;(9, 8);MoveWest;(2, 7);False;1;1600
MoveEast;(10, 8);MoveWest;(2, 7);False;1;1601
;(10, 8);MoveWest;(1, 7);False;1;1602
;(10, 8);MoveWest;(1, 7);False;1;1603
;(10, 8);MoveWest;(1, 7);False;1;1604
MoveEast;(11, 8);MoveWest;(1, 7);False;1;1605
;(11, 8);MoveWest;(1, 7);False;1;1606
;(11, 8);MoveWest;(1, 7);False;1;1607
;(11, 8);MoveWest;(1, 7);False;1;1608
;(11, 8);MoveWest;(1, 7);False;1;1609
;(11, 8);MoveWest;(1, 7);False;1;1610
;(11, 8);MoveWest;(1, 7);False;1;1611
;(11, 8);MoveWest;(1, 7);False;1;1612
;(11, 8);MoveWest;(0, 7);False;1;1613
;(11, 8);MoveEast;(0, 7);False;1;1614
;(11, 8);MoveEast;(0, 7);False;1;1615
;(11, 8);MoveEast;(0, 7);False;1;1616
MoveWest;(10, 8);MoveEast;(0, 7);False;1;1617
;(10, 8);MoveEast;(0, 7);False;1;1618
;(10, 8);MoveEast;(0, 7);False;1;1619
;(10, 8);MoveEast;(0, 7);False;1;1620
GrabObject;(10, 8);MoveEast;(0, 7);False;1;1621
;(10, 8);MoveEast;(0, 7);False;1;1622
;(10, 8);MoveEast;(0, 7);False;1;1623
;(10, 8);MoveEast;(1, 7);False;1;1624
;(10, 8);MoveEast;(1, 7);False;1;1625
;(10, 8);MoveEast;(1, 7);False;1;1626
;(10, 8);MoveEast;(1, 7);False;1;1627
;(10, 8);MoveEast;(1, 7);False;1;1628
;(10, 8);MoveEast;(1, 7);False;1;1629
;(10, 8);MoveEast;(1, 7);False;1;1630
MoveWest;(9, 8);MoveEast;(1, 7);False;1;1631
;(9, 8);MoveEast;(1, 7);False;1;1632
;(9, 8);MoveEast;(1, 7);False;1;1633
;(9, 8);MoveEast;(1, 7);False;1;1634
;(9, 8);MoveEast;(2, 7);False;1;1635
;(9, 8);MoveWest;(2, 7);False;1;1636
;(9, 8);MoveWest;(2, 7);False;1;1637
;(9, 8);MoveWest;(2, 7);False;1;1638
;(9, 8);MoveWest;(2, 7);False;1;1639
;(9, 8);MoveWest;(2, 7);False;1;1640
;(9, 8);MoveWest;(2, 7);False;1;1641
;(9, 8);MoveWest;(2, 7);False;1;1642
;(9, 8);MoveWest;(2, 7);False;1;1643
;(9, 8);MoveWest;(2, 7);False;1;1644
;(9, 8);MoveWest;(2, 7);False;1;1645
;(9, 8);MoveWest;(1, 7);False;1;1646
;(9, 8);MoveWest;(1, 7);False;1;1647
;(9, 8);MoveWest;(1, 7);False;1;1648
;(9, 8);MoveWest;(1, 7);False;1;1649
;(9, 8);MoveWest;(1, 7);False;1;1650
MoveWest;(8, 8);MoveWest;(1, 7);False;1;1651
;(8, 8);MoveWest;(1, 7);False;1;1652
;(8, 8);MoveWest;(1, 7);False;1;1653
;(8, 8);MoveWest;(1, 7);False;1;1654
;(8, 8);MoveWest;(1, 7);False;1;1655
MoveWest;(7, 8);MoveWest;(1, 7);False;1;1656
;(7, 8);MoveWest;(0, 7);False;1;1657
;(7, 8);;(0, 7);False;1;1658
;(7, 8);Idle;(0, 7);False;1;1659
MoveWest;(6, 8);Idle;(0, 7);False;1;1660
;(6, 8);Idle;(0, 7);False;1;1661
;(6, 8);Idle;(0, 7);False;1;1662
;(6, 8);Idle;(0, 7);False;1;1663
;(6, 8);Idle;(0, 7);False;1;1664
;(6, 8);Idle;(0, 7);False;1;1665
;(6, 8);Idle;(0, 7);False;1;1666
;(6, 8);Idle;(0, 7);False;1;1667
;(6, 8);Idle;(0, 7);False;1;1668
;(6, 8);Idle;(0, 7);False;1;1669
;(6, 8);Idle;(0, 7);False;1;1670
;(6, 8);Idle;(0, 7);False;1;1671
;(6, 8);Idle;(0, 7);False;1;1672
;(6, 8);Idle;(0, 7);False;1;1673
;(6, 8);Idle;(0, 7);False;1;1674
;(6, 8);Idle;(0, 7);False;1;1675
DropObject;(6, 8);Idle;(0, 7);False;1;1676
;(6, 8);Idle;(0, 7);False;1;1677
;(6, 8);Idle;(0, 7);False;1;1678
;(6, 8);Idle;(0, 7);False;1;1679
;(6, 8);Idle;(0, 7);False;1;1680
;(6, 8);Idle;(0, 7);False;1;1681
;(6, 8);Idle;(0, 7);False;1;1682
;(6, 8);Idle;(0, 7);False;1;1683
;(6, 8);Idle;(0, 7);False;1;1684
;(6, 8);Idle;(0, 7);False;1;1685
;(6, 8);Idle;(0, 7);False;1;1686
;(6, 8);Idle;(0, 7);False;1;1687
;(6, 8);Idle;(0, 7);False;1;1688
;(6, 8);Idle;(0, 7);False;1;1689
;(6, 8);Idle;(0, 7);False;1;1690
;(6, 8);Idle;(0, 7);False;1;1691
;(6, 8);Idle;(0, 7);False;1;1692
;(6, 8);Idle;(0, 7);False;1;1693
MoveEast;(7, 8);Idle;(0, 7);False;1;1694
;(7, 8);Idle;(0, 7);False;1;1695
;(7, 8);Idle;(0, 7);False;1;1696
;(7, 8);Idle;(0, 7);False;1;1697
;(7, 8);Idle;(0, 7);False;1;1698
MoveEast;(8, 8);Idle;(0, 7);False;1;1699
;(8, 8);Idle;(0, 7);False;1;1700
;(8, 8);Idle;(0, 7);False;1;1701
;(8, 8);Idle;(0, 7);False;1;1702
MoveEast;(9, 8);Idle;(0, 7);False;1;1703
;(9, 8);Idle;(0, 7);False;1;1704
;(9, 8);Idle;(0, 7);False;1;1705
;(9, 8);Idle;(0, 7);False;1;1706
;(9, 8);Idle;(0, 7);False;1;1707
;(9, 8);Idle;(0, 7);False;1;1708
;(9, 8);Idle;(0, 7);False;1;1709
;(9, 8);Idle;(0, 7);False;1;1710
;(9, 8);Idle;(0, 7);False;1;1711
;(9, 8);Idle;(0, 7);False;1;1712
;(9, 8);Idle;(0, 7);False;1;1713
;(9, 8);;(0, 7);False;1;1714
;(9, 8);MoveEast;(0, 7);False;1;1715
;(9, 8);MoveEast;(0, 7);False;1;1716
;(9, 8);MoveEast;(0, 7);False;1;1717
;(9, 8);MoveEast;(0, 7);False;1;1718
;(9, 8);MoveEast;(0, 7);False;1;1719
;(9, 8);MoveEast;(0, 7);False;1;1720
;(9, 8);MoveEast;(0, 7);False;1;1721
;(9, 8);MoveEast;(0, 7);False;1;1722
;(9, 8);MoveEast;(0, 7);False;1;1723
;(9, 8);MoveEast;(0, 7);False;1;1724
;(9, 8);MoveEast;(1, 7);False;1;1725
;(9, 8);MoveEast;(1, 7);False;1;1726
MoveNorth;(9, 7);MoveEast;(1, 7);False;1;1727
;(9, 7);MoveEast;(1, 7);False;1;1728
;(9, 7);MoveEast;(1, 7);False;1;1729
;(9, 7);MoveEast;(1, 7);False;1;1730
;(9, 7);MoveEast;(1, 7);False;1;1731
;(9, 7);MoveEast;(1, 7);False;1;1732
;(9, 7);MoveEast;(1, 7);False;1;1733
;(9, 7);MoveEast;(1, 7);False;1;1734
;(9, 7);MoveEast;(1, 7);False;1;1735
;(9, 7);MoveEast;(2, 7);False;1;1736
;(9, 7);MoveEast;(2, 7);False;1;1737
MoveEast;(10, 7);MoveEast;(2, 7);False;1;1738
;(10, 7);MoveEast;(2, 7);False;1;1739
;(10, 7);MoveEast;(2, 7);False;1;1740
;(10, 7);MoveEast;(2, 7);False;1;1741
;(10, 7);MoveEast;(2, 7);False;1;1742
;(10, 7);MoveEast;(2, 7);False;1;1743
;(10, 7);MoveEast;(2, 7);False;1;1744
;(10, 7);MoveEast;(2, 7);False;1;1745
;(10, 7);MoveEast;(2, 7);False;1;1746
;(10, 7);MoveEast;(3, 7);False;1;1747
;(10, 7);MoveEast;(3, 7);False;1;1748
;(10, 7);MoveEast;(3, 7);False;1;1749
;(10, 7);MoveEast;(3, 7);False;1;1750
;(10, 7);MoveEast;(3, 7);False;1;1751
;(10, 7);MoveEast;(3, 7);False;1;1752
;(10, 7);MoveEast;(3, 7);False;1;1753
;(10, 7);MoveEast;(3, 7);False;1;1754
;(10, 7);MoveEast;(3, 7);False;1;1755
;(10, 7);MoveEast;(3, 7);False;1;1756
;(10, 7);MoveEast;(3, 7);False;1;1757
;(10, 7);MoveEast;(4, 7);False;1;1758
;(10, 7);MoveEast;(4, 7);False;1;1759
;(10, 7);MoveEast;(4, 7);False;1;1760
;(10, 7);MoveEast;(4, 7);False;1;1761
;(10, 7);MoveEast;(4, 7);False;1;1762
;(10, 7);MoveEast;(4, 7);False;1;1763
;(10, 7);MoveEast;(4, 7);False;1;1764
;(10, 7);MoveEast;(4, 7);False;1;1765
;(10, 7);MoveEast;(4, 7);False;1;1766
;(10, 7);MoveEast;(4, 7);False;1;1767
;(10, 7);MoveEast;(4, 7);False;1;1768
;(10, 7);MoveEast;(5, 7);False;1;1769
;(10, 7);MoveEast;(5, 7);False;1;1770
;(10, 7);MoveEast;(5, 7);False;1;1771
;(10, 7);MoveEast;(5, 7);False;1;1772
;(10, 7);MoveEast;(5, 7);False;1;1773
;(10, 7);MoveEast;(5, 7);False;1;1774
;(10, 7);MoveEast;(5, 7);False;1;1775
;(10, 7);MoveEast;(5, 7);False;1;1776
;(10, 7);MoveEast;(5, 7);False;1;1777
;(10, 7);MoveEast;(5, 7);False;1;1778
;(10, 7);MoveEast;(5, 7);False;1;1779
;(10, 7);MoveEast;(6, 7);False;1;1780
;(10, 7);MoveEast;(6, 7);False;1;1781
;(10, 7);MoveEast;(6, 7);False;1;1782
;(10, 7);MoveEast;(6, 7);False;1;1783
;(10, 7);MoveEast;(6, 7);False;1;1784
;(10, 7);MoveEast;(6, 7);False;1;1785
;(10, 7);MoveEast;(6, 7);False;1;1786
;(10, 7);MoveEast;(6, 7);False;1;1787
;(10, 7);MoveEast;(6, 7);False;1;1788
;(10, 7);MoveEast;(6, 7);False;1;1789
;(10, 7);MoveEast;(6, 7);False;1;1790
;(10, 7);MoveEast;(7, 7);False;1;1791
;(10, 7);MoveEast;(7, 7);False;1;1792
;(10, 7);MoveEast;(7, 7);False;1;1793
;(10, 7);MoveEast;(7, 7);False;1;1794
;(10, 7);MoveEast;(7, 7);False;1;1795
;(10, 7);MoveEast;(7, 7);False;1;1796
;(10, 7);MoveEast;(7, 7);False;1;1797
;(10, 7);MoveEast;(7, 7);False;1;1798
;(10, 7);MoveEast;(7, 7);False;1;1799
;(10, 7);MoveEast;(7, 7);False;1;1800
;(10, 7);MoveEast;(7, 7);False;1;1801
;(10, 7);MoveEast;(8, 7);False;1;1802
;(10, 7);MoveEast;(8, 7);False;1;1803
;(10, 7);MoveEast;(8, 7);False;1;1804
;(10, 7);MoveEast;(8, 7);False;1;1805
;(10, 7);MoveEast;(8, 7);False;1;1806
;(10, 7);MoveEast;(8, 7);False;1;1807
;(10, 7);MoveEast;(8, 7);False;1;1808
;(10, 7);MoveEast;(8, 7);False;1;1809
;(10, 7);MoveEast;(8, 7);False;1;1810
;(10, 7);MoveEast;(8, 7);False;1;1811
;(10, 7);MoveEast;(8, 7);False;1;1812
;(10, 7);MoveEast;(9, 7);False;1;1813
;(10, 7);MoveEast;(9, 7);False;1;1814
;(10, 7);MoveEast;(9, 7);False;1;1815
;(10, 7);MoveEast;(9, 7);False;1;1816
;(10, 7);MoveEast;(9, 7);False;1;1817
;(10, 7);MoveEast;(9, 7);False;1;1818
;(10, 7);MoveEast;(9, 7);False;1;1819
;(10, 7);MoveEast;(9, 7);False;1;1820
;(10, 7);MoveEast;(9, 7);False;1;1821
;(10, 7);MoveEast;(9, 7);False;1;1822
;(10, 7);MoveEast;(9, 7);False;1;1823
;(10, 7);MoveEast;(10, 7);False;1;1824
;(10, 7);MoveSouthEast;(10, 7);False;1;1825
;(10, 7);MoveSouthEast;(10, 7);False;1;1826
;(10, 7);MoveSouthEast;(10, 7);False;1;1827
;(10, 7);MoveSouthEast;(10, 7);False;1;1828
;(10, 7);MoveSouthEast;(10, 7);False;1;1829
;(10, 7);MoveSouthEast;(10, 7);False;1;1830
;(10, 7);MoveSouthEast;(10, 7);False;1;1831
;(10, 7);MoveSouthEast;(10, 7);False;1;1832
;(10, 7);MoveSouthEast;(10, 7);False;1;1833
;(10, 7);MoveSouthEast;(10, 7);False;1;1834
;(10, 7);MoveSouthEast;(11, 8);False;1;1835
;(10, 7);GrabObject;(11, 8);False;1;1836
;(10, 7);GrabObject;(11, 8);False;1;1837
;(10, 7);GrabObject;(11, 8);False;1;1838
;(10, 7);GrabObject;(11, 8);False;1;1839
;(10, 7);GrabObject;(11, 8);False;1;1840
;(10, 7);GrabObject;(11, 8);False;1;1841
;(10, 7);GrabObject;(11, 8);False;1;1842
;(10, 7);GrabObject;(11, 8);False;1;1843
;(10, 7);GrabObject;(11, 8);False;1;1844
;(10, 7);GrabObject;(11, 8);False;1;1845
;(10, 7);GrabObject;(11, 8);False;1;1846
;(10, 7);;(11, 8);False;1;1847
;(10, 7);MoveEast;(11, 8);False;1;1848
;(10, 7);MoveEast;(11, 8);False;1;1849
;(10, 7);MoveEast;(11, 8);False;1;1850
;(10, 7);MoveEast;(11, 8);False;1;1851
;(10, 7);MoveEast;(11, 8);False;1;1852
;(10, 7);MoveEast;(11, 8);False;1;1853
;(10, 7);MoveEast;(11, 8);False;1;1854
;(10, 7);MoveEast;(11, 8);False;1;1855
;(10, 7);MoveEast;(11, 8);False;1;1856
;(10, 7);MoveEast;(11, 8);False;1;1857
;(10, 7);MoveEast;(12, 8);False;1;1858
;(10, 7);MoveEast;(12, 8);False;1;1859
;(10, 7);MoveEast;(12, 8);False;1;1860
;(10, 7);MoveEast;(12, 8);False;1;1861
;(10, 7);MoveEast;(12, 8);False;1;1862
;(10, 7);MoveEast;(12, 8);False;1;1863
;(10, 7);MoveEast;(12, 8);False;1;1864
;(10, 7);MoveEast;(12, 8);False;1;1865
;(10, 7);MoveEast;(12, 8);False;1;1866
;(10, 7);MoveEast;(12, 8);False;1;1867
;(10, 7);MoveEast;(12, 8);False;1;1868
;(10, 7);MoveEast;(13, 8);False;1;1869
;(10, 7);MoveWest;(13, 8);False;1;1870
;(10, 7);MoveWest;(13, 8);False;1;1871
;(10, 7);MoveWest;(13, 8);False;1;1872
;(10, 7);MoveWest;(13, 8);False;1;1873
;(10, 7);MoveWest;(13, 8);False;1;1874
;(10, 7);MoveWest;(13, 8);False;1;1875
;(10, 7);MoveWest;(13, 8);False;1;1876
;(10, 7);MoveWest;(13, 8);False;1;1877
;(10, 7);MoveWest;(13, 8);False;1;1878
;(10, 7);MoveWest;(13, 8);False;1;1879
;(10, 7);MoveWest;(12, 8);False;1;1880
;(10, 7);MoveWest;(12, 8);False;1;1881
;(10, 7);MoveWest;(12, 8);False;1;1882
;(10, 7);MoveWest;(12, 8);False;1;1883
;(10, 7);MoveWest;(12, 8);False;1;1884
;(10, 7);MoveWest;(12, 8);False;1;1885
;(10, 7);MoveWest;(12, 8);False;1;1886
;(10, 7);MoveWest;(12, 8);False;1;1887
;(10, 7);MoveWest;(12, 8);False;1;1888
;(10, 7);MoveWest;(12, 8);False;1;1889
;(10, 7);MoveWest;(12, 8);False;1;1890
;(10, 7);MoveWest;(11, 8);False;1;1891
;(10, 7);MoveEast;(11, 8);False;1;1892
;(10, 7);MoveEast;(11, 8);False;1;1893
;(10, 7);MoveEast;(11, 8);False;1;1894
;(10, 7);MoveEast;(11, 8);False;1;1895
;(10, 7);MoveEast;(11, 8);False;1;1896
;(10, 7);MoveEast;(11, 8);False;1;1897
;(10, 7);MoveEast;(11, 8);False;1;1898
;(10, 7);MoveEast;(11, 8);False;1;1899
;(10, 7);MoveEast;(11, 8);False;1;1900
;(10, 7);MoveEast;(11, 8);False;1;1901
;(10, 7);MoveEast;(12, 8);False;1;1902
;(10, 7);MoveEast;(12, 8);False;1;1903
;(10, 7);MoveEast;(12, 8);False;1;1904
;(10, 7);MoveEast;(12, 8);False;1;1905
;(10, 7);MoveEast;(12, 8);False;1;1906
;(10, 7);MoveEast;(12, 8);False;1;1907
;(10, 7);MoveEast;(12, 8);False;1;1908
;(10, 7);MoveEast;(12, 8);False;1;1909
;(10, 7);MoveEast;(12, 8);False;1;1910
;(10, 7);MoveEast;(12, 8);False;1;1911
;(10, 7);MoveEast;(12, 8);False;1;1912
;(10, 7);MoveEast;(13, 8);False;1;1913
;(10, 7);MoveWest;(13, 8);False;1;1914
;(10, 7);MoveWest;(13, 8);False;1;1915
;(10, 7);MoveWest;(13, 8);False;1;1916
;(10, 7);MoveWest;(13, 8);False;1;1917
;(10, 7);MoveWest;(13, 8);False;1;1918
;(10, 7);MoveWest;(13, 8);False;1;1919
;(10, 7);MoveWest;(13, 8);False;1;1920
;(10, 7);MoveWest;(13, 8);False;1;1921
;(10, 7);MoveWest;(13, 8);False;1;1922
;(10, 7);MoveWest;(13, 8);False;1;1923
;(10, 7);MoveWest;(12, 8);False;1;1924
;(10, 7);MoveWest;(12, 8);False;1;1925
;(10, 7);MoveWest;(12, 8);False;1;1926
;(10, 7);MoveWest;(12, 8);False;1;1927
;(10, 7);MoveWest;(12, 8);False;1;1928
;(10, 7);MoveWest;(12, 8);False;1;1929
;(10, 7);MoveWest;(12, 8);False;1;1930
;(10, 7);MoveWest;(12, 8);False;1;1931
;(10, 7);MoveWest;(12, 8);False;1;1932
;(10, 7);MoveWest;(12, 8);False;1;1933
;(10, 7);MoveWest;(12, 8);False;1;1934
;(10, 7);MoveWest;(11, 8);False;1;1935
;(10, 7);MoveEast;(11, 8);False;1;1936
;(10, 7);MoveEast;(11, 8);False;1;1937
;(10, 7);MoveEast;(11, 8);False;1;1938
;(10, 7);MoveEast;(11, 8);False;1;1939
;(10, 7);MoveEast;(11, 8);False;1;1940
;(10, 7);MoveEast;(11, 8);False;1;1941
;(10, 7);MoveEast;(11, 8);False;1;1942
;(10, 7);MoveEast;(11, 8);False;1;1943
;(10, 7);MoveEast;(11, 8);False;1;1944
;(10, 7);MoveEast;(11, 8);False;1;1945
;(10, 7);MoveEast;(12, 8);False;1;1946
;(10, 7);MoveEast;(12, 8);False;1;1947
;(10, 7);MoveEast;(12, 8);False;1;1948
;(10, 7);MoveEast;(12, 8);False;1;1949
;(10, 7);MoveEast;(12, 8);False;1;1950
;(10, 7);MoveEast;(12, 8);False;1;1951
;(10, 7);MoveEast;(12, 8);False;1;1952
;(10, 7);MoveEast;(12, 8);False;1;1953
;(10, 7);MoveEast;(12, 8);False;1;1954
;(10, 7);MoveEast;(12, 8);False;1;1955
;(10, 7);MoveEast;(12, 8);False;1;1956
;(10, 7);MoveEast;(13, 8);False;1;1957
;(10, 7);MoveWest;(13, 8);False;1;1958
;(10, 7);MoveWest;(13, 8);False;1;1959
;(10, 7);MoveWest;(13, 8);False;1;1960
;(10, 7);MoveWest;(13, 8);False;1;1961
;(10, 7);MoveWest;(13, 8);False;1;1962
;(10, 7);MoveWest;(13, 8);False;1;1963
;(10, 7);MoveWest;(13, 8);False;1;1964
;(10, 7);MoveWest;(13, 8);False;1;1965
;(10, 7);MoveWest;(13, 8);False;1;1966
;(10, 7);MoveWest;(13, 8);False;1;1967
;(10, 7);MoveWest;(12, 8);False;1;1968
;(10, 7);MoveWest;(12, 8);False;1;1969
;(10, 7);MoveWest;(12, 8);False;1;1970
;(10, 7);MoveWest;(12, 8);False;1;1971
;(10, 7);MoveWest;(12, 8);False;1;1972
;(10, 7);MoveWest;(12, 8);False;1;1973
;(10, 7);MoveWest;(12, 8);False;1;1974
;(10, 7);MoveWest;(12, 8);False;1;1975
;(10, 7);MoveWest;(12, 8);False;1;1976
;(10, 7);MoveWest;(12, 8);False;1;1977
;(10, 7);MoveWest;(12, 8);False;1;1978
;(10, 7);MoveWest;(11, 8);False;1;1979
;(10, 7);;(11, 8);False;1;1980
;(10, 7);Idle;(11, 8);False;1;1981
;(10, 7);Idle;(11, 8);False;1;1982
;(10, 7);Idle;(11, 8);False;1;1983
;(10, 7);Idle;(11, 8);False;1;1984
;(10, 7);Idle;(11, 8);False;1;1985
;(10, 7);Idle;(11, 8);False;1;1986
;(10, 7);Idle;(11, 8);False;1;1987
;(10, 7);Idle;(11, 8);False;1;1988
;(10, 7);Idle;(11, 8);False;1;1989
;(10, 7);Idle;(11, 8);False;1;1990
;(10, 7);Idle;(11, 8);False;1;1991
;(10, 7);Idle;(11, 8);False;1;1992
;(10, 7);Idle;(11, 8);False;1;1993
;(10, 7);Idle;(11, 8);False;1;1994
;(10, 7);Idle;(11, 8);False;1;1995
;(10, 7);Idle;(11, 8);False;1;1996
;(10, 7);Idle;(11, 8);False;1;1997
;(10, 7);Idle;(11, 8);False;1;1998
;(10, 7);Idle;(11, 8);False;1;1999
;(10, 7);Idle;(11, 8);False;1;2000
;(10, 7);Idle;(11, 8);False;1;2001
;(10, 7);Idle;(11, 8);False;1;2002
;(10, 7);Idle;(11, 8);False;1;2003
;(10, 7);Idle;(11, 8);False;1;2004
;(10, 7);Idle;(11, 8);False;1;2005
;(10, 7);Idle;(11, 8);False;1;2006
;(10, 7);Idle;(11, 8);False;1;2007
;(10, 7);Idle;(11, 8);False;1;2008
;(10, 7);Idle;(11, 8);False;1;2009
;(10, 7);Idle;(11, 8);False;1;2010
;(10, 7);Idle;(11, 8);False;1;2011
;(10, 7);Idle;(11, 8);False;1;2012
;(10, 7);Idle;(11, 8);False;1;2013
;(10, 7);Idle;(11, 8);False;1;2014
;(10, 7);Idle;(11, 8);False;1;2015
;(10, 7);Idle;(11, 8);False;1;2016
;(10, 7);Idle;(11, 8);False;1;2017
;(10, 7);Idle;(11, 8);False;1;2018
;(10, 7);Idle;(11, 8);False;1;2019
;(10, 7);Idle;(11, 8);False;1;2020
;(10, 7);Idle;(11, 8);False;1;2021
;(10, 7);Idle;(11, 8);False;1;2022
;(10, 7);Idle;(11, 8);False;1;2023
;(10, 7);Idle;(11, 8);False;1;2024
;(10, 7);Idle;(11, 8);False;1;2025
;(10, 7);Idle;(11, 8);False;1;2026
;(10, 7);Idle;(11, 8);False;1;2027
;(10, 7);Idle;(11, 8);False;1;2028
;(10, 7);Idle;(11, 8);False;1;2029
;(10, 7);Idle;(11, 8);False;1;2030
;(10, 7);Idle;(11, 8);False;1;2031
;(10, 7);Idle;(11, 8);False;1;2032
;(10, 7);Idle;(11, 8);False;1;2033
;(10, 7);Idle;(11, 8);False;1;2034
;(10, 7);Idle;(11, 8);False;1;2035
;(10, 7);;(11, 8);False;1;2036
;(10, 7);MoveEast;(11, 8);False;1;2037
;(10, 7);MoveEast;(11, 8);False;1;2038
;(10, 7);MoveEast;(11, 8);False;1;2039
;(10, 7);MoveEast;(11, 8);False;1;2040
;(10, 7);MoveEast;(11, 8);False;1;2041
;(10, 7);MoveEast;(11, 8);False;1;2042
;(10, 7);MoveEast;(11, 8);False;1;2043
;(10, 7);MoveEast;(11, 8);False;1;2044
;(10, 7);MoveEast;(11, 8);False;1;2045
;(10, 7);MoveEast;(11, 8);False;1;2046
;(10, 7);MoveEast;(12, 8);False;1;2047
;(10, 7);GrabObject;(12, 8);False;1;2048
;(10, 7);GrabObject;(12, 8);False;1;2049
;(10, 7);GrabObject;(12, 8);False;1;2050
;(10, 7);GrabObject;(12, 8);False;1;2051
;(10, 7);GrabObject;(12, 8);False;1;2052
;(10, 7);GrabObject;(12, 8);False;1;2053
;(10, 7);GrabObject;(12, 8);False;1;2054
;(10, 7);GrabObject;(12, 8);False;1;2055
;(10, 7);GrabObject;(12, 8);False;1;2056
;(10, 7);GrabObject;(12, 8);False;1;2057
;(10, 7);GrabObject;(12, 8);False;1;2058
;(10, 7);;(12, 8);False;1;2059
;(10, 7);MoveEast;(12, 8);False;1;2060
;(10, 7);MoveEast;(12, 8);False;1;2061
;(10, 7);MoveEast;(12, 8);False;1;2062
;(10, 7);MoveEast;(12, 8);False;1;2063
;(10, 7);MoveEast;(12, 8);False;1;2064
;(10, 7);MoveEast;(12, 8);False;1;2065
;(10, 7);MoveEast;(12, 8);False;1;2066
;(10, 7);MoveEast;(12, 8);False;1;2067
;(10, 7);MoveEast;(12, 8);False;1;2068
;(10, 7);MoveEast;(12, 8);False;1;2069
;(10, 7);MoveEast;(13, 8);False;1;2070
;(10, 7);GrabObject;(13, 8);False;1;2071
;(10, 7);GrabObject;(13, 8);False;1;2072
;(10, 7);GrabObject;(13, 8);False;1;2073
;(10, 7);GrabObject;(13, 8);False;1;2074
;(10, 7);GrabObject;(13, 8);False;1;2075
;(10, 7);GrabObject;(13, 8);False;1;2076
;(10, 7);GrabObject;(13, 8);False;1;2077
;(10, 7);GrabObject;(13, 8);False;1;2078
;(10, 7);GrabObject;(13, 8);False;1;2079
;(10, 7);GrabObject;(13, 8);False;1;2080
;(10, 7);GrabObject;(13, 8);False;1;2081
;(10, 7);;(13, 8);False;1;2082
;(10, 7);MoveSouthWest;(13, 8);False;1;2083
;(10, 7);MoveSouthWest;(13, 8);False;1;2084
;(10, 7);MoveSouthWest;(13, 8);False;1;2085
;(10, 7);MoveSouthWest;(13, 8);False;1;2086
;(10, 7);MoveSouthWest;(13, 8);False;1;2087
;(10, 7);MoveSouthWest;(13, 8);False;1;2088
;(10, 7);MoveSouthWest;(13, 8);False;1;2089
;(10, 7);MoveSouthWest;(13, 8);False;1;2090
;(10, 7);MoveSouthWest;(13, 8);False;1;2091
;(10, 7);MoveSouthWest;(13, 8);False;1;2092
;(10, 7);MoveSouthWest;(12, 9);False;1;2093
;(10, 7);GrabObject;(12, 9);False;1;2094
;(10, 7);GrabObject;(12, 9);False;1;2095
;(10, 7);GrabObject;(12, 9);False;1;2096
;(10, 7);GrabObject;(12, 9);False;1;2097
;(10, 7);GrabObject;(12, 9);False;1;2098
;(10, 7);GrabObject;(12, 9);False;1;2099
;(10, 7);GrabObject;(12, 9);False;1;2100
;(10, 7);GrabObject;(12, 9);False;1;2101
;(10, 7);GrabObject;(12, 9);False;1;2102
;(10, 7);GrabObject;(12, 9);False;1;2103
;(10, 7);GrabObject;(12, 9);False;1;2104
;(10, 7);;(12, 9);False;1;2105
;(10, 7);MoveEast;(12, 9);False;1;2106
;(10, 7);MoveEast;(12, 9);False;1;2107
;(10, 7);MoveEast;(12, 9);False;1;2108
;(10, 7);MoveEast;(12, 9);False;1;2109
;(10, 7);MoveEast;(12, 9);False;1;2110
;(10, 7);MoveEast;(12, 9);False;1;2111
;(10, 7);MoveEast;(12, 9);False;1;2112
;(10, 7);MoveEast;(12, 9);False;1;2113
;(10, 7);MoveEast;(12, 9);False;1;2114
;(10, 7);MoveEast;(12, 9);False;1;2115
;(10, 7);MoveEast;(13, 9);False;1;2116
;(10, 7);GrabObject;(13, 9);False;1;2117
;(10, 7);GrabObject;(13, 9);False;1;2118
;(10, 7);GrabObject;(13, 9);False;1;2119
;(10, 7);GrabObject;(13, 9);False;1;2120
;(10, 7);GrabObject;(13, 9);False;1;2121
;(10, 7);GrabObject;(13, 9);False;1;2122
;(10, 7);GrabObject;(13, 9);False;1;2123
;(10, 7);GrabObject;(13, 9);False;1;2124
;(10, 7);GrabObject;(13, 9);False;1;2125
;(10, 7);GrabObject;(13, 9);False;1;2126
;(10, 7);GrabObject;(13, 9);False;1;2127
;(10, 7);;(13, 9);False;1;2128
;(10, 7);MoveNorthEast;(13, 9);False;1;2129
;(10, 7);MoveNorthEast;(13, 9);False;1;2130
;(10, 7);MoveNorthEast;(13, 9);False;1;2131
;(10, 7);MoveNorthEast;(13, 9);False;1;2132
;(10, 7);MoveNorthEast;(13, 9);False;1;2133
;(10, 7);MoveNorthEast;(13, 9);False;1;2134
;(10, 7);MoveNorthEast;(13, 9);False;1;2135
;(10, 7);MoveNorthEast;(13, 9);False;1;2136
;(10, 7);MoveNorthEast;(13, 9);False;1;2137
;(10, 7);MoveNorthEast;(13, 9);False;1;2138
;(10, 7);MoveNorthEast;(14, 8);False;1;2139
;(10, 7);MoveEast;(14, 8);False;1;2140
;(10, 7);MoveEast;(14, 8);False;1;2141
;(10, 7);MoveEast;(14, 8);False;1;2142
;(10, 7);MoveEast;(14, 8);False;1;2143
;(10, 7);MoveEast;(14, 8);False;1;2144
;(10, 7);MoveEast;(14, 8);False;1;2145
;(10, 7);MoveEast;(14, 8);False;1;2146
;(10, 7);MoveEast;(14, 8);False;1;2147
;(10, 7);MoveEast;(14, 8);False;1;2148
;(10, 7);MoveEast;(14, 8);False;1;2149
;(10, 7);MoveEast;(15, 8);False;1;2150
;(10, 7);MoveNorthEast;(15, 8);False;1;2151
;(10, 7);MoveNorthEast;(15, 8);False;1;2152
;(10, 7);MoveNorthEast;(15, 8);False;1;2153
;(10, 7);MoveNorthEast;(15, 8);False;1;2154
;(10, 7);MoveNorthEast;(15, 8);False;1;2155
;(10, 7);MoveNorthEast;(15, 8);False;1;2156
;(10, 7);MoveNorthEast;(15, 8);False;1;2157
;(10, 7);MoveNorthEast;(15, 8);False;1;2158
MoveSouth;(10, 8);MoveNorthEast;(15, 8);False;1;2159
;(10, 8);MoveNorthEast;(15, 8);False;1;2160
;(10, 8);MoveNorthEast;(16, 7);False;1;2161
;(10, 8);DropObject;(16, 7);False;1;2162
;(10, 8);DropObject;(16, 7);False;1;2163
;(10, 8);DropObject;(16, 7);False;1;2164
;(10, 8);DropObject;(16, 7);False;1;2165
;(10, 8);DropObject;(16, 7);False;1;2166
;(10, 8);DropObject;(16, 7);False;1;2167
;(10, 8);DropObject;(16, 7);False;1;2168
;(10, 8);DropObject;(16, 7);False;1;2169
;(10, 8);DropObject;(16, 7);False;1;2170
;(10, 8);DropObject;(16, 7);False;1;2171
;(10, 8);DropObject;(16, 7);False;1;2172
MoveWest;(9, 8);DropObject;(16, 7);False;1;2173
;(9, 8);DropObject;(16, 7);False;1;2174
;(9, 8);DropObject;(16, 7);False;1;2175
;(9, 8);DropObject;(16, 7);False;1;2176
;(9, 8);DropObject;(16, 7);False;1;2177
;(9, 8);DropObject;(16, 7);False;1;2178
;(9, 8);DropObject;(16, 7);False;1;2179
;(9, 8);DropObject;(16, 7);False;1;2180
;(9, 8);DropObject;(16, 7);False;1;2181
;(9, 8);DropObject;(16, 7);False;1;2182
;(9, 8);DropObject;(16, 7);False;1;2183
;(9, 8);DropObject;(16, 7);False;1;2184
;(9, 8);DropObject;(16, 7);False;1;2185
;(9, 8);DropObject;(16, 7);False;1;2186
;(9, 8);DropObject;(16, 7);False;1;2187
;(9, 8);DropObject;(16, 7);False;1;2188
;(9, 8);DropObject;(16, 7);False;1;2189
;(9, 8);DropObject;(16, 7);False;1;2190
;(9, 8);DropObject;(16, 7);False;1;2191
MoveSouth;(9, 9);DropObject;(16, 7);False;1;2192
;(9, 9);DropObject;(16, 7);False;1;2193
;(9, 9);DropObject;(16, 7);False;1;2194
;(9, 9);DropObject;(16, 7);False;1;2195
;(9, 9);DropObject;(16, 7);False;1;2196
;(9, 9);DropObject;(16, 7);False;1;2197
;(9, 9);DropObject;(16, 7);False;1;2198
;(9, 9);DropObject;(16, 7);False;1;2199
;(9, 9);DropObject;(16, 7);False;1;2200
;(9, 9);DropObject;(16, 7);False;1;2201
;(9, 9);DropObject;(16, 7);False;1;2202
;(9, 9);DropObject;(16, 7);False;1;2203
;(9, 9);DropObject;(16, 7);False;1;2204
;(9, 9);DropObject;(16, 7);False;1;2205
;(9, 9);DropObject;(16, 7);False;1;2206
;(9, 9);DropObject;(16, 7);False;1;2207
;(9, 9);DropObject;(16, 7);False;1;2208
;(9, 9);DropObject;(16, 7);False;1;2209
;(9, 9);DropObject;(16, 7);False;1;2210
;(9, 9);DropObject;(16, 7);False;1;2211
;(9, 9);DropObject;(16, 7);False;1;2212
;(9, 9);DropObject;(16, 7);False;1;2213
;(9, 9);DropObject;(16, 7);False;1;2214
;(9, 9);DropObject;(16, 7);False;1;2215
;(9, 9);DropObject;(16, 7);False;1;2216
;(9, 9);;(16, 7);False;1;2217
;(9, 9);MoveWest;(16, 7);False;1;2218
;(9, 9);MoveWest;(16, 7);False;1;2219
;(9, 9);MoveWest;(16, 7);False;1;2220
;(9, 9);MoveWest;(16, 7);False;1;2221
;(9, 9);MoveWest;(16, 7);False;1;2222
;(9, 9);MoveWest;(16, 7);False;1;2223
;(9, 9);MoveWest;(16, 7);False;1;2224
MoveEast;(10, 9);MoveWest;(16, 7);False;1;2225
;(10, 9);MoveWest;(16, 7);False;1;2226
;(10, 9);MoveWest;(16, 7);False;1;2227
;(10, 9);MoveWest;(15, 7);False;1;2228
;(10, 9);MoveWest;(15, 7);False;1;2229
;(10, 9);MoveWest;(15, 7);False;1;2230
;(10, 9);MoveWest;(15, 7);False;1;2231
;(10, 9);MoveWest;(15, 7);False;1;2232
;(10, 9);MoveWest;(15, 7);False;1;2233
;(10, 9);MoveWest;(15, 7);False;1;2234
;(10, 9);MoveWest;(15, 7);False;1;2235
;(10, 9);MoveWest;(15, 7);False;1;2236
;(10, 9);MoveWest;(15, 7);False;1;2237
;(10, 9);MoveWest;(15, 7);False;1;2238
;(10, 9);MoveWest;(14, 7);False;1;2239
;(10, 9);MoveWest;(14, 7);False;1;2240
;(10, 9);MoveWest;(14, 7);False;1;2241
;(10, 9);MoveWest;(14, 7);False;1;2242
;(10, 9);MoveWest;(14, 7);False;1;2243
;(10, 9);MoveWest;(14, 7);False;1;2244
;(10, 9);MoveWest;(14, 7);False;1;2245
;(10, 9);MoveWest;(14, 7);False;1;2246
;(10, 9);MoveWest;(14, 7);False;1;2247
;(10, 9);MoveWest;(14, 7);False;1;2248
;(10, 9);MoveWest;(14, 7);False;1;2249
;(10, 9);MoveWest;(13, 7);False;1;2250
;(10, 9);MoveWest;(13, 7);False;1;2251
;(10, 9);MoveWest;(13, 7);False;1;2252
;(10, 9);MoveWest;(13, 7);False;1;2253
;(10, 9);MoveWest;(13, 7);False;1;2254
;(10, 9);MoveWest;(13, 7);False;1;2255
;(10, 9);MoveWest;(13, 7);False;1;2256
;(10, 9);MoveWest;(13, 7);False;1;2257
;(10, 9);MoveWest;(13, 7);False;1;2258
;(10, 9);MoveWest;(13, 7);False;1;2259
;(10, 9);MoveWest;(13, 7);False;1;2260
;(10, 9);MoveWest;(12, 7);False;1;2261
;(10, 9);MoveSouthWest;(12, 7);False;1;2262
;(10, 9);MoveSouthWest;(12, 7);False;1;2263
;(10, 9);MoveSouthWest;(12, 7);False;1;2264
;(10, 9);MoveSouthWest;(12, 7);False;1;2265
;(10, 9);MoveSouthWest;(12, 7);False;1;2266
;(10, 9);MoveSouthWest;(12, 7);False;1;2267
;(10, 9);MoveSouthWest;(12, 7);False;1;2268
;(10, 9);MoveSouthWest;(12, 7);False;1;2269
;(10, 9);MoveSouthWest;(12, 7);False;1;2270
;(10, 9);MoveSouthWest;(12, 7);False;1;2271
;(10, 9);MoveSouthWest;(11, 8);False;1;2272
;(10, 9);BreakObject;(11, 8);False;1;2273
;(10, 9);BreakObject;(11, 8);False;1;2274
;(10, 9);BreakObject;(11, 8);False;1;2275
;(10, 9);BreakObject;(11, 8);False;1;2276
;(10, 9);BreakObject;(11, 8);False;1;2277
;(10, 9);BreakObject;(11, 8);False;1;2278
;(10, 9);BreakObject;(11, 8);False;1;2279
;(10, 9);BreakObject;(11, 8);False;1;2280
;(10, 9);BreakObject;(11, 8);False;1;2281
;(10, 9);BreakObject;(11, 8);False;1;2282
;(10, 9);BreakObject;(11, 8);False;1;2283
;(10, 9);;(11, 8);False;1;2284
;(10, 9);MoveWest;(11, 8);False;1;2285
;(10, 9);MoveWest;(11, 8);False;1;2286
;(10, 9);MoveWest;(11, 8);False;1;2287
;(10, 9);MoveWest;(11, 8);False;1;2288
;(10, 9);MoveWest;(11, 8);False;1;2289
;(10, 9);MoveWest;(11, 8);False;1;2290
MoveEast;(11, 9);MoveWest;(11, 8);False;1;2291
;(11, 9);MoveWest;(11, 8);False;1;2292
;(11, 9);MoveWest;(11, 8);False;1;2293
MoveEast;(12, 9);MoveWest;(11, 8);False;1;2294
;(12, 9);MoveWest;(10, 8);False;1;2295
;(12, 9);MoveWest;(10, 8);False;1;2296
MoveEast;(13, 9);MoveWest;(10, 8);False;1;2297
;(13, 9);MoveWest;(10, 8);False;1;2298
;(13, 9);MoveWest;(10, 8);False;1;2299
;(13, 9);MoveWest;(10, 8);False;1;2300
;(13, 9);MoveWest;(10, 8);False;1;2301
;(13, 9);MoveWest;(10, 8);False;1;2302
;(13, 9);MoveWest;(10, 8);False;1;2303
;(13, 9);MoveWest;(10, 8);False;1;2304
;(13, 9);MoveWest;(10, 8);False;1;2305
;(13, 9);MoveWest;(9, 8);False;1;2306
;(13, 9);MoveSouthWest;(9, 8);False;1;2307
;(13, 9);MoveSouthWest;(9, 8);False;1;2308
;(13, 9);MoveSouthWest;(9, 8);False;1;2309
MoveWest;(12, 9);MoveSouthWest;(9, 8);False;1;2310
;(12, 9);MoveSouthWest;(9, 8);False;1;2311
;(12, 9);MoveSouthWest;(9, 8);False;1;2312
;(12, 9);MoveSouthWest;(9, 8);False;1;2313
;(12, 9);MoveSouthWest;(9, 8);False;1;2314
;(12, 9);MoveSouthWest;(9, 8);False;1;2315
;(12, 9);MoveSouthWest;(9, 8);False;1;2316
;(12, 9);MoveSouthWest;(8, 9);False;1;2317
;(12, 9);GrabLargeObject;(8, 9);False;1;2318
;(12, 9);GrabLargeObject;(8, 9);False;1;2319
;(12, 9);GrabLargeObject;(8, 9);False;1;2320
;(12, 9);GrabLargeObject;(8, 9);False;1;2321
;(12, 9);GrabLargeObject;(8, 9);False;1;2322
;(12, 9);GrabLargeObject;(8, 9);False;1;2323
;(12, 9);GrabLargeObject;(8, 9);False;1;2324
;(12, 9);GrabLargeObject;(8, 9);False;1;2325
;(12, 9);GrabLargeObject;(8, 9);False;1;2326
;(12, 9);GrabLargeObject;(8, 9);False;1;2327
;(12, 9);GrabLargeObject;(8, 9);False;1;2328
;(12, 9);;(8, 9);False;1;2329
;(12, 9);MoveEast;(8, 9);False;1;2330
;(12, 9);MoveEast;(8, 9);False;1;2331
;(12, 9);MoveEast;(8, 9);False;1;2332
;(12, 9);MoveEast;(8, 9);False;1;2333
;(12, 9);MoveEast;(8, 9);False;1;2334
;(12, 9);MoveEast;(8, 9);False;1;2335
;(12, 9);MoveEast;(8, 9);False;1;2336
;(12, 9);MoveEast;(8, 9);False;1;2337
;(12, 9);MoveEast;(8, 9);False;1;2338
;(12, 9);MoveEast;(8, 9);False;1;2339
;(12, 9);MoveEast;(9, 9);False;1;2340
;(12, 9);MoveEast;(9, 9);False;1;2341
;(12, 9);MoveEast;(9, 9);False;1;2342
;(12, 9);MoveEast;(9, 9);False;1;2343
;(12, 9);MoveEast;(9, 9);False;1;2344
;(12, 9);MoveEast;(9, 9);False;1;2345
;(12, 9);MoveEast;(9, 9);False;1;2346
MoveWest;(11, 9);MoveEast;(9, 9);False;1;2347
;(11, 9);MoveEast;(9, 9);False;1;2348
;(11, 9);MoveEast;(9, 9);False;1;2349
;(11, 9);MoveEast;(9, 9);False;1;2350
;(11, 9);MoveEast;(10, 9);False;1;2351
;(11, 9);MoveWest;(10, 9);False;1;2352
;(11, 9);MoveWest;(10, 9);False;1;2353
;(11, 9);MoveWest;(10, 9);False;1;2354
;(11, 9);MoveWest;(10, 9);False;1;2355
;(11, 9);MoveWest;(10, 9);False;1;2356
;(11, 9);MoveWest;(10, 9);False;1;2357
;(11, 9);MoveWest;(10, 9);False;1;2358
MoveWest;(10, 9);MoveWest;(10, 9);False;1;2359
;(10, 9);MoveWest;(10, 9);False;1;2360
;(10, 9);MoveWest;(10, 9);False;1;2361
;(10, 9);MoveWest;(9, 9);False;1;2362
;(10, 9);MoveWest;(9, 9);False;1;2363
;(10, 9);MoveWest;(9, 9);False;1;2364
;(10, 9);MoveWest;(9, 9);False;1;2365
;(10, 9);MoveWest;(9, 9);False;1;2366
;(10, 9);MoveWest;(9, 9);False;1;2367
;(10, 9);MoveWest;(9, 9);False;1;2368
;(10, 9);MoveWest;(9, 9);False;1;2369
;(10, 9);MoveWest;(9, 9);False;1;2370
;(10, 9);MoveWest;(9, 9);False;1;2371
;(10, 9);MoveWest;(9, 9);False;1;2372
;(10, 9);MoveWest;(8, 9);False;1;2373
;(10, 9);MoveEast;(8, 9);False;1;2374
;(10, 9);MoveEast;(8, 9);False;1;2375
;(10, 9);MoveEast;(8, 9);False;1;2376
;(10, 9);MoveEast;(8, 9);False;1;2377
;(10, 9);MoveEast;(8, 9);False;1;2378
;(10, 9);MoveEast;(8, 9);False;1;2379
;(10, 9);MoveEast;(8, 9);False;1;2380
;(10, 9);MoveEast;(8, 9);False;1;2381
;(10, 9);MoveEast;(8, 9);False;1;2382
;(10, 9);MoveEast;(8, 9);False;1;2383
;(10, 9);MoveEast;(9, 9);False;1;2384
;(10, 9);MoveEast;(9, 9);False;1;2385
;(10, 9);MoveEast;(9, 9);False;1;2386
;(10, 9);MoveEast;(9, 9);False;1;2387
;(10, 9);MoveEast;(9, 9);False;1;2388
;(10, 9);MoveEast;(9, 9);False;1;2389
;(10, 9);MoveEast;(9, 9);False;1;2390
;(10, 9);MoveEast;(9, 9);False;1;2391
;(10, 9);MoveEast;(9, 9);False;1;2392
;(10, 9);MoveEast;(9, 9);False;1;2393
;(10, 9);MoveEast;(9, 9);False;1;2394
;(10, 9);MoveEast;(10, 9);False;1;2395
;(10, 9);MoveWest;(10, 9);False;1;2396
;(10, 9);MoveWest;(10, 9);False;1;2397
;(10, 9);MoveWest;(10, 9);False;1;2398
;(10, 9);MoveWest;(10, 9);False;1;2399
;(10, 9);MoveWest;(10, 9);False;1;2400
;(10, 9);MoveWest;(10, 9);False;1;2401
;(10, 9);MoveWest;(10, 9);False;1;2402
;(10, 9);MoveWest;(10, 9);False;1;2403
;(10, 9);MoveWest;(10, 9);False;1;2404
;(10, 9);MoveWest;(10, 9);False;1;2405
;(10, 9);MoveWest;(9, 9);False;1;2406
;(10, 9);MoveWest;(9, 9);False;1;2407
;(10, 9);MoveWest;(9, 9);False;1;2408
;(10, 9);MoveWest;(9, 9);False;1;2409
;(10, 9);MoveWest;(9, 9);False;1;2410
;(10, 9);MoveWest;(9, 9);False;1;2411
;(10, 9);MoveWest;(9, 9);False;1;2412
;(10, 9);MoveWest;(9, 9);False;1;2413
;(10, 9);MoveWest;(9, 9);False;1;2414
;(10, 9);MoveWest;(9, 9);False;1;2415
;(10, 9);MoveWest;(9, 9);False;1;2416
;(10, 9);MoveWest;(8, 9);False;1;2417
;(10, 9);MoveEast;(8, 9);False;1;2418
;(10, 9);MoveEast;(8, 9);False;1;2419
;(10, 9);MoveEast;(8, 9);False;1;2420
;(10, 9);MoveEast;(8, 9);False;1;2421
;(10, 9);MoveEast;(8, 9);False;1;2422
;(10, 9);MoveEast;(8, 9);False;1;2423
;(10, 9);MoveEast;(8, 9);False;1;2424
;(10, 9);MoveEast;(8, 9);False;1;2425
;(10, 9);MoveEast;(8, 9);False;1;2426
;(10, 9);MoveEast;(8, 9);False;1;2427
;(10, 9);MoveEast;(9, 9);False;1;2428
;(10, 9);MoveEast;(9, 9);False;1;2429
;(10, 9);MoveEast;(9, 9);False;1;2430
;(10, 9);MoveEast;(9, 9);False;1;2431
;(10, 9);MoveEast;(9, 9);False;1;2432
;(10, 9);MoveEast;(9, 9);False;1;2433
;(10, 9);MoveEast;(9, 9);False;1;2434
;(10, 9);MoveEast;(9, 9);False;1;2435
;(10, 9);MoveEast;(9, 9);False;1;2436
;(10, 9);MoveEast;(9, 9);False;1;2437
;(10, 9);MoveEast;(9, 9);False;1;2438
;(10, 9);MoveEast;(10, 9);False;1;2439
;(10, 9);MoveWest;(10, 9);False;1;2440
;(10, 9);MoveWest;(10, 9);False;1;2441
;(10, 9);MoveWest;(10, 9);False;1;2442
;(10, 9);MoveWest;(10, 9);False;1;2443
;(10, 9);MoveWest;(10, 9);False;1;2444
;(10, 9);MoveWest;(10, 9);False;1;2445
;(10, 9);MoveWest;(10, 9);False;1;2446
;(10, 9);MoveWest;(10, 9);False;1;2447
;(10, 9);MoveWest;(10, 9);False;1;2448
;(10, 9);MoveWest;(10, 9);False;1;2449
;(10, 9);MoveWest;(9, 9);False;1;2450
;(10, 9);MoveWest;(9, 9);False;1;2451
;(10, 9);MoveWest;(9, 9);False;1;2452
MoveNorth;(10, 8);MoveWest;(9, 9);False;1;2453
;(10, 8);MoveWest;(9, 9);False;1;2454
;(10, 8);MoveWest;(9, 9);False;1;2455
MoveNorth;(10, 7);MoveWest;(9, 9);False;1;2456
;(10, 7);MoveWest;(9, 9);False;1;2457
;(10, 7);MoveWest;(9, 9);False;1;2458
;(10, 7);MoveWest;(9, 9);False;1;2459
;(10, 7);MoveWest;(9, 9);False;1;2460
;(10, 7);MoveWest;(8, 9);False;1;2461
;(10, 7);;(8, 9);False;1;2462
;(10, 7);Idle;(8, 9);False;1;2463
;(10, 7);Idle;(8, 9);False;1;2464
;(10, 7);Idle;(8, 9);False;1;2465
;(10, 7);Idle;(8, 9);False;1;2466
;(10, 7);Idle;(8, 9);False;1;2467
;(10, 7);Idle;(8, 9);False;1;2468
;(10, 7);Idle;(8, 9);False;1;2469
;(10, 7);Idle;(8, 9);False;1;2470
;(10, 7);Idle;(8, 9);False;1;2471
;(10, 7);Idle;(8, 9);False;1;2472
;(10, 7);Idle;(8, 9);False;1;2473
;(10, 7);Idle;(8, 9);False;1;2474
;(10, 7);Idle;(8, 9);False;1;2475
MoveSouth;(10, 8);Idle;(8, 9);False;1;2476
;(10, 8);Idle;(8, 9);False;1;2477
;(10, 8);Idle;(8, 9);False;1;2478
;(10, 8);Idle;(8, 9);False;1;2479
;(10, 8);Idle;(8, 9);False;1;2480
;(10, 8);Idle;(8, 9);False;1;2481
;(10, 8);Idle;(8, 9);False;1;2482
;(10, 8);Idle;(8, 9);False;1;2483
;(10, 8);Idle;(8, 9);False;1;2484
;(10, 8);Idle;(8, 9);False;1;2485
;(10, 8);Idle;(8, 9);False;1;2486
;(10, 8);Idle;(8, 9);False;1;2487
;(10, 8);Idle;(8, 9);False;1;2488
;(10, 8);Idle;(8, 9);False;1;2489
;(10, 8);Idle;(8, 9);False;1;2490
;(10, 8);Idle;(8, 9);False;1;2491
;(10, 8);Idle;(8, 9);False;1;2492
MoveNorth;(10, 7);Idle;(8, 9);False;1;2493
;(10, 7);Idle;(8, 9);False;1;2494
;(10, 7);Idle;(8, 9);False;1;2495
;(10, 7);Idle;(8, 9);False;1;2496
;(10, 7);Idle;(8, 9);False;1;2497
;(10, 7);Idle;(8, 9);False;1;2498
;(10, 7);Idle;(8, 9);False;1;2499
;(10, 7);Idle;(8, 9);False;1;2500
;(10, 7);Idle;(8, 9);False;1;2501
;(10, 7);Idle;(8, 9);False;1;2502
MoveSouth;(10, 8);Idle;(8, 9);False;1;2503
;(10, 8);Idle;(8, 9);False;1;2504
;(10, 8);Idle;(8, 9);False;1;2505
;(10, 8);Idle;(8, 9);False;1;2506
MoveSouth;(10, 9);Idle;(8, 9);False;1;2507
;(10, 9);Idle;(8, 9);False;1;2508
;(10, 9);Idle;(8, 9);False;1;2509
MoveSouth;(10, 10);Idle;(8, 9);False;1;2510
;(10, 10);Idle;(8, 9);False;1;2511
;(10, 10);Idle;(8, 9);False;1;2512
;(10, 10);Idle;(8, 9);False;1;2513
MoveSouth;(10, 11);Idle;(8, 9);False;1;2514
;(10, 11);Idle;(8, 9);False;1;2515
;(10, 11);Idle;(8, 9);False;1;2516
;(10, 11);Idle;(8, 9);False;1;2517
;(10, 11);;(8, 9);False;1;2518
;(10, 11);MoveWest;(8, 9);False;1;2519
;(10, 11);MoveWest;(8, 9);False;1;2520
;(10, 11);MoveWest;(8, 9);False;1;2521
MoveWest;(9, 11);MoveWest;(8, 9);False;1;2522
;(9, 11);MoveWest;(8, 9);False;1;2523
;(9, 11);MoveWest;(8, 9);False;1;2524
;(9, 11);MoveWest;(8, 9);False;1;2525
;(9, 11);MoveWest;(8, 9);False;1;2526
;(9, 11);MoveWest;(8, 9);False;1;2527
;(9, 11);MoveWest;(8, 9);False;1;2528
;(9, 11);MoveWest;(7, 9);False;1;2529
;(9, 11);MoveWest;(7, 9);False;1;2530
;(9, 11);MoveWest;(7, 9);False;1;2531
MoveNorth;(9, 10);MoveWest;(7, 9);False;1;2532
;(9, 10);MoveWest;(7, 9);False;1;2533
;(9, 10);MoveWest;(7, 9);False;1;2534
;(9, 10);MoveWest;(7, 9);False;1;2535
;(9, 10);MoveWest;(7, 9);False;1;2536
;(9, 10);MoveWest;(7, 9);False;1;2537
;(9, 10);MoveWest;(7, 9);False;1;2538
;(9, 10);MoveWest;(7, 9);False;1;2539
;(9, 10);MoveWest;(6, 9);False;1;2540
;(9, 10);MoveWest;(6, 9);False;1;2541
;(9, 10);MoveWest;(6, 9);False;1;2542
;(9, 10);MoveWest;(6, 9);False;1;2543
;(9, 10);MoveWest;(6, 9);False;1;2544
;(9, 10);MoveWest;(6, 9);False;1;2545
;(9, 10);MoveWest;(6, 9);False;1;2546
;(9, 10);MoveWest;(6, 9);False;1;2547
;(9, 10);MoveWest;(6, 9);False;1;2548
;(9, 10);MoveWest;(6, 9);False;1;2549
;(9, 10);MoveWest;(6, 9);False;1;2550
;(9, 10);MoveWest;(5, 9);False;1;2551
;(9, 10);MoveWest;(5, 9);False;1;2552
;(9, 10);MoveWest;(5, 9);False;1;2553
;(9, 10);MoveWest;(5, 9);False;1;2554
;(9, 10);MoveWest;(5, 9);False;1;2555
;(9, 10);MoveWest;(5, 9);False;1;2556
;(9, 10);MoveWest;(5, 9);False;1;2557
;(9, 10);MoveWest;(5, 9);False;1;2558
;(9, 10);MoveWest;(5, 9);False;1;2559
;(9, 10);MoveWest;(5, 9);False;1;2560
GrabObject;(9, 10);MoveWest;(5, 9);False;1;2561
;(9, 10);MoveWest;(4, 9);False;1;2562
;(9, 10);MoveNorthWest;(4, 9);False;1;2563
;(9, 10);MoveNorthWest;(4, 9);False;1;2564
MoveWest;(8, 10);MoveNorthWest;(4, 9);False;1;2565
;(8, 10);MoveNorthWest;(4, 9);False;1;2566
;(8, 10);MoveNorthWest;(4, 9);False;1;2567
;(8, 10);MoveNorthWest;(4, 9);False;1;2568
;(8, 10);MoveNorthWest;(4, 9);False;1;2569
;(8, 10);MoveNorthWest;(4, 9);False;1;2570
;(8, 10);MoveNorthWest;(4, 9);False;1;2571
;(8, 10);MoveNorthWest;(4, 9);False;1;2572
MoveWest;(7, 10);MoveNorthWest;(3, 8);False;1;2573
;(7, 10);MoveWest;(3, 8);False;1;2574
;(7, 10);MoveWest;(3, 8);False;1;2575
MoveWest;(6, 10);MoveWest;(3, 8);False;1;2576
;(6, 10);MoveWest;(3, 8);False;1;2577
;(6, 10);MoveWest;(3, 8);False;1;2578
;(6, 10);MoveWest;(3, 8);False;1;2579
;(6, 10);MoveWest;(3, 8);False;1;2580
;(6, 10);MoveWest;(3, 8);False;1;2581
;(6, 10);MoveWest;(3, 8);False;1;2582
DropObject;(6, 10);MoveWest;(3, 8);False;1;2583
;(6, 10);MoveWest;(2, 8);False;1;2584
;(6, 10);MoveNorthWest;(2, 8);False;1;2585
;(6, 10);MoveNorthWest;(2, 8);False;1;2586
;(6, 10);MoveNorthWest;(2, 8);False;1;2587
;(6, 10);MoveNorthWest;(2, 8);False;1;2588
MoveEast;(7, 10);MoveNorthWest;(2, 8);False;1;2589
;(7, 10);MoveNorthWest;(2, 8);False;1;2590
;(7, 10);MoveNorthWest;(2, 8);False;1;2591
;(7, 10);MoveNorthWest;(2, 8);False;1;2592
MoveEast;(8, 10);MoveNorthWest;(2, 8);False;1;2593
;(8, 10);MoveNorthWest;(2, 8);False;1;2594
;(8, 10);MoveNorthWest;(1, 7);False;1;2595
MoveEast;(9, 10);MoveWest;(1, 7);False;1;2596
;(9, 10);MoveWest;(1, 7);False;1;2597
;(9, 10);MoveWest;(1, 7);False;1;2598
;(9, 10);MoveWest;(1, 7);False;1;2599
MoveEast;(10, 10);MoveWest;(1, 7);False;1;2600
;(10, 10);MoveWest;(1, 7);False;1;2601
;(10, 10);MoveWest;(1, 7);False;1;2602
;(10, 10);MoveWest;(1, 7);False;1;2603
;(10, 10);MoveWest;(1, 7);False;1;2604
;(10, 10);MoveWest;(1, 7);False;1;2605
;(10, 10);MoveWest;(0, 7);False;1;2606
;(10, 10);DropLargeObject;(0, 7);False;1;2607
;(10, 10);DropLargeObject;(0, 7);False;1;2608
;(10, 10);DropLargeObject;(0, 7);False;1;2609
;(10, 10);DropLargeObject;(0, 7);False;1;2610
MoveNorth;(10, 9);DropLargeObject;(0, 7);False;1;2611
;(10, 9);DropLargeObject;(0, 7);False;1;2612
;(10, 9);DropLargeObject;(0, 7);False;1;2613
;(10, 9);DropLargeObject;(0, 7);False;1;2614
;(10, 9);DropLargeObject;(0, 7);False;1;2615
;(10, 9);DropLargeObject;(0, 7);False;1;2616
;(10, 9);DropLargeObject;(0, 7);False;1;2617
;(10, 9);;(0, 7);False;1;2618
;(10, 9);MoveEast;(0, 7);False;1;2619
;(10, 9);MoveEast;(0, 7);False;1;2620
;(10, 9);MoveEast;(0, 7);False;1;2621
;(10, 9);MoveEast;(0, 7);False;1;2622
;(10, 9);MoveEast;(0, 7);False;1;2623
;(10, 9);MoveEast;(0, 7);False;1;2624
;(10, 9);MoveEast;(0, 7);False;1;2625
;(10, 9);MoveEast;(0, 7);False;1;2626
;(10, 9);MoveEast;(0, 7);False;1;2627
;(10, 9);MoveEast;(0, 7);False;1;2628
;(10, 9);MoveEast;(1, 7);False;1;2629
;(10, 9);MoveSouthEast;(1, 7);False;1;2630
;(10, 9);MoveSouthEast;(1, 7);False;1;2631
;(10, 9);MoveSouthEast;(1, 7);False;1;2632
;(10, 9);MoveSouthEast;(1, 7);False;1;2633
;(10, 9);MoveSouthEast;(1, 7);False;1;2634
;(10, 9);MoveSouthEast;(1, 7);False;1;2635
;(10, 9);MoveSouthEast;(1, 7);False;1;2636
;(10, 9);MoveSouthEast;(1, 7);False;1;2637
;(10, 9);MoveSouthEast;(1, 7);False;1;2638
;(10, 9);MoveSouthEast;(1, 7);False;1;2639
;(10, 9);MoveSouthEast;(2, 8);False;1;2640
;(10, 9);MoveEast;(2, 8);False;1;2641
;(10, 9);MoveEast;(2, 8);False;1;2642
;(10, 9);MoveEast;(2, 8);False;1;2643
;(10, 9);MoveEast;(2, 8);False;1;2644
;(10, 9);MoveEast;(2, 8);False;1;2645
;(10, 9);MoveEast;(2, 8);False;1;2646
;(10, 9);MoveEast;(2, 8);False;1;2647
;(10, 9);MoveEast;(2, 8);False;1;2648
;(10, 9);MoveEast;(2, 8);False;1;2649
;(10, 9);MoveEast;(2, 8);False;1;2650
;(10, 9);MoveEast;(3, 8);False;1;2651
;(10, 9);MoveEast;(3, 8);False;1;2652
;(10, 9);MoveEast;(3, 8);False;1;2653
;(10, 9);MoveEast;(3, 8);False;1;2654
;(10, 9);MoveEast;(3, 8);False;1;2655
;(10, 9);MoveEast;(3, 8);False;1;2656
;(10, 9);MoveEast;(3, 8);False;1;2657
;(10, 9);MoveEast;(3, 8);False;1;2658
;(10, 9);MoveEast;(3, 8);False;1;2659
;(10, 9);MoveEast;(3, 8);False;1;2660
;(10, 9);MoveEast;(3, 8);False;1;2661
;(10, 9);MoveEast;(4, 8);False;1;2662
;(10, 9);MoveSouthEast;(4, 8);False;1;2663
;(10, 9);MoveSouthEast;(4, 8);False;1;2664
;(10, 9);MoveSouthEast;(4, 8);False;1;2665
;(10, 9);MoveSouthEast;(4, 8);False;1;2666
;(10, 9);MoveSouthEast;(4, 8);False;1;2667
;(10, 9);MoveSouthEast;(4, 8);False;1;2668
;(10, 9);MoveSouthEast;(4, 8);False;1;2669
;(10, 9);MoveSouthEast;(4, 8);False;1;2670
;(10, 9);MoveSouthEast;(4, 8);False;1;2671
;(10, 9);MoveSouthEast;(4, 8);False;1;2672
;(10, 9);MoveSouthEast;(5, 9);False;1;2673
;(10, 9);GrabObject;(5, 9);False;1;2674
;(10, 9);GrabObject;(5, 9);False;1;2675
;(10, 9);GrabObject;(5, 9);False;1;2676
;(10, 9);GrabObject;(5, 9);False;1;2677
;(10, 9);GrabObject;(5, 9);False;1;2678
;(10, 9);GrabObject;(5, 9);False;1;2679
;(10, 9);GrabObject;(5, 9);False;1;2680
;(10, 9);GrabObject;(5, 9);False;1;2681
;(10, 9);GrabObject;(5, 9);False;1;2682
;(10, 9);GrabObject;(5, 9);False;1;2683
;(10, 9);GrabObject;(5, 9);False;1;2684
;(10, 9);;(5, 9);False;1;2685
;(10, 9);MoveEast;(5, 9);False;1;2686
;(10, 9);MoveEast;(5, 9);False;1;2687
;(10, 9);MoveEast;(5, 9);False;1;2688
;(10, 9);MoveEast;(5, 9);False;1;2689
;(10, 9);MoveEast;(5, 9);False;1;2690
;(10, 9);MoveEast;(5, 9);False;1;2691
;(10, 9);MoveEast;(5, 9);False;1;2692
;(10, 9);MoveEast;(5, 9);False;1;2693
;(10, 9);MoveEast;(5, 9);False;1;2694
;(10, 9);MoveEast;(5, 9);False;1;2695
;(10, 9);MoveEast;(6, 9);False;1;2696
;(10, 9);MoveEast;(6, 9);False;1;2697
;(10, 9);MoveEast;(6, 9);False;1;2698
;(10, 9);MoveEast;(6, 9);False;1;2699
;(10, 9);MoveEast;(6, 9);False;1;2700
;(10, 9);MoveEast;(6, 9);False;1;2701
;(10, 9);MoveEast;(6, 9);False;1;2702
;(10, 9);MoveEast;(6, 9);False;1;2703
;(10, 9);MoveEast;(6, 9);False;1;2704
;(10, 9);MoveEast;(6, 9);False;1;2705
;(10, 9);MoveEast;(6, 9);False;1;2706
;(10, 9);MoveEast;(7, 9);False;1;2707
;(10, 9);MoveEast;(7, 9);False;1;2708
;(10, 9);MoveEast;(7, 9);False;1;2709
;(10, 9);MoveEast;(7, 9);False;1;2710
;(10, 9);MoveEast;(7, 9);False;1;2711
;(10, 9);MoveEast;(7, 9);False;1;2712
;(10, 9);MoveEast;(7, 9);False;1;2713
;(10, 9);MoveEast;(7, 9);False;1;2714
;(10, 9);MoveEast;(7, 9);False;1;2715
;(10, 9);MoveEast;(7, 9);False;1;2716
;(10, 9);MoveEast;(7, 9);False;1;2717
;(10, 9);MoveEast;(8, 9);False;1;2718
;(10, 9);MoveEast;(8, 9);False;1;2719
;(10, 9);MoveEast;(8, 9);False;1;2720
;(10, 9);MoveEast;(8, 9);False;1;2721
;(10, 9);MoveEast;(8, 9);False;1;2722
;(10, 9);MoveEast;(8, 9);False;1;2723
;(10, 9);MoveEast;(8, 9);False;1;2724
;(10, 9);MoveEast;(8, 9);False;1;2725
;(10, 9);MoveEast;(8, 9);False;1;2726
;(10, 9);MoveEast;(8, 9);False;1;2727
;(10, 9);MoveEast;(8, 9);False;1;2728
;(10, 9);MoveEast;(9, 9);False;1;2729
;(10, 9);MoveEast;(9, 9);False;1;2730
;(10, 9);MoveEast;(9, 9);False;1;2731
;(10, 9);MoveEast;(9, 9);False;1;2732
;(10, 9);MoveEast;(9, 9);False;1;2733
;(10, 9);MoveEast;(9, 9);False;1;2734
;(10, 9);MoveEast;(9, 9);False;1;2735
;(10, 9);MoveEast;(9, 9);False;1;2736
;(10, 9);MoveEast;(9, 9);False;1;2737
;(10, 9);MoveEast;(9, 9);False;1;2738
;(10, 9);MoveEast;(9, 9);False;1;2739
;(10, 9);MoveEast;(10, 9);False;1;2740
;(10, 9);MoveEast;(10, 9);False;1;2741
;(10, 9);MoveEast;(10, 9);False;1;2742
;(10, 9);MoveEast;(10, 9);False;1;2743
;(10, 9);MoveEast;(10, 9);False;1;2744
;(10, 9);MoveEast;(10, 9);False;1;2745
;(10, 9);MoveEast;(10, 9);False;1;2746
;(10, 9);MoveEast;(10, 9);False;1;2747
;(10, 9);MoveEast;(10, 9);False;1;2748
;(10, 9);MoveEast;(10, 9);False;1;2749
;(10, 9);MoveEast;(10, 9);False;1;2750
;(10, 9);MoveEast;(11, 9);False;1;2751
;(10, 9);MoveEast;(11, 9);False;1;2752
;(10, 9);MoveEast;(11, 9);False;1;2753
;(10, 9);MoveEast;(11, 9);False;1;2754
;(10, 9);MoveEast;(11, 9);False;1;2755
;(10, 9);MoveEast;(11, 9);False;1;2756
;(10, 9);MoveEast;(11, 9);False;1;2757
;(10, 9);MoveEast;(11, 9);False;1;2758
;(10, 9);MoveEast;(11, 9);False;1;2759
;(10, 9);MoveEast;(11, 9);False;1;2760
;(10, 9);MoveEast;(11, 9);False;1;2761
;(10, 9);MoveEast;(12, 9);False;1;2762
;(10, 9);GrabObject;(12, 9);False;1;2763
;(10, 9);GrabObject;(12, 9);False;1;2764
;(10, 9);GrabObject;(12, 9);False;1;2765
;(10, 9);GrabObject;(12, 9);False;1;2766
;(10, 9);GrabObject;(12, 9);False;1;2767
;(10, 9);GrabObject;(12, 9);False;1;2768
;(10, 9);GrabObject;(12, 9);False;1;2769
;(10, 9);GrabObject;(12, 9);False;1;2770
;(10, 9);GrabObject;(12, 9);False;1;2771
;(10, 9);GrabObject;(12, 9);False;1;2772
;(10, 9);GrabObject;(12, 9);False;1;2773
;(10, 9);;(12, 9);False;1;2774
;(10, 9);MoveEast;(12, 9);False;1;2775
;(10, 9);MoveEast;(12, 9);False;1;2776
;(10, 9);MoveEast;(12, 9);False;1;2777
;(10, 9);MoveEast;(12, 9);False;1;2778
;(10, 9);MoveEast;(12, 9);False;1;2779
;(10, 9);MoveEast;(12, 9);False;1;2780
;(10, 9);MoveEast;(12, 9);False;1;2781
;(10, 9);MoveEast;(12, 9);False;1;2782
;(10, 9);MoveEast;(12, 9);False;1;2783
;(10, 9);MoveEast;(12, 9);False;1;2784
;(10, 9);MoveEast;(13, 9);False;1;2785
;(10, 9);MoveEast;(13, 9);False;1;2786
;(10, 9);MoveEast;(13, 9);False;1;2787
;(10, 9);MoveEast;(13, 9);False;1;2788
;(10, 9);MoveEast;(13, 9);False;1;2789
;(10, 9);MoveEast;(13, 9);False;1;2790
;(10, 9);MoveEast;(13, 9);False;1;2791
;(10, 9);MoveEast;(13, 9);False;1;2792
;(10, 9);MoveEast;(13, 9);False;1;2793
;(10, 9);MoveEast;(13, 9);False;1;2794
;(10, 9);MoveEast;(13, 9);False;1;2795
;(10, 9);MoveEast;(14, 9);False;1;2796
;(10, 9);MoveWest;(14, 9);False;1;2797
;(10, 9);MoveWest;(14, 9);False;1;2798
;(10, 9);MoveWest;(14, 9);False;1;2799
;(10, 9);MoveWest;(14, 9);False;1;2800
;(10, 9);MoveWest;(14, 9);False;1;2801
;(10, 9);MoveWest;(14, 9);False;1;2802
;(10, 9);MoveWest;(14, 9);False;1;2803
;(10, 9);MoveWest;(14, 9);False;1;2804
;(10, 9);MoveWest;(14, 9);False;1;2805
;(10, 9);MoveWest;(14, 9);False;1;2806
;(10, 9);MoveWest;(13, 9);False;1;2807
;(10, 9);MoveWest;(13, 9);False;1;2808
;(10, 9);MoveWest;(13, 9);False;1;2809
;(10, 9);MoveWest;(13, 9);False;1;2810
;(10, 9);MoveWest;(13, 9);False;1;2811
;(10, 9);MoveWest;(13, 9);False;1;2812
;(10, 9);MoveWest;(13, 9);False;1;2813
;(10, 9);MoveWest;(13, 9);False;1;2814
;(10, 9);MoveWest;(13, 9);False;1;2815
;(10, 9);MoveWest;(13, 9);False;1;2816
;(10, 9);MoveWest;(13, 9);False;1;2817
;(10, 9);MoveWest;(12, 9);False;1;2818
;(10, 9);MoveEast;(12, 9);False;1;2819
;(10, 9);MoveEast;(12, 9);False;1;2820
;(10, 9);MoveEast;(12, 9);False;1;2821
;(10, 9);MoveEast;(12, 9);False;1;2822
;(10, 9);MoveEast;(12, 9);False;1;2823
;(10, 9);MoveEast;(12, 9);False;1;2824
;(10, 9);MoveEast;(12, 9);False;1;2825
;(10, 9);MoveEast;(12, 9);False;1;2826
;(10, 9);MoveEast;(12, 9);False;1;2827
;(10, 9);MoveEast;(12, 9);False;1;2828
;(10, 9);MoveEast;(13, 9);False;1;2829
;(10, 9);MoveEast;(13, 9);False;1;2830
;(10, 9);MoveEast;(13, 9);False;1;2831
;(10, 9);MoveEast;(13, 9);False;1;2832
MoveSouth;(10, 10);MoveEast;(13, 9);False;1;2833
;(10, 10);MoveEast;(13, 9);False;1;2834
;(10, 10);MoveEast;(13, 9);False;1;2835
;(10, 10);MoveEast;(13, 9);False;1;2836
;(10, 10);MoveEast;(13, 9);False;1;2837
;(10, 10);MoveEast;(13, 9);False;1;2838
;(10, 10);MoveEast;(13, 9);False;1;2839
;(10, 10);MoveEast;(14, 9);False;1;2840
;(10, 10);MoveWest;(14, 9);False;1;2841
;(10, 10);MoveWest;(14, 9);False;1;2842
;(10, 10);MoveWest;(14, 9);False;1;2843
;(10, 10);MoveWest;(14, 9);False;1;2844
;(10, 10);MoveWest;(14, 9);False;1;2845
;(10, 10);MoveWest;(14, 9);False;1;2846
MoveEast;(11, 10);MoveWest;(14, 9);False;1;2847
;(11, 10);MoveWest;(14, 9);False;1;2848
;(11, 10);MoveWest;(14, 9);False;1;2849
;(11, 10);MoveWest;(14, 9);False;1;2850
;(11, 10);MoveWest;(13, 9);False;1;2851
;(11, 10);MoveWest;(13, 9);False;1;2852
;(11, 10);MoveWest;(13, 9);False;1;2853
;(11, 10);MoveWest;(13, 9);False;1;2854
;(11, 10);MoveWest;(13, 9);False;1;2855
;(11, 10);MoveWest;(13, 9);False;1;2856
;(11, 10);MoveWest;(13, 9);False;1;2857
;(11, 10);MoveWest;(13, 9);False;1;2858
;(11, 10);MoveWest;(13, 9);False;1;2859
GrabObject;(11, 10);MoveWest;(13, 9);False;1;2860
;(11, 10);MoveWest;(13, 9);False;1;2861
;(11, 10);MoveWest;(12, 9);False;1;2862
;(11, 10);MoveEast;(12, 9);False;1;2863
;(11, 10);MoveEast;(12, 9);False;1;2864
;(11, 10);MoveEast;(12, 9);False;1;2865
;(11, 10);MoveEast;(12, 9);False;1;2866
MoveWest;(10, 10);MoveEast;(12, 9);False;1;2867
;(10, 10);MoveEast;(12, 9);False;1;2868
;(10, 10);MoveEast;(12, 9);False;1;2869
MoveWest;(9, 10);MoveEast;(12, 9);False;1;2870
;(9, 10);MoveEast;(12, 9);False;1;2871
;(9, 10);MoveEast;(12, 9);False;1;2872
MoveWest;(8, 10);MoveEast;(13, 9);False;1;2873
;(8, 10);MoveEast;(13, 9);False;1;2874
;(8, 10);MoveEast;(13, 9);False;1;2875
;(8, 10);MoveEast;(13, 9);False;1;2876
;(8, 10);MoveEast;(13, 9);False;1;2877
;(8, 10);MoveEast;(13, 9);False;1;2878
MoveWest;(7, 10);MoveEast;(13, 9);False;1;2879
;(7, 10);MoveEast;(13, 9);False;1;2880
;(7, 10);MoveEast;(13, 9);False;1;2881
;(7, 10);MoveEast;(13, 9);False;1;2882
MoveWest;(6, 10);MoveEast;(13, 9);False;1;2883
;(6, 10);MoveEast;(14, 9);False;1;2884
;(6, 10);MoveWest;(14, 9);False;1;2885
;(6, 10);MoveWest;(14, 9);False;1;2886
MoveWest;(5, 10);MoveWest;(14, 9);False;1;2887
;(5, 10);MoveWest;(14, 9);False;1;2888
;(5, 10);MoveWest;(14, 9);False;1;2889
;(5, 10);MoveWest;(14, 9);False;1;2890
;(5, 10);MoveWest;(14, 9);False;1;2891
DropObject;(5, 10);MoveWest;(14, 9);False;1;2892
;(5, 10);MoveWest;(14, 9);False;1;2893
;(5, 10);MoveWest;(14, 9);False;1;2894
MoveEast;(6, 10);MoveWest;(13, 9);False;1;2895
;(6, 10);MoveWest;(13, 9);False;1;2896
;(6, 10);MoveWest;(13, 9);False;1;2897
;(6, 10);MoveWest;(13, 9);False;1;2898
MoveEast;(7, 10);MoveWest;(13, 9);False;1;2899
;(7, 10);MoveWest;(13, 9);False;1;2900
;(7, 10);MoveWest;(13, 9);False;1;2901
;(7, 10);MoveWest;(13, 9);False;1;2902
;(7, 10);MoveWest;(13, 9);False;1;2903
;(7, 10);MoveWest;(13, 9);False;1;2904
;(7, 10);MoveWest;(13, 9);False;1;2905
;(7, 10);MoveWest;(12, 9);False;1;2906
;(7, 10);;(12, 9);False;1;2907
MoveEast;(8, 10);MoveEast;(12, 9);False;1;2908
;(8, 10);MoveEast;(12, 9);False;1;2909
;(8, 10);MoveEast;(12, 9);False;1;2910
;(8, 10);MoveEast;(12, 9);False;1;2911
MoveEast;(9, 10);MoveEast;(12, 9);False;1;2912
;(9, 10);MoveEast;(12, 9);False;1;2913
;(9, 10);MoveEast;(12, 9);False;1;2914
MoveEast;(10, 10);MoveEast;(12, 9);False;1;2915
;(10, 10);MoveEast;(12, 9);False;1;2916
;(10, 10);MoveEast;(12, 9);False;1;2917
;(10, 10);MoveEast;(13, 9);False;1;2918
MoveEast;(11, 10);MoveEast;(13, 9);False;1;2919
;(11, 10);MoveEast;(13, 9);False;1;2920
;(11, 10);MoveEast;(13, 9);False;1;2921
MoveEast;(12, 10);MoveEast;(13, 9);False;1;2922
;(12, 10);MoveEast;(13, 9);False;1;2923
;(12, 10);MoveEast;(13, 9);False;1;2924
;(12, 10);MoveEast;(13, 9);False;1;2925
MoveEast;(13, 10);MoveEast;(13, 9);False;1;2926
;(13, 10);MoveEast;(13, 9);False;1;2927
;(13, 10);MoveEast;(13, 9);False;1;2928
;(13, 10);MoveEast;(14, 9);False;1;2929
;(13, 10);MoveWest;(14, 9);False;1;2930
;(13, 10);MoveWest;(14, 9);False;1;2931
;(13, 10);MoveWest;(14, 9);False;1;2932
;(13, 10);MoveWest;(14, 9);False;1;2933
;(13, 10);MoveWest;(14, 9);False;1;2934
;(13, 10);MoveWest;(14, 9);False;1;2935
;(13, 10);MoveWest;(14, 9);False;1;2936
;(13, 10);MoveWest;(14, 9);False;1;2937
;(13, 10);MoveWest;(14, 9);False;1;2938
MoveWest;(12, 10);MoveWest;(14, 9);False;1;2939
;(12, 10);MoveWest;(13, 9);False;1;2940
GrabObject;(12, 10);MoveWest;(13, 9);False;1;2941
;(12, 10);MoveWest;(13, 9);False;1;2942
;(12, 10);MoveWest;(13, 9);False;1;2943
MoveWest;(11, 10);MoveWest;(13, 9);False;1;2944
;(11, 10);MoveWest;(13, 9);False;1;2945
;(11, 10);MoveWest;(13, 9);False;1;2946
MoveWest;(10, 10);MoveWest;(13, 9);False;1;2947
;(10, 10);MoveWest;(13, 9);False;1;2948
;(10, 10);MoveWest;(13, 9);False;1;2949
;(10, 10);MoveWest;(13, 9);False;1;2950
MoveWest;(9, 10);MoveWest;(12, 9);False;1;2951
;(9, 10);MoveEast;(12, 9);False;1;2952
;(9, 10);MoveEast;(12, 9);False;1;2953
MoveWest;(8, 10);MoveEast;(12, 9);False;1;2954
;(8, 10);MoveEast;(12, 9);False;1;2955
;(8, 10);MoveEast;(12, 9);False;1;2956
MoveWest;(7, 10);MoveEast;(12, 9);False;1;2957
;(7, 10);MoveEast;(12, 9);False;1;2958
;(7, 10);MoveEast;(12, 9);False;1;2959
;(7, 10);MoveEast;(12, 9);False;1;2960
MoveWest;(6, 10);MoveEast;(12, 9);False;1;2961
;(6, 10);MoveEast;(13, 9);False;1;2962
;(6, 10);MoveEast;(13, 9);False;1;2963
;(6, 10);MoveEast;(13, 9);False;1;2964
;(6, 10);MoveEast;(13, 9);False;1;2965
;(6, 10);MoveEast;(13, 9);False;1;2966
;(6, 10);MoveEast;(13, 9);False;1;2967
DropObject;(6, 10);MoveEast;(13, 9);False;1;2968
;(6, 10);MoveEast;(13, 9);False;1;2969
;(6, 10);MoveEast;(13, 9);False;1;2970
;(6, 10);MoveEast;(13, 9);False;1;2971
MoveEast;(7, 10);MoveEast;(13, 9);False;1;2972
;(7, 10);MoveEast;(14, 9);False;1;2973
;(7, 10);MoveWest;(14, 9);False;1;2974
;(7, 10);MoveWest;(14, 9);False;1;2975
MoveEast;(8, 10);MoveWest;(14, 9);False;1;2976
;(8, 10);MoveWest;(14, 9);False;1;2977
;(8, 10);MoveWest;(14, 9);False;1;2978
;(8, 10);MoveWest;(14, 9);False;1;2979
MoveEast;(9, 10);MoveWest;(14, 9);False;1;2980
;(9, 10);MoveWest;(14, 9);False;1;2981
;(9, 10);MoveWest;(14, 9);False;1;2982
;(9, 10);MoveWest;(14, 9);False;1;2983
;(9, 10);MoveWest;(13, 9);False;1;2984
;(9, 10);MoveWest;(13, 9);False;1;2985
;(9, 10);MoveWest;(13, 9);False;1;2986
;(9, 10);MoveWest;(13, 9);False;1;2987
;(9, 10);MoveWest;(13, 9);False;1;2988
;(9, 10);MoveWest;(13, 9);False;1;2989
;(9, 10);MoveWest;(13, 9);False;1;2990
;(9, 10);MoveWest;(13, 9);False;1;2991
;(9, 10);MoveWest;(13, 9);False;1;2992
;(9, 10);MoveWest;(13, 9);False;1;2993
MoveEast;(10, 10);MoveWest;(13, 9);False;1;2994
;(10, 10);MoveWest;(12, 9);False;1;2995
;(10, 10);MoveEast;(12, 9);False;1;2996
;(10, 10);MoveEast;(12, 9);False;1;2997
;(10, 10);MoveEast;(12, 9);False;1;2998
;(10, 10);MoveEast;(12, 9);False;1;2999
;(10, 10);MoveEast;(12, 9);False;1;3000
;(10, 10);MoveEast;(12, 9);False;1;3001
;(10, 10);MoveEast;(12, 9);False;1;3002
;(10, 10);MoveEast;(12, 9);False;1;3003
;(10, 10);MoveEast;(12, 9);False;1;3004
;(10, 10);MoveEast;(12, 9);False;1;3005
;(10, 10);MoveEast;(13, 9);False;1;3006
;(10, 10);;(13, 9);False;1;3007
;(10, 10);;(13, 9);False;1;3008
MoveNorth;(10, 9);;(13, 9);False;1;3009
;(10, 9);;(13, 9);False;1;3010
;(10, 9);;(13, 9);False;1;3011
;(10, 9);;(13, 9);False;1;3012
;(10, 9);;(13, 9);False;1;3013
;(10, 9);;(13, 9);False;1;3014
;(10, 9);;(13, 9);False;1;3015
;(10, 9);;(13, 9);False;1;3016
;(10, 9);;(13, 9);False;1;3017
;(10, 9);;(13, 9);False;1;3018
;(10, 9);;(13, 9);False;1;3019
