human_selector_action;human_selector_location;robot_action;robot_location;robot_executing_cp;world_nr;tick_nr
;(3, 4);;(4, 4);False;1;0
DropObject;(3, 4);;(4, 4);False;1;1
;(3, 4);Idle;(4, 4);False;1;2
;(3, 4);Idle;(4, 4);False;1;3
;(3, 4);Idle;(4, 4);False;1;4
;(3, 4);Idle;(4, 4);False;1;5
;(3, 4);Idle;(4, 4);False;1;6
;(3, 4);Idle;(4, 4);False;1;7
;(3, 4);Idle;(4, 4);False;1;8
;(3, 4);Idle;(4, 4);False;1;9
;(3, 4);Idle;(4, 4);False;1;10
;(3, 4);Idle;(4, 4);False;1;11
;(3, 4);Idle;(4, 4);False;1;12
;(3, 4);;(4, 4);False;1;13
;(3, 4);;(4, 4);small rock;1;14
;(3, 4);;(4, 4);small rock;1;15
;(3, 4);;(4, 4);small rock;1;16
;(3, 4);;(4, 4);small rock;1;17
;(3, 4);;(4, 4);small rock;1;18
;(3, 4);;(4, 4);small rock;1;19
;(3, 4);;(4, 4);small rock;1;20
;(3, 4);;(4, 4);small rock;1;21
;(3, 4);;(4, 4);small rock;1;22
;(3, 4);;(4, 4);small rock;1;23
;(3, 4);;(4, 4);small rock;1;24
;(3, 4);;(4, 4);small rock;1;25
;(3, 4);;(4, 4);small rock;1;26
;(3, 4);;(4, 4);small rock;1;27
;(3, 4);;(4, 4);small rock;1;28
;(3, 4);;(4, 4);small rock;1;29
;(3, 4);;(4, 4);small rock;1;30
;(3, 4);;(4, 4);small rock;1;31
;(3, 4);;(4, 4);small rock;1;32
;(3, 4);;(4, 4);small rock;1;33
;(3, 4);;(4, 4);small rock;1;34
;(3, 4);;(4, 4);small rock;1;35
;(3, 4);;(4, 4);small rock;1;36
;(3, 4);;(4, 4);small rock;1;37
;(3, 4);;(4, 4);small rock;1;38
;(3, 4);;(4, 4);small rock;1;39
;(3, 4);;(4, 4);small rock;1;40
;(3, 4);;(4, 4);small rock;1;41
;(3, 4);;(4, 4);small rock;1;42
;(3, 4);;(4, 4);small rock;1;43
;(3, 4);;(4, 4);small rock;1;44
;(3, 4);;(4, 4);small rock;1;45
;(3, 4);;(4, 4);small rock;1;46
;(3, 4);;(4, 4);small rock;1;47
;(3, 4);;(4, 4);small rock;1;48
;(3, 4);;(4, 4);small rock;1;49
;(3, 4);;(4, 4);small rock;1;50
;(3, 4);;(4, 4);small rock;1;51
;(3, 4);;(4, 4);small rock;1;52
;(3, 4);;(4, 4);small rock;1;53
;(3, 4);;(4, 4);small rock;1;54
;(3, 4);;(4, 4);small rock;1;55
;(3, 4);;(4, 4);small rock;1;56
;(3, 4);;(4, 4);small rock;1;57
;(3, 4);;(4, 4);small rock;1;58
;(3, 4);;(4, 4);small rock;1;59
;(3, 4);;(4, 4);small rock;1;60
;(3, 4);;(4, 4);small rock;1;61
;(3, 4);;(4, 4);small rock;1;62
;(3, 4);;(4, 4);small rock;1;63
;(3, 4);;(4, 4);small rock;1;64
;(3, 4);;(4, 4);small rock;1;65
;(3, 4);;(4, 4);small rock;1;66
;(3, 4);;(4, 4);small rock;1;67
;(3, 4);;(4, 4);small rock;1;68
;(3, 4);;(4, 4);small rock;1;69
;(3, 4);;(4, 4);small rock;1;70
;(3, 4);;(4, 4);small rock;1;71
;(3, 4);;(4, 4);small rock;1;72
;(3, 4);;(4, 4);small rock;1;73
;(3, 4);;(4, 4);small rock;1;74
;(3, 4);;(4, 4);small rock;1;75
;(3, 4);;(4, 4);small rock;1;76
;(3, 4);;(4, 4);small rock;1;77
;(3, 4);;(4, 4);small rock;1;78
;(3, 4);;(4, 4);small rock;1;79
;(3, 4);;(4, 4);small rock;1;80
;(3, 4);;(4, 4);small rock;1;81
;(3, 4);;(4, 4);small rock;1;82
;(3, 4);;(4, 4);small rock;1;83
;(3, 4);;(4, 4);small rock;1;84
;(3, 4);;(4, 4);small rock;1;85
;(3, 4);;(4, 4);small rock;1;86
;(3, 4);;(4, 4);small rock;1;87
;(3, 4);;(4, 4);small rock;1;88
;(3, 4);;(4, 4);small rock;1;89
;(3, 4);;(4, 4);small rock;1;90
;(3, 4);;(4, 4);small rock;1;91
;(3, 4);;(4, 4);small rock;1;92
;(3, 4);;(4, 4);small rock;1;93
;(3, 4);;(4, 4);small rock;1;94
;(3, 4);;(4, 4);small rock;1;95
;(3, 4);;(4, 4);small rock;1;96
;(3, 4);;(4, 4);small rock;1;97
;(3, 4);;(4, 4);small rock;1;98
;(3, 4);;(4, 4);small rock;1;99
;(3, 4);;(4, 4);small rock;1;100
;(3, 4);;(4, 4);small rock;1;101
;(3, 4);;(4, 4);small rock;1;102
;(3, 4);;(4, 4);small rock;1;103
;(3, 4);;(4, 4);small rock;1;104
;(3, 4);;(4, 4);small rock;1;105
;(3, 4);;(4, 4);small rock;1;106
;(3, 4);;(4, 4);small rock;1;107
;(3, 4);;(4, 4);small rock;1;108
;(3, 4);;(4, 4);small rock;1;109
;(3, 4);;(4, 4);small rock;1;110
;(3, 4);;(4, 4);small rock;1;111
;(3, 4);;(4, 4);small rock;1;112
;(3, 4);;(4, 4);small rock;1;113
;(3, 4);;(4, 4);small rock;1;114
;(3, 4);;(4, 4);small rock;1;115
;(3, 4);;(4, 4);small rock;1;116
;(3, 4);;(4, 4);small rock;1;117
;(3, 4);;(4, 4);small rock;1;118
;(3, 4);;(4, 4);small rock;1;119
;(3, 4);;(4, 4);small rock;1;120
;(3, 4);;(4, 4);small rock;1;121
;(3, 4);;(4, 4);small rock;1;122
;(3, 4);;(4, 4);small rock;1;123
;(3, 4);;(4, 4);small rock;1;124
;(3, 4);;(4, 4);small rock;1;125
;(3, 4);;(4, 4);small rock;1;126
;(3, 4);;(4, 4);small rock;1;127
;(3, 4);;(4, 4);small rock;1;128
;(3, 4);;(4, 4);small rock;1;129
;(3, 4);;(4, 4);small rock;1;130
;(3, 4);;(4, 4);small rock;1;131
;(3, 4);;(4, 4);small rock;1;132
;(3, 4);;(4, 4);small rock;1;133
;(3, 4);;(4, 4);small rock;1;134
;(3, 4);;(4, 4);small rock;1;135
;(3, 4);;(4, 4);small rock;1;136
;(3, 4);;(4, 4);small rock;1;137
;(3, 4);;(4, 4);small rock;1;138
;(3, 4);;(4, 4);False;1;139
;(3, 4);MoveSouthEast;(4, 4);False;1;140
;(3, 4);MoveSouthEast;(4, 4);False;1;141
;(3, 4);MoveSouthEast;(4, 4);False;1;142
;(3, 4);MoveSouthEast;(4, 4);False;1;143
;(3, 4);MoveSouthEast;(4, 4);False;1;144
;(3, 4);MoveSouthEast;(4, 4);False;1;145
;(3, 4);MoveSouthEast;(4, 4);False;1;146
;(3, 4);MoveSouthEast;(4, 4);False;1;147
;(3, 4);MoveSouthEast;(4, 4);False;1;148
;(3, 4);MoveSouthEast;(4, 4);False;1;149
;(3, 4);MoveSouthEast;(5, 5);False;1;150
;(3, 4);MoveEast;(5, 5);False;1;151
;(3, 4);MoveEast;(5, 5);False;1;152
;(3, 4);MoveEast;(5, 5);False;1;153
;(3, 4);MoveEast;(5, 5);False;1;154
;(3, 4);MoveEast;(5, 5);False;1;155
;(3, 4);MoveEast;(5, 5);False;1;156
;(3, 4);MoveEast;(5, 5);False;1;157
;(3, 4);MoveEast;(5, 5);False;1;158
;(3, 4);MoveEast;(5, 5);False;1;159
;(3, 4);MoveEast;(5, 5);False;1;160
;(3, 4);MoveEast;(6, 5);False;1;161
;(3, 4);MoveSouthEast;(6, 5);False;1;162
MoveNorth;(3, 3);MoveSouthEast;(6, 5);False;1;163
;(3, 3);MoveSouthEast;(6, 5);False;1;164
;(3, 3);MoveSouthEast;(6, 5);False;1;165
;(3, 3);MoveSouthEast;(6, 5);False;1;166
;(3, 3);MoveSouthEast;(6, 5);False;1;167
;(3, 3);MoveSouthEast;(6, 5);False;1;168
;(3, 3);MoveSouthEast;(6, 5);False;1;169
MoveEast;(4, 3);MoveSouthEast;(6, 5);False;1;170
;(4, 3);MoveSouthEast;(6, 5);False;1;171
;(4, 3);MoveSouthEast;(7, 6);False;1;172
;(4, 3);GrabLargeObject;(7, 6);False;1;173
;(4, 3);GrabLargeObject;(7, 6);False;1;174
MoveEast;(5, 3);GrabLargeObject;(7, 6);False;1;175
;(5, 3);GrabLargeObject;(7, 6);False;1;176
;(5, 3);GrabLargeObject;(7, 6);False;1;177
;(5, 3);GrabLargeObject;(7, 6);False;1;178
MoveEast;(6, 3);GrabLargeObject;(7, 6);False;1;179
;(6, 3);GrabLargeObject;(7, 6);False;1;180
;(6, 3);GrabLargeObject;(7, 6);False;1;181
;(6, 3);GrabLargeObject;(7, 6);False;1;182
;(6, 3);GrabLargeObject;(7, 6);False;1;183
MoveEast;(7, 3);;(7, 6);False;1;184
;(7, 3);Idle;(7, 6);False;1;185
;(7, 3);Idle;(7, 6);False;1;186
;(7, 3);Idle;(7, 6);False;1;187
;(7, 3);Idle;(7, 6);False;1;188
;(7, 3);Idle;(7, 6);False;1;189
;(7, 3);Idle;(7, 6);False;1;190
;(7, 3);Idle;(7, 6);False;1;191
;(7, 3);Idle;(7, 6);False;1;192
;(7, 3);Idle;(7, 6);False;1;193
;(7, 3);Idle;(7, 6);False;1;194
;(7, 3);Idle;(7, 6);False;1;195
;(7, 3);Idle;(7, 6);False;1;196
;(7, 3);Idle;(7, 6);False;1;197
;(7, 3);Idle;(7, 6);False;1;198
;(7, 3);Idle;(7, 6);False;1;199
;(7, 3);Idle;(7, 6);False;1;200
;(7, 3);Idle;(7, 6);False;1;201
;(7, 3);Idle;(7, 6);False;1;202
MoveSouth;(7, 4);Idle;(7, 6);False;1;203
;(7, 4);Idle;(7, 6);False;1;204
;(7, 4);Idle;(7, 6);False;1;205
;(7, 4);Idle;(7, 6);False;1;206
MoveSouth;(7, 5);Idle;(7, 6);False;1;207
;(7, 5);Idle;(7, 6);False;1;208
;(7, 5);Idle;(7, 6);False;1;209
;(7, 5);Idle;(7, 6);False;1;210
;(7, 5);Idle;(7, 6);False;1;211
MoveNorth;(7, 4);Idle;(7, 6);False;1;212
;(7, 4);Idle;(7, 6);False;1;213
;(7, 4);Idle;(7, 6);False;1;214
MoveNorth;(7, 3);Idle;(7, 6);False;1;215
;(7, 3);Idle;(7, 6);False;1;216
;(7, 3);Idle;(7, 6);False;1;217
;(7, 3);Idle;(7, 6);False;1;218
;(7, 3);Idle;(7, 6);False;1;219
;(7, 3);Idle;(7, 6);False;1;220
;(7, 3);Idle;(7, 6);False;1;221
;(7, 3);Idle;(7, 6);False;1;222
;(7, 3);Idle;(7, 6);False;1;223
;(7, 3);Idle;(7, 6);False;1;224
;(7, 3);Idle;(7, 6);False;1;225
;(7, 3);Idle;(7, 6);False;1;226
;(7, 3);Idle;(7, 6);False;1;227
;(7, 3);Idle;(7, 6);False;1;228
;(7, 3);Idle;(7, 6);False;1;229
;(7, 3);Idle;(7, 6);False;1;230
;(7, 3);Idle;(7, 6);False;1;231
;(7, 3);Idle;(7, 6);False;1;232
;(7, 3);Idle;(7, 6);False;1;233
;(7, 3);Idle;(7, 6);False;1;234
;(7, 3);Idle;(7, 6);False;1;235
;(7, 3);Idle;(7, 6);False;1;236
;(7, 3);Idle;(7, 6);False;1;237
;(7, 3);Idle;(7, 6);False;1;238
;(7, 3);Idle;(7, 6);False;1;239
;(7, 3);;(7, 6);False;1;240
;(7, 3);MoveWest;(7, 6);False;1;241
;(7, 3);MoveWest;(7, 6);False;1;242
;(7, 3);MoveWest;(7, 6);False;1;243
;(7, 3);MoveWest;(7, 6);False;1;244
;(7, 3);MoveWest;(7, 6);False;1;245
;(7, 3);MoveWest;(7, 6);False;1;246
;(7, 3);MoveWest;(7, 6);False;1;247
;(7, 3);MoveWest;(7, 6);False;1;248
;(7, 3);MoveWest;(7, 6);False;1;249
;(7, 3);MoveWest;(7, 6);False;1;250
;(7, 3);MoveWest;(6, 6);False;1;251
;(7, 3);MoveWest;(6, 6);False;1;252
;(7, 3);MoveWest;(6, 6);False;1;253
;(7, 3);MoveWest;(6, 6);False;1;254
;(7, 3);MoveWest;(6, 6);False;1;255
;(7, 3);MoveWest;(6, 6);False;1;256
;(7, 3);MoveWest;(6, 6);False;1;257
;(7, 3);MoveWest;(6, 6);False;1;258
;(7, 3);MoveWest;(6, 6);False;1;259
;(7, 3);MoveWest;(6, 6);False;1;260
;(7, 3);MoveWest;(6, 6);False;1;261
;(7, 3);MoveWest;(5, 6);False;1;262
;(7, 3);MoveNorthWest;(5, 6);False;1;263
;(7, 3);MoveNorthWest;(5, 6);False;1;264
;(7, 3);MoveNorthWest;(5, 6);False;1;265
;(7, 3);MoveNorthWest;(5, 6);False;1;266
;(7, 3);MoveNorthWest;(5, 6);False;1;267
;(7, 3);MoveNorthWest;(5, 6);False;1;268
;(7, 3);MoveNorthWest;(5, 6);False;1;269
;(7, 3);MoveNorthWest;(5, 6);False;1;270
;(7, 3);MoveNorthWest;(5, 6);False;1;271
;(7, 3);MoveNorthWest;(5, 6);False;1;272
MoveSouth;(7, 4);MoveNorthWest;(4, 5);False;1;273
;(7, 4);MoveWest;(4, 5);False;1;274
;(7, 4);MoveWest;(4, 5);False;1;275
MoveSouth;(7, 5);MoveWest;(4, 5);False;1;276
;(7, 5);MoveWest;(4, 5);False;1;277
;(7, 5);MoveWest;(4, 5);False;1;278
;(7, 5);MoveWest;(4, 5);False;1;279
;(7, 5);MoveWest;(4, 5);False;1;280
;(7, 5);MoveWest;(4, 5);False;1;281
MoveSouth;(7, 6);MoveWest;(4, 5);False;1;282
;(7, 6);MoveWest;(4, 5);False;1;283
;(7, 6);MoveWest;(3, 5);False;1;284
MoveEast;(8, 6);MoveNorthWest;(3, 5);False;1;285
;(8, 6);MoveNorthWest;(3, 5);False;1;286
;(8, 6);MoveNorthWest;(3, 5);False;1;287
;(8, 6);MoveNorthWest;(3, 5);False;1;288
;(8, 6);MoveNorthWest;(3, 5);False;1;289
;(8, 6);MoveNorthWest;(3, 5);False;1;290
;(8, 6);MoveNorthWest;(3, 5);False;1;291
;(8, 6);MoveNorthWest;(3, 5);False;1;292
;(8, 6);MoveNorthWest;(3, 5);False;1;293
;(8, 6);MoveNorthWest;(3, 5);False;1;294
;(8, 6);MoveNorthWest;(2, 4);False;1;295
;(8, 6);MoveWest;(2, 4);False;1;296
;(8, 6);MoveWest;(2, 4);False;1;297
;(8, 6);MoveWest;(2, 4);False;1;298
;(8, 6);MoveWest;(2, 4);False;1;299
;(8, 6);MoveWest;(2, 4);False;1;300
;(8, 6);MoveWest;(2, 4);False;1;301
;(8, 6);MoveWest;(2, 4);False;1;302
;(8, 6);MoveWest;(2, 4);False;1;303
;(8, 6);MoveWest;(2, 4);False;1;304
;(8, 6);MoveWest;(2, 4);False;1;305
;(8, 6);MoveWest;(1, 4);False;1;306
;(8, 6);DropLargeObject;(1, 4);False;1;307
;(8, 6);DropLargeObject;(1, 4);False;1;308
;(8, 6);DropLargeObject;(1, 4);False;1;309
;(8, 6);DropLargeObject;(1, 4);False;1;310
;(8, 6);DropLargeObject;(1, 4);False;1;311
;(8, 6);DropLargeObject;(1, 4);False;1;312
;(8, 6);DropLargeObject;(1, 4);False;1;313
;(8, 6);DropLargeObject;(1, 4);False;1;314
;(8, 6);DropLargeObject;(1, 4);False;1;315
;(8, 6);DropLargeObject;(1, 4);False;1;316
;(8, 6);DropLargeObject;(1, 4);False;1;317
;(8, 6);;(1, 4);False;1;318
;(8, 6);Idle;(1, 4);False;1;319
;(8, 6);Idle;(1, 4);False;1;320
;(8, 6);Idle;(1, 4);False;1;321
;(8, 6);Idle;(1, 4);False;1;322
;(8, 6);Idle;(1, 4);False;1;323
;(8, 6);Idle;(1, 4);False;1;324
;(8, 6);Idle;(1, 4);False;1;325
;(8, 6);Idle;(1, 4);False;1;326
;(8, 6);Idle;(1, 4);False;1;327
;(8, 6);Idle;(1, 4);False;1;328
;(8, 6);Idle;(1, 4);False;1;329
;(8, 6);Idle;(1, 4);False;1;330
;(8, 6);Idle;(1, 4);False;1;331
;(8, 6);Idle;(1, 4);False;1;332
;(8, 6);Idle;(1, 4);False;1;333
;(8, 6);Idle;(1, 4);False;1;334
;(8, 6);Idle;(1, 4);False;1;335
;(8, 6);Idle;(1, 4);False;1;336
;(8, 6);Idle;(1, 4);False;1;337
;(8, 6);Idle;(1, 4);False;1;338
;(8, 6);Idle;(1, 4);False;1;339
;(8, 6);Idle;(1, 4);False;1;340
;(8, 6);Idle;(1, 4);False;1;341
;(8, 6);Idle;(1, 4);False;1;342
;(8, 6);Idle;(1, 4);False;1;343
;(8, 6);Idle;(1, 4);False;1;344
GrabObject;(8, 6);Idle;(1, 4);False;1;345
;(8, 6);Idle;(1, 4);False;1;346
MoveWest;(7, 6);Idle;(1, 4);False;1;347
;(7, 6);Idle;(1, 4);False;1;348
;(7, 6);Idle;(1, 4);False;1;349
;(7, 6);Idle;(1, 4);False;1;350
MoveWest;(6, 6);Idle;(1, 4);False;1;351
;(6, 6);Idle;(1, 4);False;1;352
MoveWest;(5, 6);Idle;(1, 4);False;1;353
;(5, 6);Idle;(1, 4);False;1;354
MoveWest;(4, 6);Idle;(1, 4);False;1;355
;(4, 6);Idle;(1, 4);False;1;356
;(4, 6);Idle;(1, 4);False;1;357
MoveWest;(3, 6);Idle;(1, 4);False;1;358
;(3, 6);Idle;(1, 4);False;1;359
MoveWest;(2, 6);Idle;(1, 4);False;1;360
;(2, 6);Idle;(1, 4);False;1;361
DropObject;(2, 6);Idle;(1, 4);False;1;362
;(2, 6);Idle;(1, 4);False;1;363
;(2, 6);Idle;(1, 4);False;1;364
MoveSouth;(2, 7);Idle;(1, 4);False;1;365
;(2, 7);Idle;(1, 4);False;1;366
;(2, 7);Idle;(1, 4);False;1;367
;(2, 7);Idle;(1, 4);False;1;368
;(2, 7);Idle;(1, 4);False;1;369
MoveEast;(3, 7);Idle;(1, 4);False;1;370
;(3, 7);Idle;(1, 4);False;1;371
;(3, 7);Idle;(1, 4);False;1;372
MoveNorth;(3, 6);Idle;(1, 4);False;1;373
;(3, 6);;(1, 4);False;1;374
;(3, 6);Idle;(1, 4);False;1;375
;(3, 6);Idle;(1, 4);False;1;376
;(3, 6);Idle;(1, 4);False;1;377
;(3, 6);Idle;(1, 4);False;1;378
;(3, 6);Idle;(1, 4);False;1;379
MoveEast;(4, 6);Idle;(1, 4);False;1;380
;(4, 6);Idle;(1, 4);False;1;381
;(4, 6);Idle;(1, 4);False;1;382
;(4, 6);Idle;(1, 4);False;1;383
MoveSouth;(4, 7);Idle;(1, 4);False;1;384
;(4, 7);Idle;(1, 4);False;1;385
;(4, 7);Idle;(1, 4);False;1;386
MoveSouth;(4, 8);Idle;(1, 4);False;1;387
;(4, 8);Idle;(1, 4);False;1;388
;(4, 8);Idle;(1, 4);False;1;389
;(4, 8);Idle;(1, 4);False;1;390
;(4, 8);Idle;(1, 4);False;1;391
MoveEast;(5, 8);Idle;(1, 4);False;1;392
;(5, 8);Idle;(1, 4);False;1;393
;(5, 8);Idle;(1, 4);False;1;394
MoveEast;(6, 8);Idle;(1, 4);False;1;395
;(6, 8);Idle;(1, 4);False;1;396
;(6, 8);Idle;(1, 4);False;1;397
;(6, 8);Idle;(1, 4);False;1;398
;(6, 8);Idle;(1, 4);False;1;399
MoveSouth;(6, 9);Idle;(1, 4);False;1;400
;(6, 9);Idle;(1, 4);False;1;401
;(6, 9);Idle;(1, 4);False;1;402
;(6, 9);Idle;(1, 4);False;1;403
;(6, 9);Idle;(1, 4);False;1;404
;(6, 9);Idle;(1, 4);False;1;405
;(6, 9);Idle;(1, 4);False;1;406
;(6, 9);Idle;(1, 4);False;1;407
;(6, 9);Idle;(1, 4);False;1;408
MoveSouth;(6, 10);Idle;(1, 4);False;1;409
;(6, 10);Idle;(1, 4);False;1;410
;(6, 10);Idle;(1, 4);False;1;411
GrabObject;(6, 10);Idle;(1, 4);False;1;412
;(6, 10);Idle;(1, 4);False;1;413
;(6, 10);Idle;(1, 4);False;1;414
MoveWest;(5, 10);Idle;(1, 4);False;1;415
;(5, 10);Idle;(1, 4);False;1;416
MoveWest;(4, 10);Idle;(1, 4);False;1;417
;(4, 10);Idle;(1, 4);False;1;418
;(4, 10);Idle;(1, 4);False;1;419
MoveWest;(3, 10);Idle;(1, 4);False;1;420
;(3, 10);Idle;(1, 4);False;1;421
MoveWest;(2, 10);Idle;(1, 4);False;1;422
;(2, 10);Idle;(1, 4);False;1;423
;(2, 10);Idle;(1, 4);False;1;424
;(2, 10);Idle;(1, 4);False;1;425
MoveWest;(1, 10);Idle;(1, 4);False;1;426
;(1, 10);Idle;(1, 4);False;1;427
;(1, 10);Idle;(1, 4);False;1;428
MoveWest;(0, 10);Idle;(1, 4);False;1;429
;(0, 10);;(1, 4);False;1;430
;(0, 10);MoveEast;(1, 4);False;1;431
MoveNorth;(0, 9);MoveEast;(1, 4);False;1;432
;(0, 9);MoveEast;(1, 4);False;1;433
;(0, 9);MoveEast;(1, 4);False;1;434
;(0, 9);MoveEast;(1, 4);False;1;435
;(0, 9);MoveEast;(1, 4);False;1;436
;(0, 9);MoveEast;(1, 4);False;1;437
DropObject;(0, 9);MoveEast;(1, 4);False;1;438
;(0, 9);MoveEast;(1, 4);False;1;439
;(0, 9);MoveEast;(1, 4);False;1;440
MoveNorth;(0, 8);MoveEast;(2, 4);False;1;441
;(0, 8);MoveEast;(2, 4);False;1;442
;(0, 8);MoveEast;(2, 4);False;1;443
;(0, 8);MoveEast;(2, 4);False;1;444
;(0, 8);MoveEast;(2, 4);False;1;445
;(0, 8);MoveEast;(2, 4);False;1;446
;(0, 8);MoveEast;(2, 4);False;1;447
MoveEast;(1, 8);MoveEast;(2, 4);False;1;448
;(1, 8);MoveEast;(2, 4);False;1;449
;(1, 8);MoveEast;(2, 4);False;1;450
MoveEast;(2, 8);MoveEast;(2, 4);False;1;451
;(2, 8);MoveEast;(3, 4);False;1;452
;(2, 8);MoveWest;(3, 4);False;1;453
MoveEast;(3, 8);MoveWest;(3, 4);False;1;454
;(3, 8);MoveWest;(3, 4);False;1;455
;(3, 8);MoveWest;(3, 4);False;1;456
;(3, 8);MoveWest;(3, 4);False;1;457
MoveEast;(4, 8);MoveWest;(3, 4);False;1;458
;(4, 8);MoveWest;(3, 4);False;1;459
;(4, 8);MoveWest;(3, 4);False;1;460
;(4, 8);MoveWest;(3, 4);False;1;461
;(4, 8);MoveWest;(3, 4);False;1;462
MoveNorth;(4, 7);MoveWest;(2, 4);False;1;463
;(4, 7);MoveWest;(2, 4);False;1;464
;(4, 7);MoveWest;(2, 4);False;1;465
;(4, 7);MoveWest;(2, 4);False;1;466
;(4, 7);MoveWest;(2, 4);False;1;467
;(4, 7);MoveWest;(2, 4);False;1;468
MoveEast;(5, 7);MoveWest;(2, 4);False;1;469
;(5, 7);MoveWest;(2, 4);False;1;470
;(5, 7);MoveWest;(2, 4);False;1;471
;(5, 7);MoveWest;(2, 4);False;1;472
;(5, 7);MoveWest;(2, 4);False;1;473
MoveEast;(6, 7);MoveWest;(1, 4);False;1;474
;(6, 7);MoveEast;(1, 4);False;1;475
;(6, 7);MoveEast;(1, 4);False;1;476
;(6, 7);MoveEast;(1, 4);False;1;477
MoveNorth;(6, 6);MoveEast;(1, 4);False;1;478
;(6, 6);MoveEast;(1, 4);False;1;479
;(6, 6);MoveEast;(1, 4);False;1;480
;(6, 6);MoveEast;(1, 4);False;1;481
MoveEast;(7, 6);MoveEast;(1, 4);False;1;482
;(7, 6);MoveEast;(1, 4);False;1;483
;(7, 6);MoveEast;(1, 4);False;1;484
;(7, 6);MoveEast;(2, 4);False;1;485
;(7, 6);MoveEast;(2, 4);False;1;486
;(7, 6);MoveEast;(2, 4);False;1;487
MoveEast;(8, 6);MoveEast;(2, 4);False;1;488
;(8, 6);MoveEast;(2, 4);False;1;489
;(8, 6);MoveEast;(2, 4);False;1;490
;(8, 6);MoveEast;(2, 4);False;1;491
;(8, 6);MoveEast;(2, 4);False;1;492
;(8, 6);MoveEast;(2, 4);False;1;493
MoveSouth;(8, 7);MoveEast;(2, 4);False;1;494
;(8, 7);MoveEast;(2, 4);False;1;495
;(8, 7);MoveEast;(3, 4);False;1;496
;(8, 7);MoveWest;(3, 4);False;1;497
MoveWest;(7, 7);MoveWest;(3, 4);False;1;498
;(7, 7);MoveWest;(3, 4);False;1;499
;(7, 7);MoveWest;(3, 4);False;1;500
;(7, 7);MoveWest;(3, 4);False;1;501
;(7, 7);MoveWest;(3, 4);False;1;502
;(7, 7);MoveWest;(3, 4);False;1;503
;(7, 7);MoveWest;(3, 4);False;1;504
;(7, 7);MoveWest;(3, 4);False;1;505
;(7, 7);MoveWest;(3, 4);False;1;506
;(7, 7);MoveWest;(2, 4);False;1;507
;(7, 7);MoveWest;(2, 4);False;1;508
;(7, 7);MoveWest;(2, 4);False;1;509
;(7, 7);MoveWest;(2, 4);False;1;510
;(7, 7);MoveWest;(2, 4);False;1;511
;(7, 7);MoveWest;(2, 4);False;1;512
;(7, 7);MoveWest;(2, 4);False;1;513
MoveEast;(8, 7);MoveWest;(2, 4);False;1;514
;(8, 7);MoveWest;(2, 4);False;1;515
;(8, 7);MoveWest;(2, 4);False;1;516
;(8, 7);MoveWest;(2, 4);False;1;517
;(8, 7);MoveWest;(1, 4);False;1;518
;(8, 7);MoveEast;(1, 4);False;1;519
MoveNorth;(8, 6);MoveEast;(1, 4);False;1;520
;(8, 6);MoveEast;(1, 4);False;1;521
;(8, 6);MoveEast;(1, 4);False;1;522
;(8, 6);MoveEast;(1, 4);False;1;523
MoveNorth;(8, 5);MoveEast;(1, 4);False;1;524
;(8, 5);MoveEast;(1, 4);False;1;525
MoveNorth;(8, 4);MoveEast;(1, 4);False;1;526
;(8, 4);MoveEast;(1, 4);False;1;527
;(8, 4);MoveEast;(1, 4);False;1;528
;(8, 4);MoveEast;(2, 4);False;1;529
;(8, 4);MoveEast;(2, 4);False;1;530
;(8, 4);MoveEast;(2, 4);False;1;531
;(8, 4);MoveEast;(2, 4);False;1;532
;(8, 4);MoveEast;(2, 4);False;1;533
;(8, 4);MoveEast;(2, 4);False;1;534
;(8, 4);MoveEast;(2, 4);False;1;535
;(8, 4);MoveEast;(2, 4);False;1;536
;(8, 4);MoveEast;(2, 4);False;1;537
;(8, 4);MoveEast;(2, 4);False;1;538
;(8, 4);MoveEast;(2, 4);False;1;539
;(8, 4);MoveEast;(3, 4);False;1;540
;(8, 4);MoveWest;(3, 4);False;1;541
;(8, 4);MoveWest;(3, 4);False;1;542
;(8, 4);MoveWest;(3, 4);False;1;543
;(8, 4);MoveWest;(3, 4);False;1;544
;(8, 4);MoveWest;(3, 4);False;1;545
;(8, 4);MoveWest;(3, 4);False;1;546
;(8, 4);MoveWest;(3, 4);False;1;547
;(8, 4);MoveWest;(3, 4);False;1;548
;(8, 4);MoveWest;(3, 4);False;1;549
;(8, 4);MoveWest;(3, 4);False;1;550
;(8, 4);MoveWest;(2, 4);False;1;551
;(8, 4);MoveWest;(2, 4);False;1;552
;(8, 4);MoveWest;(2, 4);False;1;553
;(8, 4);MoveWest;(2, 4);False;1;554
;(8, 4);MoveWest;(2, 4);False;1;555
;(8, 4);MoveWest;(2, 4);False;1;556
;(8, 4);MoveWest;(2, 4);False;1;557
;(8, 4);MoveWest;(2, 4);False;1;558
;(8, 4);MoveWest;(2, 4);False;1;559
;(8, 4);MoveWest;(2, 4);False;1;560
;(8, 4);MoveWest;(2, 4);False;1;561
;(8, 4);MoveWest;(1, 4);False;1;562
;(8, 4);;(1, 4);False;1;563
;(8, 4);MoveSouthEast;(1, 4);False;1;564
;(8, 4);MoveSouthEast;(1, 4);False;1;565
;(8, 4);MoveSouthEast;(1, 4);False;1;566
;(8, 4);MoveSouthEast;(1, 4);False;1;567
;(8, 4);MoveSouthEast;(1, 4);False;1;568
;(8, 4);MoveSouthEast;(1, 4);False;1;569
;(8, 4);MoveSouthEast;(1, 4);False;1;570
;(8, 4);MoveSouthEast;(1, 4);False;1;571
;(8, 4);MoveSouthEast;(1, 4);False;1;572
;(8, 4);MoveSouthEast;(1, 4);False;1;573
;(8, 4);MoveSouthEast;(2, 5);False;1;574
;(8, 4);MoveEast;(2, 5);False;1;575
;(8, 4);MoveEast;(2, 5);False;1;576
;(8, 4);MoveEast;(2, 5);False;1;577
;(8, 4);MoveEast;(2, 5);False;1;578
;(8, 4);MoveEast;(2, 5);False;1;579
;(8, 4);MoveEast;(2, 5);False;1;580
;(8, 4);MoveEast;(2, 5);False;1;581
;(8, 4);MoveEast;(2, 5);False;1;582
;(8, 4);MoveEast;(2, 5);False;1;583
;(8, 4);MoveEast;(2, 5);False;1;584
;(8, 4);MoveEast;(3, 5);False;1;585
;(8, 4);MoveSouthEast;(3, 5);False;1;586
;(8, 4);MoveSouthEast;(3, 5);False;1;587
;(8, 4);MoveSouthEast;(3, 5);False;1;588
;(8, 4);MoveSouthEast;(3, 5);False;1;589
;(8, 4);MoveSouthEast;(3, 5);False;1;590
;(8, 4);MoveSouthEast;(3, 5);False;1;591
;(8, 4);MoveSouthEast;(3, 5);False;1;592
;(8, 4);MoveSouthEast;(3, 5);False;1;593
;(8, 4);MoveSouthEast;(3, 5);False;1;594
;(8, 4);MoveSouthEast;(3, 5);False;1;595
;(8, 4);MoveSouthEast;(4, 6);False;1;596
;(8, 4);MoveEast;(4, 6);False;1;597
;(8, 4);MoveEast;(4, 6);False;1;598
;(8, 4);MoveEast;(4, 6);False;1;599
;(8, 4);MoveEast;(4, 6);False;1;600
;(8, 4);MoveEast;(4, 6);False;1;601
;(8, 4);MoveEast;(4, 6);False;1;602
;(8, 4);MoveEast;(4, 6);False;1;603
;(8, 4);MoveEast;(4, 6);False;1;604
;(8, 4);MoveEast;(4, 6);False;1;605
;(8, 4);MoveEast;(4, 6);False;1;606
;(8, 4);MoveEast;(5, 6);False;1;607
;(8, 4);MoveEast;(5, 6);False;1;608
;(8, 4);MoveEast;(5, 6);False;1;609
;(8, 4);MoveEast;(5, 6);False;1;610
;(8, 4);MoveEast;(5, 6);False;1;611
;(8, 4);MoveEast;(5, 6);False;1;612
;(8, 4);MoveEast;(5, 6);False;1;613
;(8, 4);MoveEast;(5, 6);False;1;614
;(8, 4);MoveEast;(5, 6);False;1;615
;(8, 4);MoveEast;(5, 6);False;1;616
;(8, 4);MoveEast;(5, 6);False;1;617
;(8, 4);MoveEast;(6, 6);False;1;618
;(8, 4);MoveSouthEast;(6, 6);False;1;619
;(8, 4);MoveSouthEast;(6, 6);False;1;620
;(8, 4);MoveSouthEast;(6, 6);False;1;621
;(8, 4);MoveSouthEast;(6, 6);False;1;622
;(8, 4);MoveSouthEast;(6, 6);False;1;623
;(8, 4);MoveSouthEast;(6, 6);False;1;624
;(8, 4);MoveSouthEast;(6, 6);False;1;625
;(8, 4);MoveSouthEast;(6, 6);False;1;626
;(8, 4);MoveSouthEast;(6, 6);False;1;627
;(8, 4);MoveSouthEast;(6, 6);False;1;628
;(8, 4);MoveSouthEast;(7, 7);False;1;629
;(8, 4);BreakObject;(7, 7);False;1;630
;(8, 4);BreakObject;(7, 7);False;1;631
;(8, 4);BreakObject;(7, 7);False;1;632
;(8, 4);BreakObject;(7, 7);False;1;633
;(8, 4);BreakObject;(7, 7);False;1;634
;(8, 4);BreakObject;(7, 7);False;1;635
;(8, 4);BreakObject;(7, 7);False;1;636
;(8, 4);BreakObject;(7, 7);False;1;637
;(8, 4);BreakObject;(7, 7);False;1;638
;(8, 4);BreakObject;(7, 7);False;1;639
;(8, 4);BreakObject;(7, 7);False;1;640
;(8, 4);;(7, 7);False;1;641
;(8, 4);MoveEast;(7, 7);False;1;642
;(8, 4);MoveEast;(7, 7);False;1;643
;(8, 4);MoveEast;(7, 7);False;1;644
;(8, 4);MoveEast;(7, 7);False;1;645
;(8, 4);MoveEast;(7, 7);False;1;646
;(8, 4);MoveEast;(7, 7);False;1;647
;(8, 4);MoveEast;(7, 7);False;1;648
;(8, 4);MoveEast;(7, 7);False;1;649
;(8, 4);MoveEast;(7, 7);False;1;650
;(8, 4);MoveEast;(7, 7);False;1;651
;(8, 4);MoveEast;(8, 7);False;1;652
;(8, 4);MoveEast;(8, 7);False;1;653
;(8, 4);MoveEast;(8, 7);False;1;654
;(8, 4);MoveEast;(8, 7);False;1;655
;(8, 4);MoveEast;(8, 7);False;1;656
;(8, 4);MoveEast;(8, 7);False;1;657
;(8, 4);MoveEast;(8, 7);False;1;658
;(8, 4);MoveEast;(8, 7);False;1;659
;(8, 4);MoveEast;(8, 7);False;1;660
;(8, 4);MoveEast;(8, 7);False;1;661
;(8, 4);MoveEast;(8, 7);False;1;662
;(8, 4);MoveEast;(9, 7);False;1;663
;(8, 4);MoveNorthEast;(9, 7);False;1;664
MoveSouth;(8, 5);MoveNorthEast;(9, 7);False;1;665
;(8, 5);MoveNorthEast;(9, 7);False;1;666
MoveSouth;(8, 6);MoveNorthEast;(9, 7);False;1;667
;(8, 6);MoveNorthEast;(9, 7);False;1;668
;(8, 6);MoveNorthEast;(9, 7);False;1;669
;(8, 6);MoveNorthEast;(9, 7);False;1;670
;(8, 6);MoveNorthEast;(9, 7);False;1;671
;(8, 6);MoveNorthEast;(9, 7);False;1;672
;(8, 6);MoveNorthEast;(9, 7);False;1;673
;(8, 6);MoveNorthEast;(10, 6);False;1;674
;(8, 6);MoveEast;(10, 6);False;1;675
;(8, 6);MoveEast;(10, 6);False;1;676
;(8, 6);MoveEast;(10, 6);False;1;677
;(8, 6);MoveEast;(10, 6);False;1;678
;(8, 6);MoveEast;(10, 6);False;1;679
;(8, 6);MoveEast;(10, 6);False;1;680
;(8, 6);MoveEast;(10, 6);False;1;681
;(8, 6);MoveEast;(10, 6);False;1;682
;(8, 6);MoveEast;(10, 6);False;1;683
;(8, 6);MoveEast;(10, 6);False;1;684
;(8, 6);MoveEast;(11, 6);False;1;685
;(8, 6);GrabLargeObject;(11, 6);False;1;686
;(8, 6);GrabLargeObject;(11, 6);False;1;687
;(8, 6);GrabLargeObject;(11, 6);False;1;688
;(8, 6);GrabLargeObject;(11, 6);False;1;689
;(8, 6);GrabLargeObject;(11, 6);False;1;690
;(8, 6);GrabLargeObject;(11, 6);False;1;691
;(8, 6);GrabLargeObject;(11, 6);False;1;692
;(8, 6);GrabLargeObject;(11, 6);False;1;693
;(8, 6);GrabLargeObject;(11, 6);False;1;694
;(8, 6);GrabLargeObject;(11, 6);False;1;695
;(8, 6);GrabLargeObject;(11, 6);False;1;696
;(8, 6);;(11, 6);False;1;697
;(8, 6);Idle;(11, 6);False;1;698
;(8, 6);Idle;(11, 6);False;1;699
;(8, 6);Idle;(11, 6);False;1;700
;(8, 6);Idle;(11, 6);False;1;701
;(8, 6);Idle;(11, 6);False;1;702
;(8, 6);Idle;(11, 6);False;1;703
;(8, 6);Idle;(11, 6);False;1;704
;(8, 6);Idle;(11, 6);False;1;705
;(8, 6);Idle;(11, 6);False;1;706
;(8, 6);Idle;(11, 6);False;1;707
;(8, 6);Idle;(11, 6);False;1;708
;(8, 6);Idle;(11, 6);False;1;709
;(8, 6);Idle;(11, 6);False;1;710
;(8, 6);Idle;(11, 6);False;1;711
;(8, 6);Idle;(11, 6);False;1;712
;(8, 6);Idle;(11, 6);False;1;713
;(8, 6);Idle;(11, 6);False;1;714
;(8, 6);Idle;(11, 6);False;1;715
;(8, 6);Idle;(11, 6);False;1;716
;(8, 6);Idle;(11, 6);False;1;717
;(8, 6);Idle;(11, 6);False;1;718
;(8, 6);Idle;(11, 6);False;1;719
;(8, 6);Idle;(11, 6);False;1;720
;(8, 6);Idle;(11, 6);False;1;721
;(8, 6);Idle;(11, 6);False;1;722
;(8, 6);Idle;(11, 6);False;1;723
;(8, 6);Idle;(11, 6);False;1;724
;(8, 6);Idle;(11, 6);False;1;725
;(8, 6);Idle;(11, 6);False;1;726
;(8, 6);Idle;(11, 6);False;1;727
;(8, 6);Idle;(11, 6);False;1;728
;(8, 6);Idle;(11, 6);False;1;729
;(8, 6);Idle;(11, 6);False;1;730
;(8, 6);Idle;(11, 6);False;1;731
;(8, 6);Idle;(11, 6);False;1;732
;(8, 6);Idle;(11, 6);False;1;733
;(8, 6);Idle;(11, 6);False;1;734
;(8, 6);Idle;(11, 6);False;1;735
;(8, 6);Idle;(11, 6);False;1;736
;(8, 6);Idle;(11, 6);False;1;737
;(8, 6);Idle;(11, 6);False;1;738
;(8, 6);Idle;(11, 6);False;1;739
;(8, 6);Idle;(11, 6);False;1;740
;(8, 6);Idle;(11, 6);False;1;741
;(8, 6);Idle;(11, 6);False;1;742
;(8, 6);Idle;(11, 6);False;1;743
;(8, 6);Idle;(11, 6);False;1;744
;(8, 6);Idle;(11, 6);False;1;745
;(8, 6);Idle;(11, 6);False;1;746
;(8, 6);Idle;(11, 6);False;1;747
;(8, 6);Idle;(11, 6);False;1;748
;(8, 6);Idle;(11, 6);False;1;749
;(8, 6);Idle;(11, 6);False;1;750
;(8, 6);Idle;(11, 6);False;1;751
;(8, 6);Idle;(11, 6);False;1;752
;(8, 6);;(11, 6);False;1;753
;(8, 6);MoveEast;(11, 6);False;1;754
;(8, 6);MoveEast;(11, 6);False;1;755
;(8, 6);MoveEast;(11, 6);False;1;756
;(8, 6);MoveEast;(11, 6);False;1;757
;(8, 6);MoveEast;(11, 6);False;1;758
MoveSouth;(8, 7);MoveEast;(11, 6);False;1;759
;(8, 7);MoveEast;(11, 6);False;1;760
;(8, 7);MoveEast;(11, 6);False;1;761
MoveSouth;(8, 8);MoveEast;(11, 6);False;1;762
;(8, 8);MoveEast;(11, 6);False;1;763
;(8, 8);MoveEast;(12, 6);False;1;764
;(8, 8);MoveNorthEast;(12, 6);False;1;765
;(8, 8);MoveNorthEast;(12, 6);False;1;766
;(8, 8);MoveNorthEast;(12, 6);False;1;767
;(8, 8);MoveNorthEast;(12, 6);False;1;768
;(8, 8);MoveNorthEast;(12, 6);False;1;769
;(8, 8);MoveNorthEast;(12, 6);False;1;770
;(8, 8);MoveNorthEast;(12, 6);False;1;771
MoveNorth;(8, 7);MoveNorthEast;(12, 6);False;1;772
;(8, 7);MoveNorthEast;(12, 6);False;1;773
;(8, 7);MoveNorthEast;(12, 6);False;1;774
;(8, 7);MoveNorthEast;(13, 5);False;1;775
;(8, 7);MoveEast;(13, 5);False;1;776
;(8, 7);MoveEast;(13, 5);False;1;777
;(8, 7);MoveEast;(13, 5);False;1;778
;(8, 7);MoveEast;(13, 5);False;1;779
GrabObject;(8, 7);MoveEast;(13, 5);False;1;780
;(8, 7);MoveEast;(13, 5);False;1;781
MoveWest;(7, 7);MoveEast;(13, 5);False;1;782
;(7, 7);MoveEast;(13, 5);False;1;783
;(7, 7);MoveEast;(13, 5);False;1;784
MoveWest;(6, 7);MoveEast;(13, 5);False;1;785
;(6, 7);MoveEast;(14, 5);False;1;786
MoveWest;(5, 7);MoveNorthEast;(14, 5);False;1;787
;(5, 7);MoveNorthEast;(14, 5);False;1;788
;(5, 7);MoveNorthEast;(14, 5);False;1;789
MoveWest;(4, 7);MoveNorthEast;(14, 5);False;1;790
;(4, 7);MoveNorthEast;(14, 5);False;1;791
MoveWest;(3, 7);MoveNorthEast;(14, 5);False;1;792
;(3, 7);MoveNorthEast;(14, 5);False;1;793
DropObject;(3, 7);MoveNorthEast;(14, 5);False;1;794
;(3, 7);MoveNorthEast;(14, 5);False;1;795
MoveEast;(4, 7);MoveNorthEast;(14, 5);False;1;796
;(4, 7);MoveNorthEast;(15, 4);False;1;797
;(4, 7);MoveEast;(15, 4);False;1;798
MoveEast;(5, 7);MoveEast;(15, 4);False;1;799
;(5, 7);MoveEast;(15, 4);False;1;800
MoveEast;(6, 7);MoveEast;(15, 4);False;1;801
;(6, 7);MoveEast;(15, 4);False;1;802
MoveEast;(7, 7);MoveEast;(15, 4);False;1;803
;(7, 7);MoveEast;(15, 4);False;1;804
;(7, 7);MoveEast;(15, 4);False;1;805
MoveEast;(8, 7);MoveEast;(15, 4);False;1;806
;(8, 7);MoveEast;(15, 4);False;1;807
;(8, 7);MoveEast;(16, 4);False;1;808
GrabObject;(8, 7);DropLargeObject;(16, 4);False;1;809
;(8, 7);DropLargeObject;(16, 4);False;1;810
;(8, 7);DropLargeObject;(16, 4);False;1;811
MoveWest;(7, 7);DropLargeObject;(16, 4);False;1;812
;(7, 7);DropLargeObject;(16, 4);False;1;813
;(7, 7);DropLargeObject;(16, 4);False;1;814
;(7, 7);DropLargeObject;(16, 4);False;1;815
;(7, 7);DropLargeObject;(16, 4);False;1;816
MoveWest;(6, 7);DropLargeObject;(16, 4);False;1;817
;(6, 7);DropLargeObject;(16, 4);False;1;818
;(6, 7);DropLargeObject;(16, 4);False;1;819
MoveWest;(5, 7);;(16, 4);False;1;820
;(5, 7);MoveWest;(16, 4);False;1;821
MoveWest;(4, 7);MoveWest;(16, 4);False;1;822
;(4, 7);MoveWest;(16, 4);False;1;823
DropObject;(4, 7);MoveWest;(16, 4);False;1;824
MoveEast;(5, 7);MoveWest;(16, 4);False;1;825
;(5, 7);MoveWest;(16, 4);False;1;826
;(5, 7);MoveWest;(16, 4);False;1;827
MoveEast;(6, 7);MoveWest;(16, 4);False;1;828
;(6, 7);MoveWest;(16, 4);False;1;829
;(6, 7);MoveWest;(16, 4);False;1;830
;(6, 7);MoveWest;(15, 4);False;1;831
MoveSouth;(6, 8);MoveWest;(15, 4);False;1;832
;(6, 8);MoveWest;(15, 4);False;1;833
;(6, 8);MoveWest;(15, 4);False;1;834
;(6, 8);MoveWest;(15, 4);False;1;835
;(6, 8);MoveWest;(15, 4);False;1;836
;(6, 8);MoveWest;(15, 4);False;1;837
MoveEast;(7, 8);MoveWest;(15, 4);False;1;838
;(7, 8);MoveWest;(15, 4);False;1;839
;(7, 8);MoveWest;(15, 4);False;1;840
;(7, 8);MoveWest;(15, 4);False;1;841
GrabObject;(7, 8);MoveWest;(14, 4);False;1;842
;(7, 8);MoveNorthWest;(14, 4);False;1;843
MoveWest;(6, 8);MoveNorthWest;(14, 4);False;1;844
;(6, 8);MoveNorthWest;(14, 4);False;1;845
;(6, 8);MoveNorthWest;(14, 4);False;1;846
MoveWest;(5, 8);MoveNorthWest;(14, 4);False;1;847
;(5, 8);MoveNorthWest;(14, 4);False;1;848
MoveWest;(4, 8);MoveNorthWest;(14, 4);False;1;849
;(4, 8);MoveNorthWest;(14, 4);False;1;850
DropObject;(4, 8);MoveNorthWest;(14, 4);False;1;851
;(4, 8);MoveNorthWest;(14, 4);False;1;852
;(4, 8);MoveNorthWest;(13, 3);False;1;853
MoveEast;(5, 8);MoveWest;(13, 3);False;1;854
;(5, 8);MoveWest;(13, 3);False;1;855
;(5, 8);MoveWest;(13, 3);False;1;856
MoveEast;(6, 8);MoveWest;(13, 3);False;1;857
;(6, 8);MoveWest;(13, 3);False;1;858
;(6, 8);MoveWest;(13, 3);False;1;859
MoveEast;(7, 8);MoveWest;(13, 3);False;1;860
;(7, 8);MoveWest;(13, 3);False;1;861
;(7, 8);MoveWest;(13, 3);False;1;862
MoveEast;(8, 8);MoveWest;(13, 3);False;1;863
;(8, 8);MoveWest;(12, 3);False;1;864
;(8, 8);MoveNorthWest;(12, 3);False;1;865
;(8, 8);MoveNorthWest;(12, 3);False;1;866
;(8, 8);MoveNorthWest;(12, 3);False;1;867
;(8, 8);MoveNorthWest;(12, 3);False;1;868
;(8, 8);MoveNorthWest;(12, 3);False;1;869
GrabObject;(8, 8);MoveNorthWest;(12, 3);False;1;870
;(8, 8);MoveNorthWest;(12, 3);False;1;871
;(8, 8);MoveNorthWest;(12, 3);False;1;872
;(8, 8);MoveNorthWest;(12, 3);False;1;873
MoveWest;(7, 8);MoveNorthWest;(12, 3);False;1;874
MoveWest;(6, 8);MoveNorthWest;(11, 2);False;1;875
;(6, 8);MoveWest;(11, 2);False;1;876
;(6, 8);MoveWest;(11, 2);False;1;877
MoveWest;(5, 8);MoveWest;(11, 2);False;1;878
;(5, 8);MoveWest;(11, 2);False;1;879
;(5, 8);MoveWest;(11, 2);False;1;880
;(5, 8);MoveWest;(11, 2);False;1;881
;(5, 8);MoveWest;(11, 2);False;1;882
;(5, 8);MoveWest;(11, 2);False;1;883
GrabObject;(5, 8);MoveWest;(11, 2);False;1;884
;(5, 8);MoveWest;(11, 2);False;1;885
;(5, 8);MoveWest;(10, 2);False;1;886
;(5, 8);GrabObject;(10, 2);False;1;887
;(5, 8);GrabObject;(10, 2);False;1;888
;(5, 8);GrabObject;(10, 2);False;1;889
;(5, 8);GrabObject;(10, 2);False;1;890
;(5, 8);GrabObject;(10, 2);False;1;891
;(5, 8);GrabObject;(10, 2);False;1;892
;(5, 8);GrabObject;(10, 2);False;1;893
MoveEast;(6, 8);GrabObject;(10, 2);False;1;894
;(6, 8);GrabObject;(10, 2);False;1;895
;(6, 8);GrabObject;(10, 2);False;1;896
;(6, 8);GrabObject;(10, 2);False;1;897
MoveNorth;(6, 7);;(10, 2);False;1;898
;(6, 7);Idle;(10, 2);False;1;899
;(6, 7);Idle;(10, 2);False;1;900
MoveWest;(5, 7);Idle;(10, 2);False;1;901
;(5, 7);Idle;(10, 2);False;1;902
;(5, 7);Idle;(10, 2);False;1;903
;(5, 7);Idle;(10, 2);False;1;904
;(5, 7);Idle;(10, 2);False;1;905
MoveWest;(4, 7);Idle;(10, 2);False;1;906
;(4, 7);Idle;(10, 2);False;1;907
;(4, 7);Idle;(10, 2);False;1;908
MoveWest;(3, 7);Idle;(10, 2);False;1;909
;(3, 7);Idle;(10, 2);False;1;910
MoveWest;(2, 7);Idle;(10, 2);False;1;911
;(2, 7);Idle;(10, 2);False;1;912
;(2, 7);Idle;(10, 2);False;1;913
MoveWest;(1, 7);Idle;(10, 2);False;1;914
;(1, 7);Idle;(10, 2);False;1;915
;(1, 7);Idle;(10, 2);False;1;916
MoveWest;(0, 7);Idle;(10, 2);False;1;917
;(0, 7);Idle;(10, 2);False;1;918
MoveWest;(0, 7);Idle;(10, 2);False;1;919
;(0, 7);Idle;(10, 2);False;1;920
MoveWest;(0, 7);Idle;(10, 2);False;1;921
;(0, 7);Idle;(10, 2);False;1;922
;(0, 7);Idle;(10, 2);False;1;923
;(0, 7);Idle;(10, 2);False;1;924
GrabObject;(0, 7);Idle;(10, 2);False;1;925
;(0, 7);Idle;(10, 2);False;1;926
MoveEast;(1, 7);Idle;(10, 2);False;1;927
;(1, 7);Idle;(10, 2);False;1;928
MoveEast;(2, 7);Idle;(10, 2);False;1;929
;(2, 7);Idle;(10, 2);False;1;930
;(2, 7);Idle;(10, 2);False;1;931
MoveEast;(3, 7);Idle;(10, 2);False;1;932
;(3, 7);Idle;(10, 2);False;1;933
MoveEast;(4, 7);Idle;(10, 2);False;1;934
;(4, 7);Idle;(10, 2);False;1;935
;(4, 7);Idle;(10, 2);False;1;936
;(4, 7);Idle;(10, 2);False;1;937
;(4, 7);Idle;(10, 2);False;1;938
;(4, 7);Idle;(10, 2);False;1;939
;(4, 7);Idle;(10, 2);False;1;940
;(4, 7);Idle;(10, 2);False;1;941
;(4, 7);Idle;(10, 2);False;1;942
;(4, 7);Idle;(10, 2);False;1;943
MoveSouth;(4, 8);Idle;(10, 2);False;1;944
;(4, 8);Idle;(10, 2);False;1;945
;(4, 8);Idle;(10, 2);False;1;946
;(4, 8);Idle;(10, 2);False;1;947
;(4, 8);Idle;(10, 2);False;1;948
;(4, 8);Idle;(10, 2);False;1;949
;(4, 8);Idle;(10, 2);False;1;950
;(4, 8);Idle;(10, 2);False;1;951
;(4, 8);Idle;(10, 2);False;1;952
MoveNorth;(4, 7);Idle;(10, 2);False;1;953
;(4, 7);;(10, 2);False;1;954
;(4, 7);Idle;(10, 2);False;1;955
;(4, 7);Idle;(10, 2);False;1;956
;(4, 7);Idle;(10, 2);False;1;957
DropObject;(4, 7);Idle;(10, 2);False;1;958
;(4, 7);Idle;(10, 2);False;1;959
;(4, 7);Idle;(10, 2);False;1;960
;(4, 7);Idle;(10, 2);False;1;961
;(4, 7);Idle;(10, 2);False;1;962
MoveNorth;(4, 6);Idle;(10, 2);False;1;963
;(4, 6);Idle;(10, 2);False;1;964
;(4, 6);Idle;(10, 2);False;1;965
;(4, 6);Idle;(10, 2);False;1;966
;(4, 6);Idle;(10, 2);False;1;967
;(4, 6);Idle;(10, 2);False;1;968
;(4, 6);Idle;(10, 2);False;1;969
;(4, 6);Idle;(10, 2);False;1;970
;(4, 6);Idle;(10, 2);False;1;971
MoveEast;(5, 6);Idle;(10, 2);False;1;972
;(5, 6);Idle;(10, 2);False;1;973
;(5, 6);Idle;(10, 2);False;1;974
MoveSouth;(5, 7);Idle;(10, 2);False;1;975
;(5, 7);Idle;(10, 2);False;1;976
;(5, 7);Idle;(10, 2);False;1;977
MoveSouth;(5, 8);Idle;(10, 2);False;1;978
;(5, 8);Idle;(10, 2);False;1;979
;(5, 8);Idle;(10, 2);False;1;980
MoveEast;(6, 8);Idle;(10, 2);False;1;981
;(6, 8);Idle;(10, 2);False;1;982
;(6, 8);Idle;(10, 2);False;1;983
;(6, 8);Idle;(10, 2);False;1;984
MoveSouth;(6, 9);Idle;(10, 2);False;1;985
;(6, 9);Idle;(10, 2);False;1;986
;(6, 9);Idle;(10, 2);False;1;987
;(6, 9);Idle;(10, 2);False;1;988
MoveSouth;(6, 10);Idle;(10, 2);False;1;989
;(6, 10);Idle;(10, 2);False;1;990
;(6, 10);Idle;(10, 2);False;1;991
;(6, 10);Idle;(10, 2);False;1;992
;(6, 10);Idle;(10, 2);False;1;993
MoveEast;(7, 10);Idle;(10, 2);False;1;994
;(7, 10);Idle;(10, 2);False;1;995
;(7, 10);Idle;(10, 2);False;1;996
;(7, 10);Idle;(10, 2);False;1;997
MoveNorth;(7, 9);Idle;(10, 2);False;1;998
;(7, 9);Idle;(10, 2);False;1;999
;(7, 9);Idle;(10, 2);False;1;1000
;(7, 9);Idle;(10, 2);False;1;1001
;(7, 9);Idle;(10, 2);False;1;1002
;(7, 9);Idle;(10, 2);False;1;1003
;(7, 9);Idle;(10, 2);False;1;1004
;(7, 9);Idle;(10, 2);False;1;1005
GrabObject;(7, 9);Idle;(10, 2);False;1;1006
;(7, 9);Idle;(10, 2);False;1;1007
MoveWest;(6, 9);Idle;(10, 2);False;1;1008
;(6, 9);Idle;(10, 2);False;1;1009
;(6, 9);;(10, 2);False;1;1010
MoveNorth;(6, 8);MoveSouth;(10, 2);False;1;1011
;(6, 8);MoveSouth;(10, 2);False;1;1012
MoveWest;(5, 8);MoveSouth;(10, 2);False;1;1013
;(5, 8);MoveSouth;(10, 2);False;1;1014
MoveNorth;(5, 7);MoveSouth;(10, 2);False;1;1015
;(5, 7);MoveSouth;(10, 2);False;1;1016
MoveWest;(4, 7);MoveSouth;(10, 2);False;1;1017
;(4, 7);MoveSouth;(10, 2);False;1;1018
MoveNorth;(4, 6);MoveSouth;(10, 2);False;1;1019
;(4, 6);MoveSouth;(10, 2);False;1;1020
;(4, 6);MoveSouth;(10, 3);False;1;1021
;(4, 6);GrabObject;(10, 3);False;1;1022
MoveWest;(3, 6);GrabObject;(10, 3);False;1;1023
MoveNorth;(3, 5);GrabObject;(10, 3);False;1;1024
MoveNorth;(3, 4);GrabObject;(10, 3);False;1;1025
;(3, 4);GrabObject;(10, 3);False;1;1026
;(3, 4);GrabObject;(10, 3);False;1;1027
MoveWest;(2, 4);GrabObject;(10, 3);False;1;1028
;(2, 4);GrabObject;(10, 3);False;1;1029
;(2, 4);GrabObject;(10, 3);False;1;1030
;(2, 4);GrabObject;(10, 3);False;1;1031
;(2, 4);GrabObject;(10, 3);False;1;1032
;(2, 4);;(10, 3);False;1;1033
DropObject;(2, 4);MoveSouth;(10, 3);False;1;1034
;(2, 4);MoveSouth;(10, 3);False;1;1035
MoveEast;(3, 4);MoveSouth;(10, 3);False;1;1036
;(3, 4);MoveSouth;(10, 3);False;1;1037
MoveEast;(4, 4);MoveSouth;(10, 3);False;1;1038
;(4, 4);MoveSouth;(10, 3);False;1;1039
;(4, 4);MoveSouth;(10, 3);False;1;1040
MoveEast;(5, 4);MoveSouth;(10, 3);False;1;1041
;(5, 4);MoveSouth;(10, 3);False;1;1042
MoveEast;(6, 4);MoveSouth;(10, 3);False;1;1043
;(6, 4);MoveSouth;(10, 4);False;1;1044
MoveSouth;(6, 5);GrabObject;(10, 4);False;1;1045
;(6, 5);GrabObject;(10, 4);False;1;1046
;(6, 5);GrabObject;(10, 4);False;1;1047
MoveSouth;(6, 6);GrabObject;(10, 4);False;1;1048
;(6, 6);GrabObject;(10, 4);False;1;1049
;(6, 6);GrabObject;(10, 4);False;1;1050
;(6, 6);GrabObject;(10, 4);False;1;1051
;(6, 6);GrabObject;(10, 4);False;1;1052
;(6, 6);GrabObject;(10, 4);False;1;1053
MoveEast;(7, 6);GrabObject;(10, 4);False;1;1054
;(7, 6);GrabObject;(10, 4);False;1;1055
;(7, 6);;(10, 4);False;1;1056
;(7, 6);MoveEast;(10, 4);False;1;1057
MoveEast;(8, 6);MoveEast;(10, 4);False;1;1058
;(8, 6);MoveEast;(10, 4);False;1;1059
MoveSouth;(8, 7);MoveEast;(10, 4);False;1;1060
;(8, 7);MoveEast;(10, 4);False;1;1061
;(8, 7);MoveEast;(10, 4);False;1;1062
;(8, 7);MoveEast;(10, 4);False;1;1063
MoveSouth;(8, 8);MoveEast;(10, 4);False;1;1064
;(8, 8);MoveEast;(10, 4);False;1;1065
;(8, 8);MoveEast;(10, 4);False;1;1066
;(8, 8);MoveEast;(11, 4);False;1;1067
;(8, 8);GrabObject;(11, 4);False;1;1068
MoveSouth;(8, 9);GrabObject;(11, 4);False;1;1069
;(8, 9);GrabObject;(11, 4);False;1;1070
;(8, 9);GrabObject;(11, 4);False;1;1071
;(8, 9);GrabObject;(11, 4);False;1;1072
GrabObject;(8, 9);GrabObject;(11, 4);False;1;1073
;(8, 9);GrabObject;(11, 4);False;1;1074
MoveNorth;(8, 8);GrabObject;(11, 4);False;1;1075
;(8, 8);GrabObject;(11, 4);False;1;1076
;(8, 8);GrabObject;(11, 4);False;1;1077
MoveWest;(7, 8);GrabObject;(11, 4);False;1;1078
MoveNorth;(7, 7);;(11, 4);False;1;1079
;(7, 7);MoveSouthEast;(11, 4);False;1;1080
MoveWest;(6, 7);MoveSouthEast;(11, 4);False;1;1081
;(6, 7);MoveSouthEast;(11, 4);False;1;1082
MoveNorth;(6, 6);MoveSouthEast;(11, 4);False;1;1083
MoveWest;(5, 6);MoveSouthEast;(11, 4);False;1;1084
;(5, 6);MoveSouthEast;(11, 4);False;1;1085
MoveNorth;(5, 5);MoveSouthEast;(11, 4);False;1;1086
;(5, 5);MoveSouthEast;(11, 4);False;1;1087
MoveWest;(4, 5);MoveSouthEast;(11, 4);False;1;1088
MoveNorth;(4, 4);MoveSouthEast;(11, 4);False;1;1089
;(4, 4);MoveSouthEast;(12, 5);False;1;1090
MoveWest;(3, 4);MoveSouthEast;(12, 5);False;1;1091
;(3, 4);MoveSouthEast;(12, 5);False;1;1092
;(3, 4);MoveSouthEast;(12, 5);False;1;1093
;(3, 4);MoveSouthEast;(12, 5);False;1;1094
;(3, 4);MoveSouthEast;(12, 5);False;1;1095
;(3, 4);MoveSouthEast;(12, 5);False;1;1096
GrabObject;(3, 4);MoveSouthEast;(12, 5);False;1;1097
;(3, 4);MoveSouthEast;(12, 5);False;1;1098
;(3, 4);MoveSouthEast;(12, 5);False;1;1099
MoveEast;(4, 4);MoveSouthEast;(12, 5);False;1;1100
;(4, 4);MoveSouthEast;(13, 6);False;1;1101
MoveEast;(5, 4);GrabObject;(13, 6);False;1;1102
;(5, 4);GrabObject;(13, 6);False;1;1103
;(5, 4);GrabObject;(13, 6);False;1;1104
;(5, 4);GrabObject;(13, 6);False;1;1105
;(5, 4);GrabObject;(13, 6);False;1;1106
;(5, 4);GrabObject;(13, 6);False;1;1107
;(5, 4);GrabObject;(13, 6);False;1;1108
MoveWest;(4, 4);GrabObject;(13, 6);False;1;1109
;(4, 4);GrabObject;(13, 6);False;1;1110
;(4, 4);GrabObject;(13, 6);False;1;1111
MoveWest;(3, 4);GrabObject;(13, 6);False;1;1112
MoveWest;(2, 4);;(13, 6);False;1;1113
;(2, 4);Idle;(13, 6);False;1;1114
;(2, 4);Idle;(13, 6);False;1;1115
DropObject;(2, 4);Idle;(13, 6);False;1;1116
;(2, 4);Idle;(13, 6);False;1;1117
MoveEast;(3, 4);Idle;(13, 6);False;1;1118
;(3, 4);Idle;(13, 6);False;1;1119
MoveEast;(4, 4);Idle;(13, 6);False;1;1120
;(4, 4);Idle;(13, 6);False;1;1121
;(4, 4);Idle;(13, 6);False;1;1122
MoveSouth;(4, 5);Idle;(13, 6);False;1;1123
;(4, 5);Idle;(13, 6);False;1;1124
;(4, 5);Idle;(13, 6);False;1;1125
MoveSouth;(4, 6);Idle;(13, 6);False;1;1126
;(4, 6);Idle;(13, 6);False;1;1127
MoveEast;(5, 6);Idle;(13, 6);False;1;1128
;(5, 6);Idle;(13, 6);False;1;1129
;(5, 6);Idle;(13, 6);False;1;1130
;(5, 6);Idle;(13, 6);False;1;1131
;(5, 6);Idle;(13, 6);False;1;1132
;(5, 6);Idle;(13, 6);False;1;1133
MoveEast;(6, 6);Idle;(13, 6);False;1;1134
;(6, 6);Idle;(13, 6);False;1;1135
;(6, 6);Idle;(13, 6);False;1;1136
MoveSouth;(6, 7);Idle;(13, 6);False;1;1137
;(6, 7);Idle;(13, 6);False;1;1138
;(6, 7);Idle;(13, 6);False;1;1139
MoveEast;(7, 7);Idle;(13, 6);False;1;1140
;(7, 7);Idle;(13, 6);False;1;1141
;(7, 7);Idle;(13, 6);False;1;1142
MoveSouth;(7, 8);Idle;(13, 6);False;1;1143
;(7, 8);Idle;(13, 6);False;1;1144
;(7, 8);Idle;(13, 6);False;1;1145
;(7, 8);Idle;(13, 6);False;1;1146
;(7, 8);Idle;(13, 6);False;1;1147
MoveSouth;(7, 9);Idle;(13, 6);False;1;1148
;(7, 9);Idle;(13, 6);False;1;1149
MoveEast;(8, 9);Idle;(13, 6);False;1;1150
;(8, 9);Idle;(13, 6);False;1;1151
;(8, 9);Idle;(13, 6);False;1;1152
;(8, 9);Idle;(13, 6);False;1;1153
;(8, 9);Idle;(13, 6);False;1;1154
MoveSouth;(8, 10);Idle;(13, 6);False;1;1155
;(8, 10);Idle;(13, 6);False;1;1156
;(8, 10);Idle;(13, 6);False;1;1157
;(8, 10);Idle;(13, 6);False;1;1158
GrabObject;(8, 10);Idle;(13, 6);False;1;1159
;(8, 10);Idle;(13, 6);False;1;1160
;(8, 10);Idle;(13, 6);False;1;1161
MoveNorth;(8, 9);Idle;(13, 6);False;1;1162
;(8, 9);Idle;(13, 6);False;1;1163
;(8, 9);Idle;(13, 6);False;1;1164
MoveWest;(7, 9);Idle;(13, 6);False;1;1165
MoveNorth;(7, 8);Idle;(13, 6);False;1;1166
;(7, 8);Idle;(13, 6);False;1;1167
MoveWest;(6, 8);Idle;(13, 6);False;1;1168
;(6, 8);;(13, 6);False;1;1169
MoveNorth;(6, 7);Idle;(13, 6);False;1;1170
;(6, 7);Idle;(13, 6);False;1;1171
MoveWest;(5, 7);Idle;(13, 6);False;1;1172
MoveNorth;(5, 6);Idle;(13, 6);False;1;1173
;(5, 6);Idle;(13, 6);False;1;1174
MoveNorth;(5, 5);Idle;(13, 6);False;1;1175
MoveWest;(4, 5);Idle;(13, 6);False;1;1176
;(4, 5);Idle;(13, 6);False;1;1177
MoveNorth;(4, 4);Idle;(13, 6);False;1;1178
;(4, 4);Idle;(13, 6);False;1;1179
;(4, 4);Idle;(13, 6);False;1;1180
MoveWest;(3, 4);Idle;(13, 6);False;1;1181
;(3, 4);Idle;(13, 6);False;1;1182
MoveNorth;(3, 3);Idle;(13, 6);False;1;1183
;(3, 3);Idle;(13, 6);False;1;1184
MoveWest;(2, 3);Idle;(13, 6);False;1;1185
DropObject;(2, 3);Idle;(13, 6);False;1;1186
;(2, 3);Idle;(13, 6);False;1;1187
;(2, 3);Idle;(13, 6);False;1;1188
MoveEast;(3, 3);Idle;(13, 6);False;1;1189
;(3, 3);Idle;(13, 6);False;1;1190
;(3, 3);Idle;(13, 6);False;1;1191
MoveEast;(4, 3);Idle;(13, 6);False;1;1192
;(4, 3);Idle;(13, 6);False;1;1193
MoveSouth;(4, 4);Idle;(13, 6);False;1;1194
;(4, 4);Idle;(13, 6);False;1;1195
;(4, 4);Idle;(13, 6);False;1;1196
;(4, 4);Idle;(13, 6);False;1;1197
MoveEast;(5, 4);Idle;(13, 6);False;1;1198
;(5, 4);Idle;(13, 6);False;1;1199
MoveSouth;(5, 5);Idle;(13, 6);False;1;1200
;(5, 5);Idle;(13, 6);False;1;1201
;(5, 5);Idle;(13, 6);False;1;1202
MoveEast;(6, 5);Idle;(13, 6);False;1;1203
;(6, 5);Idle;(13, 6);False;1;1204
;(6, 5);Idle;(13, 6);False;1;1205
;(6, 5);Idle;(13, 6);False;1;1206
MoveSouth;(6, 6);Idle;(13, 6);False;1;1207
;(6, 6);Idle;(13, 6);False;1;1208
;(6, 6);Idle;(13, 6);False;1;1209
MoveSouth;(6, 7);Idle;(13, 6);False;1;1210
;(6, 7);Idle;(13, 6);False;1;1211
MoveSouth;(6, 8);Idle;(13, 6);False;1;1212
;(6, 8);Idle;(13, 6);False;1;1213
;(6, 8);Idle;(13, 6);False;1;1214
MoveSouth;(6, 9);Idle;(13, 6);False;1;1215
;(6, 9);Idle;(13, 6);False;1;1216
;(6, 9);Idle;(13, 6);False;1;1217
;(6, 9);Idle;(13, 6);False;1;1218
;(6, 9);Idle;(13, 6);False;1;1219
MoveEast;(7, 9);Idle;(13, 6);False;1;1220
;(7, 9);Idle;(13, 6);False;1;1221
;(7, 9);Idle;(13, 6);False;1;1222
;(7, 9);Idle;(13, 6);False;1;1223
MoveSouth;(7, 10);Idle;(13, 6);False;1;1224
;(7, 10);;(13, 6);False;1;1225
;(7, 10);MoveNorthEast;(13, 6);False;1;1226
;(7, 10);MoveNorthEast;(13, 6);False;1;1227
GrabObject;(7, 10);MoveNorthEast;(13, 6);False;1;1228
;(7, 10);MoveNorthEast;(13, 6);False;1;1229
;(7, 10);MoveNorthEast;(13, 6);False;1;1230
MoveNorth;(7, 9);MoveNorthEast;(13, 6);False;1;1231
;(7, 9);MoveNorthEast;(13, 6);False;1;1232
;(7, 9);MoveNorthEast;(13, 6);False;1;1233
MoveNorth;(7, 8);MoveNorthEast;(13, 6);False;1;1234
;(7, 8);MoveNorthEast;(13, 6);False;1;1235
;(7, 8);MoveNorthEast;(14, 5);False;1;1236
MoveNorth;(7, 7);MoveEast;(14, 5);False;1;1237
;(7, 7);MoveEast;(14, 5);False;1;1238
MoveWest;(6, 7);MoveEast;(14, 5);False;1;1239
;(6, 7);MoveEast;(14, 5);False;1;1240
MoveNorth;(6, 6);MoveEast;(14, 5);False;1;1241
;(6, 6);MoveEast;(14, 5);False;1;1242
MoveWest;(5, 6);MoveEast;(14, 5);False;1;1243
;(5, 6);MoveEast;(14, 5);False;1;1244
MoveNorth;(5, 5);MoveEast;(14, 5);False;1;1245
MoveWest;(4, 5);MoveEast;(14, 5);False;1;1246
;(4, 5);MoveEast;(15, 5);False;1;1247
MoveNorth;(4, 4);MoveNorthEast;(15, 5);False;1;1248
;(4, 4);MoveNorthEast;(15, 5);False;1;1249
MoveWest;(3, 4);MoveNorthEast;(15, 5);False;1;1250
MoveNorth;(3, 3);MoveNorthEast;(15, 5);False;1;1251
;(3, 3);MoveNorthEast;(15, 5);False;1;1252
MoveWest;(2, 3);MoveNorthEast;(15, 5);False;1;1253
;(2, 3);MoveNorthEast;(15, 5);False;1;1254
;(2, 3);MoveNorthEast;(15, 5);False;1;1255
MoveNorth;(2, 2);MoveNorthEast;(15, 5);False;1;1256
;(2, 2);MoveNorthEast;(15, 5);False;1;1257
DropObject;(2, 2);MoveNorthEast;(16, 4);False;1;1258
;(2, 2);MoveEast;(16, 4);False;1;1259
;(2, 2);MoveEast;(16, 4);False;1;1260
;(2, 2);MoveEast;(16, 4);False;1;1261
;(2, 2);MoveEast;(16, 4);False;1;1262
;(2, 2);MoveEast;(16, 4);False;1;1263
MoveEast;(3, 2);MoveEast;(16, 4);False;1;1264
;(3, 2);MoveEast;(16, 4);False;1;1265
;(3, 2);MoveEast;(16, 4);False;1;1266
MoveEast;(4, 2);MoveEast;(16, 4);False;1;1267
;(4, 2);MoveEast;(16, 4);False;1;1268
MoveSouth;(4, 3);MoveEast;(17, 4);False;1;1269
;(4, 3);DropObject;(17, 4);False;1;1270
;(4, 3);DropObject;(17, 4);False;1;1271
MoveEast;(5, 3);DropObject;(17, 4);False;1;1272
MoveSouth;(5, 4);DropObject;(17, 4);False;1;1273
;(5, 4);DropObject;(17, 4);False;1;1274
;(5, 4);DropObject;(17, 4);False;1;1275
MoveSouth;(5, 5);DropObject;(17, 4);False;1;1276
;(5, 5);DropObject;(17, 4);False;1;1277
MoveEast;(6, 5);DropObject;(17, 4);False;1;1278
;(6, 5);DropObject;(17, 4);False;1;1279
;(6, 5);DropObject;(17, 4);False;1;1280
MoveSouth;(6, 6);DropObject;(17, 4);False;1;1281
;(6, 6);DropObject;(17, 4);False;1;1282
;(6, 6);DropObject;(17, 4);False;1;1283
MoveEast;(7, 6);DropObject;(17, 4);False;1;1284
;(7, 6);DropObject;(17, 4);False;1;1285
;(7, 6);DropObject;(17, 4);False;1;1286
MoveSouth;(7, 7);DropObject;(17, 4);False;1;1287
;(7, 7);DropObject;(17, 4);False;1;1288
;(7, 7);DropObject;(17, 4);False;1;1289
;(7, 7);DropObject;(17, 4);False;1;1290
MoveSouth;(7, 8);DropObject;(17, 4);False;1;1291
;(7, 8);DropObject;(17, 4);False;1;1292
;(7, 8);DropObject;(17, 4);False;1;1293
MoveSouth;(7, 9);DropObject;(17, 4);False;1;1294
MoveEast;(8, 9);DropObject;(17, 4);False;1;1295
;(8, 9);DropObject;(17, 4);False;1;1296
;(8, 9);DropObject;(17, 4);False;1;1297
;(8, 9);DropObject;(17, 4);False;1;1298
MoveSouth;(8, 10);DropObject;(17, 4);False;1;1299
;(8, 10);DropObject;(17, 4);False;1;1300
;(8, 10);DropObject;(17, 4);False;1;1301
;(8, 10);DropObject;(17, 4);False;1;1302
;(8, 10);DropObject;(17, 4);False;1;1303
;(8, 10);DropObject;(17, 4);False;1;1304
MoveEast;(9, 10);DropObject;(17, 4);False;1;1305
;(9, 10);DropObject;(17, 4);False;1;1306
;(9, 10);DropObject;(17, 4);False;1;1307
;(9, 10);DropObject;(17, 4);False;1;1308
MoveNorth;(9, 9);DropObject;(17, 4);False;1;1309
;(9, 9);DropObject;(17, 4);False;1;1310
;(9, 9);DropObject;(17, 4);False;1;1311
;(9, 9);DropObject;(17, 4);False;1;1312
;(9, 9);DropObject;(17, 4);False;1;1313
;(9, 9);DropObject;(17, 4);False;1;1314
;(9, 9);DropObject;(17, 4);False;1;1315
GrabObject;(9, 9);DropObject;(17, 4);False;1;1316
;(9, 9);DropObject;(17, 4);False;1;1317
MoveWest;(8, 9);DropObject;(17, 4);False;1;1318
;(8, 9);DropObject;(17, 4);False;1;1319
;(8, 9);DropObject;(17, 4);False;1;1320
MoveNorth;(8, 8);DropObject;(17, 4);False;1;1321
;(8, 8);DropObject;(17, 4);False;1;1322
MoveWest;(7, 8);DropObject;(17, 4);False;1;1323
MoveNorth;(7, 7);DropObject;(17, 4);False;1;1324
;(7, 7);;(17, 4);False;1;1325
MoveWest;(6, 7);MoveSouthWest;(17, 4);False;1;1326
;(6, 7);MoveSouthWest;(17, 4);False;1;1327
;(6, 7);MoveSouthWest;(17, 4);False;1;1328
MoveNorth;(6, 6);MoveSouthWest;(17, 4);False;1;1329
;(6, 6);MoveSouthWest;(17, 4);False;1;1330
MoveWest;(5, 6);MoveSouthWest;(17, 4);False;1;1331
;(5, 6);MoveSouthWest;(17, 4);False;1;1332
MoveNorth;(5, 5);MoveSouthWest;(17, 4);False;1;1333
;(5, 5);MoveSouthWest;(17, 4);False;1;1334
;(5, 5);MoveSouthWest;(17, 4);False;1;1335
MoveWest;(4, 5);MoveSouthWest;(16, 5);False;1;1336
;(4, 5);MoveSouthWest;(16, 5);False;1;1337
MoveNorth;(4, 4);MoveSouthWest;(16, 5);False;1;1338
;(4, 4);MoveSouthWest;(16, 5);False;1;1339
MoveWest;(3, 4);MoveSouthWest;(16, 5);False;1;1340
;(3, 4);MoveSouthWest;(16, 5);False;1;1341
;(3, 4);MoveSouthWest;(16, 5);False;1;1342
DropObject;(3, 4);MoveSouthWest;(16, 5);False;1;1343
;(3, 4);MoveSouthWest;(16, 5);False;1;1344
MoveEast;(4, 4);MoveSouthWest;(16, 5);False;1;1345
;(4, 4);MoveSouthWest;(16, 5);False;1;1346
;(4, 4);MoveSouthWest;(15, 6);False;1;1347
MoveSouth;(4, 5);MoveWest;(15, 6);False;1;1348
;(4, 5);MoveWest;(15, 6);False;1;1349
;(4, 5);MoveWest;(15, 6);False;1;1350
MoveEast;(5, 5);MoveWest;(15, 6);False;1;1351
;(5, 5);MoveWest;(15, 6);False;1;1352
;(5, 5);MoveWest;(15, 6);False;1;1353
MoveSouth;(5, 6);MoveWest;(15, 6);False;1;1354
;(5, 6);MoveWest;(15, 6);False;1;1355
;(5, 6);MoveWest;(15, 6);False;1;1356
;(5, 6);MoveWest;(15, 6);False;1;1357
;(5, 6);MoveWest;(14, 6);False;1;1358
MoveEast;(6, 6);MoveSouthWest;(14, 6);False;1;1359
;(6, 6);MoveSouthWest;(14, 6);False;1;1360
MoveSouth;(6, 7);MoveSouthWest;(14, 6);False;1;1361
;(6, 7);MoveSouthWest;(14, 6);False;1;1362
MoveEast;(7, 7);MoveSouthWest;(14, 6);False;1;1363
;(7, 7);MoveSouthWest;(14, 6);False;1;1364
;(7, 7);MoveSouthWest;(14, 6);False;1;1365
MoveSouth;(7, 8);MoveSouthWest;(14, 6);False;1;1366
;(7, 8);MoveSouthWest;(14, 6);False;1;1367
;(7, 8);MoveSouthWest;(14, 6);False;1;1368
MoveEast;(8, 8);MoveSouthWest;(13, 7);False;1;1369
;(8, 8);GrabObject;(13, 7);False;1;1370
;(8, 8);GrabObject;(13, 7);False;1;1371
;(8, 8);GrabObject;(13, 7);False;1;1372
MoveEast;(9, 8);GrabObject;(13, 7);False;1;1373
;(9, 8);GrabObject;(13, 7);False;1;1374
;(9, 8);GrabObject;(13, 7);False;1;1375
;(9, 8);GrabObject;(13, 7);False;1;1376
;(9, 8);GrabObject;(13, 7);False;1;1377
;(9, 8);GrabObject;(13, 7);False;1;1378
MoveEast;(10, 8);GrabObject;(13, 7);False;1;1379
;(10, 8);GrabObject;(13, 7);False;1;1380
;(10, 8);;(13, 7);False;1;1381
;(10, 8);Idle;(13, 7);False;1;1382
;(10, 8);Idle;(13, 7);False;1;1383
;(10, 8);Idle;(13, 7);False;1;1384
MoveSouth;(10, 9);Idle;(13, 7);False;1;1385
;(10, 9);Idle;(13, 7);False;1;1386
;(10, 9);Idle;(13, 7);False;1;1387
;(10, 9);Idle;(13, 7);False;1;1388
;(10, 9);Idle;(13, 7);False;1;1389
;(10, 9);Idle;(13, 7);False;1;1390
;(10, 9);Idle;(13, 7);False;1;1391
;(10, 9);Idle;(13, 7);False;1;1392
;(10, 9);Idle;(13, 7);False;1;1393
GrabObject;(10, 9);Idle;(13, 7);False;1;1394
;(10, 9);Idle;(13, 7);False;1;1395
;(10, 9);Idle;(13, 7);False;1;1396
MoveNorth;(10, 8);Idle;(13, 7);False;1;1397
MoveWest;(9, 8);Idle;(13, 7);False;1;1398
;(9, 8);Idle;(13, 7);False;1;1399
;(9, 8);Idle;(13, 7);False;1;1400
MoveNorth;(9, 7);Idle;(13, 7);False;1;1401
;(9, 7);Idle;(13, 7);False;1;1402
MoveWest;(8, 7);Idle;(13, 7);False;1;1403
;(8, 7);Idle;(13, 7);False;1;1404
MoveNorth;(8, 6);Idle;(13, 7);False;1;1405
;(8, 6);Idle;(13, 7);False;1;1406
MoveWest;(7, 6);Idle;(13, 7);False;1;1407
;(7, 6);Idle;(13, 7);False;1;1408
;(7, 6);Idle;(13, 7);False;1;1409
MoveNorth;(7, 5);Idle;(13, 7);False;1;1410
MoveWest;(6, 5);Idle;(13, 7);False;1;1411
;(6, 5);Idle;(13, 7);False;1;1412
;(6, 5);Idle;(13, 7);False;1;1413
MoveNorth;(6, 4);Idle;(13, 7);False;1;1414
;(6, 4);Idle;(13, 7);False;1;1415
MoveWest;(5, 4);Idle;(13, 7);False;1;1416
;(5, 4);Idle;(13, 7);False;1;1417
MoveNorth;(5, 3);Idle;(13, 7);False;1;1418
;(5, 3);Idle;(13, 7);False;1;1419
MoveWest;(4, 3);Idle;(13, 7);False;1;1420
;(4, 3);Idle;(13, 7);False;1;1421
MoveWest;(3, 3);Idle;(13, 7);False;1;1422
;(3, 3);Idle;(13, 7);False;1;1423
;(3, 3);Idle;(13, 7);False;1;1424
;(3, 3);Idle;(13, 7);False;1;1425
DropObject;(3, 3);Idle;(13, 7);False;1;1426
;(3, 3);Idle;(13, 7);False;1;1427
;(3, 3);Idle;(13, 7);False;1;1428
;(3, 3);Idle;(13, 7);False;1;1429
MoveEast;(4, 3);Idle;(13, 7);False;1;1430
;(4, 3);Idle;(13, 7);False;1;1431
;(4, 3);Idle;(13, 7);False;1;1432
MoveEast;(5, 3);Idle;(13, 7);False;1;1433
;(5, 3);Idle;(13, 7);False;1;1434
;(5, 3);Idle;(13, 7);False;1;1435
MoveSouth;(5, 4);Idle;(13, 7);False;1;1436
;(5, 4);;(13, 7);False;1;1437
;(5, 4);Idle;(13, 7);False;1;1438
;(5, 4);Idle;(13, 7);False;1;1439
MoveEast;(6, 4);Idle;(13, 7);False;1;1440
;(6, 4);Idle;(13, 7);False;1;1441
;(6, 4);Idle;(13, 7);False;1;1442
MoveSouth;(6, 5);Idle;(13, 7);False;1;1443
;(6, 5);Idle;(13, 7);False;1;1444
;(6, 5);Idle;(13, 7);False;1;1445
MoveEast;(7, 5);Idle;(13, 7);False;1;1446
;(7, 5);Idle;(13, 7);False;1;1447
MoveSouth;(7, 6);Idle;(13, 7);False;1;1448
;(7, 6);Idle;(13, 7);False;1;1449
;(7, 6);Idle;(13, 7);False;1;1450
;(7, 6);Idle;(13, 7);False;1;1451
MoveNorth;(7, 5);Idle;(13, 7);False;1;1452
;(7, 5);Idle;(13, 7);False;1;1453
;(7, 5);Idle;(13, 7);False;1;1454
;(7, 5);Idle;(13, 7);False;1;1455
;(7, 5);Idle;(13, 7);False;1;1456
;(7, 5);Idle;(13, 7);False;1;1457
;(7, 5);Idle;(13, 7);False;1;1458
MoveSouth;(7, 6);Idle;(13, 7);False;1;1459
;(7, 6);Idle;(13, 7);False;1;1460
;(7, 6);Idle;(13, 7);False;1;1461
;(7, 6);Idle;(13, 7);False;1;1462
MoveSouth;(7, 7);Idle;(13, 7);False;1;1463
;(7, 7);Idle;(13, 7);False;1;1464
;(7, 7);Idle;(13, 7);False;1;1465
;(7, 7);Idle;(13, 7);False;1;1466
;(7, 7);Idle;(13, 7);False;1;1467
;(7, 7);Idle;(13, 7);False;1;1468
;(7, 7);Idle;(13, 7);False;1;1469
;(7, 7);Idle;(13, 7);False;1;1470
;(7, 7);Idle;(13, 7);False;1;1471
;(7, 7);Idle;(13, 7);False;1;1472
;(7, 7);Idle;(13, 7);False;1;1473
;(7, 7);Idle;(13, 7);False;1;1474
;(7, 7);Idle;(13, 7);False;1;1475
;(7, 7);Idle;(13, 7);False;1;1476
;(7, 7);Idle;(13, 7);False;1;1477
;(7, 7);Idle;(13, 7);False;1;1478
;(7, 7);Idle;(13, 7);False;1;1479
;(7, 7);Idle;(13, 7);False;1;1480
;(7, 7);Idle;(13, 7);False;1;1481
;(7, 7);Idle;(13, 7);False;1;1482
;(7, 7);Idle;(13, 7);False;1;1483
;(7, 7);Idle;(13, 7);False;1;1484
;(7, 7);Idle;(13, 7);False;1;1485
;(7, 7);Idle;(13, 7);False;1;1486
;(7, 7);Idle;(13, 7);False;1;1487
;(7, 7);Idle;(13, 7);False;1;1488
;(7, 7);Idle;(13, 7);False;1;1489
;(7, 7);Idle;(13, 7);False;1;1490
;(7, 7);Idle;(13, 7);False;1;1491
;(7, 7);Idle;(13, 7);False;1;1492
;(7, 7);;(13, 7);False;1;1493
;(7, 7);MoveSouthWest;(13, 7);False;1;1494
;(7, 7);MoveSouthWest;(13, 7);False;1;1495
;(7, 7);MoveSouthWest;(13, 7);False;1;1496
;(7, 7);MoveSouthWest;(13, 7);False;1;1497
;(7, 7);MoveSouthWest;(13, 7);False;1;1498
;(7, 7);MoveSouthWest;(13, 7);False;1;1499
;(7, 7);MoveSouthWest;(13, 7);False;1;1500
;(7, 7);MoveSouthWest;(13, 7);False;1;1501
;(7, 7);MoveSouthWest;(13, 7);False;1;1502
;(7, 7);MoveSouthWest;(13, 7);False;1;1503
;(7, 7);MoveSouthWest;(12, 8);False;1;1504
;(7, 7);BreakObject;(12, 8);False;1;1505
;(7, 7);BreakObject;(12, 8);False;1;1506
;(7, 7);BreakObject;(12, 8);False;1;1507
;(7, 7);BreakObject;(12, 8);False;1;1508
;(7, 7);BreakObject;(12, 8);False;1;1509
;(7, 7);BreakObject;(12, 8);False;1;1510
;(7, 7);BreakObject;(12, 8);False;1;1511
DropObject;(7, 7);BreakObject;(12, 8);False;1;1512
;(7, 7);BreakObject;(12, 8);False;1;1513
;(7, 7);BreakObject;(12, 8);False;1;1514
;(7, 7);BreakObject;(12, 8);False;1;1515
;(7, 7);;(12, 8);False;1;1516
;(7, 7);Idle;(12, 8);False;1;1517
;(7, 7);Idle;(12, 8);False;1;1518
;(7, 7);Idle;(12, 8);False;1;1519
;(7, 7);Idle;(12, 8);False;1;1520
;(7, 7);Idle;(12, 8);False;1;1521
;(7, 7);Idle;(12, 8);False;1;1522
;(7, 7);Idle;(12, 8);False;1;1523
;(7, 7);Idle;(12, 8);False;1;1524
;(7, 7);Idle;(12, 8);False;1;1525
;(7, 7);Idle;(12, 8);False;1;1526
;(7, 7);Idle;(12, 8);False;1;1527
;(7, 7);;(12, 8);False;1;1528
;(7, 7);;(12, 8);do nothing;1;1529
;(7, 7);MoveEast;(12, 8);do nothing;1;1530
;(7, 7);MoveEast;(12, 8);do nothing;1;1531
;(7, 7);MoveEast;(12, 8);do nothing;1;1532
;(7, 7);MoveEast;(12, 8);do nothing;1;1533
;(7, 7);MoveEast;(12, 8);do nothing;1;1534
;(7, 7);MoveEast;(12, 8);do nothing;1;1535
;(7, 7);MoveEast;(12, 8);do nothing;1;1536
;(7, 7);MoveEast;(12, 8);do nothing;1;1537
;(7, 7);MoveEast;(12, 8);do nothing;1;1538
;(7, 7);MoveEast;(12, 8);do nothing;1;1539
;(7, 7);MoveEast;(13, 8);do nothing;1;1540
;(7, 7);MoveNorthEast;(13, 8);do nothing;1;1541
;(7, 7);MoveNorthEast;(13, 8);do nothing;1;1542
;(7, 7);MoveNorthEast;(13, 8);do nothing;1;1543
;(7, 7);MoveNorthEast;(13, 8);do nothing;1;1544
;(7, 7);MoveNorthEast;(13, 8);do nothing;1;1545
;(7, 7);MoveNorthEast;(13, 8);do nothing;1;1546
;(7, 7);MoveNorthEast;(13, 8);do nothing;1;1547
;(7, 7);MoveNorthEast;(13, 8);do nothing;1;1548
;(7, 7);MoveNorthEast;(13, 8);do nothing;1;1549
;(7, 7);MoveNorthEast;(13, 8);do nothing;1;1550
;(7, 7);MoveNorthEast;(14, 7);do nothing;1;1551
;(7, 7);MoveEast;(14, 7);do nothing;1;1552
;(7, 7);MoveEast;(14, 7);do nothing;1;1553
;(7, 7);MoveEast;(14, 7);do nothing;1;1554
;(7, 7);MoveEast;(14, 7);do nothing;1;1555
;(7, 7);MoveEast;(14, 7);do nothing;1;1556
;(7, 7);MoveEast;(14, 7);do nothing;1;1557
;(7, 7);MoveEast;(14, 7);do nothing;1;1558
;(7, 7);MoveEast;(14, 7);do nothing;1;1559
;(7, 7);MoveEast;(14, 7);do nothing;1;1560
;(7, 7);MoveEast;(14, 7);do nothing;1;1561
;(7, 7);MoveEast;(15, 7);do nothing;1;1562
;(7, 7);MoveNorthEast;(15, 7);do nothing;1;1563
;(7, 7);MoveNorthEast;(15, 7);do nothing;1;1564
;(7, 7);MoveNorthEast;(15, 7);do nothing;1;1565
;(7, 7);MoveNorthEast;(15, 7);do nothing;1;1566
;(7, 7);MoveNorthEast;(15, 7);do nothing;1;1567
;(7, 7);MoveNorthEast;(15, 7);do nothing;1;1568
;(7, 7);MoveNorthEast;(15, 7);do nothing;1;1569
;(7, 7);MoveNorthEast;(15, 7);do nothing;1;1570
;(7, 7);MoveNorthEast;(15, 7);do nothing;1;1571
;(7, 7);MoveNorthEast;(15, 7);do nothing;1;1572
;(7, 7);MoveNorthEast;(16, 6);do nothing;1;1573
;(7, 7);MoveEast;(16, 6);do nothing;1;1574
;(7, 7);MoveEast;(16, 6);do nothing;1;1575
;(7, 7);MoveEast;(16, 6);do nothing;1;1576
;(7, 7);MoveEast;(16, 6);do nothing;1;1577
;(7, 7);MoveEast;(16, 6);do nothing;1;1578
;(7, 7);MoveEast;(16, 6);do nothing;1;1579
;(7, 7);MoveEast;(16, 6);do nothing;1;1580
;(7, 7);MoveEast;(16, 6);do nothing;1;1581
;(7, 7);MoveEast;(16, 6);do nothing;1;1582
;(7, 7);MoveEast;(16, 6);do nothing;1;1583
;(7, 7);MoveEast;(17, 6);do nothing;1;1584
;(7, 7);DropObject;(17, 6);do nothing;1;1585
;(7, 7);DropObject;(17, 6);do nothing;1;1586
;(7, 7);DropObject;(17, 6);do nothing;1;1587
;(7, 7);DropObject;(17, 6);do nothing;1;1588
;(7, 7);DropObject;(17, 6);do nothing;1;1589
;(7, 7);DropObject;(17, 6);do nothing;1;1590
;(7, 7);DropObject;(17, 6);do nothing;1;1591
;(7, 7);DropObject;(17, 6);do nothing;1;1592
;(7, 7);DropObject;(17, 6);do nothing;1;1593
;(7, 7);DropObject;(17, 6);do nothing;1;1594
;(7, 7);DropObject;(17, 6);do nothing;1;1595
;(7, 7);;(17, 6);do nothing;1;1596
;(7, 7);;(17, 6);do nothing;1;1597
;(7, 7);MoveWest;(17, 6);do nothing;1;1598
;(7, 7);MoveWest;(17, 6);do nothing;1;1599
;(7, 7);MoveWest;(17, 6);do nothing;1;1600
;(7, 7);MoveWest;(17, 6);do nothing;1;1601
;(7, 7);MoveWest;(17, 6);do nothing;1;1602
;(7, 7);MoveWest;(17, 6);do nothing;1;1603
;(7, 7);MoveWest;(17, 6);do nothing;1;1604
;(7, 7);MoveWest;(17, 6);do nothing;1;1605
;(7, 7);MoveWest;(17, 6);do nothing;1;1606
;(7, 7);MoveWest;(17, 6);do nothing;1;1607
;(7, 7);MoveWest;(16, 6);do nothing;1;1608
;(7, 7);MoveWest;(16, 6);do nothing;1;1609
;(7, 7);MoveWest;(16, 6);do nothing;1;1610
;(7, 7);MoveWest;(16, 6);do nothing;1;1611
;(7, 7);MoveWest;(16, 6);do nothing;1;1612
;(7, 7);MoveWest;(16, 6);do nothing;1;1613
;(7, 7);MoveWest;(16, 6);do nothing;1;1614
;(7, 7);MoveWest;(16, 6);do nothing;1;1615
;(7, 7);MoveWest;(16, 6);do nothing;1;1616
;(7, 7);MoveWest;(16, 6);do nothing;1;1617
;(7, 7);MoveWest;(16, 6);do nothing;1;1618
;(7, 7);MoveWest;(15, 6);do nothing;1;1619
;(7, 7);MoveWest;(15, 6);do nothing;1;1620
;(7, 7);MoveWest;(15, 6);do nothing;1;1621
;(7, 7);MoveWest;(15, 6);do nothing;1;1622
;(7, 7);MoveWest;(15, 6);do nothing;1;1623
;(7, 7);MoveWest;(15, 6);do nothing;1;1624
;(7, 7);MoveWest;(15, 6);do nothing;1;1625
;(7, 7);MoveWest;(15, 6);do nothing;1;1626
;(7, 7);MoveWest;(15, 6);do nothing;1;1627
;(7, 7);MoveWest;(15, 6);do nothing;1;1628
;(7, 7);MoveWest;(15, 6);do nothing;1;1629
;(7, 7);MoveWest;(14, 6);do nothing;1;1630
;(7, 7);MoveSouthWest;(14, 6);do nothing;1;1631
;(7, 7);MoveSouthWest;(14, 6);do nothing;1;1632
;(7, 7);MoveSouthWest;(14, 6);do nothing;1;1633
;(7, 7);MoveSouthWest;(14, 6);do nothing;1;1634
;(7, 7);MoveSouthWest;(14, 6);do nothing;1;1635
;(7, 7);MoveSouthWest;(14, 6);do nothing;1;1636
;(7, 7);MoveSouthWest;(14, 6);do nothing;1;1637
;(7, 7);MoveSouthWest;(14, 6);do nothing;1;1638
;(7, 7);MoveSouthWest;(14, 6);do nothing;1;1639
;(7, 7);MoveSouthWest;(14, 6);do nothing;1;1640
;(7, 7);MoveSouthWest;(13, 7);do nothing;1;1641
;(7, 7);MoveEast;(13, 7);do nothing;1;1642
;(7, 7);MoveEast;(13, 7);do nothing;1;1643
;(7, 7);MoveEast;(13, 7);do nothing;1;1644
;(7, 7);MoveEast;(13, 7);do nothing;1;1645
;(7, 7);MoveEast;(13, 7);do nothing;1;1646
;(7, 7);MoveEast;(13, 7);do nothing;1;1647
;(7, 7);MoveEast;(13, 7);do nothing;1;1648
;(7, 7);MoveEast;(13, 7);do nothing;1;1649
;(7, 7);MoveEast;(13, 7);do nothing;1;1650
;(7, 7);MoveEast;(13, 7);do nothing;1;1651
;(7, 7);MoveEast;(14, 7);do nothing;1;1652
;(7, 7);MoveEast;(14, 7);do nothing;1;1653
;(7, 7);MoveEast;(14, 7);do nothing;1;1654
;(7, 7);MoveEast;(14, 7);do nothing;1;1655
;(7, 7);MoveEast;(14, 7);do nothing;1;1656
;(7, 7);MoveEast;(14, 7);do nothing;1;1657
;(7, 7);MoveEast;(14, 7);do nothing;1;1658
;(7, 7);MoveEast;(14, 7);do nothing;1;1659
;(7, 7);MoveEast;(14, 7);do nothing;1;1660
;(7, 7);MoveEast;(14, 7);do nothing;1;1661
;(7, 7);MoveEast;(14, 7);do nothing;1;1662
;(7, 7);MoveEast;(15, 7);do nothing;1;1663
;(7, 7);MoveWest;(15, 7);do nothing;1;1664
;(7, 7);MoveWest;(15, 7);do nothing;1;1665
;(7, 7);MoveWest;(15, 7);do nothing;1;1666
;(7, 7);MoveWest;(15, 7);do nothing;1;1667
;(7, 7);MoveWest;(15, 7);do nothing;1;1668
;(7, 7);MoveWest;(15, 7);do nothing;1;1669
;(7, 7);MoveWest;(15, 7);do nothing;1;1670
;(7, 7);MoveWest;(15, 7);do nothing;1;1671
;(7, 7);MoveWest;(15, 7);do nothing;1;1672
;(7, 7);MoveWest;(15, 7);do nothing;1;1673
;(7, 7);MoveWest;(14, 7);do nothing;1;1674
;(7, 7);MoveWest;(14, 7);do nothing;1;1675
;(7, 7);MoveWest;(14, 7);do nothing;1;1676
;(7, 7);MoveWest;(14, 7);do nothing;1;1677
;(7, 7);MoveWest;(14, 7);do nothing;1;1678
;(7, 7);MoveWest;(14, 7);do nothing;1;1679
;(7, 7);MoveWest;(14, 7);do nothing;1;1680
;(7, 7);MoveWest;(14, 7);do nothing;1;1681
;(7, 7);MoveWest;(14, 7);do nothing;1;1682
;(7, 7);MoveWest;(14, 7);do nothing;1;1683
;(7, 7);MoveWest;(14, 7);do nothing;1;1684
;(7, 7);MoveWest;(13, 7);do nothing;1;1685
;(7, 7);MoveEast;(13, 7);do nothing;1;1686
;(7, 7);MoveEast;(13, 7);do nothing;1;1687
;(7, 7);MoveEast;(13, 7);do nothing;1;1688
;(7, 7);MoveEast;(13, 7);do nothing;1;1689
;(7, 7);MoveEast;(13, 7);do nothing;1;1690
;(7, 7);MoveEast;(13, 7);do nothing;1;1691
;(7, 7);MoveEast;(13, 7);do nothing;1;1692
;(7, 7);MoveEast;(13, 7);do nothing;1;1693
;(7, 7);MoveEast;(13, 7);do nothing;1;1694
;(7, 7);MoveEast;(13, 7);do nothing;1;1695
;(7, 7);MoveEast;(14, 7);do nothing;1;1696
;(7, 7);MoveEast;(14, 7);do nothing;1;1697
;(7, 7);MoveEast;(14, 7);do nothing;1;1698
;(7, 7);MoveEast;(14, 7);do nothing;1;1699
;(7, 7);MoveEast;(14, 7);do nothing;1;1700
;(7, 7);MoveEast;(14, 7);do nothing;1;1701
;(7, 7);MoveEast;(14, 7);do nothing;1;1702
;(7, 7);MoveEast;(14, 7);do nothing;1;1703
;(7, 7);MoveEast;(14, 7);do nothing;1;1704
;(7, 7);MoveEast;(14, 7);do nothing;1;1705
;(7, 7);MoveEast;(14, 7);do nothing;1;1706
;(7, 7);MoveEast;(15, 7);do nothing;1;1707
;(7, 7);MoveWest;(15, 7);do nothing;1;1708
;(7, 7);MoveWest;(15, 7);do nothing;1;1709
;(7, 7);MoveWest;(15, 7);do nothing;1;1710
;(7, 7);MoveWest;(15, 7);do nothing;1;1711
;(7, 7);MoveWest;(15, 7);do nothing;1;1712
;(7, 7);MoveWest;(15, 7);do nothing;1;1713
;(7, 7);MoveWest;(15, 7);do nothing;1;1714
;(7, 7);MoveWest;(15, 7);do nothing;1;1715
;(7, 7);MoveWest;(15, 7);do nothing;1;1716
;(7, 7);MoveWest;(15, 7);do nothing;1;1717
;(7, 7);MoveWest;(14, 7);do nothing;1;1718
;(7, 7);MoveWest;(14, 7);do nothing;1;1719
;(7, 7);MoveWest;(14, 7);do nothing;1;1720
;(7, 7);MoveWest;(14, 7);do nothing;1;1721
;(7, 7);MoveWest;(14, 7);do nothing;1;1722
;(7, 7);MoveWest;(14, 7);do nothing;1;1723
;(7, 7);MoveWest;(14, 7);do nothing;1;1724
;(7, 7);MoveWest;(14, 7);do nothing;1;1725
;(7, 7);MoveWest;(14, 7);do nothing;1;1726
;(7, 7);MoveWest;(14, 7);do nothing;1;1727
;(7, 7);MoveWest;(14, 7);do nothing;1;1728
;(7, 7);MoveWest;(13, 7);do nothing;1;1729
;(7, 7);MoveEast;(13, 7);do nothing;1;1730
;(7, 7);MoveEast;(13, 7);do nothing;1;1731
;(7, 7);MoveEast;(13, 7);do nothing;1;1732
;(7, 7);MoveEast;(13, 7);do nothing;1;1733
;(7, 7);MoveEast;(13, 7);do nothing;1;1734
;(7, 7);MoveEast;(13, 7);do nothing;1;1735
;(7, 7);MoveEast;(13, 7);do nothing;1;1736
;(7, 7);MoveEast;(13, 7);do nothing;1;1737
;(7, 7);MoveEast;(13, 7);do nothing;1;1738
;(7, 7);MoveEast;(13, 7);do nothing;1;1739
;(7, 7);MoveEast;(14, 7);do nothing;1;1740
;(7, 7);MoveEast;(14, 7);do nothing;1;1741
;(7, 7);MoveEast;(14, 7);do nothing;1;1742
;(7, 7);MoveEast;(14, 7);do nothing;1;1743
;(7, 7);MoveEast;(14, 7);do nothing;1;1744
;(7, 7);MoveEast;(14, 7);do nothing;1;1745
;(7, 7);MoveEast;(14, 7);do nothing;1;1746
;(7, 7);MoveEast;(14, 7);do nothing;1;1747
;(7, 7);MoveEast;(14, 7);do nothing;1;1748
;(7, 7);MoveEast;(14, 7);do nothing;1;1749
;(7, 7);MoveEast;(14, 7);do nothing;1;1750
;(7, 7);MoveEast;(15, 7);do nothing;1;1751
;(7, 7);MoveWest;(15, 7);do nothing;1;1752
;(7, 7);MoveWest;(15, 7);do nothing;1;1753
;(7, 7);MoveWest;(15, 7);do nothing;1;1754
;(7, 7);MoveWest;(15, 7);do nothing;1;1755
;(7, 7);MoveWest;(15, 7);do nothing;1;1756
;(7, 7);MoveWest;(15, 7);do nothing;1;1757
;(7, 7);MoveWest;(15, 7);do nothing;1;1758
;(7, 7);MoveWest;(15, 7);do nothing;1;1759
;(7, 7);MoveWest;(15, 7);do nothing;1;1760
;(7, 7);MoveWest;(15, 7);do nothing;1;1761
;(7, 7);MoveWest;(14, 7);do nothing;1;1762
;(7, 7);MoveWest;(14, 7);do nothing;1;1763
;(7, 7);MoveWest;(14, 7);do nothing;1;1764
;(7, 7);MoveWest;(14, 7);do nothing;1;1765
;(7, 7);MoveWest;(14, 7);do nothing;1;1766
;(7, 7);MoveWest;(14, 7);do nothing;1;1767
;(7, 7);MoveWest;(14, 7);do nothing;1;1768
;(7, 7);MoveWest;(14, 7);do nothing;1;1769
;(7, 7);MoveWest;(14, 7);do nothing;1;1770
;(7, 7);MoveWest;(14, 7);do nothing;1;1771
;(7, 7);MoveWest;(14, 7);do nothing;1;1772
;(7, 7);MoveWest;(13, 7);do nothing;1;1773
;(7, 7);;(13, 7);do nothing;1;1774
;(7, 7);;(13, 7);do nothing;1;1775
;(7, 7);;(13, 7);do nothing;1;1776
;(7, 7);MoveWest;(13, 7);do nothing;1;1777
;(7, 7);MoveWest;(13, 7);do nothing;1;1778
;(7, 7);MoveWest;(13, 7);do nothing;1;1779
;(7, 7);MoveWest;(13, 7);do nothing;1;1780
;(7, 7);MoveWest;(13, 7);do nothing;1;1781
;(7, 7);MoveWest;(13, 7);do nothing;1;1782
;(7, 7);MoveWest;(13, 7);do nothing;1;1783
;(7, 7);MoveWest;(13, 7);do nothing;1;1784
;(7, 7);MoveWest;(13, 7);do nothing;1;1785
;(7, 7);MoveWest;(13, 7);do nothing;1;1786
;(7, 7);MoveWest;(12, 7);do nothing;1;1787
;(7, 7);MoveWest;(12, 7);do nothing;1;1788
;(7, 7);MoveWest;(12, 7);do nothing;1;1789
;(7, 7);MoveWest;(12, 7);do nothing;1;1790
;(7, 7);MoveWest;(12, 7);do nothing;1;1791
;(7, 7);MoveWest;(12, 7);do nothing;1;1792
;(7, 7);MoveWest;(12, 7);do nothing;1;1793
;(7, 7);MoveWest;(12, 7);do nothing;1;1794
;(7, 7);MoveWest;(12, 7);do nothing;1;1795
;(7, 7);MoveWest;(12, 7);do nothing;1;1796
;(7, 7);MoveWest;(12, 7);do nothing;1;1797
;(7, 7);MoveWest;(11, 7);do nothing;1;1798
;(7, 7);MoveWest;(11, 7);do nothing;1;1799
;(7, 7);MoveWest;(11, 7);do nothing;1;1800
;(7, 7);MoveWest;(11, 7);do nothing;1;1801
;(7, 7);MoveWest;(11, 7);do nothing;1;1802
;(7, 7);MoveWest;(11, 7);do nothing;1;1803
;(7, 7);MoveWest;(11, 7);do nothing;1;1804
;(7, 7);MoveWest;(11, 7);do nothing;1;1805
;(7, 7);MoveWest;(11, 7);do nothing;1;1806
;(7, 7);MoveWest;(11, 7);do nothing;1;1807
;(7, 7);MoveWest;(11, 7);do nothing;1;1808
;(7, 7);MoveWest;(10, 7);do nothing;1;1809
;(7, 7);MoveWest;(10, 7);do nothing;1;1810
;(7, 7);MoveWest;(10, 7);do nothing;1;1811
;(7, 7);MoveWest;(10, 7);do nothing;1;1812
;(7, 7);MoveWest;(10, 7);do nothing;1;1813
;(7, 7);MoveWest;(10, 7);do nothing;1;1814
;(7, 7);MoveWest;(10, 7);do nothing;1;1815
;(7, 7);MoveWest;(10, 7);do nothing;1;1816
;(7, 7);MoveWest;(10, 7);do nothing;1;1817
;(7, 7);MoveWest;(10, 7);do nothing;1;1818
;(7, 7);MoveWest;(10, 7);do nothing;1;1819
;(7, 7);MoveWest;(9, 7);do nothing;1;1820
;(7, 7);MoveWest;(9, 7);do nothing;1;1821
;(7, 7);MoveWest;(9, 7);do nothing;1;1822
;(7, 7);MoveWest;(9, 7);do nothing;1;1823
;(7, 7);MoveWest;(9, 7);do nothing;1;1824
;(7, 7);MoveWest;(9, 7);do nothing;1;1825
;(7, 7);MoveWest;(9, 7);do nothing;1;1826
;(7, 7);MoveWest;(9, 7);do nothing;1;1827
;(7, 7);MoveWest;(9, 7);do nothing;1;1828
;(7, 7);MoveWest;(9, 7);do nothing;1;1829
;(7, 7);MoveWest;(9, 7);do nothing;1;1830
;(7, 7);MoveWest;(8, 7);do nothing;1;1831
;(7, 7);MoveEast;(8, 7);do nothing;1;1832
;(7, 7);MoveEast;(8, 7);do nothing;1;1833
;(7, 7);MoveEast;(8, 7);do nothing;1;1834
;(7, 7);MoveEast;(8, 7);do nothing;1;1835
;(7, 7);MoveEast;(8, 7);do nothing;1;1836
;(7, 7);MoveEast;(8, 7);do nothing;1;1837
;(7, 7);MoveEast;(8, 7);do nothing;1;1838
;(7, 7);MoveEast;(8, 7);do nothing;1;1839
;(7, 7);MoveEast;(8, 7);do nothing;1;1840
;(7, 7);MoveEast;(8, 7);do nothing;1;1841
;(7, 7);MoveEast;(9, 7);do nothing;1;1842
;(7, 7);MoveEast;(9, 7);do nothing;1;1843
;(7, 7);MoveEast;(9, 7);do nothing;1;1844
;(7, 7);MoveEast;(9, 7);do nothing;1;1845
;(7, 7);MoveEast;(9, 7);do nothing;1;1846
;(7, 7);MoveEast;(9, 7);do nothing;1;1847
;(7, 7);MoveEast;(9, 7);do nothing;1;1848
;(7, 7);MoveEast;(9, 7);do nothing;1;1849
;(7, 7);MoveEast;(9, 7);do nothing;1;1850
;(7, 7);MoveEast;(9, 7);do nothing;1;1851
;(7, 7);MoveEast;(9, 7);do nothing;1;1852
;(7, 7);MoveEast;(10, 7);do nothing;1;1853
;(7, 7);MoveWest;(10, 7);do nothing;1;1854
;(7, 7);MoveWest;(10, 7);do nothing;1;1855
;(7, 7);MoveWest;(10, 7);do nothing;1;1856
;(7, 7);MoveWest;(10, 7);do nothing;1;1857
;(7, 7);MoveWest;(10, 7);do nothing;1;1858
;(7, 7);MoveWest;(10, 7);do nothing;1;1859
;(7, 7);MoveWest;(10, 7);do nothing;1;1860
;(7, 7);MoveWest;(10, 7);do nothing;1;1861
;(7, 7);MoveWest;(10, 7);do nothing;1;1862
;(7, 7);MoveWest;(10, 7);do nothing;1;1863
;(7, 7);MoveWest;(9, 7);do nothing;1;1864
;(7, 7);MoveWest;(9, 7);do nothing;1;1865
;(7, 7);MoveWest;(9, 7);do nothing;1;1866
;(7, 7);MoveWest;(9, 7);do nothing;1;1867
;(7, 7);MoveWest;(9, 7);do nothing;1;1868
;(7, 7);MoveWest;(9, 7);do nothing;1;1869
;(7, 7);MoveWest;(9, 7);do nothing;1;1870
;(7, 7);MoveWest;(9, 7);do nothing;1;1871
;(7, 7);MoveWest;(9, 7);do nothing;1;1872
;(7, 7);MoveWest;(9, 7);do nothing;1;1873
;(7, 7);MoveWest;(9, 7);do nothing;1;1874
;(7, 7);MoveWest;(8, 7);do nothing;1;1875
;(7, 7);MoveEast;(8, 7);do nothing;1;1876
;(7, 7);MoveEast;(8, 7);do nothing;1;1877
;(7, 7);MoveEast;(8, 7);do nothing;1;1878
;(7, 7);MoveEast;(8, 7);do nothing;1;1879
;(7, 7);MoveEast;(8, 7);do nothing;1;1880
;(7, 7);MoveEast;(8, 7);do nothing;1;1881
;(7, 7);MoveEast;(8, 7);do nothing;1;1882
;(7, 7);MoveEast;(8, 7);do nothing;1;1883
;(7, 7);MoveEast;(8, 7);do nothing;1;1884
;(7, 7);MoveEast;(8, 7);do nothing;1;1885
;(7, 7);MoveEast;(9, 7);do nothing;1;1886
;(7, 7);MoveEast;(9, 7);do nothing;1;1887
;(7, 7);MoveEast;(9, 7);do nothing;1;1888
;(7, 7);MoveEast;(9, 7);do nothing;1;1889
;(7, 7);MoveEast;(9, 7);do nothing;1;1890
;(7, 7);MoveEast;(9, 7);do nothing;1;1891
;(7, 7);MoveEast;(9, 7);do nothing;1;1892
;(7, 7);MoveEast;(9, 7);do nothing;1;1893
;(7, 7);MoveEast;(9, 7);do nothing;1;1894
;(7, 7);MoveEast;(9, 7);do nothing;1;1895
;(7, 7);MoveEast;(9, 7);do nothing;1;1896
;(7, 7);MoveEast;(10, 7);do nothing;1;1897
;(7, 7);MoveWest;(10, 7);do nothing;1;1898
;(7, 7);MoveWest;(10, 7);do nothing;1;1899
;(7, 7);MoveWest;(10, 7);do nothing;1;1900
;(7, 7);MoveWest;(10, 7);do nothing;1;1901
;(7, 7);MoveWest;(10, 7);do nothing;1;1902
;(7, 7);MoveWest;(10, 7);do nothing;1;1903
;(7, 7);MoveWest;(10, 7);do nothing;1;1904
;(7, 7);MoveWest;(10, 7);do nothing;1;1905
;(7, 7);MoveWest;(10, 7);do nothing;1;1906
;(7, 7);MoveWest;(10, 7);do nothing;1;1907
;(7, 7);MoveWest;(9, 7);do nothing;1;1908
;(7, 7);MoveWest;(9, 7);do nothing;1;1909
;(7, 7);MoveWest;(9, 7);do nothing;1;1910
;(7, 7);MoveWest;(9, 7);do nothing;1;1911
;(7, 7);MoveWest;(9, 7);do nothing;1;1912
;(7, 7);MoveWest;(9, 7);do nothing;1;1913
;(7, 7);MoveWest;(9, 7);do nothing;1;1914
;(7, 7);MoveWest;(9, 7);do nothing;1;1915
;(7, 7);MoveWest;(9, 7);do nothing;1;1916
;(7, 7);MoveWest;(9, 7);do nothing;1;1917
;(7, 7);MoveWest;(9, 7);do nothing;1;1918
;(7, 7);MoveWest;(8, 7);do nothing;1;1919
;(7, 7);MoveEast;(8, 7);do nothing;1;1920
;(7, 7);MoveEast;(8, 7);do nothing;1;1921
;(7, 7);MoveEast;(8, 7);do nothing;1;1922
;(7, 7);MoveEast;(8, 7);do nothing;1;1923
;(7, 7);MoveEast;(8, 7);do nothing;1;1924
;(7, 7);MoveEast;(8, 7);do nothing;1;1925
;(7, 7);MoveEast;(8, 7);do nothing;1;1926
;(7, 7);MoveEast;(8, 7);do nothing;1;1927
;(7, 7);MoveEast;(8, 7);do nothing;1;1928
;(7, 7);MoveEast;(8, 7);do nothing;1;1929
;(7, 7);MoveEast;(9, 7);do nothing;1;1930
;(7, 7);MoveEast;(9, 7);do nothing;1;1931
;(7, 7);MoveEast;(9, 7);do nothing;1;1932
;(7, 7);MoveEast;(9, 7);do nothing;1;1933
;(7, 7);MoveEast;(9, 7);do nothing;1;1934
;(7, 7);MoveEast;(9, 7);do nothing;1;1935
;(7, 7);MoveEast;(9, 7);do nothing;1;1936
;(7, 7);MoveEast;(9, 7);do nothing;1;1937
;(7, 7);MoveEast;(9, 7);do nothing;1;1938
;(7, 7);MoveEast;(9, 7);do nothing;1;1939
;(7, 7);MoveEast;(9, 7);do nothing;1;1940
;(7, 7);MoveEast;(10, 7);do nothing;1;1941
;(7, 7);MoveWest;(10, 7);do nothing;1;1942
;(7, 7);MoveWest;(10, 7);do nothing;1;1943
;(7, 7);MoveWest;(10, 7);do nothing;1;1944
;(7, 7);MoveWest;(10, 7);do nothing;1;1945
;(7, 7);MoveWest;(10, 7);do nothing;1;1946
;(7, 7);MoveWest;(10, 7);do nothing;1;1947
;(7, 7);MoveWest;(10, 7);do nothing;1;1948
;(7, 7);MoveWest;(10, 7);do nothing;1;1949
;(7, 7);MoveWest;(10, 7);do nothing;1;1950
;(7, 7);MoveWest;(10, 7);do nothing;1;1951
;(7, 7);MoveWest;(9, 7);do nothing;1;1952
;(7, 7);MoveWest;(9, 7);do nothing;1;1953
;(7, 7);MoveWest;(9, 7);do nothing;1;1954
;(7, 7);MoveWest;(9, 7);do nothing;1;1955
;(7, 7);MoveWest;(9, 7);do nothing;1;1956
;(7, 7);MoveWest;(9, 7);do nothing;1;1957
;(7, 7);MoveWest;(9, 7);do nothing;1;1958
;(7, 7);MoveWest;(9, 7);do nothing;1;1959
;(7, 7);MoveWest;(9, 7);do nothing;1;1960
;(7, 7);MoveWest;(9, 7);do nothing;1;1961
;(7, 7);MoveWest;(9, 7);do nothing;1;1962
;(7, 7);MoveWest;(8, 7);do nothing;1;1963
;(7, 7);;(8, 7);do nothing;1;1964
;(7, 7);;(8, 7);do nothing;1;1965
;(7, 7);;(8, 7);do nothing;1;1966
;(7, 7);MoveEast;(8, 7);do nothing;1;1967
;(7, 7);MoveEast;(8, 7);do nothing;1;1968
;(7, 7);MoveEast;(8, 7);do nothing;1;1969
;(7, 7);MoveEast;(8, 7);do nothing;1;1970
;(7, 7);MoveEast;(8, 7);do nothing;1;1971
;(7, 7);MoveEast;(8, 7);do nothing;1;1972
;(7, 7);MoveEast;(8, 7);do nothing;1;1973
;(7, 7);MoveEast;(8, 7);do nothing;1;1974
;(7, 7);MoveEast;(8, 7);do nothing;1;1975
;(7, 7);MoveEast;(8, 7);do nothing;1;1976
;(7, 7);MoveEast;(9, 7);do nothing;1;1977
;(7, 7);MoveEast;(9, 7);do nothing;1;1978
;(7, 7);MoveEast;(9, 7);do nothing;1;1979
;(7, 7);MoveEast;(9, 7);do nothing;1;1980
;(7, 7);MoveEast;(9, 7);do nothing;1;1981
;(7, 7);MoveEast;(9, 7);do nothing;1;1982
;(7, 7);MoveEast;(9, 7);do nothing;1;1983
;(7, 7);MoveEast;(9, 7);do nothing;1;1984
;(7, 7);MoveEast;(9, 7);do nothing;1;1985
;(7, 7);MoveEast;(9, 7);do nothing;1;1986
;(7, 7);MoveEast;(9, 7);do nothing;1;1987
;(7, 7);MoveEast;(10, 7);do nothing;1;1988
;(7, 7);MoveEast;(10, 7);do nothing;1;1989
;(7, 7);MoveEast;(10, 7);do nothing;1;1990
;(7, 7);MoveEast;(10, 7);do nothing;1;1991
;(7, 7);MoveEast;(10, 7);do nothing;1;1992
;(7, 7);MoveEast;(10, 7);do nothing;1;1993
;(7, 7);MoveEast;(10, 7);do nothing;1;1994
;(7, 7);MoveEast;(10, 7);do nothing;1;1995
;(7, 7);MoveEast;(10, 7);do nothing;1;1996
;(7, 7);MoveEast;(10, 7);do nothing;1;1997
;(7, 7);MoveEast;(10, 7);do nothing;1;1998
;(7, 7);MoveEast;(11, 7);do nothing;1;1999
;(7, 7);MoveEast;(11, 7);do nothing;1;2000
;(7, 7);MoveEast;(11, 7);do nothing;1;2001
;(7, 7);MoveEast;(11, 7);do nothing;1;2002
;(7, 7);MoveEast;(11, 7);do nothing;1;2003
;(7, 7);MoveEast;(11, 7);do nothing;1;2004
;(7, 7);MoveEast;(11, 7);do nothing;1;2005
;(7, 7);MoveEast;(11, 7);do nothing;1;2006
;(7, 7);MoveEast;(11, 7);do nothing;1;2007
;(7, 7);MoveEast;(11, 7);do nothing;1;2008
;(7, 7);MoveEast;(11, 7);do nothing;1;2009
;(7, 7);MoveEast;(12, 7);do nothing;1;2010
;(7, 7);MoveEast;(12, 7);do nothing;1;2011
;(7, 7);MoveEast;(12, 7);do nothing;1;2012
;(7, 7);MoveEast;(12, 7);do nothing;1;2013
;(7, 7);MoveEast;(12, 7);do nothing;1;2014
;(7, 7);MoveEast;(12, 7);do nothing;1;2015
;(7, 7);MoveEast;(12, 7);do nothing;1;2016
;(7, 7);MoveEast;(12, 7);do nothing;1;2017
;(7, 7);MoveEast;(12, 7);do nothing;1;2018
;(7, 7);MoveEast;(12, 7);do nothing;1;2019
;(7, 7);MoveEast;(12, 7);do nothing;1;2020
;(7, 7);MoveEast;(13, 7);do nothing;1;2021
;(7, 7);MoveWest;(13, 7);do nothing;1;2022
;(7, 7);MoveWest;(13, 7);do nothing;1;2023
;(7, 7);MoveWest;(13, 7);do nothing;1;2024
;(7, 7);MoveWest;(13, 7);do nothing;1;2025
;(7, 7);MoveWest;(13, 7);do nothing;1;2026
;(7, 7);MoveWest;(13, 7);do nothing;1;2027
;(7, 7);MoveWest;(13, 7);do nothing;1;2028
;(7, 7);MoveWest;(13, 7);do nothing;1;2029
;(7, 7);MoveWest;(13, 7);do nothing;1;2030
;(7, 7);MoveWest;(13, 7);do nothing;1;2031
;(7, 7);MoveWest;(12, 7);do nothing;1;2032
;(7, 7);MoveWest;(12, 7);do nothing;1;2033
;(7, 7);MoveWest;(12, 7);do nothing;1;2034
;(7, 7);MoveWest;(12, 7);do nothing;1;2035
;(7, 7);MoveWest;(12, 7);do nothing;1;2036
;(7, 7);MoveWest;(12, 7);do nothing;1;2037
;(7, 7);MoveWest;(12, 7);do nothing;1;2038
;(7, 7);MoveWest;(12, 7);do nothing;1;2039
;(7, 7);MoveWest;(12, 7);do nothing;1;2040
;(7, 7);MoveWest;(12, 7);do nothing;1;2041
;(7, 7);MoveWest;(12, 7);do nothing;1;2042
;(7, 7);MoveWest;(11, 7);do nothing;1;2043
;(7, 7);MoveEast;(11, 7);do nothing;1;2044
;(7, 7);MoveEast;(11, 7);do nothing;1;2045
;(7, 7);MoveEast;(11, 7);do nothing;1;2046
;(7, 7);MoveEast;(11, 7);do nothing;1;2047
;(7, 7);MoveEast;(11, 7);do nothing;1;2048
;(7, 7);MoveEast;(11, 7);do nothing;1;2049
;(7, 7);MoveEast;(11, 7);do nothing;1;2050
;(7, 7);MoveEast;(11, 7);do nothing;1;2051
;(7, 7);MoveEast;(11, 7);do nothing;1;2052
;(7, 7);MoveEast;(11, 7);do nothing;1;2053
;(7, 7);MoveEast;(12, 7);do nothing;1;2054
;(7, 7);MoveEast;(12, 7);do nothing;1;2055
;(7, 7);MoveEast;(12, 7);do nothing;1;2056
;(7, 7);MoveEast;(12, 7);do nothing;1;2057
;(7, 7);MoveEast;(12, 7);do nothing;1;2058
;(7, 7);MoveEast;(12, 7);do nothing;1;2059
;(7, 7);MoveEast;(12, 7);do nothing;1;2060
;(7, 7);MoveEast;(12, 7);do nothing;1;2061
;(7, 7);MoveEast;(12, 7);do nothing;1;2062
;(7, 7);MoveEast;(12, 7);do nothing;1;2063
;(7, 7);MoveEast;(12, 7);do nothing;1;2064
;(7, 7);MoveEast;(13, 7);do nothing;1;2065
;(7, 7);MoveWest;(13, 7);do nothing;1;2066
;(7, 7);MoveWest;(13, 7);do nothing;1;2067
;(7, 7);MoveWest;(13, 7);do nothing;1;2068
;(7, 7);MoveWest;(13, 7);do nothing;1;2069
;(7, 7);MoveWest;(13, 7);do nothing;1;2070
;(7, 7);MoveWest;(13, 7);do nothing;1;2071
;(7, 7);MoveWest;(13, 7);do nothing;1;2072
;(7, 7);MoveWest;(13, 7);do nothing;1;2073
;(7, 7);MoveWest;(13, 7);do nothing;1;2074
;(7, 7);MoveWest;(13, 7);do nothing;1;2075
;(7, 7);MoveWest;(12, 7);do nothing;1;2076
;(7, 7);MoveWest;(12, 7);do nothing;1;2077
;(7, 7);MoveWest;(12, 7);do nothing;1;2078
;(7, 7);MoveWest;(12, 7);do nothing;1;2079
;(7, 7);MoveWest;(12, 7);do nothing;1;2080
;(7, 7);MoveWest;(12, 7);do nothing;1;2081
;(7, 7);MoveWest;(12, 7);do nothing;1;2082
;(7, 7);MoveWest;(12, 7);do nothing;1;2083
;(7, 7);MoveWest;(12, 7);do nothing;1;2084
;(7, 7);MoveWest;(12, 7);do nothing;1;2085
;(7, 7);MoveWest;(12, 7);do nothing;1;2086
;(7, 7);MoveWest;(11, 7);do nothing;1;2087
;(7, 7);MoveEast;(11, 7);do nothing;1;2088
;(7, 7);MoveEast;(11, 7);do nothing;1;2089
;(7, 7);MoveEast;(11, 7);do nothing;1;2090
;(7, 7);MoveEast;(11, 7);do nothing;1;2091
;(7, 7);MoveEast;(11, 7);do nothing;1;2092
;(7, 7);MoveEast;(11, 7);do nothing;1;2093
;(7, 7);MoveEast;(11, 7);do nothing;1;2094
;(7, 7);MoveEast;(11, 7);do nothing;1;2095
;(7, 7);MoveEast;(11, 7);do nothing;1;2096
;(7, 7);MoveEast;(11, 7);do nothing;1;2097
;(7, 7);MoveEast;(12, 7);do nothing;1;2098
;(7, 7);MoveEast;(12, 7);do nothing;1;2099
;(7, 7);MoveEast;(12, 7);do nothing;1;2100
;(7, 7);MoveEast;(12, 7);do nothing;1;2101
;(7, 7);MoveEast;(12, 7);do nothing;1;2102
;(7, 7);MoveEast;(12, 7);do nothing;1;2103
;(7, 7);MoveEast;(12, 7);do nothing;1;2104
;(7, 7);MoveEast;(12, 7);do nothing;1;2105
;(7, 7);MoveEast;(12, 7);do nothing;1;2106
;(7, 7);MoveEast;(12, 7);do nothing;1;2107
;(7, 7);MoveEast;(12, 7);do nothing;1;2108
;(7, 7);MoveEast;(13, 7);do nothing;1;2109
;(7, 7);MoveWest;(13, 7);do nothing;1;2110
;(7, 7);MoveWest;(13, 7);do nothing;1;2111
;(7, 7);MoveWest;(13, 7);do nothing;1;2112
;(7, 7);MoveWest;(13, 7);do nothing;1;2113
;(7, 7);MoveWest;(13, 7);do nothing;1;2114
;(7, 7);MoveWest;(13, 7);do nothing;1;2115
;(7, 7);MoveWest;(13, 7);do nothing;1;2116
;(7, 7);MoveWest;(13, 7);do nothing;1;2117
;(7, 7);MoveWest;(13, 7);do nothing;1;2118
;(7, 7);MoveWest;(13, 7);do nothing;1;2119
;(7, 7);MoveWest;(12, 7);do nothing;1;2120
;(7, 7);MoveWest;(12, 7);do nothing;1;2121
;(7, 7);MoveWest;(12, 7);do nothing;1;2122
;(7, 7);MoveWest;(12, 7);do nothing;1;2123
;(7, 7);MoveWest;(12, 7);do nothing;1;2124
;(7, 7);MoveWest;(12, 7);do nothing;1;2125
;(7, 7);MoveWest;(12, 7);do nothing;1;2126
;(7, 7);MoveWest;(12, 7);do nothing;1;2127
;(7, 7);MoveWest;(12, 7);do nothing;1;2128
;(7, 7);MoveWest;(12, 7);do nothing;1;2129
;(7, 7);MoveWest;(12, 7);do nothing;1;2130
;(7, 7);MoveWest;(11, 7);do nothing;1;2131
;(7, 7);;(11, 7);do nothing;1;2132
;(7, 7);;(11, 7);do nothing;1;2133
;(7, 7);;(11, 7);do nothing;1;2134
;(7, 7);MoveWest;(11, 7);do nothing;1;2135
;(7, 7);MoveWest;(11, 7);do nothing;1;2136
;(7, 7);MoveWest;(11, 7);do nothing;1;2137
;(7, 7);MoveWest;(11, 7);do nothing;1;2138
;(7, 7);MoveWest;(11, 7);do nothing;1;2139
;(7, 7);MoveWest;(11, 7);do nothing;1;2140
;(7, 7);MoveWest;(11, 7);do nothing;1;2141
;(7, 7);MoveWest;(11, 7);do nothing;1;2142
;(7, 7);MoveWest;(11, 7);do nothing;1;2143
;(7, 7);MoveWest;(11, 7);do nothing;1;2144
;(7, 7);MoveWest;(10, 7);do nothing;1;2145
;(7, 7);MoveWest;(10, 7);do nothing;1;2146
;(7, 7);MoveWest;(10, 7);do nothing;1;2147
;(7, 7);MoveWest;(10, 7);do nothing;1;2148
;(7, 7);MoveWest;(10, 7);do nothing;1;2149
;(7, 7);MoveWest;(10, 7);do nothing;1;2150
;(7, 7);MoveWest;(10, 7);do nothing;1;2151
;(7, 7);MoveWest;(10, 7);do nothing;1;2152
;(7, 7);MoveWest;(10, 7);do nothing;1;2153
;(7, 7);MoveWest;(10, 7);do nothing;1;2154
;(7, 7);MoveWest;(10, 7);do nothing;1;2155
;(7, 7);MoveWest;(9, 7);do nothing;1;2156
;(7, 7);MoveWest;(9, 7);do nothing;1;2157
;(7, 7);MoveWest;(9, 7);do nothing;1;2158
;(7, 7);MoveWest;(9, 7);do nothing;1;2159
;(7, 7);MoveWest;(9, 7);do nothing;1;2160
;(7, 7);MoveWest;(9, 7);do nothing;1;2161
;(7, 7);MoveWest;(9, 7);do nothing;1;2162
;(7, 7);MoveWest;(9, 7);do nothing;1;2163
;(7, 7);MoveWest;(9, 7);do nothing;1;2164
;(7, 7);MoveWest;(9, 7);do nothing;1;2165
;(7, 7);MoveWest;(9, 7);do nothing;1;2166
;(7, 7);MoveWest;(8, 7);do nothing;1;2167
;(7, 7);MoveWest;(8, 7);do nothing;1;2168
;(7, 7);MoveWest;(8, 7);do nothing;1;2169
;(7, 7);MoveWest;(8, 7);do nothing;1;2170
;(7, 7);MoveWest;(8, 7);do nothing;1;2171
;(7, 7);MoveWest;(8, 7);do nothing;1;2172
;(7, 7);MoveWest;(8, 7);do nothing;1;2173
;(7, 7);MoveWest;(8, 7);do nothing;1;2174
;(7, 7);MoveWest;(8, 7);do nothing;1;2175
;(7, 7);MoveWest;(8, 7);do nothing;1;2176
;(7, 7);MoveWest;(8, 7);do nothing;1;2177
;(7, 7);MoveWest;(7, 7);do nothing;1;2178
;(7, 7);MoveEast;(7, 7);do nothing;1;2179
;(7, 7);MoveEast;(7, 7);do nothing;1;2180
;(7, 7);MoveEast;(7, 7);do nothing;1;2181
;(7, 7);MoveEast;(7, 7);do nothing;1;2182
;(7, 7);MoveEast;(7, 7);do nothing;1;2183
;(7, 7);MoveEast;(7, 7);do nothing;1;2184
;(7, 7);MoveEast;(7, 7);do nothing;1;2185
;(7, 7);MoveEast;(7, 7);do nothing;1;2186
;(7, 7);MoveEast;(7, 7);do nothing;1;2187
;(7, 7);MoveEast;(7, 7);do nothing;1;2188
;(7, 7);MoveEast;(8, 7);do nothing;1;2189
;(7, 7);MoveEast;(8, 7);do nothing;1;2190
;(7, 7);MoveEast;(8, 7);do nothing;1;2191
;(7, 7);MoveEast;(8, 7);do nothing;1;2192
;(7, 7);MoveEast;(8, 7);do nothing;1;2193
;(7, 7);MoveEast;(8, 7);do nothing;1;2194
;(7, 7);MoveEast;(8, 7);do nothing;1;2195
;(7, 7);MoveEast;(8, 7);do nothing;1;2196
;(7, 7);MoveEast;(8, 7);do nothing;1;2197
;(7, 7);MoveEast;(8, 7);do nothing;1;2198
;(7, 7);MoveEast;(8, 7);do nothing;1;2199
;(7, 7);MoveEast;(9, 7);do nothing;1;2200
;(7, 7);MoveWest;(9, 7);do nothing;1;2201
;(7, 7);MoveWest;(9, 7);do nothing;1;2202
;(7, 7);MoveWest;(9, 7);do nothing;1;2203
;(7, 7);MoveWest;(9, 7);do nothing;1;2204
;(7, 7);MoveWest;(9, 7);do nothing;1;2205
;(7, 7);MoveWest;(9, 7);do nothing;1;2206
;(7, 7);MoveWest;(9, 7);do nothing;1;2207
;(7, 7);MoveWest;(9, 7);do nothing;1;2208
;(7, 7);MoveWest;(9, 7);do nothing;1;2209
;(7, 7);MoveWest;(9, 7);do nothing;1;2210
;(7, 7);MoveWest;(8, 7);do nothing;1;2211
;(7, 7);MoveWest;(8, 7);do nothing;1;2212
;(7, 7);MoveWest;(8, 7);do nothing;1;2213
;(7, 7);MoveWest;(8, 7);do nothing;1;2214
;(7, 7);MoveWest;(8, 7);do nothing;1;2215
;(7, 7);MoveWest;(8, 7);do nothing;1;2216
;(7, 7);MoveWest;(8, 7);do nothing;1;2217
;(7, 7);MoveWest;(8, 7);do nothing;1;2218
;(7, 7);MoveWest;(8, 7);do nothing;1;2219
;(7, 7);MoveWest;(8, 7);do nothing;1;2220
;(7, 7);MoveWest;(8, 7);do nothing;1;2221
;(7, 7);MoveWest;(7, 7);do nothing;1;2222
;(7, 7);MoveEast;(7, 7);do nothing;1;2223
;(7, 7);MoveEast;(7, 7);do nothing;1;2224
;(7, 7);MoveEast;(7, 7);do nothing;1;2225
;(7, 7);MoveEast;(7, 7);do nothing;1;2226
;(7, 7);MoveEast;(7, 7);do nothing;1;2227
;(7, 7);MoveEast;(7, 7);do nothing;1;2228
;(7, 7);MoveEast;(7, 7);do nothing;1;2229
;(7, 7);MoveEast;(7, 7);do nothing;1;2230
;(7, 7);MoveEast;(7, 7);do nothing;1;2231
;(7, 7);MoveEast;(7, 7);do nothing;1;2232
;(7, 7);MoveEast;(8, 7);do nothing;1;2233
;(7, 7);MoveEast;(8, 7);do nothing;1;2234
;(7, 7);MoveEast;(8, 7);do nothing;1;2235
;(7, 7);MoveEast;(8, 7);do nothing;1;2236
;(7, 7);MoveEast;(8, 7);do nothing;1;2237
;(7, 7);MoveEast;(8, 7);do nothing;1;2238
;(7, 7);MoveEast;(8, 7);do nothing;1;2239
;(7, 7);MoveEast;(8, 7);do nothing;1;2240
;(7, 7);MoveEast;(8, 7);do nothing;1;2241
;(7, 7);MoveEast;(8, 7);do nothing;1;2242
;(7, 7);MoveEast;(8, 7);do nothing;1;2243
;(7, 7);MoveEast;(9, 7);do nothing;1;2244
;(7, 7);MoveWest;(9, 7);do nothing;1;2245
;(7, 7);MoveWest;(9, 7);do nothing;1;2246
;(7, 7);MoveWest;(9, 7);do nothing;1;2247
;(7, 7);MoveWest;(9, 7);do nothing;1;2248
;(7, 7);MoveWest;(9, 7);do nothing;1;2249
;(7, 7);MoveWest;(9, 7);do nothing;1;2250
;(7, 7);MoveWest;(9, 7);do nothing;1;2251
;(7, 7);MoveWest;(9, 7);do nothing;1;2252
;(7, 7);MoveWest;(9, 7);do nothing;1;2253
;(7, 7);MoveWest;(9, 7);do nothing;1;2254
;(7, 7);MoveWest;(8, 7);do nothing;1;2255
;(7, 7);MoveWest;(8, 7);do nothing;1;2256
;(7, 7);MoveWest;(8, 7);do nothing;1;2257
;(7, 7);MoveWest;(8, 7);do nothing;1;2258
;(7, 7);MoveWest;(8, 7);do nothing;1;2259
;(7, 7);MoveWest;(8, 7);do nothing;1;2260
;(7, 7);MoveWest;(8, 7);do nothing;1;2261
;(7, 7);MoveWest;(8, 7);do nothing;1;2262
;(7, 7);MoveWest;(8, 7);do nothing;1;2263
;(7, 7);MoveWest;(8, 7);do nothing;1;2264
;(7, 7);MoveWest;(8, 7);do nothing;1;2265
;(7, 7);MoveWest;(7, 7);do nothing;1;2266
;(7, 7);MoveEast;(7, 7);do nothing;1;2267
;(7, 7);MoveEast;(7, 7);do nothing;1;2268
;(7, 7);MoveEast;(7, 7);do nothing;1;2269
;(7, 7);MoveEast;(7, 7);do nothing;1;2270
;(7, 7);MoveEast;(7, 7);do nothing;1;2271
;(7, 7);MoveEast;(7, 7);do nothing;1;2272
;(7, 7);MoveEast;(7, 7);do nothing;1;2273
;(7, 7);MoveEast;(7, 7);do nothing;1;2274
;(7, 7);MoveEast;(7, 7);do nothing;1;2275
;(7, 7);MoveEast;(7, 7);do nothing;1;2276
;(7, 7);MoveEast;(8, 7);do nothing;1;2277
;(7, 7);MoveEast;(8, 7);do nothing;1;2278
;(7, 7);MoveEast;(8, 7);do nothing;1;2279
;(7, 7);MoveEast;(8, 7);do nothing;1;2280
;(7, 7);MoveEast;(8, 7);do nothing;1;2281
;(7, 7);MoveEast;(8, 7);do nothing;1;2282
;(7, 7);MoveEast;(8, 7);do nothing;1;2283
;(7, 7);MoveEast;(8, 7);do nothing;1;2284
;(7, 7);MoveEast;(8, 7);do nothing;1;2285
;(7, 7);MoveEast;(8, 7);do nothing;1;2286
;(7, 7);MoveEast;(8, 7);do nothing;1;2287
;(7, 7);MoveEast;(9, 7);do nothing;1;2288
;(7, 7);MoveWest;(9, 7);do nothing;1;2289
;(7, 7);MoveWest;(9, 7);do nothing;1;2290
;(7, 7);MoveWest;(9, 7);do nothing;1;2291
;(7, 7);MoveWest;(9, 7);do nothing;1;2292
;(7, 7);MoveWest;(9, 7);do nothing;1;2293
;(7, 7);MoveWest;(9, 7);do nothing;1;2294
;(7, 7);MoveWest;(9, 7);do nothing;1;2295
;(7, 7);MoveWest;(9, 7);do nothing;1;2296
;(7, 7);MoveWest;(9, 7);do nothing;1;2297
;(7, 7);MoveWest;(9, 7);do nothing;1;2298
;(7, 7);MoveWest;(8, 7);do nothing;1;2299
;(7, 7);MoveWest;(8, 7);do nothing;1;2300
;(7, 7);MoveWest;(8, 7);do nothing;1;2301
;(7, 7);MoveWest;(8, 7);do nothing;1;2302
;(7, 7);MoveWest;(8, 7);do nothing;1;2303
;(7, 7);MoveWest;(8, 7);do nothing;1;2304
;(7, 7);MoveWest;(8, 7);do nothing;1;2305
;(7, 7);MoveWest;(8, 7);do nothing;1;2306
;(7, 7);MoveWest;(8, 7);do nothing;1;2307
;(7, 7);MoveWest;(8, 7);do nothing;1;2308
;(7, 7);MoveWest;(8, 7);do nothing;1;2309
;(7, 7);MoveWest;(7, 7);do nothing;1;2310
;(7, 7);;(7, 7);do nothing;1;2311
;(7, 7);;(7, 7);do nothing;1;2312
;(7, 7);;(7, 7);do nothing;1;2313
;(7, 7);MoveEast;(7, 7);do nothing;1;2314
;(7, 7);MoveEast;(7, 7);do nothing;1;2315
;(7, 7);MoveEast;(7, 7);do nothing;1;2316
;(7, 7);MoveEast;(7, 7);do nothing;1;2317
;(7, 7);MoveEast;(7, 7);do nothing;1;2318
;(7, 7);MoveEast;(7, 7);do nothing;1;2319
;(7, 7);MoveEast;(7, 7);do nothing;1;2320
;(7, 7);MoveEast;(7, 7);do nothing;1;2321
;(7, 7);MoveEast;(7, 7);do nothing;1;2322
;(7, 7);MoveEast;(7, 7);do nothing;1;2323
;(7, 7);MoveEast;(8, 7);do nothing;1;2324
;(7, 7);MoveEast;(8, 7);do nothing;1;2325
;(7, 7);MoveEast;(8, 7);do nothing;1;2326
;(7, 7);MoveEast;(8, 7);do nothing;1;2327
;(7, 7);MoveEast;(8, 7);do nothing;1;2328
;(7, 7);MoveEast;(8, 7);do nothing;1;2329
;(7, 7);MoveEast;(8, 7);do nothing;1;2330
;(7, 7);MoveEast;(8, 7);do nothing;1;2331
;(7, 7);MoveEast;(8, 7);do nothing;1;2332
;(7, 7);MoveEast;(8, 7);do nothing;1;2333
;(7, 7);MoveEast;(8, 7);do nothing;1;2334
;(7, 7);MoveEast;(9, 7);do nothing;1;2335
;(7, 7);MoveWest;(9, 7);do nothing;1;2336
;(7, 7);MoveWest;(9, 7);do nothing;1;2337
;(7, 7);MoveWest;(9, 7);do nothing;1;2338
;(7, 7);MoveWest;(9, 7);do nothing;1;2339
;(7, 7);MoveWest;(9, 7);do nothing;1;2340
;(7, 7);MoveWest;(9, 7);do nothing;1;2341
;(7, 7);MoveWest;(9, 7);do nothing;1;2342
;(7, 7);MoveWest;(9, 7);do nothing;1;2343
;(7, 7);MoveWest;(9, 7);do nothing;1;2344
;(7, 7);MoveWest;(9, 7);do nothing;1;2345
;(7, 7);MoveWest;(8, 7);do nothing;1;2346
;(7, 7);MoveWest;(8, 7);do nothing;1;2347
;(7, 7);MoveWest;(8, 7);do nothing;1;2348
;(7, 7);MoveWest;(8, 7);do nothing;1;2349
;(7, 7);MoveWest;(8, 7);do nothing;1;2350
;(7, 7);MoveWest;(8, 7);do nothing;1;2351
;(7, 7);MoveWest;(8, 7);do nothing;1;2352
;(7, 7);MoveWest;(8, 7);do nothing;1;2353
;(7, 7);MoveWest;(8, 7);do nothing;1;2354
;(7, 7);MoveWest;(8, 7);do nothing;1;2355
;(7, 7);MoveWest;(8, 7);do nothing;1;2356
;(7, 7);MoveWest;(7, 7);do nothing;1;2357
;(7, 7);MoveEast;(7, 7);do nothing;1;2358
;(7, 7);MoveEast;(7, 7);do nothing;1;2359
;(7, 7);MoveEast;(7, 7);do nothing;1;2360
;(7, 7);MoveEast;(7, 7);do nothing;1;2361
;(7, 7);MoveEast;(7, 7);do nothing;1;2362
;(7, 7);MoveEast;(7, 7);do nothing;1;2363
;(7, 7);MoveEast;(7, 7);do nothing;1;2364
;(7, 7);MoveEast;(7, 7);do nothing;1;2365
;(7, 7);MoveEast;(7, 7);do nothing;1;2366
;(7, 7);MoveEast;(7, 7);do nothing;1;2367
;(7, 7);MoveEast;(8, 7);do nothing;1;2368
;(7, 7);MoveEast;(8, 7);do nothing;1;2369
;(7, 7);MoveEast;(8, 7);do nothing;1;2370
;(7, 7);MoveEast;(8, 7);do nothing;1;2371
;(7, 7);MoveEast;(8, 7);do nothing;1;2372
;(7, 7);MoveEast;(8, 7);do nothing;1;2373
;(7, 7);MoveEast;(8, 7);do nothing;1;2374
;(7, 7);MoveEast;(8, 7);do nothing;1;2375
;(7, 7);MoveEast;(8, 7);do nothing;1;2376
;(7, 7);MoveEast;(8, 7);do nothing;1;2377
;(7, 7);MoveEast;(8, 7);do nothing;1;2378
;(7, 7);MoveEast;(9, 7);do nothing;1;2379
;(7, 7);MoveWest;(9, 7);do nothing;1;2380
;(7, 7);MoveWest;(9, 7);do nothing;1;2381
;(7, 7);MoveWest;(9, 7);do nothing;1;2382
;(7, 7);MoveWest;(9, 7);do nothing;1;2383
;(7, 7);MoveWest;(9, 7);do nothing;1;2384
;(7, 7);MoveWest;(9, 7);do nothing;1;2385
;(7, 7);MoveWest;(9, 7);do nothing;1;2386
;(7, 7);MoveWest;(9, 7);do nothing;1;2387
;(7, 7);MoveWest;(9, 7);do nothing;1;2388
;(7, 7);MoveWest;(9, 7);do nothing;1;2389
;(7, 7);MoveWest;(8, 7);do nothing;1;2390
;(7, 7);MoveWest;(8, 7);do nothing;1;2391
;(7, 7);MoveWest;(8, 7);do nothing;1;2392
;(7, 7);MoveWest;(8, 7);do nothing;1;2393
;(7, 7);MoveWest;(8, 7);do nothing;1;2394
;(7, 7);MoveWest;(8, 7);do nothing;1;2395
;(7, 7);MoveWest;(8, 7);do nothing;1;2396
;(7, 7);MoveWest;(8, 7);do nothing;1;2397
;(7, 7);MoveWest;(8, 7);do nothing;1;2398
;(7, 7);MoveWest;(8, 7);do nothing;1;2399
;(7, 7);MoveWest;(8, 7);do nothing;1;2400
;(7, 7);MoveWest;(7, 7);do nothing;1;2401
;(7, 7);MoveEast;(7, 7);do nothing;1;2402
;(7, 7);MoveEast;(7, 7);do nothing;1;2403
;(7, 7);MoveEast;(7, 7);do nothing;1;2404
;(7, 7);MoveEast;(7, 7);do nothing;1;2405
;(7, 7);MoveEast;(7, 7);do nothing;1;2406
;(7, 7);MoveEast;(7, 7);do nothing;1;2407
;(7, 7);MoveEast;(7, 7);do nothing;1;2408
;(7, 7);MoveEast;(7, 7);do nothing;1;2409
;(7, 7);MoveEast;(7, 7);do nothing;1;2410
;(7, 7);MoveEast;(7, 7);do nothing;1;2411
;(7, 7);MoveEast;(8, 7);do nothing;1;2412
;(7, 7);MoveEast;(8, 7);do nothing;1;2413
;(7, 7);MoveEast;(8, 7);do nothing;1;2414
;(7, 7);MoveEast;(8, 7);do nothing;1;2415
;(7, 7);MoveEast;(8, 7);do nothing;1;2416
;(7, 7);MoveEast;(8, 7);do nothing;1;2417
;(7, 7);MoveEast;(8, 7);do nothing;1;2418
;(7, 7);MoveEast;(8, 7);do nothing;1;2419
;(7, 7);MoveEast;(8, 7);do nothing;1;2420
;(7, 7);MoveEast;(8, 7);do nothing;1;2421
;(7, 7);MoveEast;(8, 7);do nothing;1;2422
;(7, 7);MoveEast;(9, 7);do nothing;1;2423
;(7, 7);MoveWest;(9, 7);do nothing;1;2424
;(7, 7);MoveWest;(9, 7);do nothing;1;2425
;(7, 7);MoveWest;(9, 7);do nothing;1;2426
;(7, 7);MoveWest;(9, 7);do nothing;1;2427
;(7, 7);MoveWest;(9, 7);do nothing;1;2428
;(7, 7);MoveWest;(9, 7);do nothing;1;2429
;(7, 7);MoveWest;(9, 7);do nothing;1;2430
;(7, 7);MoveWest;(9, 7);do nothing;1;2431
;(7, 7);MoveWest;(9, 7);do nothing;1;2432
;(7, 7);MoveWest;(9, 7);do nothing;1;2433
;(7, 7);MoveWest;(8, 7);do nothing;1;2434
;(7, 7);MoveWest;(8, 7);do nothing;1;2435
;(7, 7);MoveWest;(8, 7);do nothing;1;2436
;(7, 7);MoveWest;(8, 7);do nothing;1;2437
;(7, 7);MoveWest;(8, 7);do nothing;1;2438
;(7, 7);MoveWest;(8, 7);do nothing;1;2439
;(7, 7);MoveWest;(8, 7);do nothing;1;2440
;(7, 7);MoveWest;(8, 7);do nothing;1;2441
;(7, 7);MoveWest;(8, 7);do nothing;1;2442
;(7, 7);MoveWest;(8, 7);do nothing;1;2443
;(7, 7);MoveWest;(8, 7);do nothing;1;2444
;(7, 7);MoveWest;(7, 7);do nothing;1;2445
;(7, 7);;(7, 7);do nothing;1;2446
;(7, 7);;(7, 7);do nothing;1;2447
;(7, 7);;(7, 7);do nothing;1;2448
;(7, 7);MoveEast;(7, 7);do nothing;1;2449
;(7, 7);MoveEast;(7, 7);do nothing;1;2450
;(7, 7);MoveEast;(7, 7);do nothing;1;2451
;(7, 7);MoveEast;(7, 7);do nothing;1;2452
;(7, 7);MoveEast;(7, 7);do nothing;1;2453
;(7, 7);MoveEast;(7, 7);do nothing;1;2454
;(7, 7);MoveEast;(7, 7);do nothing;1;2455
;(7, 7);MoveEast;(7, 7);do nothing;1;2456
;(7, 7);MoveEast;(7, 7);do nothing;1;2457
;(7, 7);MoveEast;(7, 7);do nothing;1;2458
;(7, 7);MoveEast;(8, 7);do nothing;1;2459
;(7, 7);MoveEast;(8, 7);do nothing;1;2460
;(7, 7);MoveEast;(8, 7);do nothing;1;2461
;(7, 7);MoveEast;(8, 7);do nothing;1;2462
;(7, 7);MoveEast;(8, 7);do nothing;1;2463
;(7, 7);MoveEast;(8, 7);do nothing;1;2464
;(7, 7);MoveEast;(8, 7);do nothing;1;2465
;(7, 7);MoveEast;(8, 7);do nothing;1;2466
;(7, 7);MoveEast;(8, 7);do nothing;1;2467
;(7, 7);MoveEast;(8, 7);do nothing;1;2468
;(7, 7);MoveEast;(8, 7);do nothing;1;2469
;(7, 7);MoveEast;(9, 7);do nothing;1;2470
;(7, 7);MoveWest;(9, 7);do nothing;1;2471
;(7, 7);MoveWest;(9, 7);do nothing;1;2472
;(7, 7);MoveWest;(9, 7);do nothing;1;2473
;(7, 7);MoveWest;(9, 7);do nothing;1;2474
;(7, 7);MoveWest;(9, 7);do nothing;1;2475
;(7, 7);MoveWest;(9, 7);do nothing;1;2476
;(7, 7);MoveWest;(9, 7);do nothing;1;2477
;(7, 7);MoveWest;(9, 7);do nothing;1;2478
;(7, 7);MoveWest;(9, 7);do nothing;1;2479
;(7, 7);MoveWest;(9, 7);do nothing;1;2480
;(7, 7);MoveWest;(8, 7);do nothing;1;2481
;(7, 7);MoveWest;(8, 7);do nothing;1;2482
;(7, 7);MoveWest;(8, 7);do nothing;1;2483
;(7, 7);MoveWest;(8, 7);do nothing;1;2484
;(7, 7);MoveWest;(8, 7);do nothing;1;2485
;(7, 7);MoveWest;(8, 7);do nothing;1;2486
;(7, 7);MoveWest;(8, 7);do nothing;1;2487
;(7, 7);MoveWest;(8, 7);do nothing;1;2488
;(7, 7);MoveWest;(8, 7);do nothing;1;2489
;(7, 7);MoveWest;(8, 7);do nothing;1;2490
;(7, 7);MoveWest;(8, 7);do nothing;1;2491
;(7, 7);MoveWest;(7, 7);do nothing;1;2492
;(7, 7);MoveEast;(7, 7);do nothing;1;2493
;(7, 7);MoveEast;(7, 7);do nothing;1;2494
;(7, 7);MoveEast;(7, 7);do nothing;1;2495
;(7, 7);MoveEast;(7, 7);do nothing;1;2496
;(7, 7);MoveEast;(7, 7);do nothing;1;2497
;(7, 7);MoveEast;(7, 7);do nothing;1;2498
;(7, 7);MoveEast;(7, 7);do nothing;1;2499
;(7, 7);MoveEast;(7, 7);do nothing;1;2500
;(7, 7);MoveEast;(7, 7);do nothing;1;2501
;(7, 7);MoveEast;(7, 7);do nothing;1;2502
;(7, 7);MoveEast;(8, 7);do nothing;1;2503
;(7, 7);MoveEast;(8, 7);do nothing;1;2504
;(7, 7);MoveEast;(8, 7);do nothing;1;2505
;(7, 7);MoveEast;(8, 7);do nothing;1;2506
;(7, 7);MoveEast;(8, 7);do nothing;1;2507
;(7, 7);MoveEast;(8, 7);do nothing;1;2508
;(7, 7);MoveEast;(8, 7);do nothing;1;2509
;(7, 7);MoveEast;(8, 7);do nothing;1;2510
;(7, 7);MoveEast;(8, 7);do nothing;1;2511
;(7, 7);MoveEast;(8, 7);do nothing;1;2512
;(7, 7);MoveEast;(8, 7);do nothing;1;2513
;(7, 7);MoveEast;(9, 7);do nothing;1;2514
;(7, 7);MoveWest;(9, 7);do nothing;1;2515
;(7, 7);MoveWest;(9, 7);do nothing;1;2516
;(7, 7);MoveWest;(9, 7);do nothing;1;2517
;(7, 7);MoveWest;(9, 7);do nothing;1;2518
;(7, 7);MoveWest;(9, 7);do nothing;1;2519
;(7, 7);MoveWest;(9, 7);do nothing;1;2520
;(7, 7);MoveWest;(9, 7);do nothing;1;2521
;(7, 7);MoveWest;(9, 7);do nothing;1;2522
;(7, 7);MoveWest;(9, 7);do nothing;1;2523
;(7, 7);MoveWest;(9, 7);do nothing;1;2524
;(7, 7);MoveWest;(8, 7);do nothing;1;2525
;(7, 7);MoveWest;(8, 7);do nothing;1;2526
;(7, 7);MoveWest;(8, 7);do nothing;1;2527
;(7, 7);MoveWest;(8, 7);do nothing;1;2528
;(7, 7);MoveWest;(8, 7);do nothing;1;2529
;(7, 7);MoveWest;(8, 7);do nothing;1;2530
;(7, 7);MoveWest;(8, 7);do nothing;1;2531
;(7, 7);MoveWest;(8, 7);do nothing;1;2532
;(7, 7);MoveWest;(8, 7);do nothing;1;2533
;(7, 7);MoveWest;(8, 7);do nothing;1;2534
;(7, 7);MoveWest;(8, 7);do nothing;1;2535
;(7, 7);MoveWest;(7, 7);do nothing;1;2536
;(7, 7);;(7, 7);do nothing;1;2537
;(7, 7);;(7, 7);False;1;2538
;(7, 7);MoveSouthEast;(7, 7);False;1;2539
;(7, 7);MoveSouthEast;(7, 7);False;1;2540
;(7, 7);MoveSouthEast;(7, 7);False;1;2541
;(7, 7);MoveSouthEast;(7, 7);False;1;2542
;(7, 7);MoveSouthEast;(7, 7);False;1;2543
;(7, 7);MoveSouthEast;(7, 7);False;1;2544
;(7, 7);MoveSouthEast;(7, 7);False;1;2545
;(7, 7);MoveSouthEast;(7, 7);False;1;2546
;(7, 7);MoveSouthEast;(7, 7);False;1;2547
;(7, 7);MoveSouthEast;(7, 7);False;1;2548
;(7, 7);MoveSouthEast;(8, 8);False;1;2549
;(7, 7);MoveSouth;(8, 8);False;1;2550
;(7, 7);MoveSouth;(8, 8);False;1;2551
;(7, 7);MoveSouth;(8, 8);False;1;2552
;(7, 7);MoveSouth;(8, 8);False;1;2553
;(7, 7);MoveSouth;(8, 8);False;1;2554
;(7, 7);MoveSouth;(8, 8);False;1;2555
;(7, 7);MoveSouth;(8, 8);False;1;2556
;(7, 7);MoveSouth;(8, 8);False;1;2557
;(7, 7);MoveSouth;(8, 8);False;1;2558
;(7, 7);MoveSouth;(8, 8);False;1;2559
;(7, 7);MoveSouth;(8, 9);False;1;2560
;(7, 7);MoveSouthEast;(8, 9);False;1;2561
;(7, 7);MoveSouthEast;(8, 9);False;1;2562
;(7, 7);MoveSouthEast;(8, 9);False;1;2563
;(7, 7);MoveSouthEast;(8, 9);False;1;2564
;(7, 7);MoveSouthEast;(8, 9);False;1;2565
;(7, 7);MoveSouthEast;(8, 9);False;1;2566
;(7, 7);MoveSouthEast;(8, 9);False;1;2567
;(7, 7);MoveSouthEast;(8, 9);False;1;2568
;(7, 7);MoveSouthEast;(8, 9);False;1;2569
;(7, 7);MoveSouthEast;(8, 9);False;1;2570
;(7, 7);MoveSouthEast;(9, 10);False;1;2571
;(7, 7);BreakObject;(9, 10);False;1;2572
;(7, 7);BreakObject;(9, 10);False;1;2573
;(7, 7);BreakObject;(9, 10);False;1;2574
;(7, 7);BreakObject;(9, 10);False;1;2575
;(7, 7);BreakObject;(9, 10);False;1;2576
;(7, 7);BreakObject;(9, 10);False;1;2577
;(7, 7);BreakObject;(9, 10);False;1;2578
;(7, 7);BreakObject;(9, 10);False;1;2579
;(7, 7);BreakObject;(9, 10);False;1;2580
;(7, 7);BreakObject;(9, 10);False;1;2581
;(7, 7);BreakObject;(9, 10);False;1;2582
;(7, 7);;(9, 10);False;1;2583
;(7, 7);Idle;(9, 10);False;1;2584
;(7, 7);Idle;(9, 10);False;1;2585
;(7, 7);Idle;(9, 10);False;1;2586
;(7, 7);Idle;(9, 10);False;1;2587
;(7, 7);Idle;(9, 10);False;1;2588
;(7, 7);Idle;(9, 10);False;1;2589
;(7, 7);Idle;(9, 10);False;1;2590
;(7, 7);Idle;(9, 10);False;1;2591
;(7, 7);Idle;(9, 10);False;1;2592
;(7, 7);Idle;(9, 10);False;1;2593
;(7, 7);Idle;(9, 10);False;1;2594
;(7, 7);Idle;(9, 10);False;1;2595
;(7, 7);Idle;(9, 10);False;1;2596
;(7, 7);Idle;(9, 10);False;1;2597
;(7, 7);Idle;(9, 10);False;1;2598
;(7, 7);Idle;(9, 10);False;1;2599
;(7, 7);Idle;(9, 10);False;1;2600
;(7, 7);Idle;(9, 10);False;1;2601
;(7, 7);Idle;(9, 10);False;1;2602
;(7, 7);Idle;(9, 10);False;1;2603
;(7, 7);Idle;(9, 10);False;1;2604
;(7, 7);Idle;(9, 10);False;1;2605
;(7, 7);Idle;(9, 10);False;1;2606
;(7, 7);Idle;(9, 10);False;1;2607
;(7, 7);Idle;(9, 10);False;1;2608
;(7, 7);Idle;(9, 10);False;1;2609
;(7, 7);Idle;(9, 10);False;1;2610
;(7, 7);Idle;(9, 10);False;1;2611
;(7, 7);Idle;(9, 10);False;1;2612
;(7, 7);Idle;(9, 10);False;1;2613
;(7, 7);Idle;(9, 10);False;1;2614
;(7, 7);Idle;(9, 10);False;1;2615
;(7, 7);Idle;(9, 10);False;1;2616
;(7, 7);Idle;(9, 10);False;1;2617
;(7, 7);Idle;(9, 10);False;1;2618
;(7, 7);Idle;(9, 10);False;1;2619
;(7, 7);Idle;(9, 10);False;1;2620
;(7, 7);Idle;(9, 10);False;1;2621
;(7, 7);Idle;(9, 10);False;1;2622
;(7, 7);Idle;(9, 10);False;1;2623
;(7, 7);Idle;(9, 10);False;1;2624
;(7, 7);Idle;(9, 10);False;1;2625
;(7, 7);Idle;(9, 10);False;1;2626
;(7, 7);Idle;(9, 10);False;1;2627
;(7, 7);Idle;(9, 10);False;1;2628
;(7, 7);Idle;(9, 10);False;1;2629
;(7, 7);Idle;(9, 10);False;1;2630
;(7, 7);Idle;(9, 10);False;1;2631
;(7, 7);Idle;(9, 10);False;1;2632
;(7, 7);Idle;(9, 10);False;1;2633
;(7, 7);Idle;(9, 10);False;1;2634
;(7, 7);Idle;(9, 10);False;1;2635
;(7, 7);Idle;(9, 10);False;1;2636
;(7, 7);Idle;(9, 10);False;1;2637
;(7, 7);Idle;(9, 10);False;1;2638
;(7, 7);;(9, 10);False;1;2639
;(7, 7);;(9, 10);False;1;2640
;(7, 7);;(9, 10);False;1;2641
;(7, 7);;(9, 10);False;1;2642
;(7, 7);;(9, 10);False;1;2643
;(7, 7);;(9, 10);False;1;2644
;(7, 7);;(9, 10);False;1;2645
;(7, 7);;(9, 10);False;1;2646
;(7, 7);;(9, 10);False;1;2647
;(7, 7);;(9, 10);False;1;2648
;(7, 7);;(9, 10);False;1;2649
;(7, 7);;(9, 10);False;1;2650
;(7, 7);;(9, 10);False;1;2651
;(7, 7);;(9, 10);False;1;2652
;(7, 7);;(9, 10);False;1;2653
;(7, 7);;(9, 10);False;1;2654
;(7, 7);;(9, 10);False;1;2655
;(7, 7);;(9, 10);False;1;2656
;(7, 7);;(9, 10);False;1;2657
;(7, 7);;(9, 10);False;1;2658
;(7, 7);;(9, 10);False;1;2659
;(7, 7);;(9, 10);False;1;2660
;(7, 7);;(9, 10);False;1;2661
;(7, 7);;(9, 10);False;1;2662
;(7, 7);;(9, 10);False;1;2663
;(7, 7);;(9, 10);False;1;2664
;(7, 7);;(9, 10);False;1;2665
;(7, 7);;(9, 10);False;1;2666
;(7, 7);;(9, 10);False;1;2667
;(7, 7);;(9, 10);False;1;2668
;(7, 7);;(9, 10);False;1;2669
;(7, 7);;(9, 10);False;1;2670
MoveSouth;(7, 8);;(9, 10);False;1;2671
;(7, 8);;(9, 10);False;1;2672
;(7, 8);MoveNorthWest;(9, 10);False;1;2673
MoveSouth;(7, 9);MoveNorthWest;(9, 10);False;1;2674
;(7, 9);MoveNorthWest;(9, 10);False;1;2675
;(7, 9);MoveNorthWest;(9, 10);False;1;2676
;(7, 9);MoveNorthWest;(9, 10);False;1;2677
;(7, 9);MoveNorthWest;(9, 10);False;1;2678
MoveNorth;(7, 8);MoveNorthWest;(9, 10);False;1;2679
;(7, 8);MoveNorthWest;(9, 10);False;1;2680
;(7, 8);MoveNorthWest;(9, 10);False;1;2681
;(7, 8);MoveNorthWest;(9, 10);False;1;2682
;(7, 8);MoveNorthWest;(8, 9);False;1;2683
;(7, 8);MoveNorthWest;(8, 9);False;1;2684
MoveSouth;(7, 9);MoveNorthWest;(8, 9);False;1;2685
;(7, 9);MoveNorthWest;(8, 9);False;1;2686
;(7, 9);MoveNorthWest;(8, 9);False;1;2687
MoveSouth;(7, 10);MoveNorthWest;(8, 9);False;1;2688
;(7, 10);MoveNorthWest;(8, 9);False;1;2689
;(7, 10);MoveNorthWest;(8, 9);False;1;2690
;(7, 10);MoveNorthWest;(8, 9);False;1;2691
MoveEast;(8, 10);MoveNorthWest;(8, 9);False;1;2692
;(8, 10);MoveNorthWest;(8, 9);False;1;2693
;(8, 10);MoveNorthWest;(7, 8);False;1;2694
MoveEast;(9, 10);Idle;(7, 8);False;1;2695
;(9, 10);Idle;(7, 8);False;1;2696
;(9, 10);Idle;(7, 8);False;1;2697
;(9, 10);Idle;(7, 8);False;1;2698
;(9, 10);Idle;(7, 8);False;1;2699
;(9, 10);Idle;(7, 8);False;1;2700
;(9, 10);Idle;(7, 8);False;1;2701
MoveEast;(10, 10);Idle;(7, 8);False;1;2702
;(10, 10);Idle;(7, 8);False;1;2703
;(10, 10);Idle;(7, 8);False;1;2704
;(10, 10);Idle;(7, 8);False;1;2705
;(10, 10);Idle;(7, 8);False;1;2706
;(10, 10);Idle;(7, 8);False;1;2707
MoveWest;(9, 10);Idle;(7, 8);False;1;2708
;(9, 10);Idle;(7, 8);False;1;2709
;(9, 10);Idle;(7, 8);False;1;2710
;(9, 10);Idle;(7, 8);False;1;2711
;(9, 10);Idle;(7, 8);False;1;2712
;(9, 10);Idle;(7, 8);False;1;2713
;(9, 10);Idle;(7, 8);False;1;2714
GrabObject;(9, 10);Idle;(7, 8);False;1;2715
;(9, 10);Idle;(7, 8);False;1;2716
MoveWest;(8, 10);Idle;(7, 8);False;1;2717
;(8, 10);Idle;(7, 8);False;1;2718
MoveWest;(7, 10);Idle;(7, 8);False;1;2719
;(7, 10);Idle;(7, 8);False;1;2720
;(7, 10);Idle;(7, 8);False;1;2721
MoveWest;(6, 10);Idle;(7, 8);False;1;2722
;(6, 10);Idle;(7, 8);False;1;2723
;(6, 10);Idle;(7, 8);False;1;2724
MoveWest;(5, 10);Idle;(7, 8);False;1;2725
;(5, 10);Idle;(7, 8);False;1;2726
MoveWest;(4, 10);Idle;(7, 8);False;1;2727
;(4, 10);Idle;(7, 8);False;1;2728
DropObject;(4, 10);Idle;(7, 8);False;1;2729
;(4, 10);Idle;(7, 8);False;1;2730
MoveEast;(5, 10);Idle;(7, 8);False;1;2731
;(5, 10);Idle;(7, 8);False;1;2732
;(5, 10);Idle;(7, 8);False;1;2733
MoveEast;(6, 10);Idle;(7, 8);False;1;2734
;(6, 10);Idle;(7, 8);False;1;2735
MoveEast;(7, 10);Idle;(7, 8);False;1;2736
;(7, 10);Idle;(7, 8);False;1;2737
MoveEast;(8, 10);Idle;(7, 8);False;1;2738
;(8, 10);Idle;(7, 8);False;1;2739
;(8, 10);Idle;(7, 8);False;1;2740
MoveEast;(9, 10);Idle;(7, 8);False;1;2741
;(9, 10);Idle;(7, 8);False;1;2742
MoveEast;(10, 10);Idle;(7, 8);False;1;2743
;(10, 10);Idle;(7, 8);False;1;2744
;(10, 10);Idle;(7, 8);False;1;2745
MoveEast;(11, 10);Idle;(7, 8);False;1;2746
;(11, 10);Idle;(7, 8);False;1;2747
GrabObject;(11, 10);Idle;(7, 8);False;1;2748
;(11, 10);Idle;(7, 8);False;1;2749
MoveWest;(10, 10);;(7, 8);False;1;2750
;(10, 10);MoveSouthEast;(7, 8);False;1;2751
;(10, 10);MoveSouthEast;(7, 8);False;1;2752
MoveWest;(9, 10);MoveSouthEast;(7, 8);False;1;2753
;(9, 10);MoveSouthEast;(7, 8);False;1;2754
MoveWest;(8, 10);MoveSouthEast;(7, 8);False;1;2755
;(8, 10);MoveSouthEast;(7, 8);False;1;2756
MoveWest;(7, 10);MoveSouthEast;(7, 8);False;1;2757
;(7, 10);MoveSouthEast;(7, 8);False;1;2758
;(7, 10);MoveSouthEast;(7, 8);False;1;2759
MoveWest;(6, 10);MoveSouthEast;(7, 8);False;1;2760
;(6, 10);MoveSouthEast;(8, 9);False;1;2761
MoveWest;(5, 10);MoveEast;(8, 9);False;1;2762
;(5, 10);MoveEast;(8, 9);False;1;2763
;(5, 10);MoveEast;(8, 9);False;1;2764
MoveWest;(4, 10);MoveEast;(8, 9);False;1;2765
;(4, 10);MoveEast;(8, 9);False;1;2766
MoveWest;(3, 10);MoveEast;(8, 9);False;1;2767
DropObject;(3, 10);MoveEast;(8, 9);False;1;2768
;(3, 10);MoveEast;(8, 9);False;1;2769
MoveEast;(4, 10);MoveEast;(8, 9);False;1;2770
;(4, 10);MoveEast;(8, 9);False;1;2771
MoveEast;(5, 10);MoveEast;(9, 9);False;1;2772
;(5, 10);MoveEast;(9, 9);False;1;2773
MoveEast;(6, 10);MoveEast;(9, 9);False;1;2774
;(6, 10);MoveEast;(9, 9);False;1;2775
;(6, 10);MoveEast;(9, 9);False;1;2776
MoveEast;(7, 10);MoveEast;(9, 9);False;1;2777
;(7, 10);MoveEast;(9, 9);False;1;2778
;(7, 10);MoveEast;(9, 9);False;1;2779
MoveEast;(8, 10);MoveEast;(9, 9);False;1;2780
;(8, 10);MoveEast;(9, 9);False;1;2781
MoveEast;(9, 10);MoveEast;(9, 9);False;1;2782
;(9, 10);MoveEast;(10, 9);False;1;2783
;(9, 10);MoveSouthEast;(10, 9);False;1;2784
MoveEast;(10, 10);MoveSouthEast;(10, 9);False;1;2785
;(10, 10);MoveSouthEast;(10, 9);False;1;2786
;(10, 10);MoveSouthEast;(10, 9);False;1;2787
;(10, 10);MoveSouthEast;(10, 9);False;1;2788
;(10, 10);MoveSouthEast;(10, 9);False;1;2789
;(10, 10);MoveSouthEast;(10, 9);False;1;2790
;(10, 10);MoveSouthEast;(10, 9);False;1;2791
;(10, 10);MoveSouthEast;(10, 9);False;1;2792
;(10, 10);MoveSouthEast;(10, 9);False;1;2793
GrabObject;(10, 10);MoveSouthEast;(11, 10);False;1;2794
MoveWest;(9, 10);;(11, 10);False;1;2795
;(9, 10);;(11, 10);False;1;2796
;(9, 10);;(11, 10);False;1;2797
;(9, 10);;(11, 10);False;1;2798
;(9, 10);;(11, 10);False;1;2799
;(9, 10);;(11, 10);False;1;2800
;(9, 10);;(11, 10);False;1;2801
;(9, 10);;(11, 10);False;1;2802
;(9, 10);;(11, 10);False;1;2803
;(9, 10);;(11, 10);False;1;2804
;(9, 10);;(11, 10);False;1;2805
;(9, 10);;(11, 10);False;1;2806
;(9, 10);;(11, 10);False;1;2807
;(9, 10);;(11, 10);False;1;2808
;(9, 10);;(11, 10);False;1;2809
;(9, 10);;(11, 10);False;1;2810
;(9, 10);;(11, 10);False;1;2811
;(9, 10);;(11, 10);False;1;2812
;(9, 10);;(11, 10);False;1;2813
;(9, 10);;(11, 10);False;1;2814
