human_selector_action;human_selector_location;robot_action;robot_location;robot_executing_cp;world_nr;tick_nr
;(3, 4);;(4, 4);False;1;0
;(3, 4);;(4, 4);False;1;1
;(3, 4);Idle;(4, 4);False;1;2
;(3, 4);Idle;(4, 4);False;1;3
;(3, 4);Idle;(4, 4);False;1;4
;(3, 4);Idle;(4, 4);False;1;5
;(3, 4);Idle;(4, 4);False;1;6
;(3, 4);Idle;(4, 4);False;1;7
;(3, 4);Idle;(4, 4);False;1;8
;(3, 4);Idle;(4, 4);False;1;9
;(3, 4);Idle;(4, 4);False;1;10
;(3, 4);Idle;(4, 4);False;1;11
;(3, 4);Idle;(4, 4);False;1;12
;(3, 4);Idle;(4, 4);False;1;13
;(3, 4);Idle;(4, 4);False;1;14
;(3, 4);Idle;(4, 4);False;1;15
;(3, 4);Idle;(4, 4);False;1;16
;(3, 4);Idle;(4, 4);False;1;17
;(3, 4);Idle;(4, 4);False;1;18
;(3, 4);Idle;(4, 4);False;1;19
;(3, 4);Idle;(4, 4);False;1;20
;(3, 4);Idle;(4, 4);False;1;21
;(3, 4);Idle;(4, 4);False;1;22
;(3, 4);Idle;(4, 4);False;1;23
;(3, 4);Idle;(4, 4);False;1;24
;(3, 4);Idle;(4, 4);False;1;25
;(3, 4);Idle;(4, 4);False;1;26
;(3, 4);Idle;(4, 4);False;1;27
;(3, 4);Idle;(4, 4);False;1;28
;(3, 4);Idle;(4, 4);False;1;29
;(3, 4);Idle;(4, 4);False;1;30
;(3, 4);Idle;(4, 4);False;1;31
;(3, 4);Idle;(4, 4);False;1;32
;(3, 4);Idle;(4, 4);False;1;33
;(3, 4);Idle;(4, 4);False;1;34
;(3, 4);Idle;(4, 4);False;1;35
MoveEast;(4, 4);Idle;(4, 4);False;1;36
;(4, 4);Idle;(4, 4);False;1;37
;(4, 4);Idle;(4, 4);False;1;38
;(4, 4);Idle;(4, 4);False;1;39
;(4, 4);Idle;(4, 4);False;1;40
;(4, 4);Idle;(4, 4);False;1;41
;(4, 4);Idle;(4, 4);False;1;42
;(4, 4);Idle;(4, 4);False;1;43
;(4, 4);Idle;(4, 4);False;1;44
MoveEast;(5, 4);Idle;(4, 4);False;1;45
MoveEast;(6, 4);Idle;(4, 4);False;1;46
MoveEast;(7, 4);Idle;(4, 4);False;1;47
MoveEast;(8, 4);Idle;(4, 4);False;1;48
MoveEast;(9, 4);Idle;(4, 4);False;1;49
MoveEast;(10, 4);Idle;(4, 4);False;1;50
MoveEast;(11, 4);Idle;(4, 4);False;1;51
;(11, 4);Idle;(4, 4);False;1;52
;(11, 4);Idle;(4, 4);False;1;53
;(11, 4);Idle;(4, 4);False;1;54
MoveEast;(12, 4);Idle;(4, 4);False;1;55
;(12, 4);Idle;(4, 4);False;1;56
;(12, 4);;(4, 4);False;1;57
;(12, 4);Idle;(4, 4);False;1;58
;(12, 4);Idle;(4, 4);False;1;59
;(12, 4);Idle;(4, 4);False;1;60
;(12, 4);Idle;(4, 4);False;1;61
MoveWest;(11, 4);Idle;(4, 4);False;1;62
;(11, 4);Idle;(4, 4);False;1;63
;(11, 4);Idle;(4, 4);False;1;64
;(11, 4);Idle;(4, 4);False;1;65
MoveWest;(10, 4);Idle;(4, 4);False;1;66
;(10, 4);Idle;(4, 4);False;1;67
;(10, 4);Idle;(4, 4);False;1;68
;(10, 4);Idle;(4, 4);False;1;69
;(10, 4);Idle;(4, 4);False;1;70
;(10, 4);Idle;(4, 4);False;1;71
MoveWest;(9, 4);Idle;(4, 4);False;1;72
MoveWest;(8, 4);Idle;(4, 4);False;1;73
;(8, 4);Idle;(4, 4);False;1;74
;(8, 4);Idle;(4, 4);False;1;75
;(8, 4);Idle;(4, 4);False;1;76
;(8, 4);Idle;(4, 4);False;1;77
;(8, 4);Idle;(4, 4);False;1;78
;(8, 4);Idle;(4, 4);False;1;79
;(8, 4);Idle;(4, 4);False;1;80
GrabObject;(8, 4);Idle;(4, 4);False;1;81
;(8, 4);Idle;(4, 4);False;1;82
;(8, 4);Idle;(4, 4);False;1;83
;(8, 4);Idle;(4, 4);False;1;84
;(8, 4);Idle;(4, 4);False;1;85
;(8, 4);Idle;(4, 4);False;1;86
MoveEast;(9, 4);Idle;(4, 4);False;1;87
;(9, 4);Idle;(4, 4);False;1;88
;(9, 4);Idle;(4, 4);False;1;89
;(9, 4);Idle;(4, 4);False;1;90
;(9, 4);Idle;(4, 4);False;1;91
;(9, 4);Idle;(4, 4);False;1;92
;(9, 4);Idle;(4, 4);False;1;93
;(9, 4);Idle;(4, 4);False;1;94
;(9, 4);Idle;(4, 4);False;1;95
;(9, 4);Idle;(4, 4);False;1;96
;(9, 4);Idle;(4, 4);False;1;97
;(9, 4);Idle;(4, 4);False;1;98
;(9, 4);Idle;(4, 4);False;1;99
MoveWest;(8, 4);Idle;(4, 4);False;1;100
;(8, 4);Idle;(4, 4);False;1;101
;(8, 4);Idle;(4, 4);False;1;102
;(8, 4);Idle;(4, 4);False;1;103
;(8, 4);Idle;(4, 4);False;1;104
;(8, 4);Idle;(4, 4);False;1;105
;(8, 4);Idle;(4, 4);False;1;106
;(8, 4);Idle;(4, 4);False;1;107
;(8, 4);Idle;(4, 4);False;1;108
;(8, 4);Idle;(4, 4);False;1;109
MoveWest;(7, 4);Idle;(4, 4);False;1;110
;(7, 4);Idle;(4, 4);False;1;111
;(7, 4);Idle;(4, 4);False;1;112
;(7, 4);;(4, 4);False;1;113
MoveWest;(6, 4);Idle;(4, 4);False;1;114
;(6, 4);Idle;(4, 4);False;1;115
;(6, 4);Idle;(4, 4);False;1;116
;(6, 4);Idle;(4, 4);False;1;117
MoveWest;(5, 4);Idle;(4, 4);False;1;118
;(5, 4);Idle;(4, 4);False;1;119
;(5, 4);Idle;(4, 4);False;1;120
MoveWest;(4, 4);Idle;(4, 4);False;1;121
;(4, 4);Idle;(4, 4);False;1;122
;(4, 4);Idle;(4, 4);False;1;123
MoveWest;(3, 4);Idle;(4, 4);False;1;124
;(3, 4);Idle;(4, 4);False;1;125
;(3, 4);Idle;(4, 4);False;1;126
MoveWest;(2, 4);Idle;(4, 4);False;1;127
;(2, 4);Idle;(4, 4);False;1;128
;(2, 4);Idle;(4, 4);False;1;129
;(2, 4);Idle;(4, 4);False;1;130
;(2, 4);Idle;(4, 4);False;1;131
;(2, 4);Idle;(4, 4);False;1;132
;(2, 4);Idle;(4, 4);False;1;133
DropObject;(2, 4);Idle;(4, 4);False;1;134
;(2, 4);Idle;(4, 4);False;1;135
;(2, 4);Idle;(4, 4);False;1;136
;(2, 4);Idle;(4, 4);False;1;137
;(2, 4);Idle;(4, 4);False;1;138
;(2, 4);Idle;(4, 4);False;1;139
;(2, 4);Idle;(4, 4);False;1;140
;(2, 4);Idle;(4, 4);False;1;141
;(2, 4);Idle;(4, 4);False;1;142
MoveEast;(3, 4);Idle;(4, 4);False;1;143
;(3, 4);Idle;(4, 4);False;1;144
;(3, 4);Idle;(4, 4);False;1;145
MoveEast;(4, 4);Idle;(4, 4);False;1;146
;(4, 4);Idle;(4, 4);False;1;147
;(4, 4);Idle;(4, 4);False;1;148
;(4, 4);Idle;(4, 4);False;1;149
MoveEast;(5, 4);Idle;(4, 4);False;1;150
;(5, 4);Idle;(4, 4);False;1;151
;(5, 4);Idle;(4, 4);False;1;152
;(5, 4);Idle;(4, 4);False;1;153
MoveEast;(6, 4);Idle;(4, 4);False;1;154
;(6, 4);Idle;(4, 4);False;1;155
;(6, 4);Idle;(4, 4);False;1;156
MoveEast;(7, 4);Idle;(4, 4);False;1;157
;(7, 4);Idle;(4, 4);False;1;158
MoveEast;(8, 4);Idle;(4, 4);False;1;159
;(8, 4);Idle;(4, 4);False;1;160
;(8, 4);Idle;(4, 4);False;1;161
;(8, 4);Idle;(4, 4);False;1;162
;(8, 4);Idle;(4, 4);False;1;163
;(8, 4);Idle;(4, 4);False;1;164
;(8, 4);Idle;(4, 4);False;1;165
;(8, 4);Idle;(4, 4);False;1;166
;(8, 4);Idle;(4, 4);False;1;167
MoveEast;(9, 4);Idle;(4, 4);False;1;168
;(9, 4);;(4, 4);False;1;169
;(9, 4);Idle;(4, 4);False;1;170
;(9, 4);Idle;(4, 4);False;1;171
;(9, 4);Idle;(4, 4);False;1;172
;(9, 4);Idle;(4, 4);False;1;173
MoveSouth;(9, 5);Idle;(4, 4);False;1;174
;(9, 5);Idle;(4, 4);False;1;175
;(9, 5);Idle;(4, 4);False;1;176
;(9, 5);Idle;(4, 4);False;1;177
;(9, 5);Idle;(4, 4);False;1;178
;(9, 5);Idle;(4, 4);False;1;179
;(9, 5);Idle;(4, 4);False;1;180
;(9, 5);Idle;(4, 4);False;1;181
;(9, 5);Idle;(4, 4);False;1;182
;(9, 5);Idle;(4, 4);False;1;183
;(9, 5);Idle;(4, 4);False;1;184
;(9, 5);Idle;(4, 4);False;1;185
GrabObject;(9, 5);Idle;(4, 4);False;1;186
;(9, 5);Idle;(4, 4);False;1;187
;(9, 5);Idle;(4, 4);False;1;188
;(9, 5);Idle;(4, 4);False;1;189
;(9, 5);Idle;(4, 4);False;1;190
;(9, 5);Idle;(4, 4);False;1;191
;(9, 5);Idle;(4, 4);False;1;192
;(9, 5);Idle;(4, 4);False;1;193
;(9, 5);Idle;(4, 4);False;1;194
MoveWest;(8, 5);Idle;(4, 4);False;1;195
;(8, 5);Idle;(4, 4);False;1;196
;(8, 5);Idle;(4, 4);False;1;197
;(8, 5);Idle;(4, 4);False;1;198
MoveWest;(7, 5);Idle;(4, 4);False;1;199
;(7, 5);Idle;(4, 4);False;1;200
;(7, 5);Idle;(4, 4);False;1;201
MoveWest;(6, 5);Idle;(4, 4);False;1;202
;(6, 5);Idle;(4, 4);False;1;203
;(6, 5);Idle;(4, 4);False;1;204
MoveWest;(5, 5);Idle;(4, 4);False;1;205
;(5, 5);Idle;(4, 4);False;1;206
;(5, 5);Idle;(4, 4);False;1;207
MoveWest;(4, 5);Idle;(4, 4);False;1;208
;(4, 5);Idle;(4, 4);False;1;209
;(4, 5);Idle;(4, 4);False;1;210
MoveWest;(3, 5);Idle;(4, 4);False;1;211
;(3, 5);Idle;(4, 4);False;1;212
;(3, 5);Idle;(4, 4);False;1;213
MoveWest;(2, 5);Idle;(4, 4);False;1;214
;(2, 5);Idle;(4, 4);False;1;215
;(2, 5);Idle;(4, 4);False;1;216
;(2, 5);Idle;(4, 4);False;1;217
;(2, 5);Idle;(4, 4);False;1;218
;(2, 5);Idle;(4, 4);False;1;219
;(2, 5);Idle;(4, 4);False;1;220
;(2, 5);Idle;(4, 4);False;1;221
;(2, 5);Idle;(4, 4);False;1;222
;(2, 5);Idle;(4, 4);False;1;223
DropObject;(2, 5);Idle;(4, 4);False;1;224
;(2, 5);;(4, 4);False;1;225
;(2, 5);Idle;(4, 4);False;1;226
;(2, 5);Idle;(4, 4);False;1;227
;(2, 5);Idle;(4, 4);False;1;228
;(2, 5);Idle;(4, 4);False;1;229
;(2, 5);Idle;(4, 4);False;1;230
;(2, 5);Idle;(4, 4);False;1;231
;(2, 5);Idle;(4, 4);False;1;232
;(2, 5);Idle;(4, 4);False;1;233
;(2, 5);Idle;(4, 4);False;1;234
MoveEast;(3, 5);Idle;(4, 4);False;1;235
;(3, 5);Idle;(4, 4);False;1;236
;(3, 5);Idle;(4, 4);False;1;237
MoveEast;(4, 5);Idle;(4, 4);False;1;238
;(4, 5);Idle;(4, 4);False;1;239
;(4, 5);Idle;(4, 4);False;1;240
MoveEast;(5, 5);Idle;(4, 4);False;1;241
;(5, 5);Idle;(4, 4);False;1;242
;(5, 5);Idle;(4, 4);False;1;243
;(5, 5);Idle;(4, 4);False;1;244
;(5, 5);Idle;(4, 4);False;1;245
MoveEast;(6, 5);Idle;(4, 4);False;1;246
;(6, 5);Idle;(4, 4);False;1;247
MoveEast;(7, 5);Idle;(4, 4);False;1;248
;(7, 5);Idle;(4, 4);False;1;249
;(7, 5);Idle;(4, 4);False;1;250
MoveEast;(8, 5);Idle;(4, 4);False;1;251
;(8, 5);Idle;(4, 4);False;1;252
;(8, 5);Idle;(4, 4);False;1;253
MoveEast;(9, 5);Idle;(4, 4);False;1;254
;(9, 5);Idle;(4, 4);False;1;255
;(9, 5);Idle;(4, 4);False;1;256
;(9, 5);Idle;(4, 4);False;1;257
MoveEast;(10, 5);Idle;(4, 4);False;1;258
;(10, 5);Idle;(4, 4);False;1;259
;(10, 5);Idle;(4, 4);False;1;260
MoveEast;(11, 5);Idle;(4, 4);False;1;261
;(11, 5);Idle;(4, 4);False;1;262
;(11, 5);Idle;(4, 4);False;1;263
;(11, 5);Idle;(4, 4);False;1;264
MoveEast;(12, 5);Idle;(4, 4);False;1;265
;(12, 5);Idle;(4, 4);False;1;266
;(12, 5);Idle;(4, 4);False;1;267
;(12, 5);Idle;(4, 4);False;1;268
;(12, 5);Idle;(4, 4);False;1;269
;(12, 5);Idle;(4, 4);False;1;270
;(12, 5);Idle;(4, 4);False;1;271
;(12, 5);Idle;(4, 4);False;1;272
;(12, 5);Idle;(4, 4);False;1;273
;(12, 5);Idle;(4, 4);False;1;274
;(12, 5);Idle;(4, 4);False;1;275
;(12, 5);Idle;(4, 4);False;1;276
;(12, 5);Idle;(4, 4);False;1;277
MoveWest;(11, 5);Idle;(4, 4);False;1;278
;(11, 5);Idle;(4, 4);False;1;279
;(11, 5);Idle;(4, 4);False;1;280
;(11, 5);;(4, 4);False;1;281
;(11, 5);Idle;(4, 4);False;1;282
;(11, 5);Idle;(4, 4);False;1;283
;(11, 5);Idle;(4, 4);False;1;284
;(11, 5);Idle;(4, 4);False;1;285
;(11, 5);Idle;(4, 4);False;1;286
;(11, 5);Idle;(4, 4);False;1;287
;(11, 5);Idle;(4, 4);False;1;288
;(11, 5);Idle;(4, 4);False;1;289
;(11, 5);Idle;(4, 4);False;1;290
;(11, 5);Idle;(4, 4);False;1;291
;(11, 5);Idle;(4, 4);False;1;292
;(11, 5);Idle;(4, 4);False;1;293
;(11, 5);Idle;(4, 4);False;1;294
;(11, 5);Idle;(4, 4);False;1;295
;(11, 5);Idle;(4, 4);False;1;296
MoveSouth;(11, 6);Idle;(4, 4);False;1;297
;(11, 6);Idle;(4, 4);False;1;298
;(11, 6);Idle;(4, 4);False;1;299
;(11, 6);Idle;(4, 4);False;1;300
;(11, 6);Idle;(4, 4);False;1;301
;(11, 6);Idle;(4, 4);False;1;302
;(11, 6);Idle;(4, 4);False;1;303
;(11, 6);Idle;(4, 4);False;1;304
;(11, 6);Idle;(4, 4);False;1;305
;(11, 6);Idle;(4, 4);False;1;306
;(11, 6);Idle;(4, 4);False;1;307
;(11, 6);Idle;(4, 4);False;1;308
GrabObject;(11, 6);Idle;(4, 4);False;1;309
;(11, 6);Idle;(4, 4);False;1;310
;(11, 6);Idle;(4, 4);False;1;311
;(11, 6);Idle;(4, 4);False;1;312
;(11, 6);Idle;(4, 4);False;1;313
;(11, 6);Idle;(4, 4);False;1;314
;(11, 6);Idle;(4, 4);False;1;315
;(11, 6);Idle;(4, 4);False;1;316
;(11, 6);Idle;(4, 4);False;1;317
MoveEast;(12, 6);Idle;(4, 4);False;1;318
;(12, 6);Idle;(4, 4);False;1;319
;(12, 6);Idle;(4, 4);False;1;320
MoveEast;(13, 6);Idle;(4, 4);False;1;321
;(13, 6);Idle;(4, 4);False;1;322
;(13, 6);Idle;(4, 4);False;1;323
;(13, 6);Idle;(4, 4);False;1;324
MoveEast;(14, 6);Idle;(4, 4);False;1;325
;(14, 6);Idle;(4, 4);False;1;326
MoveEast;(15, 6);Idle;(4, 4);False;1;327
;(15, 6);Idle;(4, 4);False;1;328
;(15, 6);Idle;(4, 4);False;1;329
MoveEast;(16, 6);Idle;(4, 4);False;1;330
;(16, 6);Idle;(4, 4);False;1;331
;(16, 6);Idle;(4, 4);False;1;332
;(16, 6);Idle;(4, 4);False;1;333
;(16, 6);Idle;(4, 4);False;1;334
;(16, 6);Idle;(4, 4);False;1;335
;(16, 6);Idle;(4, 4);False;1;336
;(16, 6);;(4, 4);False;1;337
;(16, 6);Idle;(4, 4);False;1;338
;(16, 6);Idle;(4, 4);False;1;339
;(16, 6);Idle;(4, 4);False;1;340
;(16, 6);Idle;(4, 4);False;1;341
;(16, 6);Idle;(4, 4);False;1;342
;(16, 6);Idle;(4, 4);False;1;343
;(16, 6);Idle;(4, 4);False;1;344
;(16, 6);Idle;(4, 4);False;1;345
;(16, 6);Idle;(4, 4);False;1;346
;(16, 6);Idle;(4, 4);False;1;347
;(16, 6);Idle;(4, 4);False;1;348
;(16, 6);Idle;(4, 4);False;1;349
;(16, 6);Idle;(4, 4);False;1;350
;(16, 6);Idle;(4, 4);False;1;351
;(16, 6);Idle;(4, 4);False;1;352
;(16, 6);Idle;(4, 4);False;1;353
MoveEast;(17, 6);Idle;(4, 4);False;1;354
;(17, 6);Idle;(4, 4);False;1;355
;(17, 6);Idle;(4, 4);False;1;356
;(17, 6);Idle;(4, 4);False;1;357
;(17, 6);Idle;(4, 4);False;1;358
;(17, 6);Idle;(4, 4);False;1;359
;(17, 6);Idle;(4, 4);False;1;360
;(17, 6);Idle;(4, 4);False;1;361
DropObject;(17, 6);Idle;(4, 4);False;1;362
;(17, 6);Idle;(4, 4);False;1;363
;(17, 6);Idle;(4, 4);False;1;364
;(17, 6);Idle;(4, 4);False;1;365
;(17, 6);Idle;(4, 4);False;1;366
;(17, 6);Idle;(4, 4);False;1;367
;(17, 6);Idle;(4, 4);False;1;368
;(17, 6);Idle;(4, 4);False;1;369
;(17, 6);Idle;(4, 4);False;1;370
;(17, 6);Idle;(4, 4);False;1;371
;(17, 6);Idle;(4, 4);False;1;372
;(17, 6);Idle;(4, 4);False;1;373
;(17, 6);Idle;(4, 4);False;1;374
;(17, 6);Idle;(4, 4);False;1;375
;(17, 6);Idle;(4, 4);False;1;376
;(17, 6);Idle;(4, 4);False;1;377
;(17, 6);Idle;(4, 4);False;1;378
;(17, 6);Idle;(4, 4);False;1;379
;(17, 6);Idle;(4, 4);False;1;380
;(17, 6);Idle;(4, 4);False;1;381
;(17, 6);Idle;(4, 4);False;1;382
;(17, 6);Idle;(4, 4);False;1;383
MoveWest;(16, 6);Idle;(4, 4);False;1;384
;(16, 6);Idle;(4, 4);False;1;385
;(16, 6);Idle;(4, 4);False;1;386
;(16, 6);Idle;(4, 4);False;1;387
;(16, 6);Idle;(4, 4);False;1;388
;(16, 6);Idle;(4, 4);False;1;389
;(16, 6);Idle;(4, 4);False;1;390
;(16, 6);Idle;(4, 4);False;1;391
;(16, 6);Idle;(4, 4);False;1;392
;(16, 6);;(4, 4);False;1;393
;(16, 6);MoveEast;(4, 4);False;1;394
;(16, 6);MoveEast;(4, 4);False;1;395
;(16, 6);MoveEast;(4, 4);False;1;396
;(16, 6);MoveEast;(4, 4);False;1;397
;(16, 6);MoveEast;(4, 4);False;1;398
;(16, 6);MoveEast;(4, 4);False;1;399
;(16, 6);MoveEast;(4, 4);False;1;400
;(16, 6);MoveEast;(4, 4);False;1;401
;(16, 6);MoveEast;(4, 4);False;1;402
;(16, 6);MoveEast;(4, 4);False;1;403
;(16, 6);MoveEast;(5, 4);False;1;404
;(16, 6);MoveEast;(5, 4);False;1;405
;(16, 6);MoveEast;(5, 4);False;1;406
;(16, 6);MoveEast;(5, 4);False;1;407
;(16, 6);MoveEast;(5, 4);False;1;408
;(16, 6);MoveEast;(5, 4);False;1;409
;(16, 6);MoveEast;(5, 4);False;1;410
;(16, 6);MoveEast;(5, 4);False;1;411
;(16, 6);MoveEast;(5, 4);False;1;412
;(16, 6);MoveEast;(5, 4);False;1;413
;(16, 6);MoveEast;(5, 4);False;1;414
;(16, 6);MoveEast;(6, 4);False;1;415
MoveSouth;(16, 7);MoveWest;(6, 4);False;1;416
;(16, 7);MoveWest;(6, 4);False;1;417
;(16, 7);MoveWest;(6, 4);False;1;418
;(16, 7);MoveWest;(6, 4);False;1;419
MoveSouth;(16, 8);MoveWest;(6, 4);False;1;420
;(16, 8);MoveWest;(6, 4);False;1;421
;(16, 8);MoveWest;(6, 4);False;1;422
;(16, 8);MoveWest;(6, 4);False;1;423
;(16, 8);MoveWest;(6, 4);False;1;424
;(16, 8);MoveWest;(6, 4);False;1;425
;(16, 8);MoveWest;(5, 4);False;1;426
;(16, 8);MoveWest;(5, 4);False;1;427
;(16, 8);MoveWest;(5, 4);False;1;428
;(16, 8);MoveWest;(5, 4);False;1;429
MoveWest;(15, 8);MoveWest;(5, 4);False;1;430
;(15, 8);MoveWest;(5, 4);False;1;431
;(15, 8);MoveWest;(5, 4);False;1;432
;(15, 8);MoveWest;(5, 4);False;1;433
MoveWest;(14, 8);MoveWest;(5, 4);False;1;434
;(14, 8);MoveWest;(5, 4);False;1;435
;(14, 8);MoveWest;(5, 4);False;1;436
;(14, 8);MoveWest;(4, 4);False;1;437
;(14, 8);MoveEast;(4, 4);False;1;438
MoveWest;(13, 8);MoveEast;(4, 4);False;1;439
;(13, 8);MoveEast;(4, 4);False;1;440
;(13, 8);MoveEast;(4, 4);False;1;441
;(13, 8);MoveEast;(4, 4);False;1;442
;(13, 8);MoveEast;(4, 4);False;1;443
;(13, 8);MoveEast;(4, 4);False;1;444
;(13, 8);MoveEast;(4, 4);False;1;445
;(13, 8);MoveEast;(4, 4);False;1;446
;(13, 8);MoveEast;(4, 4);False;1;447
;(13, 8);MoveEast;(5, 4);False;1;448
;(13, 8);MoveEast;(5, 4);False;1;449
;(13, 8);MoveEast;(5, 4);False;1;450
;(13, 8);MoveEast;(5, 4);False;1;451
;(13, 8);MoveEast;(5, 4);False;1;452
;(13, 8);MoveEast;(5, 4);False;1;453
;(13, 8);MoveEast;(5, 4);False;1;454
;(13, 8);MoveEast;(5, 4);False;1;455
;(13, 8);MoveEast;(5, 4);False;1;456
;(13, 8);MoveEast;(5, 4);False;1;457
GrabObject;(13, 8);MoveEast;(5, 4);False;1;458
;(13, 8);MoveEast;(6, 4);False;1;459
;(13, 8);MoveWest;(6, 4);False;1;460
;(13, 8);MoveWest;(6, 4);False;1;461
;(13, 8);MoveWest;(6, 4);False;1;462
;(13, 8);MoveWest;(6, 4);False;1;463
;(13, 8);MoveWest;(6, 4);False;1;464
;(13, 8);MoveWest;(6, 4);False;1;465
;(13, 8);MoveWest;(6, 4);False;1;466
;(13, 8);MoveWest;(6, 4);False;1;467
;(13, 8);MoveWest;(6, 4);False;1;468
;(13, 8);MoveWest;(6, 4);False;1;469
MoveEast;(14, 8);MoveWest;(5, 4);False;1;470
;(14, 8);MoveWest;(5, 4);False;1;471
;(14, 8);MoveWest;(5, 4);False;1;472
;(14, 8);MoveWest;(5, 4);False;1;473
;(14, 8);MoveWest;(5, 4);False;1;474
MoveEast;(15, 8);MoveWest;(5, 4);False;1;475
;(15, 8);MoveWest;(5, 4);False;1;476
;(15, 8);MoveWest;(5, 4);False;1;477
;(15, 8);MoveWest;(5, 4);False;1;478
MoveEast;(16, 8);MoveWest;(5, 4);False;1;479
;(16, 8);MoveWest;(5, 4);False;1;480
;(16, 8);MoveWest;(4, 4);False;1;481
MoveEast;(17, 8);MoveEast;(4, 4);False;1;482
;(17, 8);MoveEast;(4, 4);False;1;483
;(17, 8);MoveEast;(4, 4);False;1;484
MoveEast;(18, 8);MoveEast;(4, 4);False;1;485
;(18, 8);MoveEast;(4, 4);False;1;486
;(18, 8);MoveEast;(4, 4);False;1;487
;(18, 8);MoveEast;(4, 4);False;1;488
;(18, 8);MoveEast;(4, 4);False;1;489
;(18, 8);MoveEast;(4, 4);False;1;490
;(18, 8);MoveEast;(4, 4);False;1;491
;(18, 8);MoveEast;(5, 4);False;1;492
DropObject;(18, 8);MoveEast;(5, 4);False;1;493
;(18, 8);MoveEast;(5, 4);False;1;494
;(18, 8);MoveEast;(5, 4);False;1;495
;(18, 8);MoveEast;(5, 4);False;1;496
;(18, 8);MoveEast;(5, 4);False;1;497
;(18, 8);MoveEast;(5, 4);False;1;498
;(18, 8);MoveEast;(5, 4);False;1;499
;(18, 8);MoveEast;(5, 4);False;1;500
;(18, 8);MoveEast;(5, 4);False;1;501
;(18, 8);MoveEast;(5, 4);False;1;502
;(18, 8);MoveEast;(6, 4);False;1;503
;(18, 8);MoveWest;(6, 4);False;1;504
;(18, 8);MoveWest;(6, 4);False;1;505
;(18, 8);MoveWest;(6, 4);False;1;506
;(18, 8);MoveWest;(6, 4);False;1;507
MoveSouth;(18, 9);MoveWest;(6, 4);False;1;508
;(18, 9);MoveWest;(6, 4);False;1;509
;(18, 9);MoveWest;(6, 4);False;1;510
;(18, 9);MoveWest;(6, 4);False;1;511
;(18, 9);MoveWest;(6, 4);False;1;512
;(18, 9);MoveWest;(6, 4);False;1;513
MoveSouth;(18, 10);MoveWest;(5, 4);False;1;514
;(18, 10);MoveWest;(5, 4);False;1;515
;(18, 10);MoveWest;(5, 4);False;1;516
;(18, 10);MoveWest;(5, 4);False;1;517
;(18, 10);MoveWest;(5, 4);False;1;518
;(18, 10);MoveWest;(5, 4);False;1;519
;(18, 10);MoveWest;(5, 4);False;1;520
;(18, 10);MoveWest;(5, 4);False;1;521
;(18, 10);MoveWest;(5, 4);False;1;522
;(18, 10);MoveWest;(5, 4);False;1;523
;(18, 10);MoveWest;(5, 4);False;1;524
;(18, 10);MoveWest;(4, 4);False;1;525
;(18, 10);;(4, 4);False;1;526
;(18, 10);MoveSouthEast;(4, 4);False;1;527
;(18, 10);MoveSouthEast;(4, 4);False;1;528
;(18, 10);MoveSouthEast;(4, 4);False;1;529
;(18, 10);MoveSouthEast;(4, 4);False;1;530
;(18, 10);MoveSouthEast;(4, 4);False;1;531
;(18, 10);MoveSouthEast;(4, 4);False;1;532
;(18, 10);MoveSouthEast;(4, 4);False;1;533
;(18, 10);MoveSouthEast;(4, 4);False;1;534
;(18, 10);MoveSouthEast;(4, 4);False;1;535
MoveWest;(17, 10);MoveSouthEast;(4, 4);False;1;536
;(17, 10);MoveSouthEast;(5, 5);False;1;537
;(17, 10);MoveSouth;(5, 5);False;1;538
MoveWest;(16, 10);MoveSouth;(5, 5);False;1;539
;(16, 10);MoveSouth;(5, 5);False;1;540
;(16, 10);MoveSouth;(5, 5);False;1;541
MoveWest;(15, 10);MoveSouth;(5, 5);False;1;542
;(15, 10);MoveSouth;(5, 5);False;1;543
;(15, 10);MoveSouth;(5, 5);False;1;544
;(15, 10);MoveSouth;(5, 5);False;1;545
;(15, 10);MoveSouth;(5, 5);False;1;546
MoveWest;(14, 10);MoveSouth;(5, 5);False;1;547
;(14, 10);MoveSouth;(5, 6);False;1;548
;(14, 10);MoveSouthEast;(5, 6);False;1;549
MoveWest;(13, 10);MoveSouthEast;(5, 6);False;1;550
;(13, 10);MoveSouthEast;(5, 6);False;1;551
;(13, 10);MoveSouthEast;(5, 6);False;1;552
;(13, 10);MoveSouthEast;(5, 6);False;1;553
;(13, 10);MoveSouthEast;(5, 6);False;1;554
;(13, 10);MoveSouthEast;(5, 6);False;1;555
;(13, 10);MoveSouthEast;(5, 6);False;1;556
;(13, 10);MoveSouthEast;(5, 6);False;1;557
;(13, 10);MoveSouthEast;(5, 6);False;1;558
;(13, 10);MoveSouthEast;(6, 7);False;1;559
;(13, 10);MoveSouthEast;(6, 7);False;1;560
;(13, 10);MoveSouthEast;(6, 7);False;1;561
MoveNorth;(13, 9);MoveSouthEast;(6, 7);False;1;562
;(13, 9);MoveSouthEast;(6, 7);False;1;563
;(13, 9);MoveSouthEast;(6, 7);False;1;564
;(13, 9);MoveSouthEast;(6, 7);False;1;565
;(13, 9);MoveSouthEast;(6, 7);False;1;566
;(13, 9);MoveSouthEast;(6, 7);False;1;567
;(13, 9);MoveSouthEast;(6, 7);False;1;568
;(13, 9);MoveSouthEast;(6, 7);False;1;569
;(13, 9);MoveSouthEast;(7, 8);False;1;570
;(13, 9);GrabObject;(7, 8);False;1;571
;(13, 9);GrabObject;(7, 8);False;1;572
;(13, 9);GrabObject;(7, 8);False;1;573
;(13, 9);GrabObject;(7, 8);False;1;574
;(13, 9);GrabObject;(7, 8);False;1;575
;(13, 9);GrabObject;(7, 8);False;1;576
;(13, 9);GrabObject;(7, 8);False;1;577
;(13, 9);GrabObject;(7, 8);False;1;578
;(13, 9);GrabObject;(7, 8);False;1;579
;(13, 9);GrabObject;(7, 8);False;1;580
;(13, 9);GrabObject;(7, 8);False;1;581
GrabObject;(13, 9);;(7, 8);False;1;582
;(13, 9);Idle;(7, 8);False;1;583
;(13, 9);Idle;(7, 8);False;1;584
;(13, 9);Idle;(7, 8);False;1;585
;(13, 9);Idle;(7, 8);False;1;586
;(13, 9);Idle;(7, 8);False;1;587
;(13, 9);Idle;(7, 8);False;1;588
;(13, 9);Idle;(7, 8);False;1;589
MoveEast;(14, 9);Idle;(7, 8);False;1;590
;(14, 9);Idle;(7, 8);False;1;591
;(14, 9);Idle;(7, 8);False;1;592
;(14, 9);Idle;(7, 8);False;1;593
MoveEast;(15, 9);Idle;(7, 8);False;1;594
;(15, 9);Idle;(7, 8);False;1;595
;(15, 9);Idle;(7, 8);False;1;596
MoveEast;(16, 9);Idle;(7, 8);False;1;597
;(16, 9);Idle;(7, 8);False;1;598
;(16, 9);Idle;(7, 8);False;1;599
MoveEast;(17, 9);Idle;(7, 8);False;1;600
;(17, 9);Idle;(7, 8);False;1;601
;(17, 9);Idle;(7, 8);False;1;602
MoveEast;(18, 9);Idle;(7, 8);False;1;603
;(18, 9);Idle;(7, 8);False;1;604
;(18, 9);Idle;(7, 8);False;1;605
;(18, 9);Idle;(7, 8);False;1;606
MoveEast;(19, 9);Idle;(7, 8);False;1;607
;(19, 9);Idle;(7, 8);False;1;608
;(19, 9);Idle;(7, 8);False;1;609
;(19, 9);Idle;(7, 8);False;1;610
;(19, 9);Idle;(7, 8);False;1;611
;(19, 9);Idle;(7, 8);False;1;612
;(19, 9);Idle;(7, 8);False;1;613
DropObject;(19, 9);Idle;(7, 8);False;1;614
;(19, 9);Idle;(7, 8);False;1;615
;(19, 9);Idle;(7, 8);False;1;616
;(19, 9);Idle;(7, 8);False;1;617
;(19, 9);Idle;(7, 8);False;1;618
;(19, 9);Idle;(7, 8);False;1;619
;(19, 9);Idle;(7, 8);False;1;620
;(19, 9);Idle;(7, 8);False;1;621
;(19, 9);Idle;(7, 8);False;1;622
;(19, 9);Idle;(7, 8);False;1;623
;(19, 9);Idle;(7, 8);False;1;624
MoveWest;(18, 9);Idle;(7, 8);False;1;625
;(18, 9);Idle;(7, 8);False;1;626
;(18, 9);Idle;(7, 8);False;1;627
;(18, 9);Idle;(7, 8);False;1;628
MoveWest;(17, 9);Idle;(7, 8);False;1;629
;(17, 9);Idle;(7, 8);False;1;630
;(17, 9);Idle;(7, 8);False;1;631
;(17, 9);Idle;(7, 8);False;1;632
MoveWest;(16, 9);Idle;(7, 8);False;1;633
;(16, 9);Idle;(7, 8);False;1;634
;(16, 9);Idle;(7, 8);False;1;635
;(16, 9);Idle;(7, 8);False;1;636
MoveWest;(15, 9);Idle;(7, 8);False;1;637
;(15, 9);;(7, 8);False;1;638
;(15, 9);MoveWest;(7, 8);False;1;639
;(15, 9);MoveWest;(7, 8);False;1;640
MoveWest;(14, 9);MoveWest;(7, 8);False;1;641
;(14, 9);MoveWest;(7, 8);False;1;642
;(14, 9);MoveWest;(7, 8);False;1;643
;(14, 9);MoveWest;(7, 8);False;1;644
MoveWest;(13, 9);MoveWest;(7, 8);False;1;645
;(13, 9);MoveWest;(7, 8);False;1;646
;(13, 9);MoveWest;(7, 8);False;1;647
;(13, 9);MoveWest;(7, 8);False;1;648
;(13, 9);MoveWest;(6, 8);False;1;649
;(13, 9);MoveWest;(6, 8);False;1;650
;(13, 9);MoveWest;(6, 8);False;1;651
;(13, 9);MoveWest;(6, 8);False;1;652
;(13, 9);MoveWest;(6, 8);False;1;653
;(13, 9);MoveWest;(6, 8);False;1;654
;(13, 9);MoveWest;(6, 8);False;1;655
;(13, 9);MoveWest;(6, 8);False;1;656
;(13, 9);MoveWest;(6, 8);False;1;657
;(13, 9);MoveWest;(6, 8);False;1;658
MoveNorth;(13, 8);MoveWest;(6, 8);False;1;659
;(13, 8);MoveWest;(5, 8);False;1;660
;(13, 8);MoveNorthWest;(5, 8);False;1;661
;(13, 8);MoveNorthWest;(5, 8);False;1;662
;(13, 8);MoveNorthWest;(5, 8);False;1;663
;(13, 8);MoveNorthWest;(5, 8);False;1;664
;(13, 8);MoveNorthWest;(5, 8);False;1;665
;(13, 8);MoveNorthWest;(5, 8);False;1;666
;(13, 8);MoveNorthWest;(5, 8);False;1;667
;(13, 8);MoveNorthWest;(5, 8);False;1;668
;(13, 8);MoveNorthWest;(5, 8);False;1;669
;(13, 8);MoveNorthWest;(5, 8);False;1;670
;(13, 8);MoveNorthWest;(4, 7);False;1;671
;(13, 8);MoveWest;(4, 7);False;1;672
;(13, 8);MoveWest;(4, 7);False;1;673
MoveWest;(12, 8);MoveWest;(4, 7);False;1;674
;(12, 8);MoveWest;(4, 7);False;1;675
;(12, 8);MoveWest;(4, 7);False;1;676
;(12, 8);MoveWest;(4, 7);False;1;677
;(12, 8);MoveWest;(4, 7);False;1;678
;(12, 8);MoveWest;(4, 7);False;1;679
;(12, 8);MoveWest;(4, 7);False;1;680
;(12, 8);MoveWest;(4, 7);False;1;681
;(12, 8);MoveWest;(3, 7);False;1;682
;(12, 8);MoveNorthWest;(3, 7);False;1;683
;(12, 8);MoveNorthWest;(3, 7);False;1;684
;(12, 8);MoveNorthWest;(3, 7);False;1;685
DropObject;(12, 8);MoveNorthWest;(3, 7);False;1;686
;(12, 8);MoveNorthWest;(3, 7);False;1;687
;(12, 8);MoveNorthWest;(3, 7);False;1;688
;(12, 8);MoveNorthWest;(3, 7);False;1;689
;(12, 8);MoveNorthWest;(3, 7);False;1;690
;(12, 8);MoveNorthWest;(3, 7);False;1;691
;(12, 8);MoveNorthWest;(3, 7);False;1;692
;(12, 8);MoveNorthWest;(2, 6);False;1;693
;(12, 8);MoveWest;(2, 6);False;1;694
;(12, 8);MoveWest;(2, 6);False;1;695
;(12, 8);MoveWest;(2, 6);False;1;696
;(12, 8);MoveWest;(2, 6);False;1;697
;(12, 8);MoveWest;(2, 6);False;1;698
;(12, 8);MoveWest;(2, 6);False;1;699
;(12, 8);MoveWest;(2, 6);False;1;700
;(12, 8);MoveWest;(2, 6);False;1;701
;(12, 8);MoveWest;(2, 6);False;1;702
;(12, 8);MoveWest;(2, 6);False;1;703
;(12, 8);MoveWest;(1, 6);False;1;704
;(12, 8);DropObject;(1, 6);False;1;705
;(12, 8);DropObject;(1, 6);False;1;706
;(12, 8);DropObject;(1, 6);False;1;707
;(12, 8);DropObject;(1, 6);False;1;708
;(12, 8);DropObject;(1, 6);False;1;709
;(12, 8);DropObject;(1, 6);False;1;710
;(12, 8);DropObject;(1, 6);False;1;711
;(12, 8);DropObject;(1, 6);False;1;712
;(12, 8);DropObject;(1, 6);False;1;713
;(12, 8);DropObject;(1, 6);False;1;714
;(12, 8);DropObject;(1, 6);False;1;715
;(12, 8);;(1, 6);False;1;716
;(12, 8);Idle;(1, 6);False;1;717
;(12, 8);Idle;(1, 6);False;1;718
GrabObject;(12, 8);Idle;(1, 6);False;1;719
;(12, 8);Idle;(1, 6);False;1;720
;(12, 8);Idle;(1, 6);False;1;721
;(12, 8);Idle;(1, 6);False;1;722
;(12, 8);Idle;(1, 6);False;1;723
;(12, 8);Idle;(1, 6);False;1;724
;(12, 8);Idle;(1, 6);False;1;725
;(12, 8);Idle;(1, 6);False;1;726
;(12, 8);Idle;(1, 6);False;1;727
;(12, 8);Idle;(1, 6);False;1;728
;(12, 8);Idle;(1, 6);False;1;729
;(12, 8);Idle;(1, 6);False;1;730
;(12, 8);Idle;(1, 6);False;1;731
;(12, 8);Idle;(1, 6);False;1;732
;(12, 8);Idle;(1, 6);False;1;733
MoveEast;(13, 8);Idle;(1, 6);False;1;734
;(13, 8);Idle;(1, 6);False;1;735
;(13, 8);Idle;(1, 6);False;1;736
;(13, 8);Idle;(1, 6);False;1;737
;(13, 8);Idle;(1, 6);False;1;738
;(13, 8);Idle;(1, 6);False;1;739
;(13, 8);Idle;(1, 6);False;1;740
;(13, 8);Idle;(1, 6);False;1;741
;(13, 8);Idle;(1, 6);False;1;742
;(13, 8);Idle;(1, 6);False;1;743
MoveEast;(14, 8);Idle;(1, 6);False;1;744
MoveEast;(15, 8);Idle;(1, 6);False;1;745
MoveEast;(16, 8);Idle;(1, 6);False;1;746
MoveEast;(17, 8);Idle;(1, 6);False;1;747
;(17, 8);Idle;(1, 6);False;1;748
;(17, 8);Idle;(1, 6);False;1;749
;(17, 8);Idle;(1, 6);False;1;750
;(17, 8);Idle;(1, 6);False;1;751
;(17, 8);Idle;(1, 6);False;1;752
;(17, 8);Idle;(1, 6);False;1;753
;(17, 8);Idle;(1, 6);False;1;754
;(17, 8);Idle;(1, 6);False;1;755
;(17, 8);Idle;(1, 6);False;1;756
;(17, 8);Idle;(1, 6);False;1;757
;(17, 8);Idle;(1, 6);False;1;758
;(17, 8);Idle;(1, 6);False;1;759
;(17, 8);Idle;(1, 6);False;1;760
;(17, 8);Idle;(1, 6);False;1;761
DropObject;(17, 8);Idle;(1, 6);False;1;762
;(17, 8);Idle;(1, 6);False;1;763
;(17, 8);Idle;(1, 6);False;1;764
;(17, 8);Idle;(1, 6);False;1;765
;(17, 8);Idle;(1, 6);False;1;766
;(17, 8);Idle;(1, 6);False;1;767
;(17, 8);Idle;(1, 6);False;1;768
;(17, 8);Idle;(1, 6);False;1;769
;(17, 8);Idle;(1, 6);False;1;770
;(17, 8);Idle;(1, 6);False;1;771
;(17, 8);;(1, 6);False;1;772
;(17, 8);Idle;(1, 6);False;1;773
;(17, 8);Idle;(1, 6);False;1;774
;(17, 8);Idle;(1, 6);False;1;775
;(17, 8);Idle;(1, 6);False;1;776
;(17, 8);Idle;(1, 6);False;1;777
;(17, 8);Idle;(1, 6);False;1;778
;(17, 8);Idle;(1, 6);False;1;779
;(17, 8);Idle;(1, 6);False;1;780
;(17, 8);Idle;(1, 6);False;1;781
;(17, 8);Idle;(1, 6);False;1;782
MoveWest;(16, 8);Idle;(1, 6);False;1;783
;(16, 8);Idle;(1, 6);False;1;784
;(16, 8);Idle;(1, 6);False;1;785
;(16, 8);Idle;(1, 6);False;1;786
MoveWest;(15, 8);Idle;(1, 6);False;1;787
;(15, 8);Idle;(1, 6);False;1;788
;(15, 8);Idle;(1, 6);False;1;789
;(15, 8);Idle;(1, 6);False;1;790
;(15, 8);Idle;(1, 6);False;1;791
;(15, 8);Idle;(1, 6);False;1;792
MoveWest;(14, 8);Idle;(1, 6);False;1;793
;(14, 8);Idle;(1, 6);False;1;794
;(14, 8);Idle;(1, 6);False;1;795
;(14, 8);Idle;(1, 6);False;1;796
;(14, 8);Idle;(1, 6);False;1;797
MoveWest;(13, 8);Idle;(1, 6);False;1;798
;(13, 8);Idle;(1, 6);False;1;799
;(13, 8);Idle;(1, 6);False;1;800
;(13, 8);Idle;(1, 6);False;1;801
;(13, 8);Idle;(1, 6);False;1;802
;(13, 8);Idle;(1, 6);False;1;803
;(13, 8);Idle;(1, 6);False;1;804
;(13, 8);Idle;(1, 6);False;1;805
;(13, 8);Idle;(1, 6);False;1;806
;(13, 8);Idle;(1, 6);False;1;807
;(13, 8);Idle;(1, 6);False;1;808
MoveSouth;(13, 9);Idle;(1, 6);False;1;809
;(13, 9);Idle;(1, 6);False;1;810
;(13, 9);Idle;(1, 6);False;1;811
;(13, 9);Idle;(1, 6);False;1;812
;(13, 9);Idle;(1, 6);False;1;813
;(13, 9);Idle;(1, 6);False;1;814
;(13, 9);Idle;(1, 6);False;1;815
;(13, 9);Idle;(1, 6);False;1;816
;(13, 9);Idle;(1, 6);False;1;817
;(13, 9);Idle;(1, 6);False;1;818
;(13, 9);Idle;(1, 6);False;1;819
;(13, 9);Idle;(1, 6);False;1;820
MoveWest;(12, 9);Idle;(1, 6);False;1;821
;(12, 9);Idle;(1, 6);False;1;822
;(12, 9);Idle;(1, 6);False;1;823
;(12, 9);Idle;(1, 6);False;1;824
;(12, 9);Idle;(1, 6);False;1;825
;(12, 9);Idle;(1, 6);False;1;826
;(12, 9);Idle;(1, 6);False;1;827
;(12, 9);;(1, 6);False;1;828
;(12, 9);MoveEast;(1, 6);False;1;829
;(12, 9);MoveEast;(1, 6);False;1;830
;(12, 9);MoveEast;(1, 6);False;1;831
;(12, 9);MoveEast;(1, 6);False;1;832
;(12, 9);MoveEast;(1, 6);False;1;833
;(12, 9);MoveEast;(1, 6);False;1;834
GrabObject;(12, 9);MoveEast;(1, 6);False;1;835
;(12, 9);MoveEast;(1, 6);False;1;836
;(12, 9);MoveEast;(1, 6);False;1;837
;(12, 9);MoveEast;(1, 6);False;1;838
;(12, 9);MoveEast;(2, 6);False;1;839
;(12, 9);MoveEast;(2, 6);False;1;840
;(12, 9);MoveEast;(2, 6);False;1;841
;(12, 9);MoveEast;(2, 6);False;1;842
;(12, 9);MoveEast;(2, 6);False;1;843
MoveEast;(13, 9);MoveEast;(2, 6);False;1;844
;(13, 9);MoveEast;(2, 6);False;1;845
;(13, 9);MoveEast;(2, 6);False;1;846
;(13, 9);MoveEast;(2, 6);False;1;847
MoveEast;(14, 9);MoveEast;(2, 6);False;1;848
;(14, 9);MoveEast;(2, 6);False;1;849
;(14, 9);MoveEast;(3, 6);False;1;850
MoveEast;(15, 9);MoveWest;(3, 6);False;1;851
;(15, 9);MoveWest;(3, 6);False;1;852
;(15, 9);MoveWest;(3, 6);False;1;853
MoveEast;(16, 9);MoveWest;(3, 6);False;1;854
;(16, 9);MoveWest;(3, 6);False;1;855
;(16, 9);MoveWest;(3, 6);False;1;856
MoveEast;(17, 9);MoveWest;(3, 6);False;1;857
;(17, 9);MoveWest;(3, 6);False;1;858
;(17, 9);MoveWest;(3, 6);False;1;859
;(17, 9);MoveWest;(3, 6);False;1;860
MoveEast;(18, 9);MoveWest;(2, 6);False;1;861
;(18, 9);MoveWest;(2, 6);False;1;862
;(18, 9);MoveWest;(2, 6);False;1;863
;(18, 9);MoveWest;(2, 6);False;1;864
;(18, 9);MoveWest;(2, 6);False;1;865
DropObject;(18, 9);MoveWest;(2, 6);False;1;866
;(18, 9);MoveWest;(2, 6);False;1;867
;(18, 9);MoveWest;(2, 6);False;1;868
;(18, 9);MoveWest;(2, 6);False;1;869
;(18, 9);MoveWest;(2, 6);False;1;870
;(18, 9);MoveWest;(2, 6);False;1;871
;(18, 9);MoveWest;(1, 6);False;1;872
;(18, 9);MoveEast;(1, 6);False;1;873
;(18, 9);MoveEast;(1, 6);False;1;874
;(18, 9);MoveEast;(1, 6);False;1;875
;(18, 9);MoveEast;(1, 6);False;1;876
MoveWest;(17, 9);MoveEast;(1, 6);False;1;877
;(17, 9);MoveEast;(1, 6);False;1;878
;(17, 9);MoveEast;(1, 6);False;1;879
;(17, 9);MoveEast;(1, 6);False;1;880
MoveWest;(16, 9);MoveEast;(1, 6);False;1;881
;(16, 9);MoveEast;(1, 6);False;1;882
;(16, 9);MoveEast;(2, 6);False;1;883
;(16, 9);MoveEast;(2, 6);False;1;884
MoveWest;(15, 9);MoveEast;(2, 6);False;1;885
;(15, 9);MoveEast;(2, 6);False;1;886
;(15, 9);MoveEast;(2, 6);False;1;887
MoveWest;(14, 9);MoveEast;(2, 6);False;1;888
;(14, 9);MoveEast;(2, 6);False;1;889
;(14, 9);MoveEast;(2, 6);False;1;890
;(14, 9);MoveEast;(2, 6);False;1;891
;(14, 9);MoveEast;(2, 6);False;1;892
MoveWest;(13, 9);MoveEast;(2, 6);False;1;893
;(13, 9);MoveEast;(3, 6);False;1;894
;(13, 9);MoveWest;(3, 6);False;1;895
;(13, 9);MoveWest;(3, 6);False;1;896
MoveWest;(12, 9);MoveWest;(3, 6);False;1;897
;(12, 9);MoveWest;(3, 6);False;1;898
;(12, 9);MoveWest;(3, 6);False;1;899
;(12, 9);MoveWest;(3, 6);False;1;900
;(12, 9);MoveWest;(3, 6);False;1;901
;(12, 9);MoveWest;(3, 6);False;1;902
;(12, 9);MoveWest;(3, 6);False;1;903
;(12, 9);MoveWest;(3, 6);False;1;904
;(12, 9);MoveWest;(2, 6);False;1;905
;(12, 9);MoveWest;(2, 6);False;1;906
MoveSouth;(12, 10);MoveWest;(2, 6);False;1;907
;(12, 10);MoveWest;(2, 6);False;1;908
;(12, 10);MoveWest;(2, 6);False;1;909
;(12, 10);MoveWest;(2, 6);False;1;910
;(12, 10);MoveWest;(2, 6);False;1;911
;(12, 10);MoveWest;(2, 6);False;1;912
;(12, 10);MoveWest;(2, 6);False;1;913
;(12, 10);MoveWest;(2, 6);False;1;914
;(12, 10);MoveWest;(2, 6);False;1;915
;(12, 10);MoveWest;(1, 6);False;1;916
GrabObject;(12, 10);MoveEast;(1, 6);False;1;917
;(12, 10);MoveEast;(1, 6);False;1;918
;(12, 10);MoveEast;(1, 6);False;1;919
;(12, 10);MoveEast;(1, 6);False;1;920
;(12, 10);MoveEast;(1, 6);False;1;921
;(12, 10);MoveEast;(1, 6);False;1;922
;(12, 10);MoveEast;(1, 6);False;1;923
;(12, 10);MoveEast;(1, 6);False;1;924
;(12, 10);MoveEast;(1, 6);False;1;925
;(12, 10);MoveEast;(1, 6);False;1;926
;(12, 10);MoveEast;(2, 6);False;1;927
;(12, 10);MoveEast;(2, 6);False;1;928
;(12, 10);MoveEast;(2, 6);False;1;929
;(12, 10);MoveEast;(2, 6);False;1;930
;(12, 10);MoveEast;(2, 6);False;1;931
;(12, 10);MoveEast;(2, 6);False;1;932
;(12, 10);MoveEast;(2, 6);False;1;933
MoveEast;(13, 10);MoveEast;(2, 6);False;1;934
;(13, 10);MoveEast;(2, 6);False;1;935
;(13, 10);MoveEast;(2, 6);False;1;936
MoveEast;(14, 10);MoveEast;(2, 6);False;1;937
;(14, 10);MoveEast;(3, 6);False;1;938
;(14, 10);MoveWest;(3, 6);False;1;939
;(14, 10);MoveWest;(3, 6);False;1;940
MoveEast;(15, 10);MoveWest;(3, 6);False;1;941
;(15, 10);MoveWest;(3, 6);False;1;942
;(15, 10);MoveWest;(3, 6);False;1;943
MoveEast;(16, 10);MoveWest;(3, 6);False;1;944
;(16, 10);MoveWest;(3, 6);False;1;945
;(16, 10);MoveWest;(3, 6);False;1;946
;(16, 10);MoveWest;(3, 6);False;1;947
MoveEast;(17, 10);MoveWest;(3, 6);False;1;948
;(17, 10);MoveWest;(2, 6);False;1;949
;(17, 10);MoveWest;(2, 6);False;1;950
;(17, 10);MoveWest;(2, 6);False;1;951
;(17, 10);MoveWest;(2, 6);False;1;952
;(17, 10);MoveWest;(2, 6);False;1;953
;(17, 10);MoveWest;(2, 6);False;1;954
;(17, 10);MoveWest;(2, 6);False;1;955
;(17, 10);MoveWest;(2, 6);False;1;956
;(17, 10);MoveWest;(2, 6);False;1;957
;(17, 10);MoveWest;(2, 6);False;1;958
;(17, 10);MoveWest;(2, 6);False;1;959
;(17, 10);MoveWest;(1, 6);False;1;960
;(17, 10);;(1, 6);False;1;961
DropObject;(17, 10);MoveEast;(1, 6);False;1;962
;(17, 10);MoveEast;(1, 6);False;1;963
;(17, 10);MoveEast;(1, 6);False;1;964
;(17, 10);MoveEast;(1, 6);False;1;965
;(17, 10);MoveEast;(1, 6);False;1;966
;(17, 10);MoveEast;(1, 6);False;1;967
;(17, 10);MoveEast;(1, 6);False;1;968
;(17, 10);MoveEast;(1, 6);False;1;969
;(17, 10);MoveEast;(1, 6);False;1;970
;(17, 10);MoveEast;(1, 6);False;1;971
;(17, 10);MoveEast;(2, 6);False;1;972
;(17, 10);MoveEast;(2, 6);False;1;973
MoveWest;(16, 10);MoveEast;(2, 6);False;1;974
;(16, 10);MoveEast;(2, 6);False;1;975
;(16, 10);MoveEast;(2, 6);False;1;976
MoveWest;(15, 10);MoveEast;(2, 6);False;1;977
;(15, 10);MoveEast;(2, 6);False;1;978
;(15, 10);MoveEast;(2, 6);False;1;979
;(15, 10);MoveEast;(2, 6);False;1;980
MoveWest;(14, 10);MoveEast;(2, 6);False;1;981
;(14, 10);MoveEast;(2, 6);False;1;982
;(14, 10);MoveEast;(3, 6);False;1;983
;(14, 10);MoveEast;(3, 6);False;1;984
MoveWest;(13, 10);MoveEast;(3, 6);False;1;985
;(13, 10);MoveEast;(3, 6);False;1;986
;(13, 10);MoveEast;(3, 6);False;1;987
MoveWest;(12, 10);MoveEast;(3, 6);False;1;988
;(12, 10);MoveEast;(3, 6);False;1;989
;(12, 10);MoveEast;(3, 6);False;1;990
;(12, 10);MoveEast;(3, 6);False;1;991
;(12, 10);MoveEast;(3, 6);False;1;992
;(12, 10);MoveEast;(3, 6);False;1;993
;(12, 10);MoveEast;(4, 6);False;1;994
;(12, 10);MoveSouthEast;(4, 6);False;1;995
;(12, 10);MoveSouthEast;(4, 6);False;1;996
;(12, 10);MoveSouthEast;(4, 6);False;1;997
;(12, 10);MoveSouthEast;(4, 6);False;1;998
;(12, 10);MoveSouthEast;(4, 6);False;1;999
MoveEast;(13, 10);MoveSouthEast;(4, 6);False;1;1000
;(13, 10);MoveSouthEast;(4, 6);False;1;1001
;(13, 10);MoveSouthEast;(4, 6);False;1;1002
;(13, 10);MoveSouthEast;(4, 6);False;1;1003
;(13, 10);MoveSouthEast;(4, 6);False;1;1004
;(13, 10);MoveSouthEast;(5, 7);False;1;1005
;(13, 10);MoveSouthEast;(5, 7);False;1;1006
;(13, 10);MoveSouthEast;(5, 7);False;1;1007
;(13, 10);MoveSouthEast;(5, 7);False;1;1008
;(13, 10);MoveSouthEast;(5, 7);False;1;1009
;(13, 10);MoveSouthEast;(5, 7);False;1;1010
;(13, 10);MoveSouthEast;(5, 7);False;1;1011
;(13, 10);MoveSouthEast;(5, 7);False;1;1012
GrabObject;(13, 10);MoveSouthEast;(5, 7);False;1;1013
;(13, 10);MoveSouthEast;(5, 7);False;1;1014
;(13, 10);MoveSouthEast;(5, 7);False;1;1015
;(13, 10);MoveSouthEast;(6, 8);False;1;1016
;(13, 10);MoveSouthEast;(6, 8);False;1;1017
;(13, 10);MoveSouthEast;(6, 8);False;1;1018
;(13, 10);MoveSouthEast;(6, 8);False;1;1019
;(13, 10);MoveSouthEast;(6, 8);False;1;1020
MoveEast;(14, 10);MoveSouthEast;(6, 8);False;1;1021
;(14, 10);MoveSouthEast;(6, 8);False;1;1022
;(14, 10);MoveSouthEast;(6, 8);False;1;1023
;(14, 10);MoveSouthEast;(6, 8);False;1;1024
MoveEast;(15, 10);MoveSouthEast;(6, 8);False;1;1025
;(15, 10);MoveSouthEast;(6, 8);False;1;1026
;(15, 10);MoveSouthEast;(7, 9);False;1;1027
;(15, 10);MoveEast;(7, 9);False;1;1028
MoveEast;(16, 10);MoveEast;(7, 9);False;1;1029
;(16, 10);MoveEast;(7, 9);False;1;1030
;(16, 10);MoveEast;(7, 9);False;1;1031
MoveEast;(17, 10);MoveEast;(7, 9);False;1;1032
;(17, 10);MoveEast;(7, 9);False;1;1033
;(17, 10);MoveEast;(7, 9);False;1;1034
;(17, 10);MoveEast;(7, 9);False;1;1035
;(17, 10);MoveEast;(7, 9);False;1;1036
;(17, 10);MoveEast;(7, 9);False;1;1037
;(17, 10);MoveEast;(8, 9);False;1;1038
;(17, 10);MoveEast;(8, 9);False;1;1039
;(17, 10);MoveEast;(8, 9);False;1;1040
;(17, 10);MoveEast;(8, 9);False;1;1041
;(17, 10);MoveEast;(8, 9);False;1;1042
;(17, 10);MoveEast;(8, 9);False;1;1043
;(17, 10);MoveEast;(8, 9);False;1;1044
DropObject;(17, 10);MoveEast;(8, 9);False;1;1045
;(17, 10);MoveEast;(8, 9);False;1;1046
;(17, 10);MoveEast;(8, 9);False;1;1047
;(17, 10);MoveEast;(8, 9);False;1;1048
;(17, 10);MoveEast;(9, 9);False;1;1049
;(17, 10);MoveEast;(9, 9);False;1;1050
;(17, 10);MoveEast;(9, 9);False;1;1051
;(17, 10);MoveEast;(9, 9);False;1;1052
;(17, 10);MoveEast;(9, 9);False;1;1053
;(17, 10);MoveEast;(9, 9);False;1;1054
;(17, 10);MoveEast;(9, 9);False;1;1055
;(17, 10);MoveEast;(9, 9);False;1;1056
;(17, 10);MoveEast;(9, 9);False;1;1057
;(17, 10);MoveEast;(9, 9);False;1;1058
MoveWest;(16, 10);MoveEast;(9, 9);False;1;1059
;(16, 10);MoveEast;(10, 9);False;1;1060
;(16, 10);MoveEast;(10, 9);False;1;1061
;(16, 10);MoveEast;(10, 9);False;1;1062
MoveWest;(15, 10);MoveEast;(10, 9);False;1;1063
;(15, 10);MoveEast;(10, 9);False;1;1064
;(15, 10);MoveEast;(10, 9);False;1;1065
MoveWest;(14, 10);MoveEast;(10, 9);False;1;1066
;(14, 10);MoveEast;(10, 9);False;1;1067
;(14, 10);MoveEast;(10, 9);False;1;1068
;(14, 10);MoveEast;(10, 9);False;1;1069
;(14, 10);MoveEast;(10, 9);False;1;1070
;(14, 10);MoveEast;(11, 9);False;1;1071
;(14, 10);MoveEast;(11, 9);False;1;1072
;(14, 10);MoveEast;(11, 9);False;1;1073
;(14, 10);MoveEast;(11, 9);False;1;1074
;(14, 10);MoveEast;(11, 9);False;1;1075
;(14, 10);MoveEast;(11, 9);False;1;1076
;(14, 10);MoveEast;(11, 9);False;1;1077
;(14, 10);MoveEast;(11, 9);False;1;1078
;(14, 10);MoveEast;(11, 9);False;1;1079
;(14, 10);MoveEast;(11, 9);False;1;1080
;(14, 10);MoveEast;(11, 9);False;1;1081
;(14, 10);MoveEast;(12, 9);False;1;1082
;(14, 10);MoveEast;(12, 9);False;1;1083
;(14, 10);MoveEast;(12, 9);False;1;1084
;(14, 10);MoveEast;(12, 9);False;1;1085
;(14, 10);MoveEast;(12, 9);False;1;1086
;(14, 10);MoveEast;(12, 9);False;1;1087
;(14, 10);MoveEast;(12, 9);False;1;1088
;(14, 10);MoveEast;(12, 9);False;1;1089
GrabObject;(14, 10);MoveEast;(12, 9);False;1;1090
;(14, 10);MoveEast;(12, 9);False;1;1091
;(14, 10);MoveEast;(12, 9);False;1;1092
;(14, 10);MoveEast;(13, 9);False;1;1093
;(14, 10);MoveEast;(13, 9);False;1;1094
;(14, 10);MoveEast;(13, 9);False;1;1095
;(14, 10);MoveEast;(13, 9);False;1;1096
;(14, 10);MoveEast;(13, 9);False;1;1097
;(14, 10);MoveEast;(13, 9);False;1;1098
;(14, 10);MoveEast;(13, 9);False;1;1099
;(14, 10);MoveEast;(13, 9);False;1;1100
MoveEast;(15, 10);MoveEast;(13, 9);False;1;1101
;(15, 10);MoveEast;(13, 9);False;1;1102
;(15, 10);MoveEast;(13, 9);False;1;1103
MoveEast;(16, 10);MoveEast;(14, 9);False;1;1104
;(16, 10);MoveEast;(14, 9);False;1;1105
;(16, 10);MoveEast;(14, 9);False;1;1106
;(16, 10);MoveEast;(14, 9);False;1;1107
;(16, 10);MoveEast;(14, 9);False;1;1108
MoveEast;(17, 10);MoveEast;(14, 9);False;1;1109
;(17, 10);MoveEast;(14, 9);False;1;1110
;(17, 10);MoveEast;(14, 9);False;1;1111
;(17, 10);MoveEast;(14, 9);False;1;1112
;(17, 10);MoveEast;(14, 9);False;1;1113
;(17, 10);MoveEast;(14, 9);False;1;1114
;(17, 10);MoveEast;(15, 9);False;1;1115
;(17, 10);MoveEast;(15, 9);False;1;1116
DropObject;(17, 10);MoveEast;(15, 9);False;1;1117
;(17, 10);MoveEast;(15, 9);False;1;1118
;(17, 10);MoveEast;(15, 9);False;1;1119
;(17, 10);MoveEast;(15, 9);False;1;1120
;(17, 10);MoveEast;(15, 9);False;1;1121
;(17, 10);MoveEast;(15, 9);False;1;1122
;(17, 10);MoveEast;(15, 9);False;1;1123
;(17, 10);MoveEast;(15, 9);False;1;1124
;(17, 10);MoveEast;(15, 9);False;1;1125
;(17, 10);MoveEast;(16, 9);False;1;1126
;(17, 10);MoveSouthEast;(16, 9);False;1;1127
;(17, 10);MoveSouthEast;(16, 9);False;1;1128
;(17, 10);MoveSouthEast;(16, 9);False;1;1129
;(17, 10);MoveSouthEast;(16, 9);False;1;1130
;(17, 10);MoveSouthEast;(16, 9);False;1;1131
MoveWest;(16, 10);MoveSouthEast;(16, 9);False;1;1132
;(16, 10);MoveSouthEast;(16, 9);False;1;1133
;(16, 10);MoveSouthEast;(16, 9);False;1;1134
;(16, 10);MoveSouthEast;(16, 9);False;1;1135
;(16, 10);MoveSouthEast;(16, 9);False;1;1136
;(16, 10);MoveSouthEast;(17, 10);False;1;1137
;(16, 10);Idle;(17, 10);False;1;1138
;(16, 10);Idle;(17, 10);False;1;1139
;(16, 10);Idle;(17, 10);False;1;1140
;(16, 10);Idle;(17, 10);False;1;1141
;(16, 10);Idle;(17, 10);False;1;1142
;(16, 10);Idle;(17, 10);False;1;1143
;(16, 10);Idle;(17, 10);False;1;1144
;(16, 10);Idle;(17, 10);False;1;1145
;(16, 10);Idle;(17, 10);False;1;1146
;(16, 10);Idle;(17, 10);False;1;1147
;(16, 10);Idle;(17, 10);False;1;1148
;(16, 10);Idle;(17, 10);False;1;1149
;(16, 10);Idle;(17, 10);False;1;1150
;(16, 10);Idle;(17, 10);False;1;1151
;(16, 10);Idle;(17, 10);False;1;1152
;(16, 10);Idle;(17, 10);False;1;1153
;(16, 10);Idle;(17, 10);False;1;1154
;(16, 10);Idle;(17, 10);False;1;1155
;(16, 10);Idle;(17, 10);False;1;1156
;(16, 10);Idle;(17, 10);False;1;1157
;(16, 10);Idle;(17, 10);False;1;1158
;(16, 10);Idle;(17, 10);False;1;1159
;(16, 10);Idle;(17, 10);False;1;1160
;(16, 10);Idle;(17, 10);False;1;1161
;(16, 10);Idle;(17, 10);False;1;1162
;(16, 10);Idle;(17, 10);False;1;1163
;(16, 10);Idle;(17, 10);False;1;1164
MoveNorth;(16, 9);Idle;(17, 10);False;1;1165
;(16, 9);Idle;(17, 10);False;1;1166
;(16, 9);Idle;(17, 10);False;1;1167
;(16, 9);Idle;(17, 10);False;1;1168
MoveNorth;(16, 8);Idle;(17, 10);False;1;1169
;(16, 8);Idle;(17, 10);False;1;1170
;(16, 8);Idle;(17, 10);False;1;1171
;(16, 8);Idle;(17, 10);False;1;1172
;(16, 8);Idle;(17, 10);False;1;1173
;(16, 8);Idle;(17, 10);False;1;1174
;(16, 8);Idle;(17, 10);False;1;1175
;(16, 8);Idle;(17, 10);False;1;1176
;(16, 8);Idle;(17, 10);False;1;1177
MoveWest;(15, 8);Idle;(17, 10);False;1;1178
;(15, 8);Idle;(17, 10);False;1;1179
;(15, 8);Idle;(17, 10);False;1;1180
;(15, 8);Idle;(17, 10);False;1;1181
MoveWest;(14, 8);Idle;(17, 10);False;1;1182
;(14, 8);Idle;(17, 10);False;1;1183
;(14, 8);Idle;(17, 10);False;1;1184
;(14, 8);Idle;(17, 10);False;1;1185
MoveWest;(13, 8);Idle;(17, 10);False;1;1186
;(13, 8);Idle;(17, 10);False;1;1187
;(13, 8);Idle;(17, 10);False;1;1188
;(13, 8);Idle;(17, 10);False;1;1189
;(13, 8);Idle;(17, 10);False;1;1190
MoveWest;(12, 8);Idle;(17, 10);False;1;1191
;(12, 8);Idle;(17, 10);False;1;1192
;(12, 8);;(17, 10);False;1;1193
;(12, 8);Idle;(17, 10);False;1;1194
;(12, 8);Idle;(17, 10);False;1;1195
;(12, 8);Idle;(17, 10);False;1;1196
;(12, 8);Idle;(17, 10);False;1;1197
;(12, 8);Idle;(17, 10);False;1;1198
;(12, 8);Idle;(17, 10);False;1;1199
;(12, 8);Idle;(17, 10);False;1;1200
;(12, 8);Idle;(17, 10);False;1;1201
;(12, 8);Idle;(17, 10);False;1;1202
;(12, 8);Idle;(17, 10);False;1;1203
;(12, 8);Idle;(17, 10);False;1;1204
;(12, 8);Idle;(17, 10);False;1;1205
;(12, 8);Idle;(17, 10);False;1;1206
;(12, 8);Idle;(17, 10);False;1;1207
;(12, 8);Idle;(17, 10);False;1;1208
;(12, 8);Idle;(17, 10);False;1;1209
MoveWest;(11, 8);Idle;(17, 10);False;1;1210
;(11, 8);Idle;(17, 10);False;1;1211
;(11, 8);Idle;(17, 10);False;1;1212
;(11, 8);Idle;(17, 10);False;1;1213
;(11, 8);Idle;(17, 10);False;1;1214
;(11, 8);Idle;(17, 10);False;1;1215
;(11, 8);Idle;(17, 10);False;1;1216
;(11, 8);Idle;(17, 10);False;1;1217
;(11, 8);Idle;(17, 10);False;1;1218
;(11, 8);Idle;(17, 10);False;1;1219
;(11, 8);Idle;(17, 10);False;1;1220
;(11, 8);Idle;(17, 10);False;1;1221
GrabObject;(11, 8);Idle;(17, 10);False;1;1222
;(11, 8);Idle;(17, 10);False;1;1223
;(11, 8);Idle;(17, 10);False;1;1224
;(11, 8);Idle;(17, 10);False;1;1225
;(11, 8);Idle;(17, 10);False;1;1226
;(11, 8);Idle;(17, 10);False;1;1227
;(11, 8);Idle;(17, 10);False;1;1228
;(11, 8);Idle;(17, 10);False;1;1229
;(11, 8);Idle;(17, 10);False;1;1230
;(11, 8);Idle;(17, 10);False;1;1231
;(11, 8);Idle;(17, 10);False;1;1232
;(11, 8);Idle;(17, 10);False;1;1233
;(11, 8);Idle;(17, 10);False;1;1234
;(11, 8);Idle;(17, 10);False;1;1235
;(11, 8);Idle;(17, 10);False;1;1236
;(11, 8);Idle;(17, 10);False;1;1237
;(11, 8);Idle;(17, 10);False;1;1238
;(11, 8);Idle;(17, 10);False;1;1239
;(11, 8);Idle;(17, 10);False;1;1240
MoveEast;(12, 8);Idle;(17, 10);False;1;1241
;(12, 8);Idle;(17, 10);False;1;1242
;(12, 8);Idle;(17, 10);False;1;1243
;(12, 8);Idle;(17, 10);False;1;1244
;(12, 8);Idle;(17, 10);False;1;1245
MoveEast;(13, 8);Idle;(17, 10);False;1;1246
;(13, 8);Idle;(17, 10);False;1;1247
;(13, 8);Idle;(17, 10);False;1;1248
MoveEast;(14, 8);;(17, 10);False;1;1249
;(14, 8);Idle;(17, 10);False;1;1250
;(14, 8);Idle;(17, 10);False;1;1251
;(14, 8);Idle;(17, 10);False;1;1252
MoveEast;(15, 8);Idle;(17, 10);False;1;1253
;(15, 8);Idle;(17, 10);False;1;1254
;(15, 8);Idle;(17, 10);False;1;1255
MoveEast;(16, 8);Idle;(17, 10);False;1;1256
;(16, 8);Idle;(17, 10);False;1;1257
;(16, 8);Idle;(17, 10);False;1;1258
;(16, 8);Idle;(17, 10);False;1;1259
MoveEast;(17, 8);Idle;(17, 10);False;1;1260
;(17, 8);Idle;(17, 10);False;1;1261
;(17, 8);Idle;(17, 10);False;1;1262
;(17, 8);Idle;(17, 10);False;1;1263
MoveEast;(18, 8);Idle;(17, 10);False;1;1264
;(18, 8);Idle;(17, 10);False;1;1265
;(18, 8);Idle;(17, 10);False;1;1266
;(18, 8);Idle;(17, 10);False;1;1267
;(18, 8);Idle;(17, 10);False;1;1268
;(18, 8);Idle;(17, 10);False;1;1269
;(18, 8);Idle;(17, 10);False;1;1270
;(18, 8);Idle;(17, 10);False;1;1271
;(18, 8);Idle;(17, 10);False;1;1272
;(18, 8);Idle;(17, 10);False;1;1273
DropObject;(18, 8);Idle;(17, 10);False;1;1274
;(18, 8);Idle;(17, 10);False;1;1275
;(18, 8);Idle;(17, 10);False;1;1276
;(18, 8);Idle;(17, 10);False;1;1277
;(18, 8);Idle;(17, 10);False;1;1278
;(18, 8);Idle;(17, 10);False;1;1279
;(18, 8);Idle;(17, 10);False;1;1280
;(18, 8);Idle;(17, 10);False;1;1281
;(18, 8);Idle;(17, 10);False;1;1282
;(18, 8);Idle;(17, 10);False;1;1283
;(18, 8);Idle;(17, 10);False;1;1284
;(18, 8);Idle;(17, 10);False;1;1285
;(18, 8);Idle;(17, 10);False;1;1286
;(18, 8);Idle;(17, 10);False;1;1287
;(18, 8);Idle;(17, 10);False;1;1288
MoveWest;(17, 8);Idle;(17, 10);False;1;1289
;(17, 8);Idle;(17, 10);False;1;1290
;(17, 8);Idle;(17, 10);False;1;1291
;(17, 8);Idle;(17, 10);False;1;1292
;(17, 8);Idle;(17, 10);False;1;1293
;(17, 8);Idle;(17, 10);False;1;1294
MoveWest;(16, 8);Idle;(17, 10);False;1;1295
;(16, 8);Idle;(17, 10);False;1;1296
;(16, 8);Idle;(17, 10);False;1;1297
;(16, 8);Idle;(17, 10);False;1;1298
MoveWest;(15, 8);Idle;(17, 10);False;1;1299
;(15, 8);Idle;(17, 10);False;1;1300
;(15, 8);Idle;(17, 10);False;1;1301
;(15, 8);Idle;(17, 10);False;1;1302
;(15, 8);Idle;(17, 10);False;1;1303
MoveWest;(14, 8);Idle;(17, 10);False;1;1304
;(14, 8);;(17, 10);False;1;1305
;(14, 8);Idle;(17, 10);False;1;1306
;(14, 8);Idle;(17, 10);False;1;1307
;(14, 8);Idle;(17, 10);False;1;1308
;(14, 8);Idle;(17, 10);False;1;1309
;(14, 8);Idle;(17, 10);False;1;1310
;(14, 8);Idle;(17, 10);False;1;1311
;(14, 8);Idle;(17, 10);False;1;1312
;(14, 8);Idle;(17, 10);False;1;1313
;(14, 8);Idle;(17, 10);False;1;1314
;(14, 8);Idle;(17, 10);False;1;1315
;(14, 8);Idle;(17, 10);False;1;1316
;(14, 8);Idle;(17, 10);False;1;1317
;(14, 8);Idle;(17, 10);False;1;1318
MoveWest;(13, 8);Idle;(17, 10);False;1;1319
;(13, 8);Idle;(17, 10);False;1;1320
;(13, 8);Idle;(17, 10);False;1;1321
;(13, 8);Idle;(17, 10);False;1;1322
;(13, 8);Idle;(17, 10);False;1;1323
MoveWest;(12, 8);Idle;(17, 10);False;1;1324
;(12, 8);Idle;(17, 10);False;1;1325
;(12, 8);Idle;(17, 10);False;1;1326
;(12, 8);Idle;(17, 10);False;1;1327
;(12, 8);Idle;(17, 10);False;1;1328
MoveWest;(11, 8);Idle;(17, 10);False;1;1329
;(11, 8);Idle;(17, 10);False;1;1330
;(11, 8);Idle;(17, 10);False;1;1331
;(11, 8);Idle;(17, 10);False;1;1332
;(11, 8);Idle;(17, 10);False;1;1333
;(11, 8);Idle;(17, 10);False;1;1334
;(11, 8);Idle;(17, 10);False;1;1335
;(11, 8);Idle;(17, 10);False;1;1336
;(11, 8);Idle;(17, 10);False;1;1337
;(11, 8);Idle;(17, 10);False;1;1338
;(11, 8);Idle;(17, 10);False;1;1339
;(11, 8);Idle;(17, 10);False;1;1340
;(11, 8);Idle;(17, 10);False;1;1341
;(11, 8);Idle;(17, 10);False;1;1342
;(11, 8);Idle;(17, 10);False;1;1343
;(11, 8);Idle;(17, 10);False;1;1344
;(11, 8);Idle;(17, 10);False;1;1345
;(11, 8);Idle;(17, 10);False;1;1346
;(11, 8);Idle;(17, 10);False;1;1347
;(11, 8);Idle;(17, 10);False;1;1348
;(11, 8);Idle;(17, 10);False;1;1349
;(11, 8);Idle;(17, 10);False;1;1350
;(11, 8);Idle;(17, 10);False;1;1351
;(11, 8);Idle;(17, 10);False;1;1352
;(11, 8);Idle;(17, 10);False;1;1353
;(11, 8);Idle;(17, 10);False;1;1354
;(11, 8);Idle;(17, 10);False;1;1355
;(11, 8);Idle;(17, 10);False;1;1356
MoveWest;(10, 8);Idle;(17, 10);False;1;1357
;(10, 8);Idle;(17, 10);False;1;1358
;(10, 8);Idle;(17, 10);False;1;1359
;(10, 8);Idle;(17, 10);False;1;1360
;(10, 8);;(17, 10);False;1;1361
;(10, 8);Idle;(17, 10);False;1;1362
;(10, 8);Idle;(17, 10);False;1;1363
;(10, 8);Idle;(17, 10);False;1;1364
;(10, 8);Idle;(17, 10);False;1;1365
;(10, 8);Idle;(17, 10);False;1;1366
DropObject;(10, 8);Idle;(17, 10);False;1;1367
;(10, 8);Idle;(17, 10);False;1;1368
;(10, 8);Idle;(17, 10);False;1;1369
;(10, 8);Idle;(17, 10);False;1;1370
;(10, 8);Idle;(17, 10);False;1;1371
;(10, 8);Idle;(17, 10);False;1;1372
;(10, 8);Idle;(17, 10);False;1;1373
;(10, 8);Idle;(17, 10);False;1;1374
;(10, 8);Idle;(17, 10);False;1;1375
;(10, 8);Idle;(17, 10);False;1;1376
;(10, 8);Idle;(17, 10);False;1;1377
;(10, 8);Idle;(17, 10);False;1;1378
;(10, 8);Idle;(17, 10);False;1;1379
GrabObject;(10, 8);Idle;(17, 10);False;1;1380
;(10, 8);Idle;(17, 10);False;1;1381
;(10, 8);Idle;(17, 10);False;1;1382
;(10, 8);Idle;(17, 10);False;1;1383
;(10, 8);Idle;(17, 10);False;1;1384
;(10, 8);Idle;(17, 10);False;1;1385
;(10, 8);Idle;(17, 10);False;1;1386
;(10, 8);Idle;(17, 10);False;1;1387
;(10, 8);Idle;(17, 10);False;1;1388
;(10, 8);Idle;(17, 10);False;1;1389
;(10, 8);Idle;(17, 10);False;1;1390
;(10, 8);Idle;(17, 10);False;1;1391
;(10, 8);Idle;(17, 10);False;1;1392
;(10, 8);Idle;(17, 10);False;1;1393
;(10, 8);Idle;(17, 10);False;1;1394
;(10, 8);Idle;(17, 10);False;1;1395
;(10, 8);Idle;(17, 10);False;1;1396
;(10, 8);Idle;(17, 10);False;1;1397
;(10, 8);Idle;(17, 10);False;1;1398
;(10, 8);Idle;(17, 10);False;1;1399
;(10, 8);Idle;(17, 10);False;1;1400
;(10, 8);Idle;(17, 10);False;1;1401
;(10, 8);Idle;(17, 10);False;1;1402
;(10, 8);Idle;(17, 10);False;1;1403
;(10, 8);Idle;(17, 10);False;1;1404
;(10, 8);Idle;(17, 10);False;1;1405
;(10, 8);Idle;(17, 10);False;1;1406
MoveEast;(11, 8);Idle;(17, 10);False;1;1407
MoveEast;(12, 8);Idle;(17, 10);False;1;1408
;(12, 8);Idle;(17, 10);False;1;1409
;(12, 8);Idle;(17, 10);False;1;1410
;(12, 8);Idle;(17, 10);False;1;1411
MoveEast;(13, 8);Idle;(17, 10);False;1;1412
;(13, 8);Idle;(17, 10);False;1;1413
;(13, 8);Idle;(17, 10);False;1;1414
;(13, 8);Idle;(17, 10);False;1;1415
;(13, 8);Idle;(17, 10);False;1;1416
MoveEast;(14, 8);;(17, 10);False;1;1417
;(14, 8);Idle;(17, 10);False;1;1418
;(14, 8);Idle;(17, 10);False;1;1419
;(14, 8);Idle;(17, 10);False;1;1420
;(14, 8);Idle;(17, 10);False;1;1421
;(14, 8);Idle;(17, 10);False;1;1422
;(14, 8);Idle;(17, 10);False;1;1423
MoveEast;(15, 8);Idle;(17, 10);False;1;1424
;(15, 8);Idle;(17, 10);False;1;1425
;(15, 8);Idle;(17, 10);False;1;1426
;(15, 8);Idle;(17, 10);False;1;1427
MoveEast;(16, 8);Idle;(17, 10);False;1;1428
;(16, 8);Idle;(17, 10);False;1;1429
;(16, 8);Idle;(17, 10);False;1;1430
;(16, 8);Idle;(17, 10);False;1;1431
;(16, 8);Idle;(17, 10);False;1;1432
;(16, 8);Idle;(17, 10);False;1;1433
;(16, 8);Idle;(17, 10);False;1;1434
MoveEast;(17, 8);Idle;(17, 10);False;1;1435
;(17, 8);Idle;(17, 10);False;1;1436
;(17, 8);Idle;(17, 10);False;1;1437
;(17, 8);Idle;(17, 10);False;1;1438
;(17, 8);Idle;(17, 10);False;1;1439
;(17, 8);Idle;(17, 10);False;1;1440
;(17, 8);Idle;(17, 10);False;1;1441
;(17, 8);Idle;(17, 10);False;1;1442
;(17, 8);Idle;(17, 10);False;1;1443
;(17, 8);Idle;(17, 10);False;1;1444
;(17, 8);Idle;(17, 10);False;1;1445
;(17, 8);Idle;(17, 10);False;1;1446
;(17, 8);Idle;(17, 10);False;1;1447
;(17, 8);Idle;(17, 10);False;1;1448
;(17, 8);Idle;(17, 10);False;1;1449
;(17, 8);Idle;(17, 10);False;1;1450
;(17, 8);Idle;(17, 10);False;1;1451
;(17, 8);Idle;(17, 10);False;1;1452
;(17, 8);Idle;(17, 10);False;1;1453
;(17, 8);Idle;(17, 10);False;1;1454
;(17, 8);Idle;(17, 10);False;1;1455
;(17, 8);Idle;(17, 10);False;1;1456
DropObject;(17, 8);Idle;(17, 10);False;1;1457
;(17, 8);Idle;(17, 10);False;1;1458
;(17, 8);Idle;(17, 10);False;1;1459
;(17, 8);Idle;(17, 10);False;1;1460
;(17, 8);Idle;(17, 10);False;1;1461
;(17, 8);Idle;(17, 10);False;1;1462
;(17, 8);Idle;(17, 10);False;1;1463
;(17, 8);Idle;(17, 10);False;1;1464
;(17, 8);Idle;(17, 10);False;1;1465
;(17, 8);Idle;(17, 10);False;1;1466
;(17, 8);Idle;(17, 10);False;1;1467
;(17, 8);Idle;(17, 10);False;1;1468
;(17, 8);Idle;(17, 10);False;1;1469
;(17, 8);Idle;(17, 10);False;1;1470
;(17, 8);Idle;(17, 10);False;1;1471
;(17, 8);Idle;(17, 10);False;1;1472
;(17, 8);;(17, 10);False;1;1473
;(17, 8);MoveWest;(17, 10);False;1;1474
;(17, 8);MoveWest;(17, 10);False;1;1475
;(17, 8);MoveWest;(17, 10);False;1;1476
;(17, 8);MoveWest;(17, 10);False;1;1477
;(17, 8);MoveWest;(17, 10);False;1;1478
;(17, 8);MoveWest;(17, 10);False;1;1479
MoveWest;(16, 8);MoveWest;(17, 10);False;1;1480
;(16, 8);MoveWest;(17, 10);False;1;1481
;(16, 8);MoveWest;(17, 10);False;1;1482
;(16, 8);MoveWest;(17, 10);False;1;1483
MoveWest;(15, 8);MoveWest;(16, 10);False;1;1484
;(15, 8);MoveWest;(16, 10);False;1;1485
;(15, 8);MoveWest;(16, 10);False;1;1486
MoveWest;(14, 8);MoveWest;(16, 10);False;1;1487
;(14, 8);MoveWest;(16, 10);False;1;1488
;(14, 8);MoveWest;(16, 10);False;1;1489
;(14, 8);MoveWest;(16, 10);False;1;1490
;(14, 8);MoveWest;(16, 10);False;1;1491
MoveWest;(13, 8);MoveWest;(16, 10);False;1;1492
;(13, 8);MoveWest;(16, 10);False;1;1493
;(13, 8);MoveWest;(16, 10);False;1;1494
;(13, 8);MoveWest;(15, 10);False;1;1495
;(13, 8);MoveNorthWest;(15, 10);False;1;1496
MoveWest;(12, 8);MoveNorthWest;(15, 10);False;1;1497
;(12, 8);MoveNorthWest;(15, 10);False;1;1498
;(12, 8);MoveNorthWest;(15, 10);False;1;1499
MoveWest;(11, 8);MoveNorthWest;(15, 10);False;1;1500
;(11, 8);MoveNorthWest;(15, 10);False;1;1501
;(11, 8);MoveNorthWest;(15, 10);False;1;1502
MoveWest;(10, 8);MoveNorthWest;(15, 10);False;1;1503
;(10, 8);MoveNorthWest;(15, 10);False;1;1504
;(10, 8);MoveNorthWest;(15, 10);False;1;1505
;(10, 8);MoveNorthWest;(14, 9);False;1;1506
;(10, 8);MoveWest;(14, 9);False;1;1507
;(10, 8);MoveWest;(14, 9);False;1;1508
MoveWest;(9, 8);MoveWest;(14, 9);False;1;1509
;(9, 8);MoveWest;(14, 9);False;1;1510
;(9, 8);MoveWest;(14, 9);False;1;1511
;(9, 8);MoveWest;(14, 9);False;1;1512
;(9, 8);MoveWest;(14, 9);False;1;1513
;(9, 8);MoveWest;(14, 9);False;1;1514
;(9, 8);MoveWest;(14, 9);False;1;1515
;(9, 8);MoveWest;(14, 9);False;1;1516
;(9, 8);MoveWest;(13, 9);False;1;1517
;(9, 8);MoveNorthWest;(13, 9);False;1;1518
;(9, 8);MoveNorthWest;(13, 9);False;1;1519
;(9, 8);MoveNorthWest;(13, 9);False;1;1520
;(9, 8);MoveNorthWest;(13, 9);False;1;1521
;(9, 8);MoveNorthWest;(13, 9);False;1;1522
GrabObject;(9, 8);MoveNorthWest;(13, 9);False;1;1523
;(9, 8);MoveNorthWest;(13, 9);False;1;1524
;(9, 8);MoveNorthWest;(13, 9);False;1;1525
;(9, 8);MoveNorthWest;(13, 9);False;1;1526
;(9, 8);MoveNorthWest;(13, 9);False;1;1527
;(9, 8);MoveNorthWest;(12, 8);False;1;1528
;(9, 8);MoveWest;(12, 8);False;1;1529
;(9, 8);MoveWest;(12, 8);False;1;1530
;(9, 8);MoveWest;(12, 8);False;1;1531
MoveWest;(8, 8);MoveWest;(12, 8);False;1;1532
;(8, 8);MoveWest;(12, 8);False;1;1533
;(8, 8);MoveWest;(12, 8);False;1;1534
MoveWest;(7, 8);MoveWest;(12, 8);False;1;1535
;(7, 8);MoveWest;(12, 8);False;1;1536
;(7, 8);MoveWest;(12, 8);False;1;1537
;(7, 8);MoveWest;(12, 8);False;1;1538
MoveWest;(6, 8);MoveWest;(11, 8);False;1;1539
;(6, 8);GrabLargeObject;(11, 8);False;1;1540
;(6, 8);GrabLargeObject;(11, 8);False;1;1541
;(6, 8);GrabLargeObject;(11, 8);False;1;1542
MoveWest;(5, 8);GrabLargeObject;(11, 8);False;1;1543
;(5, 8);GrabLargeObject;(11, 8);False;1;1544
;(5, 8);GrabLargeObject;(11, 8);False;1;1545
MoveWest;(4, 8);GrabLargeObject;(11, 8);False;1;1546
;(4, 8);GrabLargeObject;(11, 8);False;1;1547
;(4, 8);GrabLargeObject;(11, 8);False;1;1548
;(4, 8);GrabLargeObject;(11, 8);False;1;1549
MoveWest;(3, 8);GrabLargeObject;(11, 8);False;1;1550
;(3, 8);;(11, 8);False;1;1551
;(3, 8);MoveEast;(11, 8);False;1;1552
;(3, 8);MoveEast;(11, 8);False;1;1553
;(3, 8);MoveEast;(11, 8);False;1;1554
;(3, 8);MoveEast;(11, 8);False;1;1555
;(3, 8);MoveEast;(11, 8);False;1;1556
;(3, 8);MoveEast;(11, 8);False;1;1557
;(3, 8);MoveEast;(11, 8);False;1;1558
DropObject;(3, 8);MoveEast;(11, 8);False;1;1559
;(3, 8);MoveEast;(11, 8);False;1;1560
;(3, 8);MoveEast;(11, 8);False;1;1561
;(3, 8);MoveEast;(12, 8);False;1;1562
;(3, 8);MoveNorthEast;(12, 8);False;1;1563
;(3, 8);MoveNorthEast;(12, 8);False;1;1564
;(3, 8);MoveNorthEast;(12, 8);False;1;1565
;(3, 8);MoveNorthEast;(12, 8);False;1;1566
;(3, 8);MoveNorthEast;(12, 8);False;1;1567
;(3, 8);MoveNorthEast;(12, 8);False;1;1568
;(3, 8);MoveNorthEast;(12, 8);False;1;1569
;(3, 8);MoveNorthEast;(12, 8);False;1;1570
;(3, 8);MoveNorthEast;(12, 8);False;1;1571
;(3, 8);MoveNorthEast;(12, 8);False;1;1572
;(3, 8);MoveNorthEast;(13, 7);False;1;1573
;(3, 8);MoveEast;(13, 7);False;1;1574
;(3, 8);MoveEast;(13, 7);False;1;1575
;(3, 8);MoveEast;(13, 7);False;1;1576
;(3, 8);MoveEast;(13, 7);False;1;1577
;(3, 8);MoveEast;(13, 7);False;1;1578
;(3, 8);MoveEast;(13, 7);False;1;1579
;(3, 8);MoveEast;(13, 7);False;1;1580
;(3, 8);MoveEast;(13, 7);False;1;1581
;(3, 8);MoveEast;(13, 7);False;1;1582
;(3, 8);MoveEast;(13, 7);False;1;1583
;(3, 8);MoveEast;(14, 7);False;1;1584
;(3, 8);MoveNorthEast;(14, 7);False;1;1585
;(3, 8);MoveNorthEast;(14, 7);False;1;1586
;(3, 8);MoveNorthEast;(14, 7);False;1;1587
;(3, 8);MoveNorthEast;(14, 7);False;1;1588
;(3, 8);MoveNorthEast;(14, 7);False;1;1589
;(3, 8);MoveNorthEast;(14, 7);False;1;1590
;(3, 8);MoveNorthEast;(14, 7);False;1;1591
;(3, 8);MoveNorthEast;(14, 7);False;1;1592
;(3, 8);MoveNorthEast;(14, 7);False;1;1593
;(3, 8);MoveNorthEast;(14, 7);False;1;1594
;(3, 8);MoveNorthEast;(15, 6);False;1;1595
MoveEast;(4, 8);MoveEast;(15, 6);False;1;1596
;(4, 8);MoveEast;(15, 6);False;1;1597
;(4, 8);MoveEast;(15, 6);False;1;1598
;(4, 8);MoveEast;(15, 6);False;1;1599
;(4, 8);MoveEast;(15, 6);False;1;1600
MoveEast;(5, 8);MoveEast;(15, 6);False;1;1601
;(5, 8);MoveEast;(15, 6);False;1;1602
;(5, 8);MoveEast;(15, 6);False;1;1603
;(5, 8);MoveEast;(15, 6);False;1;1604
MoveEast;(6, 8);MoveEast;(15, 6);False;1;1605
;(6, 8);MoveEast;(16, 6);False;1;1606
;(6, 8);DropLargeObject;(16, 6);False;1;1607
;(6, 8);DropLargeObject;(16, 6);False;1;1608
MoveEast;(7, 8);DropLargeObject;(16, 6);False;1;1609
;(7, 8);DropLargeObject;(16, 6);False;1;1610
;(7, 8);DropLargeObject;(16, 6);False;1;1611
MoveEast;(8, 8);DropLargeObject;(16, 6);False;1;1612
;(8, 8);DropLargeObject;(16, 6);False;1;1613
;(8, 8);DropLargeObject;(16, 6);False;1;1614
;(8, 8);DropLargeObject;(16, 6);False;1;1615
;(8, 8);DropLargeObject;(16, 6);False;1;1616
;(8, 8);DropLargeObject;(16, 6);False;1;1617
;(8, 8);;(16, 6);False;1;1618
;(8, 8);Idle;(16, 6);False;1;1619
;(8, 8);Idle;(16, 6);False;1;1620
;(8, 8);Idle;(16, 6);False;1;1621
;(8, 8);Idle;(16, 6);False;1;1622
;(8, 8);Idle;(16, 6);False;1;1623
;(8, 8);Idle;(16, 6);False;1;1624
;(8, 8);Idle;(16, 6);False;1;1625
;(8, 8);Idle;(16, 6);False;1;1626
;(8, 8);Idle;(16, 6);False;1;1627
;(8, 8);Idle;(16, 6);False;1;1628
;(8, 8);Idle;(16, 6);False;1;1629
;(8, 8);Idle;(16, 6);False;1;1630
;(8, 8);Idle;(16, 6);False;1;1631
;(8, 8);Idle;(16, 6);False;1;1632
;(8, 8);Idle;(16, 6);False;1;1633
;(8, 8);Idle;(16, 6);False;1;1634
;(8, 8);Idle;(16, 6);False;1;1635
;(8, 8);Idle;(16, 6);False;1;1636
;(8, 8);Idle;(16, 6);False;1;1637
;(8, 8);Idle;(16, 6);False;1;1638
;(8, 8);Idle;(16, 6);False;1;1639
;(8, 8);Idle;(16, 6);False;1;1640
;(8, 8);Idle;(16, 6);False;1;1641
;(8, 8);Idle;(16, 6);False;1;1642
;(8, 8);Idle;(16, 6);False;1;1643
;(8, 8);Idle;(16, 6);False;1;1644
;(8, 8);Idle;(16, 6);False;1;1645
;(8, 8);Idle;(16, 6);False;1;1646
;(8, 8);Idle;(16, 6);False;1;1647
;(8, 8);Idle;(16, 6);False;1;1648
;(8, 8);Idle;(16, 6);False;1;1649
;(8, 8);Idle;(16, 6);False;1;1650
;(8, 8);Idle;(16, 6);False;1;1651
;(8, 8);Idle;(16, 6);False;1;1652
;(8, 8);Idle;(16, 6);False;1;1653
;(8, 8);Idle;(16, 6);False;1;1654
;(8, 8);Idle;(16, 6);False;1;1655
;(8, 8);Idle;(16, 6);False;1;1656
;(8, 8);Idle;(16, 6);False;1;1657
;(8, 8);Idle;(16, 6);False;1;1658
;(8, 8);Idle;(16, 6);False;1;1659
;(8, 8);Idle;(16, 6);False;1;1660
;(8, 8);Idle;(16, 6);False;1;1661
;(8, 8);Idle;(16, 6);False;1;1662
;(8, 8);Idle;(16, 6);False;1;1663
GrabObject;(8, 8);Idle;(16, 6);False;1;1664
;(8, 8);Idle;(16, 6);False;1;1665
;(8, 8);Idle;(16, 6);False;1;1666
;(8, 8);Idle;(16, 6);False;1;1667
;(8, 8);Idle;(16, 6);False;1;1668
;(8, 8);Idle;(16, 6);False;1;1669
;(8, 8);Idle;(16, 6);False;1;1670
;(8, 8);Idle;(16, 6);False;1;1671
;(8, 8);Idle;(16, 6);False;1;1672
;(8, 8);Idle;(16, 6);False;1;1673
;(8, 8);;(16, 6);False;1;1674
;(8, 8);MoveWest;(16, 6);False;1;1675
;(8, 8);MoveWest;(16, 6);False;1;1676
;(8, 8);MoveWest;(16, 6);False;1;1677
;(8, 8);MoveWest;(16, 6);False;1;1678
;(8, 8);MoveWest;(16, 6);False;1;1679
;(8, 8);MoveWest;(16, 6);False;1;1680
MoveWest;(7, 8);MoveWest;(16, 6);False;1;1681
;(7, 8);MoveWest;(16, 6);False;1;1682
;(7, 8);MoveWest;(16, 6);False;1;1683
;(7, 8);MoveWest;(16, 6);False;1;1684
;(7, 8);MoveWest;(15, 6);False;1;1685
MoveWest;(6, 8);MoveWest;(15, 6);False;1;1686
;(6, 8);MoveWest;(15, 6);False;1;1687
;(6, 8);MoveWest;(15, 6);False;1;1688
MoveWest;(5, 8);MoveWest;(15, 6);False;1;1689
;(5, 8);MoveWest;(15, 6);False;1;1690
;(5, 8);MoveWest;(15, 6);False;1;1691
;(5, 8);MoveWest;(15, 6);False;1;1692
;(5, 8);MoveWest;(15, 6);False;1;1693
MoveWest;(4, 8);MoveWest;(15, 6);False;1;1694
;(4, 8);MoveWest;(15, 6);False;1;1695
;(4, 8);MoveWest;(14, 6);False;1;1696
MoveWest;(3, 8);MoveWest;(14, 6);False;1;1697
;(3, 8);MoveWest;(14, 6);False;1;1698
;(3, 8);MoveWest;(14, 6);False;1;1699
;(3, 8);MoveWest;(14, 6);False;1;1700
;(3, 8);MoveWest;(14, 6);False;1;1701
;(3, 8);MoveWest;(14, 6);False;1;1702
;(3, 8);MoveWest;(14, 6);False;1;1703
;(3, 8);MoveWest;(14, 6);False;1;1704
;(3, 8);MoveWest;(14, 6);False;1;1705
;(3, 8);MoveWest;(14, 6);False;1;1706
;(3, 8);MoveWest;(13, 6);False;1;1707
;(3, 8);MoveWest;(13, 6);False;1;1708
;(3, 8);MoveWest;(13, 6);False;1;1709
;(3, 8);MoveWest;(13, 6);False;1;1710
;(3, 8);MoveWest;(13, 6);False;1;1711
MoveWest;(2, 8);MoveWest;(13, 6);False;1;1712
;(2, 8);MoveWest;(13, 6);False;1;1713
;(2, 8);MoveWest;(13, 6);False;1;1714
;(2, 8);MoveWest;(13, 6);False;1;1715
;(2, 8);MoveWest;(13, 6);False;1;1716
;(2, 8);MoveWest;(13, 6);False;1;1717
;(2, 8);MoveWest;(12, 6);False;1;1718
;(2, 8);MoveNorthWest;(12, 6);False;1;1719
;(2, 8);MoveNorthWest;(12, 6);False;1;1720
;(2, 8);MoveNorthWest;(12, 6);False;1;1721
;(2, 8);MoveNorthWest;(12, 6);False;1;1722
;(2, 8);MoveNorthWest;(12, 6);False;1;1723
;(2, 8);MoveNorthWest;(12, 6);False;1;1724
;(2, 8);MoveNorthWest;(12, 6);False;1;1725
MoveWest;(1, 8);MoveNorthWest;(12, 6);False;1;1726
;(1, 8);MoveNorthWest;(12, 6);False;1;1727
;(1, 8);MoveNorthWest;(12, 6);False;1;1728
;(1, 8);MoveNorthWest;(11, 5);False;1;1729
;(1, 8);MoveWest;(11, 5);False;1;1730
;(1, 8);MoveWest;(11, 5);False;1;1731
;(1, 8);MoveWest;(11, 5);False;1;1732
;(1, 8);MoveWest;(11, 5);False;1;1733
;(1, 8);MoveWest;(11, 5);False;1;1734
;(1, 8);MoveWest;(11, 5);False;1;1735
DropObject;(1, 8);MoveWest;(11, 5);False;1;1736
;(1, 8);MoveWest;(11, 5);False;1;1737
;(1, 8);MoveWest;(11, 5);False;1;1738
;(1, 8);MoveWest;(11, 5);False;1;1739
;(1, 8);MoveWest;(10, 5);False;1;1740
;(1, 8);BreakObject;(10, 5);False;1;1741
;(1, 8);BreakObject;(10, 5);False;1;1742
;(1, 8);BreakObject;(10, 5);False;1;1743
;(1, 8);BreakObject;(10, 5);False;1;1744
;(1, 8);BreakObject;(10, 5);False;1;1745
;(1, 8);BreakObject;(10, 5);False;1;1746
;(1, 8);BreakObject;(10, 5);False;1;1747
;(1, 8);BreakObject;(10, 5);False;1;1748
;(1, 8);BreakObject;(10, 5);False;1;1749
MoveEast;(2, 8);BreakObject;(10, 5);False;1;1750
;(2, 8);BreakObject;(10, 5);False;1;1751
;(2, 8);;(10, 5);False;1;1752
;(2, 8);Idle;(10, 5);False;1;1753
MoveEast;(3, 8);Idle;(10, 5);False;1;1754
;(3, 8);Idle;(10, 5);False;1;1755
;(3, 8);Idle;(10, 5);False;1;1756
;(3, 8);Idle;(10, 5);False;1;1757
;(3, 8);Idle;(10, 5);False;1;1758
MoveEast;(4, 8);Idle;(10, 5);False;1;1759
;(4, 8);Idle;(10, 5);False;1;1760
;(4, 8);Idle;(10, 5);False;1;1761
;(4, 8);Idle;(10, 5);False;1;1762
;(4, 8);Idle;(10, 5);False;1;1763
;(4, 8);Idle;(10, 5);False;1;1764
;(4, 8);Idle;(10, 5);False;1;1765
;(4, 8);Idle;(10, 5);False;1;1766
;(4, 8);Idle;(10, 5);False;1;1767
;(4, 8);Idle;(10, 5);False;1;1768
;(4, 8);Idle;(10, 5);False;1;1769
;(4, 8);Idle;(10, 5);False;1;1770
MoveEast;(5, 8);Idle;(10, 5);False;1;1771
;(5, 8);Idle;(10, 5);False;1;1772
;(5, 8);Idle;(10, 5);False;1;1773
;(5, 8);Idle;(10, 5);False;1;1774
MoveEast;(6, 8);Idle;(10, 5);False;1;1775
;(6, 8);Idle;(10, 5);False;1;1776
;(6, 8);Idle;(10, 5);False;1;1777
;(6, 8);Idle;(10, 5);False;1;1778
MoveEast;(7, 8);Idle;(10, 5);False;1;1779
;(7, 8);Idle;(10, 5);False;1;1780
;(7, 8);Idle;(10, 5);False;1;1781
MoveEast;(8, 8);Idle;(10, 5);False;1;1782
;(8, 8);Idle;(10, 5);False;1;1783
;(8, 8);Idle;(10, 5);False;1;1784
;(8, 8);Idle;(10, 5);False;1;1785
MoveEast;(9, 8);Idle;(10, 5);False;1;1786
;(9, 8);Idle;(10, 5);False;1;1787
;(9, 8);Idle;(10, 5);False;1;1788
;(9, 8);Idle;(10, 5);False;1;1789
;(9, 8);Idle;(10, 5);False;1;1790
;(9, 8);Idle;(10, 5);False;1;1791
;(9, 8);Idle;(10, 5);False;1;1792
;(9, 8);Idle;(10, 5);False;1;1793
MoveEast;(10, 8);Idle;(10, 5);False;1;1794
;(10, 8);Idle;(10, 5);False;1;1795
;(10, 8);Idle;(10, 5);False;1;1796
;(10, 8);Idle;(10, 5);False;1;1797
;(10, 8);Idle;(10, 5);False;1;1798
;(10, 8);Idle;(10, 5);False;1;1799
;(10, 8);Idle;(10, 5);False;1;1800
;(10, 8);Idle;(10, 5);False;1;1801
;(10, 8);Idle;(10, 5);False;1;1802
;(10, 8);Idle;(10, 5);False;1;1803
;(10, 8);Idle;(10, 5);False;1;1804
MoveNorth;(10, 7);Idle;(10, 5);False;1;1805
;(10, 7);Idle;(10, 5);False;1;1806
;(10, 7);Idle;(10, 5);False;1;1807
;(10, 7);;(10, 5);False;1;1808
MoveNorth;(10, 6);Idle;(10, 5);False;1;1809
;(10, 6);Idle;(10, 5);False;1;1810
;(10, 6);Idle;(10, 5);False;1;1811
;(10, 6);Idle;(10, 5);False;1;1812
;(10, 6);Idle;(10, 5);False;1;1813
MoveNorth;(10, 5);Idle;(10, 5);False;1;1814
;(10, 5);Idle;(10, 5);False;1;1815
;(10, 5);Idle;(10, 5);False;1;1816
;(10, 5);Idle;(10, 5);False;1;1817
;(10, 5);Idle;(10, 5);False;1;1818
;(10, 5);Idle;(10, 5);False;1;1819
;(10, 5);Idle;(10, 5);False;1;1820
;(10, 5);Idle;(10, 5);False;1;1821
;(10, 5);Idle;(10, 5);False;1;1822
;(10, 5);Idle;(10, 5);False;1;1823
;(10, 5);Idle;(10, 5);False;1;1824
;(10, 5);Idle;(10, 5);False;1;1825
;(10, 5);Idle;(10, 5);False;1;1826
;(10, 5);Idle;(10, 5);False;1;1827
;(10, 5);Idle;(10, 5);False;1;1828
;(10, 5);Idle;(10, 5);False;1;1829
;(10, 5);Idle;(10, 5);False;1;1830
MoveSouth;(10, 6);Idle;(10, 5);False;1;1831
;(10, 6);Idle;(10, 5);False;1;1832
;(10, 6);Idle;(10, 5);False;1;1833
;(10, 6);Idle;(10, 5);False;1;1834
;(10, 6);Idle;(10, 5);False;1;1835
;(10, 6);Idle;(10, 5);False;1;1836
;(10, 6);Idle;(10, 5);False;1;1837
;(10, 6);Idle;(10, 5);False;1;1838
;(10, 6);Idle;(10, 5);False;1;1839
;(10, 6);Idle;(10, 5);False;1;1840
;(10, 6);Idle;(10, 5);False;1;1841
;(10, 6);Idle;(10, 5);False;1;1842
;(10, 6);Idle;(10, 5);False;1;1843
GrabObject;(10, 6);Idle;(10, 5);False;1;1844
;(10, 6);Idle;(10, 5);False;1;1845
;(10, 6);Idle;(10, 5);False;1;1846
;(10, 6);Idle;(10, 5);False;1;1847
;(10, 6);Idle;(10, 5);False;1;1848
;(10, 6);Idle;(10, 5);False;1;1849
;(10, 6);Idle;(10, 5);False;1;1850
;(10, 6);Idle;(10, 5);False;1;1851
MoveEast;(11, 6);Idle;(10, 5);False;1;1852
;(11, 6);Idle;(10, 5);False;1;1853
;(11, 6);Idle;(10, 5);False;1;1854
;(11, 6);Idle;(10, 5);False;1;1855
;(11, 6);Idle;(10, 5);False;1;1856
MoveEast;(12, 6);Idle;(10, 5);False;1;1857
;(12, 6);Idle;(10, 5);False;1;1858
;(12, 6);Idle;(10, 5);False;1;1859
MoveEast;(13, 6);Idle;(10, 5);False;1;1860
;(13, 6);Idle;(10, 5);False;1;1861
;(13, 6);Idle;(10, 5);False;1;1862
;(13, 6);Idle;(10, 5);False;1;1863
;(13, 6);;(10, 5);False;1;1864
MoveEast;(14, 6);Idle;(10, 5);False;1;1865
;(14, 6);Idle;(10, 5);False;1;1866
MoveEast;(15, 6);Idle;(10, 5);False;1;1867
;(15, 6);Idle;(10, 5);False;1;1868
;(15, 6);Idle;(10, 5);False;1;1869
;(15, 6);Idle;(10, 5);False;1;1870
MoveEast;(16, 6);Idle;(10, 5);False;1;1871
;(16, 6);Idle;(10, 5);False;1;1872
;(16, 6);Idle;(10, 5);False;1;1873
;(16, 6);Idle;(10, 5);False;1;1874
;(16, 6);Idle;(10, 5);False;1;1875
;(16, 6);Idle;(10, 5);False;1;1876
;(16, 6);Idle;(10, 5);False;1;1877
;(16, 6);Idle;(10, 5);False;1;1878
;(16, 6);Idle;(10, 5);False;1;1879
DropObject;(16, 6);Idle;(10, 5);False;1;1880
;(16, 6);Idle;(10, 5);False;1;1881
;(16, 6);Idle;(10, 5);False;1;1882
;(16, 6);Idle;(10, 5);False;1;1883
;(16, 6);Idle;(10, 5);False;1;1884
;(16, 6);Idle;(10, 5);False;1;1885
;(16, 6);Idle;(10, 5);False;1;1886
;(16, 6);Idle;(10, 5);False;1;1887
;(16, 6);Idle;(10, 5);False;1;1888
;(16, 6);Idle;(10, 5);False;1;1889
;(16, 6);Idle;(10, 5);False;1;1890
MoveWest;(15, 6);Idle;(10, 5);False;1;1891
;(15, 6);Idle;(10, 5);False;1;1892
;(15, 6);Idle;(10, 5);False;1;1893
;(15, 6);Idle;(10, 5);False;1;1894
MoveWest;(14, 6);Idle;(10, 5);False;1;1895
;(14, 6);Idle;(10, 5);False;1;1896
;(14, 6);Idle;(10, 5);False;1;1897
;(14, 6);Idle;(10, 5);False;1;1898
;(14, 6);Idle;(10, 5);False;1;1899
MoveWest;(13, 6);Idle;(10, 5);False;1;1900
;(13, 6);Idle;(10, 5);False;1;1901
;(13, 6);Idle;(10, 5);False;1;1902
;(13, 6);Idle;(10, 5);False;1;1903
MoveWest;(12, 6);Idle;(10, 5);False;1;1904
;(12, 6);Idle;(10, 5);False;1;1905
;(12, 6);Idle;(10, 5);False;1;1906
;(12, 6);Idle;(10, 5);False;1;1907
;(12, 6);Idle;(10, 5);False;1;1908
MoveWest;(11, 6);Idle;(10, 5);False;1;1909
;(11, 6);Idle;(10, 5);False;1;1910
;(11, 6);Idle;(10, 5);False;1;1911
;(11, 6);Idle;(10, 5);False;1;1912
;(11, 6);Idle;(10, 5);False;1;1913
;(11, 6);Idle;(10, 5);False;1;1914
;(11, 6);Idle;(10, 5);False;1;1915
MoveWest;(10, 6);Idle;(10, 5);False;1;1916
;(10, 6);Idle;(10, 5);False;1;1917
;(10, 6);Idle;(10, 5);False;1;1918
;(10, 6);Idle;(10, 5);False;1;1919
;(10, 6);;(10, 5);False;1;1920
;(10, 6);Idle;(10, 5);False;1;1921
;(10, 6);Idle;(10, 5);False;1;1922
;(10, 6);Idle;(10, 5);False;1;1923
;(10, 6);Idle;(10, 5);False;1;1924
;(10, 6);Idle;(10, 5);False;1;1925
;(10, 6);Idle;(10, 5);False;1;1926
GrabObject;(10, 6);Idle;(10, 5);False;1;1927
;(10, 6);Idle;(10, 5);False;1;1928
;(10, 6);Idle;(10, 5);False;1;1929
;(10, 6);Idle;(10, 5);False;1;1930
;(10, 6);Idle;(10, 5);False;1;1931
;(10, 6);Idle;(10, 5);False;1;1932
;(10, 6);Idle;(10, 5);False;1;1933
;(10, 6);Idle;(10, 5);False;1;1934
;(10, 6);Idle;(10, 5);False;1;1935
;(10, 6);Idle;(10, 5);False;1;1936
MoveEast;(11, 6);Idle;(10, 5);False;1;1937
;(11, 6);Idle;(10, 5);False;1;1938
;(11, 6);Idle;(10, 5);False;1;1939
;(11, 6);Idle;(10, 5);False;1;1940
MoveEast;(12, 6);Idle;(10, 5);False;1;1941
;(12, 6);Idle;(10, 5);False;1;1942
;(12, 6);Idle;(10, 5);False;1;1943
MoveEast;(13, 6);Idle;(10, 5);False;1;1944
;(13, 6);Idle;(10, 5);False;1;1945
;(13, 6);Idle;(10, 5);False;1;1946
MoveEast;(14, 6);Idle;(10, 5);False;1;1947
;(14, 6);Idle;(10, 5);False;1;1948
;(14, 6);Idle;(10, 5);False;1;1949
;(14, 6);Idle;(10, 5);False;1;1950
MoveEast;(15, 6);Idle;(10, 5);False;1;1951
;(15, 6);Idle;(10, 5);False;1;1952
;(15, 6);Idle;(10, 5);False;1;1953
;(15, 6);Idle;(10, 5);False;1;1954
MoveEast;(16, 6);Idle;(10, 5);False;1;1955
;(16, 6);Idle;(10, 5);False;1;1956
;(16, 6);Idle;(10, 5);False;1;1957
MoveEast;(17, 6);Idle;(10, 5);False;1;1958
;(17, 6);Idle;(10, 5);False;1;1959
;(17, 6);Idle;(10, 5);False;1;1960
;(17, 6);Idle;(10, 5);False;1;1961
MoveEast;(18, 6);Idle;(10, 5);False;1;1962
;(18, 6);Idle;(10, 5);False;1;1963
;(18, 6);Idle;(10, 5);False;1;1964
;(18, 6);Idle;(10, 5);False;1;1965
;(18, 6);Idle;(10, 5);False;1;1966
DropObject;(18, 6);Idle;(10, 5);False;1;1967
;(18, 6);Idle;(10, 5);False;1;1968
;(18, 6);Idle;(10, 5);False;1;1969
;(18, 6);Idle;(10, 5);False;1;1970
;(18, 6);Idle;(10, 5);False;1;1971
;(18, 6);Idle;(10, 5);False;1;1972
;(18, 6);Idle;(10, 5);False;1;1973
;(18, 6);Idle;(10, 5);False;1;1974
;(18, 6);Idle;(10, 5);False;1;1975
MoveWest;(17, 6);;(10, 5);False;1;1976
;(17, 6);MoveSouth;(10, 5);False;1;1977
;(17, 6);MoveSouth;(10, 5);False;1;1978
;(17, 6);MoveSouth;(10, 5);False;1;1979
MoveWest;(16, 6);MoveSouth;(10, 5);False;1;1980
;(16, 6);MoveSouth;(10, 5);False;1;1981
;(16, 6);MoveSouth;(10, 5);False;1;1982
;(16, 6);MoveSouth;(10, 5);False;1;1983
MoveWest;(15, 6);MoveSouth;(10, 5);False;1;1984
;(15, 6);MoveSouth;(10, 5);False;1;1985
;(15, 6);MoveSouth;(10, 5);False;1;1986
MoveWest;(14, 6);MoveSouth;(10, 6);False;1;1987
;(14, 6);MoveSouth;(10, 6);False;1;1988
;(14, 6);MoveSouth;(10, 6);False;1;1989
;(14, 6);MoveSouth;(10, 6);False;1;1990
MoveWest;(13, 6);MoveSouth;(10, 6);False;1;1991
;(13, 6);MoveSouth;(10, 6);False;1;1992
;(13, 6);MoveSouth;(10, 6);False;1;1993
;(13, 6);MoveSouth;(10, 6);False;1;1994
;(13, 6);MoveSouth;(10, 6);False;1;1995
;(13, 6);MoveSouth;(10, 6);False;1;1996
;(13, 6);MoveSouth;(10, 6);False;1;1997
;(13, 6);MoveSouth;(10, 7);False;1;1998
;(13, 6);GrabObject;(10, 7);False;1;1999
;(13, 6);GrabObject;(10, 7);False;1;2000
MoveWest;(12, 6);GrabObject;(10, 7);False;1;2001
;(12, 6);GrabObject;(10, 7);False;1;2002
;(12, 6);GrabObject;(10, 7);False;1;2003
;(12, 6);GrabObject;(10, 7);False;1;2004
;(12, 6);GrabObject;(10, 7);False;1;2005
;(12, 6);GrabObject;(10, 7);False;1;2006
;(12, 6);GrabObject;(10, 7);False;1;2007
;(12, 6);GrabObject;(10, 7);False;1;2008
;(12, 6);GrabObject;(10, 7);False;1;2009
;(12, 6);;(10, 7);False;1;2010
;(12, 6);MoveNorthEast;(10, 7);False;1;2011
;(12, 6);MoveNorthEast;(10, 7);False;1;2012
;(12, 6);MoveNorthEast;(10, 7);False;1;2013
;(12, 6);MoveNorthEast;(10, 7);False;1;2014
;(12, 6);MoveNorthEast;(10, 7);False;1;2015
;(12, 6);MoveNorthEast;(10, 7);False;1;2016
;(12, 6);MoveNorthEast;(10, 7);False;1;2017
;(12, 6);MoveNorthEast;(10, 7);False;1;2018
MoveSouth;(12, 7);MoveNorthEast;(10, 7);False;1;2019
;(12, 7);MoveNorthEast;(10, 7);False;1;2020
MoveSouth;(12, 8);MoveNorthEast;(11, 6);False;1;2021
;(12, 8);MoveEast;(11, 6);False;1;2022
;(12, 8);MoveEast;(11, 6);False;1;2023
;(12, 8);MoveEast;(11, 6);False;1;2024
MoveSouth;(12, 9);MoveEast;(11, 6);False;1;2025
;(12, 9);MoveEast;(11, 6);False;1;2026
;(12, 9);MoveEast;(11, 6);False;1;2027
;(12, 9);MoveEast;(11, 6);False;1;2028
;(12, 9);MoveEast;(11, 6);False;1;2029
;(12, 9);MoveEast;(11, 6);False;1;2030
MoveWest;(11, 9);MoveEast;(11, 6);False;1;2031
;(11, 9);MoveEast;(12, 6);False;1;2032
;(11, 9);Idle;(12, 6);False;1;2033
;(11, 9);Idle;(12, 6);False;1;2034
;(11, 9);Idle;(12, 6);False;1;2035
;(11, 9);Idle;(12, 6);False;1;2036
;(11, 9);Idle;(12, 6);False;1;2037
;(11, 9);Idle;(12, 6);False;1;2038
;(11, 9);Idle;(12, 6);False;1;2039
;(11, 9);Idle;(12, 6);False;1;2040
;(11, 9);Idle;(12, 6);False;1;2041
;(11, 9);Idle;(12, 6);False;1;2042
;(11, 9);Idle;(12, 6);False;1;2043
;(11, 9);Idle;(12, 6);False;1;2044
;(11, 9);Idle;(12, 6);False;1;2045
;(11, 9);Idle;(12, 6);False;1;2046
;(11, 9);Idle;(12, 6);False;1;2047
;(11, 9);Idle;(12, 6);False;1;2048
;(11, 9);Idle;(12, 6);False;1;2049
;(11, 9);Idle;(12, 6);False;1;2050
;(11, 9);Idle;(12, 6);False;1;2051
;(11, 9);Idle;(12, 6);False;1;2052
;(11, 9);Idle;(12, 6);False;1;2053
;(11, 9);Idle;(12, 6);False;1;2054
MoveNorth;(11, 8);Idle;(12, 6);False;1;2055
;(11, 8);Idle;(12, 6);False;1;2056
;(11, 8);Idle;(12, 6);False;1;2057
;(11, 8);Idle;(12, 6);False;1;2058
;(11, 8);Idle;(12, 6);False;1;2059
;(11, 8);Idle;(12, 6);False;1;2060
;(11, 8);Idle;(12, 6);False;1;2061
;(11, 8);Idle;(12, 6);False;1;2062
;(11, 8);Idle;(12, 6);False;1;2063
;(11, 8);Idle;(12, 6);False;1;2064
MoveWest;(10, 8);Idle;(12, 6);False;1;2065
;(10, 8);Idle;(12, 6);False;1;2066
;(10, 8);Idle;(12, 6);False;1;2067
;(10, 8);Idle;(12, 6);False;1;2068
;(10, 8);Idle;(12, 6);False;1;2069
;(10, 8);Idle;(12, 6);False;1;2070
;(10, 8);Idle;(12, 6);False;1;2071
;(10, 8);Idle;(12, 6);False;1;2072
;(10, 8);Idle;(12, 6);False;1;2073
;(10, 8);Idle;(12, 6);False;1;2074
GrabObject;(10, 8);Idle;(12, 6);False;1;2075
;(10, 8);Idle;(12, 6);False;1;2076
;(10, 8);Idle;(12, 6);False;1;2077
;(10, 8);Idle;(12, 6);False;1;2078
;(10, 8);Idle;(12, 6);False;1;2079
;(10, 8);Idle;(12, 6);False;1;2080
;(10, 8);Idle;(12, 6);False;1;2081
;(10, 8);Idle;(12, 6);False;1;2082
;(10, 8);Idle;(12, 6);False;1;2083
;(10, 8);Idle;(12, 6);False;1;2084
MoveEast;(11, 8);Idle;(12, 6);False;1;2085
;(11, 8);Idle;(12, 6);False;1;2086
;(11, 8);Idle;(12, 6);False;1;2087
MoveEast;(12, 8);;(12, 6);False;1;2088
;(12, 8);Idle;(12, 6);False;1;2089
;(12, 8);Idle;(12, 6);False;1;2090
;(12, 8);Idle;(12, 6);False;1;2091
MoveEast;(13, 8);Idle;(12, 6);False;1;2092
;(13, 8);Idle;(12, 6);False;1;2093
;(13, 8);Idle;(12, 6);False;1;2094
;(13, 8);Idle;(12, 6);False;1;2095
;(13, 8);Idle;(12, 6);False;1;2096
;(13, 8);Idle;(12, 6);False;1;2097
MoveEast;(14, 8);Idle;(12, 6);False;1;2098
;(14, 8);Idle;(12, 6);False;1;2099
;(14, 8);Idle;(12, 6);False;1;2100
MoveEast;(15, 8);Idle;(12, 6);False;1;2101
;(15, 8);Idle;(12, 6);False;1;2102
;(15, 8);Idle;(12, 6);False;1;2103
;(15, 8);Idle;(12, 6);False;1;2104
MoveEast;(16, 8);Idle;(12, 6);False;1;2105
;(16, 8);Idle;(12, 6);False;1;2106
;(16, 8);Idle;(12, 6);False;1;2107
;(16, 8);Idle;(12, 6);False;1;2108
MoveEast;(17, 8);Idle;(12, 6);False;1;2109
;(17, 8);Idle;(12, 6);False;1;2110
;(17, 8);Idle;(12, 6);False;1;2111
;(17, 8);Idle;(12, 6);False;1;2112
;(17, 8);Idle;(12, 6);False;1;2113
;(17, 8);Idle;(12, 6);False;1;2114
;(17, 8);Idle;(12, 6);False;1;2115
;(17, 8);Idle;(12, 6);False;1;2116
;(17, 8);Idle;(12, 6);False;1;2117
;(17, 8);Idle;(12, 6);False;1;2118
;(17, 8);Idle;(12, 6);False;1;2119
;(17, 8);Idle;(12, 6);False;1;2120
;(17, 8);Idle;(12, 6);False;1;2121
DropObject;(17, 8);Idle;(12, 6);False;1;2122
;(17, 8);Idle;(12, 6);False;1;2123
;(17, 8);Idle;(12, 6);False;1;2124
;(17, 8);Idle;(12, 6);False;1;2125
;(17, 8);Idle;(12, 6);False;1;2126
;(17, 8);Idle;(12, 6);False;1;2127
;(17, 8);Idle;(12, 6);False;1;2128
;(17, 8);Idle;(12, 6);False;1;2129
;(17, 8);Idle;(12, 6);False;1;2130
;(17, 8);Idle;(12, 6);False;1;2131
;(17, 8);Idle;(12, 6);False;1;2132
;(17, 8);Idle;(12, 6);False;1;2133
;(17, 8);Idle;(12, 6);False;1;2134
;(17, 8);Idle;(12, 6);False;1;2135
;(17, 8);Idle;(12, 6);False;1;2136
;(17, 8);Idle;(12, 6);False;1;2137
;(17, 8);Idle;(12, 6);False;1;2138
;(17, 8);Idle;(12, 6);False;1;2139
;(17, 8);Idle;(12, 6);False;1;2140
MoveWest;(16, 8);Idle;(12, 6);False;1;2141
;(16, 8);Idle;(12, 6);False;1;2142
;(16, 8);Idle;(12, 6);False;1;2143
;(16, 8);;(12, 6);False;1;2144
;(16, 8);Idle;(12, 6);False;1;2145
MoveWest;(15, 8);Idle;(12, 6);False;1;2146
;(15, 8);Idle;(12, 6);False;1;2147
;(15, 8);Idle;(12, 6);False;1;2148
;(15, 8);Idle;(12, 6);False;1;2149
MoveWest;(14, 8);Idle;(12, 6);False;1;2150
;(14, 8);Idle;(12, 6);False;1;2151
;(14, 8);Idle;(12, 6);False;1;2152
;(14, 8);Idle;(12, 6);False;1;2153
;(14, 8);Idle;(12, 6);False;1;2154
;(14, 8);Idle;(12, 6);False;1;2155
;(14, 8);Idle;(12, 6);False;1;2156
;(14, 8);Idle;(12, 6);False;1;2157
;(14, 8);Idle;(12, 6);False;1;2158
;(14, 8);Idle;(12, 6);False;1;2159
;(14, 8);Idle;(12, 6);False;1;2160
;(14, 8);Idle;(12, 6);False;1;2161
;(14, 8);Idle;(12, 6);False;1;2162
;(14, 8);Idle;(12, 6);False;1;2163
;(14, 8);Idle;(12, 6);False;1;2164
;(14, 8);Idle;(12, 6);False;1;2165
;(14, 8);Idle;(12, 6);False;1;2166
;(14, 8);Idle;(12, 6);False;1;2167
;(14, 8);Idle;(12, 6);False;1;2168
;(14, 8);Idle;(12, 6);False;1;2169
;(14, 8);Idle;(12, 6);False;1;2170
;(14, 8);Idle;(12, 6);False;1;2171
MoveWest;(13, 8);Idle;(12, 6);False;1;2172
;(13, 8);Idle;(12, 6);False;1;2173
;(13, 8);Idle;(12, 6);False;1;2174
;(13, 8);Idle;(12, 6);False;1;2175
;(13, 8);Idle;(12, 6);False;1;2176
MoveWest;(12, 8);Idle;(12, 6);False;1;2177
;(12, 8);Idle;(12, 6);False;1;2178
;(12, 8);Idle;(12, 6);False;1;2179
;(12, 8);Idle;(12, 6);False;1;2180
MoveWest;(11, 8);Idle;(12, 6);False;1;2181
;(11, 8);Idle;(12, 6);False;1;2182
;(11, 8);Idle;(12, 6);False;1;2183
;(11, 8);Idle;(12, 6);False;1;2184
MoveWest;(10, 8);Idle;(12, 6);False;1;2185
;(10, 8);Idle;(12, 6);False;1;2186
;(10, 8);Idle;(12, 6);False;1;2187
;(10, 8);Idle;(12, 6);False;1;2188
;(10, 8);Idle;(12, 6);False;1;2189
;(10, 8);Idle;(12, 6);False;1;2190
MoveWest;(9, 8);Idle;(12, 6);False;1;2191
;(9, 8);Idle;(12, 6);False;1;2192
;(9, 8);Idle;(12, 6);False;1;2193
MoveWest;(8, 8);Idle;(12, 6);False;1;2194
;(8, 8);Idle;(12, 6);False;1;2195
;(8, 8);Idle;(12, 6);False;1;2196
;(8, 8);Idle;(12, 6);False;1;2197
;(8, 8);Idle;(12, 6);False;1;2198
;(8, 8);Idle;(12, 6);False;1;2199
;(8, 8);;(12, 6);False;1;2200
;(8, 8);MoveSouthWest;(12, 6);False;1;2201
;(8, 8);MoveSouthWest;(12, 6);False;1;2202
;(8, 8);MoveSouthWest;(12, 6);False;1;2203
;(8, 8);MoveSouthWest;(12, 6);False;1;2204
;(8, 8);MoveSouthWest;(12, 6);False;1;2205
;(8, 8);MoveSouthWest;(12, 6);False;1;2206
;(8, 8);MoveSouthWest;(12, 6);False;1;2207
;(8, 8);MoveSouthWest;(12, 6);False;1;2208
;(8, 8);MoveSouthWest;(12, 6);False;1;2209
;(8, 8);MoveSouthWest;(12, 6);False;1;2210
;(8, 8);MoveSouthWest;(11, 7);False;1;2211
;(8, 8);MoveWest;(11, 7);False;1;2212
;(8, 8);MoveWest;(11, 7);False;1;2213
;(8, 8);MoveWest;(11, 7);False;1;2214
;(8, 8);MoveWest;(11, 7);False;1;2215
;(8, 8);MoveWest;(11, 7);False;1;2216
;(8, 8);MoveWest;(11, 7);False;1;2217
;(8, 8);MoveWest;(11, 7);False;1;2218
;(8, 8);MoveWest;(11, 7);False;1;2219
;(8, 8);MoveWest;(11, 7);False;1;2220
;(8, 8);MoveWest;(11, 7);False;1;2221
;(8, 8);MoveWest;(10, 7);False;1;2222
;(8, 8);MoveWest;(10, 7);False;1;2223
;(8, 8);MoveWest;(10, 7);False;1;2224
;(8, 8);MoveWest;(10, 7);False;1;2225
;(8, 8);MoveWest;(10, 7);False;1;2226
;(8, 8);MoveWest;(10, 7);False;1;2227
;(8, 8);MoveWest;(10, 7);False;1;2228
;(8, 8);MoveWest;(10, 7);False;1;2229
;(8, 8);MoveWest;(10, 7);False;1;2230
;(8, 8);MoveWest;(10, 7);False;1;2231
;(8, 8);MoveWest;(10, 7);False;1;2232
;(8, 8);MoveWest;(9, 7);False;1;2233
;(8, 8);MoveSouthWest;(9, 7);False;1;2234
;(8, 8);MoveSouthWest;(9, 7);False;1;2235
;(8, 8);MoveSouthWest;(9, 7);False;1;2236
;(8, 8);MoveSouthWest;(9, 7);False;1;2237
;(8, 8);MoveSouthWest;(9, 7);False;1;2238
;(8, 8);MoveSouthWest;(9, 7);False;1;2239
;(8, 8);MoveSouthWest;(9, 7);False;1;2240
;(8, 8);MoveSouthWest;(9, 7);False;1;2241
;(8, 8);MoveSouthWest;(9, 7);False;1;2242
;(8, 8);MoveSouthWest;(9, 7);False;1;2243
;(8, 8);MoveSouthWest;(8, 8);False;1;2244
;(8, 8);Idle;(8, 8);False;1;2245
;(8, 8);Idle;(8, 8);False;1;2246
;(8, 8);Idle;(8, 8);False;1;2247
;(8, 8);Idle;(8, 8);False;1;2248
;(8, 8);Idle;(8, 8);False;1;2249
;(8, 8);Idle;(8, 8);False;1;2250
;(8, 8);Idle;(8, 8);False;1;2251
;(8, 8);Idle;(8, 8);False;1;2252
;(8, 8);Idle;(8, 8);False;1;2253
;(8, 8);Idle;(8, 8);False;1;2254
;(8, 8);Idle;(8, 8);False;1;2255
;(8, 8);Idle;(8, 8);False;1;2256
MoveWest;(7, 8);Idle;(8, 8);False;1;2257
;(7, 8);Idle;(8, 8);False;1;2258
;(7, 8);Idle;(8, 8);False;1;2259
;(7, 8);Idle;(8, 8);False;1;2260
;(7, 8);Idle;(8, 8);False;1;2261
;(7, 8);Idle;(8, 8);False;1;2262
;(7, 8);Idle;(8, 8);False;1;2263
MoveWest;(6, 8);Idle;(8, 8);False;1;2264
;(6, 8);Idle;(8, 8);False;1;2265
;(6, 8);Idle;(8, 8);False;1;2266
;(6, 8);Idle;(8, 8);False;1;2267
;(6, 8);Idle;(8, 8);False;1;2268
;(6, 8);Idle;(8, 8);False;1;2269
MoveWest;(5, 8);Idle;(8, 8);False;1;2270
;(5, 8);Idle;(8, 8);False;1;2271
;(5, 8);Idle;(8, 8);False;1;2272
;(5, 8);Idle;(8, 8);False;1;2273
;(5, 8);Idle;(8, 8);False;1;2274
;(5, 8);Idle;(8, 8);False;1;2275
;(5, 8);Idle;(8, 8);False;1;2276
;(5, 8);Idle;(8, 8);False;1;2277
;(5, 8);Idle;(8, 8);False;1;2278
;(5, 8);Idle;(8, 8);False;1;2279
;(5, 8);Idle;(8, 8);False;1;2280
;(5, 8);Idle;(8, 8);False;1;2281
;(5, 8);Idle;(8, 8);False;1;2282
;(5, 8);Idle;(8, 8);False;1;2283
;(5, 8);Idle;(8, 8);False;1;2284
;(5, 8);Idle;(8, 8);False;1;2285
;(5, 8);Idle;(8, 8);False;1;2286
;(5, 8);Idle;(8, 8);False;1;2287
;(5, 8);Idle;(8, 8);False;1;2288
;(5, 8);Idle;(8, 8);False;1;2289
;(5, 8);Idle;(8, 8);False;1;2290
;(5, 8);Idle;(8, 8);False;1;2291
;(5, 8);Idle;(8, 8);False;1;2292
;(5, 8);Idle;(8, 8);False;1;2293
;(5, 8);Idle;(8, 8);False;1;2294
;(5, 8);Idle;(8, 8);False;1;2295
;(5, 8);Idle;(8, 8);False;1;2296
;(5, 8);Idle;(8, 8);False;1;2297
;(5, 8);Idle;(8, 8);False;1;2298
;(5, 8);Idle;(8, 8);False;1;2299
;(5, 8);;(8, 8);False;1;2300
;(5, 8);MoveSouth;(8, 8);False;1;2301
;(5, 8);MoveSouth;(8, 8);False;1;2302
;(5, 8);MoveSouth;(8, 8);False;1;2303
;(5, 8);MoveSouth;(8, 8);False;1;2304
;(5, 8);MoveSouth;(8, 8);False;1;2305
;(5, 8);MoveSouth;(8, 8);False;1;2306
;(5, 8);MoveSouth;(8, 8);False;1;2307
;(5, 8);MoveSouth;(8, 8);False;1;2308
;(5, 8);MoveSouth;(8, 8);False;1;2309
;(5, 8);MoveSouth;(8, 8);False;1;2310
;(5, 8);MoveSouth;(8, 9);False;1;2311
;(5, 8);MoveSouthEast;(8, 9);False;1;2312
;(5, 8);MoveSouthEast;(8, 9);False;1;2313
;(5, 8);MoveSouthEast;(8, 9);False;1;2314
;(5, 8);MoveSouthEast;(8, 9);False;1;2315
;(5, 8);MoveSouthEast;(8, 9);False;1;2316
;(5, 8);MoveSouthEast;(8, 9);False;1;2317
;(5, 8);MoveSouthEast;(8, 9);False;1;2318
;(5, 8);MoveSouthEast;(8, 9);False;1;2319
;(5, 8);MoveSouthEast;(8, 9);False;1;2320
;(5, 8);MoveSouthEast;(8, 9);False;1;2321
;(5, 8);MoveSouthEast;(9, 10);False;1;2322
;(5, 8);GrabObject;(9, 10);False;1;2323
;(5, 8);GrabObject;(9, 10);False;1;2324
;(5, 8);GrabObject;(9, 10);False;1;2325
;(5, 8);GrabObject;(9, 10);False;1;2326
;(5, 8);GrabObject;(9, 10);False;1;2327
;(5, 8);GrabObject;(9, 10);False;1;2328
;(5, 8);GrabObject;(9, 10);False;1;2329
;(5, 8);GrabObject;(9, 10);False;1;2330
;(5, 8);GrabObject;(9, 10);False;1;2331
;(5, 8);GrabObject;(9, 10);False;1;2332
;(5, 8);GrabObject;(9, 10);False;1;2333
;(5, 8);;(9, 10);False;1;2334
;(5, 8);MoveEast;(9, 10);False;1;2335
;(5, 8);MoveEast;(9, 10);False;1;2336
;(5, 8);MoveEast;(9, 10);False;1;2337
;(5, 8);MoveEast;(9, 10);False;1;2338
;(5, 8);MoveEast;(9, 10);False;1;2339
;(5, 8);MoveEast;(9, 10);False;1;2340
;(5, 8);MoveEast;(9, 10);False;1;2341
;(5, 8);MoveEast;(9, 10);False;1;2342
;(5, 8);MoveEast;(9, 10);False;1;2343
;(5, 8);MoveEast;(9, 10);False;1;2344
;(5, 8);MoveEast;(10, 10);False;1;2345
;(5, 8);MoveEast;(10, 10);False;1;2346
;(5, 8);MoveEast;(10, 10);False;1;2347
;(5, 8);MoveEast;(10, 10);False;1;2348
;(5, 8);MoveEast;(10, 10);False;1;2349
;(5, 8);MoveEast;(10, 10);False;1;2350
;(5, 8);MoveEast;(10, 10);False;1;2351
;(5, 8);MoveEast;(10, 10);False;1;2352
;(5, 8);MoveEast;(10, 10);False;1;2353
;(5, 8);MoveEast;(10, 10);False;1;2354
;(5, 8);MoveEast;(10, 10);False;1;2355
;(5, 8);MoveEast;(11, 10);False;1;2356
;(5, 8);MoveWest;(11, 10);False;1;2357
;(5, 8);MoveWest;(11, 10);False;1;2358
;(5, 8);MoveWest;(11, 10);False;1;2359
;(5, 8);MoveWest;(11, 10);False;1;2360
;(5, 8);MoveWest;(11, 10);False;1;2361
;(5, 8);MoveWest;(11, 10);False;1;2362
;(5, 8);MoveWest;(11, 10);False;1;2363
;(5, 8);MoveWest;(11, 10);False;1;2364
;(5, 8);MoveWest;(11, 10);False;1;2365
;(5, 8);MoveWest;(11, 10);False;1;2366
;(5, 8);MoveWest;(10, 10);False;1;2367
;(5, 8);MoveWest;(10, 10);False;1;2368
;(5, 8);MoveWest;(10, 10);False;1;2369
;(5, 8);MoveWest;(10, 10);False;1;2370
;(5, 8);MoveWest;(10, 10);False;1;2371
;(5, 8);MoveWest;(10, 10);False;1;2372
;(5, 8);MoveWest;(10, 10);False;1;2373
;(5, 8);MoveWest;(10, 10);False;1;2374
;(5, 8);MoveWest;(10, 10);False;1;2375
;(5, 8);MoveWest;(10, 10);False;1;2376
;(5, 8);MoveWest;(10, 10);False;1;2377
;(5, 8);MoveWest;(9, 10);False;1;2378
;(5, 8);MoveEast;(9, 10);False;1;2379
;(5, 8);MoveEast;(9, 10);False;1;2380
;(5, 8);MoveEast;(9, 10);False;1;2381
;(5, 8);MoveEast;(9, 10);False;1;2382
;(5, 8);MoveEast;(9, 10);False;1;2383
;(5, 8);MoveEast;(9, 10);False;1;2384
;(5, 8);MoveEast;(9, 10);False;1;2385
;(5, 8);MoveEast;(9, 10);False;1;2386
;(5, 8);MoveEast;(9, 10);False;1;2387
;(5, 8);MoveEast;(9, 10);False;1;2388
;(5, 8);MoveEast;(10, 10);False;1;2389
;(5, 8);MoveEast;(10, 10);False;1;2390
;(5, 8);MoveEast;(10, 10);False;1;2391
;(5, 8);MoveEast;(10, 10);False;1;2392
;(5, 8);MoveEast;(10, 10);False;1;2393
;(5, 8);MoveEast;(10, 10);False;1;2394
;(5, 8);MoveEast;(10, 10);False;1;2395
;(5, 8);MoveEast;(10, 10);False;1;2396
;(5, 8);MoveEast;(10, 10);False;1;2397
;(5, 8);MoveEast;(10, 10);False;1;2398
;(5, 8);MoveEast;(10, 10);False;1;2399
;(5, 8);MoveEast;(11, 10);False;1;2400
;(5, 8);MoveWest;(11, 10);False;1;2401
;(5, 8);MoveWest;(11, 10);False;1;2402
;(5, 8);MoveWest;(11, 10);False;1;2403
;(5, 8);MoveWest;(11, 10);False;1;2404
;(5, 8);MoveWest;(11, 10);False;1;2405
;(5, 8);MoveWest;(11, 10);False;1;2406
;(5, 8);MoveWest;(11, 10);False;1;2407
;(5, 8);MoveWest;(11, 10);False;1;2408
;(5, 8);MoveWest;(11, 10);False;1;2409
;(5, 8);MoveWest;(11, 10);False;1;2410
;(5, 8);MoveWest;(10, 10);False;1;2411
;(5, 8);MoveWest;(10, 10);False;1;2412
;(5, 8);MoveWest;(10, 10);False;1;2413
;(5, 8);MoveWest;(10, 10);False;1;2414
;(5, 8);MoveWest;(10, 10);False;1;2415
;(5, 8);MoveWest;(10, 10);False;1;2416
;(5, 8);MoveWest;(10, 10);False;1;2417
;(5, 8);MoveWest;(10, 10);False;1;2418
;(5, 8);MoveWest;(10, 10);False;1;2419
;(5, 8);MoveWest;(10, 10);False;1;2420
;(5, 8);MoveWest;(10, 10);False;1;2421
;(5, 8);MoveWest;(9, 10);False;1;2422
;(5, 8);MoveEast;(9, 10);False;1;2423
;(5, 8);MoveEast;(9, 10);False;1;2424
;(5, 8);MoveEast;(9, 10);False;1;2425
;(5, 8);MoveEast;(9, 10);False;1;2426
;(5, 8);MoveEast;(9, 10);False;1;2427
;(5, 8);MoveEast;(9, 10);False;1;2428
;(5, 8);MoveEast;(9, 10);False;1;2429
;(5, 8);MoveEast;(9, 10);False;1;2430
;(5, 8);MoveEast;(9, 10);False;1;2431
;(5, 8);MoveEast;(9, 10);False;1;2432
;(5, 8);MoveEast;(10, 10);False;1;2433
;(5, 8);MoveEast;(10, 10);False;1;2434
;(5, 8);MoveEast;(10, 10);False;1;2435
;(5, 8);MoveEast;(10, 10);False;1;2436
;(5, 8);MoveEast;(10, 10);False;1;2437
;(5, 8);MoveEast;(10, 10);False;1;2438
;(5, 8);MoveEast;(10, 10);False;1;2439
;(5, 8);MoveEast;(10, 10);False;1;2440
;(5, 8);MoveEast;(10, 10);False;1;2441
;(5, 8);MoveEast;(10, 10);False;1;2442
;(5, 8);MoveEast;(10, 10);False;1;2443
;(5, 8);MoveEast;(11, 10);False;1;2444
;(5, 8);MoveWest;(11, 10);False;1;2445
;(5, 8);MoveWest;(11, 10);False;1;2446
;(5, 8);MoveWest;(11, 10);False;1;2447
;(5, 8);MoveWest;(11, 10);False;1;2448
;(5, 8);MoveWest;(11, 10);False;1;2449
;(5, 8);MoveWest;(11, 10);False;1;2450
;(5, 8);MoveWest;(11, 10);False;1;2451
;(5, 8);MoveWest;(11, 10);False;1;2452
;(5, 8);MoveWest;(11, 10);False;1;2453
;(5, 8);MoveWest;(11, 10);False;1;2454
;(5, 8);MoveWest;(10, 10);False;1;2455
;(5, 8);MoveWest;(10, 10);False;1;2456
;(5, 8);MoveWest;(10, 10);False;1;2457
;(5, 8);MoveWest;(10, 10);False;1;2458
;(5, 8);MoveWest;(10, 10);False;1;2459
;(5, 8);MoveWest;(10, 10);False;1;2460
;(5, 8);MoveWest;(10, 10);False;1;2461
;(5, 8);MoveWest;(10, 10);False;1;2462
;(5, 8);MoveWest;(10, 10);False;1;2463
;(5, 8);MoveWest;(10, 10);False;1;2464
;(5, 8);MoveWest;(10, 10);False;1;2465
;(5, 8);MoveWest;(9, 10);False;1;2466
;(5, 8);;(9, 10);False;1;2467
;(5, 8);Idle;(9, 10);False;1;2468
;(5, 8);Idle;(9, 10);False;1;2469
;(5, 8);Idle;(9, 10);False;1;2470
;(5, 8);Idle;(9, 10);False;1;2471
;(5, 8);Idle;(9, 10);False;1;2472
;(5, 8);Idle;(9, 10);False;1;2473
;(5, 8);Idle;(9, 10);False;1;2474
;(5, 8);Idle;(9, 10);False;1;2475
;(5, 8);Idle;(9, 10);False;1;2476
;(5, 8);Idle;(9, 10);False;1;2477
;(5, 8);Idle;(9, 10);False;1;2478
;(5, 8);Idle;(9, 10);False;1;2479
;(5, 8);Idle;(9, 10);False;1;2480
;(5, 8);Idle;(9, 10);False;1;2481
;(5, 8);Idle;(9, 10);False;1;2482
;(5, 8);Idle;(9, 10);False;1;2483
;(5, 8);Idle;(9, 10);False;1;2484
;(5, 8);Idle;(9, 10);False;1;2485
;(5, 8);Idle;(9, 10);False;1;2486
;(5, 8);Idle;(9, 10);False;1;2487
;(5, 8);Idle;(9, 10);False;1;2488
;(5, 8);Idle;(9, 10);False;1;2489
;(5, 8);Idle;(9, 10);False;1;2490
;(5, 8);Idle;(9, 10);False;1;2491
;(5, 8);Idle;(9, 10);False;1;2492
;(5, 8);Idle;(9, 10);False;1;2493
;(5, 8);Idle;(9, 10);False;1;2494
;(5, 8);Idle;(9, 10);False;1;2495
;(5, 8);Idle;(9, 10);False;1;2496
;(5, 8);Idle;(9, 10);False;1;2497
;(5, 8);Idle;(9, 10);False;1;2498
;(5, 8);Idle;(9, 10);False;1;2499
;(5, 8);Idle;(9, 10);False;1;2500
;(5, 8);Idle;(9, 10);False;1;2501
;(5, 8);Idle;(9, 10);False;1;2502
;(5, 8);Idle;(9, 10);False;1;2503
;(5, 8);Idle;(9, 10);False;1;2504
;(5, 8);Idle;(9, 10);False;1;2505
;(5, 8);Idle;(9, 10);False;1;2506
;(5, 8);Idle;(9, 10);False;1;2507
;(5, 8);Idle;(9, 10);False;1;2508
;(5, 8);Idle;(9, 10);False;1;2509
;(5, 8);Idle;(9, 10);False;1;2510
;(5, 8);Idle;(9, 10);False;1;2511
;(5, 8);Idle;(9, 10);False;1;2512
;(5, 8);Idle;(9, 10);False;1;2513
;(5, 8);Idle;(9, 10);False;1;2514
;(5, 8);Idle;(9, 10);False;1;2515
;(5, 8);Idle;(9, 10);False;1;2516
;(5, 8);Idle;(9, 10);False;1;2517
;(5, 8);Idle;(9, 10);False;1;2518
;(5, 8);Idle;(9, 10);False;1;2519
;(5, 8);Idle;(9, 10);False;1;2520
;(5, 8);Idle;(9, 10);False;1;2521
;(5, 8);Idle;(9, 10);False;1;2522
;(5, 8);;(9, 10);False;1;2523
;(5, 8);;(9, 10);False;1;2524
;(5, 8);MoveWest;(9, 10);False;1;2525
;(5, 8);MoveWest;(9, 10);False;1;2526
;(5, 8);MoveWest;(9, 10);False;1;2527
;(5, 8);MoveWest;(9, 10);False;1;2528
;(5, 8);MoveWest;(9, 10);False;1;2529
;(5, 8);MoveWest;(9, 10);False;1;2530
;(5, 8);MoveWest;(9, 10);False;1;2531
;(5, 8);MoveWest;(9, 10);False;1;2532
;(5, 8);MoveWest;(9, 10);False;1;2533
;(5, 8);MoveWest;(9, 10);False;1;2534
;(5, 8);MoveWest;(8, 10);False;1;2535
;(5, 8);MoveWest;(8, 10);False;1;2536
;(5, 8);MoveWest;(8, 10);False;1;2537
;(5, 8);MoveWest;(8, 10);False;1;2538
;(5, 8);MoveWest;(8, 10);False;1;2539
;(5, 8);MoveWest;(8, 10);False;1;2540
;(5, 8);MoveWest;(8, 10);False;1;2541
;(5, 8);MoveWest;(8, 10);False;1;2542
;(5, 8);MoveWest;(8, 10);False;1;2543
;(5, 8);MoveWest;(8, 10);False;1;2544
;(5, 8);MoveWest;(8, 10);False;1;2545
;(5, 8);MoveWest;(7, 10);False;1;2546
;(5, 8);MoveWest;(7, 10);False;1;2547
;(5, 8);MoveWest;(7, 10);False;1;2548
;(5, 8);MoveWest;(7, 10);False;1;2549
;(5, 8);MoveWest;(7, 10);False;1;2550
;(5, 8);MoveWest;(7, 10);False;1;2551
;(5, 8);MoveWest;(7, 10);False;1;2552
;(5, 8);MoveWest;(7, 10);False;1;2553
;(5, 8);MoveWest;(7, 10);False;1;2554
;(5, 8);MoveWest;(7, 10);False;1;2555
;(5, 8);MoveWest;(7, 10);False;1;2556
;(5, 8);MoveWest;(6, 10);False;1;2557
;(5, 8);MoveWest;(6, 10);False;1;2558
;(5, 8);MoveWest;(6, 10);False;1;2559
;(5, 8);MoveWest;(6, 10);False;1;2560
;(5, 8);MoveWest;(6, 10);False;1;2561
;(5, 8);MoveWest;(6, 10);False;1;2562
;(5, 8);MoveWest;(6, 10);False;1;2563
;(5, 8);MoveWest;(6, 10);False;1;2564
;(5, 8);MoveWest;(6, 10);False;1;2565
;(5, 8);MoveWest;(6, 10);False;1;2566
;(5, 8);MoveWest;(6, 10);False;1;2567
;(5, 8);MoveWest;(5, 10);False;1;2568
;(5, 8);MoveWest;(5, 10);False;1;2569
;(5, 8);MoveWest;(5, 10);False;1;2570
;(5, 8);MoveWest;(5, 10);False;1;2571
;(5, 8);MoveWest;(5, 10);False;1;2572
;(5, 8);MoveWest;(5, 10);False;1;2573
;(5, 8);MoveWest;(5, 10);False;1;2574
;(5, 8);MoveWest;(5, 10);False;1;2575
;(5, 8);MoveWest;(5, 10);False;1;2576
;(5, 8);MoveWest;(5, 10);False;1;2577
;(5, 8);MoveWest;(5, 10);False;1;2578
;(5, 8);MoveWest;(4, 10);False;1;2579
;(5, 8);MoveNorthWest;(4, 10);False;1;2580
;(5, 8);MoveNorthWest;(4, 10);False;1;2581
;(5, 8);MoveNorthWest;(4, 10);False;1;2582
;(5, 8);MoveNorthWest;(4, 10);False;1;2583
;(5, 8);MoveNorthWest;(4, 10);False;1;2584
;(5, 8);MoveNorthWest;(4, 10);False;1;2585
;(5, 8);MoveNorthWest;(4, 10);False;1;2586
;(5, 8);MoveNorthWest;(4, 10);False;1;2587
;(5, 8);MoveNorthWest;(4, 10);False;1;2588
;(5, 8);MoveNorthWest;(4, 10);False;1;2589
;(5, 8);MoveNorthWest;(3, 9);False;1;2590
;(5, 8);MoveWest;(3, 9);False;1;2591
;(5, 8);MoveWest;(3, 9);False;1;2592
;(5, 8);MoveWest;(3, 9);False;1;2593
;(5, 8);MoveWest;(3, 9);False;1;2594
;(5, 8);MoveWest;(3, 9);False;1;2595
;(5, 8);MoveWest;(3, 9);False;1;2596
;(5, 8);MoveWest;(3, 9);False;1;2597
;(5, 8);MoveWest;(3, 9);False;1;2598
;(5, 8);MoveWest;(3, 9);False;1;2599
;(5, 8);MoveWest;(3, 9);False;1;2600
;(5, 8);MoveWest;(2, 9);False;1;2601
;(5, 8);MoveNorthWest;(2, 9);False;1;2602
;(5, 8);MoveNorthWest;(2, 9);False;1;2603
;(5, 8);MoveNorthWest;(2, 9);False;1;2604
;(5, 8);MoveNorthWest;(2, 9);False;1;2605
;(5, 8);MoveNorthWest;(2, 9);False;1;2606
;(5, 8);MoveNorthWest;(2, 9);False;1;2607
;(5, 8);MoveNorthWest;(2, 9);False;1;2608
;(5, 8);MoveNorthWest;(2, 9);False;1;2609
;(5, 8);MoveNorthWest;(2, 9);False;1;2610
;(5, 8);MoveNorthWest;(2, 9);False;1;2611
;(5, 8);MoveNorthWest;(1, 8);False;1;2612
;(5, 8);MoveWest;(1, 8);False;1;2613
;(5, 8);MoveWest;(1, 8);False;1;2614
;(5, 8);MoveWest;(1, 8);False;1;2615
;(5, 8);MoveWest;(1, 8);False;1;2616
;(5, 8);MoveWest;(1, 8);False;1;2617
;(5, 8);MoveWest;(1, 8);False;1;2618
;(5, 8);MoveWest;(1, 8);False;1;2619
;(5, 8);MoveWest;(1, 8);False;1;2620
;(5, 8);MoveWest;(1, 8);False;1;2621
;(5, 8);MoveWest;(1, 8);False;1;2622
;(5, 8);MoveWest;(0, 8);False;1;2623
;(5, 8);DropObject;(0, 8);False;1;2624
;(5, 8);DropObject;(0, 8);False;1;2625
;(5, 8);DropObject;(0, 8);False;1;2626
;(5, 8);DropObject;(0, 8);False;1;2627
;(5, 8);DropObject;(0, 8);False;1;2628
;(5, 8);DropObject;(0, 8);False;1;2629
;(5, 8);DropObject;(0, 8);False;1;2630
;(5, 8);DropObject;(0, 8);False;1;2631
;(5, 8);DropObject;(0, 8);False;1;2632
;(5, 8);DropObject;(0, 8);False;1;2633
;(5, 8);DropObject;(0, 8);False;1;2634
;(5, 8);DropObject;(0, 8);False;1;2635
;(5, 8);DropObject;(0, 8);False;1;2636
;(5, 8);DropObject;(0, 8);False;1;2637
;(5, 8);DropObject;(0, 8);False;1;2638
;(5, 8);DropObject;(0, 8);False;1;2639
;(5, 8);DropObject;(0, 8);False;1;2640
;(5, 8);DropObject;(0, 8);False;1;2641
;(5, 8);DropObject;(0, 8);False;1;2642
;(5, 8);DropObject;(0, 8);False;1;2643
;(5, 8);DropObject;(0, 8);False;1;2644
;(5, 8);DropObject;(0, 8);False;1;2645
;(5, 8);;(0, 8);False;1;2646
;(5, 8);MoveEast;(0, 8);False;1;2647
;(5, 8);MoveEast;(0, 8);False;1;2648
;(5, 8);MoveEast;(0, 8);False;1;2649
;(5, 8);MoveEast;(0, 8);False;1;2650
;(5, 8);MoveEast;(0, 8);False;1;2651
;(5, 8);MoveEast;(0, 8);False;1;2652
;(5, 8);MoveEast;(0, 8);False;1;2653
;(5, 8);MoveEast;(0, 8);False;1;2654
;(5, 8);MoveEast;(0, 8);False;1;2655
;(5, 8);MoveEast;(0, 8);False;1;2656
;(5, 8);MoveEast;(1, 8);False;1;2657
;(5, 8);MoveEast;(1, 8);False;1;2658
;(5, 8);MoveEast;(1, 8);False;1;2659
;(5, 8);MoveEast;(1, 8);False;1;2660
;(5, 8);MoveEast;(1, 8);False;1;2661
;(5, 8);MoveEast;(1, 8);False;1;2662
;(5, 8);MoveEast;(1, 8);False;1;2663
;(5, 8);MoveEast;(1, 8);False;1;2664
;(5, 8);MoveEast;(1, 8);False;1;2665
;(5, 8);MoveEast;(1, 8);False;1;2666
;(5, 8);MoveEast;(1, 8);False;1;2667
;(5, 8);MoveEast;(2, 8);False;1;2668
;(5, 8);MoveEast;(2, 8);False;1;2669
;(5, 8);MoveEast;(2, 8);False;1;2670
;(5, 8);MoveEast;(2, 8);False;1;2671
;(5, 8);MoveEast;(2, 8);False;1;2672
;(5, 8);MoveEast;(2, 8);False;1;2673
;(5, 8);MoveEast;(2, 8);False;1;2674
;(5, 8);MoveEast;(2, 8);False;1;2675
;(5, 8);MoveEast;(2, 8);False;1;2676
;(5, 8);MoveEast;(2, 8);False;1;2677
;(5, 8);MoveEast;(2, 8);False;1;2678
;(5, 8);MoveEast;(3, 8);False;1;2679
;(5, 8);MoveEast;(3, 8);False;1;2680
;(5, 8);MoveEast;(3, 8);False;1;2681
;(5, 8);MoveEast;(3, 8);False;1;2682
;(5, 8);MoveEast;(3, 8);False;1;2683
;(5, 8);MoveEast;(3, 8);False;1;2684
;(5, 8);MoveEast;(3, 8);False;1;2685
;(5, 8);MoveEast;(3, 8);False;1;2686
;(5, 8);MoveEast;(3, 8);False;1;2687
;(5, 8);MoveEast;(3, 8);False;1;2688
;(5, 8);MoveEast;(3, 8);False;1;2689
;(5, 8);MoveEast;(4, 8);False;1;2690
;(5, 8);MoveEast;(4, 8);False;1;2691
;(5, 8);MoveEast;(4, 8);False;1;2692
;(5, 8);MoveEast;(4, 8);False;1;2693
;(5, 8);MoveEast;(4, 8);False;1;2694
;(5, 8);MoveEast;(4, 8);False;1;2695
;(5, 8);MoveEast;(4, 8);False;1;2696
;(5, 8);MoveEast;(4, 8);False;1;2697
;(5, 8);MoveEast;(4, 8);False;1;2698
;(5, 8);MoveEast;(4, 8);False;1;2699
;(5, 8);MoveEast;(4, 8);False;1;2700
;(5, 8);MoveEast;(5, 8);False;1;2701
;(5, 8);MoveSouthEast;(5, 8);False;1;2702
;(5, 8);MoveSouthEast;(5, 8);False;1;2703
;(5, 8);MoveSouthEast;(5, 8);False;1;2704
;(5, 8);MoveSouthEast;(5, 8);False;1;2705
;(5, 8);MoveSouthEast;(5, 8);False;1;2706
;(5, 8);MoveSouthEast;(5, 8);False;1;2707
;(5, 8);MoveSouthEast;(5, 8);False;1;2708
;(5, 8);MoveSouthEast;(5, 8);False;1;2709
;(5, 8);MoveSouthEast;(5, 8);False;1;2710
;(5, 8);MoveSouthEast;(5, 8);False;1;2711
;(5, 8);MoveSouthEast;(6, 9);False;1;2712
;(5, 8);BreakObject;(6, 9);False;1;2713
;(5, 8);BreakObject;(6, 9);False;1;2714
;(5, 8);BreakObject;(6, 9);False;1;2715
;(5, 8);BreakObject;(6, 9);False;1;2716
;(5, 8);BreakObject;(6, 9);False;1;2717
;(5, 8);BreakObject;(6, 9);False;1;2718
;(5, 8);BreakObject;(6, 9);False;1;2719
;(5, 8);BreakObject;(6, 9);False;1;2720
;(5, 8);BreakObject;(6, 9);False;1;2721
;(5, 8);BreakObject;(6, 9);False;1;2722
;(5, 8);BreakObject;(6, 9);False;1;2723
;(5, 8);;(6, 9);False;1;2724
;(5, 8);MoveNorthEast;(6, 9);False;1;2725
;(5, 8);MoveNorthEast;(6, 9);False;1;2726
;(5, 8);MoveNorthEast;(6, 9);False;1;2727
;(5, 8);MoveNorthEast;(6, 9);False;1;2728
;(5, 8);MoveNorthEast;(6, 9);False;1;2729
;(5, 8);MoveNorthEast;(6, 9);False;1;2730
;(5, 8);MoveNorthEast;(6, 9);False;1;2731
;(5, 8);MoveNorthEast;(6, 9);False;1;2732
;(5, 8);MoveNorthEast;(6, 9);False;1;2733
;(5, 8);MoveNorthEast;(6, 9);False;1;2734
;(5, 8);MoveNorthEast;(7, 8);False;1;2735
;(5, 8);MoveEast;(7, 8);False;1;2736
;(5, 8);MoveEast;(7, 8);False;1;2737
;(5, 8);MoveEast;(7, 8);False;1;2738
;(5, 8);MoveEast;(7, 8);False;1;2739
;(5, 8);MoveEast;(7, 8);False;1;2740
;(5, 8);MoveEast;(7, 8);False;1;2741
;(5, 8);MoveEast;(7, 8);False;1;2742
;(5, 8);MoveEast;(7, 8);False;1;2743
;(5, 8);MoveEast;(7, 8);False;1;2744
;(5, 8);MoveEast;(7, 8);False;1;2745
;(5, 8);MoveEast;(8, 8);False;1;2746
;(5, 8);GrabLargeObject;(8, 8);False;1;2747
;(5, 8);GrabLargeObject;(8, 8);False;1;2748
;(5, 8);GrabLargeObject;(8, 8);False;1;2749
;(5, 8);GrabLargeObject;(8, 8);False;1;2750
;(5, 8);GrabLargeObject;(8, 8);False;1;2751
;(5, 8);GrabLargeObject;(8, 8);False;1;2752
;(5, 8);GrabLargeObject;(8, 8);False;1;2753
;(5, 8);GrabLargeObject;(8, 8);False;1;2754
;(5, 8);GrabLargeObject;(8, 8);False;1;2755
;(5, 8);GrabLargeObject;(8, 8);False;1;2756
;(5, 8);GrabLargeObject;(8, 8);False;1;2757
;(5, 8);;(8, 8);False;1;2758
;(5, 8);Idle;(8, 8);False;1;2759
;(5, 8);Idle;(8, 8);False;1;2760
;(5, 8);Idle;(8, 8);False;1;2761
;(5, 8);Idle;(8, 8);False;1;2762
;(5, 8);Idle;(8, 8);False;1;2763
;(5, 8);Idle;(8, 8);False;1;2764
;(5, 8);Idle;(8, 8);False;1;2765
;(5, 8);Idle;(8, 8);False;1;2766
;(5, 8);Idle;(8, 8);False;1;2767
;(5, 8);Idle;(8, 8);False;1;2768
;(5, 8);Idle;(8, 8);False;1;2769
;(5, 8);Idle;(8, 8);False;1;2770
;(5, 8);Idle;(8, 8);False;1;2771
;(5, 8);Idle;(8, 8);False;1;2772
;(5, 8);Idle;(8, 8);False;1;2773
;(5, 8);Idle;(8, 8);False;1;2774
;(5, 8);Idle;(8, 8);False;1;2775
;(5, 8);Idle;(8, 8);False;1;2776
;(5, 8);Idle;(8, 8);False;1;2777
;(5, 8);Idle;(8, 8);False;1;2778
;(5, 8);Idle;(8, 8);False;1;2779
;(5, 8);Idle;(8, 8);False;1;2780
;(5, 8);Idle;(8, 8);False;1;2781
;(5, 8);Idle;(8, 8);False;1;2782
;(5, 8);Idle;(8, 8);False;1;2783
;(5, 8);Idle;(8, 8);False;1;2784
;(5, 8);Idle;(8, 8);False;1;2785
;(5, 8);Idle;(8, 8);False;1;2786
;(5, 8);Idle;(8, 8);False;1;2787
;(5, 8);Idle;(8, 8);False;1;2788
;(5, 8);Idle;(8, 8);False;1;2789
;(5, 8);Idle;(8, 8);False;1;2790
;(5, 8);Idle;(8, 8);False;1;2791
;(5, 8);Idle;(8, 8);False;1;2792
;(5, 8);Idle;(8, 8);False;1;2793
;(5, 8);Idle;(8, 8);False;1;2794
;(5, 8);Idle;(8, 8);False;1;2795
;(5, 8);Idle;(8, 8);False;1;2796
;(5, 8);Idle;(8, 8);False;1;2797
;(5, 8);Idle;(8, 8);False;1;2798
;(5, 8);Idle;(8, 8);False;1;2799
;(5, 8);Idle;(8, 8);False;1;2800
;(5, 8);Idle;(8, 8);False;1;2801
;(5, 8);Idle;(8, 8);False;1;2802
;(5, 8);Idle;(8, 8);False;1;2803
;(5, 8);Idle;(8, 8);False;1;2804
;(5, 8);Idle;(8, 8);False;1;2805
;(5, 8);Idle;(8, 8);False;1;2806
;(5, 8);Idle;(8, 8);False;1;2807
;(5, 8);Idle;(8, 8);False;1;2808
;(5, 8);Idle;(8, 8);False;1;2809
;(5, 8);Idle;(8, 8);False;1;2810
;(5, 8);Idle;(8, 8);False;1;2811
;(5, 8);Idle;(8, 8);False;1;2812
;(5, 8);Idle;(8, 8);False;1;2813
;(5, 8);;(8, 8);False;1;2814
;(5, 8);MoveEast;(8, 8);False;1;2815
;(5, 8);MoveEast;(8, 8);False;1;2816
;(5, 8);MoveEast;(8, 8);False;1;2817
;(5, 8);MoveEast;(8, 8);False;1;2818
;(5, 8);MoveEast;(8, 8);False;1;2819
;(5, 8);MoveEast;(8, 8);False;1;2820
;(5, 8);MoveEast;(8, 8);False;1;2821
;(5, 8);MoveEast;(8, 8);False;1;2822
;(5, 8);MoveEast;(8, 8);False;1;2823
;(5, 8);MoveEast;(8, 8);False;1;2824
;(5, 8);MoveEast;(9, 8);False;1;2825
;(5, 8);BreakObject;(9, 8);False;1;2826
;(5, 8);BreakObject;(9, 8);False;1;2827
;(5, 8);BreakObject;(9, 8);False;1;2828
;(5, 8);BreakObject;(9, 8);False;1;2829
;(5, 8);BreakObject;(9, 8);False;1;2830
;(5, 8);BreakObject;(9, 8);False;1;2831
;(5, 8);BreakObject;(9, 8);False;1;2832
;(5, 8);BreakObject;(9, 8);False;1;2833
;(5, 8);BreakObject;(9, 8);False;1;2834
;(5, 8);BreakObject;(9, 8);False;1;2835
;(5, 8);BreakObject;(9, 8);False;1;2836
MoveSouth;(5, 9);;(9, 8);False;1;2837
;(5, 9);MoveSouthWest;(9, 8);False;1;2838
;(5, 9);MoveSouthWest;(9, 8);False;1;2839
;(5, 9);MoveSouthWest;(9, 8);False;1;2840
;(5, 9);MoveSouthWest;(9, 8);False;1;2841
;(5, 9);MoveSouthWest;(9, 8);False;1;2842
;(5, 9);MoveSouthWest;(9, 8);False;1;2843
;(5, 9);MoveSouthWest;(9, 8);False;1;2844
;(5, 9);MoveSouthWest;(9, 8);False;1;2845
MoveSouth;(5, 10);MoveSouthWest;(9, 8);False;1;2846
;(5, 10);MoveSouthWest;(9, 8);False;1;2847
;(5, 10);MoveSouthWest;(8, 9);False;1;2848
;(5, 10);MoveSouth;(8, 9);False;1;2849
;(5, 10);MoveSouth;(8, 9);False;1;2850
;(5, 10);MoveSouth;(8, 9);False;1;2851
;(5, 10);MoveSouth;(8, 9);False;1;2852
;(5, 10);MoveSouth;(8, 9);False;1;2853
;(5, 10);MoveSouth;(8, 9);False;1;2854
;(5, 10);MoveSouth;(8, 9);False;1;2855
MoveEast;(6, 10);MoveSouth;(8, 9);False;1;2856
;(6, 10);MoveSouth;(8, 9);False;1;2857
;(6, 10);MoveSouth;(8, 9);False;1;2858
;(6, 10);MoveSouth;(8, 10);False;1;2859
;(6, 10);BreakObject;(8, 10);False;1;2860
;(6, 10);BreakObject;(8, 10);False;1;2861
;(6, 10);BreakObject;(8, 10);False;1;2862
;(6, 10);BreakObject;(8, 10);False;1;2863
;(6, 10);BreakObject;(8, 10);False;1;2864
;(6, 10);BreakObject;(8, 10);False;1;2865
;(6, 10);BreakObject;(8, 10);False;1;2866
;(6, 10);BreakObject;(8, 10);False;1;2867
;(6, 10);BreakObject;(8, 10);False;1;2868
;(6, 10);BreakObject;(8, 10);False;1;2869
;(6, 10);BreakObject;(8, 10);False;1;2870
;(6, 10);;(8, 10);False;1;2871
;(6, 10);Idle;(8, 10);False;1;2872
;(6, 10);Idle;(8, 10);False;1;2873
;(6, 10);Idle;(8, 10);False;1;2874
;(6, 10);Idle;(8, 10);False;1;2875
;(6, 10);Idle;(8, 10);False;1;2876
;(6, 10);Idle;(8, 10);False;1;2877
;(6, 10);Idle;(8, 10);False;1;2878
MoveNorth;(6, 9);Idle;(8, 10);False;1;2879
;(6, 9);Idle;(8, 10);False;1;2880
;(6, 9);Idle;(8, 10);False;1;2881
;(6, 9);Idle;(8, 10);False;1;2882
;(6, 9);Idle;(8, 10);False;1;2883
;(6, 9);Idle;(8, 10);False;1;2884
;(6, 9);Idle;(8, 10);False;1;2885
;(6, 9);Idle;(8, 10);False;1;2886
;(6, 9);Idle;(8, 10);False;1;2887
;(6, 9);Idle;(8, 10);False;1;2888
;(6, 9);Idle;(8, 10);False;1;2889
MoveNorth;(6, 8);Idle;(8, 10);False;1;2890
;(6, 8);Idle;(8, 10);False;1;2891
;(6, 8);Idle;(8, 10);False;1;2892
;(6, 8);Idle;(8, 10);False;1;2893
;(6, 8);Idle;(8, 10);False;1;2894
MoveEast;(7, 8);Idle;(8, 10);False;1;2895
;(7, 8);Idle;(8, 10);False;1;2896
;(7, 8);Idle;(8, 10);False;1;2897
;(7, 8);Idle;(8, 10);False;1;2898
;(7, 8);Idle;(8, 10);False;1;2899
MoveEast;(8, 8);Idle;(8, 10);False;1;2900
;(8, 8);Idle;(8, 10);False;1;2901
;(8, 8);Idle;(8, 10);False;1;2902
;(8, 8);Idle;(8, 10);False;1;2903
;(8, 8);Idle;(8, 10);False;1;2904
;(8, 8);Idle;(8, 10);False;1;2905
MoveEast;(9, 8);Idle;(8, 10);False;1;2906
;(9, 8);Idle;(8, 10);False;1;2907
;(9, 8);Idle;(8, 10);False;1;2908
;(9, 8);Idle;(8, 10);False;1;2909
;(9, 8);Idle;(8, 10);False;1;2910
;(9, 8);Idle;(8, 10);False;1;2911
;(9, 8);Idle;(8, 10);False;1;2912
;(9, 8);Idle;(8, 10);False;1;2913
;(9, 8);Idle;(8, 10);False;1;2914
;(9, 8);Idle;(8, 10);False;1;2915
;(9, 8);Idle;(8, 10);False;1;2916
;(9, 8);Idle;(8, 10);False;1;2917
;(9, 8);Idle;(8, 10);False;1;2918
;(9, 8);Idle;(8, 10);False;1;2919
;(9, 8);Idle;(8, 10);False;1;2920
;(9, 8);Idle;(8, 10);False;1;2921
;(9, 8);Idle;(8, 10);False;1;2922
;(9, 8);Idle;(8, 10);False;1;2923
;(9, 8);Idle;(8, 10);False;1;2924
;(9, 8);Idle;(8, 10);False;1;2925
;(9, 8);Idle;(8, 10);False;1;2926
;(9, 8);;(8, 10);False;1;2927
;(9, 8);Idle;(8, 10);False;1;2928
;(9, 8);Idle;(8, 10);False;1;2929
;(9, 8);Idle;(8, 10);False;1;2930
;(9, 8);Idle;(8, 10);False;1;2931
;(9, 8);Idle;(8, 10);False;1;2932
;(9, 8);Idle;(8, 10);False;1;2933
;(9, 8);Idle;(8, 10);False;1;2934
;(9, 8);Idle;(8, 10);False;1;2935
;(9, 8);Idle;(8, 10);False;1;2936
;(9, 8);Idle;(8, 10);False;1;2937
;(9, 8);Idle;(8, 10);False;1;2938
;(9, 8);Idle;(8, 10);False;1;2939
;(9, 8);Idle;(8, 10);False;1;2940
GrabObject;(9, 8);Idle;(8, 10);False;1;2941
;(9, 8);Idle;(8, 10);False;1;2942
;(9, 8);Idle;(8, 10);False;1;2943
;(9, 8);Idle;(8, 10);False;1;2944
;(9, 8);Idle;(8, 10);False;1;2945
;(9, 8);Idle;(8, 10);False;1;2946
;(9, 8);Idle;(8, 10);False;1;2947
;(9, 8);Idle;(8, 10);False;1;2948
;(9, 8);Idle;(8, 10);False;1;2949
MoveWest;(8, 8);Idle;(8, 10);False;1;2950
;(8, 8);Idle;(8, 10);False;1;2951
;(8, 8);Idle;(8, 10);False;1;2952
;(8, 8);Idle;(8, 10);False;1;2953
MoveWest;(7, 8);Idle;(8, 10);False;1;2954
;(7, 8);Idle;(8, 10);False;1;2955
;(7, 8);Idle;(8, 10);False;1;2956
MoveWest;(6, 8);Idle;(8, 10);False;1;2957
;(6, 8);Idle;(8, 10);False;1;2958
;(6, 8);Idle;(8, 10);False;1;2959
MoveWest;(5, 8);Idle;(8, 10);False;1;2960
;(5, 8);Idle;(8, 10);False;1;2961
;(5, 8);Idle;(8, 10);False;1;2962
;(5, 8);Idle;(8, 10);False;1;2963
;(5, 8);Idle;(8, 10);False;1;2964
MoveWest;(4, 8);Idle;(8, 10);False;1;2965
;(4, 8);Idle;(8, 10);False;1;2966
;(4, 8);Idle;(8, 10);False;1;2967
;(4, 8);Idle;(8, 10);False;1;2968
;(4, 8);Idle;(8, 10);False;1;2969
DropObject;(4, 8);Idle;(8, 10);False;1;2970
;(4, 8);Idle;(8, 10);False;1;2971
;(4, 8);Idle;(8, 10);False;1;2972
;(4, 8);Idle;(8, 10);False;1;2973
;(4, 8);Idle;(8, 10);False;1;2974
;(4, 8);Idle;(8, 10);False;1;2975
;(4, 8);Idle;(8, 10);False;1;2976
;(4, 8);Idle;(8, 10);False;1;2977
;(4, 8);Idle;(8, 10);False;1;2978
;(4, 8);Idle;(8, 10);False;1;2979
MoveEast;(5, 8);Idle;(8, 10);False;1;2980
;(5, 8);Idle;(8, 10);False;1;2981
;(5, 8);Idle;(8, 10);False;1;2982
;(5, 8);;(8, 10);False;1;2983
MoveEast;(6, 8);Idle;(8, 10);False;1;2984
;(6, 8);Idle;(8, 10);False;1;2985
;(6, 8);Idle;(8, 10);False;1;2986
MoveEast;(7, 8);Idle;(8, 10);False;1;2987
;(7, 8);Idle;(8, 10);False;1;2988
;(7, 8);Idle;(8, 10);False;1;2989
MoveEast;(8, 8);Idle;(8, 10);False;1;2990
;(8, 8);Idle;(8, 10);False;1;2991
;(8, 8);Idle;(8, 10);False;1;2992
MoveEast;(9, 8);Idle;(8, 10);False;1;2993
;(9, 8);Idle;(8, 10);False;1;2994
;(9, 8);Idle;(8, 10);False;1;2995
MoveEast;(10, 8);Idle;(8, 10);False;1;2996
;(10, 8);Idle;(8, 10);False;1;2997
;(10, 8);Idle;(8, 10);False;1;2998
;(10, 8);Idle;(8, 10);False;1;2999
MoveEast;(11, 8);Idle;(8, 10);False;1;3000
;(11, 8);Idle;(8, 10);False;1;3001
;(11, 8);Idle;(8, 10);False;1;3002
;(11, 8);Idle;(8, 10);False;1;3003
;(11, 8);Idle;(8, 10);False;1;3004
;(11, 8);Idle;(8, 10);False;1;3005
;(11, 8);;(8, 10);False;1;3006
DropObject;(11, 8);;(8, 10);False;1;3007
;(11, 8);;(8, 10);False;1;3008
;(11, 8);;(8, 10);False;1;3009
;(11, 8);;(8, 10);False;1;3010
;(11, 8);;(8, 10);False;1;3011
;(11, 8);;(8, 10);False;1;3012
;(11, 8);;(8, 10);False;1;3013
;(11, 8);;(8, 10);False;1;3014
;(11, 8);;(8, 10);False;1;3015
;(11, 8);;(8, 10);False;1;3016
;(11, 8);;(8, 10);False;1;3017
;(11, 8);;(8, 10);False;1;3018
;(11, 8);;(8, 10);False;1;3019
