tick;corrected_tick;remaining_distance;victim_harm;idle_time_robot;q_table_cps;q_table_cps_runs;q_table_basic;world_nr;tick_nr
2207;1808;;600;2;;;"                     Move back and forth  Stand Still    Pick up      Drop      Break
[4, 'equal', False]           -10.793159   -16.562500 -24.094531 -5.275000 -15.430202
[4, 'human', False]            -9.930000    -8.185938  -8.775000 -3.000000  -9.450000
[4, 'human', True]            -12.000000    -3.500000   1.005859  0.000000  -2.000000
[3, 'human', False]           -16.500000    -9.117061  -5.923259 -6.280000  -9.437500
[3, 'human', True]             -9.000000    -3.500000  -0.500000 -3.000000   0.000000
[2, 'human', False]            -9.000000    -3.530478   1.497593 -8.991054  -4.375000
[2, 'human', True]             -3.813402     0.000000   0.000000  0.000000  -3.500000
[4, 'equal', True]             -8.025000    -8.675000  -7.081250 -4.500000  -8.500000
[3, 'equal', False]            -4.000000    -7.275000  -3.625000  0.000000   0.000000
[2, 'equal', False]           -14.000000    -1.135156   0.000000  0.000000   0.500000
[1, 'human', False]            -6.635156    -3.447656  -4.822656 -5.000000  -2.117188
[1, 'human', True]             -7.000000    -3.750000  -2.000000 -6.000000  -2.000000
[4, 'robot', False]            -8.025000    -6.300000  -5.500000 -6.206250  -6.500000
[4, 'robot', True]             -7.000000     0.000000   0.000000  0.000000   0.000000
[3, 'robot', True]             -7.000000    -0.500000   0.000000  0.000000   0.000000
[3, 'robot', False]           -10.000000    -6.775391   0.445312 -5.746875   0.000000
[2, 'robot', False]             0.000000     0.000000   0.000000 -5.500000   0.000000";1;2207
