human_selector_action;human_selector_location;robot_action;robot_location;robot_executing_cp;world_nr;tick_nr
;(3, 4);;(4, 4);False;1;0
MoveSouth;(3, 5);;(4, 4);False;1;1
;(3, 5);MoveEast;(4, 4);False;1;2
;(3, 5);MoveEast;(4, 4);False;1;3
MoveSouth;(3, 6);MoveEast;(4, 4);False;1;4
;(3, 6);MoveEast;(4, 4);False;1;5
;(3, 6);MoveEast;(4, 4);False;1;6
;(3, 6);MoveEast;(4, 4);False;1;7
;(3, 6);MoveEast;(4, 4);False;1;8
;(3, 6);MoveEast;(4, 4);False;1;9
MoveSouth;(3, 7);MoveEast;(4, 4);False;1;10
;(3, 7);MoveEast;(4, 4);False;1;11
;(3, 7);MoveEast;(5, 4);False;1;12
;(3, 7);MoveEast;(5, 4);False;1;13
;(3, 7);MoveEast;(5, 4);False;1;14
MoveEast;(4, 7);MoveEast;(5, 4);False;1;15
;(4, 7);MoveEast;(5, 4);False;1;16
;(4, 7);MoveEast;(5, 4);False;1;17
MoveEast;(5, 7);MoveEast;(5, 4);False;1;18
;(5, 7);MoveEast;(5, 4);False;1;19
MoveEast;(6, 7);MoveEast;(5, 4);False;1;20
;(6, 7);MoveEast;(5, 4);False;1;21
;(6, 7);MoveEast;(5, 4);False;1;22
;(6, 7);MoveEast;(6, 4);False;1;23
;(6, 7);MoveNorthEast;(6, 4);False;1;24
;(6, 7);MoveNorthEast;(6, 4);False;1;25
;(6, 7);MoveNorthEast;(6, 4);False;1;26
;(6, 7);MoveNorthEast;(6, 4);False;1;27
;(6, 7);MoveNorthEast;(6, 4);False;1;28
MoveEast;(7, 7);MoveNorthEast;(6, 4);False;1;29
;(7, 7);MoveNorthEast;(6, 4);False;1;30
;(7, 7);MoveNorthEast;(6, 4);False;1;31
;(7, 7);MoveNorthEast;(6, 4);False;1;32
;(7, 7);MoveNorthEast;(6, 4);False;1;33
;(7, 7);MoveNorthEast;(7, 3);False;1;34
;(7, 7);MoveEast;(7, 3);False;1;35
;(7, 7);MoveEast;(7, 3);False;1;36
;(7, 7);MoveEast;(7, 3);False;1;37
;(7, 7);MoveEast;(7, 3);False;1;38
;(7, 7);MoveEast;(7, 3);False;1;39
;(7, 7);MoveEast;(7, 3);False;1;40
;(7, 7);MoveEast;(7, 3);False;1;41
;(7, 7);MoveEast;(7, 3);False;1;42
;(7, 7);MoveEast;(7, 3);False;1;43
;(7, 7);MoveEast;(7, 3);False;1;44
;(7, 7);MoveEast;(8, 3);False;1;45
;(7, 7);GrabObject;(8, 3);False;1;46
;(7, 7);GrabObject;(8, 3);False;1;47
GrabObject;(7, 7);GrabObject;(8, 3);False;1;48
;(7, 7);GrabObject;(8, 3);False;1;49
;(7, 7);GrabObject;(8, 3);False;1;50
;(7, 7);GrabObject;(8, 3);False;1;51
;(7, 7);GrabObject;(8, 3);False;1;52
;(7, 7);GrabObject;(8, 3);False;1;53
;(7, 7);GrabObject;(8, 3);False;1;54
;(7, 7);GrabObject;(8, 3);False;1;55
MoveEast;(8, 7);GrabObject;(8, 3);False;1;56
;(8, 7);;(8, 3);False;1;57
;(8, 7);MoveWest;(8, 3);False;1;58
;(8, 7);MoveWest;(8, 3);False;1;59
;(8, 7);MoveWest;(8, 3);False;1;60
;(8, 7);MoveWest;(8, 3);False;1;61
;(8, 7);MoveWest;(8, 3);False;1;62
;(8, 7);MoveWest;(8, 3);False;1;63
MoveEast;(9, 7);MoveWest;(8, 3);False;1;64
;(9, 7);MoveWest;(8, 3);False;1;65
MoveEast;(10, 7);MoveWest;(8, 3);False;1;66
;(10, 7);MoveWest;(8, 3);False;1;67
MoveEast;(11, 7);MoveWest;(7, 3);False;1;68
;(11, 7);MoveWest;(7, 3);False;1;69
;(11, 7);MoveWest;(7, 3);False;1;70
MoveEast;(12, 7);MoveWest;(7, 3);False;1;71
;(12, 7);MoveWest;(7, 3);False;1;72
MoveEast;(13, 7);MoveWest;(7, 3);False;1;73
;(13, 7);MoveWest;(7, 3);False;1;74
;(13, 7);MoveWest;(7, 3);False;1;75
MoveEast;(14, 7);MoveWest;(7, 3);False;1;76
;(14, 7);MoveWest;(7, 3);False;1;77
;(14, 7);MoveWest;(7, 3);False;1;78
;(14, 7);MoveWest;(6, 3);False;1;79
;(14, 7);MoveWest;(6, 3);False;1;80
;(14, 7);MoveWest;(6, 3);False;1;81
MoveEast;(15, 7);MoveWest;(6, 3);False;1;82
;(15, 7);MoveWest;(6, 3);False;1;83
;(15, 7);MoveWest;(6, 3);False;1;84
;(15, 7);MoveWest;(6, 3);False;1;85
;(15, 7);MoveWest;(6, 3);False;1;86
DropObject;(15, 7);MoveWest;(6, 3);False;1;87
;(15, 7);MoveWest;(6, 3);False;1;88
;(15, 7);MoveWest;(6, 3);False;1;89
;(15, 7);MoveWest;(5, 3);False;1;90
;(15, 7);MoveWest;(5, 3);False;1;91
;(15, 7);MoveWest;(5, 3);False;1;92
;(15, 7);MoveWest;(5, 3);False;1;93
;(15, 7);MoveWest;(5, 3);False;1;94
;(15, 7);MoveWest;(5, 3);False;1;95
;(15, 7);MoveWest;(5, 3);False;1;96
;(15, 7);MoveWest;(5, 3);False;1;97
;(15, 7);MoveWest;(5, 3);False;1;98
;(15, 7);MoveWest;(5, 3);False;1;99
;(15, 7);MoveWest;(5, 3);False;1;100
;(15, 7);MoveWest;(4, 3);False;1;101
;(15, 7);MoveNorthWest;(4, 3);False;1;102
;(15, 7);MoveNorthWest;(4, 3);False;1;103
;(15, 7);MoveNorthWest;(4, 3);False;1;104
;(15, 7);MoveNorthWest;(4, 3);False;1;105
;(15, 7);MoveNorthWest;(4, 3);False;1;106
;(15, 7);MoveNorthWest;(4, 3);False;1;107
;(15, 7);MoveNorthWest;(4, 3);False;1;108
MoveEast;(16, 7);MoveNorthWest;(4, 3);False;1;109
;(16, 7);MoveNorthWest;(4, 3);False;1;110
;(16, 7);MoveNorthWest;(4, 3);False;1;111
;(16, 7);MoveNorthWest;(3, 2);False;1;112
MoveEast;(17, 7);MoveWest;(3, 2);False;1;113
;(17, 7);MoveWest;(3, 2);False;1;114
;(17, 7);MoveWest;(3, 2);False;1;115
;(17, 7);MoveWest;(3, 2);False;1;116
;(17, 7);MoveWest;(3, 2);False;1;117
;(17, 7);MoveWest;(3, 2);False;1;118
;(17, 7);MoveWest;(3, 2);False;1;119
;(17, 7);MoveWest;(3, 2);False;1;120
;(17, 7);MoveWest;(3, 2);False;1;121
;(17, 7);MoveWest;(3, 2);False;1;122
;(17, 7);MoveWest;(2, 2);False;1;123
;(17, 7);MoveNorthWest;(2, 2);False;1;124
;(17, 7);MoveNorthWest;(2, 2);False;1;125
;(17, 7);MoveNorthWest;(2, 2);False;1;126
;(17, 7);MoveNorthWest;(2, 2);False;1;127
;(17, 7);MoveNorthWest;(2, 2);False;1;128
;(17, 7);MoveNorthWest;(2, 2);False;1;129
;(17, 7);MoveNorthWest;(2, 2);False;1;130
MoveWest;(16, 7);MoveNorthWest;(2, 2);False;1;131
;(16, 7);MoveNorthWest;(2, 2);False;1;132
;(16, 7);MoveNorthWest;(2, 2);False;1;133
MoveWest;(15, 7);MoveNorthWest;(1, 1);False;1;134
;(15, 7);MoveWest;(1, 1);False;1;135
;(15, 7);MoveWest;(1, 1);False;1;136
;(15, 7);MoveWest;(1, 1);False;1;137
MoveWest;(14, 7);MoveWest;(1, 1);False;1;138
;(14, 7);MoveWest;(1, 1);False;1;139
;(14, 7);MoveWest;(1, 1);False;1;140
MoveWest;(13, 7);MoveWest;(1, 1);False;1;141
;(13, 7);MoveWest;(1, 1);False;1;142
;(13, 7);MoveWest;(1, 1);False;1;143
;(13, 7);MoveWest;(1, 1);False;1;144
;(13, 7);MoveWest;(0, 1);False;1;145
MoveNorth;(13, 6);DropObject;(0, 1);False;1;146
;(13, 6);DropObject;(0, 1);False;1;147
;(13, 6);DropObject;(0, 1);False;1;148
;(13, 6);DropObject;(0, 1);False;1;149
;(13, 6);DropObject;(0, 1);False;1;150
MoveNorth;(13, 5);DropObject;(0, 1);False;1;151
;(13, 5);DropObject;(0, 1);False;1;152
;(13, 5);DropObject;(0, 1);False;1;153
;(13, 5);DropObject;(0, 1);False;1;154
MoveWest;(12, 5);DropObject;(0, 1);False;1;155
;(12, 5);DropObject;(0, 1);False;1;156
;(12, 5);;(0, 1);False;1;157
MoveWest;(11, 5);MoveEast;(0, 1);False;1;158
;(11, 5);MoveEast;(0, 1);False;1;159
;(11, 5);MoveEast;(0, 1);False;1;160
;(11, 5);MoveEast;(0, 1);False;1;161
;(11, 5);MoveEast;(0, 1);False;1;162
MoveWest;(10, 5);MoveEast;(0, 1);False;1;163
;(10, 5);MoveEast;(0, 1);False;1;164
;(10, 5);MoveEast;(0, 1);False;1;165
;(10, 5);MoveEast;(0, 1);False;1;166
;(10, 5);MoveEast;(0, 1);False;1;167
;(10, 5);MoveEast;(1, 1);False;1;168
;(10, 5);MoveEast;(1, 1);False;1;169
;(10, 5);MoveEast;(1, 1);False;1;170
;(10, 5);MoveEast;(1, 1);False;1;171
GrabObject;(10, 5);MoveEast;(1, 1);False;1;172
;(10, 5);MoveEast;(1, 1);False;1;173
MoveEast;(11, 5);MoveEast;(1, 1);False;1;174
;(11, 5);MoveEast;(1, 1);False;1;175
MoveEast;(12, 5);MoveEast;(1, 1);False;1;176
;(12, 5);MoveEast;(1, 1);False;1;177
;(12, 5);MoveEast;(1, 1);False;1;178
MoveEast;(13, 5);MoveEast;(2, 1);False;1;179
;(13, 5);MoveEast;(2, 1);False;1;180
;(13, 5);MoveEast;(2, 1);False;1;181
MoveEast;(14, 5);MoveEast;(2, 1);False;1;182
;(14, 5);MoveEast;(2, 1);False;1;183
;(14, 5);MoveEast;(2, 1);False;1;184
MoveEast;(15, 5);MoveEast;(2, 1);False;1;185
;(15, 5);MoveEast;(2, 1);False;1;186
;(15, 5);MoveEast;(2, 1);False;1;187
MoveEast;(16, 5);MoveEast;(2, 1);False;1;188
;(16, 5);MoveEast;(2, 1);False;1;189
MoveEast;(17, 5);MoveEast;(3, 1);False;1;190
;(17, 5);MoveSouthEast;(3, 1);False;1;191
;(17, 5);MoveSouthEast;(3, 1);False;1;192
MoveEast;(18, 5);MoveSouthEast;(3, 1);False;1;193
;(18, 5);MoveSouthEast;(3, 1);False;1;194
;(18, 5);MoveSouthEast;(3, 1);False;1;195
DropObject;(18, 5);MoveSouthEast;(3, 1);False;1;196
;(18, 5);MoveSouthEast;(3, 1);False;1;197
MoveWest;(17, 5);MoveSouthEast;(3, 1);False;1;198
;(17, 5);MoveSouthEast;(3, 1);False;1;199
;(17, 5);MoveSouthEast;(3, 1);False;1;200
MoveWest;(16, 5);MoveSouthEast;(4, 2);False;1;201
;(16, 5);MoveSouthEast;(4, 2);False;1;202
MoveWest;(15, 5);MoveSouthEast;(4, 2);False;1;203
;(15, 5);MoveSouthEast;(4, 2);False;1;204
;(15, 5);MoveSouthEast;(4, 2);False;1;205
MoveWest;(14, 5);MoveSouthEast;(4, 2);False;1;206
;(14, 5);MoveSouthEast;(4, 2);False;1;207
;(14, 5);MoveSouthEast;(4, 2);False;1;208
MoveWest;(13, 5);MoveSouthEast;(4, 2);False;1;209
;(13, 5);MoveSouthEast;(4, 2);False;1;210
MoveWest;(12, 5);MoveSouthEast;(4, 2);False;1;211
;(12, 5);MoveSouthEast;(5, 3);False;1;212
;(12, 5);MoveSouthEast;(5, 3);False;1;213
MoveWest;(11, 5);MoveSouthEast;(5, 3);False;1;214
;(11, 5);MoveSouthEast;(5, 3);False;1;215
;(11, 5);MoveSouthEast;(5, 3);False;1;216
MoveWest;(10, 5);MoveSouthEast;(5, 3);False;1;217
;(10, 5);MoveSouthEast;(5, 3);False;1;218
;(10, 5);MoveSouthEast;(5, 3);False;1;219
MoveWest;(9, 5);MoveSouthEast;(5, 3);False;1;220
;(9, 5);MoveSouthEast;(5, 3);False;1;221
;(9, 5);MoveSouthEast;(5, 3);False;1;222
;(9, 5);MoveSouthEast;(6, 4);False;1;223
;(9, 5);MoveEast;(6, 4);False;1;224
;(9, 5);MoveEast;(6, 4);False;1;225
MoveEast;(10, 5);MoveEast;(6, 4);False;1;226
;(10, 5);MoveEast;(6, 4);False;1;227
;(10, 5);MoveEast;(6, 4);False;1;228
;(10, 5);MoveEast;(6, 4);False;1;229
;(10, 5);MoveEast;(6, 4);False;1;230
;(10, 5);MoveEast;(6, 4);False;1;231
;(10, 5);MoveEast;(6, 4);False;1;232
;(10, 5);MoveEast;(6, 4);False;1;233
;(10, 5);MoveEast;(7, 4);False;1;234
;(10, 5);MoveEast;(7, 4);False;1;235
;(10, 5);MoveEast;(7, 4);False;1;236
;(10, 5);MoveEast;(7, 4);False;1;237
;(10, 5);MoveEast;(7, 4);False;1;238
DropObject;(10, 5);MoveEast;(7, 4);False;1;239
;(10, 5);MoveEast;(7, 4);False;1;240
;(10, 5);MoveEast;(7, 4);False;1;241
;(10, 5);MoveEast;(7, 4);False;1;242
;(10, 5);MoveEast;(7, 4);False;1;243
GrabObject;(10, 5);MoveEast;(7, 4);False;1;244
;(10, 5);MoveEast;(8, 4);False;1;245
;(10, 5);MoveEast;(8, 4);False;1;246
;(10, 5);MoveEast;(8, 4);False;1;247
;(10, 5);MoveEast;(8, 4);False;1;248
MoveEast;(11, 5);MoveEast;(8, 4);False;1;249
;(11, 5);MoveEast;(8, 4);False;1;250
;(11, 5);MoveEast;(8, 4);False;1;251
MoveEast;(12, 5);MoveEast;(8, 4);False;1;252
;(12, 5);MoveEast;(8, 4);False;1;253
;(12, 5);MoveEast;(8, 4);False;1;254
;(12, 5);MoveEast;(8, 4);False;1;255
MoveEast;(13, 5);MoveEast;(9, 4);False;1;256
MoveEast;(14, 5);MoveEast;(9, 4);False;1;257
;(14, 5);MoveEast;(9, 4);False;1;258
;(14, 5);MoveEast;(9, 4);False;1;259
MoveEast;(15, 5);MoveEast;(9, 4);False;1;260
;(15, 5);MoveEast;(9, 4);False;1;261
;(15, 5);MoveEast;(9, 4);False;1;262
MoveEast;(16, 5);MoveEast;(9, 4);False;1;263
;(16, 5);MoveEast;(9, 4);False;1;264
MoveEast;(17, 5);MoveEast;(9, 4);False;1;265
;(17, 5);MoveEast;(9, 4);False;1;266
;(17, 5);MoveEast;(10, 4);False;1;267
MoveEast;(18, 5);GrabObject;(10, 4);False;1;268
;(18, 5);GrabObject;(10, 4);False;1;269
DropObject;(18, 5);GrabObject;(10, 4);False;1;270
;(18, 5);GrabObject;(10, 4);False;1;271
;(18, 5);GrabObject;(10, 4);False;1;272
;(18, 5);GrabObject;(10, 4);False;1;273
;(18, 5);GrabObject;(10, 4);False;1;274
MoveWest;(17, 5);GrabObject;(10, 4);False;1;275
;(17, 5);GrabObject;(10, 4);False;1;276
;(17, 5);GrabObject;(10, 4);False;1;277
;(17, 5);GrabObject;(10, 4);False;1;278
;(17, 5);;(10, 4);False;1;279
MoveWest;(16, 5);MoveSouthEast;(10, 4);False;1;280
;(16, 5);MoveSouthEast;(10, 4);False;1;281
;(16, 5);MoveSouthEast;(10, 4);False;1;282
MoveWest;(15, 5);MoveSouthEast;(10, 4);False;1;283
;(15, 5);MoveSouthEast;(10, 4);False;1;284
;(15, 5);MoveSouthEast;(10, 4);False;1;285
;(15, 5);MoveSouthEast;(10, 4);False;1;286
MoveWest;(14, 5);MoveSouthEast;(10, 4);False;1;287
;(14, 5);MoveSouthEast;(10, 4);False;1;288
;(14, 5);MoveSouthEast;(10, 4);False;1;289
;(14, 5);MoveSouthEast;(11, 5);False;1;290
;(14, 5);MoveSouth;(11, 5);False;1;291
;(14, 5);MoveSouth;(11, 5);False;1;292
MoveSouth;(14, 6);MoveSouth;(11, 5);False;1;293
;(14, 6);MoveSouth;(11, 5);False;1;294
;(14, 6);MoveSouth;(11, 5);False;1;295
;(14, 6);MoveSouth;(11, 5);False;1;296
;(14, 6);MoveSouth;(11, 5);False;1;297
MoveWest;(13, 6);MoveSouth;(11, 5);False;1;298
;(13, 6);MoveSouth;(11, 5);False;1;299
;(13, 6);MoveSouth;(11, 5);False;1;300
;(13, 6);MoveSouth;(11, 6);False;1;301
;(13, 6);MoveSouthEast;(11, 6);False;1;302
;(13, 6);MoveSouthEast;(11, 6);False;1;303
;(13, 6);MoveSouthEast;(11, 6);False;1;304
;(13, 6);MoveSouthEast;(11, 6);False;1;305
;(13, 6);MoveSouthEast;(11, 6);False;1;306
;(13, 6);MoveSouthEast;(11, 6);False;1;307
MoveSouth;(13, 7);MoveSouthEast;(11, 6);False;1;308
;(13, 7);MoveSouthEast;(11, 6);False;1;309
;(13, 7);MoveSouthEast;(11, 6);False;1;310
;(13, 7);MoveSouthEast;(11, 6);False;1;311
;(13, 7);MoveSouthEast;(12, 7);False;1;312
;(13, 7);GrabObject;(12, 7);False;1;313
;(13, 7);GrabObject;(12, 7);False;1;314
;(13, 7);GrabObject;(12, 7);False;1;315
;(13, 7);GrabObject;(12, 7);False;1;316
MoveWest;(12, 7);GrabObject;(12, 7);False;1;317
;(12, 7);GrabObject;(12, 7);False;1;318
;(12, 7);GrabObject;(12, 7);False;1;319
;(12, 7);GrabObject;(12, 7);False;1;320
;(12, 7);GrabObject;(12, 7);False;1;321
;(12, 7);GrabObject;(12, 7);False;1;322
;(12, 7);GrabObject;(12, 7);False;1;323
;(12, 7);;(12, 7);False;1;324
;(12, 7);MoveWest;(12, 7);False;1;325
;(12, 7);MoveWest;(12, 7);False;1;326
;(12, 7);MoveWest;(12, 7);False;1;327
DropObject;(12, 7);MoveWest;(12, 7);False;1;328
;(12, 7);MoveWest;(12, 7);False;1;329
;(12, 7);MoveWest;(12, 7);False;1;330
MoveEast;(13, 7);MoveWest;(12, 7);False;1;331
;(13, 7);MoveWest;(12, 7);False;1;332
;(13, 7);MoveWest;(12, 7);False;1;333
;(13, 7);MoveWest;(12, 7);False;1;334
;(13, 7);MoveWest;(11, 7);False;1;335
;(13, 7);MoveWest;(11, 7);False;1;336
;(13, 7);MoveWest;(11, 7);False;1;337
;(13, 7);MoveWest;(11, 7);False;1;338
;(13, 7);MoveWest;(11, 7);False;1;339
MoveEast;(14, 7);MoveWest;(11, 7);False;1;340
;(14, 7);MoveWest;(11, 7);False;1;341
;(14, 7);MoveWest;(11, 7);False;1;342
;(14, 7);MoveWest;(11, 7);False;1;343
;(14, 7);MoveWest;(11, 7);False;1;344
;(14, 7);MoveWest;(11, 7);False;1;345
;(14, 7);MoveWest;(10, 7);False;1;346
;(14, 7);MoveWest;(10, 7);False;1;347
;(14, 7);MoveWest;(10, 7);False;1;348
;(14, 7);MoveWest;(10, 7);False;1;349
;(14, 7);MoveWest;(10, 7);False;1;350
;(14, 7);MoveWest;(10, 7);False;1;351
MoveSouth;(14, 8);MoveWest;(10, 7);False;1;352
;(14, 8);MoveWest;(10, 7);False;1;353
;(14, 8);MoveWest;(10, 7);False;1;354
MoveSouth;(14, 9);MoveWest;(10, 7);False;1;355
;(14, 9);MoveWest;(10, 7);False;1;356
;(14, 9);MoveWest;(9, 7);False;1;357
MoveWest;(13, 9);MoveWest;(9, 7);False;1;358
;(13, 9);MoveWest;(9, 7);False;1;359
;(13, 9);MoveWest;(9, 7);False;1;360
;(13, 9);MoveWest;(9, 7);False;1;361
;(13, 9);MoveWest;(9, 7);False;1;362
;(13, 9);MoveWest;(9, 7);False;1;363
MoveWest;(12, 9);MoveWest;(9, 7);False;1;364
;(12, 9);MoveWest;(9, 7);False;1;365
;(12, 9);MoveWest;(9, 7);False;1;366
MoveWest;(11, 9);MoveWest;(9, 7);False;1;367
;(11, 9);MoveWest;(8, 7);False;1;368
;(11, 9);MoveSouthWest;(8, 7);False;1;369
MoveWest;(10, 9);MoveSouthWest;(8, 7);False;1;370
;(10, 9);MoveSouthWest;(8, 7);False;1;371
;(10, 9);MoveSouthWest;(8, 7);False;1;372
MoveWest;(9, 9);MoveSouthWest;(8, 7);False;1;373
;(9, 9);MoveSouthWest;(8, 7);False;1;374
;(9, 9);MoveSouthWest;(8, 7);False;1;375
MoveWest;(8, 9);MoveSouthWest;(8, 7);False;1;376
;(8, 9);MoveSouthWest;(8, 7);False;1;377
;(8, 9);MoveSouthWest;(8, 7);False;1;378
MoveWest;(7, 9);MoveSouthWest;(7, 8);False;1;379
;(7, 9);GrabObject;(7, 8);False;1;380
;(7, 9);GrabObject;(7, 8);False;1;381
;(7, 9);GrabObject;(7, 8);False;1;382
;(7, 9);GrabObject;(7, 8);False;1;383
;(7, 9);GrabObject;(7, 8);False;1;384
;(7, 9);GrabObject;(7, 8);False;1;385
;(7, 9);GrabObject;(7, 8);False;1;386
;(7, 9);GrabObject;(7, 8);False;1;387
;(7, 9);GrabObject;(7, 8);False;1;388
;(7, 9);GrabObject;(7, 8);False;1;389
;(7, 9);GrabObject;(7, 8);False;1;390
;(7, 9);;(7, 8);False;1;391
;(7, 9);MoveEast;(7, 8);False;1;392
;(7, 9);MoveEast;(7, 8);False;1;393
;(7, 9);MoveEast;(7, 8);False;1;394
;(7, 9);MoveEast;(7, 8);False;1;395
;(7, 9);MoveEast;(7, 8);False;1;396
;(7, 9);MoveEast;(7, 8);False;1;397
GrabObject;(7, 9);MoveEast;(7, 8);False;1;398
;(7, 9);MoveEast;(7, 8);False;1;399
;(7, 9);MoveEast;(7, 8);False;1;400
;(7, 9);MoveEast;(7, 8);False;1;401
;(7, 9);MoveEast;(8, 8);False;1;402
;(7, 9);MoveEast;(8, 8);False;1;403
;(7, 9);MoveEast;(8, 8);False;1;404
;(7, 9);MoveEast;(8, 8);False;1;405
;(7, 9);MoveEast;(8, 8);False;1;406
;(7, 9);MoveEast;(8, 8);False;1;407
;(7, 9);MoveEast;(8, 8);False;1;408
;(7, 9);MoveEast;(8, 8);False;1;409
;(7, 9);MoveEast;(8, 8);False;1;410
MoveSouth;(7, 10);MoveEast;(8, 8);False;1;411
;(7, 10);MoveEast;(8, 8);False;1;412
;(7, 10);MoveEast;(9, 8);False;1;413
;(7, 10);MoveEast;(9, 8);False;1;414
;(7, 10);MoveEast;(9, 8);False;1;415
;(7, 10);MoveEast;(9, 8);False;1;416
;(7, 10);MoveEast;(9, 8);False;1;417
GrabObject;(7, 10);MoveEast;(9, 8);False;1;418
;(7, 10);MoveEast;(9, 8);False;1;419
;(7, 10);MoveEast;(9, 8);False;1;420
;(7, 10);MoveEast;(9, 8);False;1;421
;(7, 10);MoveEast;(9, 8);False;1;422
;(7, 10);MoveEast;(9, 8);False;1;423
MoveWest;(6, 10);MoveEast;(10, 8);False;1;424
;(6, 10);MoveEast;(10, 8);False;1;425
;(6, 10);MoveEast;(10, 8);False;1;426
;(6, 10);MoveEast;(10, 8);False;1;427
;(6, 10);MoveEast;(10, 8);False;1;428
;(6, 10);MoveEast;(10, 8);False;1;429
;(6, 10);MoveEast;(10, 8);False;1;430
;(6, 10);MoveEast;(10, 8);False;1;431
;(6, 10);MoveEast;(10, 8);False;1;432
;(6, 10);MoveEast;(10, 8);False;1;433
MoveWest;(5, 10);MoveEast;(10, 8);False;1;434
;(5, 10);MoveEast;(11, 8);False;1;435
;(5, 10);MoveEast;(11, 8);False;1;436
;(5, 10);MoveEast;(11, 8);False;1;437
MoveWest;(4, 10);MoveEast;(11, 8);False;1;438
;(4, 10);MoveEast;(11, 8);False;1;439
MoveWest;(3, 10);MoveEast;(11, 8);False;1;440
;(3, 10);MoveEast;(11, 8);False;1;441
;(3, 10);MoveEast;(11, 8);False;1;442
MoveWest;(2, 10);MoveEast;(11, 8);False;1;443
;(2, 10);MoveEast;(11, 8);False;1;444
MoveWest;(1, 10);MoveEast;(11, 8);False;1;445
;(1, 10);MoveEast;(12, 8);False;1;446
;(1, 10);GrabObject;(12, 8);False;1;447
MoveWest;(0, 10);GrabObject;(12, 8);False;1;448
;(0, 10);GrabObject;(12, 8);False;1;449
MoveWest;(0, 10);GrabObject;(12, 8);False;1;450
;(0, 10);GrabObject;(12, 8);False;1;451
;(0, 10);GrabObject;(12, 8);False;1;452
DropObject;(0, 10);GrabObject;(12, 8);False;1;453
;(0, 10);GrabObject;(12, 8);False;1;454
;(0, 10);GrabObject;(12, 8);False;1;455
MoveEast;(1, 10);GrabObject;(12, 8);False;1;456
;(1, 10);GrabObject;(12, 8);False;1;457
;(1, 10);;(12, 8);False;1;458
MoveEast;(2, 10);Idle;(12, 8);False;1;459
;(2, 10);Idle;(12, 8);False;1;460
MoveEast;(3, 10);Idle;(12, 8);False;1;461
;(3, 10);Idle;(12, 8);False;1;462
;(3, 10);Idle;(12, 8);False;1;463
MoveEast;(4, 10);Idle;(12, 8);False;1;464
;(4, 10);Idle;(12, 8);False;1;465
;(4, 10);Idle;(12, 8);False;1;466
MoveEast;(5, 10);Idle;(12, 8);False;1;467
;(5, 10);Idle;(12, 8);False;1;468
MoveEast;(6, 10);Idle;(12, 8);False;1;469
;(6, 10);Idle;(12, 8);False;1;470
;(6, 10);Idle;(12, 8);False;1;471
MoveEast;(7, 10);Idle;(12, 8);False;1;472
;(7, 10);Idle;(12, 8);False;1;473
;(7, 10);Idle;(12, 8);False;1;474
;(7, 10);Idle;(12, 8);False;1;475
;(7, 10);Idle;(12, 8);False;1;476
;(7, 10);Idle;(12, 8);False;1;477
;(7, 10);Idle;(12, 8);False;1;478
;(7, 10);Idle;(12, 8);False;1;479
;(7, 10);Idle;(12, 8);False;1;480
;(7, 10);Idle;(12, 8);False;1;481
MoveNorth;(7, 9);Idle;(12, 8);False;1;482
;(7, 9);Idle;(12, 8);False;1;483
;(7, 9);Idle;(12, 8);False;1;484
;(7, 9);Idle;(12, 8);False;1;485
;(7, 9);Idle;(12, 8);False;1;486
MoveWest;(6, 9);Idle;(12, 8);False;1;487
;(6, 9);Idle;(12, 8);False;1;488
;(6, 9);Idle;(12, 8);False;1;489
;(6, 9);Idle;(12, 8);False;1;490
;(6, 9);Idle;(12, 8);False;1;491
;(6, 9);Idle;(12, 8);False;1;492
;(6, 9);Idle;(12, 8);False;1;493
;(6, 9);Idle;(12, 8);False;1;494
;(6, 9);Idle;(12, 8);False;1;495
;(6, 9);Idle;(12, 8);False;1;496
;(6, 9);Idle;(12, 8);False;1;497
;(6, 9);Idle;(12, 8);False;1;498
;(6, 9);Idle;(12, 8);False;1;499
GrabObject;(6, 9);Idle;(12, 8);False;1;500
;(6, 9);Idle;(12, 8);False;1;501
MoveWest;(5, 9);Idle;(12, 8);False;1;502
;(5, 9);Idle;(12, 8);False;1;503
;(5, 9);Idle;(12, 8);False;1;504
;(5, 9);Idle;(12, 8);False;1;505
MoveWest;(4, 9);Idle;(12, 8);False;1;506
;(4, 9);Idle;(12, 8);False;1;507
MoveWest;(3, 9);Idle;(12, 8);False;1;508
;(3, 9);Idle;(12, 8);False;1;509
;(3, 9);Idle;(12, 8);False;1;510
MoveWest;(2, 9);Idle;(12, 8);False;1;511
;(2, 9);Idle;(12, 8);False;1;512
;(2, 9);Idle;(12, 8);False;1;513
MoveWest;(1, 9);;(12, 8);False;1;514
;(1, 9);MoveEast;(12, 8);False;1;515
;(1, 9);MoveEast;(12, 8);False;1;516
MoveWest;(0, 9);MoveEast;(12, 8);False;1;517
;(0, 9);MoveEast;(12, 8);False;1;518
;(0, 9);MoveEast;(12, 8);False;1;519
MoveWest;(0, 9);MoveEast;(12, 8);False;1;520
;(0, 9);MoveEast;(12, 8);False;1;521
MoveWest;(0, 9);MoveEast;(12, 8);False;1;522
;(0, 9);MoveEast;(12, 8);False;1;523
DropObject;(0, 9);MoveEast;(12, 8);False;1;524
;(0, 9);MoveEast;(13, 8);False;1;525
MoveEast;(1, 9);GrabObject;(13, 8);False;1;526
;(1, 9);GrabObject;(13, 8);False;1;527
;(1, 9);GrabObject;(13, 8);False;1;528
;(1, 9);GrabObject;(13, 8);False;1;529
;(1, 9);GrabObject;(13, 8);False;1;530
;(1, 9);GrabObject;(13, 8);False;1;531
;(1, 9);GrabObject;(13, 8);False;1;532
;(1, 9);GrabObject;(13, 8);False;1;533
;(1, 9);GrabObject;(13, 8);False;1;534
;(1, 9);GrabObject;(13, 8);False;1;535
MoveSouth;(1, 10);GrabObject;(13, 8);False;1;536
;(1, 10);;(13, 8);False;1;537
;(1, 10);MoveNorthEast;(13, 8);False;1;538
MoveSouth;(1, 11);MoveNorthEast;(13, 8);False;1;539
;(1, 11);MoveNorthEast;(13, 8);False;1;540
;(1, 11);MoveNorthEast;(13, 8);False;1;541
;(1, 11);MoveNorthEast;(13, 8);False;1;542
;(1, 11);MoveNorthEast;(13, 8);False;1;543
MoveEast;(2, 11);MoveNorthEast;(13, 8);False;1;544
;(2, 11);MoveNorthEast;(13, 8);False;1;545
;(2, 11);MoveNorthEast;(13, 8);False;1;546
;(2, 11);MoveNorthEast;(13, 8);False;1;547
MoveEast;(3, 11);MoveNorthEast;(14, 7);False;1;548
;(3, 11);MoveEast;(14, 7);False;1;549
;(3, 11);MoveEast;(14, 7);False;1;550
MoveEast;(4, 11);MoveEast;(14, 7);False;1;551
;(4, 11);MoveEast;(14, 7);False;1;552
;(4, 11);MoveEast;(14, 7);False;1;553
;(4, 11);MoveEast;(14, 7);False;1;554
MoveEast;(5, 11);MoveEast;(14, 7);False;1;555
;(5, 11);MoveEast;(14, 7);False;1;556
;(5, 11);MoveEast;(14, 7);False;1;557
;(5, 11);MoveEast;(14, 7);False;1;558
;(5, 11);MoveEast;(15, 7);False;1;559
MoveNorth;(5, 10);MoveNorthEast;(15, 7);False;1;560
;(5, 10);MoveNorthEast;(15, 7);False;1;561
;(5, 10);MoveNorthEast;(15, 7);False;1;562
;(5, 10);MoveNorthEast;(15, 7);False;1;563
;(5, 10);MoveNorthEast;(15, 7);False;1;564
;(5, 10);MoveNorthEast;(15, 7);False;1;565
;(5, 10);MoveNorthEast;(15, 7);False;1;566
;(5, 10);MoveNorthEast;(15, 7);False;1;567
;(5, 10);MoveNorthEast;(15, 7);False;1;568
;(5, 10);MoveNorthEast;(15, 7);False;1;569
;(5, 10);MoveNorthEast;(16, 6);False;1;570
;(5, 10);MoveEast;(16, 6);False;1;571
DropObject;(5, 10);MoveEast;(16, 6);False;1;572
;(5, 10);MoveEast;(16, 6);False;1;573
;(5, 10);MoveEast;(16, 6);False;1;574
;(5, 10);MoveEast;(16, 6);False;1;575
;(5, 10);MoveEast;(16, 6);False;1;576
;(5, 10);MoveEast;(16, 6);False;1;577
;(5, 10);MoveEast;(16, 6);False;1;578
GrabObject;(5, 10);MoveEast;(16, 6);False;1;579
;(5, 10);MoveEast;(16, 6);False;1;580
;(5, 10);MoveEast;(17, 6);False;1;581
;(5, 10);DropObject;(17, 6);False;1;582
;(5, 10);DropObject;(17, 6);False;1;583
;(5, 10);DropObject;(17, 6);False;1;584
;(5, 10);DropObject;(17, 6);False;1;585
;(5, 10);DropObject;(17, 6);False;1;586
;(5, 10);DropObject;(17, 6);False;1;587
;(5, 10);DropObject;(17, 6);False;1;588
MoveEast;(6, 10);DropObject;(17, 6);False;1;589
;(6, 10);DropObject;(17, 6);False;1;590
;(6, 10);DropObject;(17, 6);False;1;591
MoveWest;(5, 10);DropObject;(17, 6);False;1;592
;(5, 10);DropObject;(17, 6);False;1;593
;(5, 10);DropObject;(17, 6);False;1;594
MoveWest;(4, 10);DropObject;(17, 6);False;1;595
;(4, 10);DropObject;(17, 6);False;1;596
;(4, 10);DropObject;(17, 6);False;1;597
MoveWest;(3, 10);DropObject;(17, 6);False;1;598
;(3, 10);DropObject;(17, 6);False;1;599
;(3, 10);DropObject;(17, 6);False;1;600
MoveWest;(2, 10);DropObject;(17, 6);False;1;601
;(2, 10);DropObject;(17, 6);False;1;602
MoveWest;(1, 10);DropObject;(17, 6);False;1;603
;(1, 10);DropObject;(17, 6);False;1;604
;(1, 10);DropObject;(17, 6);False;1;605
MoveWest;(0, 10);DropObject;(17, 6);False;1;606
;(0, 10);DropObject;(17, 6);False;1;607
;(0, 10);DropObject;(17, 6);False;1;608
MoveWest;(0, 10);DropObject;(17, 6);False;1;609
;(0, 10);DropObject;(17, 6);False;1;610
MoveWest;(0, 10);DropObject;(17, 6);False;1;611
;(0, 10);DropObject;(17, 6);False;1;612
;(0, 10);DropObject;(17, 6);False;1;613
;(0, 10);DropObject;(17, 6);False;1;614
;(0, 10);DropObject;(17, 6);False;1;615
DropObject;(0, 10);DropObject;(17, 6);False;1;616
;(0, 10);DropObject;(17, 6);False;1;617
;(0, 10);DropObject;(17, 6);False;1;618
;(0, 10);DropObject;(17, 6);False;1;619
MoveEast;(1, 10);DropObject;(17, 6);False;1;620
;(1, 10);DropObject;(17, 6);False;1;621
;(1, 10);DropObject;(17, 6);False;1;622
;(1, 10);DropObject;(17, 6);False;1;623
;(1, 10);DropObject;(17, 6);False;1;624
MoveEast;(2, 10);DropObject;(17, 6);False;1;625
;(2, 10);;(17, 6);False;1;626
;(2, 10);MoveEast;(17, 6);False;1;627
MoveEast;(3, 10);MoveEast;(17, 6);False;1;628
;(3, 10);MoveEast;(17, 6);False;1;629
;(3, 10);MoveEast;(17, 6);False;1;630
MoveEast;(4, 10);MoveEast;(17, 6);False;1;631
;(4, 10);MoveEast;(17, 6);False;1;632
;(4, 10);MoveEast;(17, 6);False;1;633
MoveEast;(5, 10);MoveEast;(17, 6);False;1;634
;(5, 10);MoveEast;(17, 6);False;1;635
;(5, 10);MoveEast;(17, 6);False;1;636
MoveEast;(6, 10);MoveEast;(18, 6);False;1;637
;(6, 10);MoveEast;(18, 6);False;1;638
MoveEast;(7, 10);MoveEast;(18, 6);False;1;639
;(7, 10);MoveEast;(18, 6);False;1;640
MoveEast;(8, 10);MoveEast;(18, 6);False;1;641
;(8, 10);MoveEast;(18, 6);False;1;642
;(8, 10);MoveEast;(18, 6);False;1;643
MoveEast;(9, 10);MoveEast;(18, 6);False;1;644
;(9, 10);MoveEast;(18, 6);False;1;645
;(9, 10);MoveEast;(18, 6);False;1;646
MoveEast;(10, 10);MoveEast;(18, 6);False;1;647
;(10, 10);MoveEast;(19, 6);False;1;648
;(10, 10);MoveWest;(19, 6);False;1;649
MoveNorth;(10, 9);MoveWest;(19, 6);False;1;650
;(10, 9);MoveWest;(19, 6);False;1;651
;(10, 9);MoveWest;(19, 6);False;1;652
;(10, 9);MoveWest;(19, 6);False;1;653
;(10, 9);MoveWest;(19, 6);False;1;654
;(10, 9);MoveWest;(19, 6);False;1;655
MoveEast;(11, 9);MoveWest;(19, 6);False;1;656
;(11, 9);MoveWest;(19, 6);False;1;657
;(11, 9);MoveWest;(19, 6);False;1;658
;(11, 9);MoveWest;(18, 6);False;1;659
;(11, 9);MoveWest;(18, 6);False;1;660
;(11, 9);MoveWest;(18, 6);False;1;661
MoveSouth;(11, 10);MoveWest;(18, 6);False;1;662
;(11, 10);MoveWest;(18, 6);False;1;663
;(11, 10);MoveWest;(18, 6);False;1;664
;(11, 10);MoveWest;(18, 6);False;1;665
;(11, 10);MoveWest;(18, 6);False;1;666
;(11, 10);MoveWest;(18, 6);False;1;667
;(11, 10);MoveWest;(18, 6);False;1;668
;(11, 10);MoveWest;(18, 6);False;1;669
;(11, 10);MoveWest;(17, 6);False;1;670
MoveWest;(10, 10);MoveEast;(17, 6);False;1;671
;(10, 10);MoveEast;(17, 6);False;1;672
;(10, 10);MoveEast;(17, 6);False;1;673
;(10, 10);MoveEast;(17, 6);False;1;674
MoveNorth;(10, 9);MoveEast;(17, 6);False;1;675
;(10, 9);MoveEast;(17, 6);False;1;676
;(10, 9);MoveEast;(17, 6);False;1;677
;(10, 9);MoveEast;(17, 6);False;1;678
;(10, 9);MoveEast;(17, 6);False;1;679
;(10, 9);MoveEast;(17, 6);False;1;680
;(10, 9);MoveEast;(18, 6);False;1;681
;(10, 9);MoveEast;(18, 6);False;1;682
;(10, 9);MoveEast;(18, 6);False;1;683
;(10, 9);MoveEast;(18, 6);False;1;684
GrabObject;(10, 9);MoveEast;(18, 6);False;1;685
;(10, 9);MoveEast;(18, 6);False;1;686
;(10, 9);MoveEast;(18, 6);False;1;687
;(10, 9);MoveEast;(18, 6);False;1;688
;(10, 9);MoveEast;(18, 6);False;1;689
;(10, 9);MoveEast;(18, 6);False;1;690
;(10, 9);MoveEast;(18, 6);False;1;691
MoveEast;(11, 9);MoveEast;(19, 6);False;1;692
;(11, 9);MoveWest;(19, 6);False;1;693
;(11, 9);MoveWest;(19, 6);False;1;694
MoveEast;(12, 9);MoveWest;(19, 6);False;1;695
;(12, 9);MoveWest;(19, 6);False;1;696
;(12, 9);MoveWest;(19, 6);False;1;697
MoveEast;(13, 9);MoveWest;(19, 6);False;1;698
;(13, 9);MoveWest;(19, 6);False;1;699
MoveEast;(14, 9);MoveWest;(19, 6);False;1;700
;(14, 9);MoveWest;(19, 6);False;1;701
;(14, 9);MoveWest;(19, 6);False;1;702
MoveEast;(15, 9);MoveWest;(18, 6);False;1;703
;(15, 9);MoveWest;(18, 6);False;1;704
;(15, 9);MoveWest;(18, 6);False;1;705
MoveEast;(16, 9);MoveWest;(18, 6);False;1;706
;(16, 9);MoveWest;(18, 6);False;1;707
;(16, 9);MoveWest;(18, 6);False;1;708
MoveEast;(17, 9);MoveWest;(18, 6);False;1;709
;(17, 9);MoveWest;(18, 6);False;1;710
;(17, 9);MoveWest;(18, 6);False;1;711
;(17, 9);MoveWest;(18, 6);False;1;712
DropObject;(17, 9);MoveWest;(18, 6);False;1;713
;(17, 9);MoveWest;(17, 6);False;1;714
;(17, 9);MoveEast;(17, 6);False;1;715
MoveWest;(16, 9);MoveEast;(17, 6);False;1;716
;(16, 9);MoveEast;(17, 6);False;1;717
;(16, 9);MoveEast;(17, 6);False;1;718
MoveWest;(15, 9);MoveEast;(17, 6);False;1;719
;(15, 9);MoveEast;(17, 6);False;1;720
MoveWest;(14, 9);MoveEast;(17, 6);False;1;721
;(14, 9);MoveEast;(17, 6);False;1;722
;(14, 9);MoveEast;(17, 6);False;1;723
;(14, 9);MoveEast;(17, 6);False;1;724
MoveWest;(13, 9);MoveEast;(18, 6);False;1;725
;(13, 9);MoveEast;(18, 6);False;1;726
MoveWest;(12, 9);MoveEast;(18, 6);False;1;727
;(12, 9);MoveEast;(18, 6);False;1;728
;(12, 9);MoveEast;(18, 6);False;1;729
;(12, 9);MoveEast;(18, 6);False;1;730
;(12, 9);MoveEast;(18, 6);False;1;731
;(12, 9);MoveEast;(18, 6);False;1;732
MoveWest;(11, 9);MoveEast;(18, 6);False;1;733
;(11, 9);MoveEast;(18, 6);False;1;734
;(11, 9);MoveEast;(18, 6);False;1;735
;(11, 9);MoveEast;(19, 6);False;1;736
MoveNorth;(11, 8);MoveWest;(19, 6);False;1;737
;(11, 8);MoveWest;(19, 6);False;1;738
;(11, 8);MoveWest;(19, 6);False;1;739
;(11, 8);MoveWest;(19, 6);False;1;740
;(11, 8);MoveWest;(19, 6);False;1;741
;(11, 8);MoveWest;(19, 6);False;1;742
;(11, 8);MoveWest;(19, 6);False;1;743
MoveNorth;(11, 7);MoveWest;(19, 6);False;1;744
;(11, 7);MoveWest;(19, 6);False;1;745
;(11, 7);MoveWest;(19, 6);False;1;746
;(11, 7);MoveWest;(18, 6);False;1;747
;(11, 7);MoveWest;(18, 6);False;1;748
;(11, 7);MoveWest;(18, 6);False;1;749
;(11, 7);MoveWest;(18, 6);False;1;750
;(11, 7);MoveWest;(18, 6);False;1;751
;(11, 7);MoveWest;(18, 6);False;1;752
;(11, 7);MoveWest;(18, 6);False;1;753
;(11, 7);MoveWest;(18, 6);False;1;754
;(11, 7);MoveWest;(18, 6);False;1;755
;(11, 7);MoveWest;(18, 6);False;1;756
;(11, 7);MoveWest;(18, 6);False;1;757
;(11, 7);MoveWest;(17, 6);False;1;758
;(11, 7);;(17, 6);False;1;759
GrabObject;(11, 7);MoveEast;(17, 6);False;1;760
;(11, 7);MoveEast;(17, 6);False;1;761
;(11, 7);MoveEast;(17, 6);False;1;762
;(11, 7);MoveEast;(17, 6);False;1;763
;(11, 7);MoveEast;(17, 6);False;1;764
;(11, 7);MoveEast;(17, 6);False;1;765
;(11, 7);MoveEast;(17, 6);False;1;766
;(11, 7);MoveEast;(17, 6);False;1;767
;(11, 7);MoveEast;(17, 6);False;1;768
;(11, 7);MoveEast;(17, 6);False;1;769
GrabObject;(11, 7);MoveEast;(18, 6);False;1;770
;(11, 7);MoveEast;(18, 6);False;1;771
;(11, 7);MoveEast;(18, 6);False;1;772
;(11, 7);MoveEast;(18, 6);False;1;773
;(11, 7);MoveEast;(18, 6);False;1;774
;(11, 7);MoveEast;(18, 6);False;1;775
;(11, 7);MoveEast;(18, 6);False;1;776
;(11, 7);MoveEast;(18, 6);False;1;777
MoveWest;(10, 7);MoveEast;(18, 6);False;1;778
;(10, 7);MoveEast;(18, 6);False;1;779
;(10, 7);MoveEast;(18, 6);False;1;780
;(10, 7);MoveEast;(19, 6);False;1;781
MoveWest;(9, 7);MoveWest;(19, 6);False;1;782
;(9, 7);MoveWest;(19, 6);False;1;783
;(9, 7);MoveWest;(19, 6);False;1;784
;(9, 7);MoveWest;(19, 6);False;1;785
;(9, 7);MoveWest;(19, 6);False;1;786
;(9, 7);MoveWest;(19, 6);False;1;787
;(9, 7);MoveWest;(19, 6);False;1;788
MoveSouth;(9, 8);MoveWest;(19, 6);False;1;789
;(9, 8);MoveWest;(19, 6);False;1;790
;(9, 8);MoveWest;(19, 6);False;1;791
;(9, 8);MoveWest;(18, 6);False;1;792
MoveSouth;(9, 9);MoveWest;(18, 6);False;1;793
;(9, 9);MoveWest;(18, 6);False;1;794
;(9, 9);MoveWest;(18, 6);False;1;795
;(9, 9);MoveWest;(18, 6);False;1;796
;(9, 9);MoveWest;(18, 6);False;1;797
;(9, 9);MoveWest;(18, 6);False;1;798
;(9, 9);MoveWest;(18, 6);False;1;799
MoveWest;(8, 9);MoveWest;(18, 6);False;1;800
;(8, 9);MoveWest;(18, 6);False;1;801
;(8, 9);MoveWest;(18, 6);False;1;802
;(8, 9);MoveWest;(17, 6);False;1;803
;(8, 9);MoveEast;(17, 6);False;1;804
;(8, 9);MoveEast;(17, 6);False;1;805
MoveWest;(7, 9);MoveEast;(17, 6);False;1;806
;(7, 9);MoveEast;(17, 6);False;1;807
;(7, 9);MoveEast;(17, 6);False;1;808
;(7, 9);MoveEast;(17, 6);False;1;809
;(7, 9);MoveEast;(17, 6);False;1;810
;(7, 9);MoveEast;(17, 6);False;1;811
;(7, 9);MoveEast;(17, 6);False;1;812
MoveSouth;(7, 10);MoveEast;(17, 6);False;1;813
;(7, 10);MoveEast;(18, 6);False;1;814
;(7, 10);MoveEast;(18, 6);False;1;815
;(7, 10);MoveEast;(18, 6);False;1;816
;(7, 10);MoveEast;(18, 6);False;1;817
;(7, 10);MoveEast;(18, 6);False;1;818
;(7, 10);MoveEast;(18, 6);False;1;819
;(7, 10);MoveEast;(18, 6);False;1;820
;(7, 10);MoveEast;(18, 6);False;1;821
;(7, 10);MoveEast;(18, 6);False;1;822
;(7, 10);MoveEast;(18, 6);False;1;823
;(7, 10);MoveEast;(18, 6);False;1;824
;(7, 10);MoveEast;(19, 6);False;1;825
;(7, 10);MoveWest;(19, 6);False;1;826
;(7, 10);MoveWest;(19, 6);False;1;827
;(7, 10);MoveWest;(19, 6);False;1;828
;(7, 10);MoveWest;(19, 6);False;1;829
;(7, 10);MoveWest;(19, 6);False;1;830
;(7, 10);MoveWest;(19, 6);False;1;831
;(7, 10);MoveWest;(19, 6);False;1;832
MoveEast;(8, 10);MoveWest;(19, 6);False;1;833
;(8, 10);MoveWest;(19, 6);False;1;834
;(8, 10);MoveWest;(19, 6);False;1;835
;(8, 10);MoveWest;(18, 6);False;1;836
;(8, 10);MoveWest;(18, 6);False;1;837
;(8, 10);MoveWest;(18, 6);False;1;838
;(8, 10);MoveWest;(18, 6);False;1;839
;(8, 10);MoveWest;(18, 6);False;1;840
;(8, 10);MoveWest;(18, 6);False;1;841
;(8, 10);MoveWest;(18, 6);False;1;842
;(8, 10);MoveWest;(18, 6);False;1;843
;(8, 10);MoveWest;(18, 6);False;1;844
;(8, 10);MoveWest;(18, 6);False;1;845
;(8, 10);MoveWest;(18, 6);False;1;846
;(8, 10);MoveWest;(17, 6);False;1;847
GrabObject;(8, 10);MoveEast;(17, 6);False;1;848
;(8, 10);MoveEast;(17, 6);False;1;849
;(8, 10);MoveEast;(17, 6);False;1;850
;(8, 10);MoveEast;(17, 6);False;1;851
;(8, 10);MoveEast;(17, 6);False;1;852
;(8, 10);MoveEast;(17, 6);False;1;853
MoveWest;(7, 10);MoveEast;(17, 6);False;1;854
;(7, 10);MoveEast;(17, 6);False;1;855
;(7, 10);MoveEast;(17, 6);False;1;856
;(7, 10);MoveEast;(17, 6);False;1;857
;(7, 10);MoveEast;(18, 6);False;1;858
MoveWest;(6, 10);MoveEast;(18, 6);False;1;859
;(6, 10);MoveEast;(18, 6);False;1;860
MoveWest;(5, 10);MoveEast;(18, 6);False;1;861
;(5, 10);MoveEast;(18, 6);False;1;862
;(5, 10);MoveEast;(18, 6);False;1;863
MoveWest;(4, 10);MoveEast;(18, 6);False;1;864
;(4, 10);MoveEast;(18, 6);False;1;865
;(4, 10);MoveEast;(18, 6);False;1;866
MoveWest;(3, 10);MoveEast;(18, 6);False;1;867
;(3, 10);MoveEast;(18, 6);False;1;868
;(3, 10);MoveEast;(19, 6);False;1;869
MoveWest;(2, 10);MoveWest;(19, 6);False;1;870
;(2, 10);MoveWest;(19, 6);False;1;871
MoveWest;(1, 10);MoveWest;(19, 6);False;1;872
;(1, 10);MoveWest;(19, 6);False;1;873
;(1, 10);MoveWest;(19, 6);False;1;874
MoveWest;(0, 10);MoveWest;(19, 6);False;1;875
;(0, 10);MoveWest;(19, 6);False;1;876
DropObject;(0, 10);MoveWest;(19, 6);False;1;877
;(0, 10);MoveWest;(19, 6);False;1;878
;(0, 10);MoveWest;(19, 6);False;1;879
;(0, 10);MoveWest;(18, 6);False;1;880
MoveEast;(1, 10);MoveWest;(18, 6);False;1;881
;(1, 10);MoveWest;(18, 6);False;1;882
;(1, 10);MoveWest;(18, 6);False;1;883
MoveEast;(2, 10);MoveWest;(18, 6);False;1;884
;(2, 10);MoveWest;(18, 6);False;1;885
;(2, 10);MoveWest;(18, 6);False;1;886
MoveEast;(3, 10);MoveWest;(18, 6);False;1;887
;(3, 10);MoveWest;(18, 6);False;1;888
;(3, 10);MoveWest;(18, 6);False;1;889
MoveEast;(4, 10);MoveWest;(18, 6);False;1;890
;(4, 10);MoveWest;(17, 6);False;1;891
;(4, 10);;(17, 6);False;1;892
MoveEast;(5, 10);MoveEast;(17, 6);False;1;893
;(5, 10);MoveEast;(17, 6);False;1;894
;(5, 10);MoveEast;(17, 6);False;1;895
MoveEast;(6, 10);MoveEast;(17, 6);False;1;896
;(6, 10);MoveEast;(17, 6);False;1;897
MoveEast;(7, 10);MoveEast;(17, 6);False;1;898
;(7, 10);MoveEast;(17, 6);False;1;899
;(7, 10);MoveEast;(17, 6);False;1;900
MoveEast;(8, 10);MoveEast;(17, 6);False;1;901
;(8, 10);MoveEast;(17, 6);False;1;902
;(8, 10);MoveEast;(18, 6);False;1;903
MoveEast;(9, 10);MoveEast;(18, 6);False;1;904
;(9, 10);MoveEast;(18, 6);False;1;905
;(9, 10);MoveEast;(18, 6);False;1;906
;(9, 10);MoveEast;(18, 6);False;1;907
;(9, 10);MoveEast;(18, 6);False;1;908
;(9, 10);MoveEast;(18, 6);False;1;909
;(9, 10);MoveEast;(18, 6);False;1;910
MoveEast;(10, 10);MoveEast;(18, 6);False;1;911
;(10, 10);MoveEast;(18, 6);False;1;912
;(10, 10);MoveEast;(18, 6);False;1;913
;(10, 10);MoveEast;(19, 6);False;1;914
;(10, 10);MoveWest;(19, 6);False;1;915
;(10, 10);MoveWest;(19, 6);False;1;916
;(10, 10);MoveWest;(19, 6);False;1;917
;(10, 10);MoveWest;(19, 6);False;1;918
;(10, 10);MoveWest;(19, 6);False;1;919
;(10, 10);MoveWest;(19, 6);False;1;920
;(10, 10);MoveWest;(19, 6);False;1;921
;(10, 10);MoveWest;(19, 6);False;1;922
;(10, 10);MoveWest;(19, 6);False;1;923
;(10, 10);MoveWest;(19, 6);False;1;924
GrabObject;(10, 10);MoveWest;(18, 6);False;1;925
;(10, 10);MoveWest;(18, 6);False;1;926
;(10, 10);MoveWest;(18, 6);False;1;927
;(10, 10);MoveWest;(18, 6);False;1;928
MoveEast;(11, 10);MoveWest;(18, 6);False;1;929
;(11, 10);MoveWest;(18, 6);False;1;930
;(11, 10);MoveWest;(18, 6);False;1;931
MoveEast;(12, 10);MoveWest;(18, 6);False;1;932
;(12, 10);MoveWest;(18, 6);False;1;933
;(12, 10);MoveWest;(18, 6);False;1;934
MoveEast;(13, 10);MoveWest;(18, 6);False;1;935
;(13, 10);MoveWest;(17, 6);False;1;936
MoveEast;(14, 10);MoveEast;(17, 6);False;1;937
;(14, 10);MoveEast;(17, 6);False;1;938
;(14, 10);MoveEast;(17, 6);False;1;939
MoveEast;(15, 10);MoveEast;(17, 6);False;1;940
;(15, 10);MoveEast;(17, 6);False;1;941
;(15, 10);MoveEast;(17, 6);False;1;942
MoveEast;(16, 10);MoveEast;(17, 6);False;1;943
;(16, 10);MoveEast;(17, 6);False;1;944
;(16, 10);MoveEast;(17, 6);False;1;945
MoveEast;(17, 10);MoveEast;(17, 6);False;1;946
;(17, 10);MoveEast;(18, 6);False;1;947
DropObject;(17, 10);MoveEast;(18, 6);False;1;948
;(17, 10);MoveEast;(18, 6);False;1;949
;(17, 10);MoveEast;(18, 6);False;1;950
MoveWest;(16, 10);MoveEast;(18, 6);False;1;951
;(16, 10);MoveEast;(18, 6);False;1;952
;(16, 10);MoveEast;(18, 6);False;1;953
;(16, 10);MoveEast;(18, 6);False;1;954
MoveWest;(15, 10);MoveEast;(18, 6);False;1;955
;(15, 10);MoveEast;(18, 6);False;1;956
;(15, 10);MoveEast;(18, 6);False;1;957
MoveWest;(14, 10);MoveEast;(19, 6);False;1;958
;(14, 10);MoveWest;(19, 6);False;1;959
;(14, 10);MoveWest;(19, 6);False;1;960
MoveWest;(13, 10);MoveWest;(19, 6);False;1;961
;(13, 10);MoveWest;(19, 6);False;1;962
;(13, 10);MoveWest;(19, 6);False;1;963
;(13, 10);MoveWest;(19, 6);False;1;964
;(13, 10);MoveWest;(19, 6);False;1;965
;(13, 10);MoveWest;(19, 6);False;1;966
;(13, 10);MoveWest;(19, 6);False;1;967
;(13, 10);MoveWest;(19, 6);False;1;968
;(13, 10);MoveWest;(18, 6);False;1;969
;(13, 10);MoveWest;(18, 6);False;1;970
;(13, 10);MoveWest;(18, 6);False;1;971
;(13, 10);MoveWest;(18, 6);False;1;972
;(13, 10);MoveWest;(18, 6);False;1;973
;(13, 10);MoveWest;(18, 6);False;1;974
;(13, 10);MoveWest;(18, 6);False;1;975
;(13, 10);MoveWest;(18, 6);False;1;976
;(13, 10);MoveWest;(18, 6);False;1;977
;(13, 10);MoveWest;(18, 6);False;1;978
MoveNorth;(13, 9);MoveWest;(18, 6);False;1;979
;(13, 9);MoveWest;(17, 6);False;1;980
;(13, 9);MoveEast;(17, 6);False;1;981
;(13, 9);MoveEast;(17, 6);False;1;982
;(13, 9);MoveEast;(17, 6);False;1;983
;(13, 9);MoveEast;(17, 6);False;1;984
;(13, 9);MoveEast;(17, 6);False;1;985
;(13, 9);MoveEast;(17, 6);False;1;986
;(13, 9);MoveEast;(17, 6);False;1;987
;(13, 9);MoveEast;(17, 6);False;1;988
;(13, 9);MoveEast;(17, 6);False;1;989
;(13, 9);MoveEast;(17, 6);False;1;990
MoveSouth;(13, 10);MoveEast;(18, 6);False;1;991
;(13, 10);MoveEast;(18, 6);False;1;992
;(13, 10);MoveEast;(18, 6);False;1;993
;(13, 10);MoveEast;(18, 6);False;1;994
;(13, 10);MoveEast;(18, 6);False;1;995
;(13, 10);MoveEast;(18, 6);False;1;996
;(13, 10);MoveEast;(18, 6);False;1;997
;(13, 10);MoveEast;(18, 6);False;1;998
;(13, 10);MoveEast;(18, 6);False;1;999
;(13, 10);MoveEast;(18, 6);False;1;1000
;(13, 10);MoveEast;(18, 6);False;1;1001
;(13, 10);MoveEast;(19, 6);False;1;1002
;(13, 10);MoveWest;(19, 6);False;1;1003
;(13, 10);MoveWest;(19, 6);False;1;1004
;(13, 10);MoveWest;(19, 6);False;1;1005
GrabObject;(13, 10);MoveWest;(19, 6);False;1;1006
;(13, 10);MoveWest;(19, 6);False;1;1007
;(13, 10);MoveWest;(19, 6);False;1;1008
GrabObject;(13, 10);MoveWest;(19, 6);False;1;1009
;(13, 10);MoveWest;(19, 6);False;1;1010
;(13, 10);MoveWest;(19, 6);False;1;1011
;(13, 10);MoveWest;(19, 6);False;1;1012
GrabObject;(13, 10);MoveWest;(18, 6);False;1;1013
;(13, 10);MoveWest;(18, 6);False;1;1014
;(13, 10);MoveWest;(18, 6);False;1;1015
;(13, 10);MoveWest;(18, 6);False;1;1016
MoveNorth;(13, 9);MoveWest;(18, 6);False;1;1017
;(13, 9);MoveWest;(18, 6);False;1;1018
;(13, 9);MoveWest;(18, 6);False;1;1019
MoveNorth;(13, 8);MoveWest;(18, 6);False;1;1020
;(13, 8);MoveWest;(18, 6);False;1;1021
;(13, 8);MoveWest;(18, 6);False;1;1022
;(13, 8);MoveWest;(18, 6);False;1;1023
;(13, 8);MoveWest;(17, 6);False;1;1024
;(13, 8);;(17, 6);False;1;1025
;(13, 8);Idle;(17, 6);False;1;1026
;(13, 8);Idle;(17, 6);False;1;1027
MoveWest;(12, 8);Idle;(17, 6);False;1;1028
;(12, 8);Idle;(17, 6);False;1;1029
;(12, 8);Idle;(17, 6);False;1;1030
;(12, 8);Idle;(17, 6);False;1;1031
;(12, 8);Idle;(17, 6);False;1;1032
;(12, 8);Idle;(17, 6);False;1;1033
;(12, 8);Idle;(17, 6);False;1;1034
;(12, 8);Idle;(17, 6);False;1;1035
;(12, 8);Idle;(17, 6);False;1;1036
;(12, 8);Idle;(17, 6);False;1;1037
MoveWest;(11, 8);Idle;(17, 6);False;1;1038
;(11, 8);Idle;(17, 6);False;1;1039
;(11, 8);Idle;(17, 6);False;1;1040
;(11, 8);Idle;(17, 6);False;1;1041
;(11, 8);Idle;(17, 6);False;1;1042
;(11, 8);Idle;(17, 6);False;1;1043
;(11, 8);Idle;(17, 6);False;1;1044
;(11, 8);Idle;(17, 6);False;1;1045
;(11, 8);Idle;(17, 6);False;1;1046
;(11, 8);Idle;(17, 6);False;1;1047
;(11, 8);Idle;(17, 6);False;1;1048
;(11, 8);Idle;(17, 6);False;1;1049
;(11, 8);Idle;(17, 6);False;1;1050
;(11, 8);Idle;(17, 6);False;1;1051
;(11, 8);Idle;(17, 6);False;1;1052
;(11, 8);Idle;(17, 6);False;1;1053
GrabObject;(11, 8);Idle;(17, 6);False;1;1054
;(11, 8);Idle;(17, 6);False;1;1055
;(11, 8);Idle;(17, 6);False;1;1056
;(11, 8);Idle;(17, 6);False;1;1057
;(11, 8);Idle;(17, 6);False;1;1058
GrabObject;(11, 8);Idle;(17, 6);False;1;1059
;(11, 8);Idle;(17, 6);False;1;1060
;(11, 8);Idle;(17, 6);False;1;1061
;(11, 8);Idle;(17, 6);False;1;1062
;(11, 8);Idle;(17, 6);False;1;1063
;(11, 8);Idle;(17, 6);False;1;1064
MoveSouth;(11, 9);Idle;(17, 6);False;1;1065
;(11, 9);Idle;(17, 6);False;1;1066
;(11, 9);Idle;(17, 6);False;1;1067
;(11, 9);Idle;(17, 6);False;1;1068
;(11, 9);Idle;(17, 6);False;1;1069
MoveSouth;(11, 10);Idle;(17, 6);False;1;1070
;(11, 10);Idle;(17, 6);False;1;1071
;(11, 10);Idle;(17, 6);False;1;1072
;(11, 10);Idle;(17, 6);False;1;1073
MoveWest;(10, 10);Idle;(17, 6);False;1;1074
;(10, 10);Idle;(17, 6);False;1;1075
;(10, 10);Idle;(17, 6);False;1;1076
MoveWest;(9, 10);Idle;(17, 6);False;1;1077
;(9, 10);Idle;(17, 6);False;1;1078
;(9, 10);Idle;(17, 6);False;1;1079
MoveWest;(8, 10);Idle;(17, 6);False;1;1080
;(8, 10);;(17, 6);False;1;1081
;(8, 10);Idle;(17, 6);False;1;1082
MoveWest;(7, 10);Idle;(17, 6);False;1;1083
;(7, 10);Idle;(17, 6);False;1;1084
;(7, 10);Idle;(17, 6);False;1;1085
;(7, 10);Idle;(17, 6);False;1;1086
;(7, 10);Idle;(17, 6);False;1;1087
;(7, 10);Idle;(17, 6);False;1;1088
MoveWest;(6, 10);Idle;(17, 6);False;1;1089
;(6, 10);Idle;(17, 6);False;1;1090
;(6, 10);Idle;(17, 6);False;1;1091
;(6, 10);Idle;(17, 6);False;1;1092
;(6, 10);Idle;(17, 6);False;1;1093
;(6, 10);Idle;(17, 6);False;1;1094
;(6, 10);Idle;(17, 6);False;1;1095
;(6, 10);Idle;(17, 6);False;1;1096
;(6, 10);Idle;(17, 6);False;1;1097
;(6, 10);Idle;(17, 6);False;1;1098
;(6, 10);Idle;(17, 6);False;1;1099
;(6, 10);Idle;(17, 6);False;1;1100
;(6, 10);Idle;(17, 6);False;1;1101
;(6, 10);Idle;(17, 6);False;1;1102
;(6, 10);Idle;(17, 6);False;1;1103
GrabObject;(6, 10);Idle;(17, 6);False;1;1104
;(6, 10);Idle;(17, 6);False;1;1105
;(6, 10);Idle;(17, 6);False;1;1106
MoveWest;(5, 10);Idle;(17, 6);False;1;1107
;(5, 10);Idle;(17, 6);False;1;1108
;(5, 10);Idle;(17, 6);False;1;1109
MoveWest;(4, 10);Idle;(17, 6);False;1;1110
;(4, 10);Idle;(17, 6);False;1;1111
;(4, 10);Idle;(17, 6);False;1;1112
MoveWest;(3, 10);Idle;(17, 6);False;1;1113
;(3, 10);Idle;(17, 6);False;1;1114
;(3, 10);Idle;(17, 6);False;1;1115
MoveWest;(2, 10);Idle;(17, 6);False;1;1116
;(2, 10);Idle;(17, 6);False;1;1117
MoveWest;(1, 10);Idle;(17, 6);False;1;1118
;(1, 10);Idle;(17, 6);False;1;1119
;(1, 10);Idle;(17, 6);False;1;1120
MoveWest;(0, 10);Idle;(17, 6);False;1;1121
;(0, 10);Idle;(17, 6);False;1;1122
;(0, 10);Idle;(17, 6);False;1;1123
MoveWest;(0, 10);Idle;(17, 6);False;1;1124
;(0, 10);Idle;(17, 6);False;1;1125
DropObject;(0, 10);Idle;(17, 6);False;1;1126
;(0, 10);Idle;(17, 6);False;1;1127
;(0, 10);Idle;(17, 6);False;1;1128
;(0, 10);Idle;(17, 6);False;1;1129
;(0, 10);Idle;(17, 6);False;1;1130
MoveEast;(1, 10);Idle;(17, 6);False;1;1131
;(1, 10);Idle;(17, 6);False;1;1132
;(1, 10);Idle;(17, 6);False;1;1133
;(1, 10);Idle;(17, 6);False;1;1134
MoveEast;(2, 10);Idle;(17, 6);False;1;1135
;(2, 10);Idle;(17, 6);False;1;1136
;(2, 10);;(17, 6);False;1;1137
MoveEast;(3, 10);MoveWest;(17, 6);False;1;1138
;(3, 10);MoveWest;(17, 6);False;1;1139
;(3, 10);MoveWest;(17, 6);False;1;1140
MoveEast;(4, 10);MoveWest;(17, 6);False;1;1141
;(4, 10);MoveWest;(17, 6);False;1;1142
;(4, 10);MoveWest;(17, 6);False;1;1143
;(4, 10);MoveWest;(17, 6);False;1;1144
;(4, 10);MoveWest;(17, 6);False;1;1145
;(4, 10);MoveWest;(17, 6);False;1;1146
MoveNorth;(4, 9);MoveWest;(17, 6);False;1;1147
;(4, 9);MoveWest;(16, 6);False;1;1148
;(4, 9);MoveWest;(16, 6);False;1;1149
MoveNorth;(4, 8);MoveWest;(16, 6);False;1;1150
;(4, 8);MoveWest;(16, 6);False;1;1151
;(4, 8);MoveWest;(16, 6);False;1;1152
MoveNorth;(4, 7);MoveWest;(16, 6);False;1;1153
;(4, 7);MoveWest;(16, 6);False;1;1154
;(4, 7);MoveWest;(16, 6);False;1;1155
;(4, 7);MoveWest;(16, 6);False;1;1156
;(4, 7);MoveWest;(16, 6);False;1;1157
;(4, 7);MoveWest;(16, 6);False;1;1158
;(4, 7);MoveWest;(15, 6);False;1;1159
;(4, 7);MoveSouthWest;(15, 6);False;1;1160
;(4, 7);MoveSouthWest;(15, 6);False;1;1161
;(4, 7);MoveSouthWest;(15, 6);False;1;1162
;(4, 7);MoveSouthWest;(15, 6);False;1;1163
MoveSouth;(4, 8);MoveSouthWest;(15, 6);False;1;1164
;(4, 8);MoveSouthWest;(15, 6);False;1;1165
;(4, 8);MoveSouthWest;(15, 6);False;1;1166
;(4, 8);MoveSouthWest;(15, 6);False;1;1167
MoveSouth;(4, 9);MoveSouthWest;(15, 6);False;1;1168
;(4, 9);MoveSouthWest;(15, 6);False;1;1169
;(4, 9);MoveSouthWest;(14, 7);False;1;1170
;(4, 9);MoveWest;(14, 7);False;1;1171
;(4, 9);MoveWest;(14, 7);False;1;1172
MoveNorth;(4, 8);MoveWest;(14, 7);False;1;1173
;(4, 8);MoveWest;(14, 7);False;1;1174
;(4, 8);MoveWest;(14, 7);False;1;1175
;(4, 8);MoveWest;(14, 7);False;1;1176
;(4, 8);MoveWest;(14, 7);False;1;1177
;(4, 8);MoveWest;(14, 7);False;1;1178
;(4, 8);MoveWest;(14, 7);False;1;1179
;(4, 8);MoveWest;(14, 7);False;1;1180
MoveEast;(5, 8);MoveWest;(13, 7);False;1;1181
;(5, 8);MoveSouthWest;(13, 7);False;1;1182
;(5, 8);MoveSouthWest;(13, 7);False;1;1183
;(5, 8);MoveSouthWest;(13, 7);False;1;1184
MoveEast;(6, 8);MoveSouthWest;(13, 7);False;1;1185
;(6, 8);MoveSouthWest;(13, 7);False;1;1186
MoveEast;(7, 8);MoveSouthWest;(13, 7);False;1;1187
;(7, 8);MoveSouthWest;(13, 7);False;1;1188
;(7, 8);MoveSouthWest;(13, 7);False;1;1189
MoveEast;(8, 8);MoveSouthWest;(13, 7);False;1;1190
;(8, 8);MoveSouthWest;(13, 7);False;1;1191
;(8, 8);MoveSouthWest;(12, 8);False;1;1192
MoveEast;(9, 8);MoveSouthWest;(12, 8);False;1;1193
;(9, 8);MoveSouthWest;(12, 8);False;1;1194
;(9, 8);MoveSouthWest;(12, 8);False;1;1195
MoveEast;(10, 8);MoveSouthWest;(12, 8);False;1;1196
;(10, 8);MoveSouthWest;(12, 8);False;1;1197
;(10, 8);MoveSouthWest;(12, 8);False;1;1198
MoveEast;(11, 8);MoveSouthWest;(12, 8);False;1;1199
;(11, 8);MoveSouthWest;(12, 8);False;1;1200
;(11, 8);MoveSouthWest;(12, 8);False;1;1201
;(11, 8);MoveSouthWest;(12, 8);False;1;1202
;(11, 8);MoveSouthWest;(11, 9);False;1;1203
;(11, 8);MoveWest;(11, 9);False;1;1204
MoveSouth;(11, 9);MoveWest;(11, 9);False;1;1205
;(11, 9);MoveWest;(11, 9);False;1;1206
;(11, 9);MoveWest;(11, 9);False;1;1207
;(11, 9);MoveWest;(11, 9);False;1;1208
;(11, 9);MoveWest;(11, 9);False;1;1209
;(11, 9);MoveWest;(11, 9);False;1;1210
;(11, 9);MoveWest;(11, 9);False;1;1211
;(11, 9);MoveWest;(11, 9);False;1;1212
;(11, 9);MoveWest;(11, 9);False;1;1213
;(11, 9);MoveWest;(10, 9);False;1;1214
;(11, 9);MoveWest;(10, 9);False;1;1215
;(11, 9);MoveWest;(10, 9);False;1;1216
;(11, 9);MoveWest;(10, 9);False;1;1217
MoveSouth;(11, 10);MoveWest;(10, 9);False;1;1218
;(11, 10);MoveWest;(10, 9);False;1;1219
;(11, 10);MoveWest;(10, 9);False;1;1220
;(11, 10);MoveWest;(10, 9);False;1;1221
;(11, 10);MoveWest;(10, 9);False;1;1222
;(11, 10);MoveWest;(10, 9);False;1;1223
MoveEast;(12, 10);MoveWest;(10, 9);False;1;1224
;(12, 10);MoveWest;(9, 9);False;1;1225
;(12, 10);MoveWest;(9, 9);False;1;1226
;(12, 10);MoveWest;(9, 9);False;1;1227
;(12, 10);MoveWest;(9, 9);False;1;1228
;(12, 10);MoveWest;(9, 9);False;1;1229
;(12, 10);MoveWest;(9, 9);False;1;1230
;(12, 10);MoveWest;(9, 9);False;1;1231
;(12, 10);MoveWest;(9, 9);False;1;1232
;(12, 10);MoveWest;(9, 9);False;1;1233
;(12, 10);MoveWest;(9, 9);False;1;1234
;(12, 10);MoveWest;(9, 9);False;1;1235
;(12, 10);MoveWest;(8, 9);False;1;1236
;(12, 10);MoveSouthWest;(8, 9);False;1;1237
;(12, 10);MoveSouthWest;(8, 9);False;1;1238
GrabObject;(12, 10);MoveSouthWest;(8, 9);False;1;1239
;(12, 10);MoveSouthWest;(8, 9);False;1;1240
;(12, 10);MoveSouthWest;(8, 9);False;1;1241
;(12, 10);MoveSouthWest;(8, 9);False;1;1242
;(12, 10);MoveSouthWest;(8, 9);False;1;1243
;(12, 10);MoveSouthWest;(8, 9);False;1;1244
MoveNorth;(12, 9);MoveSouthWest;(8, 9);False;1;1245
;(12, 9);MoveSouthWest;(8, 9);False;1;1246
;(12, 9);MoveSouthWest;(7, 10);False;1;1247
MoveNorth;(12, 8);GrabObject;(7, 10);False;1;1248
;(12, 8);GrabObject;(7, 10);False;1;1249
;(12, 8);GrabObject;(7, 10);False;1;1250
;(12, 8);GrabObject;(7, 10);False;1;1251
;(12, 8);GrabObject;(7, 10);False;1;1252
MoveWest;(11, 8);GrabObject;(7, 10);False;1;1253
;(11, 8);GrabObject;(7, 10);False;1;1254
;(11, 8);GrabObject;(7, 10);False;1;1255
;(11, 8);GrabObject;(7, 10);False;1;1256
;(11, 8);GrabObject;(7, 10);False;1;1257
;(11, 8);GrabObject;(7, 10);False;1;1258
;(11, 8);;(7, 10);False;1;1259
;(11, 8);MoveWest;(7, 10);False;1;1260
;(11, 8);MoveWest;(7, 10);False;1;1261
GrabObject;(11, 8);MoveWest;(7, 10);False;1;1262
;(11, 8);MoveWest;(7, 10);False;1;1263
;(11, 8);MoveWest;(7, 10);False;1;1264
;(11, 8);MoveWest;(7, 10);False;1;1265
;(11, 8);MoveWest;(7, 10);False;1;1266
;(11, 8);MoveWest;(7, 10);False;1;1267
;(11, 8);MoveWest;(7, 10);False;1;1268
;(11, 8);MoveWest;(7, 10);False;1;1269
;(11, 8);MoveWest;(6, 10);False;1;1270
;(11, 8);MoveWest;(6, 10);False;1;1271
;(11, 8);MoveWest;(6, 10);False;1;1272
;(11, 8);MoveWest;(6, 10);False;1;1273
;(11, 8);MoveWest;(6, 10);False;1;1274
;(11, 8);MoveWest;(6, 10);False;1;1275
;(11, 8);MoveWest;(6, 10);False;1;1276
;(11, 8);MoveWest;(6, 10);False;1;1277
;(11, 8);MoveWest;(6, 10);False;1;1278
;(11, 8);MoveWest;(6, 10);False;1;1279
;(11, 8);MoveWest;(6, 10);False;1;1280
;(11, 8);MoveWest;(5, 10);False;1;1281
MoveSouth;(11, 9);MoveNorthWest;(5, 10);False;1;1282
;(11, 9);MoveNorthWest;(5, 10);False;1;1283
;(11, 9);MoveNorthWest;(5, 10);False;1;1284
;(11, 9);MoveNorthWest;(5, 10);False;1;1285
;(11, 9);MoveNorthWest;(5, 10);False;1;1286
;(11, 9);MoveNorthWest;(5, 10);False;1;1287
;(11, 9);MoveNorthWest;(5, 10);False;1;1288
;(11, 9);MoveNorthWest;(5, 10);False;1;1289
MoveEast;(12, 9);MoveNorthWest;(5, 10);False;1;1290
;(12, 9);MoveNorthWest;(5, 10);False;1;1291
;(12, 9);MoveNorthWest;(4, 9);False;1;1292
;(12, 9);MoveWest;(4, 9);False;1;1293
;(12, 9);MoveWest;(4, 9);False;1;1294
;(12, 9);MoveWest;(4, 9);False;1;1295
MoveSouth;(12, 10);MoveWest;(4, 9);False;1;1296
;(12, 10);MoveWest;(4, 9);False;1;1297
;(12, 10);MoveWest;(4, 9);False;1;1298
;(12, 10);MoveWest;(4, 9);False;1;1299
;(12, 10);MoveWest;(4, 9);False;1;1300
;(12, 10);MoveWest;(4, 9);False;1;1301
;(12, 10);MoveWest;(4, 9);False;1;1302
;(12, 10);MoveWest;(3, 9);False;1;1303
;(12, 10);MoveNorthWest;(3, 9);False;1;1304
;(12, 10);MoveNorthWest;(3, 9);False;1;1305
;(12, 10);MoveNorthWest;(3, 9);False;1;1306
;(12, 10);MoveNorthWest;(3, 9);False;1;1307
GrabObject;(12, 10);MoveNorthWest;(3, 9);False;1;1308
;(12, 10);MoveNorthWest;(3, 9);False;1;1309
;(12, 10);MoveNorthWest;(3, 9);False;1;1310
;(12, 10);MoveNorthWest;(3, 9);False;1;1311
;(12, 10);MoveNorthWest;(3, 9);False;1;1312
;(12, 10);MoveNorthWest;(3, 9);False;1;1313
;(12, 10);MoveNorthWest;(2, 8);False;1;1314
MoveNorth;(12, 9);MoveWest;(2, 8);False;1;1315
;(12, 9);MoveWest;(2, 8);False;1;1316
;(12, 9);MoveWest;(2, 8);False;1;1317
;(12, 9);MoveWest;(2, 8);False;1;1318
;(12, 9);MoveWest;(2, 8);False;1;1319
;(12, 9);MoveWest;(2, 8);False;1;1320
;(12, 9);MoveWest;(2, 8);False;1;1321
;(12, 9);MoveWest;(2, 8);False;1;1322
;(12, 9);MoveWest;(2, 8);False;1;1323
;(12, 9);MoveWest;(2, 8);False;1;1324
;(12, 9);MoveWest;(1, 8);False;1;1325
;(12, 9);DropObject;(1, 8);False;1;1326
;(12, 9);DropObject;(1, 8);False;1;1327
MoveNorth;(12, 8);DropObject;(1, 8);False;1;1328
;(12, 8);DropObject;(1, 8);False;1;1329
;(12, 8);DropObject;(1, 8);False;1;1330
;(12, 8);DropObject;(1, 8);False;1;1331
MoveNorth;(12, 7);DropObject;(1, 8);False;1;1332
;(12, 7);DropObject;(1, 8);False;1;1333
;(12, 7);DropObject;(1, 8);False;1;1334
;(12, 7);DropObject;(1, 8);False;1;1335
;(12, 7);DropObject;(1, 8);False;1;1336
;(12, 7);;(1, 8);False;1;1337
;(12, 7);Idle;(1, 8);False;1;1338
;(12, 7);Idle;(1, 8);False;1;1339
;(12, 7);Idle;(1, 8);False;1;1340
;(12, 7);Idle;(1, 8);False;1;1341
;(12, 7);Idle;(1, 8);False;1;1342
;(12, 7);Idle;(1, 8);False;1;1343
;(12, 7);Idle;(1, 8);False;1;1344
;(12, 7);Idle;(1, 8);False;1;1345
;(12, 7);Idle;(1, 8);False;1;1346
;(12, 7);Idle;(1, 8);False;1;1347
;(12, 7);Idle;(1, 8);False;1;1348
;(12, 7);Idle;(1, 8);False;1;1349
;(12, 7);Idle;(1, 8);False;1;1350
;(12, 7);Idle;(1, 8);False;1;1351
;(12, 7);Idle;(1, 8);False;1;1352
;(12, 7);Idle;(1, 8);False;1;1353
;(12, 7);Idle;(1, 8);False;1;1354
;(12, 7);Idle;(1, 8);False;1;1355
;(12, 7);Idle;(1, 8);False;1;1356
;(12, 7);Idle;(1, 8);False;1;1357
;(12, 7);Idle;(1, 8);False;1;1358
;(12, 7);Idle;(1, 8);False;1;1359
;(12, 7);Idle;(1, 8);False;1;1360
;(12, 7);Idle;(1, 8);False;1;1361
;(12, 7);Idle;(1, 8);False;1;1362
;(12, 7);Idle;(1, 8);False;1;1363
;(12, 7);Idle;(1, 8);False;1;1364
;(12, 7);Idle;(1, 8);False;1;1365
;(12, 7);Idle;(1, 8);False;1;1366
;(12, 7);Idle;(1, 8);False;1;1367
;(12, 7);Idle;(1, 8);False;1;1368
;(12, 7);Idle;(1, 8);False;1;1369
;(12, 7);Idle;(1, 8);False;1;1370
;(12, 7);Idle;(1, 8);False;1;1371
;(12, 7);Idle;(1, 8);False;1;1372
;(12, 7);Idle;(1, 8);False;1;1373
;(12, 7);Idle;(1, 8);False;1;1374
;(12, 7);Idle;(1, 8);False;1;1375
;(12, 7);Idle;(1, 8);False;1;1376
;(12, 7);Idle;(1, 8);False;1;1377
;(12, 7);Idle;(1, 8);False;1;1378
;(12, 7);Idle;(1, 8);False;1;1379
;(12, 7);Idle;(1, 8);False;1;1380
;(12, 7);Idle;(1, 8);False;1;1381
;(12, 7);Idle;(1, 8);False;1;1382
;(12, 7);Idle;(1, 8);False;1;1383
;(12, 7);Idle;(1, 8);False;1;1384
;(12, 7);Idle;(1, 8);False;1;1385
;(12, 7);Idle;(1, 8);False;1;1386
;(12, 7);Idle;(1, 8);False;1;1387
;(12, 7);Idle;(1, 8);False;1;1388
;(12, 7);Idle;(1, 8);False;1;1389
;(12, 7);Idle;(1, 8);False;1;1390
;(12, 7);Idle;(1, 8);False;1;1391
;(12, 7);Idle;(1, 8);False;1;1392
;(12, 7);;(1, 8);False;1;1393
;(12, 7);MoveEast;(1, 8);False;1;1394
;(12, 7);MoveEast;(1, 8);False;1;1395
;(12, 7);MoveEast;(1, 8);False;1;1396
;(12, 7);MoveEast;(1, 8);False;1;1397
;(12, 7);MoveEast;(1, 8);False;1;1398
;(12, 7);MoveEast;(1, 8);False;1;1399
;(12, 7);MoveEast;(1, 8);False;1;1400
;(12, 7);MoveEast;(1, 8);False;1;1401
;(12, 7);MoveEast;(1, 8);False;1;1402
;(12, 7);MoveEast;(1, 8);False;1;1403
;(12, 7);MoveEast;(2, 8);False;1;1404
;(12, 7);MoveEast;(2, 8);False;1;1405
;(12, 7);MoveEast;(2, 8);False;1;1406
;(12, 7);MoveEast;(2, 8);False;1;1407
;(12, 7);MoveEast;(2, 8);False;1;1408
;(12, 7);MoveEast;(2, 8);False;1;1409
;(12, 7);MoveEast;(2, 8);False;1;1410
;(12, 7);MoveEast;(2, 8);False;1;1411
;(12, 7);MoveEast;(2, 8);False;1;1412
;(12, 7);MoveEast;(2, 8);False;1;1413
;(12, 7);MoveEast;(2, 8);False;1;1414
;(12, 7);MoveEast;(3, 8);False;1;1415
;(12, 7);MoveWest;(3, 8);False;1;1416
;(12, 7);MoveWest;(3, 8);False;1;1417
;(12, 7);MoveWest;(3, 8);False;1;1418
;(12, 7);MoveWest;(3, 8);False;1;1419
;(12, 7);MoveWest;(3, 8);False;1;1420
;(12, 7);MoveWest;(3, 8);False;1;1421
;(12, 7);MoveWest;(3, 8);False;1;1422
;(12, 7);MoveWest;(3, 8);False;1;1423
;(12, 7);MoveWest;(3, 8);False;1;1424
;(12, 7);MoveWest;(3, 8);False;1;1425
;(12, 7);MoveWest;(2, 8);False;1;1426
;(12, 7);MoveWest;(2, 8);False;1;1427
;(12, 7);MoveWest;(2, 8);False;1;1428
;(12, 7);MoveWest;(2, 8);False;1;1429
;(12, 7);MoveWest;(2, 8);False;1;1430
;(12, 7);MoveWest;(2, 8);False;1;1431
;(12, 7);MoveWest;(2, 8);False;1;1432
;(12, 7);MoveWest;(2, 8);False;1;1433
;(12, 7);MoveWest;(2, 8);False;1;1434
;(12, 7);MoveWest;(2, 8);False;1;1435
;(12, 7);MoveWest;(2, 8);False;1;1436
;(12, 7);MoveWest;(1, 8);False;1;1437
;(12, 7);MoveEast;(1, 8);False;1;1438
;(12, 7);MoveEast;(1, 8);False;1;1439
;(12, 7);MoveEast;(1, 8);False;1;1440
;(12, 7);MoveEast;(1, 8);False;1;1441
;(12, 7);MoveEast;(1, 8);False;1;1442
;(12, 7);MoveEast;(1, 8);False;1;1443
MoveSouth;(12, 8);MoveEast;(1, 8);False;1;1444
;(12, 8);MoveEast;(1, 8);False;1;1445
;(12, 8);MoveEast;(1, 8);False;1;1446
;(12, 8);MoveEast;(1, 8);False;1;1447
;(12, 8);MoveEast;(2, 8);False;1;1448
MoveSouth;(12, 9);MoveEast;(2, 8);False;1;1449
;(12, 9);MoveEast;(2, 8);False;1;1450
;(12, 9);MoveEast;(2, 8);False;1;1451
;(12, 9);MoveEast;(2, 8);False;1;1452
;(12, 9);MoveEast;(2, 8);False;1;1453
;(12, 9);MoveEast;(2, 8);False;1;1454
;(12, 9);MoveEast;(2, 8);False;1;1455
;(12, 9);MoveEast;(2, 8);False;1;1456
;(12, 9);MoveEast;(2, 8);False;1;1457
;(12, 9);MoveEast;(2, 8);False;1;1458
;(12, 9);MoveEast;(3, 8);False;1;1459
MoveNorth;(12, 8);MoveWest;(3, 8);False;1;1460
;(12, 8);MoveWest;(3, 8);False;1;1461
;(12, 8);MoveWest;(3, 8);False;1;1462
;(12, 8);MoveWest;(3, 8);False;1;1463
;(12, 8);MoveWest;(3, 8);False;1;1464
;(12, 8);MoveWest;(3, 8);False;1;1465
;(12, 8);MoveWest;(3, 8);False;1;1466
;(12, 8);MoveWest;(3, 8);False;1;1467
;(12, 8);MoveWest;(3, 8);False;1;1468
;(12, 8);MoveWest;(3, 8);False;1;1469
;(12, 8);MoveWest;(2, 8);False;1;1470
;(12, 8);MoveWest;(2, 8);False;1;1471
;(12, 8);MoveWest;(2, 8);False;1;1472
MoveWest;(11, 8);MoveWest;(2, 8);False;1;1473
;(11, 8);MoveWest;(2, 8);False;1;1474
;(11, 8);MoveWest;(2, 8);False;1;1475
;(11, 8);MoveWest;(2, 8);False;1;1476
GrabObject;(11, 8);MoveWest;(2, 8);False;1;1477
;(11, 8);MoveWest;(2, 8);False;1;1478
;(11, 8);MoveWest;(2, 8);False;1;1479
;(11, 8);MoveWest;(2, 8);False;1;1480
;(11, 8);MoveWest;(1, 8);False;1;1481
;(11, 8);MoveEast;(1, 8);False;1;1482
;(11, 8);MoveEast;(1, 8);False;1;1483
;(11, 8);MoveEast;(1, 8);False;1;1484
GrabObject;(11, 8);MoveEast;(1, 8);False;1;1485
;(11, 8);MoveEast;(1, 8);False;1;1486
;(11, 8);MoveEast;(1, 8);False;1;1487
;(11, 8);MoveEast;(1, 8);False;1;1488
;(11, 8);MoveEast;(1, 8);False;1;1489
;(11, 8);MoveEast;(1, 8);False;1;1490
;(11, 8);MoveEast;(1, 8);False;1;1491
;(11, 8);MoveEast;(2, 8);False;1;1492
;(11, 8);MoveEast;(2, 8);False;1;1493
MoveEast;(12, 8);MoveEast;(2, 8);False;1;1494
;(12, 8);MoveEast;(2, 8);False;1;1495
;(12, 8);MoveEast;(2, 8);False;1;1496
;(12, 8);MoveEast;(2, 8);False;1;1497
MoveEast;(13, 8);MoveEast;(2, 8);False;1;1498
;(13, 8);MoveEast;(2, 8);False;1;1499
;(13, 8);MoveEast;(2, 8);False;1;1500
;(13, 8);MoveEast;(2, 8);False;1;1501
MoveSouth;(13, 9);MoveEast;(2, 8);False;1;1502
;(13, 9);MoveEast;(3, 8);False;1;1503
;(13, 9);MoveWest;(3, 8);False;1;1504
;(13, 9);MoveWest;(3, 8);False;1;1505
;(13, 9);MoveWest;(3, 8);False;1;1506
MoveSouth;(13, 10);MoveWest;(3, 8);False;1;1507
;(13, 10);MoveWest;(3, 8);False;1;1508
;(13, 10);MoveWest;(3, 8);False;1;1509
;(13, 10);MoveWest;(3, 8);False;1;1510
;(13, 10);MoveWest;(3, 8);False;1;1511
;(13, 10);MoveWest;(3, 8);False;1;1512
;(13, 10);MoveWest;(3, 8);False;1;1513
MoveWest;(12, 10);MoveWest;(2, 8);False;1;1514
;(12, 10);MoveWest;(2, 8);False;1;1515
;(12, 10);MoveWest;(2, 8);False;1;1516
;(12, 10);MoveWest;(2, 8);False;1;1517
;(12, 10);MoveWest;(2, 8);False;1;1518
GrabObject;(12, 10);MoveWest;(2, 8);False;1;1519
;(12, 10);MoveWest;(2, 8);False;1;1520
;(12, 10);MoveWest;(2, 8);False;1;1521
;(12, 10);MoveWest;(2, 8);False;1;1522
;(12, 10);MoveWest;(2, 8);False;1;1523
;(12, 10);MoveWest;(2, 8);False;1;1524
;(12, 10);MoveWest;(1, 8);False;1;1525
;(12, 10);;(1, 8);False;1;1526
MoveNorth;(12, 9);Idle;(1, 8);False;1;1527
;(12, 9);Idle;(1, 8);False;1;1528
;(12, 9);Idle;(1, 8);False;1;1529
;(12, 9);Idle;(1, 8);False;1;1530
MoveNorth;(12, 8);Idle;(1, 8);False;1;1531
;(12, 8);Idle;(1, 8);False;1;1532
;(12, 8);Idle;(1, 8);False;1;1533
MoveNorth;(12, 7);Idle;(1, 8);False;1;1534
;(12, 7);Idle;(1, 8);False;1;1535
;(12, 7);Idle;(1, 8);False;1;1536
;(12, 7);Idle;(1, 8);False;1;1537
;(12, 7);Idle;(1, 8);False;1;1538
;(12, 7);Idle;(1, 8);False;1;1539
;(12, 7);Idle;(1, 8);False;1;1540
;(12, 7);Idle;(1, 8);False;1;1541
;(12, 7);Idle;(1, 8);False;1;1542
MoveNorth;(12, 6);Idle;(1, 8);False;1;1543
;(12, 6);Idle;(1, 8);False;1;1544
;(12, 6);Idle;(1, 8);False;1;1545
;(12, 6);Idle;(1, 8);False;1;1546
;(12, 6);Idle;(1, 8);False;1;1547
;(12, 6);Idle;(1, 8);False;1;1548
MoveWest;(11, 6);Idle;(1, 8);False;1;1549
;(11, 6);Idle;(1, 8);False;1;1550
;(11, 6);Idle;(1, 8);False;1;1551
;(11, 6);Idle;(1, 8);False;1;1552
;(11, 6);Idle;(1, 8);False;1;1553
;(11, 6);Idle;(1, 8);False;1;1554
;(11, 6);Idle;(1, 8);False;1;1555
;(11, 6);Idle;(1, 8);False;1;1556
;(11, 6);Idle;(1, 8);False;1;1557
;(11, 6);Idle;(1, 8);False;1;1558
;(11, 6);Idle;(1, 8);False;1;1559
;(11, 6);Idle;(1, 8);False;1;1560
GrabObject;(11, 6);Idle;(1, 8);False;1;1561
;(11, 6);Idle;(1, 8);False;1;1562
;(11, 6);Idle;(1, 8);False;1;1563
;(11, 6);Idle;(1, 8);False;1;1564
;(11, 6);Idle;(1, 8);False;1;1565
;(11, 6);Idle;(1, 8);False;1;1566
;(11, 6);Idle;(1, 8);False;1;1567
;(11, 6);Idle;(1, 8);False;1;1568
MoveWest;(10, 6);Idle;(1, 8);False;1;1569
;(10, 6);Idle;(1, 8);False;1;1570
;(10, 6);Idle;(1, 8);False;1;1571
MoveWest;(9, 6);Idle;(1, 8);False;1;1572
;(9, 6);Idle;(1, 8);False;1;1573
;(9, 6);Idle;(1, 8);False;1;1574
MoveWest;(8, 6);Idle;(1, 8);False;1;1575
;(8, 6);Idle;(1, 8);False;1;1576
;(8, 6);Idle;(1, 8);False;1;1577
;(8, 6);Idle;(1, 8);False;1;1578
;(8, 6);Idle;(1, 8);False;1;1579
;(8, 6);Idle;(1, 8);False;1;1580
;(8, 6);Idle;(1, 8);False;1;1581
;(8, 6);;(1, 8);False;1;1582
;(8, 6);Idle;(1, 8);False;1;1583
;(8, 6);Idle;(1, 8);False;1;1584
;(8, 6);Idle;(1, 8);False;1;1585
;(8, 6);Idle;(1, 8);False;1;1586
MoveEast;(9, 6);Idle;(1, 8);False;1;1587
;(9, 6);Idle;(1, 8);False;1;1588
;(9, 6);Idle;(1, 8);False;1;1589
;(9, 6);Idle;(1, 8);False;1;1590
MoveEast;(10, 6);Idle;(1, 8);False;1;1591
;(10, 6);Idle;(1, 8);False;1;1592
;(10, 6);Idle;(1, 8);False;1;1593
;(10, 6);Idle;(1, 8);False;1;1594
;(10, 6);Idle;(1, 8);False;1;1595
MoveEast;(11, 6);Idle;(1, 8);False;1;1596
;(11, 6);Idle;(1, 8);False;1;1597
;(11, 6);Idle;(1, 8);False;1;1598
;(11, 6);Idle;(1, 8);False;1;1599
MoveSouth;(11, 7);Idle;(1, 8);False;1;1600
;(11, 7);Idle;(1, 8);False;1;1601
;(11, 7);Idle;(1, 8);False;1;1602
;(11, 7);Idle;(1, 8);False;1;1603
MoveSouth;(11, 8);Idle;(1, 8);False;1;1604
;(11, 8);Idle;(1, 8);False;1;1605
;(11, 8);Idle;(1, 8);False;1;1606
MoveSouth;(11, 9);Idle;(1, 8);False;1;1607
;(11, 9);Idle;(1, 8);False;1;1608
;(11, 9);Idle;(1, 8);False;1;1609
;(11, 9);Idle;(1, 8);False;1;1610
;(11, 9);Idle;(1, 8);False;1;1611
MoveEast;(12, 9);Idle;(1, 8);False;1;1612
;(12, 9);Idle;(1, 8);False;1;1613
;(12, 9);Idle;(1, 8);False;1;1614
;(12, 9);Idle;(1, 8);False;1;1615
;(12, 9);Idle;(1, 8);False;1;1616
;(12, 9);Idle;(1, 8);False;1;1617
;(12, 9);Idle;(1, 8);False;1;1618
;(12, 9);Idle;(1, 8);False;1;1619
;(12, 9);Idle;(1, 8);False;1;1620
;(12, 9);Idle;(1, 8);False;1;1621
MoveSouth;(12, 10);Idle;(1, 8);False;1;1622
;(12, 10);Idle;(1, 8);False;1;1623
;(12, 10);Idle;(1, 8);False;1;1624
;(12, 10);Idle;(1, 8);False;1;1625
;(12, 10);Idle;(1, 8);False;1;1626
MoveEast;(13, 10);Idle;(1, 8);False;1;1627
;(13, 10);Idle;(1, 8);False;1;1628
;(13, 10);Idle;(1, 8);False;1;1629
;(13, 10);Idle;(1, 8);False;1;1630
;(13, 10);Idle;(1, 8);False;1;1631
;(13, 10);Idle;(1, 8);False;1;1632
;(13, 10);Idle;(1, 8);False;1;1633
;(13, 10);Idle;(1, 8);False;1;1634
;(13, 10);Idle;(1, 8);False;1;1635
GrabObject;(13, 10);Idle;(1, 8);False;1;1636
;(13, 10);Idle;(1, 8);False;1;1637
;(13, 10);;(1, 8);False;1;1638
;(13, 10);Idle;(1, 8);False;1;1639
;(13, 10);Idle;(1, 8);False;1;1640
;(13, 10);Idle;(1, 8);False;1;1641
;(13, 10);Idle;(1, 8);False;1;1642
;(13, 10);Idle;(1, 8);False;1;1643
;(13, 10);Idle;(1, 8);False;1;1644
;(13, 10);Idle;(1, 8);False;1;1645
;(13, 10);Idle;(1, 8);False;1;1646
;(13, 10);Idle;(1, 8);False;1;1647
;(13, 10);Idle;(1, 8);False;1;1648
;(13, 10);Idle;(1, 8);False;1;1649
;(13, 10);Idle;(1, 8);False;1;1650
;(13, 10);Idle;(1, 8);False;1;1651
;(13, 10);Idle;(1, 8);False;1;1652
;(13, 10);Idle;(1, 8);False;1;1653
;(13, 10);Idle;(1, 8);False;1;1654
;(13, 10);Idle;(1, 8);False;1;1655
;(13, 10);Idle;(1, 8);False;1;1656
;(13, 10);Idle;(1, 8);False;1;1657
;(13, 10);Idle;(1, 8);False;1;1658
;(13, 10);Idle;(1, 8);False;1;1659
;(13, 10);Idle;(1, 8);False;1;1660
;(13, 10);Idle;(1, 8);False;1;1661
;(13, 10);Idle;(1, 8);False;1;1662
;(13, 10);Idle;(1, 8);False;1;1663
;(13, 10);Idle;(1, 8);False;1;1664
;(13, 10);Idle;(1, 8);False;1;1665
;(13, 10);Idle;(1, 8);False;1;1666
;(13, 10);Idle;(1, 8);False;1;1667
;(13, 10);Idle;(1, 8);False;1;1668
;(13, 10);Idle;(1, 8);False;1;1669
;(13, 10);Idle;(1, 8);False;1;1670
;(13, 10);Idle;(1, 8);False;1;1671
;(13, 10);Idle;(1, 8);False;1;1672
;(13, 10);Idle;(1, 8);False;1;1673
;(13, 10);Idle;(1, 8);False;1;1674
;(13, 10);Idle;(1, 8);False;1;1675
;(13, 10);Idle;(1, 8);False;1;1676
;(13, 10);Idle;(1, 8);False;1;1677
;(13, 10);Idle;(1, 8);False;1;1678
;(13, 10);Idle;(1, 8);False;1;1679
;(13, 10);Idle;(1, 8);False;1;1680
;(13, 10);Idle;(1, 8);False;1;1681
;(13, 10);Idle;(1, 8);False;1;1682
;(13, 10);Idle;(1, 8);False;1;1683
;(13, 10);Idle;(1, 8);False;1;1684
;(13, 10);Idle;(1, 8);False;1;1685
;(13, 10);Idle;(1, 8);False;1;1686
;(13, 10);Idle;(1, 8);False;1;1687
;(13, 10);Idle;(1, 8);False;1;1688
;(13, 10);Idle;(1, 8);False;1;1689
;(13, 10);Idle;(1, 8);False;1;1690
;(13, 10);Idle;(1, 8);False;1;1691
;(13, 10);Idle;(1, 8);False;1;1692
;(13, 10);Idle;(1, 8);False;1;1693
;(13, 10);;(1, 8);False;1;1694
;(13, 10);Idle;(1, 8);False;1;1695
;(13, 10);Idle;(1, 8);False;1;1696
;(13, 10);Idle;(1, 8);False;1;1697
;(13, 10);Idle;(1, 8);False;1;1698
;(13, 10);Idle;(1, 8);False;1;1699
;(13, 10);Idle;(1, 8);False;1;1700
;(13, 10);Idle;(1, 8);False;1;1701
;(13, 10);Idle;(1, 8);False;1;1702
;(13, 10);Idle;(1, 8);False;1;1703
;(13, 10);Idle;(1, 8);False;1;1704
;(13, 10);Idle;(1, 8);False;1;1705
;(13, 10);Idle;(1, 8);False;1;1706
;(13, 10);Idle;(1, 8);False;1;1707
;(13, 10);Idle;(1, 8);False;1;1708
;(13, 10);Idle;(1, 8);False;1;1709
;(13, 10);Idle;(1, 8);False;1;1710
;(13, 10);Idle;(1, 8);False;1;1711
;(13, 10);Idle;(1, 8);False;1;1712
;(13, 10);Idle;(1, 8);False;1;1713
;(13, 10);Idle;(1, 8);False;1;1714
;(13, 10);Idle;(1, 8);False;1;1715
;(13, 10);Idle;(1, 8);False;1;1716
;(13, 10);Idle;(1, 8);False;1;1717
;(13, 10);Idle;(1, 8);False;1;1718
;(13, 10);Idle;(1, 8);False;1;1719
;(13, 10);Idle;(1, 8);False;1;1720
;(13, 10);Idle;(1, 8);False;1;1721
;(13, 10);Idle;(1, 8);False;1;1722
;(13, 10);Idle;(1, 8);False;1;1723
;(13, 10);Idle;(1, 8);False;1;1724
;(13, 10);Idle;(1, 8);False;1;1725
;(13, 10);Idle;(1, 8);False;1;1726
;(13, 10);Idle;(1, 8);False;1;1727
;(13, 10);Idle;(1, 8);False;1;1728
;(13, 10);Idle;(1, 8);False;1;1729
;(13, 10);Idle;(1, 8);False;1;1730
;(13, 10);Idle;(1, 8);False;1;1731
;(13, 10);Idle;(1, 8);False;1;1732
;(13, 10);Idle;(1, 8);False;1;1733
;(13, 10);Idle;(1, 8);False;1;1734
;(13, 10);Idle;(1, 8);False;1;1735
;(13, 10);Idle;(1, 8);False;1;1736
;(13, 10);Idle;(1, 8);False;1;1737
;(13, 10);Idle;(1, 8);False;1;1738
;(13, 10);Idle;(1, 8);False;1;1739
;(13, 10);Idle;(1, 8);False;1;1740
;(13, 10);Idle;(1, 8);False;1;1741
;(13, 10);Idle;(1, 8);False;1;1742
;(13, 10);Idle;(1, 8);False;1;1743
;(13, 10);Idle;(1, 8);False;1;1744
;(13, 10);Idle;(1, 8);False;1;1745
;(13, 10);Idle;(1, 8);False;1;1746
;(13, 10);Idle;(1, 8);False;1;1747
;(13, 10);Idle;(1, 8);False;1;1748
;(13, 10);Idle;(1, 8);False;1;1749
;(13, 10);;(1, 8);False;1;1750
;(13, 10);MoveEast;(1, 8);False;1;1751
;(13, 10);MoveEast;(1, 8);False;1;1752
;(13, 10);MoveEast;(1, 8);False;1;1753
;(13, 10);MoveEast;(1, 8);False;1;1754
;(13, 10);MoveEast;(1, 8);False;1;1755
;(13, 10);MoveEast;(1, 8);False;1;1756
;(13, 10);MoveEast;(1, 8);False;1;1757
;(13, 10);MoveEast;(1, 8);False;1;1758
;(13, 10);MoveEast;(1, 8);False;1;1759
;(13, 10);MoveEast;(1, 8);False;1;1760
;(13, 10);MoveEast;(2, 8);False;1;1761
;(13, 10);MoveEast;(2, 8);False;1;1762
;(13, 10);MoveEast;(2, 8);False;1;1763
;(13, 10);MoveEast;(2, 8);False;1;1764
;(13, 10);MoveEast;(2, 8);False;1;1765
;(13, 10);MoveEast;(2, 8);False;1;1766
;(13, 10);MoveEast;(2, 8);False;1;1767
;(13, 10);MoveEast;(2, 8);False;1;1768
;(13, 10);MoveEast;(2, 8);False;1;1769
;(13, 10);MoveEast;(2, 8);False;1;1770
;(13, 10);MoveEast;(2, 8);False;1;1771
;(13, 10);MoveEast;(3, 8);False;1;1772
;(13, 10);MoveEast;(3, 8);False;1;1773
;(13, 10);MoveEast;(3, 8);False;1;1774
;(13, 10);MoveEast;(3, 8);False;1;1775
;(13, 10);MoveEast;(3, 8);False;1;1776
;(13, 10);MoveEast;(3, 8);False;1;1777
;(13, 10);MoveEast;(3, 8);False;1;1778
;(13, 10);MoveEast;(3, 8);False;1;1779
;(13, 10);MoveEast;(3, 8);False;1;1780
;(13, 10);MoveEast;(3, 8);False;1;1781
;(13, 10);MoveEast;(3, 8);False;1;1782
;(13, 10);MoveEast;(4, 8);False;1;1783
;(13, 10);MoveEast;(4, 8);False;1;1784
;(13, 10);MoveEast;(4, 8);False;1;1785
;(13, 10);MoveEast;(4, 8);False;1;1786
;(13, 10);MoveEast;(4, 8);False;1;1787
;(13, 10);MoveEast;(4, 8);False;1;1788
;(13, 10);MoveEast;(4, 8);False;1;1789
;(13, 10);MoveEast;(4, 8);False;1;1790
;(13, 10);MoveEast;(4, 8);False;1;1791
;(13, 10);MoveEast;(4, 8);False;1;1792
;(13, 10);MoveEast;(4, 8);False;1;1793
;(13, 10);MoveEast;(5, 8);False;1;1794
;(13, 10);MoveEast;(5, 8);False;1;1795
;(13, 10);MoveEast;(5, 8);False;1;1796
;(13, 10);MoveEast;(5, 8);False;1;1797
;(13, 10);MoveEast;(5, 8);False;1;1798
;(13, 10);MoveEast;(5, 8);False;1;1799
;(13, 10);MoveEast;(5, 8);False;1;1800
;(13, 10);MoveEast;(5, 8);False;1;1801
;(13, 10);MoveEast;(5, 8);False;1;1802
;(13, 10);MoveEast;(5, 8);False;1;1803
;(13, 10);MoveEast;(5, 8);False;1;1804
;(13, 10);MoveEast;(6, 8);False;1;1805
;(13, 10);MoveEast;(6, 8);False;1;1806
;(13, 10);MoveEast;(6, 8);False;1;1807
;(13, 10);MoveEast;(6, 8);False;1;1808
;(13, 10);MoveEast;(6, 8);False;1;1809
;(13, 10);MoveEast;(6, 8);False;1;1810
;(13, 10);MoveEast;(6, 8);False;1;1811
;(13, 10);MoveEast;(6, 8);False;1;1812
;(13, 10);MoveEast;(6, 8);False;1;1813
;(13, 10);MoveEast;(6, 8);False;1;1814
;(13, 10);MoveEast;(6, 8);False;1;1815
;(13, 10);MoveEast;(7, 8);False;1;1816
;(13, 10);MoveEast;(7, 8);False;1;1817
;(13, 10);MoveEast;(7, 8);False;1;1818
;(13, 10);MoveEast;(7, 8);False;1;1819
;(13, 10);MoveEast;(7, 8);False;1;1820
;(13, 10);MoveEast;(7, 8);False;1;1821
;(13, 10);MoveEast;(7, 8);False;1;1822
;(13, 10);MoveEast;(7, 8);False;1;1823
;(13, 10);MoveEast;(7, 8);False;1;1824
;(13, 10);MoveEast;(7, 8);False;1;1825
;(13, 10);MoveEast;(7, 8);False;1;1826
;(13, 10);MoveEast;(8, 8);False;1;1827
;(13, 10);MoveEast;(8, 8);False;1;1828
;(13, 10);MoveEast;(8, 8);False;1;1829
;(13, 10);MoveEast;(8, 8);False;1;1830
;(13, 10);MoveEast;(8, 8);False;1;1831
;(13, 10);MoveEast;(8, 8);False;1;1832
;(13, 10);MoveEast;(8, 8);False;1;1833
;(13, 10);MoveEast;(8, 8);False;1;1834
;(13, 10);MoveEast;(8, 8);False;1;1835
;(13, 10);MoveEast;(8, 8);False;1;1836
;(13, 10);MoveEast;(8, 8);False;1;1837
;(13, 10);MoveEast;(9, 8);False;1;1838
;(13, 10);MoveEast;(9, 8);False;1;1839
;(13, 10);MoveEast;(9, 8);False;1;1840
;(13, 10);MoveEast;(9, 8);False;1;1841
;(13, 10);MoveEast;(9, 8);False;1;1842
;(13, 10);MoveEast;(9, 8);False;1;1843
;(13, 10);MoveEast;(9, 8);False;1;1844
;(13, 10);MoveEast;(9, 8);False;1;1845
;(13, 10);MoveEast;(9, 8);False;1;1846
;(13, 10);MoveEast;(9, 8);False;1;1847
;(13, 10);MoveEast;(9, 8);False;1;1848
;(13, 10);MoveEast;(10, 8);False;1;1849
;(13, 10);MoveEast;(10, 8);False;1;1850
;(13, 10);MoveEast;(10, 8);False;1;1851
;(13, 10);MoveEast;(10, 8);False;1;1852
;(13, 10);MoveEast;(10, 8);False;1;1853
;(13, 10);MoveEast;(10, 8);False;1;1854
;(13, 10);MoveEast;(10, 8);False;1;1855
;(13, 10);MoveEast;(10, 8);False;1;1856
;(13, 10);MoveEast;(10, 8);False;1;1857
;(13, 10);MoveEast;(10, 8);False;1;1858
;(13, 10);MoveEast;(10, 8);False;1;1859
;(13, 10);MoveEast;(11, 8);False;1;1860
;(13, 10);MoveSouthEast;(11, 8);False;1;1861
;(13, 10);MoveSouthEast;(11, 8);False;1;1862
;(13, 10);MoveSouthEast;(11, 8);False;1;1863
;(13, 10);MoveSouthEast;(11, 8);False;1;1864
;(13, 10);MoveSouthEast;(11, 8);False;1;1865
;(13, 10);MoveSouthEast;(11, 8);False;1;1866
;(13, 10);MoveSouthEast;(11, 8);False;1;1867
;(13, 10);MoveSouthEast;(11, 8);False;1;1868
;(13, 10);MoveSouthEast;(11, 8);False;1;1869
;(13, 10);MoveSouthEast;(11, 8);False;1;1870
GrabObject;(13, 10);MoveSouthEast;(12, 9);False;1;1871
;(13, 10);GrabLargeObject;(12, 9);False;1;1872
;(13, 10);GrabLargeObject;(12, 9);False;1;1873
;(13, 10);GrabLargeObject;(12, 9);False;1;1874
;(13, 10);GrabLargeObject;(12, 9);False;1;1875
;(13, 10);GrabLargeObject;(12, 9);False;1;1876
;(13, 10);GrabLargeObject;(12, 9);False;1;1877
;(13, 10);GrabLargeObject;(12, 9);False;1;1878
;(13, 10);GrabLargeObject;(12, 9);False;1;1879
;(13, 10);GrabLargeObject;(12, 9);False;1;1880
;(13, 10);GrabLargeObject;(12, 9);False;1;1881
;(13, 10);GrabLargeObject;(12, 9);False;1;1882
;(13, 10);;(12, 9);False;1;1883
;(13, 10);MoveNorthEast;(12, 9);False;1;1884
;(13, 10);MoveNorthEast;(12, 9);False;1;1885
;(13, 10);MoveNorthEast;(12, 9);False;1;1886
;(13, 10);MoveNorthEast;(12, 9);False;1;1887
;(13, 10);MoveNorthEast;(12, 9);False;1;1888
;(13, 10);MoveNorthEast;(12, 9);False;1;1889
;(13, 10);MoveNorthEast;(12, 9);False;1;1890
;(13, 10);MoveNorthEast;(12, 9);False;1;1891
;(13, 10);MoveNorthEast;(12, 9);False;1;1892
;(13, 10);MoveNorthEast;(12, 9);False;1;1893
;(13, 10);MoveNorthEast;(13, 8);False;1;1894
;(13, 10);MoveEast;(13, 8);False;1;1895
;(13, 10);MoveEast;(13, 8);False;1;1896
;(13, 10);MoveEast;(13, 8);False;1;1897
;(13, 10);MoveEast;(13, 8);False;1;1898
;(13, 10);MoveEast;(13, 8);False;1;1899
;(13, 10);MoveEast;(13, 8);False;1;1900
;(13, 10);MoveEast;(13, 8);False;1;1901
;(13, 10);MoveEast;(13, 8);False;1;1902
;(13, 10);MoveEast;(13, 8);False;1;1903
;(13, 10);MoveEast;(13, 8);False;1;1904
;(13, 10);MoveEast;(14, 8);False;1;1905
;(13, 10);MoveNorthEast;(14, 8);False;1;1906
;(13, 10);MoveNorthEast;(14, 8);False;1;1907
;(13, 10);MoveNorthEast;(14, 8);False;1;1908
;(13, 10);MoveNorthEast;(14, 8);False;1;1909
;(13, 10);MoveNorthEast;(14, 8);False;1;1910
;(13, 10);MoveNorthEast;(14, 8);False;1;1911
;(13, 10);MoveNorthEast;(14, 8);False;1;1912
;(13, 10);MoveNorthEast;(14, 8);False;1;1913
;(13, 10);MoveNorthEast;(14, 8);False;1;1914
;(13, 10);MoveNorthEast;(14, 8);False;1;1915
;(13, 10);MoveNorthEast;(15, 7);False;1;1916
;(13, 10);MoveEast;(15, 7);False;1;1917
;(13, 10);MoveEast;(15, 7);False;1;1918
;(13, 10);MoveEast;(15, 7);False;1;1919
;(13, 10);MoveEast;(15, 7);False;1;1920
;(13, 10);MoveEast;(15, 7);False;1;1921
;(13, 10);MoveEast;(15, 7);False;1;1922
;(13, 10);MoveEast;(15, 7);False;1;1923
;(13, 10);MoveEast;(15, 7);False;1;1924
;(13, 10);MoveEast;(15, 7);False;1;1925
;(13, 10);MoveEast;(15, 7);False;1;1926
;(13, 10);MoveEast;(16, 7);False;1;1927
;(13, 10);DropLargeObject;(16, 7);False;1;1928
;(13, 10);DropLargeObject;(16, 7);False;1;1929
;(13, 10);DropLargeObject;(16, 7);False;1;1930
;(13, 10);DropLargeObject;(16, 7);False;1;1931
;(13, 10);DropLargeObject;(16, 7);False;1;1932
;(13, 10);DropLargeObject;(16, 7);False;1;1933
;(13, 10);DropLargeObject;(16, 7);False;1;1934
MoveWest;(12, 10);DropLargeObject;(16, 7);False;1;1935
;(12, 10);DropLargeObject;(16, 7);False;1;1936
;(12, 10);DropLargeObject;(16, 7);False;1;1937
;(12, 10);DropLargeObject;(16, 7);False;1;1938
;(12, 10);;(16, 7);False;1;1939
MoveWest;(11, 10);Idle;(16, 7);False;1;1940
;(11, 10);Idle;(16, 7);False;1;1941
;(11, 10);Idle;(16, 7);False;1;1942
;(11, 10);Idle;(16, 7);False;1;1943
;(11, 10);Idle;(16, 7);False;1;1944
;(11, 10);Idle;(16, 7);False;1;1945
;(11, 10);Idle;(16, 7);False;1;1946
;(11, 10);Idle;(16, 7);False;1;1947
;(11, 10);Idle;(16, 7);False;1;1948
;(11, 10);Idle;(16, 7);False;1;1949
;(11, 10);Idle;(16, 7);False;1;1950
;(11, 10);Idle;(16, 7);False;1;1951
;(11, 10);Idle;(16, 7);False;1;1952
;(11, 10);Idle;(16, 7);False;1;1953
;(11, 10);Idle;(16, 7);False;1;1954
;(11, 10);Idle;(16, 7);False;1;1955
GrabObject;(11, 10);Idle;(16, 7);False;1;1956
;(11, 10);Idle;(16, 7);False;1;1957
;(11, 10);Idle;(16, 7);False;1;1958
;(11, 10);Idle;(16, 7);False;1;1959
;(11, 10);Idle;(16, 7);False;1;1960
;(11, 10);Idle;(16, 7);False;1;1961
;(11, 10);Idle;(16, 7);False;1;1962
;(11, 10);Idle;(16, 7);False;1;1963
;(11, 10);Idle;(16, 7);False;1;1964
MoveNorth;(11, 9);Idle;(16, 7);False;1;1965
;(11, 9);Idle;(16, 7);False;1;1966
;(11, 9);Idle;(16, 7);False;1;1967
;(11, 9);Idle;(16, 7);False;1;1968
;(11, 9);Idle;(16, 7);False;1;1969
;(11, 9);Idle;(16, 7);False;1;1970
;(11, 9);Idle;(16, 7);False;1;1971
;(11, 9);Idle;(16, 7);False;1;1972
;(11, 9);Idle;(16, 7);False;1;1973
;(11, 9);Idle;(16, 7);False;1;1974
;(11, 9);Idle;(16, 7);False;1;1975
;(11, 9);Idle;(16, 7);False;1;1976
MoveNorth;(11, 8);Idle;(16, 7);False;1;1977
;(11, 8);Idle;(16, 7);False;1;1978
;(11, 8);Idle;(16, 7);False;1;1979
;(11, 8);Idle;(16, 7);False;1;1980
MoveEast;(12, 8);Idle;(16, 7);False;1;1981
;(12, 8);Idle;(16, 7);False;1;1982
;(12, 8);Idle;(16, 7);False;1;1983
;(12, 8);Idle;(16, 7);False;1;1984
;(12, 8);Idle;(16, 7);False;1;1985
;(12, 8);Idle;(16, 7);False;1;1986
;(12, 8);Idle;(16, 7);False;1;1987
;(12, 8);Idle;(16, 7);False;1;1988
;(12, 8);Idle;(16, 7);False;1;1989
;(12, 8);Idle;(16, 7);False;1;1990
;(12, 8);Idle;(16, 7);False;1;1991
;(12, 8);Idle;(16, 7);False;1;1992
;(12, 8);Idle;(16, 7);False;1;1993
;(12, 8);Idle;(16, 7);False;1;1994
;(12, 8);;(16, 7);False;1;1995
;(12, 8);Idle;(16, 7);False;1;1996
;(12, 8);Idle;(16, 7);False;1;1997
;(12, 8);Idle;(16, 7);False;1;1998
;(12, 8);Idle;(16, 7);False;1;1999
GrabObject;(12, 8);Idle;(16, 7);False;1;2000
;(12, 8);Idle;(16, 7);False;1;2001
;(12, 8);Idle;(16, 7);False;1;2002
;(12, 8);Idle;(16, 7);False;1;2003
;(12, 8);Idle;(16, 7);False;1;2004
;(12, 8);Idle;(16, 7);False;1;2005
;(12, 8);Idle;(16, 7);False;1;2006
;(12, 8);Idle;(16, 7);False;1;2007
;(12, 8);Idle;(16, 7);False;1;2008
;(12, 8);Idle;(16, 7);False;1;2009
;(12, 8);Idle;(16, 7);False;1;2010
;(12, 8);Idle;(16, 7);False;1;2011
;(12, 8);Idle;(16, 7);False;1;2012
;(12, 8);Idle;(16, 7);False;1;2013
;(12, 8);Idle;(16, 7);False;1;2014
;(12, 8);Idle;(16, 7);False;1;2015
;(12, 8);Idle;(16, 7);False;1;2016
;(12, 8);Idle;(16, 7);False;1;2017
;(12, 8);Idle;(16, 7);False;1;2018
;(12, 8);Idle;(16, 7);False;1;2019
;(12, 8);Idle;(16, 7);False;1;2020
;(12, 8);Idle;(16, 7);False;1;2021
;(12, 8);Idle;(16, 7);False;1;2022
;(12, 8);Idle;(16, 7);False;1;2023
;(12, 8);Idle;(16, 7);False;1;2024
;(12, 8);Idle;(16, 7);False;1;2025
;(12, 8);Idle;(16, 7);False;1;2026
;(12, 8);Idle;(16, 7);False;1;2027
;(12, 8);Idle;(16, 7);False;1;2028
;(12, 8);Idle;(16, 7);False;1;2029
;(12, 8);Idle;(16, 7);False;1;2030
;(12, 8);Idle;(16, 7);False;1;2031
;(12, 8);Idle;(16, 7);False;1;2032
;(12, 8);Idle;(16, 7);False;1;2033
;(12, 8);Idle;(16, 7);False;1;2034
;(12, 8);Idle;(16, 7);False;1;2035
;(12, 8);Idle;(16, 7);False;1;2036
;(12, 8);Idle;(16, 7);False;1;2037
;(12, 8);Idle;(16, 7);False;1;2038
;(12, 8);Idle;(16, 7);False;1;2039
;(12, 8);Idle;(16, 7);False;1;2040
;(12, 8);Idle;(16, 7);False;1;2041
;(12, 8);Idle;(16, 7);False;1;2042
;(12, 8);Idle;(16, 7);False;1;2043
;(12, 8);Idle;(16, 7);False;1;2044
;(12, 8);Idle;(16, 7);False;1;2045
;(12, 8);Idle;(16, 7);False;1;2046
;(12, 8);Idle;(16, 7);False;1;2047
;(12, 8);Idle;(16, 7);False;1;2048
;(12, 8);Idle;(16, 7);False;1;2049
;(12, 8);Idle;(16, 7);False;1;2050
;(12, 8);;(16, 7);False;1;2051
;(12, 8);MoveWest;(16, 7);False;1;2052
;(12, 8);MoveWest;(16, 7);False;1;2053
;(12, 8);MoveWest;(16, 7);False;1;2054
;(12, 8);MoveWest;(16, 7);False;1;2055
;(12, 8);MoveWest;(16, 7);False;1;2056
;(12, 8);MoveWest;(16, 7);False;1;2057
;(12, 8);MoveWest;(16, 7);False;1;2058
;(12, 8);MoveWest;(16, 7);False;1;2059
;(12, 8);MoveWest;(16, 7);False;1;2060
;(12, 8);MoveWest;(16, 7);False;1;2061
;(12, 8);MoveWest;(15, 7);False;1;2062
;(12, 8);MoveWest;(15, 7);False;1;2063
;(12, 8);MoveWest;(15, 7);False;1;2064
;(12, 8);MoveWest;(15, 7);False;1;2065
;(12, 8);MoveWest;(15, 7);False;1;2066
;(12, 8);MoveWest;(15, 7);False;1;2067
;(12, 8);MoveWest;(15, 7);False;1;2068
;(12, 8);MoveWest;(15, 7);False;1;2069
;(12, 8);MoveWest;(15, 7);False;1;2070
;(12, 8);MoveWest;(15, 7);False;1;2071
;(12, 8);MoveWest;(15, 7);False;1;2072
;(12, 8);MoveWest;(14, 7);False;1;2073
;(12, 8);MoveWest;(14, 7);False;1;2074
;(12, 8);MoveWest;(14, 7);False;1;2075
;(12, 8);MoveWest;(14, 7);False;1;2076
;(12, 8);MoveWest;(14, 7);False;1;2077
;(12, 8);MoveWest;(14, 7);False;1;2078
;(12, 8);MoveWest;(14, 7);False;1;2079
;(12, 8);MoveWest;(14, 7);False;1;2080
;(12, 8);MoveWest;(14, 7);False;1;2081
;(12, 8);MoveWest;(14, 7);False;1;2082
;(12, 8);MoveWest;(14, 7);False;1;2083
;(12, 8);MoveWest;(13, 7);False;1;2084
;(12, 8);MoveWest;(13, 7);False;1;2085
;(12, 8);MoveWest;(13, 7);False;1;2086
;(12, 8);MoveWest;(13, 7);False;1;2087
;(12, 8);MoveWest;(13, 7);False;1;2088
;(12, 8);MoveWest;(13, 7);False;1;2089
;(12, 8);MoveWest;(13, 7);False;1;2090
;(12, 8);MoveWest;(13, 7);False;1;2091
;(12, 8);MoveWest;(13, 7);False;1;2092
;(12, 8);MoveWest;(13, 7);False;1;2093
;(12, 8);MoveWest;(13, 7);False;1;2094
;(12, 8);MoveWest;(12, 7);False;1;2095
;(12, 8);MoveSouthWest;(12, 7);False;1;2096
;(12, 8);MoveSouthWest;(12, 7);False;1;2097
;(12, 8);MoveSouthWest;(12, 7);False;1;2098
;(12, 8);MoveSouthWest;(12, 7);False;1;2099
;(12, 8);MoveSouthWest;(12, 7);False;1;2100
;(12, 8);MoveSouthWest;(12, 7);False;1;2101
;(12, 8);MoveSouthWest;(12, 7);False;1;2102
;(12, 8);MoveSouthWest;(12, 7);False;1;2103
;(12, 8);MoveSouthWest;(12, 7);False;1;2104
;(12, 8);MoveSouthWest;(12, 7);False;1;2105
;(12, 8);MoveSouthWest;(11, 8);False;1;2106
;(12, 8);BreakObject;(11, 8);False;1;2107
;(12, 8);BreakObject;(11, 8);False;1;2108
;(12, 8);BreakObject;(11, 8);False;1;2109
;(12, 8);BreakObject;(11, 8);False;1;2110
;(12, 8);BreakObject;(11, 8);False;1;2111
;(12, 8);BreakObject;(11, 8);False;1;2112
;(12, 8);BreakObject;(11, 8);False;1;2113
;(12, 8);BreakObject;(11, 8);False;1;2114
;(12, 8);BreakObject;(11, 8);False;1;2115
;(12, 8);BreakObject;(11, 8);False;1;2116
;(12, 8);BreakObject;(11, 8);False;1;2117
;(12, 8);;(11, 8);False;1;2118
;(12, 8);MoveSouthWest;(11, 8);False;1;2119
;(12, 8);MoveSouthWest;(11, 8);False;1;2120
;(12, 8);MoveSouthWest;(11, 8);False;1;2121
;(12, 8);MoveSouthWest;(11, 8);False;1;2122
;(12, 8);MoveSouthWest;(11, 8);False;1;2123
;(12, 8);MoveSouthWest;(11, 8);False;1;2124
;(12, 8);MoveSouthWest;(11, 8);False;1;2125
;(12, 8);MoveSouthWest;(11, 8);False;1;2126
;(12, 8);MoveSouthWest;(11, 8);False;1;2127
;(12, 8);MoveSouthWest;(11, 8);False;1;2128
;(12, 8);MoveSouthWest;(10, 9);False;1;2129
;(12, 8);MoveSouthWest;(10, 9);False;1;2130
;(12, 8);MoveSouthWest;(10, 9);False;1;2131
;(12, 8);MoveSouthWest;(10, 9);False;1;2132
;(12, 8);MoveSouthWest;(10, 9);False;1;2133
;(12, 8);MoveSouthWest;(10, 9);False;1;2134
;(12, 8);MoveSouthWest;(10, 9);False;1;2135
;(12, 8);MoveSouthWest;(10, 9);False;1;2136
;(12, 8);MoveSouthWest;(10, 9);False;1;2137
;(12, 8);MoveSouthWest;(10, 9);False;1;2138
;(12, 8);MoveSouthWest;(10, 9);False;1;2139
;(12, 8);MoveSouthWest;(9, 10);False;1;2140
;(12, 8);GrabLargeObject;(9, 10);False;1;2141
;(12, 8);GrabLargeObject;(9, 10);False;1;2142
;(12, 8);GrabLargeObject;(9, 10);False;1;2143
;(12, 8);GrabLargeObject;(9, 10);False;1;2144
;(12, 8);GrabLargeObject;(9, 10);False;1;2145
;(12, 8);GrabLargeObject;(9, 10);False;1;2146
;(12, 8);GrabLargeObject;(9, 10);False;1;2147
;(12, 8);GrabLargeObject;(9, 10);False;1;2148
;(12, 8);GrabLargeObject;(9, 10);False;1;2149
;(12, 8);GrabLargeObject;(9, 10);False;1;2150
;(12, 8);GrabLargeObject;(9, 10);False;1;2151
;(12, 8);;(9, 10);False;1;2152
;(12, 8);Idle;(9, 10);False;1;2153
;(12, 8);Idle;(9, 10);False;1;2154
;(12, 8);Idle;(9, 10);False;1;2155
;(12, 8);Idle;(9, 10);False;1;2156
;(12, 8);Idle;(9, 10);False;1;2157
;(12, 8);Idle;(9, 10);False;1;2158
;(12, 8);Idle;(9, 10);False;1;2159
;(12, 8);Idle;(9, 10);False;1;2160
;(12, 8);Idle;(9, 10);False;1;2161
;(12, 8);Idle;(9, 10);False;1;2162
;(12, 8);Idle;(9, 10);False;1;2163
;(12, 8);Idle;(9, 10);False;1;2164
;(12, 8);Idle;(9, 10);False;1;2165
;(12, 8);Idle;(9, 10);False;1;2166
;(12, 8);Idle;(9, 10);False;1;2167
;(12, 8);Idle;(9, 10);False;1;2168
;(12, 8);Idle;(9, 10);False;1;2169
;(12, 8);Idle;(9, 10);False;1;2170
;(12, 8);Idle;(9, 10);False;1;2171
;(12, 8);Idle;(9, 10);False;1;2172
;(12, 8);Idle;(9, 10);False;1;2173
;(12, 8);Idle;(9, 10);False;1;2174
;(12, 8);Idle;(9, 10);False;1;2175
;(12, 8);Idle;(9, 10);False;1;2176
;(12, 8);Idle;(9, 10);False;1;2177
;(12, 8);Idle;(9, 10);False;1;2178
;(12, 8);Idle;(9, 10);False;1;2179
;(12, 8);Idle;(9, 10);False;1;2180
;(12, 8);Idle;(9, 10);False;1;2181
;(12, 8);Idle;(9, 10);False;1;2182
;(12, 8);Idle;(9, 10);False;1;2183
;(12, 8);Idle;(9, 10);False;1;2184
;(12, 8);Idle;(9, 10);False;1;2185
;(12, 8);Idle;(9, 10);False;1;2186
;(12, 8);Idle;(9, 10);False;1;2187
;(12, 8);Idle;(9, 10);False;1;2188
;(12, 8);Idle;(9, 10);False;1;2189
;(12, 8);Idle;(9, 10);False;1;2190
;(12, 8);Idle;(9, 10);False;1;2191
;(12, 8);Idle;(9, 10);False;1;2192
MoveSouth;(12, 9);Idle;(9, 10);False;1;2193
;(12, 9);Idle;(9, 10);False;1;2194
;(12, 9);Idle;(9, 10);False;1;2195
;(12, 9);Idle;(9, 10);False;1;2196
;(12, 9);Idle;(9, 10);False;1;2197
;(12, 9);Idle;(9, 10);False;1;2198
;(12, 9);Idle;(9, 10);False;1;2199
MoveWest;(11, 9);Idle;(9, 10);False;1;2200
;(11, 9);Idle;(9, 10);False;1;2201
;(11, 9);Idle;(9, 10);False;1;2202
;(11, 9);Idle;(9, 10);False;1;2203
;(11, 9);Idle;(9, 10);False;1;2204
;(11, 9);Idle;(9, 10);False;1;2205
;(11, 9);Idle;(9, 10);False;1;2206
;(11, 9);Idle;(9, 10);False;1;2207
;(11, 9);;(9, 10);False;1;2208
;(11, 9);MoveNorthEast;(9, 10);False;1;2209
;(11, 9);MoveNorthEast;(9, 10);False;1;2210
;(11, 9);MoveNorthEast;(9, 10);False;1;2211
GrabObject;(11, 9);MoveNorthEast;(9, 10);False;1;2212
;(11, 9);MoveNorthEast;(9, 10);False;1;2213
;(11, 9);MoveNorthEast;(9, 10);False;1;2214
;(11, 9);MoveNorthEast;(9, 10);False;1;2215
;(11, 9);MoveNorthEast;(9, 10);False;1;2216
MoveEast;(12, 9);MoveNorthEast;(9, 10);False;1;2217
MoveEast;(13, 9);MoveNorthEast;(9, 10);False;1;2218
;(13, 9);MoveNorthEast;(10, 9);False;1;2219
;(13, 9);MoveEast;(10, 9);False;1;2220
;(13, 9);MoveEast;(10, 9);False;1;2221
MoveEast;(14, 9);MoveEast;(10, 9);False;1;2222
;(14, 9);MoveEast;(10, 9);False;1;2223
MoveEast;(15, 9);MoveEast;(10, 9);False;1;2224
;(15, 9);MoveEast;(10, 9);False;1;2225
;(15, 9);MoveEast;(10, 9);False;1;2226
MoveEast;(16, 9);MoveEast;(10, 9);False;1;2227
;(16, 9);MoveEast;(10, 9);False;1;2228
MoveEast;(17, 9);MoveEast;(10, 9);False;1;2229
;(17, 9);MoveEast;(11, 9);False;1;2230
;(17, 9);Idle;(11, 9);False;1;2231
MoveEast;(18, 9);Idle;(11, 9);False;1;2232
;(18, 9);Idle;(11, 9);False;1;2233
DropObject;(18, 9);Idle;(11, 9);False;1;2234
;(18, 9);Idle;(11, 9);False;1;2235
;(18, 9);Idle;(11, 9);False;1;2236
MoveWest;(17, 9);Idle;(11, 9);False;1;2237
;(17, 9);Idle;(11, 9);False;1;2238
;(17, 9);Idle;(11, 9);False;1;2239
MoveWest;(16, 9);Idle;(11, 9);False;1;2240
;(16, 9);Idle;(11, 9);False;1;2241
;(16, 9);Idle;(11, 9);False;1;2242
MoveWest;(15, 9);Idle;(11, 9);False;1;2243
;(15, 9);Idle;(11, 9);False;1;2244
;(15, 9);Idle;(11, 9);False;1;2245
MoveWest;(14, 9);Idle;(11, 9);False;1;2246
;(14, 9);Idle;(11, 9);False;1;2247
;(14, 9);Idle;(11, 9);False;1;2248
;(14, 9);Idle;(11, 9);False;1;2249
;(14, 9);Idle;(11, 9);False;1;2250
;(14, 9);Idle;(11, 9);False;1;2251
MoveWest;(13, 9);Idle;(11, 9);False;1;2252
;(13, 9);Idle;(11, 9);False;1;2253
;(13, 9);Idle;(11, 9);False;1;2254
MoveWest;(12, 9);Idle;(11, 9);False;1;2255
;(12, 9);Idle;(11, 9);False;1;2256
;(12, 9);Idle;(11, 9);False;1;2257
;(12, 9);Idle;(11, 9);False;1;2258
;(12, 9);Idle;(11, 9);False;1;2259
;(12, 9);Idle;(11, 9);False;1;2260
;(12, 9);Idle;(11, 9);False;1;2261
;(12, 9);Idle;(11, 9);False;1;2262
;(12, 9);Idle;(11, 9);False;1;2263
;(12, 9);Idle;(11, 9);False;1;2264
;(12, 9);Idle;(11, 9);False;1;2265
;(12, 9);Idle;(11, 9);False;1;2266
;(12, 9);Idle;(11, 9);False;1;2267
;(12, 9);Idle;(11, 9);False;1;2268
;(12, 9);Idle;(11, 9);False;1;2269
;(12, 9);Idle;(11, 9);False;1;2270
;(12, 9);Idle;(11, 9);False;1;2271
;(12, 9);Idle;(11, 9);False;1;2272
;(12, 9);Idle;(11, 9);False;1;2273
;(12, 9);Idle;(11, 9);False;1;2274
;(12, 9);Idle;(11, 9);False;1;2275
;(12, 9);Idle;(11, 9);False;1;2276
;(12, 9);Idle;(11, 9);False;1;2277
;(12, 9);Idle;(11, 9);False;1;2278
;(12, 9);Idle;(11, 9);False;1;2279
MoveSouth;(12, 10);Idle;(11, 9);False;1;2280
;(12, 10);Idle;(11, 9);False;1;2281
;(12, 10);Idle;(11, 9);False;1;2282
;(12, 10);Idle;(11, 9);False;1;2283
;(12, 10);Idle;(11, 9);False;1;2284
MoveWest;(11, 10);Idle;(11, 9);False;1;2285
;(11, 10);;(11, 9);False;1;2286
;(11, 10);MoveSouth;(11, 9);False;1;2287
;(11, 10);MoveSouth;(11, 9);False;1;2288
;(11, 10);MoveSouth;(11, 9);False;1;2289
;(11, 10);MoveSouth;(11, 9);False;1;2290
;(11, 10);MoveSouth;(11, 9);False;1;2291
;(11, 10);MoveSouth;(11, 9);False;1;2292
;(11, 10);MoveSouth;(11, 9);False;1;2293
;(11, 10);MoveSouth;(11, 9);False;1;2294
GrabObject;(11, 10);MoveSouth;(11, 9);False;1;2295
;(11, 10);MoveSouth;(11, 9);False;1;2296
MoveEast;(12, 10);MoveSouth;(11, 10);False;1;2297
;(12, 10);Idle;(11, 10);False;1;2298
;(12, 10);Idle;(11, 10);False;1;2299
;(12, 10);Idle;(11, 10);False;1;2300
MoveEast;(13, 10);Idle;(11, 10);False;1;2301
;(13, 10);Idle;(11, 10);False;1;2302
;(13, 10);Idle;(11, 10);False;1;2303
;(13, 10);Idle;(11, 10);False;1;2304
MoveEast;(14, 10);Idle;(11, 10);False;1;2305
;(14, 10);Idle;(11, 10);False;1;2306
;(14, 10);Idle;(11, 10);False;1;2307
MoveEast;(15, 10);Idle;(11, 10);False;1;2308
;(15, 10);Idle;(11, 10);False;1;2309
;(15, 10);Idle;(11, 10);False;1;2310
MoveEast;(16, 10);Idle;(11, 10);False;1;2311
;(16, 10);Idle;(11, 10);False;1;2312
MoveEast;(17, 10);Idle;(11, 10);False;1;2313
;(17, 10);Idle;(11, 10);False;1;2314
;(17, 10);Idle;(11, 10);False;1;2315
;(17, 10);Idle;(11, 10);False;1;2316
DropObject;(17, 10);Idle;(11, 10);False;1;2317
;(17, 10);Idle;(11, 10);False;1;2318
;(17, 10);Idle;(11, 10);False;1;2319
;(17, 10);Idle;(11, 10);False;1;2320
MoveWest;(16, 10);Idle;(11, 10);False;1;2321
;(16, 10);Idle;(11, 10);False;1;2322
;(16, 10);Idle;(11, 10);False;1;2323
;(16, 10);Idle;(11, 10);False;1;2324
MoveWest;(15, 10);Idle;(11, 10);False;1;2325
;(15, 10);Idle;(11, 10);False;1;2326
;(15, 10);Idle;(11, 10);False;1;2327
MoveWest;(14, 10);Idle;(11, 10);False;1;2328
;(14, 10);Idle;(11, 10);False;1;2329
MoveWest;(13, 10);Idle;(11, 10);False;1;2330
;(13, 10);Idle;(11, 10);False;1;2331
;(13, 10);Idle;(11, 10);False;1;2332
MoveWest;(12, 10);Idle;(11, 10);False;1;2333
;(12, 10);Idle;(11, 10);False;1;2334
;(12, 10);Idle;(11, 10);False;1;2335
MoveWest;(11, 10);Idle;(11, 10);False;1;2336
;(11, 10);Idle;(11, 10);False;1;2337
;(11, 10);Idle;(11, 10);False;1;2338
MoveWest;(10, 10);Idle;(11, 10);False;1;2339
;(10, 10);Idle;(11, 10);False;1;2340
;(10, 10);Idle;(11, 10);False;1;2341
;(10, 10);Idle;(11, 10);False;1;2342
;(10, 10);Idle;(11, 10);False;1;2343
;(10, 10);Idle;(11, 10);False;1;2344
;(10, 10);Idle;(11, 10);False;1;2345
;(10, 10);Idle;(11, 10);False;1;2346
MoveEast;(11, 10);Idle;(11, 10);False;1;2347
;(11, 10);Idle;(11, 10);False;1;2348
;(11, 10);Idle;(11, 10);False;1;2349
;(11, 10);Idle;(11, 10);False;1;2350
;(11, 10);Idle;(11, 10);False;1;2351
;(11, 10);Idle;(11, 10);False;1;2352
;(11, 10);;(11, 10);False;1;2353
;(11, 10);Idle;(11, 10);False;1;2354
;(11, 10);Idle;(11, 10);False;1;2355
;(11, 10);Idle;(11, 10);False;1;2356
GrabObject;(11, 10);Idle;(11, 10);False;1;2357
;(11, 10);Idle;(11, 10);False;1;2358
;(11, 10);Idle;(11, 10);False;1;2359
MoveEast;(12, 10);Idle;(11, 10);False;1;2360
;(12, 10);Idle;(11, 10);False;1;2361
MoveEast;(13, 10);Idle;(11, 10);False;1;2362
;(13, 10);Idle;(11, 10);False;1;2363
;(13, 10);Idle;(11, 10);False;1;2364
MoveEast;(14, 10);Idle;(11, 10);False;1;2365
;(14, 10);Idle;(11, 10);False;1;2366
;(14, 10);Idle;(11, 10);False;1;2367
MoveEast;(15, 10);Idle;(11, 10);False;1;2368
;(15, 10);Idle;(11, 10);False;1;2369
;(15, 10);Idle;(11, 10);False;1;2370
;(15, 10);Idle;(11, 10);False;1;2371
;(15, 10);Idle;(11, 10);False;1;2372
;(15, 10);Idle;(11, 10);False;1;2373
;(15, 10);Idle;(11, 10);False;1;2374
;(15, 10);Idle;(11, 10);False;1;2375
;(15, 10);Idle;(11, 10);False;1;2376
;(15, 10);Idle;(11, 10);False;1;2377
;(15, 10);Idle;(11, 10);False;1;2378
;(15, 10);Idle;(11, 10);False;1;2379
;(15, 10);Idle;(11, 10);False;1;2380
DropObject;(15, 10);Idle;(11, 10);False;1;2381
MoveWest;(14, 10);Idle;(11, 10);False;1;2382
;(14, 10);Idle;(11, 10);False;1;2383
;(14, 10);Idle;(11, 10);False;1;2384
MoveWest;(13, 10);Idle;(11, 10);False;1;2385
;(13, 10);Idle;(11, 10);False;1;2386
;(13, 10);Idle;(11, 10);False;1;2387
MoveWest;(12, 10);Idle;(11, 10);False;1;2388
;(12, 10);Idle;(11, 10);False;1;2389
;(12, 10);Idle;(11, 10);False;1;2390
MoveWest;(11, 10);Idle;(11, 10);False;1;2391
;(11, 10);Idle;(11, 10);False;1;2392
;(11, 10);Idle;(11, 10);False;1;2393
;(11, 10);Idle;(11, 10);False;1;2394
;(11, 10);Idle;(11, 10);False;1;2395
;(11, 10);Idle;(11, 10);False;1;2396
;(11, 10);Idle;(11, 10);False;1;2397
;(11, 10);Idle;(11, 10);False;1;2398
;(11, 10);Idle;(11, 10);False;1;2399
;(11, 10);Idle;(11, 10);False;1;2400
;(11, 10);Idle;(11, 10);False;1;2401
;(11, 10);Idle;(11, 10);False;1;2402
;(11, 10);Idle;(11, 10);False;1;2403
;(11, 10);Idle;(11, 10);False;1;2404
;(11, 10);Idle;(11, 10);False;1;2405
;(11, 10);Idle;(11, 10);False;1;2406
;(11, 10);Idle;(11, 10);False;1;2407
;(11, 10);Idle;(11, 10);False;1;2408
GrabObject;(11, 10);;(11, 10);False;1;2409
;(11, 10);Idle;(11, 10);False;1;2410
MoveEast;(12, 10);Idle;(11, 10);False;1;2411
;(12, 10);Idle;(11, 10);False;1;2412
;(12, 10);Idle;(11, 10);False;1;2413
MoveEast;(13, 10);Idle;(11, 10);False;1;2414
;(13, 10);Idle;(11, 10);False;1;2415
;(13, 10);Idle;(11, 10);False;1;2416
;(13, 10);Idle;(11, 10);False;1;2417
MoveEast;(14, 10);Idle;(11, 10);False;1;2418
;(14, 10);Idle;(11, 10);False;1;2419
;(14, 10);Idle;(11, 10);False;1;2420
;(14, 10);Idle;(11, 10);False;1;2421
;(14, 10);Idle;(11, 10);False;1;2422
;(14, 10);Idle;(11, 10);False;1;2423
;(14, 10);Idle;(11, 10);False;1;2424
MoveEast;(15, 10);Idle;(11, 10);False;1;2425
;(15, 10);Idle;(11, 10);False;1;2426
;(15, 10);Idle;(11, 10);False;1;2427
;(15, 10);Idle;(11, 10);False;1;2428
MoveEast;(16, 10);Idle;(11, 10);False;1;2429
;(16, 10);Idle;(11, 10);False;1;2430
DropObject;(16, 10);Idle;(11, 10);False;1;2431
;(16, 10);Idle;(11, 10);False;1;2432
MoveWest;(15, 10);Idle;(11, 10);False;1;2433
;(15, 10);Idle;(11, 10);False;1;2434
;(15, 10);Idle;(11, 10);False;1;2435
;(15, 10);Idle;(11, 10);False;1;2436
MoveWest;(14, 10);Idle;(11, 10);False;1;2437
;(14, 10);Idle;(11, 10);False;1;2438
;(14, 10);Idle;(11, 10);False;1;2439
;(14, 10);Idle;(11, 10);False;1;2440
MoveWest;(13, 10);Idle;(11, 10);False;1;2441
;(13, 10);Idle;(11, 10);False;1;2442
MoveWest;(12, 10);Idle;(11, 10);False;1;2443
;(12, 10);Idle;(11, 10);False;1;2444
;(12, 10);Idle;(11, 10);False;1;2445
MoveWest;(11, 10);Idle;(11, 10);False;1;2446
;(11, 10);Idle;(11, 10);False;1;2447
;(11, 10);Idle;(11, 10);False;1;2448
MoveWest;(10, 10);Idle;(11, 10);False;1;2449
;(10, 10);Idle;(11, 10);False;1;2450
;(10, 10);Idle;(11, 10);False;1;2451
MoveWest;(9, 10);Idle;(11, 10);False;1;2452
;(9, 10);Idle;(11, 10);False;1;2453
;(9, 10);Idle;(11, 10);False;1;2454
;(9, 10);Idle;(11, 10);False;1;2455
;(9, 10);Idle;(11, 10);False;1;2456
MoveWest;(8, 10);Idle;(11, 10);False;1;2457
;(8, 10);Idle;(11, 10);False;1;2458
;(8, 10);Idle;(11, 10);False;1;2459
;(8, 10);Idle;(11, 10);False;1;2460
;(8, 10);Idle;(11, 10);False;1;2461
;(8, 10);Idle;(11, 10);False;1;2462
;(8, 10);Idle;(11, 10);False;1;2463
;(8, 10);Idle;(11, 10);False;1;2464
MoveNorth;(8, 9);;(11, 10);False;1;2465
;(8, 9);MoveWest;(11, 10);False;1;2466
;(8, 9);MoveWest;(11, 10);False;1;2467
;(8, 9);MoveWest;(11, 10);False;1;2468
;(8, 9);MoveWest;(11, 10);False;1;2469
;(8, 9);MoveWest;(11, 10);False;1;2470
;(8, 9);MoveWest;(11, 10);False;1;2471
;(8, 9);MoveWest;(11, 10);False;1;2472
;(8, 9);MoveWest;(11, 10);False;1;2473
;(8, 9);MoveWest;(11, 10);False;1;2474
;(8, 9);MoveWest;(11, 10);False;1;2475
;(8, 9);MoveWest;(10, 10);False;1;2476
;(8, 9);MoveWest;(10, 10);False;1;2477
;(8, 9);MoveWest;(10, 10);False;1;2478
;(8, 9);MoveWest;(10, 10);False;1;2479
;(8, 9);MoveWest;(10, 10);False;1;2480
;(8, 9);MoveWest;(10, 10);False;1;2481
;(8, 9);MoveWest;(10, 10);False;1;2482
;(8, 9);MoveWest;(10, 10);False;1;2483
GrabObject;(8, 9);MoveWest;(10, 10);False;1;2484
;(8, 9);MoveWest;(10, 10);False;1;2485
;(8, 9);MoveWest;(10, 10);False;1;2486
;(8, 9);MoveWest;(9, 10);False;1;2487
;(8, 9);MoveWest;(9, 10);False;1;2488
;(8, 9);MoveWest;(9, 10);False;1;2489
;(8, 9);MoveWest;(9, 10);False;1;2490
;(8, 9);MoveWest;(9, 10);False;1;2491
;(8, 9);MoveWest;(9, 10);False;1;2492
;(8, 9);MoveWest;(9, 10);False;1;2493
;(8, 9);MoveWest;(9, 10);False;1;2494
;(8, 9);MoveWest;(9, 10);False;1;2495
;(8, 9);MoveWest;(9, 10);False;1;2496
MoveNorth;(8, 8);MoveWest;(9, 10);False;1;2497
;(8, 8);MoveWest;(8, 10);False;1;2498
;(8, 8);Idle;(8, 10);False;1;2499
;(8, 8);Idle;(8, 10);False;1;2500
;(8, 8);Idle;(8, 10);False;1;2501
;(8, 8);Idle;(8, 10);False;1;2502
;(8, 8);Idle;(8, 10);False;1;2503
;(8, 8);Idle;(8, 10);False;1;2504
;(8, 8);Idle;(8, 10);False;1;2505
;(8, 8);Idle;(8, 10);False;1;2506
;(8, 8);Idle;(8, 10);False;1;2507
;(8, 8);Idle;(8, 10);False;1;2508
;(8, 8);Idle;(8, 10);False;1;2509
;(8, 8);Idle;(8, 10);False;1;2510
;(8, 8);Idle;(8, 10);False;1;2511
;(8, 8);Idle;(8, 10);False;1;2512
;(8, 8);Idle;(8, 10);False;1;2513
;(8, 8);Idle;(8, 10);False;1;2514
MoveNorth;(8, 7);Idle;(8, 10);False;1;2515
;(8, 7);Idle;(8, 10);False;1;2516
;(8, 7);Idle;(8, 10);False;1;2517
;(8, 7);Idle;(8, 10);False;1;2518
;(8, 7);Idle;(8, 10);False;1;2519
;(8, 7);Idle;(8, 10);False;1;2520
;(8, 7);Idle;(8, 10);False;1;2521
;(8, 7);Idle;(8, 10);False;1;2522
;(8, 7);Idle;(8, 10);False;1;2523
;(8, 7);Idle;(8, 10);False;1;2524
;(8, 7);Idle;(8, 10);False;1;2525
;(8, 7);Idle;(8, 10);False;1;2526
;(8, 7);Idle;(8, 10);False;1;2527
;(8, 7);Idle;(8, 10);False;1;2528
;(8, 7);Idle;(8, 10);False;1;2529
;(8, 7);Idle;(8, 10);False;1;2530
;(8, 7);Idle;(8, 10);False;1;2531
;(8, 7);Idle;(8, 10);False;1;2532
;(8, 7);Idle;(8, 10);False;1;2533
;(8, 7);Idle;(8, 10);False;1;2534
;(8, 7);Idle;(8, 10);False;1;2535
;(8, 7);Idle;(8, 10);False;1;2536
;(8, 7);Idle;(8, 10);False;1;2537
;(8, 7);Idle;(8, 10);False;1;2538
;(8, 7);Idle;(8, 10);False;1;2539
;(8, 7);Idle;(8, 10);False;1;2540
;(8, 7);Idle;(8, 10);False;1;2541
;(8, 7);Idle;(8, 10);False;1;2542
;(8, 7);Idle;(8, 10);False;1;2543
;(8, 7);Idle;(8, 10);False;1;2544
;(8, 7);Idle;(8, 10);False;1;2545
;(8, 7);Idle;(8, 10);False;1;2546
;(8, 7);Idle;(8, 10);False;1;2547
;(8, 7);Idle;(8, 10);False;1;2548
;(8, 7);Idle;(8, 10);False;1;2549
;(8, 7);Idle;(8, 10);False;1;2550
;(8, 7);Idle;(8, 10);False;1;2551
;(8, 7);Idle;(8, 10);False;1;2552
;(8, 7);Idle;(8, 10);False;1;2553
;(8, 7);;(8, 10);False;1;2554
;(8, 7);MoveEast;(8, 10);False;1;2555
;(8, 7);MoveEast;(8, 10);False;1;2556
;(8, 7);MoveEast;(8, 10);False;1;2557
;(8, 7);MoveEast;(8, 10);False;1;2558
;(8, 7);MoveEast;(8, 10);False;1;2559
;(8, 7);MoveEast;(8, 10);False;1;2560
;(8, 7);MoveEast;(8, 10);False;1;2561
;(8, 7);MoveEast;(8, 10);False;1;2562
;(8, 7);MoveEast;(8, 10);False;1;2563
;(8, 7);MoveEast;(8, 10);False;1;2564
;(8, 7);MoveEast;(9, 10);False;1;2565
;(8, 7);MoveEast;(9, 10);False;1;2566
;(8, 7);MoveEast;(9, 10);False;1;2567
;(8, 7);MoveEast;(9, 10);False;1;2568
;(8, 7);MoveEast;(9, 10);False;1;2569
;(8, 7);MoveEast;(9, 10);False;1;2570
;(8, 7);MoveEast;(9, 10);False;1;2571
;(8, 7);MoveEast;(9, 10);False;1;2572
;(8, 7);MoveEast;(9, 10);False;1;2573
;(8, 7);MoveEast;(9, 10);False;1;2574
;(8, 7);MoveEast;(9, 10);False;1;2575
;(8, 7);MoveEast;(10, 10);False;1;2576
;(8, 7);MoveWest;(10, 10);False;1;2577
;(8, 7);MoveWest;(10, 10);False;1;2578
;(8, 7);MoveWest;(10, 10);False;1;2579
;(8, 7);MoveWest;(10, 10);False;1;2580
;(8, 7);MoveWest;(10, 10);False;1;2581
;(8, 7);MoveWest;(10, 10);False;1;2582
;(8, 7);MoveWest;(10, 10);False;1;2583
;(8, 7);MoveWest;(10, 10);False;1;2584
;(8, 7);MoveWest;(10, 10);False;1;2585
;(8, 7);MoveWest;(10, 10);False;1;2586
;(8, 7);MoveWest;(9, 10);False;1;2587
;(8, 7);MoveWest;(9, 10);False;1;2588
;(8, 7);MoveWest;(9, 10);False;1;2589
;(8, 7);MoveWest;(9, 10);False;1;2590
;(8, 7);MoveWest;(9, 10);False;1;2591
;(8, 7);MoveWest;(9, 10);False;1;2592
;(8, 7);MoveWest;(9, 10);False;1;2593
;(8, 7);MoveWest;(9, 10);False;1;2594
;(8, 7);MoveWest;(9, 10);False;1;2595
;(8, 7);MoveWest;(9, 10);False;1;2596
;(8, 7);MoveWest;(9, 10);False;1;2597
;(8, 7);MoveWest;(8, 10);False;1;2598
;(8, 7);MoveEast;(8, 10);False;1;2599
;(8, 7);MoveEast;(8, 10);False;1;2600
;(8, 7);MoveEast;(8, 10);False;1;2601
;(8, 7);MoveEast;(8, 10);False;1;2602
;(8, 7);MoveEast;(8, 10);False;1;2603
;(8, 7);MoveEast;(8, 10);False;1;2604
;(8, 7);MoveEast;(8, 10);False;1;2605
;(8, 7);MoveEast;(8, 10);False;1;2606
;(8, 7);MoveEast;(8, 10);False;1;2607
;(8, 7);MoveEast;(8, 10);False;1;2608
;(8, 7);MoveEast;(9, 10);False;1;2609
;(8, 7);MoveEast;(9, 10);False;1;2610
;(8, 7);MoveEast;(9, 10);False;1;2611
;(8, 7);MoveEast;(9, 10);False;1;2612
;(8, 7);MoveEast;(9, 10);False;1;2613
;(8, 7);MoveEast;(9, 10);False;1;2614
;(8, 7);MoveEast;(9, 10);False;1;2615
;(8, 7);MoveEast;(9, 10);False;1;2616
;(8, 7);MoveEast;(9, 10);False;1;2617
;(8, 7);MoveEast;(9, 10);False;1;2618
;(8, 7);MoveEast;(9, 10);False;1;2619
;(8, 7);MoveEast;(10, 10);False;1;2620
;(8, 7);MoveWest;(10, 10);False;1;2621
;(8, 7);MoveWest;(10, 10);False;1;2622
;(8, 7);MoveWest;(10, 10);False;1;2623
;(8, 7);MoveWest;(10, 10);False;1;2624
;(8, 7);MoveWest;(10, 10);False;1;2625
;(8, 7);MoveWest;(10, 10);False;1;2626
;(8, 7);MoveWest;(10, 10);False;1;2627
;(8, 7);MoveWest;(10, 10);False;1;2628
;(8, 7);MoveWest;(10, 10);False;1;2629
;(8, 7);MoveWest;(10, 10);False;1;2630
;(8, 7);MoveWest;(9, 10);False;1;2631
;(8, 7);MoveWest;(9, 10);False;1;2632
;(8, 7);MoveWest;(9, 10);False;1;2633
;(8, 7);MoveWest;(9, 10);False;1;2634
;(8, 7);MoveWest;(9, 10);False;1;2635
;(8, 7);MoveWest;(9, 10);False;1;2636
;(8, 7);MoveWest;(9, 10);False;1;2637
;(8, 7);MoveWest;(9, 10);False;1;2638
;(8, 7);MoveWest;(9, 10);False;1;2639
;(8, 7);MoveWest;(9, 10);False;1;2640
;(8, 7);MoveWest;(9, 10);False;1;2641
;(8, 7);MoveWest;(8, 10);False;1;2642
;(8, 7);MoveEast;(8, 10);False;1;2643
;(8, 7);MoveEast;(8, 10);False;1;2644
;(8, 7);MoveEast;(8, 10);False;1;2645
;(8, 7);MoveEast;(8, 10);False;1;2646
;(8, 7);MoveEast;(8, 10);False;1;2647
;(8, 7);MoveEast;(8, 10);False;1;2648
;(8, 7);MoveEast;(8, 10);False;1;2649
;(8, 7);MoveEast;(8, 10);False;1;2650
;(8, 7);MoveEast;(8, 10);False;1;2651
;(8, 7);MoveEast;(8, 10);False;1;2652
;(8, 7);MoveEast;(9, 10);False;1;2653
;(8, 7);MoveEast;(9, 10);False;1;2654
;(8, 7);MoveEast;(9, 10);False;1;2655
;(8, 7);MoveEast;(9, 10);False;1;2656
;(8, 7);MoveEast;(9, 10);False;1;2657
;(8, 7);MoveEast;(9, 10);False;1;2658
;(8, 7);MoveEast;(9, 10);False;1;2659
;(8, 7);MoveEast;(9, 10);False;1;2660
;(8, 7);MoveEast;(9, 10);False;1;2661
;(8, 7);MoveEast;(9, 10);False;1;2662
;(8, 7);MoveEast;(9, 10);False;1;2663
;(8, 7);MoveEast;(10, 10);False;1;2664
;(8, 7);MoveWest;(10, 10);False;1;2665
;(8, 7);MoveWest;(10, 10);False;1;2666
;(8, 7);MoveWest;(10, 10);False;1;2667
;(8, 7);MoveWest;(10, 10);False;1;2668
;(8, 7);MoveWest;(10, 10);False;1;2669
;(8, 7);MoveWest;(10, 10);False;1;2670
;(8, 7);MoveWest;(10, 10);False;1;2671
;(8, 7);MoveWest;(10, 10);False;1;2672
;(8, 7);MoveWest;(10, 10);False;1;2673
;(8, 7);MoveWest;(10, 10);False;1;2674
;(8, 7);MoveWest;(9, 10);False;1;2675
;(8, 7);MoveWest;(9, 10);False;1;2676
;(8, 7);MoveWest;(9, 10);False;1;2677
;(8, 7);MoveWest;(9, 10);False;1;2678
;(8, 7);MoveWest;(9, 10);False;1;2679
;(8, 7);MoveWest;(9, 10);False;1;2680
;(8, 7);MoveWest;(9, 10);False;1;2681
;(8, 7);MoveWest;(9, 10);False;1;2682
;(8, 7);MoveWest;(9, 10);False;1;2683
;(8, 7);MoveWest;(9, 10);False;1;2684
;(8, 7);MoveWest;(9, 10);False;1;2685
;(8, 7);MoveWest;(8, 10);False;1;2686
;(8, 7);;(8, 10);False;1;2687
;(8, 7);MoveWest;(8, 10);False;1;2688
;(8, 7);MoveWest;(8, 10);False;1;2689
;(8, 7);MoveWest;(8, 10);False;1;2690
;(8, 7);MoveWest;(8, 10);False;1;2691
;(8, 7);MoveWest;(8, 10);False;1;2692
;(8, 7);MoveWest;(8, 10);False;1;2693
;(8, 7);MoveWest;(8, 10);False;1;2694
;(8, 7);MoveWest;(8, 10);False;1;2695
;(8, 7);MoveWest;(8, 10);False;1;2696
;(8, 7);MoveWest;(8, 10);False;1;2697
;(8, 7);MoveWest;(7, 10);False;1;2698
;(8, 7);MoveWest;(7, 10);False;1;2699
;(8, 7);MoveWest;(7, 10);False;1;2700
;(8, 7);MoveWest;(7, 10);False;1;2701
;(8, 7);MoveWest;(7, 10);False;1;2702
;(8, 7);MoveWest;(7, 10);False;1;2703
;(8, 7);MoveWest;(7, 10);False;1;2704
;(8, 7);MoveWest;(7, 10);False;1;2705
;(8, 7);MoveWest;(7, 10);False;1;2706
;(8, 7);MoveWest;(7, 10);False;1;2707
;(8, 7);MoveWest;(7, 10);False;1;2708
;(8, 7);MoveWest;(6, 10);False;1;2709
;(8, 7);MoveWest;(6, 10);False;1;2710
;(8, 7);MoveWest;(6, 10);False;1;2711
;(8, 7);MoveWest;(6, 10);False;1;2712
;(8, 7);MoveWest;(6, 10);False;1;2713
;(8, 7);MoveWest;(6, 10);False;1;2714
;(8, 7);MoveWest;(6, 10);False;1;2715
;(8, 7);MoveWest;(6, 10);False;1;2716
;(8, 7);MoveWest;(6, 10);False;1;2717
;(8, 7);MoveWest;(6, 10);False;1;2718
;(8, 7);MoveWest;(6, 10);False;1;2719
;(8, 7);MoveWest;(5, 10);False;1;2720
;(8, 7);MoveNorthWest;(5, 10);False;1;2721
;(8, 7);MoveNorthWest;(5, 10);False;1;2722
;(8, 7);MoveNorthWest;(5, 10);False;1;2723
;(8, 7);MoveNorthWest;(5, 10);False;1;2724
;(8, 7);MoveNorthWest;(5, 10);False;1;2725
;(8, 7);MoveNorthWest;(5, 10);False;1;2726
;(8, 7);MoveNorthWest;(5, 10);False;1;2727
;(8, 7);MoveNorthWest;(5, 10);False;1;2728
;(8, 7);MoveNorthWest;(5, 10);False;1;2729
;(8, 7);MoveNorthWest;(5, 10);False;1;2730
;(8, 7);MoveNorthWest;(4, 9);False;1;2731
;(8, 7);MoveWest;(4, 9);False;1;2732
;(8, 7);MoveWest;(4, 9);False;1;2733
;(8, 7);MoveWest;(4, 9);False;1;2734
;(8, 7);MoveWest;(4, 9);False;1;2735
;(8, 7);MoveWest;(4, 9);False;1;2736
;(8, 7);MoveWest;(4, 9);False;1;2737
;(8, 7);MoveWest;(4, 9);False;1;2738
;(8, 7);MoveWest;(4, 9);False;1;2739
;(8, 7);MoveWest;(4, 9);False;1;2740
;(8, 7);MoveWest;(4, 9);False;1;2741
;(8, 7);MoveWest;(3, 9);False;1;2742
;(8, 7);MoveNorthWest;(3, 9);False;1;2743
;(8, 7);MoveNorthWest;(3, 9);False;1;2744
;(8, 7);MoveNorthWest;(3, 9);False;1;2745
;(8, 7);MoveNorthWest;(3, 9);False;1;2746
;(8, 7);MoveNorthWest;(3, 9);False;1;2747
;(8, 7);MoveNorthWest;(3, 9);False;1;2748
;(8, 7);MoveNorthWest;(3, 9);False;1;2749
;(8, 7);MoveNorthWest;(3, 9);False;1;2750
;(8, 7);MoveNorthWest;(3, 9);False;1;2751
;(8, 7);MoveNorthWest;(3, 9);False;1;2752
;(8, 7);MoveNorthWest;(2, 8);False;1;2753
;(8, 7);MoveWest;(2, 8);False;1;2754
;(8, 7);MoveWest;(2, 8);False;1;2755
;(8, 7);MoveWest;(2, 8);False;1;2756
;(8, 7);MoveWest;(2, 8);False;1;2757
;(8, 7);MoveWest;(2, 8);False;1;2758
;(8, 7);MoveWest;(2, 8);False;1;2759
;(8, 7);MoveWest;(2, 8);False;1;2760
;(8, 7);MoveWest;(2, 8);False;1;2761
;(8, 7);MoveWest;(2, 8);False;1;2762
;(8, 7);MoveWest;(2, 8);False;1;2763
;(8, 7);MoveWest;(1, 8);False;1;2764
;(8, 7);DropLargeObject;(1, 8);False;1;2765
;(8, 7);DropLargeObject;(1, 8);False;1;2766
;(8, 7);DropLargeObject;(1, 8);False;1;2767
;(8, 7);DropLargeObject;(1, 8);False;1;2768
;(8, 7);DropLargeObject;(1, 8);False;1;2769
;(8, 7);DropLargeObject;(1, 8);False;1;2770
;(8, 7);DropLargeObject;(1, 8);False;1;2771
;(8, 7);DropLargeObject;(1, 8);False;1;2772
;(8, 7);DropLargeObject;(1, 8);False;1;2773
;(8, 7);DropLargeObject;(1, 8);False;1;2774
;(8, 7);DropLargeObject;(1, 8);False;1;2775
;(8, 7);;(1, 8);False;1;2776
;(8, 7);MoveEast;(1, 8);False;1;2777
;(8, 7);MoveEast;(1, 8);False;1;2778
;(8, 7);MoveEast;(1, 8);False;1;2779
;(8, 7);MoveEast;(1, 8);False;1;2780
;(8, 7);MoveEast;(1, 8);False;1;2781
;(8, 7);MoveEast;(1, 8);False;1;2782
;(8, 7);MoveEast;(1, 8);False;1;2783
;(8, 7);MoveEast;(1, 8);False;1;2784
;(8, 7);MoveEast;(1, 8);False;1;2785
;(8, 7);MoveEast;(1, 8);False;1;2786
;(8, 7);MoveEast;(2, 8);False;1;2787
;(8, 7);MoveEast;(2, 8);False;1;2788
;(8, 7);MoveEast;(2, 8);False;1;2789
;(8, 7);MoveEast;(2, 8);False;1;2790
;(8, 7);MoveEast;(2, 8);False;1;2791
;(8, 7);MoveEast;(2, 8);False;1;2792
;(8, 7);MoveEast;(2, 8);False;1;2793
;(8, 7);MoveEast;(2, 8);False;1;2794
;(8, 7);MoveEast;(2, 8);False;1;2795
;(8, 7);MoveEast;(2, 8);False;1;2796
;(8, 7);MoveEast;(2, 8);False;1;2797
;(8, 7);MoveEast;(3, 8);False;1;2798
;(8, 7);MoveEast;(3, 8);False;1;2799
;(8, 7);MoveEast;(3, 8);False;1;2800
;(8, 7);MoveEast;(3, 8);False;1;2801
;(8, 7);MoveEast;(3, 8);False;1;2802
;(8, 7);MoveEast;(3, 8);False;1;2803
;(8, 7);MoveEast;(3, 8);False;1;2804
;(8, 7);MoveEast;(3, 8);False;1;2805
;(8, 7);MoveEast;(3, 8);False;1;2806
;(8, 7);MoveEast;(3, 8);False;1;2807
;(8, 7);MoveEast;(3, 8);False;1;2808
;(8, 7);MoveEast;(4, 8);False;1;2809
;(8, 7);MoveEast;(4, 8);False;1;2810
;(8, 7);MoveEast;(4, 8);False;1;2811
;(8, 7);MoveEast;(4, 8);False;1;2812
;(8, 7);MoveEast;(4, 8);False;1;2813
;(8, 7);MoveEast;(4, 8);False;1;2814
;(8, 7);MoveEast;(4, 8);False;1;2815
;(8, 7);MoveEast;(4, 8);False;1;2816
;(8, 7);MoveEast;(4, 8);False;1;2817
;(8, 7);MoveEast;(4, 8);False;1;2818
;(8, 7);MoveEast;(4, 8);False;1;2819
;(8, 7);MoveEast;(5, 8);False;1;2820
;(8, 7);MoveEast;(5, 8);False;1;2821
;(8, 7);MoveEast;(5, 8);False;1;2822
;(8, 7);MoveEast;(5, 8);False;1;2823
;(8, 7);MoveEast;(5, 8);False;1;2824
;(8, 7);MoveEast;(5, 8);False;1;2825
;(8, 7);MoveEast;(5, 8);False;1;2826
;(8, 7);MoveEast;(5, 8);False;1;2827
;(8, 7);MoveEast;(5, 8);False;1;2828
;(8, 7);MoveEast;(5, 8);False;1;2829
;(8, 7);MoveEast;(5, 8);False;1;2830
;(8, 7);MoveEast;(6, 8);False;1;2831
;(8, 7);MoveEast;(6, 8);False;1;2832
;(8, 7);MoveEast;(6, 8);False;1;2833
;(8, 7);MoveEast;(6, 8);False;1;2834
;(8, 7);MoveEast;(6, 8);False;1;2835
;(8, 7);MoveEast;(6, 8);False;1;2836
;(8, 7);MoveEast;(6, 8);False;1;2837
;(8, 7);MoveEast;(6, 8);False;1;2838
;(8, 7);MoveEast;(6, 8);False;1;2839
;(8, 7);MoveEast;(6, 8);False;1;2840
;(8, 7);MoveEast;(6, 8);False;1;2841
;(8, 7);MoveEast;(7, 8);False;1;2842
;(8, 7);MoveEast;(7, 8);False;1;2843
;(8, 7);MoveEast;(7, 8);False;1;2844
;(8, 7);MoveEast;(7, 8);False;1;2845
;(8, 7);MoveEast;(7, 8);False;1;2846
;(8, 7);MoveEast;(7, 8);False;1;2847
;(8, 7);MoveEast;(7, 8);False;1;2848
;(8, 7);MoveEast;(7, 8);False;1;2849
;(8, 7);MoveEast;(7, 8);False;1;2850
;(8, 7);MoveEast;(7, 8);False;1;2851
;(8, 7);MoveEast;(7, 8);False;1;2852
;(8, 7);MoveEast;(8, 8);False;1;2853
;(8, 7);GrabLargeObject;(8, 8);False;1;2854
;(8, 7);GrabLargeObject;(8, 8);False;1;2855
;(8, 7);GrabLargeObject;(8, 8);False;1;2856
;(8, 7);GrabLargeObject;(8, 8);False;1;2857
;(8, 7);GrabLargeObject;(8, 8);False;1;2858
;(8, 7);GrabLargeObject;(8, 8);False;1;2859
;(8, 7);GrabLargeObject;(8, 8);False;1;2860
;(8, 7);GrabLargeObject;(8, 8);False;1;2861
;(8, 7);GrabLargeObject;(8, 8);False;1;2862
;(8, 7);GrabLargeObject;(8, 8);False;1;2863
;(8, 7);GrabLargeObject;(8, 8);False;1;2864
;(8, 7);;(8, 8);False;1;2865
;(8, 7);Idle;(8, 8);False;1;2866
;(8, 7);Idle;(8, 8);False;1;2867
;(8, 7);Idle;(8, 8);False;1;2868
;(8, 7);Idle;(8, 8);False;1;2869
;(8, 7);Idle;(8, 8);False;1;2870
;(8, 7);Idle;(8, 8);False;1;2871
;(8, 7);Idle;(8, 8);False;1;2872
;(8, 7);Idle;(8, 8);False;1;2873
;(8, 7);Idle;(8, 8);False;1;2874
;(8, 7);Idle;(8, 8);False;1;2875
;(8, 7);Idle;(8, 8);False;1;2876
;(8, 7);Idle;(8, 8);False;1;2877
;(8, 7);Idle;(8, 8);False;1;2878
;(8, 7);Idle;(8, 8);False;1;2879
;(8, 7);Idle;(8, 8);False;1;2880
;(8, 7);Idle;(8, 8);False;1;2881
;(8, 7);Idle;(8, 8);False;1;2882
;(8, 7);Idle;(8, 8);False;1;2883
;(8, 7);Idle;(8, 8);False;1;2884
;(8, 7);Idle;(8, 8);False;1;2885
;(8, 7);Idle;(8, 8);False;1;2886
;(8, 7);Idle;(8, 8);False;1;2887
;(8, 7);Idle;(8, 8);False;1;2888
;(8, 7);Idle;(8, 8);False;1;2889
;(8, 7);Idle;(8, 8);False;1;2890
;(8, 7);Idle;(8, 8);False;1;2891
;(8, 7);Idle;(8, 8);False;1;2892
;(8, 7);Idle;(8, 8);False;1;2893
;(8, 7);Idle;(8, 8);False;1;2894
;(8, 7);Idle;(8, 8);False;1;2895
;(8, 7);Idle;(8, 8);False;1;2896
;(8, 7);Idle;(8, 8);False;1;2897
;(8, 7);Idle;(8, 8);False;1;2898
;(8, 7);Idle;(8, 8);False;1;2899
;(8, 7);Idle;(8, 8);False;1;2900
;(8, 7);Idle;(8, 8);False;1;2901
;(8, 7);Idle;(8, 8);False;1;2902
;(8, 7);Idle;(8, 8);False;1;2903
;(8, 7);Idle;(8, 8);False;1;2904
;(8, 7);Idle;(8, 8);False;1;2905
;(8, 7);Idle;(8, 8);False;1;2906
;(8, 7);Idle;(8, 8);False;1;2907
;(8, 7);Idle;(8, 8);False;1;2908
;(8, 7);Idle;(8, 8);False;1;2909
;(8, 7);Idle;(8, 8);False;1;2910
;(8, 7);Idle;(8, 8);False;1;2911
;(8, 7);Idle;(8, 8);False;1;2912
;(8, 7);Idle;(8, 8);False;1;2913
;(8, 7);Idle;(8, 8);False;1;2914
;(8, 7);Idle;(8, 8);False;1;2915
;(8, 7);Idle;(8, 8);False;1;2916
;(8, 7);Idle;(8, 8);False;1;2917
;(8, 7);Idle;(8, 8);False;1;2918
;(8, 7);Idle;(8, 8);False;1;2919
;(8, 7);Idle;(8, 8);False;1;2920
;(8, 7);;(8, 8);False;1;2921
;(8, 7);MoveWest;(8, 8);False;1;2922
;(8, 7);MoveWest;(8, 8);False;1;2923
;(8, 7);MoveWest;(8, 8);False;1;2924
;(8, 7);MoveWest;(8, 8);False;1;2925
;(8, 7);MoveWest;(8, 8);False;1;2926
;(8, 7);MoveWest;(8, 8);False;1;2927
;(8, 7);MoveWest;(8, 8);False;1;2928
;(8, 7);MoveWest;(8, 8);False;1;2929
;(8, 7);MoveWest;(8, 8);False;1;2930
;(8, 7);MoveWest;(8, 8);False;1;2931
;(8, 7);MoveWest;(7, 8);False;1;2932
;(8, 7);MoveWest;(7, 8);False;1;2933
;(8, 7);MoveWest;(7, 8);False;1;2934
;(8, 7);MoveWest;(7, 8);False;1;2935
;(8, 7);MoveWest;(7, 8);False;1;2936
;(8, 7);MoveWest;(7, 8);False;1;2937
;(8, 7);MoveWest;(7, 8);False;1;2938
;(8, 7);MoveWest;(7, 8);False;1;2939
;(8, 7);MoveWest;(7, 8);False;1;2940
;(8, 7);MoveWest;(7, 8);False;1;2941
;(8, 7);MoveWest;(7, 8);False;1;2942
;(8, 7);MoveWest;(6, 8);False;1;2943
;(8, 7);MoveWest;(6, 8);False;1;2944
;(8, 7);MoveWest;(6, 8);False;1;2945
;(8, 7);MoveWest;(6, 8);False;1;2946
;(8, 7);MoveWest;(6, 8);False;1;2947
;(8, 7);MoveWest;(6, 8);False;1;2948
;(8, 7);MoveWest;(6, 8);False;1;2949
;(8, 7);MoveWest;(6, 8);False;1;2950
;(8, 7);MoveWest;(6, 8);False;1;2951
;(8, 7);MoveWest;(6, 8);False;1;2952
;(8, 7);MoveWest;(6, 8);False;1;2953
;(8, 7);MoveWest;(5, 8);False;1;2954
;(8, 7);MoveWest;(5, 8);False;1;2955
;(8, 7);MoveWest;(5, 8);False;1;2956
;(8, 7);MoveWest;(5, 8);False;1;2957
;(8, 7);MoveWest;(5, 8);False;1;2958
;(8, 7);MoveWest;(5, 8);False;1;2959
;(8, 7);MoveWest;(5, 8);False;1;2960
;(8, 7);MoveWest;(5, 8);False;1;2961
;(8, 7);MoveWest;(5, 8);False;1;2962
;(8, 7);MoveWest;(5, 8);False;1;2963
;(8, 7);MoveWest;(5, 8);False;1;2964
;(8, 7);MoveWest;(4, 8);False;1;2965
;(8, 7);MoveNorthWest;(4, 8);False;1;2966
;(8, 7);MoveNorthWest;(4, 8);False;1;2967
;(8, 7);MoveNorthWest;(4, 8);False;1;2968
;(8, 7);MoveNorthWest;(4, 8);False;1;2969
;(8, 7);MoveNorthWest;(4, 8);False;1;2970
;(8, 7);MoveNorthWest;(4, 8);False;1;2971
;(8, 7);MoveNorthWest;(4, 8);False;1;2972
;(8, 7);MoveNorthWest;(4, 8);False;1;2973
;(8, 7);MoveNorthWest;(4, 8);False;1;2974
;(8, 7);MoveNorthWest;(4, 8);False;1;2975
;(8, 7);MoveNorthWest;(3, 7);False;1;2976
;(8, 7);MoveWest;(3, 7);False;1;2977
;(8, 7);MoveWest;(3, 7);False;1;2978
;(8, 7);MoveWest;(3, 7);False;1;2979
;(8, 7);MoveWest;(3, 7);False;1;2980
;(8, 7);MoveWest;(3, 7);False;1;2981
;(8, 7);MoveWest;(3, 7);False;1;2982
;(8, 7);MoveWest;(3, 7);False;1;2983
;(8, 7);MoveWest;(3, 7);False;1;2984
;(8, 7);MoveWest;(3, 7);False;1;2985
;(8, 7);MoveWest;(3, 7);False;1;2986
;(8, 7);MoveWest;(2, 7);False;1;2987
;(8, 7);MoveNorthWest;(2, 7);False;1;2988
;(8, 7);MoveNorthWest;(2, 7);False;1;2989
;(8, 7);MoveNorthWest;(2, 7);False;1;2990
;(8, 7);MoveNorthWest;(2, 7);False;1;2991
;(8, 7);MoveNorthWest;(2, 7);False;1;2992
;(8, 7);MoveNorthWest;(2, 7);False;1;2993
;(8, 7);MoveNorthWest;(2, 7);False;1;2994
;(8, 7);MoveNorthWest;(2, 7);False;1;2995
;(8, 7);MoveNorthWest;(2, 7);False;1;2996
;(8, 7);MoveNorthWest;(2, 7);False;1;2997
;(8, 7);MoveNorthWest;(1, 6);False;1;2998
;(8, 7);MoveWest;(1, 6);False;1;2999
;(8, 7);MoveWest;(1, 6);False;1;3000
;(8, 7);MoveWest;(1, 6);False;1;3001
;(8, 7);MoveWest;(1, 6);False;1;3002
;(8, 7);MoveWest;(1, 6);False;1;3003
;(8, 7);MoveWest;(1, 6);False;1;3004
;(8, 7);MoveWest;(1, 6);False;1;3005
;(8, 7);MoveWest;(1, 6);False;1;3006
;(8, 7);MoveWest;(1, 6);False;1;3007
;(8, 7);MoveWest;(1, 6);False;1;3008
;(8, 7);MoveWest;(0, 6);False;1;3009
;(8, 7);;(0, 6);False;1;3010
;(8, 7);;(0, 6);False;1;3011
;(8, 7);;(0, 6);False;1;3012
;(8, 7);;(0, 6);False;1;3013
;(8, 7);;(0, 6);False;1;3014
;(8, 7);;(0, 6);False;1;3015
;(8, 7);;(0, 6);False;1;3016
;(8, 7);;(0, 6);False;1;3017
;(8, 7);;(0, 6);False;1;3018
;(8, 7);;(0, 6);False;1;3019
